uploader_name,uploader_mid,uploader_pic,type_id,type_name,link,bvid,title,description,pic,view_count,danmaku_count,favorites_count,tag,review_count,send_date,duration,like_count,pub_seconds_ago
三胖与奥斯卡,441859172,https://i2.hdslb.com/bfs/face/79b6262fd690ad7c7c613db7c3cb088ce313e80d.jpg,252,仿妆cos,http://www.bilibili.com/video/av114266766054918,BV1WHfNYgEg8,一个蛋仔引发的事故,-,//i1.hdslb.com/bfs/archive/593d99e72c8df2ecf9106dcdfce7383540dc4755.jpg,1983817,5,3208,"娱乐,小仙女,生活记录",6,1743572570,185,1154,7938746
小小的小兔团儿,27897180,https://i0.hdslb.com/bfs/face/d48c3277c857e63638d69f92dc1c5e97536ffac3.jpg,158,穿搭,http://www.bilibili.com/video/av113414114578598,BV1aRS6YAE6i,挑战！当148cm的我cos小藿藿去最热闹的商业街！！！差点被小姐姐们亲死555幸福！,-,//i1.hdslb.com/bfs/archive/8078a17d112a6d3a330bed3faef42c208af8df71.jpg,2776764,3369,40307,"COSPLAY,COS,二次元,可爱,日常,小个子,vlog,星穹铁道,崩坏：星穹铁道创作者激励计划,藿藿,崩坏星穹铁道2.6创作者激励计划",945,1730658424,97,76489,20852892
朵朵花林,297344797,https://i1.hdslb.com/bfs/face/4eb6bc8ae49e3e8fa3e23b820a89d42dbbbe84a7.jpg,158,穿搭,http://www.bilibili.com/video/av292410332,BV1Uf4y137yN,1920-2020 百年变迁，我眼中的中国女性真实之美。,"拍摄用了三天时间，感受这100年不同时期的生活状态。虽然没有切身的真实体会，但精神上也可以产生共鸣。
我所处的今天，是历史里每一个”她”所期待的明天。心里有了感恩。",//i0.hdslb.com/bfs/archive/81413c24f00c0f345a1b7feef14e3426a967027a.jpg,14125818,32461,460070,"女性,服饰,妆容,百年之美,流行,文化,历史,中国",15011,1680275364,248,1362177,71235952
小小的小兔团儿,27897180,https://i0.hdslb.com/bfs/face/d48c3277c857e63638d69f92dc1c5e97536ffac3.jpg,158,穿搭,http://www.bilibili.com/video/av1353029543,BV1Lz421C7ZY,当148cm的我，为了还原带着锤子扳手去漫展，会发生什么？？？,"555去漫展差点吓死我了 好多保安围过来看箱子 但是最后保安大叔们商量了一下没有没收！人都超好的 
这次cos的是绝区零小小社长珂蕾妲 道具特别特别大两只！！！拿起来超帅！！！就是时间长了像举铁一样 当社长真是不容易啊qwq",//i2.hdslb.com/bfs/archive/7dc47e38a77cc3654691984538738b1b5478f53e.jpg,6130939,967,50300,"COSPLAY,COS,游戏,二次元,可爱,漫展,小个子,绝区零,珂蕾妲,绝区零喧响测试",529,1713497059,129,75804,38014257
外星嫣子,470833713,https://i0.hdslb.com/bfs/face/301507c7af7669c5f6e4f735f65b946bb568fc0e.jpg,252,仿妆cos,http://www.bilibili.com/video/av114771206737670,BV15qgkzsEXo,⚡️ 艾莉同学奖励你的手段罢了 ⚡️,摄影：大蘇,//i1.hdslb.com/bfs/archive/e69a92d7d4b7bc4b5b950b31e834c5103160518b.jpg,100316,36,18943,"艾莉莎,cos,不时轻声地以俄语遮羞的邻座艾莉同学,灵魂COS大赏",294,1751335907,66,27961,175409
吖是草莓啊,514157184,https://i0.hdslb.com/bfs/face/5add62b1635cedb8cd1f614fe8c6e000523243c8.jpg,157,美妆护肤,http://www.bilibili.com/video/av114771709926369,BV1CHgkzeEvK,【吖是草莓啊】痛失宝藏发色｜还是要出个亚裔妆教的,-,//i2.hdslb.com/bfs/archive/98496169c81e48917e0a58bb275753657a7c6f05.jpg,9253,12,122,"化妆,美妆,亚裔,美妆教程,妆教,美妆博主,发色,普通人变美指南,525夏日企划《我要我就这样》",25,1751278111,232,502,233205
宝剑嫂,113362335,https://i0.hdslb.com/bfs/face/93f3d5d1085357565a4c2e4ac151104ac3d783ac.jpg,157,美妆护肤,http://www.bilibili.com/video/av720447697,BV13Q4y1r7Z5,告诉男朋友，我全身都是假的…会发生什么？,好久不见的美妆视频！！想努力让美妆视频有趣一点，如果喜欢就多多一键三连给我一点支持吧！点赞6w，带胖哥穿上假肌肉，我穿上假臀去健身！,//i0.hdslb.com/bfs/archive/b94310291bb106ef29e03de24bab2b48dc9a5a21.jpg,5806621,14368,15745,"我今天真好看,时尚,分享,日常,搞笑,情感,情侣,服饰,恶搞,整蛊",3604,1631435597,482,465001,120075719
小小的小兔团儿,27897180,https://i0.hdslb.com/bfs/face/d48c3277c857e63638d69f92dc1c5e97536ffac3.jpg,158,穿搭,http://www.bilibili.com/video/av1706609840,BV1KT421z7si,当148cm的我cos不穿鞋的角色去漫展，会发生什么？,这次去cpgz收获满满～在腾讯游戏展区喝到了免费diy凉茶，还收到一大堆无料，最喜欢的就是那个铁饭碗，超帅180摊主小哥还亲自给我贴降温贴！！这次从活动到售后，鹅厂全包了，服务可太好了～,//i2.hdslb.com/bfs/archive/93a4eded0ae99c8acac3c0bf728eb6e0207d60da.jpg,7332955,477,41503,"COSPLAY,COS,二次元,可爱,漫展,腾讯游戏,穿搭,服务型人格,换季穿好看,cpgz06,觉醒吧我的中式DNA",220,1724733285,130,30798,26778031
小小的小兔团儿,27897180,https://i0.hdslb.com/bfs/face/d48c3277c857e63638d69f92dc1c5e97536ffac3.jpg,158,穿搭,http://www.bilibili.com/video/av1153240587,BV1iZ421Y7vj,当148cm的我带着cos服去旅游 会发生什么？？？,"芙芙真的太适合方圆脸cos了！！！而且这身一点也不显黑！ 但是显腿短。。。算了这个主要怪我
去这趟珠海长隆跟去漫展似的 一路上被好多人认出来是芙芙 还有好多小盆友在旁边喊“原神启动！”原神不愧是你",//i1.hdslb.com/bfs/archive/fba67c7bd9c92bbbfc8a9c5772e89527d278396b.jpg,1725112,813,27340,"COS,二次元,日常,小个子,服饰,水神,原神,原神UP主激励计划,芙宁娜",637,1713090698,139,119268,38420618
朵朵花林,297344797,https://i1.hdslb.com/bfs/face/4eb6bc8ae49e3e8fa3e23b820a89d42dbbbe84a7.jpg,159,时尚潮流,http://www.bilibili.com/video/av696760524,BV1qm4y1r7BB,『从头看她』1920-2020，中国女性发型的百年变迁,从头看这百年的变化。,//i1.hdslb.com/bfs/archive/504786e8586b8526f458561cca4fba4db28b0e62.jpg,14721769,19827,457212,"中国,百年变迁,女性,发型,服饰,美妆",13624,1680251098,235,1620502,71260218
金可鱼,588753764,https://i2.hdslb.com/bfs/face/5273b00710f6abf2ea7b7603ed6539f40cbfc781.jpg,158,穿搭,http://www.bilibili.com/video/av114546240919323,BV1fAJ6z3En1,女生心目的男生穿搭2.0,-,//i0.hdslb.com/bfs/archive/8ec8ce5be3ae8f51e2fe9862bfeb5aec9621abc1.jpg,437022,100,7347,"穿搭,整活",372,1747924117,121,17803,3587199
养乌龙猫的欠欠,3306866,https://i2.hdslb.com/bfs/face/2cd5ad6ab0c61eeba3fd250725c7f14c4ff8d435.jpg,252,仿妆cos,http://www.bilibili.com/video/av114760351750747,BV1GjK2zSEZF,禁锢的牢笼……开启,"就是说…… 浅更

摄影@三肥两瘦帽帽子MoMor",//i2.hdslb.com/bfs/archive/a6ddb1ee812f271df05b099d214ad5955e7b78ae.jpg,20818,19,986,"美女,直播,服饰,Lolita,Cosplay",105,1751132641,58,2213,378675
知名发型师可乐店长,12439912,https://i1.hdslb.com/bfs/face/1968c1f88bfb18819f0955e61a2ab9f9a9cc7e92.jpg,157,美妆护肤,http://www.bilibili.com/video/av1203367095,BV1AF4m1P7Rh,帮女朋友或闺蜜挑个发型吧！告诉她是2024最好看的发型，拿走不谢哈哈哈,搞笑换发型，论发型的重要性,//i0.hdslb.com/bfs/archive/126d46746f6cc677fba959e6e86613446bd6596e.jpg,3782717,3064,20562,"搞笑,发型,女朋友,短发,闺蜜,小姐姐,搞笑日常,搞笑发型视频",1217,1713526534,183,204125,37984782
颠点儿_,68327143,https://i1.hdslb.com/bfs/face/c5ad94b8eabfa5650437083e1b2b2bc3d2383f85.jpg,158,穿搭,http://www.bilibili.com/video/av1451820957,BV18i421R7Rs,这反差…都是哥应得的！我的爆改日记,黑历史大合集…我哭,//i0.hdslb.com/bfs/archive/88343968bdb69d28d9e7716a583ef7aa750492fa.jpg,2394350,967,28026,"日常,发型,逆袭,分享,爆改,反差,护肤,穿搭,普通人逆袭",2398,1710577100,261,112517,40934216
夏洛特抓拍公主,3546561705413380,https://i1.hdslb.com/bfs/face/4a8f43ddf1c26abc63a5fc8a7063c50e4391f3df.jpg,159,时尚潮流,http://www.bilibili.com/video/av1256304344,BV1mE4m1R79t,她啊 留洋时追她的人排到校门口的那位东方名伶,-,//i1.hdslb.com/bfs/archive/566b2dd4ab23eb86e1bb7ab2dfb407d406f8be36.jpg,1559057,476,26766,"东方,舞蹈,自信,气质,路人视角,女性力量,创作灵感,人生照片,夏洛特抓拍公主,生活万花筒13.0——让生活，动起来,人生只是活这一个瞬间",1179,1723005699,120,174799,28505617
小小的小兔团儿,27897180,https://i0.hdslb.com/bfs/face/d48c3277c857e63638d69f92dc1c5e97536ffac3.jpg,158,穿搭,http://www.bilibili.com/video/av955044721,BV11W4y1S7tG,谁懂啊！！！148cm的我约了个净身高183的cos委托小姐姐陪我过生日！！！回头率也太高了,-,//i0.hdslb.com/bfs/archive/8aa442e4da72283390e6ae59c0b499c349b73665.jpg,4490967,1854,37759,"COSPLAY,COS,二次元,可爱,海底捞,小个子,过生日,光与夜之恋,cos委托,2023毕业季,夏日出游相册",5924,1687308916,129,378040,64202400
山城小栗旬的理发日记,1869712375,https://i1.hdslb.com/bfs/face/21a7acb06d7ecbd35d27213f87ea6749f9fd18e0.jpg,157,美妆护肤,http://www.bilibili.com/video/av850974333,BV1wL4y1x7DG,山城小栗旬和川渝菅田将晖（永琪）的理发日记。,-,//i1.hdslb.com/bfs/archive/b2a0cc5d6f946730539d28aa624247a31692650a.jpg,6009278,42031,20658,"颜值逆袭挑战,搞笑,时尚,发型",6689,1675509503,402,386612,76001813
云边小太阳,411225049,https://i1.hdslb.com/bfs/face/d9e2a995500690bec507642b2452c0e4d60d377c.jpg,159,时尚潮流,http://www.bilibili.com/video/av926290744,BV1AT4y1E7Ga,【一半男人一半女人】鬼才设计高缇耶：艺术从来都是雌雄同体的~,"1、BGM：Sam Tinnesz - Play With Fire
也可以进我网易歌单中找：云边小太阳BGM
2、标题、视频内容等都是个人想法，个人观点绝不上升到其他人！大家观点、审美不同很正常但请尊重勿恶意批判哈~
3、因考虑清晰度原因，选的都是近几年的秀哈，素材均来源于品牌官方或时尚官方号的公开视频～
太久没剪视频，我感觉我已经不知道在剪什么了，请见谅。
4、新封面来自高缇耶2011秋冬高定",//i1.hdslb.com/bfs/archive/9c487c3402ff90b49d58033586c6b0bfdd530c61.jpg,8550948,7169,269448,"时装周,高级定制,秀场,时尚,女神,Play With Fire,红裙,Jessica Stam,Eugenia Volodina,Frida Gustavsson,jean paul gaultier",2677,1666247562,178,371955,85263760
倩婷miki,548873774,https://i2.hdslb.com/bfs/face/27e7c6b1758e967483032fad077f4357857f6d19.jpg,158,穿搭,http://www.bilibili.com/video/av114771475110360,BV1MGgkzrEG3,脚尖透明 超薄超丝滑的0D丝袜 谁能不爱？？,,//i0.hdslb.com/bfs/archive/f10fb3fb4278c1584fe595750c0a21be1f49cf06.jpg,8308,2,380,"丝袜,性感,美腿,袜子,高跟鞋,连裤袜,美脚,穿搭,超薄丝袜,今日出门怎么穿,525夏日企划《我要我就这样》",15,1751274011,57,600,237311
Borusushi狩司司,3493140224805325,https://i1.hdslb.com/bfs/face/786897c214f559862a5b6f33a63a2d85025b2286.jpg,252,仿妆cos,http://www.bilibili.com/video/av114774377500566,BV18DgyzpEWi,亲爱的，羡慕姐的身材不,夏天啦！,//i0.hdslb.com/bfs/archive/1c663951b753a6f73c50114042e1c8d1e84c24d9.jpg,23027,7,3997,"二次元,泳装,夏日,泳池,cos,碧蓝航线,柴郡,突破次元壁大作战,当时髦精闯进痛圈",134,1751358076,17,5510,153246
你的仙贝儿,590668311,https://i0.hdslb.com/bfs/face/2e390dfc6f6a493c7fbb85e4a8503132d15063ac.jpg,158,穿搭,http://www.bilibili.com/video/av114754714602419,BV1ZhKBzTEMY,最近超火的背心超短裤穿搭，凸显完美身材！,-,//i0.hdslb.com/bfs/archive/31786daedbe91c4757ade096294d5d1f8415bdb7.jpg,35149,21,4726,"女装,性感,身材,背心,完美身材,服饰,女人味,穿搭,穿搭技巧,普通人变美指南,525夏日企划《我要我就这样》",64,1751200621,120,1693,310701
萌德-,24979808,https://i2.hdslb.com/bfs/face/03a165cde180d82ca39b691ae8bc1857cdd9ac56.jpg,159,时尚潮流,http://www.bilibili.com/video/av799784788,BV1Yy4y1h7kN,黑人模特的比例有多逆天？,"一些黑人模特的走秀合集，她们的腿都太好看了
BGM:《What Do You Mean》Justin Bieber",//i2.hdslb.com/bfs/archive/d5f77f3144f4f68080f4d7430a83a0b2de2abe2b.jpg,6875563,5537,96292,"时装周,秀场,服饰,欧美女模,FASHION,高级定制,模特,走秀,打卡挑战,时尚",0,1645002643,169,235231,106508679
陈子蜜,87992158,https://i1.hdslb.com/bfs/face/6b9578076e1fa8719ff8fdc7915fce09ce209912.jpg,158,穿搭,http://www.bilibili.com/video/av114776155889502,BV1kegUzSE2a,一些设计感拉满的衣裳,-,//i1.hdslb.com/bfs/archive/7f567cee3a9e24e3d49144efd73fb1383455cb9e.jpg,27161,3,2012,"女装,日常,设计,分享,服饰,设计感,穿搭,日常穿搭,解锁夏日时髦vibe,525夏日企划《我要我就这样》",70,1751345413,67,3548,165909
伊喵_Master,9161587,https://i1.hdslb.com/bfs/face/36ae61403eba78a21e9470afc0a3d04bf679a96f.jpg,252,仿妆cos,http://www.bilibili.com/video/av114495238181992,BV18U79zcEXf,好爽的舞！看完浑身痛,-,//i2.hdslb.com/bfs/archive/2a7ce468115471fcb0d97320f1b4e4d5bb12b700.jpg,212661,690,15571,"热舞,小姐姐,轻舞蹈竖屏激励计划,舞蹈现场招募计划",145,1747240135,21,21519,4271187
_糖小V_,2851020,https://i0.hdslb.com/bfs/face/ee13d15eda480e461547d1c54a5d4219ed870a43.jpg,252,仿妆cos,http://www.bilibili.com/video/av114743171942400,BV1GKKJzkEho,赛车服才是本天才的完全形态！【少前2奇塔】,-摄影@摄影z叔,//i0.hdslb.com/bfs/archive/ed913da0cbe0a3ad56ecac05724083525376d8b6.jpg,62968,19,8491,"Cosplay,少女前线2：追放,#少女前线2追放,#奇塔",141,1751114859,74,8211,396463
尸菌菌qwq,17367640,https://i1.hdslb.com/bfs/face/4ff02061404c70580297887812ba407e982a9e1e.jpg,252,仿妆cos,http://www.bilibili.com/video/av114754731379938,BV1ZbKBzBEE8,不要惹毛我，不然我就会变的毛绒绒！,-,//i0.hdslb.com/bfs/archive/20010a2d01e3983685c7c4634c23c5ab00937709.jpg,359140,139,28738,"二次元,可爱,双马尾,手办,毛绒绒,穿搭,尸菌菌qwq,二次元副本挑战者,二次元副本大作战3.0",291,1751061256,31,63028,450066
小饱littleky,1567041369,https://i0.hdslb.com/bfs/face/87c8421a5f32c7800b3cf92e5f0763c9c37b1031.jpg,252,仿妆cos,http://www.bilibili.com/video/av114777028369544,BV1KhgDzhExe,越漂亮的女人越有毒｜坎特蕾拉cos,-,//i0.hdslb.com/bfs/archive/1147a77e8c514357801429a529252223862e2d86.jpg,41587,7,8874,"二次元,坎特蕾拉,小姐姐,cos,Cosplay,鸣潮创作激励计划,鸣潮2.4版本创作激励计划",86,1751358776,12,16124,152546
花兮_honoka,91136837,https://i2.hdslb.com/bfs/face/cc436f1c2f0e258e050e4c6a880e14895817f1e4.jpg,252,仿妆cos,http://www.bilibili.com/video/av114765754008749,BV13XgZzbEh5,今年夏天，你的西瓜都由我承包啦,"又到了玩水的季节，泳装第一part参上
克洛伊：@弥音音ww
妮娜：@咕噜宝TAKA
燕翼：@花兮_honoka",//i1.hdslb.com/bfs/archive/820652770a1dfe2623fe60b334ac9db2aea731de.jpg,84780,9,7155,"二次元,泳装,Cosplay,永恒轮回,永恒轮回逐浪赛季",165,1751230921,54,10303,280401
瑾曦曦曦_,12503169,https://i0.hdslb.com/bfs/face/4c65e2f8630c8e5238c0eff82b812456013ce800.jpg,252,仿妆cos,http://www.bilibili.com/video/av114777229695424,BV1LGgDzCEsa,谁家的爵士豪猫？,-,//i1.hdslb.com/bfs/archive/1672becfed033e52d25ca7c163ac840087bdaa92.jpg,24522,4,5017,"Cosplay,Cos,崩坏：星穹铁道创作者激励计划,赛飞儿,崩坏星穹铁道3.3创作者激励计划",54,1751412482,12,8648,98840
妤丸呐,23362672,https://i1.hdslb.com/bfs/face/f570fbbbf0298cc3a48eabcb37309a62e25541ce.jpg,158,穿搭,http://www.bilibili.com/video/av114773102435024,BV1HKgCzeEzX,熟悉的感觉回来了,-,//i2.hdslb.com/bfs/archive/191667053eb92cb0df4a684e68aee3f71fcf8018.jpg,16038,1,945,"美女,服饰,穿搭",41,1751298974,8,1772,212348
Niki又困了,5012400,https://i0.hdslb.com/bfs/face/646d18e3f7a376ac77f59b511536801329601b31.jpg,252,仿妆cos,http://www.bilibili.com/video/av114760351747052,BV13jK2zSEma,带错鞋了，鞋带长的一次能穿十分钟…,-,//i2.hdslb.com/bfs/archive/72a15940636adb58e9e5a4ccd4925d9cf28874a9.jpg,69229,3,4905,"泳装,cos,cosplay,明日方舟,史尔特尔,夏卉,明日方舟创作者应援计划,明日方舟UP主应援计划 – 红丝绒",54,1751104421,11,7769,406901
不和兔子赛跑的乌龟,577558275,https://i0.hdslb.com/bfs/face/86eb7e74639f8e14b97d29625cb91aa1cf7a0a4b.jpg,252,仿妆cos,http://www.bilibili.com/video/av114470206577532,BV1Bi5AzxEPJ,一个高强度治愈系视频 收藏难过的时候看,-,//i1.hdslb.com/bfs/archive/cb925493a913859c722a1652de6023366aaf52e3.jpg,669129,753,56448,"治愈,治愈系,主播,放松,助眠",2550,1747040509,159,131046,4470813
BettySays,6302909,https://i2.hdslb.com/bfs/face/be3038fd66751b70ee9f1d7f26c91269e5523007.jpg,159,时尚潮流,http://www.bilibili.com/video/av114199002875037,BV1D6XrY3Esg,【买精不买多】轻松穿出贵气又聪明的穿搭风！必看！高智感风穿搭窍门！穿出职场干练态度！BettySays,你相信吗？ 有一种穿衣风格，不仅显贵，还能潜移默化给人留下干练有头脑的印象。 而且，从20岁，穿到80岁，都不过时！这期视频我就教你熟练掌握，显贵不挑人，还经久不衰的时髦——高智风！,//i1.hdslb.com/bfs/archive/0a7616fa330928ac50bcc087dc9cfbb35c16af93.jpg,567965,443,16747,"女装,职场,时尚,服饰,流行趋势,穿搭,穿搭技巧,贵气,BettySays",340,1742565473,376,25404,8945849
打铁张师傅,345931577,https://i2.hdslb.com/bfs/face/2346efce89bda48e6e78a87508ce4773253c5824.jpg,158,穿搭,http://www.bilibili.com/video/av114608350175030,BV1j97rzuEGV,打开的那一刻....我靠！！！！！！,,//i2.hdslb.com/bfs/archive/4601650da91c84c28e65626700a7e9b644e0372f.jpg,235943,478,3017,"科普,宝石,珠宝,服饰,珠宝首饰,彩色宝石,欧泊,珠宝知识,宝石科普,欧泊科普",220,1748941932,383,5603,2569390
小桑菜奈,31438993,https://i1.hdslb.com/bfs/face/e40b35b61a699707d1d00ce1e4576e8093ee0c0e.jpg,158,穿搭,http://www.bilibili.com/video/av114319010305044,BV1HEdUYnEGA,商家应该允许退货退款的人发买家秀！！！,我将贷款起诉所有女装商家！！,//i0.hdslb.com/bfs/archive/1b872d0834bc98af2db6c3978714edf520a6c69b.jpg,1847099,1604,47358,"踩雷,女装,淘宝,衣服,开箱,服饰,穿搭,购物分享,商家,今日出门怎么穿,东方新中式图鉴",521,1744595448,496,16685,6915874
阿凉lio,94216803,https://i0.hdslb.com/bfs/face/f0ee7a215bfa73463b9394be0a56e4b0a2c0be60.jpg,252,仿妆cos,http://www.bilibili.com/video/av114776306878098,BV1cdgmz2Ewu,最难过审的一集,"29号长隆
coser:修修猫",//i0.hdslb.com/bfs/archive/654292613cb58a040e8d602debe0b50264f756c8.jpg,7971,0,666,"泳装,长隆水上乐园,Cosplay,碧蓝航线cos,修修猫",11,1751350170,40,448,161160
不是有猫饼,3546922216327446,https://i0.hdslb.com/bfs/face/7d32482b1df1981cb82ebfcba26cabc62f1cface.jpg,158,穿搭,http://www.bilibili.com/video/av114776575315840,BV1qmgDzUEP3,下雨天光jio走在地上正好洗个jio（不知道为什么发出来的视频那么糊，你们看着还清晰吗）,-,//i1.hdslb.com/bfs/archive/379d7325377ea0a5ab2627593dc55fec2eda9305.jpg,18793,3,1535,"记录,生活记录",45,1751382446,62,1130,128884
阮软黛丝ki,98553064,https://i1.hdslb.com/bfs/face/81d71af08c88e5cb99fe63b1cc3a7a483de9a1fe.jpg,252,仿妆cos,http://www.bilibili.com/video/av114777397403584,BV13zgSzKEv3,给你的巴掌和吻痕都是我送你的礼物,-,//i2.hdslb.com/bfs/archive/ccc877fc226efc665ca303c050ec0850054a0fca.jpg,11802,2,1243,"巴掌,肉腿,小妈,我和青春B耶了",28,1751364368,9,1717,146962
来看挤痘痘呀,2016797668,https://i1.hdslb.com/bfs/face/425faecb58a3056af851332b6acaaefb4951916d.jpg,157,美妆护肤,http://www.bilibili.com/video/av114776323660692,BV1fcgUzGEQ6,听说挤嘴角的很酸爽，嘴角好多的宝藏太解压了,-,//i1.hdslb.com/bfs/archive/b4480fe4642fe93ffc90b2140de5b8f9a7ee6cc0.jpg,18091,21,19,"高能,强迫症,粉刺,挤痘痘,祛痘,解压,挤黑头,去黑头,修脚,asmr",23,1751347910,171,112,163420
咆哮系猛男,94635225,https://i0.hdslb.com/bfs/face/0191622c7a757d3df984678559f49e7768b0bddb.jpg,252,仿妆cos,http://www.bilibili.com/video/av114770065755309,BV1cW3NzaE1Q,鸣神岛夏日的象征～,-,//i2.hdslb.com/bfs/archive/25d827ffbd841f4785053675b3594bf8ccb5a299.jpg,23152,3,918,"夏天,摄影,服饰,原神,宵宫",69,1751252431,39,2512,258899
白柠喵Mew,403357469,https://i2.hdslb.com/bfs/face/edd959b877972eeeeaf259d4368d23ed4a981eea.jpg,252,仿妆cos,http://www.bilibili.com/video/av114770032205233,BV1ZY3NzsEy1,发不出来的大凤兔女郎花絮,-,//i0.hdslb.com/bfs/archive/f57d0a7df50977d867548aa32f69bf0bd2d8363e.jpg,13003,0,688,"特摄,花絮,Cosplay",1,1751253002,12,711,258328
凛0in,1483163521,https://i1.hdslb.com/bfs/face/89b72d3e4384bf8500b2a590b237008739cb7f2e.jpg,158,穿搭,http://www.bilibili.com/video/av114765250693153,BV11ygfzXESv,今天的肉丝不错吧,,//i1.hdslb.com/bfs/archive/5eb45a86a609758dd55bd0ddc70b4188746de55b.jpg,8612,0,749,"美女,丝袜,美腿,高跟鞋,肉丝,服饰,连衣裙,小姐姐,穿搭,今日出门怎么穿,525夏日企划《我要我就这样》",24,1751419620,64,479,91710
忧郁の涵酱,1084715223,https://i0.hdslb.com/bfs/face/d97d3a886fb8724f78ad6c97c168147006fc0047.jpg,252,仿妆cos,http://www.bilibili.com/video/av114749178119625,BV1HLKozcEDG,这才是银狼真正的实力,-,//i0.hdslb.com/bfs/archive/3c2138f6a731cb2de9a2b429e162b98d617a91ce.jpg,105890,43,6842,"二次元,银狼,微胖,穿搭,Cosplay,崩坏星穹铁道",155,1750998591,12,12935,512739
山滴翠,238022582,https://i2.hdslb.com/bfs/face/5a9fe0714ba8bbabe450ee8e3dc513e907d731e3.jpg,158,穿搭,http://www.bilibili.com/video/av114759076683113,BV1DoKyzCEdQ,美甲的尽头是裸色,-,//i0.hdslb.com/bfs/archive/085f534ff1efd38b27f3ab113678a53e210254c7.jpg,24703,5,2013,"美甲,美妆,美甲教程,裸色",46,1751085874,12,1792,425456
单易之,267063677,https://i2.hdslb.com/bfs/face/46d0cf850a56b10e328cbfe26025ee22e32dcd45.jpg,252,仿妆cos,http://www.bilibili.com/video/av921044639,BV1Tu4y1P7ZM,模仿互联网上的一些女同:,别把性取向当潮流…玻珠真的汗流浃背了，vivo50助力玻珠擦汗,//i2.hdslb.com/bfs/archive/cbcc0219e394f41958438eba001ddb4482827c23.jpg,2173585,9434,19611,"女同,是什么,吗？,时尚单品,互联网嘴替出现了,我请问呢,汗流浃背了",4212,1701667850,149,87245,49843480
咘咘不可吃yt,3546881126828123,https://i2.hdslb.com/bfs/face/c56b627ae49bb0d9967d0efaed3c6908346e7594.jpg,158,穿搭,http://www.bilibili.com/video/av114753993180242,BV1cnKizTEjV,愿我们都有感知细碎幸福的能力,,//i1.hdslb.com/bfs/archive/fe3ded8ba50e157f97d17af4cde8c15a7672361f.jpg,5357,0,515,"生活,高跟鞋,穿搭",20,1751007135,15,381,504198
洛璃LoLiSAMA_1,3602311,https://i1.hdslb.com/bfs/face/712d26d8d82ce02c6788d24d4e4898def05574c8.jpg,252,仿妆cos,http://www.bilibili.com/video/av114775132474393,BV1tZg2zxEiF,不太聪明的样子,-,//i2.hdslb.com/bfs/archive/0c28f795dc3576610e1ec32de53c5ef013b764a4.jpg,103477,18,7702,"二次元,cos,cosplay,碧蓝航线,夏日cos大赛,当时髦精闯进痛圈",489,1751384413,9,8766,126920
海豹冥猫,440030,https://i2.hdslb.com/bfs/face/6e8354d1d479bebaba301f6bef57cec058b4e91f.jpg,252,仿妆cos,http://www.bilibili.com/video/av114771978357999,BV19ogrzDEEZ,要不是眼中只有你，还有什么避不开的,"摄影师拍摄时候得注意环境
柴郡猫@修修猫ww",//i1.hdslb.com/bfs/archive/a73a1a5ac85495fddfecb5bb8b3cfd4937a8c33d.jpg,11780,0,2160,"美女,服饰,穿搭,柴郡猫,碧蓝航线,二次元泳装派对",31,1751281829,12,2406,229504
小南宫zzZ,2837929,https://i1.hdslb.com/bfs/face/5c73e4de1f03c0e38db998d59ba1608eeb0eb00d.jpg,252,仿妆cos,http://www.bilibili.com/video/av114776390763806,BV1cRgmz7Eka,泡澡的时候脸蛋被亲了…,-,//i1.hdslb.com/bfs/archive/75966a34678e9e0ec65f527005242ce1fd0082d4.jpg,61771,450,10058,"泳装,cos,cosplay,cp向,原神,ooc致歉,雷电将军,原神UP主激励计划,八重神子,鸣神组,原神5.7UP主激励计划",141,1751408581,11,17467,102752
BettySays,6302909,https://i2.hdslb.com/bfs/face/be3038fd66751b70ee9f1d7f26c91269e5523007.jpg,158,穿搭,http://www.bilibili.com/video/av114358587756439,BV1Lk5jzfENp,【避坑】短腿星人千万别追的5个流行趋势！省钱攻略5.0 | BettySays,超流行，超灾难！,//i2.hdslb.com/bfs/archive/934283b013eab276db5b6e2212c822a40110ef0f.jpg,1349161,1872,32782,"学生党,服饰,流行趋势,避雷,穿搭,省钱攻略,BettySays,普通人变美指南,盛装生活节",821,1744987108,351,55466,6524225
三星小凛,3493283441412923,https://i2.hdslb.com/bfs/face/f033e8ac2ba25e68bc0a00b64d6b7673bdef2ea9.jpg,252,仿妆cos,http://www.bilibili.com/video/av114755050147385,BV1GFKBzbEur,跟我的白丝说去吧,-,//i0.hdslb.com/bfs/archive/1bc1aa07fcd5fc7d08a10bcecaba20f633cca803.jpg,88187,12,5570,"碧蓝航线,哈尔福德,灵魂COS大赏,二次元副本大作战3.0",123,1751087120,9,9044,424213
小璃酱酱,3546821026646376,https://i0.hdslb.com/bfs/face/0f02c503d7742aa0cff8e6787ef70a8be69a056c.jpg,252,仿妆cos,http://www.bilibili.com/video/av114302031762520,BV1mrdWYtEmT,发明玛拉妮的真是个天才,-,//i0.hdslb.com/bfs/archive/899be3b2e73b10a6b4ec2011aa8bcfc04444744d.jpg,374573,28,23924,"二次元,服饰,穿搭,Cosplay,原神纳塔,玛拉妮",287,1746521777,11,25385,4989556
佚柔姐姐0102,20110522,https://i1.hdslb.com/bfs/face/e6fbd6e38107d57e825cf1521a0a03e891f495a6.jpg,158,穿搭,http://www.bilibili.com/video/av114153268184275,BV1ZpQcYqESr,开黑时来个这样的姐姐，你该怎么办？,-,//i2.hdslb.com/bfs/archive/26c5ca771a0e9525309445395e64bdc8103e7d48.jpg,550306,215,19743,"美女,姐姐,性感,电竞,小姐姐,随手记录我的生活碎片,寻找100个宝藏vlogger",571,1741875338,10,31050,9635995
w百合欧皇子ww,576899,https://i2.hdslb.com/bfs/face/a8dd87d4753d608b8dd592ae0ca2d0a88fcc5cb0.jpg,252,仿妆cos,http://www.bilibili.com/video/av114433162550499,BV13qGzzyEVw,这个喷不了，这个真的是我妈妈,我要七省哄我睡觉口牙！！,//i0.hdslb.com/bfs/archive/b638c68fc87f9455575f955c69612d5eb7b72670.jpg,257324,28,16059,"二次元,Cosplay,碧蓝航线,七省,妈系,灵魂COS大赏,二次元副本大作战2.0",350,1746146651,24,27910,5364682
FairaStar_法拉,504468324,https://i0.hdslb.com/bfs/face/b031c07e350cf845b10ec20167c790cf77628156.jpg,252,仿妆cos,http://www.bilibili.com/video/av621375811,BV1hb4y1T7D5,健身十年只为今天，你的沙漠之花,"这套装备我筹备了很久，很久，俄罗斯这里真的不好弄。
但好在最后的结果是好的，希望可以满足你们对这个角色的幻想。
一个好消息, 我明年会来中国。",//i0.hdslb.com/bfs/archive/9157d565cbddaa7b520254590c2b0cfb9f2e22f4.jpg,2092049,908,126355,"健身,性感,外国人,原神,迪希雅,年度最强cos大神",2682,1701002873,37,549901,50508460
最白的幽一,1627957,https://i1.hdslb.com/bfs/face/1c2e014c174c3c75739663db24b03fed0fb61e48.jpg,252,仿妆cos,http://www.bilibili.com/video/av114737366962333,BV1mNK3zgEnK,我这种顶级s竟然调教不了自己的作息,-,//i1.hdslb.com/bfs/archive/f8ec349401b65663a7febccbc17c9ab90ceedd82.jpg,60832,15,2951,"热舞,诱惑,小姐姐,哔须有此行,旅行攻略UP主激励计划",84,1750854712,15,6809,656631
王墨绫子,352183158,https://i0.hdslb.com/bfs/face/73f9bb4e1cc6c19e776d12b9982f524fe74c26e5.jpg,252,仿妆cos,http://www.bilibili.com/video/av114750016986220,BV1HnKfzvEaV,我对你的欲望还不够明显吗 「玉玲珑 cos」,-,//i2.hdslb.com/bfs/archive/500b84e840ba7ea8923d8fd569ab70380bfd1e8c.jpg,82806,4,13125,"二次元,美女,Cosplay",120,1751245419,10,20528,265924
江清月辞,160359698,https://i2.hdslb.com/bfs/face/ada24cf3ee4f2268df44cc812f846aa45f08ea0c.jpg,158,穿搭,http://www.bilibili.com/video/av1856237627,BV1HW421d7kv,谁能拒绝爆闪的银河系主婚纱！试纱vlog | 陪我一起选婚纱吧~,去试婚纱啦~真的要累趴了qaq猜猜我最后定了哪一套,//i1.hdslb.com/bfs/archive/25d491fc626acc2be6c6839b200ddac7d3a53e89.jpg,1967791,1610,23399,"结婚,情侣,婚纱,时尚,礼服,服饰,VLOG,穿搭,试纱",294,1720847395,272,9328,30663948
天才女友GG,520031712,https://i0.hdslb.com/bfs/face/a5aed279f9a30666f5da9b68136309bfde4f4f1c.jpg,159,时尚潮流,http://www.bilibili.com/video/av699413497,BV1xm4y1i7h4,70岁“香奈儿奶奶”一夜破产蜗居6平米保姆间，“我见过真正的奢侈”,-,//i1.hdslb.com/bfs/archive/deaa333bb8e356f26fc3243624ce459c193c644c.jpg,4356626,1867,21438,"美食,奢侈,蜗居,香奈儿,法国巴黎,Vlog,独居老人,保姆间,网络热门鉴定,2023科学很可爱",1349,1686137616,620,36865,65373727
小名嗯嗯,1550853534,https://i0.hdslb.com/bfs/face/1ba4d4c3b8ed4da8eb443eb0f5bfb356aa2b855c.png,157,美妆护肤,http://www.bilibili.com/video/av114758741200642,BV1dtK1zpEFe,超级详细的妆教！跟练版！,-,//i1.hdslb.com/bfs/archive/f7594f9f0abb6559d72401d6d0ad2969c584387f.jpg,26099,0,3544,"教程,美妆,美妆教程",3,1751334301,218,598,177042
是我阿半,1626479,https://i2.hdslb.com/bfs/face/ad37f1d75bcbee3678d30566a038fbf6fba15397.jpg,158,穿搭,http://www.bilibili.com/video/av114679116470619,BV1LCMCzHEad,我收到了三条丝袜以至于我全程开心得停不下来，丝袜是我人生中很少穿但是我必须要看的东西，人活着就要看别人穿丝袜,,//i0.hdslb.com/bfs/archive/3c7962df4416414b7e6cabf6b680d2b259133831.jpg,101023,90,1361,"美女,丝袜,性感,试穿,穿搭",147,1749998745,377,2862,1512598
害羞7,23237718,https://i0.hdslb.com/bfs/face/761a28af0395a89975815f7e464405818940a215.jpg,252,仿妆cos,http://www.bilibili.com/video/av114555468386062,BV1XMjJziEyJ,传说中的枪,尼恩想要制作出传说中的枪，但在制作过程中遇到了一些困难，于是向指挥官发起了求助……,//i1.hdslb.com/bfs/archive/a59ea07fc596944a956fdb1e7e75ff1610dc9156.jpg,793624,233,20953,"水手服,眼镜娘,白毛,胜利女神,Cosplay,nikke,尼恩,害羞7,胜利女神新的希望,胜利女神新的希望全平台上线",541,1748080598,122,29160,3430745
KK瑜伽,3546893065914970,https://i1.hdslb.com/bfs/face/24e8296022d13a1995d2ac57a2082a66588feeda.jpg,158,穿搭,http://www.bilibili.com/video/av114776944417458,BV1QngDzTE4N,这个雨下的,-,//i2.hdslb.com/bfs/archive/0afa72ae7fc0b2f9e0eea6341d6e7b3dd878b408.jpg,22346,1,935,"记录,雨,生活记录",16,1751357423,13,1059,153920
坂坂白,560647,https://i1.hdslb.com/bfs/face/dbab0bb10936b9e822c6927b442e0859963d12c2.jpg,252,仿妆cos,http://www.bilibili.com/video/av114120804271664,BV1P39mYJE9y,从零开始的COSPLAY生活！|垫胸教程！平地起高楼篇,,//i0.hdslb.com/bfs/archive/431bc40481bac45db4c3be8e310896d46dbb9639.jpg,2602647,4679,78455,"教程,仿妆,cos,Cosplay,坂坂白,二次元副本挑战者,二次元春游计划",6294,1741353282,289,140520,10158061
倩婷miki,548873774,https://i2.hdslb.com/bfs/face/27e7c6b1758e967483032fad077f4357857f6d19.jpg,158,穿搭,http://www.bilibili.com/video/av114691061848641,BV1TyMvzUEkG,299就能体验到18岁小姐姐的柔式服务！还有泡澡~你要来体验吗？,,//i0.hdslb.com/bfs/archive/c6103e26a98f206a96e10e1f00eaa8f1e62f3410.jpg,124791,179,1752,"广西,生活记录,穿搭,探店,spa,会所,洗脚按摩,足浴养生,柔式,随手记录我的生活碎片,寻找100个宝藏vlogger3.0",182,1750047299,349,2355,1464044
妤丸呐,23362672,https://i1.hdslb.com/bfs/face/f570fbbbf0298cc3a48eabcb37309a62e25541ce.jpg,158,穿搭,http://www.bilibili.com/video/av114760183979028,BV1JwK2zFEkx,发明手丝的简直是甜菜,-,//i1.hdslb.com/bfs/archive/40cf9f44020edf0816a356220b4f708bcf78a82e.jpg,34977,0,1984,"服饰,穿搭",49,1751101521,8,2698,409822
YouTube精彩视频-,412719797,https://i2.hdslb.com/bfs/face/8d5e4f3961c85b6f09026fe2c5cd53e5a34386bd.jpg,157,美妆护肤,http://www.bilibili.com/video/av113838108254200,BV15PwjeAEsA,适合手残党的“一刀切”手法，照样可以剪出层次感...谁想试试？,素材来源于网络,//i0.hdslb.com/bfs/archive/55840e566286fa3104f4e0eafa0d9839b49b4d69.jpg,2013868,210,5975,"教程,发型,手残党,手法",573,1737148975,63,41771,14362371
知名相声演员BBBBB大王,15892313,https://i2.hdslb.com/bfs/face/e40bb6be0e7aa5d3f2838313bb47a59358481577.jpg,157,美妆护肤,http://www.bilibili.com/video/av113571937648940,BV1RhzpYtEFy,韩国人真的很爱装，全身上下嘴最硬,"韩国人真的很爱装
面子看得比命重要，死活不认错的嘴硬韩国人",//i0.hdslb.com/bfs/archive/53010272f01b0cafd664eb10084989c89169fe81.jpg,3380424,16642,35430,"韩国,吐槽,搞笑,日常,化妆,时尚,护肤,美妆,穿搭,人人都是时尚玩家,我在B站潮出圈",3261,1732979149,569,160846,18532197
人工稚嫩研究媛,28343555,https://i2.hdslb.com/bfs/face/89cc0c0c634d74cfd64779ebcef5ca0ddfd06b3f.jpg,158,穿搭,http://www.bilibili.com/video/av114777095412899,BV1cFgDzQEJp,大家心心念念的Tina小姐姐来咯,-,//i0.hdslb.com/bfs/archive/9fa2b869e69bb04f3bb48cef20095380150088d8.jpg,25927,2,378,"小姐姐,生活记录,今日出门怎么穿,525夏日企划《我要我就这样》",13,1751359685,19,469,151661
乌拉乌拉怪xx,19134920,https://i2.hdslb.com/bfs/face/e982080b40e8a1e0ec745e22c2fac49f57802dcb.jpg,158,穿搭,http://www.bilibili.com/video/av114699450453910,BV1HRNzz2E9f,谁能懂旗袍的含金量！,-,//i0.hdslb.com/bfs/archive/4b0e4aebede460107772667ee32265cf1ec2b501.jpg,139927,6,3875,"旗袍,性感,诱惑,漂亮,小仙女,服饰,小姐姐",149,1750910756,12,6755,600590
奥戴丽好笨,451835587,https://i1.hdslb.com/bfs/face/771fc935df986dcfb15aaae441c9bc7cda5bfe4d.jpg,158,穿搭,http://www.bilibili.com/video/av358026013,BV1VX4y1i79v,博主的幕后生活大揭秘,-,//i1.hdslb.com/bfs/archive/b7298a65278f560861535a0eac4941ce68c9aeaa.jpg,2823415,120,4284,穿搭,406,1688945901,37,93204,62565445
坚韧的芦苇丛,23916796,https://i1.hdslb.com/bfs/face/2b6e64554119c73ce3f653da76e12ec4f8085a50.jpg,157,美妆护肤,http://www.bilibili.com/video/av469452372,BV1X5411X7bX,男生偷懒式护肤|油皮、痘痘肌男孩亲测打卡测评！有痘印的一定要试试这招！,"最近在用的乐凡vcip精华，有痘印的小伙伴们一定要试试呀～

VCIP日本专利号：特许第4574384号
依克多因德国专利号：EP2214658B1",//i2.hdslb.com/bfs/archive/a3a4a30fe845308bfadb9811139aabac9ce66df4.jpg,9023415,512,152832,"种草大作战,男生,痘痘肌",1603,1679800723,209,243697,71710623
虚拟AI豆,30293804,https://i2.hdslb.com/bfs/face/88f5802efc2288073280d01ce7d98205f29a4ee0.jpg,252,仿妆cos,http://www.bilibili.com/video/av114664587461808,BV1meMJzgEkk,霓虹灯下的心动旋律是萨勒芬妮的倾情演绎,节奏摇摆！和萨勒芬妮一起沉浸在音乐世界吧！,//i1.hdslb.com/bfs/archive/ee5e856e4ea1a9f725008ab56f4de96f605df645.jpg,135955,10,2073,"美女,女神,性感,Cosplay,英雄联盟绽灵节,萨勒芬妮,下班整点英雄联盟",90,1749714371,19,6749,1796975
芃芃大人rr,94014240,https://i0.hdslb.com/bfs/face/f2d837ad49629bfbfdff2a56ecd8a958521396fa.jpg,252,仿妆cos,http://www.bilibili.com/video/av114538355623233,BV1f6JbzjEYz,手上的带子穿哪里的,-,//i1.hdslb.com/bfs/archive/78707fc30279bf77fd03d09ad4e37bfa30b31be7.jpg,152807,6,6621,"可爱,美女,女神,服饰,小姐姐,穿搭",42,1748504986,9,9882,3006360
余多多Dudu,2131609593,https://i0.hdslb.com/bfs/face/5ffc2ad19f20ca1e4d0db0a87a1e191495455a03.jpg,252,仿妆cos,http://www.bilibili.com/video/av114683780537072,BV1EUMSzGEzo,穿这套的话，叫姐姐还是叫妈妈？,-,//i0.hdslb.com/bfs/archive/cf70f1429bb91b0b02cd2f9ad3320ee8bfeb7a40.jpg,157419,320,9307,"丝袜,性感,高跟鞋,模特,主播,大长腿,颜值,平面模特,穿搭,不费力穿搭灵感,当时髦精闯进痛圈",129,1750066926,9,10265,1444420
弯弯姜,1692217,https://i1.hdslb.com/bfs/face/fc0f94d4093b0ebb0f1cc8e73a574e14439e0388.jpg,157,美妆护肤,http://www.bilibili.com/video/av768278691,BV1qr4y1H7cK,如何把刘海剪成二次元老婆的形状,"封面老婆：
《这个美术部大有问题》——宇佐美
BGM：
水樹奈々 - STARTING NOW!
小澤亜李 - ココロ＊パレット (MIZUKI Ver.)",//i0.hdslb.com/bfs/archive/4e74ca3e06d7e39ccc1153ca2289661bdc22c04c.jpg,5096912,3903,47805,"寻找全国最牛Tony老师,宅家理发大赛,这个美术部大有问题,宇佐美,M字刘海,宇佐美瑞希",3797,1650294199,218,335024,101217147
栩栩是我呀,686640151,https://i1.hdslb.com/bfs/face/9eeb05bd069bff126d38491bd233bcfdd65aec37.jpg,157,美妆护肤,http://www.bilibili.com/video/av113770445674760,BV1njrWYyE9i,原来殉情不只是古老的传言,-,//i0.hdslb.com/bfs/archive/3286ee665105998a95976764260b2de6ab41bdb1.jpg,646723,33,12570,"正能量,情感,八卦,美妆,生活记录,吃瓜,化妆唠嗑,电子榨菜,冬日必备·美食御寒季,冬日下饭电子榨菜",42,1735999491,793,3644,15511855
熙兮迷,3546905395071069,https://i0.hdslb.com/bfs/face/e3254ba47e74c24a24c77b4c316a59ba08c09926.jpg,158,穿搭,http://www.bilibili.com/video/av114777263177791,BV1XLgDz6EXw,镜子怎么脏脏的,-,//i0.hdslb.com/bfs/archive/2346ffd3e6ef0a88c45e92d77ec36e7c836f34d1.jpg,5489,0,1100,必剪创作,17,1751362350,10,1359,148996
林贰三,478578327,https://i0.hdslb.com/bfs/face/00ac2890d6086160189658a59d93957bc9caa027.jpg,157,美妆护肤,http://www.bilibili.com/video/av1306393723,BV1RM4m1y78v,关于我离了婚的妈妈们……,*自由点益生菌卫生巾,//i0.hdslb.com/bfs/archive/e2820105803de695d8a7a4d32508321eaa8dcd8c.jpg,3643034,892,34420,"离婚,分享,原生家庭,自由点益生菌卫生巾,年轻人生活图鉴,生活万花筒13.0——让生活，动起来",497,1723465620,652,20487,28045726
_糖小V_,2851020,https://i0.hdslb.com/bfs/face/ee13d15eda480e461547d1c54a5d4219ed870a43.jpg,252,仿妆cos,http://www.bilibili.com/video/av114760586692333,BV1gNKSzRE8q,我是奇塔！会吃蜜獾的猎豹【少女前线2】,摄影：@摄影z叔,//i0.hdslb.com/bfs/archive/18020d2f9250f3ae99ab43d3efd8fe485fe367d0.jpg,34608,4,8121,"Cosplay,少前2,少女前线2：追放,沉默夜潮",64,1751107870,10,11541,403476
喵喵球球丶,675844791,https://i0.hdslb.com/bfs/face/201f1c50cdc00bb7e2f5ce6d4e18c61b19674db4.jpg,252,仿妆cos,http://www.bilibili.com/video/av114749614332907,BV1tKKozTEV4,这就是被封了4个月的实力吗,-,//i0.hdslb.com/bfs/archive/2ab0937a8aa0cb4890a425f682b5688072f6efac.jpg,226573,8,10516,"实力,小姐姐,生活记录",185,1750941118,6,17302,570232
一只小猪斟茶倒水,100383581,https://i2.hdslb.com/bfs/face/e4ae33ec409164cdec75907dd386411963c68c6e.jpg,157,美妆护肤,http://www.bilibili.com/video/av113621447283187,BV1MiqPYxELg,男人美白的尽头是内调,,//i1.hdslb.com/bfs/archive/8bad09487188afae10e3d549eafe786cf35dc1af.jpg,4961481,80,91009,"逆袭,美容,颜值控,提亮肤色,淡化色斑,内调护肤,抑制黑色素,L-半胱氨酸,淡斑修复,第三类药品",108,1739172952,218,63207,12338398
全国知名小雪糕,77587039,https://i1.hdslb.com/bfs/face/ff9474bd12b7ea69a55d45ba0d11fa3fff90fca6.jpg,157,美妆护肤,http://www.bilibili.com/video/av114098389909698,BV1oG9zY1EPH,最适合0基础新手学化妆的视频出现了！17min超详细跟练版日常妆教,-,//i2.hdslb.com/bfs/archive/0e252949a6260fd908b4c52d004bcaa533a1ab9a.jpg,607578,618,56577,"化妆,新手,美妆,新手学化妆,方圆脸",691,1741032934,1004,32660,10478416
吃花椒的喵酱,2026561407,https://i0.hdslb.com/bfs/face/cb49e8804447945761979822437f76a9eabce318.jpg,158,穿搭,http://www.bilibili.com/video/av246182323,BV1Yv411W71Z,【冰冰vlog.002】我的行李箱真的不止这一件衣服啊喂(・Д・)ノ,出镜记者的行李箱大揭秘&amp;穿搭技巧与心得,//i1.hdslb.com/bfs/archive/2e53cefd0e0d3c5cae094c83c35a15d23d15917a.jpg,10163059,81068,179204,"我的穿搭日记,时尚,日常,搭配,穿搭,vlog,生活,记录,衣服,行李箱",54241,1610450562,478,1104727,141060788
爱黏人的圆子哔___,112924325,https://i2.hdslb.com/bfs/face/89f20bf53158dc808adb23333af8f03777d28026.jpg,252,仿妆cos,http://www.bilibili.com/video/av113809771465366,BV1WScwe3EYx,【圆子】这年头，连道诡异仙的玲珑塔幽伶都有人cos了！,BGM：一颗狼星-精卫、花粥、王胜娚 - 出山、一只白羊 - 无风无月也无你、纸砚zyan - 画皮、黄诗扶 - 孽海记、一颗狼星 - 繁星若尘、苏运莹 - 时候、徐良-客官不可以、陈一斤 - 广寒宫、Michita - Cry For Me (feat. Ami),//i0.hdslb.com/bfs/archive/bc99017591207e40876848b135a5b7bc09785a21.jpg,2021198,2305,50251,"古风,搞笑花絮,陶瓷妆,Cosplay,cos短片,狐尾的笔,道诡异仙,李火旺,起点网文神作二创大赏,玲珑塔幽伶",684,1736665006,2742,33920,14846344
三胖与奥斯卡,441859172,https://i2.hdslb.com/bfs/face/79b6262fd690ad7c7c613db7c3cb088ce313e80d.jpg,252,仿妆cos,http://www.bilibili.com/video/av114277503473708,BV1MaZRYXEhA,神奇的魔幻手机,-,//i2.hdslb.com/bfs/archive/3a2601c78f559f643e261ae1d80fdfc858cdc301.jpg,1979872,0,5257,"科幻,手机,魔幻",8,1744104377,207,1012,7406973
郑州鼻子王浩,3546600494336256,https://i0.hdslb.com/bfs/face/3aa53c815875c8d4ad59080ff0cbac69213a4f86.jpg,157,美妆护肤,http://www.bilibili.com/video/av114475608841442,BV1BS53zUE5e,整形的意义是让有缺陷的人过上正常生活,,//i1.hdslb.com/bfs/archive/05a8f6df69a82f783b26665a1539ca7345e435a2.jpg,370815,194,636,"科普,鼻子,整容,变美,医美,普通人变美指南,B站真实护肤季",135,1746876345,79,7576,4635005
小须须_Arcana,26177922,https://i0.hdslb.com/bfs/face/271934b7de8b1ddaa97b7ba911cfd24306d08945.jpg,158,穿搭,http://www.bilibili.com/video/av114777749719554,BV1DpgXzCEmf,【须须】仙仙的粉红女郎~ 多视角直播舞蹈1,增加了一档 低档的充电 多多给大家更多视角整首的舞蹈视频,//i2.hdslb.com/bfs/archive/bc62a7647792df3706508a65674c16e08714d7f9.jpg,5356,0,100,"性感,御姐,热舞,直播,主播,穿搭,竖屏,笛子舞,直播切片,KPOP回归前线,KPOP回归前线4.0",0,1751370488,214,180,140862
幺玖伍195,3546588603484509,https://i0.hdslb.com/bfs/face/2843fdd734eac4e01e6ca1bcf3fd73ebbee5566f.jpg,252,仿妆cos,http://www.bilibili.com/video/av114609289693710,BV1gM7yzqEF2,男的可太好了,,//i0.hdslb.com/bfs/archive/6383982440d52c648a521cdeb5a16bb296c4159b.jpg,2805622,278,28104,"二次元,漫展现场,cos,Cosplay,漫展整活",892,1749035480,20,113118,2475870
尸菌菌qwq,17367640,https://i1.hdslb.com/bfs/face/4ff02061404c70580297887812ba407e982a9e1e.jpg,252,仿妆cos,http://www.bilibili.com/video/av113951136288273,BV1eVP2esEP5,平时的视频如果一刀不剪是什么样？,"我拍了一条很牛的！！但是！怕被自己稀烂的剪辑技术毁掉…所以决定把视频都发出来，拜托各位大佬帮忙剪辑_(:зゝ∠)_ 
您剪完发布后在简介或者评论区中艾特@尸菌菌qwq 我就能看到！会给大家都认可的剪辑大佬们发大红包(๑•̀ㅁ•́ฅ)",//i2.hdslb.com/bfs/archive/fc5eadde813e454dfcecffff6b661e37fb4a14e8.jpg,691155,398,23144,"EVA,二次元,明日香,手办,妮姬,cos,cosplay,冬日cos大赛,二次元里过新年",649,1738775026,201,52373,12736324
朵朵花林,297344797,https://i1.hdslb.com/bfs/face/4eb6bc8ae49e3e8fa3e23b820a89d42dbbbe84a7.jpg,158,穿搭,http://www.bilibili.com/video/av601377608,BV1RB4y1t7tx,【古人穿衣・宋】还原1000年前的平民生活,"一千年前的宋朝平民女性，如何穿衣、品茶、应对月事。

BGM：《飞雪玉花》纯古琴版 - 徐超然/南一先生_古琴",//i2.hdslb.com/bfs/archive/26b94c7baee2c4bcf948c5bd89beb4693729a8b5.jpg,5465152,9582,64535,"服饰,中国风,自制,传统文化,历史,宋朝,人文,知识,古人生活",2781,1680275364,300,305486,71235986
聂小倩她老板,431615976,https://i0.hdslb.com/bfs/face/d3be65d78fb1280568bd852c282669c83c116164.jpg,157,美妆护肤,http://www.bilibili.com/video/av114285338432276,BV1D2RdYnEiV,避雷！沉浸式卸再也不会画的妆！,,//i2.hdslb.com/bfs/archive/0b2527e9da6a74150c3d8c959021a7ceb45df9cf.jpg,394574,795,1817,"化妆,避雷,沉浸式,外网,美妆,麻绳,沉浸式卸妆,双人沉浸式,好玩不过仿妆,东方新中式图鉴,毛线妆",439,1743872027,214,32747,7639323
全国知名小雪糕,77587039,https://i1.hdslb.com/bfs/face/ff9474bd12b7ea69a55d45ba0d11fa3fff90fca6.jpg,157,美妆护肤,http://www.bilibili.com/video/av113447048121267,BV1P1DoYTE59,只有方圆脸才懂这个刘海的含金量！在家自己就能剪,-,//i1.hdslb.com/bfs/archive/8436ee36ada18fd4936f148bb99a67f9a345b03d.jpg,901991,192,59404,"发型,齐刘海,发型教程,刘海教学,方圆脸,普通人变美指南,秋日chill一下",315,1731168636,402,21196,20342714
山城小栗旬的理发日记,1869712375,https://i1.hdslb.com/bfs/face/21a7acb06d7ecbd35d27213f87ea6749f9fd18e0.jpg,157,美妆护肤,http://www.bilibili.com/video/av550732973,BV1Xq4y1A7ur,理发店经常翻车的人务必看完，长得帅的可拖动进度条,-,//i0.hdslb.com/bfs/archive/f70b0435e664bd0071d7033933b3334116b3bed0.jpg,5253274,5591,21712,"搞笑新星训练营,时尚,搞笑,发型",5078,1675509503,144,229861,76001847
绾绾samr,434999640,https://i0.hdslb.com/bfs/face/8c37a869fc4c49ce852f57c58c959017e01e2318.jpg,252,仿妆cos,http://www.bilibili.com/video/av114358268989220,BV1PK57zVEHB,她们......也是你对山海传说的幻想吗？,"关于亘古红颜的记载，书写着山海间的另一番风月
是妖精？是少女？
是口耳相传的神明？还是千姿百态的幻灵？
揭开历史和传说的面纱，倾听她们故事的另一面。
穿过远古，去响应传说深处红颜的呼唤。
朝着@指间山海  的大荒出发吧，星主大人！
-----------------------------
参演：@绾绾samr  ，@仓大佬  ，@孟程程_  ，@就是卷卷呀i  
Bgm由音乐平台购买版权所得",//i2.hdslb.com/bfs/archive/eaf95891765dac4e6e7381cd1d1cc508d8d79bb8.jpg,385555,582,14534,"古风,中国风,山海经,山海,Cosplay,指间山海,山海红颜录",187,1745037449,69,18547,6473908
萌德-,24979808,https://i2.hdslb.com/bfs/face/03a165cde180d82ca39b691ae8bc1857cdd9ac56.jpg,159,时尚潮流,http://www.bilibili.com/video/av1154922228,BV1TZ421x7tV,那些静态一般，但动态哇塞的礼服,"其实这些裙子只看图片也是美的，但只有动态才能感受到面料的美和质感
BGM:《Renaissance (Paxel Remix) 》Steve James/Clairity",//i2.hdslb.com/bfs/archive/de38b6b53ddf4d862fbfd0615b058401c679efb8.jpg,1693012,908,19105,"女神,模特,走秀,时尚,时装秀,FASHION,服饰,时装周,秀场,欧美女模",252,1716383012,169,40142,35128345
颜污师,3546619777648842,https://i0.hdslb.com/bfs/face/a6a1cb03c1f52518e68b80416a9903e3914e9fbc.jpg,252,仿妆cos,http://www.bilibili.com/video/av113833007974908,BV1P7c6emENH,你坚持的东西，总有一天会过来拥抱你 小银人妆造,-,//i2.hdslb.com/bfs/archive/da904100391f03b9e60bbcfde3728e1cbf1fc329.jpg,3091242,1,3715,bilibili跨年季,4,1741417746,66,562,10093611
吃素的狮子,808171,https://i1.hdslb.com/bfs/face/dd773c9572494338ada15aa10262a510f161baf1.jpg,252,仿妆cos,http://www.bilibili.com/video/av114732786784168,BV1SzKazqEMA,点的COS委托竟然是领导？,"翻拍片段取自 ピグマリオン，﻿@G卡普研究院﻿ 

女生：﻿@豆豆子ex﻿ 
摄影师：﻿@小薙Nagi﻿",//i0.hdslb.com/bfs/archive/bac2840db4b267f409d02767254041ee840cbe10.jpg,115138,262,1264,"二次元,美女,cos,Cosplay,原神,搞笑研究所,UP 小剧场 3.0",382,1750837039,210,7972,674318
闪耀溪溪,233269767,https://i0.hdslb.com/bfs/face/a4129815f06253fdb3b211ee1194e9e48ae409cf.jpg,252,仿妆cos,http://www.bilibili.com/video/av114767649840185,BV1xa3wzbE4C,亚总的花嫁,-,//i2.hdslb.com/bfs/archive/d6d2bbb017538ba984f010cc66a90283f8f2fe2d.jpg,100985,4,4899,"主播,萌宅COS赏",139,1751215718,8,7874,295639
瑾曦曦曦_,12503169,https://i0.hdslb.com/bfs/face/4c65e2f8630c8e5238c0eff82b812456013ce800.jpg,252,仿妆cos,http://www.bilibili.com/video/av114754681052184,BV1FtKBzgE7u,这个级别的应该叫做什么？,-,//i0.hdslb.com/bfs/archive/b9d0edf1406279b96d8c849911fabd60569e94b0.jpg,40359,13,4728,"Cosplay,Cos,鸣潮,吟霖,鸣潮创作激励计划,鸣潮2.4版本创作激励计划",78,1751072654,8,6075,438703
Steven宫沐泽,383557298,https://i2.hdslb.com/bfs/face/1726e0582348d011d43695f7ad17375deb463051.jpg,252,仿妆cos,http://www.bilibili.com/video/av1904741499,BV1aU411o7Xm,花爷真是的  玩一下怎么了,-,//i2.hdslb.com/bfs/archive/833e5f39a0125b99c53f1eead7cf70f260427e77.jpg,2388280,420,93540,"盗墓笔记,黑花,黑瞎子,Cosplay",1656,1716088813,14,395011,35422544
素爱Amour,7048365,https://i0.hdslb.com/bfs/face/1ba2a5031b2e2efdc9340fa2f146cfa74548ab48.jpg,252,仿妆cos,http://www.bilibili.com/video/av114761828146678,BV1Gyg9zEEhD,谁调的参数,-,//i0.hdslb.com/bfs/archive/b08aca638d406b1232496970332be1fd2c8bde80.jpg,101742,5,4413,"灵魂COS大赏,二次元副本大作战3.0",81,1751349101,8,5921,162256
喵新majo,85776107,https://i2.hdslb.com/bfs/face/9d55be2d95064197fab0e944b3cf5a9ab359bf66.jpg,252,仿妆cos,http://www.bilibili.com/video/av114755402468098,BV1NJK6zWEgf,喜欢厚黑和厚白的你们打一架吧。管家，少爷怎么又穿上他心爱的小裙子了？,-,//i2.hdslb.com/bfs/archive/6c4fa1b69bd302275fe93c597fe073dae88b1554.jpg,63647,4,2900,"JK,JK制服,jk",167,1751028571,16,5625,482786
木本woody,702823247,https://i2.hdslb.com/bfs/face/b11250550772dc0ae3cb410d153086dbb8f1855c.jpg,252,仿妆cos,http://www.bilibili.com/video/av114778387255257,BV1gCgQz3E3P,【街霸六春丽】谁想挨春丽阿姨的百裂脚？,-,//i1.hdslb.com/bfs/archive/6057b4b91ad69b4f6c964c06e607dddc66de45de.jpg,6699,1,293,"街头霸王,街霸,春丽,格斗游戏",20,1751379450,11,442,131907
我是411,9039575,https://i2.hdslb.com/bfs/face/7c36e157fbd4de05490c35eafd63798fc5506d9f.jpg,158,穿搭,http://www.bilibili.com/video/av114636586292264,BV1NXTMzvE1T,绝美“广袖流仙裙”竟然出自吃人乱世？！南北朝的女性穿什么?,"请查收我的南北朝妆束学习笔记

感谢 山西文旅、纨绮传统服饰的共创支持
希望这期视频粗浅简单的介绍能作为你探索中国历代服饰之美的引子
也希望中国历朝历代的传统服饰之美有朝一日真正走入大众的视野，而这一定离不开你的三连~
这次也多多拜托啦！",//i2.hdslb.com/bfs/archive/21626b5d12ebb4fd521fdc65ed0ea542db7f36a5.jpg,129719,453,6157,"历史,女性,汉服,文物,传统文化,国风,服饰,南北朝,装束复原,东方新中式图鉴,博物馆正经仿妆",244,1749275658,243,9002,2235699
老爸评测,347667464,https://i2.hdslb.com/bfs/face/3785da2465d92c8595350c33b4c688ff3c005ebe.jpg,157,美妆护肤,http://www.bilibili.com/video/av209955849,BV1va411k7jE,怒花5万去检测，我发现洗面奶真的不用买贵的！【老爸评测】,"护理评测合集：
纸巾评测→BV1rR4y147Zd
唇膏大评测→BV1zQ4y1S71f
粉底液大评测→BV1VP4y1b7Va
染发剂评测→BV1B341127yQ
怎么选一支合适的口红？→BV1f64y1W7ZZ
最全洗发水选购指南→BV1Tw411R7wk
面膜大评测→BV1yA411g79C
最有效的防晒方法→BV15v411L7km
电动牙刷大评测→BV1yh411a7ZC
卫生巾评测→BV1BK4y1L7D8
安心裤评测→BV1S54y1572m",//i2.hdslb.com/bfs/archive/9f9c8983a619820d3ac665a01a16eceaa40e9b55.jpg,7725272,12277,109000,"一年一度好物大赛,美妆,护肤,分享,种草,产品,生活,洗面奶,测评,洗脸",10376,1640343540,232,280697,111167824
阿菠萝的菠萝壳,27544560,https://i0.hdslb.com/bfs/face/f0818dc7b282307275c3bd84aef5a499a5b6de95.jpg,159,时尚潮流,http://www.bilibili.com/video/av114687169534080,BV1mgMtzZETV,有种经济上行的美  【创始人时期的华伦天奴礼服】,"Valentino创始人时期（即截止到2008春夏高定）秀场上的礼服，都是裙装。
封面出自1995秋冬高定，暂时没找到这套的视频资源。
BGM：Lana Del Rey—west coast（Radio Mix）",//i1.hdslb.com/bfs/archive/839dd80e3b51a7e933989dfe14391f99c0e309c3.jpg,75353,64,1528,"模特,走秀,超模,礼服,服饰,T台,秀场,华伦天奴",75,1750486928,226,2807,1024436
一颗小兔娘,498099165,https://i0.hdslb.com/bfs/face/035c2c9e95c5487d0a9aca28c36f0cb20b0afc3f.jpg,252,仿妆cos,http://www.bilibili.com/video/av114544546422578,BV1BiJizAEki,兄弟，听说你喜欢修女，看看我这样的可以吗？,开祷！开祷！兄弟不好意思兄弟，今天好像演的太变态了，你没事吧兄弟,//i0.hdslb.com/bfs/archive/048d08a28e2a55b0a763757a8f4144e0ace38ecd.jpg,526914,283,18914,"胜利女神,nikke,胜利女神新的希望,胜利女神新的希望全平台上线",621,1747834031,159,33599,3677333
MANLIBRIDAL婚纱,383227235,https://i2.hdslb.com/bfs/face/34a6c39980e36200a6bf9474d6d48455afb5b190.jpg,159,时尚潮流,http://www.bilibili.com/video/av114414757871667,BV1RMLmzjEiK,从上海跳到巴塞罗那的仙女裙💜,-,//i2.hdslb.com/bfs/archive/9fe329a1401d8cbdfb4c2e40006e6d0e9f9a95f0.jpg,1010677,188,25557,"审美,时尚,礼服,服饰,时装周,秀场,婚纱礼服,仙女裙,备婚",625,1745933778,16,117153,5577586
mo莫么,454724946,https://i0.hdslb.com/bfs/face/2e242db4d867f9d8f00cf1803f0e580ace6a7ad5.jpg,252,仿妆cos,http://www.bilibili.com/video/av114738658803819,BV1omKGz8Ews,【自用  口月空】被逼的自给自足,-,//i1.hdslb.com/bfs/archive/6fbcf87ebddc95087d4695bada16b23f4b7979bc.jpg,35279,6,1191,"催眠,自用,助眠,生活记录,asmr,ASMR精选,口月空",194,1751044170,366,863,467194
五百-,163404472,https://i1.hdslb.com/bfs/face/88967c74d8c07642e2a24c524b9bf1502f649879.jpg,158,穿搭,http://www.bilibili.com/video/av1600229972,BV1P2421A7PU,【互换衣橱】让55岁老妈试试我的辣妹裙…居然！相差30岁穿同一件衣服有什么差别？,-,//i1.hdslb.com/bfs/archive/c6987383a5f008a3dcbe165ebbf4d61a072e08bc.jpg,3437601,965,11336,"女装,服饰,穿搭",80,1707795277,604,3888,43716087
一颗小兔娘,498099165,https://i0.hdslb.com/bfs/face/035c2c9e95c5487d0a9aca28c36f0cb20b0afc3f.jpg,252,仿妆cos,http://www.bilibili.com/video/av113819250597165,BV1EEc1eHEUY,我是一个很负责任的女人,-,//i2.hdslb.com/bfs/archive/a8e7744e223faca00708f3f9f721f2657addb823.jpg,1098566,261,21361,"女人,兔娘,小姐姐",1363,1736756536,19,72132,14754828
林芷伊kiwi,16993069,https://i1.hdslb.com/bfs/face/602512a85adb8231973dfd9ddc3694c031f4a7fa.jpg,252,仿妆cos,http://www.bilibili.com/video/av114692940895453,BV1KGN8zsEWs,舌尖上的哈基米,-,//i1.hdslb.com/bfs/archive/246f9b3fa1094ceefab3ac6c7bddd65a5f085d74.jpg,736350,4769,13752,"翻唱,赛马娘,哈基米,舌尖上的哈基米",2015,1750093998,54,67099,1417366
沐沐女王SS,3546851739437357,https://i2.hdslb.com/bfs/face/d14ad9337dbbddc6591b1bab4cdfa6862c78decd.jpg,158,穿搭,http://www.bilibili.com/video/av114756845313860,BV1xkKrz4E7e,医学女s的日常,-,//i0.hdslb.com/bfs/archive/542c011dca20d7b5dc24343e5c8c9cd4ad1e9105.jpg,19788,0,472,"医学生,医学,生活记录",39,1751051004,16,562,460360
幺鸡w,8155759,https://i1.hdslb.com/bfs/face/573d73519409ede2c33d3777a9092820e9cece33.jpg,252,仿妆cos,http://www.bilibili.com/video/av114670325276249,BV1t1MAzZEJM,如果你讨厌看到我的脸,-,//i2.hdslb.com/bfs/archive/1c74e9734b2032fd6b78cc9eac05904c13e052f3.jpg,133361,35,8600,"海贼王,女帝,航海王,汉库克,波雅汉库克,Cosplay,灵魂COS大赏,二次元副本大作战3.0",264,1749768345,13,15767,1743019
王墨绫子,352183158,https://i0.hdslb.com/bfs/face/73f9bb4e1cc6c19e776d12b9982f524fe74c26e5.jpg,252,仿妆cos,http://www.bilibili.com/video/av114776558607127,BV1ZSgDz7Epr,当网管的第一天,-,//i1.hdslb.com/bfs/archive/cabe19c3a383af81b928f3eab7215fb898dca38c.jpg,37091,10,624,"FPS,音乐游戏,MOBA",40,1751351404,52,1816,159960
倩倩的小饭桌,1476500387,https://i2.hdslb.com/bfs/face/81b7abbd9386b32fff51f758f2e152a620845acc.jpg,157,美妆护肤,http://www.bilibili.com/video/av531555591,BV1vu411G73z,那就和心心一起剪个美美的新发型迎接八月吧！,那就和心心一起剪个美美的新发型迎接八月吧！,//i0.hdslb.com/bfs/archive/ae541362225dcd2fcaeb69221d52ff453a2839e6.jpg,2421359,3,7473,"发型,头发,八月,美发,造型,心心,剪发,发型教程,迎接,暑期学化妆,开启暑假的100种方式",8,1690992267,120,884,60519097
我是411,9039575,https://i2.hdslb.com/bfs/face/7c36e157fbd4de05490c35eafd63798fc5506d9f.jpg,158,穿搭,http://www.bilibili.com/video/av114676197236102,BV1U4MBzoEgB,中国女孩的毕业照？当然汉服+非遗！,挑战用汉服搭配非遗拍一组属于中国女孩的毕业照~,//i2.hdslb.com/bfs/archive/ffb4a83c1af139ce00404d53561efe868cf4643f.jpg,765724,177,14318,"毕业,汉服,传统文化,国风,毕业照,非遗,丝滑变装,时髦毕业季,我就要我这样",891,1751023183,55,68661,488181
腥味猫罐,305956876,https://i1.hdslb.com/bfs/face/7553481382a5a338e2f6a6e153a22505e0face03.jpg,252,仿妆cos,http://www.bilibili.com/video/av114567480876040,BV1czjgzsEg3,想对你的操作指指点点,"麦小鼠看着你的帧率急的就要跳出来啦！！
等下，诶诶诶！！！你是哪位？？？！！！",//i1.hdslb.com/bfs/archive/be02acb6eb27f1907076f3bd4dd4d8a82c5e0d1c.jpg,2012879,482,42413,"COS,三角洲,AMD 锐龙9,腥味猫罐,传奇 所向披靡,魔霸9,传奇集结令,千帧电竞AMD,X3D燃爆千帧电竞,打游戏选锐龙9",2412,1748170505,137,109565,3340869
yui金鱼,3314672,https://i2.hdslb.com/bfs/face/aff5313e7fc0b2082c24d77e9d7dd5ecda941719.jpg,252,仿妆cos,http://www.bilibili.com/video/av114560618992475,BV15rjszJEFj,欢迎收看 人妻的衣橱,-,//i0.hdslb.com/bfs/archive/eb78b749676858c3f404e180b99c5f2ffc6378f4.jpg,158753,19,10090,"丝袜,女神,人妻,性感,萌妹子,诱惑,小姐姐,ian进行曲,KPOP回归前线3.0,ian进行曲挑战",172,1748078443,13,23272,3432931
虚拟AI豆,30293804,https://i2.hdslb.com/bfs/face/88f5802efc2288073280d01ce7d98205f29a4ee0.jpg,252,仿妆cos,http://www.bilibili.com/video/av114533976770057,BV1ceERzWEkb,别选口味啦！反正我更喜欢的是你们呀~ (卡/芙/坎),"看懂歌词的同学请回话~
鸣潮的美女角色，你更喜欢哪一个？",//i2.hdslb.com/bfs/archive/7142da664468a00e19116486c9f55d1a21c7e5ba.jpg,286640,31,8972,"二次元,美女,坎特蕾拉,Cosplay,鸣潮创作激励计划,卡提希娅,芙露德莉斯,鸣潮2.3版本创作激励计划",173,1749799688,23,22826,1711686
我是路十六,1133416079,https://i2.hdslb.com/bfs/face/b844bc748bd3d052c3d4a6769dbafd3454b626cc.jpg,158,穿搭,http://www.bilibili.com/video/av114702923469748,BV1hpN7zFE4J,比黑丝更爽的男生凉感裤，凉快到爆 | 夏季凉感卫裤/牛仔裤/西裤/休闲裤/工装裤/伞兵裤推荐,"模特身高179尺码，体重69kg
裤子均为L码",//i0.hdslb.com/bfs/archive/88c33f8f2608713e59e09586f2cd6c6716978e29.jpg,127837,16,1588,"清凉,牛仔裤,夏装,轻薄,通勤,穿搭,男生穿搭,西裤,凉感,解锁夏日时髦vibe,525夏日企划《我要我就这样》",220,1750357749,331,1796,1153625
漓漓与梦梦,12252209,https://i2.hdslb.com/bfs/face/4d41d86daac1bfb1ba0dbded06193ef42f918910.jpg,158,穿搭,http://www.bilibili.com/video/av114780769617165,BV1wR3HzLEaF,自从留起长发之后，差点忘记以前是干什么的,-,//i0.hdslb.com/bfs/archive/f3316a22d65b17a85fc302878286da99d2334f43.jpg,3747,2,24,"发型,头发,刻板印象,男生女相,美妆,换头,女装大佬,普通人变美指南,525夏日企划《我要我就这样》",26,1751415598,17,205,95776
虚拟中二病老头,3461576623392836,https://i2.hdslb.com/bfs/face/23688e56f9d3b8bc9d8f7a2d6ad4e752a27444f4.jpg,252,仿妆cos,http://www.bilibili.com/video/av114742484012042,BV1iBKJzSEzx,在丰桥的Gusto碰到一个女生，好像在喝别人饮料的样子…【败犬女主｜八奈见杏菜cos】,"非常匆忙的一次巡礼，很可惜的一点是碰上了动物园定休日T T
在パン 生菓子 ボン･千賀，店长一直在夸我可爱也非常贴心的介绍了店铺和周边打卡点！旁边两位来巡礼的日本小哥特意让了动漫原位置给我真的非常感谢…夸赞了我一番并说到“光是看着就很满足了”啊…二次元…心里暖暖的🥺",//i1.hdslb.com/bfs/archive/4a4c0824c1a57bdaf5b093d1d8fcee3514d748e6.jpg,204054,34,7127,"圣地巡礼,老八,cos,cosplay,败犬女主太多了,八奈见杏菜,二次元副本挑战者,丰桥圣地巡礼,二次元副本大作战3.0",414,1751079459,30,16103,431915
氧化菊,343099760,https://i2.hdslb.com/bfs/face/a43b656b1bd6c456496df74258b798a8586afbfd.jpg,159,时尚潮流,http://www.bilibili.com/video/av228934461,BV1Yh411F7m4,有野心从来不是贬义词 要站到更高的地方,-,//i1.hdslb.com/bfs/archive/66fac26724160625373a4b6d3ddbae2b9b8b4245.jpg,3552628,1864,40474,"戛纳,成长历程,戛纳红毯,vlog,氧化菊,时尚行业大公开,一起fun放假",2050,1684714333,214,500041,66797041
白白巧克李,505252200,https://i0.hdslb.com/bfs/face/2b09d66b81d516fb94cb7a3435f73fe5f816edea.jpg,157,美妆护肤,http://www.bilibili.com/video/av114755436088900,BV1bgK6z8Ee2,“画着你，画不出你的骨骼”,-,//i0.hdslb.com/bfs/archive/47513ffcfd0c4f8762a894fa60868b58fac4d600.jpg,40523,24,963,"旗袍,东方美学",75,1751029129,29,6301,482245
94596671306_bili,344890104,https://i0.hdslb.com/bfs/face/33a3be5baf454edc4c6992ac5d9cb5ce85805b70.jpg,159,时尚潮流,http://www.bilibili.com/video/av114760838286295,BV1gWKUzXEgs,中考前拍的一些乱七八糟,-,//i2.hdslb.com/bfs/archive/14d093b58d071030d2a9aee6ead2ba7c1c29f857.jpg,22440,4,450,"中考,初中,初三,体育生,田径,夜跑,生活记录,体考,随手记录我的生活碎片,来BW当然要拍vlog啦",40,1751111718,53,684,399656
小桑菜奈,31438993,https://i1.hdslb.com/bfs/face/e40b35b61a699707d1d00ce1e4576e8093ee0c0e.jpg,158,穿搭,http://www.bilibili.com/video/av1700225375,BV1iK42117x5,那些一眼种草的新年战服害我被亲戚笑惨了…,网红爆款新年战袍把精致土诠释的很到位…,//i2.hdslb.com/bfs/archive/9a396477a67c436012a4c8f6a8f16ecee60834c4.jpg,2444897,2645,40067,"踩雷,女装,日常,裙子,服饰,种草,穿搭,购物分享,#拜年纪,新年穿有型,b站时髦男孩画像征稿",704,1708054382,338,34851,43456992
喵喵球球丶,675844791,https://i0.hdslb.com/bfs/face/201f1c50cdc00bb7e2f5ce6d4e18c61b19674db4.jpg,252,仿妆cos,http://www.bilibili.com/video/av114759730994995,BV1FCK2zwEYs,这就是被封4个月的实力吗,-,//i0.hdslb.com/bfs/archive/9ffb25863cc8c3b6419f329a482d8846c49ec4b5.jpg,24549,1,795,"二次元,美女,美妆",47,1751094674,9,2581,416700
瑾曦曦曦_,12503169,https://i0.hdslb.com/bfs/face/4c65e2f8630c8e5238c0eff82b812456013ce800.jpg,252,仿妆cos,http://www.bilibili.com/video/av114765619863420,BV1B6gZzqEvU,来自毒水母的囧架架,-,//i0.hdslb.com/bfs/archive/ca3c5f1284cb7b1e00f559def95b63a7c50b006d.jpg,45791,4,8442,"二次元,坎特蕾拉,Cosplay,Cos,鸣潮创作激励计划,鸣潮2.4版本创作激励计划",107,1751213941,10,14920,297433
腥味猫罐,305956876,https://i1.hdslb.com/bfs/face/7553481382a5a338e2f6a6e153a22505e0face03.jpg,252,仿妆cos,http://www.bilibili.com/video/av114714197693513,BV1ZNKcz8EnQ,认识这几个角色的人都___了！,滴滴！！老二次元浓度查询！！有拍到你心里去吗~,//i0.hdslb.com/bfs/archive/aba7558f0aaebee7c3ed2a3b8cf395226bf182df.jpg,1954839,945,50609,"COS,凉宫,二次元,平泽唯,日奈森亚梦,vivo,腥味猫罐,二次元副本挑战者,vivoS30,S30 Pro mini,二次元副本大作战3.0",1961,1750415123,160,261331,1096251
害羞7,23237718,https://i0.hdslb.com/bfs/face/761a28af0395a89975815f7e464405818940a215.jpg,252,仿妆cos,http://www.bilibili.com/video/av114444000559199,BV1MhGdzXEy5,是你心目中唯一的女主角吗？,怎么这坡和动漫里的不一样？如果大家喜欢这期视频就一键三连吧！,//i1.hdslb.com/bfs/archive/4561b5048f5d6fba02db36c9927c34d0627dd937.jpg,601237,334,30630,"日本,二次元,可爱,圣地巡礼,路人女主的养成方法,加藤惠,路人女主,Cosplay,害羞7,二次元副本挑战者,二次元副本大作战2.0",1161,1746282156,181,117925,5229227
河野华,18343098,https://i0.hdslb.com/bfs/baselabs/f9c5bdd66e1cbcef05c96cd7b6c34d923d68a9f3.png,252,仿妆cos,http://www.bilibili.com/video/av113214398534615,BV12fxMedEf5,学妹！俺赌你的枪里没有子弹,"感谢温柔耐心的邢教官耐心温柔的指导，几天训练下来一起完成了这次期待很久的拍摄～一日夏令营，一生老兵情，求个点赞家人们！
（视频中枪械出现场景为国内合法靶场机构，正式拍摄均为摆拍无弹）",//i0.hdslb.com/bfs/archive/0f589fb2c6f97553401b4115c0aee83b02298a7b.jpg,2370854,1830,69330,"二次元,4K,手游,VLOG,Cosplay,河野华,骇爪,麦晓雯,三角洲行动正式上线",1467,1727534473,222,110500,23976910
我是411,9039575,https://i2.hdslb.com/bfs/face/7c36e157fbd4de05490c35eafd63798fc5506d9f.jpg,158,穿搭,http://www.bilibili.com/video/av114755268255336,BV1mdK6zZE2u,如果汉服有时尚杂志？国风女孩的夏日色彩穿搭LOOKBOOK,挑战用三种中国传统色拍摄汉服时尚大片，致敬流传千年的华夏之美~,//i1.hdslb.com/bfs/archive/efc4f2d699d34b068facd04bc6191b6a99602898.jpg,18494,124,894,"汉服,国风,色彩,穿搭,LOOKBOOK,ootd,新中式,中式灵感官,解锁夏日时髦vibe,525夏日企划《我要我就这样》,东方潮流客",111,1751026569,72,3136,484814
醒醒_妆毛cos一体机,259420515,https://i0.hdslb.com/bfs/face/8b559cebd758ff5acf770247f5a354958b8d268f.jpg,252,仿妆cos,http://www.bilibili.com/video/av1805800393,BV1mb421H7Pg,【审美积累】来看看百w播放的假毛能有多细致,大家好呀我是醒醒 属于二次元的四边形战士 主页有很多妆/毛教程哦～需要可以关注ovo,//i2.hdslb.com/bfs/archive/bba58e6b97396b990753410dc4a98bcf9a317a6c.jpg,2025577,1507,88861,"二次元,假发,星计划,cos,cosplay,假发造型,cos假发",1204,1721385852,92,405497,30125531
Yurin_幽陵,1546121595,https://i0.hdslb.com/bfs/face/bcf6bc8a9c047a97f7dda9057a5165259b3866fe.jpg,252,仿妆cos,http://www.bilibili.com/video/av114624473145232,BV1AGT7z9E3e,所以到底是哪个黄金裔的脚最臭？,"开拓者是我
赛飞儿出镜是我对象@榭桥咕咕",//i2.hdslb.com/bfs/archive/d7d75d5a36532af043da4314e5e78dc72e9ec5a1.jpg,173635,17,5005,"开拓者,cos,Cosplay,崩坏：星穹铁道,星穹列车团,星穹铁道赛飞儿,崩坏星穹铁道3.3创作者激励计划",136,1749057198,38,14383,2454185
山城小栗旬的理发日记,1869712375,https://i1.hdslb.com/bfs/face/21a7acb06d7ecbd35d27213f87ea6749f9fd18e0.jpg,157,美妆护肤,http://www.bilibili.com/video/av935458230,BV1AT4y1m7Fc,这肆无忌惮的颜值，说什么做什么都是对的,-,//i2.hdslb.com/bfs/archive/8f43032abc771aaf904b887d727b403c5ae66735.jpg,8045710,10348,35430,"搞笑新星训练营2.0,搞笑新星训练营,发型",4957,1675509503,109,357065,76001880
味莫斯Aretha,478579095,https://i0.hdslb.com/bfs/face/bc25d93471266328d710b65f94560023b552c7bf.jpg,158,穿搭,http://www.bilibili.com/video/av1553370669,BV1B1421d7SE,给直男一点大大的震撼,我还没有怀孕 谢谢,//i2.hdslb.com/bfs/archive/02b6274e62e87278e3cef2c2b3b5f25153784edf.jpg,3814251,744,13739,"美女,性感,御姐,真实,直男,蕾丝,拍照角度,微胖,搞笑女,有趣人类穿衣指南",1822,1713464591,20,61780,38046792
Maka酱,345784,https://i1.hdslb.com/bfs/face/130d9b2d8b12ac028fa5bd2ed8583b6abe753125.gif,252,仿妆cos,http://www.bilibili.com/video/av113693991966186,BV15jkYY8EL3,她好像真的活在二次元,"*一些用不上的片段，不想浪费了好天气，拌着伟大的bgm化作粗点心(  ˙༥˙  )
制服包ooc致歉（太过实用也是错x",//i0.hdslb.com/bfs/archive/2afed920b61d22142e735128beeec1943d826b05.jpg,2138601,537,98307,"制服,新世纪福音战士,二次元,日常,明日香,花絮,次元壁,cos,cosplay,maka",3008,1739265573,38,320400,12245810
云知笑,251014432,https://i1.hdslb.com/bfs/face/94290e4d21bbad82af0659de5a62cfd14c8eef83.jpg,252,仿妆cos,http://www.bilibili.com/video/av114742198797385,BV1sNKnzwEwh,《调香师》下｜我亲手杀死了最爱我的姐姐,-,//i2.hdslb.com/bfs/archive/8e27edf6a0492c0a251b09040a532e6371307ce5.jpg,1210710,1,16307,"自制剧,克洛伊,薇拉,调香师,第五人格,调香师背景故事,调香师cos,第五人格庄园纳凉夜",22,1751035936,66,2716,475447
演员灼一,364836519,https://i0.hdslb.com/bfs/face/83da0bba1409a590bf4fc053a11f723fdd875f35.jpg,252,仿妆cos,http://www.bilibili.com/video/av114555317390863,BV14qJxzQE8C,影视圈真正的普女是怎么活下来的,阿婆从2018年偶然入行至今其实很少回顾过往，容易让自己陷入痛苦的泥潭，很多艰难的、不公的事情在视频里可以轻松略过去，可那是阿婆实打实挣扎过的七年时间，感谢耐心听我讲了一遍模糊不清的流水账。,//i2.hdslb.com/bfs/archive/70c40a7bca38e384f5a4770fb3577e135a9ab528.jpg,206239,369,1745,"吐槽,电影,娱乐,现实,真实,情感,年轻人,娱乐吃瓜大会,娱乐吃瓜大会10.0",910,1748153876,370,20460,3357507
云知笑,251014432,https://i1.hdslb.com/bfs/face/94290e4d21bbad82af0659de5a62cfd14c8eef83.jpg,252,仿妆cos,http://www.bilibili.com/video/av114778202770312,BV1hrgQzkEkk,诶！骗人的吧！我不是武学奇才吗？,-,//i0.hdslb.com/bfs/archive/abd571dca07e839a8ae13d75a891b93f05f20188.jpg,15669,0,795,"Cosplay,逆水寒手游,逆水寒周年庆,潮光,逆水寒周年庆创作激励计划",20,1751376600,10,1891,134783
聂小倩她老板,431615976,https://i0.hdslb.com/bfs/face/d3be65d78fb1280568bd852c282669c83c116164.jpg,157,美妆护肤,http://www.bilibili.com/video/av1053573520,BV1nH4y1A7gL,挑战外网很火的印度变装！全球最强系列,-,//i2.hdslb.com/bfs/archive/69c02ca0d87bb9840299db606d170939e0d9d18c.jpg,3199563,1134,29098,"变装,印度,挑战,化妆,彩妆,外网,美妆,美妆教程,印度变装",2098,1713792769,61,468776,37718614
孟程程_,3494380809750611,https://i2.hdslb.com/bfs/face/dffaa97d61561161722e4a3ab0e4e8516a00a84a.jpg,252,仿妆cos,http://www.bilibili.com/video/av114753590527529,BV1RaKizZEkq,眼神是藏不住的,摄影：@希尔菲娜18,//i0.hdslb.com/bfs/archive/6189421b138afe2b64805ba3417abfe750306a7b.jpg,106028,12,8924,嫌弃,292,1751001011,8,13803,510372
知名相声演员BBBBB大王,15892313,https://i2.hdslb.com/bfs/face/e40bb6be0e7aa5d3f2838313bb47a59358481577.jpg,157,美妆护肤,http://www.bilibili.com/video/av780795912,BV1y24y1g7VH,我在泰国海上“亖里逃生”？段子之神眷顾的倒霉一生,"我在泰国海上“亖里逃生”？怎么来姨妈出海还能遇到暴风雨？1+1倒霉大于2,我和“剪辑”被“段子之神”光顾的一生。。",//i1.hdslb.com/bfs/archive/5e3551ceda68fb3070250edbbcfc98fa3d0a994b.jpg,2974521,3902,13544,"搞笑人有没有爱情,美妆,泰国,搞笑,吐槽,Vlog,美妆教程,时尚,逃生,分享",1308,1680235986,494,141819,71275397
全国知名小雪糕,77587039,https://i1.hdslb.com/bfs/face/ff9474bd12b7ea69a55d45ba0d11fa3fff90fca6.jpg,157,美妆护肤,http://www.bilibili.com/video/av1651469831,BV1rj421U7qb,挑战给50岁妈妈化爆火的网感妆 你们觉得好看吗,"爱美不分年龄，妈妈也可以爱美，请妈妈们大胆地对美丽羞耻症说不
化妆变美，自己开心喜欢就可以的妈妈
希望每一个女生都能大大方方自信地展示自己的美丽",//i0.hdslb.com/bfs/archive/a28a38179cbbb356a74182fe971ec2ed40720ea4.jpg,4413429,575,32059,"化妆,自信,妆容,美妆,美妆教程,美丽羞耻症,时髦精的必备单品,爆改妆,在b站，看懂时装周",132,1709863457,750,11568,41647928
塑料叉FOKU,130636947,https://i0.hdslb.com/bfs/face/b23b68a60d4330aaa04c7785594bacad3837ff11.jpg,157,美妆护肤,http://www.bilibili.com/video/av1750674520,BV184421F7NV,幼态牙，宝宝碗…现在的幼态审美为啥越来越变态了？,"观察了全网【幼态审美】风向一年有余，最近可真是越来越邪门了……
部分幼态审美我认为已经进化到了【变态】的程度，叉宝遂跟大家唠一唠，掰扯掰扯，里面不乏我一些浅显的观测和理解，请各位老师赐教！（抱拳）",//i0.hdslb.com/bfs/archive/2c060fa53c27e38c6e2f6c1ae69a521230f5a3d1.jpg,3512724,21121,25777,"吐槽,搞笑,审美,时尚,护肤,爱豆,美妆,幼态,塑料叉,2024bilibili迎春会,春节颜值逆袭妆",5448,1707650380,481,151712,43861005
大沛沛沛吖,107242102,https://i1.hdslb.com/bfs/face/b6932a8972a1770b0e9f801530be3923c4d28069.jpg,158,穿搭,http://www.bilibili.com/video/av1705581988,BV1FT421e7qa,以为憋了个大的，结果拉了坨大的…,,//i2.hdslb.com/bfs/archive/6e9f655dc0108d1fdef8b0dc087f02292373981b.jpg,2240836,1609,4801,"发型,女明星,时尚,风格,妆容,美妆,穿搭,孟美岐,美商,暑期学穿搭,夏日灵感企划",600,1717874985,294,29697,33636400
夏洛特抓拍公主,3546561705413380,https://i1.hdslb.com/bfs/face/4a8f43ddf1c26abc63a5fc8a7063c50e4391f3df.jpg,159,时尚潮流,http://www.bilibili.com/video/av114409473054875,BV1mMLzz5Eov,怎么做到的毫不费力 把人钓成翘嘴！！,-,//i0.hdslb.com/bfs/archive/5769b76243e3528063557515f1bf2626381a2692.jpg,258849,284,7139,"绅士,帅,墨尔本,银发,搭讪,雅痞,daddy,陌生人的温暖,随手记录我的生活碎片,夏洛特抓拍公主,春天观察日记——寻找100个宝藏vlogger 2.0",733,1745764480,102,46058,5746905
流萤Zz,2108856,https://i0.hdslb.com/bfs/face/6b50ab776df772941c92a168e8a06c7e9c3718d3.jpg,252,仿妆cos,http://www.bilibili.com/video/av1851133912,BV1uW421P76f,“只要我不尴尬，尴尬的就是别人！”,迫害美少女吾辈义不容辞，感谢小伙伴们陪我玩，下次还敢,//i0.hdslb.com/bfs/archive/4b6ecf5f1db41b0b015cf9f4f2c45fbb7650f947.jpg,2080573,547,17583,"搞笑,诚哥,尴尬,猫罐,流萤,姜生花,社死,元梦之星,年度最强cos大神,埋葬的芙莉莲",266,1709017268,622,63225,42494117
瞿梦云,16200503,https://i2.hdslb.com/bfs/face/32756d3cd7acdce4f75fb1847c4819923fa2eb28.jpg,159,时尚潮流,http://www.bilibili.com/video/av114584593629478,BV1NnjBz3Eu6,孕育生命的地方，不会被“脏”玷污,如何塑造一位他人眼中的好女孩,//i2.hdslb.com/bfs/archive/5ea3c9887beb75a8909b23b0a231e954f87c2dd1.jpg,371358,126,7561,"国风,女性力量,东方美学,女生必看,女性成长",454,1748454945,69,65642,3056440
糕哥枣糕DAZE,1574624,https://i2.hdslb.com/bfs/face/ec8be46e409d6c02b6b662bfdb8464777b8ab25e.jpg,252,仿妆cos,http://www.bilibili.com/video/av114745403247848,BV1zxKSzgERf,你的命运……掌握在我的手中,"暗黑哥特幻想RPG手游《银与绯》全平台公测开启,首月活动免费送300抽+2个SSR眷属~",//i1.hdslb.com/bfs/archive/81ca7f33a0656dbd1f55dbacee9e59ff552ad49d.jpg,98198,351,4338,"二次元,枣糕,RPG手游,暗黑哥特,银与绯,银与绯创作者激励计划,银与绯公测开启,银与绯公测可得300抽",228,1750941320,28,10961,570065
菲菲酱酱紫,3461578991077818,https://i0.hdslb.com/bfs/face/bab9e686b49b21e1f24d7209434ce6696607f6ce.jpg,252,仿妆cos,http://www.bilibili.com/video/av114704030633637,BV1NDNEzfEqC,厚黑的紧绷感不适用于夏天哦！,-,//i1.hdslb.com/bfs/archive/b98824e0dc6776537515154e000d44e32dc53ace.jpg,21597,0,529,"服饰,穿搭,UP影剧综指南",16,1750244806,10,620,1266579
喵呜雨Ame,11991358,https://i1.hdslb.com/bfs/face/3c6879bab35044ea9ec050f94e0f02bcf47368ea.jpg,252,仿妆cos,http://www.bilibili.com/video/av114755016596514,BV15oKqzhE63,懂人心的王,-,//i0.hdslb.com/bfs/archive/586b6d527c72cabf7ec19e1c0942a5eb77e53928.jpg,61892,12,3261,"阿尔托莉雅,FGO,fate,saber,fgo,命运-冠位指定创作者激励计划,迦勒底创作高能团,命运 - 冠位指定创作者激励计划 第三期",149,1751169617,24,6005,341768
山城小栗旬的理发日记,1869712375,https://i1.hdslb.com/bfs/face/21a7acb06d7ecbd35d27213f87ea6749f9fd18e0.jpg,157,美妆护肤,http://www.bilibili.com/video/av851190562,BV1BL4y1W76T,“我”《一个听不懂人话的理发师》,-,//i1.hdslb.com/bfs/archive/cb389c7b74574a24088b6f6a6347aa8a847d7e20.jpg,6840138,16982,20157,"寻找全国最牛Tony老师,时尚,发型",15819,1675509503,165,355964,76001882
妤丸呐,23362672,https://i1.hdslb.com/bfs/face/f570fbbbf0298cc3a48eabcb37309a62e25541ce.jpg,158,穿搭,http://www.bilibili.com/video/av114766257332088,BV1ob3czrEKy,吃了吗没吃的请你吃巴掌,-,//i0.hdslb.com/bfs/archive/58e85b126d5a85f8960aab0733c322774b8cef02.jpg,21709,0,1790,"日常,小姐姐",38,1751194284,11,2474,317101
大沛沛沛吖,107242102,https://i1.hdslb.com/bfs/face/b6932a8972a1770b0e9f801530be3923c4d28069.jpg,157,美妆护肤,http://www.bilibili.com/video/av284056173,BV1oc411s71Q,她的脸到底要怎么救啊！！！！！,,//i1.hdslb.com/bfs/archive/660c0fd6cca406c6129f4a5e005fc3bb9fe2579f.jpg,3878392,2741,9965,"整形,美妆,喵喵球,千人千面·民族之美,刚满十八岁,国风妆容原来这么美",2098,1705772735,286,52106,45738650
神神叨叔,1138429205,https://i2.hdslb.com/bfs/face/45389d674017f1c8cfb510be1d036e522700f21c.jpg,159,时尚潮流,http://www.bilibili.com/video/av114646853944591,BV1TMT9zAEsS,“风格视觉锤”——顶级美人秘而不宣的硬通货,为什么十年前内地红毯可谓是神仙斗法，即便是不起眼的小咖都泛着鲜活的生命粗粝感与灵动个性？而如今女星妆发、服装、表情与仪态管理一丝不苟、面面俱到，却总让人提不起兴趣？,//i1.hdslb.com/bfs/archive/90da2ecd899a06545c375ac3f4454f98f8a4c66c.jpg,119536,21,539,"杨幂,孙俪,风格,红毯,鞠婧祎,宋佳,变美,SUPER UP作者引入计划,时尚解读者,芭莎明星盛典",45,1749492830,273,3087,2018558
听霜_,100201761,https://i0.hdslb.com/bfs/face/e6709dd8e152fb8647f71d2330e10c545e43a733.jpg,252,仿妆cos,http://www.bilibili.com/video/av114623164454754,BV1YL7zz4E2T,论一张立绘让我剪了一件校供的含金量,-,//i1.hdslb.com/bfs/archive/5d29664b3ffcdc289dbc569b1595984ed52096f2.jpg,171088,19,12329,"Cosplay,鸣潮,鸣潮创作激励计划,鸣潮2.3版本创作激励计划,鸣潮千咲",405,1749019714,43,36702,2491674
幺玖伍195,3546588603484509,https://i0.hdslb.com/bfs/face/2843fdd734eac4e01e6ca1bcf3fd73ebbee5566f.jpg,252,仿妆cos,http://www.bilibili.com/video/av114457120345788,BV1uQVkzRE9J,擦的就是边,,//i2.hdslb.com/bfs/archive/b19709e7c11e979d4e345780b37308a7d698f9ee.jpg,1279848,741,42828,"cos,cosplay,世界线漫展,漫展整活,卡芙卡cos,湮湮",289,1746561408,18,103326,4949980
菜菜1911,92962087,https://i1.hdslb.com/bfs/face/4d5ab45285324e54386d2449bd1ec0ca3559648c.jpg,159,时尚潮流,http://www.bilibili.com/video/av114766441881512,BV1Jr3FzyEHV,等着我的亿万专属座驾来接你,-,//i0.hdslb.com/bfs/archive/9def5c36cd513512bf2e41cb06d017cd694804d0.jpg,14377,2,1074,"爱情,女神,高能,小仙女,小姐姐,颜值",26,1751197161,11,1327,314227
靓仔董米粒,558215888,https://i2.hdslb.com/bfs/face/29045c0176a4c732da33a6cd53659c68900feecc.jpg,158,穿搭,http://www.bilibili.com/video/av113407370010367,BV1xuSRYFE9r,不懂就问：现在的审美怎么变成这样了！？,-,//i2.hdslb.com/bfs/archive/52114b742037ae1c9057a24053fc5ac4d758ce88.jpg,1161732,685,5993,"踩雷,日常,化妆,分享,美妆,种草,变美,审美降级",404,1730647541,473,7812,20863847
六二二同学w,171368594,https://i2.hdslb.com/bfs/face/46aca55e52d367f0055a6704a3482aff573faa18.jpg,252,仿妆cos,http://www.bilibili.com/video/av1603250161,BV1Zm421j7Nr,千织：就是你小子想看我的鞋？,"BGM：Henry Young,Ashley Alisha - One More Last Time",//i2.hdslb.com/bfs/archive/3762eba4e260b0d615114e007bef8cc8d5e0d6e0.jpg,1829808,779,53668,"二次元,4K,美拍,Cosplay,千织,原神UP主激励计划",901,1713604381,54,127884,37907007
幺玖伍195,3546588603484509,https://i0.hdslb.com/bfs/face/2843fdd734eac4e01e6ca1bcf3fd73ebbee5566f.jpg,252,仿妆cos,http://www.bilibili.com/video/av114776961256374,BV1wqgDz4EX6,这拍的啥,,//i2.hdslb.com/bfs/archive/0dd17224a90e27311287a7f243a2319a9659da70.jpg,8244,2,80,"拍摄花絮,搞笑小剧场,甜妹,失眠熊,UP 小剧场 3.0",13,1751378403,16,311,132985
宋京墨,90786722,https://i2.hdslb.com/bfs/face/75393621fd320b37f5987ef9fa636350bb9d3145.jpg,158,穿搭,http://www.bilibili.com/video/av114340619355683,BV1XhdZYAEiK,DailyVlog.低能量i人的一天/整理/春季医美,"朋友们春天好！

谢谢直白美学
谢谢大家！",//i0.hdslb.com/bfs/archive/78160ddc96b66f84ccca505886cf19e14958db1d.jpg,255113,173,940,"日记,记录,生活记录,vlog",101,1744775013,586,2445,6736375
小小小思源哎,3546569800419810,https://i0.hdslb.com/bfs/face/ffb28895736c1dc5aad2de64b0668ed195002d11.jpg,157,美妆护肤,http://www.bilibili.com/video/av114642592467465,BV1dBT2ztEMw,不是要看无剪辑的吗,-,//i0.hdslb.com/bfs/archive/521fb3fff6230c14d1696bdc3ebe3a073683b48b.jpg,177842,453,509,"原创,娱乐,新人,剪辑,记录,助眠,护肤,生活记录",256,1749507072,544,6427,2004316
七月大人阿,263301863,https://i2.hdslb.com/bfs/face/afe8fef46921506bf32968a810a0116ca3db4471.jpg,158,穿搭,http://www.bilibili.com/video/av1206477842,BV1wf421i7jf,报恩裙！适合圆身肉肉女生的绝美度假约会神裙！有点肉穿更好看！157/100,157/100 体脂高的肉肉身材,//i0.hdslb.com/bfs/archive/fa4346baba4fb7cd59eccb93fc9091568b1932fc.jpg,1583442,923,5575,"女装,裙子,时尚,服饰,连衣裙,显瘦,种草,穿搭,还是淘宝香",222,1726025361,292,6095,25486035
镜酱_,3015651,https://i0.hdslb.com/bfs/face/e2254550ccbd493f167d0cc21e0c6cfe8a3f1560.jpg,252,仿妆cos,http://www.bilibili.com/video/av114761677151442,BV1ojgRzxEHA,一条烫jio的报备视频,海边现在真的太烫了！,//i2.hdslb.com/bfs/archive/116a51b6417b9d517134b00494e7685d71757e1b.jpg,30969,2,2946,"日常,鸣潮,报备视频,守岸人",63,1751169615,15,4930,341781
SENSTREET_,3493110977923359,https://i0.hdslb.com/bfs/face/44ca0206f490b12cb1d0bca291208a87952737fb.jpg,159,时尚潮流,http://www.bilibili.com/video/av114708896094079,BV1zBNszwEkv,一种实穿又耐看，随便搭也不出错的造型：工装Workwear | 风格与趋势解析,本期 SENSTREET「风格与趋势解析」为你分享不受流行左右的工装时尚Workwear，并呈现夏日工装造型思路。从人气女团的舞台造型到时尚 ICON 的街拍，工装几乎能自然融入任何风格，成为当代衣橱中的通用「制服」。工装既是复古文化与 Vintage 风潮的核心单品，也频繁出现在机能风、Y2K、西部牛仔等造型美学中。从最初的功能性工作服，到承载反叛精神的符号，工装的旧物流入古着市场，而其为实用而生的设计语言，也持续启发着无数设计师。在强调长期主义的当下，工装与 Vintage 单品，仍是众多风格爱好者的,//i0.hdslb.com/bfs/archive/04df54354662a70b040c3e69018ac287e7b490b9.jpg,324858,206,21873,"复古,设计,时尚,穿搭,vintage,工装,解锁夏日时髦vibe,525夏日企划《我要我就这样》",165,1750405817,280,56941,1105579
小桑菜奈,31438993,https://i1.hdslb.com/bfs/face/e40b35b61a699707d1d00ce1e4576e8093ee0c0e.jpg,158,穿搭,http://www.bilibili.com/video/av114698276052804,BV1LMNBzFEsX,我被资本做局了！前LV搭配师是谁捧上天的,花9K8体验虞书欣同款搭配师！到底值不值,//i0.hdslb.com/bfs/archive/809c617980dff76ade9c7b924f0a0bc52671b895.jpg,343544,34,18607,"踩雷,明星,测评,品牌,奢侈品,造型,服饰,穿搭,资本做局,当时髦精闯进痛圈",47,1750240229,398,4728,1271167
发财张twiggy-,9883058,https://i2.hdslb.com/bfs/face/0e630dac103e12d40ab00a1189a0d8000690c031.jpg,157,美妆护肤,http://www.bilibili.com/video/av114726377887318,BV1aKNRzvEPf,十年前人手一支，现在却无人问津的大牌口红,-,//i1.hdslb.com/bfs/archive/3be5d11808e213289f57966575eaadcae8678d67.jpg,43122,127,402,"口红,美妆,口红试色,普通人变美指南,525夏日企划《我要我就这样》",169,1750598872,244,3448,912524
Steven宫沐泽,383557298,https://i2.hdslb.com/bfs/face/1726e0582348d011d43695f7ad17375deb463051.jpg,252,仿妆cos,http://www.bilibili.com/video/av114579308813755,BV1qmjdz1E9M,风雨飘摇 江湖的恩怨难消,-,//i2.hdslb.com/bfs/archive/87e200c33e89f9f1715f9607e3419f6440304d74.jpg,283028,123,10748,"盗墓笔记,黑瞎子,cos,行走江湖摇",193,1748341751,17,46260,3169645
是可乐要加冰,276191534,https://i2.hdslb.com/bfs/face/abefea7e608154b81516bd1d7eb44feda3f2b798.jpg,158,穿搭,http://www.bilibili.com/video/av114704684944497,BV13CNnzGEAS,当你有权利做出选择的时候，别让自己后悔,-,//i1.hdslb.com/bfs/archive/1509011f99354695df70b18184af3b8e69f96487.jpg,77830,10,5254,"美女,服饰,穿搭",97,1750254821,13,11221,1256575
樱梨梨Eriri,156211,https://i1.hdslb.com/bfs/face/9dd39fb1cfbaa7e479a9977ad25acca261a5a138.jpg,252,仿妆cos,http://www.bilibili.com/video/av114738138713242,BV1brKVzWEoi,珍爱生命 远离赌毒,-,//i2.hdslb.com/bfs/archive/05de7635b94655d3fa6eeb9d322a6b9a09a41188.jpg,113154,5,6518,"猎奇,搞笑,日常,反转,抽象,cos,cosplay,整活,在整一种很新的活,UP 小剧场 3.0",157,1750816613,27,15402,694785
Lis栗子,7234083,https://i0.hdslb.com/bfs/face/83c6735bab04e42b969d328f999b1a12634ad262.jpg,252,仿妆cos,http://www.bilibili.com/video/av114607444201990,BV1L97zzhEAi,后宫最好看的人竟然是个宦官…,实则不然 还是有的,//i1.hdslb.com/bfs/archive/34275ac188470f7aca63c7b78dc3bc2261dd2e67.jpg,135034,2716,6551,"古风,cos,cosplay,药屋少女的呢喃,壬氏,灵魂COS大赏,二次元副本大作战2.0",97,1748834256,17,45241,2677142
氧化菊,343099760,https://i2.hdslb.com/bfs/face/a43b656b1bd6c456496df74258b798a8586afbfd.jpg,159,时尚潮流,http://www.bilibili.com/video/av113929158135990,BV1AkFYeWE52,氧化菊涨粉千万的爆款相机分享！自媒体必看,-,//i1.hdslb.com/bfs/archive/faf5adb298467631713627df032d27a811d6b059.jpg,1137876,25,75303,"摄影,相机,自媒体,生活记录,相机分享,24~25时髦healing漫游,时髦聚光灯",86,1738529651,321,22746,12981747
虚拟AI豆,30293804,https://i2.hdslb.com/bfs/face/88f5802efc2288073280d01ce7d98205f29a4ee0.jpg,252,仿妆cos,http://www.bilibili.com/video/av114754697891795,BV1JxKBzrE4M,星空下的日落 照耀着玫瑰园的丝柯克,别被花迷惑，她的眼神才是真正的深渊。,//i2.hdslb.com/bfs/archive/407e2dba5b707e3be90ac69cb8786c23130a08ee.jpg,56355,9,2391,"女神,性感,漂亮,日落,颜值,Cosplay,原神UP主激励计划,丝柯克,原神5.7UP主激励计划",39,1751018110,18,5178,493288
腥味猫罐,305956876,https://i1.hdslb.com/bfs/face/7553481382a5a338e2f6a6e153a22505e0face03.jpg,252,仿妆cos,http://www.bilibili.com/video/av114703627981371,BV1wANJzDEw1,就让我来见证你的命运,,//i0.hdslb.com/bfs/archive/982069b57b153ac7a9b864fd4dc27018cc81409d.jpg,427784,85,15283,"小姐姐,cos,原神,腥味猫罐,原神UP主激励计划,丝柯克,原神5.7UP主激励计划",630,1750246123,15,58940,1265275
喵喵球球丶,675844791,https://i0.hdslb.com/bfs/face/201f1c50cdc00bb7e2f5ce6d4e18c61b19674db4.jpg,252,仿妆cos,http://www.bilibili.com/video/av114751711485571,BV1wwTFzqELC,没有一粒肉是白吃的,-,//i1.hdslb.com/bfs/archive/a795147e3bb25fb1f9d1247927101a09784e318d.jpg,36018,3,3505,"二次元,美妆,Cosplay",100,1750972417,11,6660,538981
Saladbob,8065474,https://i1.hdslb.com/bfs/face/db62935f91ebdfb6e73fe6005349d148113f47fd.jpg,158,穿搭,http://www.bilibili.com/video/av114595549159313,BV1Ba7HzQESp,纽约真的逛不完！｜沉浸式纽约逛街探店VLOG,Woo全体成员出行纽约，吃喝玩乐逛街探店一手抓！！！,//i0.hdslb.com/bfs/archive/c846404f191b3fa806603251ca6f915f528a46fd.jpg,842639,1056,10157,"美国,旅行,美食,纽约,潮流,时尚,探店,古着,Vlog,Woo",334,1749272193,2975,8441,2239205
山城小栗旬的理发日记,1869712375,https://i1.hdslb.com/bfs/face/21a7acb06d7ecbd35d27213f87ea6749f9fd18e0.jpg,157,美妆护肤,http://www.bilibili.com/video/av680434931,BV1aS4y1T7QF,被同行找上门“切磋手艺”   看看最后这样达到了他的要求了吗,-,//i1.hdslb.com/bfs/archive/ce7799cb9f57916e160e18208c14f45e2071bf31.jpg,6671725,4680,23159,"B站小剧场,原创,沙雕,挑战",3095,1675509503,134,288140,76001895
八云兔不秃,37177491,https://i0.hdslb.com/bfs/face/2631a44960488330674974254443beecf599f690.jpg,157,美妆护肤,http://www.bilibili.com/video/av114229151538957,BV1MAZKYEESp,理发师：没逝的，这头发一点也不短,-,//i0.hdslb.com/bfs/archive/a93bb062a378400b6ff17d73d5b1df10fa940547.jpg,539961,1347,1941,"搞笑,日常,改造,发型,理发师,短发,沙雕,搞笑小剧场,爱冒险的朵拉,朵拉头,bilibili大玩家·愚人整蛊大作战",1743,1743019766,180,34331,8491632
咕咕是个小袍子,509195588,https://i2.hdslb.com/bfs/face/98b6bcf688a03e33757146c351c564040228dc63.jpg,157,美妆护肤,http://www.bilibili.com/video/av114641585903507,BV1JbTyzoE8E,请更新你的今日穿搭,-,//i1.hdslb.com/bfs/archive/122390e115d4bbbb2a0a3a2187ffd283a2b5ea50.jpg,794513,163,26842,"女装,古风,国风,服饰,穿搭,新中式,甜酷风,今日出门怎么穿,东方新中式图鉴",1365,1749446345,33,91210,2065053
落落的穿搭笔记,1833357828,https://i0.hdslb.com/bfs/face/5e9b1c291e2721a5c7cd04359d1b0f477205fe47.jpg,158,穿搭,http://www.bilibili.com/video/av114600330661067,BV1aP7cznEBE,测评33件速干衣，我找到了最强的那件！李宁/优衣库/迪卡侬/伯希和/安德玛速干衣大测评,评论区揪15个倒霉蛋宋这此测评的速干衣哦,//i1.hdslb.com/bfs/archive/988f1101802b12be512c0cd6484eeec3f9d8934c.jpg,166779,88,3702,"测评,李宁,学生党,男装,服饰,性价比,穿搭,男生穿搭,速干衣,525夏日企划《我要我就这样》,时髦毕业季",429,1748859378,474,3985,2652020
夙胤魔尊言生生,19942518,https://i0.hdslb.com/bfs/face/a828fbcd948cdc8f0b3cb76e1fd5d87223b905ec.jpg,252,仿妆cos,http://www.bilibili.com/video/av114092165565507,BV1wz9tYbEUg,【言生】一人分饰哪吒八个角色，有你喜欢的吗？,-,//i2.hdslb.com/bfs/archive/7c25f076ed47397ae963ef58d1fafb6b508bb471.jpg,621900,11673,20454,"申公豹,哪吒,Cosplay,鹿童,鹤童,殷夫人,敖丙,敖光,敖闰,哪吒之魔童闹海来袭",1174,1740946218,31,75486,10565180
浑元Rysn,42561463,https://i1.hdslb.com/bfs/face/07183aa68314436dac1e73a09e9cfd36a843672a.jpg,252,仿妆cos,http://www.bilibili.com/video/av114527366553384,BV1JsJuzdEM6,假如在coser背后，用唢呐吹他们的角色主题曲【1999篇】,这是谁在说话？不认识,//i1.hdslb.com/bfs/archive/1f8edd9c02ac0330a62b6e5992d321e3531e55f6.jpg,926571,387,6957,"搞笑,角色,唢呐,整活,浑元,重返未来1999,维尔汀,拍硬档,重返未来二周年生日庆典,重返未来1999二周年生日创作庆典,1999二周年怎么玩都有面",437,1747563870,312,33278,3947528
伊喵_Master,9161587,https://i1.hdslb.com/bfs/face/36ae61403eba78a21e9470afc0a3d04bf679a96f.jpg,252,仿妆cos,http://www.bilibili.com/video/av114449570667424,BV1bUVPzVEH7,【vlog】不要被女孩可爱的外表骗了！灵界约会篇,-,//i1.hdslb.com/bfs/archive/961a5acc4e44e4af95e165802515894c02572d9c.jpg,388790,529,6826,"可爱,女神,女孩,约会,镇魂街,高甜,生活记录,Vlog,百联zx造趣场,二次元副本挑战者,二次元副本大作战2.0",113,1746441279,165,24566,5070123
Midoriko绿子,8048877,https://i0.hdslb.com/bfs/face/6c8cbfce18d593a2c36d612fb9532d2be66d2101.jpg,252,仿妆cos,http://www.bilibili.com/video/av114256179695665,BV1B3ZnYuEDP,六尺之内 我是无敌的！,闺蜜闺蜜来不来和我玩王者喵喵喵,//i2.hdslb.com/bfs/archive/b4872d305cf5ffd4c9097466f50edfd48232230f.jpg,819446,162,46278,"王者,cos,Cosplay,云缨,吧唧转场,翻镜子变装",858,1743418080,11,192659,8093322
瞌睡兔兔籽,12667894,https://i1.hdslb.com/bfs/face/f31cf80c687e6d69cb47642104783c10ce618272.jpg,158,穿搭,http://www.bilibili.com/video/av114708728321918,BV12pNszGE9u,我家的色孽法典，好用！,-,//i2.hdslb.com/bfs/archive/160b7935b2abbc5ee7e265082dc2804d4ffb4dad.jpg,521161,54,2010,"爱情,可爱,战锤,伤感,记录,男娘,风格,生活记录,战锤40K混剪",696,1751113230,17,23007,398172
幺玖伍195,3546588603484509,https://i0.hdslb.com/bfs/face/2843fdd734eac4e01e6ca1bcf3fd73ebbee5566f.jpg,252,仿妆cos,http://www.bilibili.com/video/av114603535109306,BV17r7NzrE6T,男的可太好了,,//i1.hdslb.com/bfs/archive/2381b21f30df8e4c795c3d7f1d1bc65726025ba3.jpg,2522588,418,16622,"二次元,漫展现场,cos,Cosplay,漫展整活,灵魂COS大赏,二次元副本大作战2.0",1458,1748831784,20,130937,2679618
无名测评,471959769,https://i0.hdslb.com/bfs/face/f77bbbe2c1cc1c415d93ed11455836a655acc476.jpg,157,美妆护肤,http://www.bilibili.com/video/av484587872,BV1AT411x79U,红肿痘痘反反复复？快速改善油痘肌肤质、养成不长痘肤质的方法来啦！,,//i0.hdslb.com/bfs/archive/650080baea700dcc5ea2264cb6ba94ce62cc5e99.jpg,14771473,119,142125,"召集令游乐场,种草大作战,护肤,痘印,痘肌,溪木源,祛痘,痘痘,红肿,祛痘印",329,1684246652,190,314596,67264750
夏洛特抓拍公主,3546561705413380,https://i1.hdslb.com/bfs/face/4a8f43ddf1c26abc63a5fc8a7063c50e4391f3df.jpg,159,时尚潮流,http://www.bilibili.com/video/av114550619771095,BV1Y7JJz3Eah,当小孩哥毫无波澜地说道 “虽然我的家族特别富有…”,-,//i2.hdslb.com/bfs/archive/89f2e013b6b4daa9c53531c537582a4692ff296c.jpg,585447,344,4502,"青春,少年,冲浪,少年感,生活记录,乘风破浪,Bondi Beach,小孩哥,夏洛特抓拍公主,哔须有此行,五一哔须有此行",597,1747954632,181,53741,3556770
三胖与奥斯卡,441859172,https://i2.hdslb.com/bfs/face/79b6262fd690ad7c7c613db7c3cb088ce313e80d.jpg,252,仿妆cos,http://www.bilibili.com/video/av114714986288180,BV17uKAziErJ,藏私房钱的唐三,-,//i0.hdslb.com/bfs/archive/c6cbd8571cb69e1e808879cafc9ef6ac181a935d.jpg,72442,0,258,"短片,剧情向,斗罗大陆",3,1750411949,98,134,1099453
李滇滇,3546676667091128,https://i2.hdslb.com/bfs/face/e9f7665507a31999545ae44f33f71dfe5bf27a78.jpg,252,仿妆cos,http://www.bilibili.com/video/av114436367060699,BV1pSV3zdEk5,原创曲「浪潮」这是我对 坎特蕾拉 全部的理解,"《浪潮》
作词/作曲/演唱/出镜：李滇滇

初识被坎特蕾拉强大的气场所震慑，以为她是天生就拥有这样的家主气魄，可了解她的经历后却更敬佩她默默无闻的付出和舍身为人的决断，曾经的胆怯、怯懦、无数的毒药和苦楚都被强大的她独自吞下，藏匿于内心深处。毒药和幻觉交融，能让人在快乐中死去，却让施毒者愈发清醒。那身后伟大的家族不全是荣耀，更有无限压力和责任。也许她不是最重要的主角，可她和无数为了黎那汐塔未来而努力的人们一样，都在自救中期待着世界的改变。

我在这样的感受下写了这首歌《浪潮》，我妄图去揣测那些勇敢的灵魂是怎",//i2.hdslb.com/bfs/archive/4cbfb3817af32e896b38dc00adcca4a25558302e.jpg,261930,346,12673,"同人曲,浪潮,水母,原创音乐,周年庆,坎特蕾拉,Cosplay,鸣潮,李滇滇,【鸣潮】献给索拉里斯的乐章,献给索拉里斯的乐章",143,1749828205,191,20351,1683197
明日方猪Sakura,598018112,https://i2.hdslb.com/bfs/face/a7fddb439f00ef0b48ae6c7ee9f7d9303c974774.jpg,252,仿妆cos,http://www.bilibili.com/video/av114777850383002,BV12agXzqE4x,发明菲比啾比的人真是太伟大了～,₍^˶ ╸𖥦  ╸˵^₎⟆,//i2.hdslb.com/bfs/archive/4a45271890e072e98b35ef87e15fce6eb3e0b665.jpg,4831,0,100,"二次元,可爱,美妆,穿搭,cos,Cosplay,鸣潮,菲比cos,鸣潮创作激励计划,鸣潮菲比,鸣潮2.4版本创作激励计划",20,1751408684,15,114,102718
AHALOLO,353368172,https://i2.hdslb.com/bfs/face/03e81799ea2390af3f5c4b9572ad75d622f16354.jpg,159,时尚潮流,http://www.bilibili.com/video/av114628348613551,BV1BaTHzxELv,这么抽象的总裁，我爱了！,"当90后接手公司，一切开始变得不一样！

每周三、周六中午12点，咱们不见不散！

欢迎来骚扰我们：

新浪微博：lolo-may/aha没有事业线

YouTube： AHALOLO",//i2.hdslb.com/bfs/archive/ec6ddc5c9e5c07b7deb2ae4254c8c38ff2585f9a.jpg,970726,646,1375,"采访,学生党,总裁,男装,中国品牌,穿搭,霸总,劲霸,ahalolo,当时髦精闯进痛圈",492,1749103990,1077,11508,2407412
喵新majo,85776107,https://i2.hdslb.com/bfs/face/9d55be2d95064197fab0e944b3cf5a9ab359bf66.jpg,252,仿妆cos,http://www.bilibili.com/video/av114764512497616,BV1F3gozBE8e,女研究生（真的是女的）假期日程表大放送。为了好好搞科研筑波可以说是非常努力了。,-,//i0.hdslb.com/bfs/archive/73e2d3bb384a3bff547cd49401064a20b055d9a2.jpg,60610,4,1210,"研究生,JK,jk制服,jk",240,1751167834,13,3824,343568
朴智旻万种风情,258896336,https://i2.hdslb.com/bfs/face/6525d9caa9d045cbf42770329b3881b16162512e.jpg,157,美妆护肤,http://www.bilibili.com/video/av114713241388272,BV1xMKwz7Ezi,打扮成霸总，给老婆同学亿点小小的震撼！,,//i1.hdslb.com/bfs/archive/7347d83462e0ed179e7536c4472031b1abada0b7.jpg,98495,57,74,"搞笑,剧情,老婆,同学,沐浴露,美妆",36,1750385608,50,320,1125794
坂坂白,560647,https://i1.hdslb.com/bfs/face/dbab0bb10936b9e822c6927b442e0859963d12c2.jpg,252,仿妆cos,http://www.bilibili.com/video/av114608199173618,BV1Fx7kz7E7o,你掉的是这个白丝小孩，还是哈密瓜小孩？,小光@粽子淞 ,//i2.hdslb.com/bfs/archive/6a40fdd981eb701b3a51263348f8652257bb3193.jpg,639175,1803,60515,"ba,Cosplay,橘光,粽子淞,坂坂白,蔚蓝档案,碧蓝档案,铁道双子,橘望,二次元副本挑战者,二次元副本大作战2.0",817,1748845632,54,129925,2665770
小小的小兔团儿,27897180,https://i0.hdslb.com/bfs/face/d48c3277c857e63638d69f92dc1c5e97536ffac3.jpg,158,穿搭,http://www.bilibili.com/video/av114312836289846,BV1sgd5YZEPN,谁懂穿到人生cos服的快乐！！！,"非常喜欢的cos服之一 显得身材修长又遮肉
我的藿藿宝宝 妈妈爱你❤️",//i1.hdslb.com/bfs/archive/5b8589c1157d35d403117f1640e6c6d3fd42f6b6.jpg,1196443,207,44089,"COSPLAY,COS,二次元,可爱,小个子,Cosplay,崩坏：星穹铁道,星穹铁道,崩坏：星穹铁道创作者激励计划,藿藿,崩坏星穹铁道3.2创作者激励计划",2087,1744320508,31,235988,7190894
序77,479033035,https://i1.hdslb.com/bfs/face/fa7da9e2d4c0ec32d392fdaf77a99d8afa7570db.jpg,157,美妆护肤,http://www.bilibili.com/video/av1701881688,BV1xK421v7of,男人没有一分钱是白花的！,-,//i0.hdslb.com/bfs/archive/a3f850f8e02ecff7add487982692140f554a6679.jpg,2277620,801,110965,"护肤,护肤分享,黑头清洁,护肤小妙招,序哥,晚间男士护肤",1719,1710615441,178,251725,40895961
软软kawaii,318517724,https://i2.hdslb.com/bfs/face/0941c07d3e4974309fa199324973e31702c2bc30.jpg,252,仿妆cos,http://www.bilibili.com/video/av114752936216599,BV1bxKqzQEKY,最陌生的一集,-,//i0.hdslb.com/bfs/archive/1bb341c9a28f5524db7457ebd3927d289604e33a.jpg,127316,26,20583,"Cosplay,拉普兰德,明日方舟,明日方舟创作者应援计划,明日方舟UP主应援计划 – 红丝绒",301,1751058478,14,44815,452924
SENSTREET_,3493110977923359,https://i0.hdslb.com/bfs/face/44ca0206f490b12cb1d0bca291208a87952737fb.jpg,159,时尚潮流,http://www.bilibili.com/video/av1003229139,BV1px4y187Kb,2位戴着金属头盔的「机器人」，拿下6座格莱美｜时髦音乐‘电台’,戴着金属头盔拿下6座格莱美，曾在Coachella造透明金字塔，这个音乐界最神秘的双人组就是蠢朋克Daft Punk，本期SENSTREET「时髦音乐电台」的主角。无论东京街头漫步，还是与超模Karlie Kloss拍摄VOGUE大片，Daft Punk也从不摘下头盔，将神秘进行到底，即便团队已解散，却依旧是许多人心中电子音乐界的启明星。,//i2.hdslb.com/bfs/archive/0a5295480a57049c9d0f2285d6eb4cc2555dc5a9.jpg,5067077,1962,138511,"音乐,电子,时尚,蠢朋克,DaftPunk",2094,1719240824,130,513417,32270578
泽叔唠妆,388207507,https://i1.hdslb.com/bfs/face/e98da837a74e16600edff15e84445ccefefebb35.jpg,157,美妆护肤,http://www.bilibili.com/video/av114460257750881,BV1UsVUzqEqd,给粉丝化了一款她想要的轻泰妆 立体精致 皮相饱满,"化妆不是爆改 而是扬长避短 凸显风格 有风格 人才会发光
内含风格诊断干货内容 记得看完 希望大家都能找到自己的专属风格",//i2.hdslb.com/bfs/archive/06308ed8406c615a0d8d0c697fbe01a2d354a895.jpg,1683295,1846,53874,"美女,化妆,分享,风格,彩妆,妆容,美妆,化妆技巧,美妆教程,盛装生活节,五一时髦C位出游",2250,1746542534,622,142862,4968872
爱举铁的熙熙哥,1368259891,https://i1.hdslb.com/bfs/face/3b7e325762f8e9881e284a665f3a08e28ad0039a.jpg,252,仿妆cos,http://www.bilibili.com/video/av114535067358402,BV1YjEozCENT,幻灵战队，就我一个男的吗？？,-,//i0.hdslb.com/bfs/archive/610758aa4c1d99ce955eb87b6dc2561da3150733.jpg,278117,69,2127,"塞拉斯,Cosplay,84年的熙哥,幻灵战队,灵魂COS大赏,二次元副本大作战2.0",433,1747666665,30,8516,3844741
纯情大母猴ii,500687002,https://i1.hdslb.com/bfs/face/72b437f14ff38676d2f29eda601637f061d2f8d6.jpg,157,美妆护肤,http://www.bilibili.com/video/av114714852069171,BV1HoKwzyES1,180斤胖墩医学生!!!挑战国外减肥黑科技!真的掉秤了 !,别让肥胖成为你健康的阻碍,//i1.hdslb.com/bfs/archive/ed5534ec748a6149eff11c806d2c2cbbb3772481.jpg,148888,73,452,"减肥,黑科技,健康,记录,医学生,瘦身,瘦脸,生活记录,瘦腰,体重控制",43,1750411564,249,608,1099842
朵朵花林,297344797,https://i1.hdslb.com/bfs/face/4eb6bc8ae49e3e8fa3e23b820a89d42dbbbe84a7.jpg,159,时尚潮流,http://www.bilibili.com/video/av114481581527745,BV1x2VRz2EJj,“戴着花的她”中国不同民族的簪花风格,-,//i2.hdslb.com/bfs/archive/7d1fd3c578a91b1138ce1fae56772e46d2131a2f.jpg,686417,297,12391,"中国,民族,服饰,美妆",422,1746864890,71,119131,4646516
Coco叩叩_,229808285,https://i2.hdslb.com/bfs/face/656b0e5f7cb08ba83e6ef463d7299d79cfd15d21.jpg,158,穿搭,http://www.bilibili.com/video/av114550233896525,BV1cpJnzoEa9,上衣够好看！下装随便换！谁穿谁好看的33件漂亮上装一口气看完！,"朋友们！我们5.24号下午18:00的最后一期预热过品视频来啦！
这期视频我们给大家准备了超多漂亮的连衣裙&amp;上衣&amp;防晒外套！
还有我们和Ariseism的联名新品首发！和5.26号「浴见」身体护理专场的优惠机制介绍！
拜托大家多多评论弹幕互动🙏🥺记得点击预约～不和漂亮衣服错过",//i1.hdslb.com/bfs/archive/8e3e099375e844de9d7d3e8956f4d198e8efe6de.jpg,158022,470,1556,"女装,辣妹,服饰,连衣裙,种草,穿搭,上衣,购物分享,遮肉显瘦,夏日时髦地图,盛装生活节",141,1748102368,1403,2436,3409038
小狐狸爱吃糖r,27979770,https://i0.hdslb.com/bfs/face/cd25bd44f7a83e90801b0a35adcfd50ce7fb6124.jpg,252,仿妆cos,http://www.bilibili.com/video/av114742249133698,BV1sKKnzhE6J,梦里才会才会出现的画面,-,//i0.hdslb.com/bfs/archive/19cd8435c24f62c4391f63cfd13c03a1dff4c83f.jpg,48276,25,982,"新世纪福音战士,明日香,吊威亚,eva,ooc致歉",437,1750850665,19,3546,660741
叶铭yzy,9852611,https://i2.hdslb.com/bfs/face/93f9c5a02e4e9ece57df5b72536f167c0036fe05.jpg,252,仿妆cos,http://www.bilibili.com/video/av114765754010445,BV13XgZzbE4p,“廉道子，我从没见过你这样好看的人。”,-,//i0.hdslb.com/bfs/archive/c41c640fe9325bd74cfb483beea61e453e7fd2e0.jpg,17512,2,564,"古风,凉州曲,cos,叶铭yzy,燕云十六声,好玩不过仿妆,东方新中式图鉴,廉道子,琵琶少女",68,1751186541,27,4154,324865
溟雨小朋友,196652162,https://i2.hdslb.com/bfs/face/b8ca17815d1da6e94ec653e0f4f91e10fc0653d7.jpg,252,仿妆cos,http://www.bilibili.com/video/av114692102036189,BV14TMqzQEXj,【vlog】带舰长们体验coser的假期生活,-,//i2.hdslb.com/bfs/archive/a15d2f00a7fc2f2bad7e3fb38fbde3bc54139105.jpg,81689,83,1028,"日常,漫展,Vlog,Cosplay,呆雨,随手记录我的生活碎片,寻找100个宝藏vlogger3.0",142,1750070101,320,5437,1441305
o小庄o,6272357,https://i2.hdslb.com/bfs/face/7f3b21362ae7969e450be591a628a90eed693dae.jpg,252,仿妆cos,http://www.bilibili.com/video/av113486273254464,BV1epmoY3EPW,从头开始做“一场关于星星的梦”✨,"BGM：Reborn-One Hundred Years
出镜/制作/道具/化妆/后期：晴晴  微博@之子于归-晴晴
摄影：小庄  微博@摄影菌菌菌庄爸爸",//i2.hdslb.com/bfs/archive/cee6d01a05c96025b32168c58cd4261bd644ce75.jpg,2057304,317,21056,"自制,手工,美妆,cos,cosplay,假发造型,cos仿妆,泡泡玛特,深蓝汽车,深蓝S05",351,1731724878,202,55566,19786528
小狐狸爱吃糖r,27979770,https://i0.hdslb.com/bfs/face/cd25bd44f7a83e90801b0a35adcfd50ce7fb6124.jpg,252,仿妆cos,http://www.bilibili.com/video/av114726612767644,BV1tLNRzbETR,叫不醒装睡的人,-,//i1.hdslb.com/bfs/archive/0235f3164d418ff1980e1649511ee7dfe7a6ace4.jpg,102961,31,18561,"性感,氛围感",129,1750668268,12,27782,843138
老爸评测,347667464,https://i2.hdslb.com/bfs/face/3785da2465d92c8595350c33b4c688ff3c005ebe.jpg,157,美妆护肤,http://www.bilibili.com/video/av113168714043620,BV1qPtfepECt,我绝对不会告诉你，原来黑头最怕的居然是......,,//i0.hdslb.com/bfs/archive/5cc2301ff78330c2e97e0721a0c24c2f403d9cc0.jpg,1679489,30,143020,"生活,时尚,美容,黑头,护肤,美妆,祛黑头,美妆护肤",387,1726860039,71,60964,24651367
2u2bu,480095255,https://i2.hdslb.com/bfs/face/26f64f72c3c483a0982aa581b69363f015049a99.webp,157,美妆护肤,http://www.bilibili.com/video/av114676314676603,BV1yvMBzHEih,严厉谴责麦片的！！,-,//i2.hdslb.com/bfs/archive/e6b83b491122616609246424fcbfd6fb69e9aa65.jpg,330729,307,1497,"吐槽,搞笑,小仙女,主播,麦片,生活记录,搞笑小剧场,UP 小剧场 3.0",972,1749822136,80,13605,1689270
垫底辣孩,504630061,https://i1.hdslb.com/bfs/face/a62fbd4e52c025f1edbb2187792ec5846571c00d.jpg,157,美妆护肤,http://www.bilibili.com/video/av1005099890,BV1ux4y1n7dx,挑战成为不同国家的少爷,-,//i0.hdslb.com/bfs/archive/b57fa9f35491d086e99efad3f3037aaffdd43e89.jpg,3583708,1265,68843,"变装,日常,少爷,国家,穿搭",1442,1716836429,39,375050,34674977
阿紫VirgoAzi,32291109,https://i0.hdslb.com/bfs/face/b0371d2768848a8d0b0cbead028306f8ea29602b.jpg,158,穿搭,http://www.bilibili.com/video/av1101239908,BV1KA4m1F7wA,揭秘博主有多假！瘦身特效是怎么开的？,-,//i1.hdslb.com/bfs/archive/ae50f3c19c2fe7a45aeea0722b92a173b84c0f3a.jpg,2087538,525,8651,"服饰,穿搭,春季穿搭,梨形身材,显瘦穿搭,微胖女生春季穿搭,梨形微胖穿搭,换季穿好看,b站时髦男孩画像征稿,梨形身材春季穿搭",890,1709310561,888,67494,42200851
差池TvT,693766072,https://i1.hdslb.com/bfs/face/d18a50891f1db0697b3b037aa6326ba996805ba4.jpg,252,仿妆cos,http://www.bilibili.com/video/av114600951487398,BV12W7AzLEYc,玩我的世界 香草纪元整合包 的那些事,-,//i0.hdslb.com/bfs/archive/ef648cc406300bbe4fe6b712d4d6c55943370b47.jpg,513189,28,4657,"MOD,我的世界,沙盒游戏,像素风,创作灵感,整点电子榨菜,香草纪元,整点电子榨菜第21期",97,1748672171,66,3468,2839241
鳗鱼霏儿,7846477,https://i1.hdslb.com/bfs/face/e7b821acfbb66d9a47b179bbbb4fc4cc6f0038a5.jpg,252,仿妆cos,http://www.bilibili.com/video/av114781474264333,BV15i3WzKEnp,机械姬初次觉醒，这变装是人类能看的吗,-,//i0.hdslb.com/bfs/archive/e1bd33e17b85d4ca138465398cf25ffa441a204e.jpg,2204,0,67,"机器人,二次元,机械,人类,赛博朋克,AI,cos,cosplay,二次元副本挑战者,BW2025×动画区限时副本大作战",12,1751426351,11,284,85061
胡米米的随手一做,666685038,https://i0.hdslb.com/bfs/face/65ca3405b79aa539ca6c19fabdd0e57340216708.jpg,158,穿搭,http://www.bilibili.com/video/av114088004816751,BV1mMXRY6Evj,洞洞衣|有洞的世界才能放进更多脑洞~,,//i1.hdslb.com/bfs/archive/324fc31b320b090c3ac941f9f712398ab5fb3c61.jpg,635548,15,1391,"DIY,创意,手工,设计,脑洞,服饰,穿搭,春季穿搭推推推！",47,1740888041,66,5691,10623371
听霜_,100201761,https://i0.hdslb.com/bfs/face/e6709dd8e152fb8647f71d2330e10c545e43a733.jpg,252,仿妆cos,http://www.bilibili.com/video/av114251314241366,BV1FEZBYtE4D,出cos真的会因为一些小细节掉链子追悔莫及,-,//i2.hdslb.com/bfs/archive/7987f48b34cfa9a32ac5e899e7e060af5d483c6c.jpg,873987,21,5181,"二次元,阿尔托莉雅,fate,saber,Cosplay",268,1743536019,38,64536,7975393
汐尔sama,19702611,https://i0.hdslb.com/bfs/face/97d622618520783048c66b3f4df1224fae4c0e19.jpg,252,仿妆cos,http://www.bilibili.com/video/av114766290880055,BV1FJ3czUE1G,【汐尔*守岸人】“蝴蝶的梦”,-,//i1.hdslb.com/bfs/archive/a9738d99150cc81b8a234d54ba344542cf8a0f5d.jpg,98109,16,26822,"二次元,Cosplay,鸣潮创作激励计划,守岸人,鸣潮2.4版本创作激励计划",320,1751219663,17,53786,291749
是可乐要加冰,276191534,https://i2.hdslb.com/bfs/face/abefea7e608154b81516bd1d7eb44feda3f2b798.jpg,158,穿搭,http://www.bilibili.com/video/av114665308882687,BV1mBMHzLE65,有时候坦然失去 ，比别扭的拥有更踏实,-,//i0.hdslb.com/bfs/archive/69ff70c50639de6c0e1859f348bd74e1f8fa5f71.jpg,100468,12,4917,"美女,女神",122,1749654340,13,11276,1857072
萌玖9,475070444,https://i2.hdslb.com/bfs/face/96139911bbb3c9fd8eaf96de89fd97b8d8638d3a.jpg,252,仿妆cos,http://www.bilibili.com/video/av114685928016070,BV1p9MxzDEm7,已经沉浸在踢粉丝的世界中了,-,//i1.hdslb.com/bfs/archive/0793f2889e788ab721b3d895b6c93f041c6b16e1.jpg,98461,8,9059,Cosplay,82,1749968644,7,13680,1542768
大脸怪哪里跑,12511722,https://i0.hdslb.com/bfs/face/a157e51ad710e0fd31623ad849431c5fb325e5dd.jpg,157,美妆护肤,http://www.bilibili.com/video/av114556609301007,BV1jNjHz7EQr,路人脸都该焊在脸上的古早漫画妆 颜值MAX！,-,//i1.hdslb.com/bfs/archive/c15b9d9f4a02d7efc274bc4dcb98c1570e618ff9.jpg,154900,58,7596,"化妆,美妆,化妆技巧,美妆教程,普通人变美指南,东方新中式图鉴",124,1748104282,212,8163,3407130
三胖与奥斯卡,441859172,https://i2.hdslb.com/bfs/face/79b6262fd690ad7c7c613db7c3cb088ce313e80d.jpg,252,仿妆cos,http://www.bilibili.com/video/av114697453966289,BV17FNizoE9z,原来小舞的分身脾气也是这么大的,-,//i0.hdslb.com/bfs/archive/eb349f9090f9c978e913b2a8791e983958a185dc.jpg,57466,0,187,"小舞,唐三,唐家三少",0,1750144564,61,68,1366848
三ge六,587047143,https://i0.hdslb.com/bfs/face/c8064792f0de7c6c9b08bcb3630b245f4b3eefb1.jpg,252,仿妆cos,http://www.bilibili.com/video/av114730823847894,BV1hKKbzYEKx,什么 她不是演傻子火的吗？,-,//i0.hdslb.com/bfs/archive/ef83668afddcef64658503d8dde1c796dad6004a.jpg,165790,26,5921,"萌妹子,小仙女,小姐姐",139,1750653711,15,15884,857701
谷梨梨本人账号,27608438,https://i2.hdslb.com/bfs/face/63dc4aab4e887661f27f00fe01e0aff32d9b47b5.jpg,158,穿搭,http://www.bilibili.com/video/av114300169487741,BV1efdJY8Emh,素颜带你认识，夏季T恤的基础版型以及优缺点！,-,//i0.hdslb.com/bfs/archive/8cb783ae1f44467cf6c18cea9aa75b812b81e6b9.jpg,405861,161,17259,"素颜,夏天,T恤,服饰,穿搭,夏季穿搭",439,1747562679,338,47638,3948733
草鱼爱吃鱼,476171683,https://i1.hdslb.com/bfs/face/450b079130b57e47a232fa8ff79c18b4008662dd.jpg,158,穿搭,http://www.bilibili.com/video/av114137648664694,BV19cRGYAEpx,花小钱变帅气！百元内性价比1688穿搭分享｜简单不费力的少年感,-,//i1.hdslb.com/bfs/archive/6ddc43f78c56fe8d07ac298f88107d0b88496df7.jpg,777334,125,31133,"帅气,学生党,少年感,搭配,穿搭,无性别,源头商家,1688穿搭",577,1741607113,124,48151,9904299
夙胤魔尊言生生,19942518,https://i0.hdslb.com/bfs/face/a828fbcd948cdc8f0b3cb76e1fd5d87223b905ec.jpg,252,仿妆cos,http://www.bilibili.com/video/av114754983038633,BV1uKKBzsELM,【言生】哥，玩偶怎么热热的？,-,//i0.hdslb.com/bfs/archive/41b0a3f0b84de76869eddb2b1052ddd56cec0a5a.jpg,265158,32,4979,"原创,兄妹,夙胤言生,二次元副本挑战者,二次元副本大作战3.0",229,1751022303,20,28394,489109
雨波波s,13532834,https://i2.hdslb.com/bfs/face/2f10c654336e2ec28b1c5417bd99fb7b716fe8f3.jpg,252,仿妆cos,http://www.bilibili.com/video/av114766928481366,BV1HJ3Az4ExL,骗人的吧？我不是王者糕手吗,-,//i0.hdslb.com/bfs/archive/846c36b27de3f2238fcdc8d992eef57269367626.jpg,24095,3,778,"萌妹子,小仙女,小姐姐",67,1751204594,13,3437,306823
全国知名小雪糕,77587039,https://i1.hdslb.com/bfs/face/ff9474bd12b7ea69a55d45ba0d11fa3fff90fca6.jpg,157,美妆护肤,http://www.bilibili.com/video/av1750068177,BV1ax4219721,妈妈盯着化 长辈都喜欢的妆是什么体验！会好看吗,-,//i1.hdslb.com/bfs/archive/60507d46c13df6015eeb5dc4f8ddc48738a10fef.jpg,2498393,1238,20270,"化妆,妆容,美妆",423,1706944110,846,12960,44567307
大懒每天都很拉风,13705524,https://i0.hdslb.com/bfs/face/b41d095017453505ca488fb253fb9f0598aad4f3.jpg,158,穿搭,http://www.bilibili.com/video/av114510404780520,BV1qNE1zHEnA,显瘦显腿长！挑战40r买到不短不露pp的短裙！遮胯显瘦的半身裙测评！妈见不打～,-,//i0.hdslb.com/bfs/archive/eb1b13740a4b814a0efba48a27b7f5ea358a5992.jpg,163641,137,3125,"短裙,测评,服饰,小裙子,连衣裙,平价,穿搭,梨形身材,半身裙,春日时髦序曲,盛装生活节",76,1747310406,111,2904,4201011
柚柚吃泡泡吗,545167493,https://i2.hdslb.com/bfs/face/78b9d00fab2b796ec598081e6b05be416b764aa1.jpg,158,穿搭,http://www.bilibili.com/video/av114534916362874,BV1XYE9zNExA,快点听到我的声音吧>ヮ<,"好难啊好难QAQ
编舞@爱娃利亚一动不动 
BDF2025主题曲BV1qjGyzYEuP",//i0.hdslb.com/bfs/archive/77e01dd46f1e353d644b2f59e29e5b3f61aa6cfa.jpg,46251,50,1203,"可爱,双马尾,主播,小姐姐,即兴舞蹈,和BDF2025一起《听见WO!》,BDF2025主题曲《听见WO!》全民挑战",63,1747664312,103,2166,3847105
草鱼爱吃鱼,476171683,https://i1.hdslb.com/bfs/face/450b079130b57e47a232fa8ff79c18b4008662dd.jpg,158,穿搭,http://www.bilibili.com/video/av114058174930449,BV1V5PWexEdE,不是，老公姐你…摩登中性的帅气搭配公式！,无性别帅气穿搭公式！上🍑🔍搜索【摩登中性】就可以get同款啦！,//i0.hdslb.com/bfs/archive/81994c3af1aaf1fb9ba6d261ae21a45dfa498673.jpg,627487,57,12635,"中性,服饰,穿搭,日常穿搭,中性风,帅气穿搭,38焕新周,摩登中性",326,1740592856,78,19928,10918561
袜界白无常,3493112500455928,https://i1.hdslb.com/bfs/face/0874266fc200586c636273c38d4a09d7353630b0.jpg,158,穿搭,http://www.bilibili.com/video/av114574057540718,BV14DjmzrEfJ,穿了一天的裤袜,-,//i2.hdslb.com/bfs/archive/654a82054ec87fdcabbafd249bdae5d7d8dd2e38.jpg,16670,1,162,"丝袜,小姐姐,生活记录",6,1750678888,30,135,832529
芸茜Xxx,1239971052,https://i0.hdslb.com/bfs/face/119c2d7d34084df64b259f0a49237289d4ccec9c.jpg,252,仿妆cos,http://www.bilibili.com/video/av114772431478513,BV1nagyziEKd,嘻嘻！！这简直就是喜多会跳的舞吧！！,-,//i0.hdslb.com/bfs/archive/25c22619cb6f59adfe5e436cbd99f74b4d8cb13d.jpg,16012,7,1991,"二次元,宅舞,cos,孤独摇滚,喜多郁代",157,1751288653,21,5990,222764
小暮mumu,5128039,https://i1.hdslb.com/bfs/face/6bc67e7945eae5233b867c4d5d3dae74ac5e61d4.jpg,252,仿妆cos,http://www.bilibili.com/video/av114721529465424,BV1QMN1zVENx,治的就是肩颈疼痛,-,//i0.hdslb.com/bfs/archive/048d1b20d826f24863274c3882da44845ab69a70.jpg,69403,9,3985,"地下城与勇士,性感,dnf,Cosplay,协战师,DNF17周年庆",63,1750761303,21,7708,750114
虾饺不会劈叉呀,382275975,https://i0.hdslb.com/bfs/face/2c56c68337e36da92c6594908792831ef1e15f7d.jpg,158,穿搭,http://www.bilibili.com/video/av114743557757011,BV1DjKHzkE3h,浅浅记录一下每日去图书馆的穿搭～,-,//i1.hdslb.com/bfs/archive/c0a31af584894b627f582f4d6da1f869e84a4ec9.jpg,23294,10,2476,"穿搭,通勤穿搭,蓝衬衫,大学生穿搭",60,1750847859,33,5661,663558
菌儿rikushi,1477074,https://i0.hdslb.com/bfs/face/2008020f0bda370a4da1ad2eb29e558cc38cb4a6.jpg,252,仿妆cos,http://www.bilibili.com/video/av113830776545165,BV1c6cqeNEzh,大黑塔你头怎么尖尖的？,那我问你！那我问你！你是否承认黑塔女士的美貌举世无双？,//i0.hdslb.com/bfs/archive/7707e1fcdfdf580ec0c63e197764a586eeb3b631.jpg,725062,2235,33367,"cosplay,崩坏：星穹铁道,大黑塔,星穹铁道大黑塔,再创世的凯歌,崩坏星穹铁道3.0创作者激励计划",751,1736937483,75,48961,14573934
-谢安然-,21876627,https://i0.hdslb.com/bfs/face/7197ba7d67ca73cdf63214bd02916063045dfb23.jpg,252,仿妆cos,http://www.bilibili.com/video/av114064634219062,BV11MPeegEeJ,当155的闺蜜和我说想穿肌肉衣Cos哪吒……,"哪吒：小胡
敖闰：我
摄影：@枕鶴_ ",//i0.hdslb.com/bfs/archive/105f1c5a7db99576dd798c2e4264509127d1da8b.jpg,648501,40,4870,"美妆,哪吒,COS妆,Cosplay,哪吒2,敖闰,我的二次元新年愿望",43,1740724747,92,6016,10786670
五百-,163404472,https://i1.hdslb.com/bfs/face/88967c74d8c07642e2a24c524b9bf1502f649879.jpg,158,穿搭,http://www.bilibili.com/video/av114624892572392,BV1stTjz9EDk,不洗头不化妆！素颜也好看的穿搭*15！懒人一分钟出门必看～,-,//i1.hdslb.com/bfs/archive/5ee84da698ad09e70ebdce45554d1d45f5411586.jpg,148224,231,3421,"女装,服饰,穿搭",134,1749132704,493,6074,2378713
pinkbear皮可熊,3546654305159310,https://i0.hdslb.com/bfs/face/40d40d8e2b86df0b820009dfd637aecbb8fcb78c.jpg,157,美妆护肤,http://www.bilibili.com/video/av1555666130,BV151421C7iX,吃了没文化的亏所以我只能说vocal,黄皮干唇挚爱的天菜水精华口红！又嫩又显白还不沾杯！早八宝宝们的素颜神器！,//i2.hdslb.com/bfs/archive/a74c75c45cf36f7eba1547d74c9b283c7db1aa39.jpg,3651129,1413,34744,"化妆,测评,唇膏,口红,美妆,化妆技巧,种草,美妆教程,试色,口红试色",161,1721056828,53,125886,30454589
就是卷卷呀i,1318110277,https://i1.hdslb.com/bfs/face/8d0e8ea3dffa105d1458ef5196770f9011cd50bd.jpg,252,仿妆cos,http://www.bilibili.com/video/av114534933206471,BV1gqE9zYEJz,全知全能的阿妮斯sama！！！！,超绝打光拍摄+剪辑：@智呀个智障 ,//i1.hdslb.com/bfs/archive/b803ffb1c8a6eae57c041713c8e205198690bad8.jpg,210910,958,32763,"二次元,妮姬,cos,nikke,阿妮斯,妮姬胜利女神,nikke胜利女神,胜利女神新的希望,二次元副本挑战者,二次元副本大作战2.0,胜利女神新的希望定档5月22日",376,1747723905,14,59317,3787520
柠好不好,1471508,https://i2.hdslb.com/bfs/face/22de3e20b455c198300a36dfc31e79ec84cac580.jpg,252,仿妆cos,http://www.bilibili.com/video/av282708715,BV1Vc411C7Up,【柠】是你的黑皮埃及猫猫吗,-,//i2.hdslb.com/bfs/archive/0da1bf39f7f1b8a5612441c57f4dec8f689fe92f.jpg,2388881,296,71488,"猫猫,埃及,黑皮,Cosplay",1129,1703294459,12,399973,48216966
山城小栗旬的理发日记,1869712375,https://i1.hdslb.com/bfs/face/21a7acb06d7ecbd35d27213f87ea6749f9fd18e0.jpg,157,美妆护肤,http://www.bilibili.com/video/av903559796,BV1nP4y1X7gA,剪掉的不是头发，剪掉的是他身上的二十斤肥肉。,-,//i0.hdslb.com/bfs/archive/7881c4e290bc8bb5990adf2a5e5e55c9b9b12de0.jpg,3699671,1527,5009,"2022时尚年度盘点,时尚年度盘点,发型,男士发型,男生发型,山城小栗旬",773,1675509503,134,257767,76001922
六月小miumiu,317818108,http://i1.hdslb.com/bfs/face/3c68d4205ade5d10bd7830fe3e08a5724e1cb890.jpg,158,穿搭,http://www.bilibili.com/video/av114482068065044,BV1Y4VRz8EZW,【你好呀连衣裙】轻盈不费力的初夏连衣裙合集｜穿上美丽连衣裙来一场城市漫游吧！｜citywalk女孩的连衣裙分享,"》〉154cm，40.2kg
》〉连衣裙像是盛开在钢筋水泥里的花朵。citywalk女孩少不了的连衣裙，简单一套就可以轻松出行，穿上美丽的连衣裙，自由漫步，去探索城市的每一隅风景，用裙摆收藏街角的浪漫。分享7条不同的连衣裙，希望你的初夏也能轻盈美丽。
》〉**分享的7条连衣裙都来自淘宝，上🍑🔍【citywalk穿搭】就可以找到。",//i0.hdslb.com/bfs/archive/7349e58462350c27cc5a57f25fa0eae26d4a6986.jpg,551117,80,3319,"女装,服饰,连衣裙,种草,穿搭,夏日裙装来信,citywalk穿搭",147,1747229981,252,5427,4281444
梓杰_似鸽大弧蝶,8151578,https://i2.hdslb.com/bfs/face/5b4c385b8cc7d58ebeb8dcea57daa3588b2c343c.jpg,252,仿妆cos,http://www.bilibili.com/video/av114777397465868,BV1YzgSzKEwJ,交话费是我每个月都要经历的，最痛的事,-,//i2.hdslb.com/bfs/archive/69572b6c59de1f6ba2dbd3b94bd71ba9f1649060.jpg,103759,132,2024,"生活记录,东北女仆,日常叭叭",627,1751381208,116,17527,130217
1mo多多,389788654,https://i1.hdslb.com/bfs/face/43e9c0ed20ff9f4355a73dc1db3b0ec458a2c343.jpg,252,仿妆cos,http://www.bilibili.com/video/av114668916054826,BV1dHTfzZEyy,寂寞的人唱伤心的歌,-,//i2.hdslb.com/bfs/archive/6020659eeddad03a99ced0ca7add4cb23d3078ce.jpg,401799,232,27717,"女声,好听,唱歌",781,1749869597,21,77356,1641828
Midoriko绿子,8048877,https://i0.hdslb.com/bfs/face/6c8cbfce18d593a2c36d612fb9532d2be66d2101.jpg,252,仿妆cos,http://www.bilibili.com/video/av114726361109406,BV1hMNRzPECu,这才是真正的音乐,"舌尖上的哈基米 来自@面点海 
出镜@粘粘瓶瓶",//i2.hdslb.com/bfs/archive/64fae8ad8c940f2a7a754891fb91292e56e69f0a.jpg,189262,45,3288,"鬼畜,翻唱,抽象,真正的音乐,魔性,生活记录,哈基米,舌尖上的哈基米",240,1750595082,15,19539,916343
陶阿狗君,17364274,https://i1.hdslb.com/bfs/face/709f5e580d6dfb6862b485999fe9babe1ce74a4a.jpg,159,时尚潮流,http://www.bilibili.com/video/av114494030225303,BV19rEjzPEkE,快速分享我最近买到的好东西,无广,//i2.hdslb.com/bfs/archive/14d4fd8f3c451d5c188fd9a35fb36fada669577a.jpg,183235,89,3883,"购物,好东西,分享,服饰,美妆,种草,购物分享,时尚美妆,穿搭分享",213,1747079836,115,22189,4431589
塑料叉FOKU,130636947,https://i0.hdslb.com/bfs/face/b23b68a60d4330aaa04c7785594bacad3837ff11.jpg,157,美妆护肤,http://www.bilibili.com/video/av1505986793,BV1sS421o7BZ,为女高妹妹完成高考后心愿！结果被她爆杀的一天,爆改女高计划第1️⃣弹！小盛真的很！惊！艳！这次好多妹妹来报名啦～这个计划会继续滴！（一定要高考结束然后年满十八岁哦！）❤️爱你们！（照片拍摄自 vivo S19 Pro，轻装上阵拍摄一天电量还是嘎嘎的！）,//i0.hdslb.com/bfs/archive/3194afadde42b8944a19edaf0951480cd660d25b.jpg,2035365,2641,12623,"妹妹,日常,高考,化妆,学生党,干货,美妆,变美,Vlog,vivo s19 pro",1272,1719807494,488,248288,31703931
Co视,22781,https://i2.hdslb.com/bfs/face/e89b064e46330141471c6e4056023411a2a7cb65.jpg,252,仿妆cos,http://www.bilibili.com/video/av114774830487602,BV1JJgmz3EP2,当阿婆主之前的内容影响了一批人之后的回旋镖🪃打到脑壳上是什么样的感受,感谢@狐狩月  提供的学习资料 让酱油一个头两个大,//i1.hdslb.com/bfs/archive/bb091572a6cfb89f93ec13f3ced170285531790f.jpg,12311,2,84,"二次元,同人展,考试,漫展,4K,回旋镖,明日方舟,同人文化,CP31,哔须有此行,旅行攻略UP主激励计划",33,1751340604,271,515,170830
谷梨梨本人账号,27608438,https://i2.hdslb.com/bfs/face/63dc4aab4e887661f27f00fe01e0aff32d9b47b5.jpg,158,穿搭,http://www.bilibili.com/video/av114370533132568,BV1ujLwz5EtD,与其寻找具体的风格，不如穿出自己的感觉！,-,//i1.hdslb.com/bfs/archive/72ad438d62b044853c84c6f439d214f8234ac3e4.jpg,376330,272,3220,"女装,感觉,风格,服饰,穿搭,普通人变美指南",513,1747562642,98,35494,3948792
靓仔董米粒,558215888,https://i2.hdslb.com/bfs/face/29045c0176a4c732da33a6cd53659c68900feecc.jpg,158,穿搭,http://www.bilibili.com/video/av1706437448,BV1NT421r7sa,普通人挑战明星同款！回归现实真的好看吗？宋雨琦｜娜扎｜赵露思｜欧阳娜娜｜钟楚曦,-,//i1.hdslb.com/bfs/archive/b4dbbf931619343f091dadf908fce65a899331a7.jpg,2071597,1396,21134,"明星,服饰,欧阳娜娜,明星同款,赵露思,网红穿搭,宋雨琦,夏日学穿搭,夏日时髦地图",195,1723904132,273,12490,27607302
刘阳RAIN,99056473,https://i1.hdslb.com/bfs/face/7d2f5ef86c7312868235d7bbdea6f0ea3c621b82.jpg,158,穿搭,http://www.bilibili.com/video/av114778471142462,BV1sjgQzfEAU,夏季购物分享！男生夏季最值得购买的10件单品！实用又好看！,身高178cm、体重76kg,//i0.hdslb.com/bfs/archive/90d1c7056f7f418dcbf3ce08408beb8494c74cf3.jpg,6018,11,115,"时尚,学生党,服饰,极简主义,通勤,种草,穿搭,男生穿搭,夏季穿搭,通勤穿搭",44,1751380692,722,238,130742
孟程程_,3494380809750611,https://i2.hdslb.com/bfs/face/dffaa97d61561161722e4a3ab0e4e8516a00a84a.jpg,252,仿妆cos,http://www.bilibili.com/video/av114718643585030,BV19fNkz6E4e,你喜欢上别的猫了？,摄影：@Vecchio_,//i2.hdslb.com/bfs/archive/d5207d7978f111e320711b5cc71f1d2120f18b94.jpg,135235,18,12490,女仆,337,1750467653,9,16780,1043781
苏漫笙,23851509,https://i0.hdslb.com/bfs/face/371fb1a69aff3f4ecb84f21a2ed08e7e7e86962e.jpg,157,美妆护肤,http://www.bilibili.com/video/av114160767602448,BV1CwQ6YsEiR,【漫笙】扁平脸淡颜的人生小烟熏｜12分钟保姆级妆教,无广,//i0.hdslb.com/bfs/archive/25ba0ec00023cf2b2e28835e24617a94ab795824.jpg,451640,386,44623,"春日时髦序曲,盛装生活节",451,1742079674,697,29072,9431760
玲姐1001,509352418,https://i1.hdslb.com/bfs/face/021e03fdf02b2a5c964d3998cfa806b6d53f94ea.jpg,158,穿搭,http://www.bilibili.com/video/av114459787923096,BV1kQV1zHEQA,有人在看吗？真的想放弃科普了！！,,//i2.hdslb.com/bfs/archive/471f76ea87b91097a3ae989cff9b98c393b91727.jpg,316325,65,15813,"女装,科普,分享,学生党,服饰,生活记录,种草,穿搭,购物分享,盛装生活节,五一时髦C位出游",269,1746599787,47,39028,4911647
折崎崎崎,10097868,https://i0.hdslb.com/bfs/face/950ad13974efa4fcb82b855e60756029522dc4e9.jpg,252,仿妆cos,http://www.bilibili.com/video/av114522668930705,BV1WNJAzLEyM,Cp漫展结束不小心擦了前面的车……【第五人格 | BLK战队】,"击球手：云启
入殓师：佑崎
机械师：万机
先知：夜间航行",//i2.hdslb.com/bfs/archive/d1108eb8c87f2b162e1ea1d2ddaf18ca5a9e13b1.jpg,852711,79,22204,"搞笑,小剧场,Cosplay,第五人格,整活,cp31,灵魂COS大赏,blk战队,二次元副本大作战2.0",192,1747984363,34,112091,3527071
默默子rikiyo,23284747,https://i1.hdslb.com/bfs/face/72e8f33cadc72e022fc34624cc69e1b12ebb72c0.jpg,252,仿妆cos,http://www.bilibili.com/video/av114420562855275,BV1VyG1zPEPq,迷人可爱的魔女～,-,//i1.hdslb.com/bfs/archive/46968a1831dcf74d417b7b418e1017d892c199e7.jpg,279008,136,31599,"可爱,魔女,魔女之旅,伊蕾娜,二次元副本挑战者,二次元副本大作战2.0",854,1745933555,30,74515,5577879
爱举铁的熙熙哥,1368259891,https://i1.hdslb.com/bfs/face/3b7e325762f8e9881e284a665f3a08e28ad0039a.jpg,252,仿妆cos,http://www.bilibili.com/video/av1255337523,BV1gJ4m1G7rY,【新月同行净天】没在说我吧？为啥酒吞童子的点名被下架啦？,-,//i2.hdslb.com/bfs/archive/05fbc4e0e9aa65e25666ce3330b98b08c0248394.jpg,2884794,239,9667,"黑皮,84年的熙哥,新月同行,在整一种很新的活,搞笑新星训练营2024 2.0",422,1717776587,17,172734,33734847
张走一,175318362,https://i0.hdslb.com/bfs/face/8ad7189feca4f9b8b12d2d07c1b9102c32908995.jpg,158,穿搭,http://www.bilibili.com/video/av114681012362347,BV1UpMmzHEod,大胆穿！这样撞色好好看！五彩缤纷的多巴胺穿搭( ̀⌄ ́),"感谢我的快乐购物老东家淘宝***找到我！为我免下这笔单！
但淘宝所有的产品没有合作关系！优点缺点都说啦！",//i2.hdslb.com/bfs/archive/6ad72a967e0ff36abccc3d933ef48fdf045385f2.jpg,222711,9,587,"运动,夏天,学生党,多巴胺,服饰,平价,种草,穿搭,淘宝时髦好店",152,1749902414,256,1751,1609020
困困不知道哦,1337856191,https://i2.hdslb.com/bfs/face/b1cc84d6b200ec5d7ab822337ee1a1e24d7f5cdb.jpg,252,仿妆cos,http://www.bilibili.com/video/av114477202676999,BV1rD5LzeEid,vlog｜05大学生回老家做漫展嘉宾的一天,-,//i1.hdslb.com/bfs/archive/19662454effc3f99bfad744dc7191ecd6dcaed83.jpg,391258,84,9515,"化妆,漫展,大学生,美树沙耶香,生活记录,cos",366,1746830101,593,13091,4681333
喵新majo,85776107,https://i2.hdslb.com/bfs/face/9d55be2d95064197fab0e944b3cf5a9ab359bf66.jpg,252,仿妆cos,http://www.bilibili.com/video/av114775753230436,BV1v2gUzrERN,澄闪泳装cos。小南梁筑波你的签名盲盒里都有什么？筑波筑波你的电子签名太抽象了，取关了喵。,-,//i1.hdslb.com/bfs/archive/7fd82e21dadc1a8d79da383728bc2c7651a4c310.jpg,25216,4,1030,"cos,Cosplay,明日方舟,泳装cos,澄闪",280,1751339265,10,3472,172169
Steven宫沐泽,383557298,https://i2.hdslb.com/bfs/face/1726e0582348d011d43695f7ad17375deb463051.jpg,252,仿妆cos,http://www.bilibili.com/video/av114703896417359,BV1VzNEzTEA4,是谁丁零当啷的来啊 哦 我啊,-,//i2.hdslb.com/bfs/archive/799d41338216f82769fc63e2d37012c026a935ca.jpg,89006,38,2655,"盗墓笔记,黑瞎子,Cosplay,半壶纱dj,凉买摇",103,1750242830,23,12587,1268604
是一只九龄,51588985,https://i1.hdslb.com/bfs/face/c1a22be6c35f02904d33a46716be334897bcc30c.jpg,252,仿妆cos,http://www.bilibili.com/video/av114562296713971,BV176jbziEQM,百万coser博主的毛坯人生：从零开始cos风堇,"表面：优雅治愈的风堇医生
实际：在花园里爬来爬去的狼狈coser
bgm：
  i walk this earth all by myself (Explicit)EKKSTACY
抓紧我的手 (氛围版)爱朵朵",//i0.hdslb.com/bfs/archive/2454ae37ac0d0fa87dc1a099c7c58b9f764e70a8.jpg,1014389,187,15617,"萌妹,正片,coser,Cosplay,是一只九龄,风堇,星穹铁道风堇,在黎明升起时坠落,崩坏星穹铁道3.3创作者激励计划",627,1748150166,61,60350,3361268
十一的看脸日记,1249954025,https://i2.hdslb.com/bfs/face/1a08b6e86bf485e3a93e56c2e805826acf25a997.jpg,157,美妆护肤,http://www.bilibili.com/video/av114509549208002,BV1KkEkz8Eit,撕拉片出片的原因是什么？,为什么撕拉片可以最大程度还原美貌？,//i1.hdslb.com/bfs/archive/3bf010a1bb4a7f5d18f5a4df22378ecf434627ff.jpg,342659,70,1003,"熬夜救星,抗初老,HBN,祛黄提亮,HBN发光水,出片秘诀,HBN万人抗老挑战,被光偏爱的脸原来是这样的",134,1747321371,138,7296,4190063
图图堡,8598025,https://i1.hdslb.com/bfs/face/98fab687714dd5edb38e986c923b20a8bf329828.jpg,252,仿妆cos,http://www.bilibili.com/video/av114675626871559,BV11VMzzxEpZ,徒弟拍的,-,//i1.hdslb.com/bfs/archive/23ef104c2c7d49287f87c3b316c5d7fd402a0cba.jpg,528797,2159,7209,"二次元,师徒,直播,cos,Cosplay,达达利亚,原神UP主激励计划,丝柯克,原神5.7UP主激励计划",213,1749963987,12,49111,1547447
幺玖伍195,3546588603484509,https://i0.hdslb.com/bfs/face/2843fdd734eac4e01e6ca1bcf3fd73ebbee5566f.jpg,252,仿妆cos,http://www.bilibili.com/video/av113995277144033,BV1jkKpeNE6G,她竟从衣服里掏出了个巨大的...,,//i0.hdslb.com/bfs/archive/19498b8a0d96ae3c84aa07381c2d8da996b6b7e9.jpg,1943384,93,8710,"漫展现场,cos,cosplay,甜妹,漫展整活",582,1739514607,15,51168,11996827
大毛贩卖机,5344594,https://i1.hdslb.com/bfs/face/061016455d30fe61dc191fb695ce1b427d59d6ce.jpg,157,美妆护肤,http://www.bilibili.com/video/av114634539405334,BV1HYTNzDEdH,人，这才是大肠发圈的正确打开方式...,,//i0.hdslb.com/bfs/archive/2c193bfeea82d32f1a4276ee718ee1ca55de1465.jpg,211372,55,29794,"教程,发型,侧马尾,编发,发圈,普通人变美指南,东方新中式图鉴",98,1749636816,63,26730,1874623
屏幕另一边的迷云,289334440,https://i1.hdslb.com/bfs/face/e9c7910d62dda1c17c1f85afe0ef804af0d4d1c8.jpg,252,仿妆cos,http://www.bilibili.com/video/av114764160306079,BV1jwgZzeEN4,一只可爱的Ralsei（作者：celebi.cos）,"https://www.tiktok.com/@celebi.cos/video/7517052905174617375
作者：celebi.cos
https://www.tiktok.com/@celebi.cos",//i2.hdslb.com/bfs/archive/218e2ad24d51b19ab1f18dcce92350e6bc2dbf19.jpg,29786,22,2481,"二次元,DR,Cosplay,Deltarune,三角符文,Ralsei",126,1751169901,19,4967,341538
谷梨梨本人账号,27608438,https://i2.hdslb.com/bfs/face/63dc4aab4e887661f27f00fe01e0aff32d9b47b5.jpg,158,穿搭,http://www.bilibili.com/video/av114289750835300,BV1VpRiYKELH,有一种穿搭风格，叫做“我的风格”,（风格不需要被定义），我认为风格，就是独属于我自己的感觉。,//i0.hdslb.com/bfs/archive/77865697e620a9c6b336991830a3322c0930eabd.jpg,1226349,393,14802,"女装,日常,衣服,风格,服饰,穿搭,版型,时尚穿搭分享",1169,1746452178,95,142478,5059261
小兔宝盖,21792949,https://i1.hdslb.com/bfs/face/8754521799880fad4af2806fdf37b94381983449.jpg,157,美妆护肤,http://www.bilibili.com/video/av114647004872932,BV1AvTXzREGJ,不同肤色的本命口红！同一只上嘴天差地别,-,//i0.hdslb.com/bfs/archive/94255638e7ae19694a4330a8740bb2616b18a271.jpg,199269,116,885,"口红,美妆,口红试色",130,1749374877,228,1825,2136562
方凯瑞CARRIE,32687941,https://i1.hdslb.com/bfs/face/6275adc5a42450ad4bafb26128a070bf7d9c0c8e.jpg,159,时尚潮流,http://www.bilibili.com/video/av114120720387984,BV1Qq9mYhEKo,当你穿的比老板还像老板…,-,//i1.hdslb.com/bfs/archive/fcab26120acd9e85631af6343ebe60565036b338.jpg,540326,28,2664,"女装,模特,时尚,服饰,穿搭,方凯瑞",103,1741781244,33,28745,9730195
取个啥岷,5898335,https://i2.hdslb.com/bfs/face/336d8e1b274058f860399c77ce9a6007c060a99d.jpg,158,穿搭,http://www.bilibili.com/video/av114243714156935,BV1MUofYeEZn,时尚的完成度是看脸？当普通人模仿爱豆穿搭会得到….,"挑战爱豆私服 2.0！无广纯分享！
这期找的几件衣服相对来说踩雷率还是比较低的，如果大家还有想让我试的单品就在评论区告诉我吧",//i2.hdslb.com/bfs/archive/7641583abaea4fefcc95bf2aa87d686a95a774af.jpg,377018,796,10447,"踩雷,私服,时尚,爱豆,穿搭,kpop,春夏穿搭,爱豆同款,穿搭挑战,春日时髦序曲,盛装生活节",101,1743401856,546,4807,8109583
西西西西西西子_xxy,1878526028,https://i2.hdslb.com/bfs/face/f7642223db515437fab1e3366ad9507d41232831.jpg,252,仿妆cos,http://www.bilibili.com/video/av114532584457607,BV1T5EDzQEsY,论二次元对出片的执念有多深,-,//i1.hdslb.com/bfs/archive/2e784c1e4e8a0e4c3e793c78229355d069400dca.jpg,484756,72,10200,"新世纪福音战士,二次元,绫波丽,莉莉丝,私设,cosplay,eva,大白丽,氛围感,二次元副本挑战者,二次元副本大作战2.0",417,1747680079,19,66944,3831360
时姬娘娘_我不是AI,477535791,https://i0.hdslb.com/bfs/face/fbf77a1a2feb8d1e0194244f3da96fb7f0e3cf8d.jpg,252,仿妆cos,http://www.bilibili.com/video/av114771709925869,BV1CHgkzeExG,你们喜欢的2.0全身版,-,//i1.hdslb.com/bfs/archive/f2d273a4c572e39e1ffef0565dea2322b2781208.jpg,9725,1,1048,"海伦,胜利女神,胜利女神新的希望",24,1751277582,8,1316,233857
钟楚曦,517440510,http://i0.hdslb.com/bfs/face/9364c2654fd1cfacfc4b61b169409eb11d7490c5.jpg,157,美妆护肤,http://www.bilibili.com/video/av114719734107958,BV1KiNyzNEhD,【钟楚曦】今天的妆容vlog碎碎念含量超标～,-,//i0.hdslb.com/bfs/archive/0ad611ce2b4d5ec7c9fa7c6d5881f0405a8dc3d2.jpg,175316,243,1365,"化妆,美妆,Vlog,钟楚曦",251,1750607645,376,15880,903794
六月小miumiu,317818108,http://i1.hdslb.com/bfs/face/3c68d4205ade5d10bd7830fe3e08a5724e1cb890.jpg,158,穿搭,http://www.bilibili.com/video/av114776608869456,BV1vDgDz2Est,谁说基础款一定无聊？你的衣柜还缺一件万能单品｜高频利用的基础款分享｜打造可持续衣橱｜一衣多穿,"》〉154cm，39.9kg
》〉一些平平无奇却高频利用的基础款单品分享。也许它们没有繁复的设计，却是不出错的万能牌。我常觉得越基础越有丰富的可能性，提醒大家也提醒自己，学会控制衣橱里基础款和设计款的比例，才能更好地靠近长期主义。思路大于种草，适合我的不一定适合你。希望抛砖引玉，若能给你一点点灵感或动力，去翻翻衣柜里的基础单品，再尝试新的排列组合，那我也会感到很开心。
》〉你们过的好吗？遇到一些事情，本来想早些分享的，但搁置了，很抱歉。但不管怎样，谢谢你来看我的视频。",//i1.hdslb.com/bfs/archive/f68d2aaa55bf602cebc4824fe10a5fd03f63d1e2.jpg,22631,18,622,"女装,分享,小个子,服饰,种草,穿搭,基础款,一衣多穿,今日出门怎么穿,525夏日企划《我要我就这样》",72,1751352498,272,1129,158941
SENSTREET_,3493110977923359,https://i0.hdslb.com/bfs/face/44ca0206f490b12cb1d0bca291208a87952737fb.jpg,159,时尚潮流,http://www.bilibili.com/video/av114663933154963,BV1auMnzjEYb,顶尖杀手豺狼的百变时装秀 | 小雀斑《豺狼的日子》Jackal造型全解析,"SENSTREET「风格与趋势解析」本期为你带来英剧《豺狼的日子》主角 Jackal豺狼的造型解析，包含剧中最具代表性的十组造型。结合剧情语境与人物设定，我们一起欣赏影帝Eddie Redmayne（小雀斑） 如何以超群的演技与独特魅力，将「顶级杀手」的每一步，都走成时装秀。
-
原著小说《豺狼的日子》由英国作家 Frederick Forsyth 于 1971 年出版，曾在 70 与 90 年代两度被改编为电影。本次剧集将故事置于当代，造型语言也更为丰富。Jackal 是一位衣着讲究、气质冷峻的职业杀手",//i2.hdslb.com/bfs/archive/337f225edfbbac91b22bffab0998d111739634b1.jpg,1072376,494,33084,"时尚,时装,男装,造型,豺狼,豺狼的日子",460,1749663206,604,61403,1848233
栗川芥,28098151,https://i1.hdslb.com/bfs/face/f373d5271bd911d5a6e22e1d8014d27e49d9e8ee.jpg,252,仿妆cos,http://www.bilibili.com/video/av114437558181362,BV1YXVGzkEdH,只 对 你 的 限 定,-,//i2.hdslb.com/bfs/archive/7889f9ee05562468bf12cb621a3da971e8a9b930.jpg,323717,53,20006,"二次元,我的青春恋爱物语果然有问题,雪之下雪乃,cos,栗川芥",405,1746188933,12,75941,5322513
阿卷耳,8843501,https://i2.hdslb.com/bfs/face/246ca5d900b345d7f69c4c7e9fc17957bb22187a.jpg,158,穿搭,http://www.bilibili.com/video/av114477705988550,BV1F35LzwEEk,小个子也能驾驭的轻户外穿搭！155cm50kg奶酷感休闲搭配,户外新手近期在淘宝购入的实用轻户外单品！,//i0.hdslb.com/bfs/archive/f1a0859835fd91dbb67de3c8ccd03d4d6767894c.jpg,492577,61,927,"户外,小个子,穿搭,夏季穿搭,运动风穿搭,天猫618,户外穿搭,今日出门怎么穿,盛装生活节,小个子可驾驭的轻户外穿搭,旷野系",102,1746878408,290,1768,4633038
一里ouo,367262849,https://i2.hdslb.com/bfs/face/ffa8fc0cbc2223b9ff5a891621afb2e449f6618a.jpg,252,仿妆cos,http://www.bilibili.com/video/av114608115288811,BV1dY7kzrEbY,好神奇的魔术,-,//i2.hdslb.com/bfs/archive/e651f045bee715771531526171cdafd913d1d893.jpg,126899,12,3785,"可爱,女神,高能,性感,魔术,辣妹,小仙女,小姐姐",55,1748856435,14,7620,2655011
一只大蓝莓,20812175,https://i2.hdslb.com/bfs/face/8b4b5d05defdbbfcc53f7d65c11af40d3f2b183d.jpg,252,仿妆cos,http://www.bilibili.com/video/av114753758306077,BV1K3KizVEx1,听说丝柯克的衣服不太好过审,-,//i2.hdslb.com/bfs/archive/98b17306ee6b9f8c39aca141181e3ef3b256a07f.jpg,181321,70,5277,"原神,丝柯克,原神丝柯克,原神5.7UP主激励计划",654,1751048080,10,20596,463366
山城小栗旬的理发日记,1869712375,https://i1.hdslb.com/bfs/face/21a7acb06d7ecbd35d27213f87ea6749f9fd18e0.jpg,157,美妆护肤,http://www.bilibili.com/video/av935534088,BV1vT4y1m7uc,你们想看的来了，给理发师这些条件就能给他剪头发？直接倒反天罡,-,//i0.hdslb.com/bfs/archive/532b6e3980565ecb081c8b5c411c0caf9d9a609d.jpg,4755575,3703,19243,"搞笑新星训练营,发型,搞笑",3613,1675509503,153,260245,76001943
栗川芥,28098151,https://i1.hdslb.com/bfs/face/f373d5271bd911d5a6e22e1d8014d27e49d9e8ee.jpg,252,仿妆cos,http://www.bilibili.com/video/av114664067438625,BV11HMnzMEX1,请选择你的英雄,-,//i0.hdslb.com/bfs/archive/7e66760e268d4bc5f98317b131be1ade7c261cc5.jpg,145301,29,7444,"萌妹子,原声大碟,甜妹,室内系的TrackMaker,栗川芥,法修散打",202,1749703752,23,26829,1807694
泫泫泫呀,134828997,https://i0.hdslb.com/bfs/face/52c611cc13c2dbbd55a63de6ea7fcf93962b1c27.jpg,158,穿搭,http://www.bilibili.com/video/av114738373662486,BV1NVKVzCE4R,好爱袜子+丝袜叠穿！氛围感都是他给的！！！,-,//i1.hdslb.com/bfs/archive/dc1737b26f8527ee868fd74dabf3f29773e81e00.jpg,63040,7,2347,"丝袜,袜子,穿搭,叠穿,氛围感,今日出门怎么穿,525夏日企划《我要我就这样》",38,1750768749,99,2085,742697
知名相声演员BBBBB大王,15892313,https://i2.hdslb.com/bfs/face/e40bb6be0e7aa5d3f2838313bb47a59358481577.jpg,157,美妆护肤,http://www.bilibili.com/video/av113831716064243,BV1EKczeKEhP,会扒开屁股搓？南方人的“裸体羞耻症”。。,搓屁沟这件事。终结了我作为南方人的“裸体恐惧症”。。,//i1.hdslb.com/bfs/archive/94a056e9aeba1342b04f409018e8dd4acd20f578.jpg,2299930,3814,21575,"韩国,吐槽,搞笑,日常,化妆,时尚,美妆,穿搭,vlog,B站Z100好物榜",3612,1736949869,502,114250,14561577
火鸡苗_apism,22375190,https://i2.hdslb.com/bfs/face/9d6d7e98bcd4a9fb9bc26f3b2cd190f8cf28c83f.jpg,157,美妆护肤,http://www.bilibili.com/video/av228543345,BV1zh41157WG,当我被泼一身血还被要求要“很享受的感觉”…【暴力美学】,-,//i1.hdslb.com/bfs/archive/a3b1fc87fc6619b315594bf01a43dc9409939f0a.jpg,2674234,90,18179,"暴力,美女,暴力美学,血腥,婚纱,颜值,bibi,心动一夏的颜值,我在B站拍短剧·夏日剧场",452,1684239666,14,114380,67271780
bfgz的蟹老板,1943569669,https://i1.hdslb.com/bfs/face/c7b146f610a85287cd4ef01f73ebb433b26aef74.jpg,158,穿搭,http://www.bilibili.com/video/av114612225711309,BV1VK72z2Esg,纯白的颜色 锐利的眼,-,//i2.hdslb.com/bfs/archive/dde1ef10a5104fc2ce59da9e6fa0ce6cbbf32227.jpg,177467,13,5766,"女装,服饰,穿搭",104,1749029132,15,23116,2482314
中国梨自救,395375056,https://i1.hdslb.com/bfs/face/329c5cdfad0a30450dabd61383556f987e7cb078.jpg,158,穿搭,http://www.bilibili.com/video/av114543388791453,BV1v6JezQEHb,绝顶的一条,-,//i2.hdslb.com/bfs/archive/49ba00742d10c4a0e0aee9fe5e83971e6f7d5cca.jpg,168962,51,5941,"御姐,好看,穿搭,夏季裙子,普通人变美指南,东方新中式图鉴",196,1747798333,15,15379,3713113
躺水_,20039054,https://i2.hdslb.com/bfs/face/2816cac5fb3e3f3b52006688a696afc2dd790fe2.jpg,158,穿搭,http://www.bilibili.com/video/av114080387964904,BV1zR9uYvEBf,“我是要成为校草的男人”,-,//i0.hdslb.com/bfs/archive/5a4489e61fe24e1fbf0e49e180341084080c9363.jpg,518173,189,4375,"日常,校园,海贼王,帅哥,日系,校草,服饰,穿搭,男生穿搭,复古穿搭",635,1741198641,59,11389,10312805
是亮亮-,1191142069,https://i1.hdslb.com/bfs/face/6cf7d9b063dd46368b2d3c4c27bf7f46ac691fd2.jpg,157,美妆护肤,http://www.bilibili.com/video/av114709667779875,BV1HqN4z6ENg,不是？这么出片的表情能不能上上链接？？,-,//i1.hdslb.com/bfs/archive/f3dbcb1f0c2ac2fc6dda6f72469596ca7ac7b8d1.jpg,76939,2,14220,"表情管理,拍照教程,拍照表情,上镜技巧,普通人变美指南,525夏日企划《我要我就这样》",11,1750571551,164,3550,939895
鱼九九,13390535,https://i2.hdslb.com/bfs/face/d62c34c81e0cc9630ffb5d4121ad6624bea35ee1.jpg,158,穿搭,http://www.bilibili.com/video/av114709047020134,BV1XeNtzhEAA,夏天鞋子穿这些就够啦！14双好穿又百搭的鞋子分享｜拖鞋｜凉鞋｜休闲运动鞋｜主打一个舒适！,夏天不知道买什么鞋？看这个视频就知道啦！,//i1.hdslb.com/bfs/archive/95b4d8700d7432e6956b84d3334493f865ecb868.jpg,77712,464,2750,"夏天,拖鞋,运动鞋,鞋子,学生党,洞洞鞋,平价,凉鞋,鞋子分享,今日出门怎么穿,525夏日企划《我要我就这样》",95,1750589003,608,1159,922443
花兮_honoka,91136837,https://i2.hdslb.com/bfs/face/cc436f1c2f0e258e050e4c6a880e14895817f1e4.jpg,252,仿妆cos,http://www.bilibili.com/video/av114687572184605,BV1j5MhzXEiF,你的实力，我认可了,-,//i2.hdslb.com/bfs/archive/72a0a52ac7828f47a00bea9ca0a43f7e44eebf52.jpg,147756,6,12108,"Cosplay,Cos,原神,原神UP主激励计划,丝柯克,原神5.7UP主激励计划",235,1750040071,13,34564,1471375
梦梦探险家,90974346,https://i0.hdslb.com/bfs/face/cb2bd2d2ef46863257489ec2aa5e5021058eb761.jpg,158,穿搭,http://www.bilibili.com/video/av114573671793928,BV1AwjUzNEiD,小孩哥的梦想？,-,//i0.hdslb.com/bfs/archive/d6189a99d9c516edcd17a39a2df8ccb3f1705d1f.jpg,186183,81,4571,"记录,鞋子",193,1749397702,17,5693,2113752
洛浅_shallow,243784154,https://i2.hdslb.com/bfs/face/14704deeb76d84c618779fad23693f72b66a4145.jpg,252,仿妆cos,http://www.bilibili.com/video/av114742668565467,BV1e2KJz5E1P,主播最像女生的一集,,//i2.hdslb.com/bfs/archive/44b2911fb4582dcc830d1d568f4c8276058bbfd3.jpg,67784,4,3109,"二次元,同人,cos,知更鸟,崩坏星穹铁道,二次元副本挑战者,圣心咏叹调,二次元副本大作战3.0",75,1751011981,17,7078,499473
KleinerPixel,349888821,http://i0.hdslb.com/bfs/face/5f98eccff7a4612094837d256edb98c4ee38006d.jpg,252,仿妆cos,http://www.bilibili.com/video/av502936105,BV12N411f7gv,【Kleiner Pixel】 伊莎贝拉 約定的夢幻島 Cosplay化妆教程,"Official bilibili Kleiner Pixel Account www.youtube.com/KleinerPixel 
FOR BUSINESS INQUIRIES: KleinerPixel.contact@gmail.com (english please)",//i1.hdslb.com/bfs/archive/750f64e9a9e8bc6a93442c20091a2efa87b8db16.jpg,10714128,12792,120849,"COSPLAY,化妆,美妆,COS,COS妆,化妆教程,約定的夢幻島,伊莎贝拉",6390,1659354475,487,461938,92156979
一里ouo,367262849,https://i2.hdslb.com/bfs/face/ffa8fc0cbc2223b9ff5a891621afb2e449f6618a.jpg,252,仿妆cos,http://www.bilibili.com/video/av114771827362871,BV1f2grztEWC,好大的阴谋顶级过肺,-,//i0.hdslb.com/bfs/archive/b827902a47b3e8d9b28fe0da56f3df1127bb2f12.jpg,21442,0,175,"美女,女神,萌妹子,小姐姐,美妆,Cosplay",12,1751279231,14,805,232223
你的范爷阿,1514699137,https://i1.hdslb.com/bfs/face/fa5c625ab40052558cc8b20ec208942212fee5ec.jpg,158,穿搭,http://www.bilibili.com/video/av113781266975896,BV1UKrjYMEPa,当那个讨厌你穿一身黑的女友和你分手后，你的穿搭...,或许她讨厌的不是黑色，她讨厌的只是你~,//i1.hdslb.com/bfs/archive/89112bcf55eeabd009b9baf09666051c0578cf22.jpg,1438180,30,695,"换装,冬季穿搭,穿搭技巧,男生穿搭,中性风,allblack,氛围感穿搭,cleanfit,一身黑穿搭,今日出门怎么穿,24~25时髦healing漫游",211,1736259451,36,4469,15252003
ikrae小木,6878415,https://i0.hdslb.com/bfs/face/7c142e0eca219daf6ee17c0ef6bfea4ef5b30361.jpg,252,仿妆cos,http://www.bilibili.com/video/av114504650196384,BV1PUEYzeE2e,"如果你知道我特意跑一趟长白山拍的正片没人看,你也会觉得我命苦",,//i2.hdslb.com/bfs/archive/2ea24122170d8e4ff73fdad5f84b98b3bd4369b2.jpg,248481,156,21944,"日常,盗墓笔记,张起灵,吴邪,时尚,长白山,仿妆COS,好玩不过仿妆,东方新中式图鉴",373,1747457220,24,120742,4054234
DRAKSTREET,3546727422364508,https://i2.hdslb.com/bfs/face/e645d2b38ef8c3f7638b1414200d860eef0c7804.jpg,159,时尚潮流,http://www.bilibili.com/video/av114466263924762,BV1nGVazrEgV,为什么全世界有品位的富豪们都在偷偷穿它？,,//i1.hdslb.com/bfs/archive/07975c560abba644cee1aeec6234f534cf4b645e.jpg,1028908,4,7779,"跑步,潮流,时尚,跑鞋,穿搭,昂跑,drakstreet",48,1747829980,74,3165,3681474
一里ouo,367262849,https://i2.hdslb.com/bfs/face/ffa8fc0cbc2223b9ff5a891621afb2e449f6618a.jpg,252,仿妆cos,http://www.bilibili.com/video/av114749396226045,BV1JJKoztE5K,谁说我们走不到最后的,-,//i0.hdslb.com/bfs/archive/a6c0be7ed92c3a41bca6953dc65f0f3420d7ac21.jpg,37071,5,1202,"浪漫,可爱,女神,婚礼,快乐,毕业,毕业季,幸福,生活记录",86,1750937216,11,3719,574238
1mo多多,389788654,https://i1.hdslb.com/bfs/face/43e9c0ed20ff9f4355a73dc1db3b0ec458a2c343.jpg,252,仿妆cos,http://www.bilibili.com/video/av114685709917456,BV1NaM4zREX7,没听过这首歌之前手机只是一块会发光的砖头,-,//i2.hdslb.com/bfs/archive/e18fac1df138ba150863b27ee225c1f5ee36c538.jpg,252033,61,6567,"歌曲,好听,手机",685,1750312337,20,38576,1199117
默默子rikiyo,23284747,https://i1.hdslb.com/bfs/face/72e8f33cadc72e022fc34624cc69e1b12ebb72c0.jpg,252,仿妆cos,http://www.bilibili.com/video/av114681045845233,BV14xMmzJEWP,好像真的谈过一样！卡门！,-,//i1.hdslb.com/bfs/archive/de50802efbbdd5259f9028c33fc64948ff17b662.jpg,89910,21,5199,"发型,服饰,穿搭,Cosplay,鸣潮,鸣潮创作激励计划,卡提希娅,轻掷欢呼之冕,鸣潮2.4版本创作激励计划",326,1749903296,19,21153,1608158
无星Elio,46321557,https://i0.hdslb.com/bfs/face/4679d48a4d3104aa511b121849a04d3d999e4ed3.jpg,158,穿搭,http://www.bilibili.com/video/av763557971,BV1ir4y127Th,上班第一天被顾客偷拍了 结果是问男的女的,-,//i0.hdslb.com/bfs/archive/0885c46be801d7efbb4b466900386a7b1a60e245.jpg,4765831,1274,50710,"每日穿搭,打卡挑战",4106,1671521816,12,165392,79989638
溟雨小朋友,196652162,https://i2.hdslb.com/bfs/face/b8ca17815d1da6e94ec653e0f4f91e10fc0653d7.jpg,252,仿妆cos,http://www.bilibili.com/video/av114137665445634,BV19fR3YeExT,能屈能伸才是雄鹰一样的女人,-,//i0.hdslb.com/bfs/archive/630a793d5f5085ad0a7584260c7028d3a5e3bf1e.jpg,946160,133,5882,"女人,小姐姐,生活记录",663,1741628231,18,64978,9883223
邪剑仙喵瑞莉娅,5724114,https://i0.hdslb.com/bfs/face/03799ab7ad52ebcc9fc87aac27632a2c3096a504.jpg,252,仿妆cos,http://www.bilibili.com/video/av114398165206641,BV1wPLJzjEFw,38岁但青春永驻的秘密,-,//i0.hdslb.com/bfs/archive/06a9b210eca4e836adfb84a82d6f1899dd583a5d.jpg,310082,59,3557,"古风,御姐,浴衣",558,1745651737,14,17177,5859717
痴五安chammy,327903909,https://i0.hdslb.com/bfs/face/64923d39b715afc476537cfbf400cc4dc1c86410.jpg,158,穿搭,http://www.bilibili.com/video/av114420948667241,BV1HyGyz5E44,知道你们很懒 所以这是一期可以直接抄的8个「套装」搭配！五一出游直接copy｜穿搭分享｜男生穿搭｜小个子穿搭,"我是说 有没有可能这是我第一次做「套装穿搭」？
闭眼复刻四个字
我说累了！
五一出游请直接抄！！！",//i1.hdslb.com/bfs/archive/1a057966204947a4ca09b38112b4afd7d60bab5c.jpg,426754,120,5125,"男生,小个子,套装,穿搭,购物分享,选购指南,男生穿搭,五一出游,套装分享,春日时髦序曲,盛装生活节",174,1746027631,799,5036,5483825
病院坂saki,4096581,https://i0.hdslb.com/bfs/face/95ea370e6a1c1c89e839749df1ea2402cdab2514.jpg,252,仿妆cos,http://www.bilibili.com/video/av114755050151025,BV1VFKBzbEGh,手里的HK416突然就变萌了,-,//i0.hdslb.com/bfs/archive/8740fbb0c678600f50c6b897b43bb05624e20624.jpg,106457,45,8715,"HK416,手游,少女前线,Cosplay",338,1751046211,14,22597,465245
痴五安chammy,327903909,https://i0.hdslb.com/bfs/face/64923d39b715afc476537cfbf400cc4dc1c86410.jpg,158,穿搭,http://www.bilibili.com/video/av114325670858432,BV1wbdeY7Ec7,又是搜罗了2个月的成果！短袖衬衫 一次看爽！日系｜户外｜通勤｜少年感一次看完 不爽算我输！衬衫合集｜宝藏衬衫｜衬衫推荐｜男生穿搭｜入夏穿搭,"没错
这是一期你们点菜的
短袖衬衫合集
我收集了超多种类型！！
一件带你美美入夏
帮你解决没衣服穿的烦恼！
制作不易 三连支持一下？",//i0.hdslb.com/bfs/archive/a081d2d26cb8cb688399ca54e6a31570bc77f57d.jpg,409564,155,8092,"衬衫,少年感,穿搭分享,穿搭技巧,男生穿搭,衬衫分享,夏季衬衫,男生变帅,宝藏衬衫,今日出门怎么穿,东方新中式图鉴",223,1744518972,749,4121,6992484
柏柏雨丶,1476245413,https://i1.hdslb.com/bfs/face/009bae1ee93e7629c6dec1f18e02b457a364ada6.jpg,252,仿妆cos,http://www.bilibili.com/video/av1155151469,BV1iZ421W7SQ,约尔说想不到能有这样的场照,-,//i1.hdslb.com/bfs/archive/8c0a27a395a74c1da2e200f4639aa12e6fc0f358.jpg,1948794,21,22555,"漫展,场照,美妆,穿搭,Cosplay,约尔",35,1727907139,62,10039,23604317
景天William,3546595452783292,https://i1.hdslb.com/bfs/face/a95d9f7c78bd3d941c2c99a0cf3fc0be03c06cff.jpg,252,仿妆cos,http://www.bilibili.com/video/av114766961975048,BV1Tg3AzYECJ,好像来了个更坏的,-,//i2.hdslb.com/bfs/archive/ad37d7ae6b9782c864631d876c38fda6b8a55bc4.jpg,37854,3,939,"娱乐,新人,生活记录",82,1751204910,13,5515,306546
泡大鑫,155301349,https://i1.hdslb.com/bfs/face/d01189e8f624dd57a056938e2b9ca55bfb3db7b8.jpg,158,穿搭,http://www.bilibili.com/video/av114511965061297,BV1peE1zaEBM,穿上美的赛天仙的便宜美裙,-,//i1.hdslb.com/bfs/archive/6f06797c5c23919b24ea5c8bb23710d2a8c51934.jpg,180207,150,3644,"女装,服饰,连衣裙,显瘦,平价,穿搭,梨形身材,贵气,显贵,今日出门怎么穿,东方新中式图鉴",174,1747423991,238,14343,4087465
花兮_honoka,91136837,https://i2.hdslb.com/bfs/face/cc436f1c2f0e258e050e4c6a880e14895817f1e4.jpg,252,仿妆cos,http://www.bilibili.com/video/av114646736439980,BV1DFT9zqEjJ,“仿生人”也会被蚊子咬的吗,-,//i2.hdslb.com/bfs/archive/ad57dfc4da59e8c2c76665042c39455fdff94d14.jpg,333080,21,29468,"尼尔机械纪元,2b,Cosplay,Cos,尼尔2b,灵魂COS大赏,二次元副本大作战3.0",459,1749382562,13,99959,2128894
聂小倩她老板,431615976,https://i0.hdslb.com/bfs/face/d3be65d78fb1280568bd852c282669c83c116164.jpg,157,美妆护肤,http://www.bilibili.com/video/av114709063800034,BV1RYNtzwENX,这次真被吓一跳！外星辣妹的包裹到了！,-,//i0.hdslb.com/bfs/archive/f872e22792a60d6b048adb489177390c89a42915.jpg,126910,134,246,"搞笑,高能,玩具,外星,快递,辣妹,开箱,解锁夏日时髦vibe,525夏日企划《我要我就这样》,沉浸式时髦精",230,1750442962,73,11591,1068494
小冰是个妆娘,508174464,https://i0.hdslb.com/bfs/face/0ba6a16ea8e044892ced48e5c1734b056233532e.jpg,157,美妆护肤,http://www.bilibili.com/video/av113253942301559,BV1pn1XYuE1n,妆娘说这叫藏色……真的假的,-,//i0.hdslb.com/bfs/archive/176381d2edb0ded348e0034a433787d9d1205b26.jpg,3342112,329,9639,"化妆,美妆,美妆教程",1411,1728386862,14,122317,23124594
K4U_,3494355190942280,https://i2.hdslb.com/bfs/face/f742141cfedab7eb86befc24e14c34b0b746cefa.jpg,252,仿妆cos,http://www.bilibili.com/video/av114731193013909,BV1WwKtz7Ehh,我看你是真的饿了,我看你是真的饿了,//i2.hdslb.com/bfs/archive/dc9fd5a3a47b2f5eafa0cb887586b7032e1db02f.jpg,93396,6,3581,"cos,托帕,崩坏：星穹铁道创作者激励计划,崩坏星穹铁道3.3创作者激励计划",150,1751376301,8,6807,135159
是可乐要加冰,276191534,https://i2.hdslb.com/bfs/face/abefea7e608154b81516bd1d7eb44feda3f2b798.jpg,158,穿搭,http://www.bilibili.com/video/av114676667057575,BV1juMBzgE6z,永远乐观的面向未来,-,//i2.hdslb.com/bfs/archive/c0aa436494c04ec0c96542538b208d81a93fb2e7.jpg,185546,8,11125,"励志,生活",186,1749827777,13,24665,1683683
K4U_,3494355190942280,https://i2.hdslb.com/bfs/face/f742141cfedab7eb86befc24e14c34b0b746cefa.jpg,252,仿妆cos,http://www.bilibili.com/video/av114779058345320,BV1qy3nzAE2u,那些激情后的陌生 被利用的信任～,那些激情后的陌生 被利用的信任～,//i2.hdslb.com/bfs/archive/0417a3c75183ed2e3e6e42eb8e63d3f0ce2dc8ec.jpg,34524,15,880,甜妹,169,1751389643,13,3042,121817
糕哥枣糕DAZE,1574624,https://i2.hdslb.com/bfs/face/ec8be46e409d6c02b6b662bfdb8464777b8ab25e.jpg,252,仿妆cos,http://www.bilibili.com/video/av114426803980527,BV13jGbzEEgn,说出你的愿望吧，鬼城的客人......,"我永远的大舅！！！

摄影剪辑 @三火皮",//i0.hdslb.com/bfs/archive/ec8cfe3e17cc24aaf056f9eed77c9c9ac8e886be.jpg,245980,37,3848,"枣糕,玉藻前,决战！平安京,平安京玉藻前,热爱可破次元,盛装生活节,平安京鬼市大开,玉藻前传说限定皮肤,平安京鬼城幽闻",478,1746129856,43,14769,5381604
阿喵喵Yoki,271533050,https://i2.hdslb.com/bfs/face/dfef3dfeb4b7276d232f297215de60dab7ba85f9.jpg,252,仿妆cos,http://www.bilibili.com/video/av114658732151649,BV1nqM3zKEHs,我说我被逼的有人信吗？,-,//i2.hdslb.com/bfs/archive/ebc819c94f6104170bc0f47f652d767fa1c64419.jpg,199833,18,8259,"可爱,手势舞,碧蓝航线8周年生日快乐",265,1749775605,15,14264,1735855
一颗小兔娘,498099165,https://i0.hdslb.com/bfs/face/035c2c9e95c5487d0a9aca28c36f0cb20b0afc3f.jpg,252,仿妆cos,http://www.bilibili.com/video/av114698209007248,BV1YVNBzdEaB,穷哥们没有甄姬的可以用神郭嘉代替,-,//i1.hdslb.com/bfs/archive/060e36342b53e484bef7f3ae5e54291ee32b5e5f.jpg,239344,57,2962,"三国杀,哥们,甄姬,Cosplay",521,1750193129,10,20075,1318331
迷瘾你啊,33118601,https://i2.hdslb.com/bfs/face/5a20b687f64443204b00adef5a232c43dfb79394.jpg,159,时尚潮流,http://www.bilibili.com/video/av114280120781527,BV1VKZZYMEwq,很喜欢的一段,-,//i1.hdslb.com/bfs/archive/2005456b536ef05dd1e512c7e8169299846d7892.jpg,539826,105,9675,"电影,电影剪辑,影视剪辑",1099,1744074979,38,30575,7436481
汤面桢子,179288789,https://i2.hdslb.com/bfs/face/dbe32baa570b1bec85a10d70207cb2250871d3a3.jpg,252,仿妆cos,http://www.bilibili.com/video/av114749530446170,BV1BkKdzXEQD,当你意识到，你已经到了动漫主角拯救世界的年纪,p主：@鳗鱼饭咖喱饭,//i0.hdslb.com/bfs/archive/01c00c277b877c0450e12a45840813c6756df230.jpg,271736,1091,5451,"宅女,动漫,二次元,重音teto,我不是天才吗",159,1750999396,10,34527,512064
五更百鬼,65890998,https://i0.hdslb.com/bfs/face/de27806892f103f6c9fd096efda7d2b7daec3ca5.webp,252,仿妆cos,http://www.bilibili.com/video/av114452389239956,BV1ENVqzQEyk,被女人扇巴掌的时候，首先飘过来的是香气，然后才是巴掌,-,//i1.hdslb.com/bfs/archive/cd571705120a187fd251d8eaf46d44f49cc454ec.jpg,338356,9,5348,"cos,瓦,暮蝶,瓦学院的进修日常1.0,无畏契约侦查作业",187,1746405113,16,24618,5106347
一只大蓝莓,20812175,https://i2.hdslb.com/bfs/face/8b4b5d05defdbbfcc53f7d65c11af40d3f2b183d.jpg,252,仿妆cos,http://www.bilibili.com/video/av1954418871,BV1NC41177cd,家人们给你们看一下仆人的美瞳,-,//i1.hdslb.com/bfs/archive/1b178936c29388c386d52236ba63338e7d4f3eee.jpg,2132737,586,13886,"仆人,cos,cosplay,原神,原神UP主激励计划",1442,1715344613,60,237046,36166847
一颗小兔娘,498099165,https://i0.hdslb.com/bfs/face/035c2c9e95c5487d0a9aca28c36f0cb20b0afc3f.jpg,252,仿妆cos,http://www.bilibili.com/video/av114480038023840,BV1tvVDzBEMW,最崩溃的一集,-,//i1.hdslb.com/bfs/archive/f3ab75d20fd238e237dec84f2716d5a5c5e8351a.jpg,1297156,1049,8676,"日常,眼罩",1128,1746854691,22,94111,4656769
K4U_,3494355190942280,https://i2.hdslb.com/bfs/face/f742141cfedab7eb86befc24e14c34b0b746cefa.jpg,252,仿妆cos,http://www.bilibili.com/video/av114748406437962,BV1rLKRzpEGf,我的眼中只有你～,我的眼中只有你～,//i0.hdslb.com/bfs/archive/90334d5b2b6bb1ad9efbe1626aadf76d5348e6e2.jpg,237002,64,11615,甜妹,448,1750921877,10,33140,589583
怪力老陈,361775100,https://i0.hdslb.com/bfs/face/1302cf417c3f44d1b58f0ee180c8eb87f283dfbe.jpg,158,穿搭,http://www.bilibili.com/video/av114708325600929,BV1RWNxz8E1d,这个班谁爱上谁上！但姐的OOTD必须满分！,,//i1.hdslb.com/bfs/archive/10e304344162176e6cb0611d0891bf6b4c2b04c6.jpg,76362,191,348,"女装,生活,日常,衣服,服饰,单品,种草,穿搭,ootd,解锁夏日时髦vibe,525夏日企划《我要我就这样》",119,1750323901,472,4039,1187567
vams07,401137062,https://i0.hdslb.com/bfs/face/872fd347f574ca1a720cbfa567da5f7e7a6b19a7.jpg,252,仿妆cos,http://www.bilibili.com/video/av114640025556931,BV1ruTVzuE85,“一个游戏让我重新面对失去一只眼睛的自己 ”【33号远征队】阿莉西亚,-,//i0.hdslb.com/bfs/archive/ba33c7e7ae979c5426fa241f16e01b1826009aba.jpg,164086,45,1030,"主播,cos,Cosplay,阿莉西亚,特效妆造,玛埃尔,灵魂COS大赏,33号远征队,二次元副本大作战3.0",297,1749816308,143,5580,1695160
叶铭yzy,9852611,https://i2.hdslb.com/bfs/face/93f9c5a02e4e9ece57df5b72536f167c0036fe05.jpg,252,仿妆cos,http://www.bilibili.com/video/av114596891397918,BV1H27pzwEzH,当我分班考试抄的太狠进了奥班｜COS,"孙艳：@芝月   
周焕：@叶铭yzy   
刘玉宁：@代古拉k   
秦臆博：@傅羊羊 
让我们一起冲吧家人们，原来大家都在磕，那我就放心了！
原著：@房东的肥四四 ",//i0.hdslb.com/bfs/archive/6e64df7b970e1b360cec8fc2a2409277a9615fbc.jpg,1180988,167,22737,"仿妆,cos,孙艳,叶铭yzy,房东的肥四,周焕,刘玉宁,好玩不过仿妆,秦臆博,当我分班考试抄的太狠进了奥班",619,1749110406,21,94879,2401062
鱼九九,13390535,https://i2.hdslb.com/bfs/face/d62c34c81e0cc9630ffb5d4121ad6624bea35ee1.jpg,158,穿搭,http://www.bilibili.com/video/av114646535110835,BV1N4TDzpEYP,太好了！是有袖的裙子！12条通勤又日常的裙子分享｜大方又得体｜连衣裙｜长裙｜短裙,6月14日晚上6点直播的第一期预告视频来啦！,//i2.hdslb.com/bfs/archive/859469700245e8e56d84632354eab6b69e51a81f.jpg,200320,884,3310,"女装,服饰,连衣裙,长裙,种草,穿搭,夏季穿搭,貌美连衣裙,今日出门怎么穿,有袖连衣裙,东方新中式图鉴",233,1749544030,766,3873,1967438
皮科医生魏小博,456404164,https://i1.hdslb.com/bfs/face/ac989cda390065228126fe0e44db74906ca0741d.jpg,157,美妆护肤,http://www.bilibili.com/video/av114560384111593,BV1cujxzcEAM,你真的是海鲜过敏吗？,,//i2.hdslb.com/bfs/archive/df145c5e5db901eb2def3dfad22cc93594113708.jpg,349984,668,1739,"生命,科普,悬疑,健康,海鲜,海龟汤,过敏,抗生素,真实案例,每天一个健康知识,健康活力大作战 有奖征稿",518,1748060429,463,18973,3451039
零零依zero,3546587120797842,https://i0.hdslb.com/bfs/face/d8ef344a08693352794921f1977540b0a06ddf69.jpg,252,仿妆cos,http://www.bilibili.com/video/av114356960366407,BV1oK5CzMEog,牢笼可不是野兽的归宿【原创CG】,原创不易，感谢支持~,//i0.hdslb.com/bfs/archive/2cbdcbdde8ee7e76213ae70fc0513828fa72a1cc.jpg,330440,671,23598,"恋与深空,秦彻",778,1744967945,30,74414,6543523
YAOYANER药药,454349858,https://i2.hdslb.com/bfs/face/96059318d152df1e6c32cac1ca5d0cda62f82f98.jpg,157,美妆护肤,http://www.bilibili.com/video/av114353940468480,BV1hX5qzkEi8,把美甲做成好吃的样子！10种水果美甲教程，指尖上的水果派对！,-,//i1.hdslb.com/bfs/archive/566ce5da98ef8a185057f288c86ba430dff8839c.jpg,1294313,20,31505,"教程,DIY,手工,美甲,美甲教程,手绘美甲,穿戴甲,春日时髦序曲,盛装生活节",34,1745119398,302,3343,6392070
草鱼爱吃鱼,476171683,https://i1.hdslb.com/bfs/face/450b079130b57e47a232fa8ff79c18b4008662dd.jpg,158,穿搭,http://www.bilibili.com/video/av114120753945716,BV1D69mYbEry,如何风格化穿搭？不同风格的中性风帅气穿搭,上🍑🔍“摩登中性”get同款~,//i2.hdslb.com/bfs/archive/abf5a79618fa01e38cbf8e2b46b5dfebeea4c97c.jpg,782543,76,18106,"风格,服饰,穿搭,穿搭技巧,中性风,帅气穿搭,摩登中性,淘宝上新季,时髦精都在淘,上淘宝全套穿出新",309,1742441047,113,37556,9070421
溟雨小朋友,196652162,https://i2.hdslb.com/bfs/face/b8ca17815d1da6e94ec653e0f4f91e10fc0653d7.jpg,252,仿妆cos,http://www.bilibili.com/video/av114460710670452,BV1wEVmzXEdJ,一周前的我……一周后拔牙去了……,-,//i2.hdslb.com/bfs/archive/e67ee3d76cf4bbffea2c83b86e5edee7fc8f2447.jpg,429998,220,2483,生活记录,1020,1746574307,19,37875,4937161
Niki又困了,5012400,https://i0.hdslb.com/bfs/face/646d18e3f7a376ac77f59b511536801329601b31.jpg,252,仿妆cos,http://www.bilibili.com/video/av114719583177959,BV1kZNrzpErZ,跟有经验的人学习了一下，这次对了吗,-,//i2.hdslb.com/bfs/archive/2ed17eb5a4d1be57348c03da19c37d5c2edc61bd.jpg,229856,23,2800,"清唱,第一视角,cos,爱情专属权,米塔",189,1750482291,19,17859,1029177
YouTube精彩视频-,412719797,https://i2.hdslb.com/bfs/face/8d5e4f3961c85b6f09026fe2c5cd53e5a34386bd.jpg,158,穿搭,http://www.bilibili.com/video/av113548097232463,BV19gzgYWE5Y,博主模拟1864年的欧美女性穿衣服，没想到看似简单的服饰里面，竟然套了这么多层,（TT: littleblossomdarling）,//i1.hdslb.com/bfs/archive/a5eccb30fbd1de2d87298f7cb8efb2f78f100bae.jpg,788510,326,3238,"女装,欧美,复古,衣服,服饰,穿搭",862,1732960145,61,30223,18551323
味莫斯Aretha,478579095,https://i0.hdslb.com/bfs/face/bc25d93471266328d710b65f94560023b552c7bf.jpg,252,仿妆cos,http://www.bilibili.com/video/av114415227638310,BV1NSL2z8Ev2,武 汉 话 的 超 绝 性 缩 力,,//i0.hdslb.com/bfs/archive/319f24898c6ade587bca3887cce5730c2f1e9209.jpg,354988,57,2661,"搞笑,美女,方言,高能,御姐,反差,武汉话,魔性,搞笑研究所,性缩力,UP 小剧场 2.0",346,1745837895,19,23198,5673573
汤面桢子,179288789,https://i2.hdslb.com/bfs/face/dbe32baa570b1bec85a10d70207cb2250871d3a3.jpg,252,仿妆cos,http://www.bilibili.com/video/av114438011166550,BV1y8VGztEXy,没见过我姐的，都说我好看,抽象基因完美遗传,//i0.hdslb.com/bfs/archive/bba4e06f9dd6e9a48033bad5e08e8948767687b7.jpg,1794820,291,18554,"搞笑,可爱,姐弟,生活记录,cosplay",683,1746235191,15,136443,5276277
鲑鱼子kei,1607849,https://i2.hdslb.com/bfs/face/924b3085833295ff2f0a3376cc4f961871ce7dcd.jpg,252,仿妆cos,http://www.bilibili.com/video/av114763623302188,BV1mvgRzVE3f,你说费好大劲的正片没人看？,-,//i0.hdslb.com/bfs/archive/06bbd220a03140b5957a3b9ad46b603e01e259e7.jpg,222977,8,2176,"二次元,发型,LOLITA,LO娘,Cosplay",104,1751154327,22,31842,357141
山城小栗旬的理发日记,1869712375,https://i1.hdslb.com/bfs/face/21a7acb06d7ecbd35d27213f87ea6749f9fd18e0.jpg,157,美妆护肤,http://www.bilibili.com/video/av945355972,BV1LW4y1W7TN,对于永琪的头我真的尽力了…,-,//i0.hdslb.com/bfs/archive/de45efd6e034ba8ba32836375bff5ab8b6889046.jpg,4962641,5473,9911,"搞笑新星训练营12.0,给整活儿加点艺术",2618,1675509503,138,384168,76001969
YAOYANER药药,454349858,https://i2.hdslb.com/bfs/face/96059318d152df1e6c32cac1ca5d0cda62f82f98.jpg,157,美妆护肤,http://www.bilibili.com/video/av114674234301145,BV1PwMMzYEg5,大车厘子做的美甲！太真实了，差点把它吃掉！,-,//i2.hdslb.com/bfs/archive/248c0861b103d30245612d26606baff331381b59.jpg,186468,0,2047,"DIY,手工,美甲,美妆,美甲教程,穿戴甲,穿戴甲教程,当时髦精闯进痛圈",19,1749969244,126,607,1542228
巫令儿り,300486,https://i0.hdslb.com/bfs/face/32e7c49d1439b4f24c16891a2d8352c936017419.jpg,252,仿妆cos,http://www.bilibili.com/video/av114687001762329,BV1qaMtzCE5z,我要对你实行我的爱情专属权❤️,-,//i2.hdslb.com/bfs/archive/aae2b06a791df731bb6b73cc61f42ca0c009d76e.jpg,210396,11,3964,"二次元,黑皮,爱情专属权,滴泪,突破次元壁大作战,当时髦精闯进痛圈",248,1750195945,16,18042,1315527
奈奈无鱼,84235533,https://i0.hdslb.com/bfs/face/521faf6bfe075bd4b4f7aef76cf64c91371382dc.jpg,252,仿妆cos,http://www.bilibili.com/video/av114754395836358,BV1RvKBzeEzB,你要戴我送的项链挂我的照片,-,//i2.hdslb.com/bfs/archive/16094240fe1bc12731b726490153780b40909c08.jpg,37290,8,1211,"翻唱,可爱,甜美,颜值,爱情专属权,突破次元壁大作战,当时髦精闯进痛圈",65,1751013445,15,5674,498027
美人鱼的护肤日记,3493138966514610,https://i0.hdslb.com/bfs/face/58d59542485b64dfba2c7e58bfdb4ed133a82f14.jpg,157,美妆护肤,http://www.bilibili.com/video/av114673546431239,BV1y6MMziEMs,甲方：赌一把！观众：他完全沉浸在自己的艺术里了！,,//i2.hdslb.com/bfs/archive/804a404b0f84243b357e25982cbe0b8066dd6e7e.jpg,167491,90,164,"男生,好物,清爽,祛痘,沐浴露,种草,香氛,控油,后背痘,小疙瘩",90,1749780279,64,3974,1731193
西西西西西西子_xxy,1878526028,https://i2.hdslb.com/bfs/face/f7642223db515437fab1e3366ad9507d41232831.jpg,252,仿妆cos,http://www.bilibili.com/video/av114555216728045,BV1htJxzZEDn,笑点低的人不是很推荐拍这个,-,//i0.hdslb.com/bfs/archive/f1c371612d10b50b52332e3931e10417a001c55a.jpg,145826,17,14089,"转场,私设,雷温,氛围感,无期迷途,女鬼1,二次元副本挑战者,二次元副本大作战2.0",191,1747974158,11,42437,3537314
喵新majo,85776107,https://i2.hdslb.com/bfs/face/9d55be2d95064197fab0e944b3cf5a9ab359bf66.jpg,252,仿妆cos,http://www.bilibili.com/video/av114634254191332,BV1MFTKzAEF6,是的，我们大女人搞科研的时候都是这样写代码的。筑波真的是女生，兄弟萌不要再污蔑筑波了。,-,//i1.hdslb.com/bfs/archive/8a0478e1835f6e4e74cc3ece75fa5808bda8fc5d.jpg,129910,14,2876,"二次元,cos,cosplay,Cosplay,Cos,千早爱音",295,1749509562,13,5736,2001910
阿哈哈哈哈哈黑猫警长,287468649,https://i0.hdslb.com/bfs/face/1305fba1909b05ac6d90e0ec2f4eb5ad343998db.jpg,157,美妆护肤,http://www.bilibili.com/video/av1906467227,BV1TU411S7Um,测评3个很火的变美神器,-,//i2.hdslb.com/bfs/archive/86f816b3d12384dcc10233d6ca2aa7f915d5e85e.jpg,1327983,2055,10790,"化妆,神器,测评,分享,妆容,美妆,种草",1342,1721756597,281,107301,29754875
一颗小兔娘,498099165,https://i0.hdslb.com/bfs/face/035c2c9e95c5487d0a9aca28c36f0cb20b0afc3f.jpg,252,仿妆cos,http://www.bilibili.com/video/av114527114893226,BV13kJuz5EUa,被当成路边的狗一脚踢死啦,-,//i2.hdslb.com/bfs/archive/9d95a1d551567141424956116f92ba60e54d212e.jpg,1109478,91,8570,"娱乐,狗狗,炉石传说,黄金赛,生活记录",1008,1747563451,21,78201,3948021
啵奇塔o,3546668723079416,https://i2.hdslb.com/bfs/face/663ec6df632dc393de5ed571e19f1753aaca365b.jpg,158,穿搭,http://www.bilibili.com/video/av113743014921709,BV14F6LY8EGm,记得我的好,-,//i1.hdslb.com/bfs/archive/6d626850d6602413d7041274b87bcf230db851e1.jpg,671934,227,66893,感觉,984,1735671654,10,115092,15839818
想要骑着蜗牛追导弹啦,3494358064040430,https://i0.hdslb.com/bfs/face/867a1cc6a2fee5a9ce79d52d4e96941b05eb91f6.jpg,157,美妆护肤,http://www.bilibili.com/video/av114713308495983,BV1bwKwzHEX5,这款田一名同款的沐浴露，真的很懂控油，清爽同时还能留香！,,//i1.hdslb.com/bfs/archive/ca7b94d2e5c2ca51a25e7e2b08b5448e1d875aac.jpg,89341,64,199,"清爽,留香,沐浴露,控油,油王,田一名",48,1750386729,59,1449,1124743
Niki又困了,5012400,https://i0.hdslb.com/bfs/face/646d18e3f7a376ac77f59b511536801329601b31.jpg,252,仿妆cos,http://www.bilibili.com/video/av114568168736384,BV1EcjgznEBc,一次外向换来了一辈子的内向…,-,//i2.hdslb.com/bfs/archive/8c4490555e9ef9d53b3cd6dde7370c5f712d510b.jpg,470804,18,5511,"cos,知更鸟,崩坏：星穹铁道,崩坏：星穹铁道创作者激励计划,崩坏星穹铁道3.3创作者激励计划",166,1748171757,31,43456,3339715
白井Icaros,341453502,https://i0.hdslb.com/bfs/face/b4b74eef9596a024ace9bc67a71542452edf0938.jpg,252,仿妆cos,http://www.bilibili.com/video/av114612578091504,BV1pa7UzqExf,15w人看过的椎名立希cos,几个月了才发,//i2.hdslb.com/bfs/archive/e379b30c01c968279d4c29911b9b5732cf7625d9.jpg,123707,50,6789,"Cosplay,BanG Dream！,MyGO!!!!!,Mygo,椎名立希",471,1748870510,15,29228,2640962
雨波波s,13532834,https://i2.hdslb.com/bfs/face/2f10c654336e2ec28b1c5417bd99fb7b716fe8f3.jpg,252,仿妆cos,http://www.bilibili.com/video/av114720455591343,BV1f8NCzJEEn,我足够强的话我们是否就不会分开了,-,//i1.hdslb.com/bfs/archive/da5f95cca19b11205b8e17e50f5e58961e1b51c9.jpg,48079,9,7396,"胜利女神nikke,胜利女神新的希望,二次元副本挑战者,二次元副本大作战3.0,胜利女神神罚情绪变装挑战",89,1750495502,16,14810,1015970
一颗小兔娘,498099165,https://i0.hdslb.com/bfs/face/035c2c9e95c5487d0a9aca28c36f0cb20b0afc3f.jpg,252,仿妆cos,http://www.bilibili.com/video/av114087283399891,BV1aCXRY2EFq,让我脸红心跳的可爱女人,-,//i1.hdslb.com/bfs/archive/5ce27e49c27d47ad2cba70fd2b6d4f0bc42b9200.jpg,524934,56,3182,"漫展,胡桃,颜值,cos,永劫无间",825,1740874455,19,48093,10637024
鲑鱼子kei,1607849,https://i2.hdslb.com/bfs/face/924b3085833295ff2f0a3376cc4f961871ce7dcd.jpg,252,仿妆cos,http://www.bilibili.com/video/av114188450137524,BV1LDQoYoExe,一些穿裙撑的总结2,-,//i1.hdslb.com/bfs/archive/865f99f2bc74f8d944569b0e1c049462d4fcfba5.jpg,1328963,52,18919,"LOLITA,裙子,服饰,LO娘,种草,穿搭",414,1742458890,41,96281,9052589
v汐小豹V,341863292,https://i2.hdslb.com/bfs/face/2e9eafebf4e1155f95b382933fc92eb0b610ab45.jpg,252,仿妆cos,http://www.bilibili.com/video/av114081059050045,BV12193YJES4,【怪物大师】谁的童年女神,我会继续呆在这片森林里。生命就是这样，我不想放弃！现在发生的一切，只是让我父亲曾经催化的十万年倒退回去，不过岂可拉的生命力极强，还会代代繁衍下去，我要守护着他们，继续看这里的风景，越变越美好......,//i2.hdslb.com/bfs/archive/574ac7f10882e8d6f98e55ed2bc11156f8868458.jpg,1188504,2667,9527,"童年回忆,莉莉丝,仿妆,怪物大师,cos,cosplay,怪物大师莉莉丝",1374,1741489750,35,102764,10021729
二次元娘v,4481477,https://i2.hdslb.com/bfs/face/1753910598749e59c5901a40f66c2f3c7f7dca2b.jpg,252,仿妆cos,http://www.bilibili.com/video/av388287803,BV1zd4y1B7MS,目前见过的，最还原的 空条承太郎！！,coser：Taryn,//i0.hdslb.com/bfs/archive/e743506bd712dffcc49109d554f49edd60571daf.jpg,6639078,468,40104,"cos,二次元仿妆,空条承太郎,jojo,JOJO的奇妙冒险,Cosplay",1303,1663944257,11,228013,87567222
大佬甜er,64925986,https://i1.hdslb.com/bfs/face/665c82260a82c7c7a747c4252dcaf39fa447f691.jpg,157,美妆护肤,http://www.bilibili.com/video/av114771928030315,BV1ddgrzHE7p,无广爱用！最近化妆使用频率很高的彩妆们~,-,//i2.hdslb.com/bfs/archive/22aa308c10ef707c76cf09bf9d7491ba0d7556c1.jpg,29850,45,419,"分享,彩妆,美妆",91,1751280910,282,1423,230569
佐维zovi,1998710176,https://i1.hdslb.com/bfs/face/ba106521f9327da82a5d4f01e8e4919375490f8d.jpg,252,仿妆cos,http://www.bilibili.com/video/av114369576834352,BV1QQLFzrE8D,超强新人的生存指南,-,//i1.hdslb.com/bfs/archive/6692073afd78fc701b8f3098f3f3153b5ae82282.jpg,300619,71,9668,"原创,短片,搞笑,漫展,剧情向,coser,二次元的搞笑日常,UP 小剧场 2.0",239,1745141463,134,53452,6370016
绾绾samr,434999640,https://i0.hdslb.com/bfs/face/8c37a869fc4c49ce852f57c58c959017e01e2318.jpg,252,仿妆cos,http://www.bilibili.com/video/av114715019707426,BV16FKAzrEUo,谁家的红头发学妹,-,//i1.hdslb.com/bfs/archive/a67e803b52d6efb11b55ccc988f65b656b4a7559.jpg,117402,9,6005,"永劫手游,夏日cos大赛,永劫手游胡桃,当时髦精闯进痛圈",135,1750412522,19,14968,1098957
漫小C,2028962231,https://i2.hdslb.com/bfs/face/0fab49114e5633eac6612fc693a9f8267dac6f91.jpg,252,仿妆cos,http://www.bilibili.com/video/av114740873464338,BV1dYKLzqE8a,好可爱的同学,-,//i0.hdslb.com/bfs/archive/96fe24d5e7bce52a02128cb2ddf7782bb68b6662.jpg,222784,32,1265,"校园,小姐姐,生活记录",146,1750806835,11,6639,704644
在下悟空是也,696795220,https://i1.hdslb.com/bfs/face/373a616a087ddb0e959732e93a1b04a1a87caae6.jpg,252,仿妆cos,http://www.bilibili.com/video/av114375046203403,BV17b5yzGELK,还真的是秀色可餐呢,-,//i2.hdslb.com/bfs/archive/ba9da32e713fa78add8f82aa3d752adbe1fd6bb4.jpg,436318,85,9085,"吃货,生活记录,Vlog,甜妹",382,1745489400,14,38832,6022079
YouTube精彩视频-,412719797,https://i2.hdslb.com/bfs/face/8d5e4f3961c85b6f09026fe2c5cd53e5a34386bd.jpg,157,美妆护肤,http://www.bilibili.com/video/av114573101309469,BV1ohj1z2E3q,这样的头发居然是真实存在的...既油亮，又丝滑！,(TT:  neylisss),//i2.hdslb.com/bfs/archive/db82394e19fe838ee1244f9c9a3bf089707e1721.jpg,504934,235,6159,"发型,头发,美妆,发色",843,1748327703,25,30433,3183776
_鄧子,447696338,https://i2.hdslb.com/bfs/face/b126bcf62b5a34d87d867d31211341e15b3b6c67.jpg,158,穿搭,http://www.bilibili.com/video/av114754043579329,BV1FTKzzCEHs,一件百搭的防晒外披可以叠穿我所有的旗袍,-,//i0.hdslb.com/bfs/archive/2082fc61a9224026b12bec63b86a051c5911bbf2.jpg,22546,3,616,"防晒,种草,穿搭",43,1751009055,52,871,502424
白昼小熊,542246263,https://i1.hdslb.com/bfs/face/4b26f51d6330ea2209192d490f6636e28ec0574c.jpg,158,穿搭,http://www.bilibili.com/video/av113629047299515,BV1UrqkYvE2v,会幸福的,-,//i2.hdslb.com/bfs/archive/8c52e8af91fce55fb00cb68aecfb166b2e60445b.jpg,848510,162,17796,"爱情,小姐姐,生活记录",572,1733903075,16,135278,17608404
我是胥boss,3546379347561271,https://i1.hdslb.com/bfs/face/24cf0a9f829d3e77dbe1c32851c9ed7c396a4868.jpg,157,美妆护肤,http://www.bilibili.com/video/av114352682178257,BV1ga5izMEVY,"本以为挑战结束以后可能会小小的""火爆""一下，可是万万没想到，却被小小的""网暴""了一下！兄弟们，再给我几天时间，等我腰好了，我就立马去刮胡子理发！",-,//i0.hdslb.com/bfs/archive/dc3f49d159ba2397c9c0c711d1b4ce465fb27aa3.jpg,485969,296,2343,"发型,头发,理发",487,1744910703,159,14454,6600776
v汐小豹V,341863292,https://i2.hdslb.com/bfs/face/2e9eafebf4e1155f95b382933fc92eb0b610ab45.jpg,252,仿妆cos,http://www.bilibili.com/video/av113894748067000,BV1sJfzYzEhW,发给你玩第五人格的朋友并且什么都不说,"小说家:@real青泉 
作曲家:@阿康-Eiken 
记者:@v汐小豹V 
原创: @池野林Club ",//i1.hdslb.com/bfs/archive/9ef8f2dcad89969c040f831a5114543dbd500c11.jpg,555409,2695,16617,"记者,小说家,作曲家,cos,第五人格,整活,记忆余烬,致歉一切,第五人格2025蛇年版",1018,1741489750,45,79383,10021734
汤面桢子,179288789,https://i2.hdslb.com/bfs/face/dbe32baa570b1bec85a10d70207cb2250871d3a3.jpg,252,仿妆cos,http://www.bilibili.com/video/av114007004420921,BV1TTANesEN9,医生，我的后背有问题😰,-,//i0.hdslb.com/bfs/archive/7b089556e40535888bd7788e6c3c6cc558b6dcb5.jpg,780736,134,8176,"可爱,黑塔,Cosplay,崩坏星穹铁道",1184,1739627497,12,54306,11883987
虎纹章鱼,8913850,https://i1.hdslb.com/bfs/face/7865336de5ddce5429c3ef804228a5f49f38787e.jpg,252,仿妆cos,http://www.bilibili.com/video/av113248640767119,BV13K4AeDEv1,楼上的下来哦那尼！,神人区up,//i1.hdslb.com/bfs/archive/1f2bc3e9fd1799bc357ed8c2f845f8091005259a.jpg,978713,137,23115,"主播,魔女的夜宴,绫地宁宁,galgame,萌宅cos赏",2094,1728544752,18,65492,22966732
超强岑青,167922652,https://i1.hdslb.com/bfs/face/842f2e98531c58f88d99829c2e554e82ff0c30b6.jpg,252,仿妆cos,http://www.bilibili.com/video/av114743591378384,BV1MJKHzrEZy,“想要谁的鸟？”,-,//i0.hdslb.com/bfs/archive/49f566de6cdcbc72258e3a6a38b56a686648c344.jpg,39018,33,2468,"COS,第五人格,OOC致歉,先知白,先知黯,解锁我的春日cos,当时髦精闯进痛圈",118,1751030574,11,11711,480910
一束阿束,24369084,https://i0.hdslb.com/bfs/face/823d795345f0d4efe06ba9e7147cc2d42b151b6e.jpg,252,仿妆cos,http://www.bilibili.com/video/av114596018986978,BV1hs7nzBE9D,我们讨好型人格coser是这样的,-,//i2.hdslb.com/bfs/archive/a416373dbca2fbdeccc40475c0d1145d0eb3e6cc.jpg,935954,41,2461,"COSPLAY,二次元,全职高手,苏沐橙,讨好型人格",363,1748614085,21,47540,2897399
圣枪嘉然,382485850,https://i1.hdslb.com/bfs/face/78b8d5036e778140c0ccba5fd428a1085eca7d51.webp,252,仿妆cos,http://www.bilibili.com/video/av114695675580424,BV1RrNazGEKA,嘉音小姐的宝贝实力这一块,x 「kwaterin」,//i0.hdslb.com/bfs/archive/f268a22713bc528c45a6321cb347cf48cb2f4d8b.jpg,63448,1,8105,"可爱,实力,伊芙琳,大姐姐,凌晨四点,纳西妲,绝区零UP主激励计划,绝区零 2.0版本UP主激励计划",60,1750117161,12,19711,1394323
黄星星闪闪,1730144,https://i2.hdslb.com/bfs/face/e8b7a3c3e9ab858875b268efff468c661291f327.jpg,252,仿妆cos,http://www.bilibili.com/video/av114660325984347,BV19tMGzcEvq,这是我的脚心,-,//i2.hdslb.com/bfs/archive/2b87650230330c22b7761a8e8d2dc12635ed90a6.jpg,100470,20,8811,"抽象,贤者,瓦罗兰特",165,1749668699,10,7576,1842785
知名相声演员BBBBB大王,15892313,https://i2.hdslb.com/bfs/face/e40bb6be0e7aa5d3f2838313bb47a59358481577.jpg,157,美妆护肤,http://www.bilibili.com/video/av881613527,BV1ZK4y1v7Dw,我等这一天等了好久..BB的战意暴言,BB大王的战意暴言 我等这一天等了好久..我的2023,//i0.hdslb.com/bfs/archive/ce0bf95ef422536488b39048e3227810e4a1e571.jpg,2728341,2517,78045,"韩国,吐槽,搞笑,脱口秀,时尚,爱豆,美妆,种草,vlog,年轻人生活图鉴",4812,1705937403,503,258746,45574081
飓风商店MediaStore,700634784,https://i0.hdslb.com/bfs/face/d7c4e2618aba8cc8d26d975274ca82de46c0e6c7.jpg,158,穿搭,http://www.bilibili.com/video/av114386689594227,BV1MMLtz1EBz,这次是真的凉了...,怕热的朋友看过来，试试这件「凉伴抗菌T恤」，包你凉伴一夏！,//i0.hdslb.com/bfs/archive/0b04bf9c52156f1c3bb0f42bf5f5a667050af12a.jpg,256717,65,1418,"夏天,户外,服饰,种草,穿搭,影视飓风",430,1745572208,46,10658,5939276
大毛贩卖机,5344594,https://i1.hdslb.com/bfs/face/061016455d30fe61dc191fb695ce1b427d59d6ce.jpg,157,美妆护肤,http://www.bilibili.com/video/av113751520976866,BV1hN6dYEEQV,发明用闪粉拍掌心烟花的人简直是天才。。。,,//i2.hdslb.com/bfs/archive/9755ec32c9d667b3de3f2be0ae4e540d936bd26b.jpg,1260924,59,9308,"新年,高能,烟花,天才,颜值,生活记录,生活万花筒·闪闪发光的日常",203,1735805617,43,48893,15705867
默默子rikiyo,23284747,https://i1.hdslb.com/bfs/face/72e8f33cadc72e022fc34624cc69e1b12ebb72c0.jpg,252,仿妆cos,http://www.bilibili.com/video/av114578738384569,BV1S7j9ztEMg,今州的骄傲，汐汐汐,-,//i1.hdslb.com/bfs/archive/e637538760dd80f31708f9134ab3e89028171b30.jpg,199441,32,9361,"发型,Cosplay,鸣潮,今汐,今州,鸣潮创作激励计划,鸣潮2.3版本创作激励计划",416,1748340059,22,33022,3171425
阿哈哈哈哈哈黑猫警长,287468649,https://i0.hdslb.com/bfs/face/1305fba1909b05ac6d90e0ec2f4eb5ad343998db.jpg,157,美妆护肤,http://www.bilibili.com/video/av114534866028638,BV11CE9ztEsV,宝宝～其实你的眼睛不小，小的另有其仁～,我将一生追随美瞳大人！,//i0.hdslb.com/bfs/archive/a79ff4522f734008a3bf50922ec12040e2a43ddd.jpg,858811,204,4906,"女生,日常,化妆,眼睛,分享,美瞳,小眼睛,美妆,变美",474,1747722285,222,26646,3789205
铁板欧尼酱,1905878,https://i2.hdslb.com/bfs/face/56a548fce99d5e4670c350ddc9625a945ee6cda6.jpg,252,仿妆cos,http://www.bilibili.com/video/av114681096247751,BV1DnMmzXEcK,吃了吗，没吃的话，吃我一拳,-,//i1.hdslb.com/bfs/archive/6e96f1b71096c39bee89428bec4ea03cca636e05.jpg,92571,15,6736,"可爱,双马尾,旗袍,女仆装,JK,美妆,穿搭,甜妹,打拳变装,法修散打",109,1749965601,18,14979,1545889
鱼yu_u,354569521,https://i1.hdslb.com/bfs/face/5e5ff832c392c3e7f9bd7aec6431a8305fd76f77.jpg,252,仿妆cos,http://www.bilibili.com/video/av114745168366735,BV1yjKSzjE5b,你还挺可爱的嘛,-,//i1.hdslb.com/bfs/archive/1c1168ae961264f3c5965c47fcb7277a454caf84.jpg,1336,0,73,"cos,cosplay,bangdream,ras,raiseasuilen,朝日六花,masking,佐藤益木,mas6",33,1751102401,15,414,409089
阿靖zi-,501687003,https://i0.hdslb.com/bfs/face/5dabd34d3e57537ed2a0f9e415024719de443dee.jpg,157,美妆护肤,http://www.bilibili.com/video/av114432407505283,BV1UiGqziEBQ,我在大理染出了一条属于自己的裙子！！,-,//i0.hdslb.com/bfs/archive/7147d83dcfd698c491fcb9b0b9b34832925cd705.jpg,272886,50,1839,"日常,服饰,穿搭,盛装生活节,五一时髦C位出游",142,1746100156,67,31322,5411334
平圆方中Lebannen,319762851,https://i0.hdslb.com/bfs/face/fe629e3e65b1088edf21272177c2c990d99c6f53.jpg,158,穿搭,http://www.bilibili.com/video/av113723805012067,BV1atCnY4ELd,学习焦虑人生迷茫？我是如何在内耗中度过2024年的,2024年终总结报告，回顾一整年的经历，从视频内容、公益项目、产品优化、责任担当四个维度分析总结，自主学习方法、大学就业建议、视频提升经验、产品优化步骤、精品读物推荐通通分享给您！,//i1.hdslb.com/bfs/archive/4fcbe89a38bb44f81cef14c8c26f38d5e61f2ea6.jpg,1025706,20,5419,"视频,努力,公益,学习,家庭,西装,产品,焦虑,平圆方中Lebannen,bilibili跨年季,我的B站2024年度报告",40,1735381022,539,2296,16130468
零零依zero,3546587120797842,https://i0.hdslb.com/bfs/face/d8ef344a08693352794921f1977540b0a06ddf69.jpg,252,仿妆cos,http://www.bilibili.com/video/av113611548658115,BV179qLYkE84,我和你，就是这世界上最后的同类【原创CG】,原创不易，感谢支持~,//i0.hdslb.com/bfs/archive/7c890f8cda80e6db75171864c67c1f8a15626372.jpg,685359,737,35922,"恋与深空,秦彻,恋与深空秦彻,龙影陨落处",1302,1733595719,21,160904,17915771
AHALOLO,353368172,https://i2.hdslb.com/bfs/face/03e81799ea2390af3f5c4b9572ad75d622f16354.jpg,159,时尚潮流,http://www.bilibili.com/video/av1800124179,BV1ft421W7xQ,现场看海盗爷的高定秀！我的时尚梦想完整了！,"开年最好的秀，都在这里了！

每周三、周六中午12点，咱们不见不散！

欢迎来骚扰我们：

新浪微博：lolo-may/aha没有事业线

YouTube： AHALOLO",//i0.hdslb.com/bfs/archive/a3977bbede8d18792b152c02863dc7089d3dce69.jpg,1909677,13226,10485,"LV,走秀,时尚,巴黎时装周,秀场,高定,vlog,马吉拉,ahalolo,新年穿有型,b站时髦男孩画像征稿",1988,1706795937,2027,40217,44715553
袜界白无常,3493112500455928,https://i1.hdslb.com/bfs/face/0874266fc200586c636273c38d4a09d7353630b0.jpg,158,穿搭,http://www.bilibili.com/video/av114755050210617,BV1YFKBzbEgh,今天下午在学校拍的O一O,-,//i1.hdslb.com/bfs/archive/4700ee152a3dd38be7d73b24e2f3b4e32ae3a3d4.jpg,3703,0,531,"校园,学生,生活记录",46,1751120260,10,823,391230
镕馨Rongxiiin,15762295,https://i1.hdslb.com/bfs/face/1eb7c4dae1724430812b6f7692817222586fb9f6.jpg,157,美妆护肤,http://www.bilibili.com/video/av114732199711291,BV1kgK8zSEcv,Vlog｜逛街的一天,-,//i1.hdslb.com/bfs/archive/bd41017facb114fa28ad28c1f0ab25934cca27c0.jpg,43190,13,397,"记录,逛街,生活记录,Vlog,哔须有此行,旅行攻略UP主激励计划",89,1750674706,20,5120,836784
香草绝不认输,439257620,https://i2.hdslb.com/bfs/face/adb3220eff17bb7be48996bb51a4eda536a3c0f1.jpg,252,仿妆cos,http://www.bilibili.com/video/av114562279934573,BV1LkjbzNEHF,你龙哥极具侵犯性的发型2.0,祝大伙天天开心，点点赞，点点关注，哦内盖！,//i1.hdslb.com/bfs/archive/aac4c50363aea4c0c820b57390925fb3e1a6b965.jpg,113322,85,494,"搞笑,英雄联盟,神人,理发,抽象,炫神,barbershop,炫狗,理发师老桥",144,1750180690,73,4117,1330800
夙胤魔尊言生生,19942518,https://i0.hdslb.com/bfs/face/a828fbcd948cdc8f0b3cb76e1fd5d87223b905ec.jpg,252,仿妆cos,http://www.bilibili.com/video/av237207718,BV1me411y757,【言生】兔子小姐这么做一定有她的道理…,Ooc致歉～哈哈哈哈哈哈哈哈哈,//i0.hdslb.com/bfs/archive/caaac23dd91f9030039999fca0d2f3917dd2e980.jpg,3246467,335,45146,"兔子小姐,Cosplay,陆沉,光与夜之恋,年度最强cos大神",1294,1702613470,10,308169,48898020
一碗吃饱了,518862659,https://i2.hdslb.com/bfs/face/ca9f579b3477f20255e819bf383babe659085a91.jpg,157,美妆护肤,http://www.bilibili.com/video/av114748892912311,BV1d3KZzQEj9,200泰铢买的快乐！居然喜提双胞胎！,"看到网上有宝宝们分享酒店放100泰铢可以收获毛巾折的小动物！
这次出门前特地留了200泰铢～许愿想要一只小猫或小狗还有大象！没想到结果哈哈哈哈哈！快让我看看你们的！",//i1.hdslb.com/bfs/archive/4d08adbde075548178efde3fd161c7102d2766ce.jpg,28447,0,79,"旅行,手工,酒店,趣味,生活记录,折毛巾,哔须有此行,旅行攻略UP主激励计划",5,1750929379,21,708,582111
思思思然,1399100482,https://i1.hdslb.com/bfs/face/0be0f5e97b40434c1271c7d4362034140322f75c.jpg,252,仿妆cos,http://www.bilibili.com/video/av114714466131881,BV1eoKAzYEhQ,今天要讲的故事是……,-,//i2.hdslb.com/bfs/archive/ee9454732e9bef83e025ef58ef06d3fae5f751c6.jpg,131385,24,14841,"cos,鸣潮,鸣潮创作激励计划,卡提希娅,鸣潮2.4版本创作激励计划",363,1750462815,13,34815,1048675
莉莉子Lizzie,641835665,https://i2.hdslb.com/bfs/face/15bb5442dec4cbe8138c779b5b2e47fa2b012b30.jpg,158,穿搭,http://www.bilibili.com/video/av114675828135968,BV1WJMzzHEwJ,美丽打工人的质感通勤穿搭 | 衬衫/连衣裙/半身裙/西装裤 | 长期主义/一衣多穿/打造夏日通勤胶囊衣橱,🍑🔍通勤穿搭,//i2.hdslb.com/bfs/archive/900ef25a24554002c7790997d16457ff89b8e6fe.jpg,122598,39,301,"衬衫,服饰,连衣裙,通勤,穿搭,一衣多穿,通勤穿搭,胶囊衣橱,长期主义,淘宝时髦好店",83,1749902403,298,822,1609087
鲑鱼子kei,1607849,https://i2.hdslb.com/bfs/face/924b3085833295ff2f0a3376cc4f961871ce7dcd.jpg,252,仿妆cos,http://www.bilibili.com/video/av114460693890480,BV1A5VmzxEqL,一些逛漫展的小技巧,-,//i0.hdslb.com/bfs/archive/0c8d2b17e01de28257ca0ac80e40b1330f0c0673.jpg,296448,19,2562,"日常,LOLITA,分享,服饰,穿搭,Cosplay",118,1746532041,36,21953,4979449
不当萌妹的狗,3546864999729459,https://i0.hdslb.com/bfs/face/59d5df70a3a5b1e174c097f6e4f0de1947c05475.jpg,252,仿妆cos,http://www.bilibili.com/video/av114742148535300,BV1T7K7z4EwU,哎 骗人 我不是吃的素面吗？,-,//i0.hdslb.com/bfs/archive/e6c8281fd61495a26ba9e83449074edd9b46f971.jpg,32849,8,1177,"老八,cos,败犬女主也太多了,八奈见杏菜,灵魂COS大赏,二次元副本大作战3.0",133,1750826330,24,4637,685166
鲑鱼子kei,1607849,https://i2.hdslb.com/bfs/face/924b3085833295ff2f0a3376cc4f961871ce7dcd.jpg,252,仿妆cos,http://www.bilibili.com/video/av114347581899812,BV1LAoMYAEec,戴kc发箍帽子边夹小物时的一些心得总结,-,//i1.hdslb.com/bfs/archive/ea1cdca61546ffa28f5c81f1c3077146dc1e4163.jpg,656804,62,6093,"二次元,手办,玩具,心得,Lolita",289,1744890517,48,56621,6620979
范彬彬_,336132632,https://i2.hdslb.com/bfs/face/f2a48bb8bebe2a30d7a622db33b2df0dbe5b0de7.jpg,159,时尚潮流,http://www.bilibili.com/video/av114296495279681,BV1qSR1YBE1g,“就因为我是家门中唯一的异类”,-,//i0.hdslb.com/bfs/archive/5a88d78a6083453ccee0c6f52ebf5ccc31c30988.jpg,938337,3291,2031,"大学生,找工作,创业,异类,偏见,自媒体,女装大佬,中国式家长,原生家庭,春日时髦序曲,盛装生活节",3737,1744187396,16,50779,7324100
一只大蓝莓,20812175,https://i2.hdslb.com/bfs/face/8b4b5d05defdbbfcc53f7d65c11af40d3f2b183d.jpg,252,仿妆cos,http://www.bilibili.com/video/av114444000566499,BV1uhGdzXEcv,给大家展示一下我的实力,-,//i1.hdslb.com/bfs/archive/4edb02f0f4ab500b2dc9d2d38273d3d7fbc96ca4.jpg,814802,87,10042,"实力,室友,甜妹",539,1746509860,10,53038,5001636
onesweek,1993644620,https://i2.hdslb.com/bfs/face/babb9e8a489e0c831076c0051cd08c75bce346a2.jpg,158,穿搭,http://www.bilibili.com/video/av114595532374503,BV1qe7HznEzF,20岁喜欢的高跟鞋VS 30岁喜欢的高跟鞋,,//i2.hdslb.com/bfs/archive/f1d31ea5f72edc6e027123e62bb09270b96692f4.jpg,129615,20,412,"高跟鞋,鞋子,女鞋,穿搭",89,1748912460,18,1200,2599036
猫猫3岁-,593394363,https://i0.hdslb.com/bfs/face/44b3297dde3cab4ee71e8578bd8d54a419d1cfdf.jpg,252,仿妆cos,http://www.bilibili.com/video/av114737283143343,BV1UCK3z5ECq,帮我看看460块的门票值不值…,-,//i0.hdslb.com/bfs/archive/ffff9587fb94c91c7882d7ad01398eda52c7ff39.jpg,35095,0,1268,"saber,Cosplay,崩坏：星穹铁道创作者激励计划,崩坏星穹铁道3.3创作者激励计划",64,1750752304,13,4510,759192
失眠土豆耶,3546885528750502,https://i1.hdslb.com/bfs/face/3f566430a9a1028656bace30c7e7ec7035a9661d.jpg,158,穿搭,http://www.bilibili.com/video/av114709718110124,BV1eMN4z8Ec7,听说你有点难追，OK姐先放首DJ直接震动你的DNA,-,//i1.hdslb.com/bfs/archive/9cfb7a9fc0c0c63a60c8c775d4d49fce2debf186.jpg,147052,43,6922,"旗袍,国风,滑铲姐,半壶纱dj",269,1750374639,23,25050,1136857
夙胤魔尊言生生,19942518,https://i0.hdslb.com/bfs/face/a828fbcd948cdc8f0b3cb76e1fd5d87223b905ec.jpg,252,仿妆cos,http://www.bilibili.com/video/av113526790227243,BV1DZBBYwEZ1,【言生】坐在后排的阴湿男总盯着我…,是我的oc（原创角色），没有出cos，不要乱代哦∠( ᐛ 」∠)＿,//i2.hdslb.com/bfs/archive/d34808cdbedb68b27e518adcd54cfed8a196b827.jpg,912449,205,18683,"原创角色,oc,阴湿",1220,1732353437,21,116681,19158059
奈奈无鱼,84235533,https://i0.hdslb.com/bfs/face/521faf6bfe075bd4b4f7aef76cf64c91371382dc.jpg,252,仿妆cos,http://www.bilibili.com/video/av114336743820885,BV1tRo7YEEDr,回答一下大家好奇的问题！,-,//i2.hdslb.com/bfs/archive/2bcc0c0526d2a70a631313e93e67635a4ff08076.jpg,1979776,78,39525,"大学生,学生党,服饰,美妆,Cosplay,二次元副本挑战者,破次元大神集结令",1194,1744697872,13,173110,6813624
约翰提托-,1197023420,https://i2.hdslb.com/bfs/face/20dd8f560c614130cafb24d1504f2e1a190adf78.jpg,158,穿搭,http://www.bilibili.com/video/av114640562425647,BV1tiTLzbEmG,便宜好玩！均价￥30！！垃圾佬的12件户外装备玩具大赏 |  穷人户外玩具的天花板，是拼多多,便宜好玩！均价￥30！！垃圾佬的12件户外装备玩具大赏 | 穷人户外玩具的天花板，是拼多多,//i2.hdslb.com/bfs/archive/5d683b1f7f02b1fb5e26745b611d4b4ad71df0d2.jpg,114446,66,2678,"玩具,装备,穷人,户外,露营,垃圾佬,户外装备,露营装备,户外玩具,这夏就玩户外了",207,1749290427,188,3123,2221069
豆豆_Babe,402361670,https://i2.hdslb.com/bfs/face/e3283472d576a5cbde121ea718b1513aa43b1263.jpg,158,穿搭,http://www.bilibili.com/video/av114726143005905,BV17eNRzjEZK,【豆豆】购物开箱｜开箱攒着攒着又过季啦！｜我喜欢的一些奇奇怪怪的东西,"叮叮！有阵子没见的购物开箱🛍️

重工但会吵的吊带 同色系围巾也买啦
肯定不好洗但是超好看的毛衣
第一次见豹纹包装的香水 必须拿下！
穿上秒温柔的人精致的印花衬衫
谁懂因为太喜欢 我甚至直接穿上去开会了🤪
日常但细节无敌精美的衬衫套装
以为是北极熊实际是刺猬的小挂件🦔

还有太多太多大家在视频里看吧
啊 真的每次开箱都想说再攒攒
结果攒着攒着就过季节
下次一定！（尽量）应季开箱！",//i1.hdslb.com/bfs/archive/6f58cf9760a932147f57e42e91c4193b76aa6f84.jpg,45854,72,247,"衬衫,购物分享,包包分享,穿搭分享,丝巾,香水分享,vlog,配饰分享,夏日服饰,今日出门怎么穿,525夏日企划《我要我就这样》",36,1750584632,403,1296,926864
默默子rikiyo,23284747,https://i1.hdslb.com/bfs/face/72e8f33cadc72e022fc34624cc69e1b12ebb72c0.jpg,252,仿妆cos,http://www.bilibili.com/video/av114720136758280,BV1GWNyzVEBk,最适合陕西人的cos,-,//i2.hdslb.com/bfs/archive/2628dcce9daea1178cea50628172d9a311bf147c.jpg,81641,14,1938,"发型,画江湖之不良人,美妆,Cosplay,萤勾,轻舞蹈竖屏激励计划,轻舞蹈竖屏激励计划-毕业季",359,1750728332,15,11214,783164
K4U_,3494355190942280,https://i2.hdslb.com/bfs/face/f742141cfedab7eb86befc24e14c34b0b746cefa.jpg,252,仿妆cos,http://www.bilibili.com/video/av114723106330471,BV1qmNSzwEad,k姐的散装霓虹语～,k姐的散装霓虹语～,//i1.hdslb.com/bfs/archive/ec878721be277eb2b9537f19f799676cb3b7c28c.jpg,26420,2,656,"cos,k姐,神里绫华,原神UP主激励计划,原神5.7UP主激励计划",73,1750893901,7,1644,617595
汤面桢子,179288789,https://i2.hdslb.com/bfs/face/dbe32baa570b1bec85a10d70207cb2250871d3a3.jpg,252,仿妆cos,http://www.bilibili.com/video/av114517065340767,BV1RfE4zaE9Y,好笑吗，猪抬眼可是要吃人的,-,//i0.hdslb.com/bfs/archive/93fb8d0601b299d3756991c87b999c3de799ab35.jpg,470038,1114,10194,"搞笑,吃货,日系,生活记录,汤面桢子",304,1747447093,13,62938,4064403
田逾欢sirius,13826185,https://i1.hdslb.com/bfs/face/b7b5cb19a7c86948ff8a2b29c557384b0a195191.jpg,157,美妆护肤,http://www.bilibili.com/video/av114630361879693,BV1MiTsznEaY,理发店洗头的清爽秘诀都在这,,//i1.hdslb.com/bfs/archive/e13e8c401fa901106110bbb826bd7e387a63f4ad.jpg,193596,23,22097,"发型,头发,护发,秘诀,洗头教程,普通人变美指南,东方新中式图鉴",83,1749284619,100,10169,2226885
大米壹袋袋,4081529,https://i2.hdslb.com/bfs/face/172607afa03fdf39e32079bbf9c8d5eff2d1fbdd.jpg,252,仿妆cos,http://www.bilibili.com/video/av113881259248468,BV1vwfnYuEou,神的步伐,-,//i0.hdslb.com/bfs/archive/7dda15ffc6b96ee2afcb3ae32cbb21bd980ac584.jpg,826159,118,15584,"夜神月,死亡笔记,cos,Deathnote,拳皇k,拳皇k走路,新年次元人不打烊",780,1737797414,12,114489,13714090
小林桑b站版,280406737,https://i1.hdslb.com/bfs/face/67927eb49af3592fb9c00018a4b3f1a64cde7ad8.jpg,252,仿妆cos,http://www.bilibili.com/video/av114671348680868,BV1qbMNz7EMW,外站一小时惨遭限流！谁懂最后顶点超杀的含金量,应该是拳皇系列的最后一期 完结撒花！！！,//i0.hdslb.com/bfs/archive/a11ade89147d9c7418528cebc30f049071571f85.jpg,422501,79,5555,"拳皇,草薙京,cos",573,1749932303,12,52181,1579201
Itsechochen,290284693,https://i1.hdslb.com/bfs/face/8b452bb04730fa67ef5eae93a9e0f60f3a2babdc.jpg,157,美妆护肤,http://www.bilibili.com/video/av114747668241272,BV1MpKdzqEDk,越夜越美｜50多块冷门【有色面霜】毫无粉感的素颜作弊高手｜essence有色面霜测评,"欢迎来到「每周六粉底测评」
第194期粉底测评啦
这周安排有色面霜测评
德国平价essence有色面霜
我买的色号是20 白皙色
我是混干敏肌 黄一白
无美颜无滤镜测评
粉底因人而异
但我会把自己的使用感
毫无保留都和大家分享一下
「自费购物测评 非品牌赞助视频」",//i2.hdslb.com/bfs/archive/fa2f75449df5e5574e0f4b9239c86a98d7085ca7.jpg,16819,23,422,"素颜,冷门,学生党,美妆,底妆,种草,伪素颜,粉底测评,素颜霜,有色面霜",76,1751076007,170,731,435497
Yurin_幽陵,1546121595,https://i0.hdslb.com/bfs/face/bcf6bc8a9c047a97f7dda9057a5165259b3866fe.jpg,252,仿妆cos,http://www.bilibili.com/video/av114749010352712,BV1GiKoz2EUB,吃不了？我装的！,-,//i1.hdslb.com/bfs/archive/52e54f8366800a70e62e9420856f83edcedcc2b1.jpg,49744,6,420,"刃,cos,Cosplay,崩坏：星穹铁道,崩坏：星穹铁道创作者激励计划,星穹列车团,崩坏星穹铁道3.3创作者激励计划",16,1750931132,19,4339,580372
初九Haimon,415897343,https://i2.hdslb.com/bfs/face/5755ceca1459f9028973297abda9e60f02a30c13.jpg,252,仿妆cos,http://www.bilibili.com/video/av114754731443505,BV1EbKBzzEaG,仿妆博主的曾经…,以前的一小段过往～宝子们轻喷～,//i0.hdslb.com/bfs/archive/385d3af4238cda7aa4ff918c7495932b1bcfe767.jpg,822785,318,3806,"搞笑,散打,反差,美妆,仿妆",532,1751052924,18,108144,458580
鲑鱼子kei,1607849,https://i2.hdslb.com/bfs/face/924b3085833295ff2f0a3376cc4f961871ce7dcd.jpg,252,仿妆cos,http://www.bilibili.com/video/av114308121953417,BV1TKdNY6Eu9,一些穿Lolita的心得总结,-,//i0.hdslb.com/bfs/archive/809908057d783579b7afc20ca357011f2e5d3fc5.jpg,836251,41,7651,"LOLITA,分享,LO娘",298,1744297956,41,70097,7213548
小白兔奶糖ovo,34173336,https://i0.hdslb.com/bfs/face/8fdd1daccf3484c5e8eccb2704cd88f0179149c5.jpg,252,仿妆cos,http://www.bilibili.com/video/av114630529649437,BV1khTtznEW1,没见过我召唤师的，确实都说我好看,-,//i2.hdslb.com/bfs/archive/8873f97f941232ed4723214ed1fe7755eab4fdfa.jpg,157855,15,3596,"二次元,娜可露露,发型,美妆,王者荣耀,瑶,Cosplay,朵莉娅,二次元副本挑战者,二次元副本大作战3.0",123,1749136381,11,22993,2375123
溟雨小朋友,196652162,https://i2.hdslb.com/bfs/face/b8ca17815d1da6e94ec653e0f4f91e10fc0653d7.jpg,252,仿妆cos,http://www.bilibili.com/video/av114676046305439,BV1XFMzzNEmq,我的十三太奶啊,-,//i0.hdslb.com/bfs/archive/47b89de93adfcffee62396468f54531084633f23.jpg,417599,77,5069,"画江湖之不良人,降臣,灵魂COS大赏,二次元副本大作战3.0",593,1749961775,10,39683,1549729
answer824,17514964,https://i1.hdslb.com/bfs/face/6522c0ea21f33570ba9121ec5b9538f34d6a8654.jpg,158,穿搭,http://www.bilibili.com/video/av114425243635750,BV1VjGQz2EGk,6双适合春夏的潮流鞋款推荐❗️穿搭/运动/溯溪/户外❗️,希望看完视频的各位，可以点个推荐，投个币，收藏一波，这样才能让更多人看到我的视频，真心感谢每一位朋友！商务合作vx：answer82400（备注项目，不备注不加）,//i2.hdslb.com/bfs/archive/7f5c2524bfce1e17ac8403f033272dbe53b9c713.jpg,318514,230,607,"淘宝,运动鞋,亚瑟士,种草,穿搭,凉鞋,复古跑鞋,潮流显眼包,盛装生活节,运动户外淘宝指南,五一时髦C位出游",49,1746007224,347,2226,5504280
小林桑b站版,280406737,https://i1.hdslb.com/bfs/face/67927eb49af3592fb9c00018a4b3f1a64cde7ad8.jpg,252,仿妆cos,http://www.bilibili.com/video/av114719247631817,BV1bbNkzwEFQ,三次元的脸怎么这么二次元啊喂！,-,//i1.hdslb.com/bfs/archive/a58cfec35cf2d6112c161c1f44e15473a1bbf97e.jpg,135239,45,924,"cos,人狼村之谜,房石阳明",197,1750689872,16,9727,821632
樱梨梨Eriri,156211,https://i1.hdslb.com/bfs/face/9dd39fb1cfbaa7e479a9977ad25acca261a5a138.jpg,252,仿妆cos,http://www.bilibili.com/video/av114369962705107,BV1mwLAzkEWQ,国潮不应该只出现在你的外卖包装上,-,//i0.hdslb.com/bfs/archive/f1b0492a3783f8aaa26fb498b72b1f98c2a1f038.jpg,311098,21,13917,"京剧,花旦,刀马旦,川剧,戏曲风,美妆,cos,cosplay,国潮,灵魂COS大赏,破次元大神集结令",221,1745490090,11,45102,6021421
一里ouo,367262849,https://i2.hdslb.com/bfs/face/ffa8fc0cbc2223b9ff5a891621afb2e449f6618a.jpg,252,仿妆cos,http://www.bilibili.com/video/av114637039210322,BV16AT3zvEvf,水的折射你懂不懂,-,//i2.hdslb.com/bfs/archive/2c64012a915b816d1164ab5bf8cd220dce880c9e.jpg,207369,5,2265,"可爱,女神,LOLITA,道具,辣妹,服饰,美妆,穿搭,Cosplay,甜妹",65,1749393293,11,6362,2118218
痴五安chammy,327903909,https://i0.hdslb.com/bfs/face/64923d39b715afc476537cfbf400cc4dc1c86410.jpg,158,穿搭,http://www.bilibili.com/video/av114702436797650,BV1wDN5zVE3y,10分钟解决你的「无效穿搭」！一篇教会你不同风格（日系｜美式｜通勤｜学院）如何选单品！男生穿搭｜宝藏单品｜穿搭分享｜夏季穿搭,"如果你问我
穿搭是怎么变好看的？
我觉得 大概率是你终于找准了风格！
所以这期 
直接剖析4种热门风格的核心单品选择思路
一篇帮你搞定无效穿搭！
so easy",//i1.hdslb.com/bfs/archive/e3732774ed98dc2e740c5b39226e0a22085c11ea.jpg,87340,125,1596,"美式,日系,男生,小个子,学生党,风格,穿搭,购物分享,男生穿搭,今日出门怎么穿,525夏日企划《我要我就这样》",98,1750425683,1009,2054,1085828
喵新majo,85776107,https://i2.hdslb.com/bfs/face/9d55be2d95064197fab0e944b3cf5a9ab359bf66.jpg,252,仿妆cos,http://www.bilibili.com/video/av114662540575863,BV1HqMLzQEDm,看了半天没看出来筑波是男的还是女的。非得要jk妹妹吗？jk弟弟不行吗？算了刷到啥看啥吧,-,//i2.hdslb.com/bfs/archive/1b3cd9f2bccdfd751bb911baad5a9dfbeddd1c91.jpg,79985,2,2826,JK,184,1749658614,15,5649,1852897
小敏阿姨你好,27327545,https://i2.hdslb.com/bfs/face/cf0022360b01304c35e2076096a235db2f046422.jpg,158,穿搭,http://www.bilibili.com/video/av114657423526947,BV1YLTCz2Ebr,你想要的短袖衬衫一定长这样！,感谢桑嘉小凉风对本期视频的大力支持！,//i0.hdslb.com/bfs/archive/e95d58c8894b1a9e99ae134c054cf0a1fa2b1433.jpg,130335,516,3219,"分享,衬衫,服饰,短袖衬衫,深度测评,种草,穿搭,穿搭技巧,淘宝时髦好店,桑嘉小凉风",283,1749727820,1148,7049,1783691
镕馨Rongxiiin,15762295,https://i1.hdslb.com/bfs/face/1eb7c4dae1724430812b6f7692817222586fb9f6.jpg,157,美妆护肤,http://www.bilibili.com/video/av114754815336434,BV1BDKqzvE3W,Vlog｜参加朋友婚礼的一天,-,//i1.hdslb.com/bfs/archive/2f0d07d40104d8d933dc4824822a7fcb0c0e467c.jpg,58482,13,609,"记录,生活记录,Vlog,随手记录我的生活碎片,来BW当然要拍vlog啦",116,1751019979,27,6901,491532
门之匙Silve,226398,https://i0.hdslb.com/bfs/face/2aa625d89ed10c5f311b6d67d1c724e7ed2184fb.jpg,252,仿妆cos,http://www.bilibili.com/video/av114777649124773,BV13xgXzkEL9,当直男哥和好兄弟拍有点给的pose时,-,//i1.hdslb.com/bfs/archive/a6b47f5e36433d0fca360512242fe3c54eac2c18.jpg,34188,4,1479,"cos,cosplay,ooc致歉,白厄,崩坏：星穹铁道,黑厄,崩坏：星穹铁道创作者激励计划,盗火行者,崩坏星穹铁道3.3创作者激励计划",120,1751378463,14,9793,133048
玲子reiko-,662658732,https://i0.hdslb.com/bfs/face/a8d629cf26aadac92df23448177860842cc8e133.jpg,157,美妆护肤,http://www.bilibili.com/video/av114413331810418,BV1SgLCzbE7L,藏了很久的好东西 终于能说了!,,//i1.hdslb.com/bfs/archive/1c616fadb2be03697d30ae9c68f10173611d6a31.jpg,674051,49,1017,"usmile电动牙刷,电动牙刷测评,笑容加电动牙刷",165,1746007206,112,25807,5504305
-谢安然-,21876627,https://i0.hdslb.com/bfs/face/7197ba7d67ca73cdf63214bd02916063045dfb23.jpg,252,仿妆cos,http://www.bilibili.com/video/av113401548246875,BV139SJYGE6h,疑似混进真的……【微恐慎入】,-,//i1.hdslb.com/bfs/archive/2154d3483997789fb768c22e38ecedf91768d879.jpg,2339781,222,12390,"化妆,富江,伊藤润二,特效化妆,美妆,Cosplay,万圣节限定皮肤,川上富江,突破次元壁大作战2.0",1005,1730441765,16,276507,21069746
K4U_,3494355190942280,https://i2.hdslb.com/bfs/face/f742141cfedab7eb86befc24e14c34b0b746cefa.jpg,252,仿妆cos,http://www.bilibili.com/video/av114771995204657,BV1hsgrzCEus,我的故事总是发生在夏天,我的故事总是发生在夏天,//i0.hdslb.com/bfs/archive/45efce9a45f2c68ac6bb1e7fcc9b8af755a2e313.jpg,33487,9,584,"反差,甜妹",193,1751281807,10,2525,229704
蛋黄mayo_,13258564,https://i1.hdslb.com/bfs/face/0182de3153a1b89c677507a3f830ad23366e618f.jpg,252,仿妆cos,http://www.bilibili.com/video/av114402023971459,BV1C1L9zLEEP,【崩铁生贺cos接力】方言什么的，这下全能听懂了！,,//i1.hdslb.com/bfs/archive/214c323a48f6d2acae904da24ab4af1c92ac1649.jpg,261163,173,13594,"Cosplay,崩坏星穹铁道,崩坏：星穹铁道创作者激励计划,同人产粮节,星穹铁道二周年,崩坏星穹铁道3.2创作者激励计划",309,1745644696,141,32652,5866815
一只大蓝莓,20812175,https://i2.hdslb.com/bfs/face/8b4b5d05defdbbfcc53f7d65c11af40d3f2b183d.jpg,252,仿妆cos,http://www.bilibili.com/video/av1206385467,BV15f421B7PM,考上985群主给你拍黑丝原来是真的！,-,//i0.hdslb.com/bfs/archive/41aae83593186cb4c99cf8eb1bcc3ac44c01aab1.jpg,2467251,285,13971,"胡桃,985,cos,原神,原神UP主激励计划4.8",1799,1722264397,25,218621,29247114
南京二次元友好理发店,12191679,https://i0.hdslb.com/bfs/face/056d958ad05a9bf4798b8b2995cfd7ed29fcee60.jpg,159,时尚潮流,http://www.bilibili.com/video/av114766441881553,BV1Jr3FzyEJs,二次元发型真的有！！,-,//i2.hdslb.com/bfs/archive/e82a8551ea5ba045522e8a8c68e2a42a5f3a653c.jpg,17950,3,660,"漫画,动漫,二次元,发型,日系,二次元发型",15,1751197170,9,1077,314341
K4U_,3494355190942280,https://i2.hdslb.com/bfs/face/f742141cfedab7eb86befc24e14c34b0b746cefa.jpg,252,仿妆cos,http://www.bilibili.com/video/av114765804411079,BV1a9gZzZEud,成为神的代价，是孤独,成为神的代价，是孤独,//i0.hdslb.com/bfs/archive/8bf3303c0db4c5bf44465f359efc9415a0ed08b5.jpg,74941,10,2972,"三角洲行动,麦晓雯,三角洲cos",180,1751187560,12,7764,323951
溟雨小朋友,196652162,https://i2.hdslb.com/bfs/face/b8ca17815d1da6e94ec653e0f4f91e10fc0653d7.jpg,252,仿妆cos,http://www.bilibili.com/video/av113911240070121,BV13zFTe8E7P,外孙女回家，感觉不是一个图层的,-,//i1.hdslb.com/bfs/archive/854c763e6d8be0f7f57bdc3665b72247d1f5c37d.jpg,2227648,213,8025,"回家,外婆,生活记录",1014,1738177559,11,125360,13333952
K4U_,3494355190942280,https://i2.hdslb.com/bfs/face/f742141cfedab7eb86befc24e14c34b0b746cefa.jpg,252,仿妆cos,http://www.bilibili.com/video/av114552549150839,BV1i7JWzoESs,一周的穿搭,一周的穿搭,//i1.hdslb.com/bfs/archive/766cf7e74e74ace2d8f680a5ccf6d0f095f42293.jpg,165356,13,24888,"穿搭,cos,崩坏：星穹铁道创作者激励计划,崩坏星穹铁道3.3创作者激励计划",144,1748091300,11,44899,3420211
一里ouo,367262849,https://i2.hdslb.com/bfs/face/ffa8fc0cbc2223b9ff5a891621afb2e449f6618a.jpg,252,仿妆cos,http://www.bilibili.com/video/av114724532391639,BV1LbNDzPE3Q,这就是你说的旅游,-,//i2.hdslb.com/bfs/archive/806e0f7d862d60a07cf222ffea6bfb441aff985f.jpg,103691,9,2587,"可爱,旅游,萌妹子,KK,小仙女,高甜,小姐姐,生活记录,甜妹",107,1750696493,13,6881,815018
山城小栗旬的理发日记,1869712375,https://i1.hdslb.com/bfs/face/21a7acb06d7ecbd35d27213f87ea6749f9fd18e0.jpg,157,美妆护肤,http://www.bilibili.com/video/av113594872109792,BV1TtiUY1Esa,祝你们遇见的每一个人都很真诚！,-,//i0.hdslb.com/bfs/archive/6520cb2e01b5b7aa4a6b51516e62c61c2031ebc3.jpg,895439,2715,2059,"浪漫,朋友,搞笑,明星,林俊杰,2024热门年度盘点,冬日出游溜达一下",1014,1733339574,157,117787,18171937
Yumekiii_,355819214,https://i2.hdslb.com/bfs/face/7d4b1223b7945e0f229aa3c21387162661f394a2.jpg,252,仿妆cos,http://www.bilibili.com/video/av114732367413347,BV1iqKbzGEod,我的屋里成为了我的白壁,-,//i0.hdslb.com/bfs/archive/42ab095f4181026e4c0142d749e4e17649229f04.jpg,35173,3,3243,"COS,地下城与勇士,奇美拉,dnf,Cosplay,DNF17周年庆",46,1750936720,13,8062,574799
杜邦先生,178991405,https://i2.hdslb.com/bfs/face/2f2592cf3f48c30ed8ba6f91effc5ec904a577c6.jpg,252,仿妆cos,http://www.bilibili.com/video/av114767717008759,BV1Fc3wzDEyd,丽泽尔·贾尔达克：破碎的你，还真是可爱呢…,BGM- Sweets Parade,//i0.hdslb.com/bfs/archive/b22b3830b6ad225858ffeb4d56a611dcb2c7f7f2.jpg,46754,53,1263,"假面骑士,特摄,cos,突破次元壁大作战,假面骑士加布,丽泽尔,当时髦精闯进痛圈",235,1751276107,14,10593,235412
蛋黄mayo_,13258564,https://i1.hdslb.com/bfs/face/0182de3153a1b89c677507a3f830ad23366e618f.jpg,252,仿妆cos,http://www.bilibili.com/video/av113909948289327,BV1QzF8eZEEs,你未婚单身的姐姐将会穿着cos服在大年初一来你家发红包,-,//i2.hdslb.com/bfs/archive/85c6b43979e050ef6c6b0087f423b3e9c54c94c8.jpg,2042064,209,37613,"串门,cos,卡芙卡,崩坏：星穹铁道创作者激励计划,崩坏星穹铁道3.0创作者激励计划",1692,1738157099,25,340579,13354420
KID大魔王,2196881,https://i2.hdslb.com/bfs/face/33111c72b3bd57721718bd87a11a7db45d33d2dd.jpg,252,仿妆cos,http://www.bilibili.com/video/av1706313677,BV17T42167s4,泳装沈妙才是最妙的！,泳装沈妙才是最妙的！,//i2.hdslb.com/bfs/archive/b5f840ad7deec0c262234dbc8029f797cbec20c4.jpg,1249970,43,10437,"女神,泳装,性感,比基尼,走路摇,沈妙,永劫无间,娱游劫友会,永劫手游二创,永劫无间手游up主激励计划",219,1724562891,18,81750,26948628
一里ouo,367262849,https://i2.hdslb.com/bfs/face/ffa8fc0cbc2223b9ff5a891621afb2e449f6618a.jpg,252,仿妆cos,http://www.bilibili.com/video/av1056503510,BV1an4y1f7ai,她好像真的看不见,-,//i2.hdslb.com/bfs/archive/c900e0688495984556cf288d679287828cb2b461.jpg,1424128,85,6396,"二次元,火影忍者,雏田,Cosplay",291,1725383015,15,37257,26128504
溟雨小朋友,196652162,https://i2.hdslb.com/bfs/face/b8ca17815d1da6e94ec653e0f4f91e10fc0653d7.jpg,252,仿妆cos,http://www.bilibili.com/video/av114772146134931,BV1NigrzKESn,人心中的成见是一座大山,-,//i1.hdslb.com/bfs/archive/f41517010670a194447d2d089d534fc526cb1263.jpg,87113,8,518,"Cosplay,仗剑传说",193,1751284281,15,9724,227238
一里ouo,367262849,https://i2.hdslb.com/bfs/face/ffa8fc0cbc2223b9ff5a891621afb2e449f6618a.jpg,252,仿妆cos,http://www.bilibili.com/video/av113875890471284,BV1YcfzYQEJc,在漫展遇到的好清秀的姑娘,-,//i0.hdslb.com/bfs/archive/34cc9563be13bbc5d63acec44a67765d07c377be.jpg,939112,295,10624,"二次元,美女,姑娘,反差,金刚芭比,小姐姐,cos,Cosplay",1398,1737735476,11,91823,13776043
一里ouo,367262849,https://i2.hdslb.com/bfs/face/ffa8fc0cbc2223b9ff5a891621afb2e449f6618a.jpg,252,仿妆cos,http://www.bilibili.com/video/av114741510930447,BV1xoK7zfEZr,这个傻不像演的,-,//i1.hdslb.com/bfs/archive/6e570fd42eb9eea718015a439b54320b88fa7205.jpg,33934,1,326,"可爱,美女,女神,萌妹子,美妆",27,1750816631,12,2338,694888
绾绾samr,434999640,https://i0.hdslb.com/bfs/face/8c37a869fc4c49ce852f57c58c959017e01e2318.jpg,252,仿妆cos,http://www.bilibili.com/video/av114731310384865,BV1PoK4zDEZv,亲爱的指挥官,-,//i0.hdslb.com/bfs/archive/63b1b75fd6df4f0e4871f5b7a686b74dc263159c.jpg,39028,16,2184,"Cosplay,胜利女神NIKKe激励计划",103,1750661209,10,6077,850310
西园寺Sakura,697290208,https://i1.hdslb.com/bfs/face/316c179d0d1b4cc1c63698b937c8e6f44893f488.jpg,252,仿妆cos,http://www.bilibili.com/video/av114601907849752,BV1H97PzyEpt,大哥怕是忘了小妹的能耐,-,//i1.hdslb.com/bfs/archive/6292d20c982eb7ddf1ce3034f8bd601a395105c2.jpg,195911,45,32152,"二次元,cos,熬闰",332,1749478668,11,65351,2032851
陆鹫贰黑,316782705,https://i0.hdslb.com/bfs/face/3d12e315556c5f4c54dd208c6a4219ff41385ccb.jpg,252,仿妆cos,http://www.bilibili.com/video/av113917313551179,BV1xzF5eCE6K,复活吧 我的cp！/藕饼cos,,//i1.hdslb.com/bfs/archive/f98be825e83f576ce21c6f301823088a918ac4c6.jpg,835162,291,30246,"藕饼,哪吒,Cos,敖丙,一起追影《哪吒2之魔童闹海》,哪吒2之魔童降世",822,1738351169,10,101118,13160350
虎纹章鱼,8913850,https://i1.hdslb.com/bfs/face/7865336de5ddce5429c3ef804228a5f49f38787e.jpg,252,仿妆cos,http://www.bilibili.com/video/av113768197528166,BV1RArnYdEt3,你知道的这是一款18+游戏,-,//i1.hdslb.com/bfs/archive/045d0ccf384366c4cfb7cde72cfcac689f61a64e.jpg,1194131,115,17608,"配音,主播,米塔,米塔MiSide,帽子米塔",1107,1735969419,13,77807,15542100
化妆师雪燕,1146648059,https://i2.hdslb.com/bfs/face/370c67f5b9688c2863581822da1bf4f0b7774088.jpg,157,美妆护肤,http://www.bilibili.com/video/av114347162473684,BV1gjoMYWE5i,前摇越长越值得看，在这个科技的时代，原生感，活人感才更加难得不是吗？她像千年前的故人，面无表情，却满眼的故事…完美不是无懈可击，是浑然天成的生动！,-,//i2.hdslb.com/bfs/archive/f63e12695bb60c4ae1035aece07970d3dda5d689.jpg,911777,168,3304,"妆前妆后,素人改造,原相机拍摄",377,1744878630,28,79627,6632897
娜lulu,3546718874372703,https://i0.hdslb.com/bfs/face/b5f1008a027564c12b8b88f80c9f3917fe0d700d.jpg,252,仿妆cos,http://www.bilibili.com/video/av114755050146703,BV1GFKBzbE8E,见过这么酷的兔兔变装吗？,,//i2.hdslb.com/bfs/archive/3ffbfadd427f936a8b8e25f8afb5b9a28ed95921.jpg,18427,7,640,"可爱,塔防,策略游戏,颜值,Cosplay,明日方舟,明日方舟创作者应援计划,明日方舟UP主应援计划 – 红丝绒",115,1751193006,7,3163,318521
豆豆_Babe,402361670,https://i2.hdslb.com/bfs/face/e3283472d576a5cbde121ea718b1513aa43b1263.jpg,157,美妆护肤,http://www.bilibili.com/video/av114772381016032,BV1SGgyzEEe7,【豆豆】工作日志｜粉绿配色好适合夏天呀｜夏季一眼降温的薄荷感妆容,"又开始了好久不见的写真创作
顶着37度的高温拍摄 防晒一定是重中之重
本次灵感来源于新做的偏光绿美甲
薄荷色的眼影是整体妆容的灵魂
再加上水光感唇釉和高光 夏季清新感立显
妆造完毕 开启顶楼拍拍拍模式！
有偷到师吗～一起化起来～",//i0.hdslb.com/bfs/archive/97df3ad107af37803e58667b4a89293f7121d8aa.jpg,10645,15,128,"夏天,薄荷,夏日妆容,配色,彩妆分享,美妆教程,妆容教程,干货分享,普通人变美指南,525夏日企划《我要我就这样》",19,1751290514,281,445,221013
阿豪是个酷盖,47208666,https://i0.hdslb.com/bfs/face/b381960a645892b6189efda3d5e150b135990a7f.jpg,158,穿搭,http://www.bilibili.com/video/av361731060,BV1Q94y1e7J7,果然冲锋衣 才是男人最好的医美,,//i2.hdslb.com/bfs/archive/1896f6f827061fcb797cdd1f1b327cc30e3ff039.jpg,2980042,464,90069,"高能,大学生,户外,潮男,平价,种草,穿搭,冲锋衣,男生穿搭,夏日时尚大改造,开启暑假的100种方式",1748,1696706360,13,206943,54805167
火影小c,690765367,https://i1.hdslb.com/bfs/face/19cccd3719726740cde12a0b77b2998c7fadbea5.jpg,252,仿妆cos,http://www.bilibili.com/video/av114681817603195,BV1PuM2zGEog,这就是我的奖励 ₍ᐢ..ᐢ₎,-,//i1.hdslb.com/bfs/archive/d5393d2527328249c217edf2983033514fbf745c.jpg,180287,43,5879,"美女,服饰,美妆",249,1750148629,13,28549,1362898
栗川芥,28098151,https://i1.hdslb.com/bfs/face/f373d5271bd911d5a6e22e1d8014d27e49d9e8ee.jpg,252,仿妆cos,http://www.bilibili.com/video/av114482806267383,BV1aiVozwEnr,要来尝试点有趣的东西嘛？,-,//i2.hdslb.com/bfs/archive/ef69feadf0f0cb502fef92685f56af3e5b5070a4.jpg,184809,33,5708,"少女前线,cos,少前2追放,莱妮,二次元副本大作战,二次元副本大作战2.0",222,1747003953,12,19460,4507574
外星嫣子,470833713,https://i0.hdslb.com/bfs/face/301507c7af7669c5f6e4f735f65b946bb568fc0e.jpg,252,仿妆cos,http://www.bilibili.com/video/av114410026699782,BV137LBzJEgB,也是穿上2k元的女仆装老祖了...,,//i1.hdslb.com/bfs/archive/e5b27b2a899271b86a8288dd5d834977fdcbac43.jpg,253904,12,15621,"女仆装,猫耳女仆,开箱分享,我的开箱初体验,candyfruit,科技猎手2025· 1.0计划",174,1746342683,35,33451,5168844
一颗小兔娘,498099165,https://i0.hdslb.com/bfs/face/035c2c9e95c5487d0a9aca28c36f0cb20b0afc3f.jpg,252,仿妆cos,http://www.bilibili.com/video/av114530201899170,BV1iVEmz9Egx,可惜了新想的广告,-,//i1.hdslb.com/bfs/archive/269727c6e31122cfa5a3e94caab0687cbd1f2a7d.jpg,563286,409,2420,生活记录,1009,1747638762,21,41204,3872765
94596671306_bili,344890104,https://i0.hdslb.com/bfs/face/33a3be5baf454edc4c6992ac5d9cb5ce85805b70.jpg,159,时尚潮流,http://www.bilibili.com/video/av114579090705055,BV14MjozwEkv,“原来4分30的配速这么快”,-,//i1.hdslb.com/bfs/archive/e4c1c71a3ef43f9c4216d30ce155ab3064e7a696.jpg,167475,47,317,"灵感,跑步,训练,体育,体育生,田径,配速,阿B我想玩户外",383,1748338388,14,2767,3173139
onesweek,1993644620,https://i2.hdslb.com/bfs/face/babb9e8a489e0c831076c0051cd08c75bce346a2.jpg,158,穿搭,http://www.bilibili.com/video/av114503861668466,BV1xTEvzgEdk,一样的鞋，不同高度的区别,,//i0.hdslb.com/bfs/archive/6fb8c8dd84bb0923cb69970b546d8f4bf2bb03d5.jpg,291266,9,1094,"高能,高跟鞋,鞋子,女鞋",139,1747474603,11,3400,4036924
聂小倩她老板,431615976,https://i0.hdslb.com/bfs/face/d3be65d78fb1280568bd852c282669c83c116164.jpg,157,美妆护肤,http://www.bilibili.com/video/av114550972094000,BV1eLJJzkEg3,被疯狂追问？美妆博主的私信都收到些什么？,-,//i0.hdslb.com/bfs/archive/3904cc4a16616c5bb72123b0e057d50a81531dd9.jpg,188466,1599,1229,"分享,私信,彩妆,美妆,美妆博主,读私信,粉丝私信,当时髦精闯进痛圈",401,1747918658,914,20684,3592869
Steven宫沐泽,383557298,https://i2.hdslb.com/bfs/face/1726e0582348d011d43695f7ad17375deb463051.jpg,252,仿妆cos,http://www.bilibili.com/video/av114737853567605,BV17yKgzREng,这个系列怎么能没有我呢 这是我的来时路,-,//i1.hdslb.com/bfs/archive/93b8af7d1c97b3b7fb5a09f2e4fd6ce15a938635.jpg,263753,37,3088,"COS,盗墓笔记,反差,差点忘了以前是干嘛的",119,1750760902,15,41159,750625
门之匙Silve,226398,https://i0.hdslb.com/bfs/face/2aa625d89ed10c5f311b6d67d1c724e7ed2184fb.jpg,252,仿妆cos,http://www.bilibili.com/video/av114506160152567,BV12eEBzEEdb,试一下去cp穿的盗火,-,//i1.hdslb.com/bfs/archive/5fe3dbee0bcb3c2087139ed84a3e737f9cd1b2ea.jpg,232367,33,3780,"cos,Cosplay,崩坏：星穹铁道,盗火行者,二次元副本挑战者,二次元副本大作战2.0",262,1747262575,12,41702,4248952
幺玖伍195,3546588603484509,https://i0.hdslb.com/bfs/face/2843fdd734eac4e01e6ca1bcf3fd73ebbee5566f.jpg,252,仿妆cos,http://www.bilibili.com/video/av113657400853862,BV1WrqfY6EN6,谁帮我算一下她的身高？,@失眠猛熊  真一米八？,//i0.hdslb.com/bfs/archive/e5710ddd699f172ef90e2151e6787b584b9aed74.jpg,1662108,45,2276,"香子兰,cos,cosplay,甜妹,失眠熊",196,1734355201,12,8039,17156326
靓仔董米粒,558215888,https://i2.hdslb.com/bfs/face/29045c0176a4c732da33a6cd53659c68900feecc.jpg,158,穿搭,http://www.bilibili.com/video/av114668882435548,BV1EdTfzvEdX,170/145斤梨形微胖通勤穿搭！拯救闷热显胖的夏天！,姐妹们记得🍑🔍通勤穿搭哦！,//i2.hdslb.com/bfs/archive/f21754e892426c3f1125393c5a6ab3ebfb9f045a.jpg,226094,235,295,"通勤,微胖,梨形身材,微胖穿搭,通勤穿搭,显瘦穿搭,淘宝宝藏店铺,天猫618补贴真的大,618必买店铺,穿搭星球",94,1749729612,295,1464,1781915
K4U_,3494355190942280,https://i2.hdslb.com/bfs/face/f742141cfedab7eb86befc24e14c34b0b746cefa.jpg,252,仿妆cos,http://www.bilibili.com/video/av114626385682317,BV1UuTHz3EKd,给大家看看我的OOTD,给大家看看我的OOTD,//i2.hdslb.com/bfs/archive/5dd18f0338aa5cf2cb3d6c908cabcb1f150af187.jpg,145569,6,2941,"穿搭,ootd,神里绫华,原神UP主激励计划,原神5.6UP主激励计划",176,1749133801,7,5777,2377726
Midoriko绿子,8048877,https://i0.hdslb.com/bfs/face/6c8cbfce18d593a2c36d612fb9532d2be66d2101.jpg,252,仿妆cos,http://www.bilibili.com/video/av113876947443707,BV1pqfVYwEiC,神的步伐吗？有意思,-,//i0.hdslb.com/bfs/archive/8a1ac8929358dfbde64f2f308ea0163d48b92c00.jpg,1962718,238,9433,"拳皇,神,库拉,拳皇库拉,拳皇k走路,神的步伐",1359,1737670101,15,72938,13841426
西园寺Sakura,697290208,https://i1.hdslb.com/bfs/face/316c179d0d1b4cc1c63698b937c8e6f44893f488.jpg,252,仿妆cos,http://www.bilibili.com/video/av114647172647553,BV1G5TXzuEUb,让我听听你的欲望,-,//i2.hdslb.com/bfs/archive/59d346c16090dd91cceee7ae81641592dbb4239c.jpg,145281,19,17527,"cos,Cosplay,明日方舟,塑心,阿尔图罗",374,1749487063,10,35920,2024464
不吃柠檬不吐皮儿,329398046,https://i2.hdslb.com/bfs/face/c8ead7b5f29ad73bb855fbe3f4543cc0a72157c5.jpg,252,仿妆cos,http://www.bilibili.com/video/av114618081150459,BV1zy78z2EZF,日常完成我妈的任务指标,-,//i1.hdslb.com/bfs/archive/e119956ab2b66a465d86a3113f463b1fdcc20a4f.jpg,167100,16,1875,"妈妈,亲子,生活记录",103,1748933575,17,8227,2577952
一颗小兔娘,498099165,https://i0.hdslb.com/bfs/face/035c2c9e95c5487d0a9aca28c36f0cb20b0afc3f.jpg,252,仿妆cos,http://www.bilibili.com/video/av114397259306647,BV1nPL7zBErP,大家好，我的爱情宣言是,-,//i1.hdslb.com/bfs/archive/6041b193d5ceb73aa7a685a7cbe539e6a1297033.jpg,273822,92,2356,"二次元,发型,Cosplay,超时空跑跑",806,1745582164,23,33020,5929372
Lis栗子,7234083,https://i0.hdslb.com/bfs/face/83c6735bab04e42b969d328f999b1a12634ad262.jpg,252,仿妆cos,http://www.bilibili.com/video/av113615776585731,BV1UrqJYTEXd,外国很火的 插画小人cos挑战,怪好嗑的,//i0.hdslb.com/bfs/archive/306cf4dd1ba7ecc7d051a98808d233b79f9df46d.jpg,764706,2575,19233,"同人,美妆,仿妆,Cosplay,irasutoya,治愈这个冬天,冬日cos大赛",204,1733688359,16,138220,17823177
钛钛TiTi,2287183,https://i1.hdslb.com/bfs/face/97d82000b78452abeb4eee74dbb3694298310252.jpg,252,仿妆cos,http://www.bilibili.com/video/av114532198389094,BV1z5EQzzEG8,摄影说他有很好的拍脚动作参考,-,//i1.hdslb.com/bfs/archive/af9a7ad97d249155398be7a015232b40333bccd2.jpg,236117,7,1244,"原创,cosplay,动作参考",88,1747622792,8,2175,3888744
白昼小熊,542246263,https://i1.hdslb.com/bfs/face/4b26f51d6330ea2209192d490f6636e28ec0574c.jpg,158,穿搭,http://www.bilibili.com/video/av868880047,BV1bV4y167r1,不止多巴胺 是能量爆棚的维他命,-,//i2.hdslb.com/bfs/archive/8daa26b695b73869bcd1f490738c6326175a58ed.jpg,2831703,241,17362,"美女,多巴胺,服饰,穿搭,今日出门怎么穿,一起fun放假",736,1684731586,10,214208,66779950
Bigger研究所,32598708,https://i0.hdslb.com/bfs/face/093096909a4c788cb8fec4808e902e9d70da9e61.jpg,158,穿搭,http://www.bilibili.com/video/av114652591752902,BV1LLTezdEti,网购衣服总踩雷？央视曝光的不防晒的防晒衣怎么避免？服装小白们闭眼买衣服的方法找到了！买夏日装备，认准京东服饰安心品质标！,京东服饰安心品质标简直是网购界的GPS，给我们指清了高品质衣服的方向，轻松拿捏清凉又靠谱的夏日装备。,//i0.hdslb.com/bfs/archive/66db26c856154850769a8b115dedc71a61686be7.jpg,214185,223,861,"T恤,服装,防晒,种草,穿搭,京东618,防晒衣,夏日装备,京东618又好又便宜,买服装上京东",129,1749463226,254,3086,2048310
绾绾samr,434999640,https://i0.hdslb.com/bfs/face/8c37a869fc4c49ce852f57c58c959017e01e2318.jpg,252,仿妆cos,http://www.bilibili.com/video/av114685877685944,BV1nfMxz7E8k,想让我成为你的小恶魔嘛,-,//i2.hdslb.com/bfs/archive/0c985a7bb401d72d1562931682445c204fd2e7b3.jpg,77944,13,4728,"cos,巴巴塔,突破次元壁大作战,当时髦精闯进痛圈",137,1750124300,9,9590,1387236
一颗小趴菜哟,33053955,https://i0.hdslb.com/bfs/face/7bb2440fa79915594f393b555571717d069eec13.jpg,252,仿妆cos,http://www.bilibili.com/video/av114692991227899,BV1NVN8z9ER4,第一次见到你穿裙子的Lt：嗯…嗯！？！,-,//i1.hdslb.com/bfs/archive/ce022fd1cd8671a7fc0e37f2d91ab3b713993e37.jpg,81413,10,2417,"乙女,Ghost,覆面",46,1750076456,10,12138,1435080
迷迷人鹿,1876008025,https://i1.hdslb.com/bfs/face/d399378dfdb4088a18e46bfdda45a89d7e4ac3bc.jpg,252,仿妆cos,http://www.bilibili.com/video/av113451846406027,BV1shDzYXEFs,不要放弃！！！！热爱真的会有回响！！！！！！！,未完待续！,//i2.hdslb.com/bfs/archive/4020658f41d9c8b4f4844ff335bc945ee25b2d5f.jpg,1145035,161,31881,"日常,富江,伊藤润二,分享,美妆,双一,突破次元壁大作战,突破次元壁大作战2.0",876,1731653945,16,357922,19857591
中老年模特梁晓晴,500894618,https://i2.hdslb.com/bfs/face/b904f3ee47f0c0d1ca2be27768814eea6e0a6348.jpg,158,穿搭,http://www.bilibili.com/video/av114651333398324,BV1sVTYzMEZL,中老年模特，没见过我的，确实都说我慈祥！,-,//i1.hdslb.com/bfs/archive/94fc637a398c1234ff423b42e7e9a52a9c48367a.jpg,506327,14,734,"模特,生活记录,普通人变美指南,东方新中式图鉴",190,1749817019,15,35880,1694517
一里ouo,367262849,https://i2.hdslb.com/bfs/face/ffa8fc0cbc2223b9ff5a891621afb2e449f6618a.jpg,252,仿妆cos,http://www.bilibili.com/video/av114753120831202,BV1k6KqzGEaa,这样的失眠熊居然有三个,-,//i0.hdslb.com/bfs/archive/c200b5e93293282dca1d3b653b9cb9ada4298b06.jpg,32517,1,342,"睡眠,晚安,失眠,助眠,小姐姐",39,1750994224,11,1402,517312
网易逆水寒,21619102,https://i1.hdslb.com/bfs/face/a1b9049256db3dc5a2ddeb13b591144b4e8f3861.jpg,252,仿妆cos,http://www.bilibili.com/video/av114748842575123,BV1dgKZzpEw1,小瞧我的话，可是会吃苦头的！,"“今天天气不错，要和我一起出航冒险吗？”
逆水寒权威新流派沧澜即将登场，等待与您一同斩风破浪~",//i2.hdslb.com/bfs/archive/b910f1331e2c0d99e7f7f56359ddcec61e616430.jpg,107976,15,823,"MMORPG,周年庆,沧澜,Cosplay,逆水寒手游,新流派,新赛年",134,1750928465,13,2337,583071
郑醒醒啊,472626328,https://i1.hdslb.com/bfs/face/a9ae6404c75f05980934400b6222583827b9ec9e.jpg,252,仿妆cos,http://www.bilibili.com/video/av114607444264451,BV1e97zzhEcg,请选择你的组排队友,-,//i1.hdslb.com/bfs/archive/9737ed87e8a03d3adaac95350d3598bab1ddebdb.jpg,99934,16,3073,"可爱,美女,小姐姐,Cosplay,nbpl,2025NBPL春季赛,永劫无间赛事激励计划6.0",126,1748953706,13,11701,2557830
零零依zero,3546587120797842,https://i0.hdslb.com/bfs/face/d8ef344a08693352794921f1977540b0a06ddf69.jpg,252,仿妆cos,http://www.bilibili.com/video/av114204354872519,BV1XrXpYZE1Z,请选择你的水果男友【自制动画】,创意参考：@丸辣o-o @垫底辣孩 ,//i0.hdslb.com/bfs/archive/f8b6315ac49fccd7a85fd6e8afb312f3cf4ebbf0.jpg,1163903,458,25583,"黎深,恋与深空,沈星回,祁煜,夏以昼,秦彻",933,1742640418,13,123932,8871118
一里ouo,367262849,https://i2.hdslb.com/bfs/face/ffa8fc0cbc2223b9ff5a891621afb2e449f6618a.jpg,252,仿妆cos,http://www.bilibili.com/video/av113350864473945,BV1CdyWYfEa1,这世界是一个巨大的阳谋,-,//i1.hdslb.com/bfs/archive/5f06b678b840ec7321f01c66bcca4c3ddddf71f7.jpg,2917068,223,16857,"二次元,Cosplay,五等分的花嫁",783,1729679622,11,93858,21831914
汐尔sama,19702611,https://i0.hdslb.com/bfs/face/97d622618520783048c66b3f4df1224fae4c0e19.jpg,252,仿妆cos,http://www.bilibili.com/video/av114731864032489,BV1yrK8ztEZh,【汐尔*团宝】最喜欢的cp更新了,刘玉宁宝宝是这位～@是团宝吖,//i1.hdslb.com/bfs/archive/cf6f564f771a625ab5826325efe58accab9b811e.jpg,54452,5,1383,"CP,Cosplay,同人二创,房东的肥四",43,1750669631,15,5945,841905
勃小黑,2267801,https://i2.hdslb.com/bfs/face/ad1579c94610981501d3644ac7d23f565be4ae68.jpg,252,仿妆cos,http://www.bilibili.com/video/av114676532774109,BV1woMqzEESh,你们要的真斗！,自己做的装备。,//i1.hdslb.com/bfs/archive/1264498cbbd0d89c21290e90ba193a87dd4165c9.jpg,142063,41,2657,"cos,Cosplay,绝区零,当时髦精闯进痛圈,夏日cos出奇迹,狛野真斗",440,1750091416,12,19898,1420120
杜邦先生,178991405,https://i2.hdslb.com/bfs/face/2f2592cf3f48c30ed8ba6f91effc5ec904a577c6.jpg,252,仿妆cos,http://www.bilibili.com/video/av114730874241139,BV1odKtzgEnn,快进来吃我两拳！流浪老狗的旅行日记,BGM-Fashion Center,//i2.hdslb.com/bfs/archive/63ac222f2f57e1270e8b3a2af23ab4fad8b722b7.jpg,108530,45,1093,"日本,奥特曼,假面骑士,特摄,旅游,cos,尤里安奴,灵魂COS大赏,甘根幸果,二次元副本大作战3.0",174,1750683393,17,14529,828143
病院坂saki,4096581,https://i0.hdslb.com/bfs/face/95ea370e6a1c1c89e839749df1ea2402cdab2514.jpg,252,仿妆cos,http://www.bilibili.com/video/av114471615929089,BV1wv5TzCEhd,超准的几个心理学微动作,-,//i1.hdslb.com/bfs/archive/e199e443a1ed069518785c5d5f187ac67c53bbd7.jpg,269732,48,5840,"心理学,幽灵鲨,明日方舟,明日方舟创作者应援计划,归溟幽灵鲨,明日方舟UP主应援计划 – 众生行记",437,1746705655,14,26700,4805881
游戏女玩家郭婉,13950876,https://i0.hdslb.com/bfs/face/e65289d2171812c2c6262ede68271d805ae652f0.jpg,252,仿妆cos,http://www.bilibili.com/video/av114584996289679,BV1vEjqzXEPG,你听我说，cos服+语言嘲讽真的可以让人飞起来！,-,//i0.hdslb.com/bfs/archive/55bbe20f30e11f06b97f6cff1614df3f50701df4.jpg,385098,35,7999,"Cosplay,整活,崩坏：星穹铁道创作者激励计划,赛飞儿,在黎明升起时坠落,崩坏星穹铁道3.3创作者激励计划",117,1748428487,17,41046,3083049
一只大蓝莓,20812175,https://i2.hdslb.com/bfs/face/8b4b5d05defdbbfcc53f7d65c11af40d3f2b183d.jpg,252,仿妆cos,http://www.bilibili.com/video/av113326184992800,BV1EtyGYEE8e,不看脸怎么认出我的？？？,-,//i1.hdslb.com/bfs/archive/1d55f6b46167e0657fe54549ade6a34178930e4b.jpg,1025824,81,10313,"服饰,穿搭,幽灵娘",511,1729250705,12,66996,22260835
笔龙XDDD,13458092,https://i2.hdslb.com/bfs/face/45e55ef932b89ad8389c534b5b0cb1f8a60b4c4c.jpg,252,仿妆cos,http://www.bilibili.com/video/av114602629143992,BV1kZ7KzUEAx,“红眼睛的客人会来造访你”,-,//i2.hdslb.com/bfs/archive/2e013c319300c94dbd3669c7b21bbeafab3adbe6.jpg,132521,11,997,"全职猎人,酷拉皮卡,异世界转场",74,1748697579,14,16535,2813961
一里ouo,367262849,https://i2.hdslb.com/bfs/face/ffa8fc0cbc2223b9ff5a891621afb2e449f6618a.jpg,252,仿妆cos,http://www.bilibili.com/video/av114243428942833,BV1k1ZFYsEMp,拍完了会放我回家的对吗,-,//i2.hdslb.com/bfs/archive/c4926a773ef4f1cac4c2380b5ae023484a2addd7.jpg,363348,40,12960,"二次元,Cosplay,樱岛麻衣",314,1743322384,13,32584,8189156
葡萄大人耶,374431069,https://i1.hdslb.com/bfs/face/a3a2f0dcc8d8ba72bb31ba3aa650a4caed420b5f.jpg,158,穿搭,http://www.bilibili.com/video/av113928923320548,BV1LZFYeVEaH,真正的强者是不在乎环境的,-,//i1.hdslb.com/bfs/archive/229aeadfa0402dbe6784f9df4db56c3c29587604.jpg,917158,90,2416,"反差,穿搭",515,1738488025,13,64523,13023515
溟雨小朋友,196652162,https://i2.hdslb.com/bfs/face/b8ca17815d1da6e94ec653e0f4f91e10fc0653d7.jpg,252,仿妆cos,http://www.bilibili.com/video/av114562447711433,BV1aMjbztEQC,狗：消失的戈壁,-,//i2.hdslb.com/bfs/archive/c5e7cc409d68f52444467630b859769df00d4c39.jpg,312648,22,784,"搞笑,记录生活,搞笑小剧场,UP 小剧场 3.0",200,1748084601,12,18902,3426939
袜界白无常,3493112500455928,https://i1.hdslb.com/bfs/face/0874266fc200586c636273c38d4a09d7353630b0.jpg,158,穿搭,http://www.bilibili.com/video/av114743742367232,BV1KsKHzMEnt,学校又开始让我们穿裤袜了，求之不得嘿嘿，外穿真的好爽☆ᐢ⸝⸝>ᴗ<⸝⸝ᐢ☆,-,//i1.hdslb.com/bfs/archive/aeb773d6424803f3071e4d50216076c19b44f891.jpg,2680,0,69,"丝袜,袜子,穿搭",10,1751174089,6,63,337451
溟雨小朋友,196652162,https://i2.hdslb.com/bfs/face/b8ca17815d1da6e94ec653e0f4f91e10fc0653d7.jpg,252,仿妆cos,http://www.bilibili.com/video/av114307215923677,BV11TdAYcE6M,说好的网友祭，怎么都不吃呀,-,//i0.hdslb.com/bfs/archive/546cb6d78124b0767da59bcdb32d7c0b51c98270.jpg,611976,56,2677,"萌妹子,记录,生活记录",466,1744189991,16,40004,7321549
一束阿束,24369084,https://i0.hdslb.com/bfs/face/823d795345f0d4efe06ba9e7147cc2d42b151b6e.jpg,252,仿妆cos,http://www.bilibili.com/video/av114239503143673,BV1yMoXYqE2q,coser在环球影城不玩项目的一天,-,//i0.hdslb.com/bfs/archive/f60fefb383d584e7469c32e77debcea283fd3a70.jpg,1049856,411,19883,"原神,芙宁娜,灵魂COS大赏,北京环球影城原神互动主题餐厅,破次元大神集结令",362,1743222123,15,137994,8289417
幺玖伍195,3546588603484509,https://i0.hdslb.com/bfs/face/2843fdd734eac4e01e6ca1bcf3fd73ebbee5566f.jpg,252,仿妆cos,http://www.bilibili.com/video/av114740034538570,BV1EPK5zBEGu,哪里来的棒棒糖,,//i2.hdslb.com/bfs/archive/6ade809ebac78a55d696a0ed962b767269550375.jpg,206813,24,769,"搞笑小剧场,甜妹,失眠熊,UP 小剧场 3.0",102,1750827603,11,6577,683937
设计系小奶,486963565,https://i1.hdslb.com/bfs/face/2781547269a35cf3c4c190f2c16a9b10324fd563.jpg,252,仿妆cos,http://www.bilibili.com/video/av114069331779369,BV1Q1PLewE4p,模仿饺子导演的模仿片段,明天发仿妆过程,//i0.hdslb.com/bfs/archive/cc1157056f2c88bf39a29aae2ff59ed91b1f0722.jpg,1996863,342,5279,"模仿,饺子,仿妆,哪吒,饺子导演,哪吒之魔童闹海",1369,1740621679,15,56544,10889861
梓杰_似鸽大弧蝶,8151578,https://i2.hdslb.com/bfs/face/5b4c385b8cc7d58ebeb8dcea57daa3588b2c343c.jpg,252,仿妆cos,http://www.bilibili.com/video/av113345629851731,BV1nMyLYfEaC,你那柔弱不能自理的鸽,-,//i2.hdslb.com/bfs/archive/137036ff336bd82c093825062861dfaf55b9dbb1.jpg,819545,318,11289,"化妆,天书奇谭,美妆,突破次元壁大作战,突破次元壁大作战2.0",934,1729614402,26,102211,21897138
鲑鱼子kei,1607849,https://i2.hdslb.com/bfs/face/924b3085833295ff2f0a3376cc4f961871ce7dcd.jpg,252,仿妆cos,http://www.bilibili.com/video/av114069566785985,BV1y7PLeHEGh,美女你下意识的合照动作有点眼熟啊,-,//i0.hdslb.com/bfs/archive/bf12c8339aa6c975ff71cff3b3f9238af60716cd.jpg,544736,2,807,"美女,LO娘,小姐姐,穿搭,Lolita",113,1740746580,13,41497,10764960
K4U_,3494355190942280,https://i2.hdslb.com/bfs/face/f742141cfedab7eb86befc24e14c34b0b746cefa.jpg,252,仿妆cos,http://www.bilibili.com/video/av114546526130948,BV13qJzzFEXN,谁干的？,谁干的？,//i1.hdslb.com/bfs/archive/81868fd5ffe5747d522afc589a19c078edb93d91.jpg,165427,38,3458,"cos,云璃,崩坏：星穹铁道创作者激励计划,崩坏星穹铁道3.3创作者激励计划",299,1748178900,6,8618,3332640
垫底辣孩,504630061,https://i1.hdslb.com/bfs/face/a62fbd4e52c025f1edbb2187792ec5846571c00d.jpg,157,美妆护肤,http://www.bilibili.com/video/av114126357533807,BV1xeRpYnEfp,请选择你的天气男友,-,//i2.hdslb.com/bfs/archive/b7956689d8b485059cafb6d439fc069bba43ce5d.jpg,420464,283,7342,"天气,男神,帅哥",393,1741618058,13,44027,9893482
v汐小豹V,341863292,https://i2.hdslb.com/bfs/face/2e9eafebf4e1155f95b382933fc92eb0b610ab45.jpg,252,仿妆cos,http://www.bilibili.com/video/av114090236190368,BV1a2XoYpEyc,人，你可以在莉莉丝坚硬的腹部哭泣,"少女那双宛如海水般湛蓝的眼睛好像在看着你，又好像没在看着你。
原创:@QQ汪酱 ",//i1.hdslb.com/bfs/archive/47c32514c6c43a8eb6e031490784016a70ba3c74.jpg,558324,277,9920,"童年回忆,莉莉丝,雷欧幻像,怪物大师,cos,cosplay",1213,1741489750,13,93955,10021790
干饭瞳瞳子,2010776822,https://i2.hdslb.com/bfs/face/40334c5862282682b49231f6c78f98905eb8310e.jpg,252,仿妆cos,http://www.bilibili.com/video/av114761324823997,BV1vYKmzoEAs,神父喜欢小男孩是真的吗,-,//i2.hdslb.com/bfs/archive/30cd5a0a260f272d1c953c5f47b81059a75b1c63.jpg,60202,7,4149,"美女,女神,修女,穿搭",96,1751178601,10,7078,332941
爱神记忆-,613605087,https://i0.hdslb.com/bfs/face/e98fc3b6e1ee563651a4d77507eb08c976908c37.jpg,158,穿搭,http://www.bilibili.com/video/av114772582341795,BV1Z9gCzhEZZ,在蝉鸣中迎来了暑假 要在沙池里撒欢的玩～,-,//i1.hdslb.com/bfs/archive/9f96b10b1531b22b5f521810f0b45e142e31d181.jpg,7079,1,583,"水手服,假期,玩水枪,可爱俏皮,玩沙子,模特拍摄,拍摄记录,清纯甜美,女孩子的夏天,小腿袜搭配",4,1751342721,43,231,168821
最白的幽一,1627957,https://i1.hdslb.com/bfs/face/1c2e014c174c3c75739663db24b03fed0fb61e48.jpg,252,仿妆cos,http://www.bilibili.com/video/av114693008003126,BV1uKN8zbEB6,让你不爽的事我顺手就做了,-,//i1.hdslb.com/bfs/archive/4c0fd376b1182911bf4ef14a432f38393964bed2.jpg,115468,29,5070,"诱惑,小姐姐,即兴舞蹈,轻舞蹈竖屏激励计划,轻舞蹈竖屏激励计划-毕业季",165,1750121323,10,10658,1390219
小璃酱酱,3546821026646376,https://i0.hdslb.com/bfs/face/0f02c503d7742aa0cff8e6787ef70a8be69a056c.jpg,252,仿妆cos,http://www.bilibili.com/video/av114776692760129,BV1hwgQzuE1v,向你展示 我的全部,-,//i2.hdslb.com/bfs/archive/ae8389a5cef30930f99867bef79e2176e669f7b4.jpg,18025,2,2190,"二次元,流萤,穿搭,Cosplay,崩坏星穹铁道",30,1751353442,7,2079,158100
石神千梨,22735049,https://i2.hdslb.com/bfs/face/70388f039a66ce118eb60ed2ffda21fe8983666b.jpg,252,仿妆cos,http://www.bilibili.com/video/av114743524197479,BV1YDKHzJE8w,上流的粉丝应该配下流的我,-,//i1.hdslb.com/bfs/archive/52cc8a42c2fd37a7396b1fb1482826f780707e8f.jpg,88269,20,2442,"粉丝,热舞,小姐姐,穿搭",202,1750847440,11,9188,664102
艾思华,3461571600714327,https://i0.hdslb.com/bfs/face/71d930e37a9dbddb8fe63cecafa3a6ec903051c9.jpg,158,穿搭,http://www.bilibili.com/video/av114761710700597,BV1RJgRzWEPC,穿丝袜是什么感觉？没穿过的人是体会不到的,-,//i2.hdslb.com/bfs/archive/b78ddc41ba8e1e785935eca3b24b5e94504024f1.jpg,143,0,3,"丝袜,性感,大长腿,裤里丝,丝袜穿搭,男生长袜,丝袜穿搭分享",0,1751158809,8,5,352733
芽痛猫,3493075020155240,https://i2.hdslb.com/bfs/face/27e037617dabddb4f41fa564f55342e3fd02396f.jpg,252,仿妆cos,http://www.bilibili.com/video/av114749262007059,BV1xTKoziEJm,谁点的jk酸奶？,催了个把月的jk奶奶终于来噜,//i0.hdslb.com/bfs/archive/3778c04ffaabb81852d3e3653f20cf25b23ba1a1.jpg,65802,8,3607,"JK,cos,私设,ooc致歉,原神5.7版本,茜特菈莉,原神5.7UP主激励计划",118,1750964441,12,10541,547101
Lucky莉莉安,314025914,https://i2.hdslb.com/bfs/face/bb81342cf87163f11327ed719f349f70172b1d77.jpg,158,穿搭,http://www.bilibili.com/video/av114761576549429,BV1nTgRzYEF5,唯一纯白的茉莉花,-,//i2.hdslb.com/bfs/archive/b41e591287e66023146f9846457bed211e133749.jpg,120,0,1,"萌妹子,直播,小姐姐,生活记录,今日出门怎么穿,525夏日企划《我要我就这样》",1,1751122774,9,2,388768
122大王,6794797,https://i1.hdslb.com/bfs/face/eec6efab9d5b0aff5abd472f8aa43f449d462488.jpg,252,仿妆cos,http://www.bilibili.com/video/av114765183589768,BV1CDgfzUE9t,昨晚的风儿好喧嚣,-,//i0.hdslb.com/bfs/archive/2801aa2ecf211fd0460ad758e09dba3631221ccb.jpg,15029,4,1514,"明日香,eva,nikke,整点电子榨菜,整点电子榨菜第22期",82,1751177948,10,3840,333594
萝卜头爱拍照,94611474,https://i0.hdslb.com/bfs/face/22941049b3eda70238bdd8dbed91a33595820ca5.jpg,252,仿妆cos,http://www.bilibili.com/video/av114761106791972,BV1CFKUzuEAe,bro懂我拍的照片,-,//i2.hdslb.com/bfs/archive/5862bd48e39b8b8af4a1d56a4e7675396f1ebba7.jpg,79584,1,575,"拍照,自拍,照片,摄影,生活记录,jk,萝卜头爱拍照,bro懂我",23,1751115631,11,2887,395911
li2398084316,390703691,https://i2.hdslb.com/bfs/face/7ee3d6687a9982ecd0d7784f2bb51c0010a87b7e.jpg,252,仿妆cos,http://www.bilibili.com/video/av114772716559642,BV1XKgyzpEJW,阿尔托莉雅cos大电影！！c妈最喜欢的一集~~~~,,//i0.hdslb.com/bfs/archive/4f59685cef6a38f99605ee80f9473bb8eda234db.jpg,96,0,2,"短片,搞笑,大电影,影视剪辑,cos,Fate,Saber,Cosplay,Fate/stay night,Fate/GrandOrder",0,1751298521,34,0,213021
是个小茶茶,3461574654167198,https://i2.hdslb.com/bfs/face/bd27dafca40c6f0a0770d2baab840d4fd0d4df30.jpg,158,穿搭,http://www.bilibili.com/video/av114707671291139,BV1GUNpz2EN5,超温柔的穿搭色系,-,//i1.hdslb.com/bfs/archive/400fff9c9aa076cc9475d48b13bccb01bcc44546.jpg,47931,1,1484,"种草,穿搭",37,1750334411,64,1205,1177131
楼ofdu,3546916830841801,https://i1.hdslb.com/bfs/face/094cd86d8587af4975ac283bdb05dfd55255d900.jpg,158,穿搭,http://www.bilibili.com/video/av114765854674514,BV1Sr3czYEPc,鞋好看，看我的鞋，别看脚,,//i2.hdslb.com/bfs/archive/b7b95c6d699adfb75dc888bae6da699ecdea5b2b.jpg,218,0,8,"知识,性感,高跟鞋,小姐姐,生活兴趣",1,1751188083,26,10,323459
vapd6734,135138169,http://i0.hdslb.com/bfs/face/member/noface.jpg,252,仿妆cos,http://www.bilibili.com/video/av114754597165394,BV1NjKBzmE6U,最还原的COS,,//i1.hdslb.com/bfs/archive/670b45bbfeb9bc08b28d3121e5308a1ef677663c.jpg,124704,8,3664,"二次元,发型,美食,美妆,cos,Vlog,Cosplay,寻光小宇宙奖,第七届哔哩哔哩寻光计划小宇宙奖",134,1751018162,14,6295,493384
小兔乖乖QwQ,3546664497318540,https://i0.hdslb.com/bfs/face/90eec1c98aaf98be276819c864e841338369446e.jpg,158,穿搭,http://www.bilibili.com/video/av114717955720209,BV1w4KMzbESv,喜欢和你玩 有种逗小狗的感觉,-,//i2.hdslb.com/bfs/archive/d9a5511d1240a3e0756e1418211c5a2d78e4a063.jpg,51776,1,4781,"可爱,主播,大长腿,小姐姐,即兴舞蹈,古风舞蹈",21,1750584642,19,6869,926904
艺柠煤气罐,95135476,https://i1.hdslb.com/bfs/face/96ec1b46b0b164b6f1cb78435479c1a2cb89c19a.jpg,252,仿妆cos,http://www.bilibili.com/video/av114710305445367,BV1pmNdz4Eah,两只眼睛不准乱看 盯着我的眼,-,//i1.hdslb.com/bfs/archive/1315b190776dc0cf6d2d4461c0f6e98da01ce24a.jpg,49402,12,3018,"御姐,直播,主播,小姐姐,手势舞,轻舞蹈竖屏激励计划,轻舞蹈竖屏激励计划-毕业季",39,1750395690,16,5569,1115856
墩墩-----,1352992637,https://i2.hdslb.com/bfs/face/df7be6d7b4bf737c4d2482550ebbf76aff328678.jpg,252,仿妆cos,http://www.bilibili.com/video/av114781474260237,BV1Vi3WzKET1,【申鹤】《姨的诱惑》,-,//i0.hdslb.com/bfs/archive/1913af4f2e0d2881b31985b6b022d6005720fae7.jpg,7191,3,2244,"ooc致歉,申鹤,原神UP主激励计划,原神5.7UP主激励计划",23,1751426365,12,2602,85181
甜甜不辣La,230460997,https://i1.hdslb.com/bfs/face/1cb2130e70b77fb2e37479127c011673441a83dd.jpg,158,穿搭,http://www.bilibili.com/video/av114777112254957,BV1HfgSzpEX9,Habin小姐姐的一字肩短裙高跟鞋穿搭,"youtube
Habin小姐姐的一字肩短裙高跟鞋穿搭",//i2.hdslb.com/bfs/archive/4896e2439db523691add5a4323901c749da1857d.jpg,10494,51,954,"美女,性感,美腿,OL,短裙,高跟鞋,小姐姐,纯欲",16,1751360230,62,962,151323
笠崽,276187015,https://i1.hdslb.com/bfs/face/0fddb757a17438adb791874350b20dcfc261c115.jpg,252,仿妆cos,http://www.bilibili.com/video/av114202878413158,BV1yfX1YyEDL,长相和身材不符是一种什么样的体验～,-,//i1.hdslb.com/bfs/archive/590f096f0648af9c16ec48d32c0409823336d807.jpg,509493,48,14333,"二次元,可爱,女神,身材,直播,龙姬,Cosplay,直播切片,身材很哇塞",310,1742643314,13,21111,8868239
小心眼zrus,3546916828744270,https://i1.hdslb.com/bfs/face/cd7213d5d7cde57f162d1372cdc2b57bf137fd23.jpg,158,穿搭,http://www.bilibili.com/video/av114758422371806,BV1eaK1zSEHU,鞋好看，看我的鞋，别看脚,,//i1.hdslb.com/bfs/archive/3ed2752fa59b15ce92cbcab41caf15d7e4f99f4c.jpg,8712,0,376,"知识,性感,高跟鞋,小姐姐,生活兴趣",6,1751076661,34,442,434892
cosplay收藏夹,107817408,https://i0.hdslb.com/bfs/face/7aea9b8b4393c80e678a6821511694296edc39d0.jpg,252,仿妆cos,http://www.bilibili.com/video/av702794607,BV1vm4y1u7Nv,纲手真的没有脚脖子！我试过了,-,//i0.hdslb.com/bfs/archive/6a1979dbbc988f58920e564e69d40e4f776bb820.jpg,2703138,56,6735,"二次元,美女,女神,纲手,美妆,夹哥",299,1693121329,13,21094,58390224
是我阿半,1626479,https://i2.hdslb.com/bfs/face/ad37f1d75bcbee3678d30566a038fbf6fba15397.jpg,158,穿搭,http://www.bilibili.com/video/av114607561645864,BV1jS7zzPEpW,那一天的男装，穿搭起来,,//i1.hdslb.com/bfs/archive/824f1f41f0727ec40dd8001dba62b6614ee7339d.jpg,214654,78,4210,"男装,服饰,穿搭,穿搭技巧",200,1748801607,383,6101,2709946
-玥玥好困-,3546827651549409,https://i0.hdslb.com/bfs/face/b66d386a8cde7c09d675715120c494e0816fa056.jpg,158,穿搭,http://www.bilibili.com/video/av114761610036585,BV1NZg9zzEbd,对自己的权威身材很满意,-,//i2.hdslb.com/bfs/archive/64475fb1371ccc63548964ea5ac6c2f9311e12a3.jpg,111382,5,3808,每日安利我的爱豆,36,1751167316,12,6969,344237
K4U_,3494355190942280,https://i2.hdslb.com/bfs/face/f742141cfedab7eb86befc24e14c34b0b746cefa.jpg,252,仿妆cos,http://www.bilibili.com/video/av114669805116646,BV1J7MczuEJy,是这样的吗。,是这样的吗。,//i1.hdslb.com/bfs/archive/6c7966fab156e0168bfb06e8bfc434bea8666cd2.jpg,73934,3,3150,"cos,三月七,崩坏：星穹铁道创作者激励计划,崩坏星穹铁道3.3创作者激励计划",131,1750391401,9,5209,1120152
干饭瞳瞳子,2010776822,https://i2.hdslb.com/bfs/face/40334c5862282682b49231f6c78f98905eb8310e.jpg,252,仿妆cos,http://www.bilibili.com/video/av114616487117039,BV1zB7xzPEpj,不许说胖 肉肉的刚刚好,-,//i1.hdslb.com/bfs/archive/ab461f16826cb0bb79f2e0c2661eac79a3987fcb.jpg,473937,158,20043,"可爱,小姐姐,流萤,Cosplay,崩坏：星穹铁道创作者激励计划,崩坏星穹铁道3.3创作者激励计划",760,1748953045,9,36442,2558516
农娜政委,43470778,https://i1.hdslb.com/bfs/face/cf85552c16905c8bf15328c703ffa6b83179b0ab.jpg,252,仿妆cos,http://www.bilibili.com/video/av447856586,BV1rj41127gB,获得了战术AK74m的74m酱正在欢呼雀跃（末尾彩蛋）,继续整活，不过忘记放道具匕首了，明天继续更新隔壁二周目美游，这么久忘了真是不好意思,//i0.hdslb.com/bfs/archive/1cc37a29ac5a560b4ff3d49bfb362adb8bc9c71c.jpg,2672,0,33,"二次元,COSPALY,战术,抽象,少女前线,整活,AK74m,必剪创作,挑战二次元妆造,仿妆cos大神暑期征集令",8,1693153779,31,62,58357782
圣枪嘉然,382485850,https://i1.hdslb.com/bfs/face/78b8d5036e778140c0ccba5fd428a1085eca7d51.webp,252,仿妆cos,http://www.bilibili.com/video/av114688243276649,BV1FUMbzQEsw,可以信赖的薇薇安,x 「littlericey」,//i1.hdslb.com/bfs/archive/9cd8614c5c1d8787e16c2c8b6c4bc98c1e3b5c35.jpg,100749,1,5152,"二次元,发型,美妆,绝区零UP主激励计划,绝区零 2.0版本UP主激励计划",92,1750004200,9,11673,1507361
湮湮ovo,431458606,https://i1.hdslb.com/bfs/face/b8cb0f5544847ec95640b4a30d13cddac9689787.jpg,252,仿妆cos,http://www.bilibili.com/video/av114688343999713,BV1n1Mbz9EuF,法修散打变装！全是你们爱看的,-,//i0.hdslb.com/bfs/archive/f8402fb28d04de72affc462bf2b9e55004bab340.jpg,102306,5,4920,"美女,性感,身材",90,1750159726,23,7750,1351835
石神千梨,22735049,https://i2.hdslb.com/bfs/face/70388f039a66ce118eb60ed2ffda21fe8983666b.jpg,252,仿妆cos,http://www.bilibili.com/video/av114766240548536,BV1Zs3cz5EYX,骨架宽的烦恼,-,//i0.hdslb.com/bfs/archive/feec53499159e649b8cca9aef73a1dfc58e5b772.jpg,119723,16,1790,"三角洲,穿搭,cos,麦晓雯",145,1751194119,9,6008,317442
三口L,3493095819708576,https://i0.hdslb.com/bfs/face/3855d143f14667a6e7d4df85d4d409da43915a15.jpg,158,穿搭,http://www.bilibili.com/video/av114572631479023,BV1j5j2z7Etm,这小红色！约会必备战衣！镂空！你绝对没见过的款！拿捏男友你还没拥有么？,-,//i1.hdslb.com/bfs/archive/617233fa66c0d401c667bd04dbe200224f276ecd.jpg,185954,5,20975,"男友,约会,红色,服饰,小姐姐,镂空,战衣,种草,穿搭,约会必备",12,1749377504,60,2869,2134057
小圆Rabi,3546654617635099,https://i1.hdslb.com/bfs/face/386e9a276927ac6f279de6f17175c6a1d3f79944.jpg,252,仿妆cos,http://www.bilibili.com/video/av114703862931392,BV1tUNEzcEU7,瑶瑶公主的大耳朵玉桂狗可爱捏,-,//i1.hdslb.com/bfs/archive/3b1b1b3cc9cd333130ee1048dc77774761d50081.jpg,156133,14,5936,"二次元,发型,王者荣耀,Cosplay,瑶瑶公主,二次元副本挑战者,二次元副本大作战3.0",173,1750270372,15,12628,1241189
这下真成牢木啦,3546688830573326,https://i2.hdslb.com/bfs/face/a839a83c73cefd05b8b16c5fbf558f34b4f19d6e.jpg,252,仿妆cos,http://www.bilibili.com/video/av114670727857741,BV1GeMAzKEfb,尝尝警官的鞭子,-,//i1.hdslb.com/bfs/archive/16cae51b181cf526b1f99d0170214a1d0b23e55b.jpg,98537,2,4697,"二次元,美女,Cosplay,解锁我的春日cos,当时髦精闯进痛圈",57,1750262404,14,5103,1249157
淞至,1505404961,https://i2.hdslb.com/bfs/face/efe7b598896ec26bd5f9b426927e11ec3e01da0e.jpg,158,穿搭,http://www.bilibili.com/video/av114749614332321,BV1tKKozTEN9,迦南的鞋！,-,//i2.hdslb.com/bfs/archive/128e65d51dd28205b68c1a115163ff079e696bce.jpg,100201,7,6132,"鞋子,女鞋,穿搭",113,1751046278,17,6601,465283
余多多Dudu,2131609593,https://i0.hdslb.com/bfs/face/5ffc2ad19f20ca1e4d0db0a87a1e191495455a03.jpg,252,仿妆cos,http://www.bilibili.com/video/av114489634656854,BV18fEuzzEGe,还是是皮衣是我的舒适区～,-,//i1.hdslb.com/bfs/archive/b5950208167ebcbf8c51101310ff77248365b8a3.jpg,221122,457,10455,"女装,性感,直播,高跟鞋,主播,大长腿,皮衣,穿搭,必剪创作,我的春日穿搭,盛装生活节",91,1747021013,10,12946,4490548
阿包就是阿包,35527358,https://i2.hdslb.com/bfs/face/0c5b6a5f3f89817bb35f6c5c988cdd3c104b847b.jpg,252,仿妆cos,http://www.bilibili.com/video/av792783654,BV1WC4y1q7EV,你行善积德，刷到这个视频是应该的～,-,//i1.hdslb.com/bfs/archive/6bbe99e780c7b093bd47a8d0bfb662bb07e65060.jpg,3269684,427,100501,"温泉,cos",1210,1703543408,14,164458,47968153
大蕾花花花花,3546925718571859,https://i1.hdslb.com/bfs/face/25b26cc9693f2d627e72ab3feefa9cbf1c35a11d.jpg,252,仿妆cos,http://www.bilibili.com/video/av114771189832441,BV1vBgkzXEiP,这样的战斗女仆你喜欢嘛-最优解,-,//i0.hdslb.com/bfs/archive/49a4dbeacc0bc6cea610a32284bb908115a38f9a.jpg,442,0,35,"性感,萌妹子,小姐姐",0,1751277001,13,11,234560
涞觅润丝贴身管家,3546374186470218,https://i0.hdslb.com/bfs/face/93101d59045762ded619b1cfe8e64f4c284e40c6.jpg,158,穿搭,http://www.bilibili.com/video/av114736947529319,BV1sSK3zgEgr,【巨峰系列】黑丝攻陷！超肉感4K视角体验 这曲线是真实存在的吗？,,//i2.hdslb.com/bfs/archive/08e79059b487460bd12e8ddff9b051a018a7ed2b.jpg,101248,6,7190,"丝袜,性感,连裤袜,穿搭,好物分享,涞觅,今日出门怎么穿,525夏日企划《我要我就这样》",81,1751117141,20,6934,394420
甜甜不辣La,230460997,https://i1.hdslb.com/bfs/face/1cb2130e70b77fb2e37479127c011673441a83dd.jpg,158,穿搭,http://www.bilibili.com/video/av114709130908503,BV1Z4NtzKEhS,Sae Ha小姐姐的吊带背心短裤可爱穿搭,"youtube
Sae Ha小姐姐的吊带背心短裤可爱穿搭",//i2.hdslb.com/bfs/archive/3c0ad614957a2637f9f8a9bba1365317cf9e6adb.jpg,49695,105,5642,"可爱,美女,眼镜,性感,美腿,背心,短裤,小姐姐,纯欲",52,1750322700,61,10291,1188861
素月月捏,3546616474634505,https://i0.hdslb.com/bfs/face/692cc5e778a80423cb4dfeccb6aab528e18232c7.jpg,252,仿妆cos,http://www.bilibili.com/video/av114747131299571,BV1fdKXzjE7g,让我成为你心里的一根糍粑,-,//i0.hdslb.com/bfs/archive/5110b4b76c99be50425ae6c3074a6db3a03936f4.jpg,43152,14,2709,"cos,蔚蓝档案,碧蓝档案",264,1750902633,14,4822,608937
草莓牛奶甜甜圈y,3546883834251278,https://i2.hdslb.com/bfs/face/274af0bed04e83d80547369db7024efb2f3a9213.jpg,158,穿搭,http://www.bilibili.com/video/av114753942986291,BV1kEKizBEyh,在生活的某个瞬间停了秒,,//i2.hdslb.com/bfs/archive/8cf71096ba53e17282ec7ae1035e3d479b1efbde.jpg,5270,0,318,"生活,高跟鞋,穿搭",10,1751006365,15,251,505205
bili_77206252322,514992075,http://i0.hdslb.com/bfs/face/member/noface.jpg,252,仿妆cos,http://www.bilibili.com/video/av114765552687658,BV1L2gZzYEb2,妮可高质量cos大电影！！！最痛苦的一集，清晰度超高！,,//i1.hdslb.com/bfs/archive/ed3508769e7db84c50b4836818d8d277472ce7f6.jpg,28,0,0,"二次元,电影,女神,性感,高质量,妮可,大电影,小姐姐,cos,Cosplay",0,1751358742,116,0,152828
小番茄果酱,95672339,https://i2.hdslb.com/bfs/face/4c63c832770010c8311c6f4f9d4dfaecfac21bbd.jpg,158,穿搭,http://www.bilibili.com/video/av114777397398345,BV1gzgSzKEkj,宝奥，慢慢的天就一点点变黑了，是不是快要下班，记得回来吃饭。,-,//i0.hdslb.com/bfs/archive/45f5a6a1e8b0e46e0e239d80b28a736c7f8ebe74.jpg,12773,4,760,"日常,服饰,穿搭",29,1751364311,18,1538,147259
意哩酱,1781685944,https://i2.hdslb.com/bfs/face/f3308e57c8e10c12aec51fe87bb6878467989699.jpg,252,仿妆cos,http://www.bilibili.com/video/av114690726299846,BV1ADMvzyEsf,谈到这样的女朋友怎么办…,-,//i2.hdslb.com/bfs/archive/f7b3b45f989129aba3dea374b435fe2ba42550d0.jpg,124796,36,5776,"女神,诱惑,腰,小姐姐,肚子,dq,腰链",162,1750230831,13,5340,1280739
忧郁の涵酱,1084715223,https://i0.hdslb.com/bfs/face/d97d3a886fb8724f78ad6c97c168147006fc0047.jpg,252,仿妆cos,http://www.bilibili.com/video/av114776239771410,BV114gUzsEgH,阳光是最好的滤镜,-,//i0.hdslb.com/bfs/archive/5915329e3030420a21d6963d7c7489eb20a6eceb.jpg,16370,13,2224,"慢摇,银狼,穿搭,Cosplay,崩坏星穹铁道",48,1751346484,11,2953,165086
Sjrun汲润_桃子,2095524736,https://i1.hdslb.com/bfs/face/377695cd927a3e6713962ae9f7561071ebb978a8.jpg,158,穿搭,http://www.bilibili.com/video/av114775887449997,BV18fgUzYEAq,你的桃姨穿丝袜出门了,-,//i2.hdslb.com/bfs/archive/e624fb65e6139f295927344d5424f5546955dddd.jpg,21059,15,536,"美女,小姐姐,穿搭",32,1751341884,14,1004,169686
yummynana,517894737,https://i0.hdslb.com/bfs/face/03f195081860ed2c4f4c44bc0d25759906886441.jpg,158,穿搭,http://www.bilibili.com/video/av114777430952694,BV158gSzGERA,少吃真的会瘦,-,//i0.hdslb.com/bfs/archive/f9030e00c02be2f1e4ca774698ca088c5f6753fe.jpg,7901,2,408,"减肥,试试这个穿搭",9,1751364887,13,429,146683
爱吃modi,3546916824549718,https://i1.hdslb.com/bfs/face/ec1e17683fa49411314b1d324b53736f0241eda9.jpg,158,穿搭,http://www.bilibili.com/video/av114770636179612,BV18Cg6zrEKW,鞋好看，看我的鞋，别看脚,,//i1.hdslb.com/bfs/archive/4a80ff46697c5a3355a03a6f4985d35fad288933.jpg,13,0,0,"知识,性感,高跟鞋,小姐姐,生活兴趣",0,1751336701,31,0,174869
蜜瓜兔,335144284,https://i1.hdslb.com/bfs/face/41beaa612d7c61a9412352b8747f969c41ff4980.jpg,252,仿妆cos,http://www.bilibili.com/video/av114755201210797,BV17BK6z3ENM,你身上怎么有其他小猫的味道 -᷅ ⤙ -᷄,-,//i1.hdslb.com/bfs/archive/617b5d875b3286c5e8f5c4f4c2243ee84b39f6c5.jpg,75313,4,10397,"水手服,jk",309,1751048599,13,14061,462971
小小祈__,13348852,https://i1.hdslb.com/bfs/face/1ecf7e86c3419e34961e0d9b006fc1f2b64467d6.jpg,252,仿妆cos,http://www.bilibili.com/video/av114772515364748,BV1Wsgyz3EmW,丝柯克的衣服看起来好有实力的样子,-,//i2.hdslb.com/bfs/archive/ba97ad1dc9467d61262c3241dd45ca501c9942e5.jpg,31908,7,4436,"cosplay,原神,原神UP主激励计划,丝柯克,原神5.7UP主激励计划",104,1751289773,10,9374,221797
永远最喜欢小艾咪,324768154,https://i1.hdslb.com/bfs/face/4cd14acdf04bb2044f3ed698c0bbebd15f83e31b.jpg,252,仿妆cos,http://www.bilibili.com/video/av114764546055699,BV1KwgozyEFZ,学长你送的连体衣有点紧，可以帮我拽一下吗？（皮衣穿搭）,-,//i0.hdslb.com/bfs/archive/8823aad58c80af8f04a174aa8b0d52039ece9e93.jpg,24274,105,1122,"性感,男娘,连体衣,皮衣,穿搭,皮袜,皮手套,黑色系穿搭,我的宿舍日常,男寝现状",124,1751245508,37,1743,266062
小璃酱酱,3546821026646376,https://i0.hdslb.com/bfs/face/0f02c503d7742aa0cff8e6787ef70a8be69a056c.jpg,252,仿妆cos,http://www.bilibili.com/video/av114777397401444,BV1GzgSzKE5J,这次能让我玩的开心点吗？,-,//i1.hdslb.com/bfs/archive/3e2a1bdc0042f966fc087aa54b6950f293e9fd72.jpg,5801,1,848,"二次元,性感,银狼,穿搭,Cosplay,崩坏星穹铁道",16,1751364228,7,946,147342
啾啾啾这呀,1148976599,https://i2.hdslb.com/bfs/face/f739ab86cc0c1c2514af547dcf773201071fe47f.jpg,252,仿妆cos,http://www.bilibili.com/video/av114737266300350,BV1tyK3zCE4H,将军在水里真的不会触发感电吗,-,//i1.hdslb.com/bfs/archive/885fb0ac19f0de18197a20370dbb0ad1b983c2e2.jpg,150077,35,14363,"美女,女神,性感,轻舞蹈竖屏激励计划,轻舞蹈竖屏激励计划-毕业季",609,1750773334,16,18809,738240
余干男男子,5535462,http://i0.hdslb.com/bfs/face/1d656023bcd795a903c4c2a4be64a5ece5550a71.jpg,157,美妆护肤,http://www.bilibili.com/video/av114419237395033,BV14vGyznEX1,痘痘救星来了！新款海洋至尊祛痘洁面，真的能祛痘的洗面奶，洗脸半分钟，控油8小时！,,//i0.hdslb.com/bfs/archive/85ee7ed39ac8c9ae3bc19fde035c7183162908ec.jpg,355373,41,445,"洗面奶,痘痘,黑头,祛痘,护肤,黑头粉刺,美妆,痘印,痘痘肌,控油祛痘",54,1745899224,46,3026,5612350
江禾婉,1640146559,https://i2.hdslb.com/bfs/face/a8c8cf27128c67a7b764a94a9f6450252eb1de32.jpg,158,穿搭,http://www.bilibili.com/video/av114777313514124,BV1FNgDzEEVB,这人是不是故意撞我啊#上班 #上班中的我 #早八 #一亿流量扶持计划,-,//i1.hdslb.com/bfs/archive/1e23567bfe31f260da97bb2d8fac103f7577414e.jpg,20352,2,997,UP影剧综指南,46,1751363017,6,686,148557
甜甜不辣La,230460997,https://i1.hdslb.com/bfs/face/1cb2130e70b77fb2e37479127c011673441a83dd.jpg,158,穿搭,http://www.bilibili.com/video/av114748976799291,BV1VYKozUEZq,YeonHwa小姐姐的连衣包臀裙穿搭,"youtube
YeonHwa小姐姐的连衣包臀裙穿搭",//i2.hdslb.com/bfs/archive/f8105ec7c33960db81b0279ca6a051367a5e9c9d.jpg,92439,104,12614,"美女,性感,美腿,裤袜,小姐姐,包臀裙,纯欲",137,1750930623,33,18287,580951
小语很懒,3546877268068777,https://i1.hdslb.com/bfs/face/cdc0fa6e3fa11bcfa90ef7c0e62a1ddb26646cb8.jpg,158,穿搭,http://www.bilibili.com/video/av114741947142877,BV1S3K7z8ES5,包好看的2！,谢谢你的喜欢呀，会多多更新，欢迎大家持续关注~,//i2.hdslb.com/bfs/archive/d413e6312ba459ec95a4cf9d685a85fabbcbe580.jpg,61596,116,3954,"原创,日常,鞋子,女鞋,穿搭,ootd,今日出门怎么穿,525夏日企划《我要我就这样》",500,1750823836,63,5077,687738
不知名阿KK,416197696,https://i1.hdslb.com/bfs/face/ba798449eb14a9aadbfbd053e1198cb494907ddd.jpg,252,仿妆cos,http://www.bilibili.com/video/av114771307273787,BV1qegkzxE8z,一千多岁的精灵可是很厉害的,-,//i0.hdslb.com/bfs/archive/cc5ecc3d9ca935ef045f6f1f764eed8e11ad344e.jpg,17980,8,5568,"服饰,美妆,葬送的芙莉莲,芙莉莲,突破次元壁大作战,当时髦精闯进痛圈",60,1751271259,16,6905,240315
抓喵喵喵,3546571257940827,https://i0.hdslb.com/bfs/face/dce8ff3c825d573c66f758c8b8bfc7f7c05d0726.jpg,158,穿搭,http://www.bilibili.com/video/av114753724812543,BV1MyKizDEqq,亮眼的红色！,,//i0.hdslb.com/bfs/archive/9d51708b30694ad0a85e889b592cb1e4cba2a9f9.jpg,68529,12,6508,"高跟鞋,服饰,穿搭,Cosplay,暑期学化妆,525夏日企划《我要我就这样》",68,1751272526,32,5088,239048
围巾ccc,3546821020355012,https://i2.hdslb.com/bfs/face/ded38da83dbfcc0884ee92923b57199243509b65.jpg,252,仿妆cos,http://www.bilibili.com/video/av114776189438036,BV16qgUzmEG3,被亲友嫌弃的芙💔,-,//i1.hdslb.com/bfs/archive/14986b3c5c674a8175b42a4f6bb6a4bf0029cf57.jpg,40396,2,1657,"音乐,搞笑,原神,原神版本前瞻,芙宁娜,原神5.7UP主激励计划",58,1751345781,8,2643,165800
抓喵喵喵,3546571257940827,https://i0.hdslb.com/bfs/face/dce8ff3c825d573c66f758c8b8bfc7f7c05d0726.jpg,158,穿搭,http://www.bilibili.com/video/av114737484401779,BV1mFK3zCEWg,原声大赏！是谁的COS呢？,,//i1.hdslb.com/bfs/archive/9180a4e6968370724ecc4921fde10083146daf0f.jpg,36019,4,1971,"二次元,穿搭,cos,Cosplay,跟着UP主看世界,旅行攻略UP主激励计划",45,1750855921,62,1722,655660
孟程程_,3494380809750611,https://i2.hdslb.com/bfs/face/dffaa97d61561161722e4a3ab0e4e8516a00a84a.jpg,252,仿妆cos,http://www.bilibili.com/video/av114607679078831,BV1uA76zsEsS,主任级别的,-,//i1.hdslb.com/bfs/archive/670c3289ddde13d83644aa5cd0bd3373adb09b7a.jpg,112279,9,9843,"女仆,Cosplay",256,1748774659,9,13441,2736922
榴莲开坦克,3546858007825267,https://i1.hdslb.com/bfs/face/592a0820d36964f96f200f4f134a946e7849030a.jpg,158,穿搭,http://www.bilibili.com/video/av114734766495391,BV1H6KvzeE7h,这两天才发现：原来我先前那个开坦克的账号，注销账号被驳回了！！！,,//i2.hdslb.com/bfs/archive/c7637b1ab56a78a435526a873dcdd63ab0ba2655.jpg,85294,10,1605,"注销账号,必剪创作,换季穿好看,夏季牛仔短裤,东方新中式图鉴,褐色衬衫,怕热怕热,不怕不怕冷",43,1750762805,59,1966,748776
小语很懒,3546877268068777,https://i1.hdslb.com/bfs/face/cdc0fa6e3fa11bcfa90ef7c0e62a1ddb26646cb8.jpg,158,穿搭,http://www.bilibili.com/video/av114703980303820,BV1wwNJzHEEX,包好看的！,谢谢你的喜欢呀，会多多更新，欢迎大家持续关注~,//i1.hdslb.com/bfs/archive/55c1bc9ea3399f34c9542e32dd47ab0f9c63a651.jpg,55397,112,3171,"原创,日常,女鞋,穿搭,ootd,今日出门怎么穿,525夏日企划《我要我就这样》",409,1750244076,57,4980,1267505
蛋宝大人,3546645207714142,https://i1.hdslb.com/bfs/face/1531b2a8533b8b4b81e6db3ebbabe240be4e5120.jpg,252,仿妆cos,http://www.bilibili.com/video/av114177293225793,BV1ZgQBY3E8S,被利用的信任～,-,//i2.hdslb.com/bfs/archive/51cb01009252c34a07cd1af15330678ed205d36d.jpg,649252,39,35846,"美女,日常,旗袍,服饰,穿搭,莫娜cos,轻舞蹈竖屏激励计划,轻舞蹈竖屏激励计划-春日季",783,1749809060,12,72401,1702521
呼呼饭饭呀,452269120,https://i1.hdslb.com/bfs/face/09f2a8397e307ff23d303ec1a61c96081c2ab5d0.jpg,252,仿妆cos,http://www.bilibili.com/video/av114779192558878,BV18d3nzREUi,一个男生是怎么变成小男娘的,-,//i2.hdslb.com/bfs/archive/ddf0f63e2be94c6d9f1c3bef2474b8fde669eaaa.jpg,7954,0,222,"变化,男娘,小男娘,楠娘",18,1751391595,25,373,119986
小番茄果酱,95672339,https://i2.hdslb.com/bfs/face/4c63c832770010c8311c6f4f9d4dfaecfac21bbd.jpg,158,穿搭,http://www.bilibili.com/video/av114776374052056,BV1WSgmzDEG6,宝奥，暑假，好像真的开始了。出门先是热浪呼呼，坐车上，又是铁板烧，方向盘，真的好烫。开始想念冬天了。,-,//i0.hdslb.com/bfs/archive/3cce2e2503670fb1f6a74d5f545705c9a4469067.jpg,5215,3,577,"美食,记录,生活记录",18,1751348757,16,976,162833
皖之_,8277859,https://i1.hdslb.com/bfs/face/93344d004cb8de7e9393c7cd8422b3b491d5afc7.jpg,252,仿妆cos,http://www.bilibili.com/video/av114767884721640,BV1Yj3wzzEz6,非要我这个最小的当妈！！！,-,//i2.hdslb.com/bfs/archive/683002fe8d3eb73b11d39db61fd987c6290ee630.jpg,28315,1,244,"cos,Cosplay,鬼灭之刃,ooc致歉,那田蜘蛛山,蜘蛛妈妈,灵魂COS大赏,二次元副本大作战3.0",13,1751248805,22,1406,262785
铁板欧尼酱,1905878,https://i2.hdslb.com/bfs/face/56a548fce99d5e4670c350ddc9625a945ee6cda6.jpg,252,仿妆cos,http://www.bilibili.com/video/av114640193328349,BV1jPTjzgEWF,喜欢的可以追我了，不喜欢的可以喜欢了,-,//i2.hdslb.com/bfs/archive/8112997a9846c7019282fa31b00093f18b86f3fb.jpg,128895,30,13556,"萌,可爱,婚纱,服饰,美拍,美妆,生活记录,穿搭,纯欲,婚纱穿搭",255,1749301882,12,20002,2209708
河野华,18343098,https://i0.hdslb.com/bfs/baselabs/f9c5bdd66e1cbcef05c96cd7b6c34d923d68a9f3.png,252,仿妆cos,http://www.bilibili.com/video/av227774265,BV1dh411E78M,喜欢河里滑的没有坏人，河门 4K,"倒霉孩子第二集：我长大了也爱玩世界弹射物语

是莉莉丝cos",//i2.hdslb.com/bfs/archive/c73caea8e4f8c1bcd60281cd8f146b3f319d01a6.jpg,5044061,3802,130032,"手机游戏,倒霉孩子,莉莉丝,4K,穿搭,cosplay,世界弹射物语,河野华,仿妆cos大神召集令",4547,1682419661,72,355621,69091929
干饭瞳瞳子,2010776822,https://i2.hdslb.com/bfs/face/40334c5862282682b49231f6c78f98905eb8310e.jpg,252,仿妆cos,http://www.bilibili.com/video/av114749111012263,BV1T1Koz6EHK,有罪的忏悔吧,-,//i1.hdslb.com/bfs/archive/b62d263d53bd04728f3322746c3e859717d56674.jpg,37639,4,2350,"孩子,修女,小姐姐",54,1750932886,8,4084,578704
初雪over,506410983,https://i0.hdslb.com/bfs/face/4d8864666834cc35b5ec7ca70afb2b26a7139dc0.jpg,252,仿妆cos,http://www.bilibili.com/video/av114550049415167,BV1sLJnzaEA5,喜欢吃泡芙怎么了，如此肥美的大腿就是这么吃胖的,-,//i2.hdslb.com/bfs/archive/862cb147b50bde90ba1a0cc0563816e13cbc9407.jpg,155066,2,9164,"二次元,甘雨,原神,原神UP主激励计划,原神5.6UP主激励计划",118,1747996453,16,14439,3515137
VIC56CL,3546873059084731,https://i1.hdslb.com/bfs/face/04e9dba659cdf9e97a63c72078b72598b3b0b0a3.jpg,159,时尚潮流,http://www.bilibili.com/video/av114703359544023,BV1p3NjzmEvY,周末~你的可爱家政来了 ❤,"RUSTLIF
https://youtu.be/fkbgOPknARw?si=ZxeTb8dYvmGcvK8p",//i1.hdslb.com/bfs/archive/9231415c5b4573a2b344080668386f72e20b837b.jpg,39781,5,1267,"可爱,美女,日常,服饰,家政",125,1751305219,93,539,206371
忧郁の涵酱,1084715223,https://i0.hdslb.com/bfs/face/d97d3a886fb8724f78ad6c97c168147006fc0047.jpg,252,仿妆cos,http://www.bilibili.com/video/av114401805863569,BV1PRLDzkEmd,看着我，真的没感觉吗？,-,//i1.hdslb.com/bfs/archive/a4d87e47c4d251da36552c83ae0e095e430eed90.jpg,257315,23,10660,"二次元,泳装,性感,穿搭,Cosplay,原神,纳西妲,大慈树王",114,1745656810,9,9701,5854780
小溪Liz,382162544,https://i2.hdslb.com/bfs/face/16083bb534fef49c6a444bb9808479e2504d9fd1.jpg,252,仿妆cos,http://www.bilibili.com/video/av114737937384907,BV1YvKVztE8K,这是谁点的国潮外卖,-,//i1.hdslb.com/bfs/archive/4a8198a1d79c0b66f1939b24ab580b430059abd2.jpg,63079,7,8950,旗袍,67,1750762262,13,10934,749328
小粉熊Ane,3546900670188519,https://i0.hdslb.com/bfs/face/f2f41b9ff8335b270d543af6c863458ef22990f5.jpg,158,穿搭,http://www.bilibili.com/video/av114764697046744,BV1fVgozKEkH,特别推荐的黑色网纱高跟鞋,,//i2.hdslb.com/bfs/archive/6c350fd49699e5b9e0e9158e6ed7e27b1330a815.jpg,15652,1,953,"日常,高跟鞋,分享,女鞋,种草,穿搭",39,1751170773,11,838,340817
小璃酱酱,3546821026646376,https://i0.hdslb.com/bfs/face/0f02c503d7742aa0cff8e6787ef70a8be69a056c.jpg,252,仿妆cos,http://www.bilibili.com/video/av114754127403106,BV1yFKzz7E8X,邪恶的往生堂堂主来也,-,//i1.hdslb.com/bfs/archive/b7f764150979bde47cd08d000ac627c78caf0c6f.jpg,74007,4,10557,"二次元,胡桃,穿搭,Cosplay,原神",56,1751046256,10,12703,465341
湮湮ovo,431458606,https://i1.hdslb.com/bfs/face/b8cb0f5544847ec95640b4a30d13cddac9689787.jpg,252,仿妆cos,http://www.bilibili.com/video/av114777514838823,BV1T2gSzhEMS,你们爱看的吊带袜,-,//i2.hdslb.com/bfs/archive/da4bfb7a6779a5fb046ba1c18666b0d7ce8b8c0e.jpg,12461,5,901,"吊带袜,诱惑,小姐姐",39,1751365990,13,1625,145607
忧郁の涵酱,1084715223,https://i0.hdslb.com/bfs/face/d97d3a886fb8724f78ad6c97c168147006fc0047.jpg,252,仿妆cos,http://www.bilibili.com/video/av114771038963016,BV16kgzzWE3D,不懂肉腿的有难了,-,//i1.hdslb.com/bfs/archive/0f2cc03c47f722ac20bcba4294882ac0ecada42e.jpg,25501,4,3429,"身材,肉腿,穿搭,Cosplay,托帕,崩坏星穹铁道",36,1751284466,10,4032,227131
K4U_,3494355190942280,https://i2.hdslb.com/bfs/face/f742141cfedab7eb86befc24e14c34b0b746cefa.jpg,252,仿妆cos,http://www.bilibili.com/video/av114722988889857,BV1yYNSzrEcn,神里家的练习时间,神里家的练习时间,//i1.hdslb.com/bfs/archive/cf9ca62fbc7ae4d6093ad6677f1c60ab957f2279.jpg,108938,6,2103,"cos,神里绫华,原神UP主激励计划,原神5.7UP主激励计划",110,1750936027,7,5420,575570
森川梨生奈-Genos护版,3546707226790807,https://i1.hdslb.com/bfs/face/980b12290238c0fd5500a5d538c756b5bf5f520c.jpg,252,仿妆cos,http://www.bilibili.com/video/av114731444670135,BV1EuKtzkEKS,“姐姐…他有什么好的”,-,//i2.hdslb.com/bfs/archive/fe52a6395e47a46b55a9bbe5adb7d9b31762df9b.jpg,40231,0,81,"美女,姐姐,古风,性感,魅惑,直播,青蛇,主播,古风COS,穿搭",2,1750663128,12,74,848469
虚拟AI豆,30293804,https://i2.hdslb.com/bfs/face/88f5802efc2288073280d01ce7d98205f29a4ee0.jpg,252,仿妆cos,http://www.bilibili.com/video/av114766458719071,BV1i23Fz3E2h,甜度超标！妲己的女仆咖啡厅等你光顾,狐尾摇曳×蕾丝裙摆！王者第一女仆妲己营业中,//i2.hdslb.com/bfs/archive/ef601f5d0c36b9e1cc44350ebbe6969ac3866090.jpg,65327,8,1984,"二次元,美女,女仆,咖啡厅,妲己,小姐姐,Cosplay,王者荣耀UP主激励计划,热血降临王者峡谷",54,1751277616,16,3939,233981
小圆Rabi,3546654617635099,https://i1.hdslb.com/bfs/face/386e9a276927ac6f279de6f17175c6a1d3f79944.jpg,252,仿妆cos,http://www.bilibili.com/video/av114584492973681,BV1PWjBzuENF,又到了穿泳装的季节  先预热下,与摄影老师@邓邓的流水账  互勉,//i2.hdslb.com/bfs/archive/5b186fa934cd97f572321b4ff4a60dc1e5165bd1.jpg,926747,407,50332,"泳装,身材,小姐姐,随手记录我的生活碎片",1146,1748446049,18,84755,3065548
读书人88,267417679,https://i1.hdslb.com/bfs/face/af3074e1443f52a95b59db4f833c671590406a14.jpg,158,穿搭,http://www.bilibili.com/video/av114682086104696,BV1wcMSzLEMi,好看的小姐姐秋日针织衫衬衫穿搭,韩国小美女性感试穿，一起来浅赏一下吧～,//i0.hdslb.com/bfs/archive/4890ffb9144b1dfed79cc16d2f7d66dd31507be6.jpg,103469,151,7169,"女装,生活,美女,娱乐,性感,比基尼,记录,搭配,试穿,生活记录",416,1751103033,595,16197,408564
九8二号,528760086,http://i0.hdslb.com/bfs/face/member/noface.jpg,252,仿妆cos,http://www.bilibili.com/video/av114722603013390,BV1N2N2zKEMD,申鹤cos大电影！！！！最顶级的一集,,//i1.hdslb.com/bfs/archive/404b6a30976cdfb754278cac4cf57aa853e349b8.jpg,13618,0,343,"二次元,cos,Cosplay,申鹤,申鹤cos",20,1750607834,59,188,903763
阿洛洛洛大魔王,336624625,https://i1.hdslb.com/bfs/face/16e6713acc6280acc1832cfe56b67dc1f35806c2.jpg,252,仿妆cos,http://www.bilibili.com/video/av113735498728621,BV1EC68Y4EbK,这集包带劲儿的！,-,//i0.hdslb.com/bfs/archive/3cb9553d12bb8ecd74d92f8b0a17fd5623b3c732.jpg,984886,430,43431,"八云,Cosplay,治愈这个冬天,绯色回响,冬日cos大赛",317,1735485414,64,53535,16026183
读书人88,267417679,https://i1.hdslb.com/bfs/face/af3074e1443f52a95b59db4f833c671590406a14.jpg,158,穿搭,http://www.bilibili.com/video/av114665124272443,BV17cMpz8EEj,"【單身即D寓】- 靠邀 這是免費能看的嗎？夜雨, Zoe肉乙, Yuna, 子喵 ,虧皮, Paul",美女欣赏～,//i1.hdslb.com/bfs/archive/3191ef6f7123679543009c6b807daf2dd472ae43.jpg,111117,48,2487,"美女,女神,性感,热舞,诱惑,性感热舞,QUEEN,小姐姐,YouTube,yuna",181,1751103032,225,2027,408565
小音少,3546683472349598,https://i2.hdslb.com/bfs/face/8a3e49f62ebea7295d20d0b97d8d2777eb834b33.jpg,252,仿妆cos,http://www.bilibili.com/video/av114764948707373,BV1iK3FzBEfZ,每天的心情浓缩成一句淡淡的求放过  ⦁֊⦁꧞,,//i0.hdslb.com/bfs/archive/b49e3231b85b205051db3064f2e7ffbb3bc6ced3.jpg,20536,1,5708,"王者荣耀UP主激励计划,热血降临王者峡谷",44,1751174238,17,7081,337359
北羽_kaname,3546582850996907,https://i2.hdslb.com/bfs/face/280115e54eaea8406a37dcf4a1c6dc4ea74f3999.jpg,252,仿妆cos,http://www.bilibili.com/video/av114427726662621,BV1yYGhz5EfY,回答一下经常被问的问题。,o_o,//i0.hdslb.com/bfs/archive/1d63e29127a5c0b04e07f131e7f13ab99021de6e.jpg,304495,15,16222,"大学生,白鲨,cos,cosplay,明日方舟,明日方舟cos,明日方舟创作者应援计划,归溟幽灵鲨,明日方舟六周年,经常被问的问题,明日方舟UP主应援计划 – 离解复合",161,1746028799,13,37833,5482804
成为小郡肝的一天,285617920,https://i1.hdslb.com/bfs/face/20110520884617bfde1532043b6cbaab8ede760f.jpg,252,仿妆cos,http://www.bilibili.com/video/av114703023998346,BV1MkNjz4EtX,地球的答案，生命的顶点,-,//i1.hdslb.com/bfs/archive/89fad0b2aab47e25cd64967e595a19700dd8a9dc.jpg,233,0,9,"cos,山城恋",4,1750229422,33,16,1282181
孟程程_,3494380809750611,https://i2.hdslb.com/bfs/face/dffaa97d61561161722e4a3ab0e4e8516a00a84a.jpg,252,仿妆cos,http://www.bilibili.com/video/av114692437642118,BV1ScMqzdETT,谁家的小卡,摄影@Vecchio_,//i2.hdslb.com/bfs/archive/d73fa4c5c5882ed5c85733ba0c5d6df0e01d21ea.jpg,252283,19,18845,"cos,鸣潮,鸣潮创作激励计划,卡提希娅,鸣潮2.4版本创作激励计划",448,1750209930,9,23158,1301673
Lucky莉莉安,314025914,https://i2.hdslb.com/bfs/face/bb81342cf87163f11327ed719f349f70172b1d77.jpg,158,穿搭,http://www.bilibili.com/video/av114778672530814,BV16pgQzRE8U,唯一纯白的茉莉花～,-,//i1.hdslb.com/bfs/archive/316baffabdbba8b897706e9ce9554147aaef9a4c.jpg,492,0,11,"萌妹子,直播,记录,颜值,生活记录,今日出门怎么穿,525夏日企划《我要我就这样》",1,1751383712,14,14,127891
干饭瞳瞳子,2010776822,https://i2.hdslb.com/bfs/face/40334c5862282682b49231f6c78f98905eb8310e.jpg,252,仿妆cos,http://www.bilibili.com/video/av114080488689569,BV1FQ9uYBEHS,这样的肉腿将是绝杀,-,//i0.hdslb.com/bfs/archive/ebc1a058927393eeb1c51201bddb3dc841eeb45f.jpg,625275,82,22671,"女神,诱惑,大长腿",434,1740757726,13,40259,10753877
高老师s的日常,3546836629457229,https://i0.hdslb.com/bfs/face/67489b17f0c6b0d505d4877634e2262b806df4bd.jpg,158,穿搭,http://www.bilibili.com/video/av114758321703084,BV1hvK1zmEfN,初中老师的吃席穿搭  皮靴与厚黑,-,//i1.hdslb.com/bfs/archive/d3c9b77d8c91cc7c6d74d58bf0ad9089fad47188.jpg,46789,4,1018,"丝袜,老师,高跟鞋,分享,穿搭,平底鞋,皮靴",27,1751073229,5,1208,438374
喵新majo,85776107,https://i2.hdslb.com/bfs/face/9d55be2d95064197fab0e944b3cf5a9ab359bf66.jpg,252,仿妆cos,http://www.bilibili.com/video/av114675811486659,BV1f4Mzz2Enq,焯，拍着拍着生理期了，好痛啊。好想变成真的南梁啊，这样就再也不会肚子痛了。,-,//i2.hdslb.com/bfs/archive/53195b7177300f3c80fff679a46901dec5a14db9.jpg,226490,16,2613,"cos,Cos,avemujica,丰川祥子,颂乐人偶",205,1749838738,10,9051,1672865
胖蜀黍1,308255983,http://i0.hdslb.com/bfs/face/member/noface.jpg,158,穿搭,http://www.bilibili.com/video/av114461700529541,BV19UVHzKEUr,开局交大#硬核挑战~熟练的让人心疼￥……%23426234,,//i2.hdslb.com/bfs/archive/9a3f28bf2f998686508af31198f7f6f553f6237c.jpg,47,0,0,"女装,美女,性感,架子鼓,爵士鼓,硬核,人心,交大,架子鼓演奏,哔需练练1.0打工人的健身自救法,打工人的健身自救法",0,1746547109,59,1,4964494
张小丸丸子cc,2122895527,https://i1.hdslb.com/bfs/face/a725bd6a108f3157111a397c95b13d4abc16fb10.jpg,252,仿妆cos,http://www.bilibili.com/video/av114741947142038,BV1m3K7z8Em7,谁的心,-,//i0.hdslb.com/bfs/archive/14477903653b03a7694db1a599dcd867a8341553.jpg,35258,0,718,"三角洲,麦晓雯cos,二次元副本挑战者,二次元副本大作战3.0",63,1750823403,16,2763,688209
喵喵球球丶,675844791,https://i0.hdslb.com/bfs/face/201f1c50cdc00bb7e2f5ce6d4e18c61b19674db4.jpg,252,仿妆cos,http://www.bilibili.com/video/av114770401302935,BV1veg6zmEk4,刚满18的哈基喵,-,//i0.hdslb.com/bfs/archive/73043f60f9dc091a05a5ffb3e9eee296d17cd72f.jpg,107154,16,9550,"美女,美妆,穿搭",169,1751257540,29,22186,254072
虫它一家,3546843566836256,https://i2.hdslb.com/bfs/face/8c6ff7f854b32941460eea6651e982a053171022.jpg,157,美妆护肤,http://www.bilibili.com/video/av114324613960740,BV1uRdaYQEAV,月入200万的活，居然是给人擦屁股？,"【批准文号】国药准字Z20023426辽广审准许字[2024]第010314号
【功能主治】祛浊利湿，清热通便。用于高脂血症、单纯性肥胖症属湿浊阻滞证。
【不良反应】少数患者可有腹痛、便溏现象。
【禁忌】孕妇、哺乳期妇女禁用；脾胃虚寒者及脾虚泄泻者禁用。
【药物相互作用】如与其他药物同时使用可能会发生药物相互作用，详情请咨询医师或药师。",//i2.hdslb.com/bfs/archive/5e09fce9ef55ca4c50f78cc195f8ab60c1182892.jpg,767108,15,11446,"相扑,高能,屁股,身材,奇葩,记录,肥胖,祛浊",12,1744718828,198,1526,6792784
K4U_,3494355190942280,https://i2.hdslb.com/bfs/face/f742141cfedab7eb86befc24e14c34b0b746cefa.jpg,252,仿妆cos,http://www.bilibili.com/video/av114664553847858,BV18hMJzGEEe,给大家看看今天的ootd,给大家看看今天的ootd,//i0.hdslb.com/bfs/archive/ac1f20dad1a418dcdad5def6e946b75e9e117e31.jpg,101814,6,2558,"银狼,穿搭,cos,崩坏：星穹铁道创作者激励计划,崩坏星穹铁道3.3创作者激励计划",170,1750340701,8,5979,1170911
-童锣烧_,3537119479859572,https://i1.hdslb.com/bfs/face/f06aa5f3fc1b60850dff00aa82bc88aae7c60344.jpg,158,穿搭,http://www.bilibili.com/video/av114682169925249,BV1kfMUz1EHP,再好的天花板,-,//i0.hdslb.com/bfs/archive/bb6e0fece5c0712c2f78e677765df015cacb69ee.jpg,67554,12,4364,"热舞,天花板,即兴舞蹈",60,1751346358,16,6527,165254
帕米爱吃帕尼尼,651759068,https://i2.hdslb.com/bfs/face/3744cce3df2ef79ec5fe4c349e192697cfa89e85.jpg,157,美妆护肤,http://www.bilibili.com/video/av114510941657005,BV1wLEyzdEWZ,夹腿、用手哪个舒服？我的答案是都不如小玩具,,//i0.hdslb.com/bfs/archive/c0bc40870eac20886a78b338c4f21f67163f51b9.jpg,373548,46,2243,"女生,玩具,醉清风,小玩具,安可尼亲逗",191,1747299997,183,2362,4211615
把小猫拷走s,674709378,https://i0.hdslb.com/bfs/face/1ad03f2d7963782b87da690047fb6df30de7b23e.jpg,252,仿妆cos,http://www.bilibili.com/video/av114686565554914,BV1MhMbzPERW,谁懂腿上的装饰～,-,//i2.hdslb.com/bfs/archive/c4d3203e0f1bac2643f96a1a77015239da47b917.jpg,91194,19,8490,原神,329,1749989385,15,21424,1522227
Link_e,671542938,https://i0.hdslb.com/bfs/face/cd23933f7507f145834959ad025782fa53e16c77.jpg,158,穿搭,http://www.bilibili.com/video/av114721411825917,BV1eCN1zEEYE,年轻的感觉真好  我也是老了才知道,-,//i0.hdslb.com/bfs/archive/e73740bf5db9b6a6c9a2c501569f06a77fa07432.jpg,42457,8,910,渴望就可能,66,1750510138,31,1621,1001474
牙刷炸毛,3546587322125217,https://i0.hdslb.com/bfs/face/f03827edc50458dc40c15547244bece7031b9505.jpg,158,穿搭,http://www.bilibili.com/video/av114605816810559,BV1qg7uzEEwj,kappa洞洞鞋的快乐,祝所有的朋友们，儿童节快乐～,//i0.hdslb.com/bfs/archive/990b85748103ebee2d0502e3c8164b27060646d8.jpg,166480,42,1095,"记录,生活记录,穿搭,一衣多穿,日常穿搭,夏季穿搭,kappa,525夏日企划《我要我就这样》,时髦毕业季",184,1748746378,87,3002,2765234
洛浅_shallow,243784154,https://i2.hdslb.com/bfs/face/14704deeb76d84c618779fad23693f72b66a4145.jpg,252,仿妆cos,http://www.bilibili.com/video/av114703124797264,BV1QzNjzbEL8,谁懂男生肉腿的含金量啊！,,//i2.hdslb.com/bfs/archive/31d57db004bf022959ea81efee5aec5f4198f17b.jpg,56330,4,2243,"海贼王,女帝,波雅汉库克,cos,二次元副本挑战者,二次元副本大作战3.0",112,1750410541,19,5133,1101071
葱油饼er,35054675,https://i2.hdslb.com/bfs/face/09a3f1c470fb3066888226badf3514b41f6e4d82.jpg,158,穿搭,http://www.bilibili.com/video/av113966185583566,BV1MGNge5Ehf,三分讥笑四分凉薄五分漫不经心的童脸狼,-,//i1.hdslb.com/bfs/archive/873fc8aa097dd45cf72f5dc3e0bf5d5d4a16f293.jpg,786684,269,26036,"夹克,美女,性感,男装,服饰,外套,穿搭,工装,初春穿搭,今日出门怎么穿,24~25时髦healing漫游",1552,1739032340,111,35970,12479276
bili_77206252322,514992075,http://i0.hdslb.com/bfs/face/member/noface.jpg,252,仿妆cos,http://www.bilibili.com/video/av114759429004351,BV1CjKmzBEhr,沉迷手机的符玄cos大电影！！！最经典的一集！！！/-*/*-+785,,//i2.hdslb.com/bfs/archive/1b4e5c5f6aa317fc84adbf3de86ffdd90c3d1d8e.jpg,1013,0,23,"搞笑,二次元,美女,剪辑,大电影,影视剪辑,小姐姐,沉迷手机,cos,Cosplay",1,1751265204,62,20,246412
小白_QUEEN,17217999,https://i0.hdslb.com/bfs/face/80cbe7777e6a9830fd28d08ae1933f65bf013482.jpg,252,仿妆cos,http://www.bilibili.com/video/av114737501181786,BV1r7K3zwEat,妹妹➕画师，皮下最符合人设的一集,-,//i2.hdslb.com/bfs/archive/cc693efe7750a754268652ba8002782250e5d4a6.jpg,58027,9,6069,"妹妹,二次元,可爱,画师,埃罗芒阿老师,Cosplay,黄漫老师,和泉纱雾",94,1750824662,11,12095,686954
不知名阿KK,416197696,https://i1.hdslb.com/bfs/face/ba798449eb14a9aadbfbd053e1198cb494907ddd.jpg,252,仿妆cos,http://www.bilibili.com/video/av114765099703769,BV1RtgfzeEB9,正义的骑士大战邪恶的鸣式,-,//i1.hdslb.com/bfs/archive/5aabd2a0f43124a5a6c192062d5011308a4e2b9d.jpg,13735,3,1438,"二次元,Cosplay,鸣潮,鸣潮创作激励计划,卡提希娅,鸣潮2.4版本创作激励计划",20,1751176697,12,1750,334919
-蹦蹦团子-,3546874814400939,https://i0.hdslb.com/bfs/face/376de3812f26523ae2cdb006b72fa4deeae5558d.jpg,158,穿搭,http://www.bilibili.com/video/av114779242957562,BV1P43nz1EzR,返场的棕色小皮鞋,,//i2.hdslb.com/bfs/archive/f1c5959027f608375963ffca73fe5ac61ff79aac.jpg,6020,1,615,"丝袜,鞋子,皮鞋,服饰,穿搭,鞋子分享,鞋子推荐",59,1751426401,21,1131,85215
滑出溜儿棵灸,3546893835569265,https://i0.hdslb.com/bfs/face/f5f7bd8de0f1d1c8aef454ad483682bbe58c95ee.jpg,158,穿搭,http://www.bilibili.com/video/av114753640865355,BV11XKiz5EoC,这是标准的鸭子坐吗,-,//i2.hdslb.com/bfs/archive/2f905269517e43f512e49ad3aaa15d61f9484af4.jpg,80577,9,3903,"日常,服饰,穿搭",94,1751096616,26,2444,415000
奶兔叽QAQ,3546907951500109,https://i1.hdslb.com/bfs/face/14cc7e661cec6e9b9ff092a767e020ae825d7b23.jpg,252,仿妆cos,http://www.bilibili.com/video/av114727468400796,BV1FFKWzAE43,有实力的屑狐狸～,-,//i0.hdslb.com/bfs/archive/a2584777cbeb47e1b1a311d5653f65bf43eec787.jpg,112490,21,17525,"二次元少女,cos,Cosplay,原神,必剪创作,原神UP主激励计划,八重神子,原神5.6UP主激励计划,原神5.7UP主激励计划",299,1750878182,17,30049,633434
最白的幽一,1627957,https://i1.hdslb.com/bfs/face/1c2e014c174c3c75739663db24b03fed0fb61e48.jpg,252,仿妆cos,http://www.bilibili.com/video/av114698980692209,BV1DoNizmEKC,老公我要你的全部,-,//i0.hdslb.com/bfs/archive/642b6c9a975a7ae8f84ccb8fe5f8e293108cae04.jpg,62103,8,2162,"女神,老公,性感,帅哥,老婆,颜值,哔须有此行,旅行攻略UP主激励计划",70,1750168063,16,5580,1343553
严厉的高老师,3546880900336475,https://i2.hdslb.com/bfs/face/d0d61e87d8292ddd08aa0c455ae1ce549d67082e.jpg,158,穿搭,http://www.bilibili.com/video/av114781054836558,BV1CB3szXEsR,初中老师的裸色平底鞋与极光肉丝,-,//i1.hdslb.com/bfs/archive/1b796351dcbb12ab999336f9bab201700e86b347.jpg,6016,0,353,"丝袜,老师,袜子,高跟鞋,极光,鞋子,肉丝,穿搭,平底鞋,裸色",14,1751420014,10,501,91602
