bvid,aid,videos,tid,tid_v2,tname,tname_v2,pic,title,pubdate,duration,mid,name,face,uploader_follower,tags,view,danmaku,reply,favorite,coin,share,now_rank,his_rank,like
BV1u14RzsEaL,114976626835874,1,17,2066,单机游戏,单机主机类游戏,http://i1.hdslb.com/bfs/archive/575ce008723bdcb0ab52f7ee6c4a56baec710b9c.jpg,大自然真美丽🪳🕷️🐞,1754469000,880,19512037,纪夫Junly,https://i1.hdslb.com/bfs/face/66c9b0f2d84ee09c2c4209894e09a9dfac1806fb.jpg,687165,"单机游戏,游戏实况,STEAM,小游戏,搞笑,禁闭求生2,纪夫Junly,Grounded 2,沙雕,推荐宝藏游戏",367204,1032,462,15188,2346,89,0,0,20136
BV1nLhnzQEst,114951628854720,1,130,2024,音乐综合,电台·歌单,http://i0.hdslb.com/bfs/archive/e93d0ff18f4e98296ce7b002305e076102e8ea87.jpg,推荐拜神五部曲，你听过几首？,1754023098,204,3546390917548176,余音音乐,https://i0.hdslb.com/bfs/face/a4a88e36cc02e299e84306621b30bcbec7ca6200.jpg,9232,"音乐分享官,歌曲,音乐推荐,听歌,古风歌曲,三拜红尘凉,求神呐,一拜天地,音乐歌曲,歌曲推荐",415807,4348,85,56122,1256,122,0,0,40831
BV1G9hHzyE2J,114952702532182,1,76,2149,美食制作,美食制作,http://i2.hdslb.com/bfs/archive/4a50686148a5389c7b03c5c99c7918afb11a8849.jpg,全网最细成本拆解，50元老北京打卤面贵吗？,1754039138,339,258034892,碧蝉衣,https://i2.hdslb.com/bfs/face/f6dfd152ac6d5eec41209e6237d7fedc6f514fe6.jpg,220306,"北京,厨艺,美食制作,美食教程,记录我的美食日常,什刹海,打卤面,老北京打卤面",1769182,3345,3710,11317,7051,1250,0,0,48145
BV1dxbQztEap,114913678791271,1,201,2090,科学科普,人文历史,http://i2.hdslb.com/bfs/archive/1f8920a469d3c5d39eacef24469f4bbd59e2f773.jpg,选3到7岁幼女为“神”，不能哭笑，脚不沾地，通过32种考验，月经初潮就要退位,1754042400,723,80900494,捕月说,https://i1.hdslb.com/bfs/face/c90a38ec3f9e90b0adc20a51ec7d7bd4ac1d8bc3.jpg,884971,"奇闻,都市传说,尼泊尔,印度,未解之谜,印度教,活女神,库玛丽,捕月说,万物研究所",4751114,2173,682,20318,1505,478,0,0,53902
BV179tuzLESa,114969764956800,1,182,2001,影视杂谈,影视解读,http://i0.hdslb.com/bfs/archive/92eae85616c7f98e3de654baa175df37a161dbfe.jpg,杨洋去油成功？！被说相貌平平？《凡人修仙传》能否成为杨洋翻身之作,1754302088,822,203337614,开心嘴炮,https://i2.hdslb.com/bfs/face/5cd3053f352bc597bac3d11b824e548108423cb2.jpg,2877786,"凡人修仙传,金晨,国产,杨洋,搞笑,伊利牌万年灵乳,凡人修仙,韩立,修仙搭子选伊利",344719,2285,1357,1022,601,368,0,0,13295
BV1ChtGzZEVU,114969916085298,1,230,2063,软件应用,鬼畜综合,http://i1.hdslb.com/bfs/archive/42c29324cd99f2c4ee9c105f00ff0eaa168cbb33.jpg,哈基米哦南北绿多,1754301779,21,3546898109565769,哈斯音频,https://i1.hdslb.com/bfs/face/3ec5bd782e89bb95d00cc6d9a7bc1e7eae1e78d9.jpg,6577,"三角洲德穆兰,三角洲超雄老太,三角洲,老太,哈基米",602753,564,3120,22315,2018,33905,0,0,62344
BV1qkhgzpEgK,114964278807489,1,17,2077,单机游戏,休闲/小游戏,http://i1.hdslb.com/bfs/archive/1235cdf78867db8d56ad74be109b76c9c2361642.jpg,电子斗蛐蛐(融合)配音版第48期，究极剑仙复仇记,1754216701,194,422533144,w7电子版,https://i1.hdslb.com/bfs/face/16dd5f9bdd43ce8390f8efce4eba0b937eef7935.jpg,120584,"植物大战僵尸,娱乐,京东苹果国补,京东苹果教育优惠,京东苹果暑期福利,ipad",1136667,246,114,9544,547,49,0,0,20824
BV1rMh8z7ETA,114958624884954,1,21,2087,日常,商业财经,http://i2.hdslb.com/bfs/archive/f0ed9c965e1507b25f592eeb1a04fbfd68c48f53.jpg,花400万开的网吧有啥服务？开业第一天居然爆满？,1754130416,496,391992947,郝文博的奇妙日常,https://i2.hdslb.com/bfs/face/7ec224e8f3c10ae8eb975cfdb135627571bb0c65.jpg,170915,"创业,生活,日常,生活记录,电脑,电子榨菜,郝文博的奇妙日常,网吧,开网吧,寻找100个宝藏vlogger",794809,3340,3756,1817,2160,1229,0,0,14948
BV1bEtczTESi,114979697070160,1,172,2064,手机游戏,单人RPG游戏,http://i0.hdslb.com/bfs/archive/1d281a120718cb3e3c9b00383c8e0d69cd5e1a35.jpg,☆应声虫之歌·尼尼河畔☆,1754451285,65,30973654,网易阴阳师手游,https://i1.hdslb.com/bfs/face/20fbf0673bb0b95e2ab7f0ee49d15ee08e852c63.jpg,1769300,"阴阳师,MV,阴阳师手游,应声虫,阴阳师樱梦游园",472767,934,1200,11553,15743,847,0,0,16525
BV12zt3zYEf5,114970821985687,1,21,2009,日常,娱乐评论,http://i1.hdslb.com/bfs/archive/e02360e4c02a9dae89867b187e92834b18ada0a9.jpg,赵露思解约事件复盘and粉丝弹性爱女文学,1754315867,569,3546750551853928,乐意椰子,https://i1.hdslb.com/bfs/face/11a1134beba247486d3bc621ea8ebc931a9302c7.jpg,20965,"吐槽,赵露思粉丝,可露丽语录,娱乐圈,热搜,赵露思,银河酷娱,明星解约,娱乐吃瓜大会",191663,1346,1563,853,1386,482,0,0,7615
BV1z9tFzWEhW,114979965503496,1,21,2154,日常,剧情演绎,http://i0.hdslb.com/bfs/archive/8992055db5be3f7618f1445fe9f1660e9f089e16.jpg,我看谁还说放水的事儿，窝都不打了,1754455263,140,1630607409,郭芙蓉的吕秀才,https://i0.hdslb.com/bfs/face/f5c8c057fbf7c3c48e9e612c17e302e22f914348.jpg,24219,"高能,搞笑,奇葩,逗比",847155,788,711,10338,1504,2653,0,0,71230
BV1N2h3zzEBq,114963909709441,1,138,2126,搞笑,户外探险,http://i1.hdslb.com/bfs/archive/b4059a3c2e0e0dca63d70aef3454b37fe25219ab.jpg,【打野默示录】痛饮生化水池！荒漠地图十天纯纯坐牢😮真的传奇耐饿王啊~,1754211797,1076,1379165407,-超级小能猫-,https://i1.hdslb.com/bfs/face/9ba5a55b282a55ac2eb29267ad9ccab381678934.jpg,2404186,"高能,解说,荒野求生,德爷,转转回收,艰难,抽象,转转",2155633,2694,662,31552,7649,1087,0,77,68292
BV1AVtwz8EFT,114981240573968,1,138,2154,搞笑,剧情演绎,http://i2.hdslb.com/bfs/archive/7a225d5994740049679e5a33fb9835274982a083.jpg,课代表历险记（三）！,1754474621,151,393709394,一串大福,https://i2.hdslb.com/bfs/face/e6d1cf7df22235495d25d7ae77a4aa185e5d8c7f.jpg,1560493,"原创,搞笑,校园,搞笑小剧场,来福来福,一串大福,课代表历险记,学生时代,真实,fyp",259175,1223,756,5194,1371,188,0,0,28538
BV1ZatMz6Esy,114968238227864,1,216,2063,鬼畜剧场,鬼畜综合,http://i1.hdslb.com/bfs/archive/a56c82390c6b88021436d5d171cd6aa8d6b2e8fc.jpg,旺仔小乔唱哭大佐《樱花树下的约定》,1754276280,199,7098437,天天吃八碗,https://i2.hdslb.com/bfs/face/43ea324534e97601266bcd56d0fc9b833f03d413.jpg,184812,"旺仔小乔,硬核劝降,你给我刷过几个子,沙雕,黄绿合战10th-黄队应援",983228,2123,1880,9393,2862,3990,0,0,54880
BV1zFhWzbEQ6,114954061481416,1,21,2207,日常,随拍·综合,http://i2.hdslb.com/bfs/archive/5dad3937fcd10f90127e537ab7c31741bc534196.jpg,十年来第一次出车祸，感谢好心的大姐和四位大哥危难时刻下车来解救，也感谢老祖宗保佑我俩毫发无损,1754060077,127,392971337,美食小胖带你浪,https://i2.hdslb.com/bfs/face/ee09686c01cde7fe5f58bd20efb47f8174b5b568.jpg,155213,小视频,1029804,918,1713,2228,1310,344,0,0,60999
BV1FetGzdEh9,114969949506331,1,171,2070,电子竞技,MOBA游戏,http://i2.hdslb.com/bfs/archive/0a76e9c1a1539da1a8ba11e0181cb1fc14e8f176.jpg,拥有数值の力量  胜利是当然的!,1754303365,268,703182646,奇啊是我,https://i1.hdslb.com/bfs/face/547dfd036073e09408830f025a1a5be8898f182b.jpg,291489,"LOL英雄联盟,英雄联盟LOL,LOL,搞笑视频,电子竞技,网络游戏,三角洲行动,MOBA,整点电子榨菜",284328,362,188,787,525,150,0,0,22650
BV1k9hpzYEJN,114954397028172,1,21,2063,日常,鬼畜综合,http://i0.hdslb.com/bfs/archive/3440ef347f034b4547f917542a2e5f3946fd7056.jpg,一 生 兄 弟 情 （定时发布 up已开学）😭,1754186448,110,397907105,可悲鸡翅,https://i2.hdslb.com/bfs/face/d0bb03e9335d37c1f99759f03df496a4186f4d2e.jpg,226990,"微电影,高中生,兄弟,短片,记录,小剧场暑期新星计划",441758,1255,1500,4591,5130,3312,0,0,64239
BV1Y5tAzmEPF,114982448535235,2,229,2079,设计·创意,其他游戏,http://i1.hdslb.com/bfs/archive/f5d1d4305072a86ec3bf431c18048f304f1db64a.jpg,《银与绯》眷属「终焉的 苍凛」PV丨终抵长夜尽头,1754535600,192,1038073593,银与绯,https://i0.hdslb.com/bfs/face/46980a7113f837272844b07a4808444822b30264.jpg,236686,"二次元,银与绯,卡牌RPG,暗黑哥特,夜族",512856,142,387,4522,554,113,0,0,33986
BV1vJhTzrENg,114960319450783,1,183,2207,影视剪辑,随拍·综合,http://i0.hdslb.com/bfs/archive/94e34cca2bd8caf54053408f15a23970cbc09aaf.jpg,《胜利队之虎》胜利队哪个部门最危险呢？,1754179200,65,362139248,阿飞乱剪呀,https://i2.hdslb.com/bfs/face/fa4d425d984768de2418953207ae32b871db8906.jpg,13005,"逃学威龙,吴孟达,周星驰,鬼畜,曹达华,重案组之虎",1970469,546,979,9117,5094,9127,0,0,55017
BV1bvt3zKEAX,114970872253786,1,253,2043,动漫杂谈,动漫速读,http://i2.hdslb.com/bfs/archive/349b609c10ed49ad02e7c1c9deb404227b86c87e.jpg,《瑞克和莫蒂》所有主线剧情串讲！邪恶莫蒂、瑞克Prime、戴安……全平行宇宙大整理！,1754317572,1730,357261525,安迪视频,https://i0.hdslb.com/bfs/face/44be7e29670fafd734a6961668f3e130ff7e7456.jpg,1613733,"瑞克和莫蒂,完结,动漫杂谈,安迪视频,瑞克和莫蒂第八季,动画片,瑞克与莫蒂,主线剧情,戴安,邪恶莫蒂",1154363,1756,1556,27646,45822,3304,0,38,68206
BV1P4hJzxEDE,114952165790847,1,212,2150,美食侦探,美食探店,http://i2.hdslb.com/bfs/archive/7d1cf6af99fbd8b45076e5f000ff3a3ab38c1521.jpg,香港富豪，随随便便吃个快餐就168.果然是国际大都市#烧腊 #美食,1754031962,196,3493298886936758,bil品鲜园烧腊快餐店,https://i2.hdslb.com/bfs/face/a80100d257e6657880cf47786037b732d536a07a.jpg,246299,"香港,街头美食,探店",1065731,1168,1635,4148,2243,1228,0,0,82593
BV1Xp8kzaE2C,114945773540219,1,243,2194,乐评盘点,中外生活vlog,http://i1.hdslb.com/bfs/archive/9b7910fe42bb4b64103f6b9afa0b1dc5560982c7.jpg,妈妈，我上电视了! 太开心了！,1754020800,291,31225950,不是柯桑德,https://i0.hdslb.com/bfs/face/c93b97d3f8cee151b0633013e3afd378c6e83294.jpg,2374069,"生活记录,央视,记录,电视,寻找100个宝藏vlogger",465219,1114,899,5006,13218,260,0,0,73343
BV1UDt7zJEsV,114975016293722,1,215,2150,美食记录,美食探店,http://i1.hdslb.com/bfs/archive/8cb507bb5c81b4d2602371eb7faa9063ef694587.jpg,特色烙锅，炒饭免费？狠狠下三大碗饭，一人三碗！,1754387100,622,8680974,干饭三健客,https://i0.hdslb.com/bfs/face/cf67c074588b1524389f371665b4f687cf6315b6.jpg,1726548,"烤肉,折耳根,三剑客,健身餐,蘸水,酸汤",596800,819,551,1808,3010,2227,0,0,24073
BV1AgtwzhES4,114981341566573,1,159,2031,时尚潮流,明星舞蹈,http://i2.hdslb.com/bfs/archive/220fa4a9f9f6fdd2ca62c15a624ee741561d30c3.jpg,rollin！彻底疯狂！💃,1754476423,88,8366990,-欣小萌-,https://i2.hdslb.com/bfs/face/60368b5e2850cc569328e8b562d90cb28ce5b2cd.jpg,5037790,"舞蹈,Rollin,欣小萌",757308,451,1342,18745,14067,857,0,0,48435
BV1uotcz3Eki,114981223793122,1,17,2072,单机游戏,体育竞速游戏,http://i0.hdslb.com/bfs/archive/4db4e0a8889ba2653ba2bfe0502c5666ecb07957.jpg,史诗级逆转！我将2K25杰青五虎放到一队，结果意想不到！,1754474681,1485,322965409,Junior杰青,https://i1.hdslb.com/bfs/face/d253cd7049843c5a8d178e05c73b1e8db67721cb.jpg,289121,"乔丹,粤语,詹姆斯,NBA,篮球,NBA2K25,杜兰特,哈登,王朝模式,库里",85618,1198,413,3074,17043,115,0,0,15293
BV1ditJzqEMm,114976006148061,2,172,2064,手机游戏,单人RPG游戏,http://i2.hdslb.com/bfs/archive/42826d991e4a1842d5698397df3eca74fdccc765.jpg,【星穹铁道】海瑟音 0~6命实战详细评测：诡异的Dot女子是不会输的！光锥/遗器/配队 建议。,1754452800,2162,50111839,小琨爱小蛊,https://i1.hdslb.com/bfs/face/080862af2ad53cae818db05191968fc4d306899a.jpg,1232533,"黑天鹅,崩坏：星穹铁道,崩坏星穹铁道,卡芙卡,崩坏：星穹铁道创作者激励计划,海瑟音,英雄未死之前,米哈游,miHoYo,dot",220938,2235,2222,1993,3840,1013,0,0,19020
BV1vGhWznENw,114954195704183,1,21,2037,日常,同人动画,http://i0.hdslb.com/bfs/archive/7a5b153361b56d58893d8d91172b2755d24e3e58.jpg,“感谢你们的热爱”,1754062029,82,3546845057910803,gal小指南,https://i2.hdslb.com/bfs/face/613768ab1d9a0e0e3952c5ce234251deba4db944.jpg,15304,"剪辑,GAL,galgame,汉化组,感谢",719073,1891,2275,26601,21303,1678,0,0,140618
BV1LNtGz1EKH,114970536714022,1,218,2171,喵星人,动物综合·二创,http://i0.hdslb.com/bfs/archive/31afa04819f7d7fbb7414be144b40c02b79cb72b.jpg,城市猫回村以后，去抓制作猫薄荷的老鼠,1754311314,170,3493267595332476,苏豪和大强,https://i0.hdslb.com/bfs/face/9be009294b6c2e9132178b09683fddbbdc24617f.jpg,121836,"宿舍,大学,喵星人,萌宠过暑假",1305277,450,255,11529,1190,483,0,0,64942
BV1wgtFz9Evb,114980435268163,1,162,2207,绘画,随拍·综合,http://i0.hdslb.com/bfs/archive/730a3f7848f5e98f97b3020493c1ed5475d24a84.jpg,为什么说⼀台好⻋都是从“离谱”开始的,1754478000,623,12019354,ToTo文翰,https://i1.hdslb.com/bfs/face/6e36094f818a6f7bc48a86ddac03dbcc728accd7.jpg,198454,"奥迪,汽车设计,草图渲染,上汽奥迪a5l,上汽奥迪A5L上赛首秀,上汽奥迪A5L耀目上市,上汽奥迪A5L油车首搭华为乾崑,sketch,汽车造型,汽车草图",51132,138,183,681,548,94,0,0,2051
BV1n2tjzPEFR,114973640561646,1,219,2168,汪星人,狗,http://i2.hdslb.com/bfs/archive/786b35b08155f60f8b082b5dbbeec20577c82697.jpg,小狗：说出来你可能不信，我进入二维空间了,1754359111,92,652551563,西卡观察员,https://i2.hdslb.com/bfs/face/a451caaf7e24e7612e23737c16ec62cea732ce8f.jpg,749522,"狗狗,汪星人,可爱,边牧西卡,猛男必看,毛茸茸训练营",2925372,8632,1949,13131,11683,6004,0,69,135610
BV1BRtFzXEhb,114980015836671,1,17,2071,单机游戏,射击游戏,http://i1.hdslb.com/bfs/archive/c8a69a703b4b8617bd68951eac88162dc47e4105.jpg,【Task果冻】第一类接触强侦连 红区侦察 一,1754456250,248,35757827,TASK果冻,https://i2.hdslb.com/bfs/face/2eff1fd579722dc308c4e6e4d8d4e9ce0d6ebfca.jpg,898323,"克苏鲁,恐怖游戏,FPS,恐怖,MOD,异常收容,第一类接触强侦连,异常,arma3,整点电子榨菜",764380,376,339,31723,1988,310,0,98,52114
BV1FNh5zNEHH,114966359185652,1,137,2018,明星综合,音乐现场,http://i1.hdslb.com/bfs/archive/45b51ee0292a9b2bd33de45ff31dbf75dd705ab8.jpg,【宋雨琦】250802 KCON LA 《没有明天》直拍 4K直拍精剪,1754249297,235,3546887695108651,CLFE0923,https://i1.hdslb.com/bfs/face/3f6205fcfa7bc01709ada38e0f072b75d0875dc9.jpg,2987,"没有明天,4K,舞台,直拍,宋雨琦,(G)I-DLE,4k直拍,4K超清直拍竞赛",694063,13884,18931,16703,17673,11454,0,0,41151
BV1D4htz4Eda,114957920312468,1,213,2151,美食测评,美食测评,http://i0.hdslb.com/bfs/archive/8a91e256f27f604295685c1bb9a2f8d757469231.jpg,这是我做低分外卖的初衷！,1754127000,341,667242071,老戴是减肥侠,https://i2.hdslb.com/bfs/face/e0c7b2af4581f03d1aa033a2230170476f0bc7bf.jpg,14429,"绘画,生活记录,吃货,低分外卖,记录我的美食日常,辣个老板,记录,杭州,外卖",404397,479,233,699,1677,84,0,0,22985
BV1k282zaEd4,114947451260409,1,17,2077,单机游戏,休闲/小游戏,http://i1.hdslb.com/bfs/archive/deedfdf52189463c35271a17774c1d7240264e68.jpg,再次开启植物抽卡之旅，这一世又将如何呢,1754089500,579,11022243,云耀yoke,https://i0.hdslb.com/bfs/face/59fd606e8f48019168f0120f8e6c969e590549fb.jpg,863481,"游戏实况,单机游戏,植物大战僵尸,游戏日常,随机,改版,pvz,抽卡版",1488753,1738,432,22300,2569,204,0,0,35537
BV1sMh3zvE1b,114963993599359,1,182,2001,影视杂谈,影视解读,http://i1.hdslb.com/bfs/archive/2024b970919103e406e65fbcd321d4a8622175c2.jpg,让主角父母双亡有什么好处？我统计了100部经典高分电影，发现……,1754280000,1521,1033271681,踏雪丨Snower,https://i2.hdslb.com/bfs/face/06dd051ca940270b4ce2313f8a6a9c938e5b3b5e.jpg,5225,"电影解说,经典,电影,家庭,高分,影评杂谈,父母,高分电影,主角,影视IP观察室",1128031,2201,3837,19273,11398,2899,0,0,45514
BV1bShPzWEzw,114959883179261,1,17,2064,单机游戏,单人RPG游戏,http://i1.hdslb.com/bfs/archive/dce04ecc38e20d9be7889c298615b73ca7a704fd.jpg,游客：这海盗就是园长你啊？？？？,1754190000,517,7450650,超果果mc,https://i0.hdslb.com/bfs/face/68055fd664aca68f38bdd1d816c46ad4f7b7405d.jpg,2241826,"搞笑,超果果,过山车之星,迪士尼,造乐园,海盗,园长,海盗湾,整点电子榨菜",768163,762,361,15835,14777,309,0,0,39643
BV1QjhWzmE7k,114954145434560,1,21,2154,日常,剧情演绎,http://i2.hdslb.com/bfs/archive/ab255dc1069df1fdb640243175e0d3b535f17757.jpg,大学生丐帮饭堂恋综,1754193600,465,241679003,小叮当的伙伴们,https://i2.hdslb.com/bfs/face/39f559b599ae0f273a5f7457a7d67110a6dfe5a0.jpg,1380791,"搞笑,帅哥,全程高能,搞笑小剧场,恋综,二本恋综,永劫无间手游周年庆,老百姓,大学生,心动的信号",1475884,2328,1059,7084,6017,4323,0,0,47316
BV1TrhuzNEoB,114963070851108,1,242,2198,娱乐粉丝创作,休闲玩乐,http://i0.hdslb.com/bfs/archive/d1d3a6a44179c2015504a33d044db05d9ef88ea9.jpg,直接变出刘谦老师！同行怎么解释！,1754197343,12,3546591434639889,销冠李老板,https://i0.hdslb.com/bfs/face/624a010be1877385b97f16db5705f9d70b6493b2.jpg,352240,"魔术,同行,刘谦",1189993,157,575,1638,663,475,0,0,48168
BV1Z7h8z3EiN,114958591400416,1,138,2154,搞笑,剧情演绎,http://i0.hdslb.com/bfs/archive/48e2e21f12202d8bd946f0c42fb6928d886377ea.jpg,当异校好友出现在班级门口！,1754129296,117,393709394,一串大福,https://i2.hdslb.com/bfs/face/e6d1cf7df22235495d25d7ae77a4aa185e5d8c7f.jpg,1560494,"青春,校园,原创,搞笑,搞笑小剧场,来福来福,一串大福,真实,学生时代,fyp",2950242,1105,497,21688,1740,280,0,0,82795
BV1pUhTzQEuf,114962215277600,1,47,2037,同人·手书,同人动画,http://i0.hdslb.com/bfs/archive/e6299b99b41e3b5c68a882d9acd48f3428ef10b4.jpg,原创动画｜亲爱的神明，帮我孙女找个男朋友成不？,1754184258,68,2466899,SHOUWenjia,https://i2.hdslb.com/bfs/face/c77f7d4cd8054d6428f0e89ddc4ff01ec063d5ea.jpg,8942,"动画短片,动画电影,原创动画,短片,动画,寻光小宇宙奖",282315,67,329,14016,7062,545,0,0,65881
BV1sEtMznE9z,114968724838549,1,95,2100,数码,手机,http://i2.hdslb.com/bfs/archive/68af5ff55b3bbc12c2eb6038a68f09016cbdcfee.jpg,折叠机皇该有的样子！Z Fold7&Z Flip7&Watch8全面升级,1754290245,423,471303350,大狸子切切里,https://i2.hdslb.com/bfs/face/a6d51b89c93517a72949b0a469126445cd4d33bd.jpg,2634991,"安卓,数码,三星,手机,三星超轻薄折叠旗舰,三星 ZFold7,三星 Watch8,三星 ZFlip7,折叠屏,切里",467507,1208,622,2932,4709,1359,0,0,14124
BV1GWhNzcEco,114959178531202,1,243,2024,乐评盘点,电台·歌单,http://i2.hdslb.com/bfs/archive/36899181cd1a03becc6ad50554459527b980f40c.jpg,【循环歌曲】《囧架架》“狗熊岭の囧架架”（无损音质）,1754211900,3597,394086405,蜗牛不知道-,https://i0.hdslb.com/bfs/face/3524813cefda5d24e108d010ce63353c5c699807.jpg,171965,"音乐,音乐推荐,音乐资讯,熊出没,无损音质,精选推荐,循环歌曲,《囧架架》,电台新星征集令",4033303,260,70,99068,2677,219,0,20,76594
BV1LEtEzcE3Z,114974781345985,1,27,2207,综合,随拍·综合,http://i0.hdslb.com/bfs/archive/336e050d4e3cea9e3f4a12920061ed16713e8b99.jpg,鼠魂觉醒全集（20分钟）,1754383500,1195,3546625452542554,自然锦鲤-冲刺电竞,https://i1.hdslb.com/bfs/face/5cc7f4b449595363f6e03abbd1dc153508fcc69a.jpg,347921,"搞笑,鬼畜,FPS,射击游戏,猫meme,三角洲行动,鼠魂觉醒,三角洲破壁新赛季上线",1922923,346,174,65938,4079,321,0,38,55056
BV1FVtFzQEfV,114980468822156,1,95,2100,数码,手机,http://i1.hdslb.com/bfs/archive/f91dd8dfe6e1b6ae645720ff81df8fff786007b4.jpg,苹果突然又增🔋电池新功能 & 全新弹跳玻璃效果! | iOS 26 Beta 5 新功能&最大变化｜Q&A｜大耳朵TV,1754463210,341,286187082,大耳朵TV,http://i2.hdslb.com/bfs/face/e8db1f8975f115cb11d9f139e020924f65ccd84a.jpg,1030631,"苹果,手机,玻璃,新功能,电池,系统更新,iPhone,iOS,液态玻璃,iOS26",171373,521,715,718,859,212,0,0,5432
BV1LptnzKEF6,114975569876744,1,172,2070,手机游戏,MOBA游戏,http://i0.hdslb.com/bfs/archive/7398b96d9b4a0f52772c4cf61fd8d9e99b7fca8a.jpg,木兰打完一宿没睡：这马超铭文全是心眼？？？,1754388271,161,17478777,一只白色QvQ,https://i0.hdslb.com/bfs/face/6247a20eb6759b5ffdf3838354ffd4d9e968412e.jpg,1097022,"精彩集锦,娱乐,搞笑,手机游戏,王者荣耀,马超,MOBA,对抗路",196719,223,181,706,771,79,0,0,27202
BV1CS82z8E4g,114949229647461,1,47,2037,同人·手书,同人动画,http://i0.hdslb.com/bfs/archive/d6d018c2c2330c184fb4d754fc9087fb2f93829b.jpg,耗时100天，我用Q版还原了【你的名字。】,1754015400,1509,384414474,偷鹌鹑蛋喂鹌鹑,https://i0.hdslb.com/bfs/face/f8741426d9f1c7ed82c6b0522982eab7ddef3d70.jpg,53520,"搞笑,动画电影,爱情,新海诚,治愈,手书,你的名字,电棍,一口气看完,动画短片群星计划",3320372,68499,11610,153539,233221,45638,0,5,383287
BV1hLhHz6EmB,114953323289514,1,176,2154,汽车生活,剧情演绎,http://i1.hdslb.com/bfs/archive/dd24006c6b597d94453317692511207e6d1e4e2b.jpg,环游王者把家归，小小侄女身后追~,1754190300,121,1194144659,车小白-,https://i2.hdslb.com/bfs/face/9cc5a0aae824ee21051aae1ecb7a17a3a7e1c460.jpg,110834,"房车,姑姑,环游世界,乌尼莫克",546900,288,324,1596,712,181,0,0,39520
BV14etTznEXp,114984243695687,1,172,2073,手机游戏,动作竞技游戏,http://i0.hdslb.com/bfs/archive/aeb8f4da0cb45e9e314c1ebfd421fc471df6e61d.jpg,【流浪者】现场高能！ChinaJoy大屏抽出传奇星妙丨荒野乱斗,1754521033,518,355969965,流浪者游戏频道,https://i0.hdslb.com/bfs/face/6737643e518210c4e054b3367dd7a04efe41264b.jpg,736538,"荒野乱斗流浪者,荒野乱斗",89928,282,177,1126,941,148,0,0,6049
BV1cjtwztEy6,114981274129306,1,250,4219,出行,攀岩,http://i1.hdslb.com/bfs/archive/88a9521782ade1fc17a5d45ac14569548d8871a2.jpg,精致女孩悬崖便利店过夜，差点回不来了,1754475643,155,1079749458,提款姐,https://i0.hdslb.com/bfs/face/43c00f281ebe8b31bf23ac4a5ebceacb5e8a8b49.jpg,148960,"悬崖便利店,精致,悬崖",150528,223,394,838,4461,367,0,0,19856
BV19utczVEcK,114979596474451,1,76,2149,美食制作,美食制作,http://i0.hdslb.com/bfs/archive/b972546d7d0c45d89dfc72d5ad6312ac3bf8189a.jpg,美国留子夏日自制甜品｜这啥呀，那么好吃呢？！ʕ•ᴥ•ʔ,1754449734,225,322799994,纽约的杜师傅,https://i0.hdslb.com/bfs/face/a5c651f3229c272a85c5bfc348bc7431facf0764.jpg,368382,"蛋糕,甜品,柠檬,美食制作,留学生食谱,记录我的美食日常,柠檬凝乳蛋糕,柠檬蛋糕,自制甜品,Vlog",57909,65,117,1960,1550,116,0,0,6718
BV1R8tiz1Ezc,114984965117370,1,182,2042,影视杂谈,动漫评论,http://i1.hdslb.com/bfs/archive/cc29b87cf8ef0521d362ec11bef23b092e98f9c5.jpg,《罗小黑战记2》真爽！这才是超能力战斗啊！,1754557200,580,49960899,BuriedAlien,https://i0.hdslb.com/bfs/face/e41d2f3901e156f708be59a3b4f593779a9adda1.jpg,1351753,"罗小黑战记,X战警,无限,万磁王,国产动画,罗小黑战记2,罗小黑,鹿野",49541,345,1181,679,1011,335,0,0,3965
BV1GXtAzQEEZ,114982364646983,1,65,2071,网络游戏,射击游戏,http://i1.hdslb.com/bfs/archive/c558092174451fcb14cd674175582853d561700a.jpg,《远光84》全球公测正式开启！来，试试你的枪！,1754532000,132,3494362379979305,远光84,https://i2.hdslb.com/bfs/face/fdb4d361b8a5d44610caf61a770c18068381b45b.jpg,163753,"射击游戏,远光84,远光84全球公测开启",1244074,394,977,5335,5252,481,0,0,15636
BV1Nkt3zaEst,114970452954524,1,21,2168,日常,狗,http://i0.hdslb.com/bfs/archive/0ba717ae4dbb255fb8b89cf491ab175757f820e5.jpg,爱要互相陪伴，汉堡分你一半。,1754310631,411,3546946425850423,一口一个团up主,https://i1.hdslb.com/bfs/face/33fcb94a59b9c4e52c8e95ef97176c1cf408474f.jpg,382862,"萌宠,边牧,布偶猫,小狗,小猫,日常vlog,萌宠过暑假",276467,665,614,3011,3666,1514,0,0,40624
BV1pmh8zDEHg,114958524226775,1,218,2167,喵星人,猫,http://i1.hdslb.com/bfs/archive/0d09d20b68d9965ca86646d4725cc344a3ba96fe.jpg,为什么它被称为“邪恶银渐层”?,1754135400,83,3546873832933955,瞄知道,https://i2.hdslb.com/bfs/face/1746916d848d22a6c046987264fe119ff9c1f0e2.jpg,11480,"铲屎官,喵星人,猫咪冷知识,英短,好猫,银渐层,新手养猫,养猫人,动物圈新星up主扶持计划,邪恶银渐层",899955,434,1592,4719,590,5212,0,0,34145
BV19AtgzuEU4,114969731532403,1,126,2063,人力VOCALOID,鬼畜综合,http://i1.hdslb.com/bfs/archive/ebf070e832e4a758b0316d22275ccb2cc1fca525.jpg,全认识的可以把自己加进去了,1754299187,88,19071708,潮汕好男人,https://i0.hdslb.com/bfs/face/2a4c1b3c2d8f48a58c5f818287c90a6ea78d7907.jpg,2194008,"全明星,洗脑,鬼畜,美美桑内,One Spot,NINA,蜜汁好听,沈佳润,黄绿合战10th-绿队应援",250089,4985,572,7529,4082,1028,0,0,33256
BV1rQ82zFEzV,114949280172562,1,162,2057,绘画,绘画学习,http://i1.hdslb.com/bfs/archive/1210b0f72be4416a96f696d269a07676d6a010b6.jpg,【改画】上色没效果？掐这些“点”！,1754020800,404,43873002,凡老贼,https://i0.hdslb.com/bfs/face/c055054bbaf1a87e4affcfa102d00e219a847440.jpg,170988,"零基础,绘画,上色,二次元,板绘,蔚蓝档案,绘画技巧,绘画教程,日富美,改画",521130,588,981,25301,4842,1270,0,0,74245
BV1agtczkED5,114979512522807,1,182,2018,影视杂谈,音乐现场,http://i0.hdslb.com/bfs/archive/3429545137ad27f2751ece4b3ce6b623383b1aa8.jpg,【歌手2025】周深：歌王之战歌单？我唱完了！「神级翻唱打样」,1754473800,956,1556133886,小泽学长吖,https://i1.hdslb.com/bfs/face/f02e49d3a0967cd653dbde3e24266e3c4f01ca60.jpg,24252,"音乐分享官,周深,神级翻唱,音乐,勤深深,歌手2025,歌手,歌王之战,马戏之王,生米",70671,1629,628,892,705,179,0,0,4089
BV1iVtEzeE3y,114975100176982,1,47,2037,同人·手书,同人动画,http://i2.hdslb.com/bfs/archive/6a2209d8aeb9cf0c6354cf68b9b28a8839ee7438.jpg,你一家五元自助饭店竟能无限畅吃尖椒牛柳,1754380919,303,1827865417,小汪动画,https://i1.hdslb.com/bfs/face/97372bd503c9a5aa76a243679612f1e94f9b1b06.jpg,48427,"生活记录,原创,记录",5139042,55,38,89254,3140,25,0,11,74997
BV1JDtuz7E4f,114969597183034,1,183,2041,影视剪辑,动漫剪辑,http://i0.hdslb.com/bfs/archive/609ab7d361875e63dd1aa32aeae198e17a77504b.jpg,"""这一刻我才真正明白，为何一个物理学者都叫他超人""",1754297017,138,346749212,wrizedm,https://i2.hdslb.com/bfs/face/28912f7c3f1593681c96dd39e5bd7efdced1f045.jpg,1200900,"人生,经典,成龙历险记,生活,成龙,童年,功夫,动画种草激励计划,现实,小玉",267920,197,304,5776,928,207,0,0,21583
BV1tN4RzQEyc,114977130154896,1,183,2154,影视剪辑,剧情演绎,http://i0.hdslb.com/bfs/archive/a38a591eea0b7078c3ff1ece763fd351ace98473.jpg,我救了你 却又不是你,1754412028,59,288739439,郭小栓的,https://i2.hdslb.com/bfs/face/3445f2718d9957944b3b1842827026ad97f448d0.jpg,28060,"爱情,原创,情感",298797,169,604,8766,4844,435,0,0,56020
BV1ufhHz3Eqw,114952853521805,1,182,2001,影视杂谈,影视解读,http://i0.hdslb.com/bfs/archive/a6a47bc6588a533caad99385357b1b06da4340b4.jpg,一夜爆火，集体破防，当年出圈的动画神作，杀回这个暑期档了！《浪浪山小妖怪》【独家探班】,1754107200,1714,10119428,小片片说大片,https://i2.hdslb.com/bfs/face/949fd3f0b9fe23703c970d494edc41ae52ee32de.jpg,7698751,"幕后,动画,小妖怪的夏天,浪浪山,浪浪山小妖怪,暑期档,上美影,浪浪山小妖怪取经副本启动",2504525,2366,3638,9437,3890,1918,0,0,55825
BV1YphtzFEWt,114957903462730,1,21,2154,日常,剧情演绎,http://i1.hdslb.com/bfs/archive/b16ed7a8f8410445fe9fff42c676cf9b508919a9.jpg,到不是真的虚，我只是刚好属于确实型人格,1754118551,171,1443546125,阿玉老贼,https://i2.hdslb.com/bfs/face/c03cf386a8e76ac1d3060796d343b4cc829f2f93.jpg,244612,搞笑小剧场,535551,31490,2722,7242,2133,2432,0,0,90076
BV165t3zSEwa,114968942877652,1,251,2162,三农,农村种植,http://i1.hdslb.com/bfs/archive/cd603fa59f6cde5c10272f3319cec5434e40585d.jpg,终于发现清道夫的作用，再也不怕清道夫了,1754287227,315,514596475,阳台种植愈呵呵,https://i1.hdslb.com/bfs/face/0ba832aea5bdaf9e7db390df7dd9975dda1a61b5.jpg,13866,"昆虫,清道夫,作用",1096931,909,1769,3668,3801,859,0,0,79374
BV1kNt3zdEmd,114968976428573,1,154,2030,舞蹈综合,颜值·网红舞,http://i0.hdslb.com/bfs/archive/91f39a9d1565a5af084084a604ae280f567bb4a5.jpg,【不齐舞团】夏日必跳，风吹一夏,1754478000,21,267685040,不齐舞团,https://i2.hdslb.com/bfs/face/b09ddfad0d919df78bc8a66a213d2f2c7fb40dd9.jpg,2453803,"#风吹一夏,不齐舞团,轻舞蹈竖屏激励计划",441475,164,408,1668,1146,306,0,0,41915
BV1WPtnzEEkY,114975771201581,1,65,2071,网络游戏,射击游戏,http://i1.hdslb.com/bfs/archive/8fc83570e51311aca17afd009be2704be228decd.jpg,大厅带小学生,1754445600,315,375191059,小只芋,https://i1.hdslb.com/bfs/face/5651df6d8ff16d90e7fa3e5c6995225ffb2312eb.jpg,556211,"迈从,小只芋,十元战神,三角洲行动,迈从ace68,游戏外设,虚拟主播,游戏鉴赏家,vup,三角洲破壁新赛季上线",274462,220,212,5933,558,90,0,0,22213
BV1ygh3zPEei,114964043996818,1,138,2154,搞笑,剧情演绎,http://i1.hdslb.com/bfs/archive/37f52f9f532823b615dc0cb268d81b468592a619.jpg,《面试の奇妙物语》,1754212438,67,16754498,不凉少年派,https://i2.hdslb.com/bfs/face/97cbefe1224ba11a1ed69845d3ceb341063c58c2.jpg,1027138,"搞笑,原创,日和,搞笑小剧场,离谱剧情,抽象,奇怪",1137177,157,281,2560,910,417,0,0,64862
BV1CUtFzoE7e,114979814512368,1,182,2001,影视杂谈,影视解读,http://i2.hdslb.com/bfs/archive/cac13192b845e2547a044223e2b7da942cad7738.jpg,细读经典：魔鬼细节！13天拍摄+80万刀投资，却换回近百倍票房的悬疑佳作,1754484300,2685,17819768,电影最TOP,http://i2.hdslb.com/bfs/face/6b2ade215ea603b495648875c925172a863d16d4.jpg,5980661,"悬疑,电影,高分电影,网络谜踪",319853,1146,468,4488,3920,471,0,0,12185
BV1zMtnz1E9B,114975989369918,1,21,2071,日常,射击游戏,http://i0.hdslb.com/bfs/archive/04d1648218b1fb50f4dd41e192945581c92024ce.jpg,暗区突围又将迎来超大更新！队友可增援！热成像免费！暗区突围超牛逼！,1754394673,323,498987983,纯真的向死酱,https://i2.hdslb.com/bfs/face/b4fdd30e92973d85ff67a783d336f12097f00c60.jpg,1067111,"搞笑,暗区高能团第一期,教程攻略,爆料,整活,必剪创作,暗区突围",359884,1452,1584,2540,939,1757,0,0,17170
BV1CahgzFEh2,114962517201994,1,214,2149,田园美食,美食制作,http://i0.hdslb.com/bfs/archive/831334efadb127cf5d3126710f3a9699453d5919.jpg,为了吃个鱼汤，修了个小猪灶台，但是到底像不像猪？,1754208000,136,1529656577,孤独美食咖,https://i2.hdslb.com/bfs/face/8f5fcf396f55e280f3fe54b4742f4973d635a2a0.jpg,908772,"美食制作,记录我的美食日常,鱼汤,乡村,乡村美食,坛子肉",1150707,670,443,1884,995,366,0,0,44315
BV1F7twzoEfu,114980921807424,1,220,2094,动物二创,科学科普,http://i2.hdslb.com/bfs/archive/4a9509732451d8ec195748573757b2ff4d4f29d7.jpg,体重超良子的3倍？风神翼龙的飞行动力来自。。？,1754469730,1023,476622861,龙爪洪荒,https://i0.hdslb.com/bfs/face/de24281f737de9ab10b12ac98756796fb5c64a63.jpg,226069,"恐龙,侏罗纪世界,科普,科学,古生物,动物解说,神龙翼龙,翼龙,风神翼龙,动物解说天团计划",86970,477,804,1465,567,242,0,0,4813
BV1u7hhzcEpV,114958205457438,1,250,2158,出行,旅游记录,http://i0.hdslb.com/bfs/archive/848e85877cb15154d2514018e5a8a717d5519e39.jpg,高中生挑战600元富游香港,1754123683,729,3546874103466188,泽-在路上,https://i2.hdslb.com/bfs/face/1a39846b536a40b795518fb82ff9f57714ae91e7.jpg,9887,"香港,生活记录,高中生,记录,挑战",303890,1311,1776,4693,1914,2194,0,0,24579
BV17RhtzMEjk,114957282705862,1,137,2014,明星综合,娱乐综艺正片,http://i2.hdslb.com/bfs/archive/7fcd7f5874f681f83db3e7dec61d7924f183df7a.jpg,【TF家族】《2025TF家族夏日运动会》DAY2,1754125200,13534,3670216,TF家族,https://i1.hdslb.com/bfs/face/1c74336b9060d40d0ccf5e8bce7c0de34526b1e3.jpg,6941358,"TF家族,夏日运动会",1786553,1281153,15412,27263,8241,1564,0,70,63101
BV1ZLtFzJEUY,114980116497813,1,138,2154,搞笑,剧情演绎,http://i2.hdslb.com/bfs/archive/1e29d026c0807de169b111a21dea11366ff8ff7c.jpg,弗雷尔卓德 创意工坊之你der啊 麦克阿瑟 说的,1754458438,38,3546909580987309,弗雷尔卓德-杨辰,https://i1.hdslb.com/bfs/face/e59912641ba4cbaadb857e30085b15cf4dcc6819.jpg,259059,"原创,英雄联盟,创意工坊,弗雷尔卓德,麦克阿瑟",382202,565,1358,5302,2354,10718,0,0,58714
BV1ZshpzpE4S,114954782907391,1,17,2071,单机游戏,射击游戏,http://i0.hdslb.com/bfs/archive/8f78445373d9296e0eff4b49bbb0e20557859e1e.jpg,⚡固排这一块⚡️,1754092800,487,253100586,星空钏,https://i0.hdslb.com/bfs/face/9cd9ae3564ebeca10b078772d07d5cc73ab5179e.jpg,2015,"游戏集锦,电子竞技,娱乐,FPS,三角洲行动,高燃,踩点,固排,三角洲破壁新赛季上线",168947,334,545,1473,2590,272,0,0,11208
BV1v7tTzwE2t,114984159809614,1,171,2071,电子竞技,射击游戏,http://i0.hdslb.com/bfs/archive/6b26bbed4754fed64f4316d8ebfbeb5b98fc04f7.jpg,卧底dma第三期，这就是“雷达”吗！！通透的“绿玩”！！,1754519388,715,212669589,老单喜欢当cs,https://i0.hdslb.com/bfs/face/dde53256e2313abcb3ab2656fe751ee1200d8a56.jpg,100578,三角洲行动,208646,479,1501,1341,848,4562,0,0,7558
BV1fohnzXEvr,114953256241811,1,138,2155,搞笑,语言类小剧场,http://i1.hdslb.com/bfs/archive/be52382e8fb654a2dacd1e50a06d3941aba352ce.jpg,《我对骨头不感兴趣》,1754107199,122,3493260618106936,伤心欲茄222,https://i1.hdslb.com/bfs/face/1f0cb64d9b62da7db7e6e020b78b6872dbffe55c.jpg,3278172,"搞笑,八嘎,转转,配音小剧场",2229271,1478,1282,8052,3661,1896,0,57,205621
BV17Yh7zkEmF,114951461012611,1,243,2009,乐评盘点,娱乐评论,http://i0.hdslb.com/bfs/archive/f2a1b0f3725bfff2a68d7d53132357e0e22749fb.jpg,私信被冲烂！好，我摊牌了！旺仔小乔黑料到底有多黑？,1754020888,498,95730227,爱上大世界,https://i2.hdslb.com/bfs/face/386a559eb9434f9e893a1ac6d6ee4d90d0a47933.jpg,146561,"原创,搞笑,演唱会,吐槽,旺仔小乔,吃瓜第一线,娱乐资讯,网红,版权,热点",3046695,20017,4016,28926,14925,1501,0,97,86917
BV1y5hPz7EYp,114960000618033,1,172,2041,手机游戏,动漫剪辑,http://i0.hdslb.com/bfs/archive/0f4c13684bf2b3f15c4b43fd9ac4e5d8e7e6ff51.jpg,连夜把崩铁救世pv改造成了古早国漫op,1754150491,155,415461945,桑榆-w-,https://i0.hdslb.com/bfs/face/4536180267e37a9f66fa929394d4d48a0f80fc5d.webp,454,"剪辑,版本pv,崩坏：星穹铁道创作者激励计划,古早,国漫,开拓者,怀念,为爱追寻,op,黄金裔",117990,379,1676,6404,4309,2649,0,0,23016
BV1W4tgzXE4a,114969463034636,1,21,2154,日常,剧情演绎,http://i2.hdslb.com/bfs/archive/bacbede5fb1adaf113c060ee1654ce05947219eb.jpg,剪头,1754298098,113,3493085877111279,魏福一,https://i0.hdslb.com/bfs/face/e5361c44cf9b97d0374eb35d35e46d96d98271b3.jpg,178301,"搞笑,瓜子二手车",151571,171,249,1777,829,578,0,0,22534
BV1PYt5zNEKx,114971073585046,1,138,2020,搞笑,翻唱,http://i0.hdslb.com/bfs/archive/196602224f542867f8e5e906fa12b990cc75ace8.jpg,“可惜我们终于来到 航天的桥”——露娜&乌鲁鲁合唱,1754319657,67,400719755,火山泥_咖啡,https://i2.hdslb.com/bfs/face/91d7a65d6bc552212f08c9ad63d453ae6f4fe21c.jpg,24464,"填词,翻唱,三角洲行动,乌鲁鲁,句号,露娜,堵桥",132640,59,353,4451,1463,3484,0,0,15658
BV1ZDtEzMEeu,114974429023080,1,250,2145,出行,传统手工艺,http://i1.hdslb.com/bfs/archive/a0eed6d7ff525258a079aa0c9d14ce08077f2dba.jpg,“中式十大雅事 你最喜欢做哪一个呢”？,1754370731,125,3494364072380525,风景旅行收藏家,https://i2.hdslb.com/bfs/face/ace12fc4e32a46bc07aa82b15b705ed0cfeec5e8.jpg,1437255,"国风,风景,文化,中国,中国风,治愈,古风,传统文化,记录",664604,374,457,72110,4289,815,0,83,67525
BV1DvtFziEuG,114980166833033,1,31,2020,翻唱,翻唱,http://i0.hdslb.com/bfs/archive/19855905f117a965b75fd4c9b65ea75484b3f66d.jpg,请__带我走。,1754470800,129,4176573,Akie秋绘,https://i0.hdslb.com/bfs/face/64890269f4c6910518489f58ea4ce27e504c9f9e.jpg,627820,"全能音乐挑战赛,翻唱,奥莉安多幻想曲,请不要带我走。,Akie秋绘,虚拟主播,诗岸",153213,238,239,8278,2631,415,0,0,21760
BV1hLhHz6ECN,114953323289266,1,30,2023,VOCALOID·UTAU,AI音乐,http://i1.hdslb.com/bfs/archive/d92395ec75a419bbab873a6a6f59979cf5fa101f.jpg,【AI三角洲全干员】《天真的橡皮》人生呐 能不能放过我这一次,1754048723,170,487301495,饿了自己会捡垃圾吃,https://i2.hdslb.com/bfs/face/d4e066e460b1d948bdb99d7d1001a8ffeb731eae.jpg,256328,"娱乐,音乐,游戏,翻唱,三角洲行动,蜂医,麦晓雯,三角洲欢乐剧场,三角洲,威龙",912752,1648,1333,45048,5653,1863,0,0,55079
BV14ttjzjEWJ,114974110321978,1,17,2078,单机游戏,沙盒类,http://i2.hdslb.com/bfs/archive/cd9d1d0eaf62f6c121ab9bedfa7da43e615b1714.jpg,一口气看完，鱼卡嘴老年团的恐怖解密《毒药》,1754388000,3715,389407124,我的世界木鱼,https://i2.hdslb.com/bfs/face/c99f2ea3f47cf9c2ac0ba73519c715a2764ee0ba.jpg,2008862,"搞笑,游戏实况,恐怖,我的世界,木鱼,毒药,一口气看完,木鱼乐风,污妖王集团,整点电子榨菜",355665,13246,1831,19075,25680,1366,0,0,49193
BV1njtPzKEZC,114982045945089,1,47,2037,同人·手书,同人动画,http://i2.hdslb.com/bfs/archive/57d1ba97d3432e49bba022013f2867e2613a1000.jpg,第34集|钓鱼佬穿越修仙世界，差点被古代修士抓去挖矿,1754486830,696,3546666630121940,虾仁李建国,https://i2.hdslb.com/bfs/face/9f12be2fb72f876bb84ab375f7a2fd76ee1fe5fc.jpg,125943,"国产动画,修士,修仙世界",157119,1005,875,2675,12426,200,0,0,18840
BV1GutgzNEvg,114969395860253,1,137,2014,明星综合,娱乐综艺正片,http://i0.hdslb.com/bfs/archive/3f2969b181312eca1bd0d41da18422f2b6432d3b.jpg,【时代少年团】《小炸的暑假生活》03：暑假拍了部偶像剧,1754301600,1740,3546630773016865,时代少年团,https://i1.hdslb.com/bfs/face/cffb453787f60a1f13cd49deecc5974e2dad40ff.jpg,3410098,"时代少年团,小炸的暑假生活",1172317,263910,3217,16616,16399,2347,0,84,61892
BV1Vm8mzDEzA,114948659218976,1,130,2022,音乐综合,VOCALOID,http://i1.hdslb.com/bfs/archive/2f20023de74bd35ad1fb20af892a46f3adec70db.jpg,《全 世 界 都 相 信 你》,1754042400,173,34262915,瑞典厨师,https://i2.hdslb.com/bfs/face/0050db2b55c7ca35db6461c8f15f28efc56b8d42.jpg,479513,"音乐分享官,新世纪福音战士,重音テト,初音未来,VOCALOID,假面骑士,迈克尔杰克逊,崩坏：星穹铁道,草东,绝区零",623047,1478,1049,41257,7371,1358,0,0,58703
BV1dj8yz5EiV,114946880833592,1,252,2113,仿妆cos,仿妆cos,http://i1.hdslb.com/bfs/archive/28604945c7449f067cd5bdae5dd0d693529c7510.jpg,【第五人格】红夫人蓝皮-红心皇后仿妆来咯,1754046000,254,415897343,初九Haimon,https://i2.hdslb.com/bfs/face/5755ceca1459f9028973297abda9e60f02a30c13.jpg,1338437,"仿妆,美妆,COS妆,第五人格,红夫人,神还原仿妆大会",1921406,623,1034,58885,17833,431,0,70,150166
BV1a6hVzHEnf,114964480202926,1,47,2037,同人·手书,同人动画,http://i2.hdslb.com/bfs/archive/ce8e0af18f2f38c7921459ea5c54eb2cab9ea1b7.jpg,重生后，都有胆子和校花说话了【07】【第一季完结】,1754219089,732,654552,圆桌动漫,https://i0.hdslb.com/bfs/face/6c1421573d214809ca86aef25bdd23670e00128a.jpg,4747522,"恋爱,公孙雅柔,圆桌宇宙,瑶曦,萧凡",1404284,12449,2969,44698,23030,459,0,42,67567
BV1PgtPzgEnX,114982112988512,1,173,2001,桌游棋牌,影视解读,http://i0.hdslb.com/bfs/archive/79614795d57bf44e80ebdc021e941bbf40f8086d.jpg,三国杀up锐评新三国146：说出吾名，逗汝一笑！,1754532000,1548,8878219,吃蛋挞的折棒,https://i1.hdslb.com/bfs/face/de18d4ff5c0b5dc4c76a56a4ffde6bee9cea6bef.jpg,662341,"三国杀,三国演义,新三国,三国,影评杂谈",203165,5443,1587,1816,8178,282,0,0,13646
BV1PUt3ztE48,114970385847938,1,17,2079,单机游戏,其他游戏,http://i1.hdslb.com/bfs/archive/79a53b0c9476e8ee8939fc0e0bae5d995cbdaaad.jpg,“嘘！”偷偷玩小游戏，不要被伪人妈妈发现了！,1754309142,1218,218813697,游泳的艾米,https://i0.hdslb.com/bfs/face/30d2889a3fb2e8b64cd368489322dc9223225fe3.jpg,1063714,"恐怖游戏,妈妈,一命速通,steam游戏,伪人,整点电子榨菜",231460,1124,290,3846,1502,266,0,0,28189
BV1rytEzVEHM,114974496263161,1,228,2103,人文历史,工程机械,http://i2.hdslb.com/bfs/archive/9aed2f84935d4f10057d5161b7cce9c216613888.jpg,1.2万亿再造5个三峡，雅江水电站对中国意味着什么？,1754372103,427,26108626,赛雷三分钟,https://i1.hdslb.com/bfs/face/4eb764b8c6afc48ad1e7aaf84b0f58db3d4dbb3f.jpg,3232486,"地理,三峡,科普,雅江水电站,青藏高原,发电站,雅鲁藏布江,万物研究所",595229,2394,2508,4284,2852,943,0,0,48595
BV1Je8mz8EX6,114949078650658,1,21,2156,日常,UP主小综艺,http://i1.hdslb.com/bfs/archive/8798f06ef9238b8661bcb4e1904ff9cd9bdb4d86.jpg,别笑，你也过不了第二关《下一个是谁5》03,1754017200,3080,416128940,在下哲别,https://i2.hdslb.com/bfs/face/69b09e143c9e52261e08560795555970ef2e9a80.jpg,2804512,"游戏,搞笑,高能,综艺,对决,娱乐,原创,比赛,挑战,下一个是谁",3159661,64446,11222,88380,313242,7337,0,3,284526
BV1G3hhzNE3S,114958272566477,1,138,2154,搞笑,剧情演绎,http://i0.hdslb.com/bfs/archive/ebb5f79edd40d833961ee15bc49e8d3517fe1f09.jpg,《入类5.0》,1754132400,107,70429299,嘞是唐孃孃,https://i0.hdslb.com/bfs/face/7685255299c9892d57048aca5f960c59b6850533.jpg,1707609,"原创,娱乐,搞笑,暑假,校园,高中生,搞笑小剧场,转转回收,夏令营,转转",1147087,1296,666,4909,1326,725,0,0,93404
BV1nRt3zpEzS,114970587043367,1,251,2171,三农,动物综合·二创,http://i0.hdslb.com/bfs/archive/20dfd47739f3770f764cb01c6175039280fad5ab.jpg,上哪说理去！,1754312462,66,3493082429393058,老刘baby鹿乡一哥,https://i0.hdslb.com/bfs/face/6df686fe3fe1fec617868cd28900d8027615e3ac.jpg,22583,"生活记录,鹿产品,滋补",300072,300,405,867,1432,45,0,0,51501
BV1BitczRErb,114981374856931,1,215,2149,美食记录,美食制作,http://i1.hdslb.com/bfs/archive/bf397d666aefd132efd9716472ba68b838cd50f2.jpg,文科毕业生3.69吃一顿,1754477382,75,33903433,极品饭灵根z,https://i1.hdslb.com/bfs/face/b85167a5feb1ae3547009e6efe6029b6aca5da4b.jpg,588807,"美食,生活记录,拌面,大学毕业生,Vlog",200501,193,338,1108,587,226,0,0,23168
BV1Dnt5zVE7u,114970939495764,1,17,2079,单机游戏,其他游戏,http://i1.hdslb.com/bfs/archive/251212e70bb396b836727dc341bf2038b23b3925.jpg,【全熟】塔菲视角全程解读虚环喵,1754317466,1562,1265680561,永雏塔菲,https://i1.hdslb.com/bfs/face/5ddddba98f0265265662a8f7d5383e528a98412b.jpg,1330975,"养成,手游,虚拟偶像,二游,虚环,战斗,实机视频,腾讯游戏,永雏塔菲,虚环挖梗大赛",453562,1545,1667,3317,2638,5139,0,0,16327
BV1fgtEziEdf,114975066690122,1,27,2041,综合,动漫剪辑,http://i1.hdslb.com/bfs/archive/7445bbf91941dcbadbfc96386f64677b45d238c9.jpg,《上阵父子兵》,1754451000,1254,5024187,龙三条,https://i0.hdslb.com/bfs/face/7320c782f78cc54904ec31dc07d56c1478b81060.jpg,1303267,"搞笑,搞笑美漫,AmericanDad,名场面,美漫,美国老爹,出生,Steve,Stan,搞笑美剧",189475,1127,401,1369,648,327,0,0,9018
BV1uVhJzNEtw,114952518110343,1,21,2186,日常,恋爱关系,http://i0.hdslb.com/bfs/archive/40c5905811c1b13d196645449691f09b933d9997.jpg,男人的谎言 只有男人懂,1754043600,135,1594125242,我是于事_Sh,https://i2.hdslb.com/bfs/face/fa8f97e0972d5b117c834f25cffff608f16008b3.jpg,253703,"情感,双开门霸总,这个男孩能嫁吗,于事讲男人,女生必看",882917,1545,2429,20870,3732,7873,0,0,133229
BV1AbtczhEnn,114981458806019,1,65,2071,网络游戏,射击游戏,http://i0.hdslb.com/bfs/archive/594947f2da296be06f2f436c65440b26c17de76d.jpg,墓铭而来，一枪五杀名场面,1754477859,52,1045385812,CSGO-欧皇雷,https://i1.hdslb.com/bfs/face/d8468dce40433caea6f3359b96ed615d66c6d5c2.jpg,8928,"CS,CSGO,CS2",255009,52,166,3178,747,631,0,0,17212
BV18JtAz5EoY,114982666638961,1,250,2162,出行,农村种植,http://i0.hdslb.com/bfs/archive/91fa87798c64157b8e99e3160d2b358a71275afd.jpg,柴达木枸杞 遥远的向日葵地 数不清的红柳 马海的惊喜不止如此,1754539747,719,99530095,赵朔西行漫记,https://i1.hdslb.com/bfs/face/04e94ee63762e20354ab8ecf59d62f5969b2cc3b.jpg,738556,"柯基,夏天,旅行,bilibili出行奇遇记,捷克狼犬",61032,3202,2785,1714,12314,181,0,0,12864
BV1bjhJzwEHj,114952551538089,1,212,2149,美食侦探,美食制作,http://i0.hdslb.com/bfs/archive/54ab48611821867a77656248bf8abbbbad51d908.jpg,当我为60岁东北阿姨密谋了一场突然的旅行，奇迹的一幕发生了…,1754038988,1999,99157282,盗月社食遇记,https://i1.hdslb.com/bfs/face/c7fb5da587c2ec6b56ad47579933fda34c000457.jpg,8226896,"家常菜,厨艺,美食制作,美食教程,快手菜,华为Pura80,#鸿蒙越用越香,#今日的饭,三姐妹",2666209,2710,947,6194,14102,715,0,0,42617
BV1SX4fzKEvb,114980368286987,1,137,2014,明星综合,娱乐综艺正片,http://i2.hdslb.com/bfs/archive/b5b77fb3ba60284d5fcae56c3966a31044a1d934.jpg,【TF家族练习生】《肆意夏令营》EP05,1754478000,2902,3670216,TF家族,https://i1.hdslb.com/bfs/face/1c74336b9060d40d0ccf5e8bce7c0de34526b1e3.jpg,6941358,TF家族练习生,791949,406134,4339,10399,3640,717,0,0,34771
BV1MxtjzmEje,114974059923130,1,215,2152,美食记录,美食记录,http://i0.hdslb.com/bfs/archive/2a891c29d7f72da2c23f26a9f329e2d2f77fff20.jpg,一场铁板与美食的碰撞,1754365466,157,1983705001,明天谁做东,https://i1.hdslb.com/bfs/face/5b2465cc10918e1b6c0683a192d53716294a31d8.jpg,606993,"办公室,美食,铁板",1483192,225,272,3493,872,437,0,0,60923
BV1CUtwzvEDS,114980586261417,1,212,2150,美食侦探,美食探店,http://i1.hdslb.com/bfs/archive/8d0616003c17434dc66712a2f22e58dacd80a6f1.jpg,老王带爸妈来新疆，一家普通的苍蝇馆子却隐藏着不为人知的故事……,1754472000,715,3537122973714533,老王在中国,https://i2.hdslb.com/bfs/face/5cc0f66946ba560d0ccbd8e5bffc45ac94793cf4.jpg,3446441,"歪果仁,街头美食,新疆,舌尖真探事务所,老外在中国,故事,爸妈,苍蝇馆子,美食探店,手抓",1119759,6337,3957,14640,119926,1751,0,28,106433
BV1N9hVzkEkc,114964597576860,1,228,2090,人文历史,人文历史,http://i2.hdslb.com/bfs/archive/7a96ad16b45848855b18d1080aff4fa0615377ce.jpg,德国精心策划的巴巴罗萨行动为什么会失败？【三木说31】,1754229820,1310,86588581,三木説,https://i1.hdslb.com/bfs/face/40f4143b5242c38cddc9d3c4cf68d3524d7fdfa9.jpg,722090,"二战,历史,人文历史档案馆,巴巴罗萨",749522,4159,1811,10012,2764,538,0,0,21258
BV13itwzyEPB,114980988983386,1,215,2152,美食记录,美食记录,http://i0.hdslb.com/bfs/archive/785deb5f2837606f06dfe8b9e56e18b9698720ba.jpg,巧克力炸鸡排咖喱火鸡面福袋年糕麻酱关东煮,1754470834,273,35303757,巨爱吃的周黑鸭,https://i0.hdslb.com/bfs/face/aed6a48f41dbf5053d69cdfdf44ff31850fb1cf1.jpg,2612831,记录我的美食日常,444933,667,531,3198,1000,682,0,0,38218
BV1dVhAzFEdC,114941612922357,1,220,2171,动物二创,动物综合·二创,http://i2.hdslb.com/bfs/archive/c1e844be5c130e7bba6f4378d9758412111f88e7.jpg,那些动物们的用餐时间！,1754040600,479,43484780,蒙哥马利愛学习,https://i2.hdslb.com/bfs/face/e13340353698301f500dc66a0328d1a8e38c9e75.jpg,674287,"汪星人,动物世界,动物,喵星人,神奇动物,搞笑动物,可爱动物,萌宠日常,动物观察,萌宠过暑假",631942,989,217,5176,1009,780,0,0,42123
BV14s8Sz5EcT,114949749738754,1,27,2152,综合,美食记录,http://i2.hdslb.com/bfs/archive/1e2bcc191d58163f5dbfeb83eba83e83b57e27ae.jpg,在BW上收到了粉丝送大米的日本妹妹,1754010000,334,1485277312,真红莉爱Official,https://i1.hdslb.com/bfs/face/1451214f8359f0e51b0fa6d5aaa1b79f6a1886ed.jpg,701939,"美食,高能,虚拟偶像,旅行,搞笑,日本,vlog,真红莉爱,日本吸血鬼,VUP虚拟日常",345469,1358,1140,3442,1335,253,0,0,29206
BV1UrtwzgEt3,114981005694990,1,138,2044,搞笑,动画配音,http://i0.hdslb.com/bfs/archive/054650f8cb9ee56be9f7dbf8b9f34ae809632a48.jpg,老师 你是不是有点针对我们屋头吹风机？,1754478300,207,32606879,果子哥哥工作室,https://i2.hdslb.com/bfs/face/3207eb734d67495ab49d94ec48ba22376bba770c.jpg,1285991,"重庆方言,方言配音,果子哥哥,小猪佩奇",408562,145,257,9791,979,728,0,0,14196
BV1wP4dzGEEv,114976693949189,1,212,2150,美食侦探,美食探店,http://i1.hdslb.com/bfs/archive/92a6a58a9240500ec2e58f1c761ad3727eae0234.jpg,日本社畜吃点啥？同事推荐の平价社畜人气寿司居酒屋，好！免除一死👋🏻,1754405569,210,15874359,大阪流浪社长,https://i0.hdslb.com/bfs/face/e056229473e236e0a9d2b0bf8719ce1192b27c0f.jpg,429204,"日本,日本料理,寿司,刺身,大阪,日本生活,探店,日本vlog,日本海鲜,假期美食特种兵",256309,358,466,1441,1204,326,0,0,23099
BV1Vz4RzbECQ,114976962384433,1,17,2078,单机游戏,沙盒类,http://i0.hdslb.com/bfs/archive/46e9a6ecd96ec7b4b6e07760c0f3572e8d6e0f00.jpg,用科技之力对抗折磨恐怖生物，孩子……【邪恶科技生存01】,1754445900,419,330215598,WakeyJakeyWJ,https://i0.hdslb.com/bfs/face/7c90d857a092674fd834908006fb4f7414229192.jpg,58406,"我的世界,游戏,生存,沙盒游戏,搞笑,机械动力,像素风,mc",45295,288,168,2275,779,108,0,0,9459
BV1HVh3zwEvy,114963943262344,1,95,2100,数码,手机,http://i1.hdslb.com/bfs/archive/e2eeadf8d845ae9dca5b16442e288ad24513d978.jpg,手机实体店，绝望对话,1754210855,490,3546902624733812,海虹数码葛小强,https://i2.hdslb.com/bfs/face/c05f06a21556350b28c1967ded6b73483b3b471c.jpg,74819,"创业,手机,互联网",573642,2491,2899,1596,655,1059,0,0,12094
BV1d4twzSEWq,114980888254409,1,243,2026,乐评盘点,乐评盘点,http://i2.hdslb.com/bfs/archive/b35d1dee4442c393d2b5542e6d3203888f769c1e.jpg,J-pop人最爱的一集！Spotify上最火的100首日语歌排行榜，首首破亿，《Lemon》竟然没进前十？,1754469674,9887,14577351,小小佐仓千代,https://i0.hdslb.com/bfs/face/015073c2acd9b8a289be2ed80628479fd85287c5.jpg,526005,"音乐分享官,米津玄师,日语歌,YOASOBI,Mrs. GREEN APPLE,J-pop,jpop,Ado,藤井风,夜鹿",40409,959,421,2155,1127,150,0,0,3933
BV1ont3z1Ems,114970754880987,1,17,2074,单机游戏,音游舞游,http://i1.hdslb.com/bfs/archive/2acb2ecc05523f2dbe01b25e692a4924cae75188.jpg,他是我可爱的儿子啊！,1754314777,103,14576879,里昂聊游戏,https://i2.hdslb.com/bfs/face/5a5d2e7392187a3d76109619d05f7c011c724b95.jpg,1713216,"善良勇敢,文静内向,阳光男生,推荐宝藏游戏",593596,371,241,10998,740,164,0,0,20293
BV1RHh8zBEMV,114958809499858,1,86,2048,特摄,特摄,http://i2.hdslb.com/bfs/archive/86c48d9690e09c57882c58ef620027c6ff0d878f.jpg,"【𝑼𝑳𝑻𝑹𝑨𝑴𝑨𝑵 𝑶𝑹𝑩】""漂泊的太阳，游历四方的浪客！""",1754184900,135,1717489903,白茶YAO_,https://i1.hdslb.com/bfs/face/79f2df750b97c84c4c7842516dd4fab471135f38.jpg,45979,"MAD,奥特曼,赛罗奥特曼,特摄,4K,迪迦奥特曼,动画种草激励计划,燃,欧布奥特曼,伽古拉",95593,1114,536,7107,2726,310,0,0,16718
BV1wxtMz1Ewm,114968305343425,1,213,2064,美食测评,单人RPG游戏,http://i1.hdslb.com/bfs/archive/5d0166b14d8911cd371938e6ed629685f56d78e2.jpg,明日方舟太好玩了，太有意思了，一点也不杀熟，必须玩到关服！,1754277467,316,1205045754,不信邪的斯坦,https://i0.hdslb.com/bfs/face/155d807e6142dc5e5d678146843eb1592266f1ce.jpg,521470,"策略游戏,抽卡,二次元,明日方舟,美的太太,塔防",410607,3312,3195,1823,2104,1829,0,0,35914
BV1Ac4dz5E5G,114976794613247,1,245,4216,赛车,骑行,http://i2.hdslb.com/bfs/archive/a3e80acbe2f1227c0d84529ed0ddf7d3b4b10522.jpg,“刚发车，老哥就开始恢复体力了”,1754472600,1173,5321968,尽墨for车,https://i1.hdslb.com/bfs/face/3db9c7c546cd955cc1f7a1300910f9314e62a86d.jpg,1453780,"搞笑,山地车,娱乐,极限运动,沙雕,山地速降,阿B车友俱乐部",143195,915,264,801,930,112,0,0,9575
BV1N5tKzLEeZ,114982968629445,4,172,2064,手机游戏,单人RPG游戏,http://i0.hdslb.com/bfs/archive/4715c0bd16b818f076e00bc0518a001dd799c0e6.jpg,《原神》角色逸闻——「伊涅芙大改造」,1754539200,385,401742377,原神,https://i2.hdslb.com/bfs/face/853c4a846793dfbdafd8f16a40d6d8065bdb7c6f.jpg,20090219,"原神5.8,伊涅芙,米哈游,miHoYo,原神",585443,8549,4179,12910,22958,5706,0,0,88400
BV1PEhPz1E3n,114959950354681,1,256,2039,短片,cosplay,http://i2.hdslb.com/bfs/archive/31fb73707a7866e5f84c65c736bd595667d2a750.jpg,Cos汉尼拔去CJ找食材,1754211600,155,3546666904848576,汉尼扳,https://i0.hdslb.com/bfs/face/34ed1308d18d7f103960aa798d7020e1a10cfd7e.jpg,1752521,"汉尼拔,CJ,荣耀GT,拔叔教你做人,荣耀400,荣耀平板GT2Pro,荣耀平板在CJ现场成电子鸡蛋,CJ漫展",722718,22232,2264,5220,3164,1474,0,0,91969
BV1yzhjzUEd6,114967080606076,1,27,2044,综合,动画配音,http://i1.hdslb.com/bfs/archive/140fac4ae124f08d39e24060885e994958965146.jpg,压！！！力！！！！！,1754265900,94,3493118460561869,江肥肠,https://i2.hdslb.com/bfs/face/5ad1e69ce0cfea9665b6f2b682fa989e213fa621.jpg,2134566,"配音,爆笑虫子",2633328,833,699,62698,3584,2932,0,62,96389
BV18Mh7zfEdW,114966761839668,1,65,2071,网络游戏,射击游戏,http://i0.hdslb.com/bfs/archive/c070c513348e212a12cd54bccbe0d3d93fc329c4.jpg,【大面包】当你用显卡雇佣大哥护航，会发生什么？,1754278200,573,87898782,无糖大面包_,https://i0.hdslb.com/bfs/face/417f99b730f7496f7de25692d80def7307b3561a.jpg,28434,"射击游戏,搞笑,娱乐,FPS,三角洲行动,爱鼠tv,无糖大面包,鼠鼠,摸金,三角洲破壁新赛季上线",416565,408,568,5178,904,54,0,0,14274
BV1jLtEzAEFH,114974747795302,1,182,2004,影视杂谈,影视正片搬运,http://i2.hdslb.com/bfs/archive/e495e40043a3f25d51c7f3a31f9a68ad5b3ee879.jpg,【雍正王朝72】万众期待的殿试大选终于开始啦！,1754388000,1228,70942172,貔柴,https://i2.hdslb.com/bfs/face/494eda60f33565f86892820e687d502c52b04c84.jpg,807957,"唐国强,张廷璐,每日一贤,雍正,雍正王朝,刘墨林,好剧好片重刷榜",289824,1671,521,1097,2448,96,0,0,10902
BV1bctwzBEAz,114981106423367,1,95,2099,数码,电脑,http://i2.hdslb.com/bfs/archive/e8b2a82ba88329d3338f67ec79927dd7abbb2c60.jpg,即便到顶级，依然性价比！14999！9800X3D+RTX5080+2TB+48G+B850+360水冷！,1754481600,269,470231396,装机侠林BB,https://i2.hdslb.com/bfs/face/73d6ff6f3fec7ab6c043ab7a5c97074c938ffcfe.jpg,571911,"显卡,科技,装机,数码,电脑,性价比,电脑装机,整机,配置推荐",86237,166,510,1434,1120,431,0,0,3101
BV18ftAzmEJN,114982029167388,1,122,2207,野生技能协会,随拍·综合,http://i0.hdslb.com/bfs/archive/2f7068a07306ad414d4c2498b063b7e5180aa39d.jpg,出门摆摊，免费小家电维修，公益维修，第二期来了,1754487465,1186,397526548,技术小杭,https://i1.hdslb.com/bfs/face/a12befc71b047f1b45ae32eeebc46cf1e40dc888.jpg,32706,"公益,电工,经验分享,维修,第二期,小家电",336170,2843,1841,2298,18488,332,0,0,27103
BV1kshKzEEDH,114960923367512,1,208,2084,校园学习,应试教育,http://i0.hdslb.com/bfs/archive/6ae77ac999fe6db883e94afbc9511452bdaad3dc.jpg,分享一个，从山沟小镇到清华的学习故事,1754186400,878,14229967,一数,https://i1.hdslb.com/bfs/face/812281bada7d323c23c6e1e2e92749bd29b7d7c6.jpg,20517703,"学习,数学,高考,bilibili高考季,考试资料,考前复习,高中,中考",956362,4052,2880,26596,16097,2852,0,60,101437
BV17Zt3znEjM,114970620595607,1,171,2070,电子竞技,MOBA游戏,http://i2.hdslb.com/bfs/archive/7ee2cc17352c806e0f950d4516b4de043d1d8251.jpg,邪修流诸葛亮：版本T0对抗！全图可飞！最新逆天科研！,1754312758,157,13972445,老凡Fv,https://i2.hdslb.com/bfs/face/3687d8cbb96a3816ac3868ab17fe0093fd29d957.jpg,591738,"手机游戏,诸葛亮,电子竞技,王者荣耀,王者荣耀夏日盛典,101俱乐部,诸葛亮 白泽动物园园长,诸葛亮教学,对抗路,王者荣耀山海皮肤",405500,73,342,12794,909,643,0,0,10674
BV1n7h3zbEsB,114963960045038,1,251,2166,三农,农村生活,http://i1.hdslb.com/bfs/archive/466626e0724caaffb27279da97116a2bb3d9d30b.jpg,解救咪咪......,1754222400,338,143845192,念叁叁叁,https://i1.hdslb.com/bfs/face/3e9a9ed8cf8b0c7221b3e810d9e1e8ff7e6cf7b9.jpg,272550,用星露谷开启我的农村生活,296509,442,427,1372,1298,816,0,0,37732
BV1W5hVzuE2x,114964832459956,1,182,2001,影视杂谈,影视解读,http://i2.hdslb.com/bfs/archive/f5e4c9a4666dc200b4e16a7c072b6f912702e0bf.jpg,一部《南京照相馆》，炸出多少妖魔鬼怪！,1754224463,362,5870268,三代鹿人,https://i0.hdslb.com/bfs/face/a915d1a1ff921cd418e74c5711c91b23e2a18c11.jpg,6361576,"刘昊然,南京照相馆,申奥,王传君,高叶",3929000,11589,7938,88106,129409,7245,0,3,286838
BV13Nh4zXEKd,114956661953789,1,220,2170,动物二创,野生动物·动物解说科普,http://i1.hdslb.com/bfs/archive/173f7340a8837155fb9f83f08e2a90290ee02df2.jpg,野生摄影师老金的“疯狂日常”！,1754099742,182,3546748735719956,老王动物园_,https://i2.hdslb.com/bfs/face/e5be74cd03f1509f42c0f6e7adc6d06067d4ed96.jpg,219671,"摄影师,动物世界,萌宠过暑假",1045831,191,96,14915,1803,501,0,0,31261
BV1Z5h8zVE9N,114958557842158,1,215,2152,美食记录,美食记录,http://i0.hdslb.com/bfs/archive/8f7cb4476d91611bdce77c7de50a83959bceb16f.jpg,【小石奶凶】今天捡脂，只吃两个烤鸭卷…,1754128890,90,259713513,小石奶凶不月半,https://i0.hdslb.com/bfs/face/06483c6cc903d43639cf43069e88ab3bc860f4a6.jpg,1085628,"生活记录,吃货,Vlog",1090777,377,262,6900,557,261,0,0,44313
BV1NztEz2EsQ,114974479356773,1,242,2076,娱乐粉丝创作,女性向游戏,http://i0.hdslb.com/bfs/archive/2572e091c58f43053edd2a29d08ae5fe2905ab96.jpg,【无限暖暖x生生世世爱】超丝滑国风一键换装，乘龙飞入谁的记忆？,1754452800,97,25592782,Wink眨宝momo,https://i1.hdslb.com/bfs/face/dda6a2cef813337d42158dd7b8f55dcb35cdbd51.jpg,414255,"暖暖,混剪,游戏,仙剑奇侠传,无限暖暖丹青季,开放世界,换装,nikki,无限暖暖,游戏换装",180357,146,341,2677,6400,969,0,0,13153
BV1SgtJzsEZb,114974143812183,1,17,2077,单机游戏,休闲/小游戏,http://i1.hdslb.com/bfs/archive/d70428177e1611a3de87ba72a486b7c6998bbb17.jpg,我啥都不敢说啊,1754384400,157,85749956,W-y小宇,https://i2.hdslb.com/bfs/face/7abfc0ae0127969ea01132d1bb8f0f2ba0345f71.jpg,224752,植物大战僵尸,987184,439,591,35387,1583,10085,0,72,72477
BV1hshNz8E81,114959161820485,1,254,2174,亲子,儿童才艺,http://i2.hdslb.com/bfs/archive/200f20b7c4db1fcf48d3b6d0aafbd4b629dba7b5.jpg,嗯对，法修散打！！！,1754137780,24,116727704,嘟嘟小桑麦,https://i2.hdslb.com/bfs/face/aeaa251cf29d66ce6132a0241a2c17518eee4526.jpg,2068,"搞笑,生活记录,记录",919325,2033,9319,4406,7323,1567,0,0,163110
BV1nDtFzsEG5,114979797994493,1,137,2014,明星综合,娱乐综艺正片,http://i2.hdslb.com/bfs/archive/7b0c114d92e00af68b51e3b286769b2f5dbab822.jpg,[GOING SEVENTEEN] EP.130 水中求生 #1,1754481600,1572,692206640,SEVENTEEN,https://i2.hdslb.com/bfs/face/6e38f8bbbc91684eea8cac8b4b49f2a5da7623e2.jpg,2026915,"SEVENTEEN,GOING SEVENTEEN",275100,37355,1404,3764,5783,1407,0,0,18422
BV1WihxzkE3s,114956712283985,1,216,2063,鬼畜剧场,鬼畜综合,http://i1.hdslb.com/bfs/archive/ca5a733e6fcc8af37247a9f1521b1140d81b4cb0.jpg,当 韩 红 遇 到 旺 仔 小 乔,1754101075,124,7098437,天天吃八碗,https://i2.hdslb.com/bfs/face/43ea324534e97601266bcd56d0fc9b833f03d413.jpg,184812,"鬼畜,旺仔小乔,你给我刷过几个子儿,韩红,转转",857343,4175,642,7288,2125,2649,0,0,46152
BV1h98mz2EL3,114948860611114,1,17,2078,单机游戏,沙盒类,http://i2.hdslb.com/bfs/archive/8076de414bdb69de700c4a2813066ffdc8b36ecd.jpg,这是”老六“陷阱！,1754013600,459,29252533,幕川北,https://i1.hdslb.com/bfs/face/e04019772132a134aadbada24aaccbb1bb0dea60.jpg,2591027,"万物皆可游戏,游戏实况,游戏,搞笑,单机游戏,游戏集锦,我的世界,实况解说,游戏解说,单机联机",736545,1370,743,12918,7612,319,0,0,51722
BV12zt3zYE1E,114970821986949,1,212,2150,美食侦探,美食探店,http://i2.hdslb.com/bfs/archive/0fed52e9d7dae5f280ebd853c4c744c11e3a08f3.jpg,天津60元羊肉煲自助，肥美羊排羊杂不限量畅吃！性价比爆赞！,1754315728,455,8263502,橙飞一下,https://i2.hdslb.com/bfs/face/86fbb87fdf4d5ec1ba3bb7b56131d8265d36ffcd.jpg,2091905,"自助餐,美食,舌尖真探事务所,羊排,羊杂,羊肉,性价比,光盘行动,天津,探店",613351,952,1134,2045,1745,2279,0,0,23554
BV1RbtwzEE2E,114980871475347,1,212,2150,美食侦探,美食探店,http://i1.hdslb.com/bfs/archive/225e4c321b06427499d402f5d1f0ef970c364957.jpg,1280元高端和牛烧肉omakase，主厨说要让每位食客吃饱，吃完想续什么尽管提～,1754476500,993,1244310984,温油辣辣U,https://i0.hdslb.com/bfs/face/4537c9f338b7f157002a571e2f73ffcd4e636a56.jpg,807875,"记录我的美食日常,和牛烧肉omakase,帝王鲑",327431,617,307,4016,3122,390,0,0,15266
BV1sJgHzLEis,114896532407637,2,172,2064,手机游戏,单人RPG游戏,http://i2.hdslb.com/bfs/archive/e4bf284fa9759d9eac21a95bd0138f139cef7bb8.jpg,《重返未来：1999》×《刺客信条》联动版本特别预告片,1754452800,66,1197454103,重返未来1999,https://i2.hdslb.com/bfs/face/6a1936d5cb5b315311fedbf2d4793c4d404cac83.jpg,2788906,"主机游戏,刺客信条,手机游戏,刺客信条奥德赛,重返未来：1999,重返未来联动,重返未来刺客信条联动,刺客信条2,刺客信条联动,重返未来1999",528381,258,1964,3499,2585,2405,0,0,22709
BV1YNhJzzEzV,114952601864978,1,213,2151,美食测评,美食测评,http://i1.hdslb.com/bfs/archive/2240fcb20437cacb5eae77c91550b2b542815fed.jpg,曹式鸭脖变态辣，皇上驾崩了！,1754038192,426,24204802,赛亚人阿廖,https://i1.hdslb.com/bfs/face/74dadbae0d4d16fc70a4911e5bf57e2b69a090f6.jpg,451079,"曹式鸭脖,美食测评,爆辣,吃辣挑战",2194169,3091,1159,21785,3681,1691,0,0,78541
BV1nQt3zsE2J,114970419266894,1,219,2168,汪星人,狗,http://i0.hdslb.com/bfs/archive/e55f61c238ac7df25fe0ff8b2aa0401298376854.jpg,爱吃苦瓜的小八戒永远离开了,1754309940,511,509278225,豫西小丁,http://i1.hdslb.com/bfs/face/aac093c74838f2fa54118da43a6b9419b9f62087.jpg,769216,"高加索,白菜,八戒,苦瓜",468225,4308,5430,2591,25114,1430,0,0,41406
BV1qrtvzJEgo,114985502051544,1,157,2115,美妆护肤,箱包配饰,http://i2.hdslb.com/bfs/archive/177d920c9187ea46fcc6e3bd01eda9f55e891bf1.jpg,临时翻包！我们的包里居然放这些？,1754540361,254,1072317049,宝剑嫂的小世界,https://i1.hdslb.com/bfs/face/321f06cceb4e69d6dce812c48a06cfcb40db51c5.jpg,696964,"日常,美妆,生活,包包,搞笑,绵羊料理,vlog,分享,宝剑嫂,普通人变美指南",103483,256,481,1180,1363,136,0,0,13165
BV1rZtPzTELz,114983740377311,1,172,2064,手机游戏,单人RPG游戏,http://i2.hdslb.com/bfs/archive/bbe36c1e67803a9d86c857eeb4a11c1544f98116.jpg,三船光平·二阶段 VS 全近战六星，超雄老登！【明日方舟】,1754539200,873,13371339,樗柒ヽ,https://i0.hdslb.com/bfs/face/cf77b77f76a2fa844b02511df450383fd0182463.jpg,498305,"娱乐,阿米娅,整活,明日方舟创作者应援计划",141996,937,462,699,634,130,0,0,7859
BV14dtJz9Eux,114975855083824,1,21,2082,日常,社会资讯,http://i2.hdslb.com/bfs/archive/8ee5868cdfa8e977cf8650e1b1262d8d227f261b.jpg,女生晒旅行合影 被盗图造谣“6姐妹征婚彩礼10万”  法院判了！,1754392517,178,433587902,央视频,https://i2.hdslb.com/bfs/face/2650856709fe272aa5cf9c89a053c095d7b252e4.jpg,3994090,"今日说法,网络,征婚,盗图,造谣",289360,942,2335,1749,2169,587,0,0,30130
BV1pvhWzvEXG,114953944046809,1,250,2158,出行,旅游记录,http://i1.hdslb.com/bfs/archive/bfc931c24be78267dd7ba1698228113e8a2d7cce.jpg,入住全球最臭的三和酒店是什么体验｜解压大改造,1754058598,717,388965067,陶一杭Steven,https://i1.hdslb.com/bfs/face/a4d36a09db35aa373323f3b9c2d2d2ae8f894873.jpg,105213,"日本旅游,改造,盲盒酒店,跟着UP主看世界,日本三和酒店,日本生活,酒店,Vlog,旅游vlog,旅行VLOG",638417,3050,1210,8941,10849,1336,0,0,38076
BV14shWzGEQP,114953793048219,1,138,2155,搞笑,语言类小剧场,http://i2.hdslb.com/bfs/archive/0e528a2844ce0a894d1f4ee106a8aed70267f068.jpg,二狗的现场已经颠了...,1754132400,263,391133521,一支麦二狗脱口秀,https://i1.hdslb.com/bfs/face/4b4311299343d1ff07103982803c944edd1f46a1.jpg,175760,"搞笑,脱口秀,搞笑小剧场,二狗脱口秀,一条名叫爱情的狗,二狗全球巡演,脱单,互动,交友",700731,330,334,3869,12365,1552,0,0,53929
BV1VXtGzCEFh,114970016682025,1,201,2082,科学科普,社会资讯,http://i2.hdslb.com/bfs/archive/ae7a94710df676b498d4fbfa9bd389f6e9335f24.jpg,网购鸡爪“缩水”，直播带货“鬼秤”何时休？,1754303337,396,439478093,中国食品报融媒体,https://i2.hdslb.com/bfs/face/41703cc47175657261e088a1efb4906da542719e.jpg,4078412,"直播带货,打假,虚假宣传,乱象",205967,473,1029,884,1314,260,0,0,17458
BV1SAhVz2EmY,114965151292415,1,22,2063,鬼畜调教,鬼畜综合,http://i1.hdslb.com/bfs/archive/7461e233946eb68823182d21774bbb0f9a9fb7cb.jpg,“你 管 这 叫 女 神 ？”,1754236799,96,30222764,洛温阿特金森,https://i2.hdslb.com/bfs/face/8991695154e980e8986b35a78e44bf52c8173b06.jpg,1218258,"鬼畜,杖剑传说手游,杖剑传说龙之国,杖剑传说素晴联动#,素晴,为美好的世界献上祝福！,杖剑传说",204029,88,237,3057,1060,189,0,0,17762
BV1hat3zMEAw,114970838697059,1,213,2152,美食测评,美食记录,http://i2.hdslb.com/bfs/archive/524e668fe023629d3cf01b49b1c95cdccfa04491.jpg,云南大理生吃猪，猪皮40元一斤，肉15元一斤，一天卖3头猪,1754359200,140,470990524,小食光光,http://i1.hdslb.com/bfs/face/3e46a8fd368745553ab9a86a0195947033e67ad3.jpg,172869,"街头美食,云南,大理,传统美食,生皮",1259898,471,1079,615,591,624,0,0,14553
BV1XhtVz2EvS,114971476296963,1,65,2071,网络游戏,射击游戏,http://i0.hdslb.com/bfs/archive/1216d45592ab1057c437c5725c22bad198f0b7e5.jpg,三角洲行动 只要3万+制式卷就有满改S级武器！火力卷改枪最强优化教学！【紫色-火力】,1754364600,283,52717408,Always聪聪,https://i1.hdslb.com/bfs/face/d6573681e12901cbbf26a242102c727bac4d020a.jpg,1054982,"射击游戏,FPS,三角洲行动,三角洲行动改枪,教程攻略,三角洲,三角洲破壁新赛季上线",666313,273,934,18877,1352,975,0,0,24647
BV1Fnh3ztEAX,114964127948386,1,218,2167,喵星人,猫,http://i2.hdslb.com/bfs/archive/c34c4a1b6a2aa37a742c4c43c43a90be4e5952dc.jpg,有爷爷的小猫像块宝,1754214289,371,3546720564676999,曲洋的不苦小院,https://i1.hdslb.com/bfs/face/4c2bc0236bb8bd0439d4e88bfad0bfef42c4faca.jpg,82053,"爷爷,猫咪,喵星人,小猫,关爱流浪猫,流浪猫",1624531,1482,1855,36970,106525,5459,0,5,281419
BV1Uut7z7Exj,114973321729589,1,172,2073,手机游戏,动作竞技游戏,http://i0.hdslb.com/bfs/archive/cda66797d8356df8224fee25edeb4616222cf957.jpg,幻术吗？什么时候！,1754353977,90,3493279263886065,教主世一段,https://i0.hdslb.com/bfs/face/4783d94ef9b9cda281c5d2bf0432d4b362591af6.jpg,230799,"火影忍者,火影,火影忍者手游",127993,115,253,2396,12264,86,0,0,24864
BV1g5hhzAEbi,114958171904160,1,138,2152,搞笑,美食记录,http://i0.hdslb.com/bfs/archive/3bcd59512796fe015acca660d3aad7e7fecd836f.jpg,挑战花10块钱吃一天减脂餐,1754128959,115,1051357359,只因宝宝儿,https://i0.hdslb.com/bfs/face/388e768e96f9cda453defe6955c5f2f89344339e.jpg,833992,"拼好饭你变了,补贴是一时的拼好饭是一直的,点拼好饭只有0次和无数次,重要的事情值得拼一下,拼好饭6.9元盲盒,挑战吧！20元拼好饭吃一天,拼好饭6块9盲盒抽孙颖莎周边,减肥餐,美食记录,美团拼好饭",6461940,2540,1148,18161,3619,1965,0,36,249605
BV1f1hAzTENh,114940924923303,1,201,2094,科学科普,科学科普,http://i2.hdslb.com/bfs/archive/2dd6d6a6835d38fadcaa42305fd4e71404ee0558.jpg,人类为什么是自然界中的传奇耐毒王？,1753959600,195,1271916102,上将王司徒,https://i0.hdslb.com/bfs/face/1382786fbc113f7037b3bd4305166085611f737e.jpg,2279915,"生物,自然,人类,科普,生命,科学",2933966,6312,1954,15615,2833,923,0,51,154813
BV1pvtAzPE9y,114982297538736,1,201,2207,科学科普,随拍·综合,http://i1.hdslb.com/bfs/archive/2911028409a1845787ac2ead1368a57545a5bd19.jpg,新暴雨冷空气来了：广东暴雨区将向北转移，南方桑拿高温即将增强,1754491082,222,547072854,中气爱,https://i0.hdslb.com/bfs/face/e5f6be30a18988ed92f677e6a47a346270172081.jpg,2626238,"暴雨,台风,桑拿,梅雨,酷热,干旱,40度,特大暴雨,万物研究所",321688,940,1718,842,783,1297,0,0,20294
BV1imhHzUEVv,114952769706755,1,182,2009,影视杂谈,娱乐评论,http://i0.hdslb.com/bfs/archive/0dce04204117e78979873e29026fbd64b16a91ac.jpg,13岁前乞讨，22岁当影后，39岁跌落谷底，50岁重回巅峰，她的人生比电影更精彩！,1754101800,918,34189415,low君热剧,https://i2.hdslb.com/bfs/face/fabe17ef4b344336b872e3ded46a4a4b11140e7f.jpg,2928210,"我爱你,惠英红,燕云十六声,在燕云暑期版本安家了,燕云新武器唐横刀,燕云武学宗师惠英红,怪你过分美丽,宫心计,长辈,血观音",499548,1147,889,4063,5079,491,0,0,23282
BV1H8tczfEP3,114981441899812,1,86,2048,特摄,特摄,http://i2.hdslb.com/bfs/archive/325da967f2900bd891b987607e6b33b0fc742b13.jpg,【重制版】特利迦奥特曼 大结局“导演剪辑版” 你也可以变成光！你也可以！,1754477983,1244,309134148,机智帅气的一炫君,https://i0.hdslb.com/bfs/face/d5b4c71f71a5d692960ab5df3da83c75e4ac77aa.jpg,624866,"迪迦,戴拿奥特曼,奥特曼,梦比优斯奥特曼,迪迦奥特曼,盖亚奥特曼,特摄,特利迦奥特曼,特利迦,动画种草激励计划",66778,343,519,1889,2029,266,0,0,5613
BV1mPh3zMEN1,114964379533693,1,158,2114,穿搭,鞋服穿搭,http://i1.hdslb.com/bfs/archive/b64e190a80f736d94b25173bd6e2a42c325a919a.jpg,我的眼里可没有丑衣服哦,1754217450,177,327738805,六一不是猫,https://i1.hdslb.com/bfs/face/47a25ce422a25856af9fa9301c45dceda8f68440.jpg,1068427,"服饰,女装,穿搭,穿搭技巧,普通人变美指南",1280160,1509,1370,20462,3793,3047,0,49,132957
BV1L4hnz5Evj,114951712741227,1,216,2063,鬼畜剧场,鬼畜综合,http://i1.hdslb.com/bfs/archive/d90cb97a58d8ab5fba247932c43d4b6a886008ff.jpg,真·出生之家（25）旺仔小乔夺舍记 上集,1754024128,386,8034163,浅澄月,https://i1.hdslb.com/bfs/face/28abe5c53184c2705c3c29784733847e930d4487.jpg,1328618,"全明星,鬼畜,搞笑,旺仔小乔,出生之家,真出生之家,恶搞之家,抽象,孙笑川,黄绿合战10th-黄队应援",1682346,2455,2655,21447,8357,10983,0,0,97215
BV1Y9tczVEFu,114981190308842,1,252,2039,仿妆cos,cosplay,http://i1.hdslb.com/bfs/archive/4229adfbd5e189c1c4b87788b495858e19736e68.jpg,在漫展找6个coser打职业，结果遇到了XDD？,1754478835,321,2108856,流萤Zz,https://i0.hdslb.com/bfs/face/6b50ab776df772941c92a168e8a06c7e9c3718d3.jpg,2903483,"射击游戏,ChinaJoy,漫展整活,远光84,远光84公测8月7日,Cosplay",143100,93,192,4535,1214,1095,0,0,7257
BV19bhpzSEyv,114954665463403,1,212,2150,美食侦探,美食探店,http://i2.hdslb.com/bfs/archive/db91551f171ea51e60b8946bc2b21ca698ce830e.jpg,特厨探店 |评价两极分化的锅包肉创始店？—老厨家,1754105400,204,3546888255048212,特厨隋坡,https://i2.hdslb.com/bfs/face/4a6a6e459f71080664d3952957f2eafc02418b85.jpg,2443097,"隋坡,特厨隋卞,舌尖真探事务所,哈尔滨,美食探店",1310735,4536,2956,3486,7198,1224,0,0,99334
BV1GRhgzLEsd,114964413159525,1,252,2039,仿妆cos,cosplay,http://i2.hdslb.com/bfs/archive/c470b058f9be708c536df6c375dff5a5e78c10b8.jpg,谁能让我社死，我就V他50！,1754272800,349,2108856,流萤Zz,https://i0.hdslb.com/bfs/face/6b50ab776df772941c92a168e8a06c7e9c3718d3.jpg,2903483,"魔兽世界,漫展整活,社死挑战,社牛,暴雪游戏2025ChinaJoy,Cosplay",2704201,408,277,16633,2047,1204,0,0,36974
BV1DXtGzkEoK,114970016613603,1,17,2078,单机游戏,沙盒类,http://i0.hdslb.com/bfs/archive/f2c4a23952301621dd7f35520d68ecc471ac2473.jpg,小熊和大熊~我们熊都很凶的哦,1754303630,1170,3546911323719740,小熊饼UwU,https://i2.hdslb.com/bfs/face/4d42209d4ffdd52ec25288efbd34cfc5eb8cc40e.jpg,83431,"我的世界,MC,沙盒游戏,生存,实况,Minecraft,整点电子榨菜",93985,744,802,3047,2741,260,0,0,20383
BV146hnzvEzx,114953507966662,1,253,2042,动漫杂谈,动漫评论,http://i2.hdslb.com/bfs/archive/4fa7e3d71ef2acd05ca74c4ee9f68edc7ad59fcf.jpg,没看懂？她死了，但人类赢了！白月魁无解的【攻腥计划】详解！《灵笼2》12集硬核解析！,1754051859,2459,70744200,天师道的白山正,https://i0.hdslb.com/bfs/face/15db596ed3fe9f5c58b66d611245b826630332d4.jpg,955377,"动漫杂谈,硬核,剧情解析,国产动画,白月魁,灵笼2,动画种草激励计划,马克,查尔斯,灵笼",1346827,8710,5716,20701,48562,4642,0,84,66257
BV1X5hGzJEXA,114963540614478,1,251,2152,三农,美食记录,http://i1.hdslb.com/bfs/archive/b40a80de7c116e9a2cba0153681bcb882900d2f8.jpg,第一次卤鸭货，味道还行，十多分钟全部卖完,1754204794,1311,92489589,小李在改变1,https://i0.hdslb.com/bfs/face/71ffa7ce1214a36cc756020a1c40280e2c38cc73.jpg,120029,"卤味,味道,探店",542760,2302,2060,4820,17291,1364,0,0,46116
BV1mBtFzeERj,114980200388633,1,21,2158,日常,旅游记录,http://i0.hdslb.com/bfs/archive/16f18f7ad4445fb8df2328dbd2f669c88d40d53b.jpg,游牧民族生存法则,1754458837,426,487505057,池早是我,https://i2.hdslb.com/bfs/face/6653cb610dd36bb27b80f9c4fdd634172b74ebdc.jpg,829108,"情感,原创,正能量,新疆,生活记录,人生,旅游,少数民族,记录,游牧民族",184420,154,265,2654,5440,508,0,0,22410
BV1NwhnzhErS,114951981108767,1,182,2001,影视杂谈,影视解读,http://i0.hdslb.com/bfs/archive/2096f304e11b3c2a5066ba083af530ae113e4707.jpg,30多年前的“计划生育宣传片”，太超前了！,1754042400,1004,390898500,一目十影,https://i0.hdslb.com/bfs/face/986bf531f3e50a6bf67d5844f9304fc310a153e3.jpg,2078719,"国产电影,喜剧,电影解说,影评,老电影,甘泉村的风波,万字拉片大赛",2016945,8296,2303,17515,4830,4626,0,0,134244
BV1bgtMzdEyV,114968540289872,1,21,2064,日常,单人RPG游戏,http://i1.hdslb.com/bfs/archive/cce0ec7069a363d16bd0a970465803ec8ec4eef6.jpg,纯路人只凭一张图将代号与角色连线,1754280867,274,500140286,隔路脑,https://i2.hdslb.com/bfs/face/16c595449a41d556bd99f16881604ab5788578f0.jpg,634495,"二次元,游戏,原神",452389,8335,2098,5504,879,1944,0,0,26263
BV1HWh7zUE6F,114951360351849,1,22,2063,鬼畜调教,鬼畜综合,http://i0.hdslb.com/bfs/archive/09ad939572b5d4fa88375514169d026ce82d0c09.jpg,☝🤓这是真狗⚡⚡⚡,1754018859,197,132344841,去码头整点薯条vv,https://i0.hdslb.com/bfs/face/cac5f720bc6d194223ef3e68c85df93b8a91d349.jpg,642669,"搞笑,动画,德鲁比,鬼畜星探企划",1129486,356,422,4807,1655,1407,0,0,61482
BV13ohHzkEEC,114952870304409,1,21,2114,日常,鞋服穿搭,http://i2.hdslb.com/bfs/archive/dfff2aa6267fb0b4e2c0e113523af767d2249914.jpg,猜猜我都能在什么地形上穿高跟,1754041988,41,451835587,奥戴丽好笨,https://i1.hdslb.com/bfs/face/771fc935df986dcfb15aaae441c9bc7cda5bfe4d.jpg,2068986,"穿搭,高跟鞋",1827241,701,2360,6415,1573,2473,0,0,126575
BV1jE82zQERG,114947686204485,1,21,4218,日常,钓鱼,http://i0.hdslb.com/bfs/archive/c013b0eebdac4494c2826b6d14434fbaf94fc8ae.jpg,遇到爽快的顾客我可以送你一条鱼，遇到难缠的顾客不好意思，分文不让!欢迎收看硬气钓鱼佬摆摊卖鱼!#卖鱼人,1753962706,216,3546923111811210,基尼钓鱼,https://i0.hdslb.com/bfs/face/14033a402e20c6260218928eba6851dde2afddfa.jpg,67993,"钓鱼,鱼,吃货",1186519,700,1099,4238,39877,263,0,0,92717
BV1inhuzUE8R,114963356125360,1,138,2154,搞笑,剧情演绎,http://i2.hdslb.com/bfs/archive/4272fac5e3563c348150df530c50d559f19b5155.jpg,我终究变成了一个无趣的人,1754211600,199,31012715,是老胡没错,https://i2.hdslb.com/bfs/face/c9693c98b3d0db331ead3d938f1ce0c6f1215535.jpg,2022801,"人生,搞笑,生活,短片,情感,幽默,搞笑小剧场,惊时去屑洗发水",630883,858,1311,9951,13488,3427,0,0,49803
BV1SCtKzsECS,114984730232975,1,86,2048,特摄,特摄,http://i2.hdslb.com/bfs/archive/d34f039bb1b49925caf0e49b74db6501d516f65a.jpg,（尽力还原）欧布奥特曼op画面，但是我演的,1754527919,85,2147009034,取名已摆烂,https://i0.hdslb.com/bfs/face/9e460471a0d15f354103f321638d2d71a32b1a24.jpg,54617,"模仿,特摄,奥特曼,OP,你相信光吗,欧布奥特曼",292527,284,493,6096,1927,557,0,0,13105
BV1mvh8zfEzc,114958390071142,1,21,2102,日常,摄影摄像,http://i1.hdslb.com/bfs/archive/9c8db066817437f198003ad84dcb5013959a56bc.jpg,评论区摄影大赛之迟来的建军节篇，昨天剪太晚了所以没发，今天补上。,1754126066,108,3546741475379844,摄影恩哥,https://i0.hdslb.com/bfs/face/b497e49b5418b6c0cc18f5f3d80c6c08a1048d5c.jpg,682682,"摄影,风景,评论区摄影大赛,哔哩哔哩评论区摄影展,照片点评",1914596,22097,4280,11179,2911,309,0,0,164775
BV1JdtVz8ERv,114971207797827,1,122,2091,野生技能协会,设计艺术,http://i0.hdslb.com/bfs/archive/574879fa201d03d6d224749a33ba06b8feb33ee7.jpg,进化抽象剪辑-剪辑教程,1754365800,122,3546762860038633,小敌同学,https://i1.hdslb.com/bfs/face/6deb81271d0c9bb8bc69e2e49242fb0e75f83261.jpg,41470,"CSGO,游戏,知识,反恐精英,剪辑,教程,CS2,游戏剪辑,剪辑教程,GO学长太能剪了",289924,40,182,13022,707,343,0,0,16755
BV1HhtGzZEaV,114969916015676,1,158,2114,穿搭,鞋服穿搭,http://i1.hdslb.com/bfs/archive/7df96114cc637e48f61501408e20c2259e5292e6.jpg,我的时尚启蒙剧——爱情公寓,1754301899,220,327738805,六一不是猫,https://i1.hdslb.com/bfs/face/47a25ce422a25856af9fa9301c45dceda8f68440.jpg,1068428,"穿搭,服饰,品牌,普通人变美指南",294071,509,307,3511,909,183,0,0,24629
BV1WNhEzDEby,114950840325548,1,162,2055,绘画,二次元绘画,http://i2.hdslb.com/bfs/archive/4a7c64e233dbc773b92eb601ed3f80ca32f2f748.jpg,画中画 | “我听说...”,1754010828,83,613700695,一帧画中画,https://i1.hdslb.com/bfs/face/a2bf2ff75bd5bbc058ee69f6757e31532a30ca4a.jpg,20981,"画师激励计划,谣言,眼睛,反网暴,网暴,拒绝传谣",1422442,715,2030,50419,53646,3336,0,46,251333
BV1qLh8zkEYg,114958608107657,1,27,2040,综合,二次元线下,http://i2.hdslb.com/bfs/archive/946412b1b1ffc21950cc1bc84e17e45adf203e51.jpg,木叶村里的ktv聚会,1754129797,82,2114090017,小咩快跑丶,https://i1.hdslb.com/bfs/face/46963e13a392d1831d7e626f6c708f03e8c5dba5.jpg,700902,"火影忍者,二次元副本挑战者",1192170,594,1507,25468,4105,5463,0,0,95502
BV1nDh8zUEwi,114958423558324,1,21,2154,日常,剧情演绎,http://i0.hdslb.com/bfs/archive/90d979c4ac6c8dea6eb375c9f4588e3b02932d58.jpg,《人类吸收过量盐分的话》,1754126904,130,594136614,芮予猪猪,https://i0.hdslb.com/bfs/face/3c8c2a66aab3c00fd2427a884b33196eedf22940.jpg,184049,"意想不到的结局,剧情,反转,搞笑,搞笑小剧场",4562120,1539,2562,71115,16983,7194,0,7,368570
BV1yVt7zyECT,114973539830436,1,21,2158,日常,旅游记录,http://i0.hdslb.com/bfs/archive/913e6ab771a3791c6a19c3ef6bed58661369d4af.jpg,我们在三次元找到了真的蒙德湖！安柏 优菈 空｜COS旅拍VLOG,1754366700,273,7967009,名羲MX,https://i2.hdslb.com/bfs/face/2837ca3216e342381f1c987c1fd8dd4c28053348.jpg,134565,"旅游,二次元,cos,优菈,安柏,空,Vlog,Cosplay,原神,二次元副本挑战者",132160,203,265,5483,2133,300,0,0,15541
BV1oLtuz3EJy,114967768533990,1,86,2041,特摄,动漫剪辑,http://i1.hdslb.com/bfs/archive/a928419026322589a232ce729724283afce35b59.jpg,【𝟒𝐊】超魔神英雄传 《ひとつのハートで》凭借这一颗真心 注释着梦想,1754269405,244,309134148,机智帅气的一炫君,https://i0.hdslb.com/bfs/face/d5b4c71f71a5d692960ab5df3da83c75e4ac77aa.jpg,624866,"神龙斗士,机甲,童年回忆,魔神龙神丸,动画种草激励计划,龙神号,超魔神英雄传,魔神英雄传",79438,206,832,3852,1980,952,0,0,12316
BV1Bht7zAE3B,114973153956948,1,20,2028,宅舞,宅舞,http://i0.hdslb.com/bfs/archive/741a766731f62ebcd0f4745cb2075e7a8a7a87af.jpg,【徐娇】未闻花名Secret Base～生日作～自唱跳【原创编舞】,1754351280,146,6870383,海獭娇娇娇,https://i2.hdslb.com/bfs/face/7b210f2e81fbec726735cb9356a5910c81da7cc0.jpg,576849,"未闻花名,宅舞,原创编舞",1160310,4133,2793,5431,18223,1043,0,0,68655
BV1eHtuzTEbs,114967701356807,1,172,2055,手机游戏,二次元绘画,http://i2.hdslb.com/bfs/archive/9a073d33c1be55f3ece87e6d6916a87f4b7d988c.jpg,重生之在提瓦特旅行！【偶遇冰丘丘萨满】原神《提瓦特游览指南》龙脊雪山篇——（23）,1754301600,74,401117111,饭团er大人,https://i2.hdslb.com/bfs/face/cde92631cdf219e3ec50f36ef64139c591e0d7d5.jpg,96349,"二次元,手绘,绘画,冒险笔记,原神5.8版本,空月之歌,重生,细节控,米哈游,原神",205912,196,199,1377,1426,109,0,0,27602
BV1UMtJzdEXQ,114974227696183,1,47,2037,同人·手书,同人动画,http://i2.hdslb.com/bfs/archive/024d6614e8ec898d3cae43bd9fb134ff43e088f3.jpg,全宗降智我不做人一口气看完大结局,1754369327,10433,3546639987903102,蝎紫蝎,https://i0.hdslb.com/bfs/face/fd36b6a0c34f82acbd8321d2d52bcc7e377fe2a3.jpg,126224,"原创动画,二次元,一口气看完,修仙动画",90841,1602,235,4858,1821,149,0,0,4817
BV1D6tPzUEoC,114981777446743,1,21,2082,日常,社会资讯,http://i1.hdslb.com/bfs/archive/0a257540032157bd36f4eec2a6c113a36b7661d5.jpg,如果有人说要“弄死”你……,1754482815,44,456664753,央视新闻,https://i1.hdslb.com/bfs/face/2dc9c34444ba9f8e891fdc98e6c331fa3c02d127.jpg,21835587,资讯,1923040,2228,2676,40484,7492,10866,0,43,194208
BV1YDhHz2EfV,114952669037044,1,138,2185,搞笑,家庭关系,http://i1.hdslb.com/bfs/archive/aac44f050bd166b32bd6b2fbb8a2f23d5089d746.jpg,如何和父母闹僵？,1754038887,189,3546559413225949,冷白喵,https://i1.hdslb.com/bfs/face/4e0f5bc0d4746f4f43ddde5bea51eb7c422887d5.jpg,710276,"家庭,搞笑,吐槽,搞笑小剧场,父母",828792,1865,2575,4731,1729,1120,0,0,38270
BV1nDtuz7ERk,114969597186248,1,22,2063,鬼畜调教,鬼畜综合,http://i0.hdslb.com/bfs/archive/cf3d52a94bb2e4d480fbdfedaf3278bdfb8ad999.jpg,“生命就是一场斗争......”,1754366100,380,97240074,龙之王修罗,https://i0.hdslb.com/bfs/face/99e92cba7e8290e60dd296f65c867dd4d92de638.jpg,262517,"鬼畜调教,说唱,人生,鬼畜,谭谈交通,黄绿合战,宋岳庭,谭警官,人民,Life's a Struggle",181667,596,780,6951,13102,961,0,0,21982
BV125h7zREfY,114951393969533,1,215,2149,美食记录,美食制作,http://i2.hdslb.com/bfs/archive/af24e342fff59cd6e678f0296fc10607f6b8dc21.jpg,粗粮的正确打开方式！,1754019348,180,1983705001,明天谁做东,https://i1.hdslb.com/bfs/face/5b2465cc10918e1b6c0683a192d53716294a31d8.jpg,606994,"美食制作,奇葩,粗粮",501136,241,224,1736,854,228,0,0,43671
BV1WytuzHEZm,114969664295593,1,21,2046,日常,网文解读,http://i0.hdslb.com/bfs/archive/7301548f04680ae60c5070e25b7ef82fe8c9933f.jpg,你天庭上面有人？抱歉，我上面可没人了！,1754298217,151,72969462,笔给你你来写_,https://i0.hdslb.com/bfs/face/8e8a57daeb8ee0b50e6fa4e66c4f18f849fc601c.jpg,1137668,"小说,脑洞,原创,曼波配音,西游,随笔,原创剧本,笔给你你来写,沙雕段子",449345,388,873,2127,1082,380,0,0,41856
BV1qThWzREtB,114954044907056,1,229,2091,设计·创意,设计艺术,http://i1.hdslb.com/bfs/archive/f0a9ff89a5962239a28ef3ba0361b27e50b9edde.jpg,我给花朵加了个开关！,1754059601,16,14615865,是玉木呀,https://i0.hdslb.com/bfs/face/b375c5e72b34b598537c8c5a9d73a48ba361e2b7.jpg,130587,"动画,插画,花卉,创意,互动,字体设计,万物研究所",1481471,370,1238,25966,3013,2788,0,0,135325
BV13z4RzbEvf,114976962383362,1,17,2077,单机游戏,休闲/小游戏,http://i1.hdslb.com/bfs/archive/00cc1e097526bd1866cfd7d2183f8e4dfdd0d2ce.jpg,杂交重制版：三分天下,1754449200,272,97213827,潜艇伟伟迷,https://i0.hdslb.com/bfs/face/a2370da541bc5f6769cfcea0fcef907bebb26311.jpg,4936164,"PVZ,植物大战僵尸,植物大战僵尸杂交版,杂交版,自制游戏,杂交植物",386702,366,950,1272,727,160,0,0,28172
BV149t7z7Ee6,114975049782858,1,65,2078,网络游戏,沙盒类,http://i0.hdslb.com/bfs/archive/517177310629af5d7a65b958c25dbd3c30857373.jpg,当所有方块变成钻石块，该怎样生存,1754380983,356,35734399,小橙子姐姐解说,https://i1.hdslb.com/bfs/face/7af5ccb8df46b88ff13b172fabbfab94aad5eb28.jpg,2231355,"沙盒游戏,我的世界,生存,minecraft,MC宝藏模组推荐,小橙子姐姐",4619615,7852,429,62530,4200,174,0,16,91962
BV1PitEzUEhc,114974848453694,1,17,2078,单机游戏,沙盒类,http://i2.hdslb.com/bfs/archive/870a30a5533596ab8d3b8d95e795b3cf8db7d015.jpg,谁是MVP？,1754384400,621,29426521,流赫大魔王,https://i1.hdslb.com/bfs/face/b39ad4ceb7743390703fe267ed8ab2029f71263e.png,232920,"沙盒游戏,我的世界,MC,游戏实况,单机游戏,小游戏,推荐宝藏游戏",154148,121,80,731,672,47,0,0,6586
BV1NXhVzVEuY,114964614351725,1,218,2167,喵星人,猫,http://i1.hdslb.com/bfs/archive/b82cf4529270d9d3b364778fd7f814ab97fccc8d.jpg,盘点一下猫德学院的赔钱玩意,1754221055,212,508416316,本喵叫兔兔,https://i1.hdslb.com/bfs/face/dd3ca18b9504ea0db42655446efd533795811e17.jpg,2843905,"喵星人,猫德学院,缅因猫,动物总动员",1764957,922,1782,12523,168257,1556,0,7,231468
BV1oEhnzUEUj,114951796559409,1,210,2201,模玩·周边,潮玩玩具,http://i2.hdslb.com/bfs/archive/88c68dd50f3717ff17e075a3e5068dcba246d6f5.jpg,如果妈妈是「MC十年老玩家」，那即将上小学的女儿将会收到一？？！,1754042400,313,1691347,大橙橙橙子,https://i1.hdslb.com/bfs/face/662a233cf1f685f63d9654a7f0ff47d739eee181.jpg,2674862,"大橙子,乐高,我的世界,在一块玩一夏,乐高苦力怕,乐高经典矿镐,乐高末影人塔楼,乐高我的世界,我的世界乐高,乐高航海王热血登陆",719760,1368,1380,9707,4471,783,0,0,60833
BV1jrtczHExU,114981592894362,1,21,2079,日常,其他游戏,http://i1.hdslb.com/bfs/archive/e967f5e7de7fbaff3ce0d63261d9d8bf31ba636d.jpg,【TABS】迪迦奥特曼（重置）,1754480619,607,3493077855504441,青娲Ho,https://i0.hdslb.com/bfs/face/62108a85233f592053f9f550460cce4b7befce39.jpg,8231,"童年,怪兽,奥特曼,迪迦,加坦杰厄,热血,光,TABS,tabs,必剪创作",44283,362,183,1725,1298,94,0,0,2948
BV1iMtNz8EFL,114983690046520,1,172,2077,手机游戏,休闲/小游戏,http://i0.hdslb.com/bfs/archive/5a702d3443681f1d3da4668744df403abbaaee2d.jpg,蛋仔派对：大运跌落神坛！蛋小绿又又又又被削弱？超燃新赛季版本大变天更新前瞻！,1754532000,189,241199113,僵尸教授-,https://i1.hdslb.com/bfs/face/30a78bf8e40484e47e8e22a99aa8ec896b3da347.jpg,896494,"超燃竞技场,蛋仔派对新皮肤,无敌凤凰蛋,蛋仔派对发起人,蛋仔自习室,蛋仔奇思妙想计划,蛋仔派对",69121,680,654,2185,554,151,0,0,4377
BV1454fzwERB,114978908540356,1,22,2063,鬼畜调教,鬼畜综合,http://i2.hdslb.com/bfs/archive/91859fdd42857787cc713ffdda92bb060b6e68b5.jpg,我把早稻叽给你,1754474400,303,342457336,你眼中的骷髅,https://i1.hdslb.com/bfs/face/c1b6dc976f424130d375d8a095e16e56740b2a1f.jpg,293335,"真白花音,二手推荐,尼奈nine_Official,二手手机,转转,黄绿合战10th-黄队应援",218896,689,820,3128,5277,643,0,0,26982
BV1qitgz2Ehh,114969026889961,1,21,2154,日常,剧情演绎,http://i0.hdslb.com/bfs/archive/4932cef09d07a611fbd3b517806b1310711b8620.jpg,可以治愈我童年创伤的Bestie,1754388000,81,3546876221590023,WhotfViola,https://i0.hdslb.com/bfs/face/076b141956bf5e98c4103a6921e3191be07ae33e.jpg,500040,"闺蜜迷惑行为,闺蜜日常,富婆,bestie,我的闺蜜",304943,187,397,1569,687,1069,0,0,41721
BV17nhuzUEKk,114963356065402,1,138,2154,搞笑,剧情演绎,http://i1.hdslb.com/bfs/archive/1ecb1c0d2ed7b4dc5bf1c2ef877d58bfada7c108.jpg,在漫展上认真工作的保安,1754211756,163,1835967,善良的诚哥,https://i0.hdslb.com/bfs/face/181e97f366b1cb2bda57b758cd8874315e41b238.jpg,1139439,"娱乐,射击游戏,生活,漫展,日常,搞笑,ChinaJoy,远光84,远光84公测8月7日,沙雕",475014,208,325,1199,571,143,0,0,33315
BV1qvtJzMEgB,114976022856098,1,65,2071,网络游戏,射击游戏,http://i1.hdslb.com/bfs/archive/b6d8fc875d92ec0d2db9c586ec65c02039dc766c.jpg,CJ最酷的展台，瓦手展台到底多好玩？！,1754398886,267,235630215,国电武术馆馆长,https://i0.hdslb.com/bfs/face/1c473f95562cb50c8f94291ed6373da6281e5b64.jpg,2172833,"FPS,电子竞技,游戏杂谈,手游,无畏契约手游,无畏契约,无畏契约端手大展台,无畏契约手游定档819,Chinajoy,推荐宝藏游戏",432993,574,427,5966,4362,1016,0,0,11170
BV1kPtnzEEN4,114975771266443,1,138,2207,搞笑,随拍·综合,http://i0.hdslb.com/bfs/archive/ac748b329446a773bfde59615bf89fd1795247de.jpg,人杰地灵的河北沧州 豆哥,1754391212,69,219898427,赛博人物志,https://i2.hdslb.com/bfs/face/8f472f6026604ac417af398f3a3ae50386248b95.jpg,84056,"豆哥,河北,抽象,盘点系列",1660689,476,1248,9073,516,4184,0,0,107790
BV1bFtizTEY8,114985569157598,1,138,2155,搞笑,语言类小剧场,http://i1.hdslb.com/bfs/archive/207fd1a37eef412db01c29d95f5e419eb186a8bc.jpg,《浇生灌养の弟弟》,1754540824,103,3493260618106936,伤心欲茄222,https://i1.hdslb.com/bfs/face/1f0cb64d9b62da7db7e6e020b78b6872dbffe55c.jpg,3278172,"搞笑,八嘎,配音小剧场",421255,748,777,2273,2320,1226,0,0,53527
BV1FghEz7ETh,114950789926503,1,138,2154,搞笑,剧情演绎,http://i2.hdslb.com/bfs/archive/9e348247cddc5d70c05cdbdd7d14b8403b4edc48.jpg,创意工坊之包浆天下～,1754010209,98,3546909580987309,弗雷尔卓德-杨辰,https://i1.hdslb.com/bfs/face/e59912641ba4cbaadb857e30085b15cf4dcc6819.jpg,259065,"创意,工坊,探店",2215119,1373,1541,10592,2971,5021,0,0,134756
BV1YqtLznEvj,114972449314591,1,65,2071,网络游戏,射击游戏,http://i0.hdslb.com/bfs/archive/73ce92f44a67588e79a07781b21c7f1f63d69f6b.jpg,士可杀不可辱吗？哈基盾！,1754364600,238,3493274574653579,白泽-三角洲行动,https://i2.hdslb.com/bfs/face/e178448a4699990d468f0f21a31174b6c7eea14c.jpg,966630,三角洲行动日常操作,603426,562,551,7478,670,219,0,0,30720
BV1Aht5ziE8N,114971090357504,1,59,2021,演奏,演奏,http://i1.hdslb.com/bfs/archive/0bf9dd4010ead5863b67aaad8e24fb772974dda1.jpg,以我残躯化烈火,1754319922,114,3546676310575314,MARX_Guitar,https://i0.hdslb.com/bfs/face/ebc05496074fbe2a4f633edfcb85a7229e7f91ac.jpg,174,"赛博朋克2077,第一视角,电吉他,强尼银手,武侍乐队",261042,42,360,2879,661,431,0,0,21157
BV1TDhLzpEfG,114967617471881,1,176,2176,汽车生活,亲子互动,http://i0.hdslb.com/bfs/archive/7c37c5841c2c47f9d8533657856da8f55d27049d.jpg,这一刻你可明白年少有为的意义,1754267110,58,3546946497153141,理想阿煜,https://i0.hdslb.com/bfs/face/06b162110c01c4099eaefd0efe52dc1005c86d65.jpg,64782,"少年,情感,意义",785358,183,249,6993,680,43,0,0,33074
BV16p4RzgE4o,114976878560764,1,212,2150,美食侦探,美食探店,http://i0.hdslb.com/bfs/archive/60b21f9fc5a82ae8198c526b26865d32cd4663fe.jpg,今儿打卡沙特阿拉伯国民炸鸡！中东土豪最爱的味道！,1754468400,270,1644053613,是个泡泡_Pao,https://i0.hdslb.com/bfs/face/7ef4b34fa5e3173ee174cb24c72d3e7e18d5f464.jpg,3075643,"土豪,吃货,美国,炸鸡,中东,阿拉伯,美式,美食测评,探店,国外美食",327724,493,355,2700,806,421,0,0,30004
BV192tGz2E6T,114970083723934,1,65,2063,网络游戏,鬼畜综合,http://i0.hdslb.com/bfs/archive/52592643c32049fcbe1efc9891500dee41f1916d.jpg,【IVL】2025夏季赛，但不太正常,1754361925,117,3461571856566600,叹禾Tater,https://i0.hdslb.com/bfs/face/171fd6ae6b16002b8d3c93cb82bbbb2defa8c8ac.jpg,835,"电竞赛事,鬼畜,第五人格,第五人格赛事,IVL,ivl夏季赛,2025IVL夏季赛,网易第五人格",163539,274,836,6628,7477,2582,0,0,24750
BV1Hp4RzgEn3,114976878499788,1,201,2094,科学科普,科学科普,http://i1.hdslb.com/bfs/archive/cdba777de76076bd9ef4bf24a893a3a88495bde7.jpg,这次广东特大暴雨，到底有多厉害，为什么会这么厉害？,1754408745,241,547072854,中气爱,https://i0.hdslb.com/bfs/face/e5f6be30a18988ed92f677e6a47a346270172081.jpg,2626238,"台风,广东,竹节草,季风槽,梅雨,极端天气,40度,特大暴雨,龙舟水,万物研究所",781071,2098,6156,2742,1764,7667,0,0,34477
BV1AF4ZzXEvN,114977566363462,1,21,2154,日常,剧情演绎,http://i2.hdslb.com/bfs/archive/b64969902e5a7db79c9d9f6a675ffa74ca6a2921.jpg,我叫水牛,1754419156,150,3546899950864647,我要睡觉-1589,https://i0.hdslb.com/bfs/face/2549d9d42ff0324b76d6e7e21eb44e1bcc9df315.jpg,218804,"生活记录,动物,牛",859164,350,466,16774,2272,381,0,0,43323
BV1YQhgzjEAy,114964245251426,1,85,2154,小剧场,剧情演绎,http://i0.hdslb.com/bfs/archive/905aa2e76919ff8df76c3cf06ccd46900d02a0e1.jpg,谁还有更好的方法？,1754215387,97,304233145,酱油白米饭原创,https://i1.hdslb.com/bfs/face/e7b6aac008ac4a6002e1266fc732308a0365c81a.jpg,1133610,搞笑小剧场,1718538,363,246,6774,822,116,0,0,32396
BV1kxtJz5ES3,114974311584724,1,130,2026,音乐综合,乐评盘点,http://i0.hdslb.com/bfs/archive/31713dde16ed7a704add8d535491f7867ada14a2.jpg,【锐评】薛之谦新歌《金斧子银斧子》！给我吓疯了！,1754369113,396,8299159,特别厉害的祁奕翔,https://i1.hdslb.com/bfs/face/23a349f7d165634d9ad807a834ff01e2e8b3c800.jpg,644873,"音乐分享官,好听,电子音乐,薛之谦,新歌,乐评,REACTION,金斧子银斧子,薛之谦新歌",290095,800,1343,1574,783,263,0,0,10876
BV1f9tFzWEfv,114979965569139,1,208,2207,校园学习,随拍·综合,http://i2.hdslb.com/bfs/archive/41a030e987ca5ef2e66fe76757f2f3a9eff21bdb.jpg,去美国最危险的街区问路人：你要beef吗？,1754455346,1336,4029133,邵艾伦Alan,https://i1.hdslb.com/bfs/face/3b8af04c80ddd2bc246c19f9307cd6fc1025c684.jpg,2962014,"美国,高能,恶搞,搞笑,歪果仁,生活记录,英语口语,记录,街区,随手记录我的生活碎片",202895,2486,720,2268,2954,829,0,0,8678
BV1Zht7zAEd7,114973154023230,1,47,2037,同人·手书,同人动画,http://i1.hdslb.com/bfs/archive/ec1c0cba6cd7c67d5c4f15b560cb13bd4cd64459.jpg,觉醒天赋，我的宠兽卡牌全融合了,1754388000,835,654552,圆桌动漫,https://i0.hdslb.com/bfs/face/6c1421573d214809ca86aef25bdd23670e00128a.jpg,4747527,"原创动画,圆桌宇宙,浪浪山小妖怪,月圆之夜取真经,月圆之夜,萧凡",975090,3852,734,18995,2752,152,0,0,27215
BV1AQh3zKEeb,114963792269225,1,243,2009,乐评盘点,娱乐评论,http://i0.hdslb.com/bfs/archive/2e0f4c64a7c148e847c12542e6c35ddf56d20027.jpg,一个树立全美性犯罪标杆的R&B天王,1754208458,557,386435204,我是NOPEACE,https://i2.hdslb.com/bfs/face/f347784289ca1f70737a9ddb9d70cb83ce7f2dd7.jpg,71490,"社会,欧美音乐,犯罪,说唱,欧美说唱,娱乐八卦,娱乐吃瓜大会",3060763,4655,1294,31065,8639,3392,0,11,192007
BV1nrhWzhEBM,114953876935825,1,228,2089,人文历史,时政解读,http://i2.hdslb.com/bfs/archive/e0893e23d1dc85fdff32b77a0e8dd9be29c320d5.jpg,顶级权谋还是菜鸡互啄？泰柬冲突竟是东南亚版的继承者们？,1754096400,1073,1140672573,小王Albert,https://i0.hdslb.com/bfs/face/f9bb5dc9b5dcb3c90f9662e44fca9a7506584151.jpg,4161522,"社会观察局,泰国,妙瓦底,佩通坦,泰柬冲突,东南亚,柬埔寨,洪森,电诈,洪玛奈",2201728,6602,1818,16454,21773,1890,0,80,93966
BV1RPtHzTEXY,114975385326465,1,241,2009,娱乐杂谈,娱乐评论,http://i0.hdslb.com/bfs/archive/36b627938814466e29afe81dc957d0e069d5c8b4.jpg,顶级牛马破防！赵露思要当素人？全网封杀也不忍？抑郁症怒撕无量老板，25年最癫事件诞生！,1754391652,1148,26376587,吃瓜郭昱麟,https://i2.hdslb.com/bfs/face/6927b2ddf58a9f9abaa147ab8a4eaa0842931fd8.jpg,986664,"汪苏泷,综艺,娱乐,吐槽,旺仔小乔,张碧晨,八卦,明星盘点,赵露思,娱乐吃瓜大会",423221,1577,1170,1826,681,367,0,0,7238
BV1TTtPzGE2h,114981945218823,1,85,2154,小剧场,剧情演绎,http://i1.hdslb.com/bfs/archive/0dce9e25860d57a9cc4fb91d6c2b280b1cb17bd5.jpg,陈翔六点半：人总仰望他人的幸福 回头一看，才发现自己也正被仰望着，被家人的爱包裹着,1754485310,425,19286458,陈翔六点半,http://i1.hdslb.com/bfs/face/aad3b1bb735d2bd4066805f2a84892644fad8e2a.jpg,3222372,"陈翔六点半,搞笑小剧场",881028,806,684,4183,2530,459,0,0,18402
BV1butMz4EWE,114968489952579,1,215,2149,美食记录,美食制作,http://i2.hdslb.com/bfs/archive/480169f507dc7cd0e94b3118301c42fc0caf7fbd.jpg,当我用Cos系列美食抗议朋友来我家蹭饭,1754280263,99,1868223528,大伟投食记官方账号,https://i0.hdslb.com/bfs/face/a3b092e622e1686d7a94bbcb823e7b277de494b8.jpg,687609,"厨艺,美食制作,搞笑,料理,cos,记录我的美食日常,Vlog",3097646,553,300,21361,1061,972,0,98,92097
BV1s1huzaEGZ,114963087690707,1,65,2016,网络游戏,原创音乐,http://i1.hdslb.com/bfs/archive/13a2517c7b1789128a3a6315cb35c64333b95be8.jpg,以防你不知道新活动的主界面曲和某个歌很搭,1754197748,86,299375311,SkyF_,https://i1.hdslb.com/bfs/face/854937d8035ef5f7256622ba51d62420666a2d64.jpg,1197,"混曲,音乐,Mashup,明日方舟,艺术,塞壬唱片,揽佬,大展鸿图,冰",447957,9911,1491,11347,2667,21585,0,0,52022
BV1uRhJzKEjE,114952064994893,1,21,2083,日常,综合资讯,http://i0.hdslb.com/bfs/archive/8a843bed81e3ae1f33e9c25785f321b3960c1b5f.jpg,我的新书发布。关于真相，关于改变，关于我,1754029501,99,3546705693772503,EvanKail埃文凯尔,https://i0.hdslb.com/bfs/face/c57feb99919a5f26ec6ebd876ad5cf0f5acee0a3.jpg,1359224,"读书,学习,真相,新书",280081,590,840,6369,13258,265,0,0,92977
BV12stczAEe8,114979630027416,1,212,2150,美食侦探,美食探店,http://i0.hdslb.com/bfs/archive/6e3f10949e1ca3ef0854a9e4e5af50da9a867165.jpg,一个人吃云南24种野生菌子火锅！鲜！,1754476200,573,3032988,密子君,http://i2.hdslb.com/bfs/face/7a8d14249171e09448f4ddba1e0129584257825f.jpg,3567079,"美食圈,吃货,美食,美食vlog,探店,美食探店,密子君,美食日常,野生菌火锅,挖掘身边的宝藏小店",109859,331,167,615,941,211,0,0,7056
BV1znh3z4Efj,114964127880409,1,138,2154,搞笑,剧情演绎,http://i1.hdslb.com/bfs/archive/016ba8061dc8e5d8bcc1568bf6f7c21d0bb2ed20.jpg,《打工皇帝养成记-服务员篇》,1754213859,296,485359169,邢三狗子,https://i2.hdslb.com/bfs/face/70782f5063ee85c90d422bdd28d8888a049c3ff8.jpg,2064017,"原创,剧情向,短片",3141313,876,366,22651,1913,232,0,53,89233
BV1yz8kzDEti,114945857427182,1,65,2071,网络游戏,射击游戏,http://i2.hdslb.com/bfs/archive/6e377db35357daccfca39f46a8da0fe0e5fe3d9b.jpg,刘涛乌鲁鲁带妹？！,1753963200,442,532249763,永远妖妖-三角洲行动,https://i2.hdslb.com/bfs/face/534ad488a182cfb90ecb6afa72432d8ebc3f6f71.jpg,65811,"三角洲行动,三角洲欢乐剧场",1293531,1513,1672,16710,5707,581,0,0,138096
BV1DxhxzJE7f,114956762682436,1,17,2079,单机游戏,其他游戏,http://i2.hdslb.com/bfs/archive/f17c851077a4dab75947131ad679ce94d7d7a7f7.jpg,童年爆红的爆发小火山!竟然还有隐藏真相和结局？！,1754109000,348,154113956,日向源,https://i2.hdslb.com/bfs/face/af84c1e8c480b7affe71d989104776f586a855b4.jpg,1380589,"小游戏,童年回忆杀,游戏集锦,音乐游戏,怀旧,音游,怀旧游戏,43999,游戏鉴赏家,推荐宝藏游戏",4646015,5418,675,99411,32517,534,0,26,153666
BV12khnzAEj9,114953491057387,1,168,2042,国产原创相关,动漫评论,http://i2.hdslb.com/bfs/archive/8319ac5b33d631b50543542065adf71fac054d8c.jpg,评分第一？巅峰之作？7年前火爆中国【竞球小英雄】大结局居然是这样！（下）,1754051556,3284,31261235,L另唐,https://i2.hdslb.com/bfs/face/9cdbdecc498f42498f22bffa09964271ece19c6a.jpg,1250220,"童年回忆,怀旧,动画,国产动画,国漫,猪猪侠,童年动画,竞球小英雄,猪猪侠之竞球小英雄",4013437,21086,2439,67791,27233,1153,0,32,91055
BV1y182zAEpu,114947468035698,28,172,2076,手机游戏,女性向游戏,http://i0.hdslb.com/bfs/archive/fc5bced0d6ee6f033800e7718cc4441903ea7d24.jpg,【无限暖暖】1.8丹青屿+丹青之境 宝箱+奇想玉琚+丹青玉魄 一条龙收集,1753960052,17258,1773346,莴苣某人,https://i1.hdslb.com/bfs/face/2a973191e45f611699c85d404baee50163a6f2ec.jpg,5564509,"暖暖,游戏,手机游戏,奇想星,丹青季,宝箱,露珠,无限暖暖,无限暖暖创作者激励计划",2728192,17799,4172,22208,37571,2575,0,0,37496
BV1oZtFzDEy7,114979915239336,1,172,2079,手机游戏,其他游戏,http://i0.hdslb.com/bfs/archive/dd830c84e3efcb79cdb34de786d15b08ffad84ec.jpg,FGO十周年大拐时局图.jpg,1754466741,401,520818012,超下饭の衰某,https://i0.hdslb.com/bfs/face/f9292cb4be2e3a30f2b6ea5768e6213f01766ed7.jpg,3658,"FGO,fate,Fate,迦勒底创作高能团,十周年,fgo,Fate/GrandOrder,整活,命运-冠位指定创作者激励计划",134077,406,751,2679,791,785,0,0,4195
BV1jChHzHEWP,114953088403673,1,213,2151,美食测评,美食测评,http://i1.hdslb.com/bfs/archive/d351a43b94b8ff82ac2d8e1818221854a40c92f5.jpg,700元一斤“顶奢级和牛卷”做泡面小料！太有生活了！,1754124600,976,478691043,穿毛裤的小拉泽,https://i0.hdslb.com/bfs/face/023c69a89a95db1b7991a024c0806d2ed7e58021.jpg,3564298,"下饭,吃播,美食,泡面,同诗s3剃须刀,速食,泡面伴侣,泡面搭档,火鸡面,十万个为什么-食物特辑",5921418,4231,1324,42167,9700,829,0,29,98595
BV1uEhHzzE1e,114953356975318,1,47,2055,同人·手书,二次元绘画,http://i2.hdslb.com/bfs/archive/431b3c358f5075c51cda28f34651fa53fe83600d.jpg,【黑塔利亚联五旅行团手书】goodtime,1754049400,79,22445063,豹鱼小笼包,https://i2.hdslb.com/bfs/face/0541cae10feab3e1f392de7a141c2d048eb4ca72.jpg,7383,"联五,王耀,手书,亚瑟,旅行,黑塔利亚,动画,伊万,阿尔弗雷德,弗朗西斯",247428,327,921,41729,26806,3486,0,0,64945
BV1RUtGzLEau,114970066950096,1,182,2088,影视杂谈,社会观察,http://i0.hdslb.com/bfs/archive/81714b4f4b7e59e3c3953e0da61bd8874becffbf.jpg,“大毒枭”网上带货，将冰糖当成冰毒卖，还搞特价买一克送一斤,1754304399,551,525382468,人间放映厅,https://i1.hdslb.com/bfs/face/b2e1ed03c4b1996088ac084ee0a96d2d4d816a43.jpg,1282895,"奇葩,真实事件,纪录片解说,绝命糖师,影视IP观察室",1501867,315,390,9135,584,313,0,0,16519
BV1nYtGz4EUv,114969899238451,1,215,2149,美食记录,美食制作,http://i1.hdslb.com/bfs/archive/7101e40505a0d65e7f0f494f38aa92d169cb4afc.jpg,今年8月能不能在中国见到憨豆哥？我们拭目以待,1754301574,255,1984198637,西班牙陈挺,https://i2.hdslb.com/bfs/face/80a8d4d675bf87beba65d8b2af8f8beb63c6b641.jpg,2253374,"美食制作,外国人,记录我的美食日常,闽菜,福建,姜母鸭",691857,1265,1148,2202,1840,211,0,0,56321
BV14PtwziEMW,114981139978396,1,138,2154,搞笑,剧情演绎,http://i1.hdslb.com/bfs/archive/58326c2fc83fbf53b541f9eeac385782777a2e6a.jpg,教练说打球要靠脑袋！！！,1754476889,323,20841379,7鲸尾,https://i1.hdslb.com/bfs/face/5686e8bd643556d4b370c0d2c021b5fb347e5321.jpg,880677,"漫展,搞笑,生活,搞笑视频,排球少年,cj,雀巢工作室,OPPOReno14,沙雕,OPPOReno14排球少年联名",283430,556,390,2336,1447,183,0,0,31004
BV1wYtGz4Evy,114969899177388,1,171,2070,电子竞技,MOBA游戏,http://i0.hdslb.com/bfs/archive/d9a9ca816d137f81863fe566d23a35114495ab6d.jpg,Rookie：他转头就走，像下定了某种决心,1754301703,63,29992385,iG电子竞技俱乐部,https://i2.hdslb.com/bfs/face/487bf0cb89b58ce6baea91d2f2a5b0fc4a2e17fb.jpg,648002,"电子竞技,LPL,搞笑,娱乐,IG,英雄联盟,TheShy,MOBA,Rookie",525663,385,995,1281,1584,1143,0,0,39280
BV1ndt3zQE3e,114970570265316,1,85,2154,小剧场,剧情演绎,http://i2.hdslb.com/bfs/archive/0ed07aa4032f2b75a5bf73316959b05a1ff9a042.jpg,悬疑西游之十殿阎罗【一】,1754312245,315,3546879646238851,真-赵某人,https://i1.hdslb.com/bfs/face/feb3cc21847c80f14a31783123f943db761bf353.jpg,83229,"反转,剧情,原创,悬疑,一人分饰多角,西游,赵某人",301235,414,345,8369,1053,120,0,0,33253
BV1TmhVz2EAp,114964664682643,1,138,2156,搞笑,UP主小综艺,http://i2.hdslb.com/bfs/archive/bd58544a026529d88dcdd4c0a6848134653f29fa.jpg,【Reaction】2025最火热榜Top10歌曲,1754221781,386,300994119,沙雕网友咸叽叽,https://i0.hdslb.com/bfs/face/7f6eea61bc5fe858be23e585d3d7c71c61bc91e1.jpg,3983214,"幽默,奇葩,音乐,歌曲,歌单,沙雕,乐评,流行歌曲,盘点,娱乐花式reaction",560008,8145,1975,18023,5478,775,0,0,71705
BV1ww4dzCEgS,114976777836663,1,31,2063,翻唱,鬼畜综合,http://i2.hdslb.com/bfs/archive/5595518f2799586a6cd73f9c6bf0d4fcac2c54f4.jpg,猫儿情,1754442000,70,3859193,我要吃肉魂淡,https://i2.hdslb.com/bfs/face/ebf69adacf52e6199a08e2221560b82c767a882b.jpg,199982,"翻唱,鬼畜,西游记,女儿情,曼波,哈基米",126343,156,835,1304,1746,1650,0,0,16937
BV14kt3zhEGd,114970452825261,1,76,2149,美食制作,美食制作,http://i0.hdslb.com/bfs/archive/e3d2bf036e495ff70626e65d3049c3c9d8f5ae91.jpg,【姜较瘦】1个公式学会各种小炒肉，小白秒变大厨，教00后90后学做菜 做饭,1754310174,1423,295429160,教做饭的姜较瘦,https://i2.hdslb.com/bfs/face/f6c8feb3fcafd1a6cd51fdd2228ba66b38fb7eb3.jpg,188663,"美食制作,家常菜,烹饪,厨艺,美食教程,做饭糊弄学,舌尖真探事务所,学做饭,买菜,懒人餐",159860,304,329,19007,1569,512,0,0,13165
BV1qRtuzyEDd,114969815352595,1,27,2028,综合,宅舞,http://i1.hdslb.com/bfs/archive/040b2be47c07f81acaec7ebb4a3f2de829339552.jpg,舞台就是我的画布  【杭州烤o】,1754300249,120,171796822,鬼鬼_onioni,https://i1.hdslb.com/bfs/face/d6a202a81c0953c7027defe2d343fbc7319b6947.jpg,305446,"宅舞,cos,世界计划,东云绘名,世界计划多彩舞台,pjsk,杭州烤o",165138,40,208,5734,2679,899,0,0,29421
BV1Aw4ZzHEjC,114977549583813,1,171,2071,电子竞技,射击游戏,http://i0.hdslb.com/bfs/archive/25f0481573f2eee23563f9eded25346c7aa48af0.jpg,“吃了”(身法教学1),1754418505,105,3546681085790713,乔木萧,https://i1.hdslb.com/bfs/face/447ef9bcc6ba9a5367bc0f7c067fc553e66d08b4.jpg,345197,"FPS,吃鸡,CFHD",246940,190,372,7258,669,681,0,0,19121
BV1yph7zJEZH,114951310086802,1,138,2158,搞笑,旅游记录,http://i2.hdslb.com/bfs/archive/abf8c3915a4170abfc9578bea927c37ff0288ac3.jpg,火热武汉之旅 也没人告诉我太阳天没樱花啊,1754197800,277,434963477,刘大炮007,https://i2.hdslb.com/bfs/face/97bf5ba2eac969bbe56c68aab1c70bc0a1cb0a28.jpg,627888,"高能,旅游,生活记录,搞笑小剧场,抽象,记录,武汉,精神状态",2241992,1390,895,12320,1366,424,0,0,51917
BV1QxtnzPEic,114975469342396,1,172,2064,手机游戏,单人RPG游戏,http://i2.hdslb.com/bfs/archive/2bb4edb00ebce530f4f416b79d54ec61ff8dde03.jpg,【明日方舟】被萌萌香抡晕前幻想出的啥比小视频,1754386653,80,194240114,磁悬浮呆毛,https://i2.hdslb.com/bfs/face/9395bf8a5c2f55a69838d2106a4f508a45134dea.jpg,197981,"明日方舟,萌萌香,斩业星熊,羽生萌萌香,遥,exe,meme,墟,泰拉探索协会,明日方舟创作者应援计划",217402,190,341,2673,637,786,0,0,17017
BV1VQtAzpEPT,114982314315304,1,138,2030,搞笑,颜值·网红舞,http://i1.hdslb.com/bfs/archive/83776403aeea4ef9cce58fb2f3e9ebb30d8ebe24.jpg,起猛了 看到咱妈跳手势舞了,1754490968,26,639923249,大瑶同学remix,https://i2.hdslb.com/bfs/face/5e3796f6804b0035f0173b830e9aad5ad51385ca.jpg,1566162,搞笑小剧场,315300,167,459,1145,1539,102,0,0,44524
BV1oshnzyET2,114951729451884,1,28,2016,原创音乐,原创音乐,http://i0.hdslb.com/bfs/archive/d3d50bf29fb02b4bd043dbcbc0e235d2eb4ae9b0.jpg,旺仔小乔17岁写歌很厉害吗？那看看我的,1754024345,60,1113324161,逸云穿鞋185,https://i2.hdslb.com/bfs/face/9ab1a82a69e929e46727fcb61275e86b530387de.jpg,20592,"音乐分享官,原创音乐,高中生,说唱,原创,歌曲,rap,旺仔小乔,逸云,emo",892085,980,2368,18840,9209,540,0,0,127708
BV1eDhHz2E79,114952669044145,1,172,2071,手机游戏,射击游戏,http://i2.hdslb.com/bfs/archive/5fb49f5ff3b4f899988de97ec6226bd042782a31.jpg,海底大逃亡，极限求生上演惊天手速怪,1754038827,218,235982660,小五哥哥九方骏,https://i2.hdslb.com/bfs/face/6a8eb2373e82c1cc927553286b501315c54aecc7.jpg,761524,"九方骏,和平精英夏日焕新,九方电竞,小五哥哥",1027986,779,373,22430,2482,1482,0,0,44733
BV1tetnzZEHQ,114975704155403,1,208,2084,校园学习,应试教育,http://i1.hdslb.com/bfs/archive/6d1c554a309432151bcc209a456a1e7ae7954c82.jpg,一个视频讲透保研的一切！流程/种类/绩点/英语/科研/夏令营/预推免/九推/保研率/信息源/跨保/外保/内保…,1754390148,1851,40427625,取景框看世界,https://i0.hdslb.com/bfs/face/0d671560a6dd7f28247b3b7501d404a5b01280ea.jpg,3964798,"英语,大学,考研,学生,夏令营,科研,保研,经验分享,绩点,学生UP主养成计划",105469,1030,496,11345,7075,971,0,0,9659
BV19wtHzBE75,114975334993371,1,213,2151,美食测评,美食测评,http://i1.hdslb.com/bfs/archive/2bc87c2d16f422eb073fd864f9ba1d6a9014f7ba.jpg,复刻被网红带火的特色美食“焖子”据说吃一口味真足，真的吗,1754384882,455,382375531,馋大鑫,https://i1.hdslb.com/bfs/face/2b456ce4cfef5bc0753f89f3c18b19dbcc6fde8b.jpg,1262295,"试吃,评测,美食,记录我的美食日常,美食测评,特色美食,焖子",2087966,3021,2168,4222,2165,542,0,0,38635
BV13RtczkEpd,114981173466381,1,182,2001,影视杂谈,影视解读,http://i1.hdslb.com/bfs/archive/16459a5d0784b2cc8613986ea06fffeeaa27bd1c.jpg,2025最新末日丧尸电影《惊变28年》，战力爆表的超进化丧尸，率领群尸集体猎食,1754478027,1632,395991094,电影迷小雅,https://i1.hdslb.com/bfs/face/d0bc2fa4dbad1cb3d51a48fe84fbecdd944d59e2.jpg,1882637,"恐怖电影,电影解说,uwant,友望除螨仪,友望大白除螨仪,灾难电影,丧尸电影,惊悚电影,人人都能聊影视,惊变28年",429213,4833,984,5259,1225,523,0,0,14558
BV1FThjzrEC8,114967164493066,1,17,2078,单机游戏,沙盒类,http://i0.hdslb.com/bfs/archive/6aa408df7967b72af4bcc0d9c2af48d65fee3a72.jpg,新生物霸凌了所有人...,1754298000,775,298276958,Mythend,https://i2.hdslb.com/bfs/face/27144113f342ee62ac61a964cea35ba075bb6376.jpg,256535,"我的世界,小游戏,Minecraft,乐魂",1806725,3490,2423,51460,44924,5192,0,7,147788
BV1jptwzWEkS,114980938646889,1,138,2154,搞笑,剧情演绎,http://i0.hdslb.com/bfs/archive/6db538aae351824982e29b5d66c2056ae1b65ebb.jpg,当苏超遇到赣超,1754470145,115,594968909,叨叨傅吐槽秀,https://i2.hdslb.com/bfs/face/77ee65f1031596d0db8581d2eaa7298fe06751d7.jpg,333529,"短片,原创,搞笑",222561,588,1586,796,1468,966,0,0,20394
BV1eMtAzQEAZ,114982515641761,1,171,2070,电子竞技,MOBA游戏,http://i0.hdslb.com/bfs/archive/31af0152fbda74c6e12a4b3aef45acaf6b4f4aac.jpg,【真实锐评IG零封AL】IG即将迎来完全体状态 GALA五杀 theshy迎来守护者！,1754496288,462,1628139107,真实电竞,https://i2.hdslb.com/bfs/face/e9a7d6f8af8e11c30bde4e3a398c251560d19984.jpg,1053134,"LPL,IG,TheShy,TES,WEI,转转,meiko,rookie,gala,2025LPL第三赛段",418121,2827,2171,727,1113,230,0,0,12731
BV1nn4RzrEMi,114976895274296,1,17,2078,单机游戏,沙盒类,http://i2.hdslb.com/bfs/archive/58ea88b42541bb865ac22db5d732a0421ce1470d.jpg,陨石砸脸！当场尸变！史上最阴间MC生存——僵尸启示录,1754408339,994,686127,籽岷,https://i0.hdslb.com/bfs/face/7efb679569b2faeff38fa08f6f992fa1ada5e948.webp,4997838,"沙盒游戏,MINECRAFT,生存,我的世界,籽岷,整合包,单机游戏,僵尸启示录,沙雕,推荐宝藏游戏",238541,855,767,3697,4833,1691,0,0,21253
BV1vVtjzdEef,114973925774496,1,172,2064,手机游戏,单人RPG游戏,http://i0.hdslb.com/bfs/archive/b225f755d5cd392c774426354c5ae1ab6b764e74.jpg,翁法罗斯黄金裔的立绘文字其意【12 / 13】？,1754363875,92,1479386588,-不负好时光,https://i2.hdslb.com/bfs/face/f5e7d455c9ec93483018685cb0778ac1cd39c294.jpg,1130,"丹恒,崩坏：星穹铁道创作者激励计划,翁法罗斯,英雄未死之前,谁能擦干我的眼泪,长夜月,三月七,黄金裔",242736,248,356,9231,585,673,0,0,36045
BV1QNtJzZEDZ,114974194145233,1,176,2108,汽车生活,汽车生活,http://i0.hdslb.com/bfs/archive/3b84298ba85930bc29b55209317c92ba79f44718.jpg,38号咬牙切齿被迫买了Model Y,1754452815,880,39736779,38号车评中心官方账号,http://i2.hdslb.com/bfs/face/be1b5cbacdbea73e922b4a2b737183dd3a33c0f1.jpg,910977,"特斯拉,电动车,SUV,FSD,自动驾驶,智驾,ModelS,Model Y,Model3,辅助驾驶",157709,1951,1349,541,969,502,0,0,4056
BV1MVtgzaEym,114969345525103,1,193,2031,MV,明星舞蹈,http://i1.hdslb.com/bfs/archive/d8cae4207dcef765e47451f3c9d008d3ad90b9ab.jpg,【沈佳润NINA】'FREEZE!'Dance Practice,1754293614,182,3546924468668626,真的沈佳润Nina,https://i1.hdslb.com/bfs/face/8c5d0611477cf29ec7516640cbead8b019954aef.jpg,222840,"4K,MV,音乐,NINA,Freeze,沈佳润,KPOP回归前线",299948,410,526,1616,2620,155,0,0,27745
BV1jY8CzyEoy,114947082159298,1,228,2090,人文历史,人文历史,http://i0.hdslb.com/bfs/archive/8788c859b3031e4674433ea9ef5d7ef80da2bd8e.jpg,流放岭南！为什么现在最富的广东，古代能当几千年流放之地？【为什么64】,1754042400,634,11684621,太阳星sunstar,https://i2.hdslb.com/bfs/face/edcd0f2f12cedf723c9e5c18c5f824ecd4c50f9c.jpg,3064715,"社会观察局,广东,uwant,友望除螨仪,友望红外除螨仪,南方,气候,螨虫,潮湿,梅雨季",826392,2302,2413,5400,1383,782,0,0,34880
BV1HxtMz1Ep1,114968305408407,1,161,2207,手工,随拍·综合,http://i0.hdslb.com/bfs/archive/df832f2f82a0d591713c8eed07d4b9d0476c6435.jpg,最拐弯抹角的关灯方式,1754277426,62,3546564641425884,幻想阿阳,https://i0.hdslb.com/bfs/face/ce90d69db4f361e7ff0bba0edd11e84bb35d8cba.jpg,1928,"手工,机关,装置",1441122,1671,2066,7852,4524,2234,0,0,114871
BV1X482zLE6a,114947400927906,1,17,2071,单机游戏,射击游戏,http://i1.hdslb.com/bfs/archive/fb40fe42758b3381215f1d7a747287903c2a24e0.jpg,跟我的汤姆逊说去吧！！！,1754040924,149,3493145360731002,二二二二狗司令,https://i0.hdslb.com/bfs/face/ed26269c4c32cede29e989f46c3b22aabcfc9c78.jpg,110458,"丧尸边境检察官,推荐宝藏游戏",2285806,323,331,4973,1837,257,0,0,48172
BV1RQtjzfEhd,114973841821669,1,47,2037,同人·手书,同人动画,http://i1.hdslb.com/bfs/archive/20f5d2938ce73dba9a871080d434872c03175666.jpg,小八的分贝炸弹,1754361870,49,293191032,呼吸菌QAQ,https://i0.hdslb.com/bfs/face/e110402e29e49f2533691a6d58fce40ae011df96.jpg,492014,"小八,可爱,chiikawa,吉伊卡哇,乌萨奇",732679,119,352,3848,649,1341,0,0,31789
BV1gStMzFEUW,114968389294910,1,212,2150,美食侦探,美食探店,http://i1.hdslb.com/bfs/archive/33a21db8a8db6036a50f55951b26e84ed49375fc.jpg,邯郸.特色小吃 厨子探店¥34,1754278947,229,544336675,真探唐仁杰,https://i1.hdslb.com/bfs/face/f82b7cb6e6b9e2351bb201f668af10b66b4d0d5c.jpg,4446483,舌尖真探事务所,1028447,706,1556,5162,2005,2185,0,0,105290
BV14WtGzYEXn,114970335449889,1,171,2070,电子竞技,MOBA游戏,http://i2.hdslb.com/bfs/archive/b4e7274594bdc240964bce38eca3312be3c0d69a.jpg,“新赛季弈星精讲教学！5分钟锻炼你的内心！！”,1754308398,628,3461563532970274,余77ovo,https://i1.hdslb.com/bfs/face/cc57de5a8ee66eab2f970cc09fc799e35f56149b.jpg,109614,"王者荣耀,王者荣耀夏日盛典,101俱乐部,教程攻略,MOBA,内心,干货教学,弈星,弈星教学,王者荣耀山海皮肤",121565,433,350,3928,831,208,0,0,6265
BV15ntEzfEFE,114974680683497,1,138,2154,搞笑,剧情演绎,http://i2.hdslb.com/bfs/archive/92d7f4226dcb62060a4d1c5797bf38064c23e305.jpg,《 当 代 准 高 三 现 状 ！！！》,1754390280,234,378881292,老段生,https://i0.hdslb.com/bfs/face/3b41bd42a900f641dfc6f14a44194fa5a90636af.jpg,714736,"帅哥,高三,爆笑,搞笑,搞笑小剧场,高中,真实,学生",467125,1464,2230,12231,7821,1255,0,0,46038
BV1RytgzgEiV,114969278420340,1,251,2083,三农,综合资讯,http://i0.hdslb.com/bfs/archive/3b9b9ebaa7e1fe0f72e9a621209a6693d4b98748.jpg,鱼没钓到多少，家被偷了！,1754292412,534,67141499,大漠叔叔,https://i2.hdslb.com/bfs/face/a33efe2cc12b4f27e586a835ffc9d18483eab525.jpg,6168993,"搞笑,钓鱼,漠叔,西沙,三沙,海钓,户外钓鱼图鉴",715111,3213,1608,3504,15410,1260,0,0,61401
BV1kNt3zdE2P,114968976428673,1,182,2001,影视杂谈,影视解读,http://i0.hdslb.com/bfs/archive/b2ae9538f75cedc41fdd1e8baa0b6fdb084b7fde.jpg,第一斧女？！有什么事请联系我的斧头吧！万字拉片拆解《珀尔》P1,1754301600,3036,84706708,小鱼陪拉片,https://i1.hdslb.com/bfs/face/3372dd6970f8df479aad6d35da42cfd32d851681.jpg,1102814,"悬疑,A24,惊悚,恐怖,万字拆解,拉片,视听语言,米娅高斯,珀尔,万字拉片大赛",878226,1571,620,25432,10106,531,0,0,33615
BV18wtPz1EgF,114981928506435,1,172,2064,手机游戏,单人RPG游戏,http://i2.hdslb.com/bfs/archive/34a03b952564b374a29117098c78fadc21b086e1.jpg,【蔚蓝档案】国服礼奈正式实装！伟大也需多言，人权礼奈 为啥强 强在哪 怎么用？一个视频给你答案！礼服日奈详细技能分析,1754485100,366,383713994,冬咕菌,https://i2.hdslb.com/bfs/face/ce69a72fabcaa4d968fde4559c3c3b6bb21b3be5.jpg,92639,"蔚蓝档案,蔚蓝档案二周年,礼服日奈,技能解析,角色分析,教程攻略,周年庆,人权,游戏鉴赏家,碧蓝档案",54479,1138,1175,764,533,340,0,0,5453
BV1FXtnz1EHQ,114975234331807,1,193,2017,MV,MV,http://i1.hdslb.com/bfs/archive/fb791e6ac351bab4fa4cc986a8abb25531ace634.jpg,《Lose Control》,1754392500,227,26728081,云上汤姆喵,https://i1.hdslb.com/bfs/face/79b6302df02eedc689722a7d0f39acbd3bf2efa1.jpg,142367,"音乐分享官,童年回忆,动画短片,硬核,搞笑视频,猫和老鼠,高燃,音乐MV,Lose Control",79289,120,198,3456,868,126,0,0,5646
BV1HTtnzjEoN,114975938974788,4,172,2064,手机游戏,单人RPG游戏,http://i2.hdslb.com/bfs/archive/536e699ff98af0721e17080314530562727eb8b1.jpg,《原神》剧情PV-「最幸运的孩子」,1754452800,765,401742377,原神,https://i2.hdslb.com/bfs/face/853c4a846793dfbdafd8f16a40d6d8065bdb7c6f.jpg,20090222,"原神5.8,米哈游,miHoYo,原神",646298,1856,4388,16498,25338,4497,0,54,91928
BV1GUtcz2ED9,114981509008269,1,124,2081,社科·法律·心理,海外资讯,http://i0.hdslb.com/bfs/archive/dd2167cd2e6f244b866745d5d94b968d574e3e8a.jpg,玩大了：得州批捕51名民主党议员并求助FBI？！,1754482211,1001,346563107,波士顿圆脸,https://i2.hdslb.com/bfs/face/f8f0fc4114bb06a87481abe12faa006a383cbe6d.jpg,5179523,"法律,犯罪,美国,社会,FBI,懂王,民主党,MAGA",629823,2048,1577,3821,3033,760,0,0,43583
BV1bitnz4E79,114975620273061,1,21,2155,日常,语言类小剧场,http://i1.hdslb.com/bfs/archive/1ca2afb44b3820acba48cfab6eb024678306ea1c.jpg,配音演员的无语瞬间。。,1754388992,38,2689967,醋醋cucu,https://i2.hdslb.com/bfs/baselabs/423b2404c649fb8e71909dbd9ae5189d1076652d.png,1248494,"配音演员,CV,配音,搞笑小剧场",714215,226,393,2780,571,143,0,0,42537
BV1cGtwzcErM,114981257350911,1,21,2080,日常,时政资讯,http://i1.hdslb.com/bfs/archive/ee136e3359b1a8dfaf40259b0dfa06e4ae6bfc77.jpg,中共中央办公厅 国务院办公厅印发《整治形式主义为基层减负若干规定》,1754475039,78,473837611,新华社,https://i1.hdslb.com/bfs/face/396b93a7f619882afa711879dbf2cb98a40e7367.jpg,18703347,"基层减负,整治形式主义,新华社",242669,260,430,1669,928,3212,0,0,14403
BV1hfhGzJEtc,114965201552644,1,157,2112,美妆护肤,护肤,http://i0.hdslb.com/bfs/archive/83730a9786664be7871eb6ded542bc03b89355d6.jpg,14年换头！我从18岁-32岁整容经历,1754229797,92,9882419,我是唐飞飞,https://i2.hdslb.com/bfs/face/3eb07fba585e29826cd4716e6a44af50feabc065.jpg,48315,"减肥,逆袭,整容,变美,医美,隆鼻,整形美容,鼻综合",776285,1231,6072,1505,688,2425,0,0,21978
BV1uYtnzbEyw,114975720871039,1,21,2077,日常,休闲/小游戏,http://i2.hdslb.com/bfs/archive/5264f9a59c05648043c33ab9ece7856ba022d345.jpg,【逃出惊魂夜】惊魂码头实况,1754390433,679,2095518789,大啵豆,https://i0.hdslb.com/bfs/face/4d43b6078975ab57543751143413fc96c0b8f115.jpg,51686,"船长,游戏实况,蛋仔奇思妙想计划,逃出惊魂夜,小旧帽,惊魂码头,教程攻略,惊魂夜,蛋仔,蛋仔派对",627091,558,217,25880,2041,27,0,0,27869
BV1Ut4dzREKX,114976425510328,1,47,2037,同人·手书,同人动画,http://i1.hdslb.com/bfs/archive/f84400f51f8569b39f2db7778fe51ade9c4ab49a.jpg,第七十八集 普宁街道,1754401349,287,217965805,吃橙子不吐程子皮,https://i1.hdslb.com/bfs/face/4b7f7867a8532b90cd1b1d0507b1966bd77464f7.jpg,760761,"诡异,原创动画,UP！原创动画,微恐怖",238965,891,946,4486,5103,260,0,0,21076
BV1p2tnzSEke,114975301506248,1,138,2188,搞笑,自我成长,http://i0.hdslb.com/bfs/archive/a810fe4b8b00128ffabe4380e62cd93654445f93.jpg,人都是怎么变得坚定且不拧巴的,1754384330,147,1511660367,西一昂叨叨版,https://i0.hdslb.com/bfs/face/294427fa81f92c09dde0675f2e114fa0bbc5aba1.jpg,485180,情感,175968,68,302,8838,1146,624,0,0,19297
BV1PgtwzaE7K,114981341238835,1,243,2066,乐评盘点,单机主机类游戏,http://i2.hdslb.com/bfs/archive/41c694a17ace09bc3eb9097ab741c0ccd1852c0f.jpg,【RAY评】主观锐评！明末到底好不好玩？,1754478075,990,8237763,阿张RayZhang,https://i0.hdslb.com/bfs/face/e1adb940db16b1cf6f95e033f1bd6d9014d25e2c.jpg,1853321,"游戏杂谈,游戏解说,黑暗之魂,单机游戏,国产游戏,明末渊虚之羽,游戏测评,魂游戏,锐评",168141,1110,3171,1241,3836,602,0,0,9169
BV1fjtFzUEhK,114980099725109,1,253,2070,动漫杂谈,MOBA游戏,http://i0.hdslb.com/bfs/archive/c2fde3d7c7eef2228cf0fd78d8f509b3469e145b.jpg,如何突破大总统的光壁？绝对的幸运并非无解！！,1754474400,296,36834263,笙声的声,https://i2.hdslb.com/bfs/face/c691069bd485ba900dfa1f0316dfb28e8b0b9ba2.jpg,468674,"300英雄,JOJO的奇妙冒险,解说,搞笑,让300英雄再次伟大",143198,484,511,2472,788,242,0,0,11943
BV1KntGzvEBi,114970301829110,1,138,2207,搞笑,随拍·综合,http://i1.hdslb.com/bfs/archive/8e4bb6edcea34f08e7d5bb2db4065a7788b7fb79.jpg,隔壁班嘉豪 这期是我定制的,1754307862,123,219898427,赛博人物志,https://i2.hdslb.com/bfs/face/8f472f6026604ac417af398f3a3ae50386248b95.jpg,84059,"梗,隔壁班嘉豪,盘点系列,嘉豪",2835746,1699,3313,26039,1796,8982,0,14,232692
BV1vXhGzWEuv,114965000231015,1,172,2098,手机游戏,AI杂谈,http://i1.hdslb.com/bfs/archive/2aeb84c013176875aed62408024d676afb507886.jpg,我被喂AI了,1754226854,76,85493,深蓝杰克,https://i2.hdslb.com/bfs/face/6a53e0f5c7147885ee1cf9a3c255467b35deb96c.jpg,27001,"绘画,盗图",330802,27,396,6711,2661,76,0,0,34134
BV1WMh3zvEyg,114963993594095,1,17,2066,单机游戏,单机主机类游戏,http://i1.hdslb.com/bfs/archive/a1b31071943330acf0e48c330c80e0d806b7ab74.jpg,我在黑神话里举办了一场拍卖会！#2,1754280000,2264,99827844,肥格Fager,https://i0.hdslb.com/bfs/face/ba0d8b0f571e145ac26f18bde71010581d0c47a1.jpg,862832,"搞笑,娱乐,游戏,单机游戏,黑神话,电子斗蛐蛐BVB,动作游戏,拍卖会,索泰,推荐宝藏游戏",789468,6337,1605,11418,5874,290,0,0,26227
BV1Znh3z4E9U,114964127944540,1,17,2078,单机游戏,沙盒类,http://i1.hdslb.com/bfs/archive/1b40c0a87993f399996ec7f0a27a776e23922fbb.jpg,“挑战跑酷不踩到绿色”,1754213608,160,599112147,清烛MII,https://i0.hdslb.com/bfs/face/9b3c938d35fa410a383f236af6603d1347277cd6.jpg,54252,"混剪,我的世界,无缝剪辑,沙盒游戏,Minecraft,挑战,卡点,像素风",271338,981,734,10378,8655,528,0,0,44140
BV1d9tjztEck,114973825048552,1,65,2064,网络游戏,单人RPG游戏,http://i0.hdslb.com/bfs/archive/f72e7aa98e4ed7b69f69c1b0208fe08de49c8e8e.jpg,“来个遥，我带飞”,1754361608,160,2026700452,电阻Rr,https://i1.hdslb.com/bfs/face/eed7c6690a05f01c29fef23b388ca3fd2dd1bb7f.jpg,20257,"微电影,王者荣耀,明日方舟,斩业星熊,不归花火,遥,夏活,赶人,玛恩纳,明日方舟夏活【墟】",1250066,1370,6277,12987,8775,35422,0,0,71437
BV1HNhNzVEuU,114959379863806,1,219,2168,汪星人,狗,http://i1.hdslb.com/bfs/archive/ed318cafbaf2b618a5ac878fc281d334afd6d97e.jpg,【沉浸式喂蒙古獒】周末五道菜，狗狗下雨天也不愿意在屋里吃,1754141884,104,3546828029036795,高崇元的蒙古獒,https://i2.hdslb.com/bfs/face/c4450692f4c0a7e1d673d5079fe4c28c58770bd3.jpg,5945,"狗狗,汪星人,宠物吃播,藏獒,田园犬,沉浸式,萌宠过暑假",755440,355,622,3338,543,682,0,0,46175
BV15zh7zBEZY,114951125468619,1,75,2171,动物综合,动物综合·二创,http://i2.hdslb.com/bfs/archive/d4f2158c7307834b378dc52ba73fdb333c7b7742.jpg,俺老孙想起来了，全部都想起来了！,1754015281,28,2049544935,行者服不服,https://i0.hdslb.com/bfs/face/dc66dd9d256484b0b982e8970bca70969c926073.jpg,85839,"西游记,搞笑,MOBA",2122737,825,1584,19143,2644,5603,0,0,153227
BV1F8tgzDE5p,114969093868897,21,85,2005,小剧场,短剧短片,http://i0.hdslb.com/bfs/archive/146de92f98c57b4eb5b2963dea99a5b252d7f932.jpg,《王者荣耀之权谋径山》,1754289535,2191,57863910,王者荣耀,https://i0.hdslb.com/bfs/face/186a321d4647bd2b1602e43b831bac89bcb7a34b.jpg,9446366,"电子竞技,王者荣耀,王者荣耀之权谋径山,MOBA",447003,621,1342,8400,6563,1197,0,0,21828
BV1DBtwzGEnp,114980972140137,1,138,2154,搞笑,剧情演绎,http://i1.hdslb.com/bfs/archive/76db70fb56a5db417033184bf3494f2fae60046c.jpg,打 假 许 烦 烦,1754470610,493,32026774,侦探许烦烦,https://i1.hdslb.com/bfs/face/12cddd8ada95dfd639100cd9ec276ce7a57643fb.jpg,187672,"生活记录,高能,骗子,搞笑小剧场,记录,小仙女,良子",117419,306,341,656,539,94,0,0,9493
BV1Jnh3z4Enx,114964127815974,1,172,2071,手机游戏,射击游戏,http://i1.hdslb.com/bfs/archive/153d20be83bfb01f3e31a66752c6ead6032c986f.jpg,让你通透整个大坝，你的无名才能愈战愈勇,1754214425,309,1809444890,三角洲-安澜,https://i2.hdslb.com/bfs/face/e714b2642ce045e441a21dd29e94a72d3f7f3f8e.jpg,297695,"FPS,电子竞技,三角洲行动,单三猛攻,零号大坝教学,无名教学,安澜三角洲行动,粑粑流无名,教程攻略,三角洲破壁新赛季上线",659444,859,1331,8251,2673,1187,0,0,57913
BV1Y2hJzrEDB,114951947617780,1,254,2154,亲子,剧情演绎,http://i2.hdslb.com/bfs/archive/37fc4d9573e9f9fb723152a77620487c8c4bb95f.jpg,个别娱乐主播的套路,1754027891,89,3546640096954436,周小闹是周小闹,https://i2.hdslb.com/bfs/face/3c1e9f0e717c007cac23199fe9a704ccb3b35366.jpg,794256,"直播,搞笑,生活",1915377,107,156,10102,512,89,0,0,45758
BV1oRtnzVEUV,114975418879196,1,215,2149,美食记录,美食制作,http://i1.hdslb.com/bfs/archive/7efc73df506e9b249a1ea9231778282242d8b20a.jpg,奶白鱼汤面，鲜掉眉毛～,1754386034,115,1201986019,留意炫饭吖,https://i1.hdslb.com/bfs/face/f4fa26aea4b9077bb23844ceb296e8736027b2fe.jpg,1449204,"生活记录,吃货,萌娃,Vlog,我的养娃日记",440405,375,350,1488,575,600,0,0,44131
BV1vztJzvEAN,114976039633168,1,253,2043,动漫杂谈,动漫速读,http://i2.hdslb.com/bfs/archive/d3556370af3435a602fbf76c97f9dd470c1b84a0.jpg,火麟飞暴怒揍天羽，苗条俊菜刀砍冥王,1754395217,327,1249738739,刘成lcc,https://i2.hdslb.com/bfs/face/a01f302dc0742f3602724c32d64f6f54fa0d9b78.jpg,228285,"童年回忆,超兽武装,童年,国产动画,国漫,冥王,天羽,火麟飞",741822,611,287,7216,1105,147,0,0,24352
BV1KNhpzTE3M,114952786415325,1,21,2154,日常,剧情演绎,http://i1.hdslb.com/bfs/archive/4b8e0e18a78238a70bb9304d9f389ae60c742f53.jpg,b站让我用十秒留住观众（物理）,1754107500,288,9354231,快乐的台长,https://i0.hdslb.com/bfs/face/84f1b28f5b474e298603fc7b85eba8545dac968c.jpg,1297820,"恶搞,娱乐,搞笑视频,生活,搞笑,高能,台长,学生,小剧场,我的离谱暑假",1553422,21769,647,23349,4696,925,0,0,83250
BV1YptnzKEh8,114975569939746,1,59,2031,演奏,明星舞蹈,http://i2.hdslb.com/bfs/archive/3a391a80953d8c6845f8574c09a8e4b4843263cb.jpg,暗香残留,1754388073,47,385534216,段俊piano,https://i1.hdslb.com/bfs/face/f9a72b873971d4ed869a290e1cb27b5b0468afc8.jpg,1264209,"钢琴,段俊,沙宝亮,暗香,KPOP回归前线",420425,198,387,974,1393,405,0,0,27117
BV1uvtFzqE7R,114980166893832,1,247,2109,新能源车,汽车技术,http://i2.hdslb.com/bfs/archive/c7338975a9b1ec8164f8d402b1ee6b44682c2010.jpg,车机为什么干不掉手机？,1754467200,867,133901828,二斤啦啦啦啦,https://i2.hdslb.com/bfs/face/0b57ec446b6a143d84b1dbcacaf655562b89cf93.jpg,1465370,"科技,手机,名爵MG4,智能化座舱,汽车知识,智能车机,阿B车友俱乐部",434337,577,236,3254,2151,547,0,0,18740
BV1gUhbzwErx,114958843055114,1,161,2148,手工,其他手工,http://i2.hdslb.com/bfs/archive/1b5838420828a2da9e51c417198cf702916630d9.jpg,白银真能把毒验出来吗,1754132797,38,443448523,解忧黄金回收,https://i1.hdslb.com/bfs/face/de2793beaa924e649bcb76181c8e8b8471d2009a.jpg,153938,黄金,3671816,233,564,1281,653,76,0,0,32808
BV1Uz82zTEnr,114947535148543,1,95,2123,数码,家用电器,http://i1.hdslb.com/bfs/archive/1d93659b9b9b5edc34fd3bd674e09e4da2b3ce36.jpg,是如画壁纸，也是旗舰电视！创维A7F Pro壁纸电视深度评测,1753961813,561,941799,野生的装机宅,https://i0.hdslb.com/bfs/face/7ad319543e71c4cbca135475fb73588ac987fe6d.jpg,1006110,"评测,电视推荐,miniled电视,创维壁纸电视,京东国补,创维壁纸电视A7F Pro,创维A7F Pro,智能电视,影音设备,京东新品",893587,362,578,1603,807,278,0,0,11672
BV1YLhWzEEm8,114954229259122,1,250,2018,出行,音乐现场,http://i1.hdslb.com/bfs/archive/4e0f08372f9afdce8af54962ef406a14f237238a.jpg,从乡下出发去韩国看权志龙演唱会,1754063552,238,25179389,Just4GD,https://i2.hdslb.com/bfs/face/0ade6f74d3b91169b301aebb0a05c870fec9cb75.jpg,54,"权志龙,演唱会",106969,73,589,732,850,214,0,0,9897
BV1EhhLzKEMm,114965688097005,1,130,2024,音乐综合,电台·歌单,http://i1.hdslb.com/bfs/archive/f2d4759eacf56c869f7c4f1bfa98b163293d57c2.jpg,"循环歌单 |【我的XX在哪里】| ""你猜得到我是谁吗？【在哪里の小曲】""",1754265600,3632,550445292,peach63,https://i0.hdslb.com/bfs/face/e2cc169b562e8a06a73d9a6908f39895f72a4604.jpg,569285,"我的XX在哪里,在哪里の小曲,电台新星征集令",2317449,30,81,49289,1637,32,0,67,38701
BV1HgtwzaEDA,114981341302098,1,95,2105,数码,科技数码综合,http://i2.hdslb.com/bfs/archive/907eaf27bb4605afe1d4d7f626ce585d450c5e3f.jpg,XREAL One Pro 像一副成熟眼镜了 真的！,1754479696,679,276928941,林捂捂,https://i0.hdslb.com/bfs/face/130befe6530b010a915b2af8f8852b8a743fdbfa.jpg,1123264,"科技猎手,VisionPro,XREAL,XREAL One,XREAL One Pro,智能眼镜,AR眼镜,PS5,便携屏,Switch2",158735,136,582,2940,2594,227,0,0,13250
BV1YLhWzEEQ9,114954229257331,1,171,2071,电子竞技,射击游戏,http://i2.hdslb.com/bfs/archive/6f63e471e7431e67707431dcf5f09a941cdc2692.jpg,脸都气绿了,1754062484,431,1050482689,康有成,https://i1.hdslb.com/bfs/face/2856b2c0f3f7bca04bc4b84883533eb3db3cfef9.jpg,161884,"FPS,电子竞技,穿越火线,推荐宝藏游戏",1967303,1753,1080,18797,4474,2909,0,0,121006
BV1NmtwzTEAZ,114980670212937,1,138,2156,搞笑,UP主小综艺,http://i0.hdslb.com/bfs/archive/60b642c54ede6c681f2a569fbe278b2b76d4f031.jpg,哈哈哈哈音乐卧底,1754466092,151,551931509,小歪很拽,https://i2.hdslb.com/bfs/face/961bf1b9c9551c209a44d3463990190c36b3cdb1.jpg,1268981,"综艺搞笑,谁是卧底音乐版,趣味游戏,办公室游戏,看一遍笑一遍,搞笑研究所",864337,396,207,5983,590,92,0,0,15152
BV1wohVz6E9f,114964631128746,1,138,2154,搞笑,剧情演绎,http://i0.hdslb.com/bfs/archive/5886ded918e88ed4d1581d427855da1f5690d0ff.jpg,看来变装也是我擅长的领域！！,1754280000,14,477676711,田一名sir,https://i1.hdslb.com/bfs/face/4e30dae85d2e529924322aa328b20ee0e98427e1.jpg,1642347,"变装,美妆,领域,翻唱的N种打开方式",629109,828,3674,2732,791,9773,0,0,63911
BV1q5tnzrEYa,114975922260756,1,21,2197,日常,其他vlog,http://i0.hdslb.com/bfs/archive/395c1fa5304bd9941fe25e8dbb48374b20018886.jpg,收手机收到前总裁！在深圳住300块出租屋还债200万！,1754470959,194,1873295428,收手机的CC,https://i1.hdslb.com/bfs/face/60ddb2cde10af7ff9ced81ec3800323509f6f736.jpg,216527,"工作vlog,小米11ultra,转转回收,随手记录生活,上门回收",336102,532,683,1501,809,374,0,0,21787
BV19ytgzgET6,114969278417558,1,251,2166,三农,农村生活,http://i1.hdslb.com/bfs/archive/0631a76f371aacce5f10d03e2693d4e3e218e872.jpg,母牛花样搞我爹，牛角、乳房、子宫轮番上阵，我爹奋力一搏,1754299800,515,414700515,龙腾虎跃龙兽医,https://i0.hdslb.com/bfs/face/697d80194c5a980fa55b9a200ce8b8ecc41ab39a.jpg,2691249,"得物,记录美好农村生活",868815,2533,782,6611,4906,505,0,0,58575
BV13EtjzpEJT,114973875376106,1,243,2025,乐评盘点,音乐教学,http://i1.hdslb.com/bfs/archive/da3dc553434affef792d12a2af005c9823bdb35b.jpg,【于老师声乐解析】逐帧分析侯明昊《爱错》唱功刷新众人印象！所有你没注意的细节和难点！,1754362493,315,545372546,歌手于航,https://i2.hdslb.com/bfs/face/c2e53fd530cb7ea15fbcafc7c8b4473f576c27c8.jpg,20675,"唱功,reaction,于老师流行声乐解析,声乐教学,爱错,混声,高音,侯明昊,唱功分析,逐帧分析",212396,321,535,911,1661,314,0,0,4986
BV1AehHzbEV3,114953122092194,1,21,2154,日常,剧情演绎,http://i1.hdslb.com/bfs/archive/e1d2353689100a1729385b9e0e368380665e5b12.jpg,咖啡店之王牌对王牌,1754045827,160,8259298,港妹妹join,https://i1.hdslb.com/bfs/face/07b99a830d07736e978148d77b733b115ab5c91a.jpg,359000,"搞笑,搞笑小剧场",1632088,3843,3247,12792,7360,10573,0,71,187035
BV1jy8mzXEig,114948625667643,1,17,2079,单机游戏,其他游戏,http://i1.hdslb.com/bfs/archive/25c64cfab1e36ae00675dea3cdc4a06644c8d26b.jpg,驯 虫 高 手,1754038800,656,546195,老番茄,http://i0.hdslb.com/bfs/face/bc5ca101313d4db223c395d64779e76eb3482d60.jpg,19839416,"搞笑,老番茄,高能,配音,斗虫公园,kabuto park,斗虫,沙雕,推荐宝藏游戏",4586218,3033,1785,60967,23516,982,0,17,148264
BV1hgtczkEiA,114979512518730,1,182,2001,影视杂谈,影视解读,http://i1.hdslb.com/bfs/archive/88502b85924c0e6f26d9a7cae4014be9086cc785.jpg,P121 把大清第一关系户拉下马，熹妃至少用了5个职场小心机,1754450264,1384,618442764,树懒小结界,https://i0.hdslb.com/bfs/face/2e63ffb52888a12736f961b0111c83c9f51c6aa9.jpg,272005,"甄嬛传,熹妃回宫,助眠解说,电子榨菜,知否,哄睡,如懿传,女性成长,甄嬛传深度解读,万字拉片大赛",148411,1145,173,991,2462,114,0,0,7059
BV1md81zqEqy,114948005039440,1,183,2063,影视剪辑,鬼畜综合,http://i2.hdslb.com/bfs/archive/2bfcf8daf21c29ce622537cdf494e6052babb2d5.jpg,17号选手 贪财和尚 由于他俩的《发财经》，被如来愤怒除名,1753967660,250,1766355135,阿蛋侃剧,https://i0.hdslb.com/bfs/face/ac52b81df172ffdc6354d7db6139f5f117440261.jpg,49576,"综艺节目,开口跪,鬼畜,ai歌曲,三界好声音,和尚,释永信,不一样的西游记,阿难陀,摩诃迦叶",4163400,13977,5584,50165,83850,25895,0,18,185760
BV1nQtFzdEpk,114979982412702,1,122,2079,野生技能协会,其他游戏,http://i2.hdslb.com/bfs/archive/9928dafd1bb548903f676ae3accc32a99cb8eaa9.jpg,恭喜你赌赢了，后续来了,1754455654,29,580207,AliveGameStudio,https://i1.hdslb.com/bfs/face/f999484dfe790f2a3ee0d953f9a04ab2b400bedf.jpg,632618,"游戏开发,独立游戏,游戏,steam,敢不敢赌一次",1514702,16226,3138,39275,33612,1375,0,32,213002
BV15ptnzKE97,114975569876666,1,251,2166,三农,农村生活,http://i1.hdslb.com/bfs/archive/acb1922d11cf8c8ac6b82058ffbf94b50d70fa4e.jpg,猪到了......,1754395500,380,143845192,念叁叁叁,https://i1.hdslb.com/bfs/face/3e9a9ed8cf8b0c7221b3e810d9e1e8ff7e6cf7b9.jpg,272555,用星露谷开启我的农村生活,153962,431,510,978,950,398,0,0,26068
BV1uetnzZEAk,114975704094192,1,172,2064,手机游戏,单人RPG游戏,http://i0.hdslb.com/bfs/archive/85d63b6356dd94302358e7e0cfcd6353a5c994f4.jpg,飞霄2金0T史瓦罗！小飞老矣，尚能战否？无需3Q鸟暴力拆解下城区体育生！,1754390411,240,39720180,恭梓呀,https://i0.hdslb.com/bfs/face/87fde78dda0bad634005690f28c5c21c132e426f.jpg,47993,"二次元,追击队,飞霄,崩坏：星穹铁道创作者激励计划,恭梓,巡星杯,竞速,知更鸟,长夜月,0T",119899,325,805,956,1131,1261,0,0,11705
BV15shTzMEPS,114960336165739,1,17,2079,单机游戏,其他游戏,http://i2.hdslb.com/bfs/archive/90ecbbb3c4fa792313084632822d891f898384dc.jpg,我的好兄弟看视频不点赞被「告上法庭」!!!!!!?,1754179200,1801,84130356,夏天y,https://i0.hdslb.com/bfs/face/2139ba40f33a5977675e209a66896c4c3fe3eeb5.jpg,1517069,"搞笑,单机游戏,我的世界,娱乐,MC,沙雕,法庭,多人游戏,夏天y,推荐宝藏游戏",1164026,2162,539,48836,41642,698,0,37,93589
BV1yDtwzPEd3,114980569486296,1,251,2148,三农,其他手工,http://i0.hdslb.com/bfs/archive/c4f43a906ff3af7caadfb3a5a22ff004076bf2b5.jpg,余师傅今天教大家打一把极致锋利的双刃柳厨刀，大家学会了吗？,1754466665,648,414367068,余铁匠打铁日常,https://i0.hdslb.com/bfs/face/5bd86814ce91b3a147a7b0b725e8315e2983e80f.jpg,67035,"制作,手工,生活记录,原创,技术,刀,轴承,厨刀,创作灵感,寻找100位非遗手艺人",245713,1341,840,1931,5134,440,0,0,24952
BV1W1tnznERR,114975318282824,1,172,2071,手机游戏,射击游戏,http://i2.hdslb.com/bfs/archive/fa173e6fea6f609b6fb864c7a20b29667962f65c.jpg,要塞翻新！还有新天气？S14体验服爆料来了！,1754384354,419,1179443060,游戏策划117,https://i2.hdslb.com/bfs/face/f2c3dc4f523041284c214541b59e0092ed4a865d.jpg,1153457,"FPS,暗区突围手游,策划117,暗区突围S14抢先看,体验服,爆料,暗区突围",554811,4534,7284,17562,4315,8796,0,0,43616
BV1KntGzvEfz,114970301827939,1,138,2182,搞笑,心理健康,http://i1.hdslb.com/bfs/archive/e9e8b039637cdda3d92f4d72c2ccb46012818116.jpg,过度思考，焦虑症？孩子不是在钻牛角尖，他只是在给自己找活路,1754307724,87,3546883385461219,猫meme小山楂,https://i1.hdslb.com/bfs/face/2c0ab4995c2dde5f5927c6d59d6b3db798ee377d.jpg,22293,"猫meme,焦虑症,过度思考,敏感型人格",974394,788,1521,43993,3118,2988,0,0,64983
BV1iXh5zwEoA,114965906202366,1,218,2168,喵星人,狗,http://i1.hdslb.com/bfs/archive/ce9201875c2bd3058a2a2a64ccad1a451c8aa85e.jpg,两个月不见，家里的宠物激动坏了,1754241775,535,314866867,佚村夫,https://i1.hdslb.com/bfs/face/b830d72b684c7a00f9070c947e88d54fccee6c56.jpg,434796,"汪星人,喵星人,治愈,宠物,田园生活,中华田园犬,猫狗双全,农村小院,萌宠过暑假",1144693,876,598,14750,3968,182,0,0,27344
BV1a1tJzhEMw,114976240959973,1,17,2078,单机游戏,沙盒类,http://i2.hdslb.com/bfs/archive/615a7e797020288285be2bed91a434ffca8a87bc.jpg,花了3天时间，我在MC里做出来有兽焉片头曲,1754442000,340,3546668714691139,VGBJ4EFy,https://i1.hdslb.com/bfs/face/8f93efd5e9441143ed7fee8b8774429d702af4b9.jpg,8958,"沙盒游戏,我的世界,像素风,粒子,有兽焉,推荐宝藏游戏",459680,2074,2394,22621,30801,2519,0,56,102027
BV1NgtPzgE1w,114982112991429,1,251,2083,三农,综合资讯,http://i0.hdslb.com/bfs/archive/194e2a5819a8ffa863e5caad60d2087ec5ad3918.jpg,橙C美式！羽衣甘蓝美式！“果咖”赛道如何影响农民生计？【主播说三农】,1754488078,193,1343321779,央视农业,https://i1.hdslb.com/bfs/face/c9e24623ccc91cd26c2894d2a1880dc6dc6a28c4.jpg,3623421,"咖啡,果咖,主播说三农,水果,冷饮",403216,624,1381,1539,1173,896,0,0,36144
BV1PZ4RzjE7F,114976761059537,1,17,2077,单机游戏,休闲/小游戏,http://i1.hdslb.com/bfs/archive/96a805101ac3c136c93ff2254ceeba7f598dd7a6.jpg,融合植物285：更多的巨人！,1754434800,772,3546619314178489,蓝飘飘fly,https://i1.hdslb.com/bfs/face/f2bc644c3cf25590bbc7954daecf3e3a9aec5711.jpg,1506359,"植物,植物大战僵尸,娱乐,融合版,转转回收,融合植物,巨人,融合,巨人僵尸,推荐宝藏游戏",534675,2191,1856,2281,1763,474,0,0,21190
BV1TAhpzBEZa,114952803196120,1,228,2066,人文历史,单机主机类游戏,http://i0.hdslb.com/bfs/archive/7e9e89b7abd1d69483bc218e5a953bbb7d71e7b7.jpg,【推理海龟汤】爱的证明。无人应声的骚扰电话，平静落寞的便签落款，五位侦探能否探明？奇怪场景背后的悲伤真相,1754049600,2077,3546824214317878,Sz推理之夜,https://i1.hdslb.com/bfs/face/b669f6b6290ae9d9bc357075a889b8722dd497d3.jpg,477610,"细思极恐,原创,海龟汤,娱乐吃瓜大会",630393,4722,3324,19084,26114,3621,0,0,60745
BV1eAtgzuEn9,114969731466787,1,59,2021,演奏,演奏,http://i1.hdslb.com/bfs/archive/ebc5d8ac93806e3b81197f2e3f1e15de833d2a5c.jpg,【Ayasa】鸣潮弗洛洛│失亡彼岸小提琴版「酣梦于彼岸深红」,1754391600,200,321056219,Ayasa绚沙,https://i2.hdslb.com/bfs/face/510e0d8b930f38055e47b1343cb2b129147c67e4.jpg,728726,"COVER,翻弹,纯音乐,二次元,小提琴,Ayasa,鸣潮创作激励计划,弗洛洛,独奏,鸣潮",93171,180,744,3741,7444,2360,0,0,21923
BV1kFhNz2EJq,114959430257669,1,183,2002,影视剪辑,影视剪辑,http://i0.hdslb.com/bfs/archive/c5aeecf22bdd395bf3860dc084f66a6abd143d9f.jpg,“东京社畜，隐居天狗，竹马带崽”,1754141733,215,28734721,一只芋头-taro,https://i1.hdslb.com/bfs/face/061909c2047b40e47dddd26a55fc6677fdb5cb60.jpg,145649,"女性向,兄弟情,竹马,治愈,日剧,驹木根葵汰,天狗的厨房,越山敬达,友情,盐野瑛久",537547,88,439,22413,1573,1489,0,0,32159
BV1MstjzEEoo,114974076699910,1,182,2001,影视杂谈,影视解读,http://i2.hdslb.com/bfs/archive/71fe0433636846c1b51ca5ae7a4ad5f711a52591.jpg,【影Sir】被绿N次后，她用食物相克吃废了丈夫！国产悬疑《双食记》,1754365265,618,242020511,我是影Sir,https://i2.hdslb.com/bfs/face/6654e181947e778f8aa1c83fc9ffe94ae21cdb5a.jpg,742882,"吴镇宇,影评杂谈,余男,江一燕,悬疑电影,解说电影,惊悚电影,讲解电影,好剧好片重刷榜",747642,767,557,3583,637,347,0,0,24385
BV1g9tczVEtk,114981190240396,1,124,2089,社科·法律·心理,时政解读,http://i2.hdslb.com/bfs/archive/fa54bcede578dfd59eaa1c57cdc906febe7a6c34.jpg,特朗普威胁印度反被无视！“东方大国”底气十足,1754474182,1098,703186600,麻薯波比呀,https://i1.hdslb.com/bfs/face/826f6c258199edc87d5722a56e8a8f963686dbba.jpg,2722424,"社会观察局,印度,美国,莫迪,美国印度,美印关系,特朗普关税战,特朗普",1271424,2540,2016,7863,8044,708,0,0,70021
BV1BFtczJEVG,114979898398033,1,95,2099,数码,电脑,http://i2.hdslb.com/bfs/archive/d98410d8b62bb54a704b171a7296fa1233f7b4bc.jpg,[熊猫]骁龙笔记本现在能买吗？2025CJ骁龙主题馆带你一探究竟,1754456834,343,479927880,嗨我是熊猫,https://i0.hdslb.com/bfs/face/2a70f9b9c31cfb2789682966969f860beb92a0b0.jpg,641745,"科技猎手,ChinaJoy,windows on arm,X Elite,选骁龙,游戏本,高通骁龙,骁龙,骁龙笔记本,Arm架构",112415,165,147,891,1403,174,0,0,3276
BV1KKhpziEEn,114952836743619,1,182,2126,影视杂谈,户外探险,http://i0.hdslb.com/bfs/archive/8299ab4225ea044315a1bc44215f4b9254f3415b.jpg,湖南男子被困水下洞穴5天后获救，详解湖南湘西溶洞救援事件,1754049600,717,87670515,神秘园SMY,https://i0.hdslb.com/bfs/face/97df512c31b322245934bfbd23613510d2203d11.jpg,1003829,"湖南,二手推荐,湖南溶洞救援,湘西溶洞救援,转转,湘西,洞穴,溶洞,二手手机,湖南湘西",1629568,8441,3680,13561,15627,3587,0,0,92652
BV1AetjzGEf8,114974043147768,1,162,2090,绘画,人文历史,http://i0.hdslb.com/bfs/archive/cd5c0315a64dc4ed4ee50b15d6301db268e4da3a.jpg,混子哥边画边讲：曲水流觞,1754364998,168,3546918961547843,混子哥边画边讲,https://i2.hdslb.com/bfs/face/effd3aa51f0d736931099eb358fc90404dc7e076.jpg,843969,"人文历史档案馆,王羲之,中国传统文化,兰亭集序,曲水流觞",161832,470,393,907,1260,305,0,0,20328
BV1kehHztEbm,114953122028009,1,138,2195,搞笑,学生vlog,http://i1.hdslb.com/bfs/archive/9f092f748bb199dad3398085f9565960dc034c69.jpg,《 当 代 高 一 牲 ？！ 》,1754106312,973,1238825086,建客8米2,https://i1.hdslb.com/bfs/face/fbd9d6ef8a4d0fdce75cad21b2f54dbc1a40c07a.jpg,382048,"高中生,搞笑,生活记录,校园,青春,传说之下,记录,高中,三角符文,万种生活碰头相见",405098,2747,980,13099,7805,705,0,0,61957
BV1zHtLzhE5K,114972684192625,1,171,2070,电子竞技,MOBA游戏,http://i2.hdslb.com/bfs/archive/d873165a3cc6b66919c9ed344a72f0005dce2573.jpg,【蜘蛛馍】小代问号攻击，那就打到他扣不出问号为止！,1754359200,589,265224133,蜘蛛馍666,https://i1.hdslb.com/bfs/face/6c82d4df9e469b695887d5dd8460c4e233663d68.jpg,177773,"英雄联盟,MOBA",216945,862,1197,664,2735,213,0,0,13378
BV1xehtzQEqX,114957500812484,1,250,2158,出行,旅游记录,http://i2.hdslb.com/bfs/archive/b492a21b8efc0450137db68c926d3ef8dbdbba0e.jpg,80块，带伊拉克爸妈玩转开封万岁山，这简直就是中国版迪士尼，太武侠了，玩迷糊了！,1754126400,919,3537122973714533,老王在中国,https://i2.hdslb.com/bfs/face/5cc0f66946ba560d0ccbd8e5bffc45ac94793cf4.jpg,3446452,"武侠,歪果仁,生活记录,旅游,开封万岁山,记录我的美食日常,伊拉克耐热王,爸妈,伊拉克,美食探店",1697628,5888,2513,12236,20716,2966,0,0,79021
BV1SY4ZzFEBX,114979361526542,1,21,2046,日常,网文解读,http://i0.hdslb.com/bfs/archive/2d0d5c55e04497f49358a5cbd6b35128ff7c768e.jpg,不是，哥们，要不，祖师你来当……,1754446065,178,72969462,笔给你你来写_,https://i0.hdslb.com/bfs/face/8e8a57daeb8ee0b50e6fa4e66c4f18f849fc601c.jpg,1137668,"脑洞,小说,原创,曼波配音,随笔,原创剧本,笔给你你来写,沙雕段子",270499,215,1131,1005,515,109,0,0,24347
BV1rXh8z7EM2,114958473960142,1,21,2156,日常,UP主小综艺,http://i1.hdslb.com/bfs/archive/8051d7d17ec07402606585ecfa1fd36eed4bbb76.jpg,《第七条怪谈》,1754127718,646,3546731908171869,是许木木啊,https://i0.hdslb.com/bfs/face/dd7af55fc5361c6a343356958efce19fa6326d89.jpg,1398298,"日本,影视剪辑,剪辑",4434600,6654,4008,89097,14451,6894,0,7,305513
BV17rhHzXESA,114953105179012,1,215,2149,美食记录,美食制作,http://i1.hdslb.com/bfs/archive/085f08cae2901080a759b3812cd8a158e8613d16.jpg,炒牛油火锅底料,1754045413,165,3546720050874607,周大签,https://i1.hdslb.com/bfs/face/b751598f79820c96e946f0fac2e4cd91441093cb.jpg,212705,爱豆安利挑战,2619143,1801,1600,3539,1320,691,0,0,66416
BV1xPtizeEhk,114985250393434,1,17,2079,单机游戏,其他游戏,http://i2.hdslb.com/bfs/archive/d20a2a4b2c81834f272670994af73f5051d3412e.jpg,每折磨他一次，你就能获得一美元！想赚钱必须下狠手！,1754539978,1765,1767542,笨尼尼子,https://i2.hdslb.com/bfs/face/9a00259681e96cd04c9136344b100c28374d1d65.jpg,1619858,"单机游戏,惊悚,猎奇,恐怖游戏,独立游戏,恐怖,生存恐怖,伪人,推荐宝藏游戏,BloodMoney",89802,987,291,1720,1557,139,0,0,6433
BV1sStLzGEUm,114972046659055,1,17,2037,单机游戏,同人动画,http://i0.hdslb.com/bfs/archive/d80956d5dd54e542179b768cb75261d5bd244e0d.jpg,谁说百岁老人不能当模特,1754334528,120,15312,Days的Wing翼,http://i0.hdslb.com/bfs/face/4f7f75fc3ca8d45c95187561c31fc200ca206947.jpg,137289,"同人,AI动画,白月魁,动画MV,白老板,灵笼",429709,350,960,5404,2230,787,0,0,12276
BV1JftVztELD,114971375568432,1,157,2183,美妆护肤,助眠视频·ASMR,http://i0.hdslb.com/bfs/archive/ffcd02e2a93610f1971b1666617a93da9d86a21b.jpg,ASMR｜模拟化妆它又来了！！,1754324191,853,525528347,疑似被期末逼疯助眠版,https://i2.hdslb.com/bfs/face/8b381ea06c18fb5da5a8d52d86438ef9c8483bfc.jpg,47717,"助眠,催眠,无人声,美妆,asmr,放松,触发音",78945,215,506,1976,1751,58,0,0,9041
BV1ZctAz4EuS,114980720545025,1,65,2071,网络游戏,射击游戏,http://i2.hdslb.com/bfs/archive/38ebfae1c3d0eded8739d47ab739b6b9bded033b.jpg,不出医疗五天王不结束（五）,1754466753,608,1836738740,加尔尔尔,https://i2.hdslb.com/bfs/face/4e2d73d83d4d49b0a8f47e5df5bfdf245d1cddd3.jpg,101580,"第一视角,游戏实况,娱乐,三角洲行动,带富电竞",361726,516,331,4192,604,62,0,0,11165
BV1QPh4zWEDd,114956611753003,1,138,2195,搞笑,学生vlog,http://i2.hdslb.com/bfs/archive/a58bbf53ceced5b14a3d6be0840358912421dda4.jpg,好恶趣味的女寝(￢_￢)【微唠鸽（11）】,1754099126,703,1532685193,王菜菜-_-,https://i1.hdslb.com/bfs/face/a0bbc68079bd6d57ab8b8b34c3f3879d89e240fe.jpg,115841,"高中生,生活记录,搞笑,宿舍,校园,致歉一切,唠嗑,寝室,搞笑研究所",896944,276,451,8736,1710,519,0,0,35210
BV1BZhEz5Esd,114952484428689,1,21,2084,日常,应试教育,http://i2.hdslb.com/bfs/archive/c03d78459f7c66d90659fa4173a2fe8803c6ecd5.jpg,“离心率”一问范围就发懵？技巧在此！,1754036118,1876,14229967,一数,https://i1.hdslb.com/bfs/face/812281bada7d323c23c6e1e2e92749bd29b7d7c6.jpg,20517716,"学习,高考,数学,中考,圆锥曲线,考前复习,椭圆,高中,离心率",1006053,12336,1958,25196,6888,2444,0,76,113542
BV1Q2hbzaEMV,114958926876502,1,182,2001,影视杂谈,影视解读,http://i2.hdslb.com/bfs/archive/a51c78fdddfdf7f9344655f8aac1a1bed242b0fc.jpg,【阿奇】2025年丧尸惊悚片《放飞》：病毒天灾持续六年，丧尸进化成更高等级物种,1754134198,640,151203311,阿奇讲电影,https://i2.hdslb.com/bfs/face/0a1daa330b079cfefdc148503bfc76f56b3f921d.jpg,260582,"末日,进化,科幻,惊悚,丧尸,放飞,病毒,好剧好片重刷榜",1484139,2215,905,11262,1364,674,0,0,39631
BV1PJtMzSEgq,114968640881075,1,250,2152,出行,美食记录,http://i1.hdslb.com/bfs/archive/d19d8fa5e78e5a8c308d33e9918ec18d5f6ca15a.jpg,你还在点外卖吐槽预制菜？人家加拿大就没有预制菜,1754282753,113,1289012110,行走的大大大羊腿,https://i1.hdslb.com/bfs/face/79b18f823971e3838bf45db65334dc1c7a90b8bb.jpg,776474,"美食,加拿大,生活记录,原创,吐槽,外卖,随手记录我的生活碎片",1601764,5201,4600,4817,1192,2968,0,0,97088
BV1rihgz4EVq,114962466871917,1,172,2063,手机游戏,鬼畜综合,http://i0.hdslb.com/bfs/archive/0c7d4ab9b62c6338161b60cb53b79e3d84f1dd91.jpg,救世PV没语音不得劲，于是我加些进去,1754188629,104,24961799,金咸鱼,https://i2.hdslb.com/bfs/face/0356ee34b4e6771f03fb02a9a3523b558c15010f.jpg,450784,"搞笑,鬼畜,崩坏：星穹铁道,崩坏：星穹铁道创作者激励计划,昔涟,抽象",1003525,1425,3250,24833,17104,17933,0,0,97917
BV1JBtczWEq6,114981425123992,1,17,2071,单机游戏,射击游戏,http://i2.hdslb.com/bfs/archive/92a0c121bfeb612b62a6c1fd9979509b219f5d0e.jpg,园长！这才是你真实面目吗？？？,1754481294,461,7450650,超果果mc,https://i0.hdslb.com/bfs/face/68055fd664aca68f38bdd1d816c46ad4f7b7405d.jpg,2241826,"赛博朋克,搞笑,超果果,过山车之星,造乐园,暗区突围端游,暗区突围无限",149710,369,177,1688,1977,72,0,0,10355
BV1TKhpzqENJ,114952836947370,1,250,2141,出行,体育赛事,http://i1.hdslb.com/bfs/archive/0dfd59349dde57a15e1ea0bf6e6a503bc9218efe.jpg,在香港看热刺比赛是怎样一种体验。,1754042190,436,35847683,峰哥亡命天涯,https://i2.hdslb.com/bfs/face/ae439693d6fd79a55b1b5f935ed6474ae6fba35b.jpg,2374957,"阿森纳,体育,热刺,香港,足球,球迷,峰哥,孙兴慜,香港足球盛会",426828,2183,1514,1817,3122,2475,0,0,16975
BV1JfhnzpEaM,114953306642785,1,250,2126,出行,户外探险,http://i2.hdslb.com/bfs/archive/c927e605c34a22811614ad39ddd7f98a0ecd763a.jpg,《埃及·红海》第2集：用时两天一夜，探索资源贼好的偏僻小海湾！不仅收获好多巴掌大的海螺，还解锁了好多叫不出名字的大鱼！,1754103600,1353,1497330079,OK哥环球探海记,https://i1.hdslb.com/bfs/face/aa0720a9f930e03569ac61092d207d164ce5122f.jpg,2103350,"AI,夸克AI,埃及赶海,真的假的问夸克,夸克,红海,赶海,渔猎,潜水,海岛探索",2010251,5898,1040,24224,25420,1559,0,99,67829
BV1o7h8z3EMt,114958591397588,1,256,2154,短片,剧情演绎,http://i2.hdslb.com/bfs/archive/81abf4b05af47f926fb2da260d06a998cc964f9c.jpg,《治蝗》 若惩恶沦为戏码，扬善则无人问津~守善，扬善！#泽华君 #吟游诗人 #田园诗人 #惩恶扬善,1754129211,101,282645129,泽华君呀,https://i0.hdslb.com/bfs/face/794dec6e0a865f1e3214c6d18b677c4d912da533.jpg,1134167,"诗人,田园,吟游诗人,惩恶扬善",742170,311,478,5096,1526,243,0,0,52214
BV1Bih7z6E8T,114951494636270,1,95,2100,数码,手机,http://i2.hdslb.com/bfs/archive/d1a79ed9006755d8bd71a6c437baf9884b3b8072.jpg,提前看完苹果折叠屏的样子，我觉得它已经打不赢了。【X.PIN】,1754182800,486,31880257,差评硬件部,https://i1.hdslb.com/bfs/face/224f69a9c045d4c66936620e2cb3feb2054ed43b.jpg,727088,"科技猎手,小米,苹果,华为,三星,手机,iPhone,折叠屏",523154,1736,1952,2783,1491,1305,0,0,16415
BV1TztnzsEWF,114975653761865,1,76,2149,美食制作,美食制作,http://i1.hdslb.com/bfs/archive/1d33dab1535c3242e8e315b51576b2f2404d6bf6.jpg,《半夜饿疾自救指南》不开火把家里物资通通变小吃,1754389511,192,3546570674932451,茄猫的罐头,https://i2.hdslb.com/bfs/face/5a7adbd2cd769623efb5cd1c1076a72b658e9972.jpg,647432,"美食制作,厨艺,懒人食谱,美食教程,空气炸锅美食,不开火料理,邪修料理,自制零食,微波炉料理,我用美食搞事业",1248738,72,154,85372,7985,579,0,34,62253
BV1Ex4RzMEcT,114976912051938,1,216,2063,鬼畜剧场,鬼畜综合,http://i2.hdslb.com/bfs/archive/b7575db1e37a985328ee0501d72e385299f77670.jpg,黏巴达,1754451000,745,219370608,京西动画,https://i0.hdslb.com/bfs/face/4e6f81ccd97e61a8e106e0db12b0795761e1e73f.jpg,94205,"湖人,电影剪辑,NBA,鬼畜,电影,詹姆斯,篮球,赌圣,卢卡东契奇,鬼畜星探企划",152337,1174,698,1282,5816,1540,0,0,10489
BV1NUh3zMEny,114963892931372,1,219,2167,汪星人,猫,http://i2.hdslb.com/bfs/archive/0cdb3dfd4d9d83a0eeb87232a562de2664d18715.jpg,陪伴是最长情的告白,1754220000,316,3546946425850423,一口一个团up主,https://i1.hdslb.com/bfs/face/33fcb94a59b9c4e52c8e95ef97176c1cf408474f.jpg,382888,"边牧,萌宠,布偶,小狗,小猫,萌宠过暑假",297937,652,757,6200,3469,1537,0,0,45962
BV17WtwzXEzW,114980854764452,1,172,2071,手机游戏,射击游戏,http://i0.hdslb.com/bfs/archive/f0dbdef826f5ae4589fee3e6a3559f498152099e.jpg,出征！苏尔南实验基地竟然赚地铁币这么快？,1754468830,484,222037579,虚无-和平精英,https://i1.hdslb.com/bfs/face/6c261f469a7256a9ae01fd10474c4ea3b128757e.jpg,179941,"游戏解说,地铁逃生,对峙前线,地铁教学,冰河禁区,烽火荣都,地铁逃生周年版本,高燃,虚无,和平精英",332929,293,105,7828,682,12,0,0,10686
BV1Pf8CzoEqR,114946864056910,1,242,2018,娱乐粉丝创作,音乐现场,http://i2.hdslb.com/bfs/archive/879c11b001446f6b957895423a8c6cca643ccb04.jpg,【TOGENASHI TOGEARI】《雑踏、僕らの街》【BML2025单品】,1754107378,217,403748305,BML制作指挥部,https://i1.hdslb.com/bfs/face/924fb698bc68802a95c123c1f1ff41b3be1e9c9e.jpg,1295760,"音乐,LIVE,音乐现场,BML,现场,TOGENASHI TOGEARI,BML2025",488078,243,1259,12412,5234,4612,0,0,61464
BV1o6tGzDEa9,114969882397333,1,95,2099,数码,电脑,http://i1.hdslb.com/bfs/archive/a66547bca852ba8dceed041fceb7ca56340607ae.jpg,散热越级！来酷斗战者 战7000酷睿版评测，5060游戏本性价比天花板？,1754308800,367,178690106,搞机所,https://i2.hdslb.com/bfs/face/1d04316b1eb19a97d950a368af672421ff6224ee.jpg,2382939,"笔记本电脑,国补,来酷斗战者,斗战者一战封神,斗战者战7000全民游戏本,斗战者战7000战力制胜,斗战者,学生党,游戏本,笔记本推荐",196749,197,463,2654,2467,67,0,0,7418
BV1YWh8zTEzM,114958792658071,1,76,2149,美食制作,美食制作,http://i1.hdslb.com/bfs/archive/ac8dad7fd6de85f42e104e2673334c465035b458.jpg,邪恶美食家被米其林大厨点名啦！戈登老师你听我解释！,1754132223,90,31642139,美味羡宝王,https://i2.hdslb.com/bfs/face/59cefea633610997273eaf86e27acf4d4a235308.jpg,584617,"美食制作,大厨,美食,黑暗料理,搞笑,我在B站做美食,美食测评,Vlog",1032128,462,871,8065,661,752,0,0,94098
BV1Z2tjzAEm8,114973640492202,1,21,2154,日常,剧情演绎,http://i1.hdslb.com/bfs/archive/a48ccac87da38e7891b120dcdf1fa41e37d9c6d2.jpg,“躺着吧”,1754358846,227,490340432,英语老师晓艳,https://i2.hdslb.com/bfs/face/ec941be9327acdf6c0d30d3b0aaa4390087e0efc.jpg,550043,"手机,学丞,躺平,刘晓艳,爱的100种表达方式",73912,267,299,2964,991,771,0,0,6658
BV11WhMzoEwd,114961560902585,1,172,2071,手机游戏,射击游戏,http://i1.hdslb.com/bfs/archive/50cd14436a551c1660048b523f51f12fac6f157b.jpg,挑战用苏尔南手枪赚百万！,1754175313,468,700516468,松下千秋77,https://i1.hdslb.com/bfs/face/1d860b1b059fbcbc09c269b8d7a7e52603b3c283.jpg,398048,"地铁逃生,苏尔南手枪,和平精英,松下千秋",3434046,457,204,31582,1324,69,0,82,35827
BV1XXtGzkE8o,114970016616470,1,171,2014,电子竞技,娱乐综艺正片,http://i2.hdslb.com/bfs/archive/0e699f4edd19eb858d4cf93f300aa3c3fbcd0abb.jpg,【全世界都是T1】Gumayusi变身ATI篇,1754470800,529,594558993,T1电子竞技俱乐部,https://i0.hdslb.com/bfs/face/e7abae1d74c5b1ba73ac538d0331fbee7525bd92.jpg,291382,"LCK,拳击,电子竞技,英雄联盟,LOL,Doran,崔玄凖,T1",65527,246,399,624,1039,381,0,0,3397
BV1e4t3zrEDp,114970687705743,1,47,2037,同人·手书,同人动画,http://i1.hdslb.com/bfs/archive/9cd123ef1c3d5a8b1efb665f77ac658c9263df19.jpg,隧夜轮回（怨灵酒店）25-30集抢先看 动画 悬疑 微恐怖,1754471100,1823,501642082,萧一白呀,https://i1.hdslb.com/bfs/face/753545c422513fb3bac9cbd9b4f855b3e7656f82.jpg,1145216,"原创动画,原创,动画,悬疑,一口气看完",178569,1055,731,1001,2193,104,0,0,4228
BV1h3tGzrERQ,114970201228615,1,65,2071,网络游戏,射击游戏,http://i2.hdslb.com/bfs/archive/7e91735553a7f46f4fc45a5273f34d5b039d1157.jpg,换个视角看三角洲，全网找这个2号！,1754306181,125,649413109,三角洲蛋少,https://i1.hdslb.com/bfs/face/0ca00d6fb71a0f320cda2650d19caf154f276576.jpg,9713,"原创,三角洲行动,记录,三角洲破壁新赛季上线",505415,146,532,3961,598,714,0,0,41324
BV1UCtVzBExP,114971610518089,1,17,2079,单机游戏,其他游戏,http://i1.hdslb.com/bfs/archive/71be014644efebb8a82e6f52c08215e57f0b48e8.jpg,兄弟!!!你怎么在天上飞！?,1754352000,1232,22073070,空空不秃,https://i0.hdslb.com/bfs/face/5cefeda186585a96aefefc2c6bfea96b1c0a3ad0.jpg,231628,"单机游戏,搞笑,娱乐,沙雕,多人游戏,peak,夏天y",362309,866,335,10552,13930,216,0,0,27991
BV1dttPzoEJh,114981643224407,1,171,2070,电子竞技,MOBA游戏,http://i0.hdslb.com/bfs/archive/fc83510365bca00deb92a48639bb19d6a28525e6.jpg,最折磨的一集！W+E=加速+减速增伤唯快不破！嘲讽那必须狠狠折磨回去了！,1754481188,443,21616237,小小和奏,https://i1.hdslb.com/bfs/face/51b3e282d0af0dd4f9c44b584e069dda732b4a4b.jpg,16971,"娱乐,电子竞技,LOL,英雄联盟,竞技场,锻体,斗魂竞技场,套路,女枪,MOBA",358508,410,542,579,582,897,0,0,14274
BV1LnhuzUEQN,114963356061430,1,138,2151,搞笑,美食测评,http://i0.hdslb.com/bfs/archive/d1357303c193678a32aacdeefddfd85c324101bc.jpg,《中国零食测评之康师傅方便面》,1754203168,752,1735813547,Nyyga-idol,https://i2.hdslb.com/bfs/face/fc965336f142e5f2da2017c0fdacaf07c2264467.jpg,22410,爱豆安利挑战,645085,4762,2838,4944,1727,1697,0,0,20420
BV1jGhNzBEHZ,114959564409017,1,65,2070,网络游戏,MOBA游戏,http://i0.hdslb.com/bfs/archive/fc49b42a4fb9a87b3e3b856edec1da8483f02671.jpg,完成不可能的反杀！《柔风亚索集锦》,1754193600,174,282558920,柔风亚索,https://i2.hdslb.com/bfs/face/b3ced8df924833fcb562e6b05d3a6cc3705effd0.jpg,135704,"电子竞技,英雄联盟,疾风剑豪,亚索,精彩集锦,韩服王者",2106829,1129,1626,4345,6964,3468,0,0,73571
BV1oHtFzLEWC,114980049391711,1,138,2154,搞笑,剧情演绎,http://i2.hdslb.com/bfs/archive/c2953109b0f06d8af469f55e2ff9397a91705052.jpg,弗雷尔卓德之麦克阿瑟,1754456567,36,3546588595096095,麦克阿瑟MacArthur,https://i0.hdslb.com/bfs/face/4e554be985dae649662aacdaf71869b8dba36ff0.jpg,3176750,"搞笑小剧场,五星评论家,这扯不扯,弗雷尔卓德,麦克阿瑟",450240,528,1242,6043,2927,11398,0,0,69294
BV1Z7h8z3EYE,114958591400001,1,253,2077,动漫杂谈,休闲/小游戏,http://i1.hdslb.com/bfs/archive/d8c716b85c280fa83f7793af2c59de2b72fb5b4e.jpg,蛋仔派对：山海经骑到主播头上欺负了？这谁能忍，必须教训一顿！,1754181000,214,488734970,魔鬼鱼秀儿,http://i2.hdslb.com/bfs/face/894b7444aafea9d90e15a079f9f23d5938c1cecc.jpg,994468,"蛋仔派对小剧场,蛋仔派对发起人,蛋仔奇思妙想计划,蛋仔派对",2542188,60,32,19446,500,17,0,0,16575
BV1bxhxzJEM4,114956762615385,1,171,2070,电子竞技,MOBA游戏,http://i0.hdslb.com/bfs/archive/c7c86ba6c16612976935433cd4bed1b9c3729114.jpg,学会三天上荣耀！顶级诸葛亮炸鱼思路教学！,1754101853,272,18909338,奥特曼zz国一刘备凯,https://i2.hdslb.com/bfs/face/c5e62cfe9d8b0ec7fcba4574fcf4e352d14f4b39.jpg,373617,"诸葛亮,电子竞技,王者荣耀,诸葛亮打野教学,王者荣耀夏日盛典,奥特曼zz,诸葛亮白泽动物园园长,王者荣耀诸葛亮,诸葛亮新皮肤,国服诸葛亮",610305,421,621,10769,37150,295,0,0,53393
BV1bStJzZE6t,114976190629274,1,215,2152,美食记录,美食记录,http://i1.hdslb.com/bfs/archive/b52ae37db13a56edc3a467f51047b6f76a5e2f12.jpg,挑战一天只吃一只面包蟹，看看第二天的变化,1754397669,79,472173533,如花一枝花花,https://i2.hdslb.com/bfs/face/85939b8cff974c334a9eee5f753b6bbb9d72f567.jpg,120806,"挑战,螃蟹,Vlog",190477,317,217,536,569,332,0,0,20448
BV1KmtwzTE9o,114980670214932,1,201,2094,科学科普,科学科普,http://i1.hdslb.com/bfs/archive/154b480d9ad223ad290235365d3087b0e2f18fb2.jpg,塑料薄膜随手一划，为啥划出来的是波浪线？,1754537400,176,489763089,毕的二阶导,https://i0.hdslb.com/bfs/face/6d7c9ef4e2d3147528c5d161f51bf5d604568de1.jpg,1622741,"物理,科普,高分子,划痕,塑料薄膜,应力,波浪形,万物研究所",428753,2578,718,3379,1848,554,0,0,42009
BV1jwtGzmEZC,114970503157105,1,215,2152,美食记录,美食记录,http://i2.hdslb.com/bfs/archive/c1220d1974bda86015971ada0b50ec5385a275b3.jpg,你家这298的套餐正规吗？,1754310829,157,3546864462858859,暴打雪莲,https://i1.hdslb.com/bfs/face/0cd0cd4a116ee4c09a284c062a523173a68686b8.jpg,53966,"猎奇,记录我的美食日常,雪莲式隐喻,抽象",882376,372,394,2969,514,1020,0,0,43735
BV1yQhszkER1,114955319774873,1,65,2071,网络游戏,射击游戏,http://i1.hdslb.com/bfs/archive/9df2b4b7a3391866462eaabc9e9e53062ea2e808.jpg,剥蒜的情谊41.0,1754103600,70,12705018,NinthA-,https://i0.hdslb.com/bfs/face/90fbf5732bd3bffd6a4d094acec17d30756f581e.jpg,194003,"猎奇,三角洲行动,三角洲欢乐剧场,三角洲搞笑",2146441,14942,861,12804,2210,5333,0,0,108997
BV1rTtnzjETE,114975939038115,1,253,2042,动漫杂谈,动漫评论,http://i1.hdslb.com/bfs/archive/32f74a09577ee4f0eb33e1a316ae409d78e49bae.jpg,侦探先生，我的7月新番出轨了啊啊啊！【泛式】,1754393892,758,63231,泛式,https://i0.hdslb.com/bfs/face/2608aaa45309c77ac88fbfaa40e160b8c7892985.jpg,6444010,"搞笑,新番,泛式,吐槽,杂谈,恋人不行,章鱼噼的原罪,新吊带袜天使,拔作岛,小城日常",2783863,34297,10531,71649,176370,16169,0,1,313781
BV1GFtKzREnM,114982784079059,1,212,2136,美食侦探,跑步,http://i1.hdslb.com/bfs/archive/ba58eea8a30098514d218dcc2b7eefb0ecbebaec.jpg,《年马计划》第一站菏泽站，顺利启动,1754498367,142,2035556081,堂主lee,https://i2.hdslb.com/bfs/face/665a151899c136218c3ba7de064ecc67090c219e.jpg,885016,"马拉松,跑步,年马计划,户外运动,菏泽,暑期健身蜕变挑战",113921,134,878,741,3134,172,0,0,14448
BV1fXtnzyEAQ,114975234329559,1,218,2167,喵星人,猫,http://i0.hdslb.com/bfs/archive/800b8dc6cfdd15199ced7fb0b8ef6de056ee8b92.jpg,《羊入虎口？ 虎入羊群？》,1754388000,305,263090405,猫不理咖啡,https://i2.hdslb.com/bfs/face/2f60f753ef27168acf7d2aa8c99033e663073142.jpg,1677134,"铲屎官,猫,布偶猫,#领先烘焙猫粮,#做武林猫霸抽免罪金牌,#领先烘焙粮抽黄金,猫咖,云吸猫,打工猫,萌宠过暑假",264886,408,276,1289,18653,211,0,0,29450
BV19ptFzyEB7,114980032613696,1,176,2071,汽车生活,射击游戏,http://i2.hdslb.com/bfs/archive/891ff1b61bcf37e3fcd6fecdfe358da001b33f9e.jpg,这年头还能坚持玩QXR的已经离灵长类很远了,1754456758,457,1522356828,游客一点二五,https://i0.hdslb.com/bfs/face/3b916167f76d377cd54e57e980ef5dd331cc54ef.jpg,38306,"我的世界,Minecraft,三角洲行动,少前联动打赢复活赛,使命脱坑入坑上7881,CS2,赛马娘,使命召唤手游,整活,codm",197791,309,440,2864,763,83,0,0,6907
BV1bQtMzZE1w,114968020261457,1,21,2046,日常,网文解读,http://i1.hdslb.com/bfs/archive/7632d55960ec9243c0c49d294cad16beaf47c8eb.jpg,穿越者从未离开家乡……,1754273088,143,72969462,笔给你你来写_,https://i0.hdslb.com/bfs/face/8e8a57daeb8ee0b50e6fa4e66c4f18f849fc601c.jpg,1137667,"脑洞,原创,小说,曼波配音,随笔,原创剧本,笔给你你来写,沙雕段子",383427,319,1800,1693,776,175,0,0,28523
BV1N282zYEum,114947451327687,1,138,2083,搞笑,综合资讯,http://i0.hdslb.com/bfs/archive/f5062be04aa40c1f1b6469f8a850c2cb2f3e91ce.jpg,这应该是女孩子都有的技能吧！,1753959249,36,457718798,主持人yoyo酱,https://i2.hdslb.com/bfs/face/571c63f133b7379fbed645130450c3168a4aec5e.jpg,1759502,"小姐姐,韩剧,女生,女孩,搞笑研究所",1504855,636,1083,2809,591,971,0,0,78626
BV1LztgzyEyR,114969060379388,1,182,2001,影视杂谈,影视解读,http://i0.hdslb.com/bfs/archive/81263eeeda379d8d2e3fa2355a02903bb3107bf7.jpg,他越活越年轻，却注定与爱人错过一生,1754301600,183,11099044,花町公馆,https://i1.hdslb.com/bfs/face/5a18d382f3f2efeaf072eff7c801ad79be76dc94.jpg,907201,"电影,爱情,电影解说,每天安利一部好片",3613791,498,809,50463,7627,1404,0,8,150720
BV1fJhpzdEM3,114954564800356,1,137,2014,明星综合,娱乐综艺正片,http://i1.hdslb.com/bfs/archive/abd1d862ed4b2aaecae4e2fd8447694186f04fb8.jpg,【TF家族练习生】《肆意少年-突围》EP04,1754068546,5524,3670216,TF家族,https://i1.hdslb.com/bfs/face/1c74336b9060d40d0ccf5e8bce7c0de34526b1e3.jpg,6941363,"TF家族练习生,肆意少年突围",1709517,436719,8824,15923,6227,1468,0,0,53972
BV1swtnzSENt,114975787979942,1,230,2027,软件应用,音乐综合,http://i1.hdslb.com/bfs/archive/bdca8f34220793113f9550713990981fdaa2d411.jpg,听歌识曲~|166|,1754391494,71,1812694296,贵族小球,https://i0.hdslb.com/bfs/face/88b91940df403340afdf1b843effa915f1eacc45.jpg,272696,"纯音乐,音乐,BGM,听歌,#猜歌名",272446,278,527,3641,811,278,0,0,26174
BV1HetGzdEUR,114969949573972,1,124,2186,社科·法律·心理,恋爱关系,http://i1.hdslb.com/bfs/archive/cec992ca858cc08b1e4ae61a9d1dc7d7e8160c5a.jpg,男女确实有别 但正是这些区别才是双方互相吸引的可爱之处 愿我们相互陪伴 共同生活在这个星球上,1754302561,146,660572973,张金条,https://i0.hdslb.com/bfs/face/bf207126890fd9d855ea2c6bf48709f494743ac1.jpg,645422,"区别,男女,爱情那些难题",216137,289,534,1378,577,598,0,0,17001
BV1PxtGzwEZL,114970251494836,1,47,2037,同人·手书,同人动画,http://i1.hdslb.com/bfs/archive/6d33108d84f5b5dae344a33f73e7f857721de470.jpg,师祖劝我向善我反手让李长老修为掉段,1754307095,162,3629946,红色社畜,https://i0.hdslb.com/bfs/face/f6e4659710fef9beec9c7addf7cf889a9b6452e6.jpg,553411,"修仙,穿越,二次元,粤语,动漫,短剧,搞笑,原创动画,动画短片群星计划",295001,164,310,8869,1360,150,0,0,34056
BV1DBtwzGEiY,114980972139257,1,28,2009,原创音乐,娱乐评论,http://i0.hdslb.com/bfs/archive/bc0099bbe7da5a3931762227beb925017415c0ef.jpg,真有人替旺仔小乔说话？我为什么改名？信息量最大的一集！,1754470718,850,3493080172857897,正义小蜘蛛,https://i0.hdslb.com/bfs/face/1a6a60d961e5dc0c067fcf26821cbe670ceb1c5f.jpg,162583,"搞笑,逆天,吐槽,旺仔小乔,网红,锐评,娱乐吃瓜大会",349651,2516,1491,7110,6331,203,0,0,22411
BV1aShJzzEnu,114951846954214,1,22,2207,鬼畜调教,随拍·综合,http://i1.hdslb.com/bfs/archive/3b962a18f52a065607d309ce251b8f2726a557e0.jpg,哈 基 吉,1754026291,21,1502400928,论爪弹这块,https://i1.hdslb.com/bfs/face/f9610ae08778f5724f7aedaf22abc15100f95d05.jpg,9181,"吉良吉影,JOJO的奇妙冒险,生草,自我介绍,不灭钻石,名场面,胖重",918471,25556,6398,51968,9517,54945,0,0,155325
BV1yCtFzcEEa,114979881618716,1,250,2158,出行,旅游记录,http://i0.hdslb.com/bfs/archive/980c7251046b7b69e8850d5b3fb9e6fe1f9506cf.jpg,住在房车上5年：每天遇到不同的人和事，今天体验大疆扫地机器人,1754481600,1119,513305949,杨旭游记,https://i0.hdslb.com/bfs/face/b70ca845b68ce4795f6f835c58211546b883c136.jpg,1486447,"旅行,大疆扫地机器人,大疆ROMO,大疆ROMO扫地机器人,自驾游,房车,露营,房车旅行,房车生活,旅行攻略UP主激励计划",81180,836,250,566,1413,153,0,0,5165
BV1D44ZzPEW4,114979428634415,1,235,2066,篮球,单机主机类游戏,http://i2.hdslb.com/bfs/archive/6b185c378d34eb026cf425e102153e9ec162c2a4.jpg,【徐静雨】我很难厚古薄今了，事实就是明末很多方面都超越了魂1魂3！,1754446977,674,306936843,雨说体育徐静雨,https://i0.hdslb.com/bfs/face/c48ae21d7e98c746d8219a215744a9ad5320d102.jpg,1665986,"NBA,斯蒂芬·库里,只狼,魂游,艾尔登法环,黑神话,明末渊虚之羽,杜兰特,徐静雨",204858,1280,4385,558,1541,2306,0,0,4973
BV17VtEzeEWj,114975100113017,1,21,2152,日常,美食记录,http://i0.hdslb.com/bfs/archive/6742b4e91c39dadf7d1aab3e9509f794ab79bd1e.jpg,当老外第一次吃巧克力威化砖看看他们会是什么反应？,1754381512,274,3546725843208792,挺嫂在西班牙,https://i0.hdslb.com/bfs/face/6996a0ed84b7f153ead852ddc889b3d87be02f74.jpg,313365,"外国人,巧克力,威化饼干",270072,497,433,2074,742,96,0,0,24430
BV1jbhVzfECm,114964866014945,1,21,2080,日常,时政资讯,http://i1.hdslb.com/bfs/archive/e804d58efb91c58a32ebce1528351721b4c4bb16.jpg,1分17秒，原声沉浸式体验武器分解结合（作者：武警山西总队 于洋、冯朵、黄彤；编辑：王智霖）,1754224922,81,1443100697,人民武警,https://i2.hdslb.com/bfs/face/2a1cfc28fc1546d58b92f064ea517a5210f4de50.jpg,1246503,武警,633634,220,946,8114,1105,1174,0,0,55770
BV1eo8Mz3Ewy,114907202719600,1,17,2078,单机游戏,沙盒类,http://i1.hdslb.com/bfs/archive/e1ba5422d487b36f61e5f40acb66d96088a842e1.jpg,野猪小队-第31集-完整版,1754269200,666,11560113,小麦块,https://i0.hdslb.com/bfs/face/7b424bc6060a4fd2600c48ba25296570b4df4a4c.jpg,211843,"我的世界,Minecraft,野猪小队",2159997,422,103,46036,4108,34,0,58,44732
BV1WYtAzvE93,114982247207716,1,159,2118,时尚潮流,时尚解读,http://i1.hdslb.com/bfs/archive/90db7444e795a0f842193e6478f4a7449d8a9154.jpg,暴涨100万倍！马吉拉新设计师把垃圾卖出黄金价格！深度解析「Maison Margiela马吉拉2025高定秀场」,1754539200,1125,353368172,AHALOLO,https://i2.hdslb.com/bfs/face/03e81799ea2390af3f5c4b9572ad75d622f16354.jpg,1470680,"走秀,香奈儿,秀场,迪奥,时装周,模特,ahalolo,爱马仕,黄金价格,马吉拉",31022,469,181,666,2135,63,0,0,3422
BV1z9tuzLEkV,114969765024892,1,76,2152,美食制作,美食记录,http://i0.hdslb.com/bfs/archive/39abb9ba081d0d5c0cc28ef101a1853bfed87535.jpg,他们都笑话我可我偏偏最好笑，终于吃上麻辣小火锅了,1754299626,371,272654283,咸鱼梦想家vlog,https://i0.hdslb.com/bfs/face/567a3dfeeddcfb96ae643bc3d8f6c5e5587830e0.jpg,2535097,"吃货,生活记录,火锅,记录我的美食日常,出租屋,小火锅,Vlog",680683,2589,792,8687,2824,575,0,0,28689
BV11RtMzRErb,114968053681263,1,254,2085,亲子,非应试语言学习,http://i2.hdslb.com/bfs/archive/8e9bbcbacfc32fbb69069a01cbfd550d3fd27201.jpg,【美式英语】混血小朋友谈“便宜”不要说cheap,1754273434,45,3546801074342819,美国奶爸亲子学英语,https://i2.hdslb.com/bfs/face/5d6ec4f08b23ef19e1b693d6539cda0716da84a7.jpg,99137,"美式英语,英语口语,混血宝宝,英语启蒙,创作灵感,亲子英语,我们的家庭日记",264694,60,266,6917,667,263,0,0,26159
BV13Ytwz2Ebn,114981089643483,1,138,2197,搞笑,其他vlog,http://i0.hdslb.com/bfs/archive/49868b468d6758f9c0126f9f520b43f32ea280a1.jpg,我们三个决定背信弃主合伙创业,1754476529,301,400507605,哈奶啤,https://i0.hdslb.com/bfs/face/58d2663c4dd0f7ccc6dadfcdd2d49933e3d9f0b5.jpg,590799,"日常,北京,创业,美团请你喝秋天的第⼀杯奶茶,美团秋奶免单攻略,秋奶明星配送⽇记,北漂,美团",350260,652,845,1344,4988,133,0,0,17122
BV1SUt7zDEYP,114973221130791,1,171,2071,电子竞技,射击游戏,http://i1.hdslb.com/bfs/archive/57e3dacee2c9377e89c577dee10f46aa48f2f1a2.jpg,这就是鼠鼠们出大货时梦寐以求的大哥嘛ᯠ  _   ̫  _ ̥ ᯄ ੭,1754352200,214,237182065,离nm大谱啊,https://i1.hdslb.com/bfs/face/86ba364771f60a077c9ee8b1cbeaf69636cf079c.webp,367,"三角洲跑刀,好人,三角洲",512059,449,1489,1778,1306,207,0,0,33642
BV1nTtnzjE5h,114975938973329,1,21,2198,日常,休闲玩乐,http://i0.hdslb.com/bfs/archive/a64fdc6ecb3e64b72facc45ba8ed97c84cfb1c89.jpg,救命！一天饮料做80多杯真干不动了，四个人都忙不过来,1754394622,603,44128829,某天的游戏小屋,https://i2.hdslb.com/bfs/face/b40ec805940bb2bd088af716f30412ad2bf5b468.jpg,674992,"搞笑,生活记录,武林外传,主机游戏,某天的游戏小屋,咖啡店,任天堂Switch,必剪创作,整点电子榨菜",300950,1401,716,1377,5619,384,0,0,14244
BV1vnh8zuETN,114958759103600,1,17,2079,单机游戏,其他游戏,http://i1.hdslb.com/bfs/archive/4f6e7299d58f539f6e643b0f0eda33e83705c872.jpg,种田求生！当心巨型鹿人和乌鸦人，它们会在深夜出来农家乐！,1754131688,1561,2006034,吊德斯DioDes,https://i0.hdslb.com/bfs/face/731b288e385906e0a83707a02656c8857e543056.jpg,3056572,"游戏视频,搞笑解说,搞笑,独立游戏,单机游戏,小游戏,DioDeS,沙雕,吊德斯,整点电子榨菜",1126779,2341,574,35380,3185,110,0,0,33607
BV1GAtJzcE4B,114974563304810,1,201,2170,科学科普,野生动物·动物解说科普,http://i0.hdslb.com/bfs/archive/144b2b8f8567751a7ae94236d3488ffd5da73a65.jpg,为什么渔民捞到翻车鱼会赶紧扔掉？,1754372870,208,290014343,李论科学,https://i2.hdslb.com/bfs/face/5a4d8acc0d11fd75ae74ace3ab90fad3ab70c9a5.jpg,1424491,"进化,科普,鱼,地球,人类,智力,渔民",1203981,620,789,2345,1059,288,0,0,67165
BV17QtNzcE5R,114983220286262,1,162,2037,绘画,同人动画,http://i0.hdslb.com/bfs/archive/9552a63057e079b6af38a0892ded1af287100ede.jpg,还有谁没异格,1754551800,73,375241551,苦力怕到此一游,https://i0.hdslb.com/bfs/face/d362a94ea20d70b5f66112e2978c4a5145b755a8.jpg,615483,"异格,斩业星熊,全息作战矩阵,银灰,墟,泰拉探索协会,明日方舟创作者应援计划",144409,236,862,1342,1271,2199,0,0,16471
BV1duhWzpEAm,114954027992463,1,130,2018,音乐综合,音乐现场,http://i0.hdslb.com/bfs/archive/1c1e4251cb2528451a4869d48fca3c471d82d0db.jpg,【NCT DREAM】NCT DREAM《BTTF》Recording Behind the Scenes,1754485200,2629,673376925,NCTDREAM,https://i0.hdslb.com/bfs/face/39ca5c103fc1b42e5eae28e0aca03fb71c8bb563.jpg,705002,"NCT,GoBackToTheFuture,NCT DREAM,Behind,BTTF,Go Back To The Future寻找闪耀自我",43675,2828,476,885,777,204,0,0,3170
BV1TxtjzmEYX,114974059924532,1,122,2099,野生技能协会,电脑,http://i1.hdslb.com/bfs/archive/bcbff853eda7cc800bd14e164d703ec6892d15ba.jpg,渲染时？电脑发生了什么...,1754388000,199,36053608,原型机SPFX,https://i1.hdslb.com/bfs/face/aa9f37958e276f2106234a3f56fbb01df9cae61b.jpg,283341,"渲染,无影云,阿里云,3d,云电脑",540980,271,286,8793,2777,380,0,0,34673
BV1S6tPzUEGm,114981777442933,1,85,2183,小剧场,助眠视频·ASMR,http://i0.hdslb.com/bfs/archive/f88eba1ae03be036334e83d5eb3f196e7bda9c1a.jpg,暗恋你的贵族千金精心打扮你 参加晚宴探险场景助眠,1754482877,690,4815444,纯蕴睡觉觉,https://i0.hdslb.com/bfs/face/5ee2ec6aaee65100fee4957673a99dc5d0be5914.jpg,730208,"助眠,cos,绝区零爱丽丝,晚安,绝区零",63423,166,455,2211,1264,79,0,0,5724
BV1sN82zhE1g,114947568768537,1,138,2154,搞笑,剧情演绎,http://i0.hdslb.com/bfs/archive/a6c1bbbb32a122436d05bacd78add5b4216ae3ff.jpg,当英语老师突袭查手机！,1754384400,122,393709394,一串大福,https://i2.hdslb.com/bfs/face/e6d1cf7df22235495d25d7ae77a4aa185e5d8c7f.jpg,1560505,"原创,校园,搞笑,来福来福,一串大福,学生时代,英语老师,真实,fyp",1990006,1811,962,13851,1785,295,0,0,79937
BV1fChWzFEPg,114953860287661,1,242,2009,娱乐粉丝创作,娱乐评论,http://i1.hdslb.com/bfs/archive/81594f7b64a45ac7f8631ae9efe43d0f8fe04885.jpg,丁真 被流量挟持的传奇一生,1754057100,591,3546781006694901,我真的玉玉症了,https://i0.hdslb.com/bfs/face/cc515923daf9a49fba6031c54e09bca8a073935d.jpg,296092,"正能量,丁真,娱乐吃瓜大会",2033908,3329,2934,31989,5061,2391,0,100,96128
BV1NChnzYEQK,114953675673461,1,172,2064,手机游戏,单人RPG游戏,http://i2.hdslb.com/bfs/archive/bb46c4c0b94bf197056bbf60d9ddda82eeb4e37e.jpg,3.6均衡命途仲裁官登场！星铁开服最大伏笔终于来了？,1754054208,281,3546664558135806,星铃拿铁,https://i0.hdslb.com/bfs/face/1c7e01be49a86c97c4984d472a51f7b58b0f3cf0.jpg,32450,"游戏杂谈,螺丝咕姆,均衡星神,大黑塔,昔涟,如我所书,翁法罗斯开拓之旅,来古士,长夜月,三月七",1373714,1165,3297,19285,5423,11977,0,0,100798
BV1Jgtnz5EzA,114975972524416,1,172,2077,手机游戏,休闲/小游戏,http://i2.hdslb.com/bfs/archive/bc7a59bcdaa747dcff78f3b0faa7de6912163708.jpg,蛋仔UP追捕大作战：抓住主播三秒！就能获得80W宠粉奖励！居然有蛋仔坚持30秒！,1754394313,202,241199113,僵尸教授-,https://i1.hdslb.com/bfs/face/30a78bf8e40484e47e8e22a99aa8ec896b3da347.jpg,896497,"蛋仔派对新皮肤,蛋仔派对发起人,蛋仔奇思妙想计划,蛋仔派对",736537,189,368,14318,1684,32,0,0,18076
BV1iChgzQE8F,114964262030197,1,215,2149,美食记录,美食制作,http://i0.hdslb.com/bfs/archive/2ac160027aee9004cae0048994b604c9d423b51d.jpg,复刻德国战地菜豌豆汤——吃着像炖菜最符合国人口味的一集,1754215666,173,384526715,咕咕的电线杆,https://i2.hdslb.com/bfs/face/01b4e60fe8d7e0bf81d8a5b39fb180e5f4e43433.jpg,9547,"历史,厨房,德国,二战,生活记录,厨艺,美食制作,口味,国产剧情,BILIBILI美食研究所",152069,128,148,6282,622,363,0,0,24683
BV1JB8mzoEpB,114948692776302,1,193,2020,MV,翻唱,http://i1.hdslb.com/bfs/archive/3464d2bdc09eca6426d71a7b09c32d28cf442b48.jpg,Nina《one spot》草原版 cover沈佳润,1753978001,225,3546810842876797,TH彼岸花,https://i1.hdslb.com/bfs/face/ef00ce22800adf5ebd6da0e14802c9205c2913ff.jpg,11331,"音乐分享官,翻唱,COVER,美美桑内,Onespot,草原,Nina,沈佳润",205307,415,871,5323,6255,1576,0,0,23540
BV1mhhtz9E9B,114957601540126,1,86,2158,特摄,旅游记录,http://i1.hdslb.com/bfs/archive/01b43f0acbb47885975abeb68dff9b7f8dfceee1.jpg,【石黑英雄】浪迹地球：在广州逛街还有吃东西是什么体验？,1754128800,309,1978885142,石黑英雄,https://i2.hdslb.com/bfs/face/d1ebc2f200d052daeccbce139af08308c88292a5.jpg,971227,"旅游,特摄,石黑英雄,演员,奥特曼,广州,欧布奥特曼,欧布,Vlog,红凯",183816,552,684,3904,2741,580,0,0,28948
BV1euhHzyEsR,114953390397674,1,65,2077,网络游戏,休闲/小游戏,http://i1.hdslb.com/bfs/archive/e2dadc66f78069171b7b094e04e3f87a1a1455ff.jpg,谁爱划谁划吧,1754049874,145,1410229894,W47-可爱者甚凡,https://i1.hdslb.com/bfs/face/b7854849ca09316f18adf1fb4e00c1248d22cb97.jpg,112903,"游戏,搞笑,娱乐,游戏搭子,游戏日常,沙雕,划划划,steam游戏",2319275,649,1697,30505,6151,29294,0,0,176978
BV1YgtczkEVt,114979512522030,1,172,2076,手机游戏,女性向游戏,http://i1.hdslb.com/bfs/archive/cf20aa1057bcf639bdad3e6c51e70879eaca4ec3.jpg,中式怪谈？轮回？无限暖暖丹青季全面解读！,1754474459,873,547707160,七月Altair,https://i1.hdslb.com/bfs/face/e380b907eb041111fca8d18bc4752f6f4b9f1627.jpg,198632,"手机游戏,国风,暖暖,游戏杂谈,无限暖暖丹青季,剧情解说,nikki,国风美学,无限暖暖",181363,146,219,1212,1698,217,0,0,6405
BV1WPtnzEEJr,114975771202777,1,85,2154,小剧场,剧情演绎,http://i0.hdslb.com/bfs/archive/b8160e79060c8696801e04c9ce60d7eb649deabb.jpg,陈翔六点半：你们说这是脑子的问题吗？,1754391319,212,19286458,陈翔六点半,http://i1.hdslb.com/bfs/face/aad3b1bb735d2bd4066805f2a84892644fad8e2a.jpg,3222374,"陈翔六点半,搞笑小剧场",995244,407,463,2387,1835,350,0,0,24230
BV1pQhuztEqS,114963020585779,1,21,2027,日常,音乐综合,http://i1.hdslb.com/bfs/archive/fd13d4fa28d7bd804b4fe5b00d8cab8d928fac30.jpg,朋友就是知道你要恶搞还会配合你的一群人,1754196666,84,1472737499,Lucas是只猫N,https://i2.hdslb.com/bfs/face/6a1a4f7a6f3dd7ac24787ed822fc5c52528c91e8.jpg,910,"娱乐,恶搞,搞笑,配音,朋友,barbarbar,必剪创作",1348189,3228,2795,14680,4295,2732,0,0,144870
BV1PmtFzbEN6,114979764246530,1,172,2064,手机游戏,单人RPG游戏,http://i1.hdslb.com/bfs/archive/4425bea35b775f74c8fc0624ef398a8a0360203c.jpg,哪些重量级干员可以在一圈内击杀三船光平？【明日方舟】,1754452921,546,12073864,-碱式碳酸咸鱼-,https://i1.hdslb.com/bfs/face/de64ffc4031f4ec3f068527a8cbc4a1ac9cc4bb7.jpg,535775,"娱乐,明日方舟,三船光平,墟,AT-8,泰拉探索协会,明日方舟创作者应援计划",417771,1582,1108,1504,1628,270,0,0,22772
BV1Svtwz5ERY,114981072801513,1,21,2154,日常,剧情演绎,http://i2.hdslb.com/bfs/archive/4919d846811fe6166e7f817e678d6a52527c8a2b.jpg,接 机 往 事,1754472315,65,9130832,张八筒筒,https://i2.hdslb.com/bfs/face/683b3b97648bf13641c508b9b50a2d25b87bec69.jpg,723253,"搞笑,原创,生活记录,搞笑小剧场,张八筒,best人生,猩猩队长,情侣日常",509518,170,367,958,1145,520,0,0,51868
BV1CShnztEdK,114953608501945,1,17,2079,单机游戏,其他游戏,http://i0.hdslb.com/bfs/archive/a55e78825021de948e99997fe720be89a3dee55d.jpg,因为我的下巴太帅了，居然帅照了镜子,1754053218,162,3546588184054354,隔壁老王沙雕加搞笑,https://i1.hdslb.com/bfs/face/8e3ad2e8ce6af73d58b0f0d91d60ac774fb5807d.jpg,79395,甜瓜游乐场,463486,934,821,15794,2933,1175,0,0,28048
BV1Gt82z1EPc,114947384216914,1,21,2207,日常,随拍·综合,http://i1.hdslb.com/bfs/archive/e483faca123f36d2f34af660108c3e1175c130c5.jpg,我和员工在工作室打了一架。。。,1754049600,470,15892313,知名相声演员BBBBB大王,https://i2.hdslb.com/bfs/face/e40bb6be0e7aa5d3f2838313bb47a59358481577.jpg,2898535,"搞笑,脱口秀,游戏,vlog,吐槽,reaction,蛋仔全明星大乱碰,蛋仔带你看世界,蛋仔派对",1058794,826,493,2866,2321,799,0,0,35990
BV177tnzzExN,114975553098632,1,201,2042,科学科普,动漫评论,http://i0.hdslb.com/bfs/archive/4c2ad224574dab1ec317d42d73fafc4296d90387.jpg,神秘的朝鲜动画片，严格封锁不允许外传，到底讲了什么内容？,1754396100,1238,53166650,晓涵哥来了,https://i2.hdslb.com/bfs/face/3dd58950fa1789c185341815878aac345a6e88a6.jpg,857781,"朝鲜,历史,动画片",729093,2466,1759,6437,1491,923,0,0,20198
BV1nYhJzHEUT,114952367185150,1,254,2148,亲子,其他手工,http://i1.hdslb.com/bfs/archive/2aeb06ea6b5baf935ad67904362a81929376f18b.jpg,完成了！不难，轻松拿捏！,1754042400,253,202290692,于锡明,https://i2.hdslb.com/bfs/face/9fb4d0db3e112f008a693a9fb0370ca2c0130ac2.jpg,157028,"手工,拼图,日常vlog",978023,197,172,14523,1611,56,0,0,25422
BV1YThJzMEWd,114952585085223,1,238,2137,运动综合,武术,http://i0.hdslb.com/bfs/archive/e36c884ff21c9c3b81307cf5fca7a19c53267166.jpg,取经千万里，务实不悟空,1754037684,21,455051805,郭泽儒,https://i0.hdslb.com/bfs/face/e976866f862dde0ea6cac3047b6b46a4ff4f6d54.jpg,107809,"功夫,武术,抻筋拔骨,郭泽儒武术,养生,东方美学,阳刚之气,筋骨,身体开发,有亿点功夫",354024,95,406,4155,684,212,0,0,29167
BV1J5twzfEvc,114981290970354,1,17,2077,单机游戏,休闲/小游戏,http://i2.hdslb.com/bfs/archive/2f3edc3ece7aeb31535a3128b1c0e4652c6a8c4f.jpg,这 片 草 地 不 养 闲 人,1754521500,491,11022243,云耀yoke,https://i0.hdslb.com/bfs/face/59fd606e8f48019168f0120f8e6c969e590549fb.jpg,863484,"游戏实况,植物大战僵尸,云耀yoke,吃不了席版,植物大战僵尸吃不了席版,游戏剪辑,pvz,云耀",325024,748,241,6060,939,101,0,0,14402
BV1UXhbztEco,114958859766958,1,213,2149,美食测评,美食制作,http://i1.hdslb.com/bfs/archive/47a450ee3acb7cf16c0e833a122fee4ba4980211.jpg,差20倍大小的鱼头做剁椒鱼头，哪个会更好吃？,1754472600,248,337521240,记录生活的蛋黄派,https://i0.hdslb.com/bfs/face/9ba6c7a0d3a2ebfe9db2f46219ece98e210d0269.jpg,9096520,"家常菜,生活,吃货,搞笑,日常,厨艺,舌尖真探事务所,沙雕,帅小伙,剁椒鱼头",474900,994,549,2257,5003,258,0,0,33327
BV1uU8EztEng,114930456007333,1,65,2071,网络游戏,射击游戏,http://i1.hdslb.com/bfs/archive/d6dad4020f71731e381108723f1dc18d721f5a80.jpg,操作了一整局,1754044200,204,1078633469,伞斌一号,https://i2.hdslb.com/bfs/face/31194b7e32ffac6442387e17199873a2bc634ff9.jpg,194169,"FPS,COD,使命召唤",1201445,736,592,1887,733,128,0,0,39893
BV1vrtJzPEsc,114976224188194,1,244,2020,音乐教学,翻唱,http://i2.hdslb.com/bfs/archive/dbc6ce9769ab4e0430b0f85f98caa75ac62ece1b.jpg,K歌软件高分翻唱水平到底如何？【2.0】,1754398280,936,540564177,Jason-老湿,https://i0.hdslb.com/bfs/face/18b51273dd2714f34ca504c47cbbefaeb24c96f7.jpg,2639116,"唱歌,翻唱,高分,粉丝处刑,K歌,全民K歌,歌曲教学,Jason",274141,3987,659,3055,1292,262,0,0,11488
BV1jrtczHEii,114981592892834,1,17,2079,单机游戏,其他游戏,http://i1.hdslb.com/bfs/archive/8d855d6ff6b9259b8c4308964d718d6a11222153.jpg,恐龙岛大猎杀（上），带兄弟工厂发育水深火热，能进化完全体费尽了周折,1754480901,3878,3493273226185448,龙岛蛋壳,https://i2.hdslb.com/bfs/face/2389ca291eaee3b0486133845af7c25e3b0c9c9b.jpg,531459,"游戏实况,生存游戏,游戏集锦,主机游戏,实况解说,游戏解说,恐龙岛大猎杀,恐龙岛,游戏搞笑,推荐宝藏游戏",400479,1657,142,10627,627,18,0,0,9667
BV1KAhpzBEZJ,114952803192328,1,47,2037,同人·手书,同人动画,http://i0.hdslb.com/bfs/archive/1d615714d5d26dca4c1a49629a70c2b7bbb32ce7.jpg,如何将《献给爱丽丝》改编成哥特病娇？,1754041582,252,306935529,孙熙然,https://i0.hdslb.com/bfs/face/f8524c3af0c0c286bf3d4d1daa9ebaf19f50b263.jpg,821332,"手书,哥特,病娇,同人,绘画,第五人格,小说家,记者,说记,第五人格庄园纳凉夜",462741,4837,752,16387,6765,1986,0,0,66134
BV1Q6tKz4EwP,114984830897755,1,254,2194,亲子,中外生活vlog,http://i2.hdslb.com/bfs/archive/14a87617c1978c6b908625a82dc9cef8f5d6627b.jpg,加藤带爸爸来中国,1754529512,81,5087326,加藤在中国,https://i1.hdslb.com/bfs/face/fe307d3dfff0bfc6bc3e57c8f7d38d4c30d41612.jpg,800256,"中国,生活记录,歪果仁,暑假生活观察计划",110712,267,354,698,2723,244,0,0,17112
BV1TKhpziETj,114952836750177,1,215,2152,美食记录,美食记录,http://i2.hdslb.com/bfs/archive/76a9887983fb49d000b90edab4277f7915f8ac12.jpg,韩国女校食堂5500元自助午饭长啥样？（今儿全是限量菜）,1754213400,131,101682188,理查不会降落,https://i2.hdslb.com/bfs/face/459fcc7f8fcbe5ab0eac2ee1f39b0dc177d46b5d.jpg,1508124,"韩国,草料哥,食堂,韩国美食,大学食堂,谷雨,Vlog",1532476,997,1364,2655,1505,637,0,0,99181
BV1WstczAEZJ,114979629960844,1,17,2066,单机游戏,单机主机类游戏,http://i1.hdslb.com/bfs/archive/85bd974d04b15cdd53a456947492526fca1f8293.jpg,合众瑜伽会所正式开业啦！|随机宝可梦 合众篇#15,1754460000,966,6320032,菌叶海苔,https://i1.hdslb.com/bfs/face/94900008584a8f19efdaa0e27b2e73c6117c4194.jpg,300664,"神奇宝贝,宝可梦,口袋妖怪,RPG,随机宝可梦,宝可梦黑白2,推荐宝藏游戏",102934,675,218,1626,2673,98,0,0,9926
BV1Yi4RzhESf,114977063111618,1,21,2017,日常,MV,http://i0.hdslb.com/bfs/archive/3279cb4263638d847c42a298c9349a40021e13a6.jpg,“我要怎么说我不爱你”,1754472300,100,3546872622877434,三点半官方,https://i0.hdslb.com/bfs/face/244bb12aaccb5a61212b38dfa32927ad6c6e9a7a.jpg,161458,"穿越,萨克斯,无厘头,婚礼,怎么说我不爱你,遗憾",389241,380,1201,1974,2525,895,0,0,35878
BV1JM4dzzEjz,114976710793209,1,172,2079,手机游戏,其他游戏,http://i1.hdslb.com/bfs/archive/ee73311b5c2b553750d5e6dedb5f48d72eb2e6bc.jpg,超详细解析FGO十周年强化本！带你了解强化本的底层逻辑！,1754405657,304,33041269,力冉呼呼大睡,https://i1.hdslb.com/bfs/face/40e9a660f9706d621c493b7fed8d13a4cedde258.jpg,2168,"FGO,（拷打）,Fate/GrandOrder,强化本,FGO十周年",131275,266,705,1071,1484,550,0,0,6919
BV1aXhHzLEsv,114952652263117,1,219,2168,汪星人,狗,http://i2.hdslb.com/bfs/archive/082e05314fa28fa823b275d4c529f7f9bdfd0201.jpg,当我揭开捡来的串串小狗身世之谜,1754038509,283,514376446,小恩不是人_,https://i1.hdslb.com/bfs/face/4fb77501e0d418c1e4dff61a06bf756b9b432017.jpg,6332,"串串,汪星人,养狗的乐趣,流浪狗后续,混血狗小恩,小狗,捡狗",672271,1135,1004,6002,1333,1341,0,0,69518
BV1srtuzsENP,114969630936061,1,30,2016,VOCALOID·UTAU,原创音乐,http://i0.hdslb.com/bfs/archive/fa992b94b8689de13c99eb113ed47749bea7699f.jpg,【星尘原创】这首歌献给所有成为大人的孩子们——重编版,1754304900,205,3493257147321138,哆啦慢,https://i0.hdslb.com/bfs/face/2f68eea4727204711c156a87e859678f3924134e.jpg,50131,"VOCALOID,原创音乐,VOCALOID CHINA,星尘,中文VOCALOID,大人,孩子们",352425,311,681,48633,10464,1204,0,82,68442
BV1Y8t3zzEK7,114970855478934,1,21,2083,日常,综合资讯,http://i1.hdslb.com/bfs/archive/f4414f3bc5bfe92db83e26bf0ff7fccbcc302fdc.jpg,浪浪山的四个小妖怪，到底叫什么名字？,1754350200,165,456664753,央视新闻,https://i1.hdslb.com/bfs/face/2dc9c34444ba9f8e891fdc98e6c331fa3c02d127.jpg,21835590,"电影,浪浪山小妖怪",446053,287,1000,1930,1553,1337,0,0,44494
BV1aktJzYEDP,114976207409009,1,172,2070,手机游戏,MOBA游戏,http://i2.hdslb.com/bfs/archive/7019ab33d034602927277321ce3928e129f94164.jpg,《焚决》,1754397845,14,425241131,WK七翼,https://i2.hdslb.com/bfs/face/b73d5efd68ba3b364fd23c99db80295114831682.jpg,1052,"电子竞技,王者荣耀,MOBA",690022,80,715,31371,559,1281,0,0,32726
BV1EztczXE1F,114981408346339,1,252,2039,仿妆cos,cosplay,http://i0.hdslb.com/bfs/archive/169b81c15eca04127b5365ef78b7ef4cf4be4a49.jpg,别笑！你试你也过不了第二关！！,1754480570,366,1477074,菌儿rikushi,https://i0.hdslb.com/bfs/face/2008020f0bda370a4da1ad2eb29e558cc38cb4a6.jpg,1252918,"漫展,ChinaJoy,崩坏：星穹铁道,cos,漫展整活,风堇,OPPO K13 Turbo 系列",179231,645,183,4200,954,2712,0,0,14931
BV1R2hgzSE6u,114964295648696,1,17,2078,单机游戏,沙盒类,http://i2.hdslb.com/bfs/archive/f4e4d7a263026b29b04ede986dca07d1003fd647.jpg,谁是卧底6 ？！！！,1754269200,1134,108078209,沝沝DjKO,https://i2.hdslb.com/bfs/face/22841a628aaa7f60f767ca66b5bc83b682bfc9d6.jpg,1142646,"MC,游戏,狼人杀,单机游戏,沙盒游戏,我的世界,搞笑,minecraft,谁是卧底,推荐宝藏游戏",805082,8047,1426,10398,8963,577,0,0,60974
BV1NChnzYEDh,114953675673431,1,213,2151,美食测评,美食测评,http://i1.hdslb.com/bfs/archive/5fbb6578b6e58d9bd0053af3854d25509b450960.jpg,宝子们期待的7月红黑榜来了！！！,1754054367,335,3546917657119602,墩墩测评,https://i0.hdslb.com/bfs/face/cf4d69e4ff2e798643748aa4d7b422dd11565137.jpg,25950,"开箱,零食,避雷,美食测评,零食测评,红黑榜,真实测评",368197,742,390,11878,1047,129,0,0,25140
BV1gjtGzMEsP,114970150835335,1,210,2148,模玩·周边,其他手工,http://i1.hdslb.com/bfs/archive/3d96d22cee7e608f0493b66887559fe7c8b7967e.jpg,三年之约，第94天，今天上称！,1754306659,325,3546873015044199,电线玩家,https://i0.hdslb.com/bfs/face/a0f26057f69a6d68272a9ee5c799a7cd6e858ab9.jpg,131448,"手工,DIY,Vlog",133332,169,237,747,3389,51,0,0,27373
BV1q5tnzrEZG,114975922258423,1,219,2168,汪星人,狗,http://i0.hdslb.com/bfs/archive/36d406730eb88ff4d96a4aa3357e7de18e2320d9.jpg,驱散阴霾的不止有彩虹，还有小猫小狗。,1754394138,329,3546946425850423,一口一个团up主,https://i1.hdslb.com/bfs/face/33fcb94a59b9c4e52c8e95ef97176c1cf408474f.jpg,382893,"边牧,小猫,小狗,萌宠过暑假",220453,613,617,1888,3027,874,0,0,32638
BV1rotwzFEUM,114980770813797,1,249,2141,足球,体育赛事,http://i2.hdslb.com/bfs/archive/0e3c25eab813be59d26aa62587dfbdf1c1d94da3.jpg,2526赛季前瞻 | 巴萨篇 | 困难重重？乘风破浪？| 又或者准备好一起征服世界了吗！,1754467573,1546,629236570,T9小赵,https://i1.hdslb.com/bfs/face/804108515d5e2ae134e5d5d4be1b20d771443bb6.jpg,70292,"欧冠,巴萨,西班牙,体育,足球,弗里克,西甲,拉什福德,亚马尔,踢足球看足球热爱足球",66131,698,464,836,1592,160,0,0,3403
BV1tH8SzjE4F,114949716184347,1,130,2027,音乐综合,音乐综合,http://i2.hdslb.com/bfs/archive/b653ca373ccee92af5e33da939ea9242c9b597aa.jpg,硬 曲 盲 盒 9.0,1754006400,2050,88082801,挽风丶Sama,https://i2.hdslb.com/bfs/face/91484503b5edaa7134d6cd03c418d24acf4845a5.jpg,354769,"电台,BGM,音乐选集,小曲,卡点,盲盒,电台新星征集令",920422,1428,225,114197,8314,322,0,100,87865
BV1S84dzWEKo,114976408736544,1,31,2071,翻唱,射击游戏,http://i0.hdslb.com/bfs/archive/7dec6ed4bb1a0ac9c3e4d04edbcc1b306cb54983.jpg,谁把乌鲁鲁的小饮料拿走了？,1754401181,79,499228874,特丽丝总是睡不着,https://i2.hdslb.com/bfs/face/9705e2bc0c54b083acf732e4a872bcd1c34fb9b5.jpg,51148,"三角洲行动,麦晓雯,三角洲行动欢乐剧场,三角洲公寓,威龙,疾风,乌鲁鲁",379898,179,177,18905,645,137,0,0,31332
BV1fFhHzDEY9,114953289798683,1,241,2009,娱乐杂谈,娱乐评论,http://i0.hdslb.com/bfs/archive/1071e30e4074ab0c7c70b015e68d10d28c61ad4b.jpg,回看《我是歌手2》，22岁的邓紫棋还是太强了！,1754193600,2018,3546571700439767,T酱哟,https://i2.hdslb.com/bfs/face/ab13840f0baaa9116c8735e49c2215402e0d21c3.jpg,22080,"综艺,邓紫棋,我是歌手,现场,泡沫,歌手,舞台,音乐综艺,娱乐考古放大镜",551601,1905,911,3956,4329,767,0,0,10186
BV1jctHzgEea,114975351836802,1,21,2126,日常,户外探险,http://i1.hdslb.com/bfs/archive/8d32b4bf74cfc339cc62e10f79ef8bb519c573fa.jpg,流浪庇护所成型通水通电，是时候享受牛总生活了。,1754387725,877,1625060795,浪仔小牛,https://i2.hdslb.com/bfs/face/0f5c077c743dd4c1e0a8f3089becc6f4acbddc75.jpg,533941,"庇护所,正能量,生活记录,露营,户外,我的离谱暑假",876731,3793,963,1914,9880,1068,0,0,22297
BV1RWh8zTEHK,114958792727743,1,239,2088,家居房产,社会观察,http://i2.hdslb.com/bfs/archive/ce4c00b3ea50e0e40d3453715ca03e87709baf4c.jpg,育儿补贴？德国每个孩子65万！已经发了50年......但是，并没卵用！,1754132266,217,676174563,洋哥在德国,https://i0.hdslb.com/bfs/face/9294eff76b7d04382908e310591f885ac0e803c4.jpg,504866,"家庭,情感,高能,教育,德国,职场,育儿补贴,海外,育儿,我的养娃日记",1762339,7722,11708,12920,5915,14962,0,86,125626
BV1JutEzTEWE,114975083337287,1,256,2166,短片,农村生活,http://i2.hdslb.com/bfs/archive/89a0a42413601e4540377946314c3ebaad56ab55.jpg,9岁顶梁柱,1754472600,537,1279677779,导演何苦,https://i2.hdslb.com/bfs/face/a7a5fc7648e5806b2b2ee1b4adb27d4255ce8ab0.jpg,81501,"正能量,童年,生活记录,农村,小朋友,最后的棒棒",118635,699,944,1066,5281,590,0,0,6031
BV1QXtGzkEwD,114970016613726,1,27,2037,综合,同人动画,http://i0.hdslb.com/bfs/archive/4a8922f2269b2f0296ef2c11b75dedea670d3644.jpg,“当知足凌驾于自卑之上 幸福将贯彻一生！”,1754303598,122,523439101,他的日常生活_,https://i1.hdslb.com/bfs/face/31478dc9f303e1c4ccccd25619baf04de5626823.jpg,11205,"原创《他的日常时光》,幸福",610629,39,193,11172,954,92,0,0,23278
BV1d6hbziEWh,114957114939663,1,215,2152,美食记录,美食记录,http://i0.hdslb.com/bfs/archive/ce454d1b85bc86ea2053fe9d29aad85c343f8c53.jpg,工地一人食，3元一斤凉面吃撑了，睡地上休息,1754106560,296,487215770,农民工川哥,https://i2.hdslb.com/bfs/face/3d05653d4b7cdabc08e7c464cc36ec3bc26284cf.jpg,963721,"美食,生活记录,记录我的美食日常,美食记录,凉面,工地,农民工,Vlog",657661,911,967,1465,3768,280,0,0,25554
BV194twzSEiU,114980888252246,1,182,2001,影视杂谈,影视解读,http://i2.hdslb.com/bfs/archive/f0083c81baf48fc93398e61fea19f593080ed823.jpg,疾速追杀出外传了？这波换成女阎王！年度爆爽动作大片《疾速追杀：芭蕾杀姬》,1754473523,1558,10119428,小片片说大片,https://i2.hdslb.com/bfs/face/949fd3f0b9fe23703c970d494edc41ae52ee32de.jpg,7698752,"惊悚,动作,疾速追杀,基努·里维斯,芭蕾杀姬,疾速追杀：芭蕾杀姬,UP热评影视剧,安娜·德·阿玛斯",491221,1013,365,3709,856,183,0,0,21687
BV1bjtgz8EcR,114969513366844,1,161,2183,手工,助眠视频·ASMR,http://i2.hdslb.com/bfs/archive/d46104593820fbb77078c7f72cac0eee10b0fd14.jpg,你想随身携带哪本书呢？ASMR,1754295668,65,8399798,Aismr_,https://i2.hdslb.com/bfs/face/24b362b243c9b0206be406fcc6636c34e6627a18.jpg,88483,"助眠,治愈,催眠,asmr,解压,放松,记录,触发音,极度舒适",562172,215,388,9834,885,789,0,0,53862
BV1KUh3zMEvT,114963892933880,1,30,2023,VOCALOID·UTAU,AI音乐,http://i2.hdslb.com/bfs/archive/c0938d0c2bcc58c68201793bdc6ea01f02f55710.jpg,小马差点唱似！升12key高音演唱《LOSER》（完整版）【AI诗歌剧】,1754217300,199,400818085,虹色のScarlet,https://i1.hdslb.com/bfs/face/fcc259c102a89eb57846dcb2c3cd7da9a49cf046.jpg,26007,"LOSER,闪耀优俊少女,米津玄師,小马,高音,赛马娘,曼波,诗歌剧,AI翻唱,AI音乐征集大赛",141931,5691,560,12975,1975,880,0,0,40107
BV1cW8XzkECi,114935170339864,1,17,2078,单机游戏,沙盒类,http://i0.hdslb.com/bfs/archive/30a4451585932f86ffe698d198b5a085860e79b1.jpg,一口气上不开看完他的世界全集,1754297100,2085,3546759435389280,阿落MC,https://i0.hdslb.com/bfs/face/0736dfed150aa6759cfc29eeda1ec99d369d195a.jpg,254322,"我的世界,阿落mc,他的世界",1064578,380,50,36605,2023,29,0,96,32099
BV1aPtgzBEd8,114969379147110,1,215,2152,美食记录,美食记录,http://i1.hdslb.com/bfs/archive/ef07c2d51505b335d229fd919b851e8403143c38.jpg,今天吃一锅神奇的窑鸡钢琴烤肠火鸡面！,1754294722,194,419976249,大宸开饭了,https://i0.hdslb.com/bfs/face/4c7af34e8dd82b8a18a2957ca9862f6d046c3ffd.jpg,1203897,"声控,美食,烤鸡,创意美食,烤肠,夜宵,美食记录,沉浸式,火鸡面,窑鸡",443041,646,358,4511,726,586,0,0,26858
BV1KYtEzDEqX,114974814897408,1,182,2008,影视杂谈,影视综合,http://i1.hdslb.com/bfs/archive/fa651735f6829c573e01b9405012de487cbf8a06.jpg,因中国票房不佳，漫威改变策略！《蜘蛛侠4》全新照片曝光！鹰眼格鲁特回归,1754380800,643,39777637,超英队长,https://i1.hdslb.com/bfs/face/d93c0a76f9bcfe6f9f4f350ae486d4c5f185aaf9.jpg,337970,"蜘蛛侠,电影,漫威,鹰眼,超级英雄,荷兰弟,超英队长,格鲁特,黑豹,影视IP观察室",368883,2452,1851,1600,504,340,0,0,11345
BV1V1tczUE1J,114981609671820,1,253,2079,动漫杂谈,其他游戏,http://i1.hdslb.com/bfs/archive/538d700bc94c7a12a2a554b77bff48189c117914.jpg,竖笛答辩 | 感谢各位一直以来的喜爱与支持！,1754480421,727,4287618,竖笛小魔王,https://i0.hdslb.com/bfs/face/f78f46be0c5df29850a7b9e1f0c4c0efa01035a4.jpg,1012267,"你问我答,竖笛小魔王",76739,275,415,1238,5106,84,0,0,9502
BV1Zq81zmEYw,114947938062985,1,201,2184,科学科普,医疗保健综合,http://i1.hdslb.com/bfs/archive/5fb8b7d7e86bcf4a8acaec02a8353e286c53dfbc.jpg,所有人都知道他活不了，只有自己不知道,1753966659,175,291042076,水果医生,https://i1.hdslb.com/bfs/face/dc275122b2c1806083f0fbf27203ce1857437af7.jpg,2037720,"生活,影视剪辑,记录",1027560,624,1887,9086,1805,1892,0,0,128395
BV17mtjzYEaH,114973623780548,1,238,2128,运动综合,健身科普,http://i2.hdslb.com/bfs/archive/262b03410be6b72156655f4e10b3669d5c1c2f0f.jpg,百日彭于晏第三季开启，带你全国游，奖金18w，用100天的时间彻底改变！,1754358553,69,1667026531,华健盟健身华哥,https://i1.hdslb.com/bfs/face/13aad09d84f050c5a9b3cb2ce432f0da4c11163a.jpg,463717,"正能量,健身,百日硬汉计划,赚钱,挑战,暑期健身蜕变挑战",479743,193,1916,1674,1066,1119,0,0,26452
BV1w1tnznEMw,114975318215905,1,193,2017,MV,MV,http://i1.hdslb.com/bfs/archive/d314c19f1e9e8fd7e54230830314451c71a3cd91.jpg,陶喆 feat. A-Lin | 夢幻對唱K歌 〈Lonely is the Night〉 MV,1754447400,282,352091301,陶喆的音乐产房,https://i0.hdslb.com/bfs/face/fec18f33ce104cf4bed445322360cb3019053bf4.jpg,962202,"MV,华语MV,DT,专辑,流行音乐,陶喆,LonelyistheNight,Alin,陶喆新专辑StupidPopSongs,StupidPopSongs",144355,574,952,2472,4856,2258,0,0,10011
BV1CChEz9EV2,114950756371804,1,215,2149,美食记录,美食制作,http://i1.hdslb.com/bfs/archive/0ab219ef54d6b0a339e351bcda957676dd3944dd.jpg,上海人家的晚餐,1754009574,358,635094122,眼镜蛇1876,https://i2.hdslb.com/bfs/face/966eabd3a259db9f4180cdd6e8373c7f5d607863.jpg,47345,"生活记录,美食制作,学习,上海,游戏实况,厨艺,晚餐,Vlog,原神",213766,200,292,1491,1032,447,0,0,10983
BV1SBtwzGEHw,114980972134767,1,208,2096,校园学习,AI学习,http://i2.hdslb.com/bfs/archive/3c66bcd6cdbd771cc3fd6e2bd3949164156cddaf.jpg,网络热门AI鉴定17【Git源宝】,1754470820,183,38061207,Git源宝,https://i0.hdslb.com/bfs/face/6c594817691a12697888c7eb17b3147c2bfcf27b.jpg,1039471,"科普,AI,人工智能,教程,Git源宝,赛博吟诗,东方明珠,网络热门,蜜雪冰城,AI IN ALL！",167561,351,287,5200,3208,46,0,0,11022
BV11rh8zREkD,114958322965704,1,164,2152,健身,美食记录,http://i1.hdslb.com/bfs/archive/efbb1d81605385c271deb8189f1432539b705318.jpg,真是甜咸永动机，好吃哭了,1754125207,280,44708078,努力的橙子薄肌,https://i2.hdslb.com/bfs/face/9e8c6f9069289454b54ac1aca54e7046bfdd2e1a.jpg,606899,"吃货,永动机,Vlog",1283467,1414,1734,7700,5421,5055,0,67,155468
BV1pt81zdEhB,114948239791666,1,172,2071,手机游戏,射击游戏,http://i2.hdslb.com/bfs/archive/81ec7ee3764032df29ae56e7198aeb2dcc6539ba.jpg,全网最专业一图无脑得吃教学,1754037300,916,35753864,TGEe_,https://i2.hdslb.com/bfs/face/03ebb90e4bdda62b2cb6f61f84dea61b74ca4e3e.jpg,50685,"原创,地铁逃生,对峙前线,得吃,搜打撤,地铁逃生周年版本,教程攻略,一图,硬核测评,和平精英",2188023,1723,1473,83868,18514,2208,0,72,76262
BV1Vrh7zTE2Q,114951108693547,1,24,2063,MAD·AMV,鬼畜综合,http://i0.hdslb.com/bfs/archive/07b7e4a6d1233a7accf88781df4b47062036f3c1.jpg,二乔：我被困在了时间迷宫《莫愁乡》,1754014999,133,9068441,冰攻厂BeSo,https://i2.hdslb.com/bfs/face/4f06d92605733645f261e2e29da02556afdf1c32.jpg,675354,"JOJO的奇妙冒险,二次元,动漫,动画种草激励计划,莫愁乡,乔瑟夫乔斯达,二乔",272172,770,414,20966,10698,1356,0,0,34375
BV14ZtJzpEL2,114975838311440,1,138,2073,搞笑,动作竞技游戏,http://i2.hdslb.com/bfs/archive/afd00b02b407712748c365ffba84e0ba47d88bc9.jpg,【梗百科】画他的奶奶是啥梗？,1754392196,140,1544008396,梗百科,https://i1.hdslb.com/bfs/face/096ce47bce303e18d35df5343887a1ea9a9bbf8e.jpg,1916556,"手绘,初音未来,魔法少女小圆,第五人格,世界计划,那艺娜,少羽,抽象,重返未来1999,给整活儿加点艺术",928340,622,519,12898,568,689,0,0,33132
BV1TAhpzBENp,114952803190967,1,239,2123,家居房产,家用电器,http://i2.hdslb.com/bfs/archive/d8ce29df5687803700a8868cf9f3fe89588948c2.jpg,荔枝放 7 天还弹汁？这台冰箱把我水果焦虑治好了,1754125200,217,351188445,-老圈子-,https://i0.hdslb.com/bfs/face/88660d8784a4abfab652b4dbfc368d1a63fdf395.jpg,152910,"健康,厨房,容声方糖冰箱,荔枝,家电,智能家电,容声冰箱,容声,花点心思幸福家,容声养鲜超能荔",180646,265,195,676,644,46,0,0,4389
BV1h8tnzhEJu,114975687383188,1,250,2159,出行,旅游攻略,http://i1.hdslb.com/bfs/archive/df16bf4cf9068c4cb9c08c937a7883936f52a66c.jpg,内蒙古到底值不值得去一趟？【自驾体验】,1754391763,1524,644255470,杰克小兔,https://i1.hdslb.com/bfs/face/013a96a5d1dc54a152e87816776eaf88997ea5e7.jpg,1265805,"生活记录,生活,搞笑,零跑C10,出行,呼和浩特,分享,城市,内蒙古,辉腾锡勒",434233,2757,1063,3582,6073,1330,0,0,15213
BV1AGtwzcErg,114981257351349,1,17,2079,单机游戏,其他游戏,http://i0.hdslb.com/bfs/archive/85ed172680f0fcc3572c704bf6d7ca01133bd26c.jpg,【舍长】只有一个人，电梯却显示满员了？—闹诡电梯（The elevator）全流程,1754475137,1250,70666,舍长驾到,https://i1.hdslb.com/bfs/face/a6475a08cafd6983663cc25c566ca882eaf2f416.jpg,1032617,"惊悚,恐怖,舍长,单机游戏,恐怖游戏,舍长驾到,搞笑,The elevator,电梯,推荐宝藏游戏",58893,801,303,1298,2392,60,0,0,4800
BV1hQtczyEkz,114981542627387,1,219,2167,汪星人,猫,http://i2.hdslb.com/bfs/archive/8caaa02d2167c2746fdf8725bbeaed65405b428e.jpg,啊..真是和小猫小狗充实的一晚啊,1754479804,315,3546946425850423,一口一个团up主,https://i1.hdslb.com/bfs/face/33fcb94a59b9c4e52c8e95ef97176c1cf408474f.jpg,382894,"萌宠,布偶猫,边牧,小狗,小猫,萌宠过暑假",284000,1164,944,2894,2545,1084,0,0,45480
BV1pVtPzMEnR,114982146608638,1,21,2154,日常,剧情演绎,http://i0.hdslb.com/bfs/archive/e20e69e8aa735e4ab25f68bd12e99c02bf515ae8.jpg,考虑了很久……终于做了这个决定……,1754488606,55,3546902050114131,来瓶杨乐多,https://i0.hdslb.com/bfs/face/85c6cf71801410cfe0db8e0fa3d25119c7ed7bfb.jpg,167238,"无厘头,搞笑,段子,抽象",156219,59,264,1009,1143,97,0,0,25150
BV1kEtLzYEg9,114972650641319,1,172,2064,手机游戏,单人RPG游戏,http://i0.hdslb.com/bfs/archive/3787ad7743c05a8a1c01ec19e93ea46e664f24ca.jpg,停云全程单通差分宇宙千面英雄V7，只有抛却理性才是（  ）的一集！,1754365500,1593,75480955,念熙阿,https://i1.hdslb.com/bfs/face/c054ef8bd21efb38f8d6cc78fd8e7135c4b996a8.jpg,982055,"游戏实况,停云,念熙,崩坏：星穹铁道创作者激励计划,全程单通,星穹开拓团,差分宇宙,千面英雄V7",189220,1398,586,1721,3736,204,0,0,19909
BV1sZt7zyEp1,114974932342523,1,76,2149,美食制作,美食制作,http://i1.hdslb.com/bfs/archive/4c2ad5fb5454710319d42dde8ed9e4ea51ac74a0.jpg,蒸的是泥鸭 ｜ 不好吃的话顺网线来打我,1754378588,59,1097119075,小鸭子厨房,https://i1.hdslb.com/bfs/face/ee053d18d45c34d332d73c3aa996e2a3c927af37.jpg,686441,"厨艺,美食制作,美食教程,蔡徐坤,记录我的美食日常,鸭,你干嘛,芋泥,鸡你太美",248398,157,408,4920,904,673,0,0,43130
BV1VQtczyEwq,114981542563967,1,193,2020,MV,翻唱,http://i0.hdslb.com/bfs/archive/c229e5bea72aef2e91876b6ac6fd4d216f1b47d6.jpg,周杰伦劝你别读博,1754479263,221,21442590,馄饨皮茄总,https://i0.hdslb.com/bfs/face/29d3bf75ec95524532a9ce36d1232ef441889a1d.jpg,33346,"周杰伦,晴天,cover,学术,科研,博士,读研,读博,PhD,翻唱的N种打开方式",73907,298,597,1296,2794,2083,0,0,9061
BV1xMhpzNE8u,114952820039292,1,27,2041,综合,动漫剪辑,http://i0.hdslb.com/bfs/archive/fbbdb5bf358b4a358443f078d99756b75a97990f.jpg,我 和 你,1754040989,34,470849460,花落北城,https://i0.hdslb.com/bfs/face/d50b8b25667e330a0bca88b4ea68d1080c367e75.jpg,1716,"剪辑,二次元,动漫,动画短片,章鱼噼,伤感,卡点",762419,223,2001,37799,10437,3750,0,0,126721
BV1WP8yzWEyk,114946746684096,1,172,2022,手机游戏,VOCALOID,http://i0.hdslb.com/bfs/archive/dec6be9a482bb9662341c9faa316c56cc5cdb02e.jpg,《女神异闻录5 皇家版》代表曲目《Life Will Change》2DMV公开 /初音未来×镜音铃×镜音连,1754298000,244,3546749308242173,初音未来缤纷舞台,https://i2.hdslb.com/bfs/face/408f52803ee221c7d0a057b2e15d1f42dc5bfc03.jpg,986733,"初音未来,镜音铃,镜音连,手机游戏,世界计划,初音未来：缤纷舞台,PJSK,初音未来缤纷舞台",1119102,25807,5113,16533,2150,26146,0,76,78809
BV16BhHzREww,114953071697393,1,47,2055,同人·手书,二次元绘画,http://i2.hdslb.com/bfs/archive/d09546b48776b04e4cef2f5818c50bba402376b6.jpg,这些原神/崩铁图将不再更新！,1754045198,63,3494365922069299,青辞川,https://i1.hdslb.com/bfs/face/0bda5aeedffb252a36e64ada139ccc89c623dddf.jpg,137858,"插画,同人,板绘,绘画,崩坏：星穹铁道,崩坏星穹铁道,米哈游,原神",1848569,255,2956,47989,58861,821,0,33,311553
BV1RAtgzTEAX,114969731667270,1,47,2037,同人·手书,同人动画,http://i2.hdslb.com/bfs/archive/abecce55c12f6ea8be07cf94d09b3d4cbb8b03ff.jpg,隧夜轮回（怨灵酒店）第二十四集 有惊无险 动画 悬疑 微恐怖,1754470800,284,501642082,萧一白呀,https://i1.hdslb.com/bfs/face/753545c422513fb3bac9cbd9b4f855b3e7656f82.jpg,1145217,"诡异,悬疑,原创动画,原创,动画",217195,1283,684,3591,5221,203,0,0,18920
BV19RhAzcEdU,114940891369288,1,172,2064,手机游戏,单人RPG游戏,http://i0.hdslb.com/bfs/archive/fac671ac584abcbc1ed9352254f6b334f66d9895.jpg,《崩坏：星穹铁道》救世PV——「开拓者」,1754136000,107,1340190821,崩坏星穹铁道,https://i2.hdslb.com/bfs/face/57b6e8c16b909a49bfc8d8394d946f908cabe728.jpg,11440761,"崩坏：星穹铁道,米哈游,miHoYo",6192443,188235,58582,139835,271847,100627,0,1,500722
BV1voh5zbEPS,114965855869227,1,137,2026,明星综合,乐评盘点,http://i2.hdslb.com/bfs/archive/26c35283597e96fc7a60467639cf8028a25d3ec3.jpg,刘雨昕演唱会幕后有故事？还喊话演喜剧？,1754362800,2573,3056480,罗毅的包罗万友,https://i2.hdslb.com/bfs/face/e0671a053d314cdb77ccfe4257e5ba043ff1b112.jpg,2166,"演唱会,音乐,刘雨昕,艺术,包罗万友,艺人,视频播客,仙那度,上B站看播客",989697,11112,3128,6337,8384,5756,0,0,12285
BV17whgzDE4y,114962634709280,1,138,2063,搞笑,鬼畜综合,http://i0.hdslb.com/bfs/archive/62be32ce7accfaf78b3aca270e4b00946bd8fef3.jpg,师傅不是不爱说话，只是没招了。,1754190657,24,1770749483,万能的洪师傅,https://i2.hdslb.com/bfs/face/b6d052263282f5c563505593eb8ee653a4ff9638.jpg,265897,"高能,搞笑,原创,师傅你是做什么工作的,段子",657428,181,840,7228,604,667,0,0,112556
BV1pUt3z4EKG,114970385712379,1,216,2071,鬼畜剧场,射击游戏,http://i2.hdslb.com/bfs/archive/acdff94e1ee8441901b99afc06f5fde85fc10a98.jpg,这桥我堵定了！,1754309147,66,14896506,英豪小丸砸,https://i0.hdslb.com/bfs/face/64469457eb908ecccafa89f863ae791658a4a01d.jpg,59284,"三角洲行动,乌鲁鲁,三角洲,堵桥,三角洲破壁新赛季上线",670935,159,731,2273,1220,1526,0,0,45411
BV1SvtFziEkN,114980166833596,1,95,2123,数码,家用电器,http://i0.hdslb.com/bfs/archive/b71889ffab0be7a0d80e4804fadf997b28c22219.jpg,大疆首款扫地机，好使吗？DJI ROMO上手,1754483400,720,946974,影视飓风,https://i0.hdslb.com/bfs/face/c1733474892caa45952b2c09a89323157df7129a.jpg,11783777,"科技,4K,数码,体验,扫地机,大疆,ROMO,扫地机器人,DJI,大疆新品",773716,4649,2176,7294,9843,5975,0,0,50329
BV1j1tAz4EyB,114982381420872,1,172,2064,手机游戏,单人RPG游戏,http://i2.hdslb.com/bfs/archive/9f18e0471d061eb63b40a19a1a1818f2ae7643a6.jpg,一大波美术生潜入米哈游内部？竟是为了……,1754539200,193,318432901,米哈游miHoYo,https://i1.hdslb.com/bfs/face/ad15d0c73aeed1eae54a6948b94b44230a405eea.jpg,2922594,"游戏,美术,动画,特效,米哈游校园招聘,2026秋招,招聘,场景原画,校招,米哈游",123747,334,1369,1691,1196,842,0,0,15487
BV114hHzAErX,114952937479408,1,138,2154,搞笑,剧情演绎,http://i0.hdslb.com/bfs/archive/c8014fc2dd160ea4f4b4f3d88d2c083c76150194.jpg,课代表历险记（二）！,1754042928,239,393709394,一串大福,https://i2.hdslb.com/bfs/face/e6d1cf7df22235495d25d7ae77a4aa185e5d8c7f.jpg,1560510,"搞笑,原创,搞笑小剧场,来福来福,一串大福,课代表历险记,学生时代,朱迪,fyp",3419395,2244,1227,45394,3999,410,0,48,104914
BV1DFtLz1Emn,114972583532479,1,47,2037,同人·手书,同人动画,http://i1.hdslb.com/bfs/archive/fd05168d272f6f4f517b11174bb86c6e100bad1c.jpg,【三角洲/红狼&深蓝】那你再看看你前面呢（,1754342623,20,1632841095,巨日地板,https://i0.hdslb.com/bfs/face/50d9eb192a99ed8c22944f2f67ee2b8375572457.jpg,2932,"同人,动画短片,三角洲行动,红狼,深蓝,meme,三角洲破壁新赛季上线",497285,126,535,9719,819,788,0,0,30213
BV1oftnz6EyW,114975435659170,1,47,2037,同人·手书,同人动画,http://i1.hdslb.com/bfs/archive/3324da55dcbd3e1033f6f7c8d507e671d3950b3b.jpg,三月七的【天天天国地獄国】,1754386115,72,89031393,夜半三更_,https://i0.hdslb.com/bfs/face/2071ad7f1909776030410e9dfb19f702370f2f7c.jpg,30108,"手书,动画,星穹铁道,崩坏：星穹铁道创作者激励计划,天天天国地獄国,长夜月,三月七",1129495,388,1349,59883,23999,8975,0,46,149781
BV1xV4RzjE8o,114977314706918,1,172,2070,手机游戏,MOBA游戏,http://i1.hdslb.com/bfs/archive/8c5aac00122513d1cbfb50e937b41d8d18f5af99.jpg,我的李信也是好起来了，KD平均下来能一局杀0.9个,1754442000,233,268941858,磊哥游戏,https://i0.hdslb.com/bfs/face/538b9090c0862782df0662b2176e726eda1c9980.jpg,2472235,"王者荣耀,王者荣耀夏日农友节",705039,1423,2571,3145,3743,1353,0,0,50809
BV1iChgzQEhg,114964262030121,1,30,2063,VOCALOID·UTAU,鬼畜综合,http://i0.hdslb.com/bfs/archive/cf9f7ed9b0216347dfedeb6c1ca17381249f5b30.jpg,【高精度中字嵌字】Cherry Pop feat. 初音Miku,1754215589,143,3493091220654843,瓜子920,https://i0.hdslb.com/bfs/face/95c9253595b9f68c0bd142852dad1f5f2e6185e4.jpg,2104,"音乐分享官,DECO27,翻译,DECO*27,VOCALOID,术曲,高精度中字嵌字,嵌字,中字,Cherry Pop",184189,82,490,13024,12456,984,0,0,39565
BV1MWt5z3EdS,114971107137263,1,21,2154,日常,剧情演绎,http://i0.hdslb.com/bfs/archive/b9add346a2ef5cbda975eab35d3dafd315c723c7.jpg,沉浸式小众禅意私房菜,1754320941,146,8259298,港妹妹join,https://i1.hdslb.com/bfs/face/07b99a830d07736e978148d77b733b115ab5c91a.jpg,359000,"情感,高能,给整活儿加点艺术",453182,699,1066,1830,564,759,0,0,36189
BV1HYhgz8EzW,114962567660852,1,172,2070,手机游戏,MOBA游戏,http://i2.hdslb.com/bfs/archive/2a8c152fdbf14547ef01c33e854b386c97896402.jpg,朵莉亚零基础到精通！看这一个长视频就够了！,1754189701,881,298590209,益达兄弟辅助教学,https://i2.hdslb.com/bfs/face/125d2935b53d5635d8962fa2388a35ca665d6039.jpg,541485,"辅助,益达兄弟,朵莉亚,#王者荣耀夏日盛典,#朵莉亚在编人鱼公主,王者荣耀山海皮肤",252765,251,334,7956,2107,1334,0,0,17406
BV1fLhnzDESp,114951628785225,1,65,2037,网络游戏,同人动画,http://i0.hdslb.com/bfs/archive/ab9c8c8f266c8cb70fafdcc5d7139ad7474e95b8.jpg,对对对！你查完分和同桌就是这样的！,1754042400,78,1072364738,一支聪慧鼠,https://i2.hdslb.com/bfs/face/110f31f132ff821e5bbc5c857349454445723e5d.jpg,144627,"洛基,我的世界,猫和老鼠,考试,沙盒游戏,时羽雨衣,萝莉摇,沙雕,抽象,查分",4176631,1427,1207,188760,23958,4267,0,26,278977
BV1tX4oztEsb,114977448984955,1,213,2100,美食测评,手机,http://i1.hdslb.com/bfs/archive/5576a40269a287c902e78fe02eb31fd456d7dd98.jpg,最近有伪装哔咔等apk的远控木马，大家小心点,1754417181,255,22839600,佛珠战神,https://i0.hdslb.com/bfs/face/004c663fbb8bc42eafafb30e27ab9c761fb54bae.jpg,428588,"安卓,手机,远控,手机病毒,最新,木马,远程控制,感染,安全,病毒",168531,88,1074,3603,524,2928,0,0,15052
BV1ZhhPziE66,114960084573166,1,65,2071,网络游戏,射击游戏,http://i2.hdslb.com/bfs/archive/752983efe437f81bbb5fa5118179543a4c1b92fd.jpg,一朵玫瑰，一颗北极星。希望被洗号的舍友天天开心,1754151950,230,1584061693,无情布兰登,https://i1.hdslb.com/bfs/face/5b18a9420c377134f1afa4108de3426141cb50ed.jpg,1303,"FPS,三角洲行动,海洋之泪,蚀金玫瑰,雪豹,北极星,记录,红狼,非洲之心,三角洲破壁新赛季上线",400258,492,1188,3638,22422,803,0,0,40395
BV1oRtuzyEyc,114969815420216,1,65,2071,网络游戏,射击游戏,http://i2.hdslb.com/bfs/archive/74eb5d0917d34d903028058f8e8f691ee8749792.jpg,给我7分钟让你爱上绝密航天跑刀77！,1754300530,478,3546897845324636,汉跑跑三角洲行动,https://i2.hdslb.com/bfs/face/93f7c38cd7e4ab5cfdc8e715103ea4e7888462d5.jpg,27704,"FPS,航天,三角洲行动,绝密航天,航天跑刀,教程攻略",858160,1345,863,6754,959,1969,0,0,61250
BV1QitPzHEGn,114981894884951,1,171,2070,电子竞技,MOBA游戏,http://i2.hdslb.com/bfs/archive/b6bcd494017e1c61fd136534b23fa33a603497d4.jpg,【DOTA2】每次击杀立即刷新所有技能，谁能拿下最多人头？【完结】,1754537400,2427,518137613,蓝胖超人,https://i2.hdslb.com/bfs/face/8c516ccd43a5adab7af5b02837ffacdaae687ad3.jpg,55887,"DOTA2,MOBA,斗蛐蛐",34788,1126,280,682,5067,35,0,0,3787
BV11ntgzoEMF,114969530205443,1,17,2078,单机游戏,沙盒类,http://i2.hdslb.com/bfs/archive/323b2d968886b0696dbd8e40fec1693b5d7d8923.jpg,这不比手术刀好用？,1754298000,1003,19512037,纪夫Junly,https://i1.hdslb.com/bfs/face/66c9b0f2d84ee09c2c4209894e09a9dfac1806fb.jpg,687169,"小游戏,游戏,搞笑,娱乐,我的世界,Minecraft,纪夫Junly,MC宝藏模组推荐",437709,1898,717,11766,4163,148,0,0,25804
BV19mtgzMEGq,114969177757335,1,228,2090,人文历史,人文历史,http://i2.hdslb.com/bfs/archive/75b7a8436104c74d1414fb470785e5430863b1e6.jpg,卫生员7次一等功:我把敌人都杀了，战友就不会受伤了！,1754293524,309,404194769,了不起De中国人,https://i2.hdslb.com/bfs/face/1b1f8ef7427502ead39a9af2498c9616c6c164ff.jpg,1594887,"神奇的闲鱼,中国军人",550339,1755,1499,3988,5639,1098,0,0,48970
BV1ANtnzUEDr,114975955883853,1,171,2068,电子竞技,回合制策略游戏,http://i2.hdslb.com/bfs/archive/07770170109b27723bb16a49d68622ad74527a6c.jpg,【神超云顶s15】三天登顶国服第一，告诉你最适合当前版本的上分思路,1754394018,95,388063772,GoDlike_神超,https://i2.hdslb.com/bfs/face/e6bcb4a3dea0f2e71bb97a42f097efb89ce29aa7.jpg,836619,"国服第一,策略游戏,英雄联盟,云顶之弈,金铲铲之战,云顶S15",229025,88,766,4679,1306,1364,0,0,9157
BV1xstczAEz6,114979629962308,1,214,2152,田园美食,美食记录,http://i1.hdslb.com/bfs/archive/408eba40e8594bb4edf6f2c9cb1d03ce14898629.jpg,建水草芽——滇南人的水中珍馐【滇西小哥】,1754467200,1370,101229184,滇西小哥,https://i1.hdslb.com/bfs/face/a235389baf30c5819d1dba02a8a1d581598e66c7.jpg,1611117,"美食制作,云南,记录我的美食日常,赶集,草芽,云南特色",168978,1491,310,1453,4893,300,0,0,11207
BV1HXt3z9E79,114970402493737,1,212,2152,美食侦探,美食记录,http://i0.hdslb.com/bfs/archive/900aba36e5fe6ed4259c12f69f9a407cce7af59f.jpg,60元辣椒炒肉,1754309440,223,3546579155815297,炊哥不加戏,https://i1.hdslb.com/bfs/face/f14247df6a766a45685a9ea0bdd9ccb87d1ef694.jpg,284812,"家常菜,炊哥不加戏,辣椒炒肉,辣椒,Vlog",464851,491,615,752,527,172,0,0,18025
BV1gutgzNEyi,114969395858298,1,65,2071,网络游戏,射击游戏,http://i1.hdslb.com/bfs/archive/2d8579d20c4ac7c4572d09e2a60ee43f70f7e654.jpg,野生的黑木板，没人要我拾走了,1754303400,14,2811719,墨染千素,https://i2.hdslb.com/bfs/face/3c6deaa829bb63363435f160451975e03cfdc52f.jpg,149,"原创,三角洲行动,零号大坝,鼠鼠,记录,三角洲,三角洲破壁新赛季上线",1007192,165,1284,1373,583,372,0,0,49738
BV1Yzt7zoEbH,114973254623134,1,172,2071,手机游戏,射击游戏,http://i0.hdslb.com/bfs/archive/9a382d466364e5c711cfc7837aaa1136e77aa577.jpg,扶贫最艰难的一集,1754353251,499,700516468,松下千秋77,https://i1.hdslb.com/bfs/face/1d860b1b059fbcbc09c269b8d7a7e52603b3c283.jpg,398050,"地铁逃生,臭猫扫号日记,吃鸡,和平精英,松下千秋",1320647,662,225,19705,943,39,0,0,24543
BV1Tdh7zoEFZ,114951276463255,1,65,2071,网络游戏,射击游戏,http://i2.hdslb.com/bfs/archive/b8f3777b3ad2e24a08e45418352cc30c451f3e15.jpg,【我的洲】bro懂我的爆率！超算单元！#10,1754017685,282,325194407,文尤里,https://i2.hdslb.com/bfs/face/b6544a3402547aaea3169ca63a90d37c25033664.jpg,42427,"直播,三角洲行动,三角洲欢乐剧场,我的洲,mc",2918232,733,1384,17072,13300,7431,0,57,156237
BV12ytizKEHv,114985015446947,1,86,2048,特摄,特摄,http://i1.hdslb.com/bfs/archive/cd9d60f831aab58d8472c69681ab09e2cd052588.jpg,【海外消息】《假面骑士ZZZ》全新PV公开！,1754532331,161,3546911686527726,假面骑士中国官方,https://i0.hdslb.com/bfs/face/641e439d2433b1d1b4db2a35191f0874777e8f8f.jpg,332434,"特摄,假面骑士,假面骑士ZZZ",196654,989,2403,2075,812,7990,0,0,9783
BV1q6tGzQEjo,114969882529724,1,138,2005,搞笑,短剧短片,http://i0.hdslb.com/bfs/archive/09296edf762f06c4380741fb311adf3a4024cc1c.jpg,破镜不能重圆 和好不能如初,1754301513,123,1659651634,七颗猩猩QKXX,https://i1.hdslb.com/bfs/face/e48329f6999d331dcb3cb5ca7ecf2b4b1100d83d.jpg,3189458,"爱情,短片,原创,搞笑小剧场",1254451,1675,1988,14364,5798,1549,0,0,103843
BV1oAhHzUE7w,114953189130523,1,219,2168,汪星人,狗,http://i2.hdslb.com/bfs/archive/df0733e492201c696628b9d0e7e964feb5e1778a.jpg,狗狗都要出来上班了,1754046586,64,3546607914059825,牟牟刘啊-,https://i2.hdslb.com/bfs/face/1f5995eef0636b34a975a13a7e66d7ceedb18d17.jpg,136014,"萨摩耶,狗狗,汪星人",4378278,319,1696,21374,2167,9227,0,51,271605
BV1jGtEzNEru,114975116887354,1,17,2079,单机游戏,其他游戏,http://i1.hdslb.com/bfs/archive/565cff91d8af15a634d43613d56f83f8613d7e4d.jpg,《威利号船长》用自由视角居然还能找到被关起来米老鼠,1754381146,133,1860532343,客阙,https://i2.hdslb.com/bfs/face/cf3fddec612e9d6c6f965e0ef8c35a3e31e3b589.jpg,141717,"彩蛋,威利船长,自由视角,隐藏物品",1554568,584,125,26730,912,81,0,0,30277
BV1F2hNzLEtK,114959262420535,1,138,2207,搞笑,随拍·综合,http://i1.hdslb.com/bfs/archive/708b2199a00429febd9010152c19239475400462.jpg,感谢坚强的自己依然坚强的活着,1754139304,81,143832717,安茂元,https://i0.hdslb.com/bfs/face/751a438f52a7bb62ee3bbbdcf86c6993a271e77d.jpg,362069,搞笑,887585,424,899,12404,2008,4515,0,0,93733
BV19GtvzuEFn,114985753710679,1,172,2064,手机游戏,单人RPG游戏,http://i0.hdslb.com/bfs/archive/f2859bc409cdc7bf82466fdd67a7044d532324ac.jpg,绝区零爱丽丝全面测评,1754543697,2031,307353874,龙四爷攻略组,https://i1.hdslb.com/bfs/face/79347d8af00fcdd95afa42b0077a961d0e0c4a3d.jpg,318540,"#爱丽丝,绝区零UP主激励计划,#爱丽丝磁盘,#爱丽丝天赋,#爱丽丝配队,#爱丽丝抽不抽,#爱丽丝教学,#爱丽丝测评,#龙四爷爱丽丝,#爱丽丝简",38417,360,471,694,5128,137,0,0,7447
BV1FJtPzPENG,114982079434469,1,17,2071,单机游戏,射击游戏,http://i0.hdslb.com/bfs/archive/969f1cc04f0069e9c711362e02a7ad7a60fef44b.jpg,我在三角洲玩上MC了！？丨第7期丨,1754489920,175,3546916132489319,牛牛菌-三角洲双刀流,https://i2.hdslb.com/bfs/face/1d220b5e9b63a518501f2f96d0e7a27eb5e3c9ce.jpg,80428,"娱乐,我的世界,三角洲摸金,房屋改造,赚钱,搬砖,好兄弟,三角洲,挑战,电竞房",73670,126,188,752,1493,29,0,0,7940
BV1dVh5zZEgQ,114966594066693,1,65,2071,网络游戏,射击游戏,http://i1.hdslb.com/bfs/archive/3892402c6af72504babe010e7665eff8038f5a95.jpg,堵桥 似乎变得更简单了,1754283900,49,3546631886604757,Lin三角洲行动,https://i1.hdslb.com/bfs/face/6910dcfc7ed08e91e59784d447f3a4b6cd6ca701.jpg,42661,"三角洲行动,乌鲁鲁,航天基地,堵桥",565172,155,635,7938,548,2483,0,0,40154
BV1HVtwz8EUH,114981240641756,1,27,2037,综合,同人动画,http://i0.hdslb.com/bfs/archive/21b56c8f9fd654523eb724da5261b2375cabbfbe.jpg,《师傅，走不走？！》,1754474830,75,3461576323500263,哈基漂不想睡大街,https://i2.hdslb.com/bfs/face/e974036a891f8d5aa1c920ee2165279532feb202.jpg,111649,"二次元,搞笑,手机游戏,今汐,弗洛洛,珂莱塔,冬木口音,漂泊者,鸣潮,鸣潮2.5版本二创",408535,867,581,4641,3791,1493,0,0,28690
BV1GLt5z2E9D,114970922587130,1,172,2070,手机游戏,MOBA游戏,http://i2.hdslb.com/bfs/archive/e07078a5ed6b8d9609c67a3d4c78bfba079bf1dc.jpg,想跳过晋级赛结果直接16.0顶级对抗，吓的我半个月不敢上线,1754355600,215,268941858,磊哥游戏,https://i0.hdslb.com/bfs/face/538b9090c0862782df0662b2176e726eda1c9980.jpg,2472235,"王者荣耀,王者荣耀夏日农友节",1745139,959,3413,3080,2640,1214,0,0,91981
BV1kG8UzeEKs,114948390914587,1,172,2078,手机游戏,沙盒类,http://i2.hdslb.com/bfs/archive/63d68aafe4a85837426e1e2ac9640f9ad558e8f8.jpg,迷你世界368到373集，狗蛋来了，他叫执笔乱涂鸦,1753974408,796,672687948,二狗子玩游戏本人,http://i0.hdslb.com/bfs/face/700c1a7c062bd939af79fd64e374dc847b4fc906.jpg,513158,"沙盒游戏,游戏实况,搞笑,狗蛋回归,竞技游戏,沙雕,迷你世界,老沙,狗蛋,上得物得得物",338138,3609,592,8054,3813,184,0,0,20364
BV1uBtwzVEDZ,114980972200245,1,171,2070,电子竞技,MOBA游戏,http://i0.hdslb.com/bfs/archive/dcfc1cd1b817d24bc70d7d6f0ab0becde3ddeaa4.jpg,当我想玩把大虫，巨魔：看看你后面呢,1754477594,629,2687303,风彩丶,https://i2.hdslb.com/bfs/face/94691705599ab91aaa368f4861c5d5a706c4ad40.jpg,235844,"电子竞技,英雄联盟,下班整点英雄联盟,大虫子",238878,651,342,913,5004,69,0,0,12632
BV17sh3z9EPh,114964077484209,1,65,2071,网络游戏,射击游戏,http://i0.hdslb.com/bfs/archive/f857eeedb0f52deb835a4d685383846b9dc1688c.jpg,【房卡杯】屎卡vs神卡,1754212817,379,56324796,夏日瓜牛,https://i0.hdslb.com/bfs/face/76b9c90852430cc99217b2d43df4855394ff5c11.jpg,183155,"三角洲行动,售票办公室,夏日瓜牛,三角洲破壁新赛季上线",651185,1372,2443,3368,757,491,0,0,23639
BV1r3huzREtf,114963121242580,1,172,2071,手机游戏,射击游戏,http://i1.hdslb.com/bfs/archive/7f91f8cc902b89d5da98d593155bce24dcb42769.jpg,全网最详细<三角洲 全boss容器 排行推荐>萌新必看！！！,1754217600,1087,3546872664820321,三角洲代肝-老鱼,https://i1.hdslb.com/bfs/face/0a361fe431adbdc7d0d2478f263195ac992bbe39.jpg,34806,"BOSS,技巧,FPS,三角洲行动,三角洲行动攻略,新手,容器,教程攻略,三角洲,全网",1339432,2625,806,49412,3083,793,0,74,52780
BV1C54Rz1E6g,114977230883059,1,252,2154,仿妆cos,剧情演绎,http://i2.hdslb.com/bfs/archive/431fafa5136cb0c25492d417bca01d4f99816b31.jpg,我可以接受失败，但我绝不接受没有奋斗过的自己！,1754413647,150,322480205,造梦阿瑄,https://i2.hdslb.com/bfs/face/6179ff89aa703de7a967de4e3fe4804d4988b001.jpg,826882,"唱歌,生活记录,学习,搞笑小剧场,努力,诗朗诵",1378468,15881,4161,14843,21913,4287,0,9,255638
BV156tMzKE7R,114968422842876,1,138,2171,搞笑,动物综合·二创,http://i1.hdslb.com/bfs/archive/78f14a22eb416222203475881a63be2a468e8898.jpg,鱼天帝,1754279229,69,1402229439,大丙搞笑配音,https://i0.hdslb.com/bfs/face/6104868b601276de59976e835c95428601800cc0.jpg,364861,"搞笑,搞笑视频,吐槽,配音,搞笑动物配音,这是一个悲伤的故事,搞笑配音,看一遍笑一遍",1902705,188,742,19585,1056,2711,0,0,112381
BV1Qvtwz5EEY,114981072803927,1,47,2037,同人·手书,同人动画,http://i2.hdslb.com/bfs/archive/503e5a7a13c99ae4b849c35d0f19caf35bb32a36.jpg,《回档修仙》第146集：底层的苦楚，权力的滋味,1754481600,337,3546577855580381,阿喵没有黑眼圈,https://i2.hdslb.com/bfs/face/5f592a62d087466ba4fd2fe8bf6e4a82549ad4f8.jpg,109112,"动画短片,原创动画,我的模拟长生路,回档修仙",63695,152,346,1278,2217,51,0,0,8140
BV1y1tnznEKG,114975318349391,1,228,2081,人文历史,海外资讯,http://i1.hdslb.com/bfs/archive/87756bc9f560acbc5c83e9be46af1134dc9b1e4e.jpg,心理扭曲、祸乱全球：被公知吹爆的英国到底有多不做人？,1754386204,1496,435931665,军武志,https://i0.hdslb.com/bfs/face/684eecd680183541858b62785ab01be89bacc671.jpg,1489426,"欧洲,英国,殖民地,帝国主义,印巴,巴以",473914,1559,1758,8501,4377,589,0,0,41612
BV17ChgzXE3Q,114964262165943,1,17,2066,单机游戏,单机主机类游戏,http://i1.hdslb.com/bfs/archive/3fb4375d71a7a036a7852841ffa7f6cdf308911b.jpg,当丧尸离你只有一墙之隔，请想尽办法活下去！,1754219600,1682,26240675,与山0v0,https://i2.hdslb.com/bfs/face/1dd429855a968c9d22b8ccc000a7aaabe8dbc201.jpg,4961945,"生存,僵尸,丧尸,单机游戏,游戏视频,实况解说,勇闯死人谷,steam游戏,推荐宝藏游戏",515837,2078,1003,8461,11145,525,0,0,40573
BV1W8hHzcEMc,114952970963838,1,138,2154,搞笑,剧情演绎,http://i1.hdslb.com/bfs/archive/26853126726175ddaf49118a7f43769c1e285197.jpg,做了件好事,1754043339,182,3546638173866146,李万基fit,https://i2.hdslb.com/bfs/face/6623817f465bd4b80cf1f83af334fa2d56d0983c.jpg,490573,搞笑研究所,3633379,669,1317,12332,5671,1942,0,36,212853
BV1gTh4zHExf,114956645176344,1,17,2078,单机游戏,沙盒类,http://i0.hdslb.com/bfs/archive/c0557daa06b9250d709493c11910dfd88639c9cb.jpg,我建立了一个拥有真实历史的Minecraft服务器,1754100806,425,3546817622968757,SimMC故事发生器,https://i2.hdslb.com/bfs/face/7f576748c671b27c686c17021f842eb0d9895823.jpg,9811,"历史,服务器,沙盒游戏,史诗,我的世界,Simmc,像素风,新人向,Dnd",391794,386,1103,21604,5460,1964,0,0,26316
BV15o8MzGE4N,114907202848170,1,17,2078,单机游戏,沙盒类,http://i2.hdslb.com/bfs/archive/c77c737147efa7bc04387c523bd537a7f4b58794.jpg,野猪小队-第32集-完整版,1754355600,627,11560113,小麦块,https://i0.hdslb.com/bfs/face/7b424bc6060a4fd2600c48ba25296570b4df4a4c.jpg,211846,"我的世界,Minecraft,野猪小队",1352133,369,83,14602,780,24,0,0,14605
BV1wM82zbExD,114947602252984,1,215,2149,美食记录,美食制作,http://i2.hdslb.com/bfs/archive/be004f38130e587d34c63720add657607a463269.jpg,文科毕业生15.12吃一顿,1753961538,76,33903433,极品饭灵根z,https://i1.hdslb.com/bfs/face/b85167a5feb1ae3547009e6efe6029b6aca5da4b.jpg,588822,"生活记录,排骨,菠萝,美食,大学毕业生,Vlog",1135482,48760,2451,6050,4870,1697,0,0,139107
BV1EQhtzgEJu,114957651807028,1,85,2154,小剧场,剧情演绎,http://i2.hdslb.com/bfs/archive/cf4d9c4ae4d3d4418e2ecb1f90f8bb8f595cd08c.jpg,当你穿进老钱班5,1754121900,132,503058735,侯绿萝,https://i0.hdslb.com/bfs/face/b444cf0fe0f32dd7d2960ceb8b830c873a5da7c2.jpg,1490355,"娱乐,段子,小剧场",6387368,8154,3585,63443,90539,4922,0,2,664520
BV1KstczPEQX,114979630094084,1,21,2026,日常,乐评盘点,http://i0.hdslb.com/bfs/archive/dfd1f34a4aa2a2436f9acfce1b7fd5d46525c352.jpg,拯救音痴！医生麦霸齐聚！原来有这么多被学医耽误的歌手！,1754474400,2209,208130286,大物是也,https://i0.hdslb.com/bfs/face/8a01e29bab16f51fb9c322804b4bf2508c3edbfd.jpg,2093838,"音乐分享官,综艺,唱歌,唱歌技巧,KTV,北大,麦霸,医生,音痴,十佳歌手",243185,4846,953,1606,4730,457,0,0,12420
BV1zQhjz6EsR,114966677951598,1,172,2079,手机游戏,其他游戏,http://i2.hdslb.com/bfs/archive/2e98503a5dce6f21449bbd6e3dd8d516871e3f87.jpg,《虚环》PV02丨21分钟实机演示,1754272800,1258,320070259,虚环,https://i1.hdslb.com/bfs/face/03a934aefe4d871e8b4bb50c45dabd7101e12cc9.jpg,350132,"虚拟偶像,手机游戏,游戏,养成游戏,策略游戏,动作战斗,实机,V圈,虚拟主播,Vtuber",13151823,125108,36226,77356,52927,155650,0,1,319775
BV1MttjzjEi7,114974110258388,1,172,2071,手机游戏,射击游戏,http://i2.hdslb.com/bfs/archive/22263c0ce949077276db966f17bc803de82908e0.jpg,无惧无畏，方显粑粑流无名的本色,1754367996,382,1809444890,三角洲-安澜,https://i2.hdslb.com/bfs/face/e714b2642ce045e441a21dd29e94a72d3f7f3f8e.jpg,297700,"搞笑,三角洲行动,单三猛攻,无名教学,幽默静步人,粑粑流无名,安澜三角洲,粑粑老祖,akm,三角洲攻略课堂",1383731,932,1663,7508,2016,1988,0,0,74732
BV1aXhHzLEvy,114952652261560,1,215,2152,美食记录,美食记录,http://i2.hdslb.com/bfs/archive/7927e7bdd62100c4965564ca219de6b755f145f9.jpg,家庭版豪华剩宴，带上米饭辣条和大大薯片狂欢不饿的一天～,1754038575,119,1201986019,留意炫饭吖,https://i1.hdslb.com/bfs/face/f4fa26aea4b9077bb23844ceb296e8736027b2fe.jpg,1449203,"辣条,薯片,Vlog,我的养娃心得",655274,561,401,3746,963,924,0,0,66448
BV1U4hAznEH2,114941126379120,1,218,2167,喵星人,猫,http://i2.hdslb.com/bfs/archive/681664bca5767f24eaa753ef127fbac28a87111c.jpg,一向叛逆的猪咪，为何铲屎官生娃后性情大变？,1754128800,191,15131634,海藻爱麻麻,https://i0.hdslb.com/bfs/face/af49632e118e898a6597da9eb85a061b2d8f1323.jpg,350156,"喵星人,a2奶粉,a2牛奶,萌猫和萌娃,a2至初,找回生命至初的微笑,猫陪孩子长大,牛奶,人类幼崽,闪闪的儿科医生3",1009963,548,901,7522,973,712,0,0,111709
BV1Q2tMzcEeg,114968355674527,1,229,2091,设计·创意,设计艺术,http://i1.hdslb.com/bfs/archive/d9110df6a6896d969420079a6efd7910a731e0ff.jpg,这样做logo设计更标准，ai软件里的路径生成器,1754278081,26,239014279,设计研究学习院,https://i1.hdslb.com/bfs/face/ef6e41af24eda449d19c49f7373887e98eb033b7.jpg,34526,"LOGO,设计,平面设计,AI,AI教程,视觉传达,LOGO设计,AI软件",1929268,215,659,2664,602,62,0,0,29927
BV1FUtnzEESw,114975217552697,1,85,2154,小剧场,剧情演绎,http://i0.hdslb.com/bfs/archive/f09d382effa488611edee4f87579127f04c339de.jpg,深度还原美容院老板娘,1754383132,109,519076715,我是钟美美-,https://i2.hdslb.com/bfs/face/4c2633ec6d471b3b5ae0fdddf498575280b172a3.jpg,306410,"搞笑,老板娘,深度还原",155963,161,340,796,610,279,0,0,17035
BV1Nd4ozxEBh,114977348259463,1,31,2020,翻唱,翻唱,http://i1.hdslb.com/bfs/archive/740c40734c030c332f46b866a75e6c7fb0623066.jpg,谁能想到这首歌十年后竟然又火了！,1754452500,275,37754047,咻咻满,https://i1.hdslb.com/bfs/face/1539ed33d13fcc6f085f61c634d9617814e187f0.jpg,2730146,"全能音乐挑战赛,流行音乐,古风,翻唱,汪苏泷,年轮,张碧晨",189442,604,1340,3155,6345,397,0,0,12286
BV1H3huzREqj,114963121183135,1,31,2020,翻唱,翻唱,http://i1.hdslb.com/bfs/archive/fd95c3c15067029f81700987fc0bc5cd3252442c.jpg,史上最难唱摇滚歌曲! 究极还原皇后乐队《Somebody to Love》,1754198247,295,1537334196,LD的声乐游乐场,https://i0.hdslb.com/bfs/face/828812002a2ea597e4773242eb2e8e1bee9ed395.jpg,521186,"4K,欧美音乐,吉他,皇后乐队,摇滚,波西米亚狂想曲,QUEEN,Bohemian Rhapsody,Hi-res,翻唱的N种打开方式",355843,1505,863,10444,18512,1626,0,0,37677
BV1hatnzFE51,114975670603803,1,172,2037,手机游戏,同人动画,http://i2.hdslb.com/bfs/archive/704d15e6f00313b6bffba9a7b7b2bc6358cbe43a.jpg,为了伊涅芙，这下不得不用雷主了~,1754389617,67,6662072,改良大蓝猫,https://i2.hdslb.com/bfs/face/4e7559167054a8238234267c2fe5e66adaa358f6.jpg,16387,"原神UP主激励计划,美少女,二次元,MMD,挪德卡莱,伊涅芙,空,荧,纳塔,原神",215985,353,339,13649,1230,426,0,0,35929
BV1phhHz8EPF,114952954187731,1,30,2022,VOCALOID·UTAU,VOCALOID,http://i0.hdslb.com/bfs/archive/7ef814b3a46b4555d1e3aec905bb622e4d4521ac.jpg,【初音ミク】いますぐ輪廻（即刻轮回）【なきそ】,1754043184,123,39873100,珠紫MuRaSaKi,https://i1.hdslb.com/bfs/face/c10d5bdf351c2eca4a5b57f48a506492a6a940d1.jpg,39004,"初音未来,VOCALOID,なきそ,いますぐ輪廻",1126663,5802,4602,77032,10939,13454,0,0,106756
BV116tFzAEmq,114979848064691,1,17,2078,单机游戏,沙盒类,http://i1.hdslb.com/bfs/archive/95ebe7bfd58644af5bb086829b4f24fcbc6afe0e.jpg,德水东站终于开通了，顺便从北站坐到东站看看[0806],1754453508,1401,2035635549,提蒸蟹,https://i0.hdslb.com/bfs/face/3c9e63d27810290f041902bdba774c78dfe0ec41.jpg,29945,"火车,高铁,铁道,mc,我我的世界,mtr模组,旅行攻略UP主激励计划",202312,630,277,6440,887,49,0,0,6228
BV1434RzmEp7,114977331484654,1,215,2150,美食记录,美食探店,http://i0.hdslb.com/bfs/archive/4e8b0c1bc0a3d56ab337e5e872850b38d7bf90d9.jpg,环游中国第五站，哈尔滨，我回来了,1754449200,281,1143898753,李哥我饿了,https://i1.hdslb.com/bfs/face/563e58401423f09d84c480c68324102d0cefd3b6.jpg,2084511,"吃货,种草,美食,旅行,vlog,舌尖真探事务所,环游中国,哈尔滨,户外,探店",239441,358,726,2180,1214,1768,0,0,23920
BV1sctnznE9r,114975737648411,1,65,2071,网络游戏,射击游戏,http://i0.hdslb.com/bfs/archive/5f81a2ab4e7c058059ae1f7f087fd214379a0cef.jpg,这刷圈太刺激啦！,1754390659,281,19738891,一米八的坤儿,https://i1.hdslb.com/bfs/face/4c048f7c8ddad5f0d157ac98781e6c5b8cb9515c.jpg,1516553,"射击游戏,FPS,绝地求生,2025鸡斯卡星火计划,吃鸡,PUBG",217319,817,372,507,712,269,0,0,12435
BV1YNhJzzEWt,114952601864362,1,218,2167,喵星人,猫,http://i1.hdslb.com/bfs/archive/554f496f922a28b78a701166d975e91368aef856.jpg,害，没点脑子真养不了这猫！,1754125800,242,538142100,圆圆的智子,https://i0.hdslb.com/bfs/face/16d4089d378a421d33bb56f7067727be0a992d7c.jpg,547754,"搞笑,原创,霍尼韦尔猫用净化器,霍哈宝,流浪猫,智商,美短,狸花猫,捡猫,萌宠UP主加更计划",781236,1169,926,15122,29448,1350,0,0,59254
BV1a5hHz3EAD,114953340067240,1,21,2122,日常,家居展示,http://i1.hdslb.com/bfs/archive/7ab945028658fef322bcb52ca668301f7cd4bee6.jpg,漂泊半生！既然成不了家，总得有个窝吧！,1754049706,127,1142330881,世栗,https://i1.hdslb.com/bfs/face/10cfad5cf68ca4bebc166cd71b9712d76317ca47.jpg,759,"生活记录,几万买房,终于有属于自己的家了,躺平,大龄单身",731844,482,2490,2103,1413,731,0,0,37519
BV1cytEzVEBg,114974496130707,1,65,2071,网络游戏,射击游戏,http://i2.hdslb.com/bfs/archive/0e1e225f5c753c7aa683ee8d7ff0203112dfdca3.jpg,【完结】花费2100w开航天所有房卡，看看最终能赚多少？,1754371796,502,283784134,斯达瑞-乔吉,https://i1.hdslb.com/bfs/face/6a5fe528ff57e9e7e98313966a5e2628ad73328c.jpg,50951,"三角洲行动,开卡,绝密,航天基地,三角洲破壁新赛季上线",312465,541,256,2446,1104,63,0,0,10139
BV1pYtAzvEhj,114982247203135,1,168,2037,国产原创相关,同人动画,http://i2.hdslb.com/bfs/archive/69dd55d0eed2e8295d17aba76f0197fb722da653.jpg,生命星球58 币的由来,1754526600,213,48875744,十里漫漫,https://i2.hdslb.com/bfs/face/3f3d730778883b34e49555ebb54fbecf08e3460c.jpg,272368,"动画短片,原创动画,科普,科幻,二次元,UP！原创动画",343415,399,290,9013,7822,96,0,0,20184
BV1gthNztEpy,114959195314380,1,65,2037,网络游戏,同人动画,http://i2.hdslb.com/bfs/archive/ce6120fa2d2a1f1f1f84b4e88c6eb1b2e0857eba.jpg,《我的总裁怎么这么难吃》,1754138348,169,3493268906052571,XA小业专,https://i1.hdslb.com/bfs/face/67fbf0759ac8549310f7e3976f97ef896eda14eb.jpg,203902,"三角洲行动,三角洲破壁新赛季上线",657514,283,333,8834,642,214,0,0,32449
BV1wGhpzaEi4,114954648686323,1,138,2154,搞笑,剧情演绎,http://i2.hdslb.com/bfs/archive/f7ea7e23b2d4221c32ebd2b0f60d5e46f97d5ed5.jpg,当公司禁止喝蜜雪■■后，我顶风作案！,1754125200,151,35888636,养胃的霖冬,https://i2.hdslb.com/bfs/face/46c1a8f12b03ddc89fc6b37d5e11e66e31d57625.jpg,834278,"搞笑,脑洞,高能,搞笑小剧场,雀巢工作室,东方明珠,沙雕,手偶剧,蜜雪冰城",1264519,803,897,26714,42621,784,0,71,112246
BV1EN4dzrErU,114976677235788,1,138,2154,搞笑,剧情演绎,http://i0.hdslb.com/bfs/archive/3d5a889d2ba9154655fb9e80ea98b1cbe755fccb.jpg,当小小人玩cosplay,1754405033,66,595646,菇菇米_Gugumi,https://i2.hdslb.com/bfs/face/29e7293d5523401bd60cfb037036c38936bbc345.jpg,290230,"搞笑,生活记录,创意,娱乐,小小人,搞笑研究所",365941,144,153,1037,664,136,0,0,36663
BV18mtJzFEzd,114976157077437,1,138,2154,搞笑,剧情演绎,http://i2.hdslb.com/bfs/archive/633578d8c8b9239ffbb33f85b793cc304e515629.jpg,与时间赛跑的人,1754397472,185,1548805549,甜蜜老张,https://i1.hdslb.com/bfs/face/8e1b3812f8c0c20b5d2ef1bb3a332077b5c951bc.jpg,1474335,搞笑研究所,375375,317,277,2807,1050,424,0,0,34830
BV1JUtuzUEaq,114969613962405,1,242,2078,娱乐粉丝创作,沙盒类,http://i0.hdslb.com/bfs/archive/837493c5ac65e8e0e08ac8e12693cb095d44427a.jpg,餐厅偶遇古战场  密密麻麻多如牛毛  拼尽全力将其清理,1754297318,156,1435648641,群星_Stars,https://i0.hdslb.com/bfs/face/f3e69e978ce9b8b866464c3fa81fec0255bc77ba.jpg,1589,"培根头,抽象,燃尽,沙雕,餐厅,肝,拼尽全力,喝饮料,counting stars,roblox",342658,4403,1186,8326,602,1121,0,0,31623
BV13JtjzQE3v,114973858596407,1,130,2024,音乐综合,电台·歌单,http://i0.hdslb.com/bfs/archive/d2953d58b692e218813cc87b697126b8f6cd5d59.jpg,《灵笼》第二季片尾曲「第一推动力」百万级录音棚试听,1754384400,210,3493082817366845,JLRS-jayfm,https://i2.hdslb.com/bfs/face/0da24ae60a20f0f00855a534678864d095d0e900.jpg,2012000,"动画,电台,片尾曲,第一推动力,灵笼2,第二季,录音棚,王啸坤,灵笼,电台新星征集令",164897,307,964,5594,3187,621,0,0,10189
BV1sPhuz8Eqf,114963205063026,1,126,2063,人力VOCALOID,鬼畜综合,http://i1.hdslb.com/bfs/archive/f5b863f13a5d2c0e8dc6e57aa927fcd573b9ec47.jpg,被这卖车的主播笑死,1754199572,83,7275647,碧天蓝钻,https://i2.hdslb.com/bfs/face/ce1595b2d2bb472bb1f5437e49cb6a2415a44147.webp,1082476,"鬼畜调教,奇葩,直播,高能,搞笑,小仙女,主播,带货,黄绿合战10th-黄队应援",652220,281,304,2573,542,418,0,0,19652
BV1HQtFzdEsi,114979982415884,1,65,2078,网络游戏,沙盒类,http://i0.hdslb.com/bfs/archive/427a086d97d0539ea3e7de55a4668eae828469e1.jpg,《 万 泉 部 诗 人 2.0 》,1754455519,522,75480955,念熙阿,https://i1.hdslb.com/bfs/face/c054ef8bd21efb38f8d6cc78fd8e7135c4b996a8.jpg,982056,"沙盒游戏,我的世界,搞笑,minecraft,念熙,沙雕,联动,整点电子榨菜",120880,350,342,1328,2400,182,0,0,13829
BV1cyhNz2E6D,114959279195480,1,161,2148,手工,其他手工,http://i1.hdslb.com/bfs/archive/ebfc3fb1e9985d338e29ebb263306a4c6c775393.jpg,哪来的西瓜，这么小,1754139576,73,10790709,梧萌,http://i0.hdslb.com/bfs/face/bb527ee8ea60a93540f1394548dc0d2ebc2b8059.jpg,639465,"西瓜,水果,我的手工真的很解压",1466295,432,614,3602,1494,551,0,0,49912
BV1rRtwzhEtJ,114980787585290,1,21,2040,日常,二次元线下,http://i2.hdslb.com/bfs/archive/78f554b4c28d82ed16080868f55b0dd047870bbb.jpg,和老公在CJ大战，我只能说技术还得再练练,1754471774,270,8993635,一只树奈奈啊,https://i1.hdslb.com/bfs/face/c6dccdfc7812a2f3d1f9133252dd9e57910511d0.jpg,560508,"情侣,搞笑,游戏,LOL,英雄联盟,美女,符文战场：英雄联盟对战卡牌,卡牌,CJ漫展,符文战场",327241,1965,207,3861,1518,1085,0,0,19961
BV1pPtnzEEGi,114975771198872,1,247,2108,新能源车,汽车生活,http://i1.hdslb.com/bfs/archive/9261aff8e1668c124c50c1ebc42dc325855dea44.jpg,【雷军】12分钟 小米YU7能充多少电？,1754391380,67,646730844,雷军,https://i0.hdslb.com/bfs/face/5d26a50ea0a23493a94d72e578e4f73e60af4aad.jpg,5708597,"雷军,小米,和雷军一起聊车,充电",518584,437,2253,803,681,430,0,0,22982
BV1uahTzYEdt,114962064219312,1,171,2071,电子竞技,射击游戏,http://i0.hdslb.com/bfs/archive/75a042e1ef40a670ebc7c64539596c63ad7fb517.jpg,逃   学   威   龙,1754182130,187,193563477,轮回丶Hui,https://i0.hdslb.com/bfs/face/acf758aa01aff3ba3fd69cbfc652242c75ff7d5a.jpg,4989,"得吃,三角洲行动,零号大坝,猛攻,深蓝,老鼠,鼠鼠,跑刀,三角洲,夺舍流",623539,547,1209,9482,1787,4039,0,0,57316
BV1R9h5zhEme,114965822376682,1,154,2031,舞蹈综合,明星舞蹈,http://i1.hdslb.com/bfs/archive/0ff30fd1268e40dad506dc4464bfb197fdd02e30.jpg,完美的仿生机械姬,1754239554,181,1654206116,宸宸不会跳舞,https://i2.hdslb.com/bfs/face/eced0b1b5c027b2d7fbe0f17b0bb339cf8a20c26.jpg,8457,"翻跳,kpop,dirtywork,aespa,金玟庭,舞蹈翻跳,直拍,winter,蓝发,和aespa一起Do Dirty Work",202222,130,333,5861,1259,546,0,0,35553
BV1fGh8zyEuj,114958574619885,1,21,2153,日常,美食综合,http://i1.hdslb.com/bfs/archive/45d53f303ee32984aa2af0312edddb998995a850.jpg,蜜瓜下坡,1754129106,71,3493284026518404,锋利帝,https://i0.hdslb.com/bfs/face/9ae02dcb24397ec7da11792236240c8dbdcd5cb7.jpg,528014,"厨房,解压,磨刀,哈密瓜,厨刀,老利",1200644,10817,409,2473,556,161,0,0,49025
BV1SGtgzAEh8,114969295324730,1,171,2070,电子竞技,MOBA游戏,http://i1.hdslb.com/bfs/archive/10e170777b577b3379926d611ed071e7a128534e.jpg,学会四天上荣耀！顶级猴子打刘备思路教学！,1754292389,455,18909338,奥特曼zz国一刘备凯,https://i2.hdslb.com/bfs/face/c5e62cfe9d8b0ec7fcba4574fcf4e352d14f4b39.jpg,373618,"孙悟空,王者荣耀,王者荣耀夏日盛典,奥特曼zz,刘备猴子,猴子刘备,猴子打刘备,MOBA,王者荣耀猴子,猴子教学",1099987,513,264,8132,3360,71,0,0,32617
BV1u8tnzhES2,114975687314378,1,256,2112,短片,护肤,http://i0.hdslb.com/bfs/archive/8339520fd3196a41f436a8a4f182dff87cfe6e70.jpg,这脸上都有啥，姊妹坐，唠嗑,1754390173,962,131739734,你的陈星越,https://i2.hdslb.com/bfs/face/f4c8c55e49414d660dadcaf2c37f312b036f65b9.jpg,669469,"唠嗑,分享,日常分享",407351,1478,1697,4422,3493,2069,0,0,50286
BV1odtnzkEtF,114975402100793,1,172,2064,手机游戏,单人RPG游戏,http://i2.hdslb.com/bfs/archive/2d6ca654ada05b022a829947d3041281b51d23b1.jpg,《崩坏：星穹铁道》走近星穹——「海瑟音：骑士肚里能撑船」,1754452800,552,1340190821,崩坏星穹铁道,https://i2.hdslb.com/bfs/face/57b6e8c16b909a49bfc8d8394d946f908cabe728.jpg,11440762,"崩坏：星穹铁道,崩坏星穹铁道,走近星穹,海瑟音,崩坏星穹铁道海瑟音,英雄未死之前,米哈游,miHoYo",1297563,21728,7874,14516,17779,6499,0,32,123099
BV1ATtwzeEkN,114981307681928,1,138,2037,搞笑,同人动画,http://i2.hdslb.com/bfs/archive/f1ada7ef3263c65876778da5b3a05f8cbfeea344.jpg,我爸：成绩真的这么重要吗？,1754475711,374,3537117076523810,电子小丑鱼,https://i2.hdslb.com/bfs/face/2e940bf5e06f49ba81e5337f057cb3cf25fd7750.jpg,420327,"原创动画,考试,原创,吐槽,成绩,父母,爸爸,学生,父女日常,校园小剧场",237277,266,254,5028,1517,254,0,0,12049
BV1batuz8E1V,114967919467798,1,252,2048,仿妆cos,特摄,http://i0.hdslb.com/bfs/archive/c8f541a495e193372db7f01185a85b1da52b7c49.jpg,反派黑狐让我来演一集吧(>﹏<),1754271382,21,1542285555,电子猫头鹰_,https://i0.hdslb.com/bfs/face/006d2ad2571e33d79e888c3dd0d807a8602ae837.jpg,55417,"反派,假面骑士,卡面来打,黑狐,特摄剧,长发男生,假面骑士极狐",534302,250,1432,18365,1747,6399,0,0,100185
BV1ud81zqE4W,114948004910116,1,250,2158,出行,旅游记录,http://i2.hdslb.com/bfs/archive/712b71a2bfe24380e35dfc740f52ef95cf6a4301.jpg,我真没偷渡！船是自己漂过去的！,1754389800,729,1837252267,虎牙青年Plus,https://i1.hdslb.com/bfs/face/eb332010521dffc55e69f81a5ff5b9eba8870478.jpg,724789,"旅游,越南,自驾游,边境,广西,环游中国,瀑布,崇左,友谊关,旅行攻略UP主激励计划",1793272,2478,766,9426,3380,815,0,0,31021
BV1MEhhz8Eet,114958188682054,1,172,2076,手机游戏,女性向游戏,http://i2.hdslb.com/bfs/archive/148a459cad7ddf8fc98eb3d265ff4161176601e9.jpg,【微恐慎入】立志当闪暖掉san界的扛把子！,1754122886,60,383005967,可以阜吾民之财兮,https://i2.hdslb.com/bfs/face/5cf6fb05e814b04dd98470d2db03553163614e57.jpg,8009,"恐怖,闪耀暖暖,闪耀暖暖二创,闪耀暖暖六周年,闪耀暖暖玩家共创,闪耀暖暖神仙打架,胆小慎入,微恐慎入",734544,143,246,8381,1405,639,0,0,91554
BV1CDtwzPEvj,114980569481607,1,172,2077,手机游戏,休闲/小游戏,http://i2.hdslb.com/bfs/archive/1fdce5b90b4df00dab3f5b9a50697a222f099806.jpg,蛋仔派对：盘点蛋仔史上最大规模的封号事件！主播账号被永久封禁？巅峰时停代码？,1754472000,203,241199113,僵尸教授-,https://i1.hdslb.com/bfs/face/30a78bf8e40484e47e8e22a99aa8ec896b3da347.jpg,896501,"超燃竞技场,蛋仔派对新皮肤,无敌凤凰蛋,蛋仔派对发起人,蛋仔自习室,蛋仔奇思妙想计划,逃出惊魂夜,蛋仔派对",232295,477,567,4151,740,95,0,0,7429
BV1tf4fzwEin,114980301117205,1,182,2001,影视杂谈,影视解读,http://i1.hdslb.com/bfs/archive/b01abecd6ca35448578b31ce856abab05400ae20.jpg,被狂喷仍有8.0高分，最爽二战坦克题材电影+最帅皮特，万字拆解《狂怒》,1754474400,4251,942755,迷影至下Filmlast,https://i2.hdslb.com/bfs/face/f67d68fb42cf550e624e5db4730388bb5c7eeb56.jpg,2088105,"二战,布拉德皮特,坦克,战争片,狂怒,虎式坦克,纳粹,盟军,谢尔曼坦克,万字拉片大赛",431153,4684,1061,9182,9603,609,0,0,23630
BV1am8CzNEtf,114947266778880,1,17,2079,单机游戏,其他游戏,http://i2.hdslb.com/bfs/archive/034d1980b2f04dfaae36588dcb3afca637662f46.jpg,现实主题恐怖游戏，赌博是如何摧毁一个家庭的？,1754019000,4397,562197,中国BOY超级大猩猩,https://i0.hdslb.com/bfs/face/ffb50dd4e712386eb888030ebc6f4aea3a65cd8e.jpg,10536423,"游戏,游戏实况,恐怖,惊悚,steam,模拟恐怖,Pikabuu:Stop,现实,赌狗,推荐宝藏游戏",1208510,28546,3155,24047,51998,3799,0,76,83959
BV1unt5zVEPK,114970939360289,1,122,2196,野生技能协会,职业vlog,http://i2.hdslb.com/bfs/archive/9f57294c3fa72f1e38000e5de361c6207b24aee2.jpg,第一次出门摆摊，免费维修小家电，竟然还挺受欢迎的,1754321006,1155,397526548,技术小杭,https://i1.hdslb.com/bfs/face/a12befc71b047f1b45ae32eeebc46cf1e40dc888.jpg,32723,"公益,经验分享,维修,小家电",2378931,11783,7843,18280,137308,3061,0,4,168189
BV1c382z4ESL,114947770032104,1,29,2063,音乐现场,鬼畜综合,http://i1.hdslb.com/bfs/archive/838408d00b7880f63aa9c20fce555f813669290a.jpg,豫剧:《杰克逊娶妻》,1753964071,68,3461565288286498,小付同学t,https://i1.hdslb.com/bfs/face/3e948382a80cb04a08af921908641f48b7241243.jpg,43944,"万恶之源,豫剧,迈克尔杰克逊,搞笑,河南,杰克逊,剪辑视频,上头了",261677,636,7,6885,2249,7883,0,0,45295
BV1RYtPzWEHY,114981861332469,1,21,2128,日常,健身科普,http://i0.hdslb.com/bfs/archive/851da443cd51071f2e1f954449f9c084ca756425.jpg,体脂率和性欲的关系,1754484569,325,1024129080,烧毁一切就是美,https://i0.hdslb.com/bfs/face/357c617307c5e04e065618aa2839f103a7b3a8f4.jpg,574207,"减肥,科普,健康,健身,肌肉,两性,增肌,体脂率,必剪创作,减肥人的vlog",403308,506,1943,3419,1117,1788,0,0,9758
BV1z9tFzWEJy,114979965505202,1,28,2016,原创音乐,原创音乐,http://i2.hdslb.com/bfs/archive/21c8db8fb5969497470b439a8dd0df8dbf330ec5.jpg,Bsh1《比过秃子》把我放在广顺肯定比过秃子,1754478000,161,431280811,Bsh-1,https://i1.hdslb.com/bfs/face/122d5e23bb1bbd19f851cbbd0bea549335e12308.jpg,20385,"说唱,音乐,Bsh,嘻哈,中文说唱,新歌上线",84605,839,838,1225,2440,1919,0,0,6053
BV1bbhNzoEDa,114959111494906,1,138,2044,搞笑,动画配音,http://i2.hdslb.com/bfs/archive/498dece17fa2013828ff48545898fff969757b81.jpg,晌午饭（太原方言）,1754137120,227,382980596,侯英俊,https://i2.hdslb.com/bfs/face/46d894dc9f91b4e737c9cd6370fbb236e88e0015.jpg,79306,"方言,太原方言,侯英俊,动画种草激励计划,午餐,山西,方言配音,Vlog,小猪佩奇",223475,419,772,6257,2328,2180,0,0,10840
BV1kEhPzyErS,114959950285319,1,253,2042,动漫杂谈,动漫评论,http://i0.hdslb.com/bfs/archive/350865c6dec38af0f50bd4026478db33d4684a15.jpg,我算出了《哪吒2》捕妖队有多少人？b站第一人,1754149866,150,13279707,最上川下山,https://i0.hdslb.com/bfs/face/0dfaedc098165ff856f35ee366e6838982cf5412.jpg,2166744,"电影,哪吒2,国漫,哪吒,魔童闹海",7000883,1547,3683,33642,6634,2709,0,19,153222
BV1MktizBEAm,114985099397935,1,250,2158,出行,旅游记录,http://i1.hdslb.com/bfs/archive/b4b25fa5aa21955820969dcba928bc97cb5ad81d.jpg,挑战在缅甸最大贫民窟生活24小时，这里的生活环境让人吃惊,1754537901,631,4249401,20岁了还没去过星巴克,https://i0.hdslb.com/bfs/face/f414404c2722feea44a6c1fbf404c818f09b7649.jpg,1050041,"社会观察局,生活记录,旅游,旅行,缅甸,记录,仰光",34787,372,373,737,2670,173,0,0,3908
BV18phWzCEV7,114953809828668,1,47,2037,同人·手书,同人动画,http://i2.hdslb.com/bfs/archive/5977893ebfad1fb0b055c5cae962d71659410994.jpg,【大鸣王潮1566】主教菲比，发发慈悲,1754056216,210,293187959,寞桀緣才,https://i2.hdslb.com/bfs/face/6b4baaf04d1ba4f5e36368c14a3315833b54e481.jpg,807888,"手书,鸣潮创作激励计划,小剧场,鸣潮",711178,6474,2197,8059,22490,2229,0,0,78479
BV1prhxzuEtq,114956930390713,4,172,2064,手机游戏,单人RPG游戏,http://i1.hdslb.com/bfs/archive/4a869ab37eb8f7cc2337f8932fa62ca724e0bcbe.jpg,《绝区零》爱丽丝角色展示 | 剑与华尔兹,1754107200,533,1636034895,绝区零,https://i0.hdslb.com/bfs/face/f013e3aacdc4e3254a476648e1cec3f39b7df097.jpg,7531363,"ARPG,PC,手游,绝区零2.1,绝区零爱丽丝,迟吟的浪涌,动作游戏,角色展示,米哈游,绝区零",2764950,21320,8898,37067,59031,17106,0,11,213710
BV1sTh3zKE3T,114964010372222,1,65,2071,网络游戏,射击游戏,http://i0.hdslb.com/bfs/archive/991a4960b5f434da229910e47626a65ed9f932dd.jpg,在绝密开106万的3号宿舍里屋！爆率究竟会怎样？,1754217000,246,3546750042245900,哈基蜂三角洲行动,https://i2.hdslb.com/bfs/face/f20c71ccb26233cd9588b5f29668aae135bca9f4.jpg,165194,"转转回收,三角洲行动,转转,三角洲破壁新赛季上线",743836,2469,416,9639,550,78,0,0,20425
BV14vh8zfERD,114958390004824,1,171,2071,电子竞技,射击游戏,http://i1.hdslb.com/bfs/archive/dfcce97ea3db38ff9335da9564898a2453f2b0ee.jpg,我们削弱了ai——三角洲行动,1754126043,12,613878426,所有游戏10一小时蛋蛋,https://i0.hdslb.com/bfs/face/b569ca7fa90055f13fc27a9bca979ab386272cd9.jpg,427,"第一视角,下饭,玩家,沙雕,三角洲",718837,305,890,13530,626,8878,0,0,55195
BV1MVtgzaEc3,114969345526998,1,21,2088,日常,社会观察,http://i0.hdslb.com/bfs/archive/1f3927c887ffcc5927fbf1b642a0a255669f96fc.jpg,被网暴了，平台不管？……试试这个！,1754293624,145,1988929420,侃木头哦,https://i1.hdslb.com/bfs/face/e73f946a5712e9a9fd92a82bb8f6c06e234f1bd6.jpg,2167820,"成长必修课,清朗行动,网络暴力,网络安全,维护权利,网络霸凌,个人成长,12377,被网暴了",1645422,714,3192,211096,37965,5612,0,1,363326
BV1Eah7zVEw1,114951544901275,1,47,2020,同人·手书,翻唱,http://i1.hdslb.com/bfs/archive/c4f7c7b7cbdbd5184956b6aa14cacf43d8e45434.jpg,-.- --- -.- --- .-. --- .-- --- -.- ..- -.. .- ... .- ..,1754042400,112,1708648214,bili_47477328786,https://i2.hdslb.com/bfs/face/d510af1f09cd0a3cb496e2e8b08d27a56c8f106d.jpg,160276,"女声,日语,翻唱,可爱,原口沙輔,ハート111,Heart111,yuri,ゆーり",1628155,204,1493,38616,8312,2265,0,0,177582
BV1744RzqEka,114976828164982,1,218,2167,喵星人,猫,http://i0.hdslb.com/bfs/archive/650747e3a5749141545b9a783b59f5f783216d6e.jpg,养了快三年的痴呆小猫，我妈说他是演的，一到吃饭智商狂飙180,1754407441,339,6193241,爱赖床的图图,https://i2.hdslb.com/bfs/face/42e4ceaf6418b086143d91a7ad9ae9ace5f816f0.jpg,333162,"铲屎官,喵星人,搞笑,饭桶小猫,狸花猫,田园猫,云吸猫,必剪创作,萌宠UP主加更计划",303947,406,297,888,952,111,0,0,8196
BV1E4hVzcEJq,114964966676665,1,22,2063,鬼畜调教,鬼畜综合,http://i1.hdslb.com/bfs/archive/4d2fcc3ad2b6f7117c6d6c982d0d3efa64d42dea.jpg,⚡灵感菇溜大了⚡,1754279700,117,2283296,小猪P_,https://i2.hdslb.com/bfs/face/e3cd0e238b61cb1c23ffae2f7f99fcc59818cf68.jpg,665367,"鬼畜,黄绿合战,MyGO,Ave Mujica,黄绿合战10th,爱音,咕咕嘎嘎,黄绿合战10th-黄队应援",225285,387,1521,8274,4437,6330,0,0,29458
BV1W2h8zHEeB,114958541003336,1,212,2150,美食侦探,美食探店,http://i2.hdslb.com/bfs/archive/755a25881649b5bd8ccde56e61608c9270320f73.jpg,日本超相扑尺寸饭！普通人来挑战到底能吃完吗？,1754130926,603,405279279,平平出击,https://i0.hdslb.com/bfs/face/87bbab304eff564ec50d999f4c163f2ab225b896.jpg,771887,"日本料理,吃货,烧烤,自助餐,4K,平平出击,记录我的美食日常,挑战,沙雕,探店",726083,2196,845,3128,13673,835,0,0,37197
BV1Ud81zqEZQ,114948005044197,1,171,2207,电子竞技,随拍·综合,http://i1.hdslb.com/bfs/archive/87125ef318ae6ec3c94910be98db4a2df00b1051.jpg,惩戒关羽终于拯救了队友！苏打锋,1753970880,196,39560763,Study苏打锋,https://i0.hdslb.com/bfs/face/c0f969795d667f5ccd6ef85ef0b886190629a2f3.jpg,844032,"电子竞技,NBA,鬼畜,王者荣耀,惩戒关羽,苏打锋关羽,蜀国人关羽,关羽,MOBA,苏打锋",1207493,470,650,5466,3281,967,0,0,73414
BV1L6hJz1EUr,114952283098945,1,172,2064,手机游戏,单人RPG游戏,http://i1.hdslb.com/bfs/archive/6810d85608746f3ab75e6d692dcbe75fa07dabe1.jpg,《蔚蓝档案》特别PV【清辉遍洒，她的独奏曲】,1754190000,110,3493265644980448,蔚蓝档案,https://i1.hdslb.com/bfs/face/f2635e09fe667d4ad29229c6ed0b5f4bdea09bd1.jpg,2877385,"蔚蓝档案,蔚蓝档案二周年,日奈",965638,22670,2692,26299,24649,6663,0,0,68614
BV1TAhpzBEKq,114952803190895,1,138,2073,搞笑,动作竞技游戏,http://i1.hdslb.com/bfs/archive/8978abe6f5fe7aaca3027e88dec6d1e13d6d8383.jpg,“原神在他面前像个新兵蛋子”,1754040887,142,266017110,二三哥哥鸭,https://i0.hdslb.com/bfs/face/a33dc74f41771e5af4084eb313f1e224a373d19f.jpg,1051895,"氪金,王者,原神",726974,1019,2624,3457,612,2003,0,0,77407
BV1FztGzWEGc,114969832265002,1,76,2152,美食制作,美食记录,http://i2.hdslb.com/bfs/archive/6499bd3c88a9391d7b75e4a317bca747fed93a09.jpg,这才是正儿八经烤羊腿！生活不就是靠这些美食小碎片聚集而成的吗？列气！,1754300621,344,3461567196694763,队长0527,https://i2.hdslb.com/bfs/face/aab34fc302ea7c169ea07074beaa89de2e96e8c7.jpg,805977,"吃货,治愈,烧烤,美食,生活,夏天,冰镇啤酒烧烤,人间烟火,Vlog,B站超高清视频计划",526085,13606,823,4268,2014,902,0,0,43398
BV1ofhEzCEZE,114952400607365,1,17,2171,单机游戏,动物综合·二创,http://i2.hdslb.com/bfs/archive/a1280bc71174507d3dd028151c25f4c6099f583b.jpg,我是为奶奶分担家务的好猫！,1754380800,248,14576879,里昂聊游戏,https://i2.hdslb.com/bfs/face/5a5d2e7392187a3d76109619d05f7c011c724b95.jpg,1713234,"云鲸洗地机,云鲸轻集污洗地机,云鲸S3Island,云鲸AI免维护洗地机,内向,文静,整点电子榨菜",2608506,1842,381,40028,3458,399,0,39,65169
BV1AmhuzcEyN,114963003740044,1,176,2106,汽车生活,汽车测评,http://i0.hdslb.com/bfs/archive/01c2a8f536cad21f764950623e64aaaccd2829d0.jpg,便宜但丑！宝马5系大甩卖？,1754280300,391,70783742,几分钟义务教室,https://i2.hdslb.com/bfs/face/56946cef0cb1a80f91414a2940a40cc61e2fa3b1.jpg,1040680,"宝马,奥迪,测评,奔驰,薇姿绿标,选车,BBA,宝马5系,薇姿洗发水,阿B车友俱乐部",409428,1644,1183,1225,3498,453,0,0,12058
BV1nRt3zpEa3,114970587043226,1,253,2042,动漫杂谈,动漫评论,http://i2.hdslb.com/bfs/archive/d9101238e809990ac0cd1846177a0b716806aa03.jpg,喜羊羊和熊出没，谁更能代表国产动画？,1754366400,796,293673997,二啦不二,https://i1.hdslb.com/bfs/face/0ddccafdd0d3a7c33541bf6a917f1f3892aec5b7.jpg,150826,"动漫杂谈,喜羊羊与灰太狼,动漫二创,熊出没之重启未来,赵琳的探险日记2,羊村守护者11狂野新宇宙,熊出没,逆转时空,喜羊羊与灰太狼之羊村守护者,bilibili次元论战",609749,5305,3471,10717,10603,333,0,0,19982
BV1TzhuziEeF,114962886298293,1,138,2020,搞笑,翻唱,http://i2.hdslb.com/bfs/archive/edb678664371c8e6adab8253dfe537665dc051b4.jpg,oh～一个劲的叭叭～,1754194669,17,477676711,田一名sir,https://i1.hdslb.com/bfs/face/4e30dae85d2e529924322aa328b20ee0e98427e1.jpg,1642352,"音乐,翻唱,美美桑内,翻唱的N种打开方式",566106,673,3792,2212,1111,9220,0,0,40923
BV1zhhKz5ESY,114960856260211,1,65,2071,网络游戏,射击游戏,http://i2.hdslb.com/bfs/archive/fdda574b40aaa265563e3280835731f9a269076b.jpg,挑战不出海洋之泪不结束（五）单局两颗非心能抵海泪吗,1754194500,1086,3461572586375762,小里电竞,https://i2.hdslb.com/bfs/face/9ea49de53aec6e12c011ccdb30f0611b44e4bdf7.jpg,187997,"三角洲行动,三角洲新年爽玩攻略,三角洲新年整新活,三角洲行动建模大师,三角洲破壁新赛季上线",775113,8458,992,8441,2692,801,0,0,54110
BV1o7h8z3ECF,114958591395187,1,184,2001,预告·资讯,影视解读,http://i1.hdslb.com/bfs/archive/cacb4a25f72af521542b812f3152fc43fed290f2.jpg,团长原型！抗战短片《松山之殇》讲述了什么？,1754129081,105,217841218,火叁轮映画,https://i1.hdslb.com/bfs/face/61f480a3ff991942fa08440136c9b7f291b7bcf7.jpg,4708,"二战,历史,人物,松山之殇,战地5,中国远征军,我的团长,松山战役",177266,128,473,3758,8656,231,0,0,53247
BV19btwzEEpT,114980871472440,1,76,2153,美食制作,美食综合,http://i0.hdslb.com/bfs/archive/14bbbac203785ae8b2924acebce8691829bc12d9.jpg,专业厨师带你细看《一饭封神》第一期（入围赛）,1754476122,4920,440242122,西厨李狗蛋,https://i0.hdslb.com/bfs/face/25f623e717f87e0a1da9fc20036ad2997e75594a.jpg,209930,"搞笑,娱乐,综艺,美食节目,美食,一饭封神,谢霆锋,惠灵顿牛排,九转大肠,一饭封神申请出战",64011,1704,550,818,1525,215,0,0,2665
BV1UctwzBEih,114981106489179,1,65,2071,网络游戏,射击游戏,http://i2.hdslb.com/bfs/archive/677f0fd29b9185cc3bea23d3c7d0b51588a91237.jpg,Brollan控图假打搜肠刮肚，绿龙从容应对黏住比赛。IEM科隆总决赛spirit三比零Mouz。【CS2赛事复盘】,1754473011,2509,2996165,永冻冰墙-CS2,https://i2.hdslb.com/bfs/face/4f9e48292ee506e71b9f8bec9afc497a117ba4ca.jpg,143435,"CS,比赛,科隆,CS2,spirit,Mouz,chopper,Brollan,2025IEM科隆",47456,444,241,678,1785,122,0,0,2851
BV1ugtgzeE6S,114969311973321,1,137,2014,明星综合,娱乐综艺正片,http://i2.hdslb.com/bfs/archive/3f174cc170d4c0689f50825dfd02a34b81601537.jpg,【TF家族练习生】《肆意时光簿》EP05,1754305200,759,3670216,TF家族,https://i1.hdslb.com/bfs/face/1c74336b9060d40d0ccf5e8bce7c0de34526b1e3.jpg,6941370,"TF家族练习生,肆意少年突围",979325,272885,5291,13553,4526,736,0,0,41690
BV1PLtKzyEwL,114982951847392,1,21,2167,日常,猫,http://i0.hdslb.com/bfs/archive/baf8676aed5cc0564d37f5e21f09b8a4637e0329.jpg,比死神先来的，是一位卧推110KG的肌肉男。,1754500989,157,15101342,尼克你渴,https://i2.hdslb.com/bfs/face/31db24e8d3db1d7873d8f834de62eabc3f36ced5.jpg,3232,"猫猫,健身,卧推,动物救助,肌肉男,自律,流浪猫,胸肌,肌肉,萌宠过暑假",212820,250,836,1157,1931,496,0,0,22295
BV1D34fzPEEB,114978740836438,1,47,2050,同人·手书,漫画·动态漫,http://i0.hdslb.com/bfs/archive/4490e403aab882db92c86650330c79981ef09fe3.jpg,【oc日常】第三日，你正在被安抚,1754436641,142,14500193,阿挠挠,https://i2.hdslb.com/bfs/face/5fffb42004e372134eaf40ba2aeb94fb1bc03ee3.jpg,770107,"绘画,原创,画师激励计划,OC",312360,1053,1580,16237,13698,1030,0,0,89786
BV1wMhnz4EU1,114951645564529,1,253,2042,动漫杂谈,动漫评论,http://i2.hdslb.com/bfs/archive/cab37f149e74b1f2769fb5ba662eaa12f95dbdbf.jpg,辣眼又逆天，彻底阴没边，3D大烂片--锁龙谷【周余】,1754043000,395,237844904,不知所措的周余,https://i2.hdslb.com/bfs/face/dcdc675c38d8e9daa36623f18c3a9c61aae27c9e.jpg,991787,"动漫杂谈,搞笑,童年阴影,动画,3D,国产动画,吐槽,学动画三年,烂片,锁龙谷",397662,1287,485,9117,1747,311,0,0,18348
BV1mt4dzRE1V,114976425511022,1,21,2166,日常,农村生活,http://i2.hdslb.com/bfs/archive/440263d9862fd514904a12bbbbee94054c2d4ab2.jpg,哔站的币本不值钱，但投的人多了，它就变成肉包了,1754402286,286,441872026,健人鑫,https://i1.hdslb.com/bfs/face/b90967318b6883fd2d43c9b0ee1c7b3d2c5fc62b.jpg,474032,"治愈,风景,生活记录,记录,出行,慢生活",141668,295,373,1922,33838,185,0,0,29461
BV1ZLtFzJE5n,114980116499731,1,21,2154,日常,剧情演绎,http://i1.hdslb.com/bfs/archive/1bfaf92254a25daabd8750c8bc3a778eded3082d.jpg,我是apple！apple（怒）,1754457959,167,1443546125,阿玉老贼,https://i2.hdslb.com/bfs/face/c03cf386a8e76ac1d3060796d343b4cc829f2f93.jpg,244653,搞笑小剧场,167219,9423,536,1614,767,439,0,0,29053
BV1BshVzaE8A,114964983515674,1,26,2063,音MAD,鬼畜综合,http://i1.hdslb.com/bfs/archive/debbdd4875422e319e90aa5b6cfeb5168d1c3199.jpg,【音mad】伪物,1754226492,106,628012348,捧读魔术师,https://i1.hdslb.com/bfs/face/8d698b0c3e7b2b90c11f15cb2acb55f763c8dd7f.jpg,2039,"音MAD,フォニイ,phony,模拟恐怖,曼德拉记录,模拟搞笑,伪人",1087202,1350,872,21093,5931,2123,0,0,100767
BV1tCtLzjE6M,114972382202929,1,138,2155,搞笑,语言类小剧场,http://i1.hdslb.com/bfs/archive/807b983e070be382f516f9a16e6e56cc45a42c92.jpg,《真正の魔丸》,1754366400,106,3493260618106936,伤心欲茄222,https://i1.hdslb.com/bfs/face/1f0cb64d9b62da7db7e6e020b78b6872dbffe55c.jpg,3278177,"搞笑,八嘎,配音小剧场",1718816,1945,2502,10254,3758,6537,0,50,176082
BV1pSt3zdE1g,114970368939761,1,65,2071,网络游戏,射击游戏,http://i0.hdslb.com/bfs/archive/3faac1cb455ff786ff3e9d4634995b0a23ceb543.jpg,今天咱就踏平航天！要么被航天踏平.....,1754309119,352,532249763,永远妖妖-三角洲行动,https://i2.hdslb.com/bfs/face/534ad488a182cfb90ecb6afa72432d8ebc3f6f71.jpg,65826,"三角洲行动,永远妖妖",297514,412,437,3758,529,81,0,0,27805
BV1bphWzCESh,114953809829477,1,250,4216,出行,骑行,http://i0.hdslb.com/bfs/archive/2e6429fa74bb719a5ef02525e226e270002d05f1.jpg,骑自行车穿越北美洲 到达华盛顿,1754056256,309,510381190,湖远行官方,https://i1.hdslb.com/bfs/face/ed6cc795cc65e543485c62002f91d09e7281f4ad.jpg,320820,"生活记录,旅游",303922,504,484,4446,2701,147,0,0,37126
BV1dGh5zbE64,114966543736371,1,17,2071,单机游戏,射击游戏,http://i2.hdslb.com/bfs/archive/05d600b2cc205f97a6352fda2d4b7d13e7229d3b.jpg,《三角洲行动》老外玩国服烽火地带！😆,1754272800,306,3546877907700276,慕德Mude,https://i0.hdslb.com/bfs/face/90c74badf670d5f852bd7d38b7dcf4d22acd8b24.jpg,71938,"直播,红色,战争,射击游戏,FPS,老外,三角洲行动,善战行动,国服,出红",105436,310,305,1829,930,57,0,0,10978
BV1nvhHzoEGn,114953172290095,1,154,2029,舞蹈综合,街舞,http://i1.hdslb.com/bfs/archive/43f672a762dd02372a7e8e4f16aee2dbfb6b94b9.jpg,怎么跳到最后还来劲了#famous,1754046592,64,521665433,UU学弟,https://i2.hdslb.com/bfs/face/af520fa1334a13c8ed5726a64599636f3c711822.jpg,535953,轻舞蹈竖屏激励计划,719004,125,412,2563,1236,263,0,0,62760
BV1UbtEzWEqd,114974865360009,1,27,2043,综合,动漫速读,http://i2.hdslb.com/bfs/archive/a5bf37ed20f7152a7f9a0376a245ca9a9e528f30.jpg,【上帝已死】众神下场屠杀人类？比血十字凶狠100倍？,1754388000,617,289800612,圈踢动漫,https://i0.hdslb.com/bfs/face/eb7b7339a2f62e52e41ea20838929ae809789ee6.jpg,369716,"漫画,综漫,美漫,上帝已死,重口味,漫画推荐,重口漫画,猎奇漫画解说",922011,2412,3674,25425,2148,848,0,0,35600
BV1BNhAzvEBf,114941428304404,1,215,2152,美食记录,美食记录,http://i0.hdslb.com/bfs/archive/679bd070c866a7ebcbdc1cf4e8debb08732f3305.jpg,成都18一碗的猪脚饭自助，卖西班牙老外81不过分吧？,1754042400,329,1984198637,西班牙陈挺,https://i2.hdslb.com/bfs/face/80a8d4d675bf87beba65d8b2af8f8beb63c6b641.jpg,2253378,记录我的美食日常,1292534,2495,2491,6416,4566,609,0,0,102003
BV1DL8BzDE2z,114942032217839,1,28,2017,原创音乐,MV,http://i1.hdslb.com/bfs/archive/1f440db87de1dc1240fe70e01cb1f59bd8397241.jpg,“我们的拼好歌”,1754015400,244,86434237,比巴卜喂,https://i1.hdslb.com/bfs/face/6c6b1e807ffc49660b67a7280b3998b34f18004e.jpg,122796,"音乐分享官,王力宏,方大同,林俊杰,周杰伦,混音,陶喆,remix,拼好歌,华语乐坛",2607933,1429,1300,41756,39900,9129,0,38,148035
BV12dh4zmE31,114956108306837,1,164,2128,健身,健身科普,http://i0.hdslb.com/bfs/archive/b00b3ad963eb326406576fcc3c94639294c8e7f4.jpg,独家｜北美运动学博士深度分析堂主体检报告,1754100000,871,1387592680,北美运动学博士Bruce_PhD,https://i1.hdslb.com/bfs/face/7b8cce70b0937a5c158d297324612fb2d119f4e6.jpg,929513,"励志,运动,马拉松,一拳超人,健身,堂主,1000天挑战,年马计划,体检,暑期健身蜕变挑战",1387087,13569,3720,17557,29517,4140,0,65,106491
BV1FuhjzgEj8,114967147714950,1,126,2063,人力VOCALOID,鬼畜综合,http://i1.hdslb.com/bfs/archive/8d52e0efbb5bca563b67aab84bb4f7852106fa9c.jpg,【杨某人单曲】兔子，我愿为你穿上嫁衣,1754301600,94,28348490,咆哮丶土拨鼠,https://i2.hdslb.com/bfs/face/db494c60204f01f01217f92950eccabd13592969.jpg,885720,"鬼畜,搞笑,第五人格,第五人格赛事,grood,兔子英明,tzym,2025IVL夏季赛,杨某人,跳楼机",219265,459,1157,5343,4762,7520,0,0,27176
BV1Mitnz4Eka,114975620207314,1,176,2107,汽车生活,汽车文化,http://i1.hdslb.com/bfs/archive/b5484246c658f691e86044dea54633347742d1f3.jpg,拉力赛车帅是帅，智能车机是真爱,1754449500,112,1194144659,车小白-,https://i2.hdslb.com/bfs/face/9cc5a0aae824ee21051aae1ecb7a17a3a7e1c460.jpg,110839,"改装,赛车,拉力车,小爱同学",804278,577,851,2614,1086,464,0,0,59498
BV149t7z7EvE,114975049782893,1,21,2073,日常,动作竞技游戏,http://i2.hdslb.com/bfs/archive/536c88262810a5080db31dfd133e4aa8251a704d.jpg,只看画面，你能分辨出游戏和现实吗？,1754388300,311,85649095,张子zi,https://i1.hdslb.com/bfs/face/691ab8f874eb315abc6930d10255d62d834ebb0c.jpg,493045,"CJ,游戏,ChinaJoy,体验,XR眼镜,骁龙,芯片,逛展,gaming,整点电子榨菜",1297885,7659,239,4666,1305,582,0,0,19445
BV12q4Zz4E6c,114979042760736,1,28,2022,原创音乐,VOCALOID,http://i1.hdslb.com/bfs/archive/d5c87b654dc2caf980c724adf4b1969e7e1b41e1.jpg,羽生迷子 - 我愛メイデン,1754441306,184,86735192,羽生迷子,http://i2.hdslb.com/bfs/face/14ccd8b0fb56b3b1afcf3d09715ed02934498310.jpg,220122,日语MV,139941,332,986,19291,9463,2178,0,0,42532
BV14ZtJzpEGd,114975838311677,1,21,2154,日常,剧情演绎,http://i1.hdslb.com/bfs/archive/f0c1c425dfba9fcaff95f14eec0c94b67c2b5ce5.jpg,《锻炼3.0》,1754392662,56,70429299,嘞是唐孃孃,https://i0.hdslb.com/bfs/face/7685255299c9892d57048aca5f960c59b6850533.jpg,1707624,"高中生,原创,搞笑,娱乐,搞笑小剧场,段子,大学生,暑假工",503109,257,902,1794,549,529,0,0,55481
BV1eUhgzEENJ,114964211697794,1,86,2048,特摄,特摄,http://i2.hdslb.com/bfs/archive/96feef3576755950a2a60f4b1bfad88b4e5bca7a.jpg,挑战穿手工制作13套皮套去郑州8.16特摄ONLY一天,1754214818,24,41268012,雎鸠Tiga,https://i0.hdslb.com/bfs/face/674933aacd29a4d95c76e4f5055381749045cea3.jpg,62291,"手工,漫展,特摄,迪迦奥特曼,梦比优斯奥特曼,赛罗奥特曼,cos,泽塔奥特曼,特摄剧,贝利亚奥特曼",384499,197,845,3289,826,472,0,0,44614
BV1GMhhzTEWU,114958239009590,1,138,2154,搞笑,剧情演绎,http://i2.hdslb.com/bfs/archive/167e3f0448ce6b8ff7878eeac49e645fd2b31a42.jpg,我奶上个月交了1000元电费,1754123820,377,1659651634,七颗猩猩QKXX,https://i1.hdslb.com/bfs/face/e48329f6999d331dcb3cb5ca7ecf2b4b1100d83d.jpg,3189461,"搞笑,原创,搞笑小剧场",3438957,1604,2523,46642,10685,2439,0,35,124969
BV1K6tFzPEJ3,114979848130522,1,212,2152,美食侦探,美食记录,http://i1.hdslb.com/bfs/archive/4f2788588206957c867d3ba1d15eb677cb001528.jpg,特厨溯源｜吃“松茸”长大的猪是什么味道？—藏香猪,1754453564,232,3546888255048212,特厨隋坡,https://i2.hdslb.com/bfs/face/4a6a6e459f71080664d3952957f2eafc02418b85.jpg,2443106,"美食,隋坡,特厨隋卞,记录我的美食日常,西藏",813184,2387,3564,3989,13089,2094,0,0,85004
BV1qghxz8E1g,114954850015617,1,250,2126,出行,户外探险,http://i0.hdslb.com/bfs/archive/9add7c05276d23e0dda656f2d50b07e22c963181.jpg,冒死爬上世界唯一悬崖教堂，就拍到了这？？摄影｜埃塞俄比亚｜悬崖教堂｜Abuna Yemata Guh,1754132400,478,427607291,建国JianGuo_,https://i2.hdslb.com/bfs/face/2960dc381f05139b4d4d8fc360e32bd7b356916e.jpg,384082,"旅游,人文,数码,相机,非洲,摄影,徕卡,教堂,旅行影像大赛",547662,1524,521,8727,11190,741,0,0,23340
BV15Mhgz2EMc,114962836036810,1,17,2079,单机游戏,其他游戏,http://i2.hdslb.com/bfs/archive/c6e95202801d3e70c035fd2ea862b41d465c3bc4.jpg,余光看到黑影，转头却消失不见！便利店发生的惊恐五夜...独恐|《Fuel for Flesh》,1754472600,993,9670369,皂君SOAP,https://i1.hdslb.com/bfs/face/266c095418dc2e32dc0a8438045336133acf27b5.jpg,427064,"游戏实况,恐怖游戏,单机游戏,独立游戏,实况解说,惊悚,Fuel for Flesh,心理恐怖,夜班,整点电子榨菜",48930,654,171,1241,666,53,0,0,3790
BV1cw4dzCE7b,114976777831889,1,21,2073,日常,动作竞技游戏,http://i0.hdslb.com/bfs/archive/a2767f2b7d5570d4cd5140b756642c4b59a68ff0.jpg,大床哥有那闲工夫怎么不出个规定统一一下给豆逻辑呢,1754406732,154,1851657327,星之雨下,https://i0.hdslb.com/bfs/face/db5965967b8780fb227909ecaf698612237e25ec.jpg,140225,"火影忍者手游,bug,必剪创作",198864,276,1516,1406,1428,1608,0,0,18589
BV1Bd4Zz5Eia,114979109867658,1,250,2158,出行,旅游记录,http://i2.hdslb.com/bfs/archive/2c835ff9423637a77b3ab1403fa535ec5d635c1c.jpg,打开书本里的世界｜美洲唯一的社会主义古巴过着怎样的生活,1754449033,356,385786354,何香蓓Betty,https://i1.hdslb.com/bfs/face/00fcbbf0d81c9eca7f16406f9f665a2c0ad687d8.jpg,1372333,"世界,生活记录,打开书本里的世界,记录,古巴",553709,508,1276,5943,7578,1210,0,0,79127
BV1YKhhzBEhL,114958054525464,1,21,2102,日常,摄影摄像,http://i2.hdslb.com/bfs/archive/2e17dad6b18c2d0736a5c5af5fc65e34f1555a9e.jpg,“幸福不在别处 当下即是全部”,1754128800,108,416844825,李默ovo,https://i0.hdslb.com/bfs/face/69f6a473f3f6edb949be2e6a3247f229db933ccc.jpg,47770,"摄影,回家,生日",140730,92,267,620,3904,55,0,0,17670
BV1ATtFzdEXH,114980535930996,1,21,2151,日常,美食测评,http://i0.hdslb.com/bfs/archive/36f00d50378e4798b1a1cedac0e7ad7f77fd0373.jpg,回答我，香菜牛油果味的牛奶，是谁在买。,1754478000,555,837470,桃核叫我桃道长,http://i2.hdslb.com/bfs/face/95723f88a75d9a8ace6a0b7bb55db3809dbab7df.jpg,537545,"美食,测评,娱乐,生活记录,搞笑,豆豆子,桃核,舌尖真探事务所,擦玻璃",35289,488,379,941,3061,76,0,0,5815
BV1TntGzvEXG,114970301833149,1,254,2149,亲子,美食制作,http://i0.hdslb.com/bfs/archive/ae2e22e9ec2b132981a6164fb4e251879e29d4df.jpg,印度街头最干净的饮料，艾特你的朋友看看他想不想喝？#印度街头饮品   #模仿,1754307887,72,1179637796,慧慧饱饱呀,https://i2.hdslb.com/bfs/face/c1ca89fdc0ccf95f89a41321086b4dce1bcb27a3.jpg,284482,"印度,街头美食,饮品",595977,710,778,4306,921,661,0,0,37016
BV1W2h8zHEVk,114958541004500,1,17,2079,单机游戏,其他游戏,http://i0.hdslb.com/bfs/archive/8fef89dfee74ec8112059ece247d1bca68a198df.jpg,《通情达理》,1754128446,192,14576879,里昂聊游戏,https://i2.hdslb.com/bfs/face/5a5d2e7392187a3d76109619d05f7c011c724b95.jpg,1713240,"文静内向,善良温柔,阳光男生,整点电子榨菜",1240956,460,160,14644,668,35,0,0,17319
BV1R3hGzHEyX,114963641277318,1,21,2207,日常,随拍·综合,http://i1.hdslb.com/bfs/archive/78c168ff7d33b549d9f867f0cce173f271ddc5cc.jpg,被陌生人反向治愈的一天！,1754206669,143,71222956,昕昕给你100元,https://i1.hdslb.com/bfs/face/fbfaee41321b6e98d14dfe8d04b02ff61166a0d5.jpg,16910,"生活记录,夏天,老人,挑战",898485,334,910,3004,20103,196,0,0,62637
BV1W5hVzuEen,114964832452969,2,20,2028,宅舞,宅舞,http://i0.hdslb.com/bfs/archive/859673b202b90cc2dbe9773b1bc361eb9d724b61.jpg,【舞台存档】活力值和内心戏百分百的mjm,1754225071,376,661440317,-藤子Fujiko-,https://i2.hdslb.com/bfs/face/4d4f816ef0958bd653fb92f41c9aaae8cfc8ead3.jpg,5594,"偶像,cos,世界计划,pjsk,舞台,活力,mjm,mmj,桃井爱莉",1202139,3633,1548,13549,7149,1283,0,41,141868
BV1KRt7zmEDA,114975033136654,1,21,2171,日常,动物综合·二创,http://i2.hdslb.com/bfs/archive/9d563c46a47649f3d516d24726e98ef3ede14cc2.jpg,【联动】果汁猫×江橘猫：《未必与零分的故事》,1754388000,142,454177891,江橘猫meme,https://i1.hdslb.com/bfs/face/88ec56e760eee88bac17fd1894cbbd33789ca656.jpg,34195,"短片,猫meme,日记,故事,宠物",393071,247,283,14807,856,76,0,0,17517
BV116tFzAEyH,114979848064368,1,21,2071,日常,射击游戏,http://i0.hdslb.com/bfs/archive/194e5506e854b94d0cd455c3097308c5f13b54d0.jpg,三角洲全新出货定位法！,1754453649,171,1726415100,我很勇哎杰哥,https://i0.hdslb.com/bfs/face/e013362cffc80f13cccefcbc2b0ca1b1ae1af9e8.jpg,8818,三角洲行动,311663,79,240,16687,734,387,0,0,15106
BV164h7z2Er5,114951528189625,1,21,2020,日常,翻唱,http://i1.hdslb.com/bfs/archive/dff03aa0cbe9f089393a59cb275ff4bf80550712.jpg,下过雨的夏天傍晚 我都很期待,1754216100,22,3546384428959829,紫颜Music,https://i2.hdslb.com/bfs/face/fbea6765ed7a94bfa2e93b9f7773da5bc1e66e40.jpg,88382,"清唱,翻唱,第一天",355971,300,494,1987,3174,143,0,0,63000
BV1qctczUEsk,114979948729514,1,17,2078,单机游戏,沙盒类,http://i2.hdslb.com/bfs/archive/ba778f76aa01faf250d173e03aaf5a6433df7e9a.jpg,神人玩什么都很神 1.0,1754455207,141,289475254,碧月狐,https://i1.hdslb.com/bfs/face/d29803d385b117e98eda7abed7ebcfbc92bc44ac.jpg,2722245,"万物皆可游戏,搞笑,娱乐,沙盒游戏,我的世界,沙雕,抽象,mc,meme,碧月狐",250743,814,684,1990,1225,189,0,0,22013
BV1tshHzvEwL,114953021494372,1,239,2122,家居房产,家居展示,http://i2.hdslb.com/bfs/archive/09df386de8b04b73969ed8e754ed855c5ec4d25b.jpg,8月份的减肥，从刷到本视频开始,1754046574,1000,1590082082,马俐管家,https://i2.hdslb.com/bfs/face/362a2668db345d6c3986d043e1dbbab29c94d198.jpg,1775220,"生活记录,高能,uwant,友望吸尘器v400,友望自集尘吸尘器专家,记录,解压,深度清洁",9363051,30268,9264,174679,57464,28056,0,12,307406
BV1kRtwzhEHT,114980787590486,1,212,2150,美食侦探,美食探店,http://i1.hdslb.com/bfs/archive/58de615235b86db515016656094a6ff8753ada03.jpg,为什么中国人一到这家串店就上头？兄弟局全是知心嗑！,1754474400,600,405279279,平平出击,https://i0.hdslb.com/bfs/face/87bbab304eff564ec50d999f4c163f2ab225b896.jpg,771888,"中国,烧烤,4K,吃货,平平出击,沙雕,烤串,撸串,羊肉串,探店",302215,1495,641,2573,13319,393,0,0,22845
BV1KMtPzrEdk,114982129768166,1,138,2083,搞笑,综合资讯,http://i1.hdslb.com/bfs/archive/9db759e3b4144679bb66c386daec02b21baefc5b.jpg,40岁重启人生的前高管belike,1754488354,90,236621565,戏很多的金兑,https://i0.hdslb.com/bfs/face/f24bb4ba6524a06e1ff42a1e14cfd88658fc40f8.jpg,225158,"创业,人生,职场,模仿,搞笑,搞笑小剧场,高管,商务男,重启人生",170324,431,833,655,644,743,0,0,16966
BV1gatnzFE81,114975670539661,1,138,2154,搞笑,剧情演绎,http://i0.hdslb.com/bfs/archive/77023ad3f83953c89058162986905f6ef6cdaac8.jpg,蜿蜒的山路又会带我通往什么地方呢？,1754389714,166,484262091,郑丽芬er,https://i0.hdslb.com/bfs/face/b31a4cd9a55c60f6255e1f59266b369d7f3a1da0.jpg,1044245,"情感,一人分饰多角,家人",324586,210,462,1413,1310,118,0,0,30855
BV1jv4fzmEdA,114978472332596,1,17,2066,单机游戏,单机主机类游戏,http://i1.hdslb.com/bfs/archive/a41c31ed5347cadba768637c498b5532f9b05aa2.jpg,mega宝可梦综合排行榜，第-3名 完全体基格尔德,1754452800,2738,343348,口袋迷ag,https://i1.hdslb.com/bfs/face/0339f625390570205b46ef4ad07f16d172a19123.jpg,1099880,"任天堂,POKEMON,宝可梦,精灵宝可梦,switch2,宝可梦朱紫,宝可梦传说ZA,超级进化,mega进化,ns2",376843,3331,2564,2046,3873,1782,0,0,18231
BV1RBtJzKEse,114976056479294,1,17,2066,单机游戏,单机主机类游戏,http://i0.hdslb.com/bfs/archive/9f27dfd2c20080d34fb2e4fd33e5057d5ad13710.jpg,最强勇者背叛了人类！魔王竟然是批量生产出来的？一个人做了14年的独游《神之天平》讲了什么故事 ②,1754395714,1658,7206526,蓝二烟,https://i1.hdslb.com/bfs/face/53a7b595df5b15769c6022ec66337d1e589d2db7.jpg,706728,"独立游戏,神之天平,游戏剧情,arpg,整点电子榨菜",231864,540,487,6919,4165,144,0,0,10021
BV1j1tGzEEa1,114970033459353,1,172,2078,手机游戏,沙盒类,http://i1.hdslb.com/bfs/archive/1482c9d076c29600c25c69a091aa7436ed5b8919.jpg,〖我的世界〗极限噩梦惊变500天养老生存第一集！,1754303940,163,603083398,我的世界__白菜,https://i1.hdslb.com/bfs/face/2e3f9bf762c38237820176a961f33753d28c100f.jpg,43107,"沙盒游戏,我的世界,惊变100天,惊变,我的世界生存,像素风",1255935,119,71,42925,1287,40,0,86,41037
BV1jY4RzYETa,114977029493838,1,172,2077,手机游戏,休闲/小游戏,http://i2.hdslb.com/bfs/archive/4562f8cf0708b1fbf6178e32964cdf2cc4f95322.jpg,蛋仔派对：假装不是兔仙，假扮兔仙玩惊魂夜,1754410535,128,64621079,隐秘的兔仙,https://i2.hdslb.com/bfs/face/a557213fddae799ef9963d790ea571ce22b7ddf0.jpg,468797,"隐秘的兔仙,逃出惊魂夜,蛋仔带你看世界,蛋仔派对",1461952,412,263,28691,915,31,0,0,24506
BV1WPtnzEEzR,114975771201670,1,85,2154,小剧场,剧情演绎,http://i0.hdslb.com/bfs/archive/bfa186e4edd2f83edc9935762879fd3c939130bb.jpg,尝尝有多好吃,1754391604,45,2081415485,西西里人,https://i2.hdslb.com/bfs/face/62877851d1acb631d22f23bc89a400c75a049ccc.jpg,427376,"搞笑,生活记录",353436,111,332,1000,579,846,0,0,32850
BV14ktwz6Ekm,114980653501203,1,239,2123,家居房产,家用电器,http://i2.hdslb.com/bfs/archive/779dfceb2b03c16692fd3d29dac1c64c806e50b8.jpg,喝个水就这么难吗？纯净水、矿泉水、弱碱水之争都蔓延到净水器了！,1754478175,510,13207529,Wilson学长,https://i2.hdslb.com/bfs/face/a4c3f263c13827ab4296be6afb063e24d251da5d.jpg,360198,"弱碱水,美的星河3.0净水器,美的星河3.0弱碱净水器,美的星河弱碱净水器,纯净水,净水器,家电,矿泉水,我在B站搞装修",354821,956,1029,5721,3264,233,0,0,39008
BV1uDh7zcEqb,114951075137595,1,138,2178,搞笑,亲子综合,http://i1.hdslb.com/bfs/archive/2a00b2d763730b472f6fc834d541d8de8b6f0ba8.jpg,再一次当女儿们的画板,1754014354,43,455876411,TheRock_Johnson,http://i2.hdslb.com/bfs/face/4de05f3d8abf7b7172eda2808eb62617fb820bf1.jpg,3015857,"短片,原创,女儿",1522548,1209,2448,9855,2928,2595,0,0,182466
BV1zghtzMEbB,114957769252558,1,138,2156,搞笑,UP主小综艺,http://i2.hdslb.com/bfs/archive/657df028012d16f5eafb37c2198eee4b67d5dbc7.jpg,走到哪算哪,1754118000,2512,5970160,小潮院长,https://i1.hdslb.com/bfs/face/834eb0de8d2f470bf03e4ea92831b14f3824c863.jpg,14320185,"逗比,小潮,搞笑,娱乐,高能,生活,一加Ace5至尊版,一加手机,小潮team,一加手机全面战神",6611163,65559,9112,128768,149916,5866,0,4,361951
BV1ZktGzJE51,114969865623003,1,161,2104,手工,自制发明/设备,http://i2.hdslb.com/bfs/archive/fc069a535ed5161ab8fc6a4df17af8abba62ebb9.jpg,玩到真的了,1754301179,113,4896879,油七桶,https://i0.hdslb.com/bfs/face/75afaf6bf16ffaaec2e9c9da0393b08ab41373fd.jpg,18195,"搞笑,猎奇,3D打印,游戏,模型,你试你也过不了第二关,沙雕,别笑,带派,游戏手工发明家",824707,350,783,3719,1103,2509,0,0,26645
BV1fM4ZzjE1T,114977482476632,1,65,2071,网络游戏,射击游戏,http://i0.hdslb.com/bfs/archive/83e1f5a3127a12e2dd32ae2125aa94329cd38ac6.jpg,三角洲行动 金弹自由，版本超性价比神器！手感更好，后坐更小的先进后坐AKM改法教学！【A+】,1754451000,338,52717408,Always聪聪,https://i1.hdslb.com/bfs/face/d6573681e12901cbbf26a242102c727bac4d020a.jpg,1054985,"FPS,战争,射击游戏,电子竞技,三角洲行动,三角洲行动改枪,游戏测评,教程攻略,三角洲破壁新赛季上线",268488,301,1058,6717,759,713,0,0,10028
BV1cDhTznEHb,114961862893001,1,228,2154,人文历史,剧情演绎,http://i1.hdslb.com/bfs/archive/01eadc88197ee93d3d5ea112563ed0c4aef036e9.jpg,“现在，邓布利多，还有谁会爱你…”,1754193699,162,3546837552204489,三颗虾仁,https://i0.hdslb.com/bfs/face/bbc1c11020308b4e3556d01d0aebbf24b199e25c.jpg,1366240,"霍格沃茨,哈利波特,格林德沃,邓布利多,GGAD,神奇动物在哪里,纽蒙迦德,表演",280544,229,483,10610,3060,503,0,0,38151
BV17WtPzhE4m,114981760732685,1,250,4220,出行,户外运动,http://i1.hdslb.com/bfs/archive/ef3c537cbe01f7adcb32235bbb967e1f9e9ed9c2.jpg,【Links】登上葡萄牙最高峰，大西洋中央的海上火山之巅,1754539200,1467,3816626,Linksphotograph,https://i2.hdslb.com/bfs/face/2827281d7fd11cd62d9cc355039860cd2979970b.jpg,3585698,"4K,摄影,葡萄牙,哔须有此行,Osmo360,HDR,登山,全景相机,户外,露营",105500,1689,704,4848,11458,1816,0,0,15160
BV1RNhgzmETH,114962802413444,1,21,2207,日常,随拍·综合,http://i0.hdslb.com/bfs/archive/15f3084bead82e36a8295f50de817b1c097f185d.jpg,读评论9.95：坚果让指导版牛头去坑二爷,1754208000,92,1834271846,陈君un,https://i2.hdslb.com/bfs/face/65f841ecf609e5e56c4efe01db70be7809c5785d.jpg,628203,"搞笑,坚果,植物大战僵尸,指导版,牛头,娘化版,整点电子榨菜",2197209,1017,1497,30609,1581,266,0,0,61509
BV1F9hnzdEC8,114953625341578,1,253,2042,动漫杂谈,动漫评论,http://i1.hdslb.com/bfs/archive/481abfdd24e163db22de810cbdf7a3a1b9463a63.jpg,【JO论战】开什么玩笑！我吉良不是最强boss吗？！为什么一直在挨揍！？？,1754053412,442,352332745,色忐忑与瑟袒特,https://i1.hdslb.com/bfs/face/1f000ce90a06dfcb945847581430b6d1f56a3f7d.jpg,12727,"动漫杂谈,吉良吉影,JOJO的奇妙冒险,瓶子君152,动画种草激励计划,新番吐槽,银色战车,七月新番,不灭钻石",1429545,1368,1809,26099,3402,599,0,0,56255
BV1CJtJzEEmq,114974378691267,1,238,2164,运动综合,打野采摘,http://i2.hdslb.com/bfs/archive/dcd27827db222fd98380f562ecc7724bcba77bdb.jpg,又到抓稻花鱼的季节啦！在稻田森林里穿梭，惊喜连连！,1754470800,589,327552140,我是野农,https://i2.hdslb.com/bfs/face/dc9091859f0b6b5aad657c95102b599d2f41b53f.jpg,464563,"生活记录,搞笑,记录美好农村生活,抓鱼,田园生活,美食自制,农村美食,莲花池,稻花鱼",168299,859,471,740,7632,148,0,0,14489
BV16MhtzzELc,114957853138536,1,30,2020,VOCALOID·UTAU,翻唱,http://i0.hdslb.com/bfs/archive/2382a615d03be5ae269f82cf7196d9a75810bdd7.jpg,我们都在用力的活着（日语版1m30s）,1754125852,92,37080882,奥巴鸽咕咕咕,https://i0.hdslb.com/bfs/face/d688c3b7e619d65a9809e2ee5eadf26a844eabdc.jpg,32514,"日语翻唱,搞笑,励志,俊达萌,ずんだもん,天真的橡皮,一勺料汁,和我的保险说去吧,我还以为减速带呢",498345,207,1597,27283,10779,9600,0,0,61826
BV1JStnzmE9R,114975200840386,1,21,2071,日常,射击游戏,http://i0.hdslb.com/bfs/archive/64522401372f0cda81c64635e88eecbc6e87ede2.jpg,攒钱买手机第七天,1754382623,123,3546735158758129,三角洲累逼,https://i1.hdslb.com/bfs/face/c85a8ba5ce54aebeaf9683d1f5c89af8e3e8ffd1.jpg,10887,"原创,第一视角,游戏实况,娱乐,手机,必剪创作",152728,205,749,1539,14825,202,0,0,29006
BV1j7tnzzEAG,114975553094113,1,21,2154,日常,剧情演绎,http://i0.hdslb.com/bfs/archive/000c340f0e51e62f997014672d89abf24af9d22f.jpg,老东京omakase,1754387981,89,359201136,小付同学Chloe,https://i0.hdslb.com/bfs/face/b6ae9c7cf66fd7a39078c0244f7205d4e541a352.jpg,239664,"北京,虚拟演绎,抽象",549997,344,634,2066,1215,3077,0,0,47852
BV1JthLzMEsH,114965788761818,1,193,2016,MV,原创音乐,http://i1.hdslb.com/bfs/archive/42157d95f1948305b12210ca549c932950751c3d.jpg,Tim Moyo - Unit 731,1754238970,156,3546888145995789,timmoyo,https://i0.hdslb.com/bfs/face/bec31145db8a9659d94391f32bb7e7b7cc947725.jpg,13638,"Sander,timmoyo,unit731",287212,4655,617,23090,42775,1703,0,0,91968
BV1Cq4dzUEmj,114978271004135,1,17,2078,单机游戏,沙盒类,http://i1.hdslb.com/bfs/archive/c331be805a91c9cb92ae12b2e3601af6f9a31a8f.jpg,铜矿产物再更新 我的世界 1.21.9新版本介绍 25W32A,1754429495,543,686127,籽岷,https://i0.hdslb.com/bfs/face/7efb679569b2faeff38fa08f6f992fa1ada5e948.webp,4997844,"我的世界,MINECRAFT,籽岷,沙盒游戏,单机游戏,1.21.9,25W32A,新版本,介绍,推荐宝藏游戏",222523,895,1274,1708,2330,1461,0,0,18210
BV1AWhbzEEur,114956963940869,1,65,2071,网络游戏,射击游戏,http://i0.hdslb.com/bfs/archive/fcb45f51d3fdd608ff9367eb302d2d57249c5019.jpg,【JOJO吃鸡】米4达玩巡飞弹的，这么玩浮木怎么办！我的替身性感手枪真的很适合暗杀！,1754104161,249,37350101,棱镜星辰,https://i2.hdslb.com/bfs/face/1840cb7389d2814e6aa70bf8ffcf9e4ddac54c5f.webp,95926,"搞笑,空条承太郎,JOJO的奇妙冒险,JOJO吃鸡,沙雕,米斯达",849148,420,254,11407,1058,542,0,0,55071
BV13RtczkEWD,114981173466832,1,138,2154,搞笑,剧情演绎,http://i1.hdslb.com/bfs/archive/fa48238e780c793b37757e8dd6d606399172c2ff.jpg,我的行为vs爷爷奶奶看到的,1754476539,37,102805877,西维西师傅,https://i2.hdslb.com/bfs/face/323e5987c19c580937f5add9212acc5075a97d06.jpg,930185,"娱乐,搞笑小剧场,段子,老人",1404846,174,845,12822,2163,2013,0,0,168316
BV1u5tGzzEeA,114970100502282,1,124,2090,社科·法律·心理,人文历史,http://i1.hdslb.com/bfs/archive/12c57033c2d8dbe27969ecd1709ae27a63dbf503.jpg,电影731定档9月18日意味着什么？这个形势你看懂了吗？如何弘扬正确的二战历史观！,1754304859,648,289189019,戏京同志,https://i2.hdslb.com/bfs/face/2f62e073da940299514a06b0ff4d5dc00065c779.jpg,2131355,"日本,历史,电影731,世界反法西斯战争胜利80周年,哈尔滨,918,人文社科,请回答这个时代",938490,3882,2317,15060,15040,1689,0,0,51642
BV18rhVzDEzV,114964463422302,1,21,2154,日常,剧情演绎,http://i1.hdslb.com/bfs/archive/c2b5759bc3da2eedc803fbf7f7b9660180a0af93.jpg,美 丽 的 代 价,1754280000,60,9130832,张八筒筒,https://i2.hdslb.com/bfs/face/683b3b97648bf13641c508b9b50a2d25b87bec69.jpg,723256,"生活记录,搞笑,张八筒,best人生,猩猩队长,抽象,情侣日常",899733,367,610,2093,5718,1120,0,0,94283
BV1YuhHzyEvR,114953390392714,1,21,2083,日常,综合资讯,http://i0.hdslb.com/bfs/archive/f2c61754868b4f1bc755db293e1bdc2166bcabed.jpg,金蝉脱壳、见者好运！摄影师蹲守数小时，延时记录金蝉脱壳羽化过程,1754049689,22,1131457022,人民日报,https://i2.hdslb.com/bfs/face/19a041ba0e78ed43b7a3eab35edfc998eaa7db8e.jpg,17014994,金蝉,1149596,65956,2121,17875,8001,3437,0,0,182507
BV16NhtzrEv4,114957819578593,1,215,2150,美食记录,美食探店,http://i2.hdslb.com/bfs/archive/510bdabe6a15e409f274c332da539ba99fa9296a.jpg,这所大学的校外美食 堪称美食批发市场,1754117798,137,500956635,一坨小草莓不霉,https://i0.hdslb.com/bfs/face/3c5908a07fed10bb6dbde6cd4aff2f86dc2859e7.jpg,193917,"大学,校园,记录我的美食日常,Vlog",462873,366,604,10344,722,5702,0,0,42320
BV1tjhJzwE3r,114952551534329,1,208,2188,校园学习,自我成长,http://i0.hdslb.com/bfs/archive/137957c7b9ed6628474932f9d955303a6c02bb1a.jpg,学习的时候老是跑神怎么办？怎样让自己静下心来？,1754037113,537,1497463202,晓艳教英语,https://i2.hdslb.com/bfs/face/a88c9e1dcb223514403ee99e3f98c618853ffcfc.jpg,1215124,"正能量,考试,学习,励志,是老师，也是UP主,静心,走神,刘晓艳",431441,654,783,48972,10366,3625,0,0,64190
BV1KV8XzJEfo,114934952236858,1,17,2078,单机游戏,沙盒类,http://i0.hdslb.com/bfs/archive/c7fa25d1078873c664aec05bdd953889aa00523a.jpg,尽力了 尽力了,1754211600,314,3494361318820182,冰-C,https://i0.hdslb.com/bfs/face/6a5b0985cec56741e3b20cedf97355a3c67ef0cb.jpg,738740,"沙盒游戏,我的世界,游戏实况,娱乐,MOD,实况解说,沙雕,像素风",720936,476,246,7502,633,202,0,0,32817
BV1hct7z9ECk,114973405742766,1,253,2042,动漫杂谈,动漫评论,http://i2.hdslb.com/bfs/archive/bc34e1241ddde62f89208c065cd4c0f62a689c30.jpg,美国漫展是属于成年人的世界- 几千人同看银幕上飞天装逼的狂欢!【bilibili 次元论战】,1754452800,779,102348,女神绫波丽,https://i0.hdslb.com/bfs/face/ee0b609fc489bd49a7744b29c95906bc386b8f24.jpg,403641,"动漫杂谈,今石洋之,美国,漫展,留学,vlog,动漫二创,扳机社,panty and stocking,bilibili次元论战",120187,834,379,2368,1951,257,0,0,7056
BV1GuhhziE9u,114958222236434,1,171,2071,电子竞技,射击游戏,http://i1.hdslb.com/bfs/archive/a60b70f118873455ea76c1037954cc315175473b.jpg,不是你压力谁呢？,1754123351,25,3461567079254478,保护我方塔姆,https://i0.hdslb.com/bfs/face/b1a01339e7edc84f3773ecfcd45121b6a428e098.jpg,66212,"FPS,桌游棋牌,MOBA",1368458,145,834,2998,702,395,0,0,92693
BV1xEhbzQEab,114957014342733,1,17,2066,单机游戏,单机主机类游戏,http://i1.hdslb.com/bfs/archive/f2d3f9d1dd44bd8ac333cd162bc8f0049ca4f7ea.jpg,人仗虫势这一块,1754111100,309,15002163,拧不动啊真拧不动,https://i0.hdslb.com/bfs/face/512d55096f492f14722988501e7a800020320b26.jpg,1332115,"游戏实况,禁闭求生2,电子榨菜,推荐宝藏游戏",2020295,1125,1594,29252,2717,7005,0,74,88791
BV1cfh3zhEAg,114963507060135,1,228,2088,人文历史,社会观察,http://i0.hdslb.com/bfs/archive/b05a746fc51d3194cf85c7b2b636376bffd913bc.jpg,7月28日一发生就引爆舆论，特朗普还亲自下场发推，到底是怎么回事！,1754388000,873,297670584,我是大佬K,https://i0.hdslb.com/bfs/face/efe0c5cde9af3c74568d17599b9b2a071b279fb4.jpg,949111,"悬疑,真实故事,真人真事,奇闻异事,深夜故事,悬疑案件,案件解说",354661,2390,958,2053,2720,344,0,0,12968
BV1RstFzVEzg,114980082947257,1,172,2069,手机游戏,即时策略游戏,http://i0.hdslb.com/bfs/archive/bf36af41660b6f0719036c0db54925da8bf4a30c.jpg,不带赢不了？使用率高达百分之99的逆天炉子！,1754457353,1162,3493113414814567,高子巷,https://i1.hdslb.com/bfs/face/f4471a78f322efd8b1e1df3421c55fefd84bc367.jpg,347588,"皇室战争,高子巷,石头人,必剪创作",254422,1171,2029,1553,3064,466,0,0,24254
BV1Cr4Zz9E7j,114979059533865,1,21,2207,日常,随拍·综合,http://i2.hdslb.com/bfs/archive/06d7e2ba309e46befe3aa6e59fd3c56df4737384.jpg,早安！,1754441578,14,3546937055775240,Yasal_170,https://i0.hdslb.com/bfs/face/b5c4750fa3e6ee70555129f7a49b304055d321a1.jpg,1679201,,1012585,3482,4893,6128,11865,928,0,0,109054
BV1rptJzjEf2,114974278028780,1,247,2109,新能源车,汽车技术,http://i1.hdslb.com/bfs/archive/bbdb51a1f85939527c05d4bb000421fdbe8f5857.jpg,看工程师详细解析第五代DM油耗如何再进化,1754368651,162,613115943,比亚迪汽车,https://i0.hdslb.com/bfs/face/8d159db5533f715e6b883eea541513461c8c3ad7.jpg,1879063,"比亚迪,第五代DM,新能源,新能源汽车,油耗",522800,392,1865,2717,565,874,0,0,43206
BV1jFhhzkEme,114958121574062,1,138,2154,搞笑,剧情演绎,http://i1.hdslb.com/bfs/archive/b63a9d1d49116de6d66086b32f502849c696961b.jpg,难绷时刻丨地狱版28.0,1754122006,96,1751665789,爱学习的赖某,https://i1.hdslb.com/bfs/face/75b08383761daed42fa0a761644f1e87525ba239.jpg,670382,"搞笑,搞笑小剧场,抽象",675648,325,498,7139,841,241,0,0,56135
BV1gGhhzeE6i,114958255784274,1,47,2037,同人·手书,同人动画,http://i1.hdslb.com/bfs/archive/ca7a4372c8f9878102ac3758a56868c71e5f27a0.jpg,15岁自学动画爆肝5个月，尝试手绘动画二创《越狱兔 第六季》,1754131200,262,1585678426,叫南瓜皮的我,https://i1.hdslb.com/bfs/face/d1241d8de7784fdc5d090f6439690673a2634134.jpg,41142,"越狱兔,手绘动画,童年回忆,动画,同人,学生作品,自制动画,爆肝",2256316,2217,4261,70253,140089,8509,0,7,264787
BV13QtczyEAi,114981542563406,1,21,2032,日常,国风舞蹈,http://i2.hdslb.com/bfs/archive/44d8644aad09a66491dac8872ae157aa2e094fa4.jpg,沙漠舞王背后的故事！！,1754479417,70,35579222,紫颜-小仙紫,https://i2.hdslb.com/bfs/face/e7f135eb2da6407fa1d5f63fea631e92a01876db.jpg,1664979,小视频,266408,211,271,2103,683,81,0,0,11553
BV1H3gVzUE8A,114891063041258,1,27,2041,综合,动漫剪辑,http://i0.hdslb.com/bfs/archive/57e0dbebb1e9d400b64255a22b2563d88447cc2e.jpg,《天津小猪妖 逃离浪浪山》,1754107200,165,13199099,植物椿,https://i2.hdslb.com/bfs/face/1cf19c181f366cb741b21152f5a1b1b17ea572da.jpg,1942354,"天津话,搞笑,动漫,短片,影视剪辑",1758104,530,934,5453,5948,4729,0,0,46022
BV1a8h8zAEE6,114958725552292,1,162,2057,绘画,绘画学习,http://i1.hdslb.com/bfs/archive/2307995bb772975a8cde56fc7b583adee595c547.jpg,【调调老师小课堂】色彩灰纯对比如何调整？,1754131151,300,4291657,i调调i,https://i1.hdslb.com/bfs/face/d68d7b8886847a78e06e67f08c32ed1bc7f4c070.jpg,476950,"板绘,绘画,画画教程,改图,绘画教程,画画,板绘教程,改画",223596,330,314,11407,2460,1173,0,0,46169
BV1amtJzFE5v,114976157078769,1,138,2179,搞笑,健康科普,http://i2.hdslb.com/bfs/archive/f573d7e2b67a4a20e0c39810ad44ed81e05a4027.jpg,良子能否使用海姆立克急救法,1754397497,177,32026774,侦探许烦烦,https://i1.hdslb.com/bfs/face/12cddd8ada95dfd639100cd9ec276ce7a57643fb.jpg,187674,"高能,粤语,生活记录,健康,搞笑小剧场,良子",646116,1278,1591,3065,638,2899,0,0,33080
BV1FetGzdE55,114969949507361,1,218,2167,喵星人,猫,http://i2.hdslb.com/bfs/archive/9a62579095bbfd36656f6b937567fd6f5ee7c456.jpg,哈基米你…还是燃尽了吗,1754302346,10,41519542,短腿小拖宝,https://i1.hdslb.com/bfs/face/4aa756d79a51aab149e4e5ae152587b439534e0f.jpg,587027,"喵星人,动物总动员,哈基米",2211844,521,2318,23365,1187,9401,0,67,170845
BV1jjtEzaENC,114974731014847,1,65,2071,网络游戏,射击游戏,http://i1.hdslb.com/bfs/archive/d5c538f23d3e06c14ab8070bfcc7733621cb61d7.jpg,6w腰射流维克托9，无脑秒杀四套,1754375777,209,71159799,可爱的团长l,https://i0.hdslb.com/bfs/face/6ba7928539ffebefaf656fbf8ddd74a5d349e905.jpg,1295864,"御姐音,电子竞技,萝莉音,暗区突围2077联动,史,维克托,操作,教程攻略,暗区突围",253881,383,411,5757,868,278,0,0,16009
BV1QP8FzyEjW,114902018559788,1,250,2088,出行,社会观察,http://i1.hdslb.com/bfs/archive/6f365de6e37831529c47d5df95ced927d14e0743.jpg,贫困学子靠捡剩饭自学高考612分，却放弃上211坚持复读目标清北,1754524800,1888,3493117728656046,摩的司机徐师傅,https://i0.hdslb.com/bfs/face/5c62273a893cd5a4ddfd30d2790888250283cae2.jpg,1365572,"正能量,高考,校园,翻宝箱,人物纪录片,乞讨,流量卡,三和大神,清北,社会纪实录,社会切片计划",174853,4090,2353,1786,2767,1629,0,0,7050
BV1pYtGz4E7q,114969899241661,1,76,2152,美食制作,美食记录,http://i0.hdslb.com/bfs/archive/f96599e9b7f224a2a3a9820ff649633573e1a8a5.jpg,三个巨无霸吃一个巨无霸汉堡！妥妥健身餐！,1754301734,213,3546821659986396,猪猪狠爱吃,https://i0.hdslb.com/bfs/face/1f08ec519cd34452ea061ae8289b9fd48dead326.jpg,52879,"美食制作,吃货,美食,厨艺,记录我的美食日常,汉堡,巨无霸,健身餐,Vlog",447110,551,637,1503,1278,750,0,0,25716
BV14RtJzsEcS,114975804755481,1,17,2079,单机游戏,其他游戏,http://i1.hdslb.com/bfs/archive/e63665db031d07f222c1b1136413b30410da6e34.jpg,极度重口猎奇的国产独立游戏 RPG【薨愚虻 第一期】,1754391609,2958,11218501,Airly_,https://i1.hdslb.com/bfs/face/93140fac5750d457f51d9e7db8129517365dd981.jpg,78205,"RPG,猎奇,惊悚,游戏实况,心理恐怖,重口,推荐宝藏游戏",72717,330,178,6178,692,393,0,0,7593
BV1sstczAEtR,114979629958608,1,228,2089,人文历史,时政解读,http://i0.hdslb.com/bfs/archive/3af2f18ff2f305f2c65f4dc545d372736e017bcd.jpg,“我才是退群王！”退而不滚？印度为啥成了国际外交界狗皮膏药？,1754474400,927,316627722,世界见闻录,https://i0.hdslb.com/bfs/face/418ca1ae96680bc7d681a842d730e2057955850f.jpg,1712789,"财经,社会,外交,印度,uwant,不发臭洗地机,友望云朵2.0,国家,国际,经济",684910,2678,1108,4822,2598,338,0,0,35358
BV1bzt3zYEur,114970821923833,1,21,2104,日常,自制发明/设备,http://i2.hdslb.com/bfs/archive/db295f331a20730c82c6322b685e8a4919f2341c.jpg,上个月工作报告,1754316441,91,2068622664,猪坚强jqsg999,https://i0.hdslb.com/bfs/face/9c96f2865b9ba331b7318758f2d34916c6804565.jpg,1227368,"机械,自制车,大人也要玩玩具",1561579,833,1345,12293,8048,1758,0,0,140148
BV13etFzMEL5,114980183675595,1,17,2071,单机游戏,射击游戏,http://i1.hdslb.com/bfs/archive/9b329a0dd32d87020868812536fbac68fb35b06b.jpg,大兵66也是简简单单拿捏！拯救大兵这一块，还得是哈吉杨,1754458657,906,3546742700116050,杨齐家_,https://i0.hdslb.com/bfs/face/defa8623598cd28298afa21e9f01e46593230610.jpg,1684348,"三角洲行动,三角洲鼠鼠拯救世界,三角洲破壁新赛季上线",1493505,18751,1823,11723,6209,680,0,81,87812
BV1A282zYEv4,114947451326385,1,17,2077,单机游戏,休闲/小游戏,http://i2.hdslb.com/bfs/archive/684e6b7f35fad942c2a72ef1e4ca60961198d7a3.jpg,指导新角色：头羊,1754019000,218,3546562489748303,头牛o,https://i2.hdslb.com/bfs/face/5228dc4405fa65c7b96a9278dc1a634beaabae2c.jpg,255619,"单机游戏,植物大战僵尸,娱乐,搞笑,指导版,休闲益智,沙雕,植物大战僵尸1,推荐宝藏游戏",1747212,1850,1644,14329,1930,433,0,0,44523
BV15hh3zSEFi,114963741940992,1,21,2196,日常,职业vlog,http://i0.hdslb.com/bfs/archive/0fe87e4e7af43564cc330b0b9dcba9c75b9edbe2.jpg,坚强社恐外卖员,1754214900,235,3546595893184682,基iz崽,https://i2.hdslb.com/bfs/face/79c7f3e0e7af14ff9a16d04f716a034171916f56.jpg,595900,"生活记录,外卖小哥,vlog日常,社恐,万种生活碰头相见",1320317,756,1214,8525,10043,1001,0,0,88698
BV19qhPzaEqu,114959749024578,1,31,2020,翻唱,翻唱,http://i2.hdslb.com/bfs/archive/3500cb6e16fa474d9f3f5b22ae9770863fa06659.jpg,今晚听夜雨,1754146658,25,689808143,流星雨4536251,https://i2.hdslb.com/bfs/face/a4a2fa661cf165b94628a6e73440f4950799669a.jpg,77832,"姐妹唱歌,听夜雨翻唱,听夜雨DJ",461462,46,191,3613,1050,264,0,0,58213
BV1PCh8zsEsX,114958507577064,1,210,2201,模玩·周边,潮玩玩具,http://i2.hdslb.com/bfs/archive/b07a19f6d3399276fb332ca4520fa12532e57584.jpg,兵人领域最强工艺JND1/6小丑兵人测评,1754128584,286,236442514,肖恩阿切尔,https://i1.hdslb.com/bfs/face/33fa3c9caeed230824b1ccfb9aed21e151f6c45d.jpg,136701,"测评,小丑,模型,JND,兵人,希斯莱杰小丑",4863745,13922,2473,37977,6390,12259,0,9,249866
BV1LkhJz5EEd,114951930776157,1,254,2154,亲子,剧情演绎,http://i0.hdslb.com/bfs/archive/e12b60d59b8302cd6c4396bac6115583f7676be3.jpg,个别农村博主的套路,1754027458,87,3546640096954436,周小闹是周小闹,https://i2.hdslb.com/bfs/face/3c1e9f0e717c007cac23199fe9a704ccb3b35366.jpg,794262,"搞笑,生活记录,乡村",1944911,141,202,7045,626,166,0,0,50239
BV1CytFz8E81,114979864841285,1,172,2076,手机游戏,女性向游戏,http://i0.hdslb.com/bfs/archive/eab219d07ed6f49b6ec08a315a149f470ba1eea7.jpg,《时空中的绘旅人》「恋恋奇踪」活动PV首曝,1754535600,79,441833336,时空中的绘旅人,https://i2.hdslb.com/bfs/face/85445109d31de10ee97006166cb26bfdacffd63d.jpg,864217,"时空中的绘旅人,路辰,司岚,恋爱冒险,恋爱剧情",202048,282,966,1153,1480,984,0,0,9048
BV1eHh8zBErz,114958809434185,1,176,2077,汽车生活,休闲/小游戏,http://i0.hdslb.com/bfs/archive/472f46e1754501d31a87750f9474b4cb8beae38e.jpg,蛋仔派对：挑战不能踩到黄色！什么？嫌弃我通关慢！你行你来,1754132454,184,3546682643974706,二氧化蛋1221,https://i2.hdslb.com/bfs/face/197ac6f06c8276bac77adb58aaec714cca351ae3.jpg,176940,"必剪创作,蛋仔派对宝藏乐园地图",2585004,23,8,26958,2503,10,0,0,26288
BV1nzhGzPE3E,114965419790011,1,76,2149,美食制作,美食制作,http://i2.hdslb.com/bfs/archive/738d6436651d3c3f19c68a740fc5d75bab82ba5e.jpg,把鲜橙变成冰淇淋卷的过程太上头了！你绝对想不到最后的味道有多惊喜！ | Ice Cream Rolls 【ASMR】,1754234395,521,1732349847,Ice-Cream-Rolls,https://i0.hdslb.com/bfs/face/f8b1665ecd80940af3af400e2f6fb2ed4c545924.png,857081,"Cooking,Dessert,Delicacy,Snack,Food lover,Cooking tutorial,Culinary skill,Culinary",447043,2783,514,1933,856,422,0,0,19680
BV1QjhWzmEcC,114954145435559,1,138,2087,搞笑,商业财经,http://i1.hdslb.com/bfs/archive/387c8d0c27be905d6a1a517529f62437eed327a5.jpg,【半佛】不割韭菜，做什么保健品？,1754125200,483,37663924,硬核的半佛仙人,https://i1.hdslb.com/bfs/face/aaf33dced1941af0946f37c62f4b48fcaba9c9a2.jpg,7798133,"职场,科普,健身,学习,科技,知识,生活,营养工厂,韭菜,万物皆可商业",2117206,413,1095,6909,1139,1417,0,0,56889
BV1LJtnzMEXS,114975536322641,1,122,2103,野生技能协会,工程机械,http://i0.hdslb.com/bfs/archive/da069e1d2e20b3b3e7fd77546f092adc86eed43b.jpg,宇树发布 | Unitree A2 星际猎影,1754387992,127,521974986,Unitree宇树科技,https://i0.hdslb.com/bfs/face/1743e687547cc74932c4fec36c675c69306978bf.jpg,542163,"跑酷,工业机器人,机器狗,智能机器人,四足,宇树",1083026,2451,4183,4200,3834,5977,0,0,58405
BV1QxtnzPEa4,114975469342019,1,171,2070,电子竞技,MOBA游戏,http://i0.hdslb.com/bfs/archive/e2016da8c474b72406df21331573519f94102cdf.jpg,斗魂10.0计划！第五期！4来财+61锻体+10.0石头人！石祖来了！,1754386993,840,51325330,不死斩剑圣,https://i1.hdslb.com/bfs/face/eb40e11b3363d98837dcfb41dd6a4628d3bc3f6f.jpg,225560,"剑圣,网络游戏,LOL,电子竞技,英雄联盟,MOBA,石头人,斗魂",253262,1095,1461,630,1088,3748,0,0,8620
BV1Kst5z6E2Y,114971157466009,1,21,2152,日常,美食记录,http://i1.hdslb.com/bfs/archive/a47806ced0e5fb595dbef56d3660fd0b348a6e3a.jpg,不装了我摊牌了,1754321597,34,3493269774272811,不是唐嘉琦,https://i0.hdslb.com/bfs/face/6d38e584395f4223678d881a6b1ea2c99225b788.jpg,83602,"唐嘉琦,秒开仙人模式,冰红茶,雪莲",1039767,864,2331,9320,554,2646,0,0,96710
BV1LjtEzaEQ2,114974731016110,1,65,2071,网络游戏,射击游戏,http://i1.hdslb.com/bfs/archive/2a5baab76b14774c3d2fb7a9cbab02c302154549.jpg,【老鼠人行动】航天基地（G3）45w→???w,1754376247,397,403637371,老飞宇66,https://i1.hdslb.com/bfs/face/25d6b747d51cd07f6ae01a1145225f9be7fbdc5d.jpg,2559877,"三角洲行动,三角洲破壁新赛季上线",683073,8681,1042,3673,2306,722,0,0,47625
BV1khhHz8EeF,114952954253213,1,250,2158,出行,旅游记录,http://i1.hdslb.com/bfs/archive/465a6abde52cee2c5b309551180e7086964567a0.jpg,时隔多年重温流浪的起点,1754043105,337,3546864588687507,浪客小北,https://i0.hdslb.com/bfs/face/13c7e26d400c6f168d64173b3fe580ae9ec0ac54.jpg,264535,"流浪,第一视角,浪客,寻找100个宝藏vlogger",390008,288,592,2576,4704,328,0,0,35980
BV1P5tKzLEWT,114982968625246,1,21,2026,日常,乐评盘点,http://i2.hdslb.com/bfs/archive/ade83dcc01050d19e39815f137cfe7447ad6bfac.jpg,【邓紫棋的VLOG】幸福开箱 之 【启示路】恒藏版小说！！！,1754535600,832,1889545341,GEM鄧紫棋,https://i0.hdslb.com/bfs/face/ea989809f658d45c3ca9510cb5becb142f7a0642.jpg,2187152,"开箱,小说,GEM邓紫棋,VLOG,科幻,邓紫棋,音乐连续剧,启示路,邓紫棋小说启示路,启示录",125898,1477,1364,4275,7387,1216,0,0,13000
BV1JehJzSEra,114952350211088,1,176,2077,汽车生活,休闲/小游戏,http://i2.hdslb.com/bfs/archive/82d1bd70309cf1c4b98da0ecd0d7f1f3c7d6bef1.jpg,我太奶团最擅长的就是搬箱子和垫箱子了,1754034507,258,3546767706556480,蛋仔派对太奶团团,https://i1.hdslb.com/bfs/face/e9377e8c8e1da91b0e8e071c1e86b2bddd834e88.jpg,75626,"必剪创作,蛋仔派对宝藏乐园地图",3924513,84,67,107261,11731,12,0,45,106090
BV1qthVz8Em9,114964882857043,1,47,2037,同人·手书,同人动画,http://i2.hdslb.com/bfs/archive/eb103100da7e1858eb0d62c02d33cec33b76e4fb.jpg,你成为了雷杰多的人间体 来到原生之初去教育土著P37,1754299800,672,1415483599,磷火动漫,https://i1.hdslb.com/bfs/face/661e0d82e5a2bb135ab6db4e0a28fc12aa272888.jpg,947834,"小说,奥特曼,磷火宇宙,原创漫画,雷杰多奥特曼,爽文推荐",1014362,2616,762,30394,4400,162,0,0,34734
BV11ChnzaEkc,114953675606824,1,172,2073,手机游戏,动作竞技游戏,http://i2.hdslb.com/bfs/archive/33c868af982247643946e16c1f9e67518887d146.jpg,带 土 大 冒 险 ！,1754301600,142,321563149,恶人爸爸5,https://i1.hdslb.com/bfs/face/02058813ff3882973810275f2d268e5c07a8712d.jpg,59188,"宇智波带土,火影忍者,游戏,忍战带土,火影大冒险,火影忍者手游,推荐宝藏游戏",407078,211,204,4842,806,712,0,0,21198
BV1CuhnzdEdi,114951696029596,1,255,2152,颜值·网红舞,美食记录,http://i2.hdslb.com/bfs/archive/d2e58701ef924779eeac7c8f29ab7d480b01b910.jpg,挑战火鸡面放在眼前一口都不吃,1754023910,48,511373761,辣椒素素素,https://i1.hdslb.com/bfs/face/a271ea1d2268674488f7e1a5d14b0ad54b85d0a5.jpg,496037,"吃播,吃货,直播,辣椒,辣,火鸡面,辣椒素",559757,238,1063,3862,1171,934,0,0,47673
BV1MZtcz6ECm,114981207016721,1,76,2152,美食制作,美食记录,http://i0.hdslb.com/bfs/archive/518097e1cc44b747b311461928267802f0329d13.jpg,龙吟石榴,1754474315,73,3493120727583319,Mima-密码,https://i1.hdslb.com/bfs/face/c12fa6590203bcfa9998331257aa177e72309d14.jpg,431267,"馒头,龙吟石榴,石榴馒头,记录我的美食日常,馒头仙人,石榴",189465,165,212,746,2791,268,0,0,15698
BV1hX81zzEJw,114947971421363,1,65,2071,网络游戏,射击游戏,http://i0.hdslb.com/bfs/archive/ddacd64d7d25cea5d68c916f3113bb42a285f19e.jpg,《睡前必看asmr助眠》,1754013600,205,669062951,残月手速亡,https://i2.hdslb.com/bfs/face/e9383fcf3853cd32db2cfc47e1ca5f8674da8d80.jpg,311875,"穿越火线,asmr",877161,1320,702,4256,626,1570,0,0,41701
BV1xrh8zREc7,114958322893292,1,29,2018,音乐现场,音乐现场,http://i1.hdslb.com/bfs/archive/965cc9fc833eb631de43ab01ca4fa8a1ba61efc5.jpg,朝阳公园路演，偶遇日文原唱@当山真玲🎬全过程视频,1754125633,471,393114402,北京路演计划,https://i0.hdslb.com/bfs/face/44e44ce4ff07f5194fb47d98f049601f7c98b9fe.jpg,1602,"音乐分享官,音乐现场,日语,LIVE,4K,现场,日语现场,北京路演计划,#当山真玲,朝阳公园,偶遇明星",1009013,574,1948,13865,6253,2981,0,0,97555
BV1F4h4zBEhF,114956359965743,1,126,2063,人力VOCALOID,鬼畜综合,http://i1.hdslb.com/bfs/archive/b207567047ade075cbf8deceb4eebfcdf21c1179.jpg,【哈基米】猛毒注意（完整版）,1754128800,88,519584099,是Ella,https://i2.hdslb.com/bfs/face/72571c356c74e8f7d4598e8d45df0d96378b3c31.jpg,12114,"可爱,手书,鬼畜,猛毒注意,哈基米,鬼畜星探企划",736165,264,2116,76566,21219,9927,0,73,144260
BV1xAtwzTE4N,114981156752750,1,76,2152,美食制作,美食记录,http://i0.hdslb.com/bfs/archive/43bb5cec5a4e0e820fd9f709fd97c27962758d25.jpg,我结婚1天都累死，新疆人结婚要2个月？！,1754474663,1669,8960728,日食记,https://i1.hdslb.com/bfs/face/1300ff9c3e45014f54ab5bd3602790a378ce6ac4.jpg,8970406,"新疆,婚礼,生活记录,记录我的美食日常,乌鲁木齐,大盘鸡,羊肉,抓饭,新疆美食",494425,2127,963,9415,22945,3506,0,0,34386
BV1xBtuzxEmV,114967852358734,1,21,2083,日常,综合资讯,http://i1.hdslb.com/bfs/archive/55f991e18fb63b5b4c1e95b831780d63f268f2ae.jpg,“我的一生就是结几个好瓜，献给人民”,1754270609,1303,456664753,央视新闻,https://i1.hdslb.com/bfs/face/2dc9c34444ba9f8e891fdc98e6c331fa3c02d127.jpg,21835600,"西瓜,哈密瓜,吴明珠,8424",329185,7123,1541,4282,8500,850,0,0,80416
BV1VQtAzpEFk,114982314315510,1,17,2071,单机游戏,射击游戏,http://i0.hdslb.com/bfs/archive/e832328fa9e126d65c77f503267c21392222cbd6.jpg,还真有人去CJ纯玩游戏的啊？！？！,1754535600,747,1372433,Super也好君,https://i2.hdslb.com/bfs/face/b317a89ea78958e7b2aad85a8bf63d29b28c6710.jpg,2773784,"无畏契约,舞力全开,卡赞,腾讯游戏,Chinajoy,Super也好君,符文战场",54301,54,93,788,926,29,0,0,2863
BV1pW81zbEU4,114948290121395,1,182,2001,影视杂谈,影视解读,http://i0.hdslb.com/bfs/archive/a6962c4b68595ff6207dbb71d457e4664febd4cb.jpg,【HP】一口气看完！盘点《哈利波特与凤凰社》原著中没有被电影还原的419个剧情细节！,1753973094,9183,477833444,唱唱反调呗,https://i2.hdslb.com/bfs/face/bb5b932a9e42c3124cde4108a9884a50ca1d8af5.jpg,451507,"邓布利多,哈利波特,赫敏,斯内普,HP,影视,哈利波特与凤凰社,罗恩,哈利波特原著,影视IP观察室",719295,5550,1065,29987,22934,1647,0,0,66867
BV138huzkEzs,114962919853891,1,47,2037,同人·手书,同人动画,http://i2.hdslb.com/bfs/archive/89463191ec5dd044043cc37e0e7cb84ce7d84393.jpg,方源的奇妙冒险：不灭宿命,1754195043,15,183788517,大力村,https://i0.hdslb.com/bfs/face/efdd0aff6f87cceb06e529263c6e7362fd4b0bd1.jpg,11120,"大爱仙尊,宿命大战,仙工开物,#仙工开物,2025中洲炼蛊大会,jojo的奇妙冒险,古月方源",780510,223,1364,27396,9823,7409,0,0,80027
BV1NPtFzZE51,114980502378263,1,173,2079,桌游棋牌,其他游戏,http://i2.hdslb.com/bfs/archive/4cae2e9f398d1457eef242cb64a862862bf2ebc3.jpg,深度||星际战士这么强，为啥要听凡人调遣？,1754474400,1046,523757769,克罗罗啊,http://i0.hdslb.com/bfs/face/50f98f0b296e958c049c05835b73d44bc234bb9a.jpg,284086,"战锤40K,战锤,星际战士",110482,1090,708,1992,1576,163,0,0,7512
BV1F382z4EqS,114947770027939,1,219,2168,汪星人,狗,http://i0.hdslb.com/bfs/archive/9e31e9bbcbfc87276c9c863e55d786948fa5ac7b.jpg,啊..原来小猫小狗就是这么驯服人类的,1753964571,383,3546946425850423,一口一个团up主,https://i1.hdslb.com/bfs/face/33fcb94a59b9c4e52c8e95ef97176c1cf408474f.jpg,382915,"人类,小狗,小猫,萌宠过暑假",449955,872,1358,6035,4918,3225,0,0,73223
BV1WJtMzSEpE,114968640947553,1,212,2150,美食侦探,美食探店,http://i0.hdslb.com/bfs/archive/1e64fec99f36b491e277ed5beddf5db8e5684005.jpg,来了贵州的这一口酸汤，绝对是不能错过！,1754298300,183,662658732,玲子reiko-,https://i0.hdslb.com/bfs/face/a8d629cf26aadac92df23448177860842cc8e133.jpg,1769886,"记录我的美食日常,贵州,探店",300389,135,569,1583,638,1505,0,0,29518
BV1rThtzgENW,114957869914338,1,95,2104,数码,自制发明/设备,http://i2.hdslb.com/bfs/archive/23dddd87915b565a13bf99e4e08b60ee7da2d7a8.jpg,自研麻将电磁炮,1754118554,93,483290174,一个工作台_,https://i2.hdslb.com/bfs/face/5a09ee515d5b436c6d51070f86968a73a2666617.jpg,892,"麻将,DIY,发明创造",1066887,1335,1445,4258,1344,1244,0,0,56684
BV1grhVzDERh,114964463361419,1,245,4216,赛车,骑行,http://i1.hdslb.com/bfs/archive/9aa6f6621a11db517660893ba8dba988f1b444da.jpg,“更离谱的是这样的表现都站不上领奖台”,1754219519,181,5321968,尽墨for车,https://i1.hdslb.com/bfs/face/3db9c7c546cd955cc1f7a1300910f9314e62a86d.jpg,1453783,"骑行,山地车,自行车,极限运动,2025年硬线速降,阿B我想玩户外",589239,537,536,3714,1762,876,0,0,28211
BV1ZRtnzVEFu,114975418879578,1,212,2150,美食侦探,美食探店,http://i2.hdslb.com/bfs/archive/c8fe091a4a6a976a13b36b283678c06e8e153f05.jpg,云南的菌子你好“滇”，采蘑菇的小老外品尝之后光速投降！,1754385887,961,3537122973714533,老王在中国,https://i2.hdslb.com/bfs/face/5cc0f66946ba560d0ccbd8e5bffc45ac94793cf4.jpg,3446461,"生活记录,舌尖真探事务所,采蘑菇的小老外,老外在中国,彩云之南,云南美食,美食探店,菌子",393174,3640,1900,2113,6277,802,0,0,26138
BV1fjtFzUEYa,114980099723424,1,17,2079,单机游戏,其他游戏,http://i0.hdslb.com/bfs/archive/acb6280ce3fd06167aae68fb410549376bfb58c0.jpg,很好的物语游戏👌让我小娟娟旋转❤️,1754557200,806,28880583,娟juanの奇妙妙屋,https://i0.hdslb.com/bfs/face/8223ecbcc9136ea99f5cb44c909f7d16db525db5.jpg,626911,"游戏实况,RPG,可爱,爱氏物语,游戏推荐,娟,memes,meme,推荐宝藏游戏",31961,482,455,1086,1679,181,0,0,5014
BV12ShpzKEwD,114954514470130,1,250,2148,出行,其他手工,http://i0.hdslb.com/bfs/archive/322f6a408f7e667a1bd2ed7916f3f75030313776.jpg,设计这个柜子的人一定是个天才！！！,1754100000,19,26077555,東君小宇,https://i1.hdslb.com/bfs/face/5e7b2c2e1ddc4f9b7b2ace556b243020a3168cf3.jpg,434709,"玩具总动员,迪士尼,高能,设计,家居,巴斯光年,胡迪,家装,旅行攻略UP主激励计划",5084563,408,1864,13502,2153,4011,0,94,180241
BV1Jr8SzYEbn,114949498085123,1,27,2130,综合,健身记录,http://i0.hdslb.com/bfs/archive/4ddff672c3d50f4042a517c656d9daa542b73a32.jpg,肛之炼精术师【特训day93】,1754022000,89,3546719432215285,一颗云导,https://i1.hdslb.com/bfs/face/65e84f82245940e4bf2b2487f0ddd83d714e918a.jpg,147095,"健身,虚拟UP主,电子健身,提肛,打卡,meme,梗图,虚拟主播",302595,81,534,4749,584,2586,0,0,23855
BV1jShAzvEtB,114940941766376,1,250,2158,出行,旅游记录,http://i0.hdslb.com/bfs/archive/c4f5d1021347c795864ef9fac63007a3dc438e56.jpg,英国博主：亚洲最大的高铁站 这也太震撼了吧,1754284800,744,1249671114,Mr有意思,https://i0.hdslb.com/bfs/face/8e73e9397a6acfc8b6c29f0d93ca388a06951851.jpg,1049859,"正能量,生活记录,重庆东站,跟着UP主看世界,老外在中国,老外看中国,中国旅游,重庆旅游,中国基建,亚洲最大高铁站",1143758,4863,3504,13598,20088,1819,0,0,59917
BV1wStnzmEJy,114975200777194,1,172,2064,手机游戏,单人RPG游戏,http://i2.hdslb.com/bfs/archive/85a5ec301718b1a79102c23a83be4411a554f461.jpg,【绝区零】3蓄大能or过渡角色？爱丽丝保姆级攻略！双2影强度超过虚狩？配队&养成全面分析角色教学!配装驱动盘音擎武器养成材料 2.1 版本卡池,1754455500,779,27500557,梦轩dada,https://i1.hdslb.com/bfs/face/434105b91b2a2d7e00ebe8f3da4112acafe1f183.jpg,1588268,"攻略,游戏,二次元,绝区零UP主激励计划,迟吟的浪涌,爱丽丝,教程攻略,夏日特辑,角色养成,绝区零",124177,582,531,1142,1572,195,0,0,6805
BV1FGtFzpEuc,114980485597984,1,47,2037,同人·手书,同人动画,http://i1.hdslb.com/bfs/archive/d1c988396595b8b25de767e687baa38ba2473112.jpg,【原神】臭外地的来我们挪德卡莱要饭来了！,1754470800,194,160972207,NZ75鸽,https://i1.hdslb.com/bfs/face/68eeba2ac6fed57db6212857c57fa35b2c5f9809.jpg,1190917,"原神UP主激励计划,美少女,搞笑,手书,手机游戏,动画,挪德卡莱,伊涅芙,小剧场,原神",93054,432,127,2970,1289,1121,0,0,9023
BV1GXtAzQELV,114982364646680,1,47,2037,同人·手书,同人动画,http://i0.hdslb.com/bfs/archive/f1a530f53ee9ffaddda7781be6226b32cdaf9c97.jpg,【完整版】小睦小莫的天天天国地狱国！,1754491705,231,454569733,宸雨_cy,https://i1.hdslb.com/bfs/face/d0c53ae2d926aa4dd26cb2315dccb602790cdf44.jpg,5937,"手书,完整版,迷途之子,mygo,天天天国地狱国,描改,Mujica,若叶睦,颂乐人偶,bilibili次元论战",189989,128,1137,11893,10903,2667,0,0,23042
BV1pQtFzdE3t,114979982414810,1,172,2073,手机游戏,动作竞技游戏,http://i0.hdslb.com/bfs/archive/4ab9f8bc63a504e498f41bbb64ecdec98943f0a9.jpg,回顾下共计200万成本战鬼杯的历程，再氪2万提升海贼战力，聊聊作为up的思考和期望！,1754456594,1054,38568774,鬼叔黍,https://i0.hdslb.com/bfs/face/b35d79cac0c8d78f1fbb4956bf0d778d272a9dfb.jpg,3192103,"万物皆可游戏,游戏实况,氪金,海贼王,鬼叔黍,赏金,航海王,战力,壮志雄心",422415,372,836,4056,5390,1976,0,0,21328
BV18dhgzCEXP,114964396246413,1,228,2090,人文历史,人文历史,http://i2.hdslb.com/bfs/archive/8ba24b5f7baf6ec553f7351484b09ce5ae3b83ab.jpg,历史上有哪些传世文献没记载，而是通过考古发现的小人物？,1754301600,1867,328359509,长河飞烟,https://i2.hdslb.com/bfs/face/e3df1f0c94c2ecf2630a60521d403363e5557d88.jpg,186785,"黑夫,弘,人文历史档案馆,王钟儿,陈良绍,洪奕,惊,周闻,陈贤",766989,2804,2420,11102,6994,955,0,0,39806
BV1AEhPz1EMY,114959950350983,1,183,2006,影视剪辑,AI影视,http://i0.hdslb.com/bfs/archive/c5b658777fe253c4ab0d4cc36fa4b60aebb8296b.jpg,【配音视频】黑金之理想对撞：想得这么理想，注定有物理破坏甜梦一场。。。,1754149898,148,434414734,那个东爷,https://i1.hdslb.com/bfs/face/8a3881ddbac81eeb5b1dc09963a93d600eafa3bd.jpg,58418,"影视剪辑,黑金,电影剪辑,配音,理想,配音视频,AI配音,影视神仙剪刀手",468513,658,615,3633,5200,3826,0,0,28417
BV18yhVzUE5D,114964496980418,1,216,2063,鬼畜剧场,鬼畜综合,http://i2.hdslb.com/bfs/archive/4c5b34a8307b8cbdec1ff0f40b4aeea6077ee348.jpg,小 乔 佩 奇 刷 过 几 个 子,1754219336,196,256237759,我叫小渔人,https://i1.hdslb.com/bfs/face/590e1bbd098493c86038a94ce240bf80d627a760.jpg,1281902,"搞笑,鬼畜,旺仔小乔,你给我刷过几个子,小猪佩奇,黄绿合战10th-绿队应援",1517196,1900,1730,21015,7084,8756,0,78,105160
BV1xqtnzdEou,114975603492136,1,172,2064,手机游戏,单人RPG游戏,http://i2.hdslb.com/bfs/archive/6b9fb259def3b94c5f484cb398c15d3b0e6f9fb8.jpg,读完给撒旦招出来了⚡,1754388553,65,1038104341,人en,https://i1.hdslb.com/bfs/face/668072bb603319b67fdd6bbed35aaba2dd306fd7.jpg,54502,"UP主,搞笑,崩坏：星穹铁道,崩坏：星穹铁道创作者激励计划,赛飞儿,像素风,q版",483015,131,802,11838,549,145,0,0,58520
BV1B6hgz9Erb,114962483649899,1,219,2168,汪星人,狗,http://i0.hdslb.com/bfs/archive/a24a24c0d5ca6fa514be807298ae1a03acf6166f.jpg,我才是原创汪仔小乔舞,1754188427,18,1356083753,养狗的本质c,https://i2.hdslb.com/bfs/face/5238ec8241e6e59bc45b944b293740fa38ce55c9.jpg,7573,"旺仔小乔,比熊,萌宠过暑假",1124088,924,1698,43289,11382,12329,0,89,146959
BV1wotwzcEub,114980770879197,1,215,2152,美食记录,美食记录,http://i0.hdslb.com/bfs/archive/009af92e9d43e58c8779cfdc4e238c65044bf412.jpg,干了一天的活 累坏了 没挣多少钱 还加了点餐 一点都不美滋滋啊,1754478000,545,3493135445396192,魏光乐呀,https://i2.hdslb.com/bfs/face/03f7a7c6baab652d823529bb523d67e1d8189101.jpg,228275,"生活记录,出租屋,变态辣,炸串,Vlog,新疆米粉",216970,324,181,1830,1085,40,0,0,5966
BV1o54dzeEL8,114976375182172,1,95,2100,数码,手机,http://i0.hdslb.com/bfs/archive/b7effb7b2ff094cce4f52154f3c8819c057809ff.jpg,为了用华为Pura 80，我爸买了一台问界M7？,1754472600,434,1428110495,妮可厅长,https://i2.hdslb.com/bfs/face/b25c1e79bb41667b929a2cf197b53d0ffe1e8330.jpg,170494,"科技猎手,华为,数码,问界,华为 Pura80,鸿蒙5大有不同,眼见帧实 ·B站超高清视频计划,Pura80 丝绒小直屏,直屏,鸿蒙手机",77009,708,191,1906,1844,58,0,0,13699
BV1DYhEzhETv,114950605379287,1,65,2071,网络游戏,射击游戏,http://i0.hdslb.com/bfs/archive/634ae36945914734d439b4652c0c6969a9d28b27.jpg,坏了！玩了乌鲁鲁一去不复返了！,1754007288,244,65991460,绝地飞车-教主V,https://i1.hdslb.com/bfs/face/48e9e3f6dd5ac8c8996e2d005ac2f96a4d21b7ad.jpg,216373,"三角洲行动,三角洲鼠鼠拯救世界,三角洲一搏成名",1091139,412,1194,3787,640,1853,0,0,53919
BV1tqh8ztEuQ,114958306116091,1,65,2073,网络游戏,动作竞技游戏,http://i1.hdslb.com/bfs/archive/78286a949cea1ee8cb855bc3fb56fefaf7c50d78.jpg,七月初七 淮水竹亭.,1754132400,247,3546901792164649,春月cxy,https://i1.hdslb.com/bfs/face/563ed168d6277e974542e7a803642456b9c06df7.jpg,72166,"决斗场,剪辑,火影忍者手游,人间白首",645552,388,716,23330,14102,1661,0,0,53220
BV1TGhbzdErX,114957349817524,1,21,2154,日常,剧情演绎,http://i2.hdslb.com/bfs/archive/f779083684ff340951e94086924cd0d772e2f3e4.jpg,劫匪：收作业了,1754110644,58,695472344,应激兄弟1,https://i2.hdslb.com/bfs/face/ea041df38ef4922b2691ad670dc6af87921084a0.jpg,622778,一人分饰多角,730490,348,267,7909,806,339,0,0,68873
BV1BthVz8ELu,114964882856608,1,17,2078,单机游戏,沙盒类,http://i2.hdslb.com/bfs/archive/fffc5943c546dbc23696e8cb3ef288f7e3bb91a9.jpg,【我的世界|后室】爆肝后室！！3.7平方米的level0？自制后室速通,1754225089,128,384505691,妥协本人,https://i2.hdslb.com/bfs/face/eb4806df7e68dc176fbd7af4a955b85cbb07f8ad.jpg,1477,"我的世界,后室,爆肝",342960,352,531,3048,4026,139,0,0,34672
BV1zqhHzxE4m,114953155579113,1,138,2037,搞笑,同人动画,http://i0.hdslb.com/bfs/archive/3dfe7733d6f6871b6f61512816dc646e2f08a103.jpg,《究 极 超 B 界 大 战》,1754046569,429,321422126,进击的金厂长,https://i2.hdslb.com/bfs/face/339c136489ea2af91bd1d8688ba7259e958ded28.jpg,5119103,"搞笑,二次元,短片,动漫,动画,B站,搞笑小剧场,热血,战斗,鬼灭之刃",2055280,17827,36026,81391,107722,6484,0,7,225967
BV1iTtAzpECS,114982532421627,1,172,2064,手机游戏,单人RPG游戏,http://i1.hdslb.com/bfs/archive/cd53b1eadf13bb0f3c3c45c533ad37e0d0b69428.jpg,《道铁穹星：坏崩》远离星穹——「千面斯科特：星穹列车，不↗许↘发↗车↗！！」,1754539200,397,442761786,陈歌舰长,https://i0.hdslb.com/bfs/face/d39faee108561600857095e235b5348da52fc63d.jpg,7854,"BOSS,崩坏：星穹铁道,崩坏：星穹铁道创作者激励计划,走近星穹,远离星穹,匹诺康尼圣杯战争,千面斯科特,孤狼,斯科特,米哈游",128422,270,434,1742,1112,925,0,0,11999
BV1KjtMzQETq,114968741550329,1,130,2016,音乐综合,原创音乐,http://i0.hdslb.com/bfs/archive/eb941189a24313efa4ba6d35f50703edf2ec2b99.jpg,小娃pt.2--（OfficialMusicVideo）亚细亚旷世奇才,1754287237,141,2010145557,亚细亚旷世奇才,https://i0.hdslb.com/bfs/face/57c02f89b264a290d62f88b432de9c887137f130.jpg,922140,"原创音乐,MV,4K,新世代音乐人计划原创季",1684272,40065,5442,46329,53283,5032,0,7,194322
BV1RctHzuE6N,114975351768444,1,254,2154,亲子,剧情演绎,http://i1.hdslb.com/bfs/archive/0da0a5097acfbaf47830853a5f7eb851b4e329f0.jpg,奶茶店的暑期工，被欺负你会反击吗？,1754384860,127,3546625865681622,小闹小闹丫,https://i0.hdslb.com/bfs/face/d054748608cdc21d149ea1437152a9fae6ba69bc.jpg,26135,"创业,奶茶,崩坏：星穹铁道创作者激励计划,暑期工",1542958,100,368,3309,614,158,0,0,37256
BV1EshVzaEFQ,114964983450217,1,124,2088,社科·法律·心理,社会观察,http://i0.hdslb.com/bfs/archive/2baf83087c35cd81b3716e0ded39217eae6b10b6.jpg,越早知道越少吃亏，律师眼中的人性真相: 没有骗不到的人，只有不合适的骗局【律师老韩x姜Dora】,1754226925,1366,16385920,姜Dora在此,https://i1.hdslb.com/bfs/face/c7f41792e49f6c1977da99adf7dfbf314ac95449.jpg,1563731,"社会观察局,律师,法律,姜Dora,普法,诈骗,反诈,电诈",1423759,4486,2273,36724,28048,20916,0,57,56072
BV1arhPzfEW1,114959631516157,1,65,2071,网络游戏,射击游戏,http://i2.hdslb.com/bfs/archive/1701b8ff07fd8fdf69e149b58264902b205f6e26.jpg,小蓝大紫怎么取舍？哪个到手纯哈夫币最多？物品单格价值排行一图流,1754145055,179,3546927832500833,鼠鼠博士-三角洲行动,https://i2.hdslb.com/bfs/face/2be1baf0c553d602c092122bf7d22b0c4e6e4b69.jpg,27939,"三角洲行动,哈夫币,鼠鼠博士,新手必看,教学攻略",627771,2777,757,14516,1853,3037,0,0,47421
BV1XH4dzfE5v,114976492623145,1,21,2158,日常,旅游记录,http://i0.hdslb.com/bfs/archive/b5b7155f279113a844a7383274338f6b8d9ad232.jpg,高中生挑战300元富游上海,1754406220,505,3546874103466188,泽-在路上,https://i2.hdslb.com/bfs/face/1a39846b536a40b795518fb82ff9f57714ae91e7.jpg,9900,"高中生,生活记录,上海,高中,挑战,记录,学生",192442,732,1446,1856,1184,1262,0,0,14101
BV1WZt7zyENn,114974932338129,1,138,2136,搞笑,跑步,http://i0.hdslb.com/bfs/archive/1d3a04fd766133a244a73f07e8765fc7bff43544.jpg,一个中年男人的1000天自我救赎，成了数百万《一拳超人》粉丝的精神图腾,1754470800,1053,96575424,BB姬Studio,https://i0.hdslb.com/bfs/face/e8ce6c1dff94df6fb5210e900b3569cb29fb5c71.jpg,542839,"马拉松,一拳超人,健身,跑步,堂主,强风吹拂,长跑,中年,男人",63801,193,242,1430,1374,289,0,0,5011
BV1NR4RzEE3n,114976593281501,1,172,2068,手机游戏,回合制策略游戏,http://i0.hdslb.com/bfs/archive/a5645c015ba7568cfab2946b1affda515bb8853d.jpg,逆天联动！月圆之夜最新DLC的真正结局究竟是什么？？？,1754454736,225,29191734,浅唱君Jacky,https://i0.hdslb.com/bfs/face/55eba6f575ced1ae05d6e20b9b5bf360ad0e5d41.jpg,881938,"搞笑,DLC,国产游戏,单机游戏,游戏杂谈,浪浪山小妖怪,月圆之夜取真经,月圆之夜,游戏鉴赏家,推荐宝藏游戏",123187,458,324,2866,2058,1060,0,0,8006
BV1BPtAzsEhB,114980754035486,1,95,2099,数码,电脑,http://i0.hdslb.com/bfs/archive/bffd0e49e4bd71bab9d1c3e77b7556e387eba4ac.jpg,【2025·8月电脑配置推荐】爆肝1个月！教你装一台高性价比电脑！保姆级攻略，2千-2万预算，建议收藏！,1754470343,5303,1538983470,超能搞机,https://i0.hdslb.com/bfs/face/a3bff7bdfd3fcb39f72012052a7636ba4162956d.jpg,120455,"科技猎手,科技,装机,数码,电脑,DIY电脑,电脑配置,配置,电脑配置推荐,台式主机",109445,175,752,7861,7421,195,0,0,9725
BV15fhtzvEWT,114957232377774,1,241,2154,娱乐杂谈,剧情演绎,http://i2.hdslb.com/bfs/archive/8b20df93044830689bc5316f93ccc313f90272c7.jpg,曹操说媒：刘备这个男人能娶吗？,1754108611,242,688489329,混饭达人,https://i0.hdslb.com/bfs/face/e2f6eb40c717fcbe845078b9a5d8f0a08c77baba.jpg,619156,"曹操,情感,刘备,历史,吐槽,相亲,段子,娱乐吃瓜大会",246564,1287,649,3357,1491,3381,0,0,35020
BV1PxtGzwEkD,114970251496176,1,121,2064,GMV,单人RPG游戏,http://i1.hdslb.com/bfs/archive/1eabfcae4286472c9f5aca84a368b9f10a4f8b03.jpg,“时间会证明「鸣潮」终将会成为顶尖二游！”【鸣潮/黎那汐塔群像】,1754364600,119,175333301,哇周某人,https://i2.hdslb.com/bfs/face/a7670c1831893164c62a65a2fa244f337389e748.jpg,243399,"二次元,CG混剪,群像,GMV,鸣潮创作激励计划,弗洛洛,鸣潮黎那汐塔,卡提希娅,尤诺",144370,2751,797,8104,10290,398,0,0,33283
BV1J8tJzkEDu,114976073324668,1,31,2020,翻唱,翻唱,http://i1.hdslb.com/bfs/archive/907dd18ccb22747a0e9f9dc9fe1fd8d68721fadc.jpg,鹿乃 翻唱《 glow 》acoustic ver.,1754474400,284,316381099,鹿乃ちゃん,https://i1.hdslb.com/bfs/face/92a10e8467e7e5a757ded5c7b36b21d1de7275f2.jpg,2072412,"女声,鹿乃,日语翻唱,治愈,日语,COVER,翻唱,keeno,glow",75723,279,2167,6948,12792,1920,0,0,16920
BV1R74ZzgEb8,114979327970770,12,172,2064,手机游戏,单人RPG游戏,http://i2.hdslb.com/bfs/archive/0129d1886954c7e719318ff1f5fd898821660418.jpg,【崩铁】海瑟音综合测评：dot队新成员！武器对比+技能解读+强度展示+星魂提升！！只需等待！！,1754452800,3113,43222001,卡特亚,https://i2.hdslb.com/bfs/face/a86d2a1570f968a7aa57f7d014f7826780900372.jpg,3271608,"卡芙卡,崩坏：星穹铁道创作者激励计划,海瑟音,海瑟音强度,海瑟音测评,海瑟音dot队,海瑟音综合测评",620061,3661,3132,4319,4686,2081,0,0,43315
BV1kxtJz5EDi,114974311584698,1,65,2071,网络游戏,射击游戏,http://i0.hdslb.com/bfs/archive/2af34b2f04b10c9ce1472aab990c2ef8c74abf89.jpg,【跑刀趣事】吔？！海洋之泪？！,1754369090,239,5408366,库库_sama,https://i2.hdslb.com/bfs/face/2c6fc2b14976e62bd925d85129ce87cbacb4a96d.jpg,651049,"第一人称,粥,迈从,三角洲行动,迈从V9,迈从V9PRO,三角洲,主播,游戏耳机,三角洲破壁新赛季上线",273522,230,283,905,617,406,0,0,14554
BV1gdhJzvEn3,114952048219856,1,251,2152,三农,美食记录,http://i1.hdslb.com/bfs/archive/0474d8e39176255e17eeac417dfcb84575d353d2.jpg,小贺今天给老人做《红烧肉大炖菜》来店子头村做饭，老人们都可开心啦,1754122500,369,3494379683580584,威海小贺_,https://i2.hdslb.com/bfs/face/945b63e69381d725bc1c380903b6f1210f2d9977.jpg,82332,记录我的美食日常,111641,255,305,1715,12191,72,0,0,20252
BV1Bm8Mz7EKm,,,,,,,,,,,,,,,"音乐分享官,日语MV,电台新星征集令7.0,JVC music,官方MV,ゆーり",,,,,,,,,
BV1JjhuzHE3a,114963339287914,1,29,2018,音乐现场,音乐现场,http://i1.hdslb.com/bfs/archive/6b0ed82d5809cd0a35c142d032ffba1bdfb5aeb4.jpg,【B站独家首发】张艺兴北京演唱会唱了history，还是得原唱啊！#张艺兴 #张艺兴北京演唱会 #张艺兴history,1754201641,27,482861451,王心凌桔梗花,https://i0.hdslb.com/bfs/face/53d5ea625bd6b0f6c9d614624cd9153b98f2e600.jpg,159434,"张艺兴,LIVE,4K,上海,上海演唱会,张艺兴history,直拍,4K超清直拍竞赛",307428,47,301,1948,740,454,0,0,22297
BV1bzh3z5EDD,114963658115312,1,168,2006,国产原创相关,AI影视,http://i1.hdslb.com/bfs/archive/d8b64626fcc31f83285b71ad69819bf66862071f.jpg,我只花一天时间做出韩立结婴,1754207278,351,3546920945453709,韩胶带本尊,https://i0.hdslb.com/bfs/face/7e63e9892175bd2aa0fba36d5e7b587d5680e3ea.jpg,12130,"电视剧,剪辑,动漫,古风,韩胶带,银月,韩立,瓦卡奖VACAT征集大赛",798254,713,1322,2280,4214,1116,0,0,21931
BV1iChgzQEdM,114964262027707,1,218,2167,喵星人,猫,http://i2.hdslb.com/bfs/archive/484fe81427b1a91cefe38944d7742231dde044fb.jpg,咪有自己的地球转场,1754215717,15,3546894760414025,坦克一斤半,https://i2.hdslb.com/bfs/face/364775b6ab19386fb9c133d501cc4dfcf9c768e3.jpg,49154,"地球,喵星人,美短",3264098,433,3334,102357,25037,30351,0,21,597154
BV1p8tczfEoP,114981441902193,1,182,2001,影视杂谈,影视解读,http://i1.hdslb.com/bfs/archive/a95f4929abd4e9c3658bca2f9a1efeca39794861.jpg,《蜘蛛侠崭新之日》神路透！漫威的阳谋,1754477777,63,2328551,阿瘾是条咸鱼,https://i2.hdslb.com/bfs/face/fb640189cdbd23e76fa737fbae3168f55f7f7378.jpg,335586,"超级英雄,蜘蛛侠,蜘蛛侠4,蜘蛛侠：英雄无归",2296667,301,1674,11359,961,3124,0,91,180983
BV1XPtJzbEF2,114974210924354,1,216,2063,鬼畜剧场,鬼畜综合,http://i0.hdslb.com/bfs/archive/0b3b5b5e4167dd96df0f1bae6ada12ecccd4616e.jpg,真·出生之家（26）旺仔小乔夺舍记 下集,1754367438,388,8034163,浅澄月,https://i1.hdslb.com/bfs/face/28abe5c53184c2705c3c29784733847e930d4487.jpg,1328623,"全明星,鬼畜,搞笑,旺仔小乔,出生之家,真出生之家,恶搞之家,抽象,孙笑川,黄绿合战10th-黄队应援",386784,1615,1003,5292,3961,2310,0,0,39283
BV1Q5hgzrE5e,114962768861934,1,21,2054,日常,二次元其他,http://i0.hdslb.com/bfs/archive/a64490a7a6156d6cd20593743471bf8be7571746.jpg,【罗小黑战记2】官博补充设定整理合集,1754192985,308,13869819,一滩喵饼,https://i0.hdslb.com/bfs/face/cf9dc51745323c6d1ffb359b51df3bc8ba12b371.jpg,945,"罗小黑战记,电影罗小黑战记2,设定,补充设定,必剪创作",118864,327,440,7160,2531,787,0,0,21632
BV1mrtwzgEqm,114981005690117,1,27,2042,综合,动漫评论,http://i1.hdslb.com/bfs/archive/00550addac7726bcae3069c6b41fd5efb90b5030.jpg,几十万就这样花掉！？二次元老钱恐怖如斯！,1754471201,451,80304,亚食人,https://i0.hdslb.com/bfs/face/3f1496f48a5eb840a974fef0fd7db7a3f225fbe7.jpg,1620367,"二次元,氪金,手机游戏,动漫杂谈,游戏杂谈,二游,崩坏：星穹铁道创作者激励计划,人型电脑天使心,老钱",215068,296,375,2034,1268,130,0,0,13175
BV1vahVzoERr,114964899633345,1,171,2071,电子竞技,射击游戏,http://i0.hdslb.com/bfs/archive/5b66de0af4d420ab10969b83faa4b04566a15887.jpg,CF爆破4v8挑战：4名女职业vs8个lol博主！输的人跟王哥表白1分钟！,1754227800,2666,25503580,布锅锅,https://i1.hdslb.com/bfs/face/ab4607609f06096d5960eb541350a0e318ce4eaf.jpg,1824004,"穿越火线,英雄联盟,电子竞技,FPS,搞笑,比赛,CF食堂的电子榨菜,职业,游戏鉴赏家,整活",1083473,25686,5728,7390,16728,2483,0,0,42395
BV1BctAztEEm,114980720674949,1,21,2080,日常,时政资讯,http://i2.hdslb.com/bfs/archive/85d3e70bc5ee56a8d16f170eb0afe97fa02ce52f.jpg,“一个玩笑成为了一位新娘”，消防员小哥分享自己的爱情故事，网友：果然勇敢的人先成功！,1754466797,16,1131457022,人民日报,https://i2.hdslb.com/bfs/face/19a041ba0e78ed43b7a3eab35edfc998eaa7db8e.jpg,17014999,情感,909222,189,723,1109,743,442,0,0,55751
BV1pXtVzYE7R,114971174439916,1,21,2001,日常,影视解读,http://i1.hdslb.com/bfs/archive/a8d2ac3e200a5eca9a963cf8d1d9242b74286c9d.jpg,三国杀up锐评新三国145：呱，公子啊，不是我刘备害了你……,1754359200,1250,8878219,吃蛋挞的折棒,https://i1.hdslb.com/bfs/face/de18d4ff5c0b5dc4c76a56a4ffde6bee9cea6bef.jpg,662342,"三国,三国杀,三国演义,新三国,影评杂谈",381332,6459,2161,1926,12048,297,0,0,18562
BV1yptJzjEGq,114974278030003,1,172,2079,手机游戏,其他游戏,http://i2.hdslb.com/bfs/archive/ad3092a74cffe27b6b3ae6635b950f53e73a118f.jpg,朋友推荐我玩FGO，我是不是得罪人了？【FGO九周年】,1754373600,561,1910020454,谁不重要i,https://i2.hdslb.com/bfs/face/d062d8c6efd378f88e106cdfb55d8b3d5cda8d01.jpg,1286112,"FATE,FGO,fate,希耶尔,兽艾蕾,命运-冠位指定创作者激励计划 第三期,fgo,GrandOrder,泳装从者,FGO9周年庆",423627,9399,2298,3258,1842,821,0,0,34704
BV1hRhgz5EVF,114964413024433,1,21,2158,日常,旅游记录,http://i1.hdslb.com/bfs/archive/919a91fa51581a78ef370d68395bab416ae01600.jpg,开着挖机游全国的路上小何被榕江交警带走了！,1754219942,686,1918776707,挖机小何vlog,https://i2.hdslb.com/bfs/face/49ed3cd1acf202dadecc5aaa27e9ac297896530b.jpg,443154,"警察,旅游,生活记录,村超,开着挖机游全国,贵州,记录,榕江",2244873,3172,1534,18131,17864,389,0,56,96773
BV1v2tAzdEi9,114982431821073,1,47,2037,同人·手书,同人动画,http://i2.hdslb.com/bfs/archive/142f0a69ef8bbb5c3c81aec305ea509785893ae0.jpg,第33集，紫金牛种诡观：是人是诡都在演，李十五计高一筹,1754521200,335,3546683629636415,奇遇紫金牛,https://i2.hdslb.com/bfs/face/1c3eaa203d968d5f6142cb70bc60a5aa3d9cc320.jpg,112077,"动画,沙雕修仙动画,剧情动画,烧脑动画,沙雕,悬疑动画,诡异动画,规则怪谈",61422,88,170,1489,1129,52,0,0,7181
BV1KXhVzVE5K,114964614355257,1,198,2006,街舞,AI影视,http://i1.hdslb.com/bfs/archive/23bdf9d815c5748d48777fe4388a91005e092cae.jpg,我在深圳看到了机器人，路人大叫…,1754221353,55,386120474,Barbin-ili芭比,https://i2.hdslb.com/bfs/face/c1bb2ca8bbbf4042dcdf85ea9780d6222b212308.jpg,726612,"黑科技,人工智能,机器人,深圳",663354,217,722,2330,564,525,0,0,41696
BV1aktJzYEUA,114976207409134,1,138,2154,搞笑,剧情演绎,http://i1.hdslb.com/bfs/archive/cdffb6fd104c588115917ff5dca5260aa6e08690.jpg,老非凡跑山西真实粉丝去了？？？？？,1754452898,201,2055991728,老非凡了啊,https://i0.hdslb.com/bfs/face/21628e8d57555daf6d94c8cd5378b208b113f2e4.jpg,1590805,"搞笑小剧场,#绿源智能超续航电池保3年,绿源电动车",853471,294,424,7183,617,25,0,0,13540
BV1hytJzwEXV,114976257739944,1,21,2088,日常,社会观察,http://i2.hdslb.com/bfs/archive/dfb43cd8c3754c23aa568da63dea8a942378e58d.jpg,200w粉博主执意送外卖，曾直播日入近万曾被网暴,1754452800,620,1567446009,滤镜粉碎机,https://i0.hdslb.com/bfs/face/8ce3100adceacec46f0e031a12404a4d17a865c5.jpg,1060414,"生活记录,社会,正能量,外卖,记录,网红,骑手,社会纪实录",254044,766,531,5917,2635,5370,0,0,8891
BV1dn82zJEgQ,114947736472957,1,138,2092,搞笑,心理杂谈,http://i2.hdslb.com/bfs/archive/198253c7de4c91a0eff049b3d445acf8022096f5.jpg,恭喜你，创造出了一个疯小孩,1753963482,99,3546883385461219,猫meme小山楂,https://i1.hdslb.com/bfs/face/2c0ab4995c2dde5f5927c6d59d6b3db798ee377d.jpg,22302,猫meme,2369416,728,1273,81976,4215,3472,0,0,102741
BV1EihJzEE3s,114952266320549,1,21,2188,日常,自我成长,http://i2.hdslb.com/bfs/archive/681e661dca5c124ed9357fa248a88ffd3f8cf448.jpg,学不进去的时候，想玩手机的时候，来看看吧,1754128800,410,490340432,英语老师晓艳,https://i2.hdslb.com/bfs/face/ec941be9327acdf6c0d30d3b0aaa4390087e0efc.jpg,550055,"学习,手机,学丞,坚持,刘晓艳,学不进去,爱的100种表达方式",239610,572,335,22766,3915,1869,0,0,21294
BV1c7twzoEAn,114980921807701,1,171,2070,电子竞技,MOBA游戏,http://i1.hdslb.com/bfs/archive/d44b340dbfc2bf63ce4dd0aae684aede6d9be23c.jpg,CD越长 伤害越高,1754469759,81,346840052,正义の农药,https://i2.hdslb.com/bfs/face/eb02464a20ada91accc6e50b9a0da3a73068568d.jpg,25536,"娱乐,王者荣耀,司空震,王者荣耀夏日农友节,MOBA",378830,172,139,3676,758,241,0,0,14216
BV1rvtczxENE,114981391635687,1,21,2112,日常,护肤,http://i0.hdslb.com/bfs/archive/1bbae86b64682bc68608fc46016c26ded8367160.jpg,ASMR｜晒伤修复｜镜头涂抹｜护肤助眠🧴,1754485200,1414,176647698,JYsASMR,https://i0.hdslb.com/bfs/face/01438ace77c1fc60617d79c2950237b9792c4d2e.jpg,289800,"催眠,助眠,asmr,放松,触发音",43133,99,215,1372,868,34,0,0,2668
BV1VxtnzPEUz,114975469212619,1,171,2070,电子竞技,MOBA游戏,http://i0.hdslb.com/bfs/archive/cd631b45a20fab8ab4a1574d980070c48d5d034e.jpg,被队友认出来了还好打了个16.0,1754387586,360,1092084298,王者荣耀九居,https://i1.hdslb.com/bfs/face/a64e164729d3d94ffee377347d58443696159f05.jpg,609563,"王者荣耀,二手推荐,二手手机,转转",364380,637,558,2074,649,420,0,0,20334
BV1gd8mzLEG8,114948776657966,1,59,2021,演奏,演奏,http://i2.hdslb.com/bfs/archive/712e4d7ca2fc71ec2465cc225f1cce651063a925.jpg,两根饼干打出千本樱,1753979455,87,1836899949,淩喵,https://i0.hdslb.com/bfs/face/fada56ba345e3f452061efcf192471a24b0bd1c0.jpg,5112,"PENBEAT,节奏,千本樱,饼干,抽象,pb",244047,400,803,2123,2023,503,0,0,27714
BV1nYhJznE8Y,114952366989017,1,182,2001,影视杂谈,影视解读,http://i1.hdslb.com/bfs/archive/dc688b62549afc438664bac766a5f9931a2b37da.jpg,猛男必看榜排名第1！主角光环也抵挡不了黑道大佬的的魅力！,1754042400,773,604710494,长片短解,https://i2.hdslb.com/bfs/face/6ccceba6ec8fe60d700f9f7c2910c08d70b03fe3.jpg,2452092,"经典电影,动画电影,电影解说,二手推荐,宠物,转转,二手手机,爱宠大机密,猛男必看,好剧好片重刷榜",5848906,763,759,23084,1390,780,0,63,58174
BV1B3htzqE6J,114957752474646,1,65,2078,网络游戏,沙盒类,http://i2.hdslb.com/bfs/archive/10de952b7b93febee82912c0be3b1eca9d5884d3.jpg,当我无法拾取掉落物，甚至经验,1754116389,330,35734399,小橙子姐姐解说,https://i1.hdslb.com/bfs/face/7af5ccb8df46b88ff13b172fabbfab94aad5eb28.jpg,2231391,"沙盒游戏,我的世界,minecraft,小橙子姐姐,推荐宝藏游戏",1585661,4390,280,9603,1012,78,0,0,30488
BV15ntnzqEqu,114975586648466,1,124,2081,社科·法律·心理,海外资讯,http://i1.hdslb.com/bfs/archive/80d582c8d7d1ecf17461711bf508bdb1a4ff4226.jpg,一任撒三万个谎但是大数学家：我把药价削了1500%,1754388894,845,346563107,波士顿圆脸,https://i2.hdslb.com/bfs/face/f8f0fc4114bb06a87481abe12faa006a383cbe6d.jpg,5179525,"数学,法律,医疗,懂王,假新闻,医保,MAGA,环球资讯站",806215,4781,2557,3902,3293,1067,0,0,51715
BV1entnzqELH,114975586717412,1,228,2090,人文历史,人文历史,http://i2.hdslb.com/bfs/archive/ab229f6c297673cac8b56603aca7974dd872286f.jpg,斗米命，人肉债：五代十国的百姓有多惨？,1754449200,849,1105349912,杜茹慧,https://i2.hdslb.com/bfs/face/28516950fa5b8839fe9c2bc9b49be3f79ceda791.jpg,287608,"历史,人文历史档案馆,燕云十六声,五代十国",85170,352,446,1425,829,220,0,0,3451
BV1m3tJz9E1J,114974127031848,1,172,2073,手机游戏,动作竞技游戏,http://i1.hdslb.com/bfs/archive/692974e2a796bfbddbeca40672a7ad88e54c2336.jpg,犹如番茄炒蛋加辣椒的绝望感！,1754366059,120,80073800,双叶大摸王,https://i2.hdslb.com/bfs/face/042bf7a4f84e8d3dbcbee40a12641d22d2cc1aea.jpg,75615,"番茄,难得真兄弟,灌伤,绝区零UP主激励计划,火影忍者手游,少女玖辛奈",160746,331,212,609,1072,22,0,0,10148
BV1x6tnz9EEx,114975637051482,1,27,2055,综合,二次元绘画,http://i2.hdslb.com/bfs/archive/ee085bf24c1c47a15e04ead285765b43bada7984.jpg,将《鬼灭之刃》中的六只鬼改造成正常人的形象,1754389219,422,500140286,隔路脑,https://i2.hdslb.com/bfs/face/16c595449a41d556bd99f16881604ab5788578f0.jpg,634501,"二次元,动漫,动画种草激励计划,鬼灭之刃",1145057,2272,1356,10377,3693,4778,0,94,92289
BV1NPtFzfExZ,114980502574245,1,47,2037,同人·手书,同人动画,http://i2.hdslb.com/bfs/archive/5d8b06a8f7a6bbf551e17fbd7f242031eca5b01d.jpg,你成为了雷杰多的人间体 来到原生之初去教育土著P38,1754473249,674,1415483599,磷火动漫,https://i1.hdslb.com/bfs/face/661e0d82e5a2bb135ab6db4e0a28fc12aa272888.jpg,947835,"小说,奥特曼,笑容加,磷火宇宙,原创漫画,电动牙刷,usmile,爽文推荐",121422,2058,636,3070,2633,119,0,0,9580
BV1qitJzqEyJ,114976006083210,1,85,2181,小剧场,两性知识,http://i0.hdslb.com/bfs/archive/4a878fda4cc94b9d90135c9c71ceef0b97c10d28.jpg,为什么那里的味道酸酸的?,1754394944,74,39392099,对话中的暂停,https://i2.hdslb.com/bfs/face/742b4acc37b5c18adb1abcdb27cbd4b6dee3cfb4.jpg,1389326,"成长必修课,味道",229085,85,546,4388,1938,287,0,0,33486
BV1o9h5zhEPP,114965822380547,1,17,2078,单机游戏,沙盒类,http://i1.hdslb.com/bfs/archive/62642e7c3145c037445582cf0143773abee60fbb.jpg,mc萌新展示跑酷圈人均操作2.0,1754239268,72,670240955,Whisky02,https://i2.hdslb.com/bfs/face/475c7f3e9a9c99b066c483f11966c0856964a0b6.jpg,384,"我的世界,菜鸟,我的世界跑酷,我的世界手机版,像素风",230857,2114,357,1643,618,59,0,0,15341
BV1QatwzjEav,114981039245435,1,201,2097,科学科普,AI资讯,http://i0.hdslb.com/bfs/archive/68d1f50d9fc4df45ec78833aa1a8a3629c1f021f.jpg,赛博朋克2025：美国老百姓要和AI抢电用了,1754471812,328,335850246,玉渊谭天,https://i0.hdslb.com/bfs/face/26fcb2de0b98ea9f5996446d9771d2021abb7c66.jpg,1679213,"AI,人工智能,赛博朋克,美国,机器学习,深度学习",116747,383,710,1173,656,287,0,0,10558
BV1hrhPzfEyJ,114959631517866,1,193,2017,MV,MV,http://i2.hdslb.com/bfs/archive/ad94ea1e18c8f16bfbe98ec2f094c38023214ac9.jpg,雨一直下,1754206200,74,3546872622877434,三点半官方,https://i0.hdslb.com/bfs/face/244bb12aaccb5a61212b38dfa32927ad6c6e9a7a.jpg,161541,"萨克斯,DJ,校草,雨一直下,三角恋",1274291,24642,2511,20827,13137,10040,0,0,149334
BV1LhtPzdEiz,114981676848411,1,241,2009,娱乐杂谈,娱乐评论,http://i0.hdslb.com/bfs/archive/bec82ce167505843ede902e344f833122251522b.jpg,维权还是卖惨？赵露思炮轰经纪公司事件点评,1754481448,586,517312875,动物园会议,https://i0.hdslb.com/bfs/face/1abb3a208e4ecbdfa6e8b719247e0c0d21564758.jpg,808966,"盘点,解约,吃瓜,赵露思,娱乐吃瓜大会",234289,3564,1934,1136,1190,685,0,0,11448
BV1gdhHzVEqP,114952685752135,1,76,2149,美食制作,美食制作,http://i1.hdslb.com/bfs/archive/cc9af53bb601a4223df0cfc0dfe0263224de949d.jpg,挑战给动物做“人类同款”午餐，看它们干饭的样子也太治愈了吧！【Nick DiGiovanni】,1754128800,1429,3546752877594842,Nick_DiGiovanni,https://i2.hdslb.com/bfs/face/86dc101912bf3c032259022fcc6d89a549148a35.jpg,257245,"厨艺,动物,美食制作,Nick DiGiovanni,记录我的美食日常,动物保护,美食挑战",1104560,858,153,30833,2615,199,0,0,31292
BV1mAhpzBExM,114952803321273,1,161,2145,手工,传统手工艺,http://i1.hdslb.com/bfs/archive/aba4d40e11a289a1ff2ea560739e296aeffb95ad.jpg,一把鲁班凳传承中华木工技艺，阿成手作匠心初显,1754040829,114,29373131,阿木爷爷,https://i2.hdslb.com/bfs/face/89fc28eef56ece28d706c18435d78fbbe2eaf148.jpg,525595,"传承,技艺,传统手艺,木艺,鲁班凳,我的手工真的很解压",3708385,725,1736,6073,2835,490,0,0,87153
BV1rDtFzxEBY,114979797729537,1,21,2037,日常,同人动画,http://i2.hdslb.com/bfs/archive/548ca7ea12b1394514704fa2d3a473d94fd502e3.jpg,第一视角挑战桃子组（开头出现的cp是粉丝要我说的 大家不要因为cp而争吵……）,1754454114,339,1493265234,支持猪妞的扣666,https://i0.hdslb.com/bfs/face/770fc538b7a1b5d1d5ea5163452f88d1e452b60e.jpg,33645,"猪妞,抽象猎奇,黑白高,藕饼",373413,644,405,12237,692,112,0,0,16695
BV1b2hPzxEec,114959849621752,1,201,2166,科学科普,农村生活,http://i2.hdslb.com/bfs/archive/429846b6a45507e51c3baa625e7c05b3629faa04.jpg,会昌深水河回访，回访是必须的，做事情有始有终，这也是我对粉丝的承诺，加油,1754148521,444,25109224,渔猎齐哥,https://i1.hdslb.com/bfs/face/053c41970279432c8f4701438ea7ffa2b3065043.jpg,332060,"生活记录,加油,粉丝",175124,431,606,1154,15733,163,0,0,52175
BV14Shwz1ERb,114941797341117,1,126,2063,人力VOCALOID,鬼畜综合,http://i1.hdslb.com/bfs/archive/337e0d8dd4600ea305e5ea682f5109fe52d77fcf.jpg,“鬼畜，是不是该剧终了”,1754020500,195,29382783,爱狂三的星总,https://i0.hdslb.com/bfs/face/e9cb715dcbd3521f6a8bcd9b3e92e272544b5f5d.jpg,883893,"鬼畜,鬼畜调教,鬼畜全明星,人力VOCALOID,全明星,黄绿合战,黄绿合战10th,剧终の小曲,传统鬼畜",586992,3544,4669,19206,31881,2251,0,0,80888
BV14itEzUEGZ,114974848520955,1,65,2071,网络游戏,射击游戏,http://i2.hdslb.com/bfs/archive/3a4dd30c840519cd19637e2fe4647eafbaab6f49.jpg,【卢土豆】当威猛鼠鼠邂逅柔情俏皮娇嫩乌鲁鲁，这就是爱与三角洲,1754397900,595,3546932901317389,卢土豆丶,https://i1.hdslb.com/bfs/face/56aed087e4fcbc7d5933c79898495b48a2f3b38e.jpg,71603,"FPS,三角洲行动,爱鼠TV,卢土豆,跑刀,鼠鼠,三角洲破壁新赛季上线",252855,688,428,8932,1183,25,0,0,15605
BV1jk81zjEum,114947820359827,1,130,2024,音乐综合,电台·歌单,http://i1.hdslb.com/bfs/archive/042dce3e8f74ddc0d79a597fda83896008e9f8ea.jpg,循环歌曲丨《死别 （手风琴版）》“你去哪了小狗水手，敌人已经打过来了，船长需要你的帮助!”,1753965280,3606,3546714564725686,凪海なみ,https://i1.hdslb.com/bfs/face/cc93e8dd57f6f34ff07d84f5b547f9da4f89dd48.jpg,2608,"音乐推荐,听歌,歌曲,死别,循环歌曲,电台新星征集令",354301,371,261,23499,1320,144,0,0,20894
BV11Y4dzHEfK,114976442287475,1,22,2207,鬼畜调教,随拍·综合,http://i0.hdslb.com/bfs/archive/d8c69bc7e14910407f8a364f21c0a98289f89f84.jpg,虎哥多年后说出咬打火机的感受,1754401629,230,1298579146,虎哥二次元教父,https://i1.hdslb.com/bfs/face/9532c3e9b716c364b0af24b645b0e1a5baed1798.jpg,1264571,"抽象,好果汁,整活",391893,623,816,1629,1504,1079,0,0,17400
BV1HDh8zUEcT,114958423563750,1,21,2154,日常,剧情演绎,http://i0.hdslb.com/bfs/archive/8e6c0c82e7e590b60675a3f99783d0b09c338f4f.jpg,《我为你暖了一杯茶》,1754126780,110,46508980,俊鸿,https://i1.hdslb.com/bfs/face/e12c07c423ff4b9edc5577f2fb7032a9f55aef39.jpg,784632,"篮球教学,体育,篮球,野球场,必剪创作,这是我的篮球主场",928207,464,397,3691,1853,661,0,0,82012
BV1HNhNzVEJm,114959379864243,1,172,2071,手机游戏,射击游戏,http://i1.hdslb.com/bfs/archive/76c6efa98a894f5f2d2dabbb5d3d9222b6afeecb.jpg,教大家免费白嫖官方发的红【GTI中心特别支持】,1754141235,145,2063040064,不败新知缘,https://i1.hdslb.com/bfs/face/18037a47077b0f23d4a8c29fac19ade7f1f66599.jpg,14109,"三角洲行动,GTI中心特别支持,鼠鼠,跑刀,萌新攻略,大红",565614,2077,1210,23757,1880,4365,0,0,31680
BV1FXtnz1E8r,114975234332369,1,172,2064,手机游戏,单人RPG游戏,http://i1.hdslb.com/bfs/archive/559bfbec86b2ebc89cca0261a32ec26183354fd0.jpg,5.8幽境危战难度5攻略！6个平民阵容推荐，通关技巧讲解,1754445600,814,31922771,Leah莉娅又迟到啦,https://i2.hdslb.com/bfs/face/eb4248f80af971d230eeb95cbc95ab6e23c546e5.jpg,380148,"原神UP主激励计划,二次元,幽境危战,N5,圣遗物,攻略教学,游戏攻略,难度5,原神,原神高能团",262154,751,3247,1278,4131,788,0,0,11518
BV1HrhxzuE72,114956930386904,1,138,2071,搞笑,射击游戏,http://i2.hdslb.com/bfs/archive/471300fcf746d8a305d57b3a7494d870b8047f7b.jpg,亲子照？,1754126522,96,1098173832,宋云生-,https://i0.hdslb.com/bfs/face/fca17ec3de184b038620eca0043c57d282c58ba9.jpg,1516160,"FPS,手游,无畏契约手游,无畏契约,无畏契约端手大展台,搞笑研究所",2600921,427,274,5456,3066,1388,0,0,108178
BV1gYhuz6EgP,114962953408051,1,21,2071,日常,射击游戏,http://i0.hdslb.com/bfs/archive/c03b376dbeeb922d4f86c5b02439f8be1f54279a.jpg,感觉你是那种人6.0,1754195539,35,1666628639,小怂弟,https://i2.hdslb.com/bfs/face/e922f4c94186a0fa905c771f051c1fe40a8df5d7.jpg,277984,三角洲行动,1209036,195,661,26317,1164,6078,0,0,46477
BV1W4tGzhEaD,114970234784728,1,252,2040,仿妆cos,二次元线下,http://i0.hdslb.com/bfs/archive/f06c911c3e226eda590133f1d49b0160854bb678.jpg,谁教你这么送桃花运的？,1754307220,176,560647,坂坂白,https://i1.hdslb.com/bfs/face/dbab0bb10936b9e822c6927b442e0859963d12c2.jpg,1077166,"非人哉,cos,坂坂白,熊喵来了,动画种草激励计划,一代人有一代人的神,非人哉熊喵来了梦幻联动,探店",612366,1629,258,8298,1204,389,0,0,27429
BV1sCh8zWEc2,114958507443524,1,138,2156,搞笑,UP主小综艺,http://i2.hdslb.com/bfs/archive/66c0731088c41d5901e21fb9116724f65be0516a.jpg,我先走一个⚡️,1754129614,325,226231535,智勇双全富贵君,https://i2.hdslb.com/bfs/face/f63d4962dd2dcf4d2cc9cae63cd01a2049f32dab.jpg,2210941,"排球少年,开箱,OPPOReno14,OPPOReno14排球少年联名",2874973,2972,1161,23163,4441,1177,0,58,109367
BV1xAtwzTE96,114981156752224,1,121,2064,GMV,单人RPG游戏,http://i2.hdslb.com/bfs/archive/3b15f2b6e61e97249026d9f76fd77f2614ae6b46.jpg,☝️🤓发给你玩原神的朋友然后什么也别说,1754473480,168,382349038,不摸鱼的海,https://i1.hdslb.com/bfs/face/d6d8f04aa18037868a4ef01e6b413b0d43c83363.jpg,57969,"原神UP主激励计划,GMV,娱乐,整活儿,原神夏日度假村,阿夏,班尼特,原神",273471,994,954,11751,7710,5979,0,0,48524
BV1RWt3zCELp,114970654213707,1,172,2063,手机游戏,鬼畜综合,http://i1.hdslb.com/bfs/archive/b51916ab0c1211ae159ffc38d18bb2d88d328add.jpg,你好，请支持羽生萌萌香.exe【明日方舟】,1754313096,72,431332411,烈空哇塞,https://i1.hdslb.com/bfs/face/acc5f4ee93b4c8dea63bb55fd0a7f8562e566cb1.jpg,10734,"鬼畜,新皮肤,明日方舟,斩业星熊,羽生萌萌香,美式鬼畜,冰,墟,整活,明日方舟创作者应援计划",285916,105,356,4604,1463,1191,0,0,25789
BV1Egtnz5EzD,114975972527294,1,164,2152,健身,美食记录,http://i0.hdslb.com/bfs/archive/9c0aba305e19f6bbe84e2809f6f2f1baf63ef5e4.jpg,大胃袋良子的16袋泡面也不过如此，也该退去族长之位了！味真足从不假吃只会偷吃这一块！不吃怎么减肥,1754394531,217,375108439,健体安迪张,https://i1.hdslb.com/bfs/face/ca11730e9ee291f15901562e79157999996e58b4.jpg,14578,"泡面,方便面,减肥,试吃,族长,记录我的美食日常,大胃袋,味真足,Vlog,良子",305579,723,1262,829,1295,920,0,0,12075
BV1do8kzuEZw,114945605834201,1,21,2112,日常,护肤,http://i0.hdslb.com/bfs/archive/84937866050d3d4d17442535097a853dc88cfecc.jpg,感恩大家对红卫的关心和厚爱！诚邀各位宝宝们来直播间！！！！,1754101800,111,3493082846726757,红卫皂业旗舰店,https://i0.hdslb.com/bfs/face/432d6d062cf8e0f1dc43297b770c70d0caed9aaf.jpg,85037,"正能量,国货,护肤,直播录像,羊脂皂,香皂,红卫",272221,132,475,2590,3315,59,0,0,38392
BV1MEhhz8Epj,114958188681679,1,47,2047,同人·手书,虚拟UP主,http://i2.hdslb.com/bfs/archive/4d7cba65a98beb8924d9df5e8f55939bf65d7b61.jpg,不许再问小猫为什么不穿裤子了！！！,1754130300,25,3546778829850973,晚月_Tsuki,https://i1.hdslb.com/bfs/face/3b3b0a1c35bef44ebe6b45b3fcca8e1533313c87.jpg,163394,"猫,直播,动画短片,虚拟偶像,可爱,搞笑,杂谈,萌妹声线,虚拟主播,整活",306452,449,1200,17053,847,317,0,0,43810
BV1ymhnzfEiD,114953692387624,1,182,2001,影视杂谈,影视解读,http://i0.hdslb.com/bfs/archive/75da7ab7c20690b500f9214c6ccfe472c610ae79.jpg,漫威再次烂穿地心！价值观都歪了！千字赤石《钢铁之心》！,1754128800,1653,49960899,BuriedAlien,https://i0.hdslb.com/bfs/face/e41d2f3901e156f708be59a3b4f593779a9adda1.jpg,1351759,"托尼斯塔克,复仇者联盟,钢铁侠,漫威,美国队长,钢铁之心,MCU,复仇者联盟5,万字拉片大赛",2143484,17531,5271,18107,39578,6563,0,44,101560
BV1xStLzGELj,114972046658081,1,172,2064,手机游戏,单人RPG游戏,http://i1.hdslb.com/bfs/archive/f07a742e8a2dbf56631b789878f6f416fa2fb55f.jpg,[全网首发] Saber 1金0T 史瓦罗！打破质疑！见证属于吾王的奇迹！,1754361021,199,488897825,落笔皆为你呦,https://i2.hdslb.com/bfs/face/fbf23d91e07eae5debbf6229913fd76ad9220536.jpg,2497,"混沌回忆,1金0T,刻律德菈,海瑟音,星穹铁道巡星杯,银河榨菜王,巡星大学习,Saber,archer,长夜月",193216,1143,893,1150,618,1688,0,0,12103
BV1tbtjz1EAh,114974093549347,1,17,2077,单机游戏,休闲/小游戏,http://i2.hdslb.com/bfs/archive/90269a466b4b70afd5f0bd92a9b209fbec9bb525.jpg,觉醒后，我拿下了七杀！,1754365551,306,64116958,名游社,https://i1.hdslb.com/bfs/face/0ca11f1f7e159f848be4ef14d87042f0380f47d3.jpg,1200600,"联机游戏,游戏实况,搞笑,策略游戏,娱乐,名游社,沙雕,休闲益智,整点电子榨菜",322319,465,578,2231,1826,151,0,0,21699
BV1zdh8zLEsP,114958104862463,1,215,2149,美食记录,美食制作,http://i1.hdslb.com/bfs/archive/7aa203df21076994505b5706cb266c2cd36b1d0e.jpg,无骨的排，还怎么啃？,1754136000,189,174890586,魔鬼厨房Neo,https://i0.hdslb.com/bfs/face/b8320ecc03c3a33e41bdf48624d50c9cf9ce02a4.jpg,2751317,"烹饪,美食制作,厨艺,排骨,年糕,深夜食堂,夜宵,Vlog,烤排,一饭封神申请出战",433991,502,435,5920,1676,1443,0,0,37070
BV1tfhJzYENa,114952081835046,1,138,2207,搞笑,随拍·综合,http://i1.hdslb.com/bfs/archive/a67bfe899f12b226d61e04957c4d7a15ce5f4bbf.jpg,弗雷尔卓德小品之你们要的来了～,1754029998,68,3546909580987309,弗雷尔卓德-杨辰,https://i1.hdslb.com/bfs/face/e59912641ba4cbaadb857e30085b15cf4dcc6819.jpg,259099,"娱乐,鬼畜,小剧场",3447332,1612,5848,40920,38855,32838,0,15,402930
BV1yrtuzWE7Z,114969630803277,1,95,2100,数码,手机,http://i1.hdslb.com/bfs/archive/0b953d6975a371435f32d11a2a35718600cbd3ea.jpg,轻薄重回第一，三星 Z Fold7 值得买吗？,1754301869,612,483311105,先看评测,https://i2.hdslb.com/bfs/face/043200dcc7c02a68a9ce5587ba5d1ebd785b27bf.jpg,2564791,"SAMSUNG,手机,三星超轻薄折叠旗舰,三星ZFlip7,折叠屏,三星ZFold7",247559,428,663,3351,4269,191,0,0,18823
BV1NEhbzQEnV,114957014272994,1,210,2037,模玩·周边,同人动画,http://i2.hdslb.com/bfs/archive/8fa34aaabc6d3330e0d9fd14e59eeca13b58effe.jpg,独家【功夫定格动画】耗时两年半 爆肝十三万张图片 全明星手办重制经典 致敬星爷！,1754105182,5343,303958346,猛男周贼帅,https://i2.hdslb.com/bfs/face/8cab73e07d2bda7194f6818727bcb261187b35a2.jpg,36619,"定格动画,功夫,格斗,动画短片群星计划",1763041,14120,6114,99853,261902,19776,0,7,269258
BV15k8CzBEJ9,114947048608393,1,218,2167,喵星人,猫,http://i1.hdslb.com/bfs/archive/3f6801c397de5b268c716822873207ab94fd1135.jpg,为什么暹罗猫被称为“绝世好猫”?,1753962000,91,3546873832933955,瞄知道,https://i2.hdslb.com/bfs/face/1746916d848d22a6c046987264fe119ff9c1f0e2.jpg,11480,"铲屎官,喵星人,猫咪冷知识,绝世好猫,逻辑猫,好猫,暹罗猫,新手养猫,养猫人,动物圈新星up主扶持计划",964014,577,2441,13924,967,7117,0,0,74526
BV1p8tczfESY,114981441902059,1,171,2071,电子竞技,射击游戏,http://i0.hdslb.com/bfs/archive/86f973d36c88f2b9ec4f354a86df3838e0a96707.jpg,【莱昂凯】水友给我说绿龙的“马西西”借他皮肤不还，其实事情真相是这样的,1754477938,277,107873360,莱昂凯shyeark,https://i2.hdslb.com/bfs/face/58769a500f3a89de34c4fe78eb38dd0f2e5a6b60.jpg,420161,"电子竞技,CS2,职业选手,莱昂凯,TEAMSPIRIT",372554,399,1215,832,849,845,0,0,16752
BV1MFtwzuELm,114981123129799,1,173,2067,桌游棋牌,SLG游戏,http://i1.hdslb.com/bfs/archive/3d928e9dd518d01c36bbf48fdfce08245e784170.jpg,😋我根本想不到怎么输！【洺阳】,1754477168,656,23175142,是洺阳不是洛阳,https://i1.hdslb.com/bfs/face/c50209e7f0de1196558f17a6078663a130b49b6a.jpg,375078,"娱乐,游戏解说,搞笑,游戏王,桌游棋牌,游戏王大师决斗,游戏王 Master Duel,凯尔菌,卡牌游戏,游戏王决斗链接",228200,988,699,2795,3774,992,0,0,18008
BV1GMhhzTENw,114958239010679,15,172,2076,手机游戏,女性向游戏,http://i0.hdslb.com/bfs/archive/4c3d4eebc65a42d667c7649c2aea79f5f44c25ce.jpg,【无限暖暖】丹青屿+丹青之境 风物任务/见闻合集 瓣之馨/雨之冽,1754124257,6748,1773346,莴苣某人,https://i1.hdslb.com/bfs/face/2a973191e45f611699c85d404baee50163a6f2ec.jpg,5564512,"手机游戏,游戏,丹青季,丹青屿,丹青之境,任务,见闻,风物,无限暖暖,无限暖暖创作者激励计划",197095,261,161,1630,2277,116,0,0,4338
BV1VWh8zME6A,114958792789030,1,213,2149,美食测评,美食制作,http://i1.hdslb.com/bfs/archive/f2728962a7f9056fb52cd74b1e8b9ba75fa06d06.jpg,这碗卤肉饭卖10块钱，能不能赚？,1754213400,269,337521240,记录生活的蛋黄派,https://i0.hdslb.com/bfs/face/9ba6c7a0d3a2ebfe9db2f46219ece98e210d0269.jpg,9096523,"日常,搞笑,生活,吃货,幽默,美食,美味,沙雕,帅小伙,一饭封神申请出战",837240,2461,896,13809,12659,1191,0,0,61093
BV1LyhHzDEvS,114952736083491,1,228,2089,人文历史,时政解读,http://i0.hdslb.com/bfs/archive/baa79fe0c5594bd5a55ae6521696fc39597ef5f6.jpg,欧洲应反思！难民问题为何难以解决，根源到底在哪？,1754215500,780,316627722,世界见闻录,https://i0.hdslb.com/bfs/face/418ca1ae96680bc7d681a842d730e2057955850f.jpg,1712789,"财经,难民,社会,欧洲,国家,经济,欧洲难民",680027,1498,1072,4439,3037,292,0,0,36737
BV19Eh5zsEAT,114966476626686,1,27,2037,综合,同人动画,http://i2.hdslb.com/bfs/archive/a04d33f651271cdb26832236de5cc048d9687c72.jpg,《缇姆利亚》第一集 | 小潮team,1754276400,689,3546922224715867,小潮team动画,https://i1.hdslb.com/bfs/face/54e5a0feca82d061fa8e6e78d860a264cab97bf7.jpg,121118,"高能,搞笑,原创,动画,动漫,缇姆利亚,小潮院长,小潮team,杜海皇,夏日整活大赏",764229,41153,6578,38182,59785,4154,0,18,92148
BV1g14ozAEyh,114977801244551,1,172,2064,手机游戏,单人RPG游戏,http://i1.hdslb.com/bfs/archive/51134a4cb0286a76b73476db8c18dee83f7f105d.jpg,当我尝试拍出爱丽丝的美……,1754452800,136,384667818,小星想叭叭,https://i0.hdslb.com/bfs/face/84437d711796c8900078c6ab86600989ebf21ed6.jpg,569267,"摄影,绝区零爱丽丝二创,爱丽丝,绝区零",384869,204,606,12228,3141,1673,0,0,65228
BV1Pht5ziEMK,114971090355941,1,65,2071,网络游戏,射击游戏,http://i1.hdslb.com/bfs/archive/3f2f09673e2a762b97bd6bd3afa671c202f99487.jpg,剥蒜的情谊42.0,1754362800,104,12705018,NinthA-,https://i0.hdslb.com/bfs/face/90fbf5732bd3bffd6a4d094acec17d30756f581e.jpg,194004,"猎奇,二手推荐,三角洲行动,三角洲搞笑,转转,二手手机",944863,9558,397,5971,828,1226,0,0,52126
BV1dL4ZzrExj,114979344746713,1,17,2078,单机游戏,沙盒类,http://i0.hdslb.com/bfs/archive/543a23da81f7d2a14a0a9dc882b0c40c3579d1b2.jpg,我为MC添加了更多状态栏！只为折磨我的朋友…,1754449200,1503,88197128,锡德JorisSid,https://i2.hdslb.com/bfs/face/d7d65eb922b12acb45b61de639858469be69d461.jpg,304817,"娱乐,沙盒游戏,整蛊,搞笑,我的世界,沙雕,我的世界MOD,折磨,状态栏,整点电子榨菜",1493459,5550,1735,39120,8710,2012,0,41,81968
BV1kHt7zuEix,114973455947064,1,65,2071,网络游戏,射击游戏,http://i2.hdslb.com/bfs/archive/b0eb59ea4384b078241d2f0c030e109a6d8eed8b.jpg,这一枪绝对能载入史册！,1754355800,13,3546856665647986,小川CS2,https://i1.hdslb.com/bfs/face/5a22576385b470c0a9e1320deb732381b339b3de.jpg,36764,"搞笑,娱乐,第一视角,射击游戏,CSGO,CS,狙击,FPS,电子竞技,cs2",958238,218,1479,18729,2942,9393,0,0,108633
BV1yEt7z3ENW,114973556610726,1,47,2037,同人·手书,同人动画,http://i0.hdslb.com/bfs/archive/719e1a7672f378eb72ac839e4f7512e9a0b79280.jpg,抡语第16集，制作时我都忍不住笑了！,1754388000,258,4323652,画师禾月,https://i1.hdslb.com/bfs/face/b737827217ef6eb6c50093d38e23a4c04f38b5a9.jpg,138716,"原创动画,秦始皇,有声漫画,原创,搞笑,抡语,画师禾月,沙雕,大秦,画师百日创作挑战",396832,212,298,7413,2008,81,0,0,21063
BV14E4fzbEUT,114978925319982,1,65,2071,网络游戏,射击游戏,http://i1.hdslb.com/bfs/archive/42c6d0c687617016dba992a360f3ead742173a01.jpg,干员还不拉闸吗 乌鲁鲁为你服务~,1754456700,35,3546631886604757,Lin三角洲行动,https://i1.hdslb.com/bfs/face/6910dcfc7ed08e91e59784d447f3a4b6cd6ca701.jpg,42662,"三角洲行动,乌鲁鲁,航天基地,堵桥,三角洲破壁新赛季上线",174974,54,569,5546,1134,9227,0,0,19468
BV19btwzEE3P,114980871474105,1,171,2070,电子竞技,MOBA游戏,http://i1.hdslb.com/bfs/archive/4e2554be62ad94622b67710d355dd1b11fd9752d.jpg,这，就是当前版本的边路答案！,1754469393,289,694703612,是一只鱼啦,https://i2.hdslb.com/bfs/face/e68a8160aff3418f544207410b61303c92c34297.jpg,2454139,"王者荣耀,101俱乐部,三角洲行动,MOBA",568939,690,778,945,618,302,0,0,25873
BV1fFhGzfEna,114963490277448,1,213,2151,美食测评,美食测评,http://i1.hdslb.com/bfs/archive/a676af1b97d39ad0ca6883bd9874502aca4e3201.jpg,五百多一盒的琥珀糖大测评！真的下血本了,1754215200,205,117291234,野人哥p,https://i0.hdslb.com/bfs/face/6c3574c21c1ac26cf1a739096b8ba0353ef28bc1.jpg,291654,"美食,零食,老外,美食测评,琥珀糖",178295,2041,132,7082,1764,51,0,0,26312
BV13ohHzkEcL,114952870305430,1,76,2152,美食制作,美食记录,http://i1.hdslb.com/bfs/archive/b2543b6e5519263a8b993ee7a83091cbf08f2b47.jpg,又是一年夏天，时间过的有点快，但好在做自己喜欢的事就不算浪费时间！列气！,1754041989,347,3461567196694763,队长0527,https://i2.hdslb.com/bfs/face/aab34fc302ea7c169ea07074beaa89de2e96e8c7.jpg,805987,"回忆,烧烤,青春,生活记录,夏天,记录,人间烟火,v lo g,徐州烧烤,B站超高清视频计划",504843,12069,902,3936,1837,838,0,0,48186
BV1UdhbzxE5y,114959027542752,1,238,2148,运动综合,其他手工,http://i2.hdslb.com/bfs/archive/10a374f72e549fc6646b2c7448959d46d765c178.jpg,我是怎么开始走上做弓的路,1754135930,34,417416987,墨墨爸做弓,https://i2.hdslb.com/bfs/face/22ec138c64dfe0cf2bb8cfd930e5fdd974762323.jpg,9436,"手工,原创,生活记录",835885,58,878,2066,11372,73,0,0,100914
BV1zZtwzbEFZ,114980821142699,1,138,2156,搞笑,UP主小综艺,http://i1.hdslb.com/bfs/archive/d6f1672ecc33c828d7cec0be5b3e8150b71fd7e6.jpg,好像上当了,1754472297,211,226231535,智勇双全富贵君,https://i2.hdslb.com/bfs/face/f63d4962dd2dcf4d2cc9cae63cd01a2049f32dab.jpg,2210944,"美团请你喝秋天的第⼀杯奶茶,美团秋奶免单攻略,秋奶明星配送日记",986250,2087,823,9172,2252,684,0,0,46357
BV1gVtGzgECZ,114970117276959,1,65,2070,网络游戏,MOBA游戏,http://i2.hdslb.com/bfs/archive/b904b33459c15d49b4be2e0dd985d44cd6c05493.jpg,重铸亚连荣光，苍穹血手义不容辞！,1754305049,206,405370021,尴尬的铁根er,https://i1.hdslb.com/bfs/face/cbe228260be3e8d2b49cb2f8dde7a0a41bee1d93.jpg,5398364,"搞笑,电子竞技,王者荣耀,MOBA,亚连",2154894,1385,1503,4419,2547,607,0,0,82807
BV112hnz8Ent,114953709165296,1,168,2037,国产原创相关,同人动画,http://i0.hdslb.com/bfs/archive/aa3ce98044ff87e5265cad34a9a03011b5797f22.jpg,《圣体瞎魂》第二集： 铁血父子正在觉醒！,1754054716,301,3546944630688596,皮亦瞎,https://i2.hdslb.com/bfs/face/92dc75c1cfd158537daa6c7b302b277df2630e1c.jpg,13025,"原创动画,虾仁动画,希望能火",222360,221,221,10683,1555,49,0,0,25675
BV1gChVzJE4P,114964513691731,1,241,2009,娱乐杂谈,娱乐评论,http://i1.hdslb.com/bfs/archive/ea449b2c5699f79fd4a7613649391bc87732a5fd.jpg,【吃瓜】赵露思八问经济公司！正式开撕…赔款、解约、协商矛盾…她的理由真能被同情吗？,1754219398,511,1976558860,天气微凉淡淡月光,https://i1.hdslb.com/bfs/face/92f61e260415a2e7f22b4d44fa676bce2f612aed.jpg,183193,"矛盾,原创,吃瓜第一线,理由,经纪公司,赵露思,银河酷娱",1972482,7382,9987,7747,7235,12662,0,0,50924
BV1NatjzCENs,114973992815349,1,21,2140,日常,体育资讯,http://i2.hdslb.com/bfs/archive/a9d8d717e743be91772eff8197aae7eaa271fc65.jpg,又美又飒！2025年全国田径锦标赛女子跳高比赛，邵雨琪顺利越过1米90，因试跳次数少获得冠军，成功卫冕！网友：滞空感好强！,1754364216,34,1131457022,人民日报,https://i2.hdslb.com/bfs/face/19a041ba0e78ed43b7a3eab35edfc998eaa7db8e.jpg,17015002,体育,626268,238,691,4179,647,1038,0,0,78209
BV15NtGz1EVA,114970536707206,1,176,2108,汽车生活,汽车生活,http://i1.hdslb.com/bfs/archive/d7dd3667483618c0030b14f37e8851ae93ffad4c.jpg,花70万，大家笑我买了台废铁……,1754362800,898,25150941,极速拍档,http://i0.hdslb.com/bfs/face/e9035c3a7089ce7e11d72cb0cf15fa92064b14ef.jpg,3315883,"汽车,老卫士,路虎卫士,二手车,卫士,越野车,老车,汽车文化,汽车修复",684360,5135,1383,4580,15282,1139,0,0,36462
BV1eBtJzKESm,114976056413513,1,219,2168,汪星人,狗,http://i0.hdslb.com/bfs/archive/06908694e8e4ecaaeb8dfb41d91354e95be9810d.jpg,垃圾桶里捡来的串串小狗长大了,1754395499,609,514376446,小恩不是人_,https://i1.hdslb.com/bfs/face/4fb77501e0d418c1e4dff61a06bf756b9b432017.jpg,6333,"串串,汪星人,哈士奇,流浪狗后续,小狗成长日记,混血狗小恩,雪橇三傻,领养,小狗,毛茸茸训练营",97318,297,202,840,912,181,0,0,10614
BV1GKtgzMENZ,114969362500721,1,171,2070,电子竞技,MOBA游戏,http://i2.hdslb.com/bfs/archive/3812651dbfa02eb089c58c32d3989da89fcb0b34.jpg,屯了一年的顶级国宴，只为治好你的厌食症...😋,1754301900,168,88160614,困困君丶,https://i1.hdslb.com/bfs/face/0451880ede12cab7af87e774cad52536934b6bee.jpg,563098,"搞笑,娱乐,下饭,英雄联盟,电子竞技,第一视角,下饭操作,MOBA,沙雕,英雄联盟电竞世界杯",879835,451,189,1219,3532,482,0,0,35502
BV1xptczeE89,114979646734825,1,172,2064,手机游戏,单人RPG游戏,http://i1.hdslb.com/bfs/archive/36632da0fd3df33d364eb8bf1a6b5cb2c9e60e4c.jpg,【原神】幽境危战(5.8版本) 活动攻略/深邃摹结株·虚暗幻变/历经百战的玳龟·坚盾轰霆/历经百战的皮皮潘偶像·百诈瞬变/原神5.8,1754450495,162,431073645,你的影月月,https://i0.hdslb.com/bfs/face/2e32de7b28fc491a28281a22c6ea9f5d195cbdf5.jpg,8934581,"原神5.8版本,幽境危战,原神幽境危战,深邃摹结株·虚暗幻变,历经百战的玳龟·坚盾轰霆,历经百战的皮皮潘偶像·百诈瞬变,游戏攻略,游戏鉴赏家,原神,原神高能团",248417,193,3419,677,522,292,0,0,10375
BV12jtJznE9J,114974345140020,1,245,2108,赛车,汽车生活,http://i0.hdslb.com/bfs/archive/adf90bed78721603f47fd856791b62177ed92661.jpg,一觉起来车没了,1754369365,21,12626355,此奏不是彼奏,https://i0.hdslb.com/bfs/face/7356a93f7d3850a18e002178e94c0b73c32228dd.jpg,753,"痛车,蔚蓝档案,圣园未花,记录,水淹车",918330,565,3417,2566,859,5434,0,0,46691
BV1m5tJzQEaW,114974160590398,1,250,2158,出行,旅游记录,http://i0.hdslb.com/bfs/archive/95b0806c03204989c3422eb7bd3b2ea2b03cbb01.jpg,有一种退休叫一毛不拔,1754388000,265,382986457,结巴老爹,http://i1.hdslb.com/bfs/face/19de520d83b6e17160505785cc769f88500a85e5.jpg,1353270,"搞笑,生活记录,旅游,vlog,山东,蓬莱",261217,387,421,647,1637,296,0,0,10351
BV1CN82zhE9o,114947568829852,1,124,2088,社科·法律·心理,社会观察,http://i0.hdslb.com/bfs/archive/9c0c2dc4442207caec0d4610e5fc974c1c0dbdf2.jpg,旺仔小乔会有什么法律风险吗？,1753961011,189,3546584625186941,183的冯律师,https://i2.hdslb.com/bfs/face/a4c8c5f2d5aaa44932f7145010edfcca2a21ffc0.jpg,980036,"律师,法律,旺仔小乔,法师,抽象,普法,法律咨询,法学生,法律观察局",1449836,2294,3976,11246,3545,738,0,0,115022
BV1x4t5zuEFn,114971140754683,1,21,2197,日常,其他vlog,http://i0.hdslb.com/bfs/archive/8b575bd8b0d1b43aa2f9794bc5d0a64ae36c9b08.jpg,依旧凌晨一点,1754321675,166,3546899950864647,我要睡觉-1589,https://i0.hdslb.com/bfs/face/2549d9d42ff0324b76d6e7e21eb44e1bcc9df315.jpg,218815,"原创,生活记录,记录",781895,350,461,11530,1459,473,0,0,26254
BV1vPtgzBEFk,114969379147810,1,121,2037,GMV,同人动画,http://i2.hdslb.com/bfs/archive/c75588062055cce5b2ed2b10a4da4320679b2fe7.jpg,哇！这个可以给我吃吗~,1754293571,33,21132494,林烟不是大佬,https://i2.hdslb.com/bfs/face/46ad16ee528f3bc3b11b137da97d45983b7a5cff.jpg,170200,"魔性,手书,FGO,fate,saber,阿尔托莉雅·潘德拉贡,迦勒底创作高能团,阿尔托莉雅,fgo,命运-冠位指定创作者激励计划",456827,238,980,13080,11063,1973,0,0,69107
BV1dktgzrEWo,114969228088846,1,21,2093,日常,职场发展,http://i0.hdslb.com/bfs/archive/bb059e4dd799e7035d53d9fa04396e5025b861b6.jpg,如何在课上偷偷写作业？？？,1754305200,562,474257884,萧萧竹-,https://i1.hdslb.com/bfs/face/0e4f43bdab0948491609c48b6c7291332490bbd5.jpg,21838,"作业,高中生活,学习经验,必剪创作",1456040,3013,3754,42038,14703,13384,0,27,101120
BV1ZZhEz5EDA,114952484494006,1,138,2207,搞笑,随拍·综合,http://i0.hdslb.com/bfs/archive/e76326edbce2b2a0d23f29a3af4442171190946b.jpg,【断网补全计划93】外星人攻打地球，旺仔小乔攻打天庭，良子铁笼挑战赛，八岐大蛇圣经，娜种物质，理想vs东风乘龙，懂车帝，武大事件后续，成人奶嘴，育儿补贴,1754046000,547,646732586,瞎问虾猜丶,https://i2.hdslb.com/bfs/face/6507944f196a8c0f2ea81e15e328744e81d10492.jpg,1894781,"娱乐,外星人,梗,搞笑,搞笑小剧场,二手推荐,旺仔小乔,二手手机,转转",2365587,7823,2603,11988,2847,2152,0,0,123244
BV14zt3zYEYi,114970821920464,1,201,2170,科学科普,野生动物·动物解说科普,http://i1.hdslb.com/bfs/archive/9ad50851894edcf53e25f5a3cb1a43e5c9ffc43a.jpg,鉴定咬伤粉丝的毒蛇(23)被五步蛇咬伤竟然打了银环蛇血清？,1754389800,513,25126508,世界记忆大师龙雅,https://i2.hdslb.com/bfs/face/ef459648b3357acf2efbfeae8bb1beb9bd05ecbb.jpg,2683884,"科普,自然,知识,生物,蛇,毒蛇,银环蛇,科学科普,五步蛇,网络热门鉴定",2920400,2838,5634,19255,17559,988,0,25,121737
BV1Tbtjz1Ehv,114974093483921,1,193,2022,MV,VOCALOID,http://i0.hdslb.com/bfs/archive/efa807f4ac418a02255289f96f3949e9dfffe989.jpg,玛莎拉达（マサラダ）入驻bilibili了！,1754388000,52,3546941338159777,マサラダ,https://i1.hdslb.com/bfs/face/9722ff16c047da685a2dc8d7dca509d2d1dd1f6c.jpg,85425,"音乐,VOCALOID,重音テト,重音テトSV,マサラダ,ボカロ,虚拟之声创作计划",368832,2524,7750,17128,14900,7093,0,0,85205
BV1citGzsEhK,114969932731133,1,138,2207,搞笑,随拍·综合,http://i0.hdslb.com/bfs/archive/7b51547cd7e0c70e360de73d3dfcb065243fc6f3.jpg,百万粉丝up主去CJ薅羊毛能薅到多少东西？,1754304091,553,11643866,汤姆的混乱空间,https://i2.hdslb.com/bfs/face/b843951c2a2d4e48eca7ec9d33007a9ae7d8989e.jpg,1725953,"CJ,漫展,汤姆老师,荣耀GT,荣耀400系列,荣耀400,荣耀平板GT2Pro,挑战,chinajoy,整活",501622,1153,1419,9507,7039,936,0,0,35752
BV1UctwzBEw1,114981106489551,1,21,2156,日常,UP主小综艺,http://i0.hdslb.com/bfs/archive/392365aeb2947ccfbca853414f663ee2c0e563ad.jpg,《奇怪的爸妈》,1754472950,696,3546731908171869,是许木木啊,https://i0.hdslb.com/bfs/face/dd7af55fc5361c6a343356958efce19fa6326d89.jpg,1398352,"家庭,爸爸,父母",782805,4302,3653,13023,6179,1597,0,97,85732
BV1VxtnzPEJP,114975469212749,1,95,2123,数码,家用电器,http://i2.hdslb.com/bfs/archive/55772348392562c90ec95dc996ac45552352233b.jpg,一场来自天空的「降维打击」大疆ROMO P扫地机深度清评测,1754481600,566,488818381,科技体验派,https://i1.hdslb.com/bfs/face/6e8c6baabe220cc9d8c1924201ecb185372be409.jpg,262099,"科技猎手,黑科技,清洁电器,大疆扫地机器人,大疆ROMO,大疆ROMO P,扫地机器人,大疆,智能家居,扫地机",60999,225,51,1795,1772,1080,0,0,3688
BV1pFhNz2Eni,114959430192048,1,184,2043,预告·资讯,动漫速读,http://i1.hdslb.com/bfs/archive/fa1fc6256c6d45eaa0f83a63ac6fcca915f9bcf3.jpg,第一集 |【第一集】开局就要被祭天，这公主老娘不干了！,1754142041,534,3546673368271122,江贝塔啊,https://i0.hdslb.com/bfs/face/8bcd6436d09ddaee3a0d7706cd8c8d52127a0542.jpg,62673,"二次元,国产动画",380221,548,759,19419,3768,180,0,0,43572
BV1YxtnzPEhy,114975469279292,1,138,2154,搞笑,剧情演绎,http://i2.hdslb.com/bfs/archive/46b76d7d7b85ea37e668475214b897cae704dc11.jpg,当代父母的迂腐观念（真的是超级无敌真是呀哇哇哇哇）,1754386614,223,68439967,萧枭同学,https://i1.hdslb.com/bfs/face/048bdff2b19e39da8f1aba04a3bd595a073130c8.jpg,2831805,"反转,搞笑,父母,真实,尴尬,2025哔业大戏",359948,561,360,2445,589,178,0,0,32718
BV1Qs4dzoELf,114976526177060,1,218,2207,喵星人,随拍·综合,http://i2.hdslb.com/bfs/archive/22eb9788b93b9ff112c04419bb767612e5cb33ec.jpg,大王请饶命，我一定举起手来,1754402691,209,335575297,在下铁头阿彪,https://i1.hdslb.com/bfs/face/f46d6e58f90e7851703e083de7809564346f1dcb.jpg,1724338,"Q&A,毛茸茸训练营",451730,266,459,12177,3465,160,0,0,28293
BV1wUtnzEEgJ,114975217557316,1,182,2043,影视杂谈,动漫速读,http://i1.hdslb.com/bfs/archive/b10db0d7971a99b42a4e4d540107c1a11f1fb9d7.jpg,家庭暴力、校园霸凌、杀人藏尸结合能掏出神奇道具的章鱼，简直太暗黑了,1754391600,1879,604710494,长片短解,https://i2.hdslb.com/bfs/face/6ccceba6ec8fe60d700f9f7c2910c08d70b03fe3.jpg,2452093,"电影解说,动漫剧集,uwant,章鱼噼的原罪,不发臭洗地机,友望云朵2.0,校园霸凌,奇幻动画,高分动画",520143,5648,1644,14094,5513,3111,0,0,36343
BV1SgtJzsE2t,114974143811798,1,183,2002,影视剪辑,影视剪辑,http://i2.hdslb.com/bfs/archive/1d5d0f58ff2917b343d481813938dbc18436fdd1.jpg,真的很喜欢这种结尾，这又是谁的青春呢？(第二期）,1754366473,197,111578972,前前前世的陌生人,https://i2.hdslb.com/bfs/face/caa531d35eb71a06403da433b0549fe623675dfd.jpg,337140,"电影,周星驰,星爷,剪刀手安利大赛,名场面,回忆杀,大话西游之月光宝盒,大话西游之大圣娶亲,新精武门1991,B站好片有奖种草",494386,605,251,5863,1696,303,0,0,26715
BV11E8Rz9EXX,114935791228234,2,65,2077,网络游戏,休闲/小游戏,http://i2.hdslb.com/bfs/archive/dac04631f8be76c6089b1fd7a80ef778aa57a770.jpg,死亡1000次后，我终于无伤通关了茶杯头所有boss！,1754042400,5300,108423490,巛麻雀灬涛,https://i1.hdslb.com/bfs/face/311f884e89c9ef3bb0bb955cdde2230eaa3c81c5.jpg,594770,"独立游戏,STEAM,游戏解说,动作游戏,怀旧游戏,无伤通关,茶杯头,推荐宝藏游戏",1809112,10813,420,39058,7499,444,0,0,81874
BV1pvhWzvETq,114953944042233,1,182,2001,影视杂谈,影视解读,http://i1.hdslb.com/bfs/archive/1401c818dd5229de7020af184ad579094452bdbe.jpg,“开端”从未开始，真相就藏在开头！不怕剧透的颠覆性解读，十万字细嗦《开端》上,1754105400,13117,479820935,不善言辞的秃秃,https://i2.hdslb.com/bfs/face/93d7f42e08ef889f097de4992adf72fa5e571547.jpg,1002421,"推理,白敬亭,剧情向,悬疑,影评杂谈,解读,开端,拉片,赵今麦,好剧好片重刷榜",869729,13316,2544,22449,23101,1771,0,0,44310
BV1mrtwzgEGP,114981005691039,1,172,2064,手机游戏,单人RPG游戏,http://i0.hdslb.com/bfs/archive/4ebcfa3b4b82b5f090f4970b7cfa5504d1e5e5da.jpg,【真实测评69】重装救星！斩业星熊专九实战测评,1754471830,1123,432131619,绝命笋干,https://i0.hdslb.com/bfs/face/dd225519e6fc79c251d3fc442ab161ca72ced644.jpg,518199,"搞笑,明日方舟,无始无明,斩业星熊,恶业苦果,实战测评,星熊,地狱变相,泰拉探索协会,明日方舟创作者应援计划",447550,1898,3441,3814,8446,2343,0,0,29131
BV17a4RzNE7a,114976845141102,1,162,2055,绘画,二次元绘画,http://i1.hdslb.com/bfs/archive/ed98829e00a6d0ef4f1e628278f07f8a3620b9ac.jpg,头一次画完想吐（〇▽ｏ）。,1754407631,27,621948674,AAA专业产史集团沫总,https://i2.hdslb.com/bfs/face/b4f8b5dffc0c6bc913bd544f7d08d3ee7c8a7e90.jpg,207679,"初音ミク,骸音,初音未来,绘画过程,绘画,miku,一起来画画吧！,简笔画,画渣,画画,摸鱼",325919,67,196,7650,681,350,0,0,63496
BV1a38mzLEFV,114949330306218,1,138,2154,搞笑,剧情演绎,http://i0.hdslb.com/bfs/archive/3282c429efc3290e4bf58e542a15015d949a25f4.jpg,那些年女主人不在家的日子,1754052600,171,639923249,大瑶同学remix,https://i2.hdslb.com/bfs/face/5e3796f6804b0035f0173b830e9aad5ad51385ca.jpg,1566168,一人分饰多角,748438,399,802,2260,3856,378,0,0,89678
BV1yKtFz4EeF,114980552839277,1,65,2071,网络游戏,射击游戏,http://i1.hdslb.com/bfs/archive/d21cf2c8ea37aec63f9eb8f069ae85819f74f827.jpg,逆天小伙立志将三角洲所有武器都科研出最完美战备!今天是k437猛攻监狱!,1754464173,235,499161586,一帆-三角洲,https://i1.hdslb.com/bfs/face/d2bbfc4ea0491d7608bfceee20f3b03628abf7db.jpg,111057,"娱乐,善战行动,三角洲破壁新赛季上线",324194,306,357,13750,968,290,0,0,24461
BV1fohnzXE4m,114953256241317,1,219,2167,汪星人,猫,http://i2.hdslb.com/bfs/archive/6fae3bc7497b4a3b1d0e5fc56741dc16e5923f3a.jpg,人生的旷野怎么能缺少小猫小狗呢,1754048084,217,3546946425850423,一口一个团up主,https://i1.hdslb.com/bfs/face/33fcb94a59b9c4e52c8e95ef97176c1cf408474f.jpg,382930,"边牧,猫狗,人生,汪星人,小猫,小狗,旷野,萌宠过暑假",471830,702,1593,8689,6941,2373,0,0,89736
BV17Hh3zdE5G,114964178145127,1,215,2152,美食记录,美食记录,http://i1.hdslb.com/bfs/archive/d451b121bde0905c809c35125ab4c992229cb195.jpg,本以为下大雨生意惨淡，结果却做了这么多，大大的超出了我的想象,1754214518,443,686483429,叨叨龙和花花,https://i2.hdslb.com/bfs/face/40bb6b67318ad4682c374c1c2cd268b7930f4464.jpg,53835,"家常菜,生活记录,厨艺,创业,美食制作,生意,Vlog",775815,410,316,1657,571,89,0,0,12026
BV1JitGzsE7f,114969932794676,1,162,2055,绘画,二次元绘画,http://i0.hdslb.com/bfs/archive/2af7bf5c7226fb0e13ae378bc7cff9e53836bea2.jpg,如何画阿咬,1754302063,101,1046728747,ArmageddON-ies,https://i1.hdslb.com/bfs/face/64497e7feae49c89782e239da31ff614945ade41.jpg,300,"绘画,手绘,明日方舟",230812,140,499,3734,884,2271,0,0,28028
BV12BtFzeEaD,114980200386072,1,30,2027,VOCALOID·UTAU,音乐综合,http://i0.hdslb.com/bfs/archive/5240b2de3ceb1c5f3bd9bcc169f8bc122abe8145.jpg,Billboard术力口周榜 2025/08/06 2025年第32周（第127期）,1754478000,622,12446725,Elvansphere,https://i1.hdslb.com/bfs/face/cf28c1650a7c8f9f3a845c797d16850588c13513.jpg,172656,"虚拟歌手,初音未来,音乐,VOCALOID,billboard,术力口,音乐榜单资讯",115663,22492,1378,2331,955,1250,0,0,12547
BV1dctHzuEd8,114975351772818,1,171,2070,电子竞技,MOBA游戏,http://i0.hdslb.com/bfs/archive/3c6bf5f0e17bb6c2a0637fbfa292f809875dc3f3.jpg,关羽最终奥义！藏兵术！所有英雄只有一个可以做到!苏打锋,1754384914,77,39560763,Study苏打锋,https://i0.hdslb.com/bfs/face/c0f969795d667f5ccd6ef85ef0b886190629a2f3.jpg,844034,"电子竞技,王者荣耀,苏打锋关羽,蜀国人关羽,MOBA,关羽,教程攻略,苏打锋",1078395,303,1161,4682,2063,4561,0,0,84587
BV1HJtPzPEjf,114982079501318,1,130,2014,音乐综合,娱乐综艺正片,http://i0.hdslb.com/bfs/archive/e2921833cdc5184ef68d4911877e9b0d29cb2e2f.jpg,【NCT WISH】WISH高中学生们的🪽夏日爱宝乐园体验学习➰☀️ |  EVER WISH PICNIC ੈ✩,1754487655,2119,3546586890111682,NCTWISH,https://i1.hdslb.com/bfs/face/c527de1e8dcf2065a4203b7e069e4a521fb6bd11.jpg,349355,"NCT,NCT WISH,EVER WISH,PICNIC",79222,11980,666,2323,1815,485,0,0,6699
BV1YdtAzSEME,114981995615545,1,171,2070,电子竞技,MOBA游戏,http://i1.hdslb.com/bfs/archive/afb527b266dc504453db731e5fbfd226b7abd17f.jpg,新英雄全球赛场首个五杀！,1754486181,38,29992385,iG电子竞技俱乐部,https://i2.hdslb.com/bfs/face/487bf0cb89b58ce6baea91d2f2a5b0fc4a2e17fb.jpg,648010,"IG,电子竞技,精彩集锦,英雄联盟,TheShy,MOBA,GALA,Meiko,Rookie,Wei",446261,121,2504,927,1763,1147,0,0,28283
BV1RrtgzGEko,114969244861582,1,182,2001,影视杂谈,影视解读,http://i2.hdslb.com/bfs/archive/7c900925ec4a99e831ada9a223dd636311bbbda4.jpg,段奕宏演技封神，拍完这部电影后噩梦连连！真实事件改编《食人狂魔》,1754301600,1408,10119428,小片片说大片,https://i2.hdslb.com/bfs/face/949fd3f0b9fe23703c970d494edc41ae52ee32de.jpg,7698751,"真实事件改编,惊悚,悬疑,段奕宏,食人狂魔,真实事件,细伟,好剧好片重刷榜",1172870,1383,373,7296,1974,549,0,0,45739
BV1cVtwz8EY4,114981240571149,1,253,2043,动漫杂谈,动漫速读,http://i2.hdslb.com/bfs/archive/710119a49f2cc0143371f6ae6350a2a78a6790b9.jpg,厨师“下线”！朗姆篇正式完结！名侦探柯南主线1150话小结,1754476555,969,4370617,哀是麦子的球迷,https://i1.hdslb.com/bfs/face/54e0282d67715868e3943b49f8f6f09f7a58608d.jpg,1274647,"名侦探柯南,动漫杂谈,灰原哀,名侦探柯南剧场版,若狭留美,名侦探柯南主线",556225,2549,1926,4916,5317,2913,0,0,19786
BV1vbtLzdENB,114972264762500,1,47,2046,同人·手书,网文解读,http://i2.hdslb.com/bfs/archive/8174f378c03b5a652d3590f86f0c850158b83665.jpg,超常魔王1-3穿越游戏世界 我竟然是新手村BOSS,1754352000,1073,3546905625758527,烤鸭动画,https://i1.hdslb.com/bfs/face/7de710c61f2345b4f94ed431e941cb94ec574659.jpg,7895,"影视剪辑,小说,原创动画,BOSS,电视剧,穿越,原创,异世界,新手村,爽文",262757,1259,156,8215,535,75,0,0,20683
BV1d1hJzGEz3,114951964463844,1,184,2041,预告·资讯,动漫剪辑,http://i1.hdslb.com/bfs/archive/e2071d654f6866584cb540b5566fd3d7feab60b7.jpg,四小妖想象中的大圣！,1754028037,63,479665856,电影浪浪山小妖怪,https://i2.hdslb.com/bfs/face/c60f00b237d3227749bf460442642e04f622e497.jpg,32497,"喜剧,动画电影,电影,国风,小妖怪的夏天,浪浪山,电影浪浪山小妖怪,暑期档,西游,中国奇谭",687766,206,895,4067,1114,1045,0,0,42513
BV16ptPzwEY9,114981710468923,1,253,2042,动漫杂谈,动漫评论,http://i1.hdslb.com/bfs/archive/1385531aa49a96627665870b8b74e6b85c372305.jpg,是哪个神秘组织锤死了樱花动漫？【新番日推42】,1754481806,313,1351379,赫萝老师,https://i2.hdslb.com/bfs/face/0728972dbf88e3e9965ac31aac569a418f40b495.jpg,949590,"搞笑,动漫杂谈,平野绫,谷口贤志,宝石之国,吐槽,新番日推,7月新番,赛马娘,樱花动漫",108824,246,657,1817,1214,273,0,0,8769
BV19n4ZzMEnv,114979227306017,1,21,2165,日常,农业技术,http://i0.hdslb.com/bfs/archive/18c73647e3e3ca828086930d5cdf91248332cc2a.jpg,【央视网超级工厂走进蜜雪冰城】一杯产品的背后是农业的深耕 |🕑8月10日14:00准时播出！雪王邀央视主持人朱广权、央视网主持人常婷一同走进蜜雪冰城工厂。,1754443906,72,48084221,蜜雪冰城官方站,https://i2.hdslb.com/bfs/face/435af63c14c8b7fbd5a7b941454f708cd0b96885.jpg,1691634,"搞笑,正能量,央视,主持人,农业,央视网,朱广权,雪王,蜜雪冰城,三农繁星计划",370760,292,1478,2689,1001,1694,0,0,20902
BV1CShnztEdU,114953608501840,1,212,2150,美食侦探,美食探店,http://i1.hdslb.com/bfs/archive/df3b7b7da5339974ba3fdd1d7f2f484ddf478848.jpg,日本人为了让你多点几串烧鸟有多拼,1754053134,313,1062138057,在日本摸鱼的小超人,https://i0.hdslb.com/bfs/face/2bd8156ed92d7427a1d43dcdb1371ea0c5924216.jpg,839728,"日本,外国人,烧鸟",1867685,1644,1509,3891,2007,576,0,0,70458
BV1ZvtJzMEzk,114976022926974,1,71,2198,综艺,休闲玩乐,http://i2.hdslb.com/bfs/archive/4a803cf7ded903fb654dd38dd6a8dd06539e34c1.jpg,我叫柯蓝，是附近有名的名蒸蛋（6）,1754449200,1282,3913194,高斯Goh,https://i0.hdslb.com/bfs/face/d4c65b5c6be3f9d845c15401173f98b130728851.jpg,5190166,"日常,搞笑,犯罪现场,生活,聚会,推理,沙雕,抽象,小潮team,整点电子榨菜",1795250,33542,3707,44184,59282,2087,0,7,148487
BV1HGtFzpEp3,114980485665328,1,228,2089,人文历史,时政解读,http://i2.hdslb.com/bfs/archive/940240a51ed45d7c9d0b398745c6856d61115cda.jpg,法国怎样才能成为一个英联邦国家,1754474400,404,1612935698,法兰西小欣欣,https://i2.hdslb.com/bfs/face/11ac3f37bd2e8c9e60ecefd5e0f2d52566aceb71.jpg,650716,"搞笑,历史人文,离谱评论,法欣社,薇姿绿标,京东超市黑色期五,抽象,法国博主,薇姿洗发水,给整活儿加点艺术",281214,2023,1667,2055,1881,162,0,0,21264
BV1EXhtzzEnJ,114957299490168,1,17,2066,单机游戏,单机主机类游戏,http://i0.hdslb.com/bfs/archive/460fec390e486a1a2d5292dddd3b58e81f84b1be.jpg,“我是个痛苦焦虑的傻子”，揭露百万粉游戏UP另一面【视频播客】,1754110304,3992,39861398,核电波,https://i2.hdslb.com/bfs/face/a51d64d5419bf243749b789b127da491643bca07.jpg,52936,"任天堂,机核,屎蛋,单机游戏,游戏杂谈,明末 渊虚之羽,STN,最后生还者2,死亡搁浅2,上B站看播客",292684,3446,1086,5673,9616,1134,0,0,13317
BV1cGtFzpEC6,114980485599332,1,201,2103,科学科普,工程机械,http://i1.hdslb.com/bfs/archive/7aba91f7b42c3a1ae0a4a5effffca0fbf19b1318.jpg,32mm子弹来暗杀？用栓狙就是不专业？哥几个这都没听到？【鉴定网络军事言论】,1754470785,449,650899373,装甲车Machinegun,https://i2.hdslb.com/bfs/face/6332d78d7f37b8228d0ea8d7352e96e4b246f5c1.jpg,609845,"冷知识,搞笑,娱乐,军事,枪械,小说,吐槽,言论,子弹,万物研究所",263186,1397,2116,4621,521,458,0,0,30693
BV1574dzYEmM,114976274584679,1,172,2064,手机游戏,单人RPG游戏,http://i2.hdslb.com/bfs/archive/3ca44b73d673564698ddada41ac7e5d882222d29.jpg,全网首发！让阿夏和班尼特再次相遇！,1754398949,1059,449776054,伊甸之伊,https://i1.hdslb.com/bfs/face/dfdcbc224ee65fc000acb0b267cd5f0d9eb871bf.jpg,203197,"原神UP主激励计划,RPG,二次元,冒险游戏,娱乐,教程攻略,纳塔,bug,原神",190023,2289,593,2178,2264,440,0,0,15155
BV1z3h8zLEQS,114958658439775,1,138,2156,搞笑,UP主小综艺,http://i1.hdslb.com/bfs/archive/831e26d160ce28cee7778a12a163e26b1f341262.jpg,逆天！今年上半年最离谱的小学生作业可能都在这里了！？！,1754136000,366,20892823,柠檬派奇幻漂流,https://i1.hdslb.com/bfs/face/35381f14ad45a75b4392642055a3d113e50b03f9.jpg,3069469,"作业,搞笑,石头,吐槽,石头P20 Ultra,扫地机,小学生作业,石头扫地机器人,石头扫地机",1823041,6045,466,27381,3144,799,0,0,70014
BV1wWtJz2EsA,114974261314824,1,138,2005,搞笑,短剧短片,http://i1.hdslb.com/bfs/archive/5c1d1b63814f49ce6c8e97cbe574313759113f3d.jpg,《假装女友》5,1754368124,98,410675812,韩波格_,https://i1.hdslb.com/bfs/face/c3a3d4929b641e1c5d1927241727abc3e7248fa0.jpg,1013938,"短片,剧情向,女朋友",519624,298,287,1988,532,382,0,0,43238
BV177huzDEtN,114963322505348,1,215,2149,美食记录,美食制作,http://i0.hdslb.com/bfs/archive/376ebe7dbfb467f81fac348b999d63bac59c1382.jpg,吃不完的大米粥做成梦龙巧克力蛋糕，糊弄小孩绰绰有余,1754215325,113,1201986019,留意炫饭吖,https://i1.hdslb.com/bfs/face/f4fa26aea4b9077bb23844ceb296e8736027b2fe.jpg,1449207,"甜品,萌娃,谷雨,Vlog,我的养娃日记",1214264,668,468,7206,941,1185,0,0,91012
BV1sktuzXE1L,114969681073044,1,220,2168,动物二创,狗,http://i2.hdslb.com/bfs/archive/da38b818d6d2734b6394f44dbbf99110f1957983.jpg,狗仗人势让你展示的淋漓尽致,1754298551,32,1870883193,猫后生,https://i0.hdslb.com/bfs/face/2314ea25bbc2252b8e1e342893725d19fdc3bbff.jpg,1155304,"汪星人,搞笑,动物总动员",636922,72,276,989,794,536,0,0,28789
BV1gVtGzgErn,114970117277175,1,95,2099,数码,电脑,http://i0.hdslb.com/bfs/archive/26a8f7f2c3aaa31e5f35632b8bfe654cb4722114.jpg,两位家长给大一新生买笔记本，首选华为,1754305355,999,3546902624733812,海虹数码葛小强,https://i2.hdslb.com/bfs/face/c05f06a21556350b28c1967ded6b73483b3b471c.jpg,74837,"华为,笔记本电脑,大学生",609869,4287,9537,2823,2924,2832,0,0,17716
BV1tTtPzGEa5,114981945283499,1,172,2070,手机游戏,MOBA游戏,http://i1.hdslb.com/bfs/archive/70979ec1475205dfe21b5a2a9922a060245aac8f.jpg,虎豹骑的助攻竟然算在我头上，害我打出0-3-3的好战绩,1754528400,216,268941858,磊哥游戏,https://i0.hdslb.com/bfs/face/538b9090c0862782df0662b2176e726eda1c9980.jpg,2472244,王者荣耀夏日农友节,688128,686,1772,1375,1251,360,0,0,40143
BV1hh4ZzaEAM,114979378434301,1,65,2071,网络游戏,射击游戏,http://i0.hdslb.com/bfs/archive/a8881bf1856fb219bb88e22b811ded977eb9d3ea.jpg,号主让我打光他准备的1200发子弹 主人的任务,1754446510,476,3519797,战术级子轩,https://i2.hdslb.com/bfs/face/bf735d494a76c37fd276dbcfe73e3886fbb2cfad.jpg,896462,"第一视角,射击游戏,电子竞技,游戏集锦,三角洲行动,三角洲行动整活大赏,三角洲行动烽火地带,三角洲行动高光时刻,猛攻三角洲行动,三角洲破壁新赛季上线",555114,567,408,3071,867,137,0,0,24344
BV1Mnt5zVEQJ,114970939361940,1,171,2070,电子竞技,MOBA游戏,http://i2.hdslb.com/bfs/archive/5d6e8871f585e8a84683a9f051fdc1528b47de5f.jpg,阿狸的最后一页！,1754317574,198,600187439,还有下次的叭,https://i2.hdslb.com/bfs/face/16257d411b4196d3853dd7647f6d847d85d2d048.jpg,16262,"可爱,英雄联盟,云顶之弈,金铲铲之战,小小格温,最后一页,感动,小小阿狸",160959,333,593,1378,1797,576,0,0,10258
BV115tJzQEi8,114974160588112,1,21,2032,日常,国风舞蹈,http://i1.hdslb.com/bfs/archive/afef08d413a4b169b6a3876300fbaa6f85889a01.jpg,“家人们！真·沙漠蹦野迪！！跳完后竟遇到这样的事…”,1754369322,99,35579222,紫颜-小仙紫,https://i2.hdslb.com/bfs/face/e7f135eb2da6407fa1d5f63fea631e92a01876db.jpg,1664979,"中国风,4K,中国舞,淘宝闪购请你喝秋天第一杯,淘小宝ChinaJoy在线炒菜,淘宝闪购cj请客二次元,淘宝闪购立秋请客二次元,天竺少女,紫颜,我在漫展跳宅舞",574129,1477,588,10617,2818,393,0,0,63850
BV1Ff8qzYEnS,114942216773587,1,28,2016,原创音乐,原创音乐,http://i0.hdslb.com/bfs/archive/f74ec4bcb402b3c627214fdd6d3b0f3f83a89dc5.jpg,英雄主义pt.2,1753977600,143,3546800493431586,在虚无中永存,https://i0.hdslb.com/bfs/face/a6ec4634b49423ce558197e59ca790563f0414cd.jpg,552058,"纯音乐,原创音乐,新世代音乐人计划原创季",554410,4487,5895,54463,22901,3749,0,55,119763
BV1c5hnzpEyf,114951578457776,1,27,2037,综合,同人动画,http://i1.hdslb.com/bfs/archive/a85d8f5d432c3cd64a07e7880894b4d411700afa.jpg,堵桥的救赎,1754022120,201,3546625452542554,自然锦鲤-冲刺电竞,https://i1.hdslb.com/bfs/face/5cc7f4b449595363f6e03abbd1dc153508fcc69a.jpg,347934,"FPS,搞笑,鬼畜,射击游戏,猫meme,三角洲行动,冲刺电竞,自制动画,三角洲破壁新赛季上线",2076333,384,212,31468,1276,305,0,0,47630
BV1YqtLznEbH,114972449314486,1,17,2079,单机游戏,其他游戏,http://i2.hdslb.com/bfs/archive/bf0626c0aead1b428121cc35a4e9bfa642359d8d.jpg,赌博是如何将你的一切吞噬掉的！贴近现实的戒赌游戏！,1754355600,5109,26240675,与山0v0,https://i2.hdslb.com/bfs/face/1dd429855a968c9d22b8ccc000a7aaabe8dbc201.jpg,4961947,"实况,游戏视频,恐怖游戏,游戏实况,单机游戏,实况解说,赌博,戒赌,推荐宝藏游戏",488691,12489,2839,10257,17223,1144,0,0,45283
BV1og4dzTENS,114976358403549,1,172,2064,手机游戏,单人RPG游戏,http://i1.hdslb.com/bfs/archive/78275527740058328906ae18fdd50d8d1b815db4.jpg,丹恒上万年的等待，只因为你是他一辈子只此一次的挚友…,1754400481,217,3546664558135806,星铃拿铁,https://i0.hdslb.com/bfs/face/1c7e01be49a86c97c4984d472a51f7b58b0f3cf0.jpg,32451,"游戏杂谈,丹恒,饮月,荒笛,翁法罗斯,如我所书,翁法罗斯开拓之旅,丹恒腾荒,丹枫,三月七",141616,178,470,4029,841,1075,0,0,8972
BV1e5hxzoEZf,114955001004542,1,21,2207,日常,随拍·综合,http://i2.hdslb.com/bfs/archive/3a8b8ef716cf5ed0a306dcb7dc37be35816a54eb.jpg,【MrBeast 首发】让200万人第一次喝上干净的水！,1754107200,589,1027737427,MrBeast官方账号,https://i1.hdslb.com/bfs/face/d85295bc576e059c1a549d89d405f22311571898.jpg,5474857,"公益,英文,歪果仁,生活,慈善,挑战,野兽先生,MrBeast,整活,整活儿还得看歪果仁",4688556,82429,7364,110123,244013,5022,0,1,608992
BV1wM4Zz7EMS,114977482478379,1,17,2069,单机游戏,即时策略游戏,http://i1.hdslb.com/bfs/archive/a9e9a2d832de18587b9240b3315880e6e26fc9b6.jpg,红警一群三星防空车！拆巨炮就是快，配合灰熊一波拿下！,1754438400,836,1629347259,红警HBK08,https://i0.hdslb.com/bfs/face/66ab5bd4e218aeb663e13b6871b46b2894800416.jpg,2137382,"红警,三星,搞笑,游戏集锦,红色警戒,实况解说,游戏解说,红色警戒2,防空车,即时战略",165411,838,227,504,1764,84,0,0,10896
BV1xh8JzZEr2,114930254614362,1,250,2150,出行,美食探店,http://i0.hdslb.com/bfs/archive/4b2a1397cb13a041d133b11f09b984658c376e6c.jpg,挑战一口气吃14种非洲街头小吃，30块钱吃到撑，非洲赶集太好玩,1754215200,817,528461028,小钟Johnny,https://i0.hdslb.com/bfs/face/8b5dcb61618876d873d9ea0320e52d86616cca6a.jpg,2688445,跟着UP主看世界,1383912,4600,1341,4444,9762,1375,0,0,42011
BV1894fzvESj,114980418556015,1,215,2152,美食记录,美食记录,http://i2.hdslb.com/bfs/archive/ce258d2546cc65c805b037d2bd27c033277c398a.jpg,儿子发工资了，胖龙中午在饭店四菜一汤，有荤有素，真实惠,1754472600,323,649661652,胖龙的小生活,http://i0.hdslb.com/bfs/face/57ea78f573e9003880fc965932a1c93ad145cd59.jpg,2149561,"生活记录,吃货,Vlog",790253,881,639,1817,1637,197,0,0,15671
BV1guhbzZEn1,114957450484919,1,47,2037,同人·手书,同人动画,http://i2.hdslb.com/bfs/archive/f6ebddc7ece7ea9ea7a1022219154fbdcff286e4.jpg,我将全身涂抹老鼠药，这时邻居遛狗进了电梯,1754111704,1257,3536995435415579,叶雪颜悬疑,https://i2.hdslb.com/bfs/face/7579c3db5d5af3db1c74d27de9b26c7aa3e07f31.jpg,202042,"惊悚,悬疑,恐怖,原创",1304311,4063,1033,31360,3412,1397,0,84,99207
BV18P8rzdEtC,114944414588823,1,65,2071,网络游戏,射击游戏,http://i2.hdslb.com/bfs/archive/34c1941cafa81b03fce83e84117e0b8de25a9944.jpg,全是干货！看完100%爽吃潮汐监狱！全网最细节的潮汐监狱地图全复活点思路打法详解（一） 三角洲新老手必看 速成猛攻高手！全网最干三角洲猛攻必看教学,1754013600,8168,286886971,Chris小老板,https://i1.hdslb.com/bfs/face/7996d8ac050c7d38d50ef78b00e48f924d263a49.jpg,43206,"FPS,AixLeft,三角洲行动,潮汐监狱,善战行动,教程攻略,猛攻,地图详解,思路打法,三角洲破壁新赛季上线",170109,869,443,20783,6206,4758,0,0,18199
BV1ZptPzcEbD,114981710335210,1,17,2079,单机游戏,其他游戏,http://i0.hdslb.com/bfs/archive/614a2f1ccacc4549c4ea57d3a773dfb17e11ed25.jpg,好游戏多说几句又何妨？玄学+推理，万字再拆！游戏《乌合之众》,1754481931,2081,17220937,老闲愚,https://i1.hdslb.com/bfs/face/2e2eab49ff0d63ea6314b5fb8b40bf6b8999e557.jpg,2546,"恐怖游戏,民俗,STEAM,单机游戏,游戏,剧情解析,乌合之众,万字,中式恐怖,推荐宝藏游戏",40176,453,233,1295,1361,228,0,0,2576
BV1iFtgz3Ef9,114969697916441,1,251,2149,三农,美食制作,http://i1.hdslb.com/bfs/archive/7c83e30c195b93936762916bffc661b928cef4f7.jpg,最近西瓜5毛一斤啦，搭配家乡其他水果，给兄弟做一锅冰镇水果捞。,1754298482,158,3537105403775193,林中有猪_,https://i0.hdslb.com/bfs/face/825f3738d734a23b99f92a708353518c84e09cbf.jpg,309966,"西瓜,跑山猪,记录我的美食日常,桃花李,乡村,黑猪,水果捞,生态养殖,养殖户,兄弟伙",318683,1243,1060,600,720,1705,0,0,28414
BV1ge8qzSE8j,114942485204353,1,228,2088,人文历史,社会观察,http://i2.hdslb.com/bfs/archive/f724b83077b1c6119630130f96a68d3d1b16d48e.jpg,存着8000枚比特币被女友扔了，他苦守垃圾站17年，现在要买下整座垃圾场,1754038800,502,17555340,辟谣的大舌头LOOONG,https://i0.hdslb.com/bfs/face/ada12a297505dd764390bbfdc6e46a68d0b73092.jpg,168771,"人文,搞笑,垃圾,比特币,挖矿,区块链,数字货币,社科,虚拟币,币圈",1954021,1426,3188,4264,601,840,0,0,55930
BV1K9hLznEFH,114967651028726,1,164,2125,健身,徒步,http://i2.hdslb.com/bfs/archive/9b5259923cc98ba5b1a53e58a7e9fd05a7499497.jpg,他，徒步绕了地球一圈，花了27年,1754267435,101,390668605,刘圣雄,https://i1.hdslb.com/bfs/face/1e25c746acb1781f9d22f07ceac70184d51c148f.jpg,86372,"地球,徒步,户外",1749615,1021,1891,14162,1004,1752,0,95,132207
BV1bXtJzdEtr,114975821534637,1,95,2102,数码,摄影摄像,http://i1.hdslb.com/bfs/archive/d38ce9fab0a86d1412069e4be414d6624f5e6cdf.jpg,用这台相机，拍出了老婆最满意的照片！大疆Osmo 360,1754401507,775,37029661,小鹿Lawrence,https://i1.hdslb.com/bfs/face/e4c9f5f6bfd8c48de684d2456e8fe3ecce8f0c6c.jpg,1794881,"数码,评测,小鹿Lawrence,像素长街,Osmo 360,大疆,摄影器材,全景相机,DJI,哔哩哔哩影像纪",452209,1080,299,1759,1472,483,0,0,17342
BV1498CzcEqt,114947199667464,1,208,2094,校园学习,科学科普,http://i1.hdslb.com/bfs/archive/4d60c98b4487fe9d1921dd7a5240a80e8edf5e73.jpg,【干货】不小心被陨石砸中怎么办？,1753957646,129,482213447,闪电侠-flash,https://i2.hdslb.com/bfs/face/4ab72675654781bbfcd6bf237cd161a0d89ae5c4.jpg,1601408,"校园,学习,中学,校园整活王,uwant,友望除螨仪,友望吸尘器,友望红外除螨仪,友望自集尘专家,陨石,干货",1127882,2757,2182,10250,1806,3591,0,0,108870
BV1fttMzVE9E,114968288561293,1,85,2154,小剧场,剧情演绎,http://i1.hdslb.com/bfs/archive/9650b904d725f450bbfc514e13513c49613bcdf3.jpg,自私者的辩白,1754277040,128,548752139,苟酉goyo,https://i2.hdslb.com/bfs/face/f6de1ab15e78324c01faf5721fa12127616208bf.jpg,262396,"情感,原创,情侣,生活,投稿翻拍,记录,评论区,真实,投稿,爱情那些难题",523864,640,773,885,586,634,0,0,37861
BV11phMztELY,114961510571029,2,26,2041,音MAD,动漫剪辑,http://i2.hdslb.com/bfs/archive/dfcbd639ab1380aad7e5f3277aeab72e978863ed.jpg,【MAD】耗时三个多小时打造的视频，会有人看吗,1754173496,181,1660384962,喝岩浆的火苗,https://i0.hdslb.com/bfs/face/7bc4a90b8879dfbea314071e9c3b46a3ca745524.jpg,2672,"MAD,AMV,JOJO的奇妙冒险,空条承太郎,飙马野郎,石之海,黄金之风,乔瑟夫乔斯达,jojo",145776,2011,488,11319,11468,725,0,0,34239
BV1uotcz3ECo,114981223792988,1,212,2150,美食侦探,美食探店,http://i2.hdslb.com/bfs/archive/c57171c77d3041362420bc893d0ade3c3f7137fe.jpg,徐州美食还是太权威了…二刷都没能拿下！！,1754474618,853,703057028,猴儿甜猴儿甜,https://i2.hdslb.com/bfs/face/2b0b6a5dc5173c8749836b1614d74be8c89ea51a.jpg,484532,"美食侦探,美食,吃货,街头美食,舌尖真探事务所,探店,美食探店,徐州美食",175096,335,231,3152,834,949,0,0,4509
BV15htPzdEc6,114981676845106,1,76,2149,美食制作,美食制作,http://i0.hdslb.com/bfs/archive/af5246a4493965b6602b3e880bef76b242ef23fa.jpg,🇦🇺留学生备餐vlog | 广式牛杂牛肋条煲·蒜酥牛排温泉蛋盖饭🥩·淡奶油吐司🍞·厚蛋烧三明治·🧋泰奶咸法酪巴斯克·🦐夜市铁板虾滑,1754481395,736,132750337,Vickyyy小畅,https://i1.hdslb.com/bfs/face/932cdf0f89be95f9e621baaf83ebdc6ba705a771.jpg,434467,"美食制作,留学生,生活记录,记录我的美食日常,沉浸式,Vlog,备餐",50227,224,173,795,873,230,0,0,6706
BV1dwtHzBEJz,114975334995727,1,138,2026,搞笑,乐评盘点,http://i2.hdslb.com/bfs/archive/2cbab0ddb2bdf70033a3e4536dc372b4b4bc4621.jpg,炸！人脉哥到《歌手》了！！,1754384466,130,3660297,Jiaber吴伯滔,https://i0.hdslb.com/bfs/face/8e8150c529bf225b2f35a22f68efcfd303a36d1a.jpg,1543356,"音乐现场,歌手2025,人形音响吴伯滔,人脉哥吴伯滔,歌手李佳薇,歌手,李佳薇,煎熬,一起看歌手2025",661394,162,230,2856,514,118,0,0,39846
BV1iktGznEXL,114969865751458,1,171,2068,电子竞技,回合制策略游戏,http://i0.hdslb.com/bfs/archive/a78adb872171ec523966d4f68181c1291b0e0ea4.jpg,一期看完铲铲S15开服必学12套阵容【云顶之弈】【金铲铲之战】,1754362800,191,18343134,林小北Lindo,https://i0.hdslb.com/bfs/face/fc093c1e6784b5f51e4697c739fe70e519ba36f7.jpg,1852076,"电子竞技,云顶之弈,云顶阵容教学,金铲铲之战,云顶之弈激励计划,云顶s15,云顶之弈s15,天下无双格斗大赛,云顶s15上线,林小北",466034,131,1105,5971,1460,1794,0,0,9473
BV1bhtuzcEvr,114967936240367,1,17,2078,单机游戏,沙盒类,http://i2.hdslb.com/bfs/archive/45f61362096e7bd974eefe94d92abb4b6872a3ec.jpg,你听说这里免费做装饰，然后你发来个空置域？！,1754271760,892,329678941,E恺,https://i1.hdslb.com/bfs/face/75284bd396bc0a892766ba12917958429d7e6621.jpg,72265,"建筑,沙盒游戏,我的世界,单机游戏,MC,教程,空置域,E恺,生电,原神",191317,4740,533,4136,7398,554,0,0,21580
BV1Ge8zztE8x,114943256956280,1,218,2167,喵星人,猫,http://i2.hdslb.com/bfs/archive/f1e941a67aa88b97249f402a19baa46f2027dcc5.jpg,“好奇怪，你们又听不懂我说话”,1754305200,184,3494362249955414,尖尖plus,https://i2.hdslb.com/bfs/face/d7ff02808369fe8f87662b3693737f340e3ee1f5.jpg,78703,"喵星人,田园猫,萌宠UP主加更计划",516700,347,1020,20889,2919,3179,0,0,68655
BV19StGzyEkH,114969983063420,1,65,2071,网络游戏,射击游戏,http://i2.hdslb.com/bfs/archive/737ea0994148ef5b39f0c0909042629a00c6d893.jpg,⚡原来暗区还能这么剪啊?⚡⌓‿⌓,1754303053,55,3546940727887989,早起的-星辰,https://i0.hdslb.com/bfs/face/ea4d44e5b4502b5a397a60aac7fb24e57d053c0e.jpg,16790,"剪辑,暗区突围可颂作者团,卡点,暗区突围",243265,221,359,3579,3400,165,0,0,22704
BV17r8mzREou,114948726330736,1,126,2063,人力VOCALOID,鬼畜综合,http://i0.hdslb.com/bfs/archive/d1a75ac59decc83f242ce6538058b9f7a16da8d2.jpg,虎 哥 锐 评 旺 仔 小 乔,1753978513,92,24285551,M_SX,https://i2.hdslb.com/bfs/face/9a9b28bfdd1bb25b0130b1136152983d5da19c6b.jpg,124477,"鬼畜,搞笑,东百往事,旺仔小乔,虎哥,整活,鬼畜剧场,黄绿合战10th-黄队应援",481223,462,644,4552,816,1170,0,0,15799
BV1w5twzfEtJ,114981290906522,1,172,2064,手机游戏,单人RPG游戏,http://i1.hdslb.com/bfs/archive/7532fbc20a2f8fe3a864d17e0145534d0f94d8df.jpg,【原神5.8】渊上竟是「渡火贤者」！烬寂海被封印的真相.....,1754475531,527,1074545099,甜甜叫花鸡,https://i2.hdslb.com/bfs/face/99eac3be1bba7cf1a3fd2f0e3dffee95639a34be.jpg,666569,"烬寂海,原神夏活,渊上,原神5.8版本,最后的特诺奇兹托克人,温迪,原神",56631,198,374,1016,599,192,0,0,4669
BV1JZt3znEuR,114970620598000,1,251,2083,三农,综合资讯,http://i2.hdslb.com/bfs/archive/9a5a61fbbf33fc987b987cecf2b8f59721b17c2b.jpg,为啥说“菜篮子工程”是伟大的工程？【主播说三农】,1754312838,223,1343321779,央视农业,https://i1.hdslb.com/bfs/face/c9e24623ccc91cd26c2894d2a1880dc6dc6a28c4.jpg,3623422,"菜篮子工程,主播说三农,农业,蔬菜",445918,1274,2659,4684,7970,1504,0,0,64264
BV19BtKzZEM4,114984847677457,1,21,2158,日常,旅游记录,http://i1.hdslb.com/bfs/archive/292f83db727c1acde18a46eb63fbae24ac05975f.jpg,俄罗斯二哥一家游北京 第一次坐地铁直呼：怎么这么快,1754539800,559,542507083,贝加尔阿楠,https://i1.hdslb.com/bfs/face/ba79fa31cb3a4bb6efea1fc308afdce44e69ab52.jpg,843513,"生活记录,俄罗斯,歪果仁,旅游,中国行,中国高铁,外国媳妇,随手记录我的生活碎片",107954,730,517,596,3360,33,0,0,8734
BV1HGtFzpE4W,114980485665540,1,250,4218,出行,钓鱼,http://i0.hdslb.com/bfs/archive/ad3ecd71b2caceca1b5b0fad2803d7e1526b0b07.jpg,荒野钓鱼求生第二季（第25天）,1754470800,654,3493298161322384,小宋野钓,https://i2.hdslb.com/bfs/face/8ffce7572544d68b135ba75e1f5db1a7f3a74975.jpg,182605,"生活记录,探险,荒野求生",233190,3763,1972,773,8639,230,0,0,18667
BV1JYtczoEhw,114981475454121,1,17,2078,单机游戏,沙盒类,http://i0.hdslb.com/bfs/archive/c9ba3b83db3a1231fb936c3a8478f2713b7e5633.jpg,极限追猎！Dream大神 VS 4名顶尖猎人！,1754478524,532,3546854658673221,爱速通dream,https://i0.hdslb.com/bfs/face/f30438305df632717b3d865c14a5a62f364fedfa.jpg,119060,"沙盒游戏,搞笑,我的世界,MC,Minecraft,猎人游戏,像素风,追杀,Dream",248653,2576,1018,6161,3534,2944,0,0,23772
BV1jwhhz3EaH,114958037685416,1,172,2077,手机游戏,休闲/小游戏,http://i0.hdslb.com/bfs/archive/f8f6a3b05766f9d6860dc393442dc384f9bd0f99.jpg,【伪蛋入侵2合集】你身边的蛋仔可能是伪蛋！,1754121434,2264,84049965,害怕z,https://i0.hdslb.com/bfs/face/93b14b4d9b215711be08a6672bf043d3b10808b2.jpg,261195,"搞笑,蛋仔小剧场,蛋仔派对发起人,害怕z,神奇艾比,伪蛋入侵,蛙蛙教,休闲益智,蛋仔派对",2736126,2054,1695,198364,23734,96,0,7,194728
BV1VDtczLEhS,114981559342403,1,176,2107,汽车生活,汽车文化,http://i0.hdslb.com/bfs/archive/f4ea927efd20604a49a2d9e5fc4574d3d78927eb.jpg,3万买的废弃奔驰，翻新完值300万？,1754479967,715,311871090,伟嘉gaara616,https://i0.hdslb.com/bfs/face/cc0fddafee1b399dfdbd7c82f7f9134b1e0e3609.jpg,1108374,"测评,汽车,奔驰,vlog,改车,翻新,玩车,奔驰S,gastation,bilibili 哔看新车",225036,2033,427,1775,2240,230,0,0,21702
BV1NohLzEEkT,114967550369278,1,161,2099,手工,电脑,http://i1.hdslb.com/bfs/archive/c03c318c46ab0348bb75889b6c7f709f04e1256e.jpg,伊  涅  芙  实  机,1754280000,130,7057999,牛掰的瑶子,https://i1.hdslb.com/bfs/face/efbb1365ca8a93d32ca678bac13a150762154d9a.jpg,164516,"DIY,手机游戏,图吧装机,伊涅芙,原神伊涅芙,原神",1877157,7567,2029,18160,18116,12208,0,52,122094
BV1p4hJzsEiY,114952165657405,1,21,2154,日常,剧情演绎,http://i0.hdslb.com/bfs/archive/58902c3537d41cfec411ac4b7af86067454bda47.jpg,"等等(；ﾟДﾟ) 什么招式来着？Well, at least he left me the shoes…",1754030941,34,3546931437505003,无语哥KhabyLame,https://i1.hdslb.com/bfs/face/2c68ffdd1de76213b05a686366a710e18d2ed1d7.jpg,132536,"搞笑,原创,生活记录,高能,娱乐",1601710,251,602,1790,531,134,0,0,59001
BV1eMhHzLETU,114953407171130,1,138,2207,搞笑,随拍·综合,http://i1.hdslb.com/bfs/archive/9a723a239c8d026491607431880467d9eb8eabff.jpg,讨厌就跑远挑战游戏版,1754050018,43,1493487718,小龙同学和赵老师,https://i1.hdslb.com/bfs/face/9591a6f03f35ff4b49a48781d4defac7a3f624d7.jpg,1317385,"搞笑,小龙同学和赵老师",1643587,360,502,7703,532,112,0,0,35927
BV1DZhgzGEEQ,114964446650001,1,252,2039,仿妆cos,cosplay,http://i0.hdslb.com/bfs/archive/68db4ad5b76e87096273e1b59539c2efdf2208ae.jpg,“你可以模仿一下花火受击音效吗”,1754218509,167,1337856191,困困不知道哦,https://i2.hdslb.com/bfs/face/b1cc84d6b200ec5d7ab822337ee1a1e24d7f5cdb.jpg,485270,"花火,读评论,搞笑,cos,武当花火,火影忍者手游,日向花火,Cosplay",992470,413,1251,16193,3282,1062,0,0,48737
BV15mtgzuEck,114969177821816,1,138,2154,搞笑,剧情演绎,http://i2.hdslb.com/bfs/archive/efee92db6e52659bdd21ef197e51fa7730bec3b2.jpg,男孩子乐于助人的时候千万要注意安全,1754298000,50,3546697410021598,-阿迪啊阿迪-,https://i1.hdslb.com/bfs/face/04937d9bc6c21dc5bd43107ac46cfac6f34c219f.jpg,480215,搞笑,1227189,470,961,3693,537,2569,0,0,76459
BV1LY4RzYE2p,114977029495007,1,65,2071,网络游戏,射击游戏,http://i0.hdslb.com/bfs/archive/a08b24f53e9d2c943cf9d5abdfb939aeb0e644b3.jpg,史上噱头最足的活动来了！藏宝月活动解析！「三角洲S5赛季」,1754410650,245,11332884,Key725,https://i0.hdslb.com/bfs/face/3277f6baa9848d46fd48adecaed65301209d1dba.jpg,716869,"FPS,老Key,三角洲行动,KK日报,三角洲S5新赛季3x3速通攻略,三角洲,藏宝,新赛季,活动,三角洲破壁新赛季上线",546105,797,1681,7223,916,4435,0,0,18709
BV1N9hVzkEjK,114964597579385,1,172,2071,手机游戏,射击游戏,http://i2.hdslb.com/bfs/archive/80c18c1d1dca19e4500f69f743c3947d12735e1a.jpg,难言x：开局一把枪，装备全靠抢,1754220789,319,28440054,难言言x,https://i0.hdslb.com/bfs/face/590588c2e34219cc55859ef2c4046588dd4544ce.jpg,1602967,"FPS,手游,和平精英地铁逃生,吃鸡,难言x,和平精英",3069425,603,256,16089,904,124,0,0,23642
BV1AhtGzZEmr,114969915953979,1,238,4220,运动综合,户外运动,http://i2.hdslb.com/bfs/archive/a06e92d7ff6f7120c2357f298ec0373c527ec6d9.jpg,【无限滑板/知念实也】逐帧还原猫猫的滑板动作,1754301788,31,230079994,Nirvana少侠,https://i1.hdslb.com/bfs/face/6bb63c5385d4ea7d6be07e3e8d10d80991092890.jpg,30770,"滑板,知念实也cos,街头文化,无限滑板",293065,90,327,4215,1291,411,0,0,45935
BV1gdhHzVE6m,114952685750447,1,138,2166,搞笑,农村生活,http://i0.hdslb.com/bfs/archive/b90ad3bf606948021e18dc2d3a49d811e3964087.jpg,我做了一个70年的天王梦,1754038992,18,667606816,毛宇鹏-抽象爷爷,https://i1.hdslb.com/bfs/face/0cfe03dbbdfb80893a2fd001c8067ad010373573.jpg,77105,"生活记录,梦想,记录",2753496,1883,3219,37321,14090,10161,0,48,296307
BV1iJt3zjEpQ,114970704482225,1,130,2207,音乐综合,随拍·综合,http://i0.hdslb.com/bfs/archive/f8e180b11daa49a077f5c8841ba3aa2064f20caf.jpg,【乌鲁鲁金曲】又堵了一天,1754388000,119,3546934107179539,堵桥界の神,https://i1.hdslb.com/bfs/face/7d8f531b82fe7b2873234483aec8df8d6b1a3097.jpg,5424,"魔性,歌曲,鬼畜,乌鲁鲁金曲,乌鲁鲁,堵桥,三角洲破壁新赛季上线",584911,1721,866,27491,2340,11033,0,0,54070
BV1jjtnzgEbc,114975905416626,1,208,2084,校园学习,应试教育,http://i1.hdslb.com/bfs/archive/4b390033afd530bc19303ec88416b19df1152996.jpg,考研数学二2025填空题讲解,1754393298,1177,100507614,爱因斯碳碳碳,https://i0.hdslb.com/bfs/face/32ec722edb710dbd1e11b644c257839ab769694f.jpg,277180,"考研,线性代数,数学,春日野穹,高数,cosplay,恰当方程,跟着学就对了,考研数学,数二",113335,58,378,2272,604,963,0,0,8986
BV1MbtEzWE1C,114974865229121,1,212,2150,美食侦探,美食探店,http://i1.hdslb.com/bfs/archive/fa8679ab215911d47f436c0ade5dfb8411d0ef06.jpg,在贵阳来一顿夺夺粉，居然还遇到了投喂,1754384700,176,662658732,玲子reiko-,https://i0.hdslb.com/bfs/face/a8d629cf26aadac92df23448177860842cc8e133.jpg,1769886,"贵阳,记录我的美食日常",192767,139,473,1059,782,939,0,0,21581
BV1Wyh8zXEMX,114958490667868,1,171,2070,电子竞技,MOBA游戏,http://i2.hdslb.com/bfs/archive/b8ff8401ee577e19044557dbef56a83a1990d0d2.jpg,这才是每个关羽的梦想，深入敌后，斩敌当先（“每关梦”合集）【高燃集锦175期】,1754127497,168,489296007,牧马人明眸,https://i0.hdslb.com/bfs/face/db4878d8899584639fa6054b755a1161845c3052.jpg,1123702,"游戏,电子竞技,王者荣耀,集锦,王者荣耀夏日农友节,关羽,MOBA,高燃集锦,明眸,国服关羽",2213620,667,1147,5197,4825,1525,0,0,82824
BV1F7twzoEYr,114980921808331,1,17,2066,单机游戏,单机主机类游戏,http://i1.hdslb.com/bfs/archive/713ec20ae863e9881ebecd99b92b6055af04b475.jpg,激烈冲突！国人据点与老外的震撼对决,1754470233,1480,1582587958,野猪Yz,https://i1.hdslb.com/bfs/face/947b389e52345d95357a45079a099a59138ddfb9.jpg,107931,游戏,1378390,328,21,44456,1689,8,0,74,37141
BV1r6hGzaEPF,114965402884619,1,137,2018,明星综合,音乐现场,http://i1.hdslb.com/bfs/archive/8ee00d23eb16ab5e22140349c9110b82188e09a9.jpg,250802 'NOW' 没有明天｜章昊个人直拍 ©staywithzh,1754235884,256,3546624439617989,staywithzh,https://i2.hdslb.com/bfs/face/c54a19aa0a56a47e6862dd166b863a631bc73c59.jpg,14440,"4K,zhanghao,章昊,章昊直拍",671967,12345,9579,16454,21463,12379,0,0,39409
BV1t5h7zRESd,114951393908721,1,21,2131,日常,健身身材展示,http://i0.hdslb.com/bfs/archive/7a93bc41ccbc6465f290d7677c1e69fa922c77f1.jpg,退伍第十一年！祝战友们八一节快乐!老兵的决心永不变！,1754019376,26,17239951,战辉,http://i1.hdslb.com/bfs/face/5154a78828836f8ae97454b3568ea83997098df9.jpg,2478063,"美好的精神状态,军人",2346702,793,1979,10932,13187,799,0,48,344617
BV1u5tGzzEHH,114970100502000,1,65,2071,网络游戏,射击游戏,http://i1.hdslb.com/bfs/archive/9b91f707d6f3998105eabd88eeb198934a47e66c.jpg,【老柠萌】当鼠鼠吃剩饭路上撞到单三清图姐,1754305170,595,1750151716,野生老柠萌,https://i1.hdslb.com/bfs/face/e540d8e020a20175dca0de5915e276b6cd458f90.jpg,329905,"搞笑,FPS,101俱乐部,三角洲行动,爱鼠TV,野生老柠萌,新年快乐排点,跑刀,鼠鼠,三角洲破壁新赛季上线",1195789,5085,3328,12296,7177,623,0,0,55859
BV1tohMzNEHJ,114961477013122,1,21,2014,日常,娱乐综艺正片,http://i0.hdslb.com/bfs/archive/b79200ec395284875738930182bae78c87338471.jpg,为了参加节目，他们居然把头发...《下一个是谁5》番外01,1754190000,537,147166910,雨哥到处跑,https://i2.hdslb.com/bfs/face/c54b148c789fcf43da95eb81331af6de47511553.jpg,3569258,"娱乐,颜值,染发,搞笑,兄弟,音乐,高能,节目,下一个是谁",1152603,5795,2091,16606,49936,1226,0,53,89430
BV1ByhGzfEfB,114965084117760,1,251,2166,三农,农村生活,http://i1.hdslb.com/bfs/archive/b4bb081ffa544de82b0cd05161765571c2332074.jpg,六年，从村口等待到黄土相送，千万人牵挂的爷爷走了！,1754361000,1450,384344554,小白的奇幻旅行,https://i1.hdslb.com/bfs/face/f6a860fe7b844b4fa0d23582ef512ea8c6fe98be.jpg,175260,"正能量,生活记录,老人,乡村,农村生活,随手记录我的生活碎片",231713,413,261,2953,5206,102,0,0,11223
BV1LchMzCEYK,114961812619609,1,201,2094,科学科普,科学科普,http://i2.hdslb.com/bfs/archive/bab59049db8f5eec2e7e3d2e01b59632ce43015e.jpg,饥饿的暴君：卡路里王座下的营养革命,1754178461,409,1208823126,大圆镜科普,https://i0.hdslb.com/bfs/face/9c34ee4b8041dd6f2139c52287c8d34a0a42f230.jpg,444049,"生命,健康,生物,科普,科学,营养,卡路里,AIGC,每天一个健康知识",2059986,805,1395,19028,6629,1610,0,42,153050
BV1ac4RzsE7Z,114977180488965,1,21,2158,日常,旅游记录,http://i0.hdslb.com/bfs/archive/f142fc41df91ac5165402822f09d1847a0cfbd85.jpg,俄罗斯二哥一家中国行正式开始 北京高楼大厦看懵了？,1754453400,514,542507083,贝加尔阿楠,https://i1.hdslb.com/bfs/face/ba79fa31cb3a4bb6efea1fc308afdce44e69ab52.jpg,843513,"北京,生活记录,歪果仁,俄罗斯,中国高铁,豆汁,中国行,高楼,外国媳妇,寻找100个宝藏vlogger",370926,2799,1078,2316,10563,126,0,0,23209
BV1WotLzqEe5,114972029883183,1,162,2055,绘画,二次元绘画,http://i2.hdslb.com/bfs/archive/dcbf717c985d4abae16666a832fd24a6ea060e41.jpg,手绘JOJO痛本合集  一次性看个爽,1754334031,30,3546640579300260,常小小歪,https://i0.hdslb.com/bfs/face/ad6c1511032b1c2cb0a3e66ec7b32c79308fd2f4.jpg,1691,"手绘,DIO,空条承太郎,JOJO的奇妙冒险,绘画,痛本,临摹",417217,219,705,12724,2150,1254,0,0,68508
BV1YxtnzPEtx,114975469279484,1,17,2064,单机游戏,单人RPG游戏,http://i0.hdslb.com/bfs/archive/c52ca5c76c7f8bf61b04c7227dc697ee5abcae61.jpg,兄弟们嘉维尔怎么样？兄弟们嘉维尔怎么样？兄弟们嘉维尔怎么样？兄弟们嘉维尔怎么样？兄弟们嘉维尔怎么样？,1754386719,135,626916563,逆光朝阳,https://i2.hdslb.com/bfs/face/de4bf95160751013cd7cbab3550cedc40e1a8ee0.jpg,6308,"抽卡,二次元,策略游戏,明日方舟,小登,朝阳逆光,斩业星熊,夏活,墟,明日方舟创作者应援计划",147946,311,896,582,5315,94,0,0,13575
BV1SW4dztEvW,114976475843752,1,138,2001,搞笑,影视解读,http://i2.hdslb.com/bfs/archive/9a1ae47e2da0325ab59a9762ac3735bb9097a972.jpg,经典回顾之流星雨帅气篮球,1754402056,223,1379165407,-超级小能猫-,https://i1.hdslb.com/bfs/face/9ba5a55b282a55ac2eb29267ad9ccab381678934.jpg,2404210,"解说,搞笑,篮球,抽象,搞笑研究所",192484,596,384,1334,758,649,0,0,15569
BV1SitwzCETj,114980988915197,1,17,2066,单机游戏,单机主机类游戏,http://i2.hdslb.com/bfs/archive/c58cd73982b6742e162d8a43e646f247e76e8089.jpg,身体缩小一百倍，曾经的昆虫又成了恐怖怪物【禁闭求生2】,1754478600,699,509034027,辣椒不辣斯基,https://i0.hdslb.com/bfs/face/9248c365c3f54bb2dd2557d52a6787e0624934d2.jpg,631266,"生存游戏,游戏实况,昆虫,游戏解说,禁闭求生,#电子榨菜",277339,573,479,9262,4952,171,0,0,18515
BV18btnzwEh7,114975502830746,1,21,2154,日常,剧情演绎,http://i0.hdslb.com/bfs/archive/6e17317ec4199cbc69200d7e636397a6926b2884.jpg,爱 = 花 钱 ？,1754387174,60,9130832,张八筒筒,https://i2.hdslb.com/bfs/face/683b3b97648bf13641c508b9b50a2d25b87bec69.jpg,723259,"原创,生活记录,搞笑小剧场,张八筒,best人生,猩猩队长,抽象,情侣日常",650080,181,448,1191,1360,599,0,0,60750
BV1v1hgznEy8,114964312361880,1,171,2071,电子竞技,射击游戏,http://i1.hdslb.com/bfs/archive/2d1c726274ff80819792d3984b0f975c52ddd78b.jpg,仅需九万的无后座平民神枪#三角洲行动 #三角洲鼠鼠拯救世界 #三角洲破壁新赛季上线 #三角洲行动攻略 #老WE重聚三角洲,1754216376,71,3546761165540208,三角洲吴彦祖y,https://i0.hdslb.com/bfs/face/e91c8713ce431a96a4661e73961b743155882757.jpg,154138,"FPS,射击游戏,战争,教程攻略,三角洲,平民,三角洲破壁新赛季上线",760578,179,842,63747,3183,2352,0,0,50757
BV1ZjtFzUERS,114980099725553,1,124,2088,社科·法律·心理,社会观察,http://i0.hdslb.com/bfs/archive/097e9bfbbd67008c733bd80e139453c5273bbe94.jpg,【罗翔】张三出租教材，构成侵犯著作权罪吗？,1754457446,559,517327498,罗翔说刑法,https://i1.hdslb.com/bfs/face/4e5d0a51273fe3f8fabc700b6a71bb8a38c9e21e.jpg,32164066,"法律,知识产权,普法,罗翔,侵犯著作权罪",435423,7949,324,2622,2232,386,0,0,58111
BV1cdh3zYEyg,114963473501047,1,251,2090,三农,人文历史,http://i0.hdslb.com/bfs/archive/3b27df18b1d3bb9bfd38981078a2044d90999bf1.jpg,这个104岁的爷爷，带给我的不止有敬佩和感动,1754203605,133,3493123130919728,我是凡人繁星,https://i2.hdslb.com/bfs/face/76cdfd193b3cb59b2261bb390979a39748b3d901.jpg,254440,"生活记录,正能量,爷爷,记录美好农村生活,乡村,感动,鬼子,抗日,抗战老兵",362867,12861,1603,7957,19701,651,0,0,84438
BV1uitwzyEzd,114980988980517,1,138,2201,搞笑,潮玩玩具,http://i0.hdslb.com/bfs/archive/9c58b0299a048b53b39506d4bf255f55e331befe.jpg,我们从网上买来了一些廉价玩具...,1754471261,1272,327757321,摸鱼事务所,https://i1.hdslb.com/bfs/face/93c8bd776691b3b114b5e06f5c8dff96a28f7c82.jpg,1977300,"开箱,玩具,搞笑,吐槽,拼装,大人也要玩玩具",542329,7125,1837,6879,13231,1088,0,0,36719
BV1hXhgz1EDL,114964228476906,1,208,2084,校园学习,应试教育,http://i2.hdslb.com/bfs/archive/b14c9eafef1fa9873db8dc3f635556b10eda85f8.jpg,【不朽经典】一个厕所里的概率顶级模型，适合所有高中生食用。,1754215379,1632,3546677042481210,数栋本栋,https://i0.hdslb.com/bfs/face/134ca2b6eff0da601c56d12c63815691400f1830.jpg,149873,"数学,学习,高考数学,压轴,概率统计,概率,排列组合,学习心得,全国一卷,新高考",214814,310,302,14780,739,898,0,0,48311
BV1aUtcz2Edq,114981509074639,1,21,2112,日常,护肤,http://i0.hdslb.com/bfs/archive/7a11c3fa2a068ae7ffb9a8307a84bcf278bb8ae2.jpg,ASMR 静谧时刻的水果护肤 调配精油按摩 水果芬芳 涂抹面膜 轻语引导,1754479064,1185,171331609,YUE的晚安陪伴,https://i1.hdslb.com/bfs/face/706703ef6ae7c46ec6e3a7ac3afe9227adc730e7.jpg,533295,"催眠,温柔,轻语,安眠向,护肤,助眠,放松,角色扮演,触发音,好梦助眠电台",37923,65,172,1355,2093,36,0,0,2939
BV1GhhnzrEia,114953541458950,1,126,2063,人力VOCALOID,鬼畜综合,http://i0.hdslb.com/bfs/archive/080d45807b99ddd58186626bea2c40dc934ac8da.jpg,🍬再见了，所有的唐哭🍬,1754107200,85,438684078,DJG杰哥,https://i0.hdslb.com/bfs/face/6a1ba87992508f221db602335af9f74e13c7ee22.jpg,41413,"鬼畜,MyGO!!!!!,Ave Mujica,动画种草激励计划,爱音,anno,高松灯,千早爱音",365613,3642,2406,16558,4015,12128,0,0,52885
BV1awtMzwE22,114968573839920,1,158,2114,穿搭,鞋服穿搭,http://i0.hdslb.com/bfs/archive/5e0b71ca40675c815190ed7a23aa72a60ecfb5fa.jpg,单品拯救｜妈妈的衣服也可以很时尚！,1754281441,437,361775100,怪力老陈,https://i0.hdslb.com/bfs/face/1302cf417c3f44d1b58f0ee180c8eb87f283dfbe.jpg,1495957,"生活,穿搭,服饰,日常,女装,日常穿搭,单品,衣服,穿搭技巧,趁热时髦穿",505381,838,555,4547,5303,278,0,0,53105
BV1PgtwzaELR,114981341238904,1,182,2009,影视杂谈,娱乐评论,http://i0.hdslb.com/bfs/archive/b9477479e9f9938c4ae3b8e1488e1047ba161fab.jpg,今年看过最好笑的综艺《地球超新鲜》,1754476285,954,34189415,low君热剧,https://i2.hdslb.com/bfs/face/fabe17ef4b344336b872e3ded46a4a4b11140e7f.jpg,2928212,"陈赫,孙红雷,王玉雯,欧阳娣娣,地球超新鲜,李乃文,龚俊,陈星旭,刘宇宁,娱乐吃瓜大会",538007,5780,2582,4470,2735,2861,0,0,17659
BV1jJtnzMECT,114975536321440,1,21,2037,日常,同人动画,http://i0.hdslb.com/bfs/archive/35ec07bfbdb4bf3c4232dab5b6411f6495ce4385.jpg,【ask】当Sans进入后室遇到了派对客会怎么办呢？（扬鸽ZYD）,1754387708,291,3493114683591388,扬鸽ZYD,https://i1.hdslb.com/bfs/face/b0865afb11db20ef3eca6ef36d4df39817f8d9d9.jpg,32739,"AU,传说之下,Frisk,后室,派对客,Sans,Chara,UnderTale,UndertaleAU,ask,必剪创作",59433,316,331,2294,824,69,0,0,8523
BV1NitEzUEoH,114974848458524,1,182,2001,影视杂谈,影视解读,http://i1.hdslb.com/bfs/archive/0753dd7f8a17158275edd1ea44d33ac1642701bc.jpg,断骨塑鼻，吞虫减肥，尺度惊人的暗黑童话改编，年度必看恐怖片《丑陋的继姐》！,1754384400,2103,386869863,培根悖论唠唠嗑,https://i0.hdslb.com/bfs/face/225b8ef554ed65ac3c5e137262a252ef4b411e64.jpg,2558564,"灰姑娘,恐怖,暗黑童话,惊悚,电影解说,丑陋的继姐,万字拉片大赛",379922,1916,475,3833,2348,623,0,0,13014
BV1vHh8zBERZ,114958809438305,1,17,2064,单机游戏,单人RPG游戏,http://i0.hdslb.com/bfs/archive/77a9f1f957205039ea1d7fc1ae117ed1e17e36a3.jpg,⚡️⚡️看好了，绝区零是这样玩的⚡️⚡️,1754132570,200,67644163,弗莱萌-FMWN,https://i1.hdslb.com/bfs/face/f8f28756ae2fada36b9e9ebacb93ce9fbc14d490.jpg,221261,"跳舞,音乐游戏,二次元,绝区零UP主激励计划,猫又跳舞,ZZZ,米哈游,绝区零",164249,193,272,10312,1166,920,0,0,22187
BV1cTtFzdEmb,114980535930263,1,21,2154,日常,剧情演绎,http://i0.hdslb.com/bfs/archive/6e06bffcf9900293efcdd22acb119af1ae18ca28.jpg,小黄 ：血脉压制……,1754464168,60,695472344,应激兄弟1,https://i2.hdslb.com/bfs/face/ea041df38ef4922b2691ad670dc6af87921084a0.jpg,622794,一人分饰多角,799134,435,270,12389,799,350,0,0,57249
BV14ctwzBEeQ,114981106420727,1,138,2037,搞笑,同人动画,http://i1.hdslb.com/bfs/archive/30f4518fddbb50da5baa3017db84786e76342d28.jpg,暑假时的你 VS 学校时的你,1754472777,166,321422126,进击的金厂长,https://i2.hdslb.com/bfs/face/339c136489ea2af91bd1d8688ba7259e958ded28.jpg,5119101,"短片,生活,暑假,搞笑,动画,校园,搞笑动画,学校,搞笑小剧场,学生",2252380,1900,847,85629,20416,387,0,10,139495
BV1srtuzWEvJ,114969630744388,1,233,4216,极客DIY,骑行,http://i2.hdslb.com/bfs/archive/5f5f3d16ffaa8e774622fbc1e6095edde18fe7ff.jpg,至此 艺术已成,1754297444,55,481481551,内蒙古丽哥-爱研究,https://i1.hdslb.com/bfs/face/8b30854cc5be00ead8932384c25fabc2d4cba496.jpg,56075,"自行车,奇葩,搞笑发明,骑游人生！",654311,271,488,4709,529,936,0,0,38191
BV1GB4RzFEk3,114977046268718,1,17,2066,单机游戏,单机主机类游戏,http://i1.hdslb.com/bfs/archive/fc89f1b641337f23c7018c4f5c4d9d252c9244e3.jpg,我巨物恐惧症犯了，你别过来啊！！？,1754438400,871,680447,马里奥红叔,https://i2.hdslb.com/bfs/face/9f266d9214894cc4134b114fc8c8ce028a235421.jpg,2497189,"联机游戏,搞笑,游戏视频,娱乐,禁闭求生2,主播,沙雕,推荐宝藏游戏",502609,752,369,7300,7044,396,0,0,34040
BV19StGzyED7,114969983063976,1,95,2098,数码,AI杂谈,http://i2.hdslb.com/bfs/archive/e793c74e87f996e81f12206cc8c51e4a93956959.jpg,【爱否】爆发前夜？AI 眼镜的“iPhone 时刻”卡在哪儿了,1754303565,1712,7458285,爱否科技FView,http://i0.hdslb.com/bfs/face/b7efecd12b932a0e9bd4d7d3a7ba769166479fff.jpg,1170834,"智能,AI,人工智能,AI眼镜,眼镜,雷鸟,爱否科技",238280,120,270,1363,940,154,0,0,18884
BV1m5tJzQEr8,114974160588846,1,250,4218,出行,钓鱼,http://i2.hdslb.com/bfs/archive/ee4ee1aa214ad015ba86083dfd92d91c331796c6.jpg,黄河泥巴水里真能钓到鱼！还有更绝的黄河泥巴鸡，香！巨香！,1754366778,737,3546389998995863,探钓者序,https://i2.hdslb.com/bfs/face/7500ac8783da7ca545e0afd9fd1ce84d0a5d84d5.jpg,79594,"钓鱼,户外,户外钓鱼图鉴",239538,720,440,2353,5345,121,0,0,8558
BV1Evh7z3Ehs,114951444240319,1,252,2066,仿妆cos,单机主机类游戏,http://i0.hdslb.com/bfs/archive/8fa3cb9f1681ae1b13be62463868cac1f0aad4eb.jpg,梦里不知身是客,1754020163,39,3493107108678482,何存真的真,https://i2.hdslb.com/bfs/face/707f1ab45335d5834709c123fe2fb4fce300f5d2.jpg,360825,"燕云十六声,南烛公子,李煜,Cos",944215,238,1095,29314,15092,3756,0,0,99940
BV1Dot5zmEid,114972952627955,1,161,2146,手工,解压手工,http://i0.hdslb.com/bfs/archive/20a6f545779bb7a7faba7ac6135b3d296159c634.jpg,放个七彩烟花，祝我生日快乐，成功活到36岁啦！,1754348395,100,2134988818,咸鱼抗癌就靠玩,https://i1.hdslb.com/bfs/face/79abfd36cbd58ca6ffbea650df0334e5614d98f5.jpg,128445,"助眠,手工,胶带粘球,放松,粘粘球,必剪创作,我的手工真的很解压",1149729,19488,3011,4560,9575,749,0,0,72956
BV1784RzvErp,114976861722257,1,126,2063,人力VOCALOID,鬼畜综合,http://i2.hdslb.com/bfs/archive/70afe31d835bcd39d7fcb9cc9a0fe0a577aa0618.jpg,《我花了25小时训练旺仔小乔》,1754408031,322,1098589595,坤脸超人,https://i2.hdslb.com/bfs/face/4aa6db5e2d0f2158ffb86e9ce0a4eeef37048e72.jpg,50054,"调音师,鬼畜,搞笑,旺仔小乔,ai训练,ai翻唱,猫脸超人,旺仔小乔ai,旺仔小乔分析,鬼畜星探企划",260660,656,755,3684,7621,840,0,0,17951
BV16ohpzhEUG,114954430582357,1,252,2207,仿妆cos,随拍·综合,http://i2.hdslb.com/bfs/archive/edcb774c4e6fba57b512ae0ce713fb436aa9535f.jpg,『自存特效化妆  矿石病的发展 魔王阿米娅手部部分试妆,1754065855,44,661074728,簌雪在这里,https://i2.hdslb.com/bfs/face/9170a54d5f2d93bd621e5669854c48fd7b2bdbdd.jpg,902,"化妆,美妆,特效,明日方舟,魔王阿米娅,Cosplay,矿石病",677987,342,1411,12206,1606,6205,0,0,111785
BV1cVtwz8Ewn,114981240573919,1,172,2064,手机游戏,单人RPG游戏,http://i0.hdslb.com/bfs/archive/b86aa69a6dbfc638d9efeb744f5c9ece0cc56435.jpg,是我喜欢的角色，直接上头,1754474794,591,8469526,果蝇轰,https://i1.hdslb.com/bfs/face/5ac66ad440fa2b3650d9bac1def1391d102d1378.jpg,1988450,"抽卡,搞笑,手机游戏,绝区零UP主激励计划,迟吟的浪涌,爱丽丝,欧皇,非酋,果蝇轰,绝区零",218427,1914,1418,3016,12451,252,0,0,32626
BV11jh7zWEkY,114951377194633,1,17,2079,单机游戏,其他游戏,http://i0.hdslb.com/bfs/archive/eb5f848ed44b6bea20d7a7484f50d2bdaffe7a48.jpg,吃个预制菜，你要我命啊？？,1754019019,461,10874201,盒子酸奶,https://i2.hdslb.com/bfs/face/eeb7692fe046da4b9bc88788af68c243ed585546.jpg,3420959,"单机游戏,高能,恐怖游戏,惊悚,娱乐,恐怖,日常,搞笑,盒子酸奶,推荐宝藏游戏",341005,1895,516,4895,4003,219,0,0,39113
BV1oBtgz5EYp,114969077088585,1,256,2142,短片,体育综合,http://i1.hdslb.com/bfs/archive/1d1c46a2a26b0fd2c571bba2f665d7df760391c4.jpg,暑假打球好上头！,1754298000,300,1920908011,非自然苏打,https://i1.hdslb.com/bfs/face/ff71ef035b06f9d24b22a631d9166a967ec740b1.jpg,586915,"暑假,运动,排球少年,高中生,生活,搞笑,OPPOReno14,排球,OPPOReno14排球少年联名",1444790,1204,1507,10756,3713,1353,0,0,67064
BV1FKhNzCEHT,114959363213954,1,138,2154,搞笑,剧情演绎,http://i2.hdslb.com/bfs/archive/fdc3539dc8cfee26071ad2c36dcb0f8b6f9b4dc8.jpg,北京人生存规则怪谈,1754141058,106,475912512,抵抗Resistance,https://i0.hdslb.com/bfs/face/12c1cd0df2ee6e6bb09b279b0553cdc9ae4af4f0.jpg,1091154,"北京,搞笑,搞笑小剧场,北京人,北京话,规则怪谈",924851,901,3694,4632,1245,1981,0,0,75127
BV1MatnzFECS,114975670537951,1,17,2066,单机游戏,单机主机类游戏,http://i2.hdslb.com/bfs/archive/96a216d9fa5462c263b8c411449280bf327bd14c.jpg,这游戏虫子有多离谱？,1754445600,554,29252533,幕川北,https://i1.hdslb.com/bfs/face/e04019772132a134aadbada24aaccbb1bb0dea60.jpg,2591042,"单机游戏,游戏,搞笑,实况解说,游戏集锦,游戏解说,游戏实况,禁闭求生,禁闭求生2,沙雕",186525,455,301,3031,950,58,0,0,11936
BV1qNtAz9Eyd,114980737258447,4,172,2064,手机游戏,单人RPG游戏,http://i2.hdslb.com/bfs/archive/548c27ddda71759779e9b0edacec1605c530ac87.jpg,《原神》过场动画-「炽烈的惊喜」,1754474400,473,401742377,原神,https://i2.hdslb.com/bfs/face/853c4a846793dfbdafd8f16a40d6d8065bdb7c6f.jpg,20090237,"原神5.8,米哈游,miHoYo,原神",288281,1123,3434,6168,7307,679,0,0,45639
BV1R2hgzSEFe,114964295650430,1,182,2042,影视杂谈,动漫评论,http://i2.hdslb.com/bfs/archive/715d44d205a998a65d52633f8a2edd81e8130899.jpg,【灵笼】白月魁舍命布局，马克生命跃迁，查尔斯即将迎接攻腥棋子！,1754216267,805,304815404,流心影者,http://i2.hdslb.com/bfs/face/08376a7e475c3c48d5f7b2781fe5d92c94bc0ea4.jpg,453062,"动漫,科幻,国产动画,动画种草激励计划,热血,高燃,灵笼",1528956,616,1179,8918,919,170,0,0,30194
BV1LGtjz4ExM,114973942488965,1,95,2099,数码,电脑,http://i2.hdslb.com/bfs/archive/201804c3809fff3a0edb149e339f24d484115c86.jpg,【25年8月电脑装机配置推荐】停更20天，只为带来更劲爆的视觉冲击，初心不变，致力打造全网定制标杆！做与众不同的主机！涵盖4000-4W，超详细攻略，小白也能懂,1754365308,4701,551534193,至尊定制,https://i0.hdslb.com/bfs/face/5fbb9847719371ec3ddda7fb625cc3b15cffc258.jpg,595857,"科技猎手,DIY,装机,显卡,电脑,二次元电脑,电脑配置,主机,定制电脑,配置推荐",225334,4679,1072,2636,1270,816,0,0,20515
BV1Gk4ozNEgw,114977767690229,1,17,2078,单机游戏,沙盒类,http://i1.hdslb.com/bfs/archive/a008f5a3086ef1cc84e1cfdf80a922ebf79d58e6.jpg,MC速通排位周赛中国第一，世界第一,1754451900,344,1045083807,夏末ys,https://i0.hdslb.com/bfs/face/aede9231cd62818d6edb3ff740a5e0ec58b35f6b.jpg,118422,"我的世界,MC,我的世界速通,推荐宝藏游戏",158263,790,737,973,784,219,0,0,13737
BV1kj4Rz5EXR,114977214107532,1,47,2037,同人·手书,同人动画,http://i2.hdslb.com/bfs/archive/75630a6274164c5baaa1250d226281abf4bb5410.jpg,第68集，穿越后我与冰块妞前往塞北偶遇剑圣之女，域外邪神为了莅临下界降下天谴之矛！,1754469000,417,1315416826,暴走三金_,https://i1.hdslb.com/bfs/face/547d829b08e143073920e9eaf241540cbc3f64a7.jpg,289528,"动画短片,原创动画,穿越,动画种草激励计划,热血",63432,327,175,1625,1219,53,0,0,5516
BV1ghtFzgEC5,114980284336369,1,47,2037,同人·手书,同人动画,http://i1.hdslb.com/bfs/archive/26113a01e9851a97306f31fd22c79419ca953c2c.jpg,精灵科普1-3合集 宝可梦竟被说是魔兽？必须科普！,1754460211,1151,60468723,湛绫枫动漫,https://i0.hdslb.com/bfs/face/e103369770e3be9fa25561344af9b555ca0e97fc.jpg,60819,"原创动画,科普,二次元,宝可梦,动画短片,少儿,精灵科普,原创动漫,合集",2403779,83,80,81997,3977,25,0,29,62801
BV1mzhnzNEkB,114953457502932,1,252,2113,仿妆cos,仿妆cos,http://i1.hdslb.com/bfs/archive/bf6dad6b140163cb765e4ac86576364d0d5fed13.jpg,当红心皇后联动红皇后,1754125200,51,415897343,初九Haimon,https://i2.hdslb.com/bfs/face/5755ceca1459f9028973297abda9e60f02a30c13.jpg,1338451,"第五人格,红夫人,爱丽丝梦游仙境,红皇后,神还原仿妆大会",3480663,1768,2125,15732,6491,1296,0,95,208214
BV1A7h4zyEmb,114956259299239,1,201,2094,科学科普,科学科普,http://i0.hdslb.com/bfs/archive/7b424dff324a49081516dad7395c567d7cd308db.jpg,呼吸坟场：从铁肺到浓雾的生死账,1754093569,433,1208823126,大圆镜科普,https://i0.hdslb.com/bfs/face/9c34ee4b8041dd6f2139c52287c8d34a0a42f230.jpg,444049,"生物,科普,健康,科学,生命,呼吸,AIGC,每天一个健康知识",1111977,1305,672,14287,4514,883,0,0,113273
BV1xchuzaELP,114961426681389,1,59,2021,演奏,演奏,http://i1.hdslb.com/bfs/archive/1f8885aaa66f42d418a4050a0a17693249708f8d.jpg,miku miku oo ee oo,1754172237,38,22383433,馆长加速中,https://i1.hdslb.com/bfs/face/303b5c2ac65598c9f7112c96ddca0a66fdf19f9a.jpg,13502,"可爱,初音未来,初音ミク,架子鼓,大傻,fufu",400987,1083,1158,20111,7396,3668,0,0,98983
BV1Nc82zPEiN,114947619032684,1,76,2149,美食制作,美食制作,http://i2.hdslb.com/bfs/archive/120bbff7c1ecc26f6059e7132c1425106051e639.jpg,第108日四菜一汤：红烧肉，焖南瓜，干煸长豆，蒜炒空心菜，从买菜开始，看完的，谁在家都能复刻,1753962620,389,472102908,阿蔡美食雕刻,https://i0.hdslb.com/bfs/face/b5475839b0bcee3188920df8440746ba18d9a69a.jpg,4268445,"家常菜,红烧肉,五花肉",393275,521,814,2533,3293,813,0,0,40267
BV1xzhTzZEUW,114962248834202,1,183,2041,影视剪辑,动漫剪辑,http://i2.hdslb.com/bfs/archive/cfbd1944b1f5a507e81d1e3280468504b031c211.jpg,⚡️ 哪 有 什 么 妖 精 ？⚡️,1754192100,86,432714872,Andalou-孟德,https://i2.hdslb.com/bfs/face/823da1bb1ffaaf24da53795f24ffb43ad107170a.webp,7483,"天书奇谭,童年,孙悟空,混剪,葫芦娃,西游记,上美影经典作品,哪吒,中国奇谭,浪浪山小妖怪取经副本启动",1524540,613,1367,30027,23790,2697,0,50,178102
BV1kUtFzoEwh,114979814507845,1,138,2156,搞笑,UP主小综艺,http://i0.hdslb.com/bfs/archive/f65443f9a3e51d70425c948ada49fe6a2fc7307c.jpg,骑手：交警追我，我不送了...【离谱外卖对话 第八期】,1754456529,297,20892823,柠檬派奇幻漂流,https://i1.hdslb.com/bfs/face/35381f14ad45a75b4392642055a3d113e50b03f9.jpg,3069468,"搞笑,奇葩,吐槽,外卖对话,淘宝闪购,淘宝闪购请你喝秋天第一杯,淘宝闪购请你吃秋天第一顿,外卖,离谱,秋天的第一杯奶茶",683347,1617,458,10424,1453,363,0,0,76744
BV1fjtwz4EYH,114981274128050,1,17,2066,单机游戏,单机主机类游戏,http://i2.hdslb.com/bfs/archive/6478bfc24de6a98aafb7703f56b50637fcfe08bf.jpg,逃生2的学校压迫感是真强！,1754479855,1504,525377706,小埋来也yyy,https://i0.hdslb.com/bfs/face/ad30edb56b393075c7de4d8f3251135ad2d2f454.jpg,164456,"恐怖,逃生,恐怖游戏,游戏解说,压迫感,逃生2,速通,steam游戏,推荐宝藏游戏",54358,412,140,617,1051,64,0,0,3385
BV1AehHzbEwg,114953122093345,1,171,2071,电子竞技,射击游戏,http://i1.hdslb.com/bfs/archive/b91fec4f40a63f36c1dcd86fec81912b52d3e013.jpg,【南波万】非洲之心总裁卡（绝密航天）???w→2600w,1754045558,346,1969088999,南波万三角洲,https://i2.hdslb.com/bfs/face/6a4f56d94c8f2e6010041aa2835931ab4b5f19ab.jpg,272535,"欧皇,三角洲,南波万,非洲之心,三角洲破壁新赛季上线",730764,472,210,11357,742,110,0,0,31896
BV1p881zsEP9,114948223013471,1,21,2181,日常,两性知识,http://i2.hdslb.com/bfs/archive/e8f8c711d823dc1c5968948dd59428ca989b38e3.jpg,被女友逼成S有感,1753977728,320,478720594,少吃点布洛芬,https://i1.hdslb.com/bfs/face/abccc6cbef2dc8afddd140a5366e445065e0fe46.jpg,457805,"健康,心理,体修,了不起的她,还是算了爸,0笼T透,字母表,角色扮演,精致人生,小男孩原子弹",787827,8111,2480,10527,6293,11519,0,0,60274
BV1p7hVzTEsi,114964731796904,1,138,2154,搞笑,剧情演绎,http://i2.hdslb.com/bfs/archive/661537373a491b1b11445e8cc326586304885c41.jpg,我承认了！,1754223228,134,475845053,呱唧菌,https://i2.hdslb.com/bfs/face/70e280e50eb75796f1041617d47a2b90420063a3.jpg,2432812,"原创,搞笑,短片,旺仔小乔",1037615,1285,995,20888,2707,1166,0,0,78635
BV1TztnzsEF8,114975653762722,1,76,2152,美食制作,美食记录,http://i1.hdslb.com/bfs/archive/dafd873243ff99c18867d0127c4acd7259d2c259.jpg,厨师长下班偷偷用边角料开小灶，做个【牛肉咖喱饭】再吃个刺身，再吃个甜品，边角料对付一天,1754390681,821,472229397,张森的日本料理,https://i0.hdslb.com/bfs/face/ac3b108b97e8a8415476ca5db05b71ea1fdf965a.jpg,286541,"厨师长偷吃,美食记录,深夜美食,整点电子榨菜",195081,609,515,1794,1246,429,0,0,20943
BV13RhJzKE4q,114952064996335,1,182,4218,影视杂谈,钓鱼,http://i2.hdslb.com/bfs/archive/773785ebea375aa2560b0ec44b9c905e5e521d4e.jpg,鱼竿都断了，鱼线却没事！这玩意有多结实？,1754130000,63,108264176,老树怪谈,http://i2.hdslb.com/bfs/face/036019f3c89c879b643885bbcb8944dbbb5a174d.jpg,49116,"科普,涨知识",3555273,313,1027,3984,1164,240,0,0,63816
BV1FLtFznEhZ,114980116501263,1,124,2088,社科·法律·心理,社会观察,http://i2.hdslb.com/bfs/archive/8fe651cf34130a8113424eed266ca7e6e2b267da.jpg,比韩剧更黑暗？韩国兄弟之家事件 真实版大逃杀！,1754474400,945,6574487,纳豆奶奶,https://i2.hdslb.com/bfs/face/0a8638b34173708fcf979bd1166fbb7fdb1110a4.jpg,4638359,"社会观察局,韩剧,解说,韩国,犯罪,猎奇,高能,大逃杀,案件,鱿鱼游戏",205223,1587,327,2042,1863,495,0,0,11954
BV18fhHz3Efw,114952853592115,1,183,2044,影视剪辑,动画配音,http://i1.hdslb.com/bfs/archive/9bf4933bb9051e73aa1e2245dd948d29c9d79774.jpg,津  门  浪  浪  山,1754043633,87,431233688,瑄羽猫,https://i2.hdslb.com/bfs/face/6d8a9679528499aa1ec9a772e8d0221b660ded92.jpg,1565748,"搞笑配音,天津话配音,整活,浪浪山小妖怪取经副本启动",1115213,343,881,10964,3089,5862,0,0,73531
BV19CtMzAETi,114968456337978,1,21,2154,日常,剧情演绎,http://i0.hdslb.com/bfs/archive/2473567713135a0244cc5bc697cd43ab43a06d66.jpg,当你在vintage店看到了自己的旧衣服,1754279780,148,8259298,港妹妹join,https://i1.hdslb.com/bfs/face/07b99a830d07736e978148d77b733b115ab5c91a.jpg,359007,给整活儿加点艺术,568244,318,559,1740,511,500,0,0,48301
BV1bKhLzpEmT,114965956527560,1,130,2017,音乐综合,MV,http://i2.hdslb.com/bfs/archive/c8acc09a9f04b4913d6a502924019bd5bf368172.jpg,【中日歌词首发/完整版】FGO十周年纪念动画主题曲「美丽世界」神山羊×YOSUKE from SPYAIR,1754241632,243,15319615,Aki惊蛰,https://i1.hdslb.com/bfs/face/3ca6c1855a4e0feaf40e857bdb194adbccf3d63a.jpg,257533,"FGO,SPYAIR,二次元,Fate,fes2025,すばらしいせかい,十周年,Fate/Grand Order,神山羊,fgo十周年",287966,777,825,17545,8121,2911,0,0,22071
BV1qwtAzdEw2,114980703702586,1,247,2106,新能源车,汽车测评,http://i1.hdslb.com/bfs/archive/88274062271e966e116267b4c9390cfc12bab322.jpg,抢先内测！沃尔沃全新XC70智能车机,1754469688,890,497525820,所长Wy,https://i0.hdslb.com/bfs/face/5137009463f59bf5ed46af3a8779d63ed6ca3304.jpg,1403431,"汽车,奔驰 GLC,理想L7,沃尔沃全新XC70,沃尔沃全新XC70车机发布,车机界的苹果,特斯拉Model Y 焕新版,新能源车,车机,阿B车友俱乐部",694691,772,509,6205,3406,177,0,0,50505
BV1BX8yzSEME,114946209746237,1,17,2078,单机游戏,沙盒类,http://i2.hdslb.com/bfs/archive/f1cc610ccfd66fd8c7d1b193b14c2d05caf06044.jpg,MC最刺激极限追杀！大神Dream VS 旺仔小乔！？,1754042431,488,454644137,xiaozheng562,https://i2.hdslb.com/bfs/face/6816a76774870b960618f987fcf97f7bdab5c4e5.jpg,140797,"美女,猎奇,我的世界,唱歌,沙盒游戏,旺仔小乔,超级搞笑,像素风,dream,极限追杀",589398,1433,670,13209,2541,2709,0,0,50317
BV1sUtizeEWA,114985032353930,1,236,2141,竞技体育,体育赛事,http://i2.hdslb.com/bfs/archive/1c35098cb4aadb084345613753fd9ea117ea470b.jpg,队友爆冷出局，他成了国乒最后一道防线。回看樊振东封神之路！（1）,1754537436,1145,357387034,乒乓Q奇,https://i1.hdslb.com/bfs/face/b0273095b893ec438a492ca2f38225a5f82b8825.jpg,470259,"樊振东,体育,乒乓球,巴黎,比赛,上得物得好物,国乒,大满贯",36254,370,451,899,1674,145,0,0,3730
BV1jWt3zyE7L,114970654282282,1,21,2037,日常,同人动画,http://i2.hdslb.com/bfs/archive/140ed929377c9f601c878784f3c1b92a887c9361.jpg,你也怀孕了？,1754313063,19,347377162,零度没有偷饭,https://i1.hdslb.com/bfs/face/fe072f577acc99fc48340ce54203b3f65844e258.jpg,655,"明日方舟,铃兰爸,沉稳的神职,忍冬,叫什么名字",542781,45,827,12111,1242,4542,0,0,55575
BV1MzhnzKEC7,114953457566174,1,138,2154,搞笑,剧情演绎,http://i0.hdslb.com/bfs/archive/f825630190f01a35829b5262a0a0d1d79b4d9b76.jpg,你偷偷跑我闺蜜家干嘛去了？,1754050846,254,10820826,小余皮得一,https://i0.hdslb.com/bfs/face/76609afcba8e4108d2a6b943637d7a2e4f55cbdf.jpg,284036,"搞笑,黑色幽默,原创,情侣,搞笑小剧场,皮得一宇宙,凯见孙琳,抽象",715925,1169,541,3961,3802,970,0,0,34273
BV1XYtwz1Eve,114981089580858,1,65,2071,网络游戏,射击游戏,http://i1.hdslb.com/bfs/archive/92c6f2c58cd2c865f80dcefc50cdbbd67d85d130.jpg,【战地记者】三角洲行动奇怪的打开方式,1754472284,141,427399568,惩罚者doro,https://i2.hdslb.com/bfs/face/26a2dedb81eedba0f6ad8f49e1267bb191f619cd.jpg,23209,"三角洲行动,三角洲破壁新赛季上线",283663,141,282,2170,628,529,0,0,20424
BV1z5t3zSEYu,114968942877818,1,172,2078,手机游戏,沙盒类,http://i0.hdslb.com/bfs/archive/6b60bbf5361cee49a281cff65e5b50fa75b8b3b5.jpg,我的世界跑酷，但是屏障2.0,1754287004,81,599674056,糖叶爱吃糖,https://i0.hdslb.com/bfs/face/01441c8e82a080811fd87a5113108feb1447bf84.jpg,15117,"沙盒游戏,我的世界,跑酷,我的世界跑酷,我的世界手机版",697097,1562,2531,3958,2089,476,0,0,40150
BV1s3tizfET9,114985166508729,1,17,2078,单机游戏,沙盒类,http://i2.hdslb.com/bfs/archive/d2d4d17e5ba36f4f6535b8ede9ef41fa24702dce.jpg,打败毁灭世界的BOSS！！！？？？「落幕曲 4」,1754536805,1159,31410276,六谷不吃羊肉串,https://i0.hdslb.com/bfs/face/ce56b8b9fd5956ecd0abacee9d9912094d25d9d0.jpg,260007,"MC,沙盒游戏,我的世界,单机游戏,沙雕,像素风,多人游戏,生存系列,夏天y,落幕曲",113227,829,304,3620,9089,105,0,0,15887
BV194twzSEYk,114980888251906,1,182,2001,影视杂谈,影视解读,http://i0.hdslb.com/bfs/archive/0e5c605566bafcc8d886b1fcb0d22a39be0ae5de.jpg,错失经典的离谱原因，跟前女友演爱情戏？正闹离婚男主真绷不住了,1754469220,267,145750219,电影冷知识,https://i1.hdslb.com/bfs/face/f1df42e1b2d69b29176f142a0d40f856fb60f82d.jpg,1431087,"原创,经典电影,电影,幕后,脑洞,女友,影评杂谈,细节,影视IP观察室",635642,485,308,4561,567,147,0,0,36551
BV1LZtuzkEJ7,114969714625816,1,201,2040,科学科普,二次元线下,http://i0.hdslb.com/bfs/archive/9b620f451ecd5a16c9bc850019e7483ffe267b25.jpg,漫展把脉--总结：肾虚，抑郁，胃病！,1754299976,1638,2142394537,医者正心,https://i1.hdslb.com/bfs/face/9ae2edac55966af9136c783ac2a75b2e9872f08e.jpg,1423016,"二次元,中医,漫展,把脉,Cosplay,问诊",1378045,4696,4192,12479,4250,5041,0,94,77796
BV1YuhHzyEpy,114953390393940,1,21,2151,日常,美食测评,http://i2.hdslb.com/bfs/archive/69fd72d3da4b3ee8ef64e4cae4d7f533a86aab87.jpg,商家对于人类的咬合力一无所知,1754049997,317,1151638210,搞事明天玩什么生活版,https://i1.hdslb.com/bfs/face/429602c6f42c81a74a714806eeb53b33c15f3d8d.jpg,464318,"测评,零食,生活记录,舌尖真探事务所,零食测评,磨牙零食,必剪创作",568731,1276,790,2504,1010,1045,0,0,36615
BV1M44dz4ECi,114976509463916,1,124,2080,社科·法律·心理,时政资讯,http://i0.hdslb.com/bfs/archive/c38ec3290b29fd7a2a1a6eb475f34d94eb33bef7.jpg,【剥壳】联合国送命题战绩全网可查丨实战经验绝赞大分享,1754402748,2930,346563107,波士顿圆脸,https://i2.hdslb.com/bfs/face/f8f0fc4114bb06a87481abe12faa006a383cbe6d.jpg,5179525,"联合国,外交,社会,巴以冲突,媒体,新闻,徐德智,环球资讯站",487290,3962,1141,3950,5310,600,0,0,36046
BV15EhNzeEfn,114959497304837,1,158,2002,穿搭,影视剪辑,http://i2.hdslb.com/bfs/archive/4b618ede21e0050759f65548ac8a9ebcd3c65e8e.jpg,“露出来了，然后呢”,1754142791,12,542246263,白昼小熊,https://i1.hdslb.com/bfs/face/4b26f51d6330ea2209192d490f6636e28ec0574c.jpg,1233948,"影视剪辑,日剧,翻拍,今日出门怎么穿",2523349,30,196,25792,2018,2111,0,0,118737
BV11ytwzMEeX,114980636593430,1,172,2016,手机游戏,原创音乐,http://i1.hdslb.com/bfs/archive/085ea596997bc0991f192e534a39031907715b27.jpg,《蔚蓝档案》二周年主题曲MV【有时候的时候】,1754539200,176,3493265644980448,蔚蓝档案,https://i1.hdslb.com/bfs/face/f2635e09fe667d4ad29229c6ed0b5f4bdea09bd1.jpg,2877395,"主题曲,MV,蔚蓝档案,蔚蓝档案二周年,有时候的时候",163100,4724,3887,13998,12743,5238,0,0,28688
BV1TCh3zrEdf,114963876151658,1,65,2066,网络游戏,单机主机类游戏,http://i1.hdslb.com/bfs/archive/f642d36ef935f8f07ed763a1a632f9b83881b01e.jpg,这游戏真废嗓哇,1754209676,131,3546388231097029,菜三千,https://i1.hdslb.com/bfs/face/6783c763e8e3b331eb355041daca98cd608f80a2.jpg,91828,"生存游戏,搞笑,娱乐,联机游戏,多人游戏,沙雕,竞技游戏,休闲,休闲益智,推荐宝藏游戏",1040925,1039,1431,38259,4936,33732,0,49,137230
BV1NAtwzTEX1,114981156686957,1,95,2040,数码,二次元线下,http://i0.hdslb.com/bfs/archive/ef9d44dbd21720436d29b9599a24994b6372eedc.jpg,【CJ2025】在一加展台欧气满满的一天,1754477198,254,431073645,你的影月月,https://i0.hdslb.com/bfs/face/2e32de7b28fc491a28281a22c6ea9f5d195cbdf5.jpg,8934583,"抽卡,ChinaJoy,影月月,2025CJ,游戏主播同款一加,一加手机,一加,欧气,原神",187886,562,526,1520,739,291,0,0,17976
BV1AztEz2E2H,114974479353536,1,27,2064,综合,单人RPG游戏,http://i1.hdslb.com/bfs/archive/740f2aa86025b2d8ec6293eb5af3760bb3588f79.jpg,爱丽丝：想破脑袋也不知道这关怎么过,1754452800,168,90821044,椿酱丶,https://i1.hdslb.com/bfs/face/31353dce86b4ba73ce39ce057bad13b972af2098.jpg,179226,"绝区零高能团,绝区零2.1,仪玄,ZZZ CHOICE,绝区零爱丽丝二创,薇薇安,爱丽丝,Fairy,绝区零",249610,191,302,5214,1249,737,0,0,29398
BV1HNtnzmE8W,114975955748230,1,85,2154,小剧场,剧情演绎,http://i2.hdslb.com/bfs/archive/67663e622f730141d010067d1053f7fe5dbf733e.jpg,我就说ai无法取代人类吧,1754394332,72,42019920,CCCmlng小陈不憨,https://i0.hdslb.com/bfs/face/113d86c8aefd66129820292a04daf86fd2788618.jpg,1069680,"B站小剧场,娱乐,高能,AI,人工智能,搞笑,恶作剧",968152,197,324,12434,682,2190,0,0,55786
BV1nEh3zZEVp,114964144592067,1,215,2152,美食记录,美食记录,http://i0.hdslb.com/bfs/archive/b0411d6e160c72fe873ad09e8712aad50d4561e2.jpg,过度的分享只会招人厌烦，但那又怎样，我连这条也要分享,1754213965,79,1873791750,凉湉子的日常,https://i0.hdslb.com/bfs/face/90122b840fc723dc7a39906cbf9acee6e5e2c78c.jpg,2240874,凉湉子今天吃什么,808104,291,212,10144,660,299,0,0,44331
BV1TwtPz1EXZ,114981928439257,1,253,2043,动漫杂谈,动漫速读,http://i2.hdslb.com/bfs/archive/3487de75abd2d9f10ac3c7a6202ae2839cd238ef.jpg,我的队友想杀了我？美漫《血十字：死或生》第一集,1754485324,502,302335335,莫千回,https://i0.hdslb.com/bfs/face/4fedc43765a37341cb1d7704bb164f715113b364.jpg,417227,"睡前故事,解说,生化危机,末日,丧尸,漫画,动画种草激励计划,美漫,恐怖故事,末世",42219,108,262,812,885,61,0,0,2715
BV13VtGzgE4R,114970117283742,1,138,2154,搞笑,剧情演绎,http://i0.hdslb.com/bfs/archive/27965738562909255ebf3dc986623500077d01c1.jpg,《你眼中的自己vs实际上》,1754306937,269,478610686,郑凯伦伦伦,https://i1.hdslb.com/bfs/face/24a1b4a4a5cb2287f9892c3f9be60f3668733e85.jpg,1530529,"搞笑,荣耀GT,荣耀400,2025ChinaJoy,荣耀平板GT2Pro,荣耀平板在CJ现场成电子鸡蛋,VS",1382018,865,1289,9039,1185,359,0,92,93873
BV1P6hNzJEn4,114959329533153,1,65,2071,网络游戏,射击游戏,http://i0.hdslb.com/bfs/archive/d54469d702aa75fd91617ad29d7ec936464f1008.jpg,深蓝讲堂第四弹【飞盾与兔子跳】,1754140656,216,391779795,可乐急需曼妥思,https://i0.hdslb.com/bfs/face/b82b66dab160e8c845234e55aa60338952d056d8.jpg,29006,"游戏解说,FPS,游戏杂谈,教程攻略,三角洲,盾构",752503,296,807,31156,3818,4085,0,0,63109
BV1DbtFz6E9A,114980233940892,1,243,2026,乐评盘点,乐评盘点,http://i0.hdslb.com/bfs/archive/d888610389ddb6bad850f071e95f3ab90ca465c7.jpg,【25新说唱第九期上】TT翁杰VT致敬家乡！导师的导师忘词，万妮达瞳孔已通红！,1754460720,1690,404024712,二爱夫,https://i0.hdslb.com/bfs/face/15bb938123d29fca91b34b6e03340434a518269b.jpg,557322,"音乐分享官,黄子韬,说唱,严浩翔,rap,翁杰,嘻哈,万妮达",128443,2267,354,1023,1473,76,0,0,5030
BV1Z2tAzdEFN,114982431888926,1,250,2167,出行,猫,http://i2.hdslb.com/bfs/archive/3454d952da4b56f4b34ddb122e4b81c8612a5a25.jpg,带狸花猫环游世界《爱猫之城伊斯坦布尔》,1754524800,291,404585870,不撸猫Blue,https://i2.hdslb.com/bfs/face/d56be7661b1953614bd87891831b3288c2523106.jpg,698689,"生活记录,猫猫,旅游,狸花猫,动物总动员,环游世界",258309,686,759,3589,2647,1765,0,0,35913
BV1bXtJzdEQS,114975821533807,1,121,2064,GMV,单人RPG游戏,http://i2.hdslb.com/bfs/archive/99de7227803090b2bcea942f7a95823d0ef309ef.jpg,笨蛋女神这一块,1754392181,46,2776060,二代二代,https://i1.hdslb.com/bfs/face/a2c19f1557c361fcac6538260f28c25635fbdcf1.jpg,390698,"GMV,二游,鸣潮创作激励计划,卡提希娅,鸣潮2.6,尤诺实机,尤诺,开放世界,游戏鉴赏家,鸣潮",287757,2055,500,7631,3191,584,0,0,40283
BV1YBhVzXEM9,114964564089271,1,138,2154,搞笑,剧情演绎,http://i1.hdslb.com/bfs/archive/43b29659b28a3fd1f6cdd88fed2e1c69c36e7a8f.jpg,当班里有个跑腿同学！,1754220358,94,393709394,一串大福,https://i2.hdslb.com/bfs/face/e6d1cf7df22235495d25d7ae77a4aa185e5d8c7f.jpg,1560525,"搞笑,原创,校园,搞笑小剧场,来福来福,一串大福,真实,学生时代,外卖,fyp",2447883,546,487,14378,1634,286,0,0,71535
BV1tY8dzAEiq,114937133272461,1,130,2017,音乐综合,MV,http://i1.hdslb.com/bfs/archive/4cfd10f0ec0512d330fae4e0c62c75b53846d8a1.jpg,奇 奇 怪 怪 的 K P O P 混 音 30.0,1754037000,533,1559933904,热的冰美式_,https://i0.hdslb.com/bfs/face/79ed8e4019c783f48d602cad44374a819a0feec8.jpg,118962,"TWICE,EXO,SEVENTEEN,KPOP,BLACKPINK,LE SSERAFIM,美美桑内,BigBang,NewJeans,KPOP回归前线",607615,5314,487,6959,3070,3996,0,0,56777
BV1og8kz6EDn,114946176189785,1,24,2037,MAD·AMV,同人动画,http://i0.hdslb.com/bfs/archive/7b77adc6b9e109472b028853c403a25856613ddd.jpg,赞美愚者 第29集 第一位求卜者,1753957800,299,9342710,摸头狒狒,https://i2.hdslb.com/bfs/face/e5fdc57ec36966d8dc72addda971da112ff8f81d.jpg,167583,"动画,二次元,赞美愚者,愚者",138968,316,266,5318,2490,95,0,0,18118
BV1GJtjzQEVc,114973858600120,1,75,2171,动物综合,动物综合·二创,http://i2.hdslb.com/bfs/archive/a634c1cfcdc0f54d526a8fbf31fcbcdd2a6e140a.jpg,探访亚洲最大淡水水族馆！新加坡河川生态园！,1754386200,1161,240852096,爱养鱼的卓林,https://i0.hdslb.com/bfs/face/05714fe5ebf7024da7c4f3bf31c184806d677124.jpg,221043,"水族馆,南美,海牛,观赏鱼,肺鱼,新加坡河川生态园,恒河鳄",421361,999,455,8955,2690,995,0,0,15075
BV1ZE82zDEqy,114947686143104,1,21,2088,日常,社会观察,http://i0.hdslb.com/bfs/archive/59013bab40a6bea39744b0e869bf0e4428a5adf0.jpg,反游戏后继有人了？,1753962936,432,489618859,铁柱大导演,https://i1.hdslb.com/bfs/face/46980e2714068cb78550fafe538a37a64fda3abc.jpg,998433,"搞笑,娱乐,游戏,吐槽,搞笑小剧场,赵铁柱,戒网瘾,抄作业,割韭菜,必剪创作",1157412,6012,4072,22483,6958,3895,0,0,60989
BV1jphuz7EpZ,114963272179271,1,233,2104,极客DIY,自制发明/设备,http://i2.hdslb.com/bfs/archive/d7d9474b7ce6f35594bbab44fcb906bfed190623.jpg,太阳能自动追光系统V1，豆子的老视频1,1754200423,244,13382779,疯掉的兔子yy,http://i1.hdslb.com/bfs/face/0a9f8245eeef392d5a50fcbdfe50ba4d3891cf68.jpg,14222,"3D打印机,太阳能,3D打印,DIY,太阳能追光,发明创造,追光,一起做手工吧！",582342,643,2268,3988,4505,932,0,0,28670
BV17sh3z9E7M,114964077484957,1,172,2064,手机游戏,单人RPG游戏,http://i0.hdslb.com/bfs/archive/82556f2d9ee6a5733ecad51618b70a20d91377a2.jpg,独家解析，昔涟丹恒伏笔？星铁3.5，前瞻救世PV细节！,1754212828,351,7466789,Jerryprpr,https://i2.hdslb.com/bfs/face/3be29be17dd83dda2f5770bc8acfa73ddcc82d6b.jpg,968627,"白厄,星穹列车团,翁法罗斯,昔涟,翁法罗斯开拓之旅,崩坏星穹铁道白厄,来古士,在黎明升起时坠落,英雄未死之前,三月七",667977,4656,1858,17710,5436,3519,0,0,83856
BV1ATtFzdEUv,114980535932687,1,201,2083,科学科普,综合资讯,http://i2.hdslb.com/bfs/archive/dfc27b2566889cc6d0037619b99eb4c5ff875ed0.jpg,食盐烧出塑料味？火系法师退退退！,1754478300,295,439478093,中国食品报融媒体,https://i2.hdslb.com/bfs/face/41703cc47175657261e088a1efb4906da542719e.jpg,4078486,"科普,鉴定网络热门视频,辟谣,食品安全",1132900,2720,3035,9523,2580,864,0,0,68632
BV1qmhGzoE7U,114965117671498,1,21,2005,日常,短剧短片,http://i2.hdslb.com/bfs/archive/7bdc00b6d11384dca6ad400089e8363ad172b2dd.jpg,傲慢这一块，早在大白那里领教过了,1754228589,19,3546868311132258,林亿韩,https://i0.hdslb.com/bfs/face/89d58bfe612c5c5177f4f1e3e2e99877beedc3a1.jpg,216827,"短片,原创,大白",1583007,422,1081,23086,6261,2899,0,0,140410
BV1ZAhGzoEou,114963389619964,1,182,2001,影视杂谈,影视解读,http://i1.hdslb.com/bfs/archive/1e8e5d116c24cdde997b58bf76ce38793c4e8498.jpg,口碑神作《浪浪山小妖怪》另一结局太沉重，并非打工人的牛马翻身的故事,1754202456,250,39700483,老浪三个蛋,http://i1.hdslb.com/bfs/face/349ae49cb4a685f76ccde37123380bc2ef06e2f9.jpg,62510,"动画,影评,动漫,小妖怪的夏天,浪浪山,浪浪山小妖怪,UP热评影视剧,上美厂,上海美术制片厂,上美影",311319,431,1104,1465,547,366,0,0,12447
BV1Cyh8zXEV8,114958490734308,1,27,2041,综合,动漫剪辑,http://i0.hdslb.com/bfs/archive/a32c12996daf100a3dc4f6a64a84991305e8dcc9.jpg,如果迪奥遇见的是所有JOJO,1754182800,121,14649017,有人品没节操,https://i2.hdslb.com/bfs/face/2958cd825351b1343d4f9dd525ab15e4560bd71e.jpg,20698,"JOJO的奇妙冒险,DIO,JOJO,动画种草激励计划,承太郎",750506,442,272,16600,1346,1287,0,0,31443
BV1RYtKzwEq1,114984646348355,1,65,2071,网络游戏,射击游戏,http://i0.hdslb.com/bfs/archive/6a00d210430ed789fe2cc22e4da059fcdd19861b.jpg,今日公测，谁能成为鸡王之王？,1754533800,206,3494362379979305,远光84,https://i2.hdslb.com/bfs/face/fdb4d361b8a5d44610caf61a770c18068381b45b.jpg,163815,"射击游戏,远光84,远光84公测8月7日,远光84全球公测开启",1994247,722,1179,10439,10160,619,0,0,26528
BV1Z9tEzKEoq,114974596797297,1,176,2109,汽车生活,汽车技术,http://i1.hdslb.com/bfs/archive/87d5992fa4a4412b1dab489c0195c5987f390777.jpg,亲手造一辆小米，探秘科技公司造车真实水平,1754380800,517,394609671,终极小腾,https://i0.hdslb.com/bfs/face/9fb58015e9584916246cb33af4773ad1edabeead.jpg,2428885,"跑车,小米,汽车,非正常试驾,性能真相局,电动车,性能,工厂,提车,为什么真性能车更安全",1631906,1981,3059,10940,13612,4026,0,0,55887
BV19utczVEbg,114979596473969,1,95,2123,数码,家用电器,http://i2.hdslb.com/bfs/archive/a362b0c6b828e326216811bbc7e4939acd703792.jpg,大疆发布扫地机器人 ROMO 系列：优雅设计、实力绝尘,1754481600,234,946974,影视飓风,https://i0.hdslb.com/bfs/face/c1733474892caa45952b2c09a89323157df7129a.jpg,11783787,"科技,数码,扫地机器人,大疆,DJI,首款,ROMO,大疆新品",363534,822,1931,2462,2375,5059,0,0,20028
BV1wZ4RzjE2P,114976761056453,1,250,2126,出行,户外探险,http://i1.hdslb.com/bfs/archive/44d040cb64b58e23c8950f9449456ab04c13b8d2.jpg,这片树林，藏着全东莞仅有的两个宝藏,1754449200,607,1508433321,特能斯Terrence,https://i0.hdslb.com/bfs/face/fbac72ef2cdcfb802a87a690230f290fc291e427.jpg,8229,"人文,自然,冒险,旅游,摄影,东莞,历史,宝藏,寻宝,城市探索",304933,548,976,7679,6209,1059,0,0,39538
BV1VBhVz9EVx,114964564220468,1,176,2136,汽车生活,跑步,http://i1.hdslb.com/bfs/archive/e87681a2206934ac9e356b68a4d89645909a60e2.jpg,感谢鸿星尔克官方给提供的支持@鸿星尔克,1754220193,166,2035556081,堂主lee,https://i2.hdslb.com/bfs/face/665a151899c136218c3ba7de064ecc67090c219e.jpg,885030,"原创,生活记录,鸿星尔克,记录,暑期健身蜕变挑战",680158,671,2409,3814,15544,748,0,0,87662
BV1rvtczxEYR,114981391635110,1,21,2039,日常,cosplay,http://i1.hdslb.com/bfs/archive/f8f9581417095601ab54a6dd216a003fb254eceb.jpg,重生之我在漫展当古风小生?!,1754481166,252,36416972,张恩恩NNN,https://i2.hdslb.com/bfs/face/d716ac55bed4f38f231a4a5b90a4c3d963ea3c87.jpg,920144,"CJ,金庸,古风,ChinaJoy,漫展整活,社牛,古风小生,Cosplay,二次元副本挑战者",364688,6334,179,2312,746,610,0,0,24794
BV1jdtTzKEfR,114983941706260,1,182,2001,影视杂谈,影视解读,http://i1.hdslb.com/bfs/archive/2095e5e9cd8a56c5b2595062118925b1353796ae.jpg,电影改编最大的受害者！也许你一直在误读斯内普,1754537400,1571,1473677,卡酱目标全白金,https://i2.hdslb.com/bfs/face/aabe1d9e34730ddf1caface23ed4f88cf4f1f45f.jpg,100999,"电影解说,哈利·波特,斯内普,电影,影评杂谈,影视IP观察室",23704,383,327,699,1116,47,0,0,1863
BV1BVtuzkELM,114968120794337,1,172,2037,手机游戏,同人动画,http://i2.hdslb.com/bfs/archive/2ba07175e8f43c794d4a33af2424f05db48583ee.jpg,虚一直构丨无需负世的平凡午后，你们在麦田里……,1754274786,88,2623150,秋绵_Akimeow,https://i1.hdslb.com/bfs/face/6e3060782cbaa5dfddc930d8b596826e01506252.jpg,5746,"动画,白厄,虚一直构,星穹铁道白厄,哀丽秘榭,小白，还回家吃饭吗？,麦田",323531,561,1246,30027,13949,3246,0,0,75404
BV1FWtKzuE8L,114984679900450,1,17,2064,单机游戏,单人RPG游戏,http://i0.hdslb.com/bfs/archive/b9cb1a8ca8ea5bbcf116ccf39d97d51347bae9c9.jpg,【T0哥秽土转生限定版】屏幕前的你是否也贡献清零了呢（doge),1754527042,325,3493273698044311,T0级黑赛诺流量小王,https://i1.hdslb.com/bfs/face/110e3a31fa68c7b66a60ad1050b7c0ee926230ec.jpg,80474,"原神UP主激励计划,T0哥,T0级黑赛诺流量大王,幽静危战,深渊,原神",283052,2434,5168,1519,4529,1411,0,0,22647
BV1x9hPzDERY,114959765740629,1,193,2020,MV,翻唱,http://i1.hdslb.com/bfs/archive/a6c9de39fa83eb6a4881bdff4f338e88e16b5edf.jpg,Nina《one spot》日本版番外（city pop） cover沈佳润,1754146934,169,3546810842876797,TH彼岸花,https://i1.hdslb.com/bfs/face/ef00ce22800adf5ebd6da0e14802c9205c2913ff.jpg,11336,"音乐分享官,COVER,日本,美美桑内,Onespot,Nina,citypop,沈佳润",236397,344,743,8037,5394,1644,0,0,23091
BV1KgtPzgEvP,114982112990171,1,172,2073,手机游戏,动作竞技游戏,http://i0.hdslb.com/bfs/archive/2311a4a901deb4ef68c6d6fb4f774ae71da6f18c.jpg,【萌黄速报】剧场版活动再登场！轻松季即将开启~,1754488152,164,441897078,火影忍者手游情报君,https://i0.hdslb.com/bfs/face/3c975d44586143dd0eb4b121a3437bc8cc696610.jpg,2667709,"火影忍者,轻松季,活动,格斗游戏,火影忍者手游,火影手游,火之意志继承者,活动爆料",250934,1517,2676,2393,568,587,0,0,9780
BV14YtEzDEP7,114974814963090,1,76,2149,美食制作,美食制作,http://i0.hdslb.com/bfs/archive/246e4f4c283727f1edd53518deff2c9563f7940f.jpg,新手学做菜入门级教学,1754377476,453,472102908,阿蔡美食雕刻,https://i0.hdslb.com/bfs/face/b5475839b0bcee3188920df8440746ba18d9a69a.jpg,4268447,"美食制作,美食教程,厨艺",389155,581,582,2057,2106,435,0,0,34113
BV1YutczVEZh,114979596408477,1,76,2149,美食制作,美食制作,http://i0.hdslb.com/bfs/archive/334658e1d5f2fa9cd827adcea0b2e9512b9bd5a4.jpg,这不是AI！ 是校长的早餐,1754449659,263,527057981,叶子吖OHYEZI,https://i2.hdslb.com/bfs/face/82c35a353cca3da4b85499a8033871da60b1bb02.jpg,1313705,"搞笑,美食制作,AI,吃货,手工,记录我的美食日常,校长,翻车",877815,394,295,15448,2721,174,0,0,34339
BV1Bytvz7ENx,114985401389596,1,172,2064,手机游戏,单人RPG游戏,http://i1.hdslb.com/bfs/archive/db2663469ae8ddffbab97072b86437683260a208.jpg,【1999】艾吉奥多流派玩法教学 全新刺杀体系限定大C！含心相 共鸣搭配 配队选择 抽取建议,1754538867,907,6014992,叫我棉被,https://i1.hdslb.com/bfs/face/e9e613fd43bac62672a5e4c828a07fe155c1965a.jpg,1836826,"手机游戏,刺客信条,游戏,重返未来刺客信条联动,艾吉奥,1999,卡珊德拉,兑换码,刺客信条联动,重返未来1999",119004,452,1359,1792,950,470,0,0,9710
BV1ratcztEVY,114981492296673,1,172,2064,手机游戏,单人RPG游戏,http://i2.hdslb.com/bfs/archive/17914f92da97cd9f43bf2cd421b29310ea4bc6d2.jpg,【抽取建议】海瑟音dot队的最佳第三人是谁？搭配黄泉是否可行？一期视频带你了解海瑟音的机制与实战表现！,1754478663,723,24413732,法拉拉Astral,https://i2.hdslb.com/bfs/face/fd78a14f8ab29b1abb2d3d00aaf62d5eab0a339d.jpg,150253,"养成,黄泉,黑天鹅,卡芙卡,缇宝,崩坏：星穹铁道创作者激励计划,创作者体验服,海瑟音,抽取建议,伤害占比",89418,381,1555,524,611,349,0,0,3919
BV1iShGzxEFZ,114965100888535,1,138,2142,搞笑,体育综合,http://i1.hdslb.com/bfs/archive/c4bd7d12b3150fb96e86985e4118659b39a1cc69.jpg,铁人五项比赛！,1754228650,193,3546378519186308,三一八本人,https://i2.hdslb.com/bfs/face/f3042ec213e893123bb820cad91e372bc43bcf5d.jpg,495994,"运动,体育,比赛",842051,1474,1198,1741,1708,1615,0,0,36957
BV15181z5Er1,114947853915967,1,21,2143,日常,文具手帐,http://i0.hdslb.com/bfs/archive/5ee4be705a1647fdc4f8edce0c79d508e8e2fb66.jpg,永远真诚，现在是，未来也是！,1753965237,152,72969462,笔给你你来写_,https://i0.hdslb.com/bfs/face/8e8a57daeb8ee0b50e6fa4e66c4f18f849fc601c.jpg,1137674,"原创,脑洞,doro,曼波配音,随笔,文创,笔给你你来写",895861,767,2912,8326,18101,300,0,86,198894
BV1x3hVz3EFT,114964798898504,1,168,2037,国产原创相关,同人动画,http://i1.hdslb.com/bfs/archive/f0ee2f056152a2aff0ccddab1ca7ec6bd8e34bb0.jpg,生命星球57 瘟疫！,1754267400,243,48875744,十里漫漫,https://i2.hdslb.com/bfs/face/3f3d730778883b34e49555ebb54fbecf08e3460c.jpg,272380,"动画短片,科普,二次元,原创动画,科幻,#转转,转转回收,UP！原创动画",388474,1804,376,10836,4516,66,0,0,21821
BV18xhxzJE58,114956762619358,1,59,2020,演奏,翻唱,http://i2.hdslb.com/bfs/archive/5af6e271cf240e0b9e5410faa71ff25742fa0142.jpg,penbeat 莫愁乡 亚细亚旷世奇才 翻唱,1754101247,45,1320214682,佚之云狐,https://i2.hdslb.com/bfs/face/3a590319d2159c4f0d8dc44cdd25e709e450bd2b.jpg,4775,"PENBEAT,COVER,即兴",529470,207,581,5635,7659,417,0,0,81137
BV13ptjzSETZ,114973892153377,1,182,2148,影视杂谈,其他手工,http://i1.hdslb.com/bfs/archive/b848addf21b09a6838b8f301c7905d6dd8729541.jpg,《锻刀大赛》惊现中国神器 子午鸳鸯钺！狗哥爱不释手 刀刀暴击,1754364697,909,348989367,沫子瞪片,https://i0.hdslb.com/bfs/face/a2131d38a2ea73f16ff25e61dbeb40377233f552.jpg,2280480,"锻造,爆笑,解说,纪录片,转转回收,中国兵器,转转,锻刀大赛,子午鸳鸯钺,影视IP观察室",991178,4367,1203,6997,5610,868,0,0,59404
BV1pW4oz7E6Y,114977700581597,1,172,2077,手机游戏,休闲/小游戏,http://i1.hdslb.com/bfs/archive/5b64fd7e3da3ee90ef65e005d1ef9fc5826cf673.jpg,弃桥，然后小的走下面，大的走上面,1754420734,123,1023606971,智乃ちゃん,https://i2.hdslb.com/bfs/face/7116ad09eab0e70e3a7346f3a61342f4af7bd19e.jpg,338,"原神UP主激励计划,遥遥同旅,原神",428335,6765,1423,5183,3658,6548,0,0,56649
BV1GZtAzEEL5,114981978772175,1,21,2124,日常,露营,http://i2.hdslb.com/bfs/archive/eb6d39bd9ea08185107870a50bba39ce9e751bda.jpg,一觉醒来损失几千块无奈视频被迫停更，遇事别慌切个老汉瓜来吃压压惊先,1754486152,340,3546387130092158,阿程的小房车之旅,https://i2.hdslb.com/bfs/face/c21c59ebf87f3495233b218b68fbcf505c57ebbf.jpg,380437,"新疆,床车生活,三轮小房车,露营,户外",391829,826,848,1006,8991,85,0,0,15860
BV1TwhpzuEhi,114952887077992,1,182,2001,影视杂谈,影视解读,http://i1.hdslb.com/bfs/archive/47dccf75928f030d4f9037fc8f33db0c7721cb9f.jpg,超燃电影《疯狂的麦克斯》，十年来最硬核战车电影，末世狂暴不息,1754211600,987,73528331,摩斯神探,https://i2.hdslb.com/bfs/face/7a3ccfa2d021bc1212ffdd5ea637d098a1475d9f.jpg,3192356,"电影解说,动作,石头,石头P20Ultra,扫地机,石头扫地机器人,石头扫地机",5458967,478,228,26355,1295,78,0,41,58681
BV1ZAhGzoETD,114963389615028,1,85,2154,小剧场,剧情演绎,http://i2.hdslb.com/bfs/archive/0b910d8caf226ace9613b2249014dfbbeb7a6dcb.jpg,人心中的成见是一座大山,1754202565,190,34009507,-显眼宝-,https://i1.hdslb.com/bfs/face/13b9f8b60804357d903cbfb38f69dd837a32f941.jpg,2522796,"显眼宝,反转搞笑,原创搞笑剧情",4552332,1335,1259,15206,4896,1905,0,34,136954
BV1cgtFz9ED5,114980435269655,1,17,2079,单机游戏,其他游戏,http://i1.hdslb.com/bfs/archive/4a027f200641664479819196815a517567fdc496.jpg,监狱怎么还有卖铲子的？！,1754462368,342,509250684,老Biu,https://i0.hdslb.com/bfs/face/94033cb6d94f26073a49a3630da8904aadb7ee16.jpg,1571710,"生存游戏,游戏实况,搞笑,越狱,实况解说,老Biu,越狱模拟器",177074,661,132,973,545,72,0,0,16605
BV15NtHzqEJZ,114975368615829,1,65,2071,网络游戏,射击游戏,http://i0.hdslb.com/bfs/archive/d946b680354ee50d714a48e409a9168c4aefe435.jpg,战地6设置搞不明白？3分钟纯干货提升你的游戏体验！,1754385212,190,187688580,狙佬-zuener,https://i0.hdslb.com/bfs/face/bdb4b214d3446aca7c11b408ae6f35c89f52a5cc.jpg,325938,"游戏视频,单机游戏,网络游戏,战地,游戏,战地风云,战地6,教程攻略,战地5,战地风云6揭晓",100399,87,978,4852,917,1437,0,0,4137
BV1NCtnzQEu4,114975267885651,1,216,2063,鬼畜剧场,鬼畜综合,http://i1.hdslb.com/bfs/archive/4b19674eda784b4ad0913cfbfa23543f7af3fb92.jpg,四大门派围攻东方明珠,1754383605,268,91790758,伊介书生,https://i1.hdslb.com/bfs/face/13c550fb549a533ce01182e5699f5efedcccf75a.jpg,389124,"故宫,孔子,上海,东方明珠,广州塔,蜜雪冰城,鬼畜星探企划",850869,2941,2042,12986,6786,4943,0,0,75072
BV1XYtwz1EPK,114981089581089,1,95,2123,数码,家用电器,http://i0.hdslb.com/bfs/archive/b5c1c8945b37f227021391ad12cb408110764262.jpg,大疆首款扫地机表现如何？DJI ROMO体验评测,1754481600,317,12300996,胜利文绉绉,https://i0.hdslb.com/bfs/face/15bd494c63566ab3ecfe83a5e59b58a6d8442e78.jpg,824445,"科技,大疆扫地机器人,大疆,扫地机器人,扫地机,智能家居,ROMO,DJI",94581,1168,295,4020,2152,3089,0,0,11908
BV1NxtGzwEka,114970251501542,1,253,2043,动漫杂谈,动漫速读,http://i1.hdslb.com/bfs/archive/79bdc42fe1c24b49a5f0424609031e98e42c6b4c.jpg,【柯南】 两大死神因命案留宿荒郊别墅，竟然遇到无数僵尸袭击，西瓜带你回顾柯南精彩漫改案件《被僵尸包围的别墅》,1754308027,2372,57608186,西瓜说柯南,https://i2.hdslb.com/bfs/face/ecb0fc5d5e34e79715fea462b0fd3ed85a573c05.jpg,741563,"推理,动漫杂谈,工藤新一,毛利兰,江户川柯南,名侦探柯南,柯南,毛利小五郎,服部平次,柯南解说",2002074,2441,620,18666,3654,252,0,0,27399
BV1NMhpzNEBb,114952819966305,1,219,2168,汪星人,狗,http://i0.hdslb.com/bfs/archive/5033c2e64a9f3968e115ea30c9f4a167ab4032c1.jpg,奶奶打麻将赢回来的哼唧小狗,1754040961,101,3546876607466242,酒酿小猫鱼丸,https://i1.hdslb.com/bfs/face/0461ba706c4da95affdd5cc675e99175e49d229b.jpg,22535,"汪星人,狗狗,小土狗,奶奶,田园犬,土狗,小狗,小奶狗",609870,321,1576,17407,2468,8084,0,0,94801
BV1Sc4RzsEQj,114977180552271,1,21,2158,日常,旅游记录,http://i0.hdslb.com/bfs/archive/97f3c9d31c51599d0d22dd6c61fa3cd0bc2b9fc3.jpg,Dory｜去凉山火把节看了一场彝族时装秀！烟火下和陌生人跳达体舞｜吃美味的烤小猪肉、酸菜肉丝粉｜在凌晨的成都吃豌杂面！,1754413184,2222,13658829,爱喝的Dory,https://i0.hdslb.com/bfs/face/0d6cb1494f0a2c171fd5fd7c24159c8f3bfe3f2d.jpg,325707,"时装秀,成都,美食,旅游,生活记录,布拖火把节,火把节,凉山,彝族,B站超高清视频计划",62911,897,608,1656,6957,554,0,0,6908
BV14FtFzhE2X,114980351448742,1,17,2078,单机游戏,沙盒类,http://i1.hdslb.com/bfs/archive/92a33af7fd1de42a96697fab1b1b07fdebfb9407.jpg,空天战舰升空，僵尸又该如何绝处逢生？,1754474021,626,392384666,迷人Rui_,https://i2.hdslb.com/bfs/face/7b2e06fc18d5a64d93893939ee2bc2d54f35cd54.jpg,406786,"建筑,沙盒游戏,生存游戏,战舰,科技,僵尸,我的世界,#蒸汽朋克,惊变100天,像素风",460455,2568,875,19793,65366,807,0,88,62487
BV1Vz4RzbEm5,114976962384757,1,251,2082,三农,社会资讯,http://i1.hdslb.com/bfs/archive/8b5f1a7834f6dbde1ac883e894fbbf85341c40f0.jpg,详解河南大旱！影响到底多大？降雨能否缓解？【主播说三农】,1754409584,320,1343321779,央视农业,https://i1.hdslb.com/bfs/face/c9e24623ccc91cd26c2894d2a1880dc6dc6a28c4.jpg,3623424,"主播说三农,河南旱情,玉米,灌溉",319768,940,2547,1629,3084,1413,0,0,34054
BV1y64dz2EFU,114978170343976,1,65,2071,网络游戏,射击游戏,http://i2.hdslb.com/bfs/archive/4b7f61b8c7112bc67bc039944bee87b3e44f0579.jpg,⚡全三角洲最安静的视频⚡,1754427720,132,416562294,暗处ac,https://i0.hdslb.com/bfs/face/453f4b3d7b98d77c4456191e7ab5f9473bfc6869.jpg,5505,"鬼畜,三角洲行动,零号大坝,普坝,抽象,跑刀,江南style,三角洲破壁新赛季上线",203133,368,619,2144,1110,123,0,0,12227
BV1tZtcz6E6P,114981207084613,1,209,2093,职业职场,职场发展,http://i2.hdslb.com/bfs/archive/7d7e8623fe73bc1c68dcab27b4b860754c134f7d.jpg,年薪60万的人《如何给领导订机票》（详细解读版）,1754477211,867,1464874349,打工人代表巍哥,https://i2.hdslb.com/bfs/face/d56b7a9e61ccf5b2b57a73838059ccb85683239e.jpg,28378,"毕业,职场,求职,沟通,秘书,框架,领导,体制内,涨薪,接话",98834,31,373,9308,1044,1105,0,0,3486
BV13PtJz8Eew,114974210984875,1,138,2156,搞笑,UP主小综艺,http://i1.hdslb.com/bfs/archive/963b9b8171147e8e126cd03c48ee4678e6e2c7bf.jpg,哈哈哈哈哈答非所问英文版,1754367708,138,3461572842228424,牛小豪吖,https://i1.hdslb.com/bfs/face/e9242dde084b6c1ad20e87cf12e61eebfcec49f7.jpg,1891094,"英语,英文版,娱乐,搞笑,搞笑小剧场",1035496,3320,553,13372,2639,625,0,0,52100
BV1KyhuzAEMv,114963104406729,1,136,2074,音游,音游舞游,http://i2.hdslb.com/bfs/archive/a42d805248f9c2d1bd5816e60a36ada4fa3b957b.jpg,《 杂 交 版 音 游 》7.8,1754197994,123,92930253,HL_Storia,https://i0.hdslb.com/bfs/face/c56f531ec328d0ba3431e46c39e3a1dab97abedc.jpg,182359,"音乐游戏,东北,音游,雨姐,pjsk,杂交,STORIA,带派,phigros,整点电子榨菜",984768,684,1604,30118,4241,8612,0,0,57815
BV1j64fz5EaY,114978623329789,1,171,2071,电子竞技,射击游戏,http://i1.hdslb.com/bfs/archive/07ce14efcd97a943949e520f36d4db2b1862a8b4.jpg,卧底dma第二期，被内鬼举报了嘿嘿,1754435033,633,212669589,老单喜欢当cs,https://i0.hdslb.com/bfs/face/dde53256e2313abcb3ab2656fe751ee1200d8a56.jpg,100605,"FPS,三角洲行动",282474,544,1602,1925,972,2670,0,0,12148
BV1uLhhzaERs,114958155127485,1,65,2071,网络游戏,射击游戏,http://i1.hdslb.com/bfs/archive/8ffe5d7faadc84c93b1651460decfafe001fa15f.jpg,无头无甲邪恶双喷百万撤离!,1754122809,255,391279365,花牛三角洲行动,https://i0.hdslb.com/bfs/face/73b02b53455186b49f033ab446acf0ff598a4266.jpg,38777,"搞笑,射击游戏,三角洲行动,挑战,三角洲破壁新赛季上线",918126,319,1008,29293,1673,2699,0,0,26971
BV1qrtvzJEp8,114985502051962,1,172,2064,手机游戏,单人RPG游戏,http://i1.hdslb.com/bfs/archive/4343101ea33bbcd5fac697e5443bd47c69f9eec7.jpg,【重返未来1999】万事皆允！进队范围最广的限定角色降临!丨艾吉奥0塑造全面评测丨机制详解 体系分析 配队思路 心相选择 共鸣摆放,1754539873,1015,239384911,春风满马,https://i1.hdslb.com/bfs/face/d7d14f63dc2a3440442d5d92c4cd8b1262b36aed.jpg,235589,"游戏评测,刺客信条,手机游戏,游戏,二次元,重返未来刺客信条联动,艾吉奥,游戏测评,重返未来1999",124796,911,1702,2669,3417,496,0,0,8073
BV18HhAz9EyH,114941176646252,1,219,2168,汪星人,狗,http://i0.hdslb.com/bfs/archive/06a24a0b1ea026880ad82827818e78267f9bf784.jpg,贵妇SPA,1754127900,185,390790215,是曼玉不是鳗鱼,https://i0.hdslb.com/bfs/face/fd6c977cd186e1e828090777fffd791b872db537.jpg,1550550,"柴犬,汪星人,spa,萌宠过暑假",544124,578,570,7661,2136,2765,0,0,49785
BV1qvtJzMEG9,114976022855975,1,65,2071,网络游戏,射击游戏,http://i1.hdslb.com/bfs/archive/aa29fdd36eaecde35e1c110adf38632b6f61a2c8.jpg,从“新”出发！皮特B站首播，见证不一样的征程,1754394974,159,13470007,皮特174,https://i1.hdslb.com/bfs/face/aa27f02fff29bdc92905483600972d6c507d7cf4.jpg,627916,"FPS,射击游戏,电子竞技,APEX英雄,吃鸡,竞技游戏,皮特,猎杀,steam游戏",849273,1595,9803,6057,32266,12022,0,0,49697
BV18ZtAzEEzS,114981978836491,4,171,2070,电子竞技,MOBA游戏,http://i2.hdslb.com/bfs/archive/8cf7faa887a5f133085ef31735c2ebe3ed2378d0.jpg,【2025LPL第三赛段】8月6日 IG vs AL,1754485815,7845,50329118,哔哩哔哩英雄联盟赛事,https://i2.hdslb.com/bfs/face/544c89e68f2b1f12ffcbb8b3c062a3328e8692d9.jpg,15633761,"英雄联盟,IG,AL,电子竞技,LPL,游戏赛事,2025LPL,LPL第三赛段,lol,2025LPL第三赛段",1285907,11936,7283,1618,2256,513,0,0,10729
BV1cJtPzPEQX,114982079436128,1,47,2037,同人·手书,同人动画,http://i2.hdslb.com/bfs/archive/b3dd6cc06b306a4f887082f09a993f7a3fcff65b.jpg,【大鸣王潮1566】你也变成声骸吧,1754487444,188,293187959,寞桀緣才,https://i2.hdslb.com/bfs/face/6b4baaf04d1ba4f5e36368c14a3315833b54e481.jpg,807891,"手书,鸣潮创作激励计划,小剧场,鸣潮",432015,4373,1555,5416,14638,1940,0,0,51229
BV1iBh7zuEVj,114951477855517,1,65,2071,网络游戏,射击游戏,http://i0.hdslb.com/bfs/archive/464c84c4daec1003767f574cf5ab5ce1f831dcf8.jpg,M7增强后！最变态的打法！三角洲行动,1754107200,694,11703718,米尔Miru,https://i1.hdslb.com/bfs/face/9b39c80f2c33e810914b4ff7478de956c7d05961.jpg,545702,"FPS,射击游戏,电子竞技,三角洲行动,三角洲行动整活大赏,三角洲新手教学,三角洲行动烽火行动,三角洲鼠期大行动,三角洲,三角洲破壁新赛季上线",585285,1013,851,2871,1048,281,0,0,14604
BV1BEtVzREUA,114971878884862,1,253,2006,动漫杂谈,AI影视,http://i0.hdslb.com/bfs/archive/fcf0d80095208b3a0b95d989b90d7ab6aa03ff30.jpg,地狱难度猜番挑战！当动画名场面被AI重画100次之后？这谁认得出来啊！【动漫高手01】,1754388300,2607,216025,尕丶天堂,https://i1.hdslb.com/bfs/face/6c62b7cad6c3721e86990db86036979d7359232c.jpg,1602945,"天堂,二次元,搞笑,动漫,动画,联动,动漫高手",442605,13059,866,6388,10657,1456,0,0,35115
BV1dCtGzUETP,114970050169521,1,21,2148,日常,其他手工,http://i2.hdslb.com/bfs/archive/ecb35d9df10900a2a39e36cb601d980385cc39f1.jpg,🔥红糖老虎|刀刻立体画,1754303953,25,3493078214118135,caaabi,https://i0.hdslb.com/bfs/face/170676b89ad08d8953df4c4ce4a03524cb06fa7d.jpg,3354,"绘画过程,老虎,手绘,立体画,宠物画,做一种很新的手工",371574,151,1063,5200,1766,315,0,0,50794
BV1xhhWzMENg,114953725942891,1,266,2016,音乐粉丝饭拍,原创音乐,http://i2.hdslb.com/bfs/archive/5d862872fd9da22ec66d6179efb797f6608804cc.jpg,旺仔小乔说我17岁写一首歌算我厉害，我：,1754054927,98,3546567309003469,Bobby-ye,https://i1.hdslb.com/bfs/face/e2d8cabaebfee5ebbbce7e98091bcc2302fdf55c.jpg,18575,"音乐,原创,原创歌曲,高中生,旺仔小乔,新世代音乐人计划原创季,小朋友,编曲,原创音乐人",1648224,408,526,42108,3832,266,0,0,74668
BV1fatJzgEow,114976123589703,1,241,2009,娱乐杂谈,娱乐评论,http://i0.hdslb.com/bfs/archive/b9ccdda61933ae9b5d68d4a3d290c7c39ac37c4e.jpg,手撕公司，直播大倒苦水，热搜女王带着她的八百个热搜回来了【赵露思解约风波】,1754396602,486,15472350,降B_大调,https://i0.hdslb.com/bfs/face/5ce1b571e472dc8eff86574a3711def50a78f92a.jpg,297193,"娱乐,吃瓜第一线,赵露思解约,赵露思,银河酷娱,明星解约",684865,6608,3998,2069,3551,2234,0,0,20557
BV1c382z4EMs,114947770025719,1,138,2196,搞笑,职业vlog,http://i1.hdslb.com/bfs/archive/b736ac9b42c8f1a4e2cba9bc4af84715033454da.jpg,谁还没点副业？,1753964553,114,1343576122,城市猎人山猫,https://i1.hdslb.com/bfs/face/2a095aebee4773165c3d0b099abf0c8f33281221.jpg,1582203,"生活记录,创业,赚钱",4559091,2407,4589,29713,27146,9126,0,27,342163
BV1hYt3zqEST,114970889031812,1,47,2050,同人·手书,漫画·动态漫,http://i1.hdslb.com/bfs/archive/56c488e55f728b5120f34eea463af03c9896f384.jpg,排球少年!!第五季第一集,1754317056,80,888465,暗猫の祝福,https://i0.hdslb.com/bfs/face/ee1d70ddd0eb2c9699ad11eda2b72c7974bb8d88.jpg,2013298,"排球少年,手书,OPPOReno14,OPPOReno14排球少年联名",308272,68,900,4874,2290,943,0,0,36035
BV1iBtJzKEL6,114976056416386,1,21,2197,日常,其他vlog,http://i0.hdslb.com/bfs/archive/59a3d4977a70152088b92eecefaef86bf69fabbc.jpg,挂壁房租房彻底踩坑，每月多花50块却用不了空调，早知道住网吧了,1754395815,633,3546587229849778,小A在上网,https://i1.hdslb.com/bfs/face/b496e9229ac889f7f398f69f46e8cf40c7d3c818.jpg,695266,"生活记录,生活,vlog,挂壁房,电子榨菜,城中村,租房,网吧,网吧大神,随手记录我的生活碎片",368769,915,1051,1154,2902,245,0,0,14923
BV1WZt7zyE93,114974932344700,1,138,2005,搞笑,短剧短片,http://i2.hdslb.com/bfs/archive/1f441a7e2107eae7fdf10f3d550e673c2444770c.jpg,恐龙岛当保安日记.第二天,1754391600,503,3546704072674069,文导剧场,https://i1.hdslb.com/bfs/face/2ed036ed4948f89dba6ec9731a6f715764dac7b1.jpg,23852,"末日生存,原创,恐龙,短片,末日,原创短片,流量,原创故事,恐龙岛,动画短片群星计划",145186,393,413,5879,2381,225,0,0,23663
BV1YWh8zTEfE,114958792657023,1,207,2087,财经商业,商业财经,http://i0.hdslb.com/bfs/archive/87813c1fd49c7330f882821c82ae79ce23acd099.jpg,一张图看懂洗钱！现实世界有多少漏洞？,1754132415,894,15324420,数据库kira,https://i0.hdslb.com/bfs/face/93487a9046c128bc43bd63c9e0747fa998c75be3.jpg,942906,"财经,金融,科普,洗钱,股票,反洗钱,社科人文,青年用「财」图鉴",1149546,3175,2473,38464,7367,3303,0,0,39092
BV1WNhuzfENN,114963188289120,1,171,2070,电子竞技,MOBA游戏,http://i0.hdslb.com/bfs/archive/1f36b5c369794aea31e41aa01de0f3b1b9361ebe.jpg,梦泪十大名场面，不会还有你没见过的吧？,1754199226,208,1767112114,史上醉,https://i1.hdslb.com/bfs/face/b29093ec238027dbcfd7d9edbaa7c021b47fe4d7.jpg,946942,"游戏,梦泪,王者",1056295,448,359,16240,966,410,0,0,49797
BV1d4twzSE3g,114980888253595,1,251,2166,三农,农村生活,http://i1.hdslb.com/bfs/archive/6b2adc472bace03b61aaa2a2227ca59531c59590.jpg,给昏暗杂乱的卧室点亮，就是为女孩心里种下一束光。一张书桌，是他们眺望世界的窗；一方整洁天地，是他们学会生活的起点，从此，生活不再只有将就，还有了值得守护的美好,1754469769,320,409241398,佳里小做家,https://i1.hdslb.com/bfs/face/0dc6cb2e88131066c04613178dc8d5e97b745211.jpg,29404,"生活记录,公益,农村女孩,改造房间",71943,337,301,995,7548,39,0,0,8740
BV1eBtJzKESp,114976056413601,1,47,2050,同人·手书,漫画·动态漫,http://i0.hdslb.com/bfs/archive/3173ca4bb9724e626cb1b5e168a71eaef2ac0dcc.jpg,她是谁？明明是我先来的……,1754395585,85,3546918179310343,ENX叉叉酱,https://i1.hdslb.com/bfs/face/2923eaae85b81110da3127bc55bd48532a6ff264.jpg,295337,"纯爱,情侣,漫画,青梅竹马,二次元,爱情,恋爱,ENX叉叉酱,甜甜的恋爱,国漫觉醒时",354639,198,881,6860,1056,705,0,0,47514
BV1yctuzDEni,114967986575380,1,229,2207,设计·创意,随拍·综合,http://i0.hdslb.com/bfs/archive/29767fd8f72c498abe90c7d5b7ce69a454597ac9.jpg,"""TETO！快使用钻头攻击足立零！"",""没热到这种地步吧喂！""——金刚重音teto与逆天星尘的奇妙历险4【术力口两句话小剧场】",1754272309,118,1907674795,绝美癫公死蟑螂,https://i1.hdslb.com/bfs/face/2a1f604a00c330a7dda688d907acfd13e892960b.jpg,15333,"星尘,搞笑,重音テト,搞笑小剧场,两句话小剧场,重音teto,术力口",207299,282,390,15858,1251,1246,0,0,33462
BV127tJzSEcc,114974328362340,1,182,2001,影视杂谈,影视解读,http://i0.hdslb.com/bfs/archive/c9ba57067854a605ba3d7dc0c3973930c71c4c1e.jpg,【万字拆解】血腥实验，杀戮元年！《人类清除计划4》第一届清除夜，人命换数据，小岛变囚笼，今晚杀人只为做科研~,1754380800,2170,245069296,迷影区间,https://i1.hdslb.com/bfs/face/a4aae4a3495cd589c21ee0d79d684ac82352c62b.jpg,895308,"万字拆解,若也洗发液,MAGA,人类清除计划4,杀戮元年,The First Purge,万字拉片大赛",449329,4208,432,5481,3839,284,0,0,17463
BV1Z7tnzzEP1,114975553230831,1,172,2073,手机游戏,动作竞技游戏,http://i1.hdslb.com/bfs/archive/381b85c8841bff4d0f132736f1cd3e3c2eedebbc.jpg,9月S果然是金身水门！带大家看看火影新公告，简单氪10个648提升战力，再感受下武当花火的实战表现！,1754388346,795,38568774,鬼叔黍,https://i0.hdslb.com/bfs/face/b35d79cac0c8d78f1fbb4956bf0d778d272a9dfb.jpg,3192103,"万物皆可游戏,鬼叔黍,游戏测评,火影,战力,主播,格斗游戏,火影忍者手游",469522,2906,1341,7333,6082,1404,0,0,22654
BV1A5tBzvE4n,114985971747759,1,65,2207,网络游戏,随拍·综合,http://i0.hdslb.com/bfs/archive/05662e559cb0078642aaa6407580b3635e66b0fa.jpg,感谢兄弟们的祝福！明晚19点，我们不见不散！,1754546940,72,13470007,皮特174,https://i1.hdslb.com/bfs/face/aa27f02fff29bdc92905483600972d6c507d7cf4.jpg,627916,"生活记录,兄弟,网游,电竞,祝福,游戏主播,礼物,职业选手,Apex英雄,皮特174",130847,166,3216,688,4563,2343,0,0,10922
BV1yutwzAESb,114981358147019,1,159,2111,时尚潮流,美妆,http://i1.hdslb.com/bfs/archive/390cc8a56d0516b66e8161aa02776567063141f6.jpg,氧化菊变身黑人超模？笑了三天才敢发出来…,1754476692,147,343099760,氧化菊,https://i2.hdslb.com/bfs/face/a43b656b1bd6c456496df74258b798a8586afbfd.jpg,1204069,"美妆,模特,解锁夏日时髦vibe",296275,188,323,883,1104,81,0,0,33537
BV1TatjzCEwV,114973992817510,1,137,2018,明星综合,音乐现场,http://i0.hdslb.com/bfs/archive/b4415a4e8bbf276b8358cd867166ca7c136041b4.jpg,250802 Kcon la ‖ 没有明天 章昊4k个人直拍,1754364838,246,37640684,Forever021Hann,https://i2.hdslb.com/bfs/face/6e2488e1893fce52fee91fa254504dcc3fe2c85a.jpg,3689,"4K,章昊,章昊没有明天个人直拍,舞台,直拍,K-Pop",254749,4471,2617,8231,10096,4905,0,0,20317
BV1F5t3zDE88,114968942942732,1,65,2154,网络游戏,剧情演绎,http://i2.hdslb.com/bfs/archive/bec9321f7773ef79a8468ebb26e60d5586d5bffb.jpg,《我的要求不算高》土木版,1754286893,31,3494373276781373,小猪包大学生就业指导,https://i2.hdslb.com/bfs/face/0f100230b6cee1dc37dc0a887b5d8b96a3235a70.jpg,6878,"搞笑,土木工程,土木,甲方",242411,2,21,1502,793,3451,0,0,20074
BV1Qhh8zaE75,114958373297043,1,212,2142,美食侦探,体育综合,http://i2.hdslb.com/bfs/archive/f8b8188b886c2cf784cd9f47e336a5637ac4bcd2.jpg,和专业腕力运动员切磋一下，看看我现在的腕力处于什么水平,1754125968,246,3493260093819171,李维刚的日常,https://i0.hdslb.com/bfs/face/4917c09bdfd5e72f08a04d2c752de48a848a1318.jpg,3595884,"李维刚,腕力,掰手腕",618151,846,1674,1259,1564,299,0,0,43899
BV14zt3zYEhi,114970821920076,1,138,2020,搞笑,翻唱,http://i0.hdslb.com/bfs/archive/9030f95463739925a1d8765b35c84f67db6fe4fe.jpg,不发牌改洗牌，应该也属于双厨狂喜了吧！,1754366700,23,477676711,田一名sir,https://i1.hdslb.com/bfs/face/4e30dae85d2e529924322aa328b20ee0e98427e1.jpg,1642361,"说唱,rap,洗牌,翻唱的N种打开方式",384271,429,2234,1265,700,3785,0,0,32593
BV1EgtEziESW,114975066558540,1,17,2078,单机游戏,沙盒类,http://i0.hdslb.com/bfs/archive/5b75fe0cfc20d7582b472c295ed6b02389d55495.jpg,地表最新up降临 ——MC日常记录系列,1754381481,367,3546624808717285,四害嗨嗨,https://i1.hdslb.com/bfs/face/1a2c665ee98f8c3170380e2c4be733dff174f1d4.jpg,4931,"我的世界,游戏实况,新人,娱乐,沙盒游戏,像素风",75538,175,956,2046,1497,88,0,0,16067
BV11HhJzZEFW,114952216053868,1,228,2006,人文历史,AI影视,http://i0.hdslb.com/bfs/archive/d4df3318a47e6e12eda80942fb61b1f3ddc64642.jpg,一口气看完！以郭德纲的方式打开《死亡搁浅》，爆肝33天超长完整版！,1754125200,8470,3546879598005041,替人读书的锅年糕,https://i2.hdslb.com/bfs/face/177fd020b55f780328401d1f8ed359b46d28cef6.jpg,62076,"郭德纲,小岛秀夫,剧情向,相声,AI,单口相声,index-tts,评书,死亡搁浅,推荐宝藏游戏",1697007,2624,1546,50368,32576,14468,0,67,68003
BV1RhtPzRErB,114981676783818,1,17,2078,单机游戏,沙盒类,http://i0.hdslb.com/bfs/archive/2a0bf92cc1221ba21f861782aa2648dd6bec6f08.jpg,巨型空岛生存！世界放大100倍！如何生存下去?!,1754526600,437,34657253,一个小立丶,https://i2.hdslb.com/bfs/face/7437d5ec3791bd158e3ed868edeac9ee658f6815.jpg,1123599,"搞笑,沙盒游戏,实况解说,空岛生存,我的世界,游戏解说,酷态科CUKTECH,酷态科30号超级电能站Ultra,像素风,推荐宝藏游戏",416511,238,37,16102,1057,4,0,0,17305
BV1arhPzfEyr,114959631523185,1,22,2063,鬼畜调教,鬼畜综合,http://i1.hdslb.com/bfs/archive/a88e5012d00b3b674fa428b87f68f3e6d9fee49f.jpg,带你回到那个夏天!,1754146732,120,5878572,核动力路灯,https://i0.hdslb.com/bfs/face/1201762ebd2205f61a8e8deaf03489c3dd5b52b2.jpg,601682,"全明星,唐国强,诸葛亮,挖掘机,鬼畜调教,鬼畜,跟着唐国强膨美团下午茶免单,司徒",614835,11782,814,17996,5006,1553,0,0,110580
BV1jgtEziEkH,114975066557548,1,228,2088,人文历史,社会观察,http://i0.hdslb.com/bfs/archive/1fba832fd59e71338ed4da4a5ad33da53ec1b1cd.jpg,日本青年，沦为暴徒，沉迷无差别杀人，还有未来吗？,1754380588,806,307367742,魏武挥鞭否,https://i0.hdslb.com/bfs/face/43816464594e41c2d0ce9ac43f89d94e9bc1fe8f.jpg,435754,"历史,日本,社会,人物,青年,经济,日本治安",565923,4097,3489,4845,1010,1968,0,0,22989
BV14JhJzFEvy,114952182432204,6,172,2076,手机游戏,女性向游戏,http://i1.hdslb.com/bfs/archive/f94703e8acc84a81e1876f0a94998012431d8d6f.jpg,【无限暖暖】1.8版本丹青季 活动攻略合集 史丢丢/拍照/丹青寻踪,1754031548,2683,1773346,莴苣某人,https://i1.hdslb.com/bfs/face/2a973191e45f611699c85d404baee50163a6f2ec.jpg,5564512,"暖暖,手机游戏,游戏,丹青季,无限暖暖,无限暖暖创作者激励计划",307284,150,279,3522,5398,179,0,0,8145
BV1p4tgzXE8R,114969463037868,1,182,2001,影视杂谈,影视解读,http://i2.hdslb.com/bfs/archive/0425c09485cd084a13410d658df145f4ff78ec4d.jpg,给大家看一段很标准的工业糖精。,1754302513,94,1238206698,酸奶冻冻c,https://i0.hdslb.com/bfs/face/52219b71fcc8a0db44fd49648f70f9315dbfa747.jpg,8870,"恋爱,电视剧,昭雪录,编剧,工业糖精",541242,12067,3167,2150,791,5904,0,0,31269
BV1j5tnzrE1v,114975922196321,1,27,2079,综合,其他游戏,http://i0.hdslb.com/bfs/archive/44792704fc7344fd500f8549f8852eff2a89b117.jpg,《虚环》你看了吗？PV彩蛋“官方”一手讲解,1754393976,2939,401315430,星瞳_Official,https://i0.hdslb.com/bfs/face/35ce8ca063124d4dda5c211039d0eb67eae3c797.jpg,1022194,"手游,养成,虚拟偶像,动作战斗,虚环,实机视频,V圈,虚拟主播,Vtuber,虚环挖梗大赛",265742,1345,782,8096,1712,533,0,0,14436
BV1Fu4Zz2EXA,114977532810354,1,171,2071,电子竞技,射击游戏,http://i0.hdslb.com/bfs/archive/3c32f5d2f581d42a1e442123b47ff5e310ea5ff6.jpg,CS2首个一枪五杀,1754418086,81,203680252,AYCS2,https://i1.hdslb.com/bfs/face/00981afbe0562c34f53b8279670a3e0ebd1f21c8.jpg,1101773,"逆天,一枪五杀,cs2名场面,大狙一枪五杀,大狙,五杀,名场面,挂,cs2,CS2暑期征稿狂欢",687516,312,1751,9380,4675,12324,0,0,47921
BV1Ly8mzXEwg,114948625664665,1,20,2028,宅舞,宅舞,http://i2.hdslb.com/bfs/archive/94b001e89f29c8e4c7cffa04e02280d0f56ac2d3.jpg,【青鸢】不愧是初代宅舞UP！这个舞台好元气 看完又活了,1754020800,205,11605312,青鸢Cyan-,https://i1.hdslb.com/bfs/baselabs/463a1885f487d6c820ff3bb3ef53442f01c05591.png,1207877,"宅舞,漫展,初代,元气,可爱,现场,舞台,直拍,青鸢,轻舞蹈竖屏激励计划",221151,55,250,11687,1021,184,0,0,39211
BV1x6h8zxE5a,114958339672604,1,138,2005,搞笑,短剧短片,http://i0.hdslb.com/bfs/archive/4e544b47d7525d9a9cb47570d7a187d20871a124.jpg,弗雷尔卓德之土石方这块儿～,1754128385,266,3546909580987309,弗雷尔卓德-杨辰,https://i1.hdslb.com/bfs/face/e59912641ba4cbaadb857e30085b15cf4dcc6819.jpg,259106,"原创,学生作品,短片",692603,981,1027,2479,1575,1584,0,0,50558
BV1rdhpzwEBs,114954447358161,1,138,2156,搞笑,UP主小综艺,http://i2.hdslb.com/bfs/archive/1886b7b0835f761d70241af5a3a74e5b1ab06c17.jpg,【0帧起手】防不甚防啊！这谁防得住啊哈哈哈【第四期】,1754107200,410,265457911,老鸽子从不鸽,https://i1.hdslb.com/bfs/face/c3c3cfc03639e7eef37d5c1b6356b729e1c745ec.jpg,877625,"万恶之源,奇葩,石头,搞笑,0帧起手,石头P20 Ultra,扫地机,沙雕,石头扫地机器人,石头扫地机",3821429,1831,355,95531,4416,455,0,34,108500
BV1vehVzxEWk,114964547312228,1,183,2090,影视剪辑,人文历史,http://i2.hdslb.com/bfs/archive/00893b248d0e18de68887871ea8ca177ad411d6e.jpg,没鬼没妖，但就是聊斋《聊斋志异》原著讲述,1754291100,1308,297187,姜不够,https://i1.hdslb.com/bfs/face/f56a02d96130b0ce5db176ac4b8db2d391fafa94.jpg,92529,"聊斋,人文,文学,聊斋志异,人文历史档案馆,古典文学",352212,1597,692,4119,3295,298,0,0,12224
BV13atwz7E9C,114981039312845,1,17,2078,单机游戏,沙盒类,http://i2.hdslb.com/bfs/archive/e4cdbe469719174669997e1ad73eaf9babd87fe0.jpg,不止一款免费模组！比特萝卜新免费计划公布...,1754471718,43,1098754117,比特萝卜,https://i1.hdslb.com/bfs/face/e1811a2c9a2278c7e99b48f9d927d8fe76e2bb14.jpg,593137,"我的世界,冰火传说,免费模组,比特萝卜,模组推荐",183573,197,712,4557,1096,283,0,0,19643
BV1GbhuzVEYX,114962936629968,1,30,2022,VOCALOID·UTAU,VOCALOID,http://i1.hdslb.com/bfs/archive/db959b290208fd7cf0d050919be233015c084983.jpg,即刻轮回 中文填词【重音テトSV】【なきそ】,1754195489,123,73783743,没有花香的HANA,https://i0.hdslb.com/bfs/face/d57e2b71a8aa3ddac263e2eb50ca03018762010b.jpg,161431,"重音テト,中文,填词,なきそ,いますぐ輪廻,即刻轮回,翻调,HANA,synthesizer v,虚拟之声创作计划",592026,10707,926,47892,8085,1657,0,0,64326
BV1K6tnz9EVT,114975636985210,1,21,2188,日常,自我成长,http://i0.hdslb.com/bfs/archive/c51c6578d6f9434923af0cd72d61755b7f5853b6.jpg,这把真坦白局,1754389213,97,591882474,春游哥哥,https://i0.hdslb.com/bfs/face/003f16b4bf35c96134f3326e165728574a19e3e3.jpg,407457,"情侣,情感,萌妹子,高能,记录",362647,450,530,3878,13511,262,0,0,90834
BV12JtcziEkV,114979747467112,1,212,2150,美食侦探,美食探店,http://i0.hdslb.com/bfs/archive/0bb7bc21362a9f8ad93c984a4761f1db83a980ae.jpg,探秘美国贫民山寨版肯德基！1块钱盗版炸鸡能吃吗？！,1754470800,452,8894411,子文又饿了,https://i2.hdslb.com/bfs/face/05954faf4210626ceae1a3eb5cacdecab5a61fe7.jpg,759993,"美食,街头美食,国外,美国,子文又饿了,美国美食,肯德基,炸鸡,探店,国外美食",231834,1479,300,1099,1247,188,0,0,10547
BV1iVhxztEh8,114955017788198,1,65,2071,网络游戏,射击游戏,http://i0.hdslb.com/bfs/archive/085d4f6688c2648a12fee0d299e605acb0474d37.jpg,【老鼠人行动】航天基地（绝密）45w→750w,1754100000,292,403637371,老飞宇66,https://i1.hdslb.com/bfs/face/25d6b747d51cd07f6ae01a1145225f9be7fbdc5d.jpg,2559887,"三角洲行动,三角洲破壁新赛季上线",1089984,12498,1386,6067,3402,1015,0,0,76221
BV1dhtPzREcS,114981676782769,1,65,2071,网络游戏,射击游戏,http://i1.hdslb.com/bfs/archive/6b79dd8e773ba1cc30bb36f233e0f8a718cfd19f.jpg,【老鼠人行动】潮汐监狱（野排）???w→???w,1754481462,266,403637371,老飞宇66,https://i1.hdslb.com/bfs/face/25d6b747d51cd07f6ae01a1145225f9be7fbdc5d.jpg,2559887,"三角洲行动,三角洲破壁新赛季上线",436236,4359,1169,2630,2313,384,0,0,35097
BV1mqtnzdEeS,114975603561929,1,176,2106,汽车生活,汽车测评,http://i1.hdslb.com/bfs/archive/6306dcb3850ae32c4de15e129b6219cfbc2e2773.jpg,横跨五个省份 2000KM 只为吃这个东西？,1754390438,2945,1599697382,玩车日志CarsJournal,https://i2.hdslb.com/bfs/face/245e4cfb4a5f72b5c8212a3e29bcb1b9988cba10.jpg,337103,"雷军,小米,吃播,汽车,YU7,自驾游,广西,小米汽车,酸嘢,小米 YU7",152814,992,450,2841,7265,213,0,0,10117
BV1V8twzUERB,114981056092408,1,172,2014,手机游戏,娱乐综艺正片,http://i0.hdslb.com/bfs/archive/862fcf58b8020f0d09e348ca4f5d09a12e2e5e07.jpg,蛋仔派对：速通男生女生向前冲！人人都不看好我，偏偏我最争气！,1754472074,244,1912249087,一克麻辣毛蛋儿,https://i1.hdslb.com/bfs/face/9f6a0fe7da3512eaf0773bf7a162cc233b7e3c32.jpg,794308,"蛋仔日常,蛋仔女孩,蛋仔派对发起人,蛋仔实况,蛋仔奇思妙想计划,蛋仔派对创计划,导演蛋生记,男生女生向前冲开录,男生女生向前冲,蛋仔派对",1317135,1821,305,55526,2522,116,0,53,54664
BV1P1tnzHEtp,114975318414807,1,254,2023,亲子,AI音乐,http://i1.hdslb.com/bfs/archive/69f4f657aff793c4bb6ce068b92e244ad5e1675e.jpg,⚡压！力！⚡《八连臭火》,1754384702,97,136577694,byd小绫,https://i0.hdslb.com/bfs/face/5bdce6c2af6b64dc321135e0aed8fd0ee867c6d2.jpg,357224,"蔚蓝档案,才羽桃井,王小桃,八连臭火,爱丽丝,AI音乐征集大赛",207067,816,431,7452,578,2307,0,0,28015
BV1EBhHzRE1f,114953071626794,1,124,2088,社科·法律·心理,社会观察,http://i2.hdslb.com/bfs/archive/bfd6ec9abab069e847a91e93da7d87a5e7764669.jpg,少林方丈释大师与多名女性生子构成违法犯罪吗？,1754044797,200,3546584625186941,183的冯律师,https://i2.hdslb.com/bfs/face/a4c8c5f2d5aaa44932f7145010edfcca2a21ffc0.jpg,980058,"律师,法律,释大师,少林寺,普法,方丈,法律咨询,法学生,法律观察局",375694,1000,1476,1405,727,289,0,0,26003
BV1F2tjzPEgi,114973640496716,1,212,2150,美食侦探,美食探店,http://i2.hdslb.com/bfs/archive/9cedb615808190295da09811ca0d9f847bc6475e.jpg,碳水帝国了解一下,1754395200,197,22466550,一朵金花aa,https://i0.hdslb.com/bfs/face/ec21636d59175976c3b451236a2d23bd39c1b1f6.jpg,269417,"种草,吃货,面食,舌尖真探事务所,山西,美食测评,探店,山西旅游,山西美食,Vlog",140412,203,520,1941,591,1463,0,0,8356
BV1d7tnzzEyr,114975553226085,1,17,2079,单机游戏,其他游戏,http://i2.hdslb.com/bfs/archive/14c81dcfae88e9f1950a3b9371e5e817fc4850b0.jpg,屋里有人睡不着怎么办？没关系，姐姐让它消失。,1754388238,316,19576610,有苏可卿,https://i2.hdslb.com/bfs/face/5f2ae7e1071191d69b9a72c54efae4bfbdb503e4.jpg,1112224,"恐怖游戏,单机游戏,屋里有人,找异常,有苏可卿",131541,231,316,1858,866,196,0,0,8315
BV1AVtwzhEBM,114981240771469,1,138,2073,搞笑,动作竞技游戏,http://i0.hdslb.com/bfs/archive/d3b4cae63f3b815b44e696ee176d2273b4d0ca66.jpg,【梗百科】鸽子神是谁？压力の小曲是啥梗？老弟的压压？！,1754474797,184,1544008396,梗百科,https://i1.hdslb.com/bfs/face/096ce47bce303e18d35df5343887a1ea9a9bbf8e.jpg,1916568,"鬼畜,AI,手游,火影忍者,蔚蓝档案,mygo,Heart111,赛马娘,Girls Band Cry,给整活儿加点艺术",656127,621,1285,7694,629,791,0,0,36284
BV1nNtnzmEmu,114975955750110,1,219,2168,汪星人,狗,http://i2.hdslb.com/bfs/archive/c101c806af6a7353078b3debd5934da2e0f07ce3.jpg,大家都说他是“上帝派来拯救小狗的天使回家了”，可是在常安这个家里，却还有3400个孩子等着他，今天是他离开的第二周年，他的孩子们“迎接”它们的郁爸爸回家了……,1754394199,126,100615737,小阳爱猫狗公益账号,https://i0.hdslb.com/bfs/face/5221e8d8fb9293c6766ea6df00d27b9411581965.jpg,83309,"汪星人,动物救助,感动",115673,112,451,534,6602,53,0,0,12298
BV1s4hHzAEni,114952937408536,1,76,2149,美食制作,美食制作,http://i2.hdslb.com/bfs/archive/f820eead2e7d5f2aa18dbb6dcb395b0c6eef14a9.jpg,200%还原光头强的烧烤，这可是我最馋的一集了！！,1754043404,264,3546575624210944,二次元的食光机,https://i1.hdslb.com/bfs/face/473bd3905567891dad12d63baba700303debb888.jpg,4124,"烧烤,美食制作,光头强,记录我的美食日常,烤串,熊出没,动漫美食,动漫还原,复刻美食",1115207,488,474,8375,3303,265,0,0,20798
BV1Ue4ZzbEmy,114979411858168,1,65,2071,网络游戏,射击游戏,http://i1.hdslb.com/bfs/archive/bbad9827e961367d43b6bbeeed561802ac42133a.jpg,这里也能卡车🤣？！,1754447000,295,103701980,鸭皮_,https://i2.hdslb.com/bfs/face/e8eb42c9c79347f2f27cbffa4acf4ab7e92b6fa4.jpg,369554,"源氏,守望先锋,FPS,搞笑,overwatch,ow2,守望先锋英雄召集,OW,守望先锋2",187915,358,325,785,927,1146,0,0,8221
BV1oEbSzsEUR,114912655382188,1,251,2088,三农,社会观察,http://i0.hdslb.com/bfs/archive/5e956fc412a84bc00407ec972d21a7dc0a72a2ca.jpg,你吃过公共厕所旁的五元自助餐吗？,1754386200,148,1353065475,我是九日儿,https://i0.hdslb.com/bfs/face/ef3ea526cdfc8eee6a3a2fea64f1e15c1d3ff701.jpg,125699,"正能量,vlog,记录美好农村生活,温暖,山东,济南,好客山东,五元自助餐",1070133,748,1357,7255,49124,1264,0,63,115403
BV1cDtuzEERL,114969597317294,1,65,2071,网络游戏,射击游戏,http://i1.hdslb.com/bfs/archive/0fbdb2e697bbd29ca111b3ec16c1db6032066788.jpg,最强“反外挂”游戏,1754297039,37,90119987,花圣不是花生,https://i2.hdslb.com/bfs/face/bab6001f89b0c5080955b6d7a188b255c04cd422.jpg,78423,"FPS,游戏,电子竞技,生死狙击",1489085,337,1758,7525,651,8655,0,0,93480
BV151tczUEcs,114981609672473,1,21,2028,日常,宅舞,http://i0.hdslb.com/bfs/archive/eecffdd17e940f55050e25fe5919f2c725a6a9ee.jpg,兄妹两人为何大汗淋漓,1754480695,184,214391420,KeyKeyKiYoMi,https://i2.hdslb.com/bfs/face/383a30e3e99c2aec038ecb2b71864f6ca1ecf490.jpg,628448,"小姐姐,宅舞,兄妹,原创,萌,美少女,可爱,舞蹈翻跳,暑期练舞日记",148397,337,425,1869,1945,184,0,0,6730
BV18EhWzjEeu,114954128592076,1,22,2063,鬼畜调教,鬼畜综合,http://i0.hdslb.com/bfs/archive/654caf44cad4adeb6a1a455f5799908b0ee5b3cf.jpg,希希嚷嚷，我们的城失,1754087400,61,3546376331856031,小小小小洗,https://i1.hdslb.com/bfs/face/58d322e018f27830829417f6ce5938d26bcedbcc.jpg,4279,"MY GO!!!,GBC,Girls Band Cry,哭泣少女乐队,［GBC］哭泣少女乐队二创",791817,34018,5775,47734,9974,56012,0,97,188453
BV1Mjtgz8EXS,114969513300669,1,21,2083,日常,综合资讯,http://i0.hdslb.com/bfs/archive/95f649f0f001c6d8c45b70baea9bbfbb467f4018.jpg,坐火车上中下铺选哪个？纠结型选手不用纠结了！听影老板给你分析得明明白白的￼,1754308800,63,33775467,人民网,https://i0.hdslb.com/bfs/face/4b5468ab22ee0ba672f070def7ed55986c581a4a.jpg,4247396,"生活记录,技巧",1490870,843,2197,1392,623,258,0,0,42868
BV1hUtJzbELG,114976140302401,1,65,2071,网络游戏,射击游戏,http://i2.hdslb.com/bfs/archive/8d1370f4fd32b94425198d84baf030b5f74fc3bf.jpg,「宝藏月」三重专属福利 8月8日正式开启！,1754396811,91,3494376565115651,三角洲行动,https://i2.hdslb.com/bfs/face/d86e9c7dcf8c0faf25b277a38d8103832556383f.jpg,2474380,三角洲行动,1701771,42219,8024,30817,2299,21608,0,57,126392
BV1ZRhTz2EWA,114961879665290,1,172,2027,手机游戏,音乐综合,http://i0.hdslb.com/bfs/archive/07967251ba3d31f50b01e852464f3c654f4cb9f3.jpg,《明日方舟》EP - Little Wish,1754190000,251,161775300,明日方舟,https://i0.hdslb.com/bfs/face/d4005a0f9b898d8bb049caf9c6355f8e8f772a8f.jpg,6656965,明日方舟,998391,9888,8729,30184,36735,13385,0,39,89938
BV1TchnzwEkW,114951997890406,1,22,2063,鬼畜调教,鬼畜综合,http://i2.hdslb.com/bfs/archive/b4e9194b74342dee5c0e7988dc48d79ff8fa0eea.jpg,憋笑挑战！！蛋宰派对！！,1754028422,57,3546760133741060,MC贝勒,https://i2.hdslb.com/bfs/face/09d9e08063d5ae49b03235dce0fd245828ecc7d4.jpg,160967,"歪果仁,高能,万恶之源,娱乐,恶作剧,配音,派对,挑战,男人,鬼畜星探企划",3215331,4081,525,10093,2243,1718,0,0,84369
BV1SVtcz6E8r,114979546140185,1,76,2149,美食制作,美食制作,http://i0.hdslb.com/bfs/archive/b10305d0e734bd589d0d8fbd579a9021c100188b.jpg,看了这个你还出去吃吗？！,1754453160,230,270105105,赖皮猴爱美食,https://i0.hdslb.com/bfs/face/fa7a39f18a4f89c48a37dc06bd450dac77b7242d.jpg,2301131,"美食制作,糖醋鸡架,淘宝闪购,淘宝闪购请你喝秋天第一杯,淘宝闪购请你吃秋天第一顿,炸鸡,鸡架,炸鸡架,QQ鸡架,秋天的第一杯奶茶",212551,266,253,2954,1672,290,0,0,16683
BV15MhHzjEXx,114953407307236,1,265,2071,AI音乐,射击游戏,http://i0.hdslb.com/bfs/archive/043ea249fd65dfc191ab39565dd977e433182ac5.jpg,鼠鼠今天生日，可以放过鼠鼠吗？鼠鼠会报答你的！,1754092945,93,3537118242540062,slime布丁姆,https://i2.hdslb.com/bfs/face/6fbc97634511ba16187911ca9d1b036a85322df6.jpg,36210,"三角洲行动,三角洲,祝福,生日,人机",682931,11379,3638,28001,45346,717,0,93,153693
BV1rbtJzGE36,114976089968734,1,182,2054,影视杂谈,二次元其他,http://i1.hdslb.com/bfs/archive/2d3618cc68363c32cad8d09198e203dd3b4ea5f8.jpg,愿望成真！《80亿精灵》正式引进中国！人文社“国字号”独家揭秘出版幕后，朝内大街166号纪念访谈Vlog,1754478300,1079,7487399,努力的Lorre,https://i2.hdslb.com/bfs/face/c63ebeed7d49967e2348ef953b539f8de90c5140.jpg,4949718,动画种草激励计划,78038,56,659,813,812,298,0,0,8432
BV1GRtvz6Evh,114985552319025,1,65,2071,网络游戏,射击游戏,http://i0.hdslb.com/bfs/archive/fd2e13abd36a81dfbd17865fdc27991fe0c9b5a6.jpg,拯救大兵..亿万负翁？！真给他扶起来了！！！,1754540795,397,282067352,小仙燃起来了,https://i2.hdslb.com/bfs/face/bad9ce1e00173b670604d9ebeb06b4d3d74e8ff5.jpg,823837,"游戏实况,娱乐,FPS,搞笑,三角洲行动,鼠鼠,沙雕,拯救大兵,跑刀,三角洲破壁新赛季上线",124256,267,179,2009,753,124,0,0,17203
BV1zahKzCE4y,114960839482364,1,65,2071,网络游戏,射击游戏,http://i2.hdslb.com/bfs/archive/070c1b2e05672c6dfd8e15e94281a6a47da89094.jpg,致我玩这么久第一次有这样的跑刀经历，谢谢你们,1754163504,269,220277361,波奇BQQ,https://i0.hdslb.com/bfs/face/248ec119bd42cc1edffe8e9d95254ce36e864711.jpg,2340,"射击游戏,FPS,跑刀,三角洲破壁新赛季上线",607805,817,5389,10239,13121,2305,0,0,58748
BV1AHtMzEEDE,114968624111267,1,28,2020,原创音乐,翻唱,http://i1.hdslb.com/bfs/archive/76701eaa4eef8f5634f83e13bd35a9114fd7e0f1.jpg,Moon Halo|翁法罗斯十二黄金裔,1754282179,122,1632696879,淬淬淬是淬,https://i0.hdslb.com/bfs/face/9865a51bcf93c2355eb1dd045c9abe5424dfc44c.jpg,38216,"崩坏,翻唱,崩坏星穹铁道,崩坏：星穹铁道创作者激励计划,翁法罗斯,翁法罗斯黄金裔全员,MoonHalo,黄金裔",387385,18089,1483,31887,7856,4953,0,0,68671
BV1ZwhGztEms,114963406391911,1,65,2071,网络游戏,射击游戏,http://i1.hdslb.com/bfs/archive/65a8cb6077a3a55eecb3568b58a01c079ddf2112.jpg,零号大坝42个刷红点位，有图有真相！,1754202505,423,3546950758566307,功不唐捐的鼠鼠,https://i0.hdslb.com/bfs/face/member/noface.jpg,435,"FPS,零号大坝,三角洲摸金,教程攻略",448581,1493,1561,6589,901,1830,0,0,14328
BV1HXt3z9Eac,114970402492464,1,252,2020,仿妆cos,翻唱,http://i1.hdslb.com/bfs/archive/272c4f3b794c61966efa05ca2e02e016e9ca954a.jpg,蓝莲哈,1754309287,90,16993069,林芷伊kiwi,https://i1.hdslb.com/bfs/face/602512a85adb8231973dfd9ddc3694c031f4a7fa.jpg,330934,"翻唱,蓝莲花,赛马娘,哈基米",1174848,1279,3977,10377,22214,10892,0,0,120521
BV1oMh5zwEZS,114966392736631,1,17,2078,单机游戏,沙盒类,http://i1.hdslb.com/bfs/archive/80111136a17bf472139cfbbff90f3ff75c509342.jpg,这是“漏洞”陷阱！,1754272800,415,29252533,幕川北,https://i1.hdslb.com/bfs/face/e04019772132a134aadbada24aaccbb1bb0dea60.jpg,2591043,"万物皆可游戏,我的世界,搞笑,游戏实况,游戏解说,游戏,实况解说,游戏集锦,单机游戏,单机联机",838118,1207,698,13155,8896,286,0,0,56694
BV1RYtPzWEXu,114981861331768,1,21,2150,日常,美食探店,http://i0.hdslb.com/bfs/archive/6b4354398fb4254b5374cf3531ccb7e6316185c0.jpg,暴雨天随机挑战吃夜宵！结果朋友当场对江西老板拍桌子…【coffee隐藏版】,1754484672,907,96804886,盗月社朱狒狒,https://i1.hdslb.com/bfs/face/f44b6596a65054bc484ee2fa2c4945975a5ff2fd.jpg,69548,"生活记录,记录我的美食日常,夜宵,鸠占鹊巢,下饭菜,Vlog,coffee,辣炒鸡爪,江西小炒,随机挑战",150117,1137,573,1804,7711,285,0,0,22778
BV1zWtPzhERf,114981760798760,1,253,2042,动漫杂谈,动漫评论,http://i1.hdslb.com/bfs/archive/dfde6240aad535a636b4173f097e14755620184d.jpg,（overlord第127期）为什么斯连教国没有选择自己吞并王国？,1754482632,1297,3546692020341293,废话多的飞鱼丸,https://i2.hdslb.com/bfs/face/e0ed6690184e3027117a2dc6b9272a8b7b9ca75f.jpg,139027,"动漫杂谈,OVERLORD,动画短片,动画种草激励计划,王国,动漫解说,补番推荐,雅儿贝德,斯连教国,小说补充",91613,701,344,767,2048,44,0,0,6477
BV1DUhbzcEhv,114958842988593,1,228,2090,人文历史,人文历史,http://i1.hdslb.com/bfs/archive/5432baac135a0996a9cba5af668daf0b9cda7b62.jpg,历史上有华夏入侵他国的记录吗？,1754133048,124,265589608,-古人云-,https://i1.hdslb.com/bfs/face/6b68c2e0dd8a5099675ba17b5afc8c20d5cd383c.jpg,1478613,"秦始皇,中国,历史,人文,华夏,李世民,汉武帝,爽文",3052988,1640,2603,75723,6278,2360,0,54,133927
BV1gZtczrE8B,114981207218148,1,21,2154,日常,剧情演绎,http://i2.hdslb.com/bfs/archive/e3074958e2a09ca0e2f89232f827f7ff7d55f3ed.jpg,短视频里有好多“释永信”！,1754481117,289,489618859,铁柱大导演,https://i1.hdslb.com/bfs/face/46980e2714068cb78550fafe538a37a64fda3abc.jpg,998433,"搞笑,高能,搞笑小剧场,转转回收,赵铁柱,少林寺,转转,抽象,迷信,释永信",265224,1583,746,1530,1097,1361,0,0,17987
BV1M6h3zCEpb,114963708382275,1,138,2156,搞笑,UP主小综艺,http://i2.hdslb.com/bfs/archive/926ea6706f2a4028b66d413e4429249792e74da8.jpg,哈哈哈哈答非所问,1754207148,117,551931509,小歪很拽,https://i2.hdslb.com/bfs/face/961bf1b9c9551c209a44d3463990190c36b3cdb1.jpg,1269021,"综艺搞笑,答非所问,趣味游戏,办公室游戏,看一遍笑一遍,搞笑研究所",2084868,2512,468,26610,2048,1260,0,0,82400
BV1h8huzkER7,114962919918712,1,17,2077,单机游戏,休闲/小游戏,http://i1.hdslb.com/bfs/archive/81ad1f181be467b40543d466106d2324be1c0c1e.jpg,新皮肤：寒霜剑客,1754195248,418,97213827,潜艇伟伟迷,https://i0.hdslb.com/bfs/face/a2370da541bc5f6769cfcea0fcef907bebb26311.jpg,4936168,"PVZ,植物大战僵尸,植物大战僵尸杂交版,杂交版,自制游戏,杂交植物",648504,637,711,1523,991,233,0,0,41733
BV13RtczkEaX,114981173466886,1,76,2149,美食制作,美食制作,http://i2.hdslb.com/bfs/archive/f988fb7cee81636cc08b4ceb49a6651589d8f9c2.jpg,很多人都以为外面的烤鱼是烤出来的，其实在家里面做，不用烤，不用炸，也能做到外酥里嫩比烤鱼店的还好吃,1754473631,235,3546928553921175,欧小斌美食,https://i0.hdslb.com/bfs/face/8d69f8229a0f69403d22e83b4a6a7039b47d409d.jpg,91026,"美食制作,家常菜,美食教程,烤鱼,厨艺,做法,美味,外酥里嫩",132293,157,287,4040,1511,402,0,0,10721
BV1bZtvzBEaR,114985585938344,1,65,2071,网络游戏,射击游戏,http://i1.hdslb.com/bfs/archive/5ebbf1922f3248afc6df7eeb557c5e804eeb9d74.jpg,魁斗 x 黄子韬丨天天问我在燃什么？远光84，公测上号！,1754541101,110,3494362379979305,远光84,https://i2.hdslb.com/bfs/face/fdb4d361b8a5d44610caf61a770c18068381b45b.jpg,163825,"射击游戏,远光84,远光84全球公测开启",1201079,434,697,14176,15796,217,0,0,19715
BV1CmtFztENH,114979764175148,1,172,2064,手机游戏,单人RPG游戏,http://i0.hdslb.com/bfs/archive/c72e6a6a0a60ba0f5f2e9492d0a35ceee5943643.jpg,人人都能抄的作业！幽境难度5全0命通关教学，间均2金，无纳塔人！,1754452082,434,365139335,这把我们就遇到高手,https://i2.hdslb.com/bfs/face/b0b3870a055d4aef09b5541ee58e48ce7fc88575.jpg,213220,"原神UP主激励计划,龙芙,幽境危战,抄作业,教程攻略,难度5,原神",184974,194,2177,1198,765,1230,0,0,3984
BV1pghuzxEWd,114963137960695,1,121,2041,GMV,动漫剪辑,http://i0.hdslb.com/bfs/archive/3df4d03f19bbd44c52419c9d1e0aae8864303491.jpg,【𝟖𝐊/𝐇𝐃𝐑/𝟏𝟐𝟎𝐅𝐏𝐒】查尔斯: 天下无敌 - 马克: 天上来敌＋片尾曲《第一推动力》,1754217576,146,675872284,IM闪电,https://i1.hdslb.com/bfs/face/678d87055389a45c74bd659afd935781310029fa.jpg,127296,"白月魁,灵笼片尾曲,灵笼第12集,灵笼白月魁,第一推动力,动画种草激励计划,灵笼12集白月魁vs马克,雨燕号,马克,太空战",314314,283,934,4469,2364,1369,0,0,10475
BV1Tjtgz8EjT,114969513297392,1,242,2009,娱乐粉丝创作,娱乐评论,http://i1.hdslb.com/bfs/archive/d7954f94897b659e6f2834bb9c0e092c2b6c8d06.jpg,传奇热搜王赵露思 内娱彻底癫了,1754298033,514,3546781006694901,我真的玉玉症了,https://i0.hdslb.com/bfs/face/cc515923daf9a49fba6031c54e09bca8a073935d.jpg,296151,"同诗剃须刀,赵露思,娱乐吃瓜大会",897874,3176,2532,6327,4148,1649,0,0,37282
BV1xf4fzwEkK,114980301114895,1,182,2001,影视杂谈,影视解读,http://i0.hdslb.com/bfs/archive/dbc523c1c6a94b47f0cd56b49160d757896b20b0.jpg,从1925到2025，深扒武侠片百年发展史！,1754474400,1712,1858969734,楼下粉猪君,https://i0.hdslb.com/bfs/face/e88aab37e74ac6e5e3b8d1dbe6e54c08c2bfa1b2.jpg,486992,"张彻,林青霞,笑傲江湖,李连杰,东方不败,胡金铨,徐克,楚原,火烧红莲寺,影视IP观察室",48168,771,175,644,919,46,0,0,3141
BV1QRhgz5Eqv,114964413094985,1,65,2064,网络游戏,单人RPG游戏,http://i2.hdslb.com/bfs/archive/ed29c5487225bdca65a90ccd0daab57aaa3b3769.jpg,卡了一下必有大事…,1754218017,130,1617097682,梓宸爱公子,https://i2.hdslb.com/bfs/face/70bab08addd0ca74723648f78aa4d495eed064a6.jpg,1763883,"原神UP主激励计划,原神",499092,19362,710,6661,2037,336,0,0,45636
BV1FotwzcEna,114980770877156,1,253,2043,动漫杂谈,动漫速读,http://i2.hdslb.com/bfs/archive/d3381dfe5f865ad8baec4c31e9ff4c160d7c37d1.jpg,【葬送的芙莉莲142话】帝国皇帝登场,1754471721,355,8615846,话漫人儿,https://i2.hdslb.com/bfs/face/63b02a8971fa3d0e5166efa0d0115d5bfbf09be9.jpg,588008,"葬送的芙丽莲漫画,魔导特务队,芙蕾斯,露缇涅,尤贝尔,伊里丝,兰托,卡诺恩,葬送的芙莉莲,芙莉莲",80748,248,347,894,1048,182,0,0,5215
BV17CtGzSE8F,114970050237325,4,172,2064,手机游戏,单人RPG游戏,http://i2.hdslb.com/bfs/archive/12262f34be4b1a4d06ca035e900d6550eb956c1c.jpg,《绝区零》爱丽丝角色PV | 淑女的信条,1754366400,929,1636034895,绝区零,https://i0.hdslb.com/bfs/face/f013e3aacdc4e3254a476648e1cec3f39b7df097.jpg,7531370,"PC,ARPG,手游,绝区零2.1,迟吟的浪涌,爱丽丝,动作游戏,米哈游,绝区零",1798906,19243,7746,27202,49518,9725,0,5,166575
BV12RtMzRERp,114968053685279,1,215,2152,美食记录,美食记录,http://i2.hdslb.com/bfs/archive/31fb28ee5d874cd42c63a419eea4d63765606d10.jpg,百吃不腻便利店,1754467200,246,26417558,铁蛋儿Tyler,https://i2.hdslb.com/bfs/face/12b8d664cb6c5fcad3ff97132b424e40a5f7f986.jpg,2916543,"美食,吃货,夜宵,炸鸡,便利店,火鸡面",233627,928,446,3971,692,266,0,0,19018
BV1HPtnzEEqJ,114975771200932,1,228,2094,人文历史,科学科普,http://i0.hdslb.com/bfs/archive/c0502b97a0b40506c0818a65413a15c391171a18.jpg,中国第一长河，竟然不是长江、而是黑龙江？！,1754391236,603,390186534,蜀霞客,https://i0.hdslb.com/bfs/face/bbb82adf84214e26d5aba94edfb562800661ee14.jpg,293851,"科学,自然,学习,科普,探索,地理,趣味知识,长江,黑龙江,万物研究所",211278,682,779,3550,1890,417,0,0,14640
BV1bhhtz9Eio,114957601478830,1,243,2024,乐评盘点,电台·歌单,http://i0.hdslb.com/bfs/archive/5cc26a3189f3dbdfe5bd51eed50e8ca7b937cbfd.jpg,循环歌单|【SARAVIA FUNK】|“【xx在哪里の小曲】我们的敌人在哪里？”,1754179200,3709,423517587,蛋某人音乐,https://i0.hdslb.com/bfs/face/3a3a15373208c19ea9c69cb91632e3b13e336711.webp,682742,"歌单,循环,SARAVIA FUNK,电台新星征集令",1377376,106,249,61697,2048,36,0,92,44326
BV1D84ZzwEU2,114979462189196,1,252,2040,仿妆cos,二次元线下,http://i2.hdslb.com/bfs/archive/0f18cb5c460a3233f1df11c93d2453ac7e8531d6.jpg,就拿这个考验干部？,1754448900,150,305956876,腥味猫罐,https://i1.hdslb.com/bfs/face/7553481382a5a338e2f6a6e153a22505e0face03.jpg,1923223,"二次元,ChinaJoy,cos,腥味猫罐,TCL屏宇宙,外设,TCL,China Joy有哪些想要分享的？",710589,219,509,7584,4276,501,0,0,38387
BV18jtczBE46,114979713849244,1,172,2077,手机游戏,休闲/小游戏,http://i1.hdslb.com/bfs/archive/ca79faa51419e6c5a4d47b9d646aa15a1a52ae42.jpg,蛋仔派对：蛋仔最难听的六首bgm！每一首听完都有一股无名火！,1754451389,137,2029129181,蛋仔灰灰,https://i2.hdslb.com/bfs/face/38b38355f13d9d607fa6853599eb2cb89ba1b485.jpg,245456,"eggy爱挤,蛋仔日常,蛋仔女孩,蛋仔派对发起人,蛋仔实况,蛋仔派对创计划,导演蛋生记,蛋仔带你看世界,竞技游戏,游戏鉴赏家",536254,165,47,23833,705,8,0,0,19723
BV1WPhTzQExA,114960285833986,1,216,2063,鬼畜剧场,鬼畜综合,http://i0.hdslb.com/bfs/archive/f7d6e2b60f59e6e0ba002961dc0c7ca95daefff0.jpg,《少林寺新方丈选拔大赛》,1754155101,375,1650750,阿游Kidding,https://i0.hdslb.com/bfs/face/8fa7e3f35d1561fb83089e7ef349e7f0585caf3b.jpg,3354,"周星驰,搞笑,法海,少林寺,鸠摩智,佛教,释永信,整活,鬼畜剧场,鬼畜星探企划",1387941,2136,1012,5071,9055,2644,0,0,34254
BV1xFhuzAE2L,114961376349318,1,218,2167,喵星人,猫,http://i0.hdslb.com/bfs/archive/47b6cb5494a9aae8001c655201df9f0ab916a2c8.jpg,沉浸式清洁猫屋 yue版,1754171564,138,16301219,小伙子软软,https://i2.hdslb.com/bfs/face/99276122a13f651c730aa1e295e9faa47d8e8a2c.jpg,61191,"喵星人,我和流浪猫的故事,解压",194829,334,208,2000,33801,152,0,0,50302
BV1P9hVzkEvL,114964597572928,1,21,2063,日常,鬼畜综合,http://i2.hdslb.com/bfs/archive/77904bd6f93e56cc10055e2e71928864f9524e0e.jpg,⚡我国各地蚊子叫声⚡,1754220717,130,1972357926,白鸽の乱剪,https://i0.hdslb.com/bfs/face/09bb9ca52f43f585ee8b98c2aa5658d502375b2a.jpg,26931,"奇葩,搞笑,剪辑,蚊子,玩梗,天津,老北京,抽象,整活,鬼畜星探企划",191219,481,487,2976,639,1580,0,0,9130
BV1V8h3znEpq,114964094258335,1,47,2207,同人·手书,随拍·综合,http://i0.hdslb.com/bfs/archive/41f576cba8f7fd4c24316ecd5e1e2888733cc80f.jpg,【重置】你的鬼畜区是什么颜色？,1754213153,68,3493136577857644,路过的White,https://i1.hdslb.com/bfs/face/083e6445aa78242f00e83404ee8e9897c4aae19a.jpg,6152,"音乐,鬼畜全明星,剪辑,鬼畜,梗,卡点,雅",493122,327,1157,25419,11004,3844,0,0,97162
BV1Hx4fz9Ers,114978505886519,1,138,2054,搞笑,二次元其他,http://i1.hdslb.com/bfs/archive/1057b9dc7d05ee02db9992eaa5fd7f767d95302c.jpg,2025-8-6牛B又活了一天,1754432978,31,19550011,章鱼哥治愈馆,https://i1.hdslb.com/bfs/face/0e1ea3cd8f686b4716c8846904a6460cee493b08.jpg,688126,"幸存者,画师激励计划,章鱼哥治愈馆,牛B又活了一天,每日存档,幸存者大军",310531,21955,6149,8779,5732,3044,0,0,106130
BV1WUt3z4EYi,114970385717220,1,17,2064,单机游戏,单人RPG游戏,http://i1.hdslb.com/bfs/archive/8e96d809cd5c59dae98f1ccd578f6188022f038b.jpg,这是一则银狼的推销视频,1754309728,85,511848876,我不是赤寒,https://i0.hdslb.com/bfs/face/0c89f8c6ac2bae09bf46fd77149a7a1c15bc8e16.jpg,753683,"娱乐,搞笑,崩坏：星穹铁道,崩坏：星穹铁道创作者激励计划,银狼,抽象",529523,446,889,5713,561,743,0,0,58670
BV1k1tFzfE9F,114979780955439,1,171,2070,电子竞技,MOBA游戏,http://i1.hdslb.com/bfs/archive/e753dbc3813c16af4fb3e906b359a1366426e94d.jpg,一个孙尚香到底可以秀到什么地步？,1754453181,549,3493273255544847,萧炎不鸽,https://i0.hdslb.com/bfs/face/a72dc58e11a873eb875047f4c956eb01dfe1bf63.jpg,685007,"孙尚香,王者荣耀,重庆狼队,风箫,萧炎解说,2025KPL夏季赛,发育路",216368,456,397,921,693,465,0,0,8961
BV1MahNzREwF,114959144983991,1,22,2063,鬼畜调教,鬼畜综合,http://i0.hdslb.com/bfs/archive/98f93cb69bdc14a21e256fb254d6eb7cfe3e9f49.jpg,“发给MC老玩家，并什么都不说”,1754279700,181,28284160,我叫瞬哥qaq,https://i1.hdslb.com/bfs/face/39a3498888d90307373821ed7ad933567babb4c9.jpg,708212,"籽岷,单机游戏,我的世界,沙盒游戏,演奏,Minecraft,音mad,回忆向,老玩家",298936,629,1297,17260,13229,10180,0,0,62591
BV1ZRtEzvE5u,114974647128942,1,21,2155,日常,语言类小剧场,http://i2.hdslb.com/bfs/archive/b210d4c47f207df02ae2903b6b2a4418dd558598.jpg,信我的，谁家的钱也不是大风刮来的，票价该多少钱就是多少钱，一定不要因为支持我，给自己增加经济压力和困扰！,1754395800,51,3493261712820480,临沂房主任,https://i0.hdslb.com/bfs/face/d11614edb3e8d86ab57088b849ba48b87d33f199.jpg,48425,"脱口秀,搞笑,喜剧,巡演,记录,拒绝黄牛,房主任,多元视角看娱乐",221419,202,704,1296,5217,447,0,0,53551
BV12bh5zmEih,114966090747723,1,21,2079,日常,其他游戏,http://i0.hdslb.com/bfs/archive/b06adb5ae43654a2b0449dbefc6bad98054c2d20.jpg,不熟悉地图？铃儿教你辨别方向！|极限古城[超自然行动组],1754535600,607,1534075524,雨域n-n,https://i0.hdslb.com/bfs/face/2b08f0a728eca128dad95998e812f157cfe63b96.webp,55886,"游戏实况,超自然行动组,超自然行动组精绝古城联动,极限古城,跑刀,必剪创作",35367,319,191,699,732,22,0,0,2602
BV1F78UzcE3k,114948608886180,1,85,2005,小剧场,短剧短片,http://i0.hdslb.com/bfs/archive/bcabb4168acd0c9f9598bde0e7e2d793046237b0.jpg,“猫鼠游戏”,1753976954,306,86973647,记住周淮,https://i2.hdslb.com/bfs/face/eced9fbed8ac4bb80227c2ee61aef26b78ef92e2.jpg,822261,"B站小剧场,原创,剧情向",2002195,6010,1063,21432,1108,1359,0,0,43251
BV1xSh3zqEMF,114963809114511,1,213,2125,美食测评,徒步,http://i1.hdslb.com/bfs/archive/291936fa57aea1a6734f0e4ec7bd7e9ef93b570e.jpg,爬泰山遇到了小学课本上的挑山工,1754210132,428,494818687,爱健身小庞,https://i1.hdslb.com/bfs/face/bfc664245597273a58d99e66645c27ccc2d1fc4a.jpg,88035,"江西,爬山,山东",450765,1611,1750,1955,14110,467,0,0,34251
BV1QRtGz3EYt,114969999840624,1,250,2111,出行,美妆,http://i1.hdslb.com/bfs/archive/0df2d9f8fe6cf22cc8bba6f274c211da4f912e0c.jpg,剪了一位平平无奇的客人…,1754303806,132,1869712375,山城小栗旬的理发日记,https://i1.hdslb.com/bfs/face/21a7acb06d7ecbd35d27213f87ea6749f9fd18e0.jpg,3842661,"帅哥,原创,山城小栗旬,记录,解锁夏日时髦vibe",1383363,1250,1185,5571,1409,1523,0,0,95805
BV1nktNzTErC,114982985406537,1,253,2043,动漫杂谈,动漫速读,http://i2.hdslb.com/bfs/archive/81f1e8a3717f0c0279fd0d8bd889f08b91284ee3.jpg,扣1加入幻影忍者复仇者联盟！结局前的最后一页,1754535600,1139,3493136850488160,勇者时昭,https://i0.hdslb.com/bfs/face/6ca4ec6ab67663b8cd95308c74cfc81b02822b0c.jpg,138295,"童年回忆,乐高,幻影忍者,童年动画,乐高幻影忍者",71011,732,240,1998,1135,43,0,0,6304
BV1LuhGz9E9Y,114963591010927,1,171,2070,电子竞技,MOBA游戏,http://i1.hdslb.com/bfs/archive/a79dd4fa26564cd4c67540196d83a52d2514dfbb.jpg,不是我喜欢的残血，直接开大！！！,1754215200,186,262503053,佐悠-Leisurely,https://i2.hdslb.com/bfs/face/79fef1e68d835d382d582e227e05a8737515a9ce.jpg,1911642,"搞笑,娱乐,电子竞技,诸葛亮,王者荣耀,王者荣耀夏日盛典,诸葛亮峡谷小动物团长,MOBA,王者荣耀山海皮肤",878803,748,826,4353,5613,2224,0,0,61398
BV1abt3zgEPr,114970670927751,1,28,2063,原创音乐,鬼畜综合,http://i2.hdslb.com/bfs/archive/67b10cfb4f718278b2e170676e2b9deac7acada8.jpg,哈基米登上顶点的梦该醒了 I Really Want to Stay at Your House,1754313438,100,350008700,HugoXG,https://i2.hdslb.com/bfs/face/2c4a9a844198f437dadfa5da7024019097823393.jpg,2645,"赛博朋克2077,鬼畜,曼波,哈基米,东海帝皇,赛博朋克边缘行者",394376,308,1968,17913,8202,11001,0,0,55574
BV1pC4ZzWE8i,114978975778910,1,242,2087,娱乐粉丝创作,商业财经,http://i2.hdslb.com/bfs/archive/38713dc89b776607b5a0e7af7914a3affdddfc76.jpg,户晨风 虎符咒持有者,1754440489,482,3546781006694901,我真的玉玉症了,https://i0.hdslb.com/bfs/face/cc515923daf9a49fba6031c54e09bca8a073935d.jpg,296155,"户晨风,抽象,娱乐吃瓜大会",475077,2280,1775,4014,3598,943,0,0,43542
BV1xdtJz9ETz,114975855086779,1,215,2152,美食记录,美食记录,http://i2.hdslb.com/bfs/archive/50f3f4e77eaff951004992a6949e02f28ee86d19.jpg,天津美食吃法教程之剩包子篇,1754449200,496,3546594741848906,团团的一家,https://i2.hdslb.com/bfs/face/f578dc23bbfbbfd845c7800b763f7ec872269e28.jpg,605052,"包子,早点,天津,这座城市真好吃",190932,700,475,732,513,493,0,0,12542
BV1R8twzmEcn,114981056026393,1,251,2152,三农,美食记录,http://i1.hdslb.com/bfs/archive/b92891c294b57c88994a52aa121d027bd67f3c0c.jpg,今天盒子有点大了,1754471988,1119,92489589,小李在改变1,https://i0.hdslb.com/bfs/face/71ffa7ce1214a36cc756020a1c40280e2c38cc73.jpg,120042,"街头美食,生活记录,Vlog",230535,1193,1030,1168,3056,240,0,0,16399
BV1k5tVztEY8,114971862110914,1,250,2158,出行,旅游记录,http://i1.hdslb.com/bfs/archive/9c72d1d7f4dd1884c6974ac811bdeaf99f0f754b.jpg,世界尽头的旷野仙境-“法罗群岛”,1754363100,779,10804055,蓝战非OvO,https://i2.hdslb.com/bfs/face/aa18f59c33db1256bf6e881d004232a62d767cc5.jpg,1622917,"旅游,生活记录,风景,旅拍,记录,蓝战非,法罗群岛,旅行攻略UP主激励计划",1041783,4165,1940,9120,24601,5560,0,52,111441
BV1rHhVzeENy,114964949965534,1,219,2168,汪星人,狗,http://i2.hdslb.com/bfs/archive/8e21531adaccce566ab0869befbdfc4c3de3c813.jpg,狗狗永远都不会忘记对他好的人,1754226642,266,3625254,烈的街头动物摄影,https://i0.hdslb.com/bfs/face/6375b27301493aff8eb3acd156cab38f21df4540.jpg,91411,"狗狗,汪星人,感动",322938,213,231,1658,1614,173,0,0,32650
BV1gjtGzMEiz,114970150835751,1,21,2064,日常,单人RPG游戏,http://i0.hdslb.com/bfs/archive/e515c2a4eada8e98ac7b6ca114251e0750d4c9d5.jpg,“比铃兰更权威的光来了”,1754305596,40,480062490,努力睡觉的斌子,https://i0.hdslb.com/bfs/face/5a70ebbfeb3f92e562e4e4def09ae45b9d1f7e0f.jpg,23686,"搞笑,娱乐,手机游戏,明日方舟,斩业星熊,整活,明日方舟创作者应援计划",531907,62,488,4028,507,4497,0,0,30817
BV1r9twzwErs,114980603038595,1,137,2014,明星综合,娱乐综艺正片,http://i2.hdslb.com/bfs/archive/1b4500f841d314f7deff2054359134039b11c162.jpg,【登陆少年】《TOP登陆少年组合日常角》 23,1754474400,1012,3546657239075200,登陆少年组合,https://i1.hdslb.com/bfs/face/bf39db605b4c1bf1c519c1429a4d71eb605e089d.jpg,1474146,TOP登陆少年组合,279724,58705,1851,2794,1321,202,0,0,11310
BV1Eft3zSEYs,114970603820875,1,21,2064,日常,单人RPG游戏,http://i0.hdslb.com/bfs/archive/65f4bc8cf81fe7a18c25f987e34d816cc4d6c692.jpg,【崩铁整活】来古士：设备中毒！毕设开始对我哈气了怎么办！！,1754312523,189,193601736,没吃药的烦烦,https://i0.hdslb.com/bfs/face/7dbd81e751295aeb7772d628381172098a10b0c1.jpg,488043,"搞笑,白厄,崩坏：星穹铁道创作者激励计划,因为太阳将要毁伤,那个女人,整活,必剪创作",652004,592,535,10506,2147,912,0,0,61360
BV1sbtAzMEn1,114982633080175,1,65,2071,网络游戏,射击游戏,http://i0.hdslb.com/bfs/archive/561b0c0eb765da72fca5e34590c0e254cc8942cd.jpg,敲钟人《暗区突围》用所有枪在强化封锁区撤离，第91集：AK12篇,1754526604,641,1907156027,晚风吹过敲钟人,https://i2.hdslb.com/bfs/face/8b1bb70ef29ca862247ae6b31bd39e6699258162.jpg,200499,"娱乐,搞笑,暗区突围高能团第一期,暗区突围2077联动,挑战,暗区突围",92725,2791,508,2873,4821,51,0,0,9767
BV1WXtVzaEhN,114971174244398,1,172,2064,手机游戏,单人RPG游戏,http://i1.hdslb.com/bfs/archive/d413e33c4674a9dee1ae54df49280e546405e91b.jpg,绝区零全角色街头颜值打分（OOC致歉）,1754321152,305,5541063,一颗白矮星,https://i0.hdslb.com/bfs/face/acd94a07c11321fbc8876ff473e767c3e9419a41.jpg,1299,"街头采访,绝区零剪辑,绝区零UP主激励计划,颜值打分,整活,绝区零",572413,679,693,8551,4184,3357,0,0,50844
BV1eQhgzjEAB,114964245256716,1,208,2084,校园学习,应试教育,http://i0.hdslb.com/bfs/archive/b2230f8bfe119b15713d340e648f411cabd6c2bc.jpg,【一数拔高】指对幂函数大综合！,1754215452,2892,14229967,一数,https://i1.hdslb.com/bfs/face/812281bada7d323c23c6e1e2e92749bd29b7d7c6.jpg,20517790,"数学,高考,学习,指对幂函数,bilibili高考季,考前复习,考试资料,高中,中考",883747,9286,1719,21507,6105,2601,0,73,97853
BV1gvhuzuEZ5,114962869525013,1,184,2054,预告·资讯,二次元其他,http://i2.hdslb.com/bfs/archive/2add592834cccd22b20df60bdab91bf7be2969f4.jpg,经典科幻小说《群星，我的归宿》中国动画改编版预告片官宣！,1754276400,222,3546934774074072,莱博塔,https://i0.hdslb.com/bfs/face/5fe0ac0f22223ce4b29d59d47853feafc34ce3c3.jpg,6267,"科幻,预告片,原创,中国动画,群星我的归宿,动画种草激励计划,国漫,番剧,官宣,番剧预告",2690847,1162,2485,22787,4904,6534,0,32,101490
BV1xxtAzgEjF,114982599527999,1,17,2079,单机游戏,其他游戏,http://i2.hdslb.com/bfs/archive/281da79cca6db5b36ff64b272109e1115f88e73f.jpg,恐龙岛大猎杀（下），艾丰哥相识周年庆，兄弟携手工厂大杀四方,1754496023,2732,3493273226185448,龙岛蛋壳,https://i2.hdslb.com/bfs/face/2389ca291eaee3b0486133845af7c25e3b0c9c9b.jpg,531472,"游戏实况,主机游戏,生存游戏,游戏解说,实况解说,游戏集锦,恐龙岛大猎杀,游戏搞笑,恐龙岛,推荐宝藏游戏",325607,1532,108,13936,625,19,0,0,11017
BV15LtjzsERL,114973976040354,1,172,2064,手机游戏,单人RPG游戏,http://i2.hdslb.com/bfs/archive/86eaabcec84886630af16333dfbfa43d3188e150.jpg,全地面六星干员 VS 澪，斩业星熊首秀！【明日方舟】,1754363876,891,12073864,-碱式碳酸咸鱼-,https://i1.hdslb.com/bfs/face/de64ffc4031f4ec3f068527a8cbc4a1ac9cc4bb7.jpg,535778,"娱乐,明日方舟,斩业星熊,AT-7,澪,墟,泰拉探索协会,明日方舟创作者应援计划",613717,2785,1228,2697,2721,557,0,0,31913
BV1iRtEziEPw,114974647258949,1,138,2154,搞笑,剧情演绎,http://i2.hdslb.com/bfs/archive/ae4a83ef154937375f4056a3a32362a5c6231a18.jpg,弗雷尔卓德 创意工坊之你怎么说我词～,1754374122,82,3546909580987309,弗雷尔卓德-杨辰,https://i1.hdslb.com/bfs/face/e59912641ba4cbaadb857e30085b15cf4dcc6819.jpg,259110,"英雄联盟,创意,搞笑,原创,工坊,弗雷尔卓德",1085406,852,1996,7003,3456,6434,0,0,108956
BV155hAzbEUW,114941528907662,1,219,2168,汪星人,狗,http://i1.hdslb.com/bfs/archive/3967ab8d64939a979b7eb7736e21c146caa5ba38.jpg,小狗为什么烦爸爸,1754301600,58,1595633891,鱼仔是真的狗,https://i2.hdslb.com/bfs/face/c628b0118d8d12a8b360058fc3ca8a1ac9c639b9.jpg,768087,"萌宠,汪星人,狗狗,边牧,小狗,牧羊犬,小奶狗,爸爸,萌宠过暑假",650612,142,199,2045,747,974,0,0,62267
BV1vrtJzPEM9,114976224187479,1,172,2071,手机游戏,射击游戏,http://i0.hdslb.com/bfs/archive/86786386aef25ea5de28a649252c83266f734d89.jpg,卧底金枪开！竟发现机甲私藏大金蛇！,1754398195,271,237533871,武子弈,https://i0.hdslb.com/bfs/face/1ae588a38fa7cc7a8154ff0f46d2cf57bfc3854a.jpg,1250160,"和平精英空投节,地铁逃生,卧底,武子弈,和平精英",1191963,490,452,9103,678,57,0,0,13923
BV1Shhtz9EKB,114957601544314,1,17,2078,单机游戏,沙盒类,http://i0.hdslb.com/bfs/archive/317f615956489b0d8dd3a34e02fedf6a992b1eaa.jpg,💥爆 爆 方 块💥,1754114490,906,860464,少年五之歌,https://i1.hdslb.com/bfs/face/55ece692c6455bc9cf1bd189cf3411b055eaeb52.jpg,2224985,"五歌,我的世界,乐高,大橙子,BADCEN,在一起玩一夏,乐高苦力怕,小橙子,乐高我的世界,乐高航海王热血登陆",391625,843,425,3388,5835,183,0,0,25145
BV1jj8yzLEWo,114946880898558,1,242,2018,娱乐粉丝创作,音乐现场,http://i0.hdslb.com/bfs/archive/0b0160b82a4d5b31c7a59efa70c4ffb880065afb.jpg,BILIBILI MACRO LINK 2025 精选回放,1754120967,6750,403748305,BML制作指挥部,https://i1.hdslb.com/bfs/face/924fb698bc68802a95c123c1f1ff41b3be1e9c9e.jpg,1295762,"音乐,BML,音乐现场,LIVE,现场,BML2025,一起看一辈子BML吧",665240,306,341,3638,812,518,0,0,9470
BV1TNhpzTELj,114952786418881,1,21,2039,日常,cosplay,http://i1.hdslb.com/bfs/archive/35755b04c3f04a9fdad0e40fcc976f1dd0324267.jpg,我家的机娘模型都是1:1的？！,1754107200,661,52250,视角姬,https://i2.hdslb.com/bfs/face/851025ed4bc57ad6ae82a6314e72e249fd21d604.jpg,3060401,"BW,机娘,机甲,3D打印,高达,cosplay,拓竹H2D,独角兽,模玩,拓竹",2935200,2341,1433,83634,10553,3997,0,26,115373
BV1EthPzzEx8,114960051079988,1,17,2078,单机游戏,沙盒类,http://i1.hdslb.com/bfs/archive/6e4d8b02d303b1b5dff97f57b27ccc90e38ca217.jpg,我的世界：狙击枪每升五级进化一次，最后直接无敌了,1754182800,471,2131909,特技是我,https://i1.hdslb.com/bfs/face/a124bd9ef449970bb015f047959f715102ddfd53.jpg,33009,"电子竞技,我的世界,沙盒游戏,MOD,狙击,生存,第一视角,FPS,沙雕,像素风",1265248,832,92,54612,3337,48,0,82,57853
BV1VYtPzsENQ,114981861396211,1,21,2154,日常,剧情演绎,http://i0.hdslb.com/bfs/archive/26992464394eedb9bd8d4a5e893ed4208e735c7a.jpg,北京司机拉到东北乘客,1754484284,95,359201136,小付同学Chloe,https://i0.hdslb.com/bfs/face/b6ae9c7cf66fd7a39078c0244f7205d4e541a352.jpg,239669,"东北,北京,搞笑,虚拟演绎,司机",510367,344,503,1249,960,1096,0,0,41467
BV1yz4dz7ExV,114978254231504,1,216,2044,鬼畜剧场,动画配音,http://i1.hdslb.com/bfs/archive/3b718ad8a86162be915ca86af1300812c4d85b12.jpg,光头强戒明日方舟,1754438400,520,411094695,猫柳KEE,https://i0.hdslb.com/bfs/face/8dc61ad599445bf5d36fc45e993626e504838a17.jpg,35552,"光头强,娱乐,游戏,明日方舟,搞笑配音,熊出没,明日方舟创作者应援计划",188164,702,686,2688,743,6762,0,0,18027
BV1EBtczWEJ2,114981425119632,1,232,2158,科工机械,旅游记录,http://i2.hdslb.com/bfs/archive/08291ddbcb76bcfa994a893777f2cc5367681fe4.jpg,开着挖机游全国的路上在贵州黔东南退伍老兵送我一只马犬！,1754477801,661,1918776707,挖机小何vlog,https://i2.hdslb.com/bfs/face/49ed3cd1acf202dadecc5aaa27e9ac297896530b.jpg,443176,"生活记录,旅游,正能量,开着挖机游全国,贵州,马犬,记录,自驾游,退伍老兵,黔东南",598483,861,619,7128,2875,115,0,0,24549
BV1LftnzrEk1,114975435721593,1,86,2154,特摄,剧情演绎,http://i1.hdslb.com/bfs/archive/62c754aa315a348eaac82e77ad9ca680acdaca06.jpg,超燃决斗！金铲铲真人版！,1754387109,229,3066511,特效小哥studio,https://i1.hdslb.com/bfs/face/6ec724a9cccb64d4e93dc1c25aea6608ac72abde.gif,4472290,"龙珠,搞笑,特摄,假面骑士,美少女,特效,COS,金铲铲天下无双格斗大会",373297,1758,310,1927,1223,720,0,0,24507
BV1hvtwzLEFj,114981072932635,1,24,2037,MAD·AMV,同人动画,http://i1.hdslb.com/bfs/archive/d03974bd023a965c96d00bb468872a5beaeebbe8.jpg,【绝区零】爱丽丝要消除一切不对称！ ！,1754472025,43,1479017848,Superappleman,https://i1.hdslb.com/bfs/face/208b6b05aa4b2cdd2497e9cfb0c5d5e26ccc7388.jpg,339881,"绝区零爱丽丝,ZZZ CHOICE,绝区零爱丽丝二创,爱丽丝",550084,166,762,9780,4345,1507,0,0,73769
BV1Seh8z8Ezb,114958406850667,1,29,2020,音乐现场,翻唱,http://i1.hdslb.com/bfs/archive/9500d8c387c3d80bf2d20e2ab79a7c306b5f24d1.jpg,蔡徐坤劝你别读博,1754126220,215,21442590,馄饨皮茄总,https://i0.hdslb.com/bfs/face/29d3bf75ec95524532a9ce36d1232ef441889a1d.jpg,33355,"蔡徐坤,cover,科研,博士,学术,读研,读博,deadman,PhD,翻唱的N种打开方式",1169901,1191,2211,20447,36254,16960,0,96,115405
BV194twzSEtC,114980888251747,1,253,2042,动漫杂谈,动漫评论,http://i2.hdslb.com/bfs/archive/4058cfe532d278fb8beea79b22421d2c90bea5fb.jpg,“动物之友”荒木飞吕彦，八部JOJO究竟有多少动物惨遭毒手？（中）,1754478000,1140,7526017,真云霆,https://i1.hdslb.com/bfs/face/f574f4a20ecaa34e66d342de0462b4608a1c59e8.jpg,204576,"DIO,搞笑,空条承太郎,JOJO的奇妙冒险,JOJO,荒木飞吕彦,动漫杂谈,石之海,黄金之风,不灭钻石",94314,528,177,1430,1484,125,0,0,7370
BV1uRhJzKEDb,114952064992961,1,182,2001,影视杂谈,影视解读,http://i2.hdslb.com/bfs/archive/df9993cb4e328fba34d5f37bcc261bae5ceee584.jpg,超燃电影《全民超人汉考克》，超人不一定是超人，也可能是小调皮,1754038800,550,73528331,摩斯神探,https://i2.hdslb.com/bfs/face/7a3ccfa2d021bc1212ffdd5ea637d098a1475d9f.jpg,3192357,"科幻,电影解说,超级英雄,超人,转转回收,转转",7506715,2019,1435,22827,2212,268,0,27,117611
BV1S5hJzYEe8,114952568380748,1,76,2149,美食制作,美食制作,http://i0.hdslb.com/bfs/archive/8b586982b40e0a90ec9fbadb3704d45658e9bc42.jpg,【迪奥の厨房】3分钟开吃，酸甜爽辣的拌面，太爽啦！,1754038089,139,13745285,丶沫小白,https://i2.hdslb.com/bfs/face/176ea8cc8f5187e0f82c9828bb1ecba9fb94ffd0.jpg,1211865,"黑暗料理,美食制作,快手菜,美食教程,上淘宝闪购搜超级星期六有惊喜,淘宝闪购超6爆款外卖只要1块9,夏日美食,拌面,懒人美食,jojo的奇妙冒险",1232118,1051,803,53851,4759,3271,0,68,124200
BV1V9hWzpENv,114955621764211,1,136,2074,音游,音游舞游,http://i0.hdslb.com/bfs/archive/414a580b2685aca57da545c94ff7309c156aff58.jpg,【冰与火之舞自制谱】亞細亞曠世奇才-莫愁乡,1754083731,136,1705061926,清歌遗响,https://i1.hdslb.com/bfs/face/2a93c021ed47cb0f5e9b5406e1257c972e7f2d58.jpg,421,"音乐,自制谱,音乐游戏,冰与火之舞,歌曲莫愁乡二创",273765,85,240,2907,754,230,0,0,14851
BV1MehtzXE7i,114957500947038,1,228,2207,人文历史,随拍·综合,http://i2.hdslb.com/bfs/archive/13f1df40a8e9d2344534bf771270a9aa7c13d4a5.jpg,BOSS让放假员工早起陪跑步，跑一半猝~你遇过那些现世报,1754451000,140,11030184,猫村猫村,https://i0.hdslb.com/bfs/face/80ab4d91f9ebaef02916c9a19fbb8dcad3902970.jpg,294343,"四条天皇,人文历史档案馆,现世报,田中军吉",597783,68,32,13329,1553,25,0,0,19513
BV1vetLzpEJY,114972281541389,1,215,2149,美食记录,美食制作,http://i2.hdslb.com/bfs/archive/6970cba806561d139dec5724fef10858b32aa76f.jpg,深夜牛油火锅,1754385300,180,39815694,李百万食百味,https://i0.hdslb.com/bfs/face/de2267d876fc7b3dbf5ea161121f67e0dc9983fd.jpg,18687,"火锅,夜宵,我用美食搞事业",684616,354,1087,4730,2342,636,0,0,55561
BV1c2hNzLELt,114959262417334,1,17,2079,单机游戏,其他游戏,http://i1.hdslb.com/bfs/archive/2fbca861070e51f92d11521267e6d87f6e091b68.jpg,60秒避难所：小红的气数已尽？呱呱菌游戏,1754139489,2678,10572246,水神呱呱菌-瓜瓜君,https://i0.hdslb.com/bfs/face/87eb32b76233a02e08db89b905f791df3e096b39.jpg,590816,"生存游戏,游戏实况,实况解说,游戏解说,避难所生存,60秒避难所生存,避难所,60秒,60秒避难所,推荐宝藏游戏",1866578,616,121,17186,1791,23,0,0,18745
BV13f49zoEyc,114977197393320,1,47,2037,同人·手书,同人动画,http://i1.hdslb.com/bfs/archive/09ae64effac06dd4ef6ca8482addb88c826acafb.jpg,全宗降智你敢让我读评论,1754413000,200,3546639987903102,蝎紫蝎,https://i0.hdslb.com/bfs/face/fd36b6a0c34f82acbd8321d2d52bcc7e377fe2a3.jpg,126252,"二次元,原创动画,修仙动画",66041,135,290,1606,522,43,0,0,5175
BV1pVh3zwERy,114963943266590,1,253,2001,动漫杂谈,影视解读,http://i1.hdslb.com/bfs/archive/177a99d3be49dbf7a32c6806633c15dc016a9f0b.jpg,世上没有浪浪山，或者 人人都在浪浪山。,1754210691,279,1249029768,野人少女79,https://i0.hdslb.com/bfs/face/f7b1b6f2ce7b92fd435c1318191b93f31e3bfc29.jpg,574357,"治愈,浪浪山小妖怪,UP热评影视剧",1543684,88,333,22790,1399,223,0,0,26784
BV1af49zdEBF,114977197267045,1,65,2071,网络游戏,射击游戏,http://i1.hdslb.com/bfs/archive/b72092e810aa6dd8c209a0bd80328092b607574b.jpg,暗区突围：重生之我在暗区当大运，RPK原型枪盾配上绿鹅重装在强台是库库白给还是乱杀？,1754413050,504,1624028186,蹭饭不下饭,https://i2.hdslb.com/bfs/face/aa44dfefc89c9a90bff988ef39e8e5ebd72a9c55.jpg,178290,"娱乐,游戏实况,搞笑,暗区突围可颂作者团,原型,大运,操作,教程攻略,暗区突围,推荐宝藏游戏",120434,345,220,2011,808,58,0,0,6036
BV1Wgh3zPEkx,114964043923940,1,76,2149,美食制作,美食制作,http://i1.hdslb.com/bfs/archive/5ab6aa636cbd3d1d8b830e2283d078cbf34d64a2.jpg,1 pizza 🍕 = 1 smile~~~1个披萨🍕= 1个微笑,1754212383,84,1600975131,女王厨房Surthycooks,https://i0.hdslb.com/bfs/face/1ab0fe198e0033bbea11968079b74bd832b4a631.jpg,1884985,"公益,吃货,美食教程,美食,全程高能,厨艺,女王,厨娘,surthycooks,一饭封神申请出战",311655,327,460,1536,3353,84,0,0,40454
BV1ePhJzgEcP,114952417316809,1,17,2078,单机游戏,沙盒类,http://i0.hdslb.com/bfs/archive/a268c703fc0fc911399fefda736a398137b94be9.jpg,【MC暴力美学】天基屠龙炮x粒子,1754034922,125,495966541,ATC_rock,https://i1.hdslb.com/bfs/face/df7fed29d05e1b23c09fc19024fa9d2535bd65b3.jpg,7063,"我的世界,MC,minecraft",899652,1818,1404,47292,94090,4870,0,39,179395
BV1wshbzmE6H,114956947162424,1,17,2078,单机游戏,沙盒类,http://i0.hdslb.com/bfs/archive/2c33a11213391a20eeb36f57fb403f6e112cb672.jpg,一口气看完圆梦镇！！,1754107531,4858,3546780297857541,沉迷游戏的島风,https://i0.hdslb.com/bfs/face/46ea40d6eed24135232ffa7310b4e60cd9831332.jpg,102512,"建筑,我的世界,沙盒游戏,游戏实况,实况解说,一口气看,像素风,合集,小镇,一口气看完",4311021,4088,795,238058,55478,1876,0,6,216765
BV1xetNzkEwc,114983069291146,1,17,2077,单机游戏,休闲/小游戏,http://i2.hdslb.com/bfs/archive/e9e5657dd504f72120b0b52fb7097adc896e2a2b.jpg,融合新模式：全新塔防！,1754521200,285,3546619314178489,蓝飘飘fly,https://i1.hdslb.com/bfs/face/f2bc644c3cf25590bbc7954daecf3e3a9aec5711.jpg,1506370,"娱乐,植物,演示,融合版,融合植物,新模式,融合,塔防,模式,推荐宝藏游戏",218045,536,743,1301,1076,265,0,0,11842
BV1FRtnz5EgT,114975418880976,1,65,2070,网络游戏,MOBA游戏,http://i0.hdslb.com/bfs/archive/2cd7fbdc3a647bc813bf266c05905e77ef4f3006.jpg,有趣...是值得我使出真伤的对手！,1754385905,253,3546799094631194,爱丽速子LightSpeed,https://i2.hdslb.com/bfs/face/9ea7f7998ab8bb02c34bed1aa3aa376643d49f8b.jpg,160902,"搞笑,电子竞技,娱乐,王者荣耀,MOBA",224967,285,330,1108,753,57,0,0,19852
BV1GWtnzvEEB,114975485988146,1,182,2001,影视杂谈,影视解读,http://i0.hdslb.com/bfs/archive/264dd16f6573b0d3fe85a8a8ce12e4777abcaa1e.jpg,纳米黑墙封死全国建筑，子弹都打不穿，人进去只剩半截身体【科幻Fans  布玛《砖墙谜攻》,1754386932,879,206840230,科幻Fans布玛,https://i1.hdslb.com/bfs/face/78c27b565e56598877a70bed015974253b14eef7.jpg,2318600,"悬疑,电影解说,电影,密室,科幻,解谜,影评杂谈,凶杀,影视IP观察室",1677712,1811,862,17833,2179,271,0,0,35344
BV1xyt3zFEbQ,114970436048005,1,215,2151,美食记录,美食测评,http://i0.hdslb.com/bfs/archive/e970a4cc828e15efb3c549b1ca0b19afeb10d9a1.jpg,早餐实力排名,1754310396,520,3493292727601296,王小洋-已黑化,https://i0.hdslb.com/bfs/face/e33567ee9db0bad3c746a42ab7354680b75b0a06.jpg,309597,"早餐,吃喝玩乐先上闲鱼,油条,MVP,手抓饼,排名,烤冷面",719502,14487,6234,7188,1748,1486,0,0,54473
BV1dPhgzEE3A,114962617862962,1,138,2154,搞笑,剧情演绎,http://i2.hdslb.com/bfs/archive/075f51cfd639b9b3d66852ba33a060323c1dc767.jpg,做生意不光靠自身的实力，更多的是靠运气,1754192408,186,375312438,赵老板创业记,https://i0.hdslb.com/bfs/face/cc234df8ab000658ebb320b6818cc46dbdaf90c6.jpg,30503,"创业,正能量,西瓜,赚钱,商业思维",1817721,1238,1679,4411,5474,852,0,0,77860
BV1784ozVEkw,114977633471667,1,47,2037,同人·手书,同人动画,http://i0.hdslb.com/bfs/archive/8bca1921a3e3973ca43f0f58dfcf80fcd2f4c8bc.jpg,【像素原神】都什么年代了，还在用传统女仆,1754452800,236,1944821,苏帕帕瓦,https://i2.hdslb.com/bfs/face/2ebdb246197bbdad35d0f6e7ecee5b70560e7c85.jpg,329243,"原神UP主激励计划,女仆,像素,诺艾尔,配音,空月之歌,伊涅芙,荧,原神",149341,179,216,6634,1035,195,0,0,15634
BV1Bjt3zEEMv,114968926096205,1,138,2154,搞笑,剧情演绎,http://i2.hdslb.com/bfs/archive/bc8ad84ed86de02bedb1a2290f3a9163c08224d0.jpg,《关于同事外卷这件事》,1754301600,94,1699496602,李什么闯啊,https://i1.hdslb.com/bfs/face/35c7e7548611cd51bad82e2071bfe739f23315d4.jpg,952209,"办公室,搞笑,内容过于真实",2172081,1217,2627,44218,19363,20363,0,14,258778
BV1uStMzFEVK,114968389291559,1,257,2171,配音,动物综合·二创,http://i2.hdslb.com/bfs/archive/ed0ac8ed152e8f60ffa289a7c20c796cc260bf31.jpg,天堂啊！😭,1754278472,32,400665645,卑微鸭嘎嘎,https://i0.hdslb.com/bfs/face/18a152ffc35c44bc43eb37788d4b092b01738685.jpg,243551,"可爱,声优,配音,鸭嘎嘎,动物配音,配音小剧场",6215595,1326,4039,69761,11242,20427,0,21,408496
BV1EAhGzZEw9,114963389678075,1,138,2142,搞笑,体育综合,http://i1.hdslb.com/bfs/archive/9c10a4bfdb908a5c58db157220114f924dcb1d3a.jpg,创意工坊之你们要的拿去～,1754203871,79,3546909580987309,弗雷尔卓德-杨辰,https://i1.hdslb.com/bfs/face/e59912641ba4cbaadb857e30085b15cf4dcc6819.jpg,259110,"创意,弗雷尔卓德,创意工坊",1484189,606,1390,4201,1604,5119,0,0,85015
BV12k82zNEQJ,114947434484904,1,138,2020,搞笑,翻唱,http://i1.hdslb.com/bfs/archive/8f6c880a68d4b456ece0a551d2fa3f344b58cad2.jpg,可能是我贱吧最合理的一集,1753969500,73,400719755,火山泥_咖啡,https://i2.hdslb.com/bfs/face/91d7a65d6bc552212f08c9ad63d453ae6f4fe21c.jpg,24485,"翻唱,填词,三角洲行动,乌鲁鲁,跳楼机,堵桥",1657593,643,2515,74576,28131,40128,0,0,167843
BV13ih3zjE39,114963758712213,1,65,2071,网络游戏,射击游戏,http://i0.hdslb.com/bfs/archive/1a3af7e24994d9a9e606a2692e9a650ed3e26dfe.jpg,【乌鲁鲁金曲】⚡我的堵桥式由我做主！⚡,1754207925,184,1885660902,永雏小满,https://i0.hdslb.com/bfs/face/42e077cf7df2c2f366179c10996a0b55085960f0.jpg,10660,"填词,搞笑,三角洲行动,三角洲,乌鲁鲁,堵桥,三角洲破壁新赛季上线",492132,3023,1418,24464,7382,17266,0,0,76899
BV1HStnzmE2w,114975200842307,1,250,2159,出行,旅游攻略,http://i2.hdslb.com/bfs/archive/69a807c0902ade0095975b8bf71500c498449d60.jpg,香港漫步指南：触摸文艺灵感的脉络,1754389894,963,4087953,BBGthisway,https://i0.hdslb.com/bfs/face/7837ef53601bf96ea4067a22d4c671697c971b6c.jpg,336343,"香港,文学,治愈,旅行,vlog,华为MatePad Pro12.2英寸,BBGthisway,华为平板,华为MatePad,旅行攻略UP主激励计划",82910,226,94,886,1632,135,0,0,3728
BV1DAhLzsE81,114966057257641,1,17,2071,单机游戏,射击游戏,http://i1.hdslb.com/bfs/archive/80cf2efe2c438821c368cf23feb6944f35a5f1e8.jpg,【4K·60FPS】这代战地值得预购吗？！这个视频告诉你。战地6多人模式抢鲜试玩体验（无解说）,1754246606,1753,7947131,影佑,https://i2.hdslb.com/bfs/face/868fb8bbc4ba70692e8c1ebfcd5852c5a2e0685f.jpg,498296,"FPS,射击游戏,battlefield6,战地风云,预购,多人模式,战地6,游戏试玩,Steam,推荐宝藏游戏",498899,2770,3933,1637,819,4602,0,0,8368
BV1Hc4dz5EFA,114976794676908,1,121,2076,GMV,女性向游戏,http://i2.hdslb.com/bfs/archive/b9654a7144ac77119555d1f9865bb2ec7c32130a.jpg,“顶级国风美学的杀伤力！这次真吃上国宴了！”——【无限暖暖/丹青季】,1754452800,139,175333301,哇周某人,https://i2.hdslb.com/bfs/face/a7670c1831893164c62a65a2fa244f337389e748.jpg,243399,"GMV,古风,中国风,二游,无限暖暖高能团,无限暖暖丹青季,丹青季,开放世界,游戏鉴赏家,无限暖暖",230465,482,460,4492,8834,998,0,0,14654
BV1iShGzxEjy,114965100895300,1,21,2037,日常,同人动画,http://i2.hdslb.com/bfs/archive/971e858a84b25c2d6603cd22b148afd9eddac151.jpg,😱爱音捡了一沓钱😱,1754228423,101,3546651645970961,UV唐大头,https://i2.hdslb.com/bfs/face/f4a31b23d11128feb844907888636983794ada68.jpg,13229,"二次元,迷途之子,AVEMUJICA,MYGO",212475,198,746,9323,895,4653,0,0,25237
BV1Ba8CzLEwG,114947099003559,1,126,2063,人力VOCALOID,鬼畜综合,http://i1.hdslb.com/bfs/archive/ce74abdd88392241f79aa23631d593ccaaa3bccc.jpg,“火车里面唱K”,1753961100,141,242014,乌贼酱,https://i1.hdslb.com/bfs/face/86f8400609470083f834ae3548b731752839706f.jpg,24714,"鬼畜,揽佬,汤师爷,张麻子,姜文,让子弹飞,大展鸿图,大展宏图,马邦德,黄绿合战10th-绿队应援",2658818,853,1616,40157,71809,12076,0,36,165591
BV1BjtnzgEiQ,114975905485823,1,213,2152,美食测评,美食记录,http://i1.hdslb.com/bfs/archive/a1addcfee850496ab2be9a6f3cdf28eac6750005.jpg,爽,1754393441,91,3546382434568694,雷欧吃饭日记,https://i2.hdslb.com/bfs/face/755d1aa3f8f56d705799ff0f486b959e23d1992a.jpg,806334,"咀嚼音,安眠向,Vlog",155431,367,664,1246,620,180,0,0,9048
BV1mPtwziEbk,114981140042602,1,220,2171,动物二创,动物综合·二创,http://i2.hdslb.com/bfs/archive/5f8295c5b2665df125611d8aa94196c245884263.jpg,狭路相逢“证”者胜！,1754473142,38,1870883193,猫后生,https://i0.hdslb.com/bfs/face/2314ea25bbc2252b8e1e342893725d19fdc3bbff.jpg,1155306,"动物总动员,搞笑配音",211026,113,296,585,1856,368,0,0,22925
BV1NQ4RznEU2,114976559730364,1,171,2071,电子竞技,射击游戏,http://i0.hdslb.com/bfs/archive/e2ab749d804db1756e4194f0124db32e90437e9d.jpg,谢谢你，谢谢你露娜，真的真的很感谢你,1754403293,33,1398402611,喜欢雨天--_--,https://i2.hdslb.com/bfs/face/af9ec78b2ed70694dd1d9fcd7dbcc9ff0ac5d20f.jpg,5213,"三角洲行动,三角洲宝藏月开启,jojo",248249,122,542,10391,775,9205,0,0,32369
BV1whtczFEAJ,114981442031250,1,21,2016,日常,原创音乐,http://i2.hdslb.com/bfs/archive/1df4570c82ab6488a767d434f9c130a931ed632a.jpg,卦者灵风专辑《长生》全曲试听,1754478225,318,2679304,卦者那啥子靈風,https://i1.hdslb.com/bfs/face/2d12a6dfef7b3269c4a1095b532a0c9d0fe49888.jpg,1818927,"说唱,音乐,专辑,新世代音乐人计划原创季,长生,卦者灵风",44117,323,694,1484,1669,499,0,0,6663
BV1cUtuzmEis,114969614227057,1,21,2088,日常,社会观察,http://i1.hdslb.com/bfs/archive/4e8f6268ecdf637b3eb3ec6f25690a566a113cac.jpg,10名外国先心病患儿到河南免费治疗，给异族“换心”？不关心本国儿童？存在大量误导言论！,1754297352,337,99443903,动物园巡逻员,https://i2.hdslb.com/bfs/face/47707d09df803240c50762c92d86589f9a6f125e.jpg,296469,"辟谣,必剪创作",1191429,2310,6400,4581,7269,1093,0,0,53350
BV1DGhMzNEqZ,114961963555223,1,65,2071,网络游戏,射击游戏,http://i1.hdslb.com/bfs/archive/0cf9c8824daaed9ddc62969206486a8cd1f01161.jpg,纯享版死roll局，一秒都不用剪,1754180535,95,3461570499709389,J1anB1ng,https://i0.hdslb.com/bfs/face/1480f5b3502bd281ff5108f3330aebab131c18d6.jpg,371,"精彩集锦,FPS,2025鸡斯卡星火计划,PUBG",197589,200,501,2692,828,4118,0,0,12164
BV1Q4h8zNESk,114958692060866,1,17,2078,单机游戏,沙盒类,http://i0.hdslb.com/bfs/archive/d44497dbd34753a59d6dd764f792c5a9a337436e.jpg,你可能没听过我的名字，但你一定用过我的模组,1754130658,32,379515917,七星-7stars,https://i2.hdslb.com/bfs/face/43e4d45e86cb592d3a23487aeaca4186e769cd52.jpg,149717,"模组,我的世界,mc",4386685,188856,13050,113951,55573,11663,0,21,584290
BV1fRtnzVEdF,114975418881795,1,85,2113,小剧场,仿妆cos,http://i1.hdslb.com/bfs/archive/4ff0f5693665fac9d61187708dca2ed0e7a41f93.jpg,谢谢你愿意花2分钟看完我的创作6年。,1754385931,120,474853499,李如儒也是李蠕蠕,https://i2.hdslb.com/bfs/face/8da8eac46ef637b771efeabf4b7b4b093d34dea5.jpg,2978373,"李蠕蠕,李蠕蠕也是李如儒,创作",1600237,967,2635,8103,27789,697,0,30,208653
BV1sHhJzZEkq,114952215989221,1,222,2171,小宠异宠,动物综合·二创,http://i2.hdslb.com/bfs/archive/9dd5eba64aa0c2c3d3c2b016467097e9e38fd36a.jpg,1000种生物混战，河虾大军灭三大天魔，六仙域残党险些再次团灭！｜【黑暗森林3】,1754042858,742,14556547,蔡武年,https://i1.hdslb.com/bfs/face/26476ff94e664738495ef2fa219459096e5ffa20.jpg,642219,"黑暗森林,福寿螺,天魔,河虾",4703196,1917,1602,56692,40998,2379,0,27,153194
BV1TFtwzuEae,114981123133264,1,238,2152,运动综合,美食记录,http://i0.hdslb.com/bfs/archive/79905ee1d24eb148cb0846678aefe8958e7ccfe1.jpg,摆摊卖泡面，听说2个小时就能收入2000？来看看能赚多少钱？,1754476887,566,1667026531,华健盟健身华哥,https://i1.hdslb.com/bfs/face/13aad09d84f050c5a9b3cb2ce432f0da4c11163a.jpg,463722,"泡面,方便面,街头美食,记录我的美食日常,路边摊",181247,519,461,787,940,185,0,0,12810
BV12n81zhEqP,114948122417131,1,138,2070,搞笑,MOBA游戏,http://i0.hdslb.com/bfs/archive/7dbae70c2cdf6a75d63ebcf974dff48ea546cd51.jpg,当两边都只剩下最菜的那个：,1753969706,79,495695169,锤子game,https://i0.hdslb.com/bfs/face/009b1f74b7f495f5fad13b9b922f89ba03a0d775.jpg,985184,"万物皆可游戏,搞笑,豪哥,游戏,锤子,神人宿舍,真实,智哥",1467040,328,1276,5720,1571,2012,0,0,151286
BV1vWh8zTEV4,114958792661031,1,257,2044,配音,动画配音,http://i1.hdslb.com/bfs/archive/c449671c5afe912192f10c1ff331aa82901dec4e.jpg,女生自学日语配音练习：Dio vs 承太郎,1754132039,131,3546737601940061,CC的啦啦啦,https://i2.hdslb.com/bfs/face/6d0e2f5b4cc5c00bf4962146d268eab93e838220.jpg,67087,"空条承太郎,练习,日语,JOJO的奇妙冒险,日语配音,DIO,配音,日配,配音练习",788200,612,1429,11683,2291,3455,0,0,90147
BV1hshtzZE5A,114957937019100,1,172,2073,手机游戏,动作竞技游戏,http://i0.hdslb.com/bfs/archive/52ad4fb62416c958c0e779239951cacd09a42622.jpg,我～会～毁～了～你～,1754119265,207,194053532,无我漂佩MY,https://i2.hdslb.com/bfs/face/7d44f0676bfd193efed746cca2d04b70f145211b.jpg,793309,"火影忍者,娱乐,搞笑,手机游戏,游戏,漂泊佩恩,百战佩恩,我要上超影,抽象,火影忍者手游,黑绝",1556603,21205,1978,22414,7928,1273,0,81,93052
BV11jtJznE4f,114974345135574,1,219,2171,汪星人,动物综合·二创,http://i0.hdslb.com/bfs/archive/177bb9344aad05d1b627985ce5dff319196b90f2.jpg,关于我老公莫名其妙的杂技表演16.0《力与美》,1754369558,75,502966208,奶牛鸟真猪,https://i2.hdslb.com/bfs/face/b456ba1aad0684857f4a987637bf6835c7410f09.jpg,57716,"高能,生活记录,金毛,杂技表演,表演,杂技,奶牛猫,动物总动员,原创搞笑视频,萌宠搞笑",247679,180,279,799,2123,697,0,0,25599
BV1uHtjznERD,114973908930428,1,208,2037,校园学习,同人动画,http://i0.hdslb.com/bfs/archive/4da84bcb43d777c054f7b30f70edde979bb8a8c0.jpg,《 不看 世界就不会运转 》,1754383620,155,470597732,今天足夠了,https://i2.hdslb.com/bfs/face/613f7ff79b17f26bba4c2cf7e4d0417a30eb96c8.jpg,30486,"原创动画,今天足夠了,文科,理科",194784,285,516,5074,1061,472,0,0,19915
BV196tMzNEAF,114968422780461,1,253,2042,动漫杂谈,动漫评论,http://i2.hdslb.com/bfs/archive/82fba583dadd19612f41d344be839850ec9936c7.jpg,【剑风传奇】全部20+使徒盘点！谁才是最强使徒？,1754301600,1253,613639701,DIO君的假电台,https://i0.hdslb.com/bfs/face/acaab3ecd5b3d390f167931c84265a5128c62d5c.jpg,315740,"动漫杂谈,二手推荐,漫画推荐,转转,烙印战士,二手手机,烙印勇士,漫画解说,berserk,bilibili次元论战",369218,1529,898,4980,1747,375,0,0,18545
BV1NT82zcELQ,114947552121503,1,201,2094,科学科普,科学科普,http://i1.hdslb.com/bfs/archive/90662c2fdff60610b03c0c56fa85cbebb8434f7a.jpg,被刀捅了该如何生存下来？,1753961095,211,379247856,好奇心会社,http://i0.hdslb.com/bfs/face/7120acf78b6b9e637b9f6f5f3ad5f284ef99c198.jpg,1167448,"武器,科学,生物,实验,物理,科普,燕云十六声,在燕云暑期版本安家了,燕云新武器唐横刀,器官",5373808,2962,1959,43809,2717,2761,0,70,104838
BV19CtMzAEgv,114968456338261,1,201,2094,科学科普,科学科普,http://i2.hdslb.com/bfs/archive/fdb4d415807ec51b81cf3c75d6b0ccb375e08c9b.jpg,一天只有两小时会怎样,1754279721,668,3546617688886097,多奇探秘,https://i2.hdslb.com/bfs/face/24b115f9d8da6897d5ea8db9e8636ac0865c0fe7.jpg,153574,超清科普小课堂,724189,12618,586,5895,516,293,0,0,45320
BV1JztGzpEE9,114969832134623,1,138,2155,搞笑,语言类小剧场,http://i2.hdslb.com/bfs/archive/95a16d3c2398340ac64b8663a3529593882f3da1.jpg,上班就是一场cosplay,1754391600,198,288387457,小小段砸,https://i1.hdslb.com/bfs/face/ac096215f656f82d552099e0ab06bc86d6bacbaf.jpg,1359044,"脱口秀,职场,搞笑小剧场,段砸,上班就是演戏,上班,工作,搞笑吐槽,Cosplay,溪木源",188530,307,489,2421,3274,1871,0,0,19823
BV1DWtEzoELQ,114974714367327,1,47,2037,同人·手书,同人动画,http://i2.hdslb.com/bfs/archive/7b41daca8198ec21e9e95c9e6382e7799a3d4e91.jpg,【鸣潮小剧场】Wonderful U,1754375109,67,71940941,唤林和小PK,https://i2.hdslb.com/bfs/face/c0973a9a2efadbe7040d72c0491ad39aadaf642d.jpg,265577,"同人,手书,弗洛洛,鸣潮小剧场,漂泊者,意难平,鸣潮2.5版本二创",377626,358,2481,31817,56117,7653,0,0,75523
BV1bvt3zKEaY,114970872253213,1,138,2137,搞笑,武术,http://i1.hdslb.com/bfs/archive/0b4a6ca189385129f9317e5ed83318f5f5894393.jpg,攻略失败,1754316380,22,1998136608,slava_fox,https://i0.hdslb.com/bfs/face/22315ef082e6517e9f70eacb67978488cee62d94.jpg,884438,"娱乐,颜值,高能,剧情,生活记录,转场,Ai,给整活儿加点艺术",517882,238,591,12112,1811,1105,0,0,94283
BV1Xjh5zdEBV,114966493399952,1,122,2198,野生技能协会,休闲玩乐,http://i0.hdslb.com/bfs/archive/28f41a6671f1d7d95d8f3c9daa51e13ee46e42a6.jpg,刘谦给美女表演“猜金桔”游戏！为什么三颗金桔总是数不完？,1754249818,209,521689911,魔术特白,https://i0.hdslb.com/bfs/face/80979713c89cab28f951cde07b08d3739f7c23c8.jpg,424803,"魔术教学,美女,刘谦,撩妹魔术",6134943,488,708,23076,1420,174,0,27,61490
BV1UctVzTEGv,114971811782565,1,231,2103,计算机技术,工程机械,http://i0.hdslb.com/bfs/archive/bef3fcedf617e7160456c1652822705b0d8d3074.jpg,是的，哈基米可以端到端加密「哈基密文2.0」,1754342400,154,335320968,WIFI连接超时,https://i0.hdslb.com/bfs/face/679f6802d2ed336811576b7d03f2f7cb27a7a568.jpg,9252,"电脑,教程,前端,加密,哈基,基米,Vue,曼波,端到端,分享我的专业知识",255885,66,921,11581,4854,3142,0,0,16824
BV1DVhJzPEa3,114952518047774,1,241,2009,娱乐杂谈,娱乐评论,http://i1.hdslb.com/bfs/archive/5404371c90ce820a3d42a62dde2367541e59534d.jpg,点名中央的旺仔小乔，黑料彻底大曝光，彻底凉凉的“原唱”张碧晨。小绵羊的内裤去哪了？,1754046000,1171,26376587,吃瓜郭昱麟,https://i2.hdslb.com/bfs/face/6927b2ddf58a9f9abaa147ab8a4eaa0842931fd8.jpg,986668,"汪苏泷,娱乐,综艺,吐槽,旺仔小乔,同诗剃须刀,张碧晨,八卦,明星盘点,娱乐吃瓜大会",2462109,8469,4326,11793,4040,2028,0,0,76832
BV1Egtnz5EZF,114975972526227,1,241,2009,娱乐杂谈,娱乐评论,http://i0.hdslb.com/bfs/archive/b4001450cbb5744ef2176c293c1ffffac276c42a.jpg,张元英开球，被凝视的女爱豆？揭秘星船无底线大营销,1754395422,376,19533724,穿上新一,https://i1.hdslb.com/bfs/face/5549b2446ddfab189b6ecfb02fce94f421bc6c6e.jpg,163140,"KPOP,女团,女性,直井怜,女性主义,IVE,爱豆,星船,张元英",182599,541,448,1635,1267,260,0,0,6271
BV1XMhJzqEBo,114952635488414,1,138,2006,搞笑,AI影视,http://i0.hdslb.com/bfs/archive/f4ab9c80b6a56cc4d73a04945f367f51a7ff2e2a.jpg,这家伙...真的是人类么？,1754040012,439,5294454,逗比的雀巢,https://i0.hdslb.com/bfs/face/e56d8c14d3b74b4e32fbaf2ac4af119328c56c93.jpg,9602122,"恶搞,魔兽世界,生活,搞笑视频,高能,搞笑,纪录片,搞笑小剧场,魔兽世界国服20周年庆典,ai",10890490,25806,13341,199450,293227,73425,0,1,1038480
BV17ftnzrEeA,114975435723562,1,253,2001,动漫杂谈,影视解读,http://i1.hdslb.com/bfs/archive/111394749ec350512fe3a772af3aa304640dc839.jpg,以前电视上那么多，为啥现在基本没人拍儿童剧了？,1754394060,828,1405515989,The梁某人,https://i2.hdslb.com/bfs/face/20a2bea9a0568c614e1decac58f77fcb7525fa33.jpg,1264311,"童年,童年回忆,电视剧,郑伟,儿童剧,黄誉博,星际精灵蓝多多,好剧好片重刷榜",975029,2583,1976,7172,2587,534,0,0,42287
BV1P5tPzqEAK,114982062659295,1,17,2078,单机游戏,沙盒类,http://i1.hdslb.com/bfs/archive/3c5e83a1f2d7d5e76abd82f3ef314f3d1cfc09a0.jpg,BTW比狼好德爷求生噩梦模式第三期：终于是烧好了四个铁粒制作铁凿子之后挖出了工作台，接下来可以挖一整个铁矿石或者煤炭了，下期的目标就是制作出铁镐。,1754487503,388,1357768667,青蛙o-o,https://i2.hdslb.com/bfs/face/a312d641eb3db888096e0186cbdf3658ac92ee7d.jpg,102034,"我的世界,生存游戏,游戏实况,沙盒游戏,德爷,BTW比狼好,像素风,BTW,噩梦模式,推荐宝藏游戏",148908,105,79,1681,542,26,0,0,6189
BV1ds8UzsEKR,114948525002706,1,138,2029,搞笑,街舞,http://i0.hdslb.com/bfs/archive/a1aa1ec08aee7348e5401ed1a810a34784a3361a.jpg,火过之后就会走下坡路 那往回走不就是上坡路了吗？,1753975583,20,1146388214,Aleks_Kost,https://i2.hdslb.com/bfs/face/6414e768cd99a5c51c24faf939de8f8758f36ee4.jpg,1259736,"手指舞,嘉豪天团,alekskost,轻舞蹈竖屏激励计划",2758393,639,2510,9372,5535,3153,0,73,327852
BV1QMhJzqEsj,114952635484371,1,241,2009,娱乐杂谈,娱乐评论,http://i1.hdslb.com/bfs/archive/37ac24687dc9ef724792610a4d56a0c70e1569ce.jpg,一觉醒来全世界的k-pop水平下降一万倍，我成C位了,1754046000,891,111522104,接二连珊妄想症,https://i2.hdslb.com/bfs/face/81d82aaabda80c9c1f309e05fd4b23461c7b236c.jpg,645792,"综艺,孙佳洋,男宝星球2,夸克深度搜索,选秀,爱豆,舞台,夸克,K-Pop,娱乐吃瓜大会",1063086,21495,2075,12293,17806,5950,0,0,62290
BV1bch3zgEBF,114964345919881,1,171,2044,电子竞技,动画配音,http://i2.hdslb.com/bfs/archive/8fa9c9a1ec87aaeca69676310a3e1665206ceef6.jpg,猛虎王我跟你爆了，这一次我不逃了,1754216986,223,403920564,大厨-鲜榨配音,https://i0.hdslb.com/bfs/face/24cb275491ee6489fdf85d846ba7d7e27866601e.jpg,102069,"童年,河南话,国产动画,动画种草激励计划,大厨金铲铲,搞笑配音,洛洛历险记",192205,371,337,2351,1560,1558,0,0,22486
BV1YFhLz4EGQ,114966023642241,1,65,2071,网络游戏,射击游戏,http://i1.hdslb.com/bfs/archive/9f188604e3b8c701429a63d8900b125d86780227.jpg,怎样在游戏里分辨中国巷战战术和外国巷战战术？,1754276400,255,454228982,贤良淑德列克星敦太太,https://i2.hdslb.com/bfs/face/d05fe51aa9fad1ac8e92d4a6c0d3b5d5f827b397.jpg,1221482,"射击游戏,中国,游戏,网络游戏,老外,暗区突围端游,暗区突围无限,暗区端游联动2077",868321,789,353,5620,521,429,0,0,50316
BV1HDh8zUEpK,114958423562533,1,172,2071,手机游戏,射击游戏,http://i0.hdslb.com/bfs/archive/2346ca5ef853429725aac70a8bd4938006992bd1.jpg,他们说卖号的时候挂这个视频能加250块,1754126406,22,443528360,林家小小猪,https://i2.hdslb.com/bfs/face/22a6c681787657d2e75111aefd0c0ee014690281.jpg,72,"FPS,三角洲破壁新赛季上线",333953,95,945,6617,561,9663,0,0,35326
BV1eo8Mz3EPC,114907202717893,1,17,2078,单机游戏,沙盒类,http://i0.hdslb.com/bfs/archive/4c2e297688b8c21babb9ca041525663c2d13478b.jpg,野猪小队-第33集-完整版,1754442000,629,11560113,小麦块,https://i0.hdslb.com/bfs/face/7b424bc6060a4fd2600c48ba25296570b4df4a4c.jpg,211857,"我的世界,Minecraft,野猪小队",1566166,390,90,16786,849,28,0,0,17004
BV1QhtFzuE8X,114980284274702,1,17,2079,单机游戏,其他游戏,http://i2.hdslb.com/bfs/archive/72ad32371a11612539090eb415db02e71977b480.jpg,一款连国外平台都没过审的国产游戏！《爱之巢》最新Demo！,1754459988,276,6724070,孤独音符,https://i2.hdslb.com/bfs/face/2af1f8c98427b19b3ad4ae652723d92bfc5e6450.jpg,1243655,"游戏实况,单机游戏,STEAM,独立游戏,莲花池池,爱之巢,demo,meta,游戏鉴赏家,推荐宝藏游戏",238480,372,334,9011,762,283,0,0,18993
BV1E9tuzLEMR,114969764955742,1,201,2094,科学科普,科学科普,http://i2.hdslb.com/bfs/archive/c6040487d535f0baeff31595980dfa439e84bd53.jpg,动物的繁殖系统和排泄系统，为什么靠得这么近？,1754391600,160,1271916102,上将王司徒,https://i0.hdslb.com/bfs/face/1382786fbc113f7037b3bd4305166085611f737e.jpg,2279929,"科学,人类,科普,系统,动物,生物,生命,自然",810773,611,1498,6745,1140,877,0,0,43464
BV1LFtgz3Ewm,114969697848237,1,30,2023,VOCALOID·UTAU,AI音乐,http://i2.hdslb.com/bfs/archive/e7606b18bb60ce7d89f52463d1316ff4526e2225.jpg,【初音ミクAI · 重调教】Life Will Change（Project Sekai Version）【原曲PV付】,1754298574,127,10969904,浩治_CloverP,https://i2.hdslb.com/bfs/face/16326581ab2eb7b9a1535d507011ad30e96beee8.jpg,12148,"镜音连,初音ミク,镜音铃,VOCALOID,女神异闻录,pjsk,初音未来：缤纷舞台,Life will change,P5R",416091,460,1127,18914,6573,8533,0,0,64334
BV13c8Ez8E7G,114930976038737,1,65,2071,网络游戏,射击游戏,http://i0.hdslb.com/bfs/archive/a27ba3db7ad2fd8676a6d0fdd48047af3dc56aa0.jpg,你这跟挠痒痒一样的削弱，是在逗我玩么！？运营！【JOJO吃鸡#126】,1754366400,447,289629258,超絶核地雷,https://i0.hdslb.com/bfs/face/051c4760173f5e182821e1e3cd2b31a6f3faf62c.jpg,412958,"空条承太郎,JOJO,DIO,世界,JOJO吃鸡,星辰十字军,时停,吃鸡,白金之星,推荐宝藏游戏",218572,198,135,2344,789,66,0,0,14280
BV1EghtzTE8i,114957769514382,1,138,2154,搞笑,剧情演绎,http://i0.hdslb.com/bfs/archive/5421a23a2cda5baf528755cda1b5528fbe649f0f.jpg,我真的需要一个完美管家！,1754128800,298,95515699,粤知一二,https://i1.hdslb.com/bfs/face/2815a3e2b85a92eb2e3b6ebcfb8754def0c54363.jpg,4608999,"原创,剧情向,搞笑,短片,郭嘉峰,搞笑小剧场,段子,粤知一二",1535530,698,493,19845,2543,577,0,75,116193
BV1RFtJzwEfw,114974529688203,1,241,2009,娱乐杂谈,娱乐评论,http://i1.hdslb.com/bfs/archive/aff31d614340b488eaa32dab59077caf7f5b4b2b.jpg,【吃瓜】赵露思直播爆料…被锁在酒店不让治病？否认整容，被欺骗？发点小疯，热搜全屠。,1754376183,591,1976558860,天气微凉淡淡月光,https://i1.hdslb.com/bfs/face/92f61e260415a2e7f22b4d44fa676bce2f612aed.jpg,183194,"直播,微博,演员,神奇的闲鱼,娱乐资讯,吃瓜,赵露思,银河酷娱",772519,6314,4193,2280,1442,2496,0,0,17779
BV1uJtGzKEgP,114970318607927,1,172,2071,手机游戏,射击游戏,http://i0.hdslb.com/bfs/archive/3776c52e11e406b5f728a710a82839d41948c4be.jpg,为了讨好玩家！某些游戏线下能卷成什么样？？？？,1754308445,235,7817472,某声悠,https://i0.hdslb.com/bfs/face/8bd5833ad8ef48311543754469d5d1a665b02de1.jpg,1399760,"游戏,西山居,游戏杂谈,CJ,电竞,解限机,解限机公测,解限机赛事,解限机赛事团,游戏鉴赏家",210801,7883,68,3097,1072,38,0,0,13731
BV1No4ozRE4h,114977398588821,1,24,2041,MAD·AMV,动漫剪辑,http://i2.hdslb.com/bfs/archive/54d90f853006d708cace320d4faccbbdf46b6fb6.jpg,【冰菓MAD】折千发糖，势不可挡,1754445600,146,3546784896911608,妖精系波克基斯,https://i1.hdslb.com/bfs/face/7b052751e96e1b52e21dce38570e3487c7ba4cde.jpg,5381,"恋爱,千反田爱瑠,冰菓,MAD,折木奉太郎,动漫,京阿尼,冰果,嗑糖",112473,104,412,5712,1769,480,0,0,23034
BV19rtMzeEWu,114968473115692,1,172,2071,手机游戏,射击游戏,http://i0.hdslb.com/bfs/archive/6283894837ba72239750775101a650ee1ee10d7e.jpg,被无名抓住机会，整个全装队也得压力吃满,1754279954,256,1809444890,三角洲-安澜,https://i2.hdslb.com/bfs/face/e714b2642ce045e441a21dd29e94a72d3f7f3f8e.jpg,297747,"三角洲行动,三角洲改枪推荐,单三猛攻,无名教学,幽默静步人,粑粑流无名,安澜三角洲,粑粑老祖,akm,三角洲攻略课堂",563815,467,667,2260,815,497,0,0,36504
BV1iwtAzdERd,114980703702415,1,228,2090,人文历史,人文历史,http://i1.hdslb.com/bfs/archive/8763349f1e94a934fa7a0408389c6268e07bdad9.jpg,刘伯温：我能算尽王朝兴替，却看不透一颗帝王心,1754474400,2613,11125629,子非秋月,https://i0.hdslb.com/bfs/face/d5e8148c82f7fbc9c731f796bdb6af3d4a786868.jpg,3461060,"传统文化,明朝,知识,皇帝,历史,人文,中国历史,人文历史档案馆,历史人物,刘伯温",55188,317,173,1272,708,111,0,0,2948
BV1CN82zhERE,114947568829831,1,228,2090,人文历史,人文历史,http://i0.hdslb.com/bfs/archive/f6928b191fc70c654763e226a35e0d6428893630.jpg,课本里的化学之父，为什么被送上断头台？【历史调研室79】,1753961091,2772,519872016,历史调研室,https://i0.hdslb.com/bfs/face/5e687a2a90670e6b8e14b4f635ec38eb99f7e5eb.jpg,6641925,"化学,历史,法国大革命,课本,拉瓦锡",2155676,15295,6103,43977,37758,5008,0,49,87223
BV1m3hPzJE3z,114959967067679,1,17,2079,单机游戏,其他游戏,http://i1.hdslb.com/bfs/archive/44952ca86cf2d84ee4fd5a4215feaf7acb91f3c3.jpg,若成仙要30条人命，那只杀1人便可大富大贵，是否划算？【乌合之众】,1754150137,2060,25151282,弗兰力,https://i2.hdslb.com/bfs/face/1abe8d6eca244477cce30bb3758ed29f6e6e235d.jpg,1291192,"悬疑,剧情,搞笑,游戏实况,乌合之众,整点电子榨菜",1951613,1759,975,53467,11570,693,0,62,72377
BV1dktgzrEeV,114969228087348,1,158,2117,穿搭,三坑,http://i0.hdslb.com/bfs/archive/469f32d6f81e68283f19525bae988f853ac8555a.jpg,朋友让我一帧都别剪…听劝！,1754291285,10,17164757,就是景年,https://i2.hdslb.com/bfs/face/df8280e6861490d3a19fed7fb0b73c15257e8c73.jpg,9372,"B站小剧场,东方美学",320120,146,589,14927,3295,1530,0,0,94474
BV19g8LzdESC,114928610514129,1,215,2152,美食记录,美食记录,http://i2.hdslb.com/bfs/archive/bf85feed64ef8a7bdb903905f5b218e42fba9ae2.jpg,夜宵时间到，开造,1754190000,207,26417558,铁蛋儿Tyler,https://i2.hdslb.com/bfs/face/12b8d664cb6c5fcad3ff97132b424e40a5f7f986.jpg,2916550,"美食,吃货,夜宵,炸鸡,火鸡面",320168,1942,457,6551,886,390,0,0,29581
BV1VgtGzGESN,114970217943970,1,21,2197,日常,其他vlog,http://i2.hdslb.com/bfs/archive/96c8222a3e81a82ecb8480638fa658fb1d857d4f.jpg,被好朋友包围的感觉谁懂？,1754306701,210,1317825098,一只广宇,https://i2.hdslb.com/bfs/face/8b1bf31f6340a662e3431cef4b44e9a08ec9e699.jpg,548978,"生活记录,好朋友,友情",194479,218,249,728,2217,141,0,0,18209
BV1xitEzUERp,114974848521983,1,171,2070,电子竞技,MOBA游戏,http://i0.hdslb.com/bfs/archive/25d4e98586c79a7a4beaffae1749e60f1751e54d.jpg,队友想抢位置，惨遭系统制裁,1754388000,454,2119811581,峡谷混学家,https://i1.hdslb.com/bfs/face/d1cfc4a1e83f577eb4b5dd621fe4762487410978.jpg,853000,"搞笑,英雄联盟,娱乐,下饭,上单,符文战场:英雄联盟对战卡牌,石头人,lol,英雄联盟电竞世界杯",542139,943,884,1218,3840,230,0,0,34848
BV1N2h3zzEdK,114963909708493,1,171,2207,电子竞技,随拍·综合,http://i0.hdslb.com/bfs/archive/77a4bacc1f3fbc7533ffc1bc32ca1383202a8c74.jpg,这次真的是倒下了……,1754210457,112,86881329,梦求真暗区突围,https://i0.hdslb.com/bfs/face/d84594e9cf32103ec7db3253f824c3df4525f40f.jpg,805339,暗区突围2077联动,801988,994,1721,12765,14318,248,0,0,69556
BV19KtgzTEaJ,114969362437434,1,65,2071,网络游戏,射击游戏,http://i2.hdslb.com/bfs/archive/759f6ab32d5c6d8c25c0d5bcd143b2e13b71e8a6.jpg,《田野打架：根号36》,1754293614,145,690441394,雪晶聚合物,https://i1.hdslb.com/bfs/face/9ba7744376735eb13e757690e0e3ada3e104eb52.jpg,15442,"战地,彩虹六号,FPS,明日方舟,崩坏：星穹铁道,三角洲行动,战地6,搞笑配音,战术小队,明日方舟创作者应援计划",146948,469,475,6043,2110,3270,0,0,16425
BV1u6h3zCEQi,114963708385472,1,21,2003,日常,影视资讯,http://i0.hdslb.com/bfs/archive/cb87c58189b6181a602881beafa43647017e1916.jpg,电影《731》定档9月18日,1754207292,16,456664753,央视新闻,https://i1.hdslb.com/bfs/face/2dc9c34444ba9f8e891fdc98e6c331fa3c02d127.jpg,21835613,电影,1647761,64192,3544,20272,41168,23535,0,25,328603
BV1fXtnzyEuL,114975234327710,1,253,2042,动漫杂谈,动漫评论,http://i2.hdslb.com/bfs/archive/831526b3b0e8a2f50804dfa85ae1dddd2e2351b7.jpg,只有逆天，没有人类！这部动画到底是给谁看的！真是一场酣畅淋漓的赤石啊！,1754392200,1123,49256130,不知枫叶,https://i0.hdslb.com/bfs/face/40a24491886d30a511e554539446f8d6a38cf26f.jpg,750598,"搞笑,动画,动漫杂谈,动漫,逆天,美食,动漫解说,名场面,烂番吐槽,国王排名",1092300,14647,6447,8453,4199,6180,0,0,43327
BV1BthLzMEUv,114965788823319,1,21,2071,日常,射击游戏,http://i2.hdslb.com/bfs/archive/cb4c92ba545531f5a44c27e95e5ffccf067c24f8.jpg,挑战在地上摆满垃圾让大哥感到莫名其妙,1754238899,126,434231007,三角洲讲师,https://i0.hdslb.com/bfs/face/2f5adee9ce14225cfbe1b26a47d8467c61c9d3a2.jpg,23329,"三角洲行动,蜂医,绝密航天,鼠鼠,跑刀,航天基地,三角洲破壁新赛季上线",1768433,408,1039,10012,1498,1596,0,0,98106
BV1X5hGzJEXr,114963540614497,1,65,2073,网络游戏,动作竞技游戏,http://i2.hdslb.com/bfs/archive/7588bec3a5aa017c87f76cee1429c7aaaffab775.jpg,化美观为实用——个性动作,1754204652,131,1402139760,名红蝶香水,https://i0.hdslb.com/bfs/face/b35911a1cefb49fb9da1653ac81e36160dabadaf.jpg,289170,"第五人格,教程攻略,竞技游戏",391541,141,249,15377,6484,641,0,0,39035
BV1QUhbzcEZj,114958842993467,1,138,2154,搞笑,剧情演绎,http://i0.hdslb.com/bfs/archive/fec2dce937417810cffa97a16cede1f1b87a580b.jpg,她果然吃霸总这一套,1754140200,50,317698195,-高泽宇,https://i1.hdslb.com/bfs/face/f3abae4a9af7725e4ca4c0bdf94bc91235c68db8.jpg,160563,"原创,搞笑,短片,搞笑小剧场",1028441,323,609,8378,1728,1802,0,0,130271
BV1QrhszJEnK,114955168782421,1,21,2169,日常,小宠异宠,http://i1.hdslb.com/bfs/archive/c6da32a3ad24d79a8fa5c5aff3dca8af335121c1.jpg,因为是龙所以很会搜集财宝也很好理解吧😌,1754107380,257,426992830,神圣小鸟推特酱,https://i1.hdslb.com/bfs/face/225fb0928346f815c49e3e8ee1b878707c6def5a.jpg,61018,"搞笑,萌宠,治愈,可爱,鹦鹉,鸟,牡丹鹦鹉,毛茸茸,萌宠日常,必剪创作,萌宠过暑假",251384,175,605,4329,1801,3235,0,0,27453
BV1UztwzrEuv,114981022469043,1,65,2070,网络游戏,MOBA游戏,http://i0.hdslb.com/bfs/archive/1251d33407a92ffd7039cbf474fff44878080859.jpg,爷爷救葫芦娃的故事,1754474735,519,30879313,直面泰山,https://i1.hdslb.com/bfs/face/14be2422bae56ebd0b99276dbc0c835b5442b76e.jpg,364652,"中单,LOL,电子竞技,英雄联盟,慎,加里奥,MOBA",198830,337,353,811,6608,220,0,0,22119
BV17ZtuzkETq,114969714628029,1,251,2166,三农,农村生活,http://i0.hdslb.com/bfs/archive/7ce6522e0255fb725b17aaaca58f8c09fd61cd56.jpg,爱你，老姐......,1754308800,308,143845192,念叁叁叁,https://i1.hdslb.com/bfs/face/3e9a9ed8cf8b0c7221b3e810d9e1e8ff7e6cf7b9.jpg,272608,"用星露谷开启我的农村生活,萌宠日常",311307,467,445,2704,1446,535,0,0,53071
BV1pUt3z4EVB,114970385712404,1,138,2155,搞笑,语言类小剧场,http://i0.hdslb.com/bfs/archive/9a225315c095a05e5fc88199187b0f83a008b32b.jpg,抓捕周树人和我鲁迅有什么关系？,1754308970,85,475937149,路西法Lusiferr,https://i1.hdslb.com/bfs/face/8fa776e2c055da0180ce6c409f9600459d4600b4.jpg,389706,"搞笑,新疆,歪果仁,英语,国际尬聊,少数民族,伊布拉希莫维奇,看一遍笑一遍,整活,搞笑研究所",1090508,575,716,4382,653,585,0,0,76125
BV1BQtuz2E6M,114969781800257,1,21,2188,日常,自我成长,http://i0.hdslb.com/bfs/archive/ec669328e140268d966ef94818a17cbd0ef05ffe.jpg,敬过去痛苦的自己五杯,1754299745,104,622525113,饼旭,https://i0.hdslb.com/bfs/face/4f06d57285118adb5b7c946c4a316c74f61a16f0.jpg,149710,"校园,搞笑,人生,生活记录,吐槽,整活,记录生活搞笑瞬间",238358,272,349,2206,1174,280,0,0,35151
BV18889z4EKf,114936327966866,1,22,2063,鬼畜调教,鬼畜综合,http://i0.hdslb.com/bfs/archive/cf823f851d6cf6b72b9140b41024fa8f645463fd.jpg,上一个这么剪的已经过亿了,1754020200,152,16054375,自动鬼畜中的WZ,https://i1.hdslb.com/bfs/face/e83f7de7928cdab9c628aa7b4da1045f2803574f.jpg,1684254,"搞笑,赵本山,小沈阳,美美桑内,ONE SPOT,小品,蜜汁好听,NINA,沈佳润",1009546,461,713,10772,22118,4797,0,0,108575
BV1pAtEz3EqX,114975150445440,1,17,2077,单机游戏,休闲/小游戏,http://i2.hdslb.com/bfs/archive/b03dda093329c159a207ef7bac1e4687a108b692.jpg,还是太有用了,1754381850,144,89014291,二战艺术家y,https://i1.hdslb.com/bfs/face/2b6c46aa25565b855a9d529fdbfa0fa8fefb1dea.jpg,405603,"植物大战僵尸,游戏,单机游戏,废物大战僵尸,推荐宝藏游戏",1985324,457,247,9465,565,147,0,0,54340
BV1G9hHzyEkY,114952702531945,1,212,2008,美食侦探,影视综合,http://i2.hdslb.com/bfs/archive/2d01b8113faecfd9ecaae195df89c0bd44691abb.jpg,推荐大家都来看这部电影，我们要铭记历史，吾辈当自强！,1754039224,161,3493260093819171,李维刚的日常,https://i0.hdslb.com/bfs/face/4917c09bdfd5e72f08a04d2c752de48a848a1318.jpg,3595881,"李维刚,南京照相馆,铭记历史",1316894,2544,2658,10616,56064,1162,0,31,240585
BV1WZt7zyEcv,114974932337899,1,95,2123,数码,家用电器,http://i1.hdslb.com/bfs/archive/1c699fa6fafd332d34e99e22275b41d22d4da991.jpg,大疆ROMO扫地机来啦！对比追觅X50 PRO &科沃斯X8 Pro Plus&石头G30,1754481600,550,25480023,花生説,https://i0.hdslb.com/bfs/face/8661e5fb4b7f0409e414197675349d32bf009876.jpg,1195887,"科沃斯X8 Pro Plus,石头G30,追觅X50 PRO,大疆ROMO,大疆ROMO扫地机器人,扫地机器人,智能家居,家电,大疆,ROMO",48769,482,134,2174,4044,758,0,0,3056
BV1bnhHzTEWr,114953004521629,1,138,2201,搞笑,潮玩玩具,http://i2.hdslb.com/bfs/archive/19bc98d855e75f9748e2de82e1e4edf987c3b145.jpg,开箱！不藏了，都是工作需要！,1754043982,164,2079933284,河马君,http://i2.hdslb.com/bfs/face/8f286dd065e0efef92b5c4602139bacfb47cd508.jpg,2508747,"开箱,玩具,可爱,搞笑小剧场,盲盒",2089508,722,444,15256,1724,920,0,0,114269
BV1jfh8zVExa,114958138345626,1,218,2167,喵星人,猫,http://i1.hdslb.com/bfs/archive/bbade95d368df4f908587fbe6c27c79a64d107b6.jpg,拍猫录：瞬间即永恒，我镜头下小猫突突经典四连拍,1754122172,39,143986403,猫太极的拍猫录,https://i2.hdslb.com/bfs/face/d58676f6aa8875754011984344715a430ec35628.jpg,44949,"喵星人,猫,谁家小猫这么可爱,田园猫",2523104,916,1790,39738,4772,14645,0,41,297259
BV1Kbtjz1EiS,114974093478797,1,241,2154,娱乐杂谈,剧情演绎,http://i0.hdslb.com/bfs/archive/64ee87d46a233e639778b72f5a3e49290815f9f8.jpg,曹操忠臣时VS曹操魏王时,1754365652,41,688489329,混饭达人,https://i0.hdslb.com/bfs/face/e2f6eb40c717fcbe845078b9a5d8f0a08c77baba.jpg,619163,"曹操,娱乐,历史",273041,85,643,4597,908,1674,0,0,37584
BV17gtEziEE7,114975066555514,1,212,2150,美食侦探,美食探店,http://i0.hdslb.com/bfs/archive/f872b71358c3028f799fa895aec1003ea1270849.jpg,5500韩元在韩国女校食堂能吃到什么？没有草料，但也没有肉,1754388000,979,39627524,食贫道,https://i2.hdslb.com/bfs/face/eef12b850c10b0d7a7929236abb08604955823c0.jpg,7944503,"4K,韩国,大学,美食,草料哥,大宝荐,舌尖真探事务所,食堂,记录,食贫道",1831115,11313,5916,11210,18336,4892,0,48,101991
BV1RDhHz2Ewt,114952669108320,1,21,2156,日常,UP主小综艺,http://i2.hdslb.com/bfs/archive/399cd1a49fe0dead5c31fabcab4923c40430f982.jpg,不专业不成熟的自制“影展”（其实是短视频大赛，大家当个乐子看就好）--《大将（假的）电影节》,1754109793,3551,21855992,屈大将,https://i2.hdslb.com/bfs/face/0745e08c38366d346187ce86dad559d1bd5fbe5c.jpg,343045,"短片,综艺,搞笑,学生作品,娱乐,导演,乐子,短视频",227422,4663,1436,6565,19452,1099,0,0,25019
BV1GLt5z2E6i,114970922586362,1,138,2154,搞笑,剧情演绎,http://i2.hdslb.com/bfs/archive/b076b7e62861aeba4a3b9a7b436bfb53bd789b84.jpg,大家快来（超大声！！！跺jojo！！！）一条五毛记得删,1754317339,157,3546867673598755,宇宙无敌究极王龙山,https://i1.hdslb.com/bfs/face/b0e2f7f7c6becafe224fd76c672efc0e36ed9bb5.jpg,4333,"原创,新人,搞笑,搞笑小剧场,受气包",103708,115,978,1030,776,53,0,0,12601
BV1wMh8zEEZF,114958624954675,1,161,2183,手工,助眠视频·ASMR,http://i0.hdslb.com/bfs/archive/f46c4b651cd900bacd395b5b83908e2c264e2883.jpg,饭后你想来点什么呢？ ASMR,1754129491,71,8399798,Aismr_,https://i2.hdslb.com/bfs/face/24b362b243c9b0206be406fcc6636c34e6627a18.jpg,88500,"助眠,安眠向,耳机,创意,催眠,asmr,解压,放松,触发音,极度舒适",621892,341,374,14165,755,985,0,0,57115
BV1LKt5zXEqQ,114971358791317,1,157,2160,美妆护肤,城市出行,http://i0.hdslb.com/bfs/archive/98f7a4c03b67d326926ddba877177553d36cd513.jpg,逛街别光只逛不买啦！顺便0元做个色彩测试！,1754324111,149,287468649,阿哈哈哈哈哈黑猫警长,https://i0.hdslb.com/bfs/face/1305fba1909b05ac6d90e0ec2f4eb5ad343998db.jpg,1510960,"测评,色彩,生活,测试,生活记录,挑战,逛街,色彩测试",251599,84,151,13041,657,2852,0,0,20552
BV1R4twzSEPv,114980888249669,1,27,2037,综合,同人动画,http://i0.hdslb.com/bfs/archive/cb529edc44bdcf4648e05de2f494170c0e9e267b.jpg,身份失格：疗养院（第16集）团灭,1754469388,320,51903809,阿伟优创动画,https://i2.hdslb.com/bfs/face/091a5e19d7bc02937cc3b760a94763ffd70df8e1.jpg,355891,"悬疑,原创动画,动画,动画短片,冒险,身份失格,异能",86439,610,420,2172,2602,74,0,0,9370
BV1L2tAzdEYk,114982431755198,1,17,2079,单机游戏,其他游戏,http://i2.hdslb.com/bfs/archive/bb4b8336c0b88c1ebedacc73b535e8f5c2ea9e1c.jpg,恐龙岛大猎杀（上），艾丰哥相识周年庆，兄弟携手工厂大杀四方,1754494227,3970,3493273226185448,龙岛蛋壳,https://i2.hdslb.com/bfs/face/2389ca291eaee3b0486133845af7c25e3b0c9c9b.jpg,531473,"游戏解说,游戏集锦,实况解说,主机游戏,生存游戏,游戏实况,恐龙岛大猎杀,恐龙岛,游戏搞笑,推荐宝藏游戏",363315,1642,96,13817,668,25,0,0,11731
BV1xUtVzNEsg,114971291686221,1,172,2077,手机游戏,休闲/小游戏,http://i0.hdslb.com/bfs/archive/5e7f93c7c458606a8b9b979f4b27bec73c570cb4.jpg,蛋仔派对：南瓜居然被兔仙收买了！,1754322936,131,64621079,隐秘的兔仙,https://i2.hdslb.com/bfs/face/a557213fddae799ef9963d790ea571ce22b7ddf0.jpg,468813,"蛋仔派对南瓜入侵,隐秘的兔仙,蛋仔带你看世界,蛋仔派对",1354378,205,525,39026,1626,54,0,0,37602
BV1JdhuzREBD,114962701812188,1,138,2171,搞笑,动物综合·二创,http://i1.hdslb.com/bfs/archive/ff3f9e63b1ce723fcd35adacfe1a9b5dcce8528c.jpg,牛：不好！我的魔丸！,1754192019,65,1402229439,大丙搞笑配音,https://i0.hdslb.com/bfs/face/6104868b601276de59976e835c95428601800cc0.jpg,364862,"搞笑,搞笑视频,吐槽,配音,搞笑动物配音,这是一个悲伤的故事,搞笑配音,看一遍笑一遍",2786939,272,816,9600,1017,6922,0,0,78472
BV1sytuzHEPN,114969664295806,1,218,2167,喵星人,猫,http://i2.hdslb.com/bfs/archive/e6eb94f5d2f9565c2b0522653bb066bdcc11f3e2.jpg,给大壮听它自己的叫声,1754298121,51,695650376,Q大壮呀,https://i2.hdslb.com/bfs/face/c75d179112e1b16b3a97b6d02b81e17cee9bac42.jpg,354088,谁家小猫这么可爱,555379,229,482,2499,872,698,0,0,41597
BV1vpt3z5ELL,114970738035638,1,172,2064,手机游戏,单人RPG游戏,http://i1.hdslb.com/bfs/archive/da72c19ddbed19de9272bd476d5f73811bac3572.jpg,居合吗？是相同的招式呢.......,1754314493,88,91647207,w咸瑜,https://i0.hdslb.com/bfs/face/77f53e6552ae0d8b86d12d9dd1ead5bc0e43773b.jpg,486088,"太刀,剪辑,我们武者帅呆了喵,武者,黑角,整活,泰拉探索协会,明日方舟创作者应援计划",854093,408,1435,4067,1129,1740,0,0,62611
BV1u6tPzSEWG,114981777509485,1,138,2185,搞笑,家庭关系,http://i2.hdslb.com/bfs/archive/cb0a1aec2ca2348d22a07b2e3fca9e6aeb0b0fa9.jpg,我妈的字典里没有忍气吞声,1754482863,82,1705432440,皮皮在农村阿,https://i0.hdslb.com/bfs/face/25476e080c1ebd06546795eaa937163fcab3c98d.jpg,574083,"高能,家庭,东北话,妈妈,生活记录,敬自己敬余生,活出自己,东北妈妈,敬自己一杯,随手记录我的生活碎片",618868,380,1026,4210,7387,822,0,0,90382
BV1Zntwz9E1P,114980955363559,1,201,2083,科学科普,综合资讯,http://i2.hdslb.com/bfs/archive/192d6942e01dfb6cf8afcf56079aafcd8c6e26ec.jpg,“我只是犯了，每只蚊子都会犯的错”,1754481600,94,698057488,深圳卫健委,https://i1.hdslb.com/bfs/face/4e97f4f9e977987abdf04558fbc3708271e65c4b.jpg,876264,"蚊子,发热,关节痛,皮疹,伊蚊,伤痛文学,万物研究所",318988,197,478,1383,1626,2445,0,0,27432
BV1yPt3z4EoM,114968791882145,1,21,2039,日常,cosplay,http://i2.hdslb.com/bfs/archive/77f546867e84cf32073e68253ce0985beec43de7.jpg,不是东北不追星，而是东北全明星,1754284741,85,3546847507384674,呸呸之神屁钉版,https://i0.hdslb.com/bfs/face/d0052415de466a695797cf2c6e557acfd1696e75.jpg,16426,"孙策,沈星回,白厄,Cosplay,ooc致歉",585522,174,386,8097,953,1526,0,0,60776
BV1c8hbz5EEj,114957165271187,1,183,2002,影视剪辑,影视剪辑,http://i1.hdslb.com/bfs/archive/6515df0b86d6b57c0f603aadeac016d8446a85cd.jpg,真的很喜欢这种结尾，这又是谁的青春呢？,1754107553,216,111578972,前前前世的陌生人,https://i2.hdslb.com/bfs/face/caa531d35eb71a06403da433b0549fe623675dfd.jpg,337141,"星爷,电影,周星驰,剪刀手安利大赛,回忆杀,大话西游之月光宝盒,名场面,唐伯虎点秋香,大话西游之大圣娶亲,B站好片有奖种草",5306174,697,1619,59598,18509,4041,0,12,246856
BV1wHtKz6E8F,114982884742681,1,121,2004,GMV,影视正片搬运,http://i1.hdslb.com/bfs/archive/4ad55f694dcf85ef9bf0564e26ca4125bb46f7dd.jpg,【4K/中字】战锤30K：《刺杀卢佩卡尔》第3集，超爽战将泰坦对轰,1754500161,872,675872284,IM闪电,https://i1.hdslb.com/bfs/face/678d87055389a45c74bd659afd935781310029fa.jpg,127297,"战锤,战争,战将泰坦,战锤CG,刺杀卢佩卡尔,刺杀卢佩卡尔第3集,泰坦,帝国之拳,荷鲁斯之子,战锤30k",131179,950,1192,3806,3112,1836,0,0,7817
BV1xFtFzhEp5,114980351445797,1,85,2154,小剧场,剧情演绎,http://i1.hdslb.com/bfs/archive/f3265dc659d8d4972dff90dc7f38f168c5a16734.jpg,【二阳咂-】视频已打包，欢迎围观！,1754474400,242,3546565008427419,二阳咂-,https://i0.hdslb.com/bfs/face/3a435bf92b138aff08859892b5fb33e65e03f804.jpg,655847,"搞笑,短片,原创",243080,137,281,1700,905,148,0,0,31699
BV13D4fzqEzz,114980384937925,1,47,2037,同人·手书,同人动画,http://i0.hdslb.com/bfs/archive/f5db0f2dd20f89bcd6bac776efaffd9c69eae6cf.jpg,恭喜老虚，外挂+1,1754474400,388,3546697831549463,药胥虚,https://i2.hdslb.com/bfs/face/632afe5e00b79f415b390dd7cb3e4a073a61cdbb.jpg,256710,"二次元,原创动画,热血",67336,355,221,1763,1371,53,0,0,5892
BV1EN4dzrEyo,114976677236118,1,95,2123,数码,家用电器,http://i1.hdslb.com/bfs/archive/6e59ba092dff25967464fe9cff8514960765edee.jpg,大疆扫地机出山！新一届机王争霸开启！大横评！！！,1754481720,643,5626102,科技宅小明,https://i1.hdslb.com/bfs/face/e438c58273ea5e9ab8d91f72e2f2a35c91b5ac82.jpg,746863,"智能,石头,黑科技,全屋智能聪明家,扫地,科沃斯,拖地,扫地机,大疆,云鲸",45394,457,222,1244,2104,133,0,0,4524
BV1Gch4zxEMw,114956443846113,1,17,2079,单机游戏,其他游戏,http://i1.hdslb.com/bfs/archive/211bfe3490bb9a6538863c8b5163ffc745118c54.jpg,绝对猎奇的暗黑神作丨万字解说《2Dark》,1754106900,2448,3546791991576744,白钰yuki,https://i0.hdslb.com/bfs/face/44e273588dadb913e20ed5e7d6d55a154021058e.jpg,9742,"恐怖游戏,单机游戏,游戏解说,2Dark",281382,838,403,14909,4675,343,0,0,18356
BV1434RzmEJb,114977331484233,1,17,2078,单机游戏,沙盒类,http://i0.hdslb.com/bfs/archive/f977e6417dda332274fb3ad2cb78ed37c94a1485.jpg,超级困难生存???!被虐昏了!!!「天门接力畸变1」,1754438400,2037,84130356,夏天y,https://i0.hdslb.com/bfs/face/2139ba40f33a5977675e209a66896c4c3fe3eeb5.jpg,1517090,"我的世界,沙盒游戏,MC,单机游戏,惊变生存,沙雕,像素风,多人游戏,夏天y,推荐宝藏游戏",2369988,2745,1556,84266,50386,496,0,3,137435
BV1RB4RzFEtv,114977046401919,1,252,2039,仿妆cos,cosplay,http://i1.hdslb.com/bfs/archive/844802aabddf99b0ddd8e969294c0860dba2c4b0.jpg,哇嘎哇嘎！,1754410656,17,89618176,ill027,https://i1.hdslb.com/bfs/face/8fcaec40a4750830414358ac747c28610eef07c0.jpg,3059,"明日方舟,艾丽妮,艾丽妮飞羽,一有动静，我就哇嘎,哇嘎哇嘎！,Cosplay",386771,82,1032,13922,3912,2716,0,0,62626
BV1WAtFzbEdv,114980519217969,1,21,2082,日常,社会资讯,http://i1.hdslb.com/bfs/archive/fc36c4667f37c3119ac65461cddee5ad892362ad.jpg,赞！这一拽，拽出一整个真善美！,1754463570,42,473837611,新华社,https://i1.hdslb.com/bfs/face/396b93a7f619882afa711879dbf2cb98a40e7367.jpg,18703385,"生活记录,暴雨,正能量,现场,安全驾驶,天气,交通,高速公路,出行",805146,728,1411,1559,2298,336,0,0,92589
BV1xdtJz9EE6,114975855087108,1,172,2076,手机游戏,女性向游戏,http://i2.hdslb.com/bfs/archive/cd42f0f58d9af29053ab33fff172108e5d081361.jpg,左手烟火人间，右手诡谲仙侠，丹青季快哉快哉！【无限暖暖摄影】,1754470800,328,1623708130,BlueVoid蓝须,https://i1.hdslb.com/bfs/face/0548ffe732fa761bf22e72143f0c65dff6284081.jpg,129400,"暖暖,摄影,国风,无限暖暖摄影,游戏角色摄影,无限暖暖丹青季,丹青季,开放世界,换装,无限暖暖",198360,432,272,1296,1508,303,0,0,10738
BV1Bmh5zvECF,114965889417715,1,219,2168,汪星人,狗,http://i1.hdslb.com/bfs/archive/4bcc8f338c37a84223c21fb73d97b745e76fdd82.jpg,天塌了,1754299800,93,3494377812920345,系嚣士啊,https://i2.hdslb.com/bfs/face/bcb480918aab2dbdbbc0130feca6a42ee46ec15e.jpg,583148,"嚣士,宠物,田园犬",387464,1016,1333,1536,1795,4412,0,0,42940
BV1pFhNz2EUo,114959430189382,1,130,2026,音乐综合,乐评盘点,http://i2.hdslb.com/bfs/archive/64eee508de73a746f6f40cb16a2bb39a3313d811.jpg,8090后当年究竟是吃了多少细糠，才看不上现在的新歌？,1754213400,1173,1021254247,八零九零音乐,https://i1.hdslb.com/bfs/face/b777b5e9ecad31a57a48110abda0bb4e269f115d.jpg,250648,"#8090后,#一代人回忆,#经典老歌",465806,2174,1001,6413,1341,607,0,0,7181
BV1nkhxzBEhf,114956913609366,1,21,2196,日常,职业vlog,http://i0.hdslb.com/bfs/archive/10decb86afad3a37ca2828573ef272a1a5449e10.jpg,中专生在日本打工6年离职回国，这6年除了收入1000万日元，还收获到了很多不同人生的体验，心酸与感动共存，离开也是为了更好的再见，谢谢大家的一路支持！,1754103650,62,486122103,思乐在日本,https://i0.hdslb.com/bfs/face/7f8a4169e6dd73bdecbadbef8de61c384132d037.jpg,84943,"生活记录,日本,vlog,努力,感动,日本生活,日本打工,出国打工,打工人,随手记录我的生活碎片",757933,310,3654,3815,1230,1314,0,0,79591
BV15EhNzeERL,114959497304618,1,183,2002,影视剪辑,影视剪辑,http://i2.hdslb.com/bfs/archive/2db7dc3f19c22635264b1bc412782ee83515b85c.jpg,以雪王的名义,1754142869,84,350632452,小新JoJo,https://i0.hdslb.com/bfs/face/3166f0aca390842438f32dcedf1beece99ccfa42.jpg,416,"人民的名义,赵德汉,雪王",352421,109,294,1325,551,2783,0,0,21612
BV1VEtEzcECQ,114974781342729,1,171,2068,电子竞技,回合制策略游戏,http://i0.hdslb.com/bfs/archive/ace6fd9abbaffcacb1bc1dabb658b2f91692b4ec.jpg,𝑴𝒚 𝒃𝒓𝒐𝒕𝒉𝒆𝒓 𝒊𝒔 𝑺𝑩,1754388000,127,3493105034594510,十六van游戏,https://i2.hdslb.com/bfs/face/27b78acca91bd97b9ef20c7438ea042fc6c26853.jpg,548372,"搞笑,剪辑,亚索,抽象,愚蠢的欧豆豆,永恩,金铲铲,来点儿节奏！",395857,179,397,1204,925,846,0,0,25631
BV15Utcz2Ejf,114981509011186,1,65,2064,网络游戏,单人RPG游戏,http://i1.hdslb.com/bfs/archive/f716f6d38ee51c6e51340cba8cabb908bb518c74.jpg,差一点4金了啊…,1754478976,109,1617097682,梓宸爱公子,https://i2.hdslb.com/bfs/face/70bab08addd0ca74723648f78aa4d495eed064a6.jpg,1763883,"原神UP主激励计划,原神",150292,4716,268,1314,540,70,0,0,16924
BV1ngtnz5Eos,114975972528821,1,124,2081,社科·法律·心理,海外资讯,http://i0.hdslb.com/bfs/archive/ee4dad3bebf9f4380cf1fb77da2647e2ff03aa51.jpg,【睡前消息935】洪森子孙要当首相 只好卖掉他信女儿,1754397532,1190,316568752,马督工,https://i1.hdslb.com/bfs/face/1c56737dfc0deffffc31c78e0cefb0c3ecf7e000.jpg,2086155,"泰国,社会,美国,英国,睡前消息,首相,国际,洪森,马督工",328830,619,178,2743,6393,558,0,0,16000
BV1rQtFzREoN,114979982284696,1,65,2078,网络游戏,沙盒类,http://i2.hdslb.com/bfs/archive/9d0c7810b58f453e8e01a07d3637f6d3f2ef297d.jpg,戏 耍 外 挂 ！,1754455637,290,34456580,药儿哟,https://i2.hdslb.com/bfs/face/8166cecc56c88bb5d73db67e42a50f5d5581ce60.jpg,1310647,"我的世界,MC,单机游戏,沙盒游戏,游戏,minecraft,翻盘,高燃,药儿,整点电子榨菜",241691,636,491,2340,2578,127,0,0,20346
BV1DptjzSEHw,114973892288403,1,182,2001,影视杂谈,影视解读,http://i2.hdslb.com/bfs/archive/05cae39fd146f438285f8f056b6d645e384002f0.jpg,2025年韩国第一神剧？男生考公失败持枪血洗教室！60分钟完整解说+深度解析《枪口彼端》,1754362581,3246,69221252,小侠夜班车,https://i2.hdslb.com/bfs/face/398dad0b1c910307efe9a1e163a7aef500116e87.jpg,1083244,"韩国,韩剧,解说,影评杂谈,枪口彼端,深度解析,万字拉片大赛",1017016,11831,2353,11911,1904,1575,0,0,27754
BV1Kf4fzwEkp,114980301047267,1,220,2098,动物二创,AI杂谈,http://i0.hdslb.com/bfs/archive/cedebe64bcbb1e0d1bec7221f1ba9d21a966d7a5.jpg,地球撤回了一只水母......,1754474400,439,1481344732,我们都是社畜,https://i1.hdslb.com/bfs/face/a237f095d1b548ffe821dfe84b22446467aa3f96.jpg,1031150,"科普,水母,夸克AI,涨知识上夸克,夸克深度搜索,萌宠过暑假",90124,275,249,1371,777,143,0,0,8499
BV1QRtGz3EbB,114969999840278,1,172,2071,手机游戏,射击游戏,http://i0.hdslb.com/bfs/archive/f3992d7ce0c321f410e0465d71aba3f9b1b1aeb3.jpg,难言x：挑战只用密码箱开出的物资单四苏尔南,1754303095,136,28440054,难言言x,https://i0.hdslb.com/bfs/face/590588c2e34219cc55859ef2c4046588dd4544ce.jpg,1602977,"FPS,手游,和平精英地铁逃生,吃鸡,难言x,和平精英",1144006,265,147,34177,949,29,0,0,29132
BV1rThtzgEJ8,114957869915056,1,21,2207,日常,随拍·综合,http://i1.hdslb.com/bfs/archive/2dd6056a805c802665f6667c2cd94f3a9627f118.jpg,[b站扫盲01]手机如何发送这些骚弹幕？,1754118097,69,3546727005030792,面壁者牢波official,https://i0.hdslb.com/bfs/face/e3d00a3910a05784e182d0a0d116894444880be0.jpg,96862,"知识分享官,二次元,高级弹幕,b站扫盲计划,弹幕,哔哩哔哩,知识科普,bilibili,b站,娱乐生活记录",1415763,839451,10562,44099,13920,3174,0,0,119094
BV1UBtFzeEgE,114980200387825,1,17,2079,单机游戏,其他游戏,http://i0.hdslb.com/bfs/archive/eea085ad614571a94b7060937375213f38ed1655.jpg,【散人】deltarune三角符文 连续boss战 眼花缭乱精彩刺激（P3）,1754459379,4279,168598,逍遥散人,https://i1.hdslb.com/bfs/face/8a5de2d7486251e80307d8600cbf8649eb4035fe.jpg,7305990,"娱乐,游戏实况,散人,搞笑,逍遥散人,undertale,deltarune,三角符文,推荐宝藏游戏",334907,2021,501,3784,4311,219,0,0,44397
BV1bShPzWEe6,114959883181042,2,22,2063,鬼畜调教,鬼畜综合,http://i2.hdslb.com/bfs/archive/41e3db101e10ede156f07c293e96c8f6c32c149a.jpg,【7月】哈基米音乐排行榜#10,1754149164,1342,7810173,せきらん雲,https://i0.hdslb.com/bfs/face/72c52a1838789bcd2555b6b83f4e91dea675ed3d.jpg,35626,"鬼畜,人力VOCALOID,鬼畜调教,排行榜,音MAD,活全家,哈基米音乐排行榜,神人,哈基米,鬼畜星探企划",469313,9056,2217,8907,8439,8921,0,0,31997
BV1KRt7zmE6m,114975033136231,1,21,2040,日常,二次元线下,http://i0.hdslb.com/bfs/archive/1fe6e7933967aadb85b3750ca0615cebcb60e9c0.jpg,排面拉满！带声优去漫展感受神秘仪式！,1754384400,276,210291,蚀血之暗,https://i0.hdslb.com/bfs/face/cf6bd7ce511ef7e277a8825eba9a8b6d2576965c.jpg,665711,"DNF,无畏契约,漫展整活,漫展特种兵,2025chinajoy,腾讯游戏,管泽元,chinajoy,大展宏图,ChinaJoy现场",179611,195,373,1065,1053,59,0,0,4715
BV1cYtczZEcX,114981475584874,1,228,2004,人文历史,影视正片搬运,http://i1.hdslb.com/bfs/archive/8a6c461326cdcaf09892f5ae82e628fbb0b03f5e.jpg,从10%到30%，巴黎急救的救命“神器”【守护法兰西S03E94】,1754478496,984,3493278460676126,TooT嘟嘟旅程,https://i2.hdslb.com/bfs/face/505a6b86a1e6a579dd75bce011fa817c87cfd7e1.jpg,622835,"巴黎,社会,法国,译制片,配音,消防,急救,二创",44891,518,480,983,1683,194,0,0,4074
BV1sjhLz1EWR,114965637766480,1,172,2077,手机游戏,休闲/小游戏,http://i2.hdslb.com/bfs/archive/f848f6bbfe8668978cff7b71f3f225ce6232dd77.jpg,蛋仔派对：兔仙的南瓜保镖！,1754236624,149,64621079,隐秘的兔仙,https://i2.hdslb.com/bfs/face/a557213fddae799ef9963d790ea571ce22b7ddf0.jpg,468815,"蛋仔派对南瓜入侵,隐秘的兔仙,蛋仔奇思妙想计划,蛋仔派对",1359222,318,338,17015,1124,27,0,0,17707
BV17m8SzbEWn,114949430973173,1,47,2037,同人·手书,同人动画,http://i2.hdslb.com/bfs/archive/2640e8a410f1c5d7ffbefddba452e793d1c3844a.jpg,【许二木手书】二拜天地——汤群像,1753989607,169,1648246266,松野冬芽,https://i0.hdslb.com/bfs/face/5da4c1df6f9a0d247450f1381e5d4eb4b521e2da.jpg,2167,"群像,同人,手书,许二木",211123,559,554,21362,14856,1564,0,0,32806
BV145h7zREN5,114951393904891,1,17,2078,单机游戏,沙盒类,http://i0.hdslb.com/bfs/archive/eef68581353c909645d54bd30496c35b6cfe7fd7.jpg,我被质疑为AI 耗时三年的顶级二创有多离谱？,1754033400,223,493836206,Apple苹果酱喔,https://i2.hdslb.com/bfs/face/a8abacbc4fde2346e15c01bf0a24ec94e93df3f4.jpg,483516,"我的世界,MC,Minecraft,爆肝,原神",2606013,1936,3554,120105,146119,9085,0,7,384545
BV1o4h3zpEwe,114964060838938,1,251,2166,三农,农村生活,http://i0.hdslb.com/bfs/archive/d9b4b670d3bc2065d0f82c25a8b953304d3e6d6a.jpg,在农村卖货一天能赚多少钱？,1754212653,1111,1468914255,李福贵1,https://i0.hdslb.com/bfs/face/5362e90869a67fe8d9972a4a7e70187e687c5c56.jpg,459589,"生活记录,赚钱,乡村",263822,1619,1246,2319,26459,570,0,0,41611
BV17FhHzQECZ,114953289861963,1,17,2072,单机游戏,体育竞速游戏,http://i0.hdslb.com/bfs/archive/6d1da7db0cefef923229307cea72b50c80383559.jpg,洛山矶胡人 VS 荆州俑士,1754048239,936,27442706,南瓜面条Na,https://i2.hdslb.com/bfs/face/f3d1cc9a07b846fb9f52bd8daaac6dbc25b45a45.jpg,69237,"NBA,NBA2K,PK,秦始皇,体育,娱乐,比赛,篮球游戏,推荐宝藏游戏",725209,2391,1376,13505,2455,27547,0,0,68658
BV1Lctgz6E6X,114969748182422,1,65,2071,网络游戏,射击游戏,http://i2.hdslb.com/bfs/archive/c4d2e3cb4185abf52f434ba6e1cbdd4ebae78544.jpg,一秒变异！拥有顺风耳的听力加持，夺舍成功是必然的,1754299753,200,331514361,苏醒游戏解说,https://i0.hdslb.com/bfs/face/dd578b65eb0a8beaff6f4677c76cf9cfc0ce75b4.jpg,703463,"FPS,电子竞技,第一视角,迈从,三角洲行动,迈从V9",677798,548,856,2659,1663,314,0,0,27100
BV1iJt3zjEkn,114970704481089,1,27,2207,综合,随拍·综合,http://i2.hdslb.com/bfs/archive/08f031149b05b1e9ce75058743d2fae7f3658caa.jpg,假如soyo的内心戏很多,1754313833,115,50934906,虾头睦子米,https://i0.hdslb.com/bfs/face/8aca966c01d57fa3ee0508dbe4ca26c305cd9c11.jpg,7953,"MyGO,Ave mujica,爱素,BanG Dream!,千早爱音,长崎素世",160486,283,652,9462,4504,3001,0,0,27036
BV1pghuzxEqP,114963137958967,1,213,2151,美食测评,美食测评,http://i2.hdslb.com/bfs/archive/90070957656da15f076ea3ba9a3b40598d8ca3c9.jpg,非洲顶级大鲍鱼，居然会爆浆，做土豪盖饭壕无人性,1754294400,287,476704454,小文哥吃吃吃,https://i2.hdslb.com/bfs/face/a70aa74915d9e1e3282312b2b6759bc4aae1ed18.jpg,4183889,"美食教程,吃货,厨艺,海鲜,美食制作,4k,舌尖真探事务所,鲍鱼,美食测评,猎奇美食",634405,1331,449,2108,2950,711,0,0,30449
BV1ZYhbz3Emw,114957198822109,1,256,2207,短片,随拍·综合,http://i2.hdslb.com/bfs/archive/fa6164b490f8fc0d003a1bc8d5b3895046f26722.jpg,挑战在家一个月不被父母发现,1754107966,71,519883222,黄家荣,https://i1.hdslb.com/bfs/face/0cebfeb5bcd7a4d38d8a6c5f2018f63202936d55.jpg,777117,"大学生放假后的现状,暑假在家的生存法则,人间真实,身法,新影力短片大赛",3369390,246,525,13811,1543,1752,0,0,122480
BV1BYtJzzEQs,114976106747627,1,251,2166,三农,农村生活,http://i1.hdslb.com/bfs/archive/a77c39b67b1869e04e20e2e797910fc5bccb5ae3.jpg,谁说喜欢看这个？,1754397224,279,3493138387699886,山野农夫高山农场,https://i2.hdslb.com/bfs/face/82a985ed7c1f2cf2fa003afdb727e9e5fbf30cb9.jpg,330285,"冰糖葫芦,喂鸡,鸡,动物总动员",141513,473,340,584,1257,238,0,0,18835
BV1txtqzME6g,114986508622695,1,47,2043,同人·手书,动漫速读,http://i0.hdslb.com/bfs/archive/eb9b3003a9e257d1133f6189407277e51ee6a7b8.jpg,回溯时间后，我拯救一切【01】,1754555052,627,654552,圆桌动漫,https://i0.hdslb.com/bfs/face/6c1421573d214809ca86aef25bdd23670e00128a.jpg,4747556,"悬疑,恋爱,圆桌宇宙,苏小暖,瑶曦,萧凡",97378,2213,876,3258,5010,147,0,0,11498
BV1sfh7zREkZ,114951175868161,1,21,2005,日常,短剧短片,http://i1.hdslb.com/bfs/archive/bb51c6cb4958509a2caf7e06c430b8f84f7420ec.jpg,【短片】后来，我决定不把鸡腿放到最后吃了,1754015966,123,240303701,Yeesa523,https://i2.hdslb.com/bfs/face/39d7d1277ddf0296b9cd26a23afff6446fb3b3d5.jpg,13556,"生活记录,创意短片,人生,电影,短片,vlog",514120,164,571,7452,3669,960,0,0,47066
BV1F7tPzvEke,114982096211408,1,138,2154,搞笑,剧情演绎,http://i1.hdslb.com/bfs/archive/cabe103f9ef4c85c4c63bb45a56592afacdfed73.jpg,纯 情 软 饭 王2,1754546400,343,298054634,马哥巨离谱,https://i2.hdslb.com/bfs/face/e36386dee63a713cb1cb47c4bbd3b60532bb9e70.jpg,1402209,"搞笑,情感,美女,反转,搞笑小剧场,富婆,沙雕,抽象,离谱,软饭硬吃",147104,592,595,941,3725,598,0,0,13409
BV13ohHzkEwS,114952870305395,1,209,2161,职业职场,公共交通,http://i2.hdslb.com/bfs/archive/da4d1b0619bb7944ce32372c5ca4c53224486f47.jpg,飞机上居然还有Wi-Fi？！我该不会是最后一个知道的吧,1754041749,32,3546903994174399,软软爱出门,https://i1.hdslb.com/bfs/face/7d33ad6f748f366442c00266ade3a537bb491392.jpg,3013,"冷知识,信息差,坐飞机攻略,飞机隐藏服务,干货分享,省钱攻略,科普冷知识",494556,48,70,49822,1860,439,0,0,37914
BV1aqtLznEMb,114972449309715,1,130,2024,音乐综合,电台·歌单,http://i1.hdslb.com/bfs/archive/123f95a8226ee7b818d91da71e3e24370c9d3fa9.jpg,"""旧歌重听，记忆重塑""",1754352000,2022,88082801,挽风丶Sama,https://i2.hdslb.com/bfs/face/91484503b5edaa7134d6cd03c418d24acf4845a5.jpg,354773,"英文歌,电台,BGM,音乐选集,宫格音乐,精选歌单,日推歌单,电台新星征集令",297004,35,51,29747,2055,25,0,0,21231
BV1T6h8z4ELK,114958339807315,1,17,2073,单机游戏,动作竞技游戏,http://i0.hdslb.com/bfs/archive/993df81f291a5a164011eda711f1039a92696e0b.jpg,【速凌】怀揣哥？你这是干嘛啊？？,1754126828,466,3546875066059052,高司令-速凌电竞,https://i2.hdslb.com/bfs/face/8119a560bc06a6436665606570a7332cb0756a89.jpg,1282613,"FPS,游戏实况,永劫无间手游,速凌电竞,永劫手游张起灵,永劫手游古墓夺金,永劫无间张起灵麒麟回响,三角洲,高司令,沙雕",4978671,51334,5169,57534,18111,10345,0,8,255213
BV1dktgzrE52,114969228088346,1,172,2073,手机游戏,动作竞技游戏,http://i1.hdslb.com/bfs/archive/d384e8f4db2862d8a8b4539dce4f337a8dc6e14b.jpg,【萌黄速报】9月高招S波风水门[九喇嘛连结]，侠隐新忍揭晓！,1754291292,139,441897078,火影忍者手游情报君,https://i0.hdslb.com/bfs/face/3c975d44586143dd0eb4b121a3437bc8cc696610.jpg,2667712,"火影忍者,格斗游戏,火影忍者手游,火影手游",2183685,13275,14047,15651,5219,49510,0,68,88614
BV1H8hJzpETv,114952333429655,1,136,2074,音游,音游舞游,http://i2.hdslb.com/bfs/archive/01447e98ba722001b4b88a230c3df4bf682a05f5.jpg,【BanG Dream!】×TV动画【我推的孩子】联动开启！,1754064000,90,171818544,BanGDream梦想协奏曲,https://i0.hdslb.com/bfs/face/419abd51d9473f2318df0d921cc7da15179d146f.jpg,1761548,"联动,邦邦,BanG Dream!,bangdream,少女乐团派对,我推的孩子",366320,6899,1439,2665,745,8884,0,0,27876
BV1M7tGzqEpX,114970134055908,1,171,2071,电子竞技,射击游戏,http://i2.hdslb.com/bfs/archive/7b758e8158cfcbc7e0fe5d91ffe29923090e731e.jpg,在瓦的残局里，技能和大招是你的底气与王牌，但在CS的残局中，失去的血量无法挽回，未知的点位无法探清，你所依靠的只有自己的枪法和意识，这是你个人能力舞台的展现时刻,1754305285,72,315461404,CS2_Vinci,https://i1.hdslb.com/bfs/face/87ab56e92c8f0e356948ce467ca9c0184b4eaa3b.jpg,111597,"音乐,FPS,电子竞技,游戏,CSGO,CS2,卡点,残局,Vinci,CS2创作激励",149267,78,444,1581,2002,594,0,0,10752
BV1aktJzYErN,114976207408506,1,182,2001,影视杂谈,影视解读,http://i2.hdslb.com/bfs/archive/4b4e7c5aeeac7b88637010dc3f7fc3725784c99e.jpg,【如懿传吐槽20】散点心群鬼开夜宴  顺时局庶人入冷宫,1754449200,1726,13725936,衰兰送客咸鸭蛋,https://i0.hdslb.com/bfs/face/c898a73004483c37087a28c6af2d380d8b62ea1e.jpg,203190,"周迅,霍建华,电视剧,搞笑,吐槽,影评杂谈,电子榨菜,影视杂谈,谷雨,如懿传",271637,5149,1121,1484,4380,209,0,0,11782
BV15NtHzqEgS,114975368615399,1,138,2157,搞笑,街头采访,http://i0.hdslb.com/bfs/archive/daa11a41e26b2c8d25e72863c1a4a0eb1f3947d0.jpg,《谁 输 谁 社 死》,1754386424,259,632887,伢伢gagako,https://i1.hdslb.com/bfs/face/38d85946c9cd0cf159e4d646be63fad36c2486c1.jpg,2315764,"伢伢,胡桃,搞笑,cos,永劫无间,社死,永劫无间开启电竞版苏超杯,苏超,整活,搞笑研究所",1108515,750,341,5968,868,147,0,0,39764
BV124hHzAEMz,114952937478873,1,17,2078,单机游戏,沙盒类,http://i1.hdslb.com/bfs/archive/bd89c91bf61edd8c440644573b582fb990f9c435.jpg,当我们变成美西螈宝宝，并可以不断进化？！,1754452800,453,77257482,小包小包i,https://i0.hdslb.com/bfs/face/1973496f77111d69b07c2058054dc73ac2f23a00.jpg,1594560,"我的世界,生存游戏,单机游戏,沙盒游戏,Minecraft,小包小包,mc,推荐宝藏游戏",627702,236,88,24970,1610,28,0,0,26740
BV1qfhEzCEHm,114952400543291,1,157,2013,美妆护肤,娱乐reaction,http://i1.hdslb.com/bfs/archive/f12f75c127ca330f7f3b0421378b0c77870ea22b.jpg,姐几个又来促进激素平衡了,1754125200,621,430926487,达达达布溜-,https://i1.hdslb.com/bfs/face/c3a05d91e4ed61afaba9bb33ec1ba8e207f2e378.jpg,2084057,"帅哥,娱乐,高能,颜值,搞笑小剧场,心动,分享,鉴赏,真实,粉丝投稿",1555573,21357,1400,27504,8587,3228,0,0,59662
BV1VmtgzuE3b,114969177825133,1,21,2028,日常,宅舞,http://i2.hdslb.com/bfs/archive/1005f5385695836e95dc98bfac135b4a77508976.jpg,爱丽丝大小姐想让你告白！,1754452800,92,31968078,粽子淞,https://i0.hdslb.com/bfs/face/bbce22e45584b7a9e48398a91a7bac5975c8aaad.jpg,1031042,"可爱,舞蹈,宅舞,cosplay,cos,绝区零爱丽丝二创,爱丽丝,辉夜大小姐想让我告白,书记舞,绝区零",493440,250,602,18962,3549,1172,0,0,52464
BV1iChgzQELN,114964262029404,1,257,2083,配音,综合资讯,http://i2.hdslb.com/bfs/archive/d3878a60c93095125d99b487788b129785d3141d.jpg,杀死一只鸟儿最好的办法就是#小鸟在歌唱 #朗读 #配音#冥王#【高全胜】,1754215595,42,1667342531,配音演员高全胜,https://i2.hdslb.com/bfs/face/385866824e7d6c78208ae5f222b461741fb1e0cb.jpg,1159929,"唱歌,配音,鸟儿",1258850,1038,2471,20739,3523,1496,0,0,171542
BV1mh4dzXEZU,114976459069108,1,171,2071,电子竞技,射击游戏,http://i1.hdslb.com/bfs/archive/cf00ed20fdb4cb83b6afc8c3c388381625a02788.jpg,THANK YOU S1Mon,1754453400,184,31536760,EDG电子竞技俱乐部,https://i1.hdslb.com/bfs/face/90ef04ade74b3c2fea67d219992c149572964ec8.jpg,2107265,"EDG,无畏契约,VCTCN",953100,776,7462,6400,16296,27329,0,0,47472
BV1JVtnzGEj6,114975871866808,1,228,2090,人文历史,人文历史,http://i2.hdslb.com/bfs/archive/e1e26a83b01c0cccf37974a0320ef1d1257bfedf.jpg,"深度|| 香火的秘密，如何像""正果""一样思考？",1754535600,5592,504934876,渤海小吏,https://i1.hdslb.com/bfs/face/60d7ec1a95e5f85e8e5b2c1d49656cbcff176604.jpg,3838988,"唐僧,孙悟空,西游记,四大名著,人文历史档案馆,如来佛祖,太上老君,玉皇大帝,香火,正果",356788,1356,1308,7045,12386,664,0,0,17335
BV1nytjzvEzL,114973590229728,1,161,2148,手工,其他手工,http://i0.hdslb.com/bfs/archive/b4f43dbb83093ab601dd66a48cab04dc72b0ab7a.jpg,灵魂宝石是魔法少女灵魂的实体化,1754358016,18,14709870,在银河里划水,https://i0.hdslb.com/bfs/face/7162f6029b1bdab2a57f1ee7e8add60d32689754.jpg,2006,"原创,动漫,巴麻美,手工,魔法少女,魔法少女小圆,DIY,二次元,魔圆,我的整活手工大赏",350381,40,215,7331,608,779,0,0,58064
BV16qhGzeEoc,114965503544960,1,95,2099,数码,电脑,http://i1.hdslb.com/bfs/archive/aac0b8830db3e16d39813ed78b28db97fb5a1384.jpg,【8月电脑配置推荐】这才是正常人要的配置单，耗费一辆小米YU7，只为教你把预算都花都在刀刃上，建议收藏,1754235785,3096,597148617,船长总动员,https://i0.hdslb.com/bfs/face/08010e7b92d8f19ac8fe3fcf57252f057643b19b.jpg,375167,"科技,装机教程,装机,电脑,配电脑,DIY电脑,性价比,电脑配置推荐,装机推荐,配置推荐",291095,275,1519,4343,3510,785,0,0,10686
BV1kHhLzGEqM,114965587500255,1,21,2063,日常,鬼畜综合,http://i0.hdslb.com/bfs/archive/01267c9b921f2331d1527f6a9d51e77386a373a2.jpg,穷吃菜富吃虾，有钱有势吃王八。,1754236100,86,3461565288286498,小付同学t,https://i1.hdslb.com/bfs/face/3e948382a80cb04a08af921908641f48b7241243.jpg,43958,"万恶之源,搞笑,生活,影视剪辑,迈克尔杰克逊,男神,莲花落,上头了,必剪创作",625640,391,808,8220,5683,3285,0,0,49194
BV1pkhtzjECC,114957685360109,1,162,2055,绘画,二次元绘画,http://i1.hdslb.com/bfs/archive/20d59d79e04e80b0ff2d368be88c53e5f04bcf00.jpg,你可能不认识我，但你一定看过我的画。,1754115341,32,28253849,桑德兰的等待,http://i2.hdslb.com/bfs/face/168324a6bdbad8786e31ee0bc302fd0c8535904a.jpg,37433,"插画,三国杀,绘画,王者荣耀",695571,373,925,5428,935,829,0,0,86727
BV1vJhtzwEAn,114958004133041,1,21,2154,日常,剧情演绎,http://i1.hdslb.com/bfs/archive/3865de14b87d34c64ebcd7e2e6325cad490703e4.jpg,当你高考战胜30万人 终于来到了浙大…,1754120146,67,3494373119494756,itsboiJOE,https://i1.hdslb.com/bfs/face/cafb480e86c0b35a81243c9b318b171af860ebcb.jpg,8260,"生活记录,宿舍,大学,校园",1704281,838,3555,24728,6581,15228,0,0,158191
BV1oyhHzDE2n,114952736218657,1,138,2154,搞笑,剧情演绎,http://i0.hdslb.com/bfs/archive/7158d9d5415d791132d95ab389d0c053e3124d9c.jpg,等你半天了,1754039736,155,592107356,房东的肥四四,https://i2.hdslb.com/bfs/face/43b096e1f65f27470b0992d8986e24def9bdd6e6.jpg,776331,"短片,原创,学生作品",749050,483,425,6788,1364,411,0,0,61620
BV1yPtnzEEPZ,114975771269031,1,212,2152,美食侦探,美食记录,http://i0.hdslb.com/bfs/archive/ca161288796658ab7b8e24d2359915a2960b4883.jpg,在马来西亚实现海鲜自由！大龙虾+“顶流”炸鸡，这一口好吃到跺脚！,1754392112,1896,649019192,方芳的快乐生活,https://i2.hdslb.com/bfs/face/6403112ef1655c35eebc639706114d184edb3472.jpg,1823754,"马来西亚,搞笑,美食侦探,旅行,生活记录,吃货,记录我的美食日常,龙虾",945346,13479,1745,10454,60895,1789,0,78,58590
BV12dh4zmEGc,114956108306822,1,218,2167,喵星人,猫,http://i1.hdslb.com/bfs/archive/d6c8ffb8d3d3259394702ed7da6695e01746c792.jpg,给毛孩子们安装夏日降温房,1754092046,96,504957853,田园猫宝,https://i1.hdslb.com/bfs/face/f818acd3b8c11d9352b1f6cb649ead72764601b2.jpg,522062,"喵星人,橘猫,毛孩子",1270304,485,251,15331,1542,120,0,0,41182
BV1JYtJz6Egq,114976106877463,1,215,2150,美食记录,美食探店,http://i0.hdslb.com/bfs/archive/3110a22d31df08966a117ac8a6e5067961d7acca.jpg,vlog青岛好多餐,1754396543,240,1626552192,小牙一杯,https://i0.hdslb.com/bfs/face/ec6dfe41ce05a26264bdfe920ab50fb423a3d200.jpg,761933,"生活记录,吃货,分享,青岛,记录,探店,Vlog",107999,199,1775,1620,915,862,0,0,14738
BV1FStnzmEsf,114975200774850,1,249,2088,足球,社会观察,http://i0.hdslb.com/bfs/archive/4d30d169b6e4563a2602bfd19312014056187857.jpg,没有假球，只有世仇，散装江苏到底能有多散？,1754389800,478,11684621,太阳星sunstar,https://i2.hdslb.com/bfs/face/edcd0f2f12cedf723c9e5c18c5f824ecd4c50f9c.jpg,3064716,"社会观察局,苏州,南京,足球,江苏,常州,无锡,苏超,太阳星",137854,565,638,1243,1055,153,0,0,12045
BV1WctnznEf6,114975737643366,1,228,2090,人文历史,人文历史,http://i1.hdslb.com/bfs/archive/716e67ae40969c5fdfb793671bf4231f81f22bdc.jpg,从贫穷农业国，到首批发达国家，仅用20年，弗朗哥是如何带领西班牙，实现跨越式发展的,1754406000,1347,584762039,多明海,https://i2.hdslb.com/bfs/face/7be8894320351048691d993c2f73a9bced2fe884.jpg,1220793,"西班牙,内战,欧洲,经济发展,发达国家,弗朗哥",210707,678,642,3294,2186,225,0,0,10217
BV1824Rz9EL2,114976610129644,1,208,2094,校园学习,科学科普,http://i1.hdslb.com/bfs/archive/b39507e457d39207476b8d77657665244f5f3604.jpg,内燃机原理（下）等离子大炮,1754404283,296,438528157,夏振东讲物理,https://i1.hdslb.com/bfs/face/b888fd064ba65f170fc722d13a2d84fc9ff4bbb3.jpg,401472,"物理实验,高能,超清科普小课堂",451374,153,129,15712,1116,405,0,0,16566
BV1vttVzUEmY,114971442681575,1,162,2055,绘画,二次元绘画,http://i2.hdslb.com/bfs/archive/66218429cbb86b59a7f1dc3cb781f515f7581ba5.jpg,【Procreate】你有这么权威的企鹅进入马达加斯加,1754325255,62,15635155,禾几丁页,https://i1.hdslb.com/bfs/face/a9459de2e8032dfa36027a313808bf5809904cb4.jpg,8001,"拟人,绘画,绘画过程,马达加斯加的企鹅,PROCREATE,马达加斯加",481279,147,1001,23114,4858,2019,0,0,86829
BV1qbtLzdEAk,114972264765164,1,193,2017,MV,MV,http://i2.hdslb.com/bfs/archive/56489150ec4b14094fd0115fd5c9e9743591972b.jpg,【Porter Robinson & Madeon】Shelter 官方MV,1754366400,367,3546887074351496,Porter_Robinson_,https://i2.hdslb.com/bfs/face/17d948787afcd9409a9156c7fef40c31c8f27468.jpg,38111,"电子音乐,欧美音乐,官方,MV,电音,日语MV,新世代音乐人计划原创季,官方MV,Madeon,PorterRobinson",303444,864,2271,24661,19702,4781,0,0,40701
