bvid,aid,videos,tid,tid_v2,tname,tname_v2,pic,title,pubdate,duration,mid,name,face,uploader_follower,tags,view,danmaku,reply,favorite,coin,share,now_rank,his_rank,like
BV1rHhVzeENy,114964949965534,1,219,2168,汪星人,狗,http://i2.hdslb.com/bfs/archive/8e21531adaccce566ab0869befbdfc4c3de3c813.jpg,狗狗永远都不会忘记对他好的人,1754226642,266,3625254,烈的街头动物摄影,https://i0.hdslb.com/bfs/face/6375b27301493aff8eb3acd156cab38f21df4540.jpg,91429,"汪星人,狗狗,感动",327442,218,232,1678,1636,175,0,0,33156
BV1VDtczLEhS,114981559342403,1,176,2107,汽车生活,汽车文化,http://i0.hdslb.com/bfs/archive/f4ea927efd20604a49a2d9e5fc4574d3d78927eb.jpg,3万买的废弃奔驰，翻新完值300万？,1754479967,715,311871090,伟嘉gaara616,https://i0.hdslb.com/bfs/face/cc0fddafee1b399dfdbd7c82f7f9134b1e0e3609.jpg,1108410,"奔驰,测评,汽车,vlog,玩车,奔驰S,翻新,改车,gastation,bilibili 哔看新车",236110,2131,441,1806,2364,244,0,0,22140
BV1gdhHzVE6m,114952685750447,1,138,2166,搞笑,农村生活,http://i0.hdslb.com/bfs/archive/b90ad3bf606948021e18dc2d3a49d811e3964087.jpg,我做了一个70年的天王梦,1754038992,18,667606816,毛宇鹏-抽象爷爷,https://i1.hdslb.com/bfs/face/0cfe03dbbdfb80893a2fd001c8067ad010373573.jpg,77196,"梦想,生活记录,记录",2772788,1899,3244,37545,14232,10219,0,48,298192
BV1S6tPzUEGm,114981777442933,1,85,2183,小剧场,助眠视频·ASMR,http://i0.hdslb.com/bfs/archive/f88eba1ae03be036334e83d5eb3f196e7bda9c1a.jpg,暗恋你的贵族千金精心打扮你 参加晚宴探险场景助眠,1754482877,690,4815444,纯蕴睡觉觉,https://i0.hdslb.com/bfs/face/5ee2ec6aaee65100fee4957673a99dc5d0be5914.jpg,730256,"助眠,cos,绝区零爱丽丝,晚安,绝区零",66034,173,461,2288,1299,84,0,0,5953
BV1bzh3z5EDD,114963658115312,1,168,2006,国产原创相关,AI影视,http://i1.hdslb.com/bfs/archive/d8b64626fcc31f83285b71ad69819bf66862071f.jpg,我只花一天时间做出韩立结婴,1754207278,351,3546920945453709,韩胶带本尊,https://i0.hdslb.com/bfs/face/7e63e9892175bd2aa0fba36d5e7b587d5680e3ea.jpg,12165,"动漫,剪辑,电视剧,古风,韩胶带,韩立,银月,瓦卡奖VACAT征集大赛",804423,715,1330,2295,4241,1125,0,0,22129
BV1Y8t3zzEK7,114970855478934,1,21,2083,日常,综合资讯,http://i1.hdslb.com/bfs/archive/f4414f3bc5bfe92db83e26bf0ff7fccbcc302fdc.jpg,浪浪山的四个小妖怪，到底叫什么名字？,1754350200,165,456664753,央视新闻,https://i1.hdslb.com/bfs/face/2dc9c34444ba9f8e891fdc98e6c331fa3c02d127.jpg,21837471,"电影,浪浪山小妖怪",456223,290,1027,1976,1584,1363,0,0,45466
BV1RUtGzLEau,114970066950096,1,182,2088,影视杂谈,社会观察,http://i0.hdslb.com/bfs/archive/81714b4f4b7e59e3c3953e0da61bd8874becffbf.jpg,“大毒枭”网上带货，将冰糖当成冰毒卖，还搞特价买一克送一斤,1754304399,551,525382468,人间放映厅,https://i1.hdslb.com/bfs/face/b2e1ed03c4b1996088ac084ee0a96d2d4d816a43.jpg,1282994,"奇葩,真实事件,纪录片解说,绝命糖师,影视IP观察室",1581114,341,434,9646,634,341,0,0,17596
BV1wgtFz9Evb,114980435268163,1,162,2207,绘画,随拍·综合,http://i0.hdslb.com/bfs/archive/730a3f7848f5e98f97b3020493c1ed5475d24a84.jpg,为什么说⼀台好⻋都是从“离谱”开始的,1754478000,623,12019354,ToTo文翰,https://i1.hdslb.com/bfs/face/6e36094f818a6f7bc48a86ddac03dbcc728accd7.jpg,198539,"汽车设计,奥迪,草图渲染,上汽奥迪a5l,上汽奥迪A5L上赛首秀,上汽奥迪A5L耀目上市,上汽奥迪A5L油车首搭华为乾崑,sketch,汽车造型,汽车草图",69054,156,202,800,596,102,0,0,2519
BV1pt81zdEhB,114948239791666,1,172,2071,手机游戏,射击游戏,http://i2.hdslb.com/bfs/archive/81ec7ee3764032df29ae56e7198aeb2dcc6539ba.jpg,全网最专业一图无脑得吃教学,1754037300,916,35753864,TGEe_,https://i2.hdslb.com/bfs/face/03ebb90e4bdda62b2cb6f61f84dea61b74ca4e3e.jpg,50837,"原创,地铁逃生,对峙前线,得吃,搜打撤,地铁逃生周年版本,一图,教程攻略,硬核测评,和平精英",2217563,1741,1482,84960,18708,2240,0,72,77262
BV1bitnz4E79,114975620273061,1,21,2155,日常,语言类小剧场,http://i1.hdslb.com/bfs/archive/1ca2afb44b3820acba48cfab6eb024678306ea1c.jpg,配音演员的无语瞬间。。,1754388992,38,2689967,醋醋cucu,https://i2.hdslb.com/bfs/baselabs/423b2404c649fb8e71909dbd9ae5189d1076652d.png,1248913,"配音演员,CV,配音,搞笑小剧场",770565,229,429,2997,1160,147,0,0,45827
BV1fFhHzDEWW,114953289800258,1,215,2150,美食记录,美食探店,http://i1.hdslb.com/bfs/archive/01a950a408855dcc8bc2809a29bf5cade84c8596.jpg,大碗面来了！一人一斤！再加半斤抄手！必须吃爽！,1754048613,374,8680974,干饭三健客,https://i0.hdslb.com/bfs/face/cf67c074588b1524389f371665b4f687cf6315b6.jpg,1727016,"街头美食,三剑客,重庆小面,重庆美食,健身餐",1111711,2034,1401,2131,4601,1506,0,0,43152
BV1XhtVz2EvS,114971476296963,1,65,2071,网络游戏,射击游戏,http://i0.hdslb.com/bfs/archive/1216d45592ab1057c437c5725c22bad198f0b7e5.jpg,三角洲行动 只要3万+制式卷就有满改S级武器！火力卷改枪最强优化教学！【紫色-火力】,1754364600,283,52717408,Always聪聪,https://i1.hdslb.com/bfs/face/d6573681e12901cbbf26a242102c727bac4d020a.jpg,1055459,"FPS,射击游戏,三角洲行动,三角洲行动改枪,三角洲,教程攻略,三角洲破壁新赛季上线",676526,273,947,19209,1367,994,0,0,24963
BV1FuhjzgEj8,114967147714950,1,126,2063,人力VOCALOID,鬼畜综合,http://i1.hdslb.com/bfs/archive/8d52e0efbb5bca563b67aab84bb4f7852106fa9c.jpg,【杨某人单曲】兔子，我愿为你穿上嫁衣,1754301600,94,28348490,咆哮丶土拨鼠,https://i2.hdslb.com/bfs/face/db494c60204f01f01217f92950eccabd13592969.jpg,885846,"鬼畜,搞笑,第五人格,第五人格赛事,grood,兔子英明,tzym,2025IVL夏季赛,杨某人,跳楼机",227559,599,1181,5473,4843,7730,0,0,27884
BV1LjtEzaEQ2,114974731016110,1,65,2071,网络游戏,射击游戏,http://i1.hdslb.com/bfs/archive/2a5baab76b14774c3d2fb7a9cbab02c302154549.jpg,【老鼠人行动】航天基地（G3）45w→???w,1754376247,397,403637371,老飞宇66,https://i1.hdslb.com/bfs/face/25d6b747d51cd07f6ae01a1145225f9be7fbdc5d.jpg,2561324,"三角洲行动,三角洲破壁新赛季上线",697658,8859,1053,3742,2332,729,0,0,48691
BV16MhtzzELc,114957853138536,1,30,2020,VOCALOID·UTAU,翻唱,http://i0.hdslb.com/bfs/archive/2382a615d03be5ae269f82cf7196d9a75810bdd7.jpg,我们都在用力的活着（日语版1m30s）,1754125852,92,37080882,奥巴鸽咕咕咕,https://i0.hdslb.com/bfs/face/d688c3b7e619d65a9809e2ee5eadf26a844eabdc.jpg,32603,"搞笑,日语翻唱,励志,俊达萌,ずんだもん,天真的橡皮,一勺料汁,和我的保险说去吧,我还以为减速带呢",515559,215,1646,28194,11201,9881,0,0,64287
BV1F2hNzLEtK,114959262420535,1,138,2207,搞笑,随拍·综合,http://i1.hdslb.com/bfs/archive/708b2199a00429febd9010152c19239475400462.jpg,感谢坚强的自己依然坚强的活着,1754139304,81,143832717,安茂元,https://i0.hdslb.com/bfs/face/751a438f52a7bb62ee3bbbdcf86c6993a271e77d.jpg,362191,搞笑,903559,424,902,12778,2041,4544,0,0,94781
BV14ttjzjEWJ,114974110321978,1,17,2078,单机游戏,沙盒类,http://i2.hdslb.com/bfs/archive/cd9d1d0eaf62f6c121ab9bedfa7da43e615b1714.jpg,一口气看完，鱼卡嘴老年团的恐怖解密《毒药》,1754388000,3715,389407124,我的世界木鱼,https://i2.hdslb.com/bfs/face/c99f2ea3f47cf9c2ac0ba73519c715a2764ee0ba.jpg,2010703,"我的世界,搞笑,游戏实况,恐怖,木鱼,毒药,一口气看完,木鱼乐风,污妖王集团,整点电子榨菜",366846,13624,1863,19500,26213,1400,0,0,50353
BV1cTtFzdEmb,114980535930263,1,21,2154,日常,剧情演绎,http://i0.hdslb.com/bfs/archive/6e06bffcf9900293efcdd22acb119af1ae18ca28.jpg,小黄 ：血脉压制……,1754464168,60,695472344,应激兄弟1,https://i2.hdslb.com/bfs/face/ea041df38ef4922b2691ad670dc6af87921084a0.jpg,623819,一人分饰多角,903152,462,287,14069,886,374,0,0,65567
BV1JYtczoEhw,114981475454121,1,17,2078,单机游戏,沙盒类,http://i0.hdslb.com/bfs/archive/c9ba3b83db3a1231fb936c3a8478f2713b7e5633.jpg,极限追猎！Dream大神 VS 4名顶尖猎人！,1754478524,532,3546854658673221,爱速通dream,https://i0.hdslb.com/bfs/face/f30438305df632717b3d865c14a5a62f364fedfa.jpg,120428,"搞笑,我的世界,MC,沙盒游戏,Minecraft,像素风,追杀,猎人游戏,Dream",288336,2925,1100,7298,3957,3397,0,0,27412
BV1grhVzDERh,114964463361419,1,245,4216,赛车,骑行,http://i1.hdslb.com/bfs/archive/9aa6f6621a11db517660893ba8dba988f1b444da.jpg,“更离谱的是这样的表现都站不上领奖台”,1754219519,181,5321968,尽墨for车,https://i1.hdslb.com/bfs/face/3db9c7c546cd955cc1f7a1300910f9314e62a86d.jpg,1454205,"骑行,山地车,自行车,极限运动,2025年硬线速降,阿B我想玩户外",602909,543,540,3803,1781,891,0,0,28636
BV1tetnzZEHQ,114975704155403,1,208,2084,校园学习,应试教育,http://i1.hdslb.com/bfs/archive/6d1c554a309432151bcc209a456a1e7ae7954c82.jpg,一个视频讲透保研的一切！流程/种类/绩点/英语/科研/夏令营/预推免/九推/保研率/信息源/跨保/外保/内保…,1754390148,1851,40427625,取景框看世界,https://i0.hdslb.com/bfs/face/0d671560a6dd7f28247b3b7501d404a5b01280ea.jpg,3964849,"大学,考研,英语,经验分享,夏令营,学生,科研,保研,绩点,学生UP主养成计划",107904,1075,505,11866,7190,1007,0,0,10110
BV1zshVzaEFm,114964983513509,1,17,2078,单机游戏,沙盒类,http://i2.hdslb.com/bfs/archive/01a0ba1ad24504619d5c8e5edaa4910f6b331a8b.jpg,65536个方块！我在MC生存存档中给流萤做了一幅地图画！,1754226659,66,2023223001,cy-ct,https://i0.hdslb.com/bfs/face/63528a285f1f26de76bccc80e0368f4e4e572b32.jpg,1357,"二次元,我的世界,崩坏：星穹铁道,崩坏：星穹铁道创作者激励计划,流萤,像素风,地图画",301864,211,342,4767,8844,492,0,0,46894
BV1v7tTzwE2t,114984159809614,1,171,2071,电子竞技,射击游戏,http://i0.hdslb.com/bfs/archive/6b26bbed4754fed64f4316d8ebfbeb5b98fc04f7.jpg,卧底dma第三期，这就是“雷达”吗！！通透的“绿玩”！！,1754519388,715,212669589,老单喜欢当cs,https://i0.hdslb.com/bfs/face/dde53256e2313abcb3ab2656fe751ee1200d8a56.jpg,101272,三角洲行动,281532,614,1853,1937,1106,6101,0,0,11412
BV16p4RzgE4o,114976878560764,1,212,2150,美食侦探,美食探店,http://i0.hdslb.com/bfs/archive/60b21f9fc5a82ae8198c526b26865d32cd4663fe.jpg,今儿打卡沙特阿拉伯国民炸鸡！中东土豪最爱的味道！,1754468400,270,1644053613,是个泡泡_Pao,https://i0.hdslb.com/bfs/face/7ef4b34fa5e3173ee174cb24c72d3e7e18d5f464.jpg,3076277,"吃货,美国,土豪,美式,炸鸡,阿拉伯,中东,美食测评,探店,国外美食",371231,543,392,3085,904,473,0,0,33685
BV1HYhgz8EzW,114962567660852,1,172,2070,手机游戏,MOBA游戏,http://i2.hdslb.com/bfs/archive/2a8c152fdbf14547ef01c33e854b386c97896402.jpg,朵莉亚零基础到精通！看这一个长视频就够了！,1754189701,881,298590209,益达兄弟辅助教学,https://i2.hdslb.com/bfs/face/125d2935b53d5635d8962fa2388a35ca665d6039.jpg,541600,"辅助,益达兄弟,朵莉亚,#王者荣耀夏日盛典,#朵莉亚在编人鱼公主,王者荣耀山海皮肤",257595,251,342,8080,2139,1362,0,0,17727
BV1ZLtFzJE5n,114980116499731,1,21,2154,日常,剧情演绎,http://i1.hdslb.com/bfs/archive/1bfaf92254a25daabd8750c8bc3a778eded3082d.jpg,我是apple！apple（怒）,1754457959,167,1443546125,阿玉老贼,https://i2.hdslb.com/bfs/face/c03cf386a8e76ac1d3060796d343b4cc829f2f93.jpg,246925,搞笑小剧场,184594,10431,553,1784,822,495,0,0,32158
BV1wP4dzGEEv,114976693949189,1,212,2150,美食侦探,美食探店,http://i1.hdslb.com/bfs/archive/92a6a58a9240500ec2e58f1c761ad3727eae0234.jpg,日本社畜吃点啥？同事推荐の平价社畜人气寿司居酒屋，好！免除一死👋🏻,1754405569,210,15874359,大阪流浪社长,https://i0.hdslb.com/bfs/face/e056229473e236e0a9d2b0bf8719ce1192b27c0f.jpg,429455,"日本料理,刺身,日本,寿司,日本生活,大阪,探店,日本vlog,日本海鲜,假期美食特种兵",266500,363,474,1481,1222,332,0,0,23858
BV1TNhpzTESk,114952786418550,1,126,2063,人力VOCALOID,鬼畜综合,http://i1.hdslb.com/bfs/archive/f3566e9c285f3d623d6df842598a9b2ef4a4d9fc.jpg,“在哪都能挣刀乐”,1754106900,231,1398957,树深时见鹿dear,https://i0.hdslb.com/bfs/face/3492081b9cf0a59626c663537fe30f0acf53f6c5.jpg,732199,"周润发,岳云鹏,鬼畜,rap,唐探1900,王宝强",298447,333,608,5665,10683,602,0,0,26201
BV12stczAEe8,114979630027416,1,212,2150,美食侦探,美食探店,http://i0.hdslb.com/bfs/archive/6e3f10949e1ca3ef0854a9e4e5af50da9a867165.jpg,一个人吃云南24种野生菌子火锅！鲜！,1754476200,573,3032988,密子君,http://i2.hdslb.com/bfs/face/7a8d14249171e09448f4ddba1e0129584257825f.jpg,3567208,"美食,美食圈,吃货,美食vlog,探店,美食探店,密子君,美食日常,野生菌火锅,挖掘身边的宝藏小店",123571,356,188,649,1030,236,0,0,7666
BV1TCh3zrEdf,114963876151658,1,65,2066,网络游戏,单机主机类游戏,http://i1.hdslb.com/bfs/archive/f642d36ef935f8f07ed763a1a632f9b83881b01e.jpg,这游戏真废嗓哇,1754209676,131,3546388231097029,菜三千,https://i1.hdslb.com/bfs/face/6783c763e8e3b331eb355041daca98cd608f80a2.jpg,92603,"联机游戏,娱乐,搞笑,生存游戏,竞技游戏,休闲,多人游戏,沙雕,休闲益智,推荐宝藏游戏",1061254,1056,1448,38818,5050,34278,0,49,139233
BV1khhHz8EeF,114952954253213,1,250,2158,出行,旅游记录,http://i1.hdslb.com/bfs/archive/465a6abde52cee2c5b309551180e7086964567a0.jpg,时隔多年重温流浪的起点,1754043105,337,3546864588687507,浪客小北,https://i0.hdslb.com/bfs/face/13c7e26d400c6f168d64173b3fe580ae9ec0ac54.jpg,264831,"流浪,第一视角,浪客,寻找100个宝藏vlogger",400477,296,601,2772,4790,338,0,0,38045
BV1G9hHzyE2J,114952702532182,1,76,2149,美食制作,美食制作,http://i2.hdslb.com/bfs/archive/4a50686148a5389c7b03c5c99c7918afb11a8849.jpg,全网最细成本拆解，50元老北京打卤面贵吗？,1754039138,339,258034892,碧蝉衣,https://i2.hdslb.com/bfs/face/f6dfd152ac6d5eec41209e6237d7fedc6f514fe6.jpg,220392,"美食教程,北京,厨艺,美食制作,记录我的美食日常,打卤面,什刹海,老北京打卤面",1798442,3358,3733,11547,7111,1268,0,0,48642
BV1HTtnzjEoN,114975938974788,4,172,2064,手机游戏,单人RPG游戏,http://i2.hdslb.com/bfs/archive/536e699ff98af0721e17080314530562727eb8b1.jpg,《原神》剧情PV-「最幸运的孩子」,1754452800,765,401742377,原神,https://i2.hdslb.com/bfs/face/853c4a846793dfbdafd8f16a40d6d8065bdb7c6f.jpg,20090822,"原神5.8,米哈游,miHoYo,原神",664854,1878,4440,16941,25774,4587,0,52,94824
BV1CahgzFEh2,114962517201994,1,214,2149,田园美食,美食制作,http://i0.hdslb.com/bfs/archive/831334efadb127cf5d3126710f3a9699453d5919.jpg,为了吃个鱼汤，修了个小猪灶台，但是到底像不像猪？,1754208000,136,1529656577,孤独美食咖,https://i2.hdslb.com/bfs/face/8f5fcf396f55e280f3fe54b4742f4973d635a2a0.jpg,908823,"美食制作,记录我的美食日常,鱼汤,乡村,乡村美食,坛子肉",1167386,673,447,1911,1007,373,0,0,44869
BV1Bht7zAE3B,114973153956948,1,20,2028,宅舞,宅舞,http://i0.hdslb.com/bfs/archive/741a766731f62ebcd0f4745cb2075e7a8a7a87af.jpg,【徐娇】未闻花名Secret Base～生日作～自唱跳【原创编舞】,1754351280,146,6870383,海獭娇娇娇,https://i2.hdslb.com/bfs/face/7b210f2e81fbec726735cb9356a5910c81da7cc0.jpg,577156,"宅舞,原创编舞,未闻花名",1189414,4288,2824,5537,18736,1071,0,0,70928
BV1wGhpzaEi4,114954648686323,1,138,2154,搞笑,剧情演绎,http://i2.hdslb.com/bfs/archive/f7ea7e23b2d4221c32ebd2b0f60d5e46f97d5ed5.jpg,当公司禁止喝蜜雪■■后，我顶风作案！,1754125200,151,35888636,养胃的霖冬,https://i2.hdslb.com/bfs/face/46c1a8f12b03ddc89fc6b37d5e11e66e31d57625.jpg,834663,"脑洞,搞笑,高能,搞笑小剧场,雀巢工作室,东方明珠,沙雕,手偶剧,蜜雪冰城",1281687,808,900,27187,43031,796,0,71,113523
BV1FetGzdE55,114969949507361,1,218,2167,喵星人,猫,http://i2.hdslb.com/bfs/archive/9a62579095bbfd36656f6b937567fd6f5ee7c456.jpg,哈基米你…还是燃尽了吗,1754302346,10,41519542,短腿小拖宝,https://i1.hdslb.com/bfs/face/4aa756d79a51aab149e4e5ae152587b439534e0f.jpg,587221,"喵星人,动物总动员,哈基米",2242557,538,2350,23826,1230,9543,0,67,173446
BV155hAzbEUW,114941528907662,1,219,2168,汪星人,狗,http://i1.hdslb.com/bfs/archive/3967ab8d64939a979b7eb7736e21c146caa5ba38.jpg,小狗为什么烦爸爸,1754301600,58,1595633891,鱼仔是真的狗,https://i2.hdslb.com/bfs/face/c628b0118d8d12a8b360058fc3ca8a1ac9c639b9.jpg,768180,"狗狗,汪星人,萌宠,边牧,牧羊犬,小狗,爸爸,小奶狗,萌宠过暑假",658471,143,200,2070,755,984,0,0,63064
BV1WytuzHEZm,114969664295593,1,21,2046,日常,网文解读,http://i0.hdslb.com/bfs/archive/7301548f04680ae60c5070e25b7ef82fe8c9933f.jpg,你天庭上面有人？抱歉，我上面可没人了！,1754298217,151,72969462,笔给你你来写_,https://i0.hdslb.com/bfs/face/8e8a57daeb8ee0b50e6fa4e66c4f18f849fc601c.jpg,1138335,"小说,原创,脑洞,曼波配音,西游,随笔,原创剧本,笔给你你来写,沙雕段子",453548,390,881,2161,1091,386,0,0,42217
BV12khnzAEj9,114953491057387,1,168,2042,国产原创相关,动漫评论,http://i2.hdslb.com/bfs/archive/8319ac5b33d631b50543542065adf71fac054d8c.jpg,评分第一？巅峰之作？7年前火爆中国【竞球小英雄】大结局居然是这样！（下）,1754051556,3284,31261235,L另唐,https://i2.hdslb.com/bfs/face/9cdbdecc498f42498f22bffa09964271ece19c6a.jpg,1250354,"动画,童年回忆,怀旧,国产动画,童年动画,国漫,猪猪侠,竞球小英雄,猪猪侠之竞球小英雄",4044212,21212,2454,68280,27390,1159,0,32,91639
BV1cdh3zYEyg,114963473501047,1,251,2090,三农,人文历史,http://i0.hdslb.com/bfs/archive/3b27df18b1d3bb9bfd38981078a2044d90999bf1.jpg,这个104岁的爷爷，带给我的不止有敬佩和感动,1754203605,133,3493123130919728,我是凡人繁星,https://i2.hdslb.com/bfs/face/76cdfd193b3cb59b2261bb390979a39748b3d901.jpg,254488,"爷爷,正能量,生活记录,记录美好农村生活,抗日,乡村,感动,鬼子,抗战老兵",369101,13147,1625,8078,20115,655,0,0,86125
BV19btwzEEpT,114980871472440,1,76,2153,美食制作,美食综合,http://i0.hdslb.com/bfs/archive/14bbbac203785ae8b2924acebce8691829bc12d9.jpg,专业厨师带你细看《一饭封神》第一期（入围赛）,1754476122,4920,440242122,西厨李狗蛋,https://i0.hdslb.com/bfs/face/25f623e717f87e0a1da9fc20036ad2997e75594a.jpg,210162,"美食,搞笑,综艺,美食节目,娱乐,一饭封神,谢霆锋,惠灵顿牛排,九转大肠,一饭封神申请出战",73067,1892,609,888,1662,241,0,0,2911
BV1q5tnzrEYa,114975922260756,1,21,2197,日常,其他vlog,http://i0.hdslb.com/bfs/archive/395c1fa5304bd9941fe25e8dbb48374b20018886.jpg,收手机收到前总裁！在深圳住300块出租屋还债200万！,1754470959,194,1873295428,收手机的CC,https://i1.hdslb.com/bfs/face/60ddb2cde10af7ff9ced81ec3800323509f6f736.jpg,217234,"工作vlog,小米11ultra,转转回收,随手记录生活,上门回收",414255,618,763,1748,986,419,0,0,26564
BV15NtHzqEJZ,114975368615829,1,65,2071,网络游戏,射击游戏,http://i0.hdslb.com/bfs/archive/d946b680354ee50d714a48e409a9168c4aefe435.jpg,战地6设置搞不明白？3分钟纯干货提升你的游戏体验！,1754385212,190,187688580,狙佬-zuener,https://i0.hdslb.com/bfs/face/bdb4b214d3446aca7c11b408ae6f35c89f52a5cc.jpg,326576,"战地,单机游戏,网络游戏,游戏,游戏视频,战地5,教程攻略,战地风云,战地6,战地风云6揭晓",119753,93,1075,5078,979,1718,0,0,4405
BV1mrtwzgEGP,114981005691039,1,172,2064,手机游戏,单人RPG游戏,http://i0.hdslb.com/bfs/archive/4ebcfa3b4b82b5f090f4970b7cfa5504d1e5e5da.jpg,【真实测评69】重装救星！斩业星熊专九实战测评,1754471830,1123,432131619,绝命笋干,https://i0.hdslb.com/bfs/face/dd225519e6fc79c251d3fc442ab161ca72ced644.jpg,518421,"搞笑,明日方舟,无始无明,斩业星熊,恶业苦果,实战测评,星熊,地狱变相,泰拉探索协会,明日方舟创作者应援计划",474676,1951,3590,3940,8755,2435,0,0,30280
BV16ptPzwEY9,114981710468923,1,253,2042,动漫杂谈,动漫评论,http://i1.hdslb.com/bfs/archive/1385531aa49a96627665870b8b74e6b85c372305.jpg,是哪个神秘组织锤死了樱花动漫？【新番日推42】,1754481806,313,1351379,赫萝老师,https://i2.hdslb.com/bfs/face/0728972dbf88e3e9965ac31aac569a418f40b495.jpg,949665,"动漫杂谈,搞笑,谷口贤志,平野绫,宝石之国,吐槽,新番日推,7月新番,赛马娘,樱花动漫",116053,258,700,1904,1264,288,0,0,9202
BV1og4dzTENS,114976358403549,1,172,2064,手机游戏,单人RPG游戏,http://i1.hdslb.com/bfs/archive/78275527740058328906ae18fdd50d8d1b815db4.jpg,丹恒上万年的等待，只因为你是他一辈子只此一次的挚友…,1754400481,217,3546664558135806,星铃拿铁,https://i0.hdslb.com/bfs/face/1c7e01be49a86c97c4984d472a51f7b58b0f3cf0.jpg,32676,"游戏杂谈,丹恒,饮月,荒笛,翁法罗斯,如我所书,翁法罗斯开拓之旅,丹恒腾荒,丹枫,三月七",147229,184,464,4223,896,1105,0,0,9324
BV1RPtHzTEXY,114975385326465,1,241,2009,娱乐杂谈,娱乐评论,http://i0.hdslb.com/bfs/archive/36b627938814466e29afe81dc957d0e069d5c8b4.jpg,顶级牛马破防！赵露思要当素人？全网封杀也不忍？抑郁症怒撕无量老板，25年最癫事件诞生！,1754391652,1148,26376587,吃瓜郭昱麟,https://i2.hdslb.com/bfs/face/6927b2ddf58a9f9abaa147ab8a4eaa0842931fd8.jpg,986730,"汪苏泷,综艺,娱乐,吐槽,旺仔小乔,八卦,张碧晨,明星盘点,赵露思,娱乐吃瓜大会",440833,1614,1203,1874,700,381,0,0,7459
BV1vztJzvEAN,114976039633168,1,253,2043,动漫杂谈,动漫速读,http://i2.hdslb.com/bfs/archive/d3556370af3435a602fbf76c97f9dd470c1b84a0.jpg,火麟飞暴怒揍天羽，苗条俊菜刀砍冥王,1754395217,327,1249738739,刘成lcc,https://i2.hdslb.com/bfs/face/a01f302dc0742f3602724c32d64f6f54fa0d9b78.jpg,228404,"超兽武装,童年,童年回忆,国产动画,国漫,冥王,天羽,火麟飞",760577,621,291,7446,1129,152,0,0,25167
BV14zt3zYEhi,114970821920076,1,138,2020,搞笑,翻唱,http://i0.hdslb.com/bfs/archive/9030f95463739925a1d8765b35c84f67db6fe4fe.jpg,不发牌改洗牌，应该也属于双厨狂喜了吧！,1754366700,23,477676711,田一名sir,https://i1.hdslb.com/bfs/face/4e30dae85d2e529924322aa328b20ee0e98427e1.jpg,1643214,"说唱,rap,洗牌,翻唱的N种打开方式",399385,436,2301,1312,728,3913,0,0,33469
BV136tPzSEz9,114981777510999,1,172,2037,手机游戏,同人动画,http://i2.hdslb.com/bfs/archive/bd36b9f70c96976a3731278747f58d22534dee06.jpg,当击球手穿越到我的世界！【第二集】,1754483156,1039,501246267,小恶魔8号队友,https://i0.hdslb.com/bfs/face/580f2b8b20cf2ca185e387f243ceb5478a14648d.jpg,21428,"娱乐,沙盒游戏,我的世界,搞笑,第五人格,沙雕,第五人格庄园纳凉夜",30749,455,265,1270,1896,299,0,0,3982
BV1N5tKzLEeZ,114982968629445,4,172,2064,手机游戏,单人RPG游戏,http://i0.hdslb.com/bfs/archive/4715c0bd16b818f076e00bc0518a001dd799c0e6.jpg,《原神》角色逸闻——「伊涅芙大改造」,1754539200,385,401742377,原神,https://i2.hdslb.com/bfs/face/853c4a846793dfbdafd8f16a40d6d8065bdb7c6f.jpg,20090822,"原神5.8,伊涅芙,米哈游,miHoYo,原神",719280,10867,4540,15508,26049,6437,0,51,105230
BV1Qn4dz8EEn,114976308070627,1,176,2108,汽车生活,汽车生活,http://i0.hdslb.com/bfs/archive/d8f860bd31d753ba626102b0e6dcc24ede02093f.jpg,摩托老哥硬刚FHP道奇充电器，结局出乎意料,1754438400,432,1745143606,争取最后的自由,https://i1.hdslb.com/bfs/face/2ae4a7fcf321673035a572fea77acc3b3d1e0211.jpg,1580242,"摩托车,驾驶技巧,美国警察执法,美国警察追车",125056,527,264,671,1058,124,0,0,9384
BV17WtPzhE4r,114981760732683,1,47,2037,同人·手书,同人动画,http://i1.hdslb.com/bfs/archive/63eadebfa5bb52b4f2632f87cb23d53c9710c252.jpg,调酒师凯亚动画 （放弃了）,1754482686,39,474474920,melt-s,https://i2.hdslb.com/bfs/face/1aabde93fe90977de9f866f1ceaa63b6aea7fe74.jpg,114274,"动画,凯亚",195932,85,410,12036,6015,1708,0,0,67073
BV1k1tFzfE9F,114979780955439,1,171,2070,电子竞技,MOBA游戏,http://i1.hdslb.com/bfs/archive/e753dbc3813c16af4fb3e906b359a1366426e94d.jpg,一个孙尚香到底可以秀到什么地步？,1754453181,549,3493273255544847,萧炎不鸽,https://i0.hdslb.com/bfs/face/a72dc58e11a873eb875047f4c956eb01dfe1bf63.jpg,685561,"孙尚香,王者荣耀,重庆狼队,风箫,萧炎解说,2025KPL夏季赛,发育路",239516,485,420,997,735,506,0,0,10022
BV1yDtwzPEd3,114980569486296,1,251,2148,三农,其他手工,http://i0.hdslb.com/bfs/archive/c4f43a906ff3af7caadfb3a5a22ff004076bf2b5.jpg,余师傅今天教大家打一把极致锋利的双刃柳厨刀，大家学会了吗？,1754466665,648,414367068,余铁匠打铁日常,https://i0.hdslb.com/bfs/face/5bd86814ce91b3a147a7b0b725e8315e2983e80f.jpg,68179,"原创,技术,生活记录,制作,手工,厨刀,刀,轴承,创作灵感,寻找100位非遗手艺人",281565,1613,965,2238,6025,507,0,0,28981
BV1NmtwzTEAZ,114980670212937,1,138,2156,搞笑,UP主小综艺,http://i0.hdslb.com/bfs/archive/60b642c54ede6c681f2a569fbe278b2b76d4f031.jpg,哈哈哈哈音乐卧底,1754466092,151,551931509,小歪很拽,https://i2.hdslb.com/bfs/face/961bf1b9c9551c209a44d3463990190c36b3cdb1.jpg,1270820,"综艺搞笑,谁是卧底音乐版,趣味游戏,办公室游戏,看一遍笑一遍,搞笑研究所",915534,410,210,6241,619,101,0,0,16146
BV1qmhGzoE7U,114965117671498,1,21,2005,日常,短剧短片,http://i2.hdslb.com/bfs/archive/7bdc00b6d11384dca6ad400089e8363ad172b2dd.jpg,傲慢这一块，早在大白那里领教过了,1754228589,19,3546868311132258,林亿韩,https://i0.hdslb.com/bfs/face/89d58bfe612c5c5177f4f1e3e2e99877beedc3a1.jpg,217724,"短片,原创,大白",1625942,426,1117,23815,6446,3008,0,0,144801
BV1oPtGzjEvX,114970553619064,1,215,2152,美食记录,美食记录,http://i0.hdslb.com/bfs/archive/502db0009b28bccddedad8af71629ba272567943.jpg,朋友终于想起来找我玩了,1754311868,150,646889764,Nico爱肉包,https://i1.hdslb.com/bfs/face/1fbb3e1e140042dbc15e412229760cbd21f9a927.jpg,492895,"生活记录,美食,日常,vlog,老外,朋友,记录",203333,457,455,1909,2302,346,0,0,30965
BV1Evh7z3Ehs,114951444240319,1,252,2066,仿妆cos,单机主机类游戏,http://i0.hdslb.com/bfs/archive/8fa3cb9f1681ae1b13be62463868cac1f0aad4eb.jpg,梦里不知身是客,1754020163,39,3493107108678482,何存真的真,https://i2.hdslb.com/bfs/face/707f1ab45335d5834709c123fe2fb4fce300f5d2.jpg,361043,"燕云十六声,南烛公子,李煜,Cos",953538,239,1102,29664,15261,3797,0,0,101012
BV1dPhgzEE3A,114962617862962,1,138,2154,搞笑,剧情演绎,http://i2.hdslb.com/bfs/archive/075f51cfd639b9b3d66852ba33a060323c1dc767.jpg,做生意不光靠自身的实力，更多的是靠运气,1754192408,186,375312438,赵老板创业记,https://i0.hdslb.com/bfs/face/cc234df8ab000658ebb320b6818cc46dbdaf90c6.jpg,30715,"创业,正能量,西瓜,赚钱,商业思维",1847540,1245,1690,4486,5539,859,0,0,78586
BV1bXtJzdEtr,114975821534637,1,95,2102,数码,摄影摄像,http://i1.hdslb.com/bfs/archive/d38ce9fab0a86d1412069e4be414d6624f5e6cdf.jpg,用这台相机，拍出了老婆最满意的照片！大疆Osmo 360,1754401507,775,37029661,小鹿Lawrence,https://i1.hdslb.com/bfs/face/e4c9f5f6bfd8c48de684d2456e8fe3ecce8f0c6c.jpg,1795125,"数码,评测,小鹿Lawrence,像素长街,Osmo 360,DJI,全景相机,大疆,摄影器材,哔哩哔哩影像纪",460342,1101,304,1980,1519,500,0,0,21269
BV1SUt7zDEYP,114973221130791,1,171,2071,电子竞技,射击游戏,http://i1.hdslb.com/bfs/archive/57e3dacee2c9377e89c577dee10f46aa48f2f1a2.jpg,这就是鼠鼠们出大货时梦寐以求的大哥嘛ᯠ  _   ̫  _ ̥ ᯄ ੭,1754352200,214,237182065,离nm大谱啊,https://i1.hdslb.com/bfs/face/86ba364771f60a077c9ee8b1cbeaf69636cf079c.webp,395,"三角洲跑刀,好人,三角洲",526941,454,1517,1851,1346,210,0,0,34552
BV1jfh8zVExa,114958138345626,1,218,2167,喵星人,猫,http://i1.hdslb.com/bfs/archive/bbade95d368df4f908587fbe6c27c79a64d107b6.jpg,拍猫录：瞬间即永恒，我镜头下小猫突突经典四连拍,1754122172,39,143986403,猫太极的拍猫录,https://i2.hdslb.com/bfs/face/d58676f6aa8875754011984344715a430ec35628.jpg,45384,"喵星人,猫,谁家小猫这么可爱,田园猫",2544068,923,1804,40117,4807,14755,0,41,300122
BV18HhAz9EyH,114941176646252,1,219,2168,汪星人,狗,http://i0.hdslb.com/bfs/archive/06a24a0b1ea026880ad82827818e78267f9bf784.jpg,贵妇SPA,1754127900,185,390790215,是曼玉不是鳗鱼,https://i0.hdslb.com/bfs/face/fd6c977cd186e1e828090777fffd791b872db537.jpg,1550711,"柴犬,汪星人,spa,萌宠过暑假",552794,579,573,7822,2159,2815,0,0,50526
BV1YptnzKEh8,114975569939746,1,59,2031,演奏,明星舞蹈,http://i2.hdslb.com/bfs/archive/3a391a80953d8c6845f8574c09a8e4b4843263cb.jpg,暗香残留,1754388073,47,385534216,段俊piano,https://i1.hdslb.com/bfs/face/f9a72b873971d4ed869a290e1cb27b5b0468afc8.jpg,1264357,"钢琴,段俊,暗香,沙宝亮,KPOP回归前线",431983,200,399,1004,1453,418,0,0,27892
BV1YgtczkEVt,114979512522030,1,172,2076,手机游戏,女性向游戏,http://i1.hdslb.com/bfs/archive/cf20aa1057bcf639bdad3e6c51e70879eaca4ec3.jpg,中式怪谈？轮回？无限暖暖丹青季全面解读！,1754474459,873,547707160,七月Altair,https://i1.hdslb.com/bfs/face/e380b907eb041111fca8d18bc4752f6f4b9f1627.jpg,198655,"国风,暖暖,手机游戏,游戏杂谈,无限暖暖丹青季,剧情解说,nikki,国风美学,无限暖暖",205178,151,233,1360,1867,232,0,0,7298
BV1WZt7zyENn,114974932338129,1,138,2136,搞笑,跑步,http://i0.hdslb.com/bfs/archive/1d3a04fd766133a244a73f07e8765fc7bff43544.jpg,一个中年男人的1000天自我救赎，成了数百万《一拳超人》粉丝的精神图腾,1754470800,1053,96575424,BB姬Studio,http://i0.hdslb.com/bfs/face/e8ce6c1dff94df6fb5210e900b3569cb29fb5c71.jpg,542890,"一拳超人,马拉松,健身,跑步,堂主,强风吹拂,中年,男人,长跑",69859,206,259,1529,1478,308,0,0,5388
BV1Dnt5zVE7u,114970939495764,1,17,2079,单机游戏,其他游戏,http://i1.hdslb.com/bfs/archive/251212e70bb396b836727dc341bf2038b23b3925.jpg,【全熟】塔菲视角全程解读虚环喵,1754317466,1562,1265680561,永雏塔菲,https://i1.hdslb.com/bfs/face/5ddddba98f0265265662a8f7d5383e528a98412b.jpg,1331317,"虚拟偶像,养成,手游,二游,虚环,腾讯游戏,战斗,实机视频,永雏塔菲,虚环挖梗大赛",461565,1562,1669,3368,2671,5198,0,0,16532
BV1fatJzgEow,114976123589703,1,241,2009,娱乐杂谈,娱乐评论,http://i0.hdslb.com/bfs/archive/b9ccdda61933ae9b5d68d4a3d290c7c39ac37c4e.jpg,手撕公司，直播大倒苦水，热搜女王带着她的八百个热搜回来了【赵露思解约风波】,1754396602,486,15472350,降B_大调,https://i0.hdslb.com/bfs/face/5ce1b571e472dc8eff86574a3711def50a78f92a.jpg,297287,"娱乐,吃瓜第一线,赵露思解约,赵露思,银河酷娱,明星解约",733357,6949,4208,2203,3744,2405,0,0,21846
BV1g14ozAEyh,114977801244551,1,172,2064,手机游戏,单人RPG游戏,http://i1.hdslb.com/bfs/archive/51134a4cb0286a76b73476db8c18dee83f7f105d.jpg,当我尝试拍出爱丽丝的美……,1754452800,136,384667818,小星想叭叭,https://i0.hdslb.com/bfs/face/84437d711796c8900078c6ab86600989ebf21ed6.jpg,569924,"摄影,绝区零爱丽丝二创,爱丽丝,绝区零",412537,218,635,13033,3362,1819,0,0,70104
BV1QhtFzuE8X,114980284274702,1,17,2079,单机游戏,其他游戏,http://i2.hdslb.com/bfs/archive/72ad32371a11612539090eb415db02e71977b480.jpg,一款连国外平台都没过审的国产游戏！《爱之巢》最新Demo！,1754459988,276,6724070,孤独音符,https://i2.hdslb.com/bfs/face/2af1f8c98427b19b3ad4ae652723d92bfc5e6450.jpg,1243845,"游戏实况,独立游戏,STEAM,单机游戏,莲花池池,爱之巢,demo,meta,游戏鉴赏家,推荐宝藏游戏",259215,391,351,9959,807,311,0,0,20716
BV1JYtJz6Egq,114976106877463,1,215,2150,美食记录,美食探店,http://i0.hdslb.com/bfs/archive/3110a22d31df08966a117ac8a6e5067961d7acca.jpg,vlog青岛好多餐,1754396543,240,1626552192,小牙一杯,https://i0.hdslb.com/bfs/face/ec6dfe41ce05a26264bdfe920ab50fb423a3d200.jpg,762025,"生活记录,吃货,分享,记录,青岛,探店,Vlog",113140,207,1819,1690,941,896,0,0,15381
BV1RYtPzWEXu,114981861331768,1,21,2150,日常,美食探店,http://i0.hdslb.com/bfs/archive/6b4354398fb4254b5374cf3531ccb7e6316185c0.jpg,暴雨天随机挑战吃夜宵！结果朋友当场对江西老板拍桌子…【coffee隐藏版】,1754484672,907,96804886,盗月社朱狒狒,https://i1.hdslb.com/bfs/face/f44b6596a65054bc484ee2fa2c4945975a5ff2fd.jpg,70255,"生活记录,记录我的美食日常,下饭菜,夜宵,鸠占鹊巢,Vlog,coffee,辣炒鸡爪,江西小炒,随机挑战",194065,1386,644,2198,9575,342,0,0,28361
BV1xAtwzTE4N,114981156752750,1,76,2152,美食制作,美食记录,http://i0.hdslb.com/bfs/archive/43bb5cec5a4e0e820fd9f709fd97c27962758d25.jpg,我结婚1天都累死，新疆人结婚要2个月？！,1754474663,1669,8960728,日食记,https://i1.hdslb.com/bfs/face/1300ff9c3e45014f54ab5bd3602790a378ce6ac4.jpg,8971576,"婚礼,新疆,生活记录,记录我的美食日常,抓饭,乌鲁木齐,大盘鸡,羊肉,新疆美食",700147,2460,1162,11536,27414,4357,0,0,42482
BV1oBtgz5EYp,114969077088585,1,256,2142,短片,体育综合,http://i1.hdslb.com/bfs/archive/1d1c46a2a26b0fd2c571bba2f665d7df760391c4.jpg,暑假打球好上头！,1754298000,300,1920908011,非自然苏打,https://i1.hdslb.com/bfs/face/ff71ef035b06f9d24b22a631d9166a967ec740b1.jpg,587043,"运动,高中生,暑假,生活,排球少年,搞笑,OPPOReno14,排球,OPPOReno14排球少年联名",1464406,1219,1519,10863,3764,1370,0,0,67631
BV1pghuzxEqP,114963137958967,1,213,2151,美食测评,美食测评,http://i2.hdslb.com/bfs/archive/90070957656da15f076ea3ba9a3b40598d8ca3c9.jpg,非洲顶级大鲍鱼，居然会爆浆，做土豪盖饭壕无人性,1754294400,287,476704454,小文哥吃吃吃,https://i2.hdslb.com/bfs/face/a70aa74915d9e1e3282312b2b6759bc4aae1ed18.jpg,4183959,"美食制作,海鲜,美食教程,厨艺,吃货,4k,舌尖真探事务所,鲍鱼,美食测评,猎奇美食",646089,1345,452,2153,2992,724,0,0,30847
BV1n2tjzPEFR,114973640561646,1,219,2168,汪星人,狗,http://i2.hdslb.com/bfs/archive/786b35b08155f60f8b082b5dbbeec20577c82697.jpg,小狗：说出来你可能不信，我进入二维空间了,1754359111,92,652551563,西卡观察员,https://i2.hdslb.com/bfs/face/a451caaf7e24e7612e23737c16ec62cea732ce8f.jpg,750196,"狗狗,汪星人,可爱,边牧西卡,猛男必看,毛茸茸训练营",3019128,9290,1978,13758,12038,6267,0,61,140831
BV1XYtwz1Eve,114981089580858,1,65,2071,网络游戏,射击游戏,http://i1.hdslb.com/bfs/archive/92c6f2c58cd2c865f80dcefc50cdbbd67d85d130.jpg,【战地记者】三角洲行动奇怪的打开方式,1754472284,141,427399568,惩罚者doro,https://i2.hdslb.com/bfs/face/26a2dedb81eedba0f6ad8f49e1267bb191f619cd.jpg,24035,"三角洲行动,三角洲破壁新赛季上线",382436,167,362,2794,790,700,0,0,27565
BV1uRhJzKEDb,114952064992961,1,182,2001,影视杂谈,影视解读,http://i2.hdslb.com/bfs/archive/df9993cb4e328fba34d5f37bcc261bae5ceee584.jpg,超燃电影《全民超人汉考克》，超人不一定是超人，也可能是小调皮,1754038800,550,73528331,摩斯神探,https://i2.hdslb.com/bfs/face/7a3ccfa2d021bc1212ffdd5ea637d098a1475d9f.jpg,3192580,"超级英雄,超人,科幻,电影解说,转转回收,转转",7540869,2023,1441,22933,2222,268,0,27,118066
BV1qthVz8Em9,114964882857043,1,47,2037,同人·手书,同人动画,http://i2.hdslb.com/bfs/archive/eb103100da7e1858eb0d62c02d33cec33b76e4fb.jpg,你成为了雷杰多的人间体 来到原生之初去教育土著P37,1754299800,672,1415483599,磷火动漫,https://i1.hdslb.com/bfs/face/661e0d82e5a2bb135ab6db4e0a28fc12aa272888.jpg,948103,"小说,奥特曼,磷火宇宙,原创漫画,雷杰多奥特曼,爽文推荐",1051479,2627,763,31241,4461,163,0,0,35526
BV18mtJzFEzd,114976157077437,1,138,2154,搞笑,剧情演绎,http://i2.hdslb.com/bfs/archive/633578d8c8b9239ffbb33f85b793cc304e515629.jpg,与时间赛跑的人,1754397472,185,1548805549,甜蜜老张,https://i1.hdslb.com/bfs/face/8e1b3812f8c0c20b5d2ef1bb3a332077b5c951bc.jpg,1474472,搞笑研究所,393757,332,282,2945,1082,452,0,0,36322
BV1entnzqELH,114975586717412,1,228,2090,人文历史,人文历史,http://i2.hdslb.com/bfs/archive/ab229f6c297673cac8b56603aca7974dd872286f.jpg,斗米命，人肉债：五代十国的百姓有多惨？,1754449200,849,1105349912,杜茹慧,https://i2.hdslb.com/bfs/face/28516950fa5b8839fe9c2bc9b49be3f79ceda791.jpg,287696,"历史,人文历史档案馆,燕云十六声,五代十国",94450,378,469,1544,861,240,0,0,3704
BV1zahKzCE4y,114960839482364,1,65,2071,网络游戏,射击游戏,http://i2.hdslb.com/bfs/archive/070c1b2e05672c6dfd8e15e94281a6a47da89094.jpg,致我玩这么久第一次有这样的跑刀经历，谢谢你们,1754163504,269,220277361,波奇BQQ,https://i0.hdslb.com/bfs/face/248ec119bd42cc1edffe8e9d95254ce36e864711.jpg,2385,"射击游戏,FPS,跑刀,三角洲破壁新赛季上线",615312,821,5410,10405,13283,2323,0,0,59354
BV15XtNz8EMQ,114983136398409,1,172,2064,手机游戏,单人RPG游戏,http://i0.hdslb.com/bfs/archive/d5fd8351285e72cdda2b35399a119dd988ce66f5.jpg,看清楚了，我只示范一次，纯物理队的崛起！,1754528400,117,399287638,小弑弑,https://i1.hdslb.com/bfs/face/407db2c30d29cd22191f16e5f20c6be86a69446e.jpg,79186,"手机游戏,黑简,浮波柚叶,ZZZ CHOICE,绝区零爱丽丝二创,爱丽丝,动作游戏,操作,简,绝区零",101536,292,266,861,645,397,0,0,8275
BV1KntGzvEfz,114970301827939,1,138,2182,搞笑,心理健康,http://i1.hdslb.com/bfs/archive/e9e8b039637cdda3d92f4d72c2ccb46012818116.jpg,过度思考，焦虑症？孩子不是在钻牛角尖，他只是在给自己找活路,1754307724,87,3546883385461219,猫meme小山楂,https://i1.hdslb.com/bfs/face/2c0ab4995c2dde5f5927c6d59d6b3db798ee377d.jpg,22745,"猫meme,焦虑症,过度思考,敏感型人格",1053141,816,1563,47522,3298,3100,0,0,68944
BV1ZptPzcEbD,114981710335210,1,17,2079,单机游戏,其他游戏,http://i0.hdslb.com/bfs/archive/614a2f1ccacc4549c4ea57d3a773dfb17e11ed25.jpg,好游戏多说几句又何妨？玄学+推理，万字再拆！游戏《乌合之众》,1754481931,2081,17220937,老闲愚,https://i1.hdslb.com/bfs/face/2e2eab49ff0d63ea6314b5fb8b40bf6b8999e557.jpg,2636,"游戏,STEAM,民俗,恐怖游戏,单机游戏,剧情解析,乌合之众,万字,中式恐怖,推荐宝藏游戏",45875,499,254,1408,1496,257,0,0,2898
BV125h7zREfY,114951393969533,1,215,2149,美食记录,美食制作,http://i2.hdslb.com/bfs/archive/af24e342fff59cd6e678f0296fc10607f6b8dc21.jpg,粗粮的正确打开方式！,1754019348,180,1983705001,明天谁做东,https://i1.hdslb.com/bfs/face/5b2465cc10918e1b6c0683a192d53716294a31d8.jpg,607824,"奇葩,美食制作,粗粮",507639,242,225,1764,856,229,0,0,44149
BV1YdtAzSEME,114981995615545,1,171,2070,电子竞技,MOBA游戏,http://i1.hdslb.com/bfs/archive/afb527b266dc504453db731e5fbfd226b7abd17f.jpg,新英雄全球赛场首个五杀！,1754486181,38,29992385,iG电子竞技俱乐部,https://i2.hdslb.com/bfs/face/487bf0cb89b58ce6baea91d2f2a5b0fc4a2e17fb.jpg,648262,"精彩集锦,英雄联盟,电子竞技,IG,TheShy,GALA,MOBA,Meiko,Rookie,Wei",473755,128,2538,971,1808,1185,0,0,29686
BV14FtFzhE2X,114980351448742,1,17,2078,单机游戏,沙盒类,http://i1.hdslb.com/bfs/archive/92a33af7fd1de42a96697fab1b1b07fdebfb9407.jpg,空天战舰升空，僵尸又该如何绝处逢生？,1754474021,626,392384666,迷人Rui_,https://i2.hdslb.com/bfs/face/7b2e06fc18d5a64d93893939ee2bc2d54f35cd54.jpg,407969,"沙盒游戏,科技,生存游戏,我的世界,僵尸,战舰,建筑,#蒸汽朋克,惊变100天,像素风",530287,2726,919,22620,71593,904,0,59,69399
BV1rQtFzREoN,114979982284696,1,65,2078,网络游戏,沙盒类,http://i2.hdslb.com/bfs/archive/9d0c7810b58f453e8e01a07d3637f6d3f2ef297d.jpg,戏 耍 外 挂 ！,1754455637,290,34456580,药儿哟,https://i2.hdslb.com/bfs/face/8166cecc56c88bb5d73db67e42a50f5d5581ce60.jpg,1310933,"我的世界,游戏,单机游戏,沙盒游戏,MC,minecraft,高燃,翻盘,药儿,整点电子榨菜",255617,645,503,2431,2656,134,0,0,21332
BV1GXtAzQEEZ,114982364646983,1,65,2071,网络游戏,射击游戏,http://i1.hdslb.com/bfs/archive/c558092174451fcb14cd674175582853d561700a.jpg,《远光84》全球公测正式开启！来，试试你的枪！,1754532000,132,3494362379979305,远光84,https://i2.hdslb.com/bfs/face/fdb4d361b8a5d44610caf61a770c18068381b45b.jpg,167490,"射击游戏,远光84,远光84全球公测开启",1386991,442,1064,5526,5268,566,0,0,16355
BV177huzDEtN,114963322505348,1,215,2149,美食记录,美食制作,http://i0.hdslb.com/bfs/archive/376ebe7dbfb467f81fac348b999d63bac59c1382.jpg,吃不完的大米粥做成梦龙巧克力蛋糕，糊弄小孩绰绰有余,1754215325,113,1201986019,留意炫饭吖,https://i1.hdslb.com/bfs/face/f4fa26aea4b9077bb23844ceb296e8736027b2fe.jpg,1449465,"甜品,萌娃,谷雨,Vlog,我的养娃日记",1237889,683,474,7345,959,1209,0,0,92277
BV1yPt3z4EoM,114968791882145,1,21,2039,日常,cosplay,http://i2.hdslb.com/bfs/archive/77f546867e84cf32073e68253ce0985beec43de7.jpg,不是东北不追星，而是东北全明星,1754284741,85,3546847507384674,呸呸之神屁钉版,https://i0.hdslb.com/bfs/face/d0052415de466a695797cf2c6e557acfd1696e75.jpg,16622,"孙策,沈星回,白厄,Cosplay,ooc致歉",595411,175,405,8146,964,1543,0,0,61039
BV1JthLzMEsH,114965788761818,1,193,2016,MV,原创音乐,http://i1.hdslb.com/bfs/archive/42157d95f1948305b12210ca549c932950751c3d.jpg,Tim Moyo - Unit 731,1754238970,156,3546888145995789,timmoyo,https://i0.hdslb.com/bfs/face/bec31145db8a9659d94391f32bb7e7b7cc947725.jpg,13950,"Sander,timmoyo,unit731",296625,4965,640,23814,44230,1767,0,0,94759
BV1rZtPzTELz,114983740377311,1,172,2064,手机游戏,单人RPG游戏,http://i2.hdslb.com/bfs/archive/bbe36c1e67803a9d86c857eeb4a11c1544f98116.jpg,三船光平·二阶段 VS 全近战六星，超雄老登！【明日方舟】,1754539200,873,13371339,樗柒ヽ,https://i0.hdslb.com/bfs/face/cf77b77f76a2fa844b02511df450383fd0182463.jpg,498377,"娱乐,阿米娅,整活,明日方舟创作者应援计划",187172,1114,566,939,806,180,0,0,10077
BV1prhxzuEtq,114956930390713,4,172,2064,手机游戏,单人RPG游戏,http://i1.hdslb.com/bfs/archive/4a869ab37eb8f7cc2337f8932fa62ca724e0bcbe.jpg,《绝区零》爱丽丝角色展示 | 剑与华尔兹,1754107200,533,1636034895,绝区零,https://i0.hdslb.com/bfs/face/f013e3aacdc4e3254a476648e1cec3f39b7df097.jpg,7531774,"PC,ARPG,手游,绝区零2.1,绝区零爱丽丝,迟吟的浪涌,动作游戏,角色展示,米哈游,绝区零",2780644,21425,8910,37210,59121,17146,0,11,214225
BV1QzhszDEbt,114955185553880,1,138,2040,搞笑,二次元线下,http://i1.hdslb.com/bfs/archive/33efc229cd517847ad7a62058c2594518c38d4ed.jpg,还有什么要我做的嘛？人脉这一块,1754132400,273,108331200,_张天琪,https://i0.hdslb.com/bfs/face/8ebbf4fc358baf9ded623dc113ca92cc431843de.jpg,1354200,"芝麻租赁Chinajoy,日常vlog,cj漫展,主打就一个宠粉",1663676,834,634,17343,1225,163,0,0,69083
BV1nshLzgEAT,114965755202478,1,172,2073,手机游戏,动作竞技游戏,http://i0.hdslb.com/bfs/archive/78a6a9fa2019f9527d8e42b1b80839cd298e3f75.jpg,只用氪金忍者上段#26,1754301900,868,50001728,赵小天咯,https://i2.hdslb.com/bfs/face/08b4694637b510ee9c133ec2ba0d6b38f338d0ee.jpg,634995,"决斗场,火影忍者,搞笑,泳装黑土,泳装鼬,我要上超影,夏日黑土,格斗游戏,火影忍者手游",379377,3907,641,3459,2815,143,0,0,20706
BV1sHhJzZEkq,114952215989221,1,222,2171,小宠异宠,动物综合·二创,http://i2.hdslb.com/bfs/archive/9dd5eba64aa0c2c3d3c2b016467097e9e38fd36a.jpg,1000种生物混战，河虾大军灭三大天魔，六仙域残党险些再次团灭！｜【黑暗森林3】,1754042858,742,14556547,蔡武年,https://i1.hdslb.com/bfs/face/26476ff94e664738495ef2fa219459096e5ffa20.jpg,642756,"黑暗森林,福寿螺,天魔,河虾",4763404,1925,1609,57548,41208,2389,0,27,154329
BV1sZt7zyEp1,114974932342523,1,76,2149,美食制作,美食制作,http://i1.hdslb.com/bfs/archive/4c2ad5fb5454710319d42dde8ed9e4ea51ac74a0.jpg,蒸的是泥鸭 ｜ 不好吃的话顺网线来打我,1754378588,59,1097119075,小鸭子厨房,https://i1.hdslb.com/bfs/face/ee053d18d45c34d332d73c3aa996e2a3c927af37.jpg,687087,"美食教程,厨艺,美食制作,蔡徐坤,记录我的美食日常,你干嘛,鸭,芋泥,鸡你太美",255164,161,417,5110,940,691,0,0,44638
BV1rThtzgENW,114957869914338,1,95,2104,数码,自制发明/设备,http://i2.hdslb.com/bfs/archive/23dddd87915b565a13bf99e4e08b60ee7da2d7a8.jpg,自研麻将电磁炮,1754118554,93,483290174,一个工作台_,https://i2.hdslb.com/bfs/face/5a09ee515d5b436c6d51070f86968a73a2666617.jpg,920,"DIY,麻将,发明创造",1073213,1354,1456,4303,1359,1255,0,0,57191
BV1V8h3znEpq,114964094258335,1,47,2207,同人·手书,随拍·综合,http://i0.hdslb.com/bfs/archive/41f576cba8f7fd4c24316ecd5e1e2888733cc80f.jpg,【重置】你的鬼畜区是什么颜色？,1754213153,68,3493136577857644,路过的White,https://i1.hdslb.com/bfs/face/083e6445aa78242f00e83404ee8e9897c4aae19a.jpg,6205,"鬼畜,剪辑,梗,音乐,鬼畜全明星,雅,卡点",504966,331,1200,26051,11331,3943,0,0,99469
BV1cmtEz3Eeo,114974395470006,1,172,2079,手机游戏,其他游戏,http://i2.hdslb.com/bfs/archive/84df9a262407eabaee2ffaccabf74cfd380c4362.jpg,【该细还得细】史上最长？！FGO国服夏活/泳装2025《BB出品☆名流夏日体验！~逆袭的迪拜~》一图流/90+/90++/高难攻略,1754557200,602,47780275,削人棍专用BGM,https://i1.hdslb.com/bfs/face/2ccbe4926f6d431b7c04e551a6a72d9940013553.jpg,427569,"攻略,手机游戏,FGO,希耶尔,高难,夏活,泳装,FGO国服,Fate/GrandOrder,90++",55095,319,544,1810,2589,251,0,0,4594
BV1xxtvz8E4V,114985871087702,1,172,2079,手机游戏,其他游戏,http://i0.hdslb.com/bfs/archive/8b21a4e5cff3eeb2f33492a7c215a7476b49e747.jpg,逆天！怒冲100000元！成功霸服小程序【晴空双子】！,1754548309,622,75547577,下头男小柏,https://i2.hdslb.com/bfs/face/4b481c5492f67faa3fb07f7b6e013e39723198cc.jpg,2233544,"氪金,手机游戏,小程序,爆氪,晴空双子,整点电子榨菜",29395,108,40,2330,2201,1824,0,0,2909
BV1Fnh3ztEAX,114964127948386,1,218,2167,喵星人,猫,http://i2.hdslb.com/bfs/archive/c34c4a1b6a2aa37a742c4c43c43a90be4e5952dc.jpg,有爷爷的小猫像块宝,1754214289,371,3546720564676999,曲洋的不苦小院,https://i1.hdslb.com/bfs/face/4c2bc0236bb8bd0439d4e88bfad0bfef42c4faca.jpg,82588,"爷爷,猫咪,喵星人,关爱流浪猫,流浪猫,小猫",1672517,1507,1892,38134,109080,5563,0,5,288158
BV1AEhPz1EMY,114959950350983,1,183,2006,影视剪辑,AI影视,http://i0.hdslb.com/bfs/archive/c5b658777fe253c4ab0d4cc36fa4b60aebb8296b.jpg,【配音视频】黑金之理想对撞：想得这么理想，注定有物理破坏甜梦一场。。。,1754149898,148,434414734,那个东爷,https://i1.hdslb.com/bfs/face/8a3881ddbac81eeb5b1dc09963a93d600eafa3bd.jpg,58445,"黑金,电影剪辑,影视剪辑,配音,配音视频,理想,AI配音,影视神仙剪刀手",475423,662,621,3672,5270,3898,0,0,28743
BV1Cr4Zz9E7j,114979059533865,1,21,2207,日常,随拍·综合,http://i2.hdslb.com/bfs/archive/06d7e2ba309e46befe3aa6e59fd3c56df4737384.jpg,早安！,1754441578,14,3546937055775240,Yasal_170,https://i0.hdslb.com/bfs/face/b5c4750fa3e6ee70555129f7a49b304055d321a1.jpg,1680521,,1062225,3758,5259,6397,12249,967,0,0,114603
BV1Q5hgzrE5e,114962768861934,1,21,2054,日常,二次元其他,http://i0.hdslb.com/bfs/archive/a64490a7a6156d6cd20593743471bf8be7571746.jpg,【罗小黑战记2】官博补充设定整理合集,1754192985,308,13869819,一滩喵饼,https://i0.hdslb.com/bfs/face/cf9dc51745323c6d1ffb359b51df3bc8ba12b371.jpg,960,"罗小黑战记,电影罗小黑战记2,设定,补充设定,必剪创作",121669,332,442,7339,2608,809,0,0,22161
BV1wUtnzEEUR,114975217553656,1,126,2023,人力VOCALOID,AI音乐,http://i0.hdslb.com/bfs/archive/2b51beab1ae393a2eceffc9f45e903d3bce3867c.jpg,⚡️电子盐山歌⚡️,1754382873,21,23195759,-四片叶子,https://i2.hdslb.com/bfs/face/4d7d73ca664936f9b537e2557003f08e248d2c67.jpg,22604,"AI,鬼畜,丁真,南蛮大布,芝士雪豹,哈基米山歌",244030,46,1008,11322,1496,10529,0,0,44396
BV1oRtuzyEyc,114969815420216,1,65,2071,网络游戏,射击游戏,http://i2.hdslb.com/bfs/archive/74eb5d0917d34d903028058f8e8f691ee8749792.jpg,给我7分钟让你爱上绝密航天跑刀77！,1754300530,478,3546897845324636,汉跑跑三角洲行动,https://i2.hdslb.com/bfs/face/93f7c38cd7e4ab5cfdc8e715103ea4e7888462d5.jpg,28357,"FPS,航天,三角洲行动,绝密航天,航天跑刀,教程攻略",876982,1395,883,6934,990,2021,0,0,62516
BV1kFhNz2EJq,114959430257669,1,183,2002,影视剪辑,影视剪辑,http://i0.hdslb.com/bfs/archive/c5aeecf22bdd395bf3860dc084f66a6abd143d9f.jpg,“东京社畜，隐居天狗，竹马带崽”,1754141733,215,28734721,一只芋头-taro,https://i1.hdslb.com/bfs/face/061909c2047b40e47dddd26a55fc6677fdb5cb60.jpg,145669,"治愈,竹马,兄弟情,日剧,女性向,驹木根葵汰,天狗的厨房,越山敬达,友情,盐野瑛久",545759,89,445,22723,1594,1524,0,0,32621
BV1hLhHz6ECN,114953323289266,1,30,2023,VOCALOID·UTAU,AI音乐,http://i1.hdslb.com/bfs/archive/d92395ec75a419bbab873a6a6f59979cf5fa101f.jpg,【AI三角洲全干员】《天真的橡皮》人生呐 能不能放过我这一次,1754048723,170,487301495,饿了自己会捡垃圾吃,https://i2.hdslb.com/bfs/face/d4e066e460b1d948bdb99d7d1001a8ffeb731eae.jpg,256575,"音乐,游戏,翻唱,娱乐,三角洲行动,蜂医,麦晓雯,三角洲欢乐剧场,三角洲,威龙",925079,1667,1348,45608,5686,1880,0,0,55650
BV1P6hNzJEn4,114959329533153,1,65,2071,网络游戏,射击游戏,http://i0.hdslb.com/bfs/archive/d54469d702aa75fd91617ad29d7ec936464f1008.jpg,深蓝讲堂第四弹【飞盾与兔子跳】,1754140656,216,391779795,可乐急需曼妥思,https://i0.hdslb.com/bfs/face/b82b66dab160e8c845234e55aa60338952d056d8.jpg,29399,"游戏杂谈,游戏解说,FPS,教程攻略,三角洲,盾构",760594,298,816,31507,3842,4157,0,0,63877
BV1y5hPz7EYp,114960000618033,1,172,2041,手机游戏,动漫剪辑,http://i0.hdslb.com/bfs/archive/0f4c13684bf2b3f15c4b43fd9ac4e5d8e7e6ff51.jpg,连夜把崩铁救世pv改造成了古早国漫op,1754150491,155,415461945,桑榆-w-,https://i0.hdslb.com/bfs/face/4536180267e37a9f66fa929394d4d48a0f80fc5d.webp,563,"剪辑,版本pv,崩坏：星穹铁道创作者激励计划,古早,为爱追寻,国漫,怀念,开拓者,op,黄金裔",178019,547,2352,9160,6153,3660,0,0,31899
BV1ndt3zQE3e,114970570265316,1,85,2154,小剧场,剧情演绎,http://i2.hdslb.com/bfs/archive/0ed07aa4032f2b75a5bf73316959b05a1ff9a042.jpg,悬疑西游之十殿阎罗【一】,1754312245,315,3546879646238851,真-赵某人,https://i1.hdslb.com/bfs/face/feb3cc21847c80f14a31783123f943db761bf353.jpg,83993,"剧情,反转,悬疑,原创,一人分饰多角,西游,赵某人",315130,428,363,8693,1089,121,0,0,34923
BV1zZtwzbEFZ,114980821142699,1,138,2156,搞笑,UP主小综艺,http://i1.hdslb.com/bfs/archive/d6f1672ecc33c828d7cec0be5b3e8150b71fd7e6.jpg,好像上当了,1754472297,211,226231535,智勇双全富贵君,https://i2.hdslb.com/bfs/face/f63d4962dd2dcf4d2cc9cae63cd01a2049f32dab.jpg,2213349,"美团请你喝秋天的第⼀杯奶茶,美团秋奶免单攻略,秋奶明星配送日记",1065489,2180,870,9883,2377,733,0,0,49220
BV1xV4RzjE8o,114977314706918,1,172,2070,手机游戏,MOBA游戏,http://i1.hdslb.com/bfs/archive/8c5aac00122513d1cbfb50e937b41d8d18f5af99.jpg,我的李信也是好起来了，KD平均下来能一局杀0.9个,1754442000,233,268941858,磊哥游戏,https://i0.hdslb.com/bfs/face/538b9090c0862782df0662b2176e726eda1c9980.jpg,2472780,"王者荣耀,王者荣耀夏日农友节",726789,1444,2589,3208,3820,1386,0,0,51798
BV1g5hhzAEbi,114958171904160,1,138,2152,搞笑,美食记录,http://i0.hdslb.com/bfs/archive/3bcd59512796fe015acca660d3aad7e7fecd836f.jpg,挑战花10块钱吃一天减脂餐,1754128959,115,1051357359,只因宝宝儿,https://i0.hdslb.com/bfs/face/388e768e96f9cda453defe6955c5f2f89344339e.jpg,835926,"拼好饭你变了,补贴是一时的拼好饭是一直的,点拼好饭只有0次和无数次,重要的事情值得拼一下,拼好饭6.9元盲盒,挑战吧！20元拼好饭吃一天,拼好饭6块9盲盒抽孙颖莎周边,减肥餐,美食记录,美团拼好饭",7625920,3044,1361,21849,4541,2470,0,30,292239
BV1w1tnznEMw,114975318215905,1,193,2017,MV,MV,http://i1.hdslb.com/bfs/archive/d314c19f1e9e8fd7e54230830314451c71a3cd91.jpg,陶喆 feat. A-Lin | 夢幻對唱K歌 〈Lonely is the Night〉 MV,1754447400,282,352091301,陶喆的音乐产房,https://i0.hdslb.com/bfs/face/fec18f33ce104cf4bed445322360cb3019053bf4.jpg,962289,"陶喆,DT,专辑,流行音乐,MV,华语MV,LonelyistheNight,Alin,陶喆新专辑StupidPopSongs,StupidPopSongs",148163,578,971,2517,4966,2290,0,0,10253
BV1jChHzHEWP,114953088403673,1,213,2151,美食测评,美食测评,http://i1.hdslb.com/bfs/archive/d351a43b94b8ff82ac2d8e1818221854a40c92f5.jpg,700元一斤“顶奢级和牛卷”做泡面小料！太有生活了！,1754124600,976,478691043,穿毛裤的小拉泽,https://i0.hdslb.com/bfs/face/023c69a89a95db1b7991a024c0806d2ed7e58021.jpg,3564783,"美食,吃播,下饭,泡面,同诗s3剃须刀,泡面伴侣,速食,泡面搭档,火鸡面,十万个为什么-食物特辑",5957212,4253,1332,42505,9787,837,0,29,99384
BV1sktuzXE1L,114969681073044,1,220,2168,动物二创,狗,http://i2.hdslb.com/bfs/archive/da38b818d6d2734b6394f44dbbf99110f1957983.jpg,狗仗人势让你展示的淋漓尽致,1754298551,32,1870883193,猫后生,https://i0.hdslb.com/bfs/face/2314ea25bbc2252b8e1e342893725d19fdc3bbff.jpg,1155419,"汪星人,搞笑,动物总动员",647668,73,277,997,806,543,0,0,29205
BV1vpt3z5ELL,114970738035638,1,172,2064,手机游戏,单人RPG游戏,http://i1.hdslb.com/bfs/archive/da72c19ddbed19de9272bd476d5f73811bac3572.jpg,居合吗？是相同的招式呢.......,1754314493,88,91647207,w咸瑜,https://i0.hdslb.com/bfs/face/77f53e6552ae0d8b86d12d9dd1ead5bc0e43773b.jpg,486154,"剪辑,太刀,我们武者帅呆了喵,黑角,武者,整活,泰拉探索协会,明日方舟创作者应援计划",862533,415,1455,4108,1142,1763,0,0,63342
BV1Egtnz5EzD,114975972527294,1,164,2152,健身,美食记录,http://i0.hdslb.com/bfs/archive/9c0aba305e19f6bbe84e2809f6f2f1baf63ef5e4.jpg,大胃袋良子的16袋泡面也不过如此，也该退去族长之位了！味真足从不假吃只会偷吃这一块！不吃怎么减肥,1754394531,217,375108439,健体安迪张,https://i1.hdslb.com/bfs/face/ca11730e9ee291f15901562e79157999996e58b4.jpg,14640,"减肥,试吃,泡面,方便面,族长,记录我的美食日常,大胃袋,味真足,Vlog,良子",326495,754,1311,875,1346,975,0,0,12784
BV1zFhWzbEQ6,114954061481416,1,21,2207,日常,随拍·综合,http://i2.hdslb.com/bfs/archive/5dad3937fcd10f90127e537ab7c31741bc534196.jpg,十年来第一次出车祸，感谢好心的大姐和四位大哥危难时刻下车来解救，也感谢老祖宗保佑我俩毫发无损,1754060077,127,392971337,美食小胖带你浪,https://i2.hdslb.com/bfs/face/ee09686c01cde7fe5f58bd20efb47f8174b5b568.jpg,155219,小视频,1036184,925,1724,2246,1317,347,0,0,61359
BV1KntGzvEBi,114970301829110,1,138,2207,搞笑,随拍·综合,http://i1.hdslb.com/bfs/archive/8e4bb6edcea34f08e7d5bb2db4065a7788b7fb79.jpg,隔壁班嘉豪 这期是我定制的,1754307862,123,219898427,赛博人物志,https://i2.hdslb.com/bfs/face/8f472f6026604ac417af398f3a3ae50386248b95.jpg,84988,"梗,隔壁班嘉豪,盘点系列,嘉豪",2878810,1734,3359,26439,1853,9154,0,13,235955
BV1d1hJzGEz3,114951964463844,1,184,2041,预告·资讯,动漫剪辑,http://i1.hdslb.com/bfs/archive/e2071d654f6866584cb540b5566fd3d7feab60b7.jpg,四小妖想象中的大圣！,1754028037,63,479665856,电影浪浪山小妖怪,https://i2.hdslb.com/bfs/face/c60f00b237d3227749bf460442642e04f622e497.jpg,32838,"国风,电影,喜剧,动画电影,小妖怪的夏天,浪浪山,电影浪浪山小妖怪,西游,暑期档,中国奇谭",697259,211,900,4131,1138,1061,0,0,43162
BV1LY4RzYE2p,114977029495007,1,65,2071,网络游戏,射击游戏,http://i0.hdslb.com/bfs/archive/a08b24f53e9d2c943cf9d5abdfb939aeb0e644b3.jpg,史上噱头最足的活动来了！藏宝月活动解析！「三角洲S5赛季」,1754410650,245,11332884,Key725,https://i0.hdslb.com/bfs/face/3277f6baa9848d46fd48adecaed65301209d1dba.jpg,716986,"FPS,老Key,三角洲行动,KK日报,三角洲S5新赛季3x3速通攻略,三角洲,活动,新赛季,藏宝,三角洲破壁新赛季上线",558442,803,1697,7574,953,4499,0,0,19168
BV1vgtqzEEWC,114986877721859,1,212,2150,美食侦探,美食探店,http://i1.hdslb.com/bfs/archive/ea50e3a333058e1d8695dbb2479b983b28b6fa04.jpg,武汉美食特种兵！和闺蜜打卡卤鸭货、生烫牛肉粉、酥饺，香到舔手指～,1754560914,1158,649019192,方芳的快乐生活,https://i2.hdslb.com/bfs/face/6403112ef1655c35eebc639706114d184edb3472.jpg,1824025,"旅行,街头美食,美食,特种兵,下午茶,武汉,武汉美食,生烫牛肉粉,一饭封神申请出战",139631,1490,466,1480,6028,240,0,0,12585
BV1zGtuzVEtE,114968137570923,1,76,2149,美食制作,美食制作,http://i0.hdslb.com/bfs/archive/0b9d47b2eb6c603554a75692b01b46113f404ead.jpg,【相信我！这不是黑暗料理！】,1754274994,104,417298480,村驴,https://i1.hdslb.com/bfs/face/c015fec3b6a2012bcbd3143c7f752bd7caf2c8d3.jpg,2441911,"厨艺,家常菜,美食制作,美食教程,黄瓜拌油条,凉拌菜",407831,231,894,10247,764,2862,0,0,21804
BV1K9hLznEFH,114967651028726,1,164,2125,健身,徒步,http://i2.hdslb.com/bfs/archive/9b5259923cc98ba5b1a53e58a7e9fd05a7499497.jpg,他，徒步绕了地球一圈，花了27年,1754267435,101,390668605,刘圣雄,https://i1.hdslb.com/bfs/face/1e25c746acb1781f9d22f07ceac70184d51c148f.jpg,86399,"地球,徒步,户外",1771838,1030,1903,14397,1019,1776,0,95,133753
BV1jgtEziEkH,114975066557548,1,228,2088,人文历史,社会观察,http://i0.hdslb.com/bfs/archive/1fba832fd59e71338ed4da4a5ad33da53ec1b1cd.jpg,日本青年，沦为暴徒，沉迷无差别杀人，还有未来吗？,1754380588,806,307367742,魏武挥鞭否,https://i0.hdslb.com/bfs/face/43816464594e41c2d0ce9ac43f89d94e9bc1fe8f.jpg,435980,"日本,人物,社会,历史,经济,青年,日本治安",639696,4465,3837,5370,1147,2227,0,0,27027
BV1KXhVzVE5K,114964614355257,1,198,2006,街舞,AI影视,http://i1.hdslb.com/bfs/archive/23bdf9d815c5748d48777fe4388a91005e092cae.jpg,我在深圳看到了机器人，路人大叫…,1754221353,55,386120474,Barbin-ili芭比,https://i2.hdslb.com/bfs/face/c1bb2ca8bbbf4042dcdf85ea9780d6222b212308.jpg,726675,"人工智能,黑科技,机器人,深圳",673405,223,736,2372,571,542,0,0,42291
BV1oJhEzgETL,114951024811834,1,216,2063,鬼畜剧场,鬼畜综合,http://i1.hdslb.com/bfs/archive/31747ae2f9875774fdf8f62646ea6c40b9667897.jpg,旺仔小乔，该罚！,1754013677,86,388318096,快乐阿托,https://i1.hdslb.com/bfs/face/be6aed4932c96f839f8066013b056ffb2e9eb21f.jpg,152399,"搞笑,鬼畜,旺仔小乔,听不清楚该罚,你给我刷过几个子儿,该罚,黄绿合战10th-绿队应援",731187,1204,728,9567,2432,1751,0,0,35336
BV1x9hPzDERY,114959765740629,1,193,2020,MV,翻唱,http://i1.hdslb.com/bfs/archive/a6c9de39fa83eb6a4881bdff4f338e88e16b5edf.jpg,Nina《one spot》日本版番外（city pop） cover沈佳润,1754146934,169,3546810842876797,TH彼岸花,https://i1.hdslb.com/bfs/face/ef00ce22800adf5ebd6da0e14802c9205c2913ff.jpg,11516,"音乐分享官,COVER,日本,美美桑内,Onespot,Nina,citypop,沈佳润",242325,348,756,8205,5491,1683,0,0,23500
BV1e5hxzoEZf,114955001004542,1,21,2207,日常,随拍·综合,http://i2.hdslb.com/bfs/archive/3a8b8ef716cf5ed0a306dcb7dc37be35816a54eb.jpg,【MrBeast 首发】让200万人第一次喝上干净的水！,1754107200,589,1027737427,MrBeast官方账号,https://i1.hdslb.com/bfs/face/d85295bc576e059c1a549d89d405f22311571898.jpg,5478342,"公益,英文,生活,歪果仁,慈善,挑战,野兽先生,MrBeast,整活,整活儿还得看歪果仁",4770402,84177,7415,111971,247873,5089,0,1,618929
BV1dGh5zbE64,114966543736371,1,17,2071,单机游戏,射击游戏,http://i2.hdslb.com/bfs/archive/05d600b2cc205f97a6352fda2d4b7d13e7229d3b.jpg,《三角洲行动》老外玩国服烽火地带！😆,1754272800,306,3546877907700276,慕德Mude,https://i0.hdslb.com/bfs/face/90c74badf670d5f852bd7d38b7dcf4d22acd8b24.jpg,72645,"FPS,直播,红色,射击游戏,战争,老外,三角洲行动,善战行动,国服,出红",112355,325,319,1928,982,62,0,0,12054
BV1L6hJz1EUr,114952283098945,1,172,2064,手机游戏,单人RPG游戏,http://i1.hdslb.com/bfs/archive/6810d85608746f3ab75e6d692dcbe75fa07dabe1.jpg,《蔚蓝档案》特别PV【清辉遍洒，她的独奏曲】,1754190000,110,3493265644980448,蔚蓝档案,https://i1.hdslb.com/bfs/face/f2635e09fe667d4ad29229c6ed0b5f4bdea09bd1.jpg,2878362,"蔚蓝档案,蔚蓝档案二周年,日奈",971719,22978,2723,26563,24860,6709,0,0,69089
BV1WNhEzDEby,114950840325548,1,162,2055,绘画,二次元绘画,http://i2.hdslb.com/bfs/archive/4a7c64e233dbc773b92eb601ed3f80ca32f2f748.jpg,画中画 | “我听说...”,1754010828,83,613700695,一帧画中画,https://i1.hdslb.com/bfs/face/a2bf2ff75bd5bbc058ee69f6757e31532a30ca4a.jpg,21095,"画师激励计划,谣言,眼睛,反网暴,网暴,拒绝传谣",1429197,716,2035,50700,53908,3352,0,46,252439
BV17FhHzQECZ,114953289861963,1,17,2072,单机游戏,体育竞速游戏,http://i0.hdslb.com/bfs/archive/6d1da7db0cefef923229307cea72b50c80383559.jpg,洛山矶胡人 VS 荆州俑士,1754048239,936,27442706,南瓜面条Na,https://i2.hdslb.com/bfs/face/f3d1cc9a07b846fb9f52bd8daaac6dbc25b45a45.jpg,69311,"娱乐,体育,NBA2K,秦始皇,PK,NBA,比赛,篮球游戏,推荐宝藏游戏",732637,2409,1389,13649,2485,27825,0,0,69416
BV1o7h8z3ECF,114958591395187,1,184,2001,预告·资讯,影视解读,http://i1.hdslb.com/bfs/archive/cacb4a25f72af521542b812f3152fc43fed290f2.jpg,团长原型！抗战短片《松山之殇》讲述了什么？,1754129081,105,217841218,火叁轮映画,https://i1.hdslb.com/bfs/face/61f480a3ff991942fa08440136c9b7f291b7bcf7.jpg,4869,"历史,人物,二战,松山之殇,战地5,我的团长,中国远征军,松山战役",182397,131,479,3918,8913,241,0,0,54954
BV1nEh3zZEVp,114964144592067,1,215,2152,美食记录,美食记录,http://i0.hdslb.com/bfs/archive/b0411d6e160c72fe873ad09e8712aad50d4561e2.jpg,过度的分享只会招人厌烦，但那又怎样，我连这条也要分享,1754213965,79,1873791750,凉湉子的日常,https://i0.hdslb.com/bfs/face/90122b840fc723dc7a39906cbf9acee6e5e2c78c.jpg,2241332,凉湉子今天吃什么,837539,297,215,10578,678,305,0,0,45630
BV1RytgzgEiV,114969278420340,1,251,2083,三农,综合资讯,http://i0.hdslb.com/bfs/archive/3b9b9ebaa7e1fe0f72e9a621209a6693d4b98748.jpg,鱼没钓到多少，家被偷了！,1754292412,534,67141499,大漠叔叔,https://i2.hdslb.com/bfs/face/a33efe2cc12b4f27e586a835ffc9d18483eab525.jpg,6169043,"搞笑,钓鱼,漠叔,西沙,三沙,海钓,户外钓鱼图鉴",727242,3246,1620,3531,15559,1273,0,0,62102
BV1Sc4RzsEQj,114977180552271,1,21,2158,日常,旅游记录,http://i0.hdslb.com/bfs/archive/97f3c9d31c51599d0d22dd6c61fa3cd0bc2b9fc3.jpg,Dory｜去凉山火把节看了一场彝族时装秀！烟火下和陌生人跳达体舞｜吃美味的烤小猪肉、酸菜肉丝粉｜在凌晨的成都吃豌杂面！,1754413184,2222,13658829,爱喝的Dory,https://i0.hdslb.com/bfs/face/0d6cb1494f0a2c171fd5fd7c24159c8f3bfe3f2d.jpg,325808,"成都,生活记录,时装秀,美食,旅游,布拖火把节,火把节,凉山,彝族,B站超高清视频计划",72087,936,634,1818,7525,615,0,0,7445
BV1JehJzSEra,114952350211088,1,176,2077,汽车生活,休闲/小游戏,http://i2.hdslb.com/bfs/archive/82d1bd70309cf1c4b98da0ecd0d7f1f3c7d6bef1.jpg,我太奶团最擅长的就是搬箱子和垫箱子了,1754034507,258,3546767706556480,蛋仔派对太奶团团,https://i1.hdslb.com/bfs/face/e9377e8c8e1da91b0e8e071c1e86b2bddd834e88.jpg,75791,"必剪创作,蛋仔派对宝藏乐园地图",3982085,85,69,108972,11973,13,0,45,107888
BV1YFhLz4EGQ,114966023642241,1,65,2071,网络游戏,射击游戏,http://i1.hdslb.com/bfs/archive/9f188604e3b8c701429a63d8900b125d86780227.jpg,怎样在游戏里分辨中国巷战战术和外国巷战战术？,1754276400,255,454228982,贤良淑德列克星敦太太,https://i2.hdslb.com/bfs/face/d05fe51aa9fad1ac8e92d4a6c0d3b5d5f827b397.jpg,1221516,"网络游戏,射击游戏,中国,游戏,老外,暗区突围端游,暗区突围无限,暗区端游联动2077",873890,790,353,5677,530,431,0,0,50548
BV1HetGzdEUR,114969949573972,1,124,2186,社科·法律·心理,恋爱关系,http://i1.hdslb.com/bfs/archive/cec992ca858cc08b1e4ae61a9d1dc7d7e8160c5a.jpg,男女确实有别 但正是这些区别才是双方互相吸引的可爱之处 愿我们相互陪伴 共同生活在这个星球上,1754302561,146,660572973,张金条,https://i0.hdslb.com/bfs/face/bf207126890fd9d855ea2c6bf48709f494743ac1.jpg,645438,"区别,男女,爱情那些难题",219454,291,538,1404,579,600,0,0,17287
BV1NEhbzQEnV,114957014272994,1,210,2037,模玩·周边,同人动画,http://i2.hdslb.com/bfs/archive/8fa34aaabc6d3330e0d9fd14e59eeca13b58effe.jpg,独家【功夫定格动画】耗时两年半 爆肝十三万张图片 全明星手办重制经典 致敬星爷！,1754105182,5343,303958346,猛男周贼帅,https://i2.hdslb.com/bfs/face/8cab73e07d2bda7194f6818727bcb261187b35a2.jpg,36769,"功夫,格斗,定格动画,动画短片群星计划",1777042,14176,6150,100519,263730,19938,0,7,271332
BV1DBtwzGEiY,114980972139257,1,28,2009,原创音乐,娱乐评论,http://i0.hdslb.com/bfs/archive/bc0099bbe7da5a3931762227beb925017415c0ef.jpg,真有人替旺仔小乔说话？我为什么改名？信息量最大的一集！,1754470718,850,3493080172857897,正义小蜘蛛,https://i0.hdslb.com/bfs/face/1a6a60d961e5dc0c067fcf26821cbe670ceb1c5f.jpg,163804,"逆天,搞笑,吐槽,旺仔小乔,网红,锐评,娱乐吃瓜大会",402080,2667,1608,8524,6931,246,0,0,25360
BV1G9hHzyEkY,114952702531945,1,212,2008,美食侦探,影视综合,http://i2.hdslb.com/bfs/archive/2d01b8113faecfd9ecaae195df89c0bd44691abb.jpg,推荐大家都来看这部电影，我们要铭记历史，吾辈当自强！,1754039224,161,3493260093819171,李维刚的日常,https://i0.hdslb.com/bfs/face/4917c09bdfd5e72f08a04d2c752de48a848a1318.jpg,3595918,"李维刚,南京照相馆,铭记历史",1327089,2562,2684,10721,56448,1164,0,31,241958
BV1qvtJzMEG9,114976022855975,1,65,2071,网络游戏,射击游戏,http://i1.hdslb.com/bfs/archive/aa29fdd36eaecde35e1c110adf38632b6f61a2c8.jpg,从“新”出发！皮特B站首播，见证不一样的征程,1754394974,159,13470007,皮特174,https://i1.hdslb.com/bfs/face/aa27f02fff29bdc92905483600972d6c507d7cf4.jpg,629558,"FPS,射击游戏,电子竞技,APEX英雄,皮特,竞技游戏,吃鸡,猎杀,steam游戏",856983,1604,9817,6084,32432,12054,0,0,49944
BV149t7z7EvE,114975049782893,1,21,2073,日常,动作竞技游戏,http://i2.hdslb.com/bfs/archive/536c88262810a5080db31dfd133e4aa8251a704d.jpg,只看画面，你能分辨出游戏和现实吗？,1754388300,311,85649095,张子zi,https://i1.hdslb.com/bfs/face/691ab8f874eb315abc6930d10255d62d834ebb0c.jpg,493077,"CJ,游戏,ChinaJoy,体验,XR眼镜,芯片,骁龙,逛展,gaming,整点电子榨菜",1393283,7674,242,4952,1314,582,0,0,19729
BV19AtgzuEU4,114969731532403,1,126,2063,人力VOCALOID,鬼畜综合,http://i1.hdslb.com/bfs/archive/ebf070e832e4a758b0316d22275ccb2cc1fca525.jpg,全认识的可以把自己加进去了,1754299187,88,19071708,潮汕好男人,https://i0.hdslb.com/bfs/face/2a4c1b3c2d8f48a58c5f818287c90a6ea78d7907.jpg,2194099,"鬼畜,洗脑,全明星,美美桑内,One Spot,NINA,蜜汁好听,沈佳润,黄绿合战10th-绿队应援",255884,5131,582,7690,4172,1059,0,0,34032
BV1bnhHzTEWr,114953004521629,1,138,2201,搞笑,潮玩玩具,http://i2.hdslb.com/bfs/archive/19bc98d855e75f9748e2de82e1e4edf987c3b145.jpg,开箱！不藏了，都是工作需要！,1754043982,164,2079933284,河马君,http://i2.hdslb.com/bfs/face/8f286dd065e0efef92b5c4602139bacfb47cd508.jpg,2509046,"开箱,玩具,可爱,搞笑小剧场,盲盒",2108081,727,447,15474,1735,926,0,0,115498
BV1S84dzWEKo,114976408736544,1,31,2071,翻唱,射击游戏,http://i0.hdslb.com/bfs/archive/7dec6ed4bb1a0ac9c3e4d04edbcc1b306cb54983.jpg,谁把乌鲁鲁的小饮料拿走了？,1754401181,79,499228874,特丽丝总是睡不着,https://i2.hdslb.com/bfs/face/9705e2bc0c54b083acf732e4a872bcd1c34fb9b5.jpg,51650,"三角洲行动,麦晓雯,三角洲行动欢乐剧场,三角洲公寓,疾风,威龙,乌鲁鲁",394339,183,178,19617,673,144,0,0,32653
BV1aShJzzEnu,114951846954214,1,22,2207,鬼畜调教,随拍·综合,http://i1.hdslb.com/bfs/archive/3b962a18f52a065607d309ce251b8f2726a557e0.jpg,哈 基 吉,1754026291,21,1502400928,论爪弹这块,https://i1.hdslb.com/bfs/face/f9610ae08778f5724f7aedaf22abc15100f95d05.jpg,9269,"JOJO的奇妙冒险,吉良吉影,生草,自我介绍,不灭钻石,名场面,胖重",942083,26929,6563,53182,9766,56099,0,0,159268
BV1Ue4ZzbEmy,114979411858168,1,65,2071,网络游戏,射击游戏,http://i1.hdslb.com/bfs/archive/bbad9827e961367d43b6bbeeed561802ac42133a.jpg,这里也能卡车🤣？！,1754447000,295,103701980,鸭皮_,https://i2.hdslb.com/bfs/face/e8eb42c9c79347f2f27cbffa4acf4ab7e92b6fa4.jpg,369642,"源氏,搞笑,FPS,守望先锋,overwatch,ow2,守望先锋英雄召集,OW,守望先锋2",201145,369,336,827,952,1236,0,0,8753
BV15mtgzuEck,114969177821816,1,138,2154,搞笑,剧情演绎,http://i2.hdslb.com/bfs/archive/efee92db6e52659bdd21ef197e51fa7730bec3b2.jpg,男孩子乐于助人的时候千万要注意安全,1754298000,50,3546697410021598,-阿迪啊阿迪-,https://i1.hdslb.com/bfs/face/04937d9bc6c21dc5bd43107ac46cfac6f34c219f.jpg,480520,搞笑,1256474,478,973,3780,545,2621,0,0,78125
BV1Fu4Zz2EXA,114977532810354,1,171,2071,电子竞技,射击游戏,http://i0.hdslb.com/bfs/archive/3c32f5d2f581d42a1e442123b47ff5e310ea5ff6.jpg,CS2首个一枪五杀,1754418086,81,203680252,AYCS2,https://i1.hdslb.com/bfs/face/00981afbe0562c34f53b8279670a3e0ebd1f21c8.jpg,1101891,"逆天,一枪五杀,cs2名场面,大狙一枪五杀,大狙,名场面,五杀,挂,cs2,CS2暑期征稿狂欢",720957,334,1797,10200,4901,12742,0,0,50826
BV1jShAzvEtB,114940941766376,1,250,2158,出行,旅游记录,http://i0.hdslb.com/bfs/archive/c4f5d1021347c795864ef9fac63007a3dc438e56.jpg,英国博主：亚洲最大的高铁站 这也太震撼了吧,1754284800,744,1249671114,Mr有意思,https://i0.hdslb.com/bfs/face/8e73e9397a6acfc8b6c29f0d93ca388a06951851.jpg,1050093,"生活记录,正能量,重庆东站,跟着UP主看世界,中国旅游,老外在中国,老外看中国,重庆旅游,中国基建,亚洲最大高铁站",1172990,4903,3546,14016,20599,1862,0,0,61104
BV1yz4dz7ExV,114978254231504,1,216,2044,鬼畜剧场,动画配音,http://i1.hdslb.com/bfs/archive/3b718ad8a86162be915ca86af1300812c4d85b12.jpg,光头强戒明日方舟,1754438400,520,411094695,猫柳KEE,https://i0.hdslb.com/bfs/face/8dc61ad599445bf5d36fc45e993626e504838a17.jpg,35612,"光头强,娱乐,游戏,明日方舟,熊出没,搞笑配音,明日方舟创作者应援计划",219880,790,781,3157,878,8044,0,0,21778
BV144tNz7EeK,114983488720779,1,172,2064,手机游戏,单人RPG游戏,http://i1.hdslb.com/bfs/archive/37469aaf788fe7f5232670910a1076ae2820dde8.jpg,当我尝试拍出伊涅芙的美……,1754537400,156,384667818,小星想叭叭,https://i0.hdslb.com/bfs/face/84437d711796c8900078c6ab86600989ebf21ed6.jpg,569926,"二次元,原神二创,原神5.8,伊涅芙,原神伊涅芙,原神",78039,161,136,1811,924,274,0,0,12238
BV1fFhHzDEY9,114953289798683,1,241,2009,娱乐杂谈,娱乐评论,http://i0.hdslb.com/bfs/archive/1071e30e4074ab0c7c70b015e68d10d28c61ad4b.jpg,回看《我是歌手2》，22岁的邓紫棋还是太强了！,1754193600,2018,3546571700439767,T酱哟,https://i2.hdslb.com/bfs/face/ab13840f0baaa9116c8735e49c2215402e0d21c3.jpg,22134,"我是歌手,综艺,邓紫棋,现场,歌手,泡沫,舞台,音乐综艺,娱乐考古放大镜",580703,1969,952,4153,4539,800,0,0,10670
BV1F78UzcE3k,114948608886180,1,85,2005,小剧场,短剧短片,http://i0.hdslb.com/bfs/archive/bcabb4168acd0c9f9598bde0e7e2d793046237b0.jpg,“猫鼠游戏”,1753976954,306,86973647,记住周淮,https://i2.hdslb.com/bfs/face/eced9fbed8ac4bb80227c2ee61aef26b78ef92e2.jpg,822337,"B站小剧场,剧情向,原创",2047406,6070,1072,21907,1127,1381,0,0,43924
BV1Y5tAzmEPF,114982448535235,2,229,2079,设计·创意,其他游戏,http://i1.hdslb.com/bfs/archive/f5d1d4305072a86ec3bf431c18048f304f1db64a.jpg,《银与绯》眷属「终焉的 苍凛」PV丨终抵长夜尽头,1754535600,192,1038073593,银与绯,https://i0.hdslb.com/bfs/face/46980a7113f837272844b07a4808444822b30264.jpg,236839,"二次元,银与绯,卡牌RPG,暗黑哥特,夜族",517508,142,417,4568,562,115,0,0,34109
BV1qThWzREtB,114954044907056,1,229,2091,设计·创意,设计艺术,http://i1.hdslb.com/bfs/archive/f0a9ff89a5962239a28ef3ba0361b27e50b9edde.jpg,我给花朵加了个开关！,1754059601,16,14615865,是玉木呀,https://i0.hdslb.com/bfs/face/b375c5e72b34b598537c8c5a9d73a48ba361e2b7.jpg,130624,"插画,动画,花卉,创意,互动,字体设计,万物研究所",1500513,373,1264,26299,3061,2833,0,0,136983
BV1GKtgzMENZ,114969362500721,1,171,2070,电子竞技,MOBA游戏,http://i2.hdslb.com/bfs/archive/3812651dbfa02eb089c58c32d3989da89fcb0b34.jpg,屯了一年的顶级国宴，只为治好你的厌食症...😋,1754301900,168,88160614,困困君丶,https://i1.hdslb.com/bfs/face/0451880ede12cab7af87e774cad52536934b6bee.jpg,563125,"英雄联盟,电子竞技,搞笑,下饭,娱乐,第一视角,下饭操作,MOBA,沙雕,英雄联盟电竞世界杯",896582,453,190,1237,3581,488,0,0,36065
BV1LztgzyEyR,114969060379388,1,182,2001,影视杂谈,影视解读,http://i0.hdslb.com/bfs/archive/81263eeeda379d8d2e3fa2355a02903bb3107bf7.jpg,他越活越年轻，却注定与爱人错过一生,1754301600,183,11099044,花町公馆,https://i1.hdslb.com/bfs/face/5a18d382f3f2efeaf072eff7c801ad79be76dc94.jpg,907629,"电影解说,电影,爱情,每天安利一部好片",3803660,506,833,52662,7948,1451,0,8,154693
BV1xyt3zFEbQ,114970436048005,1,215,2151,美食记录,美食测评,http://i0.hdslb.com/bfs/archive/e970a4cc828e15efb3c549b1ca0b19afeb10d9a1.jpg,早餐实力排名,1754310396,520,3493292727601296,王小洋-已黑化,https://i0.hdslb.com/bfs/face/e33567ee9db0bad3c746a42ab7354680b75b0a06.jpg,310084,"早餐,吃喝玩乐先上闲鱼,手抓饼,排名,MVP,油条,烤冷面",733845,15015,6342,7315,1772,1519,0,0,55468
BV1YxtnzPEtx,114975469279484,1,17,2064,单机游戏,单人RPG游戏,http://i0.hdslb.com/bfs/archive/c52ca5c76c7f8bf61b04c7227dc697ee5abcae61.jpg,兄弟们嘉维尔怎么样？兄弟们嘉维尔怎么样？兄弟们嘉维尔怎么样？兄弟们嘉维尔怎么样？兄弟们嘉维尔怎么样？,1754386719,135,626916563,逆光朝阳,https://i2.hdslb.com/bfs/face/de4bf95160751013cd7cbab3550cedc40e1a8ee0.jpg,6348,"策略游戏,二次元,抽卡,明日方舟,小登,朝阳逆光,斩业星熊,夏活,墟,明日方舟创作者应援计划",152962,322,912,602,5500,94,0,0,14144
BV1yzhjzUEd6,114967080606076,1,27,2044,综合,动画配音,http://i1.hdslb.com/bfs/archive/140fac4ae124f08d39e24060885e994958965146.jpg,压！！！力！！！！！,1754265900,94,3493118460561869,江肥肠,https://i2.hdslb.com/bfs/face/5ad1e69ce0cfea9665b6f2b682fa989e213fa621.jpg,2135504,"配音,爆笑虫子",2684366,840,702,63956,3656,2974,0,62,97908
BV1xh8JzZEr2,114930254614362,1,250,2150,出行,美食探店,http://i0.hdslb.com/bfs/archive/4b2a1397cb13a041d133b11f09b984658c376e6c.jpg,挑战一口气吃14种非洲街头小吃，30块钱吃到撑，非洲赶集太好玩,1754215200,817,528461028,小钟Johnny,https://i0.hdslb.com/bfs/face/8b5dcb61618876d873d9ea0320e52d86616cca6a.jpg,2688940,跟着UP主看世界,1417635,4648,1358,4501,9925,1402,0,0,42599
BV11ytwzMEeX,114980636593430,1,172,2016,手机游戏,原创音乐,http://i1.hdslb.com/bfs/archive/085ea596997bc0991f192e534a39031907715b27.jpg,《蔚蓝档案》二周年主题曲MV【有时候的时候】,1754539200,176,3493265644980448,蔚蓝档案,https://i1.hdslb.com/bfs/face/f2635e09fe667d4ad29229c6ed0b5f4bdea09bd1.jpg,2878363,"主题曲,MV,蔚蓝档案,蔚蓝档案二周年,有时候的时候",206057,5644,4368,17786,15032,5901,0,0,34437
BV1mBtFzeERj,114980200388633,1,21,2158,日常,旅游记录,http://i0.hdslb.com/bfs/archive/16f18f7ad4445fb8df2328dbd2f669c88d40d53b.jpg,游牧民族生存法则,1754458837,426,487505057,池早是我,https://i2.hdslb.com/bfs/face/6653cb610dd36bb27b80f9c4fdd634172b74ebdc.jpg,829357,"人生,旅游,新疆,情感,原创,正能量,生活记录,少数民族,记录,游牧民族",214747,162,291,3023,6053,581,0,0,25429
BV1dj4dzAEVZ,114976291297185,1,172,2071,手机游戏,射击游戏,http://i1.hdslb.com/bfs/archive/6e240c30e8d0889bb8760737cf69e56c43c4efa4.jpg,这人阴成啥了？！,1754399170,42,3494376831454066,Steven欧皇,https://i1.hdslb.com/bfs/face/c850d0dffcd7927a2b5595e9978e4700b36af709.jpg,26025,"巴克什,三角洲行动,一个赞买一个量子存储,鼠鼠,曼波,三角洲破壁新赛季上线",181797,3484,329,1502,8447,21,0,0,18865
BV13z4RzbEvf,114976962383362,1,17,2077,单机游戏,休闲/小游戏,http://i1.hdslb.com/bfs/archive/00cc1e097526bd1866cfd7d2183f8e4dfdd0d2ce.jpg,杂交重制版：三分天下,1754449200,272,97213827,潜艇伟伟迷,https://i0.hdslb.com/bfs/face/a2370da541bc5f6769cfcea0fcef907bebb26311.jpg,4936408,"PVZ,植物大战僵尸,植物大战僵尸杂交版,杂交版,自制游戏,杂交植物",405791,371,986,1338,754,174,0,0,28977
BV1D84ZzwEU2,114979462189196,1,252,2040,仿妆cos,二次元线下,http://i2.hdslb.com/bfs/archive/0f18cb5c460a3233f1df11c93d2453ac7e8531d6.jpg,就拿这个考验干部？,1754448900,150,305956876,腥味猫罐,https://i1.hdslb.com/bfs/face/7553481382a5a338e2f6a6e153a22505e0face03.jpg,1923598,"二次元,ChinaJoy,cos,腥味猫罐,TCL屏宇宙,TCL,外设,China Joy有哪些想要分享的？",728734,222,512,7727,4353,513,0,0,39312
BV1e4t3zrEDp,114970687705743,1,47,2037,同人·手书,同人动画,http://i1.hdslb.com/bfs/archive/9cd123ef1c3d5a8b1efb665f77ac658c9263df19.jpg,隧夜轮回（怨灵酒店）25-30集抢先看 动画 悬疑 微恐怖,1754471100,1823,501642082,萧一白呀,https://i1.hdslb.com/bfs/face/753545c422513fb3bac9cbd9b4f855b3e7656f82.jpg,1145736,"悬疑,原创动画,原创,动画,一口气看完",188632,1079,745,1052,2285,109,0,0,4377
BV1vJhTzrENg,114960319450783,1,183,2207,影视剪辑,随拍·综合,http://i0.hdslb.com/bfs/archive/94e34cca2bd8caf54053408f15a23970cbc09aaf.jpg,《胜利队之虎》胜利队哪个部门最危险呢？,1754179200,65,362139248,阿飞乱剪呀,https://i2.hdslb.com/bfs/face/fa4d425d984768de2418953207ae32b871db8906.jpg,13058,"逃学威龙,吴孟达,周星驰,鬼畜,曹达华,重案组之虎",1993796,548,988,9206,5156,9224,0,0,55438
BV1RWt3zCELp,114970654213707,1,172,2063,手机游戏,鬼畜综合,http://i1.hdslb.com/bfs/archive/b51916ab0c1211ae159ffc38d18bb2d88d328add.jpg,你好，请支持羽生萌萌香.exe【明日方舟】,1754313096,72,431332411,烈空哇塞,https://i1.hdslb.com/bfs/face/acc5f4ee93b4c8dea63bb55fd0a7f8562e566cb1.jpg,10785,"新皮肤,鬼畜,明日方舟,斩业星熊,羽生萌萌香,冰,美式鬼畜,墟,整活,明日方舟创作者应援计划",292824,108,365,4747,1510,1227,0,0,26492
BV1tjhJzwE3r,114952551534329,1,208,2188,校园学习,自我成长,http://i0.hdslb.com/bfs/archive/137957c7b9ed6628474932f9d955303a6c02bb1a.jpg,学习的时候老是跑神怎么办？怎样让自己静下心来？,1754037113,537,1497463202,晓艳教英语,https://i2.hdslb.com/bfs/face/a88c9e1dcb223514403ee99e3f98c618853ffcfc.jpg,1216411,"正能量,学习,励志,考试,是老师，也是UP主,静心,走神,刘晓艳",439237,663,792,49913,10573,3694,0,0,65374
BV19BtKzZEM4,114984847677457,1,21,2158,日常,旅游记录,http://i1.hdslb.com/bfs/archive/292f83db727c1acde18a46eb63fbae24ac05975f.jpg,俄罗斯二哥一家游北京 第一次坐地铁直呼：怎么这么快,1754539800,559,542507083,贝加尔阿楠,https://i1.hdslb.com/bfs/face/ba79fa31cb3a4bb6efea1fc308afdce44e69ab52.jpg,843834,"生活记录,旅游,俄罗斯,歪果仁,中国行,中国高铁,外国媳妇,随手记录我的生活碎片",159939,948,656,820,4530,43,0,0,11798
BV1jwtGzmEZC,114970503157105,1,215,2152,美食记录,美食记录,http://i2.hdslb.com/bfs/archive/c1220d1974bda86015971ada0b50ec5385a275b3.jpg,你家这298的套餐正规吗？,1754310829,157,3546864462858859,暴打雪莲,https://i1.hdslb.com/bfs/face/0cd0cd4a116ee4c09a284c062a523173a68686b8.jpg,54088,"猎奇,记录我的美食日常,雪莲式隐喻,抽象",893609,374,395,3046,516,1033,0,0,44219
BV1V1tczUE1J,114981609671820,1,253,2079,动漫杂谈,其他游戏,http://i1.hdslb.com/bfs/archive/538d700bc94c7a12a2a554b77bff48189c117914.jpg,竖笛答辩 | 感谢各位一直以来的喜爱与支持！,1754480421,727,4287618,竖笛小魔王,https://i0.hdslb.com/bfs/face/f78f46be0c5df29850a7b9e1f0c4c0efa01035a4.jpg,1012393,"你问我答,竖笛小魔王",80813,281,423,1278,5275,85,0,0,9900
BV1M7tGzqEpX,114970134055908,1,171,2071,电子竞技,射击游戏,http://i2.hdslb.com/bfs/archive/7b758e8158cfcbc7e0fe5d91ffe29923090e731e.jpg,在瓦的残局里，技能和大招是你的底气与王牌，但在CS的残局中，失去的血量无法挽回，未知的点位无法探清，你所依靠的只有自己的枪法和意识，这是你个人能力舞台的展现时刻,1754305285,72,315461404,CS2_Vinci,https://i1.hdslb.com/bfs/face/87ab56e92c8f0e356948ce467ca9c0184b4eaa3b.jpg,111662,"CSGO,电子竞技,音乐,游戏,FPS,卡点,CS2,残局,Vinci,CS2创作激励",160110,80,492,1704,2159,648,0,0,11562
BV15ntnzqEqu,114975586648466,1,124,2081,社科·法律·心理,海外资讯,http://i1.hdslb.com/bfs/archive/80d582c8d7d1ecf17461711bf508bdb1a4ff4226.jpg,一任撒三万个谎但是大数学家：我把药价削了1500%,1754388894,845,346563107,波士顿圆脸,https://i2.hdslb.com/bfs/face/f8f0fc4114bb06a87481abe12faa006a383cbe6d.jpg,5179641,"法律,数学,医疗,懂王,医保,假新闻,MAGA,环球资讯站",817799,4813,2572,3910,3326,1079,0,0,52240
BV1Xp8kzaE2C,114945773540219,1,243,2194,乐评盘点,中外生活vlog,http://i1.hdslb.com/bfs/archive/9b7910fe42bb4b64103f6b9afa0b1dc5560982c7.jpg,妈妈，我上电视了! 太开心了！,1754020800,291,31225950,不是柯桑德,https://i0.hdslb.com/bfs/face/c93b97d3f8cee151b0633013e3afd378c6e83294.jpg,2374998,"央视,生活记录,记录,电视,寻找100个宝藏vlogger",471414,1120,907,5078,13320,263,0,0,74146
BV1P4hJzxEDE,114952165790847,1,212,2150,美食侦探,美食探店,http://i2.hdslb.com/bfs/archive/7d1cf6af99fbd8b45076e5f000ff3a3ab38c1521.jpg,香港富豪，随随便便吃个快餐就168.果然是国际大都市#烧腊 #美食,1754031962,196,3493298886936758,bil品鲜园烧腊快餐店,https://i2.hdslb.com/bfs/face/a80100d257e6657880cf47786037b732d536a07a.jpg,246509,"香港,街头美食,探店",1076680,1183,1646,4195,2267,1239,0,0,83558
BV1AHtMzEEDE,114968624111267,1,28,2020,原创音乐,翻唱,http://i1.hdslb.com/bfs/archive/76701eaa4eef8f5634f83e13bd35a9114fd7e0f1.jpg,Moon Halo|翁法罗斯十二黄金裔,1754282179,122,1632696879,淬淬淬是淬,https://i0.hdslb.com/bfs/face/9865a51bcf93c2355eb1dd045c9abe5424dfc44c.jpg,38332,"翻唱,崩坏,崩坏星穹铁道,崩坏：星穹铁道创作者激励计划,翁法罗斯,翁法罗斯黄金裔全员,MoonHalo,黄金裔",393545,18481,1495,32274,7969,5009,0,0,69601
BV1j1tAz4EyB,114982381420872,1,172,2064,手机游戏,单人RPG游戏,http://i2.hdslb.com/bfs/archive/9f18e0471d061eb63b40a19a1a1818f2ae7643a6.jpg,一大波美术生潜入米哈游内部？竟是为了……,1754539200,193,318432901,米哈游miHoYo,https://i1.hdslb.com/bfs/face/ad15d0c73aeed1eae54a6948b94b44230a405eea.jpg,2923713,"动画,游戏,特效,美术,米哈游校园招聘,2026秋招,招聘,场景原画,校招,米哈游",165486,406,1700,2270,1492,1008,0,0,20265
BV1FJtPzPENG,114982079434469,1,17,2071,单机游戏,射击游戏,http://i0.hdslb.com/bfs/archive/969f1cc04f0069e9c711362e02a7ad7a60fef44b.jpg,我在三角洲玩上MC了！？丨第7期丨,1754489920,175,3546916132489319,牛牛菌-三角洲双刀流,https://i2.hdslb.com/bfs/face/1d220b5e9b63a518501f2f96d0e7a27eb5e3c9ce.jpg,80832,"我的世界,娱乐,三角洲摸金,三角洲,赚钱,挑战,搬砖,好兄弟,房屋改造,电竞房",79092,132,211,821,1588,31,0,0,8542
BV18ZtAzEEzS,114981978836491,4,171,2070,电子竞技,MOBA游戏,http://i2.hdslb.com/bfs/archive/8cf7faa887a5f133085ef31735c2ebe3ed2378d0.jpg,【2025LPL第三赛段】8月6日 IG vs AL,1754485815,7845,50329118,哔哩哔哩英雄联盟赛事,https://i2.hdslb.com/bfs/face/544c89e68f2b1f12ffcbb8b3c062a3328e8692d9.jpg,15633796,"LPL,AL,英雄联盟,IG,电子竞技,游戏赛事,2025LPL,LPL第三赛段,lol,2025LPL第三赛段",1366696,13223,7370,1669,2361,543,0,0,11219
BV1ZctAz4EuS,114980720545025,1,65,2071,网络游戏,射击游戏,http://i2.hdslb.com/bfs/archive/38ebfae1c3d0eded8739d47ab739b6b9bded033b.jpg,不出医疗五天王不结束（五）,1754466753,608,1836738740,加尔尔尔,https://i2.hdslb.com/bfs/face/4e2d73d83d4d49b0a8f47e5df5bfdf245d1cddd3.jpg,101943,"游戏实况,娱乐,第一视角,三角洲行动,带富电竞",397637,528,342,4528,638,69,0,0,12052
BV1TAhpzBEZa,114952803196120,1,228,2066,人文历史,单机主机类游戏,http://i0.hdslb.com/bfs/archive/7e9e89b7abd1d69483bc218e5a953bbb7d71e7b7.jpg,【推理海龟汤】爱的证明。无人应声的骚扰电话，平静落寞的便签落款，五位侦探能否探明？奇怪场景背后的悲伤真相,1754049600,2077,3546824214317878,Sz推理之夜,https://i1.hdslb.com/bfs/face/b669f6b6290ae9d9bc357075a889b8722dd497d3.jpg,478101,"原创,细思极恐,海龟汤,娱乐吃瓜大会",636865,4740,3337,19248,26204,3649,0,0,61393
BV1kNt3zdE2P,114968976428673,1,182,2001,影视杂谈,影视解读,http://i0.hdslb.com/bfs/archive/b2ae9538f75cedc41fdd1e8baa0b6fdb084b7fde.jpg,第一斧女？！有什么事请联系我的斧头吧！万字拉片拆解《珀尔》P1,1754301600,3036,84706708,小鱼陪拉片,https://i1.hdslb.com/bfs/face/3372dd6970f8df479aad6d35da42cfd32d851681.jpg,1103202,"恐怖,惊悚,A24,悬疑,万字拆解,拉片,视听语言,米娅高斯,珀尔,万字拉片大赛",921411,1606,630,26672,10445,550,0,0,34956
BV1bjhJzwEHj,114952551538089,1,212,2149,美食侦探,美食制作,http://i0.hdslb.com/bfs/archive/54ab48611821867a77656248bf8abbbbad51d908.jpg,当我为60岁东北阿姨密谋了一场突然的旅行，奇迹的一幕发生了…,1754038988,1999,99157282,盗月社食遇记,https://i1.hdslb.com/bfs/face/c7fb5da587c2ec6b56ad47579933fda34c000457.jpg,8226856,"美食教程,厨艺,家常菜,美食制作,快手菜,华为Pura80,#鸿蒙越用越香,#今日的饭,三姐妹",2671479,2726,952,6219,14286,718,0,0,42871
BV1CmtFztENH,114979764175148,1,172,2064,手机游戏,单人RPG游戏,http://i0.hdslb.com/bfs/archive/c72e6a6a0a60ba0f5f2e9492d0a35ceee5943643.jpg,人人都能抄的作业！幽境难度5全0命通关教学，间均2金，无纳塔人！,1754452082,434,365139335,这把我们就遇到高手,https://i2.hdslb.com/bfs/face/b0b3870a055d4aef09b5541ee58e48ce7fc88575.jpg,213247,"原神UP主激励计划,龙芙,幽境危战,教程攻略,抄作业,难度5,原神",193592,206,2233,1245,782,1278,0,0,4093
BV1TNhpzTELj,114952786418881,1,21,2039,日常,cosplay,http://i1.hdslb.com/bfs/archive/35755b04c3f04a9fdad0e40fcc976f1dd0324267.jpg,我家的机娘模型都是1:1的？！,1754107200,661,52250,视角姬,https://i2.hdslb.com/bfs/face/851025ed4bc57ad6ae82a6314e72e249fd21d604.jpg,3060734,"BW,高达,机甲,3D打印,机娘,cosplay,拓竹H2D,独角兽,模玩,拓竹",2961400,2391,1466,84290,10707,4106,0,26,116492
BV1hshNz8E81,114959161820485,1,254,2174,亲子,儿童才艺,http://i2.hdslb.com/bfs/archive/200f20b7c4db1fcf48d3b6d0aafbd4b629dba7b5.jpg,嗯对，法修散打！！！,1754137780,24,116727704,嘟嘟小桑麦,https://i2.hdslb.com/bfs/face/aeaa251cf29d66ce6132a0241a2c17518eee4526.jpg,2079,"搞笑,生活记录,记录",919615,2036,9325,4402,7323,1567,0,0,163126
BV1JZt3znEuR,114970620598000,1,251,2083,三农,综合资讯,http://i2.hdslb.com/bfs/archive/9a5a61fbbf33fc987b987cecf2b8f59721b17c2b.jpg,为啥说“菜篮子工程”是伟大的工程？【主播说三农】,1754312838,223,1343321779,央视农业,https://i1.hdslb.com/bfs/face/c9e24623ccc91cd26c2894d2a1880dc6dc6a28c4.jpg,3623748,"菜篮子工程,主播说三农,蔬菜,农业",451894,1294,2689,4747,8113,1526,0,0,65117
BV1qitJzqEyJ,114976006083210,1,85,2181,小剧场,两性知识,http://i0.hdslb.com/bfs/archive/4a878fda4cc94b9d90135c9c71ceef0b97c10d28.jpg,为什么那里的味道酸酸的?,1754394944,74,39392099,对话中的暂停,https://i2.hdslb.com/bfs/face/742b4acc37b5c18adb1abcdb27cbd4b6dee3cfb4.jpg,1389649,"成长必修课,味道",241167,93,563,4610,1985,309,0,0,34795
BV1gvhuzuEZ5,114962869525013,1,184,2054,预告·资讯,二次元其他,http://i2.hdslb.com/bfs/archive/2add592834cccd22b20df60bdab91bf7be2969f4.jpg,经典科幻小说《群星，我的归宿》中国动画改编版预告片官宣！,1754276400,222,3546934774074072,莱博塔,https://i0.hdslb.com/bfs/face/5fe0ac0f22223ce4b29d59d47853feafc34ce3c3.jpg,6315,"科幻,原创,预告片,中国动画,群星我的归宿,动画种草激励计划,番剧,国漫,官宣,番剧预告",2712786,1164,2501,22857,4917,6548,0,32,101819
BV1cGtFzpEC6,114980485599332,1,201,2103,科学科普,工程机械,http://i1.hdslb.com/bfs/archive/7aba91f7b42c3a1ae0a4a5effffca0fbf19b1318.jpg,32mm子弹来暗杀？用栓狙就是不专业？哥几个这都没听到？【鉴定网络军事言论】,1754470785,449,650899373,装甲车Machinegun,https://i2.hdslb.com/bfs/face/6332d78d7f37b8228d0ea8d7352e96e4b246f5c1.jpg,610323,"娱乐,枪械,军事,搞笑,小说,冷知识,吐槽,言论,子弹,万物研究所",288146,1509,2307,5056,572,515,0,0,33425
BV1iFtgz3Ef9,114969697916441,1,251,2149,三农,美食制作,http://i1.hdslb.com/bfs/archive/7c83e30c195b93936762916bffc661b928cef4f7.jpg,最近西瓜5毛一斤啦，搭配家乡其他水果，给兄弟做一锅冰镇水果捞。,1754298482,158,3537105403775193,林中有猪_,https://i0.hdslb.com/bfs/face/825f3738d734a23b99f92a708353518c84e09cbf.jpg,310014,"西瓜,跑山猪,记录我的美食日常,桃花李,乡村,黑猪,水果捞,生态养殖,养殖户,兄弟伙",325368,1261,1075,609,736,1742,0,0,28909
BV1RYtPzWEHY,114981861332469,1,21,2128,日常,健身科普,http://i0.hdslb.com/bfs/archive/851da443cd51071f2e1f954449f9c084ca756425.jpg,体脂率和性欲的关系,1754484569,325,1024129080,烧毁一切就是美,https://i0.hdslb.com/bfs/face/357c617307c5e04e065618aa2839f103a7b3a8f4.jpg,574399,"减肥,健身,健康,科普,肌肉,两性,增肌,体脂率,必剪创作,减肥人的vlog",450621,553,2102,3850,1225,2007,0,0,10792
BV1bvt3zKEAX,114970872253786,1,253,2043,动漫杂谈,动漫速读,http://i2.hdslb.com/bfs/archive/349b609c10ed49ad02e7c1c9deb404227b86c87e.jpg,《瑞克和莫蒂》所有主线剧情串讲！邪恶莫蒂、瑞克Prime、戴安……全平行宇宙大整理！,1754317572,1730,357261525,安迪视频,https://i0.hdslb.com/bfs/face/44be7e29670fafd734a6961668f3e130ff7e7456.jpg,1613872,"动漫杂谈,完结,瑞克和莫蒂,安迪视频,瑞克和莫蒂第八季,主线剧情,动画片,戴安,瑞克与莫蒂,邪恶莫蒂",1180366,1784,1571,28136,46609,3373,0,38,69353
BV1Znh3z4E9U,114964127944540,1,17,2078,单机游戏,沙盒类,http://i1.hdslb.com/bfs/archive/1b40c0a87993f399996ec7f0a27a776e23922fbb.jpg,“挑战跑酷不踩到绿色”,1754213608,160,599112147,清烛MII,https://i0.hdslb.com/bfs/face/9b3c938d35fa410a383f236af6603d1347277cd6.jpg,54327,"我的世界,无缝剪辑,混剪,沙盒游戏,Minecraft,挑战,卡点,像素风",277017,987,741,10589,8769,536,0,0,44841
BV1zftizdE33,114986793831770,1,21,2093,日常,职场发展,http://i2.hdslb.com/bfs/archive/a3a60a9b406b6bbaa8faae0d83c82122eaa24649.jpg,5年HR，4年考研面试老师！超实用面试经验分享！,1754561428,1923,1100835241,太好磕了鸭,https://i1.hdslb.com/bfs/face/d9a321858de83ebc8ef5b4978ca0222a3673d9e4.jpg,380868,"职场,找工作,面试,求职,经验分享,工作,面试技巧,面试经验,溪木源,职场新人进化论",13822,247,136,592,739,78,0,0,1588
BV1GWtnzvEEB,114975485988146,1,182,2001,影视杂谈,影视解读,http://i0.hdslb.com/bfs/archive/264dd16f6573b0d3fe85a8a8ce12e4777abcaa1e.jpg,纳米黑墙封死全国建筑，子弹都打不穿，人进去只剩半截身体【科幻Fans  布玛《砖墙谜攻》,1754386932,879,206840230,科幻Fans布玛,https://i1.hdslb.com/bfs/face/78c27b565e56598877a70bed015974253b14eef7.jpg,2319077,"悬疑,电影,密室,电影解说,解谜,科幻,影评杂谈,凶杀,影视IP观察室",1744285,1894,882,18313,2261,284,0,0,36814
BV1n7h3zbEsB,114963960045038,1,251,2166,三农,农村生活,http://i1.hdslb.com/bfs/archive/466626e0724caaffb27279da97116a2bb3d9d30b.jpg,解救咪咪......,1754222400,338,143845192,念叁叁叁,https://i1.hdslb.com/bfs/face/3e9a9ed8cf8b0c7221b3e810d9e1e8ff7e6cf7b9.jpg,273649,用星露谷开启我的农村生活,303333,446,428,1385,1306,832,0,0,38218
BV1iChgzQELN,114964262029404,1,257,2083,配音,综合资讯,http://i2.hdslb.com/bfs/archive/d3878a60c93095125d99b487788b129785d3141d.jpg,杀死一只鸟儿最好的办法就是#小鸟在歌唱 #朗读 #配音#冥王#【高全胜】,1754215595,42,1667342531,配音演员高全胜,https://i2.hdslb.com/bfs/face/385866824e7d6c78208ae5f222b461741fb1e0cb.jpg,1160496,"唱歌,配音,鸟儿",1279218,1053,2535,21134,3572,1521,0,0,174310
BV1FghEz7ETh,114950789926503,1,138,2154,搞笑,剧情演绎,http://i2.hdslb.com/bfs/archive/9e348247cddc5d70c05cdbdd7d14b8403b4edc48.jpg,创意工坊之包浆天下～,1754010209,98,3546909580987309,弗雷尔卓德-杨辰,https://i1.hdslb.com/bfs/face/e59912641ba4cbaadb857e30085b15cf4dcc6819.jpg,260131,"创意,工坊,探店",2234142,1382,1546,10754,2989,5041,0,0,135658
BV1EgtEziESW,114975066558540,1,17,2078,单机游戏,沙盒类,http://i0.hdslb.com/bfs/archive/5b75fe0cfc20d7582b472c295ed6b02389d55495.jpg,地表最新up降临 ——MC日常记录系列,1754381481,367,3546624808717285,四害嗨嗨,https://i1.hdslb.com/bfs/face/1a2c665ee98f8c3170380e2c4be733dff174f1d4.jpg,6752,"新人,沙盒游戏,游戏实况,娱乐,我的世界,像素风",99270,203,1171,2836,2028,117,0,0,21802
BV1y64dz2EFU,114978170343976,1,65,2071,网络游戏,射击游戏,http://i2.hdslb.com/bfs/archive/4b7f61b8c7112bc67bc039944bee87b3e44f0579.jpg,⚡全三角洲最安静的视频⚡,1754427720,132,416562294,暗处ac,https://i0.hdslb.com/bfs/face/453f4b3d7b98d77c4456191e7ab5f9473bfc6869.jpg,5733,"鬼畜,三角洲行动,零号大坝,普坝,抽象,跑刀,江南style,三角洲破壁新赛季上线",218352,382,646,2328,1170,138,0,0,13220
BV1RhtPzRErB,114981676783818,1,17,2078,单机游戏,沙盒类,http://i0.hdslb.com/bfs/archive/2a0bf92cc1221ba21f861782aa2648dd6bec6f08.jpg,巨型空岛生存！世界放大100倍！如何生存下去?!,1754526600,437,34657253,一个小立丶,https://i2.hdslb.com/bfs/face/7437d5ec3791bd158e3ed868edeac9ee658f6815.jpg,1124446,"搞笑,我的世界,实况解说,空岛生存,沙盒游戏,游戏解说,酷态科CUKTECH,酷态科30号超级电能站Ultra,像素风,推荐宝藏游戏",620694,264,38,25186,1541,6,0,0,26251
BV1vVtjzdEef,114973925774496,1,172,2064,手机游戏,单人RPG游戏,http://i0.hdslb.com/bfs/archive/b225f755d5cd392c774426354c5ae1ab6b764e74.jpg,翁法罗斯黄金裔的立绘文字其意【12 / 13】？,1754363875,92,1479386588,-不负好时光,https://i2.hdslb.com/bfs/face/f5e7d455c9ec93483018685cb0778ac1cd39c294.jpg,1145,"丹恒,崩坏：星穹铁道创作者激励计划,翁法罗斯,英雄未死之前,谁能擦干我的眼泪,长夜月,三月七,黄金裔",255735,253,377,9762,621,707,0,0,38078
BV16ohnzXEFK,114953256181041,1,157,2111,美妆护肤,美妆,http://i0.hdslb.com/bfs/archive/a04464632b492e95efc5a9123c01e172841e380a.jpg,外公为了支持我的美甲事业,1754047861,117,22568886,杭州_张白芝,https://i0.hdslb.com/bfs/face/ae49e929d3ecec99388a2042ad95151598424c8c.jpg,817,"美甲,日常,美甲教程,美妆,普通人变美指南",611704,260,409,1618,894,220,0,0,50094
BV1s3tizfET9,114985166508729,1,17,2078,单机游戏,沙盒类,http://i2.hdslb.com/bfs/archive/d2d4d17e5ba36f4f6535b8ede9ef41fa24702dce.jpg,打败毁灭世界的BOSS！！！？？？「落幕曲 4」,1754536805,1159,31410276,六谷不吃羊肉串,https://i0.hdslb.com/bfs/face/ce56b8b9fd5956ecd0abacee9d9912094d25d9d0.jpg,260543,"单机游戏,MC,沙盒游戏,我的世界,生存系列,沙雕,像素风,多人游戏,夏天y,落幕曲",157967,920,328,4594,10249,124,0,0,18616
BV1xFtFzhEp5,114980351445797,1,85,2154,小剧场,剧情演绎,http://i1.hdslb.com/bfs/archive/f3265dc659d8d4972dff90dc7f38f168c5a16734.jpg,【二阳咂-】视频已打包，欢迎围观！,1754474400,242,3546565008427419,二阳咂-,https://i0.hdslb.com/bfs/face/3a435bf92b138aff08859892b5fb33e65e03f804.jpg,656007,"短片,原创,搞笑",262648,143,294,1841,927,152,0,0,34240
BV15ptnzKE97,114975569876666,1,251,2166,三农,农村生活,http://i1.hdslb.com/bfs/archive/acb1922d11cf8c8ac6b82058ffbf94b50d70fa4e.jpg,猪到了......,1754395500,380,143845192,念叁叁叁,https://i1.hdslb.com/bfs/face/3e9a9ed8cf8b0c7221b3e810d9e1e8ff7e6cf7b9.jpg,273649,用星露谷开启我的农村生活,157427,436,514,992,970,404,0,0,26552
BV1jv4fzmEdA,114978472332596,1,17,2066,单机游戏,单机主机类游戏,http://i1.hdslb.com/bfs/archive/a41c31ed5347cadba768637c498b5532f9b05aa2.jpg,mega宝可梦综合排行榜，第-3名 完全体基格尔德,1754452800,2738,343348,口袋迷ag,https://i1.hdslb.com/bfs/face/0339f625390570205b46ef4ad07f16d172a19123.jpg,1100000,"精灵宝可梦,宝可梦,任天堂,POKEMON,switch2,宝可梦朱紫,宝可梦传说ZA,超级进化,mega进化,ns2",393401,3436,2691,2083,3958,1824,0,0,18778
BV1h8huzkER7,114962919918712,1,17,2077,单机游戏,休闲/小游戏,http://i1.hdslb.com/bfs/archive/81ad1f181be467b40543d466106d2324be1c0c1e.jpg,新皮肤：寒霜剑客,1754195248,418,97213827,潜艇伟伟迷,https://i0.hdslb.com/bfs/face/a2370da541bc5f6769cfcea0fcef907bebb26311.jpg,4936409,"PVZ,植物大战僵尸,植物大战僵尸杂交版,杂交版,自制游戏,杂交植物",655464,638,715,1529,1000,234,0,0,42133
BV1cjtwztEy6,114981274129306,1,250,4219,出行,攀岩,http://i1.hdslb.com/bfs/archive/88a9521782ade1fc17a5d45ac14569548d8871a2.jpg,精致女孩悬崖便利店过夜，差点回不来了,1754475643,155,1079749458,提款姐,https://i0.hdslb.com/bfs/face/43c00f281ebe8b31bf23ac4a5ebceacb5e8a8b49.jpg,149145,"悬崖便利店,精致,悬崖",169128,235,418,925,4869,406,0,0,22161
BV1BQtuz2E6M,114969781800257,1,21,2188,日常,自我成长,http://i0.hdslb.com/bfs/archive/ec669328e140268d966ef94818a17cbd0ef05ffe.jpg,敬过去痛苦的自己五杯,1754299745,104,622525113,饼旭,https://i0.hdslb.com/bfs/face/4f06d57285118adb5b7c946c4a316c74f61a16f0.jpg,149732,"搞笑,校园,人生,生活记录,吐槽,整活,记录生活搞笑瞬间",241260,275,352,2239,1190,284,0,0,35655
BV1Seh8z8Ezb,114958406850667,1,29,2020,音乐现场,翻唱,http://i1.hdslb.com/bfs/archive/9500d8c387c3d80bf2d20e2ab79a7c306b5f24d1.jpg,蔡徐坤劝你别读博,1754126220,215,21442590,馄饨皮茄总,https://i0.hdslb.com/bfs/face/29d3bf75ec95524532a9ce36d1232ef441889a1d.jpg,33868,"蔡徐坤,cover,学术,博士,科研,读研,读博,deadman,PhD,翻唱的N种打开方式",1193977,1205,2240,20896,37021,17346,0,96,117862
BV1yPtnzEEPZ,114975771269031,1,212,2152,美食侦探,美食记录,http://i0.hdslb.com/bfs/archive/ca161288796658ab7b8e24d2359915a2960b4883.jpg,在马来西亚实现海鲜自由！大龙虾+“顶流”炸鸡，这一口好吃到跺脚！,1754392112,1896,649019192,方芳的快乐生活,https://i2.hdslb.com/bfs/face/6403112ef1655c35eebc639706114d184edb3472.jpg,1824025,"搞笑,旅行,吃货,美食侦探,生活记录,马来西亚,记录我的美食日常,龙虾",1003064,13923,1777,10812,62771,1893,0,76,60469
BV1GhhnzrEia,114953541458950,1,126,2063,人力VOCALOID,鬼畜综合,http://i0.hdslb.com/bfs/archive/080d45807b99ddd58186626bea2c40dc934ac8da.jpg,🍬再见了，所有的唐哭🍬,1754107200,85,438684078,DJG杰哥,https://i0.hdslb.com/bfs/face/6a1ba87992508f221db602335af9f74e13c7ee22.jpg,41534,"鬼畜,MyGO!!!!!,Ave Mujica,动画种草激励计划,爱音,anno,高松灯,千早爱音",371264,3686,2433,16759,4078,12263,0,0,53442
BV1574dzYEmM,114976274584679,1,172,2064,手机游戏,单人RPG游戏,http://i2.hdslb.com/bfs/archive/3ca44b73d673564698ddada41ac7e5d882222d29.jpg,全网首发！让阿夏和班尼特再次相遇！,1754398949,1059,449776054,伊甸之伊,https://i1.hdslb.com/bfs/face/dfdcbc224ee65fc000acb0b267cd5f0d9eb871bf.jpg,203334,"原神UP主激励计划,娱乐,冒险游戏,二次元,RPG,教程攻略,纳塔,bug,原神",195992,2377,607,2253,2312,454,0,0,15552
BV1CwhNzLEPv,114959480592593,1,126,2063,人力VOCALOID,鬼畜综合,http://i0.hdslb.com/bfs/archive/788d6a621d2a926e564dea9ffbddd6fbe6a84513.jpg,不要怕在上海喝蜜雪冰城，故乡会保护你,1754142751,97,28348490,咆哮丶土拨鼠,https://i2.hdslb.com/bfs/face/db494c60204f01f01217f92950eccabd13592969.jpg,885846,"鬼畜,上海,AI,赛博山海经,防御塔,东方明珠,蜜雪冰城,黄绿合战10th-黄队应援",437397,1029,2111,6131,2598,1929,0,0,32360
BV1rTtnzjETE,114975939038115,1,253,2042,动漫杂谈,动漫评论,http://i1.hdslb.com/bfs/archive/32f74a09577ee4f0eb33e1a316ae409d78e49bae.jpg,侦探先生，我的7月新番出轨了啊啊啊！【泛式】,1754393892,758,63231,泛式,https://i0.hdslb.com/bfs/face/2608aaa45309c77ac88fbfaa40e160b8c7892985.jpg,6445242,"搞笑,新番,泛式,吐槽,杂谈,恋人不行,章鱼噼的原罪,新吊带袜天使,拔作岛,小城日常",2865031,35717,10685,73495,180158,16505,0,1,322106
BV1K2h3zzEcw,114963909708783,1,21,2001,日常,影视解读,http://i0.hdslb.com/bfs/archive/2512feee6d2301e7fce0ba9d2696a487ebdecfad.jpg,我请六国的外国朋友看了《南京照相馆》,1754210451,177,32820037,歪果仁研究协会,https://i1.hdslb.com/bfs/face/216ee0636ee87c8c4293da8b186d5f6f06eea48a.jpg,4508715,"电影,历史,外国人,南京照相馆,暑假档电影",397602,450,676,4229,9244,360,0,0,45954
BV1aktJzYEUA,114976207409134,1,138,2154,搞笑,剧情演绎,http://i1.hdslb.com/bfs/archive/cdffb6fd104c588115917ff5dca5260aa6e08690.jpg,老非凡跑山西真实粉丝去了？？？？？,1754452898,201,2055991728,老非凡了啊,https://i0.hdslb.com/bfs/face/21628e8d57555daf6d94c8cd5378b208b113f2e4.jpg,1591231,"搞笑小剧场,#绿源智能超续航电池保3年,绿源电动车",903725,316,450,7603,644,25,0,0,14471
BV1nrhWzhEBM,114953876935825,1,228,2089,人文历史,时政解读,http://i2.hdslb.com/bfs/archive/e0893e23d1dc85fdff32b77a0e8dd9be29c320d5.jpg,顶级权谋还是菜鸡互啄？泰柬冲突竟是东南亚版的继承者们？,1754096400,1073,1140672573,小王Albert,https://i0.hdslb.com/bfs/face/f9bb5dc9b5dcb3c90f9662e44fca9a7506584151.jpg,4161700,"社会观察局,泰国,妙瓦底,佩通坦,泰柬冲突,东南亚,柬埔寨,洪森,电诈,洪玛奈",2216471,6623,1828,16494,21857,1901,0,80,94306
BV1yCtFzcEEa,114979881618716,1,250,2158,出行,旅游记录,http://i0.hdslb.com/bfs/archive/980c7251046b7b69e8850d5b3fb9e6fe1f9506cf.jpg,住在房车上5年：每天遇到不同的人和事，今天体验大疆扫地机器人,1754481600,1119,513305949,杨旭游记,https://i0.hdslb.com/bfs/face/b70ca845b68ce4795f6f835c58211546b883c136.jpg,1486495,"旅行,大疆扫地机器人,大疆ROMO,大疆ROMO扫地机器人,露营,自驾游,房车,房车旅行,房车生活,旅行攻略UP主激励计划",90390,888,266,582,1505,167,0,0,5490
BV1GuhhziE9u,114958222236434,1,171,2071,电子竞技,射击游戏,http://i1.hdslb.com/bfs/archive/a60b70f118873455ea76c1037954cc315175473b.jpg,不是你压力谁呢？,1754123351,25,3461567079254478,保护我方塔姆,https://i0.hdslb.com/bfs/face/b1a01339e7edc84f3773ecfcd45121b6a428e098.jpg,66343,"FPS,桌游棋牌,MOBA",1382490,146,843,3036,710,402,0,0,93440
BV1t5h7zRESd,114951393908721,1,21,2131,日常,健身身材展示,http://i0.hdslb.com/bfs/archive/7a93bc41ccbc6465f290d7677c1e69fa922c77f1.jpg,退伍第十一年！祝战友们八一节快乐!老兵的决心永不变！,1754019376,26,17239951,战辉,http://i1.hdslb.com/bfs/face/5154a78828836f8ae97454b3568ea83997098df9.jpg,2478358,"美好的精神状态,军人",2374686,808,2003,11024,13308,806,0,48,347023
BV19bhpzSEyv,114954665463403,1,212,2150,美食侦探,美食探店,http://i2.hdslb.com/bfs/archive/db91551f171ea51e60b8946bc2b21ca698ce830e.jpg,特厨探店 |评价两极分化的锅包肉创始店？—老厨家,1754105400,204,3546888255048212,特厨隋坡,https://i2.hdslb.com/bfs/face/4a6a6e459f71080664d3952957f2eafc02418b85.jpg,2443600,"隋坡,特厨隋卞,舌尖真探事务所,哈尔滨,美食探店",1318382,4550,2962,3495,7234,1229,0,0,99742
BV1uHtjznERD,114973908930428,1,208,2037,校园学习,同人动画,http://i0.hdslb.com/bfs/archive/4da84bcb43d777c054f7b30f70edde979bb8a8c0.jpg,《 不看 世界就不会运转 》,1754383620,155,470597732,今天足夠了,https://i2.hdslb.com/bfs/face/613f7ff79b17f26bba4c2cf7e4d0417a30eb96c8.jpg,30721,"原创动画,今天足夠了,文科,理科",203493,297,513,5321,1101,490,0,0,20842
BV1AbtczhEnn,114981458806019,1,65,2071,网络游戏,射击游戏,http://i0.hdslb.com/bfs/archive/594947f2da296be06f2f436c65440b26c17de76d.jpg,墓铭而来，一枪五杀名场面,1754477859,52,1045385812,CSGO-欧皇雷,https://i1.hdslb.com/bfs/face/d8468dce40433caea6f3359b96ed615d66c6d5c2.jpg,9045,"CSGO,CS,CS2",458252,88,280,6149,1531,1722,0,0,34755
BV1HztqzbEAd,114986290518275,1,182,2001,影视杂谈,影视解读,http://i1.hdslb.com/bfs/archive/b82dd278efd3b38c0cd8720e8bfa37ce9c5f3378.jpg,你完蛋了托尼！甄子丹巅峰最强动作片！综合格斗教科书！重温经典《导火线》,1754558781,2557,397286677,龍影Jackiemovie,https://i1.hdslb.com/bfs/face/b934e43c03c90a56c552e3dd151f87b6f8f70c8a.jpg,569880,"动作电影,动作,电影,电影解说,转转回收,转转,导火线,甄子丹,好剧好片重刷榜",77784,1945,488,1667,2413,195,0,0,6057
BV1mzhnzNE7c,114953457503392,1,21,2037,日常,同人动画,http://i1.hdslb.com/bfs/archive/420a2d6b9eeb70f29fb9c8710b48fd793a459751.jpg,已经沉浸在自己做梦的艺术当中了…,1754053150,491,3546765944949620,我是老佳哥呀,https://i2.hdslb.com/bfs/face/eba95671e8cc10e505d45dc8c4bb1e9fffb81300.jpg,31370,"搞笑,清醒梦,绘画,脑洞,原创动画,做梦,分享,不知道打什么tag了",267250,367,580,20736,2995,143,0,0,26767
BV1P9hVzkEvL,114964597572928,1,21,2063,日常,鬼畜综合,http://i2.hdslb.com/bfs/archive/77904bd6f93e56cc10055e2e71928864f9524e0e.jpg,⚡我国各地蚊子叫声⚡,1754220717,130,1972357926,白鸽の乱剪,https://i0.hdslb.com/bfs/face/09bb9ca52f43f585ee8b98c2aa5658d502375b2a.jpg,26994,"剪辑,奇葩,搞笑,蚊子,老北京,抽象,天津,玩梗,整活,鬼畜星探企划",199737,572,522,3206,667,1676,0,0,9742
BV1sN82zhE1g,114947568768537,1,138,2154,搞笑,剧情演绎,http://i0.hdslb.com/bfs/archive/a6c1bbbb32a122436d05bacd78add5b4216ae3ff.jpg,当英语老师突袭查手机！,1754384400,122,393709394,一串大福,https://i2.hdslb.com/bfs/face/e6d1cf7df22235495d25d7ae77a4aa185e5d8c7f.jpg,1562164,"校园,原创,搞笑,来福来福,一串大福,学生时代,英语老师,真实,fyp",2127066,1879,986,14849,1882,305,0,0,83784
BV1JVtnzGEj6,114975871866808,1,228,2090,人文历史,人文历史,http://i2.hdslb.com/bfs/archive/e1e26a83b01c0cccf37974a0320ef1d1257bfedf.jpg,"深度|| 香火的秘密，如何像""正果""一样思考？",1754535600,5592,504934876,渤海小吏,https://i1.hdslb.com/bfs/face/60d7ec1a95e5f85e8e5b2c1d49656cbcff176604.jpg,3839785,"孙悟空,唐僧,西游记,四大名著,人文历史档案馆,如来佛祖,太上老君,玉皇大帝,香火,正果",467805,1701,1504,8570,14777,856,0,0,20750
BV1XPtJzbEF2,114974210924354,1,216,2063,鬼畜剧场,鬼畜综合,http://i0.hdslb.com/bfs/archive/0b3b5b5e4167dd96df0f1bae6ada12ecccd4616e.jpg,真·出生之家（26）旺仔小乔夺舍记 下集,1754367438,388,8034163,浅澄月,https://i1.hdslb.com/bfs/face/28abe5c53184c2705c3c29784733847e930d4487.jpg,1328991,"全明星,搞笑,鬼畜,旺仔小乔,出生之家,真出生之家,抽象,恶搞之家,孙笑川,黄绿合战10th-黄队应援",395944,1625,1014,5440,4021,2360,0,0,40341
BV1bxhxzJEM4,114956762615385,1,171,2070,电子竞技,MOBA游戏,http://i0.hdslb.com/bfs/archive/c7c86ba6c16612976935433cd4bed1b9c3729114.jpg,学会三天上荣耀！顶级诸葛亮炸鱼思路教学！,1754101853,272,18909338,奥特曼zz国一刘备凯,https://i2.hdslb.com/bfs/face/c5e62cfe9d8b0ec7fcba4574fcf4e352d14f4b39.jpg,373699,"电子竞技,诸葛亮,王者荣耀,诸葛亮打野教学,王者荣耀夏日盛典,奥特曼zz,诸葛亮白泽动物园园长,王者荣耀诸葛亮,诸葛亮新皮肤,国服诸葛亮",615555,426,622,10885,37355,296,0,0,53717
BV1CuhnzdEdi,114951696029596,1,255,2152,颜值·网红舞,美食记录,http://i2.hdslb.com/bfs/archive/d2e58701ef924779eeac7c8f29ab7d480b01b910.jpg,挑战火鸡面放在眼前一口都不吃,1754023910,48,511373761,辣椒素素素,https://i1.hdslb.com/bfs/face/a271ea1d2268674488f7e1a5d14b0ad54b85d0a5.jpg,496238,"吃货,直播,吃播,辣,辣椒,火鸡面,辣椒素",575884,241,1076,4021,1193,964,0,0,49180
BV1R8tiz1Ezc,114984965117370,1,182,2042,影视杂谈,动漫评论,http://i1.hdslb.com/bfs/archive/cc29b87cf8ef0521d362ec11bef23b092e98f9c5.jpg,《罗小黑战记2》真爽！这才是超能力战斗啊！,1754557200,580,49960899,BuriedAlien,https://i0.hdslb.com/bfs/face/e41d2f3901e156f708be59a3b4f593779a9adda1.jpg,1351902,"无限,X战警,罗小黑战记,万磁王,国产动画,罗小黑战记2,罗小黑,鹿野",98056,644,1693,1234,2250,633,0,0,7618
BV1Z7h8z3EiN,114958591400416,1,138,2154,搞笑,剧情演绎,http://i0.hdslb.com/bfs/archive/48e2e21f12202d8bd946f0c42fb6928d886377ea.jpg,当异校好友出现在班级门口！,1754129296,117,393709394,一串大福,https://i2.hdslb.com/bfs/face/e6d1cf7df22235495d25d7ae77a4aa185e5d8c7f.jpg,1562165,"青春,校园,原创,搞笑,搞笑小剧场,来福来福,一串大福,真实,学生时代,fyp",2985680,1109,502,21917,1758,280,0,0,83633
BV1duhWzpEAm,114954027992463,1,130,2018,音乐综合,音乐现场,http://i0.hdslb.com/bfs/archive/1c1e4251cb2528451a4869d48fca3c471d82d0db.jpg,【NCT DREAM】NCT DREAM《BTTF》Recording Behind the Scenes,1754485200,2629,673376925,NCTDREAM,https://i0.hdslb.com/bfs/face/39ca5c103fc1b42e5eae28e0aca03fb71c8bb563.jpg,705073,"NCT,GoBackToTheFuture,NCT DREAM,Behind,BTTF,Go Back To The Future寻找闪耀自我",47774,2908,488,938,808,209,0,0,3330
BV18hh8zaECo,114958373225980,1,65,2071,网络游戏,射击游戏,http://i0.hdslb.com/bfs/archive/64d242321cb36c6c477ddacda60968228acead81.jpg,准备开饭！,1754182800,156,1822365343,泰菲三角洲行动,https://i1.hdslb.com/bfs/face/bb9567fd801f076faaab58d314ff3f6d2c279991.jpg,98563,"FPS,娱乐,下饭操作,沙雕,三角洲破壁新赛季上线",1163954,388,165,12699,503,164,0,0,24166
BV1KMtPzrEdk,114982129768166,1,138,2083,搞笑,综合资讯,http://i1.hdslb.com/bfs/archive/9db759e3b4144679bb66c386daec02b21baefc5b.jpg,40岁重启人生的前高管belike,1754488354,90,236621565,戏很多的金兑,https://i0.hdslb.com/bfs/face/f24bb4ba6524a06e1ff42a1e14cfd88658fc40f8.jpg,225540,"人生,搞笑,模仿,职场,创业,搞笑小剧场,高管,商务男,重启人生",182866,458,859,719,681,797,0,0,18352
BV1Tjtgz8EjT,114969513297392,1,242,2009,娱乐粉丝创作,娱乐评论,http://i1.hdslb.com/bfs/archive/d7954f94897b659e6f2834bb9c0e092c2b6c8d06.jpg,传奇热搜王赵露思 内娱彻底癫了,1754298033,514,3546781006694901,我真的玉玉症了,https://i0.hdslb.com/bfs/face/cc515923daf9a49fba6031c54e09bca8a073935d.jpg,298522,"同诗剃须刀,赵露思,娱乐吃瓜大会",918723,3212,2556,6513,4233,1674,0,0,38019
BV12khnzAEUd,114953491055075,1,21,2028,日常,宅舞,http://i0.hdslb.com/bfs/archive/8e5065bb0a993f45caae384a54bdffee0b642537.jpg,肅聖！！蘿莉神鎮魂曲☆全力跳舞#动作捕捉 #宅舞 #踊ってみた @足太姬,1754051332,15,3546927868152512,绮罗星Penta,https://i2.hdslb.com/bfs/face/28aed83d45d221dceede415d289612dfb40ab160.jpg,16251,小视频,1817614,89,887,20001,1667,1701,0,0,152813
BV1wohVz6E9f,114964631128746,1,138,2154,搞笑,剧情演绎,http://i0.hdslb.com/bfs/archive/5886ded918e88ed4d1581d427855da1f5690d0ff.jpg,看来变装也是我擅长的领域！！,1754280000,14,477676711,田一名sir,https://i1.hdslb.com/bfs/face/4e30dae85d2e529924322aa328b20ee0e98427e1.jpg,1643219,"变装,美妆,领域,翻唱的N种打开方式",649156,845,3752,2800,820,10013,0,0,65285
BV1UXhbztEco,114958859766958,1,213,2149,美食测评,美食制作,http://i1.hdslb.com/bfs/archive/47a450ee3acb7cf16c0e833a122fee4ba4980211.jpg,差20倍大小的鱼头做剁椒鱼头，哪个会更好吃？,1754472600,248,337521240,记录生活的蛋黄派,https://i0.hdslb.com/bfs/face/9ba6c7a0d3a2ebfe9db2f46219ece98e210d0269.jpg,9097011,"吃货,厨艺,生活,搞笑,家常菜,日常,舌尖真探事务所,帅小伙,剁椒鱼头,沙雕",529837,1140,569,2411,5368,276,0,0,35679
BV1j64fz5EaY,114978623329789,1,171,2071,电子竞技,射击游戏,http://i1.hdslb.com/bfs/archive/07ce14efcd97a943949e520f36d4db2b1862a8b4.jpg,卧底dma第二期，被内鬼举报了嘿嘿,1754435033,633,212669589,老单喜欢当cs,https://i0.hdslb.com/bfs/face/dde53256e2313abcb3ab2656fe751ee1200d8a56.jpg,101277,"FPS,三角洲行动",301018,576,1665,2023,1007,2788,0,0,13014
BV1pVtPzMEnR,114982146608638,1,21,2154,日常,剧情演绎,http://i0.hdslb.com/bfs/archive/e20e69e8aa735e4ab25f68bd12e99c02bf515ae8.jpg,考虑了很久……终于做了这个决定……,1754488606,55,3546902050114131,来瓶杨乐多,https://i0.hdslb.com/bfs/face/85c6cf71801410cfe0db8e0fa3d25119c7ed7bfb.jpg,167801,"搞笑,无厘头,段子,抽象",183037,66,281,1183,1209,106,0,0,29065
BV1744RzqEka,114976828164982,1,218,2167,喵星人,猫,http://i0.hdslb.com/bfs/archive/650747e3a5749141545b9a783b59f5f783216d6e.jpg,养了快三年的痴呆小猫，我妈说他是演的，一到吃饭智商狂飙180,1754407441,339,6193241,爱赖床的图图,https://i2.hdslb.com/bfs/face/42e4ceaf6418b086143d91a7ad9ae9ace5f816f0.jpg,333184,"搞笑,喵星人,铲屎官,饭桶小猫,狸花猫,田园猫,云吸猫,必剪创作,萌宠UP主加更计划",318508,415,303,911,977,116,0,0,8477
BV1G9tczVEGg,114981190244289,1,168,2046,国产原创相关,网文解读,http://i1.hdslb.com/bfs/archive/176c64f5c80767eb8641a19d5c4d2868a8011da1.jpg,只有真正写了之后才知道真人的文笔有多深,1754474256,138,603778181,鹤蛊sensei,https://i2.hdslb.com/bfs/face/1911b8e997c712c6ae076d32b6c5f9c113a13d51.jpg,115304,"大爱仙尊,万我,仙工开物,2025中洲炼蛊大会,思维认知,认知提升,古月方源",99130,81,269,3122,899,137,0,0,10796
BV1Hx4fz9Ers,114978505886519,1,138,2054,搞笑,二次元其他,http://i1.hdslb.com/bfs/archive/1057b9dc7d05ee02db9992eaa5fd7f767d95302c.jpg,2025-8-6牛B又活了一天,1754432978,31,19550011,章鱼哥治愈馆,https://i1.hdslb.com/bfs/face/0e1ea3cd8f686b4716c8846904a6460cee493b08.jpg,691081,"幸存者,画师激励计划,章鱼哥治愈馆,牛B又活了一天,每日存档,幸存者大军",312112,21991,6160,8789,5736,3046,0,0,106277
BV1K8t5zTEK3,114971040028284,1,251,2152,三农,美食记录,http://i0.hdslb.com/bfs/archive/ebeb1a0bd17ba974ba8bfb576559b2dfa4699170.jpg,这是我的来时路，最后一次骑旧电驴进村卖糖水（库存）,1754319897,708,267599661,欧大发-沙蟹哥,https://i0.hdslb.com/bfs/face/eca1f64696b89f369b7375ccd3afe38e5ecbe6d8.jpg,338201,"摩托车,生活记录,记录我的美食日常,记录",305466,847,683,913,4908,220,0,0,21012
BV1LnhuzUEQN,114963356061430,1,138,2151,搞笑,美食测评,http://i0.hdslb.com/bfs/archive/d1357303c193678a32aacdeefddfd85c324101bc.jpg,《中国零食测评之康师傅方便面》,1754203168,752,1735813547,Nyyga-idol,https://i2.hdslb.com/bfs/face/fc965336f142e5f2da2017c0fdacaf07c2264467.jpg,22700,爱豆安利挑战,663480,4874,2889,5090,1783,1751,0,0,21110
BV1dhtPzREcS,114981676782769,1,65,2071,网络游戏,射击游戏,http://i1.hdslb.com/bfs/archive/6b79dd8e773ba1cc30bb36f233e0f8a718cfd19f.jpg,【老鼠人行动】潮汐监狱（野排）???w→???w,1754481462,266,403637371,老飞宇66,https://i1.hdslb.com/bfs/face/25d6b747d51cd07f6ae01a1145225f9be7fbdc5d.jpg,2561331,"三角洲行动,三角洲破壁新赛季上线",473657,4541,1210,2847,2418,400,0,0,37339
BV1WZt7zyE93,114974932344700,1,138,2005,搞笑,短剧短片,http://i2.hdslb.com/bfs/archive/1f441a7e2107eae7fdf10f3d550e673c2444770c.jpg,恐龙岛当保安日记.第二天,1754391600,503,3546704072674069,文导剧场,https://i1.hdslb.com/bfs/face/2ed036ed4948f89dba6ec9731a6f715764dac7b1.jpg,23978,"末日,恐龙,原创,末日生存,短片,原创故事,恐龙岛,原创短片,流量,动画短片群星计划",148765,401,418,5997,2419,233,0,0,24238
BV1FRtnz5EgT,114975418880976,1,65,2070,网络游戏,MOBA游戏,http://i0.hdslb.com/bfs/archive/2cd7fbdc3a647bc813bf266c05905e77ef4f3006.jpg,有趣...是值得我使出真伤的对手！,1754385905,253,3546799094631194,爱丽速子LightSpeed,https://i2.hdslb.com/bfs/face/9ea7f7998ab8bb02c34bed1aa3aa376643d49f8b.jpg,161069,"电子竞技,娱乐,搞笑,王者荣耀,MOBA",230488,292,332,1130,761,59,0,0,20341
BV1MxtjzmEje,114974059923130,1,215,2152,美食记录,美食记录,http://i0.hdslb.com/bfs/archive/2a891c29d7f72da2c23f26a9f329e2d2f77fff20.jpg,一场铁板与美食的碰撞,1754365466,157,1983705001,明天谁做东,https://i1.hdslb.com/bfs/face/5b2465cc10918e1b6c0683a192d53716294a31d8.jpg,607828,"美食,办公室,铁板",1535025,226,279,3626,901,456,0,0,63195
BV1UctVzTEGv,114971811782565,1,231,2103,计算机技术,工程机械,http://i0.hdslb.com/bfs/archive/bef3fcedf617e7160456c1652822705b0d8d3074.jpg,是的，哈基米可以端到端加密「哈基密文2.0」,1754342400,154,335320968,WIFI连接超时,https://i0.hdslb.com/bfs/face/679f6802d2ed336811576b7d03f2f7cb27a7a568.jpg,9518,"电脑,教程,前端,基米,加密,哈基,Vue,曼波,端到端,分享我的专业知识",288369,80,1023,13088,5528,3608,0,0,19177
BV1KjtMzQETq,114968741550329,1,130,2016,音乐综合,原创音乐,http://i0.hdslb.com/bfs/archive/eb941189a24313efa4ba6d35f50703edf2ec2b99.jpg,小娃pt.2--（OfficialMusicVideo）亚细亚旷世奇才,1754287237,141,2010145557,亚细亚旷世奇才,https://i0.hdslb.com/bfs/face/57c02f89b264a290d62f88b432de9c887137f130.jpg,923183,"原创音乐,MV,4K,新世代音乐人计划原创季",1712402,41326,5517,47150,54224,5140,0,7,197447
BV17VtEzeEWj,114975100113017,1,21,2152,日常,美食记录,http://i0.hdslb.com/bfs/archive/6742b4e91c39dadf7d1aab3e9509f794ab79bd1e.jpg,当老外第一次吃巧克力威化砖看看他们会是什么反应？,1754381512,274,3546725843208792,挺嫂在西班牙,https://i0.hdslb.com/bfs/face/6996a0ed84b7f153ead852ddc889b3d87be02f74.jpg,313632,"外国人,巧克力,威化饼干",280636,504,440,2299,752,99,0,0,25207
BV18jtczBE46,114979713849244,1,172,2077,手机游戏,休闲/小游戏,http://i1.hdslb.com/bfs/archive/ca79faa51419e6c5a4d47b9d646aa15a1a52ae42.jpg,蛋仔派对：蛋仔最难听的六首bgm！每一首听完都有一股无名火！,1754451389,137,2029129181,蛋仔灰灰,https://i2.hdslb.com/bfs/face/38b38355f13d9d607fa6853599eb2cb89ba1b485.jpg,245669,"eggy爱挤,蛋仔日常,蛋仔女孩,蛋仔派对发起人,蛋仔实况,蛋仔派对创计划,导演蛋生记,蛋仔带你看世界,竞技游戏,游戏鉴赏家",593139,184,55,25824,755,10,0,0,21443
BV1bzt3zYEur,114970821923833,1,21,2104,日常,自制发明/设备,http://i2.hdslb.com/bfs/archive/db295f331a20730c82c6322b685e8a4919f2341c.jpg,上个月工作报告,1754316441,91,2068622664,猪坚强jqsg999,https://i0.hdslb.com/bfs/face/9c96f2865b9ba331b7318758f2d34916c6804565.jpg,1230086,"机械,自制车,大人也要玩玩具",1805803,961,1603,14205,9501,2085,0,65,163036
BV127tJzSEcc,114974328362340,1,182,2001,影视杂谈,影视解读,http://i0.hdslb.com/bfs/archive/c9ba57067854a605ba3d7dc0c3973930c71c4c1e.jpg,【万字拆解】血腥实验，杀戮元年！《人类清除计划4》第一届清除夜，人命换数据，小岛变囚笼，今晚杀人只为做科研~,1754380800,2170,245069296,迷影区间,https://i1.hdslb.com/bfs/face/a4aae4a3495cd589c21ee0d79d684ac82352c62b.jpg,895647,"万字拆解,若也洗发液,MAGA,人类清除计划4,杀戮元年,The First Purge,万字拉片大赛",462426,4278,445,5641,3923,291,0,0,17950
BV1W5hVzuE2x,114964832459956,1,182,2001,影视杂谈,影视解读,http://i2.hdslb.com/bfs/archive/f5e4c9a4666dc200b4e16a7c072b6f912702e0bf.jpg,一部《南京照相馆》，炸出多少妖魔鬼怪！,1754224463,362,5870268,三代鹿人,https://i0.hdslb.com/bfs/face/a915d1a1ff921cd418e74c5711c91b23e2a18c11.jpg,6361760,"刘昊然,南京照相馆,申奥,王传君,高叶",4251415,11753,8066,92131,132458,7405,0,3,294893
BV1sRt7z2Epc,114975033002958,1,86,2151,特摄,美食测评,http://i0.hdslb.com/bfs/archive/7761cd29ddf71b727a57c63a35bb1056ce0444c5.jpg,雪糕实力排名,1754380082,172,436368347,东方日出哇,https://i2.hdslb.com/bfs/face/d9c8f0680355e6b5f0941aec8d2e166f832cdf8f.jpg,487229,"美食,生活记录,雪糕,搞笑小剧场,实力,童年味道",733786,626,777,9827,511,324,0,0,22481
BV16BhHzREww,114953071697393,1,47,2055,同人·手书,二次元绘画,http://i2.hdslb.com/bfs/archive/d09546b48776b04e4cef2f5818c50bba402376b6.jpg,这些原神/崩铁图将不再更新！,1754045198,63,3494365922069299,青辞川,https://i1.hdslb.com/bfs/face/0bda5aeedffb252a36e64ada139ccc89c623dddf.jpg,138222,"同人,绘画,插画,板绘,崩坏：星穹铁道,崩坏星穹铁道,米哈游,原神",1859407,256,2975,48420,59206,826,0,33,313447
BV1xrh8zREc7,114958322893292,1,29,2018,音乐现场,音乐现场,http://i1.hdslb.com/bfs/archive/965cc9fc833eb631de43ab01ca4fa8a1ba61efc5.jpg,朝阳公园路演，偶遇日文原唱@当山真玲🎬全过程视频,1754125633,471,393114402,北京路演计划,https://i0.hdslb.com/bfs/face/44e44ce4ff07f5194fb47d98f049601f7c98b9fe.jpg,1621,"音乐分享官,日语,LIVE,音乐现场,4K,现场,日语现场,北京路演计划,#当山真玲,朝阳公园,偶遇明星",1011084,579,1958,13892,6274,3000,0,0,97762
BV1tshHzvEwL,114953021494372,1,239,2122,家居房产,家居展示,http://i2.hdslb.com/bfs/archive/09df386de8b04b73969ed8e754ed855c5ec4d25b.jpg,8月份的减肥，从刷到本视频开始,1754046574,1000,1590082082,马俐管家,https://i2.hdslb.com/bfs/face/362a2668db345d6c3986d043e1dbbab29c94d198.jpg,1776285,"高能,生活记录,uwant,友望吸尘器v400,友望自集尘吸尘器专家,记录,解压,深度清洁",9583225,30599,9333,178621,58428,28478,0,12,312673
BV1WctnznEf6,114975737643366,1,228,2090,人文历史,人文历史,http://i1.hdslb.com/bfs/archive/716e67ae40969c5fdfb793671bf4231f81f22bdc.jpg,从贫穷农业国，到首批发达国家，仅用20年，弗朗哥是如何带领西班牙，实现跨越式发展的,1754406000,1347,584762039,多明海,https://i2.hdslb.com/bfs/face/7be8894320351048691d993c2f73a9bced2fe884.jpg,1220944,"西班牙,内战,欧洲,经济发展,发达国家,弗朗哥",217874,716,681,3367,2270,234,0,0,10507
BV1fRtnzVEdF,114975418881795,1,85,2113,小剧场,仿妆cos,http://i1.hdslb.com/bfs/archive/4ff0f5693665fac9d61187708dca2ed0e7a41f93.jpg,谢谢你愿意花2分钟看完我的创作6年。,1754385931,120,474853499,李如儒也是李蠕蠕,https://i2.hdslb.com/bfs/face/8da8eac46ef637b771efeabf4b7b4b093d34dea5.jpg,2979012,"李蠕蠕,李蠕蠕也是李如儒,创作",1664947,996,2715,8475,28835,716,0,29,217147
BV1Jt4ozyEFw,114977717357357,1,21,2063,日常,鬼畜综合,http://i0.hdslb.com/bfs/archive/8dabfb3dd21df7d6fa05499ae272b549f2b0a27d.jpg,当你穿越到古代,1754435893,46,687535320,快乐的狗子哦,https://i0.hdslb.com/bfs/face/883b1e64be7e45e8b7f7e09427d374b2068ba820.jpg,282918,"猫meme,沙雕,鬼畜星探企划",772371,285,1988,1980,523,61,0,0,44800
BV1pSt3zdE1g,114970368939761,1,65,2071,网络游戏,射击游戏,http://i0.hdslb.com/bfs/archive/3faac1cb455ff786ff3e9d4634995b0a23ceb543.jpg,今天咱就踏平航天！要么被航天踏平.....,1754309119,352,532249763,永远妖妖-三角洲行动,https://i2.hdslb.com/bfs/face/534ad488a182cfb90ecb6afa72432d8ebc3f6f71.jpg,67610,"三角洲行动,永远妖妖",306139,415,437,3872,540,83,0,0,28597
BV1K7tgzfEp6,114969496521256,1,171,2091,电子竞技,设计艺术,http://i1.hdslb.com/bfs/archive/218739eb0631c0a88e0742a07012e682f64751a7.jpg,来不及悼念幻影坦克了，接下来登场的是“光棱坦克”！,1754295679,330,11023521,letmedream,https://i0.hdslb.com/bfs/face/4b0e143579e321d10eac6191db3f3703f626cd08.jpg,407452,"PS,PS教程,光棱坦克,隐藏图,超清科普小课堂",214481,128,873,10309,2051,1589,0,0,12320
BV1yEt7z3ENW,114973556610726,1,47,2037,同人·手书,同人动画,http://i0.hdslb.com/bfs/archive/719e1a7672f378eb72ac839e4f7512e9a0b79280.jpg,抡语第16集，制作时我都忍不住笑了！,1754388000,258,4323652,画师禾月,https://i1.hdslb.com/bfs/face/b737827217ef6eb6c50093d38e23a4c04f38b5a9.jpg,139090,"搞笑,有声漫画,秦始皇,原创动画,原创,抡语,画师禾月,大秦,沙雕,画师百日创作挑战",411587,213,302,7693,2039,81,0,0,21724
BV1oftnz6EyW,114975435659170,1,47,2037,同人·手书,同人动画,http://i1.hdslb.com/bfs/archive/3324da55dcbd3e1033f6f7c8d507e671d3950b3b.jpg,三月七的【天天天国地獄国】,1754386115,72,89031393,夜半三更_,https://i0.hdslb.com/bfs/face/2071ad7f1909776030410e9dfb19f702370f2f7c.jpg,30318,"手书,动画,星穹铁道,崩坏：星穹铁道创作者激励计划,天天天国地獄国,长夜月,三月七",1205261,414,1415,63697,25686,9460,0,44,158553
BV1KyhuzAEMv,114963104406729,1,136,2074,音游,音游舞游,http://i2.hdslb.com/bfs/archive/a42d805248f9c2d1bd5816e60a36ada4fa3b957b.jpg,《 杂 交 版 音 游 》7.8,1754197994,123,92930253,HL_Storia,https://i0.hdslb.com/bfs/face/c56f531ec328d0ba3431e46c39e3a1dab97abedc.jpg,182524,"东北,音乐游戏,音游,雨姐,pjsk,杂交,STORIA,带派,phigros,整点电子榨菜",1000873,687,1616,30675,4293,8681,0,0,58462
BV1uRhJzKEjE,114952064994893,1,21,2083,日常,综合资讯,http://i0.hdslb.com/bfs/archive/8a843bed81e3ae1f33e9c25785f321b3960c1b5f.jpg,我的新书发布。关于真相，关于改变，关于我,1754029501,99,3546705693772503,EvanKail埃文凯尔,https://i0.hdslb.com/bfs/face/c57feb99919a5f26ec6ebd876ad5cf0f5acee0a3.jpg,1359953,"读书,学习,真相,新书",286646,611,849,6513,13584,268,0,0,95428
BV1butMz4EWE,114968489952579,1,215,2149,美食记录,美食制作,http://i2.hdslb.com/bfs/archive/480169f507dc7cd0e94b3118301c42fc0caf7fbd.jpg,当我用Cos系列美食抗议朋友来我家蹭饭,1754280263,99,1868223528,大伟投食记官方账号,https://i0.hdslb.com/bfs/face/a3b092e622e1686d7a94bbcb823e7b277de494b8.jpg,688068,"料理,搞笑,美食制作,厨艺,cos,记录我的美食日常,Vlog",3220699,558,304,22387,1106,995,0,94,94148
BV1Mjtgz8EXS,114969513300669,1,21,2083,日常,综合资讯,http://i0.hdslb.com/bfs/archive/95f649f0f001c6d8c45b70baea9bbfbb467f4018.jpg,坐火车上中下铺选哪个？纠结型选手不用纠结了！听影老板给你分析得明明白白的￼,1754308800,63,33775467,人民网,https://i0.hdslb.com/bfs/face/4b5468ab22ee0ba672f070def7ed55986c581a4a.jpg,4247932,"生活记录,技巧",1512698,851,2225,1409,635,260,0,0,43528
BV13c8Ez8E7G,114930976038737,1,65,2071,网络游戏,射击游戏,http://i0.hdslb.com/bfs/archive/a27ba3db7ad2fd8676a6d0fdd48047af3dc56aa0.jpg,你这跟挠痒痒一样的削弱，是在逗我玩么！？运营！【JOJO吃鸡#126】,1754366400,447,289629258,超絶核地雷,https://i0.hdslb.com/bfs/face/051c4760173f5e182821e1e3cd2b31a6f3faf62c.jpg,413036,"JOJO,空条承太郎,世界,DIO,JOJO吃鸡,白金之星,星辰十字军,时停,吃鸡,推荐宝藏游戏",226665,200,136,2428,800,67,0,0,14771
BV1f4hVzcEwy,114964966809040,1,162,2056,绘画,非二次元绘画,http://i2.hdslb.com/bfs/archive/d2173f6d80c017c753499d60ff8b42af9ee0f677.jpg,【灵魂画手】当医生开启“微笑服务”模式...,1754226417,30,3493104575318766,笔画心情,https://i0.hdslb.com/bfs/face/e3b96c373683c0101ec0ff0bb40ce3a4ff512634.jpg,4883,"漫画,搞笑,手绘,赫尔森微笑服务,画画",614795,214,628,3687,643,4884,0,0,37571
BV1NetjzGEda,114974043149924,1,28,2020,原创音乐,翻唱,http://i1.hdslb.com/bfs/archive/98237f6a8f6cd53863b7aa6cf78ef3587495781d.jpg,TruE|翁法罗斯黄金裔,1754452800,170,1632696879,淬淬淬是淬,https://i0.hdslb.com/bfs/face/9865a51bcf93c2355eb1dd045c9abe5424dfc44c.jpg,38332,"翻唱,崩坏星穹铁道,崩坏：星穹铁道创作者激励计划,翁法罗斯,TruE,黄金裔",72179,525,359,5588,1466,758,0,0,11035
BV1eBtJzKESp,114976056413601,1,47,2050,同人·手书,漫画·动态漫,http://i0.hdslb.com/bfs/archive/3173ca4bb9724e626cb1b5e168a71eaef2ac0dcc.jpg,她是谁？明明是我先来的……,1754395585,85,3546918179310343,ENX叉叉酱,https://i1.hdslb.com/bfs/face/2923eaae85b81110da3127bc55bd48532a6ff264.jpg,296139,"漫画,情侣,纯爱,二次元,爱情,青梅竹马,恋爱,ENX叉叉酱,甜甜的恋爱,国漫觉醒时",364467,200,895,7138,1098,729,0,0,48742
BV115tJzQEi8,114974160588112,1,21,2032,日常,国风舞蹈,http://i1.hdslb.com/bfs/archive/afef08d413a4b169b6a3876300fbaa6f85889a01.jpg,“家人们！真·沙漠蹦野迪！！跳完后竟遇到这样的事…”,1754369322,99,35579222,紫颜-小仙紫,https://i2.hdslb.com/bfs/face/e7f135eb2da6407fa1d5f63fea631e92a01876db.jpg,1665070,"4K,中国舞,中国风,淘宝闪购请你喝秋天第一杯,淘小宝ChinaJoy在线炒菜,淘宝闪购cj请客二次元,淘宝闪购立秋请客二次元,天竺少女,紫颜,我在漫展跳宅舞",584870,1478,590,10733,2859,395,0,0,64109
BV1nTtnzjE5h,114975938973329,1,21,2198,日常,休闲玩乐,http://i0.hdslb.com/bfs/archive/a64fdc6ecb3e64b72facc45ba8ed97c84cfb1c89.jpg,救命！一天饮料做80多杯真干不动了，四个人都忙不过来,1754394622,603,44128829,某天的游戏小屋,https://i2.hdslb.com/bfs/face/b40ec805940bb2bd088af716f30412ad2bf5b468.jpg,675104,"主机游戏,搞笑,武林外传,生活记录,某天的游戏小屋,咖啡店,任天堂Switch,必剪创作,整点电子榨菜",313989,1428,731,1411,5707,394,0,0,14536
BV1FThjzrEC8,114967164493066,1,17,2078,单机游戏,沙盒类,http://i0.hdslb.com/bfs/archive/6aa408df7967b72af4bcc0d9c2af48d65fee3a72.jpg,新生物霸凌了所有人...,1754298000,775,298276958,Mythend,https://i2.hdslb.com/bfs/face/27144113f342ee62ac61a964cea35ba075bb6376.jpg,256783,"小游戏,我的世界,Minecraft,乐魂",1842856,3536,2476,52533,45722,5290,0,7,150729
BV1iwtAzdERd,114980703702415,1,228,2090,人文历史,人文历史,http://i1.hdslb.com/bfs/archive/8763349f1e94a934fa7a0408389c6268e07bdad9.jpg,刘伯温：我能算尽王朝兴替，却看不透一颗帝王心,1754474400,2613,11125629,子非秋月,https://i0.hdslb.com/bfs/face/d5e8148c82f7fbc9c731f796bdb6af3d4a786868.jpg,3461265,"明朝,历史,知识,传统文化,皇帝,中国历史,人文,人文历史档案馆,刘伯温,历史人物",62019,354,190,1403,799,127,0,0,3232
BV1YKhhzBEhL,114958054525464,1,21,2102,日常,摄影摄像,http://i2.hdslb.com/bfs/archive/2e17dad6b18c2d0736a5c5af5fc65e34f1555a9e.jpg,“幸福不在别处 当下即是全部”,1754128800,108,416844825,李默ovo,https://i0.hdslb.com/bfs/face/69f6a473f3f6edb949be2e6a3247f229db933ccc.jpg,47950,"摄影,回家,生日",175681,112,309,737,4542,73,0,0,21453
BV1YdtqzmEts,114986441580381,1,65,2071,网络游戏,射击游戏,http://i0.hdslb.com/bfs/archive/4c32919085a769fde9a8e644f36b94c005f1971d.jpg,我必须立刻进攻D点！【战争雷霆】,1754559825,765,169896163,一拳人OPM,https://i1.hdslb.com/bfs/face/bd8e3cf52307b8a249c2d2219ca9066dd1d75292.jpg,863854,"策略游戏,战争雷霆,二战,steam游戏解说,推荐宝藏游戏",60403,678,441,1047,863,301,0,0,6191
BV1rihgz4EVq,114962466871917,1,172,2063,手机游戏,鬼畜综合,http://i0.hdslb.com/bfs/archive/0c7d4ab9b62c6338161b60cb53b79e3d84f1dd91.jpg,救世PV没语音不得劲，于是我加些进去,1754188629,104,24961799,金咸鱼,https://i2.hdslb.com/bfs/face/0356ee34b4e6771f03fb02a9a3523b558c15010f.jpg,450956,"鬼畜,搞笑,崩坏：星穹铁道,崩坏：星穹铁道创作者激励计划,昔涟,抽象",1012016,1431,3261,25044,17251,18070,0,0,98645
BV1TwhpzuEhi,114952887077992,1,182,2001,影视杂谈,影视解读,http://i1.hdslb.com/bfs/archive/47dccf75928f030d4f9037fc8f33db0c7721cb9f.jpg,超燃电影《疯狂的麦克斯》，十年来最硬核战车电影，末世狂暴不息,1754211600,987,73528331,摩斯神探,https://i2.hdslb.com/bfs/face/7a3ccfa2d021bc1212ffdd5ea637d098a1475d9f.jpg,3192583,"电影解说,石头,动作,石头P20Ultra,扫地机,石头扫地机器人,石头扫地机",5541171,483,229,26742,1333,80,0,41,59786
BV1nYhJznE8Y,114952366989017,1,182,2001,影视杂谈,影视解读,http://i1.hdslb.com/bfs/archive/dc688b62549afc438664bac766a5f9931a2b37da.jpg,猛男必看榜排名第1！主角光环也抵挡不了黑道大佬的的魅力！,1754042400,773,604710494,长片短解,https://i2.hdslb.com/bfs/face/6ccceba6ec8fe60d700f9f7c2910c08d70b03fe3.jpg,2452453,"动画电影,电影解说,经典电影,二手推荐,转转,宠物,二手手机,爱宠大机密,猛男必看,好剧好片重刷榜",5882892,764,760,23245,1398,781,0,63,58546
BV1QP8FzyEjW,114902018559788,1,250,2088,出行,社会观察,http://i1.hdslb.com/bfs/archive/6f365de6e37831529c47d5df95ced927d14e0743.jpg,贫困学子靠捡剩饭自学高考612分，却放弃上211坚持复读目标清北,1754524800,1888,3493117728656046,摩的司机徐师傅,https://i0.hdslb.com/bfs/face/5c62273a893cd5a4ddfd30d2790888250283cae2.jpg,1365956,"校园,高考,正能量,翻宝箱,乞讨,人物纪录片,流量卡,三和大神,清北,社会纪实录,社会切片计划",223054,5049,2899,2144,3588,2098,0,0,9073
BV12B8gzwE6u,114925087232648,1,182,2001,影视杂谈,影视解读,http://i1.hdslb.com/bfs/archive/0bcb6f0a08d625e0a1c21b0995e2fbb2f899942c.jpg,豆瓣8.6日恐超神作《向饭沼一家谢罪》逆天改运却害得全家暴毙|TXQ FICTION第二弹,1754041200,1732,170059,AHS放映厅,https://i1.hdslb.com/bfs/face/ef4573d5576707049dda994bdbcd2922d27a1f09.jpg,197009,"恐怖片,电影解说,悬疑,惊悚,日本,伪纪录片,都市传说,灵异,向饭沼一家谢罪",746021,2033,1141,29283,5401,5978,0,0,33620
BV1arhPzfEyr,114959631523185,1,22,2063,鬼畜调教,鬼畜综合,http://i1.hdslb.com/bfs/archive/a88e5012d00b3b674fa428b87f68f3e6d9fee49f.jpg,带你回到那个夏天!,1754146732,120,5878572,核动力路灯,https://i0.hdslb.com/bfs/face/1201762ebd2205f61a8e8deaf03489c3dd5b52b2.jpg,602156,"鬼畜,唐国强,诸葛亮,挖掘机,全明星,鬼畜调教,跟着唐国强膨美团下午茶免单,司徒",619550,11914,826,18200,5088,1565,0,0,111166
BV1xUtVzNEsg,114971291686221,1,172,2077,手机游戏,休闲/小游戏,http://i0.hdslb.com/bfs/archive/5e7f93c7c458606a8b9b979f4b27bec73c570cb4.jpg,蛋仔派对：南瓜居然被兔仙收买了！,1754322936,131,64621079,隐秘的兔仙,https://i2.hdslb.com/bfs/face/a557213fddae799ef9963d790ea571ce22b7ddf0.jpg,469765,"蛋仔派对南瓜入侵,隐秘的兔仙,蛋仔带你看世界,蛋仔派对",1417125,208,536,40573,1662,54,0,0,39101
BV1fgtEziEdf,114975066690122,1,27,2041,综合,动漫剪辑,http://i1.hdslb.com/bfs/archive/7445bbf91941dcbadbfc96386f64677b45d238c9.jpg,《上阵父子兵》,1754451000,1254,5024187,龙三条,https://i0.hdslb.com/bfs/face/7320c782f78cc54904ec31dc07d56c1478b81060.jpg,1303515,"搞笑,搞笑美漫,AmericanDad,美国老爹,名场面,美漫,出生,Steve,Stan,搞笑美剧",212121,1200,413,1528,732,361,0,0,10067
BV1G3hhzNE3S,114958272566477,1,138,2154,搞笑,剧情演绎,http://i0.hdslb.com/bfs/archive/ebb5f79edd40d833961ee15bc49e8d3517fe1f09.jpg,《入类5.0》,1754132400,107,70429299,嘞是唐孃孃,https://i0.hdslb.com/bfs/face/7685255299c9892d57048aca5f960c59b6850533.jpg,1708036,"原创,校园,暑假,搞笑,娱乐,高中生,搞笑小剧场,转转回收,夏令营,转转",1161087,1309,676,4976,1333,731,0,0,94447
BV1jwhhz3EaH,114958037685416,1,172,2077,手机游戏,休闲/小游戏,http://i0.hdslb.com/bfs/archive/f8f6a3b05766f9d6860dc393442dc384f9bd0f99.jpg,【伪蛋入侵2合集】你身边的蛋仔可能是伪蛋！,1754121434,2264,84049965,害怕z,https://i0.hdslb.com/bfs/face/93b14b4d9b215711be08a6672bf043d3b10808b2.jpg,261690,"搞笑,蛋仔小剧场,蛋仔派对发起人,害怕z,神奇艾比,伪蛋入侵,蛙蛙教,休闲益智,蛋仔派对",2815999,2084,1708,203504,24309,97,0,7,199944
BV1ZshpzpE4S,114954782907391,1,17,2071,单机游戏,射击游戏,http://i0.hdslb.com/bfs/archive/8f78445373d9296e0eff4b49bbb0e20557859e1e.jpg,⚡固排这一块⚡️,1754092800,487,253100586,星空钏,https://i0.hdslb.com/bfs/face/9cd9ae3564ebeca10b078772d07d5cc73ab5179e.jpg,2090,"FPS,电子竞技,娱乐,游戏集锦,三角洲行动,高燃,踩点,固排,三角洲破壁新赛季上线",176675,339,553,1530,2675,286,0,0,11769
BV1LKt5zXEqQ,114971358791317,1,157,2160,美妆护肤,城市出行,http://i0.hdslb.com/bfs/archive/98f7a4c03b67d326926ddba877177553d36cd513.jpg,逛街别光只逛不买啦！顺便0元做个色彩测试！,1754324111,149,287468649,阿哈哈哈哈哈黑猫警长,https://i0.hdslb.com/bfs/face/1305fba1909b05ac6d90e0ec2f4eb5ad343998db.jpg,1511032,"生活,色彩,测试,测评,生活记录,逛街,挑战,色彩测试",257720,85,152,13286,670,2901,0,0,20887
BV1rotwzFEUM,114980770813797,1,249,2141,足球,体育赛事,http://i2.hdslb.com/bfs/archive/0e3c25eab813be59d26aa62587dfbdf1c1d94da3.jpg,2526赛季前瞻 | 巴萨篇 | 困难重重？乘风破浪？| 又或者准备好一起征服世界了吗！,1754467573,1546,629236570,T9小赵,https://i1.hdslb.com/bfs/face/804108515d5e2ae134e5d5d4be1b20d771443bb6.jpg,70344,"巴萨,欧冠,西班牙,体育,足球,弗里克,西甲,拉什福德,亚马尔,踢足球看足球热爱足球",69038,727,479,875,1661,167,0,0,3511
BV1Z4tPztEzs,114981660004983,1,238,2137,运动综合,武术,http://i0.hdslb.com/bfs/archive/cf0298363042da5a5dae9b293df2a072441ef0b0.jpg,1000万伏电压！实拍巨型闪电下真实渡劫画面！,1754557200,260,1455861172,剑客范十三,https://i1.hdslb.com/bfs/face/22bbff153cd72367ba69d553ee5853f321529324.jpg,2374744,"梦想,4K,诛仙,神剑御雷真诀,诛仙2手游,玩诛仙2,诛仙2手游8月7日破劫公测,渡劫,武侠梦",200339,250,245,1032,681,129,0,0,6978
BV1xAtwzTE96,114981156752224,1,121,2064,GMV,单人RPG游戏,http://i2.hdslb.com/bfs/archive/3b15f2b6e61e97249026d9f76fd77f2614ae6b46.jpg,☝️🤓发给你玩原神的朋友然后什么也别说,1754473480,168,382349038,不摸鱼的海,https://i1.hdslb.com/bfs/face/02ba3e816a3843e72586801524d45046693ed2ea.jpg,58265,"原神UP主激励计划,娱乐,GMV,整活儿,原神夏日度假村,阿夏,班尼特,原神",314874,1183,1149,13807,9120,6977,0,0,55736
BV1ZWtizSEXE,114985300660939,1,138,2155,搞笑,语言类小剧场,http://i0.hdslb.com/bfs/archive/3cd17dfb2499caca5e3cb2b4b13c49a853cfa82f.jpg,可爱的低音炮男孩-付航脱口秀,1754536728,96,57592895,付航脱口秀,https://i2.hdslb.com/bfs/face/09f8e3e965220fe17cadf70893228f35d1d71e3f.jpg,2200367,"低音,低音炮,声控,搞笑小剧场",326636,147,189,860,610,371,0,0,32356
BV1HStnzmE2w,114975200842307,1,250,2159,出行,旅游攻略,http://i2.hdslb.com/bfs/archive/69a807c0902ade0095975b8bf71500c498449d60.jpg,香港漫步指南：触摸文艺灵感的脉络,1754389894,963,4087953,BBGthisway,https://i0.hdslb.com/bfs/face/7837ef53601bf96ea4067a22d4c671697c971b6c.jpg,336383,"香港,治愈,文学,旅行,vlog,华为MatePad Pro12.2英寸,BBGthisway,华为平板,华为MatePad,旅行攻略UP主激励计划",83716,231,95,894,1672,139,0,0,3776
BV1ZRtnzVEFu,114975418879578,1,212,2150,美食侦探,美食探店,http://i2.hdslb.com/bfs/archive/c8fe091a4a6a976a13b36b283678c06e8e153f05.jpg,云南的菌子你好“滇”，采蘑菇的小老外品尝之后光速投降！,1754385887,961,3537122973714533,老王在中国,https://i2.hdslb.com/bfs/face/5cc0f66946ba560d0ccbd8e5bffc45ac94793cf4.jpg,3447983,"生活记录,舌尖真探事务所,采蘑菇的小老外,云南美食,老外在中国,彩云之南,美食探店,菌子",413651,3744,1940,2172,6462,827,0,0,26926
BV1ugtgzeE6S,114969311973321,1,137,2014,明星综合,娱乐综艺正片,http://i2.hdslb.com/bfs/archive/3f174cc170d4c0689f50825dfd02a34b81601537.jpg,【TF家族练习生】《肆意时光簿》EP05,1754305200,759,3670216,TF家族,https://i1.hdslb.com/bfs/face/1c74336b9060d40d0ccf5e8bce7c0de34526b1e3.jpg,6942327,"TF家族练习生,肆意少年突围",992040,273896,5291,13665,4560,745,0,0,41960
BV1Aht5ziE8N,114971090357504,1,59,2021,演奏,演奏,http://i1.hdslb.com/bfs/archive/0bf9dd4010ead5863b67aaad8e24fb772974dda1.jpg,以我残躯化烈火,1754319922,114,3546676310575314,MARX_Guitar,https://i0.hdslb.com/bfs/face/ebc05496074fbe2a4f633edfcb85a7229e7f91ac.jpg,194,"赛博朋克2077,第一视角,电吉他,强尼银手,武侍乐队",281258,43,366,3050,701,454,0,0,22616
BV1u14RzsEaL,114976626835874,1,17,2066,单机游戏,单机主机类游戏,http://i1.hdslb.com/bfs/archive/575ce008723bdcb0ab52f7ee6c4a56baec710b9c.jpg,大自然真美丽🪳🕷️🐞,1754469000,880,19512037,纪夫Junly,https://i1.hdslb.com/bfs/face/66c9b0f2d84ee09c2c4209894e09a9dfac1806fb.jpg,687503,"游戏实况,搞笑,STEAM,小游戏,单机游戏,禁闭求生2,纪夫Junly,Grounded 2,沙雕,推荐宝藏游戏",395862,1049,468,16539,2448,91,0,0,21610
BV1AEtKzkEDs,114982851188093,1,215,2149,美食记录,美食制作,http://i1.hdslb.com/bfs/archive/df7cc2ab5075c52e052fa0f99b90b6faa237fd85.jpg,中西合璧千层面,1754539200,348,85407093,一宝ebao,https://i0.hdslb.com/bfs/face/6af4108b41b66683c995b2084ba129367b34e2cf.jpg,404970,"面食,vlog,萌娃,面条,我的养娃日记",128412,830,348,755,2318,150,0,0,11218
BV194twzSEtC,114980888251747,1,253,2042,动漫杂谈,动漫评论,http://i2.hdslb.com/bfs/archive/4058cfe532d278fb8beea79b22421d2c90bea5fb.jpg,“动物之友”荒木飞吕彦，八部JOJO究竟有多少动物惨遭毒手？（中）,1754478000,1140,7526017,真云霆,https://i1.hdslb.com/bfs/face/f574f4a20ecaa34e66d342de0462b4608a1c59e8.jpg,204671,"荒木飞吕彦,JOJO的奇妙冒险,JOJO,搞笑,空条承太郎,动漫杂谈,DIO,黄金之风,不灭钻石,石之海",102350,544,185,1507,1577,137,0,0,7818
BV177tnzzExN,114975553098632,1,201,2042,科学科普,动漫评论,http://i0.hdslb.com/bfs/archive/4c2ad224574dab1ec317d42d73fafc4296d90387.jpg,神秘的朝鲜动画片，严格封锁不允许外传，到底讲了什么内容？,1754396100,1238,53166650,晓涵哥来了,https://i2.hdslb.com/bfs/face/3dd58950fa1789c185341815878aac345a6e88a6.jpg,857935,"朝鲜,历史,动画片",783243,2663,1889,6896,1614,1002,0,0,21814
BV1wMh8zEEZF,114958624954675,1,161,2183,手工,助眠视频·ASMR,http://i0.hdslb.com/bfs/archive/f46c4b651cd900bacd395b5b83908e2c264e2883.jpg,饭后你想来点什么呢？ ASMR,1754129491,71,8399798,Aismr_,https://i2.hdslb.com/bfs/face/24b362b243c9b0206be406fcc6636c34e6627a18.jpg,89275,"助眠,催眠,创意,安眠向,耳机,asmr,放松,解压,触发音,极度舒适",633466,347,377,14390,776,1009,0,0,58100
BV1NR4RzEE3n,114976593281501,1,172,2068,手机游戏,回合制策略游戏,http://i0.hdslb.com/bfs/archive/a5645c015ba7568cfab2946b1affda515bb8853d.jpg,逆天联动！月圆之夜最新DLC的真正结局究竟是什么？？？,1754454736,225,29191734,浅唱君Jacky,https://i0.hdslb.com/bfs/face/55eba6f575ced1ae05d6e20b9b5bf360ad0e5d41.jpg,882053,"游戏杂谈,单机游戏,国产游戏,搞笑,DLC,浪浪山小妖怪,月圆之夜取真经,月圆之夜,游戏鉴赏家,推荐宝藏游戏",129142,464,328,3017,2064,1062,0,0,8056
BV1HDh8zUEpK,114958423562533,1,172,2071,手机游戏,射击游戏,http://i0.hdslb.com/bfs/archive/2346ca5ef853429725aac70a8bd4938006992bd1.jpg,他们说卖号的时候挂这个视频能加250块,1754126406,22,443528360,林家小小猪,https://i2.hdslb.com/bfs/face/22a6c681787657d2e75111aefd0c0ee014690281.jpg,81,"FPS,三角洲破壁新赛季上线",343747,96,971,6738,575,9895,0,0,36153
BV1CChEz9EV2,114950756371804,1,215,2149,美食记录,美食制作,http://i1.hdslb.com/bfs/archive/0ab219ef54d6b0a339e351bcda957676dd3944dd.jpg,上海人家的晚餐,1754009574,358,635094122,眼镜蛇1876,https://i2.hdslb.com/bfs/face/966eabd3a259db9f4180cdd6e8373c7f5d607863.jpg,47490,"学习,美食制作,厨艺,生活记录,游戏实况,上海,晚餐,Vlog,原神",224294,203,301,1537,1065,463,0,0,11630
BV1BthVz8ELu,114964882856608,1,17,2078,单机游戏,沙盒类,http://i2.hdslb.com/bfs/archive/fffc5943c546dbc23696e8cb3ef288f7e3bb91a9.jpg,【我的世界|后室】爆肝后室！！3.7平方米的level0？自制后室速通,1754225089,128,384505691,妥协本人,https://i2.hdslb.com/bfs/face/eb4806df7e68dc176fbd7af4a955b85cbb07f8ad.jpg,1518,"我的世界,后室,爆肝",349568,357,538,3092,4084,141,0,0,35118
BV1dktgzrE52,114969228088346,1,172,2073,手机游戏,动作竞技游戏,http://i1.hdslb.com/bfs/archive/d384e8f4db2862d8a8b4539dce4f337a8dc6e14b.jpg,【萌黄速报】9月高招S波风水门[九喇嘛连结]，侠隐新忍揭晓！,1754291292,139,441897078,火影忍者手游情报君,https://i0.hdslb.com/bfs/face/3c975d44586143dd0eb4b121a3437bc8cc696610.jpg,2668053,"火影忍者,格斗游戏,火影忍者手游,火影手游",2207873,13422,14074,15789,5264,49591,0,68,89155
BV1Pf8CzoEqR,114946864056910,1,242,2018,娱乐粉丝创作,音乐现场,http://i2.hdslb.com/bfs/archive/879c11b001446f6b957895423a8c6cca643ccb04.jpg,【TOGENASHI TOGEARI】《雑踏、僕らの街》【BML2025单品】,1754107378,217,403748305,BML制作指挥部,https://i1.hdslb.com/bfs/face/924fb698bc68802a95c123c1f1ff41b3be1e9c9e.jpg,1295847,"音乐,BML,LIVE,音乐现场,现场,TOGENASHI TOGEARI,BML2025",489229,244,1268,12454,5249,4615,0,0,61550
BV11RtMzRErb,114968053681263,1,254,2085,亲子,非应试语言学习,http://i2.hdslb.com/bfs/archive/8e9bbcbacfc32fbb69069a01cbfd550d3fd27201.jpg,【美式英语】混血小朋友谈“便宜”不要说cheap,1754273434,45,3546801074342819,美国奶爸亲子学英语,https://i2.hdslb.com/bfs/face/5d6ec4f08b23ef19e1b693d6539cda0716da84a7.jpg,99638,"美式英语,混血宝宝,英语口语,英语启蒙,创作灵感,亲子英语,我们的家庭日记",272968,61,274,7130,688,271,0,0,26972
BV1imhHzUEVv,114952769706755,1,182,2009,影视杂谈,娱乐评论,http://i0.hdslb.com/bfs/archive/0dce04204117e78979873e29026fbd64b16a91ac.jpg,13岁前乞讨，22岁当影后，39岁跌落谷底，50岁重回巅峰，她的人生比电影更精彩！,1754101800,918,34189415,low君热剧,https://i2.hdslb.com/bfs/face/fabe17ef4b344336b872e3ded46a4a4b11140e7f.jpg,2928318,"惠英红,我爱你,燕云十六声,在燕云暑期版本安家了,燕云新武器唐横刀,燕云武学宗师惠英红,宫心计,怪你过分美丽,长辈,血观音",509667,1154,888,4082,5139,495,0,0,23479
BV1NCtnzQEu4,114975267885651,1,216,2063,鬼畜剧场,鬼畜综合,http://i1.hdslb.com/bfs/archive/4b19674eda784b4ad0913cfbfa23543f7af3fb92.jpg,四大门派围攻东方明珠,1754383605,268,91790758,伊介书生,https://i1.hdslb.com/bfs/face/13c550fb549a533ce01182e5699f5efedcccf75a.jpg,389337,"孔子,故宫,上海,广州塔,东方明珠,蜜雪冰城,鬼畜星探企划",950592,3160,2162,13978,7365,5389,0,90,80621
BV1YphtzFEWt,114957903462730,1,21,2154,日常,剧情演绎,http://i1.hdslb.com/bfs/archive/b16ed7a8f8410445fe9fff42c676cf9b508919a9.jpg,到不是真的虚，我只是刚好属于确实型人格,1754118551,171,1443546125,阿玉老贼,https://i2.hdslb.com/bfs/face/c03cf386a8e76ac1d3060796d343b4cc829f2f93.jpg,246937,搞笑小剧场,542766,31866,2746,7335,2162,2466,0,0,91123
BV1NPtFzfExZ,114980502574245,1,47,2037,同人·手书,同人动画,http://i2.hdslb.com/bfs/archive/5d8b06a8f7a6bbf551e17fbd7f242031eca5b01d.jpg,你成为了雷杰多的人间体 来到原生之初去教育土著P38,1754473249,674,1415483599,磷火动漫,https://i1.hdslb.com/bfs/face/661e0d82e5a2bb135ab6db4e0a28fc12aa272888.jpg,948103,"小说,奥特曼,笑容加,磷火宇宙,原创漫画,电动牙刷,usmile,爽文推荐",129920,2085,654,3225,2756,125,0,0,10005
BV1PxtGzwEkD,114970251496176,1,121,2064,GMV,单人RPG游戏,http://i1.hdslb.com/bfs/archive/1eabfcae4286472c9f5aca84a368b9f10a4f8b03.jpg,“时间会证明「鸣潮」终将会成为顶尖二游！”【鸣潮/黎那汐塔群像】,1754364600,119,175333301,哇周某人,https://i2.hdslb.com/bfs/face/a7670c1831893164c62a65a2fa244f337389e748.jpg,243497,"CG混剪,群像,GMV,二次元,鸣潮创作激励计划,弗洛洛,鸣潮黎那汐塔,卡提希娅,尤诺",150558,2799,833,8353,10791,422,0,0,34213
BV1MstjzEEoo,114974076699910,1,182,2001,影视杂谈,影视解读,http://i2.hdslb.com/bfs/archive/71fe0433636846c1b51ca5ae7a4ad5f711a52591.jpg,【影Sir】被绿N次后，她用食物相克吃废了丈夫！国产悬疑《双食记》,1754365265,618,242020511,我是影Sir,https://i2.hdslb.com/bfs/face/6654e181947e778f8aa1c83fc9ffe94ae21cdb5a.jpg,742975,"吴镇宇,影评杂谈,解说电影,余男,悬疑电影,江一燕,惊悚电影,讲解电影,好剧好片重刷榜",801449,807,584,3869,667,377,0,0,26156
BV1LftnzrEk1,114975435721593,1,86,2154,特摄,剧情演绎,http://i1.hdslb.com/bfs/archive/62c754aa315a348eaac82e77ad9ca680acdaca06.jpg,超燃决斗！金铲铲真人版！,1754387109,229,3066511,特效小哥studio,https://i1.hdslb.com/bfs/face/6ec724a9cccb64d4e93dc1c25aea6608ac72abde.gif,4472696,"特摄,美少女,龙珠,搞笑,COS,特效,假面骑士,金铲铲天下无双格斗大会",538061,1911,328,2905,1367,837,0,0,27830
BV15shTzMEPS,114960336165739,1,17,2079,单机游戏,其他游戏,http://i2.hdslb.com/bfs/archive/90ecbbb3c4fa792313084632822d891f898384dc.jpg,我的好兄弟看视频不点赞被「告上法庭」!!!!!!?,1754179200,1801,84130356,夏天y,https://i0.hdslb.com/bfs/face/2139ba40f33a5977675e209a66896c4c3fe3eeb5.jpg,1517908,"单机游戏,娱乐,MC,我的世界,搞笑,多人游戏,沙雕,法庭,夏天y,推荐宝藏游戏",1183439,2164,539,49640,41857,702,0,37,94596
BV1QRtGz3EbB,114969999840278,1,172,2071,手机游戏,射击游戏,http://i0.hdslb.com/bfs/archive/f3992d7ce0c321f410e0465d71aba3f9b1b1aeb3.jpg,难言x：挑战只用密码箱开出的物资单四苏尔南,1754303095,136,28440054,难言言x,https://i0.hdslb.com/bfs/face/590588c2e34219cc55859ef2c4046588dd4544ce.jpg,1603511,"手游,FPS,和平精英地铁逃生,吃鸡,难言x,和平精英",1182286,269,148,35021,976,33,0,0,29920
BV1d3tNztEYk,114983321016338,1,176,2106,汽车生活,汽车测评,http://i0.hdslb.com/bfs/archive/6529938e05818a64c54eed0dd305d89532d60795.jpg,你以为它只是样子好看，肤浅！,1754532000,985,502925577,袁启聪,https://i0.hdslb.com/bfs/face/c059861e1815929755aab74322907f7df6833afb.jpg,1230314,"汽车,全新小鹏P7首发评测,全新小鹏P7开启预售,电动车,轿车,国产车,新车,小鹏,小鹏P7,阿B车友俱乐部",193591,1574,1040,830,603,2082,0,0,4667
BV1QXtGzkEwD,114970016613726,1,27,2037,综合,同人动画,http://i0.hdslb.com/bfs/archive/4a8922f2269b2f0296ef2c11b75dedea670d3644.jpg,“当知足凌驾于自卑之上 幸福将贯彻一生！”,1754303598,122,523439101,他的日常生活_,https://i1.hdslb.com/bfs/face/31478dc9f303e1c4ccccd25619baf04de5626823.jpg,11673,"原创《他的日常时光》,幸福",652921,44,209,11942,1090,111,0,0,25528
BV1FWtKzuE8L,114984679900450,1,17,2064,单机游戏,单人RPG游戏,http://i0.hdslb.com/bfs/archive/b9cb1a8ca8ea5bbcf116ccf39d97d51347bae9c9.jpg,【T0哥秽土转生限定版】屏幕前的你是否也贡献清零了呢（doge),1754527042,325,3493273698044311,T0级黑赛诺流量小王,https://i1.hdslb.com/bfs/face/110e3a31fa68c7b66a60ad1050b7c0ee926230ec.jpg,80723,"原神UP主激励计划,T0哥,T0级黑赛诺流量大王,幽静危战,深渊,原神",315499,2615,5587,1620,5031,1534,0,0,24701
BV11DtizwEc1,114986827389261,1,182,2001,影视杂谈,影视解读,http://i1.hdslb.com/bfs/archive/ceaf4ed755a25f55a4d2236518c7f87d4ca8bb9e.jpg,它改编自尘封83年的真实历史，揭露日本拼命想掩盖的真相！,1754560115,402,5870268,三代鹿人,https://i0.hdslb.com/bfs/face/a915d1a1ff921cd418e74c5711c91b23e2a18c11.jpg,6361760,"朱一龙,倪妮,吴磊,影评,东极岛,暑期档",43200,183,185,704,1610,148,0,0,5886
BV1LyhHzDEvS,114952736083491,1,228,2089,人文历史,时政解读,http://i0.hdslb.com/bfs/archive/baa79fe0c5594bd5a55ae6521696fc39597ef5f6.jpg,欧洲应反思！难民问题为何难以解决，根源到底在哪？,1754215500,780,316627722,世界见闻录,https://i0.hdslb.com/bfs/face/418ca1ae96680bc7d681a842d730e2057955850f.jpg,1712994,"难民,社会,财经,欧洲,国家,经济,欧洲难民",687171,1993,1080,4464,3048,294,0,0,36981
BV1Ck8yz4EuA,114946662731118,1,85,2154,小剧场,剧情演绎,http://i1.hdslb.com/bfs/archive/5a4b25357890fa44ecf311cddb3baee4ad632577.jpg,逻辑鬼才不吃苦～,1754218800,105,1875910928,小赖同学,https://i2.hdslb.com/bfs/face/4e4afbde408988ec1ee8799c8020839f2961fefd.jpg,436813,"搞笑,短片,生活,原创,逻辑,日常,职场,搞笑小剧场,鬼才,打工人",1106841,129,353,1544,589,113,0,0,34451
BV1FXtnz1E8r,114975234332369,1,172,2064,手机游戏,单人RPG游戏,http://i1.hdslb.com/bfs/archive/559bfbec86b2ebc89cca0261a32ec26183354fd0.jpg,5.8幽境危战难度5攻略！6个平民阵容推荐，通关技巧讲解,1754445600,814,31922771,Leah莉娅又迟到啦,https://i2.hdslb.com/bfs/face/eb4248f80af971d230eeb95cbc95ab6e23c546e5.jpg,380178,"原神UP主激励计划,二次元,幽境危战,游戏攻略,N5,圣遗物,攻略教学,难度5,原神,原神高能团",271234,766,3295,1314,4240,805,0,0,11808
BV1cytEzVEBg,114974496130707,1,65,2071,网络游戏,射击游戏,http://i2.hdslb.com/bfs/archive/0e1e225f5c753c7aa683ee8d7ff0203112dfdca3.jpg,【完结】花费2100w开航天所有房卡，看看最终能赚多少？,1754371796,502,283784134,斯达瑞-乔吉,https://i1.hdslb.com/bfs/face/6a5fe528ff57e9e7e98313966a5e2628ad73328c.jpg,51004,"三角洲行动,开卡,绝密,航天基地,三角洲破壁新赛季上线",321668,550,266,2523,1116,63,0,0,10522
BV1cgtFz9ELW,114980435263994,1,172,2064,手机游戏,单人RPG游戏,http://i0.hdslb.com/bfs/archive/863d9523028b3cc876a8eb19627f8d28e82502b1.jpg,⚡ 妈 妈 怎 么 拍 ⚡,1754462517,65,74166016,语堂天天啃土,https://i1.hdslb.com/bfs/face/156bb4dec26b2e1c824bd637f6442e9a968f6bee.jpg,649381,"摄影,绝区零UP主激励计划,月城柳",219317,84,220,3774,575,354,0,0,30679
BV1FGh8z1ERY,114958574623673,1,138,2154,搞笑,剧情演绎,http://i0.hdslb.com/bfs/archive/c246503789450e5ad9ebbbc3dc21b19e5852b305.jpg,当90后成为父母（90后真是神奇的一代呀哈哈哈哈哈）,1754129003,187,68439967,萧枭同学,https://i1.hdslb.com/bfs/face/048bdff2b19e39da8f1aba04a3bd595a073130c8.jpg,2832628,"搞笑,生活,90后,尴尬,父母,记录,真实,2025哔业大戏",546739,400,245,2376,709,196,0,0,46883
BV11rh8zREkD,114958322965704,1,164,2152,健身,美食记录,http://i1.hdslb.com/bfs/archive/efbb1d81605385c271deb8189f1432539b705318.jpg,真是甜咸永动机，好吃哭了,1754125207,280,44708078,努力的橙子薄肌,https://i2.hdslb.com/bfs/face/9e8c6f9069289454b54ac1aca54e7046bfdd2e1a.jpg,607185,"吃货,永动机,Vlog",1292806,1418,1741,7765,5454,5089,0,67,156362
BV1bShPzWEzw,114959883179261,1,17,2064,单机游戏,单人RPG游戏,http://i1.hdslb.com/bfs/archive/dce04ecc38e20d9be7889c298615b73ca7a704fd.jpg,游客：这海盗就是园长你啊？？？？,1754190000,517,7450650,超果果mc,https://i0.hdslb.com/bfs/face/68055fd664aca68f38bdd1d816c46ad4f7b7405d.jpg,2242027,"迪士尼,超果果,搞笑,过山车之星,造乐园,海盗,园长,海盗湾,整点电子榨菜",785342,763,363,16139,14898,311,0,0,40112
BV12JtcziEkV,114979747467112,1,212,2150,美食侦探,美食探店,http://i0.hdslb.com/bfs/archive/0bb7bc21362a9f8ad93c984a4761f1db83a980ae.jpg,探秘美国贫民山寨版肯德基！1块钱盗版炸鸡能吃吗？！,1754470800,452,8894411,子文又饿了,https://i2.hdslb.com/bfs/face/05954faf4210626ceae1a3eb5cacdecab5a61fe7.jpg,760310,"街头美食,美食,美国,国外,子文又饿了,炸鸡,肯德基,美国美食,探店,国外美食",283438,1565,322,1247,1422,209,0,0,11748
BV1srtuzsENP,114969630936061,1,30,2016,VOCALOID·UTAU,原创音乐,http://i0.hdslb.com/bfs/archive/fa992b94b8689de13c99eb113ed47749bea7699f.jpg,【星尘原创】这首歌献给所有成为大人的孩子们——重编版,1754304900,205,3493257147321138,哆啦慢,https://i0.hdslb.com/bfs/face/2f68eea4727204711c156a87e859678f3924134e.jpg,50419,"星尘,VOCALOID,原创音乐,VOCALOID CHINA,中文VOCALOID,孩子们,大人",367715,314,702,50702,10852,1262,0,82,70756
BV1Bm8Mz7EKm,,,,,,,,,,,,,,,"音乐分享官,日语MV,电台新星征集令7.0,JVC music,官方MV,ゆーり",,,,,,,,,
BV12jtJznE9J,114974345140020,1,245,2108,赛车,汽车生活,http://i0.hdslb.com/bfs/archive/adf90bed78721603f47fd856791b62177ed92661.jpg,一觉起来车没了,1754369365,21,12626355,此奏不是彼奏,https://i0.hdslb.com/bfs/face/7356a93f7d3850a18e002178e94c0b73c32228dd.jpg,774,"痛车,蔚蓝档案,圣园未花,记录,水淹车",942406,581,3497,2648,891,5559,0,0,48261
BV1NUh3zMEny,114963892931372,1,219,2167,汪星人,猫,http://i2.hdslb.com/bfs/archive/0cdb3dfd4d9d83a0eeb87232a562de2664d18715.jpg,陪伴是最长情的告白,1754220000,316,3546946425850423,一口一个团up主,https://i1.hdslb.com/bfs/face/33fcb94a59b9c4e52c8e95ef97176c1cf408474f.jpg,385764,"萌宠,边牧,布偶,小狗,小猫,萌宠过暑假",304523,654,763,6357,3518,1563,0,0,46901
BV1nDh8zUEwi,114958423558324,1,21,2154,日常,剧情演绎,http://i0.hdslb.com/bfs/archive/90d979c4ac6c8dea6eb375c9f4588e3b02932d58.jpg,《人类吸收过量盐分的话》,1754126904,130,594136614,芮予猪猪,https://i0.hdslb.com/bfs/face/3c8c2a66aab3c00fd2427a884b33196eedf22940.jpg,185755,"搞笑,意想不到的结局,剧情,反转,搞笑小剧场",4658951,1559,2590,73071,17342,7334,0,7,374262
BV1TchnzwEkW,114951997890406,1,22,2063,鬼畜调教,鬼畜综合,http://i2.hdslb.com/bfs/archive/b4e9194b74342dee5c0e7988dc48d79ff8fa0eea.jpg,憋笑挑战！！蛋宰派对！！,1754028422,57,3546760133741060,MC贝勒,https://i2.hdslb.com/bfs/face/09d9e08063d5ae49b03235dce0fd245828ecc7d4.jpg,161104,"万恶之源,娱乐,高能,歪果仁,配音,恶作剧,挑战,男人,派对,鬼畜星探企划",3243554,4123,532,10214,2262,1732,0,0,85122
BV13PtJz8Eew,114974210984875,1,138,2156,搞笑,UP主小综艺,http://i1.hdslb.com/bfs/archive/963b9b8171147e8e126cd03c48ee4678e6e2c7bf.jpg,哈哈哈哈哈答非所问英文版,1754367708,138,3461572842228424,牛小豪吖,https://i1.hdslb.com/bfs/face/e9242dde084b6c1ad20e87cf12e61eebfcec49f7.jpg,1891670,"娱乐,搞笑,英语,英文版,搞笑小剧场",1088226,3427,558,13770,2710,652,0,0,55072
BV1cgtFz9ED5,114980435269655,1,17,2079,单机游戏,其他游戏,http://i1.hdslb.com/bfs/archive/4a027f200641664479819196815a517567fdc496.jpg,监狱怎么还有卖铲子的？！,1754462368,342,509250684,老Biu,https://i0.hdslb.com/bfs/face/94033cb6d94f26073a49a3630da8904aadb7ee16.jpg,1571938,"实况解说,游戏实况,生存游戏,搞笑,越狱,老Biu,越狱模拟器",198178,704,134,1053,574,75,0,0,18075
BV1F2tjzPEgi,114973640496716,1,212,2150,美食侦探,美食探店,http://i2.hdslb.com/bfs/archive/9cedb615808190295da09811ca0d9f847bc6475e.jpg,碳水帝国了解一下,1754395200,197,22466550,一朵金花aa,https://i0.hdslb.com/bfs/face/ec21636d59175976c3b451236a2d23bd39c1b1f6.jpg,269477,"吃货,面食,种草,舌尖真探事务所,山西,美食测评,探店,山西旅游,山西美食,Vlog",149422,213,542,2060,628,1587,0,0,8853
BV1oshnzyET2,114951729451884,1,28,2016,原创音乐,原创音乐,http://i0.hdslb.com/bfs/archive/d3d50bf29fb02b4bd043dbcbc0e235d2eb4ae9b0.jpg,旺仔小乔17岁写歌很厉害吗？那看看我的,1754024345,60,1113324161,逸云穿鞋185,https://i2.hdslb.com/bfs/face/9ab1a82a69e929e46727fcb61275e86b530387de.jpg,20943,"音乐分享官,原创音乐,原创,说唱,高中生,歌曲,rap,旺仔小乔,逸云,emo",914777,994,2431,19292,9469,559,0,0,130896
BV1EthPzzEx8,114960051079988,1,17,2078,单机游戏,沙盒类,http://i1.hdslb.com/bfs/archive/6e4d8b02d303b1b5dff97f57b27ccc90e38ca217.jpg,我的世界：狙击枪每升五级进化一次，最后直接无敌了,1754182800,471,2131909,特技是我,https://i1.hdslb.com/bfs/face/a124bd9ef449970bb015f047959f715102ddfd53.jpg,33233,"狙击,生存,MOD,我的世界,沙盒游戏,电子竞技,FPS,第一视角,沙雕,像素风",1301452,876,94,56078,3411,50,0,82,59490
BV1ZZhEz5EDA,114952484494006,1,138,2207,搞笑,随拍·综合,http://i0.hdslb.com/bfs/archive/e76326edbce2b2a0d23f29a3af4442171190946b.jpg,【断网补全计划93】外星人攻打地球，旺仔小乔攻打天庭，良子铁笼挑战赛，八岐大蛇圣经，娜种物质，理想vs东风乘龙，懂车帝，武大事件后续，成人奶嘴，育儿补贴,1754046000,547,646732586,瞎问虾猜丶,https://i2.hdslb.com/bfs/face/afa2d431081c0e71efb14a76820b2c99dd2deb52.jpg,1895230,"梗,搞笑,外星人,娱乐,搞笑小剧场,二手推荐,旺仔小乔,二手手机,转转",2388857,7889,2625,12103,2878,2171,0,0,124619
BV1HNhNzVEuU,114959379863806,1,219,2168,汪星人,狗,http://i1.hdslb.com/bfs/archive/ed318cafbaf2b618a5ac878fc281d334afd6d97e.jpg,【沉浸式喂蒙古獒】周末五道菜，狗狗下雨天也不愿意在屋里吃,1754141884,104,3546828029036795,高崇元的蒙古獒,https://i2.hdslb.com/bfs/face/c4450692f4c0a7e1d673d5079fe4c28c58770bd3.jpg,6111,"汪星人,狗狗,宠物吃播,田园犬,沉浸式,藏獒,萌宠过暑假",770000,361,630,3405,553,691,0,0,47247
BV1nktNzTErC,114982985406537,1,253,2043,动漫杂谈,动漫速读,http://i2.hdslb.com/bfs/archive/81f1e8a3717f0c0279fd0d8bd889f08b91284ee3.jpg,扣1加入幻影忍者复仇者联盟！结局前的最后一页,1754535600,1139,3493136850488160,勇者时昭,https://i0.hdslb.com/bfs/face/6ca4ec6ab67663b8cd95308c74cfc81b02822b0c.jpg,138591,"童年回忆,乐高,童年动画,幻影忍者,乐高幻影忍者",129332,782,259,3404,1410,53,0,0,8361
BV1rytEzVEHM,114974496263161,1,228,2103,人文历史,工程机械,http://i2.hdslb.com/bfs/archive/9aed2f84935d4f10057d5161b7cce9c216613888.jpg,1.2万亿再造5个三峡，雅江水电站对中国意味着什么？,1754372103,427,26108626,赛雷三分钟,https://i1.hdslb.com/bfs/face/4eb764b8c6afc48ad1e7aaf84b0f58db3d4dbb3f.jpg,3232822,"三峡,地理,科普,雅江水电站,青藏高原,发电站,雅鲁藏布江,万物研究所",615711,2447,2581,4357,2912,971,0,0,50254
BV1ANtnzUEDr,114975955883853,1,171,2068,电子竞技,回合制策略游戏,http://i2.hdslb.com/bfs/archive/07770170109b27723bb16a49d68622ad74527a6c.jpg,【神超云顶s15】三天登顶国服第一，告诉你最适合当前版本的上分思路,1754394018,95,388063772,GoDlike_神超,https://i2.hdslb.com/bfs/face/e6bcb4a3dea0f2e71bb97a42f097efb89ce29aa7.jpg,836703,"英雄联盟,国服第一,策略游戏,云顶之弈,金铲铲之战,云顶S15",236336,88,777,4796,1338,1402,0,0,9391
BV1bKhLzpEmT,114965956527560,1,130,2017,音乐综合,MV,http://i2.hdslb.com/bfs/archive/c8acc09a9f04b4913d6a502924019bd5bf368172.jpg,【中日歌词首发/完整版】FGO十周年纪念动画主题曲「美丽世界」神山羊×YOSUKE from SPYAIR,1754241632,243,15319615,Aki惊蛰,https://i1.hdslb.com/bfs/face/3ca6c1855a4e0feaf40e857bdb194adbccf3d63a.jpg,257581,"SPYAIR,FGO,二次元,Fate,fes2025,すばらしいせかい,十周年,Fate/Grand Order,神山羊,fgo十周年",291619,785,834,17801,8254,2952,0,0,22413
BV1N2h3zzEBq,114963909709441,1,138,2126,搞笑,户外探险,http://i1.hdslb.com/bfs/archive/b4059a3c2e0e0dca63d70aef3454b37fe25219ab.jpg,【打野默示录】痛饮生化水池！荒漠地图十天纯纯坐牢😮真的传奇耐饿王啊~,1754211797,1076,1379165407,-超级小能猫-,https://i1.hdslb.com/bfs/face/9ba5a55b282a55ac2eb29267ad9ccab381678934.jpg,2405144,"解说,高能,荒野求生,德爷,转转回收,艰难,抽象,转转",2226996,2770,680,32593,7829,1106,0,77,69833
BV1Q6tKz4EwP,114984830897755,1,254,2194,亲子,中外生活vlog,http://i2.hdslb.com/bfs/archive/14a87617c1978c6b908625a82dc9cef8f5d6627b.jpg,加藤带爸爸来中国,1754529512,81,5087326,加藤在中国,https://i1.hdslb.com/bfs/face/fe307d3dfff0bfc6bc3e57c8f7d38d4c30d41612.jpg,800852,"生活记录,歪果仁,中国,暑假生活观察计划",161406,333,426,972,3905,329,0,0,24818
BV1R8twzmEcn,114981056026393,1,251,2152,三农,美食记录,http://i1.hdslb.com/bfs/archive/b92891c294b57c88994a52aa121d027bd67f3c0c.jpg,今天盒子有点大了,1754471988,1119,92489589,小李在改变1,https://i0.hdslb.com/bfs/face/71ffa7ce1214a36cc756020a1c40280e2c38cc73.jpg,120557,"街头美食,生活记录,Vlog",262651,1267,1127,1302,3385,272,0,0,18490
BV1wYtGz4Evy,114969899177388,1,171,2070,电子竞技,MOBA游戏,http://i0.hdslb.com/bfs/archive/d9a9ca816d137f81863fe566d23a35114495ab6d.jpg,Rookie：他转头就走，像下定了某种决心,1754301703,63,29992385,iG电子竞技俱乐部,https://i2.hdslb.com/bfs/face/487bf0cb89b58ce6baea91d2f2a5b0fc4a2e17fb.jpg,648263,"电子竞技,IG,娱乐,搞笑,LPL,英雄联盟,TheShy,MOBA,Rookie",533833,389,1013,1292,1599,1154,0,0,39749
BV1hYt3zqEST,114970889031812,1,47,2050,同人·手书,漫画·动态漫,http://i1.hdslb.com/bfs/archive/56c488e55f728b5120f34eea463af03c9896f384.jpg,排球少年!!第五季第一集,1754317056,80,888465,暗猫の祝福,https://i0.hdslb.com/bfs/face/ee1d70ddd0eb2c9699ad11eda2b72c7974bb8d88.jpg,2013300,"排球少年,手书,OPPOReno14,OPPOReno14排球少年联名",317723,73,926,5048,2391,996,0,0,36720
BV1a5hHz3EAD,114953340067240,1,21,2122,日常,家居展示,http://i1.hdslb.com/bfs/archive/7ab945028658fef322bcb52ca668301f7cd4bee6.jpg,漂泊半生！既然成不了家，总得有个窝吧！,1754049706,127,1142330881,世栗,https://i1.hdslb.com/bfs/face/10cfad5cf68ca4bebc166cd71b9712d76317ca47.jpg,777,"生活记录,几万买房,终于有属于自己的家了,躺平,大龄单身",752120,495,2531,2149,1460,750,0,0,38628
BV1SCtKzsECS,114984730232975,1,86,2048,特摄,特摄,http://i2.hdslb.com/bfs/archive/d34f039bb1b49925caf0e49b74db6501d516f65a.jpg,（尽力还原）欧布奥特曼op画面，但是我演的,1754527919,85,2147009034,取名已摆烂,https://i0.hdslb.com/bfs/face/9e460471a0d15f354103f321638d2d71a32b1a24.jpg,55180,"模仿,特摄,奥特曼,OP,你相信光吗,欧布奥特曼",501051,315,585,10030,2466,701,0,0,19190
BV1mh4dzXE9X,114976459068752,1,228,2091,人文历史,设计艺术,http://i2.hdslb.com/bfs/archive/0aac27fa4e9fc98eed09b34b164f29b6d2740c3a.jpg,这里都有现成的了，你还要“以假乱真”？,1754401979,97,1809567655,何大爷课堂,https://i1.hdslb.com/bfs/face/f13e2e7660c6c3798eb1f574f2623c2f592cce0c.jpg,2256132,"艺术,审美,万物研究所",272376,99,147,2392,528,123,0,0,19038
BV1nRt3zpEa3,114970587043226,1,253,2042,动漫杂谈,动漫评论,http://i2.hdslb.com/bfs/archive/d9101238e809990ac0cd1846177a0b716806aa03.jpg,喜羊羊和熊出没，谁更能代表国产动画？,1754366400,796,293673997,二啦不二,https://i1.hdslb.com/bfs/face/0ddccafdd0d3a7c33541bf6a917f1f3892aec5b7.jpg,150871,"喜羊羊与灰太狼,动漫杂谈,动漫二创,熊出没之重启未来,赵琳的探险日记2,羊村守护者11狂野新宇宙,熊出没,逆转时空,喜羊羊与灰太狼之羊村守护者,bilibili次元论战",620319,5395,3490,10934,10806,335,0,0,20362
BV1UCtVzBExP,114971610518089,1,17,2079,单机游戏,其他游戏,http://i1.hdslb.com/bfs/archive/71be014644efebb8a82e6f52c08215e57f0b48e8.jpg,兄弟!!!你怎么在天上飞！?,1754352000,1232,22073070,空空不秃,https://i0.hdslb.com/bfs/face/5cefeda186585a96aefefc2c6bfea96b1c0a3ad0.jpg,232064,"娱乐,单机游戏,搞笑,多人游戏,沙雕,peak,夏天y",372534,869,340,10792,14041,219,0,0,28401
BV14vh8zfERD,114958390004824,1,171,2071,电子竞技,射击游戏,http://i1.hdslb.com/bfs/archive/dfcce97ea3db38ff9335da9564898a2453f2b0ee.jpg,我们削弱了ai——三角洲行动,1754126043,12,613878426,所有游戏10一小时蛋蛋,https://i0.hdslb.com/bfs/face/b569ca7fa90055f13fc27a9bca979ab386272cd9.jpg,435,"第一视角,下饭,沙雕,三角洲,玩家",728112,306,903,13720,637,9018,0,0,55948
BV1yrtuzWE7Z,114969630803277,1,95,2100,数码,手机,http://i1.hdslb.com/bfs/archive/0b953d6975a371435f32d11a2a35718600cbd3ea.jpg,轻薄重回第一，三星 Z Fold7 值得买吗？,1754301869,612,483311105,先看评测,https://i2.hdslb.com/bfs/face/043200dcc7c02a68a9ce5587ba5d1ebd785b27bf.jpg,2564786,"SAMSUNG,手机,三星超轻薄折叠旗舰,三星ZFlip7,折叠屏,三星ZFold7",266912,448,708,3378,4277,203,0,0,18947
BV18dhgzCEXP,114964396246413,1,228,2090,人文历史,人文历史,http://i2.hdslb.com/bfs/archive/8ba24b5f7baf6ec553f7351484b09ce5ae3b83ab.jpg,历史上有哪些传世文献没记载，而是通过考古发现的小人物？,1754301600,1867,328359509,长河飞烟,https://i2.hdslb.com/bfs/face/e3df1f0c94c2ecf2630a60521d403363e5557d88.jpg,186977,"黑夫,弘,人文历史档案馆,王钟儿,陈良绍,洪奕,惊,周闻,陈贤",781698,2851,2464,11280,7126,979,0,0,40518
BV19btwzEE3P,114980871474105,1,171,2070,电子竞技,MOBA游戏,http://i1.hdslb.com/bfs/archive/4e2554be62ad94622b67710d355dd1b11fd9752d.jpg,这，就是当前版本的边路答案！,1754469393,289,694703612,是一只鱼啦,https://i2.hdslb.com/bfs/face/e68a8160aff3418f544207410b61303c92c34297.jpg,2454275,"王者荣耀,101俱乐部,三角洲行动,MOBA",628907,727,812,1004,657,323,0,0,28204
BV1p7hVzTEsi,114964731796904,1,138,2154,搞笑,剧情演绎,http://i2.hdslb.com/bfs/archive/661537373a491b1b11445e8cc326586304885c41.jpg,我承认了！,1754223228,134,475845053,呱唧菌,https://i2.hdslb.com/bfs/face/70e280e50eb75796f1041617d47a2b90420063a3.jpg,2433439,"原创,搞笑,短片,旺仔小乔",1062594,1294,1003,21483,2746,1181,0,0,79988
BV17r8mzREou,114948726330736,1,126,2063,人力VOCALOID,鬼畜综合,http://i0.hdslb.com/bfs/archive/d1a75ac59decc83f242ce6538058b9f7a16da8d2.jpg,虎 哥 锐 评 旺 仔 小 乔,1753978513,92,24285551,M_SX,https://i2.hdslb.com/bfs/face/9a9b28bfdd1bb25b0130b1136152983d5da19c6b.jpg,124534,"鬼畜,搞笑,东百往事,旺仔小乔,虎哥,整活,鬼畜剧场,黄绿合战10th-黄队应援",494957,470,668,4698,838,1204,0,0,16297
BV1gUhbzwErx,114958843055114,1,161,2148,手工,其他手工,http://i2.hdslb.com/bfs/archive/1b5838420828a2da9e51c417198cf702916630d9.jpg,白银真能把毒验出来吗,1754132797,38,443448523,解忧黄金回收,https://i1.hdslb.com/bfs/face/de2793beaa924e649bcb76181c8e8b8471d2009a.jpg,153967,黄金,3716601,235,574,1299,661,77,0,0,33246
BV1ofhuzQEmh,114962601085981,1,252,2028,仿妆cos,宅舞,http://i0.hdslb.com/bfs/archive/12d808b94108df9eae6440ee2105a35cca200172.jpg,我是不会放弃成为偶像的！！！,1754190408,102,490036638,姜生花_,https://i0.hdslb.com/bfs/face/970ed0c2280ee9f1eee7038d91d0756b20d1c1ff.jpg,529186,"舞蹈,明日方舟,cos,明日方舟遥,无限重播,遥,Heavy Rotation,姜生花,明日方舟创作者应援计划",246205,702,421,5130,2811,818,0,0,24402
BV13f49zoEyc,114977197393320,1,47,2037,同人·手书,同人动画,http://i1.hdslb.com/bfs/archive/09ae64effac06dd4ef6ca8482addb88c826acafb.jpg,全宗降智你敢让我读评论,1754413000,200,3546639987903102,蝎紫蝎,https://i0.hdslb.com/bfs/face/fd36b6a0c34f82acbd8321d2d52bcc7e377fe2a3.jpg,127052,"原创动画,二次元,修仙动画",76364,151,304,2007,542,49,0,0,6279
BV1i2hgzSEjo,114964295588616,1,241,2009,娱乐杂谈,娱乐评论,http://i0.hdslb.com/bfs/archive/ebbec1bd384623196634ae874fb30ed45df223b0.jpg,别让2025最佳舞台被“性缘脑”毁了..韩国人怎么看雨琦章昊合作舞台？,1754215976,390,21466767,辉锅_,https://i0.hdslb.com/bfs/face/a5cf828c9ed3d56be452541f8520fcd3eab1728c.jpg,208898,"中国,韩国,KPOP,搞笑,明星,杂谈,吐槽,REACTION,爱豆,娱乐吃瓜大会",547806,1727,2531,4016,4652,581,0,0,34126
BV163tnzCEe5,114975888707679,1,220,2149,动物二创,美食制作,http://i0.hdslb.com/bfs/archive/23524e0db8f474c583f7c95d1a408926ab16c5da.jpg,喜欢吃西瓜的朋友有福了！这个西瓜冰沙一定要试试！,1754393038,61,402338875,黑咪的思维,https://i1.hdslb.com/bfs/face/9494b5100e7627b170947f568304c986981fbeb0.jpg,53125,"美食,西瓜,科普,美食教程,美食制作,猫meme,舌尖真探事务所,水果,冰沙,美食教学",4954458,0,24,133288,4728,169,0,35,101609
BV1HYtczoED2,114981475455976,1,172,2070,手机游戏,MOBA游戏,http://i0.hdslb.com/bfs/archive/8f8dcb83c7a826e543337764a63ee1c3e2854e23.jpg,“腹黑男”司马懿专治精灵王“手慢无”,1754538300,47,910774,木下结草,https://i1.hdslb.com/bfs/face/24ea4d5643380f6907365dbe5612bdd5c49a1305.jpg,529071,"电子竞技,搞笑,司马懿,王者荣耀,王者荣耀夏日盛典,司马懿现在轮到我说话了,结草,MOBA,精灵王,王者荣耀山海皮肤",207096,52,129,844,1281,49,0,0,31429
BV1AVtwz8EFT,114981240573968,1,138,2154,搞笑,剧情演绎,http://i2.hdslb.com/bfs/archive/7a225d5994740049679e5a33fb9835274982a083.jpg,课代表历险记（三）！,1754474621,151,393709394,一串大福,https://i2.hdslb.com/bfs/face/e6d1cf7df22235495d25d7ae77a4aa185e5d8c7f.jpg,1562173,"原创,校园,搞笑,搞笑小剧场,来福来福,一串大福,课代表历险记,真实,学生时代,fyp",284466,1251,783,5756,1459,197,0,0,31170
BV14s8Sz5EcT,114949749738754,1,27,2152,综合,美食记录,http://i2.hdslb.com/bfs/archive/1e2bcc191d58163f5dbfeb83eba83e83b57e27ae.jpg,在BW上收到了粉丝送大米的日本妹妹,1754010000,334,1485277312,真红莉爱Official,https://i1.hdslb.com/bfs/face/1451214f8359f0e51b0fa6d5aaa1b79f6a1886ed.jpg,703336,"旅行,搞笑,虚拟偶像,美食,高能,日本,vlog,真红莉爱,日本吸血鬼,VUP虚拟日常",355391,1371,1147,3720,1343,261,0,0,31338
BV1sytuzHEPN,114969664295806,1,218,2167,喵星人,猫,http://i2.hdslb.com/bfs/archive/e6eb94f5d2f9565c2b0522653bb066bdcc11f3e2.jpg,给大壮听它自己的叫声,1754298121,51,695650376,Q大壮呀,https://i2.hdslb.com/bfs/face/c75d179112e1b16b3a97b6d02b81e17cee9bac42.jpg,354121,谁家小猫这么可爱,569084,230,488,2539,880,704,0,0,42388
BV1Nd4ozxEBh,114977348259463,1,31,2020,翻唱,翻唱,http://i1.hdslb.com/bfs/archive/740c40734c030c332f46b866a75e6c7fb0623066.jpg,谁能想到这首歌十年后竟然又火了！,1754452500,275,37754047,咻咻满,https://i1.hdslb.com/bfs/face/1539ed33d13fcc6f085f61c634d9617814e187f0.jpg,2730184,"全能音乐挑战赛,汪苏泷,流行音乐,古风,翻唱,年轮,张碧晨",198878,622,1370,3244,6494,406,0,0,12705
BV1Yzt7zoEbH,114973254623134,1,172,2071,手机游戏,射击游戏,http://i0.hdslb.com/bfs/archive/9a382d466364e5c711cfc7837aaa1136e77aa577.jpg,扶贫最艰难的一集,1754353251,499,700516468,松下千秋77,https://i1.hdslb.com/bfs/face/1d860b1b059fbcbc09c269b8d7a7e52603b3c283.jpg,398695,"地铁逃生,臭猫扫号日记,吃鸡,和平精英,松下千秋",1408613,667,225,20542,968,41,0,0,25511
BV13Nh4zXEKd,114956661953789,1,220,2170,动物二创,野生动物·动物解说科普,http://i1.hdslb.com/bfs/archive/173f7340a8837155fb9f83f08e2a90290ee02df2.jpg,野生摄影师老金的“疯狂日常”！,1754099742,182,3546748735719956,老王动物园_,https://i2.hdslb.com/bfs/face/e5be74cd03f1509f42c0f6e7adc6d06067d4ed96.jpg,219992,"动物世界,摄影师,萌宠过暑假",1069308,198,104,15325,1932,532,0,0,33122
BV1uEhHzzE1e,114953356975318,1,47,2055,同人·手书,二次元绘画,http://i2.hdslb.com/bfs/archive/431b3c358f5075c51cda28f34651fa53fe83600d.jpg,【黑塔利亚联五旅行团手书】goodtime,1754049400,79,22445063,豹鱼小笼包,https://i2.hdslb.com/bfs/face/0541cae10feab3e1f392de7a141c2d048eb4ca72.jpg,7458,"手书,动画,黑塔利亚,亚瑟,联五,王耀,旅行,阿尔弗雷德,弗朗西斯,伊万",250788,329,933,42261,27067,3520,0,0,65737
BV1Zj8yz5Esr,114946880835603,1,245,2201,赛车,潮玩玩具,http://i2.hdslb.com/bfs/archive/4f00ceadd65c622a98164aaa82d75fd13b93f4bf.jpg,【瓶盖漂流赛】9大T0饮料同台竞技，史诗级冰柜独家使用权花落谁家？,1754100000,195,3546692240541963,钢男减速带,https://i0.hdslb.com/bfs/face/6fc0a82cbf2f90b7deafabb6a4a78e1ae9c4f37c.jpg,194135,"饮料,弹珠拉力赛,陀螺争霸赛,男生减速度,瓶盖漂流赛,无动力玩具车比赛,玩具车跑步机淘汰赛,王老吉,元气森林,大人也要玩玩具",877513,719,60,15144,3219,49,0,0,17899
BV1Qs4dzoELf,114976526177060,1,218,2207,喵星人,随拍·综合,http://i2.hdslb.com/bfs/archive/22eb9788b93b9ff112c04419bb767612e5cb33ec.jpg,大王请饶命，我一定举起手来,1754402691,209,335575297,在下铁头阿彪,https://i1.hdslb.com/bfs/face/f46d6e58f90e7851703e083de7809564346f1dcb.jpg,1724967,"Q&A,毛茸茸训练营",476902,274,465,12941,3559,165,0,0,29924
BV1SgtJzsEZb,114974143812183,1,17,2077,单机游戏,休闲/小游戏,http://i1.hdslb.com/bfs/archive/d70428177e1611a3de87ba72a486b7c6998bbb17.jpg,我啥都不敢说啊,1754384400,157,85749956,W-y小宇,https://i2.hdslb.com/bfs/face/7abfc0ae0127969ea01132d1bb8f0f2ba0345f71.jpg,225864,植物大战僵尸,1069423,466,643,38105,1735,11568,0,60,78893
BV116tFzAEmq,114979848064691,1,17,2078,单机游戏,沙盒类,http://i1.hdslb.com/bfs/archive/95ebe7bfd58644af5bb086829b4f24fcbc6afe0e.jpg,德水东站终于开通了，顺便从北站坐到东站看看[0806],1754453508,1401,2035635549,提蒸蟹,https://i0.hdslb.com/bfs/face/3c9e63d27810290f041902bdba774c78dfe0ec41.jpg,30113,"高铁,火车,铁道,mc,我我的世界,mtr模组,旅行攻略UP主激励计划",226886,658,303,7117,981,56,0,0,6925
BV1NChnzYEDh,114953675673431,1,213,2151,美食测评,美食测评,http://i1.hdslb.com/bfs/archive/5fbb6578b6e58d9bd0053af3854d25509b450960.jpg,宝子们期待的7月红黑榜来了！！！,1754054367,335,3546917657119602,墩墩测评,https://i0.hdslb.com/bfs/face/cf4d69e4ff2e798643748aa4d7b422dd11565137.jpg,26477,"开箱,零食,避雷,美食测评,零食测评,红黑榜,真实测评",385171,785,405,12374,1097,134,0,0,26689
BV1ratcztEVY,114981492296673,1,172,2064,手机游戏,单人RPG游戏,http://i2.hdslb.com/bfs/archive/17914f92da97cd9f43bf2cd421b29310ea4bc6d2.jpg,【抽取建议】海瑟音dot队的最佳第三人是谁？搭配黄泉是否可行？一期视频带你了解海瑟音的机制与实战表现！,1754478663,723,24413732,法拉拉Astral,https://i2.hdslb.com/bfs/face/fd78a14f8ab29b1abb2d3d00aaf62d5eab0a339d.jpg,150312,"养成,黑天鹅,黄泉,卡芙卡,缇宝,崩坏：星穹铁道创作者激励计划,创作者体验服,海瑟音,抽取建议,伤害占比",97448,407,1628,552,627,365,0,0,4214
BV1kUtFzoEwh,114979814507845,1,138,2156,搞笑,UP主小综艺,http://i0.hdslb.com/bfs/archive/f65443f9a3e51d70425c948ada49fe6a2fc7307c.jpg,骑手：交警追我，我不送了...【离谱外卖对话 第八期】,1754456529,297,20892823,柠檬派奇幻漂流,https://i1.hdslb.com/bfs/face/35381f14ad45a75b4392642055a3d113e50b03f9.jpg,3070003,"搞笑,奇葩,吐槽,外卖对话,淘宝闪购,淘宝闪购请你喝秋天第一杯,淘宝闪购请你吃秋天第一顿,外卖,离谱,秋天的第一杯奶茶",759367,1731,499,11067,1564,393,0,0,80089
BV1EQhtzgEJu,114957651807028,1,85,2154,小剧场,剧情演绎,http://i2.hdslb.com/bfs/archive/cf4d9c4ae4d3d4418e2ecb1f90f8bb8f595cd08c.jpg,当你穿进老钱班5,1754121900,132,503058735,侯绿萝,https://i0.hdslb.com/bfs/face/b444cf0fe0f32dd7d2960ceb8b830c873a5da7c2.jpg,1491946,"娱乐,段子,小剧场",6460434,8218,3612,64171,91390,4975,0,2,670085
BV1NAtwzTEX1,114981156686957,1,95,2040,数码,二次元线下,http://i0.hdslb.com/bfs/archive/ef9d44dbd21720436d29b9599a24994b6372eedc.jpg,【CJ2025】在一加展台欧气满满的一天,1754477198,254,431073645,你的影月月,https://i0.hdslb.com/bfs/face/2e32de7b28fc491a28281a22c6ea9f5d195cbdf5.jpg,8935520,"抽卡,ChinaJoy,影月月,2025CJ,游戏主播同款一加,一加手机,一加,欧气,原神",207310,612,539,2004,827,309,0,0,19397
BV1s1huzaEGZ,114963087690707,1,65,2016,网络游戏,原创音乐,http://i1.hdslb.com/bfs/archive/13a2517c7b1789128a3a6315cb35c64333b95be8.jpg,以防你不知道新活动的主界面曲和某个歌很搭,1754197748,86,299375311,SkyF_,https://i1.hdslb.com/bfs/face/854937d8035ef5f7256622ba51d62420666a2d64.jpg,1225,"混曲,音乐,Mashup,明日方舟,艺术,塞壬唱片,揽佬,冰,大展鸿图",470590,10413,1550,11849,2842,22632,0,0,54349
BV17ZtuzkETq,114969714628029,1,251,2166,三农,农村生活,http://i0.hdslb.com/bfs/archive/7ce6522e0255fb725b17aaaca58f8c09fd61cd56.jpg,爱你，老姐......,1754308800,308,143845192,念叁叁叁,https://i1.hdslb.com/bfs/face/3e9a9ed8cf8b0c7221b3e810d9e1e8ff7e6cf7b9.jpg,273653,"用星露谷开启我的农村生活,萌宠日常",314290,469,447,2728,1454,538,0,0,53586
BV1CUtwzvEDS,114980586261417,1,212,2150,美食侦探,美食探店,http://i1.hdslb.com/bfs/archive/8d0616003c17434dc66712a2f22e58dacd80a6f1.jpg,老王带爸妈来新疆，一家普通的苍蝇馆子却隐藏着不为人知的故事……,1754472000,715,3537122973714533,老王在中国,https://i2.hdslb.com/bfs/face/5cc0f66946ba560d0ccbd8e5bffc45ac94793cf4.jpg,3447986,"新疆,歪果仁,街头美食,舌尖真探事务所,爸妈,故事,老外在中国,苍蝇馆子,美食探店,手抓",1321970,7034,4280,16988,137710,1992,0,18,121457
BV1SGtgzAEh8,114969295324730,1,171,2070,电子竞技,MOBA游戏,http://i1.hdslb.com/bfs/archive/10e170777b577b3379926d611ed071e7a128534e.jpg,学会四天上荣耀！顶级猴子打刘备思路教学！,1754292389,455,18909338,奥特曼zz国一刘备凯,https://i2.hdslb.com/bfs/face/c5e62cfe9d8b0ec7fcba4574fcf4e352d14f4b39.jpg,373699,"孙悟空,王者荣耀,王者荣耀夏日盛典,奥特曼zz,刘备猴子,猴子刘备,猴子打刘备,MOBA,王者荣耀猴子,猴子教学",1114940,520,265,8236,3409,73,0,0,33130
BV1jk81zjEWc,114947820360604,1,232,4215,科工机械,音乐资讯,http://i1.hdslb.com/bfs/archive/ab3ae5210008bcfa33daf8183e9e30d18dc457be.jpg,2025年8月1日，分享几首歌。,1754008200,100,46470268,央视军事,https://i1.hdslb.com/bfs/face/9dcc59c2e51aa7b9f178463903cbd4daab351dd2.jpg,2317403,"军歌,军事,抗战,游击队,军乐,英雄,建军节",594930,20943,3871,15398,25684,2457,0,0,158086
BV12dh7zoEo6,114951276594386,1,138,2154,搞笑,剧情演绎,http://i1.hdslb.com/bfs/archive/718eba4c0abb7e62c8767298e9ef953fae0ea21a.jpg,能听到别人的心声，真的是一件好事吗,1754038800,92,444108819,刘一朵A,https://i0.hdslb.com/bfs/face/b2e7d05b6b995369edb66d582fce38933e134761.jpg,1114260,搞笑研究所,3193037,134,116,10283,539,84,0,0,38594
BV12n81zhEqP,114948122417131,1,138,2070,搞笑,MOBA游戏,http://i0.hdslb.com/bfs/archive/7dbae70c2cdf6a75d63ebcf974dff48ea546cd51.jpg,当两边都只剩下最菜的那个：,1753969706,79,495695169,锤子game,https://i0.hdslb.com/bfs/face/009b1f74b7f495f5fad13b9b922f89ba03a0d775.jpg,985222,"万物皆可游戏,豪哥,游戏,搞笑,锤子,神人宿舍,智哥,真实",1475311,329,1278,5743,1585,2024,0,0,152035
BV1MzhnzKEC7,114953457566174,1,138,2154,搞笑,剧情演绎,http://i0.hdslb.com/bfs/archive/f825630190f01a35829b5262a0a0d1d79b4d9b76.jpg,你偷偷跑我闺蜜家干嘛去了？,1754050846,254,10820826,小余皮得一,https://i0.hdslb.com/bfs/face/76609afcba8e4108d2a6b943637d7a2e4f55cbdf.jpg,284140,"搞笑,原创,情侣,黑色幽默,搞笑小剧场,皮得一宇宙,凯见孙琳,抽象",723069,1173,543,3998,3827,980,0,0,34646
BV1uVhJzNEtw,114952518110343,1,21,2186,日常,恋爱关系,http://i0.hdslb.com/bfs/archive/40c5905811c1b13d196645449691f09b933d9997.jpg,男人的谎言 只有男人懂,1754043600,135,1594125242,我是于事_Sh,https://i2.hdslb.com/bfs/face/fa8f97e0972d5b117c834f25cffff608f16008b3.jpg,254241,"情感,双开门霸总,这个男孩能嫁吗,于事讲男人,女生必看",893910,1568,2460,21156,3802,7991,0,0,135121
BV1eo8Mz3Ewy,114907202719600,1,17,2078,单机游戏,沙盒类,http://i1.hdslb.com/bfs/archive/e1ba5422d487b36f61e5f40acb66d96088a842e1.jpg,野猪小队-第31集-完整版,1754269200,666,11560113,小麦块,https://i0.hdslb.com/bfs/face/7b424bc6060a4fd2600c48ba25296570b4df4a4c.jpg,212291,"我的世界,Minecraft,野猪小队",2207190,427,103,46917,4227,34,0,58,45605
BV1xFhuzAE2L,114961376349318,1,218,2167,喵星人,猫,http://i0.hdslb.com/bfs/archive/47b6cb5494a9aae8001c655201df9f0ab916a2c8.jpg,沉浸式清洁猫屋 yue版,1754171564,138,16301219,小伙子软软,https://i2.hdslb.com/bfs/face/99276122a13f651c730aa1e295e9faa47d8e8a2c.jpg,61281,"喵星人,我和流浪猫的故事,解压",198244,338,212,2033,34446,156,0,0,51140
BV1kHt7zuEix,114973455947064,1,65,2071,网络游戏,射击游戏,http://i2.hdslb.com/bfs/archive/b0eb59ea4384b078241d2f0c030e109a6d8eed8b.jpg,这一枪绝对能载入史册！,1754355800,13,3546856665647986,小川CS2,https://i1.hdslb.com/bfs/face/5a22576385b470c0a9e1320deb732381b339b3de.jpg,36801,"搞笑,电子竞技,狙击,CS,FPS,CSGO,射击游戏,第一视角,娱乐,cs2",976487,224,1504,18997,2998,9545,0,0,110378
BV1FUtnzEEZj,114975217553179,1,253,2042,动漫杂谈,动漫评论,http://i1.hdslb.com/bfs/archive/e2a95dbecd36fe14954d1fc229c2e14b6715d08f.jpg,这一集将会载入动画历史！京都动画最疯狂最大胆的尝试！《CITY》ep5演出分析【7月新番中期简评#2】,1754467200,356,904827,JK低手鱼太,https://i0.hdslb.com/bfs/face/e24e70bbe1134a18ae7aefaedd0b7b3e5aaa1a88.jpg,659715,"新番,动漫杂谈,太田稔,动画种草激励计划,在被册封为太子后，石立太一在城里大肆走动,忽然有部下来报：太子殿下，前方名作玄武门,京阿尼,CITY,7月新番,小城日常",64196,240,351,1013,658,219,0,0,4232
BV1a1tJzhEMw,114976240959973,1,17,2078,单机游戏,沙盒类,http://i2.hdslb.com/bfs/archive/615a7e797020288285be2bed91a434ffca8a87bc.jpg,花了3天时间，我在MC里做出来有兽焉片头曲,1754442000,340,3546668714691139,VGBJ4EFy,https://i1.hdslb.com/bfs/face/8f93efd5e9441143ed7fee8b8774429d702af4b9.jpg,10547,"沙盒游戏,我的世界,像素风,粒子,有兽焉,推荐宝藏游戏",614331,3491,2997,31779,38119,3091,0,26,130230
BV1TS4RzQEdZ,114976643618875,1,205,2082,社会,社会资讯,http://i0.hdslb.com/bfs/archive/49ce9d3becff1adba21bbf3c8620afac2db3d9dc.jpg,女生在地铁站内制止2名男子吸烟，遭对方同行女子辱骂并掌掴，当事人：警察称自己还手了 需互相道歉,1754404515,38,522653994,大象新闻,https://i0.hdslb.com/bfs/face/93b8e737e695fcb96b8a3af97833913a3b62be4c.jpg,1925259,"犯罪,正能量,地铁,社会,高能,警察,吐槽,同行,记录,当事人",298856,1088,1331,542,811,262,0,0,40080
BV1CthJz9E6w,114952148948011,1,130,2024,音乐综合,电台·歌单,http://i0.hdslb.com/bfs/archive/08a5d159c7aa637dba463a5f1e2b5a1dfab11153.jpg,【循环歌单】☝🤓当最近很火的两首Funk融合会怎样呢,1754042400,3658,1409437470,周五一上课,https://i0.hdslb.com/bfs/face/29aad4c78e8be9b3af8582efe7bcaa301a4843cc.jpg,34699,"混曲,拼好歌,MONTAGEM TOMADA,DIA DELÍCIA,如果觉得xx就跳舞,Funk,循环歌单,电台新星征集令",2271960,599,105,83961,2739,51,0,100,62448
BV1jdtTzKEfR,114983941706260,1,182,2001,影视杂谈,影视解读,http://i1.hdslb.com/bfs/archive/2095e5e9cd8a56c5b2595062118925b1353796ae.jpg,电影改编最大的受害者！也许你一直在误读斯内普,1754537400,1571,1473677,卡酱目标全白金,https://i2.hdslb.com/bfs/face/aabe1d9e34730ddf1caface23ed4f88cf4f1f45f.jpg,101092,"电影解说,哈利·波特,斯内普,电影,影评杂谈,影视IP观察室",44603,631,448,1217,1628,76,0,0,2843
BV1nYhJzHEUT,114952367185150,1,254,2148,亲子,其他手工,http://i1.hdslb.com/bfs/archive/2aeb06ea6b5baf935ad67904362a81929376f18b.jpg,完成了！不难，轻松拿捏！,1754042400,253,202290692,于锡明,https://i2.hdslb.com/bfs/face/9fb4d0db3e112f008a693a9fb0370ca2c0130ac2.jpg,157252,"手工,拼图,日常vlog",1010784,202,173,15008,1685,57,0,0,26400
BV1TztnzsEF8,114975653762722,1,76,2152,美食制作,美食记录,http://i1.hdslb.com/bfs/archive/dafd873243ff99c18867d0127c4acd7259d2c259.jpg,厨师长下班偷偷用边角料开小灶，做个【牛肉咖喱饭】再吃个刺身，再吃个甜品，边角料对付一天,1754390681,821,472229397,张森的日本料理,https://i0.hdslb.com/bfs/face/ac3b108b97e8a8415476ca5db05b71ea1fdf965a.jpg,287568,"厨师长偷吃,美食记录,深夜美食,整点电子榨菜",206215,632,523,1876,1288,447,0,0,22024
BV1DptjzSEHw,114973892288403,1,182,2001,影视杂谈,影视解读,http://i2.hdslb.com/bfs/archive/05cae39fd146f438285f8f056b6d645e384002f0.jpg,2025年韩国第一神剧？男生考公失败持枪血洗教室！60分钟完整解说+深度解析《枪口彼端》,1754362581,3246,69221252,小侠夜班车,https://i2.hdslb.com/bfs/face/398dad0b1c910307efe9a1e163a7aef500116e87.jpg,1083699,"解说,韩国,韩剧,影评杂谈,枪口彼端,深度解析,万字拉片大赛",1141718,12888,2520,13020,2108,1756,0,0,32590
BV1mh4dzXEZU,114976459069108,1,171,2071,电子竞技,射击游戏,http://i1.hdslb.com/bfs/archive/cf00ed20fdb4cb83b6afc8c3c388381625a02788.jpg,THANK YOU S1Mon,1754453400,184,31536760,EDG电子竞技俱乐部,https://i1.hdslb.com/bfs/face/90ef04ade74b3c2fea67d219992c149572964ec8.jpg,2107260,"EDG,无畏契约,VCTCN",979428,788,7567,6527,16640,27655,0,0,48799
BV19KtgzTEaJ,114969362437434,1,65,2071,网络游戏,射击游戏,http://i2.hdslb.com/bfs/archive/759f6ab32d5c6d8c25c0d5bcd143b2e13b71e8a6.jpg,《田野打架：根号36》,1754293614,145,690441394,雪晶聚合物,https://i1.hdslb.com/bfs/face/9ba7744376735eb13e757690e0e3ada3e104eb52.jpg,15510,"战地,FPS,彩虹六号,明日方舟,崩坏：星穹铁道,三角洲行动,搞笑配音,战地6,战术小队,明日方舟创作者应援计划",154608,482,487,6351,2203,3404,0,0,17207
BV1Bmh5zvECF,114965889417715,1,219,2168,汪星人,狗,http://i1.hdslb.com/bfs/archive/4bcc8f338c37a84223c21fb73d97b745e76fdd82.jpg,天塌了,1754299800,93,3494377812920345,系嚣士啊,https://i2.hdslb.com/bfs/face/bcb480918aab2dbdbbc0130feca6a42ee46ec15e.jpg,583202,"嚣士,宠物,田园犬",395755,1046,1347,1566,1842,4572,0,0,43591
BV1YBhVzXEM9,114964564089271,1,138,2154,搞笑,剧情演绎,http://i1.hdslb.com/bfs/archive/43b29659b28a3fd1f6cdd88fed2e1c69c36e7a8f.jpg,当班里有个跑腿同学！,1754220358,94,393709394,一串大福,https://i2.hdslb.com/bfs/face/e6d1cf7df22235495d25d7ae77a4aa185e5d8c7f.jpg,1562173,"校园,原创,搞笑,搞笑小剧场,来福来福,一串大福,外卖,学生时代,真实,fyp",2494545,549,487,14576,1648,289,0,0,72444
BV1HhtGzZEaV,114969916015676,1,158,2114,穿搭,鞋服穿搭,http://i1.hdslb.com/bfs/archive/7df96114cc637e48f61501408e20c2259e5292e6.jpg,我的时尚启蒙剧——爱情公寓,1754301899,220,327738805,六一不是猫,https://i1.hdslb.com/bfs/face/47a25ce422a25856af9fa9301c45dceda8f68440.jpg,1069293,"穿搭,服饰,品牌,普通人变美指南",300547,517,310,3580,934,191,0,0,25130
BV1hatnzFE51,114975670603803,1,172,2037,手机游戏,同人动画,http://i2.hdslb.com/bfs/archive/704d15e6f00313b6bffba9a7b7b2bc6358cbe43a.jpg,为了伊涅芙，这下不得不用雷主了~,1754389617,67,6662072,改良大蓝猫,https://i2.hdslb.com/bfs/face/4e7559167054a8238234267c2fe5e66adaa358f6.jpg,16948,"原神UP主激励计划,美少女,二次元,MMD,挪德卡莱,伊涅芙,荧,空,纳塔,原神",227173,358,351,14415,1272,456,0,0,37869
BV1h8tnzhEJu,114975687383188,1,250,2159,出行,旅游攻略,http://i1.hdslb.com/bfs/archive/df16bf4cf9068c4cb9c08c937a7883936f52a66c.jpg,内蒙古到底值不值得去一趟？【自驾体验】,1754391763,1524,644255470,杰克小兔,https://i1.hdslb.com/bfs/face/013a96a5d1dc54a152e87816776eaf88997ea5e7.jpg,1265927,"搞笑,生活,生活记录,零跑C10,内蒙古,出行,呼和浩特,城市,分享,辉腾锡勒",446356,2805,1079,3606,6220,1380,0,0,15562
BV1JUtuzUEaq,114969613962405,1,242,2078,娱乐粉丝创作,沙盒类,http://i0.hdslb.com/bfs/archive/837493c5ac65e8e0e08ac8e12693cb095d44427a.jpg,餐厅偶遇古战场  密密麻麻多如牛毛  拼尽全力将其清理,1754297318,156,1435648641,群星_Stars,https://i0.hdslb.com/bfs/face/f3e69e978ce9b8b866464c3fa81fec0255bc77ba.jpg,1658,"培根头,抽象,肝,燃尽,餐厅,沙雕,拼尽全力,喝饮料,counting stars,roblox",349683,4456,1200,8545,614,1151,0,0,32359
BV1G9hHzyEWq,114952702532985,1,176,2106,汽车生活,汽车测评,http://i2.hdslb.com/bfs/archive/6bacacb360390cafa343e4430bb169307f5d1774.jpg,家用车真能撞赢卡车？理想i8对撞卡车事件,1754039220,114,99769189,区胖曰车,https://i1.hdslb.com/bfs/face/f0239f28f1301e17a2d0d8d6852499eddd560212.jpg,176747,"乘龙卡车,理想i8,碰撞测试,理想汽车",1650708,949,4469,1978,1613,1674,0,0,49574
BV11Y4dzHEfK,114976442287475,1,22,2207,鬼畜调教,随拍·综合,http://i0.hdslb.com/bfs/archive/d8c69bc7e14910407f8a364f21c0a98289f89f84.jpg,虎哥多年后说出咬打火机的感受,1754401629,230,1298579146,虎哥二次元教父,https://i1.hdslb.com/bfs/face/9532c3e9b716c364b0af24b645b0e1a5baed1798.jpg,1265605,"抽象,好果汁,整活",427158,673,845,1779,1647,1198,0,0,18981
BV1NChnzYEQK,114953675673461,1,172,2064,手机游戏,单人RPG游戏,http://i2.hdslb.com/bfs/archive/bb46c4c0b94bf197056bbf60d9ddda82eeb4e37e.jpg,3.6均衡命途仲裁官登场！星铁开服最大伏笔终于来了？,1754054208,281,3546664558135806,星铃拿铁,https://i0.hdslb.com/bfs/face/1c7e01be49a86c97c4984d472a51f7b58b0f3cf0.jpg,32686,"游戏杂谈,螺丝咕姆,均衡星神,大黑塔,昔涟,如我所书,翁法罗斯开拓之旅,来古士,长夜月,三月七",1392059,1181,3333,19620,5534,12185,0,0,102303
BV1cVtwz8EY4,114981240571149,1,253,2043,动漫杂谈,动漫速读,http://i2.hdslb.com/bfs/archive/710119a49f2cc0143371f6ae6350a2a78a6790b9.jpg,厨师“下线”！朗姆篇正式完结！名侦探柯南主线1150话小结,1754476555,969,4370617,哀是麦子的球迷,https://i1.hdslb.com/bfs/face/54e0282d67715868e3943b49f8f6f09f7a58608d.jpg,1274834,"动漫杂谈,灰原哀,名侦探柯南,名侦探柯南剧场版,若狭留美,名侦探柯南主线",606134,2704,2059,5275,5656,3181,0,0,21151
BV1fstPzfEch,114981743892191,1,21,2039,日常,cosplay,http://i0.hdslb.com/bfs/archive/fbb7eb2d612e7fa00ed19518dbe19ca51d297de9.jpg,当众？！被这么多胶衣妹妹轮番攻下…？,1754484132,297,17328861,王猫猫neko,https://i0.hdslb.com/bfs/face/2c4868b4c9df1b099c4c011008d72433c22ba4d6.jpg,809400,"漫展现场,二次元,性感,解限机,身材,chinajoy,Cosplay,胶衣,整活,解限机王牌计划",241370,320,117,9534,1206,216,0,0,7771
BV1LptnzKEAG,114975569875133,1,95,2103,数码,工程机械,http://i2.hdslb.com/bfs/archive/4e5e4041c26c6eec1d7080d0896c199215924537.jpg,一口气牵扯出 5 家国际大厂？长江存储跟美光的三期官司到底在打什么？【X.PIN】,1754388303,877,31880257,差评硬件部,https://i1.hdslb.com/bfs/face/224f69a9c045d4c66936620e2cb3feb2054ed43b.jpg,727174,"科技猎手,固态硬盘,苹果,国产,存储,芯片,专利,半导体,美光,长江存储",209515,1180,1078,2773,4629,389,0,0,15527
BV1eMtAzQEAZ,114982515641761,1,171,2070,电子竞技,MOBA游戏,http://i0.hdslb.com/bfs/archive/31af0152fbda74c6e12a4b3aef45acaf6b4f4aac.jpg,【真实锐评IG零封AL】IG即将迎来完全体状态 GALA五杀 theshy迎来守护者！,1754496288,462,1628139107,真实电竞,https://i2.hdslb.com/bfs/face/e9a7d6f8af8e11c30bde4e3a398c251560d19984.jpg,1053132,"IG,LPL,TheShy,转转,WEI,TES,meiko,rookie,gala,2025LPL第三赛段",436658,2889,2210,735,1153,235,0,0,13115
BV15hh3zSEFi,114963741940992,1,21,2196,日常,职业vlog,http://i0.hdslb.com/bfs/archive/0fe87e4e7af43564cc330b0b9dcba9c75b9edbe2.jpg,坚强社恐外卖员,1754214900,235,3546595893184682,基iz崽,https://i2.hdslb.com/bfs/face/79c7f3e0e7af14ff9a16d04f716a034171916f56.jpg,597883,"生活记录,外卖小哥,vlog日常,社恐,万种生活碰头相见",1359335,786,1242,8870,10555,1050,0,0,91337
BV1ophpz9ER6,114954732571262,1,17,2078,单机游戏,沙盒类,http://i0.hdslb.com/bfs/archive/50bc578b8c801dba29fbcaf3d536f4aea27b4361.jpg,目 害,1754100000,633,19525533,KL_qiqi_,https://i0.hdslb.com/bfs/face/c5830e1e0142e04c96be9c87d3aef2e1b5d47581.jpg,3070349,"搞笑,MC,沙盒游戏,娱乐,躲猫猫,我的世界,minecraft,沙雕,联动,推荐宝藏游戏",1083050,2196,1177,13329,6088,626,0,0,64649
BV18wtPz1EgF,114981928506435,1,172,2064,手机游戏,单人RPG游戏,http://i2.hdslb.com/bfs/archive/34a03b952564b374a29117098c78fadc21b086e1.jpg,【蔚蓝档案】国服礼奈正式实装！伟大也需多言，人权礼奈 为啥强 强在哪 怎么用？一个视频给你答案！礼服日奈详细技能分析,1754485100,366,383713994,冬咕菌,https://i2.hdslb.com/bfs/face/ce69a72fabcaa4d968fde4559c3c3b6bb21b3be5.jpg,92715,"蔚蓝档案,蔚蓝档案二周年,礼服日奈,人权,技能解析,角色分析,教程攻略,周年庆,游戏鉴赏家,碧蓝档案",59354,1186,1283,828,565,359,0,0,5752
BV1jY8CzyEoy,114947082159298,1,228,2090,人文历史,人文历史,http://i0.hdslb.com/bfs/archive/8788c859b3031e4674433ea9ef5d7ef80da2bd8e.jpg,流放岭南！为什么现在最富的广东，古代能当几千年流放之地？【为什么64】,1754042400,634,11684621,太阳星sunstar,https://i2.hdslb.com/bfs/face/edcd0f2f12cedf723c9e5c18c5f824ecd4c50f9c.jpg,3064751,"社会观察局,广东,uwant,友望除螨仪,友望红外除螨仪,南方,气候,螨虫,潮湿,梅雨季",831944,2315,2438,5421,1390,796,0,0,35015
BV1mPh3zMEN1,114964379533693,1,158,2114,穿搭,鞋服穿搭,http://i1.hdslb.com/bfs/archive/b64e190a80f736d94b25173bd6e2a42c325a919a.jpg,我的眼里可没有丑衣服哦,1754217450,177,327738805,六一不是猫,https://i1.hdslb.com/bfs/face/47a25ce422a25856af9fa9301c45dceda8f68440.jpg,1069293,"女装,穿搭,服饰,穿搭技巧,普通人变美指南",1301062,1527,1386,20826,3866,3120,0,49,134844
BV1QatwzjEav,114981039245435,1,201,2097,科学科普,AI资讯,http://i0.hdslb.com/bfs/archive/68d1f50d9fc4df45ec78833aa1a8a3629c1f021f.jpg,赛博朋克2025：美国老百姓要和AI抢电用了,1754471812,328,335850246,玉渊谭天,https://i0.hdslb.com/bfs/face/26fcb2de0b98ea9f5996446d9771d2021abb7c66.jpg,1679269,"AI,人工智能,赛博朋克,美国,机器学习,深度学习",127479,423,756,1245,711,313,0,0,11255
BV1pVtiztEqC,114985351059657,1,212,2150,美食侦探,美食探店,http://i0.hdslb.com/bfs/archive/f1eb1e848018ede94190db4ff92da0657bd7d8f8.jpg,即将消失的金陵老味道，你们吃过了吗？,1754537563,675,3546672569256789,跟着老高吃东西,https://i0.hdslb.com/bfs/face/7eb534ffeea57663d08d6aebc8f9c7087a1631be.jpg,433190,"老高的美食地图,舌尖真探事务所,南京遛娃美食指南,带娃吃懂南京,金陵,南京美食,八宝葫芦鸭",32991,216,188,743,560,470,0,0,3170
BV1x6h8zxE5a,114958339672604,1,138,2005,搞笑,短剧短片,http://i0.hdslb.com/bfs/archive/4e544b47d7525d9a9cb47570d7a187d20871a124.jpg,弗雷尔卓德之土石方这块儿～,1754128385,266,3546909580987309,弗雷尔卓德-杨辰,https://i1.hdslb.com/bfs/face/e59912641ba4cbaadb857e30085b15cf4dcc6819.jpg,260137,"短片,原创,学生作品",701497,984,1031,2506,1597,1603,0,0,51214
BV1iMtNz8EFL,114983690046520,1,172,2077,手机游戏,休闲/小游戏,http://i0.hdslb.com/bfs/archive/5a702d3443681f1d3da4668744df403abbaaee2d.jpg,蛋仔派对：大运跌落神坛！蛋小绿又又又又被削弱？超燃新赛季版本大变天更新前瞻！,1754532000,189,241199113,僵尸教授-,https://i1.hdslb.com/bfs/face/30a78bf8e40484e47e8e22a99aa8ec896b3da347.jpg,897213,"超燃竞技场,蛋仔派对新皮肤,无敌凤凰蛋,蛋仔派对发起人,蛋仔自习室,蛋仔奇思妙想计划,蛋仔派对",89181,748,752,3079,654,170,0,0,5548
BV17sh3z9E7M,114964077484957,1,172,2064,手机游戏,单人RPG游戏,http://i0.hdslb.com/bfs/archive/82556f2d9ee6a5733ecad51618b70a20d91377a2.jpg,独家解析，昔涟丹恒伏笔？星铁3.5，前瞻救世PV细节！,1754212828,351,7466789,Jerryprpr,https://i2.hdslb.com/bfs/face/3be29be17dd83dda2f5770bc8acfa73ddcc82d6b.jpg,968755,"白厄,星穹列车团,翁法罗斯,昔涟,翁法罗斯开拓之旅,崩坏星穹铁道白厄,来古士,在黎明升起时坠落,英雄未死之前,三月七",673023,4671,1867,17856,5459,3533,0,0,84273
BV1MahNzREwF,114959144983991,1,22,2063,鬼畜调教,鬼畜综合,http://i0.hdslb.com/bfs/archive/98f93cb69bdc14a21e256fb254d6eb7cfe3e9f49.jpg,“发给MC老玩家，并什么都不说”,1754279700,181,28284160,我叫瞬哥qaq,https://i1.hdslb.com/bfs/face/39a3498888d90307373821ed7ad933567babb4c9.jpg,708276,"籽岷,单机游戏,沙盒游戏,我的世界,演奏,Minecraft,音mad,回忆向,老玩家",309469,640,1322,17614,13552,10255,0,0,63478
BV1QxtnzPEa4,114975469342019,1,171,2070,电子竞技,MOBA游戏,http://i0.hdslb.com/bfs/archive/e2016da8c474b72406df21331573519f94102cdf.jpg,斗魂10.0计划！第五期！4来财+61锻体+10.0石头人！石祖来了！,1754386993,840,51325330,不死斩剑圣,https://i1.hdslb.com/bfs/face/eb40e11b3363d98837dcfb41dd6a4628d3bc3f6f.jpg,225784,"英雄联盟,网络游戏,剑圣,LOL,电子竞技,MOBA,斗魂,石头人",260405,1114,1507,645,1099,3870,0,0,8879
BV19CtMzAEgv,114968456338261,1,201,2094,科学科普,科学科普,http://i2.hdslb.com/bfs/archive/fdb4d415807ec51b81cf3c75d6b0ccb375e08c9b.jpg,一天只有两小时会怎样,1754279721,668,3546617688886097,多奇探秘,https://i2.hdslb.com/bfs/face/24b115f9d8da6897d5ea8db9e8636ac0865c0fe7.jpg,154003,超清科普小课堂,742761,13029,594,6037,531,298,0,0,46301
BV1BZhEz5Esd,114952484428689,1,21,2084,日常,应试教育,http://i2.hdslb.com/bfs/archive/c03d78459f7c66d90659fa4173a2fe8803c6ecd5.jpg,“离心率”一问范围就发懵？技巧在此！,1754036118,1876,14229967,一数,https://i1.hdslb.com/bfs/face/812281bada7d323c23c6e1e2e92749bd29b7d7c6.jpg,20520923,"高考,学习,数学,高中,中考,考前复习,椭圆,圆锥曲线,离心率",1015009,12412,1970,25334,6953,2459,0,76,113929
BV1urtwz3E27,114981005759332,1,172,2071,手机游戏,射击游戏,http://i1.hdslb.com/bfs/archive/e8b7af0b670373df72706f06779fc4bfdeb7c5fe.jpg,烽火荣都联动哪吒二！机甲居然变废铁！,1754471292,157,237533871,武子弈,https://i0.hdslb.com/bfs/face/1ae588a38fa7cc7a8154ff0f46d2cf57bfc3854a.jpg,1250896,"地铁逃生,和平精英玉虚宫,和平精英",553333,339,288,5078,546,153,0,0,10112
BV1YNhJzzEWt,114952601864362,1,218,2167,喵星人,猫,http://i1.hdslb.com/bfs/archive/554f496f922a28b78a701166d975e91368aef856.jpg,害，没点脑子真养不了这猫！,1754125800,242,538142100,圆圆的智子,https://i0.hdslb.com/bfs/face/16d4089d378a421d33bb56f7067727be0a992d7c.jpg,547831,"原创,搞笑,霍尼韦尔猫用净化器,霍哈宝,狸花猫,美短,流浪猫,智商,捡猫,萌宠UP主加更计划",790469,1174,932,15332,29683,1366,0,0,59790
BV1VEtEzcECQ,114974781342729,1,171,2068,电子竞技,回合制策略游戏,http://i0.hdslb.com/bfs/archive/ace6fd9abbaffcacb1bc1dabb658b2f91692b4ec.jpg,𝑴𝒚 𝒃𝒓𝒐𝒕𝒉𝒆𝒓 𝒊𝒔 𝑺𝑩,1754388000,127,3493105034594510,十六van游戏,https://i2.hdslb.com/bfs/face/27b78acca91bd97b9ef20c7438ea042fc6c26853.jpg,548429,"搞笑,剪辑,亚索,愚蠢的欧豆豆,抽象,永恩,金铲铲,来点儿节奏！",416231,182,409,1260,958,879,0,0,27040
BV1KNhpzTE3M,114952786415325,1,21,2154,日常,剧情演绎,http://i1.hdslb.com/bfs/archive/4b8e0e18a78238a70bb9304d9f389ae60c742f53.jpg,b站让我用十秒留住观众（物理）,1754107500,288,9354231,快乐的台长,https://i0.hdslb.com/bfs/face/84f1b28f5b474e298603fc7b85eba8545dac968c.jpg,1298138,"搞笑视频,搞笑,娱乐,恶搞,高能,生活,小剧场,台长,学生,我的离谱暑假",1575750,22027,648,23783,4758,939,0,0,84244
BV1yctuzDEni,114967986575380,1,229,2207,设计·创意,随拍·综合,http://i0.hdslb.com/bfs/archive/29767fd8f72c498abe90c7d5b7ce69a454597ac9.jpg,"""TETO！快使用钻头攻击足立零！"",""没热到这种地步吧喂！""——金刚重音teto与逆天星尘的奇妙历险4【术力口两句话小剧场】",1754272309,118,1907674795,绝美癫公死蟑螂,https://i1.hdslb.com/bfs/face/2a1f604a00c330a7dda688d907acfd13e892960b.jpg,15518,"搞笑,重音テト,星尘,搞笑小剧场,两句话小剧场,重音teto,术力口",212709,288,391,16243,1277,1287,0,0,34255
BV1Q2hbzaEMV,114958926876502,1,182,2001,影视杂谈,影视解读,http://i2.hdslb.com/bfs/archive/a51c78fdddfdf7f9344655f8aac1a1bed242b0fc.jpg,【阿奇】2025年丧尸惊悚片《放飞》：病毒天灾持续六年，丧尸进化成更高等级物种,1754134198,640,151203311,阿奇讲电影,https://i2.hdslb.com/bfs/face/0a1daa330b079cfefdc148503bfc76f56b3f921d.jpg,260647,"丧尸,末日,进化,科幻,惊悚,病毒,放飞,好剧好片重刷榜",1497861,2222,909,11316,1382,685,0,0,39889
BV1TFtwzuEae,114981123133264,1,238,2152,运动综合,美食记录,http://i0.hdslb.com/bfs/archive/79905ee1d24eb148cb0846678aefe8958e7ccfe1.jpg,摆摊卖泡面，听说2个小时就能收入2000？来看看能赚多少钱？,1754476887,566,1667026531,华健盟健身华哥,https://i1.hdslb.com/bfs/face/13aad09d84f050c5a9b3cb2ce432f0da4c11163a.jpg,464052,"方便面,街头美食,泡面,记录我的美食日常,路边摊",208572,575,509,940,1072,207,0,0,14588
BV1k9hpzYEJN,114954397028172,1,21,2063,日常,鬼畜综合,http://i0.hdslb.com/bfs/archive/3440ef347f034b4547f917542a2e5f3946fd7056.jpg,一 生 兄 弟 情 （定时发布 up已开学）😭,1754186448,110,397907105,可悲鸡翅,https://i2.hdslb.com/bfs/face/d0bb03e9335d37c1f99759f03df496a4186f4d2e.jpg,227167,"微电影,高中生,兄弟,短片,记录,小剧场暑期新星计划",445834,1321,1509,4639,5175,3353,0,0,64860
BV1rvtczxEYR,114981391635110,1,21,2039,日常,cosplay,http://i1.hdslb.com/bfs/archive/f8f9581417095601ab54a6dd216a003fb254eceb.jpg,重生之我在漫展当古风小生?!,1754481166,252,36416972,张恩恩NNN,https://i2.hdslb.com/bfs/face/d716ac55bed4f38f231a4a5b90a4c3d963ea3c87.jpg,920291,"古风,CJ,金庸,ChinaJoy,漫展整活,社牛,古风小生,Cosplay,二次元副本挑战者",436329,7306,194,2664,773,632,0,0,29075
BV1CytFz8E81,114979864841285,1,172,2076,手机游戏,女性向游戏,http://i0.hdslb.com/bfs/archive/eab219d07ed6f49b6ec08a315a149f470ba1eea7.jpg,《时空中的绘旅人》「恋恋奇踪」活动PV首曝,1754535600,79,441833336,时空中的绘旅人,https://i2.hdslb.com/bfs/face/85445109d31de10ee97006166cb26bfdacffd63d.jpg,864261,"时空中的绘旅人,路辰,司岚,恋爱冒险,恋爱剧情",207415,300,1009,1269,1587,1020,0,0,9613
BV1D44ZzPEW4,114979428634415,1,235,2066,篮球,单机主机类游戏,http://i2.hdslb.com/bfs/archive/6b185c378d34eb026cf425e102153e9ec162c2a4.jpg,【徐静雨】我很难厚古薄今了，事实就是明末很多方面都超越了魂1魂3！,1754446977,674,306936843,雨说体育徐静雨,https://i0.hdslb.com/bfs/face/c48ae21d7e98c746d8219a215744a9ad5320d102.jpg,1666061,"NBA,斯蒂芬·库里,只狼,魂游,艾尔登法环,黑神话,明末渊虚之羽,杜兰特,徐静雨",211972,1298,4460,567,1558,2371,0,0,5065
BV1KgtPzgEvP,114982112990171,1,172,2073,手机游戏,动作竞技游戏,http://i0.hdslb.com/bfs/archive/2311a4a901deb4ef68c6d6fb4f774ae71da6f18c.jpg,【萌黄速报】剧场版活动再登场！轻松季即将开启~,1754488152,164,441897078,火影忍者手游情报君,https://i0.hdslb.com/bfs/face/3c975d44586143dd0eb4b121a3437bc8cc696610.jpg,2668057,"火影忍者,轻松季,活动,格斗游戏,火影忍者手游,火影手游,火之意志继承者,活动爆料",262982,1641,2738,2547,597,600,0,0,10146
BV17rhHzXESA,114953105179012,1,215,2149,美食记录,美食制作,http://i1.hdslb.com/bfs/archive/085f08cae2901080a759b3812cd8a158e8613d16.jpg,炒牛油火锅底料,1754045413,165,3546720050874607,周大签,https://i1.hdslb.com/bfs/face/b751598f79820c96e946f0fac2e4cd91441093cb.jpg,212796,爱豆安利挑战,2662625,1820,1615,3617,1345,706,0,0,67487
BV1do8kzuEZw,114945605834201,1,21,2112,日常,护肤,http://i0.hdslb.com/bfs/archive/84937866050d3d4d17442535097a853dc88cfecc.jpg,感恩大家对红卫的关心和厚爱！诚邀各位宝宝们来直播间！！！！,1754101800,111,3493082846726757,红卫皂业旗舰店,https://i0.hdslb.com/bfs/face/432d6d062cf8e0f1dc43297b770c70d0caed9aaf.jpg,85224,"国货,正能量,护肤,直播录像,羊脂皂,香皂,红卫",277731,132,483,2646,3373,60,0,0,39102
BV1ww4dzCEgS,114976777836663,1,31,2063,翻唱,鬼畜综合,http://i2.hdslb.com/bfs/archive/5595518f2799586a6cd73f9c6bf0d4fcac2c54f4.jpg,猫儿情,1754442000,70,3859193,我要吃肉魂淡,https://i2.hdslb.com/bfs/face/ebf69adacf52e6199a08e2221560b82c767a882b.jpg,200070,"西游记,翻唱,鬼畜,女儿情,曼波,哈基米",134817,160,857,1386,1811,1766,0,0,17990
BV1iJt3zjEpQ,114970704482225,1,130,2207,音乐综合,随拍·综合,http://i0.hdslb.com/bfs/archive/f8e180b11daa49a077f5c8841ba3aa2064f20caf.jpg,【乌鲁鲁金曲】又堵了一天,1754388000,119,3546934107179539,堵桥界の神,https://i1.hdslb.com/bfs/face/7d8f531b82fe7b2873234483aec8df8d6b1a3097.jpg,5600,"魔性,鬼畜,歌曲,乌鲁鲁金曲,乌鲁鲁,堵桥,三角洲破壁新赛季上线",612581,1798,906,28791,2505,11447,0,0,56159
BV1kPtnzEEN4,114975771266443,1,138,2207,搞笑,随拍·综合,http://i0.hdslb.com/bfs/archive/ac748b329446a773bfde59615bf89fd1795247de.jpg,人杰地灵的河北沧州 豆哥,1754391212,69,219898427,赛博人物志,https://i2.hdslb.com/bfs/face/8f472f6026604ac417af398f3a3ae50386248b95.jpg,85001,"豆哥,抽象,河北,盘点系列",1705001,494,1226,9358,532,4319,0,0,111475
BV1batuz8E1V,114967919467798,1,252,2048,仿妆cos,特摄,http://i0.hdslb.com/bfs/archive/c8f541a495e193372db7f01185a85b1da52b7c49.jpg,反派黑狐让我来演一集吧(>﹏<),1754271382,21,1542285555,电子猫头鹰_,https://i0.hdslb.com/bfs/face/006d2ad2571e33d79e888c3dd0d807a8602ae837.jpg,56945,"假面骑士,反派,特摄剧,卡面来打,黑狐,长发男生,假面骑士极狐",573254,266,1500,19491,1867,6886,0,0,106893
BV1agtczkED5,114979512522807,1,182,2018,影视杂谈,音乐现场,http://i0.hdslb.com/bfs/archive/3429545137ad27f2751ece4b3ce6b623383b1aa8.jpg,【歌手2025】周深：歌王之战歌单？我唱完了！「神级翻唱」,1754473800,956,1556133886,小泽学长吖,https://i1.hdslb.com/bfs/face/f02e49d3a0967cd653dbde3e24266e3c4f01ca60.jpg,24269,"音乐分享官,神级翻唱,周深,音乐,勤深深,歌手2025,歌手,歌王之战,马戏之王,生米",82861,1724,712,1006,794,202,0,0,4638
BV1nkhxzBEhf,114956913609366,1,21,2196,日常,职业vlog,http://i0.hdslb.com/bfs/archive/10decb86afad3a37ca2828573ef272a1a5449e10.jpg,中专生在日本打工6年离职回国，这6年除了收入1000万日元，还收获到了很多不同人生的体验，心酸与感动共存，离开也是为了更好的再见，谢谢大家的一路支持！,1754103650,62,486122103,思乐在日本,https://i0.hdslb.com/bfs/face/7f8a4169e6dd73bdecbadbef8de61c384132d037.jpg,84995,"日本,生活记录,vlog,感动,日本生活,努力,日本打工,出国打工,打工人,随手记录我的生活碎片",765760,312,3701,3850,1238,1326,0,0,80372
BV1EBtczWEJ2,114981425119632,1,232,2158,科工机械,旅游记录,http://i2.hdslb.com/bfs/archive/08291ddbcb76bcfa994a893777f2cc5367681fe4.jpg,开着挖机游全国的路上在贵州黔东南退伍老兵送我一只马犬！,1754477801,661,1918776707,挖机小何vlog,https://i2.hdslb.com/bfs/face/49ed3cd1acf202dadecc5aaa27e9ac297896530b.jpg,444716,"正能量,旅游,生活记录,开着挖机游全国,马犬,自驾游,记录,退伍老兵,黔东南,贵州",843808,975,659,10277,3609,132,0,0,30897
BV19utczVEcK,114979596474451,1,76,2149,美食制作,美食制作,http://i0.hdslb.com/bfs/archive/b972546d7d0c45d89dfc72d5ad6312ac3bf8189a.jpg,美国留子夏日自制甜品｜这啥呀，那么好吃呢？！ʕ•ᴥ•ʔ,1754449734,225,322799994,纽约的杜师傅,https://i0.hdslb.com/bfs/face/a5c651f3229c272a85c5bfc348bc7431facf0764.jpg,368472,"美食制作,柠檬,蛋糕,甜品,留学生食谱,记录我的美食日常,柠檬凝乳蛋糕,柠檬蛋糕,自制甜品,Vlog",64985,68,121,2207,1656,120,0,0,7336
BV1JutEzTEWE,114975083337287,1,256,2166,短片,农村生活,http://i2.hdslb.com/bfs/archive/89a0a42413601e4540377946314c3ebaad56ab55.jpg,9岁顶梁柱,1754472600,537,1279677779,导演何苦,https://i2.hdslb.com/bfs/face/a7a5fc7648e5806b2b2ee1b4adb27d4255ce8ab0.jpg,81734,"童年,生活记录,正能量,农村,小朋友,最后的棒棒",142284,826,1143,1285,6544,729,0,0,7364
BV1Bktqz4Er9,114986324135811,1,250,2126,出行,户外探险,http://i2.hdslb.com/bfs/archive/d0124ffd5d77a0f9c34bcef5d6bc06c61037b110.jpg,勇闯全世界最拥挤的小岛，两千平米住了1000人！为争地盘爆发战争,1754560081,853,528461028,小钟Johnny,https://i0.hdslb.com/bfs/face/8b5dcb61618876d873d9ea0320e52d86616cca6a.jpg,2688944,"原创,非洲,跟着UP主看世界,记录",136323,1394,516,2139,11852,322,0,0,18160
BV18btEzWE9H,114974865298322,1,252,2039,仿妆cos,cosplay,http://i2.hdslb.com/bfs/archive/612a9e4d89897999eb7fa32bd0d55c0b2864dbad.jpg,【广州jojo only】替身使者才能看懂的视频,1754377395,18,1289120898,我素章鱼小丸狗,https://i0.hdslb.com/bfs/face/2f0999c22042c4695dc9be51d13b114d0ee97036.jpg,1934,"JOJO的奇妙冒险,替身使者,承太郎,白金之星,jojo,Cosplay",1054950,215,827,6203,510,2224,0,0,96018
BV1LuhGz9E9Y,114963591010927,1,171,2070,电子竞技,MOBA游戏,http://i1.hdslb.com/bfs/archive/a79dd4fa26564cd4c67540196d83a52d2514dfbb.jpg,不是我喜欢的残血，直接开大！！！,1754215200,186,262503053,佐悠-Leisurely,https://i2.hdslb.com/bfs/face/79fef1e68d835d382d582e227e05a8737515a9ce.jpg,1911736,"搞笑,电子竞技,诸葛亮,娱乐,王者荣耀,王者荣耀夏日盛典,诸葛亮峡谷小动物团长,MOBA,王者荣耀山海皮肤",888503,751,833,4397,5642,2252,0,0,61838
BV1JdhuzREBD,114962701812188,1,138,2171,搞笑,动物综合·二创,http://i1.hdslb.com/bfs/archive/ff3f9e63b1ce723fcd35adacfe1a9b5dcce8528c.jpg,牛：不好！我的魔丸！,1754192019,65,1402229439,大丙搞笑配音,https://i0.hdslb.com/bfs/face/6104868b601276de59976e835c95428601800cc0.jpg,365079,"搞笑视频,搞笑,配音,吐槽,搞笑配音,搞笑动物配音,这是一个悲伤的故事,看一遍笑一遍",2806926,273,823,9658,1038,6987,0,0,78978
BV1g9tczVEtk,114981190240396,1,124,2089,社科·法律·心理,时政解读,http://i2.hdslb.com/bfs/archive/fa54bcede578dfd59eaa1c57cdc906febe7a6c34.jpg,特朗普威胁印度反被无视！“东方大国”底气十足,1754474182,1098,703186600,麻薯波比呀,https://i1.hdslb.com/bfs/face/826f6c258199edc87d5722a56e8a8f963686dbba.jpg,2722747,"社会观察局,美国,印度,莫迪,美国印度,美印关系,特朗普关税战,特朗普",1368241,2691,2091,8090,8548,761,0,0,74131
BV1VxtnzPEJP,114975469212749,1,95,2123,数码,家用电器,http://i2.hdslb.com/bfs/archive/55772348392562c90ec95dc996ac45552352233b.jpg,一场来自天空的「降维打击」大疆ROMO P扫地机深度清评测,1754481600,566,488818381,科技体验派,https://i1.hdslb.com/bfs/face/6e8c6baabe220cc9d8c1924201ecb185372be409.jpg,262116,"科技猎手,黑科技,清洁电器,大疆扫地机器人,大疆ROMO,大疆ROMO P,大疆,扫地机,智能家居,扫地机器人",64503,235,54,1802,1778,1254,0,0,3728
BV1fohnzXEvr,114953256241811,1,138,2155,搞笑,语言类小剧场,http://i1.hdslb.com/bfs/archive/be52382e8fb654a2dacd1e50a06d3941aba352ce.jpg,《我对骨头不感兴趣》,1754107199,122,3493260618106936,伤心欲茄222,https://i1.hdslb.com/bfs/face/1f0cb64d9b62da7db7e6e020b78b6872dbffe55c.jpg,3278908,"搞笑,八嘎,转转,配音小剧场",2256467,1489,1290,8128,3691,1920,0,57,207658
BV1jptwzWEkS,114980938646889,1,138,2154,搞笑,剧情演绎,http://i0.hdslb.com/bfs/archive/6db538aae351824982e29b5d66c2056ae1b65ebb.jpg,当苏超遇到赣超,1754470145,115,594968909,叨叨傅吐槽秀,https://i2.hdslb.com/bfs/face/77ee65f1031596d0db8581d2eaa7298fe06751d7.jpg,333574,"短片,原创,搞笑",243731,613,1671,843,1572,1031,0,0,22458
BV1LkhJz5EEd,114951930776157,1,254,2154,亲子,剧情演绎,http://i0.hdslb.com/bfs/archive/e12b60d59b8302cd6c4396bac6115583f7676be3.jpg,个别农村博主的套路,1754027458,87,3546640096954436,周小闹是周小闹,https://i2.hdslb.com/bfs/face/3c1e9f0e717c007cac23199fe9a704ccb3b35366.jpg,794870,"生活记录,搞笑,乡村",1996086,145,205,7197,644,171,0,0,51909
BV1j1tGzEEa1,114970033459353,1,172,2078,手机游戏,沙盒类,http://i1.hdslb.com/bfs/archive/1482c9d076c29600c25c69a091aa7436ed5b8919.jpg,〖我的世界〗极限噩梦惊变500天养老生存第一集！,1754303940,163,603083398,我的世界__白菜,https://i1.hdslb.com/bfs/face/2e3f9bf762c38237820176a961f33753d28c100f.jpg,43564,"沙盒游戏,我的世界,惊变100天,像素风,惊变,我的世界生存",1319156,125,78,45001,1350,44,0,86,43360
BV1KRt7zmE6m,114975033136231,1,21,2040,日常,二次元线下,http://i0.hdslb.com/bfs/archive/1fe6e7933967aadb85b3750ca0615cebcb60e9c0.jpg,排面拉满！带声优去漫展感受神秘仪式！,1754384400,276,210291,蚀血之暗,https://i0.hdslb.com/bfs/face/cf6bd7ce511ef7e277a8825eba9a8b6d2576965c.jpg,665729,"DNF,无畏契约,漫展整活,漫展特种兵,2025chinajoy,腾讯游戏,管泽元,chinajoy,大展宏图,ChinaJoy现场",180468,200,376,1071,1055,59,0,0,4759
BV1ATtFzdEUv,114980535932687,1,201,2083,科学科普,综合资讯,http://i2.hdslb.com/bfs/archive/dfc27b2566889cc6d0037619b99eb4c5ff875ed0.jpg,食盐烧出塑料味？火系法师退退退！,1754478300,295,439478093,中国食品报融媒体,https://i2.hdslb.com/bfs/face/41703cc47175657261e088a1efb4906da542719e.jpg,4080173,"科普,鉴定网络热门视频,辟谣,食品安全",1272763,3018,3346,10747,2896,987,0,99,77178
BV1vGhWznENw,114954195704183,1,21,2037,日常,同人动画,http://i0.hdslb.com/bfs/archive/7a5b153361b56d58893d8d91172b2755d24e3e58.jpg,“感谢你们的热爱”,1754062029,82,3546845057910803,gal小指南,https://i2.hdslb.com/bfs/face/613768ab1d9a0e0e3952c5ce234251deba4db944.jpg,15353,"剪辑,GAL,galgame,汉化组,感谢",724419,1936,2284,26805,21457,1686,0,0,141408
BV1q6tGzQEjo,114969882529724,1,138,2005,搞笑,短剧短片,http://i0.hdslb.com/bfs/archive/09296edf762f06c4380741fb311adf3a4024cc1c.jpg,破镜不能重圆 和好不能如初,1754301513,123,1659651634,七颗猩猩QKXX,https://i1.hdslb.com/bfs/face/e48329f6999d331dcb3cb5ca7ecf2b4b1100d83d.jpg,3190175,"原创,爱情,短片,搞笑小剧场",1275887,1692,1998,14737,5870,1566,0,0,105452
BV1uahTzYEdt,114962064219312,1,171,2071,电子竞技,射击游戏,http://i0.hdslb.com/bfs/archive/75a042e1ef40a670ebc7c64539596c63ad7fb517.jpg,逃   学   威   龙,1754182130,187,193563477,轮回丶Hui,https://i0.hdslb.com/bfs/face/acf758aa01aff3ba3fd69cbfc652242c75ff7d5a.jpg,5191,"得吃,三角洲行动,零号大坝,三角洲,深蓝,鼠鼠,跑刀,老鼠,猛攻,夺舍流",641320,554,1219,9669,1828,4126,0,0,58733
BV1UztwzrEuv,114981022469043,1,65,2070,网络游戏,MOBA游戏,http://i0.hdslb.com/bfs/archive/1251d33407a92ffd7039cbf474fff44878080859.jpg,爷爷救葫芦娃的故事,1754474735,519,30879313,直面泰山,https://i1.hdslb.com/bfs/face/14be2422bae56ebd0b99276dbc0c835b5442b76e.jpg,364696,"英雄联盟,LOL,中单,电子竞技,慎,加里奥,MOBA",212250,349,377,849,6890,230,0,0,23417
BV1hat3zMEAw,114970838697059,1,213,2152,美食测评,美食记录,http://i2.hdslb.com/bfs/archive/524e668fe023629d3cf01b49b1c95cdccfa04491.jpg,云南大理生吃猪，猪皮40元一斤，肉15元一斤，一天卖3头猪,1754359200,140,470990524,小食光光,http://i1.hdslb.com/bfs/face/3e46a8fd368745553ab9a86a0195947033e67ad3.jpg,172901,"街头美食,云南,大理,传统美食,生皮",1335556,570,1123,656,625,676,0,0,15796
BV1MEhhz8Eet,114958188682054,1,172,2076,手机游戏,女性向游戏,http://i2.hdslb.com/bfs/archive/148a459cad7ddf8fc98eb3d265ff4161176601e9.jpg,【微恐慎入】立志当闪暖掉san界的扛把子！,1754122886,60,383005967,可以阜吾民之财兮,https://i2.hdslb.com/bfs/face/5cf6fb05e814b04dd98470d2db03553163614e57.jpg,8054,"恐怖,闪耀暖暖,闪耀暖暖二创,闪耀暖暖六周年,闪耀暖暖玩家共创,闪耀暖暖神仙打架,胆小慎入,微恐慎入",745971,143,247,8490,1441,652,0,0,92966
BV1R2hgzSEFe,114964295650430,1,182,2042,影视杂谈,动漫评论,http://i2.hdslb.com/bfs/archive/715d44d205a998a65d52633f8a2edd81e8130899.jpg,【灵笼】白月魁舍命布局，马克生命跃迁，查尔斯即将迎接攻腥棋子！,1754216267,805,304815404,流心影者,http://i2.hdslb.com/bfs/face/08376a7e475c3c48d5f7b2781fe5d92c94bc0ea4.jpg,453123,"动漫,科幻,国产动画,动画种草激励计划,热血,高燃,灵笼",1553103,620,1184,9086,927,173,0,0,30519
BV1EAhGzZEw9,114963389678075,1,138,2142,搞笑,体育综合,http://i1.hdslb.com/bfs/archive/9c10a4bfdb908a5c58db157220114f924dcb1d3a.jpg,创意工坊之你们要的拿去～,1754203871,79,3546909580987309,弗雷尔卓德-杨辰,https://i1.hdslb.com/bfs/face/e59912641ba4cbaadb857e30085b15cf4dcc6819.jpg,260137,"创意,创意工坊,弗雷尔卓德",1498114,611,1394,4245,1617,5149,0,0,85749
BV1DvtFziEuG,114980166833033,1,31,2020,翻唱,翻唱,http://i0.hdslb.com/bfs/archive/19855905f117a965b75fd4c9b65ea75484b3f66d.jpg,请__带我走。,1754470800,129,4176573,Akie秋绘,https://i0.hdslb.com/bfs/face/64890269f4c6910518489f58ea4ce27e504c9f9e.jpg,628013,"全能音乐挑战赛,翻唱,奥莉安多幻想曲,请不要带我走。,Akie秋绘,虚拟主播,诗岸",180706,240,258,9632,2940,502,0,0,25229
BV1vHh8zBERZ,114958809438305,1,17,2064,单机游戏,单人RPG游戏,http://i0.hdslb.com/bfs/archive/77a9f1f957205039ea1d7fc1ae117ed1e17e36a3.jpg,⚡️⚡️看好了，绝区零是这样玩的⚡️⚡️,1754132570,200,67644163,弗莱萌-FMWN,https://i1.hdslb.com/bfs/face/f8f28756ae2fada36b9e9ebacb93ce9fbc14d490.jpg,221329,"二次元,音乐游戏,跳舞,绝区零UP主激励计划,猫又跳舞,ZZZ,米哈游,绝区零",169990,199,276,10561,1212,954,0,0,22938
BV1tMtBzzEqr,114986038924215,1,17,2078,单机游戏,沙盒类,http://i2.hdslb.com/bfs/archive/4d8d2f50456825b4cd467f2ddc58b0cf37b2c65e.jpg,一口气看完！无辅助一命通关泰拉瑞亚灾厄Mod大师死亡难度,1754559900,8434,1500156660,UAE丶黑桃,https://i0.hdslb.com/bfs/face/a79dd8bfa54966685b8befbfddf16a1584489eab.jpg,284951,"泰拉瑞亚,沙盒游戏,一命通关,冒险mod,像素风,灾厄,推荐宝藏游戏",33549,929,485,2618,6646,475,0,0,6449
BV1rThtzgEJ8,114957869915056,1,21,2207,日常,随拍·综合,http://i1.hdslb.com/bfs/archive/2dd6056a805c802665f6667c2cd94f3a9627f118.jpg,[b站扫盲01]手机如何发送这些骚弹幕？,1754118097,69,3546727005030792,面壁者牢波official,https://i0.hdslb.com/bfs/face/e3d00a3910a05784e182d0a0d116894444880be0.jpg,96917,"知识分享官,高级弹幕,二次元,b站扫盲计划,弹幕,哔哩哔哩,知识科普,bilibili,b站,娱乐生活记录",1428964,846742,10718,44480,14063,3198,0,0,120246
BV1jy8mzXEig,114948625667643,1,17,2079,单机游戏,其他游戏,http://i1.hdslb.com/bfs/archive/25c64cfab1e36ae00675dea3cdc4a06644c8d26b.jpg,驯 虫 高 手,1754038800,656,546195,老番茄,http://i0.hdslb.com/bfs/face/bc5ca101313d4db223c395d64779e76eb3482d60.jpg,19839766,"搞笑,高能,老番茄,配音,斗虫公园,kabuto park,斗虫,沙雕,推荐宝藏游戏",4608784,3037,1790,61407,23647,992,0,17,149077
BV1guhbzZEn1,114957450484919,1,47,2037,同人·手书,同人动画,http://i2.hdslb.com/bfs/archive/f6ebddc7ece7ea9ea7a1022219154fbdcff286e4.jpg,我将全身涂抹老鼠药，这时邻居遛狗进了电梯,1754111704,1257,3536995435415579,叶雪颜悬疑,https://i2.hdslb.com/bfs/face/7579c3db5d5af3db1c74d27de9b26c7aa3e07f31.jpg,202535,"原创,惊悚,悬疑,恐怖",1321164,4088,1048,31736,3459,1421,0,84,100280
BV1WJtMzSEpE,114968640947553,1,212,2150,美食侦探,美食探店,http://i0.hdslb.com/bfs/archive/1e64fec99f36b491e277ed5beddf5db8e5684005.jpg,来了贵州的这一口酸汤，绝对是不能错过！,1754298300,183,662658732,玲子reiko-,https://i0.hdslb.com/bfs/face/a8d629cf26aadac92df23448177860842cc8e133.jpg,1769985,"记录我的美食日常,贵州,探店",306678,135,574,1612,648,1530,0,0,30104
BV1CJtJzEEmq,114974378691267,1,238,2164,运动综合,打野采摘,http://i2.hdslb.com/bfs/archive/dcd27827db222fd98380f562ecc7724bcba77bdb.jpg,又到抓稻花鱼的季节啦！在稻田森林里穿梭，惊喜连连！,1754470800,589,327552140,我是野农,https://i2.hdslb.com/bfs/face/dc9091859f0b6b5aad657c95102b599d2f41b53f.jpg,464640,"搞笑,生活记录,记录美好农村生活,抓鱼,田园生活,美食自制,农村美食,莲花池,稻花鱼",186323,894,492,776,8036,159,0,0,15398
BV124hHzAEMz,114952937478873,1,17,2078,单机游戏,沙盒类,http://i1.hdslb.com/bfs/archive/bd89c91bf61edd8c440644573b582fb990f9c435.jpg,当我们变成美西螈宝宝，并可以不断进化？！,1754452800,453,77257482,小包小包i,https://i0.hdslb.com/bfs/face/1973496f77111d69b07c2058054dc73ac2f23a00.jpg,1595158,"沙盒游戏,生存游戏,我的世界,单机游戏,Minecraft,小包小包,mc,推荐宝藏游戏",663058,241,89,26108,1678,32,0,0,28010
BV1DxhxzJE7f,114956762682436,1,17,2079,单机游戏,其他游戏,http://i2.hdslb.com/bfs/archive/f17c851077a4dab75947131ad679ce94d7d7a7f7.jpg,童年爆红的爆发小火山!竟然还有隐藏真相和结局？！,1754109000,348,154113956,日向源,https://i2.hdslb.com/bfs/face/af84c1e8c480b7affe71d989104776f586a855b4.jpg,1380940,"童年回忆杀,音乐游戏,游戏集锦,小游戏,怀旧,音游,怀旧游戏,43999,游戏鉴赏家,推荐宝藏游戏",4736836,5459,677,101252,32903,540,0,26,155961
BV1WUt3z4EYi,114970385717220,1,17,2064,单机游戏,单人RPG游戏,http://i1.hdslb.com/bfs/archive/8e96d809cd5c59dae98f1ccd578f6188022f038b.jpg,这是一则银狼的推销视频,1754309728,85,511848876,我不是赤寒,https://i0.hdslb.com/bfs/face/0c89f8c6ac2bae09bf46fd77149a7a1c15bc8e16.jpg,754033,"娱乐,搞笑,崩坏：星穹铁道,崩坏：星穹铁道创作者激励计划,抽象,银狼",539941,452,904,5836,577,758,0,0,59543
BV1ZvtJzMEzk,114976022926974,1,71,2198,综艺,休闲玩乐,http://i2.hdslb.com/bfs/archive/4a803cf7ded903fb654dd38dd6a8dd06539e34c1.jpg,我叫柯蓝，是附近有名的名蒸蛋（6）,1754449200,1282,3913194,高斯Goh,https://i0.hdslb.com/bfs/face/d4c65b5c6be3f9d845c15401173f98b130728851.jpg,5190829,"犯罪现场,推理,日常,聚会,生活,搞笑,抽象,沙雕,小潮team,整点电子榨菜",1885240,34667,3760,45458,61024,2172,0,5,153393
BV1V9hWzpENv,114955621764211,1,136,2074,音游,音游舞游,http://i0.hdslb.com/bfs/archive/414a580b2685aca57da545c94ff7309c156aff58.jpg,【冰与火之舞自制谱】亞細亞曠世奇才-莫愁乡,1754083731,136,1705061926,清歌遗响,https://i1.hdslb.com/bfs/face/2a93c021ed47cb0f5e9b5406e1257c972e7f2d58.jpg,449,"自制谱,音乐游戏,音乐,冰与火之舞,歌曲莫愁乡二创",281105,91,253,2985,776,238,0,0,15255
BV1Gk4ozNEgw,114977767690229,1,17,2078,单机游戏,沙盒类,http://i1.hdslb.com/bfs/archive/a008f5a3086ef1cc84e1cfdf80a922ebf79d58e6.jpg,MC速通排位周赛中国第一，世界第一,1754451900,344,1045083807,夏末ys,https://i0.hdslb.com/bfs/face/aede9231cd62818d6edb3ff740a5e0ec58b35f6b.jpg,118665,"MC,我的世界,我的世界速通,推荐宝藏游戏",174715,827,775,1069,845,243,0,0,15331
BV1xstczAEz6,114979629962308,1,214,2152,田园美食,美食记录,http://i1.hdslb.com/bfs/archive/408eba40e8594bb4edf6f2c9cb1d03ce14898629.jpg,建水草芽——滇南人的水中珍馐【滇西小哥】,1754467200,1370,101229184,滇西小哥,https://i1.hdslb.com/bfs/face/a235389baf30c5819d1dba02a8a1d581598e66c7.jpg,1611257,"美食制作,云南,记录我的美食日常,赶集,草芽,云南特色",199747,1636,327,1560,5348,337,0,0,12233
BV1AehHzbEwg,114953122093345,1,171,2071,电子竞技,射击游戏,http://i1.hdslb.com/bfs/archive/b91fec4f40a63f36c1dcd86fec81912b52d3e013.jpg,【南波万】非洲之心总裁卡（绝密航天）???w→2600w,1754045558,346,1969088999,南波万三角洲,https://i2.hdslb.com/bfs/face/6a4f56d94c8f2e6010041aa2835931ab4b5f19ab.jpg,273225,"欧皇,三角洲,南波万,非洲之心,三角洲破壁新赛季上线",743423,479,213,11492,756,115,0,0,32479
BV1cfh3zhEAg,114963507060135,1,228,2088,人文历史,社会观察,http://i0.hdslb.com/bfs/archive/b05a746fc51d3194cf85c7b2b636376bffd913bc.jpg,7月28日一发生就引爆舆论，特朗普还亲自下场发推，到底是怎么回事！,1754388000,873,297670584,我是大佬K,https://i0.hdslb.com/bfs/face/efe0c5cde9af3c74568d17599b9b2a071b279fb4.jpg,949188,"真实故事,悬疑,奇闻异事,真人真事,深夜故事,悬疑案件,案件解说",362702,2445,973,2056,2757,350,0,0,13187
BV1z9h8z2EVG,114958457178853,1,21,2196,日常,职业vlog,http://i0.hdslb.com/bfs/archive/3d25b270eaa3d00db48b2ce82422bee9b0bf4edf.jpg,“餐饮人的自述”,1754127276,103,1070430442,阁下有炸,https://i1.hdslb.com/bfs/face/c52f38147d157adb1acf2006264fec02aee1902b.jpg,274624,"餐饮,Vlog,寻找100个宝藏vlogger",306534,167,744,1439,3776,224,0,0,42089
BV1ST4RznEH4,114977113445143,1,138,2197,搞笑,其他vlog,http://i2.hdslb.com/bfs/archive/7f497dabe1c1b812709a1b09ffdcfc1a943aeae1.jpg,带爸爸体验我的一天~,1754471400,238,1020040160,永琪吗,https://i2.hdslb.com/bfs/face/97f3dfee444826304bea638369cebbdcb48193ac.jpg,1933423,"生活记录,新央企新长安,新韵重庆长安",283304,447,272,508,1951,277,0,0,23377
BV1F9hnzdEC8,114953625341578,1,253,2042,动漫杂谈,动漫评论,http://i1.hdslb.com/bfs/archive/481abfdd24e163db22de810cbdf7a3a1b9463a63.jpg,【JO论战】开什么玩笑！我吉良不是最强boss吗？！为什么一直在挨揍！？？,1754053412,442,352332745,色忐忑与瑟袒特,https://i1.hdslb.com/bfs/face/1f000ce90a06dfcb945847581430b6d1f56a3f7d.jpg,12941,"动漫杂谈,JOJO的奇妙冒险,吉良吉影,瓶子君152,动画种草激励计划,新番吐槽,不灭钻石,七月新番,银色战车",1441822,1383,1814,26393,3431,605,0,0,56658
BV1PYt5zNEKx,114971073585046,1,138,2020,搞笑,翻唱,http://i0.hdslb.com/bfs/archive/196602224f542867f8e5e906fa12b990cc75ace8.jpg,“可惜我们终于来到 航天的桥”——露娜&乌鲁鲁合唱,1754319657,67,400719755,火山泥_咖啡,https://i2.hdslb.com/bfs/face/91d7a65d6bc552212f08c9ad63d453ae6f4fe21c.jpg,24890,"填词,翻唱,三角洲行动,露娜,乌鲁鲁,句号,堵桥",142879,61,372,4768,1582,3894,0,0,17087
BV1pUhTzQEuf,114962215277600,1,47,2037,同人·手书,同人动画,http://i0.hdslb.com/bfs/archive/e6299b99b41e3b5c68a882d9acd48f3428ef10b4.jpg,原创动画｜亲爱的神明，帮我孙女找个男朋友成不？,1754184258,68,2466899,SHOUWenjia,https://i2.hdslb.com/bfs/face/c77f7d4cd8054d6428f0e89ddc4ff01ec063d5ea.jpg,9137,"动画短片,动画电影,原创动画,短片,动画,寻光小宇宙奖",289868,68,332,14428,7233,556,0,0,67548
BV1JztGzpEE9,114969832134623,1,138,2155,搞笑,语言类小剧场,http://i2.hdslb.com/bfs/archive/95a16d3c2398340ac64b8663a3529593882f3da1.jpg,上班就是一场cosplay,1754391600,198,288387457,小小段砸,https://i1.hdslb.com/bfs/face/ac096215f656f82d552099e0ab06bc86d6bacbaf.jpg,1359172,"职场,脱口秀,搞笑小剧场,段砸,上班就是演戏,搞笑吐槽,上班,工作,Cosplay,溪木源",195296,311,494,2559,3357,1932,0,0,20470
BV1jGhNzBEHZ,114959564409017,1,65,2070,网络游戏,MOBA游戏,http://i0.hdslb.com/bfs/archive/fc49b42a4fb9a87b3e3b856edec1da8483f02671.jpg,完成不可能的反杀！《柔风亚索集锦》,1754193600,174,282558920,柔风亚索,https://i2.hdslb.com/bfs/face/b3ced8df924833fcb562e6b05d3a6cc3705effd0.jpg,135781,"疾风剑豪,亚索,精彩集锦,电子竞技,英雄联盟,韩服王者",2123289,1134,1634,4379,6997,3493,0,0,73982
BV1BEtVzREUA,114971878884862,1,253,2006,动漫杂谈,AI影视,http://i0.hdslb.com/bfs/archive/fcf0d80095208b3a0b95d989b90d7ab6aa03ff30.jpg,地狱难度猜番挑战！当动画名场面被AI重画100次之后？这谁认得出来啊！【动漫高手01】,1754388300,2607,216025,尕丶天堂,https://i1.hdslb.com/bfs/face/6c62b7cad6c3721e86990db86036979d7359232c.jpg,1603038,"二次元,搞笑,动漫,动画,天堂,联动,动漫高手",452134,13380,869,6469,10850,1486,0,0,35663
BV1gd8mzLEG8,114948776657966,1,59,2021,演奏,演奏,http://i2.hdslb.com/bfs/archive/712e4d7ca2fc71ec2465cc225f1cce651063a925.jpg,两根饼干打出千本樱,1753979455,87,1836899949,淩喵,https://i0.hdslb.com/bfs/face/fada56ba345e3f452061efcf192471a24b0bd1c0.jpg,5151,"节奏,千本樱,饼干,PENBEAT,抽象,pb",250792,404,816,2169,2075,509,0,0,28441
BV1Lctgz6E6X,114969748182422,1,65,2071,网络游戏,射击游戏,http://i2.hdslb.com/bfs/archive/c4d2e3cb4185abf52f434ba6e1cbdd4ebae78544.jpg,一秒变异！拥有顺风耳的听力加持，夺舍成功是必然的,1754299753,200,331514361,苏醒游戏解说,https://i0.hdslb.com/bfs/face/dd578b65eb0a8beaff6f4677c76cf9cfc0ce75b4.jpg,704500,"FPS,电子竞技,第一视角,迈从,三角洲行动,迈从V9",690427,551,869,2718,1683,326,0,0,27489
BV1cDtuzEERL,114969597317294,1,65,2071,网络游戏,射击游戏,http://i1.hdslb.com/bfs/archive/0fbdb2e697bbd29ca111b3ec16c1db6032066788.jpg,最强“反外挂”游戏,1754297039,37,90119987,花圣不是花生,https://i2.hdslb.com/bfs/face/bab6001f89b0c5080955b6d7a188b255c04cd422.jpg,78497,"游戏,电子竞技,FPS,生死狙击",1514165,343,1779,7680,668,8815,0,0,94794
BV1JdtVz8ERv,114971207797827,1,122,2091,野生技能协会,设计艺术,http://i0.hdslb.com/bfs/archive/574879fa201d03d6d224749a33ba06b8feb33ee7.jpg,进化抽象剪辑-剪辑教程,1754365800,122,3546762860038633,小敌同学,https://i1.hdslb.com/bfs/face/6deb81271d0c9bb8bc69e2e49242fb0e75f83261.jpg,41643,"CSGO,游戏,反恐精英,剪辑,知识,教程,游戏剪辑,CS2,剪辑教程,GO学长太能剪了",311042,45,205,13810,764,384,0,0,17980
BV1uDh7zcEqb,114951075137595,1,138,2178,搞笑,亲子综合,http://i1.hdslb.com/bfs/archive/2a00b2d763730b472f6fc834d541d8de8b6f0ba8.jpg,再一次当女儿们的画板,1754014354,43,455876411,TheRock_Johnson,http://i2.hdslb.com/bfs/face/4de05f3d8abf7b7172eda2808eb62617fb820bf1.jpg,3016199,"短片,原创,女儿",1540265,1213,2465,9953,2984,2622,0,0,184277
BV1dVhAzFEdC,114941612922357,1,220,2171,动物二创,动物综合·二创,http://i2.hdslb.com/bfs/archive/c1e844be5c130e7bba6f4378d9758412111f88e7.jpg,那些动物们的用餐时间！,1754040600,479,43484780,蒙哥马利愛学习,https://i2.hdslb.com/bfs/face/e13340353698301f500dc66a0328d1a8e38c9e75.jpg,674333,"动物世界,汪星人,喵星人,动物,搞笑动物,神奇动物,可爱动物,萌宠日常,动物观察,萌宠过暑假",639652,993,219,5216,1017,786,0,0,42645
BV1mzhnzNEkB,114953457502932,1,252,2113,仿妆cos,仿妆cos,http://i1.hdslb.com/bfs/archive/bf6dad6b140163cb765e4ac86576364d0d5fed13.jpg,当红心皇后联动红皇后,1754125200,51,415897343,初九Haimon,https://i2.hdslb.com/bfs/face/5755ceca1459f9028973297abda9e60f02a30c13.jpg,1339086,"第五人格,红夫人,爱丽丝梦游仙境,红皇后,神还原仿妆大会",3529237,1786,2155,15990,6601,1317,0,95,210218
BV13RtczkEWD,114981173466832,1,138,2154,搞笑,剧情演绎,http://i1.hdslb.com/bfs/archive/fa48238e780c793b37757e8dd6d606399172c2ff.jpg,我的行为vs爷爷奶奶看到的,1754476539,37,102805877,西维西师傅,https://i2.hdslb.com/bfs/face/323e5987c19c580937f5add9212acc5075a97d06.jpg,931137,"娱乐,搞笑小剧场,段子,老人",1533835,192,934,14326,2341,2195,0,89,184271
BV1bctwzBEAz,114981106423367,1,95,2099,数码,电脑,http://i2.hdslb.com/bfs/archive/e8b2a82ba88329d3338f67ec79927dd7abbb2c60.jpg,即便到顶级，依然性价比！14999！9800X3D+RTX5080+2TB+48G+B850+360水冷！,1754481600,269,470231396,装机侠林BB,https://i2.hdslb.com/bfs/face/73d6ff6f3fec7ab6c043ab7a5c97074c938ffcfe.jpg,571959,"科技,装机,显卡,数码,电脑,电脑装机,性价比,整机,配置推荐",97026,173,553,1503,1129,465,0,0,3221
BV165t3zSEwa,114968942877652,1,251,2162,三农,农村种植,http://i1.hdslb.com/bfs/archive/cd603fa59f6cde5c10272f3319cec5434e40585d.jpg,终于发现清道夫的作用，再也不怕清道夫了,1754287227,315,514596475,阳台种植愈呵呵,https://i1.hdslb.com/bfs/face/0ba832aea5bdaf9e7db390df7dd9975dda1a61b5.jpg,13917,"昆虫,清道夫,作用",1114884,926,1806,3727,3880,878,0,0,80850
BV13atwz7E9C,114981039312845,1,17,2078,单机游戏,沙盒类,http://i2.hdslb.com/bfs/archive/e4cdbe469719174669997e1ad73eaf9babd87fe0.jpg,不止一款免费模组！比特萝卜新免费计划公布...,1754471718,43,1098754117,比特萝卜,https://i1.hdslb.com/bfs/face/e1811a2c9a2278c7e99b48f9d927d8fe76e2bb14.jpg,594424,"我的世界,冰火传说,免费模组,比特萝卜,模组推荐",201729,208,742,5060,1204,312,0,0,21875
BV1oEhnzUEUj,114951796559409,1,210,2201,模玩·周边,潮玩玩具,http://i2.hdslb.com/bfs/archive/88c68dd50f3717ff17e075a3e5068dcba246d6f5.jpg,如果妈妈是「MC十年老玩家」，那即将上小学的女儿将会收到一？？！,1754042400,313,1691347,大橙橙橙子,https://i1.hdslb.com/bfs/face/662a233cf1f685f63d9654a7f0ff47d739eee181.jpg,2675200,"大橙子,我的世界,乐高,在一块玩一夏,乐高苦力怕,乐高经典矿镐,乐高末影人塔楼,乐高我的世界,我的世界乐高,乐高航海王热血登陆",727401,1372,1387,9802,4496,786,0,0,61295
BV13VtGzgE4R,114970117283742,1,138,2154,搞笑,剧情演绎,http://i0.hdslb.com/bfs/archive/27965738562909255ebf3dc986623500077d01c1.jpg,《你眼中的自己vs实际上》,1754306937,269,478610686,郑凯伦伦伦,https://i1.hdslb.com/bfs/face/24a1b4a4a5cb2287f9892c3f9be60f3668733e85.jpg,1531986,"搞笑,荣耀GT,荣耀400,2025ChinaJoy,荣耀平板GT2Pro,荣耀平板在CJ现场成电子鸡蛋,VS",1430443,879,1328,9499,1230,365,0,90,96108
BV145h7zREN5,114951393904891,1,17,2078,单机游戏,沙盒类,http://i0.hdslb.com/bfs/archive/eef68581353c909645d54bd30496c35b6cfe7fd7.jpg,我被质疑为AI 耗时三年的顶级二创有多离谱？,1754033400,223,493836206,Apple苹果酱喔,https://i2.hdslb.com/bfs/face/a8abacbc4fde2346e15c01bf0a24ec94e93df3f4.jpg,484164,"我的世界,MC,Minecraft,爆肝,原神",2633427,1949,3575,121528,147534,9153,0,7,387855
BV11E8Rz9EXX,114935791228234,2,65,2077,网络游戏,休闲/小游戏,http://i2.hdslb.com/bfs/archive/dac04631f8be76c6089b1fd7a80ef778aa57a770.jpg,死亡1000次后，我终于无伤通关了茶杯头所有boss！,1754042400,5300,108423490,巛麻雀灬涛,https://i1.hdslb.com/bfs/face/311f884e89c9ef3bb0bb955cdde2230eaa3c81c5.jpg,594829,"游戏解说,独立游戏,STEAM,怀旧游戏,无伤通关,动作游戏,茶杯头,推荐宝藏游戏",1841276,10824,420,39646,7590,449,0,0,82468
BV19wtHzBE75,114975334993371,1,213,2151,美食测评,美食测评,http://i1.hdslb.com/bfs/archive/2bc87c2d16f422eb073fd864f9ba1d6a9014f7ba.jpg,复刻被网红带火的特色美食“焖子”据说吃一口味真足，真的吗,1754384882,455,382375531,馋大鑫,https://i1.hdslb.com/bfs/face/2b456ce4cfef5bc0753f89f3c18b19dbcc6fde8b.jpg,1262597,"评测,美食,试吃,记录我的美食日常,美食测评,特色美食,焖子",2170550,3118,2221,4375,2225,561,0,0,40186
BV1JBtczWEq6,114981425123992,1,17,2071,单机游戏,射击游戏,http://i2.hdslb.com/bfs/archive/92a0c121bfeb612b62a6c1fd9979509b219f5d0e.jpg,园长！这才是你真实面目吗？？？,1754481294,461,7450650,超果果mc,https://i0.hdslb.com/bfs/face/68055fd664aca68f38bdd1d816c46ad4f7b7405d.jpg,2242028,"赛博朋克,超果果,搞笑,过山车之星,造乐园,暗区突围端游,暗区突围无限",158685,371,182,6816,7088,81,0,0,15916
BV17Zt3znEjM,114970620595607,1,171,2070,电子竞技,MOBA游戏,http://i2.hdslb.com/bfs/archive/7ee2cc17352c806e0f950d4516b4de043d1d8251.jpg,邪修流诸葛亮：版本T0对抗！全图可飞！最新逆天科研！,1754312758,157,13972445,老凡Fv,https://i2.hdslb.com/bfs/face/3687d8cbb96a3816ac3868ab17fe0093fd29d957.jpg,591750,"诸葛亮,电子竞技,手机游戏,王者荣耀,王者荣耀夏日盛典,101俱乐部,诸葛亮 白泽动物园园长,诸葛亮教学,对抗路,王者荣耀山海皮肤",418520,76,357,13189,946,664,0,0,11077
BV1Kf4fzwEkp,114980301047267,1,220,2098,动物二创,AI杂谈,http://i0.hdslb.com/bfs/archive/cedebe64bcbb1e0d1bec7221f1ba9d21a966d7a5.jpg,地球撤回了一只水母......,1754474400,439,1481344732,我们都是社畜,https://i1.hdslb.com/bfs/face/a237f095d1b548ffe821dfe84b22446467aa3f96.jpg,1031259,"水母,科普,夸克AI,涨知识上夸克,夸克深度搜索,萌宠过暑假",99252,294,254,1524,825,156,0,0,9260
BV156tMzKE7R,114968422842876,1,138,2171,搞笑,动物综合·二创,http://i1.hdslb.com/bfs/archive/78f14a22eb416222203475881a63be2a468e8898.jpg,鱼天帝,1754279229,69,1402229439,大丙搞笑配音,https://i0.hdslb.com/bfs/face/6104868b601276de59976e835c95428601800cc0.jpg,365079,"搞笑视频,搞笑,配音,吐槽,这是一个悲伤的故事,搞笑配音,搞笑动物配音,看一遍笑一遍",1955264,195,767,20029,1105,2818,0,0,115721
BV1inhuzUE8R,114963356125360,1,138,2154,搞笑,剧情演绎,http://i2.hdslb.com/bfs/archive/4272fac5e3563c348150df530c50d559f19b5155.jpg,我终究变成了一个无趣的人,1754211600,199,31012715,是老胡没错,https://i2.hdslb.com/bfs/face/c9693c98b3d0db331ead3d938f1ce0c6f1215535.jpg,2022897,"人生,搞笑,生活,短片,情感,幽默,搞笑小剧场,惊时去屑洗发水",638558,863,1321,10064,13602,3459,0,0,50316
BV1DBtwzGEnp,114980972140137,1,138,2154,搞笑,剧情演绎,http://i1.hdslb.com/bfs/archive/76db70fb56a5db417033184bf3494f2fae60046c.jpg,打 假 许 烦 烦,1754470610,493,32026774,侦探许烦烦,https://i1.hdslb.com/bfs/face/12cddd8ada95dfd639100cd9ec276ce7a57643fb.jpg,188123,"高能,骗子,生活记录,搞笑小剧场,小仙女,记录,良子",128849,330,356,705,587,104,0,0,10432
BV1ghtFzgEC5,114980284336369,1,47,2037,同人·手书,同人动画,http://i1.hdslb.com/bfs/archive/26113a01e9851a97306f31fd22c79419ca953c2c.jpg,精灵科普1-3合集 宝可梦竟被说是魔兽？必须科普！,1754460211,1151,60468723,湛绫枫动漫,https://i0.hdslb.com/bfs/face/e103369770e3be9fa25561344af9b555ca0e97fc.jpg,61391,"科普,动画短片,原创动画,二次元,少儿,宝可梦,精灵科普,合集,原创动漫",2548064,86,88,86032,4212,29,0,26,66149
BV1PZ4RzjE7F,114976761059537,1,17,2077,单机游戏,休闲/小游戏,http://i1.hdslb.com/bfs/archive/96a805101ac3c136c93ff2254ceeba7f598dd7a6.jpg,融合植物285：更多的巨人！,1754434800,772,3546619314178489,蓝飘飘fly,https://i1.hdslb.com/bfs/face/f2bc644c3cf25590bbc7954daecf3e3a9aec5711.jpg,1506799,"植物,植物大战僵尸,娱乐,融合版,转转回收,融合植物,融合,巨人,巨人僵尸,推荐宝藏游戏",554888,2207,1875,2332,1818,482,0,0,21608
BV17CtGzSE8F,114970050237325,4,172,2064,手机游戏,单人RPG游戏,http://i2.hdslb.com/bfs/archive/12262f34be4b1a4d06ca035e900d6550eb956c1c.jpg,《绝区零》爱丽丝角色PV | 淑女的信条,1754366400,929,1636034895,绝区零,https://i0.hdslb.com/bfs/face/f013e3aacdc4e3254a476648e1cec3f39b7df097.jpg,7531780,"手游,ARPG,PC,绝区零2.1,迟吟的浪涌,爱丽丝,动作游戏,米哈游,绝区零",1832456,19697,7804,27532,49874,9796,0,5,168510
BV1p881zsEP9,114948223013471,1,21,2181,日常,两性知识,http://i2.hdslb.com/bfs/archive/e8f8c711d823dc1c5968948dd59428ca989b38e3.jpg,被女友逼成S有感,1753977728,320,478720594,少吃点布洛芬,https://i1.hdslb.com/bfs/face/abccc6cbef2dc8afddd140a5366e445065e0fe46.jpg,458500,"健康,心理,体修,了不起的她,还是算了爸,0笼T透,角色扮演,字母表,精致人生,小男孩原子弹",793103,8223,2472,10587,6347,11629,0,0,60707
BV1P5tPzqEAK,114982062659295,1,17,2078,单机游戏,沙盒类,http://i1.hdslb.com/bfs/archive/3c5e83a1f2d7d5e76abd82f3ef314f3d1cfc09a0.jpg,BTW比狼好德爷求生噩梦模式第三期：终于是烧好了四个铁粒制作铁凿子之后挖出了工作台，接下来可以挖一整个铁矿石或者煤炭了，下期的目标就是制作出铁镐。,1754487503,388,1357768667,青蛙o-o,https://i2.hdslb.com/bfs/face/a312d641eb3db888096e0186cbdf3658ac92ee7d.jpg,102381,"沙盒游戏,我的世界,生存游戏,游戏实况,德爷,BTW比狼好,噩梦模式,BTW,像素风,推荐宝藏游戏",199432,113,81,2187,590,29,0,0,7239
BV1YThJzMEWd,114952585085223,1,238,2137,运动综合,武术,http://i0.hdslb.com/bfs/archive/e36c884ff21c9c3b81307cf5fca7a19c53267166.jpg,取经千万里，务实不悟空,1754037684,21,455051805,郭泽儒,https://i0.hdslb.com/bfs/face/e976866f862dde0ea6cac3047b6b46a4ff4f6d54.jpg,107894,"武术,功夫,抻筋拔骨,郭泽儒武术,养生,东方美学,阳刚之气,筋骨,身体开发,有亿点功夫",362766,97,415,4224,702,217,0,0,29930
BV1u6tPzSEWG,114981777509485,1,138,2185,搞笑,家庭关系,http://i2.hdslb.com/bfs/archive/cb0a1aec2ca2348d22a07b2e3fca9e6aeb0b0fa9.jpg,我妈的字典里没有忍气吞声,1754482863,82,1705432440,皮皮在农村阿,https://i0.hdslb.com/bfs/face/25476e080c1ebd06546795eaa937163fcab3c98d.jpg,575441,"高能,东北话,妈妈,家庭,生活记录,敬自己敬余生,活出自己,东北妈妈,敬自己一杯,随手记录我的生活碎片",851381,486,1396,5845,10695,1129,0,0,123951
BV1pvhWzvEXG,114953944046809,1,250,2158,出行,旅游记录,http://i1.hdslb.com/bfs/archive/bfc931c24be78267dd7ba1698228113e8a2d7cce.jpg,入住全球最臭的三和酒店是什么体验｜解压大改造,1754058598,717,388965067,陶一杭Steven,https://i1.hdslb.com/bfs/face/a4d36a09db35aa373323f3b9c2d2d2ae8f894873.jpg,105369,"日本旅游,改造,盲盒酒店,跟着UP主看世界,日本三和酒店,酒店,日本生活,Vlog,旅游vlog,旅行VLOG",661210,3076,1213,9172,10949,1340,0,0,38533
BV1r6hGzaEPF,114965402884619,1,137,2018,明星综合,音乐现场,http://i1.hdslb.com/bfs/archive/8ee00d23eb16ab5e22140349c9110b82188e09a9.jpg,250802 'NOW' 没有明天｜章昊个人直拍 ©staywithzh,1754235884,256,3546624439617989,staywithzh,https://i2.hdslb.com/bfs/face/c54a19aa0a56a47e6862dd166b863a631bc73c59.jpg,14482,"4K,zhanghao,章昊,章昊直拍",696065,12873,10410,16710,21666,12858,0,0,40136
BV1ePhJzgEcP,114952417316809,1,17,2078,单机游戏,沙盒类,http://i0.hdslb.com/bfs/archive/a268c703fc0fc911399fefda736a398137b94be9.jpg,【MC暴力美学】天基屠龙炮x粒子,1754034922,125,495966541,ATC_rock,https://i1.hdslb.com/bfs/face/df7fed29d05e1b23c09fc19024fa9d2535bd65b3.jpg,7144,"我的世界,MC,minecraft",906628,1850,1411,47716,94859,4911,0,39,180744
BV1qrtvzJEgo,114985502051544,1,157,2115,美妆护肤,箱包配饰,http://i2.hdslb.com/bfs/archive/177d920c9187ea46fcc6e3bd01eda9f55e891bf1.jpg,临时翻包！我们的包里居然放这些？,1754540361,254,1072317049,宝剑嫂的小世界,https://i1.hdslb.com/bfs/face/321f06cceb4e69d6dce812c48a06cfcb40db51c5.jpg,697208,"生活,日常,搞笑,包包,美妆,绵羊料理,vlog,分享,宝剑嫂,普通人变美指南",150164,304,563,1570,1745,180,0,0,17646
BV1c8hbz5EEj,114957165271187,1,183,2002,影视剪辑,影视剪辑,http://i1.hdslb.com/bfs/archive/6515df0b86d6b57c0f603aadeac016d8446a85cd.jpg,真的很喜欢这种结尾，这又是谁的青春呢？,1754107553,216,111578972,前前前世的陌生人,https://i2.hdslb.com/bfs/face/caa531d35eb71a06403da433b0549fe623675dfd.jpg,337260,"星爷,周星驰,电影,剪刀手安利大赛,唐伯虎点秋香,回忆杀,名场面,大话西游之月光宝盒,大话西游之大圣娶亲,B站好片有奖种草",5383837,699,1635,60529,18897,4112,0,12,250081
BV1iShGzxEjy,114965100895300,1,21,2037,日常,同人动画,http://i2.hdslb.com/bfs/archive/971e858a84b25c2d6603cd22b148afd9eddac151.jpg,😱爱音捡了一沓钱😱,1754228423,101,3546651645970961,UV唐大头,https://i2.hdslb.com/bfs/face/f4a31b23d11128feb844907888636983794ada68.jpg,13312,"二次元,迷途之子,AVEMUJICA,MYGO",220172,204,760,9588,918,4760,0,0,25924
BV1x1t3zbEj6,114970486379472,1,21,2071,日常,射击游戏,http://i1.hdslb.com/bfs/archive/ff4cad7031f75bf55d0556056651bf8f14110992.jpg,我从地狱…回来了,1754310664,34,2110884893,华盛大帝-暗区突围,https://i2.hdslb.com/bfs/face/1e3ea8db0ff1e791fa5f8cbda441612e42d6c316.jpg,20653,"FPS,暗区突围",395045,139,320,10337,586,479,0,0,39499
BV13JtjzQE3v,114973858596407,1,130,2024,音乐综合,电台·歌单,http://i0.hdslb.com/bfs/archive/d2953d58b692e218813cc87b697126b8f6cd5d59.jpg,《灵笼》第二季片尾曲「第一推动力」百万级录音棚试听,1754384400,210,3493082817366845,JLRS-jayfm,https://i2.hdslb.com/bfs/face/0da24ae60a20f0f00855a534678864d095d0e900.jpg,2012546,"电台,动画,片尾曲,第一推动力,灵笼2,王啸坤,第二季,录音棚,灵笼,电台新星征集令",171467,317,982,5781,3318,648,0,0,10623
BV12bh5zmEih,114966090747723,1,21,2079,日常,其他游戏,http://i0.hdslb.com/bfs/archive/b06adb5ae43654a2b0449dbefc6bad98054c2d20.jpg,不熟悉地图？铃儿教你辨别方向！|极限古城[超自然行动组],1754535600,607,1534075524,雨域n-n,https://i0.hdslb.com/bfs/face/2b08f0a728eca128dad95998e812f157cfe63b96.webp,56062,"游戏实况,超自然行动组,超自然行动组精绝古城联动,极限古城,跑刀,必剪创作",50969,354,213,996,871,31,0,0,3199
BV1ac4RzsE7Z,114977180488965,1,21,2158,日常,旅游记录,http://i0.hdslb.com/bfs/archive/f142fc41df91ac5165402822f09d1847a0cfbd85.jpg,俄罗斯二哥一家中国行正式开始 北京高楼大厦看懵了？,1754453400,514,542507083,贝加尔阿楠,https://i1.hdslb.com/bfs/face/ba79fa31cb3a4bb6efea1fc308afdce44e69ab52.jpg,843842,"北京,生活记录,歪果仁,俄罗斯,中国高铁,高楼,豆汁,中国行,外国媳妇,寻找100个宝藏vlogger",403425,2950,1121,2452,11070,131,0,0,24502
BV1ud81zqE4W,114948004910116,1,250,2158,出行,旅游记录,http://i2.hdslb.com/bfs/archive/712b71a2bfe24380e35dfc740f52ef95cf6a4301.jpg,我真没偷渡！船是自己漂过去的！,1754389800,729,1837252267,虎牙青年Plus,https://i1.hdslb.com/bfs/face/eb332010521dffc55e69f81a5ff5b9eba8870478.jpg,725198,"越南,旅游,广西,瀑布,自驾游,边境,环游中国,崇左,友谊关,旅行攻略UP主激励计划",1959333,2579,807,10216,3557,862,0,0,33715
BV1HVh3zwEvy,114963943262344,1,95,2100,数码,手机,http://i1.hdslb.com/bfs/archive/e2eeadf8d845ae9dca5b16442e288ad24513d978.jpg,手机实体店，绝望对话,1754210855,490,3546902624733812,海虹数码葛小强,https://i2.hdslb.com/bfs/face/c05f06a21556350b28c1967ded6b73483b3b471c.jpg,75554,"创业,手机,互联网",596563,2628,2955,1700,696,1110,0,0,12694
BV1BNhAzvEBf,114941428304404,1,215,2152,美食记录,美食记录,http://i0.hdslb.com/bfs/archive/679bd070c866a7ebcbdc1cf4e8debb08732f3305.jpg,成都18一碗的猪脚饭自助，卖西班牙老外81不过分吧？,1754042400,329,1984198637,西班牙陈挺,https://i2.hdslb.com/bfs/face/80a8d4d675bf87beba65d8b2af8f8beb63c6b641.jpg,2253695,记录我的美食日常,1309099,2504,2509,6533,4609,613,0,0,102921
BV1u7hhzcEpV,114958205457438,1,250,2158,出行,旅游记录,http://i0.hdslb.com/bfs/archive/848e85877cb15154d2514018e5a8a717d5519e39.jpg,高中生挑战600元富游香港,1754123683,729,3546874103466188,泽-在路上,https://i2.hdslb.com/bfs/face/1a39846b536a40b795518fb82ff9f57714ae91e7.jpg,10401,"高中生,香港,生活记录,记录,挑战",316275,1346,1842,4836,1990,2291,0,0,25249
BV1AVtwzhEBM,114981240771469,1,138,2073,搞笑,动作竞技游戏,http://i0.hdslb.com/bfs/archive/d3b4cae63f3b815b44e696ee176d2273b4d0ca66.jpg,【梗百科】鸽子神是谁？压力の小曲是啥梗？老弟的压压？！,1754474797,184,1544008396,梗百科,https://i1.hdslb.com/bfs/face/096ce47bce303e18d35df5343887a1ea9a9bbf8e.jpg,1916953,"AI,火影忍者,鬼畜,手游,蔚蓝档案,mygo,Heart111,赛马娘,Girls Band Cry,给整活儿加点艺术",776192,656,1374,9398,732,855,0,0,40817
BV1nT8yzHEDt,114946780235270,1,242,2018,娱乐粉丝创作,音乐现场,http://i0.hdslb.com/bfs/archive/d908df3cd59943d7c2ac187c8f8b54e1238a10bb.jpg,【洛天依×乐正绫】何年何夕，两相执手，一曲《白石溪》共沐春秋【BML2025单品】,1754107413,335,403748305,BML制作指挥部,https://i1.hdslb.com/bfs/face/924fb698bc68802a95c123c1f1ff41b3be1e9c9e.jpg,1295849,"LIVE,乐正绫,音乐现场,音乐,洛天依,白石溪,现场,BML2025",250133,379,739,5613,2390,882,0,0,19315
BV17Hh3zdE5G,114964178145127,1,215,2152,美食记录,美食记录,http://i1.hdslb.com/bfs/archive/d451b121bde0905c809c35125ab4c992229cb195.jpg,本以为下大雨生意惨淡，结果却做了这么多，大大的超出了我的想象,1754214518,443,686483429,叨叨龙和花花,https://i2.hdslb.com/bfs/face/40bb6b67318ad4682c374c1c2cd268b7930f4464.jpg,54015,"生活记录,美食制作,厨艺,创业,家常菜,生意,Vlog",810699,424,326,1738,605,91,0,0,12592
BV1eHh8zBErz,114958809434185,1,176,2077,汽车生活,休闲/小游戏,http://i0.hdslb.com/bfs/archive/472f46e1754501d31a87750f9474b4cb8beae38e.jpg,蛋仔派对：挑战不能踩到黄色！什么？嫌弃我通关慢！你行你来,1754132454,184,3546682643974706,二氧化蛋1221,https://i2.hdslb.com/bfs/face/197ac6f06c8276bac77adb58aaec714cca351ae3.jpg,177135,"必剪创作,蛋仔派对宝藏乐园地图",2621666,26,8,27358,2548,10,0,0,26716
BV1vnh8zuETN,114958759103600,1,17,2079,单机游戏,其他游戏,http://i1.hdslb.com/bfs/archive/4f6e7299d58f539f6e643b0f0eda33e83705c872.jpg,种田求生！当心巨型鹿人和乌鸦人，它们会在深夜出来农家乐！,1754131688,1561,2006034,吊德斯DioDes,https://i0.hdslb.com/bfs/face/731b288e385906e0a83707a02656c8857e543056.jpg,3057085,"搞笑解说,独立游戏,游戏视频,小游戏,单机游戏,搞笑,DioDeS,沙雕,吊德斯,整点电子榨菜",1143728,2384,586,35804,3214,112,0,0,34008
BV1YLhWzEEm8,114954229259122,1,250,2018,出行,音乐现场,http://i1.hdslb.com/bfs/archive/4e0f08372f9afdce8af54962ef406a14f237238a.jpg,从乡下出发去韩国看权志龙演唱会,1754063552,238,25179389,Just4GD,https://i2.hdslb.com/bfs/face/0ade6f74d3b91169b301aebb0a05c870fec9cb75.jpg,75,"演唱会,权志龙",122555,69,654,783,897,241,0,0,10359
BV1dctHzuEd8,114975351772818,1,171,2070,电子竞技,MOBA游戏,http://i0.hdslb.com/bfs/archive/3c6bf5f0e17bb6c2a0637fbfa292f809875dc3f3.jpg,关羽最终奥义！藏兵术！所有英雄只有一个可以做到!苏打锋,1754384914,77,39560763,Study苏打锋,https://i0.hdslb.com/bfs/face/c0f969795d667f5ccd6ef85ef0b886190629a2f3.jpg,844227,"电子竞技,王者荣耀,苏打锋关羽,蜀国人关羽,关羽,教程攻略,MOBA,苏打锋",1114173,310,1205,4818,2123,4731,0,0,87098
BV1o4h3zpEwe,114964060838938,1,251,2166,三农,农村生活,http://i0.hdslb.com/bfs/archive/d9b4b670d3bc2065d0f82c25a8b953304d3e6d6a.jpg,在农村卖货一天能赚多少钱？,1754212653,1111,1468914255,李福贵1,https://i0.hdslb.com/bfs/face/5362e90869a67fe8d9972a4a7e70187e687c5c56.jpg,459790,"生活记录,赚钱,乡村",268962,1637,1261,2357,26819,579,0,0,42408
BV1QNtJzZEDZ,114974194145233,1,176,2108,汽车生活,汽车生活,http://i0.hdslb.com/bfs/archive/3b84298ba85930bc29b55209317c92ba79f44718.jpg,38号咬牙切齿被迫买了Model Y,1754452815,880,39736779,38号车评中心官方账号,http://i2.hdslb.com/bfs/face/be1b5cbacdbea73e922b4a2b737183dd3a33c0f1.jpg,911007,"特斯拉,FSD,自动驾驶,SUV,电动车,智驾,ModelS,Model Y,Model3,辅助驾驶",167204,2051,1395,555,1000,521,0,0,4216
BV1S5hJzYEe8,114952568380748,1,76,2149,美食制作,美食制作,http://i0.hdslb.com/bfs/archive/8b586982b40e0a90ec9fbadb3704d45658e9bc42.jpg,【迪奥の厨房】3分钟开吃，酸甜爽辣的拌面，太爽啦！,1754038089,139,13745285,丶沫小白,https://i2.hdslb.com/bfs/face/176ea8cc8f5187e0f82c9828bb1ecba9fb94ffd0.jpg,1212362,"快手菜,黑暗料理,美食制作,美食教程,上淘宝闪购搜超级星期六有惊喜,淘宝闪购超6爆款外卖只要1块9,拌面,夏日美食,懒人美食,jojo的奇妙冒险",1246095,1062,810,54269,4820,3303,0,68,124960
BV1gStMzFEUW,114968389294910,1,212,2150,美食侦探,美食探店,http://i1.hdslb.com/bfs/archive/33a21db8a8db6036a50f55951b26e84ed49375fc.jpg,邯郸.特色小吃 厨子探店¥34,1754278947,229,544336675,真探唐仁杰,https://i1.hdslb.com/bfs/face/f82b7cb6e6b9e2351bb201f668af10b66b4d0d5c.jpg,4446855,舌尖真探事务所,1049831,722,1571,5276,2056,2233,0,0,107267
BV1NatjzCENs,114973992815349,1,21,2140,日常,体育资讯,http://i2.hdslb.com/bfs/archive/a9d8d717e743be91772eff8197aae7eaa271fc65.jpg,又美又飒！2025年全国田径锦标赛女子跳高比赛，邵雨琪顺利越过1米90，因试跳次数少获得冠军，成功卫冕！网友：滞空感好强！,1754364216,34,1131457022,人民日报,https://i2.hdslb.com/bfs/face/19a041ba0e78ed43b7a3eab35edfc998eaa7db8e.jpg,17016501,体育,640816,242,710,4343,680,1062,0,0,80500
BV1MctPzjEXX,114982012323946,1,76,2149,美食制作,美食制作,http://i2.hdslb.com/bfs/archive/2877ca2da9f4f38fbfbf3884bca43aa87b6cda6d.jpg,700%还原光头强的干脆面，这玩意儿咋可能难吃呢！,1754487459,292,3546575624210944,二次元的食光机,https://i1.hdslb.com/bfs/face/473bd3905567891dad12d63baba700303debb888.jpg,4594,"干脆面,美食教程,美食制作,光头强,记录我的美食日常,熊出没,动漫美食,动漫还原,复刻美食",113625,123,273,1562,1885,114,0,0,10533
BV1FKhNzCEHT,114959363213954,1,138,2154,搞笑,剧情演绎,http://i2.hdslb.com/bfs/archive/fdc3539dc8cfee26071ad2c36dcb0f8b6f9b4dc8.jpg,北京人生存规则怪谈,1754141058,106,475912512,抵抗Resistance,https://i0.hdslb.com/bfs/face/12c1cd0df2ee6e6bb09b279b0553cdc9ae4af4f0.jpg,1091478,"北京,搞笑,搞笑小剧场,北京人,北京话,规则怪谈",935827,902,3719,4696,1249,2008,0,0,75986
BV1ZhhPziE66,114960084573166,1,65,2071,网络游戏,射击游戏,http://i2.hdslb.com/bfs/archive/752983efe437f81bbb5fa5118179543a4c1b92fd.jpg,一朵玫瑰，一颗北极星。希望被洗号的舍友天天开心,1754151950,230,1584061693,无情布兰登,https://i1.hdslb.com/bfs/face/5b18a9420c377134f1afa4108de3426141cb50ed.jpg,1356,"FPS,三角洲行动,海洋之泪,蚀金玫瑰,红狼,雪豹,记录,北极星,非洲之心,三角洲破壁新赛季上线",410399,502,1203,3736,23265,824,0,0,41684
BV1Ly8mzXEwg,114948625664665,1,20,2028,宅舞,宅舞,http://i2.hdslb.com/bfs/archive/94b001e89f29c8e4c7cffa04e02280d0f56ac2d3.jpg,【青鸢】不愧是初代宅舞UP！这个舞台好元气 看完又活了,1754020800,205,11605312,青鸢Cyan-,https://i1.hdslb.com/bfs/baselabs/463a1885f487d6c820ff3bb3ef53442f01c05591.png,1208056,"漫展,元气,可爱,初代,宅舞,现场,舞台,直拍,青鸢,轻舞蹈竖屏激励计划",224867,56,251,11853,1033,188,0,0,39768
BV1nytjzvEzL,114973590229728,1,161,2148,手工,其他手工,http://i0.hdslb.com/bfs/archive/b4f43dbb83093ab601dd66a48cab04dc72b0ab7a.jpg,灵魂宝石是魔法少女灵魂的实体化,1754358016,18,14709870,在银河里划水,https://i0.hdslb.com/bfs/face/7162f6029b1bdab2a57f1ee7e8add60d32689754.jpg,2024,"魔法少女小圆,巴麻美,原创,手工,魔法少女,DIY,动漫,二次元,魔圆,我的整活手工大赏",372945,42,227,7764,657,845,0,0,61716
BV1tY8dzAEiq,114937133272461,1,130,2017,音乐综合,MV,http://i1.hdslb.com/bfs/archive/4cfd10f0ec0512d330fae4e0c62c75b53846d8a1.jpg,奇 奇 怪 怪 的 K P O P 混 音 30.0,1754037000,533,1559933904,热的冰美式_,https://i0.hdslb.com/bfs/face/79ed8e4019c783f48d602cad44374a819a0feec8.jpg,118998,"KPOP,EXO,SEVENTEEN,TWICE,BLACKPINK,LE SSERAFIM,美美桑内,BigBang,NewJeans,KPOP回归前线",614786,5416,490,7036,3111,4057,0,0,57422
BV1hX81zzEJw,114947971421363,1,65,2071,网络游戏,射击游戏,http://i0.hdslb.com/bfs/archive/ddacd64d7d25cea5d68c916f3113bb42a285f19e.jpg,《睡前必看asmr助眠》,1754013600,205,669062951,残月手速亡,https://i2.hdslb.com/bfs/face/e9383fcf3853cd32db2cfc47e1ca5f8674da8d80.jpg,311972,"穿越火线,asmr",889107,1337,708,4308,632,1592,0,0,42355
BV1ygh3zPEei,114964043996818,1,138,2154,搞笑,剧情演绎,http://i1.hdslb.com/bfs/archive/37f52f9f532823b615dc0cb268d81b468592a619.jpg,《面试の奇妙物语》,1754212438,67,16754498,不凉少年派,https://i2.hdslb.com/bfs/face/97cbefe1224ba11a1ed69845d3ceb341063c58c2.jpg,1027201,"原创,日和,搞笑,搞笑小剧场,离谱剧情,抽象,奇怪",1148727,157,285,2595,919,421,0,0,65581
BV1Vz4RzbEm5,114976962384757,1,251,2082,三农,社会资讯,http://i1.hdslb.com/bfs/archive/8b5f1a7834f6dbde1ac883e894fbbf85341c40f0.jpg,详解河南大旱！影响到底多大？降雨能否缓解？【主播说三农】,1754409584,320,1343321779,央视农业,https://i1.hdslb.com/bfs/face/c9e24623ccc91cd26c2894d2a1880dc6dc6a28c4.jpg,3623756,"主播说三农,河南旱情,玉米,灌溉",330150,964,2602,1656,3170,1467,0,0,35193
BV15ntEzfEFE,114974680683497,1,138,2154,搞笑,剧情演绎,http://i2.hdslb.com/bfs/archive/92d7f4226dcb62060a4d1c5797bf38064c23e305.jpg,《 当 代 准 高 三 现 状 ！！！》,1754390280,234,378881292,老段生,https://i0.hdslb.com/bfs/face/3b41bd42a900f641dfc6f14a44194fa5a90636af.jpg,715357,"搞笑,帅哥,高三,爆笑,搞笑小剧场,真实,学生,高中",496923,1522,2300,13121,8118,1322,0,0,48897
BV1wZ4RzjE2P,114976761056453,1,250,2126,出行,户外探险,http://i1.hdslb.com/bfs/archive/44d040cb64b58e23c8950f9449456ab04c13b8d2.jpg,这片树林，藏着全东莞仅有的两个宝藏,1754449200,607,1508433321,特能斯Terrence,https://i0.hdslb.com/bfs/face/fbac72ef2cdcfb802a87a690230f290fc291e427.jpg,8515,"历史,摄影,自然,东莞,冒险,旅游,人文,寻宝,宝藏,城市探索",337203,576,1010,8333,6450,1166,0,0,41885
BV1XktJzYEVJ,114976207474362,1,21,2021,日常,演奏,http://i2.hdslb.com/bfs/archive/e4103fa5a3fa4930075123a96cf2eb21f151753f.jpg,闲着没事，中指弹根铅笔🤪,1754397980,26,3493092650912393,雪什校草Snowgrass,https://i2.hdslb.com/bfs/face/82c3d51e02b17b5cce3a593fe158e5b1453f3f2d.jpg,2398,"铅笔,猎奇,把兴趣玩出名堂,有点意思,抽象,初中生,卡点,大展宏图,整活,必剪创作",226108,991,473,794,1680,167,0,0,28953
BV1pW4oz7E6Y,114977700581597,1,172,2077,手机游戏,休闲/小游戏,http://i1.hdslb.com/bfs/archive/5b64fd7e3da3ee90ef65e005d1ef9fc5826cf673.jpg,弃桥，然后小的走下面，大的走上面,1754420734,123,1023606971,智乃ちゃん,https://i2.hdslb.com/bfs/face/7116ad09eab0e70e3a7346f3a61342f4af7bd19e.jpg,386,"原神UP主激励计划,遥遥同旅,原神",470172,7888,1548,5753,4086,7426,0,0,62343
BV18xhxzJE58,114956762619358,1,59,2020,演奏,翻唱,http://i2.hdslb.com/bfs/archive/5af6e271cf240e0b9e5410faa71ff25742fa0142.jpg,penbeat 莫愁乡 亚细亚旷世奇才 翻唱,1754101247,45,1320214682,佚之云狐,https://i2.hdslb.com/bfs/face/3a590319d2159c4f0d8dc44cdd25e709e450bd2b.jpg,5898,"COVER,即兴,PENBEAT",691152,255,710,7283,9610,557,0,0,101611
BV1xBtuzxEmV,114967852358734,1,21,2083,日常,综合资讯,http://i1.hdslb.com/bfs/archive/55f991e18fb63b5b4c1e95b831780d63f268f2ae.jpg,“我的一生就是结几个好瓜，献给人民”,1754270609,1303,456664753,央视新闻,https://i1.hdslb.com/bfs/face/2dc9c34444ba9f8e891fdc98e6c331fa3c02d127.jpg,21837506,"西瓜,哈密瓜,吴明珠,8424",333965,7361,1571,4361,8575,860,0,0,81647
BV11jtJznE4f,114974345135574,1,219,2171,汪星人,动物综合·二创,http://i0.hdslb.com/bfs/archive/177bb9344aad05d1b627985ce5dff319196b90f2.jpg,关于我老公莫名其妙的杂技表演16.0《力与美》,1754369558,75,502966208,奶牛鸟真猪,https://i2.hdslb.com/bfs/face/b456ba1aad0684857f4a987637bf6835c7410f09.jpg,57860,"金毛,高能,生活记录,奶牛猫,杂技,表演,动物总动员,杂技表演,原创搞笑视频,萌宠搞笑",260933,183,284,840,2240,728,0,0,26736
BV1uBtwzVEDZ,114980972200245,1,171,2070,电子竞技,MOBA游戏,http://i0.hdslb.com/bfs/archive/dcfc1cd1b817d24bc70d7d6f0ab0becde3ddeaa4.jpg,当我想玩把大虫，巨魔：看看你后面呢,1754477594,629,2687303,风彩丶,https://i2.hdslb.com/bfs/face/94691705599ab91aaa368f4861c5d5a706c4ad40.jpg,235953,"电子竞技,英雄联盟,下班整点英雄联盟,大虫子",258398,684,361,955,5239,75,0,0,13465
BV1GFtKzREnM,114982784079059,1,212,2136,美食侦探,跑步,http://i1.hdslb.com/bfs/archive/ba58eea8a30098514d218dcc2b7eefb0ecbebaec.jpg,《年马计划》第一站菏泽站，顺利启动,1754498367,142,2035556081,堂主lee,https://i2.hdslb.com/bfs/face/665a151899c136218c3ba7de064ecc67090c219e.jpg,886069,"马拉松,跑步,年马计划,户外运动,菏泽,暑期健身蜕变挑战",126430,152,925,799,3431,187,0,0,15965
BV1WYtAzvE93,114982247207716,1,159,2118,时尚潮流,时尚解读,http://i0.hdslb.com/bfs/archive/6918ad56540e482a13f3fe9aa774cc5605eb3426.jpg,暴涨100万倍！马吉拉新设计师把垃圾卖出黄金价格！深度解析「Maison Margiela马吉拉2025高定秀场」,1754539200,1125,353368172,AHALOLO,https://i2.hdslb.com/bfs/face/03e81799ea2390af3f5c4b9572ad75d622f16354.jpg,1470832,"秀场,走秀,迪奥,香奈儿,时装周,模特,ahalolo,爱马仕,黄金价格,马吉拉",44812,584,253,889,2919,89,0,0,5093
BV1xSh3zqEMF,114963809114511,1,213,2125,美食测评,徒步,http://i1.hdslb.com/bfs/archive/291936fa57aea1a6734f0e4ec7bd7e9ef93b570e.jpg,爬泰山遇到了小学课本上的挑山工,1754210132,428,494818687,爱健身小庞,https://i1.hdslb.com/bfs/face/bfc664245597273a58d99e66645c27ccc2d1fc4a.jpg,88092,"江西,爬山,山东",454629,1630,1777,1975,14266,473,0,0,34569
BV1Z7tnzzEP1,114975553230831,1,172,2073,手机游戏,动作竞技游戏,http://i1.hdslb.com/bfs/archive/381b85c8841bff4d0f132736f1cd3e3c2eedebbc.jpg,9月S果然是金身水门！带大家看看火影新公告，简单氪10个648提升战力，再感受下武当花火的实战表现！,1754388346,795,38568774,鬼叔黍,https://i0.hdslb.com/bfs/face/b35d79cac0c8d78f1fbb4956bf0d778d272a9dfb.jpg,3192304,"万物皆可游戏,鬼叔黍,主播,战力,格斗游戏,火影,游戏测评,火影忍者手游",475013,2932,1348,7391,6138,1411,0,0,22884
BV12dh4zmE31,114956108306837,1,164,2128,健身,健身科普,http://i0.hdslb.com/bfs/archive/b00b3ad963eb326406576fcc3c94639294c8e7f4.jpg,独家｜北美运动学博士深度分析堂主体检报告,1754100000,871,1387592680,北美运动学博士Bruce_PhD,https://i1.hdslb.com/bfs/face/7b8cce70b0937a5c158d297324612fb2d119f4e6.jpg,929727,"健身,一拳超人,运动,马拉松,励志,堂主,1000天挑战,年马计划,体检,暑期健身蜕变挑战",1421693,13646,3740,17776,29627,4168,0,65,107141
BV1H3huzREqj,114963121183135,1,31,2020,翻唱,翻唱,http://i1.hdslb.com/bfs/archive/fd95c3c15067029f81700987fc0bc5cd3252442c.jpg,史上最难唱摇滚歌曲! 究极还原皇后乐队《Somebody to Love》,1754198247,295,1537334196,LD的声乐游乐场,https://i0.hdslb.com/bfs/face/828812002a2ea597e4773242eb2e8e1bee9ed395.jpg,521306,"欧美音乐,4K,皇后乐队,摇滚,吉他,波西米亚狂想曲,QUEEN,Bohemian Rhapsody,Hi-res,翻唱的N种打开方式",360188,1522,869,10595,18744,1651,0,0,38188
BV1gZtczrE8B,114981207218148,1,21,2154,日常,剧情演绎,http://i2.hdslb.com/bfs/archive/e3074958e2a09ca0e2f89232f827f7ff7d55f3ed.jpg,短视频里有好多“释永信”！,1754481117,289,489618859,铁柱大导演,https://i1.hdslb.com/bfs/face/46980e2714068cb78550fafe538a37a64fda3abc.jpg,998756,"高能,搞笑,搞笑小剧场,转转回收,迷信,抽象,少林寺,赵铁柱,转转,释永信",287060,1673,779,1612,1176,1472,0,0,19212
BV1V8twzUERB,114981056092408,1,172,2014,手机游戏,娱乐综艺正片,http://i0.hdslb.com/bfs/archive/862fcf58b8020f0d09e348ca4f5d09a12e2e5e07.jpg,蛋仔派对：速通男生女生向前冲！人人都不看好我，偏偏我最争气！,1754472074,244,1912249087,一克麻辣毛蛋儿,https://i1.hdslb.com/bfs/face/9f6a0fe7da3512eaf0773bf7a162cc233b7e3c32.jpg,796830,"蛋仔日常,蛋仔女孩,蛋仔派对发起人,蛋仔实况,蛋仔奇思妙想计划,蛋仔派对创计划,导演蛋生记,男生女生向前冲开录,男生女生向前冲,蛋仔派对",2478652,2222,348,86934,3536,132,0,27,83968
BV19GtvzuEFn,114985753710679,1,172,2064,手机游戏,单人RPG游戏,http://i0.hdslb.com/bfs/archive/f2859bc409cdc7bf82466fdd67a7044d532324ac.jpg,绝区零爱丽丝全面测评,1754543697,2031,307353874,龙四爷攻略组,https://i1.hdslb.com/bfs/face/79347d8af00fcdd95afa42b0077a961d0e0c4a3d.jpg,318619,"#爱丽丝,绝区零UP主激励计划,#爱丽丝磁盘,#爱丽丝天赋,#爱丽丝配队,#爱丽丝抽不抽,#爱丽丝教学,#爱丽丝测评,#龙四爷爱丽丝,#爱丽丝简",52471,437,558,868,6399,165,0,0,9427
BV1njtPzKEZC,114982045945089,1,47,2037,同人·手书,同人动画,http://i2.hdslb.com/bfs/archive/57d1ba97d3432e49bba022013f2867e2613a1000.jpg,第34集|钓鱼佬穿越修仙世界，差点被古代修士抓去挖矿,1754486830,696,3546666630121940,虾仁李建国,https://i2.hdslb.com/bfs/face/9f12be2fb72f876bb84ab375f7a2fd76ee1fe5fc.jpg,126114,"国产动画,修士,修仙世界",170949,1041,895,2869,12857,211,0,0,19808
BV17Yh7zkEmF,114951461012611,1,243,2009,乐评盘点,娱乐评论,http://i0.hdslb.com/bfs/archive/f2a1b0f3725bfff2a68d7d53132357e0e22749fb.jpg,私信被冲烂！好，我摊牌了！旺仔小乔黑料到底有多黑？,1754020888,498,95730227,爱上大世界,https://i2.hdslb.com/bfs/face/386a559eb9434f9e893a1ac6d6ee4d90d0a47933.jpg,146649,"搞笑,演唱会,原创,吐槽,旺仔小乔,吃瓜第一线,娱乐资讯,网红,版权,热点",3072388,20226,4052,29153,15023,1514,0,97,87671
BV1Qvtwz5EEY,114981072803927,1,47,2037,同人·手书,同人动画,http://i2.hdslb.com/bfs/archive/503e5a7a13c99ae4b849c35d0f19caf35bb32a36.jpg,《回档修仙》第146集：底层的苦楚，权力的滋味,1754481600,337,3546577855580381,阿喵没有黑眼圈,https://i2.hdslb.com/bfs/face/5f592a62d087466ba4fd2fe8bf6e4a82549ad4f8.jpg,109168,"动画短片,原创动画,我的模拟长生路,回档修仙",67247,158,360,1342,2306,53,0,0,8421
BV1BitczRErb,114981374856931,1,215,2149,美食记录,美食制作,http://i1.hdslb.com/bfs/archive/bf397d666aefd132efd9716472ba68b838cd50f2.jpg,文科毕业生3.69吃一顿,1754477382,75,33903433,极品饭灵根z,https://i1.hdslb.com/bfs/face/b85167a5feb1ae3547009e6efe6029b6aca5da4b.jpg,589742,"美食,生活记录,拌面,大学毕业生,Vlog",258375,222,383,1366,688,281,0,0,28437
BV1GMhhzTEWU,114958239009590,1,138,2154,搞笑,剧情演绎,http://i2.hdslb.com/bfs/archive/167e3f0448ce6b8ff7878eeac49e645fd2b31a42.jpg,我奶上个月交了1000元电费,1754123820,377,1659651634,七颗猩猩QKXX,https://i1.hdslb.com/bfs/face/e48329f6999d331dcb3cb5ca7ecf2b4b1100d83d.jpg,3190175,"搞笑,原创,搞笑小剧场",3495894,1617,2533,47602,10789,2458,0,35,126546
BV1QUhbzcEZj,114958842993467,1,138,2154,搞笑,剧情演绎,http://i0.hdslb.com/bfs/archive/fec2dce937417810cffa97a16cede1f1b87a580b.jpg,她果然吃霸总这一套,1754140200,50,317698195,-高泽宇,https://i1.hdslb.com/bfs/face/f3abae4a9af7725e4ca4c0bdf94bc91235c68db8.jpg,161778,"原创,搞笑,短片,搞笑小剧场",1045755,324,614,8511,1748,1824,0,0,131867
BV1aktJzYErN,114976207408506,1,182,2001,影视杂谈,影视解读,http://i2.hdslb.com/bfs/archive/4b4e7c5aeeac7b88637010dc3f7fc3725784c99e.jpg,【如懿传吐槽20】散点心群鬼开夜宴  顺时局庶人入冷宫,1754449200,1726,13725936,衰兰送客咸鸭蛋,https://i0.hdslb.com/bfs/face/c898a73004483c37087a28c6af2d380d8b62ea1e.jpg,203308,"电视剧,周迅,搞笑,霍建华,吐槽,影评杂谈,电子榨菜,影视杂谈,谷雨,如懿传",290709,5294,1185,1530,4525,217,0,0,12303
BV1jY4RzYETa,114977029493838,1,172,2077,手机游戏,休闲/小游戏,http://i2.hdslb.com/bfs/archive/4562f8cf0708b1fbf6178e32964cdf2cc4f95322.jpg,蛋仔派对：假装不是兔仙，假扮兔仙玩惊魂夜,1754410535,128,64621079,隐秘的兔仙,https://i2.hdslb.com/bfs/face/a557213fddae799ef9963d790ea571ce22b7ddf0.jpg,469775,"隐秘的兔仙,逃出惊魂夜,蛋仔带你看世界,蛋仔派对",1544199,425,274,29750,961,33,0,0,25559
BV1bQtMzZE1w,114968020261457,1,21,2046,日常,网文解读,http://i1.hdslb.com/bfs/archive/7632d55960ec9243c0c49d294cad16beaf47c8eb.jpg,穿越者从未离开家乡……,1754273088,143,72969462,笔给你你来写_,https://i0.hdslb.com/bfs/face/8e8a57daeb8ee0b50e6fa4e66c4f18f849fc601c.jpg,1138339,"原创,脑洞,小说,曼波配音,随笔,原创剧本,笔给你你来写,沙雕段子",388878,325,1810,1720,786,178,0,0,28900
BV1W4tGzhEaD,114970234784728,1,252,2040,仿妆cos,二次元线下,http://i0.hdslb.com/bfs/archive/f06c911c3e226eda590133f1d49b0160854bb678.jpg,谁教你这么送桃花运的？,1754307220,176,560647,坂坂白,https://i1.hdslb.com/bfs/face/dbab0bb10936b9e822c6927b442e0859963d12c2.jpg,1077357,"非人哉,cos,坂坂白,熊喵来了,动画种草激励计划,一代人有一代人的神,非人哉熊喵来了梦幻联动,探店",613623,1629,258,8340,1213,389,0,0,27537
BV1SvtFziEkN,114980166833596,1,95,2123,数码,家用电器,http://i0.hdslb.com/bfs/archive/b71889ffab0be7a0d80e4804fadf997b28c22219.jpg,大疆首款扫地机，好使吗？DJI ROMO上手,1754483400,720,946974,影视飓风,https://i0.hdslb.com/bfs/face/c1733474892caa45952b2c09a89323157df7129a.jpg,11784721,"科技,数码,4K,体验,扫地机器人,ROMO,DJI,扫地机,大疆,大疆新品",872975,4918,2280,7849,10590,6430,0,0,54706
BV1NwhnzhErS,114951981108767,1,182,2001,影视杂谈,影视解读,http://i0.hdslb.com/bfs/archive/2096f304e11b3c2a5066ba083af530ae113e4707.jpg,30多年前的“计划生育宣传片”，太超前了！,1754042400,1004,390898500,一目十影,https://i0.hdslb.com/bfs/face/986bf531f3e50a6bf67d5844f9304fc310a153e3.jpg,2078851,"影评,电影解说,喜剧,国产电影,老电影,甘泉村的风波,万字拉片大赛",2054685,8774,2375,17911,4957,4780,0,0,137196
BV1kshKzEEDH,114960923367512,1,208,2084,校园学习,应试教育,http://i0.hdslb.com/bfs/archive/6ae77ac999fe6db883e94afbc9511452bdaad3dc.jpg,分享一个，从山沟小镇到清华的学习故事,1754186400,878,14229967,一数,https://i1.hdslb.com/bfs/face/812281bada7d323c23c6e1e2e92749bd29b7d7c6.jpg,20520942,"高考,学习,数学,bilibili高考季,考前复习,考试资料,中考,高中",967970,4083,2895,26886,16267,2882,0,60,102396
BV1VWh8zME6A,114958792789030,1,213,2149,美食测评,美食制作,http://i1.hdslb.com/bfs/archive/f2728962a7f9056fb52cd74b1e8b9ba75fa06d06.jpg,这碗卤肉饭卖10块钱，能不能赚？,1754213400,269,337521240,记录生活的蛋黄派,https://i0.hdslb.com/bfs/face/9ba6c7a0d3a2ebfe9db2f46219ece98e210d0269.jpg,9097017,"幽默,吃货,生活,搞笑,美食,日常,美味,帅小伙,沙雕,一饭封神申请出战",848211,2501,899,13971,12771,1205,0,0,61737
BV14RtJzsEcS,114975804755481,1,17,2079,单机游戏,其他游戏,http://i1.hdslb.com/bfs/archive/e63665db031d07f222c1b1136413b30410da6e34.jpg,极度重口猎奇的国产独立游戏 RPG【薨愚虻 第一期】,1754391609,2958,11218501,Airly_,https://i1.hdslb.com/bfs/face/93140fac5750d457f51d9e7db8129517365dd981.jpg,78287,"RPG,惊悚,猎奇,游戏实况,心理恐怖,重口,推荐宝藏游戏",78229,353,186,6608,744,435,0,0,8179
BV1QRhgz5Eqv,114964413094985,1,65,2064,网络游戏,单人RPG游戏,http://i2.hdslb.com/bfs/archive/ed29c5487225bdca65a90ccd0daab57aaa3b3769.jpg,卡了一下必有大事…,1754218017,130,1617097682,梓宸爱公子,https://i2.hdslb.com/bfs/face/70bab08addd0ca74723648f78aa4d495eed064a6.jpg,1764268,"原神UP主激励计划,原神",504726,19537,715,6743,2071,338,0,0,45984
BV1hytJzwEXV,114976257739944,1,21,2088,日常,社会观察,http://i2.hdslb.com/bfs/archive/dfb43cd8c3754c23aa568da63dea8a942378e58d.jpg,200w粉博主执意送外卖，曾直播日入近万曾被网暴,1754452800,620,1567446009,滤镜粉碎机,https://i0.hdslb.com/bfs/face/8ce3100adceacec46f0e031a12404a4d17a865c5.jpg,1060442,"正能量,社会,生活记录,外卖,记录,网红,骑手,社会纪实录",259847,778,522,5944,2721,5377,0,0,9141
BV1qctczUEsk,114979948729514,1,17,2078,单机游戏,沙盒类,http://i2.hdslb.com/bfs/archive/ba778f76aa01faf250d173e03aaf5a6433df7e9a.jpg,神人玩什么都很神 1.0,1754455207,141,289475254,碧月狐,https://i1.hdslb.com/bfs/face/d29803d385b117e98eda7abed7ebcfbc92bc44ac.jpg,2723541,"万物皆可游戏,沙盒游戏,搞笑,娱乐,我的世界,沙雕,抽象,mc,meme,碧月狐",266919,833,691,2108,1288,207,0,0,23082
BV1R74ZzgEb8,114979327970770,12,172,2064,手机游戏,单人RPG游戏,http://i2.hdslb.com/bfs/archive/0129d1886954c7e719318ff1f5fd898821660418.jpg,【崩铁】海瑟音综合测评：dot队新成员！武器对比+技能解读+强度展示+星魂提升！！只需等待！！,1754452800,3113,43222001,卡特亚,https://i2.hdslb.com/bfs/face/a86d2a1570f968a7aa57f7d014f7826780900372.jpg,3271562,"卡芙卡,崩坏：星穹铁道创作者激励计划,海瑟音,海瑟音强度,海瑟音测评,海瑟音dot队,海瑟音综合测评",635758,3697,3188,4419,4795,2128,0,0,43801
BV1dVh5zZEgQ,114966594066693,1,65,2071,网络游戏,射击游戏,http://i1.hdslb.com/bfs/archive/3892402c6af72504babe010e7665eff8038f5a95.jpg,堵桥 似乎变得更简单了,1754283900,49,3546631886604757,Lin三角洲行动,https://i1.hdslb.com/bfs/face/6910dcfc7ed08e91e59784d447f3a4b6cd6ca701.jpg,42915,"三角洲行动,乌鲁鲁,航天基地,堵桥",584023,158,642,8186,563,2567,0,0,41044
BV1FStnzmEsf,114975200774850,1,249,2088,足球,社会观察,http://i0.hdslb.com/bfs/archive/4d30d169b6e4563a2602bfd19312014056187857.jpg,没有假球，只有世仇，散装江苏到底能有多散？,1754389800,478,11684621,太阳星sunstar,https://i2.hdslb.com/bfs/face/edcd0f2f12cedf723c9e5c18c5f824ecd4c50f9c.jpg,3064749,"社会观察局,苏州,南京,足球,江苏,常州,无锡,苏超,太阳星",144064,584,655,1262,1087,154,0,0,12380
BV1GPtgzBEXF,114969379081117,1,182,2001,影视杂谈,影视解读,http://i0.hdslb.com/bfs/archive/51c2fa06e99bb57f3df3c784a0c98209620af632.jpg,把前妻拍成恐怖片恶心反派！导演你这取材是真够生活化啊！,1754295604,280,145750219,电影冷知识,https://i1.hdslb.com/bfs/face/f1df42e1b2d69b29176f142a0d40f856fb60f82d.jpg,1431247,"幕后,脑洞,原创,电影,影评杂谈,细节,导演,影视IP观察室",381383,581,331,3184,652,143,0,0,41548
BV146hnzvEzx,114953507966662,1,253,2042,动漫杂谈,动漫评论,http://i2.hdslb.com/bfs/archive/4fa7e3d71ef2acd05ca74c4ee9f68edc7ad59fcf.jpg,没看懂？她死了，但人类赢了！白月魁无解的【攻腥计划】详解！《灵笼2》12集硬核解析！,1754051859,2459,70744200,天师道的白山正,https://i0.hdslb.com/bfs/face/15db596ed3fe9f5c58b66d611245b826630332d4.jpg,955510,"硬核,剧情解析,动漫杂谈,国产动画,白月魁,灵笼2,动画种草激励计划,马克,查尔斯,灵笼",1357235,8731,5724,20822,48759,4668,0,84,66553
BV14Shwz1ERb,114941797341117,1,126,2063,人力VOCALOID,鬼畜综合,http://i1.hdslb.com/bfs/archive/337e0d8dd4600ea305e5ea682f5109fe52d77fcf.jpg,“鬼畜，是不是该剧终了”,1754020500,195,29382783,爱狂三的星总,https://i0.hdslb.com/bfs/face/e9cb715dcbd3521f6a8bcd9b3e92e272544b5f5d.jpg,884145,"人力VOCALOID,鬼畜,全明星,鬼畜调教,鬼畜全明星,黄绿合战,黄绿合战10th,剧终の小曲,传统鬼畜",589802,3593,4695,19291,32026,2265,0,0,81230
BV1fjtnzgEKZ,114975905551283,1,17,2079,单机游戏,其他游戏,http://i0.hdslb.com/bfs/archive/fc9525bc457002680210a3b886c6174cb2f226ed.jpg,这游戏光demo就藏了这么多细节！万字拆解《乌合之众》+秦小南角色歌,1754393632,2411,3493291091822869,灰灰_AshUnhappy,https://i1.hdslb.com/bfs/face/13b26c3b30d2c038e2edb1b8c31e3216057546c2.jpg,14229,"解密游戏,游戏解说,单机游戏,万字拆解,乌合之众,推荐宝藏游戏",614572,232,189,21375,3807,190,0,0,19516
BV1wMhnz4EU1,114951645564529,1,253,2042,动漫杂谈,动漫评论,http://i2.hdslb.com/bfs/archive/cab37f149e74b1f2769fb5ba662eaa12f95dbdbf.jpg,辣眼又逆天，彻底阴没边，3D大烂片--锁龙谷【周余】,1754043000,395,237844904,不知所措的周余,https://i2.hdslb.com/bfs/face/dcdc675c38d8e9daa36623f18c3a9c61aae27c9e.jpg,991970,"搞笑,动漫杂谈,动画,童年阴影,吐槽,国产动画,3D,学动画三年,烂片,锁龙谷",405579,1305,489,9321,1774,317,0,0,18793
BV12RtMzRERp,114968053685279,1,215,2152,美食记录,美食记录,http://i2.hdslb.com/bfs/archive/31fb28ee5d874cd42c63a419eea4d63765606d10.jpg,百吃不腻便利店,1754467200,246,26417558,铁蛋儿Tyler,https://i2.hdslb.com/bfs/face/12b8d664cb6c5fcad3ff97132b424e40a5f7f986.jpg,2917590,"吃货,美食,便利店,夜宵,炸鸡,火鸡面",272850,1065,474,4972,766,302,0,0,21477
BV1u8tnzhES2,114975687314378,1,256,2112,短片,护肤,http://i0.hdslb.com/bfs/archive/8339520fd3196a41f436a8a4f182dff87cfe6e70.jpg,这脸上都有啥，姊妹坐，唠嗑,1754390173,962,131739734,你的陈星越,https://i2.hdslb.com/bfs/face/f4c8c55e49414d660dadcaf2c37f312b036f65b9.jpg,669644,"唠嗑,分享,日常分享",429276,1543,1768,4601,3642,2189,0,0,52744
BV1GWhNzcEco,114959178531202,1,243,2024,乐评盘点,电台·歌单,http://i2.hdslb.com/bfs/archive/36899181cd1a03becc6ad50554459527b980f40c.jpg,【循环歌曲】《囧架架》“狗熊岭の囧架架”（无损音质）,1754211900,3597,394086405,蜗牛不知道-,https://i0.hdslb.com/bfs/face/3524813cefda5d24e108d010ce63353c5c699807.jpg,172139,"音乐,音乐推荐,无损音质,音乐资讯,熊出没,精选推荐,循环歌曲,《囧架架》,电台新星征集令",4151146,280,75,101634,2765,243,0,20,78784
BV1g44ZzNEB3,114979428699238,1,171,2071,电子竞技,射击游戏,http://i0.hdslb.com/bfs/archive/ce068f70104f9b9585a9da760cf5c3ce523e4859.jpg,【昊天单三露娜】报告长官，有内鬼终止交易,1754447343,320,3546931708037212,昊天_三角洲行动,https://i1.hdslb.com/bfs/face/602edacdfec528574ddeddf6d6d037f9107135ba.jpg,77781,"娱乐,搞笑,绝密航天,沙雕,昊天,露娜",375892,142,280,3363,532,585,0,0,18718
BV1BPtAzsEhB,114980754035486,1,95,2099,数码,电脑,http://i0.hdslb.com/bfs/archive/bffd0e49e4bd71bab9d1c3e77b7556e387eba4ac.jpg,【2025·8月电脑配置推荐】爆肝1个月！教你装一台高性价比电脑！保姆级攻略，2千-2万预算，建议收藏！,1754470343,5303,1538983470,超能搞机,https://i0.hdslb.com/bfs/face/a3bff7bdfd3fcb39f72012052a7636ba4162956d.jpg,120499,"科技猎手,数码,装机,科技,电脑,电脑配置,DIY电脑,配置,电脑配置推荐,台式主机",123638,182,954,8458,7947,229,0,0,10498
BV1q5tnzrEZG,114975922258423,1,219,2168,汪星人,狗,http://i0.hdslb.com/bfs/archive/36d406730eb88ff4d96a4aa3357e7de18e2320d9.jpg,驱散阴霾的不止有彩虹，还有小猫小狗。,1754394138,329,3546946425850423,一口一个团up主,https://i1.hdslb.com/bfs/face/33fcb94a59b9c4e52c8e95ef97176c1cf408474f.jpg,385783,"边牧,小狗,小猫,萌宠过暑假",232922,622,627,1981,3140,921,0,0,34269
BV1WP8yzWEyk,114946746684096,1,172,2022,手机游戏,VOCALOID,http://i0.hdslb.com/bfs/archive/dec6be9a482bb9662341c9faa316c56cc5cdb02e.jpg,《女神异闻录5 皇家版》代表曲目《Life Will Change》2DMV公开 /初音未来×镜音铃×镜音连,1754298000,244,3546749308242173,初音未来缤纷舞台,https://i2.hdslb.com/bfs/face/408f52803ee221c7d0a057b2e15d1f42dc5bfc03.jpg,987057,"初音未来,镜音铃,镜音连,手机游戏,世界计划,初音未来：缤纷舞台,PJSK,初音未来缤纷舞台",1124473,25952,5131,16638,2187,26359,0,76,79161
BV1p4tgzXE8R,114969463037868,1,182,2001,影视杂谈,影视解读,http://i2.hdslb.com/bfs/archive/0425c09485cd084a13410d658df145f4ff78ec4d.jpg,给大家看一段很标准的工业糖精。,1754302513,94,1238206698,酸奶冻冻c,https://i0.hdslb.com/bfs/face/52219b71fcc8a0db44fd49648f70f9315dbfa747.jpg,8894,"电视剧,恋爱,昭雪录,编剧,工业糖精",604088,13780,3515,2359,870,6706,0,0,35170
BV1jWt3zyE7L,114970654282282,1,21,2037,日常,同人动画,http://i2.hdslb.com/bfs/archive/140ed929377c9f601c878784f3c1b92a887c9361.jpg,你也怀孕了？,1754313063,19,347377162,零度没有偷饭,https://i1.hdslb.com/bfs/face/fe072f577acc99fc48340ce54203b3f65844e258.jpg,671,"明日方舟,铃兰爸,沉稳的神职,忍冬,叫什么名字",554258,46,853,12386,1268,4630,0,0,56658
BV1L4hnz5Evj,114951712741227,1,216,2063,鬼畜剧场,鬼畜综合,http://i1.hdslb.com/bfs/archive/d90cb97a58d8ab5fba247932c43d4b6a886008ff.jpg,真·出生之家（25）旺仔小乔夺舍记 上集,1754024128,386,8034163,浅澄月,https://i1.hdslb.com/bfs/face/28abe5c53184c2705c3c29784733847e930d4487.jpg,1328993,"全明星,鬼畜,搞笑,旺仔小乔,出生之家,真出生之家,抽象,恶搞之家,孙笑川,黄绿合战10th-黄队应援",1688842,2458,2661,21514,8394,11044,0,0,97458
BV1MEhhz8Epj,114958188681679,1,47,2047,同人·手书,虚拟UP主,http://i2.hdslb.com/bfs/archive/4d7cba65a98beb8924d9df5e8f55939bf65d7b61.jpg,不许再问小猫为什么不穿裤子了！！！,1754130300,25,3546778829850973,晚月_Tsuki,https://i1.hdslb.com/bfs/face/3b3b0a1c35bef44ebe6b45b3fcca8e1533313c87.jpg,164849,"猫,虚拟偶像,直播,可爱,搞笑,动画短片,杂谈,萌妹声线,虚拟主播,整活",322463,468,1254,17807,875,334,0,0,46517
BV1sJgHzLEis,114896532407637,2,172,2064,手机游戏,单人RPG游戏,http://i2.hdslb.com/bfs/archive/e4bf284fa9759d9eac21a95bd0138f139cef7bb8.jpg,《重返未来：1999》×《刺客信条》联动版本特别预告片,1754452800,66,1197454103,重返未来1999,https://i2.hdslb.com/bfs/face/6a1936d5cb5b315311fedbf2d4793c4d404cac83.jpg,2789450,"刺客信条,主机游戏,手机游戏,刺客信条奥德赛,重返未来：1999,重返未来联动,重返未来刺客信条联动,刺客信条2,刺客信条联动,重返未来1999",564689,260,2000,3614,2621,2455,0,0,23353
BV1am8CzNEtf,114947266778880,1,17,2079,单机游戏,其他游戏,http://i2.hdslb.com/bfs/archive/034d1980b2f04dfaae36588dcb3afca637662f46.jpg,现实主题恐怖游戏，赌博是如何摧毁一个家庭的？,1754019000,4397,562197,中国BOY超级大猩猩,https://i0.hdslb.com/bfs/face/ffb50dd4e712386eb888030ebc6f4aea3a65cd8e.jpg,10536848,"惊悚,游戏实况,游戏,恐怖,steam,模拟恐怖,Pikabuu:Stop,现实,赌狗,推荐宝藏游戏",1218377,28851,3179,24240,52469,3846,0,76,84521
BV13etFzMEL5,114980183675595,1,17,2071,单机游戏,射击游戏,http://i1.hdslb.com/bfs/archive/9b329a0dd32d87020868812536fbac68fb35b06b.jpg,大兵66也是简简单单拿捏！拯救大兵这一块，还得是哈吉杨,1754458657,906,3546742700116050,杨齐家_,https://i0.hdslb.com/bfs/face/defa8623598cd28298afa21e9f01e46593230610.jpg,1687002,"三角洲行动,三角洲鼠鼠拯救世界,三角洲破壁新赛季上线",1634312,20285,1918,12734,6592,743,0,69,95216
BV1P1tnzHEtp,114975318414807,1,254,2023,亲子,AI音乐,http://i1.hdslb.com/bfs/archive/69f4f657aff793c4bb6ce068b92e244ad5e1675e.jpg,⚡压！力！⚡《八连臭火》,1754384702,97,136577694,byd小绫,https://i0.hdslb.com/bfs/face/5bdce6c2af6b64dc321135e0aed8fd0ee867c6d2.jpg,357436,"蔚蓝档案,才羽桃井,王小桃,八连臭火,爱丽丝,AI音乐征集大赛",218618,883,447,7848,615,2442,0,0,29756
BV1bphWzCESh,114953809829477,1,250,4216,出行,骑行,http://i0.hdslb.com/bfs/archive/2e6429fa74bb719a5ef02525e226e270002d05f1.jpg,骑自行车穿越北美洲 到达华盛顿,1754056256,309,510381190,湖远行官方,https://i1.hdslb.com/bfs/face/ed6cc795cc65e543485c62002f91d09e7281f4ad.jpg,320999,"生活记录,旅游",312554,509,485,4625,2756,154,0,0,37993
BV1sCh8zWEc2,114958507443524,1,138,2156,搞笑,UP主小综艺,http://i2.hdslb.com/bfs/archive/66c0731088c41d5901e21fb9116724f65be0516a.jpg,我先走一个⚡️,1754129614,325,226231535,智勇双全富贵君,https://i2.hdslb.com/bfs/face/f63d4962dd2dcf4d2cc9cae63cd01a2049f32dab.jpg,2213363,"排球少年,开箱,OPPOReno14,OPPOReno14排球少年联名",2905112,2990,1166,23416,4463,1182,0,58,110078
BV1wGhnz9EYD,114951595235138,1,138,2156,搞笑,UP主小综艺,http://i0.hdslb.com/bfs/archive/080ff646c5a8f451c44a9a5c78bf5b7f9fd0fc93.jpg,性情级【不要笑挑战】只有0.82%的人能忍得住不笑看到最后！！,1754128800,744,43611197,比比老师,https://i2.hdslb.com/bfs/face/376af120f5bc3d3c31840db0ff3030bc8a3725f5.jpg,1596323,"搞笑,高能,吐槽,搞笑小剧场,惩罚,山葵,沙雕,不要笑,段子,整活",870648,2927,569,12047,5436,939,0,0,39365
BV1hQtczyEkz,114981542627387,1,219,2167,汪星人,猫,http://i2.hdslb.com/bfs/archive/8caaa02d2167c2746fdf8725bbeaed65405b428e.jpg,啊..真是和小猫小狗充实的一晚啊,1754479804,315,3546946425850423,一口一个团up主,https://i1.hdslb.com/bfs/face/33fcb94a59b9c4e52c8e95ef97176c1cf408474f.jpg,385783,"布偶猫,边牧,萌宠,小狗,小猫,萌宠过暑假",318195,1254,1048,3243,2855,1241,0,0,50984
BV1dj8yz5EiV,114946880833592,1,252,2113,仿妆cos,仿妆cos,http://i1.hdslb.com/bfs/archive/28604945c7449f067cd5bdae5dd0d693529c7510.jpg,【第五人格】红夫人蓝皮-红心皇后仿妆来咯,1754046000,254,415897343,初九Haimon,https://i2.hdslb.com/bfs/face/5755ceca1459f9028973297abda9e60f02a30c13.jpg,1339087,"仿妆,美妆,COS妆,第五人格,红夫人,神还原仿妆大会",1966965,628,1044,60593,18081,434,0,70,152554
BV12zt3zYEf5,114970821985687,1,21,2009,日常,娱乐评论,http://i1.hdslb.com/bfs/archive/e02360e4c02a9dae89867b187e92834b18ada0a9.jpg,赵露思解约事件复盘and粉丝弹性爱女文学,1754315867,569,3546750551853928,乐意椰子,https://i1.hdslb.com/bfs/face/11a1134beba247486d3bc621ea8ebc931a9302c7.jpg,21045,"吐槽,赵露思粉丝,可露丽语录,娱乐圈,热搜,赵露思,银河酷娱,明星解约,娱乐吃瓜大会",208251,1440,1630,949,1467,517,0,0,8099
BV1WotLzqEe5,114972029883183,1,162,2055,绘画,二次元绘画,http://i2.hdslb.com/bfs/archive/dcbf717c985d4abae16666a832fd24a6ea060e41.jpg,手绘JOJO痛本合集  一次性看个爽,1754334031,30,3546640579300260,常小小歪,https://i0.hdslb.com/bfs/face/ad6c1511032b1c2cb0a3e66ec7b32c79308fd2f4.jpg,1756,"JOJO的奇妙冒险,绘画,手绘,DIO,空条承太郎,痛本,临摹",431394,224,729,13133,2247,1306,0,0,70873
BV1z9tFzWEJy,114979965505202,1,28,2016,原创音乐,原创音乐,http://i2.hdslb.com/bfs/archive/21c8db8fb5969497470b439a8dd0df8dbf330ec5.jpg,Bsh1《比过秃子》把我放在广顺肯定比过秃子,1754478000,161,431280811,Bsh-1,https://i1.hdslb.com/bfs/face/122d5e23bb1bbd19f851cbbd0bea549335e12308.jpg,20505,"说唱,音乐,Bsh,嘻哈,中文说唱,新歌上线",91702,957,871,1291,2585,2009,0,0,6412
BV1No4ozRE4h,114977398588821,1,24,2041,MAD·AMV,动漫剪辑,http://i2.hdslb.com/bfs/archive/54d90f853006d708cace320d4faccbbdf46b6fb6.jpg,【冰菓MAD】折千发糖，势不可挡,1754445600,146,3546784896911608,妖精系波克基斯,https://i1.hdslb.com/bfs/face/7b052751e96e1b52e21dce38570e3487c7ba4cde.jpg,5407,"恋爱,折木奉太郎,冰菓,MAD,千反田爱瑠,动漫,京阿尼,冰果,嗑糖",127982,136,520,6505,2313,608,0,0,25717
BV1hLhHz6EmB,114953323289514,1,176,2154,汽车生活,剧情演绎,http://i1.hdslb.com/bfs/archive/dd24006c6b597d94453317692511207e6d1e4e2b.jpg,环游王者把家归，小小侄女身后追~,1754190300,121,1194144659,车小白-,https://i2.hdslb.com/bfs/face/9cc5a0aae824ee21051aae1ecb7a17a3a7e1c460.jpg,111087,"房车,姑姑,环游世界,乌尼莫克",553850,291,327,1615,718,182,0,0,39924
BV1fphszaE9e,114955370105470,1,21,2084,日常,应试教育,http://i1.hdslb.com/bfs/archive/146245ebe128edd4f9ae6067320ac6adcf5181ba.jpg,化学海龟汤，但是难度指数飙升,1754092800,350,1129950028,CYD21,https://i1.hdslb.com/bfs/face/647c92784665197d7365543a7f3823fa4a463569.jpg,55289,"化学,科学,难度,海龟",623520,1615,1557,11760,2256,11845,0,0,58238
BV17nhuzUEKk,114963356065402,1,138,2154,搞笑,剧情演绎,http://i1.hdslb.com/bfs/archive/1ecb1c0d2ed7b4dc5bf1c2ef877d58bfada7c108.jpg,在漫展上认真工作的保安,1754211756,163,1835967,善良的诚哥,https://i0.hdslb.com/bfs/face/181e97f366b1cb2bda57b758cd8874315e41b238.jpg,1139590,"生活,搞笑,漫展,日常,射击游戏,娱乐,ChinaJoy,远光84,远光84公测8月7日,沙雕",484445,209,325,1219,583,144,0,0,33868
BV1sfh7zREkZ,114951175868161,1,21,2005,日常,短剧短片,http://i1.hdslb.com/bfs/archive/bb51c6cb4958509a2caf7e06c430b8f84f7420ec.jpg,【短片】后来，我决定不把鸡腿放到最后吃了,1754015966,123,240303701,Yeesa523,https://i2.hdslb.com/bfs/face/39d7d1277ddf0296b9cd26a23afff6446fb3b3d5.jpg,13600,"人生,电影,短片,生活记录,创意短片,vlog",518405,165,577,7561,3707,973,0,0,47568
BV1NgtPzgE1w,114982112991429,1,251,2083,三农,综合资讯,http://i0.hdslb.com/bfs/archive/194e2a5819a8ffa863e5caad60d2087ec5ad3918.jpg,橙C美式！羽衣甘蓝美式！“果咖”赛道如何影响农民生计？【主播说三农】,1754488078,193,1343321779,央视农业,https://i1.hdslb.com/bfs/face/c9e24623ccc91cd26c2894d2a1880dc6dc6a28c4.jpg,3623756,"咖啡,果咖,主播说三农,冷饮,水果",463831,682,1506,1717,1337,993,0,0,40554
BV1qRtuzyEDd,114969815352595,1,27,2028,综合,宅舞,http://i1.hdslb.com/bfs/archive/040b2be47c07f81acaec7ebb4a3f2de829339552.jpg,舞台就是我的画布  【杭州烤o】,1754300249,120,171796822,鬼鬼_onioni,https://i1.hdslb.com/bfs/face/d6a202a81c0953c7027defe2d343fbc7319b6947.jpg,305497,"宅舞,cos,世界计划,东云绘名,世界计划多彩舞台,pjsk,杭州烤o",172531,40,212,5958,2748,924,0,0,30366
BV1S7hHzuEhK,114953373681009,1,241,2009,娱乐杂谈,娱乐评论,http://i2.hdslb.com/bfs/archive/a2817bf140c495d75002b8772bb71af77f783ce7.jpg,【娱乐简报】直男一卖，粉丝溺爱，网红一卖，内娱崩坏,1754105315,925,1527375735,RICH徐大花,https://i0.hdslb.com/bfs/face/6aac72712a65aa6a525923602e1b2812c6472a45.jpg,370647,"汪苏泷,吐槽,梓渝,旺仔小乔,吃瓜第一线,田栩宁,张碧晨,吃瓜,李明德,内娱",581371,4654,1890,2387,3612,2471,0,0,28172
BV1P5tKzLEEW,114982968627112,1,47,2037,同人·手书,同人动画,http://i1.hdslb.com/bfs/archive/27969c8bd4c6dd27a2e82c4091e86525fa98728f.jpg,第69集，为了抵御邪神数万癫火教徒大举进攻中原，我临危受命前往镇守雁门关！,1754555400,351,1315416826,暴走三金_,https://i1.hdslb.com/bfs/face/547d829b08e143073920e9eaf241540cbc3f64a7.jpg,289791,"动画短片,原创动画,动画种草激励计划,热血",33945,238,126,1030,632,25,0,0,3666
BV1cGtwzcErM,114981257350911,1,21,2080,日常,时政资讯,http://i1.hdslb.com/bfs/archive/ee136e3359b1a8dfaf40259b0dfa06e4ae6bfc77.jpg,中共中央办公厅 国务院办公厅印发《整治形式主义为基层减负若干规定》,1754475039,78,473837611,新华社,https://i1.hdslb.com/bfs/face/396b93a7f619882afa711879dbf2cb98a40e7367.jpg,18704886,"基层减负,整治形式主义,新华社",254602,273,448,1773,988,3345,0,0,15257
BV1E9tuzLEMR,114969764955742,1,201,2094,科学科普,科学科普,http://i2.hdslb.com/bfs/archive/c6040487d535f0baeff31595980dfa439e84bd53.jpg,动物的繁殖系统和排泄系统，为什么靠得这么近？,1754391600,160,1271916102,上将王司徒,https://i0.hdslb.com/bfs/face/1382786fbc113f7037b3bd4305166085611f737e.jpg,2280248,"自然,生物,动物,系统,科普,生命,科学,人类",850273,636,1529,7010,1173,905,0,0,45588
BV1FUtnzEESw,114975217552697,1,85,2154,小剧场,剧情演绎,http://i0.hdslb.com/bfs/archive/f09d382effa488611edee4f87579127f04c339de.jpg,深度还原美容院老板娘,1754383132,109,519076715,我是钟美美-,https://i2.hdslb.com/bfs/face/4c2633ec6d471b3b5ae0fdddf498575280b172a3.jpg,306488,"搞笑,老板娘,深度还原",164839,167,349,827,640,294,0,0,17901
BV1o54dzeEL8,114976375182172,1,95,2100,数码,手机,http://i0.hdslb.com/bfs/archive/b7effb7b2ff094cce4f52154f3c8819c057809ff.jpg,为了用华为Pura 80，我爸买了一台问界M7？,1754472600,434,1428110495,妮可厅长,https://i2.hdslb.com/bfs/face/b25c1e79bb41667b929a2cf197b53d0ffe1e8330.jpg,170545,"科技猎手,华为,数码,问界,华为 Pura80,鸿蒙5大有不同,眼见帧实 ·B站超高清视频计划,Pura80 丝绒小直屏,直屏,鸿蒙手机",82861,732,202,1920,1863,60,0,0,13826
BV1o7h8z3EMt,114958591397588,1,256,2154,短片,剧情演绎,http://i2.hdslb.com/bfs/archive/81abf4b05af47f926fb2da260d06a998cc964f9c.jpg,《治蝗》 若惩恶沦为戏码，扬善则无人问津~守善，扬善！#泽华君 #吟游诗人 #田园诗人 #惩恶扬善,1754129211,101,282645129,泽华君呀,https://i0.hdslb.com/bfs/face/794dec6e0a865f1e3214c6d18b677c4d912da533.jpg,1134550,"诗人,吟游诗人,田园,惩恶扬善",749007,312,482,5186,1541,246,0,0,52797
BV1Qhh8zaE75,114958373297043,1,212,2142,美食侦探,体育综合,http://i2.hdslb.com/bfs/archive/f8b8188b886c2cf784cd9f47e336a5637ac4bcd2.jpg,和专业腕力运动员切磋一下，看看我现在的腕力处于什么水平,1754125968,246,3493260093819171,李维刚的日常,https://i0.hdslb.com/bfs/face/4917c09bdfd5e72f08a04d2c752de48a848a1318.jpg,3595920,"李维刚,腕力,掰手腕",627039,851,1687,1269,1587,301,0,0,44351
BV1pW81zbEU4,114948290121395,1,182,2001,影视杂谈,影视解读,http://i0.hdslb.com/bfs/archive/a6962c4b68595ff6207dbb71d457e4664febd4cb.jpg,【HP】一口气看完！盘点《哈利波特与凤凰社》原著中没有被电影还原的419个剧情细节！,1753973094,9183,477833444,唱唱反调呗,https://i2.hdslb.com/bfs/face/bb5b932a9e42c3124cde4108a9884a50ca1d8af5.jpg,451836,"斯内普,赫敏,邓布利多,HP,哈利波特,罗恩,影视,哈利波特与凤凰社,哈利波特原著,影视IP观察室",725543,5589,1066,30229,23110,1662,0,0,67343
BV1YQhgzjEAy,114964245251426,1,85,2154,小剧场,剧情演绎,http://i0.hdslb.com/bfs/archive/905aa2e76919ff8df76c3cf06ccd46900d02a0e1.jpg,谁还有更好的方法？,1754215387,97,304233145,酱油白米饭原创,https://i1.hdslb.com/bfs/face/e7b6aac008ac4a6002e1266fc732308a0365c81a.jpg,1134551,搞笑小剧场,1758481,370,252,6921,836,118,0,0,33132
BV1a6hVzHEnf,114964480202926,1,47,2037,同人·手书,同人动画,http://i2.hdslb.com/bfs/archive/ce8e0af18f2f38c7921459ea5c54eb2cab9ea1b7.jpg,重生后，都有胆子和校花说话了【07】【第一季完结】,1754219089,732,654552,圆桌动漫,https://i0.hdslb.com/bfs/face/6c1421573d214809ca86aef25bdd23670e00128a.jpg,4748570,"恋爱,公孙雅柔,圆桌宇宙,瑶曦,萧凡",1423028,12518,2992,44977,23202,462,0,42,68103
BV1fLhnzDESp,114951628785225,1,65,2037,网络游戏,同人动画,http://i0.hdslb.com/bfs/archive/ab9c8c8f266c8cb70fafdcc5d7139ad7474e95b8.jpg,对对对！你查完分和同桌就是这样的！,1754042400,78,1072364738,一支聪慧鼠,https://i2.hdslb.com/bfs/face/110f31f132ff821e5bbc5c857349454445723e5d.jpg,145061,"考试,猫和老鼠,沙盒游戏,洛基,我的世界,时羽雨衣,萝莉摇,抽象,沙雕,查分",4238051,1443,1220,191240,24267,4323,0,26,282054
BV1ZLtFzJEUY,114980116497813,1,138,2154,搞笑,剧情演绎,http://i2.hdslb.com/bfs/archive/1e29d026c0807de169b111a21dea11366ff8ff7c.jpg,弗雷尔卓德 创意工坊之你der啊 麦克阿瑟 说的,1754458438,38,3546909580987309,弗雷尔卓德-杨辰,https://i1.hdslb.com/bfs/face/e59912641ba4cbaadb857e30085b15cf4dcc6819.jpg,260145,"英雄联盟,原创,创意工坊,弗雷尔卓德,麦克阿瑟",410683,598,1420,5549,2473,11233,0,0,62337
BV18889z4EKf,114936327966866,1,22,2063,鬼畜调教,鬼畜综合,http://i0.hdslb.com/bfs/archive/cf823f851d6cf6b72b9140b41024fa8f645463fd.jpg,上一个这么剪的已经过亿了,1754020200,152,16054375,自动鬼畜中的WZ,https://i1.hdslb.com/bfs/face/e83f7de7928cdab9c628aa7b4da1045f2803574f.jpg,1684307,"赵本山,搞笑,小沈阳,美美桑内,ONE SPOT,蜜汁好听,NINA,小品,沈佳润",1019112,466,720,10874,22338,4875,0,0,109653
BV1whtczFEAJ,114981442031250,1,21,2016,日常,原创音乐,http://i2.hdslb.com/bfs/archive/1df4570c82ab6488a767d434f9c130a931ed632a.jpg,卦者灵风专辑《长生》全曲试听,1754478225,318,2679304,卦者那啥子靈風,https://i1.hdslb.com/bfs/face/2d12a6dfef7b3269c4a1095b532a0c9d0fe49888.jpg,1819023,"说唱,音乐,专辑,新世代音乐人计划原创季,长生,卦者灵风",49265,358,710,1630,1800,534,0,0,7507
BV1JntBzhEyn,114986173140885,1,251,2166,三农,农村生活,http://i2.hdslb.com/bfs/archive/acca5aa675aef165d975c6193a71884120c72a4e.jpg,母牛会武术，一招断子绝孙脚法！我爹惨叫连连，徒弟也险些失明,1754557136,653,414700515,龙腾虎跃龙兽医,https://i0.hdslb.com/bfs/face/697d80194c5a980fa55b9a200ce8b8ecc41ab39a.jpg,2691608,"生活记录,记录美好农村生活,笑容加,电动牙刷,usmile",109380,597,230,815,1125,77,0,0,12497
BV1mvh8zfEzc,114958390071142,1,21,2102,日常,摄影摄像,http://i1.hdslb.com/bfs/archive/9c8db066817437f198003ad84dcb5013959a56bc.jpg,评论区摄影大赛之迟来的建军节篇，昨天剪太晚了所以没发，今天补上。,1754126066,108,3546741475379844,摄影恩哥,https://i0.hdslb.com/bfs/face/b497e49b5418b6c0cc18f5f3d80c6c08a1048d5c.jpg,683126,"风景,摄影,评论区摄影大赛,哔哩哔哩评论区摄影展,照片点评",1971047,22936,4357,11465,3006,316,0,0,168175
BV1uetnzZEAk,114975704094192,1,172,2064,手机游戏,单人RPG游戏,http://i0.hdslb.com/bfs/archive/85d63b6356dd94302358e7e0cfcd6353a5c994f4.jpg,飞霄2金0T史瓦罗！小飞老矣，尚能战否？无需3Q鸟暴力拆解下城区体育生！,1754390411,240,39720180,恭梓呀,https://i0.hdslb.com/bfs/face/87fde78dda0bad634005690f28c5c21c132e426f.jpg,48040,"二次元,追击队,飞霄,崩坏：星穹铁道创作者激励计划,恭梓,巡星杯,竞速,知更鸟,长夜月,0T",123192,326,822,978,1150,1291,0,0,12037
BV1gVtGzgECZ,114970117276959,1,65,2070,网络游戏,MOBA游戏,http://i2.hdslb.com/bfs/archive/b904b33459c15d49b4be2e0dd985d44cd6c05493.jpg,重铸亚连荣光，苍穹血手义不容辞！,1754305049,206,405370021,尴尬的铁根er,https://i1.hdslb.com/bfs/face/cbe228260be3e8d2b49cb2f8dde7a0a41bee1d93.jpg,5398595,"电子竞技,搞笑,王者荣耀,MOBA,亚连",2187660,1392,1513,4507,2575,610,0,0,83675
BV1HRt3zpEcD,114970587042660,1,138,2152,搞笑,美食记录,http://i2.hdslb.com/bfs/archive/f03dbf72830e3c46247bd89cd0416b9aca7030f3.jpg,深度解析良子是否偷吃5,1754312604,289,32026774,侦探许烦烦,https://i1.hdslb.com/bfs/face/12cddd8ada95dfd639100cd9ec276ce7a57643fb.jpg,188127,"搞笑,吃喝玩乐先上闲鱼,美食测评,Vlog,良子",361654,875,722,1371,1157,916,0,0,19116
BV1Eah7zVEw1,114951544901275,1,47,2020,同人·手书,翻唱,http://i1.hdslb.com/bfs/archive/c4f7c7b7cbdbd5184956b6aa14cacf43d8e45434.jpg,-.- --- -.- --- .-. --- .-- --- -.- ..- -.. .- ... .- ..,1754042400,112,1708648214,bili_47477328786,https://i2.hdslb.com/bfs/face/d510af1f09cd0a3cb496e2e8b08d27a56c8f106d.jpg,160453,"女声,可爱,日语,翻唱,原口沙輔,ハート111,Heart111,yuri,ゆーり",1635580,204,1496,38842,8361,2274,0,0,178433
BV1m5tJzQEaW,114974160590398,1,250,2158,出行,旅游记录,http://i0.hdslb.com/bfs/archive/95b0806c03204989c3422eb7bd3b2ea2b03cbb01.jpg,有一种退休叫一毛不拔,1754388000,265,382986457,结巴老爹,http://i1.hdslb.com/bfs/face/19de520d83b6e17160505785cc769f88500a85e5.jpg,1353295,"生活记录,旅游,搞笑,vlog,山东,蓬莱",267562,393,428,667,1680,307,0,0,10571
BV1HNhNzVEJm,114959379864243,1,172,2071,手机游戏,射击游戏,http://i1.hdslb.com/bfs/archive/76c6efa98a894f5f2d2dabbb5d3d9222b6afeecb.jpg,教大家免费白嫖官方发的红【GTI中心特别支持】,1754141235,145,2063040064,不败新知缘,https://i1.hdslb.com/bfs/face/18037a47077b0f23d4a8c29fac19ade7f1f66599.jpg,14148,"三角洲行动,GTI中心特别支持,跑刀,鼠鼠,萌新攻略,大红",572556,2104,1222,24045,1893,4416,0,0,32101
BV1Ge8zztE8x,114943256956280,1,218,2167,喵星人,猫,http://i2.hdslb.com/bfs/archive/f1e941a67aa88b97249f402a19baa46f2027dcc5.jpg,“好奇怪，你们又听不懂我说话”,1754305200,184,3494362249955414,尖尖plus,https://i2.hdslb.com/bfs/face/d7ff02808369fe8f87662b3693737f340e3ee1f5.jpg,78820,"喵星人,田园猫,萌宠UP主加更计划",535621,355,1058,21533,3065,3337,0,0,71448
BV1gTh4zHExf,114956645176344,1,17,2078,单机游戏,沙盒类,http://i0.hdslb.com/bfs/archive/c0557daa06b9250d709493c11910dfd88639c9cb.jpg,我建立了一个拥有真实历史的Minecraft服务器,1754100806,425,3546817622968757,SimMC故事发生器,https://i2.hdslb.com/bfs/face/7f576748c671b27c686c17021f842eb0d9895823.jpg,10181,"历史,服务器,史诗,我的世界,沙盒游戏,Simmc,新人向,像素风,Dnd",400543,396,1137,22238,5613,2021,0,0,27178
BV1oRtnzVEUV,114975418879196,1,215,2149,美食记录,美食制作,http://i1.hdslb.com/bfs/archive/7efc73df506e9b249a1ea9231778282242d8b20a.jpg,奶白鱼汤面，鲜掉眉毛～,1754386034,115,1201986019,留意炫饭吖,https://i1.hdslb.com/bfs/face/f4fa26aea4b9077bb23844ceb296e8736027b2fe.jpg,1449471,"吃货,生活记录,萌娃,Vlog,我的养娃日记",463188,387,357,1561,610,626,0,0,46264
BV1R4twzSEPv,114980888249669,1,27,2037,综合,同人动画,http://i0.hdslb.com/bfs/archive/cb529edc44bdcf4648e05de2f494170c0e9e267b.jpg,身份失格：疗养院（第16集）团灭,1754469388,320,51903809,阿伟优创动画,https://i2.hdslb.com/bfs/face/091a5e19d7bc02937cc3b760a94763ffd70df8e1.jpg,356157,"冒险,悬疑,原创动画,动画,动画短片,身份失格,异能",92130,619,428,2316,2709,76,0,0,9753
BV1yVt7zyECT,114973539830436,1,21,2158,日常,旅游记录,http://i0.hdslb.com/bfs/archive/913e6ab771a3791c6a19c3ef6bed58661369d4af.jpg,我们在三次元找到了真的蒙德湖！安柏 优菈 空｜COS旅拍VLOG,1754366700,273,7967009,名羲MX,https://i2.hdslb.com/bfs/face/2837ca3216e342381f1c987c1fd8dd4c28053348.jpg,134650,"旅游,二次元,cos,优菈,安柏,空,Vlog,Cosplay,原神,二次元副本挑战者",135894,207,267,5642,2193,312,0,0,16196
BV17a8CzLEyi,114947098936790,1,208,2207,校园学习,随拍·综合,http://i0.hdslb.com/bfs/archive/e99adecdf2496d2ec803e545c2391045cc78a774.jpg,穿搭要显贵,1754043300,15,1582553318,腾远高考,https://i2.hdslb.com/bfs/face/09eaa0d84654c49fcc9dd652a8c2eaeb05e44f32.jpg,204809,"高考,高中生,高三,腾远高考,高一,高中,高二",698389,3233,1672,14999,701,20806,0,0,96448
BV17a4RzNE7a,114976845141102,1,162,2055,绘画,二次元绘画,http://i1.hdslb.com/bfs/archive/ed98829e00a6d0ef4f1e628278f07f8a3620b9ac.jpg,头一次画完想吐（〇▽ｏ）。,1754407631,27,621948674,AAA专业产史集团沫总,https://i2.hdslb.com/bfs/face/b4f8b5dffc0c6bc913bd544f7d08d3ee7c8a7e90.jpg,208005,"骸音,初音未来,绘画,初音ミク,绘画过程,miku,一起来画画吧！,摸鱼,简笔画,画渣,画画",352276,70,207,8308,732,378,0,0,68673
BV1Pht5ziEMK,114971090355941,1,65,2071,网络游戏,射击游戏,http://i1.hdslb.com/bfs/archive/3f2f09673e2a762b97bd6bd3afa671c202f99487.jpg,剥蒜的情谊42.0,1754362800,104,12705018,NinthA-,https://i0.hdslb.com/bfs/face/90fbf5732bd3bffd6a4d094acec17d30756f581e.jpg,194940,"猎奇,二手推荐,三角洲行动,三角洲搞笑,二手手机,转转",970677,9820,404,6121,838,1248,0,0,53426
BV1RrtgzGEko,114969244861582,1,182,2001,影视杂谈,影视解读,http://i2.hdslb.com/bfs/archive/7c900925ec4a99e831ada9a223dd636311bbbda4.jpg,段奕宏演技封神，拍完这部电影后噩梦连连！真实事件改编《食人狂魔》,1754301600,1408,10119428,小片片说大片,https://i2.hdslb.com/bfs/face/949fd3f0b9fe23703c970d494edc41ae52ee32de.jpg,7698890,"惊悚,段奕宏,悬疑,真实事件改编,食人狂魔,真实事件,细伟,好剧好片重刷榜",1187372,1393,381,7309,1994,555,0,0,46122
BV1DWtEzoELQ,114974714367327,1,47,2037,同人·手书,同人动画,http://i2.hdslb.com/bfs/archive/7b41daca8198ec21e9e95c9e6382e7799a3d4e91.jpg,【鸣潮小剧场】Wonderful U,1754375109,67,71940941,唤林和小PK,https://i2.hdslb.com/bfs/face/c0973a9a2efadbe7040d72c0491ad39aadaf642d.jpg,265907,"手书,同人,弗洛洛,鸣潮小剧场,漂泊者,意难平,鸣潮2.5版本二创",391730,366,2513,32730,57205,7843,0,0,77670
BV1kpt7zBEcn,114973506279233,1,17,2078,单机游戏,沙盒类,http://i2.hdslb.com/bfs/archive/626cdfd87ff6f95ab00d830d69d84ab40fbc3263.jpg,我的世界  随机空岛生存纯享版（上）,1754367600,1815,168681956,锐狗我的世界,https://i2.hdslb.com/bfs/face/d14795369cd64e114dcdc95b6cedeed357862385.jpg,56760,"沙盒游戏,我的世界,随机空岛生存,像素风,起床战争,整点电子榨菜",1076373,149,24,31546,1201,18,0,0,27186
BV13QtczyEAi,114981542563406,1,21,2032,日常,国风舞蹈,http://i2.hdslb.com/bfs/archive/44d8644aad09a66491dac8872ae157aa2e094fa4.jpg,沙漠舞王背后的故事！！,1754479417,70,35579222,紫颜-小仙紫,https://i2.hdslb.com/bfs/face/e7f135eb2da6407fa1d5f63fea631e92a01876db.jpg,1665071,小视频,388527,242,318,2288,740,88,0,0,13511
BV1HKh8zSE24,114958641794843,1,219,2168,汪星人,狗,http://i0.hdslb.com/bfs/archive/a1c0523adc4ed8a38bf2b0b8a0c6ba5a6adeaabc.jpg,今天吃 小狗版钵钵鸡~,1754129890,142,3546632234732329,-豆腐好吃吗,https://i1.hdslb.com/bfs/face/c49f1d640e487cafea188e91617baf6364642eab.jpg,151536,"博美,吃货,钵钵鸡",236477,225,403,2792,695,2708,0,0,25381
BV1tZtcz6E6P,114981207084613,1,209,2093,职业职场,职场发展,http://i2.hdslb.com/bfs/archive/7d7e8623fe73bc1c68dcab27b4b860754c134f7d.jpg,年薪60万的人《如何给领导订机票》（详细解读版）,1754477211,867,1464874349,打工人代表巍哥,https://i2.hdslb.com/bfs/face/d56b7a9e61ccf5b2b57a73838059ccb85683239e.jpg,32043,"毕业,职场,领导,秘书,框架,沟通,求职,体制内,涨薪,接话",163262,91,534,15539,1730,1733,0,0,7217
BV1fJhpzdEM3,114954564800356,1,137,2014,明星综合,娱乐综艺正片,http://i1.hdslb.com/bfs/archive/abd1d862ed4b2aaecae4e2fd8447694186f04fb8.jpg,【TF家族练习生】《肆意少年-突围》EP04,1754068546,5524,3670216,TF家族,https://i1.hdslb.com/bfs/face/1c74336b9060d40d0ccf5e8bce7c0de34526b1e3.jpg,6942346,"TF家族练习生,肆意少年突围",1723243,438693,8824,15982,6244,1472,0,0,54137
BV1EghtzTE8i,114957769514382,1,138,2154,搞笑,剧情演绎,http://i0.hdslb.com/bfs/archive/5421a23a2cda5baf528755cda1b5528fbe649f0f.jpg,我真的需要一个完美管家！,1754128800,298,95515699,粤知一二,https://i1.hdslb.com/bfs/face/2815a3e2b85a92eb2e3b6ebcfb8754def0c54363.jpg,4609199,"搞笑,剧情向,短片,原创,郭嘉峰,搞笑小剧场,段子,粤知一二",1548559,704,494,20097,2558,580,0,75,117006
BV1fjtFzUEYa,114980099723424,1,17,2079,单机游戏,其他游戏,http://i0.hdslb.com/bfs/archive/acb6280ce3fd06167aae68fb410549376bfb58c0.jpg,很好的物语游戏👌让我小娟娟旋转❤️,1754557200,806,28880583,娟juanの奇妙妙屋,https://i0.hdslb.com/bfs/face/8223ecbcc9136ea99f5cb44c909f7d16db525db5.jpg,626995,"RPG,游戏实况,可爱,爱氏物语,游戏推荐,娟,memes,meme,推荐宝藏游戏",58224,699,637,1767,2677,419,0,0,8253
BV17ChgzXE3Q,114964262165943,1,17,2066,单机游戏,单机主机类游戏,http://i1.hdslb.com/bfs/archive/3fb4375d71a7a036a7852841ffa7f6cdf308911b.jpg,当丧尸离你只有一墙之隔，请想尽办法活下去！,1754219600,1682,26240675,与山0v0,https://i2.hdslb.com/bfs/face/1dd429855a968c9d22b8ccc000a7aaabe8dbc201.jpg,4962354,"生存,实况解说,单机游戏,游戏视频,丧尸,僵尸,勇闯死人谷,steam游戏,推荐宝藏游戏",522753,2084,1008,8562,11222,527,0,0,40997
BV1Gt82z1EPc,114947384216914,1,21,2207,日常,随拍·综合,http://i1.hdslb.com/bfs/archive/e483faca123f36d2f34af660108c3e1175c130c5.jpg,我和员工在工作室打了一架。。。,1754049600,470,15892313,知名相声演员BBBBB大王,https://i2.hdslb.com/bfs/face/e40bb6be0e7aa5d3f2838313bb47a59358481577.jpg,2898687,"脱口秀,搞笑,游戏,vlog,吐槽,reaction,蛋仔全明星大乱碰,蛋仔带你看世界,蛋仔派对",1071410,829,500,2884,2331,806,0,0,36249
BV1fM4ZzjE1T,114977482476632,1,65,2071,网络游戏,射击游戏,http://i0.hdslb.com/bfs/archive/83e1f5a3127a12e2dd32ae2125aa94329cd38ac6.jpg,三角洲行动 金弹自由，版本超性价比神器！手感更好，后坐更小的先进后坐AKM改法教学！【A+】,1754451000,338,52717408,Always聪聪,https://i1.hdslb.com/bfs/face/d6573681e12901cbbf26a242102c727bac4d020a.jpg,1055473,"电子竞技,战争,射击游戏,FPS,三角洲行动,三角洲行动改枪,游戏测评,教程攻略,三角洲破壁新赛季上线",281403,307,1088,6917,781,737,0,0,10276
BV15EhNzeEfn,114959497304837,1,158,2002,穿搭,影视剪辑,http://i2.hdslb.com/bfs/archive/4b618ede21e0050759f65548ac8a9ebcd3c65e8e.jpg,“露出来了，然后呢”,1754142791,12,542246263,白昼小熊,https://i1.hdslb.com/bfs/face/4b26f51d6330ea2209192d490f6636e28ec0574c.jpg,1234227,"日剧,影视剪辑,翻拍,今日出门怎么穿",2569650,30,200,26165,2063,2150,0,0,120562
BV1D34fzPEEB,114978740836438,1,47,2050,同人·手书,漫画·动态漫,http://i0.hdslb.com/bfs/archive/4490e403aab882db92c86650330c79981ef09fe3.jpg,【oc日常】第三日，你正在被安抚,1754436641,142,14500193,阿挠挠,https://i2.hdslb.com/bfs/face/5fffb42004e372134eaf40ba2aeb94fb1bc03ee3.jpg,770814,"绘画,原创,画师激励计划,OC",332971,1082,1607,17569,14278,1093,0,0,95267
BV1dwtHzBEgd,114975334995201,1,21,2046,日常,网文解读,http://i0.hdslb.com/bfs/archive/6b857f418a5e2e781d99dfe991166bfcd851a401.jpg,你是说，你拿起博器当信号发射器，然后黑了生死薄？,1754384611,139,72969462,笔给你你来写_,https://i0.hdslb.com/bfs/face/8e8a57daeb8ee0b50e6fa4e66c4f18f849fc601c.jpg,1138342,"小说,脑洞,原创,曼波配音,随笔,原创剧本,笔给你你来写,沙雕段子,八月推书激励计划",171635,179,714,1655,511,328,0,0,17407
BV1aPtgzBEd8,114969379147110,1,215,2152,美食记录,美食记录,http://i1.hdslb.com/bfs/archive/ef07c2d51505b335d229fd919b851e8403143c38.jpg,今天吃一锅神奇的窑鸡钢琴烤肠火鸡面！,1754294722,194,419976249,大宸开饭了,https://i0.hdslb.com/bfs/face/4c7af34e8dd82b8a18a2957ca9862f6d046c3ffd.jpg,1204332,"声控,美食,夜宵,沉浸式,美食记录,创意美食,烤鸡,烤肠,火鸡面,窑鸡",453526,654,363,4632,751,602,0,0,27589
BV1TztnzsEWF,114975653761865,1,76,2149,美食制作,美食制作,http://i1.hdslb.com/bfs/archive/1d33dab1535c3242e8e315b51576b2f2404d6bf6.jpg,《半夜饿疾自救指南》不开火把家里物资通通变小吃,1754389511,192,3546570674932451,茄猫的罐头,https://i2.hdslb.com/bfs/face/5a7adbd2cd769623efb5cd1c1076a72b658e9972.jpg,648007,"美食制作,懒人食谱,美食教程,厨艺,空气炸锅美食,不开火料理,邪修料理,自制零食,微波炉料理,我用美食搞事业",1360384,76,156,91472,8669,641,0,32,66818
BV164h7z2Er5,114951528189625,1,21,2020,日常,翻唱,http://i1.hdslb.com/bfs/archive/dff03aa0cbe9f089393a59cb275ff4bf80550712.jpg,下过雨的夏天傍晚 我都很期待,1754216100,22,3546384428959829,紫颜Music,https://i2.hdslb.com/bfs/face/fbea6765ed7a94bfa2e93b9f7773da5bc1e66e40.jpg,89173,"清唱,翻唱,第一天",538455,395,677,2611,4848,249,0,0,87258
BV1wUtnzEEgJ,114975217557316,1,182,2043,影视杂谈,动漫速读,http://i1.hdslb.com/bfs/archive/b10db0d7971a99b42a4e4d540107c1a11f1fb9d7.jpg,家庭暴力、校园霸凌、杀人藏尸结合能掏出神奇道具的章鱼，简直太暗黑了,1754391600,1879,604710494,长片短解,https://i2.hdslb.com/bfs/face/6ccceba6ec8fe60d700f9f7c2910c08d70b03fe3.jpg,2452460,"电影解说,动漫剧集,uwant,章鱼噼的原罪,不发臭洗地机,友望云朵2.0,校园霸凌,奇幻动画,高分动画",548200,6066,1737,14944,5960,3349,0,0,38417
BV1oLtuz3EJy,114967768533990,1,86,2041,特摄,动漫剪辑,http://i1.hdslb.com/bfs/archive/a928419026322589a232ce729724283afce35b59.jpg,【𝟒𝐊】超魔神英雄传 《ひとつのハートで》凭借这一颗真心 注释着梦想,1754269405,244,309134148,机智帅气的一炫君,https://i0.hdslb.com/bfs/face/d5b4c71f71a5d692960ab5df3da83c75e4ac77aa.jpg,625011,"童年回忆,机甲,神龙斗士,魔神龙神丸,动画种草激励计划,超魔神英雄传,龙神号,魔神英雄传",83587,213,869,4079,2083,1042,0,0,12990
BV1vJhtzwEAn,114958004133041,1,21,2154,日常,剧情演绎,http://i1.hdslb.com/bfs/archive/3865de14b87d34c64ebcd7e2e6325cad490703e4.jpg,当你高考战胜30万人 终于来到了浙大…,1754120146,67,3494373119494756,itsboiJOE,https://i1.hdslb.com/bfs/face/cafb480e86c0b35a81243c9b318b171af860ebcb.jpg,8504,"生活记录,宿舍,大学,校园",1712124,841,3572,24905,6655,15349,0,0,159005
BV1gatnzFE81,114975670539661,1,138,2154,搞笑,剧情演绎,http://i0.hdslb.com/bfs/archive/77023ad3f83953c89058162986905f6ef6cdaac8.jpg,蜿蜒的山路又会带我通往什么地方呢？,1754389714,166,484262091,郑丽芬er,https://i0.hdslb.com/bfs/face/b31a4cd9a55c60f6255e1f59266b369d7f3a1da0.jpg,1044424,"情感,一人分饰多角,家人",336261,211,472,1451,1337,122,0,0,31779
BV1rvtczxENE,114981391635687,1,21,2112,日常,护肤,http://i0.hdslb.com/bfs/archive/1bbae86b64682bc68608fc46016c26ded8367160.jpg,ASMR｜晒伤修复｜镜头涂抹｜护肤助眠🧴,1754485200,1414,176647698,JYsASMR,https://i0.hdslb.com/bfs/face/01438ace77c1fc60617d79c2950237b9792c4d2e.jpg,289841,"助眠,催眠,asmr,放松,触发音",44615,99,216,1418,894,36,0,0,2748
BV1C54Rz1E6g,114977230883059,1,252,2154,仿妆cos,剧情演绎,http://i2.hdslb.com/bfs/archive/431fafa5136cb0c25492d417bca01d4f99816b31.jpg,我可以接受失败，但我绝不接受没有奋斗过的自己！,1754413647,150,322480205,造梦阿瑄,https://i2.hdslb.com/bfs/face/6179ff89aa703de7a967de4e3fe4804d4988b001.jpg,832883,"学习,唱歌,生活记录,搞笑小剧场,努力,诗朗诵",1505864,18008,4512,16284,24042,4833,0,5,277516
BV1c5hnzpEyf,114951578457776,1,27,2037,综合,同人动画,http://i1.hdslb.com/bfs/archive/a85d8f5d432c3cd64a07e7880894b4d411700afa.jpg,堵桥的救赎,1754022120,201,3546625452542554,自然锦鲤-冲刺电竞,https://i1.hdslb.com/bfs/face/5cc7f4b449595363f6e03abbd1dc153508fcc69a.jpg,348214,"FPS,搞笑,射击游戏,鬼畜,猫meme,三角洲行动,冲刺电竞,自制动画,三角洲破壁新赛季上线",2116392,387,216,31936,1305,310,0,0,48110
BV18fhHz3Efw,114952853592115,1,183,2044,影视剪辑,动画配音,http://i1.hdslb.com/bfs/archive/9bf4933bb9051e73aa1e2245dd948d29c9d79774.jpg,津  门  浪  浪  山,1754043633,87,431233688,瑄羽猫,https://i2.hdslb.com/bfs/face/6d8a9679528499aa1ec9a772e8d0221b660ded92.jpg,1565878,"搞笑配音,天津话配音,整活,浪浪山小妖怪取经副本启动",1125377,345,885,11072,3118,5905,0,0,74155
BV1N2h3zzEdK,114963909708493,1,171,2207,电子竞技,随拍·综合,http://i0.hdslb.com/bfs/archive/77a4bacc1f3fbc7533ffc1bc32ca1383202a8c74.jpg,这次真的是倒下了……,1754210457,112,86881329,梦求真暗区突围,https://i0.hdslb.com/bfs/face/d84594e9cf32103ec7db3253f824c3df4525f40f.jpg,805830,暗区突围2077联动,809811,1001,1730,12841,14443,249,0,0,70033
BV1rZtiz4Egr,114986743504615,1,173,2068,桌游棋牌,回合制策略游戏,http://i1.hdslb.com/bfs/archive/df600128580d6cb50898eb5ddfa1040ae3ecb779.jpg,【逗鱼时刻】第467期 这就是飞机德带给你的自信吗,1754559030,878,10462362,天天卡牌,https://i0.hdslb.com/bfs/face/355a81531dfb772fc96509b402121a3fe8ff143b.jpg,2322589,"逗鱼时刻,天天卡牌,炉石传说,神棍老师,贤菜,驴鸽,炉石传说安戈洛龟途",290252,2120,1004,1547,3938,366,0,0,15418
BV1ZAhGzoETD,114963389615028,1,85,2154,小剧场,剧情演绎,http://i2.hdslb.com/bfs/archive/0b910d8caf226ace9613b2249014dfbbeb7a6dcb.jpg,人心中的成见是一座大山,1754202565,190,34009507,-显眼宝-,https://i1.hdslb.com/bfs/face/13b9f8b60804357d903cbfb38f69dd837a32f941.jpg,2523170,"显眼宝,反转搞笑,原创搞笑剧情",4657577,1346,1276,15723,4996,1948,0,34,138773
BV1iGtEzNExs,114975116954861,1,215,2152,美食记录,美食记录,http://i1.hdslb.com/bfs/archive/b5deb95341dcd137f8621d4f07ef0ea651e77855.jpg,在西班牙邪修娃哈哈炖肉给老外吃,1754560800,287,1984198637,西班牙陈挺,https://i2.hdslb.com/bfs/face/80a8d4d675bf87beba65d8b2af8f8beb63c6b641.jpg,2253697,"西班牙,馋哭老外,记录我的美食日常",196801,793,599,746,625,166,0,0,17826
BV1xchuzaELP,114961426681389,1,59,2021,演奏,演奏,http://i1.hdslb.com/bfs/archive/1f8885aaa66f42d418a4050a0a17693249708f8d.jpg,miku miku oo ee oo,1754172237,38,22383433,馆长加速中,https://i1.hdslb.com/bfs/face/303b5c2ac65598c9f7112c96ddca0a66fdf19f9a.jpg,13773,"初音未来,初音ミク,架子鼓,可爱,大傻,fufu",411603,1628,1194,20675,7630,3764,0,0,101827
BV1EN4dzrErU,114976677235788,1,138,2154,搞笑,剧情演绎,http://i0.hdslb.com/bfs/archive/3d5a889d2ba9154655fb9e80ea98b1cbe755fccb.jpg,当小小人玩cosplay,1754405033,66,595646,菇菇米_Gugumi,https://i2.hdslb.com/bfs/face/29e7293d5523401bd60cfb037036c38936bbc345.jpg,290345,"生活记录,创意,娱乐,搞笑,小小人,搞笑研究所",390389,149,157,1138,705,143,0,0,38739
BV1Xjh5zdEBV,114966493399952,1,122,2198,野生技能协会,休闲玩乐,http://i0.hdslb.com/bfs/archive/28f41a6671f1d7d95d8f3c9daa51e13ee46e42a6.jpg,刘谦给美女表演“猜金桔”游戏！为什么三颗金桔总是数不完？,1754249818,209,521689911,魔术特白,https://i0.hdslb.com/bfs/face/80979713c89cab28f951cde07b08d3739f7c23c8.jpg,424845,"魔术教学,美女,刘谦,撩妹魔术",6162176,497,715,23130,1448,176,0,27,62220
BV1F7twzoEfu,114980921807424,1,220,2094,动物二创,科学科普,http://i2.hdslb.com/bfs/archive/4a9509732451d8ec195748573757b2ff4d4f29d7.jpg,体重超良子的3倍？风神翼龙的飞行动力来自。。？,1754469730,1023,476622861,龙爪洪荒,https://i0.hdslb.com/bfs/face/de24281f737de9ab10b12ac98756796fb5c64a63.jpg,226130,"科普,古生物,科学,恐龙,侏罗纪世界,动物解说,神龙翼龙,翼龙,风神翼龙,动物解说天团计划",95930,522,833,1574,604,263,0,0,5164
BV1pYtGz4E7q,114969899241661,1,76,2152,美食制作,美食记录,http://i0.hdslb.com/bfs/archive/f96599e9b7f224a2a3a9820ff649633573e1a8a5.jpg,三个巨无霸吃一个巨无霸汉堡！妥妥健身餐！,1754301734,213,3546821659986396,猪猪狠爱吃,https://i0.hdslb.com/bfs/face/1f08ec519cd34452ea061ae8289b9fd48dead326.jpg,53036,"吃货,厨艺,美食,美食制作,记录我的美食日常,巨无霸,汉堡,健身餐,Vlog",461197,566,648,1574,1324,776,0,0,26747
BV1v1hgznEy8,114964312361880,1,171,2071,电子竞技,射击游戏,http://i1.hdslb.com/bfs/archive/2d1c726274ff80819792d3984b0f975c52ddd78b.jpg,仅需九万的无后座平民神枪#三角洲行动 #三角洲鼠鼠拯救世界 #三角洲破壁新赛季上线 #三角洲行动攻略 #老WE重聚三角洲,1754216376,71,3546761165540208,三角洲吴彦祖y,https://i0.hdslb.com/bfs/face/e91c8713ce431a96a4661e73961b743155882757.jpg,154408,"FPS,射击游戏,战争,平民,教程攻略,三角洲,三角洲破壁新赛季上线",772935,181,844,64583,3231,2383,0,0,51441
BV1kNt3zdEmd,114968976428573,1,154,2030,舞蹈综合,颜值·网红舞,http://i0.hdslb.com/bfs/archive/91f39a9d1565a5af084084a604ae280f567bb4a5.jpg,【不齐舞团】夏日必跳，风吹一夏,1754478000,21,267685040,不齐舞团,https://i2.hdslb.com/bfs/face/b09ddfad0d919df78bc8a66a213d2f2c7fb40dd9.jpg,2454131,"#风吹一夏,不齐舞团,轻舞蹈竖屏激励计划",496154,183,441,1845,1260,356,0,0,46752
BV1KAhpzBEZJ,114952803192328,1,47,2037,同人·手书,同人动画,http://i0.hdslb.com/bfs/archive/1d615714d5d26dca4c1a49629a70c2b7bbb32ce7.jpg,如何将《献给爱丽丝》改编成哥特病娇？,1754041582,252,306935529,孙熙然,https://i0.hdslb.com/bfs/face/f8524c3af0c0c286bf3d4d1daa9ebaf19f50b263.jpg,821495,"同人,绘画,病娇,哥特,手书,第五人格,记者,小说家,说记,第五人格庄园纳凉夜",469232,4898,758,16591,6870,1999,0,0,67081
BV19ptFzyEB7,114980032613696,1,176,2071,汽车生活,射击游戏,http://i2.hdslb.com/bfs/archive/891ff1b61bcf37e3fcd6fecdfe358da001b33f9e.jpg,这年头还能坚持玩QXR的已经离灵长类很远了,1754456758,457,1522356828,游客一点二五,https://i0.hdslb.com/bfs/face/3b916167f76d377cd54e57e980ef5dd331cc54ef.jpg,38439,"我的世界,Minecraft,三角洲行动,少前联动打赢复活赛,使命脱坑入坑上7881,CS2,赛马娘,使命召唤手游,整活,codm",211923,318,462,3068,806,87,0,0,7402
BV1LyhHzDERB,114952736082912,1,22,2152,鬼畜调教,美食记录,http://i1.hdslb.com/bfs/archive/13470786bf9dc6d0f4252a802ad87ac8b5a84d22.jpg,虎哥吃羊肉,1754039868,31,1298579146,虎哥二次元教父,https://i1.hdslb.com/bfs/face/9532c3e9b716c364b0af24b645b0e1a5baed1798.jpg,1265618,"美食,生活记录,情感",230904,189,590,596,667,105,0,0,25477
BV1iShGzxEFZ,114965100888535,1,138,2142,搞笑,体育综合,http://i1.hdslb.com/bfs/archive/c4bd7d12b3150fb96e86985e4118659b39a1cc69.jpg,铁人五项比赛！,1754228650,193,3546378519186308,三一八本人,https://i2.hdslb.com/bfs/face/f3042ec213e893123bb820cad91e372bc43bcf5d.jpg,496111,"运动,体育,比赛",850314,1484,1205,1759,1730,1628,0,0,37392
BV1NXhVzVEuY,114964614351725,1,218,2167,喵星人,猫,http://i1.hdslb.com/bfs/archive/b82cf4529270d9d3b364778fd7f814ab97fccc8d.jpg,盘点一下猫德学院的赔钱玩意,1754221055,212,508416316,本喵叫兔兔,https://i1.hdslb.com/bfs/face/dd3ca18b9504ea0db42655446efd533795811e17.jpg,2844086,"喵星人,猫德学院,缅因猫,动物总动员",1785726,932,1795,12707,170490,1565,0,7,234266
BV1ngtnz5Eos,114975972528821,1,124,2081,社科·法律·心理,海外资讯,http://i0.hdslb.com/bfs/archive/ee4dad3bebf9f4380cf1fb77da2647e2ff03aa51.jpg,【睡前消息935】洪森子孙要当首相 只好卖掉他信女儿,1754397532,1190,316568752,马督工,https://i1.hdslb.com/bfs/face/1c56737dfc0deffffc31c78e0cefb0c3ecf7e000.jpg,2086227,"美国,英国,社会,泰国,睡前消息,首相,国际,洪森,马督工",335781,624,179,2749,6511,574,0,0,16239
BV1sStLzGEUm,114972046659055,1,17,2037,单机游戏,同人动画,http://i0.hdslb.com/bfs/archive/d80956d5dd54e542179b768cb75261d5bd244e0d.jpg,谁说百岁老人不能当模特,1754334528,120,15312,Days的Wing翼,http://i0.hdslb.com/bfs/face/4f7f75fc3ca8d45c95187561c31fc200ca206947.jpg,137307,"同人,AI动画,白月魁,动画MV,白老板,灵笼",436188,356,966,5493,2272,795,0,0,12477
BV1r3huzREtf,114963121242580,1,172,2071,手机游戏,射击游戏,http://i1.hdslb.com/bfs/archive/7f91f8cc902b89d5da98d593155bce24dcb42769.jpg,全网最详细<三角洲 全boss容器 排行推荐>萌新必看！！！,1754217600,1087,3546872664820321,三角洲代肝-老鱼,https://i1.hdslb.com/bfs/face/0a361fe431adbdc7d0d2478f263195ac992bbe39.jpg,34928,"BOSS,FPS,技巧,三角洲行动,三角洲行动攻略,新手,容器,教程攻略,三角洲,全网",1363333,2644,810,50288,3143,798,0,74,53641
BV1YqtLznEvj,114972449314591,1,65,2071,网络游戏,射击游戏,http://i0.hdslb.com/bfs/archive/73ce92f44a67588e79a07781b21c7f1f63d69f6b.jpg,士可杀不可辱吗？哈基盾！,1754364600,238,3493274574653579,白泽-三角洲行动,https://i2.hdslb.com/bfs/face/e178448a4699990d468f0f21a31174b6c7eea14c.jpg,967984,三角洲行动日常操作,621730,574,564,7669,695,228,0,0,31566
BV1UMtJzdEXQ,114974227696183,1,47,2037,同人·手书,同人动画,http://i2.hdslb.com/bfs/archive/024d6614e8ec898d3cae43bd9fb134ff43e088f3.jpg,全宗降智我不做人一口气看完大结局,1754369327,10433,3546639987903102,蝎紫蝎,https://i0.hdslb.com/bfs/face/fd36b6a0c34f82acbd8321d2d52bcc7e377fe2a3.jpg,127060,"原创动画,二次元,一口气看完,修仙动画",97150,1727,248,5190,1957,158,0,0,5145
BV1iktGznEXL,114969865751458,1,171,2068,电子竞技,回合制策略游戏,http://i0.hdslb.com/bfs/archive/a78adb872171ec523966d4f68181c1291b0e0ea4.jpg,一期看完铲铲S15开服必学12套阵容【云顶之弈】【金铲铲之战】,1754362800,191,18343134,林小北Lindo,https://i0.hdslb.com/bfs/face/fc093c1e6784b5f51e4697c739fe70e519ba36f7.jpg,1852180,"电子竞技,云顶之弈,云顶阵容教学,金铲铲之战,云顶之弈激励计划,云顶s15,云顶之弈s15,天下无双格斗大赛,云顶s15上线,林小北",476133,133,1114,6056,1494,1816,0,0,9616
BV1Mitnz4Eka,114975620207314,1,176,2107,汽车生活,汽车文化,http://i1.hdslb.com/bfs/archive/b5484246c658f691e86044dea54633347742d1f3.jpg,拉力赛车帅是帅，智能车机是真爱,1754449500,112,1194144659,车小白-,https://i2.hdslb.com/bfs/face/9cc5a0aae824ee21051aae1ecb7a17a3a7e1c460.jpg,111089,"赛车,改装,拉力车,小爱同学",884505,633,913,2906,1156,509,0,0,64335
BV1esh8ziECE,114958708775689,1,182,2088,影视杂谈,社会观察,http://i1.hdslb.com/bfs/archive/2707ec5ca6f78d2b6cd0a65cde7609648c2fe9d6.jpg,敬女性力量！为底层人民发声，向权贵问责，一曲印度女记者的战歌！《以火书写》,1754130729,1009,1475184491,晋鱼电影,https://i2.hdslb.com/bfs/face/7e208cad5437601b0b990c2c7d233f55adba6cbd.jpg,59332,"女性传记,女性力量,女性成长,B站好片有奖种草,影视IP观察室",133974,430,228,5508,5054,285,0,0,30040
BV17QtNzcE5R,114983220286262,1,162,2037,绘画,同人动画,http://i0.hdslb.com/bfs/archive/9552a63057e079b6af38a0892ded1af287100ede.jpg,还有谁没异格,1754551800,73,375241551,苦力怕到此一游,https://i0.hdslb.com/bfs/face/d362a94ea20d70b5f66112e2978c4a5145b755a8.jpg,615969,"异格,斩业星熊,全息作战矩阵,银灰,墟,泰拉探索协会,明日方舟创作者应援计划",242151,340,1386,2291,2032,3516,0,0,26206
BV1cUtuzmEis,114969614227057,1,21,2088,日常,社会观察,http://i1.hdslb.com/bfs/archive/4e8f6268ecdf637b3eb3ec6f25690a566a113cac.jpg,10名外国先心病患儿到河南免费治疗，给异族“换心”？不关心本国儿童？存在大量误导言论！,1754297352,337,99443903,动物园巡逻员,https://i2.hdslb.com/bfs/face/47707d09df803240c50762c92d86589f9a6f125e.jpg,296554,"辟谣,必剪创作",1199960,2344,6372,4618,7330,1098,0,0,53851
BV17ftnzrEeA,114975435723562,1,253,2001,动漫杂谈,影视解读,http://i1.hdslb.com/bfs/archive/111394749ec350512fe3a772af3aa304640dc839.jpg,以前电视上那么多，为啥现在基本没人拍儿童剧了？,1754394060,828,1405515989,The梁某人,https://i2.hdslb.com/bfs/face/20a2bea9a0568c614e1decac58f77fcb7525fa33.jpg,1264389,"童年回忆,童年,电视剧,儿童剧,黄誉博,郑伟,星际精灵蓝多多,好剧好片重刷榜",999143,2645,2013,7298,2629,555,0,0,43037
BV1JztAzhEBG,114982180094225,1,157,2158,美妆护肤,旅游记录,http://i2.hdslb.com/bfs/archive/a50bc92d6dc61a4f23c95bf17e4fae117f24cd5b.jpg,导航到下沙，怎么给我干长沙来了……,1754488932,284,287468649,阿哈哈哈哈哈黑猫警长,https://i0.hdslb.com/bfs/face/1305fba1909b05ac6d90e0ec2f4eb5ad343998db.jpg,1511034,"生活记录,高铁,长沙,旅游,手机,挑战",176903,144,301,2466,590,2073,0,0,14200
BV1PEhPz1E3n,114959950354681,1,256,2039,短片,cosplay,http://i2.hdslb.com/bfs/archive/31fb73707a7866e5f84c65c736bd595667d2a750.jpg,Cos汉尼拔去CJ找食材,1754211600,155,3546666904848576,汉尼扳,https://i0.hdslb.com/bfs/face/34ed1308d18d7f103960aa798d7020e1a10cfd7e.jpg,1752687,"CJ,汉尼拔,荣耀GT,拔叔教你做人,荣耀400,荣耀平板GT2Pro,荣耀平板在CJ现场成电子鸡蛋,CJ漫展",732164,22556,2282,5295,3190,1481,0,0,93009
BV1hrhPzfEyJ,114959631517866,1,193,2017,MV,MV,http://i2.hdslb.com/bfs/archive/ad94ea1e18c8f16bfbe98ec2f094c38023214ac9.jpg,雨一直下,1754206200,74,3546872622877434,三点半官方,https://i0.hdslb.com/bfs/face/244bb12aaccb5a61212b38dfa32927ad6c6e9a7a.jpg,171757,"DJ,萨克斯,三角恋,校草,雨一直下",1337545,25687,2613,21569,13852,10547,0,0,155036
BV1FztGzWEGc,114969832265002,1,76,2152,美食制作,美食记录,http://i2.hdslb.com/bfs/archive/6499bd3c88a9391d7b75e4a317bca747fed93a09.jpg,这才是正儿八经烤羊腿！生活不就是靠这些美食小碎片聚集而成的吗？列气！,1754300621,344,3461567196694763,队长0527,https://i2.hdslb.com/bfs/face/aab34fc302ea7c169ea07074beaa89de2e96e8c7.jpg,806913,"夏天,吃货,烧烤,美食,治愈,生活,冰镇啤酒烧烤,人间烟火,Vlog,B站超高清视频计划",554783,13980,841,4629,2108,943,0,0,45179
BV1arhPzfEW1,114959631516157,1,65,2071,网络游戏,射击游戏,http://i2.hdslb.com/bfs/archive/1701b8ff07fd8fdf69e149b58264902b205f6e26.jpg,小蓝大紫怎么取舍？哪个到手纯哈夫币最多？物品单格价值排行一图流,1754145055,179,3546927832500833,鼠鼠博士-三角洲行动,https://i2.hdslb.com/bfs/face/2be1baf0c553d602c092122bf7d22b0c4e6e4b69.jpg,28337,"三角洲行动,哈夫币,鼠鼠博士,新手必看,教学攻略",636941,2818,761,14707,1870,3071,0,0,47990
BV1fttMzVE9E,114968288561293,1,85,2154,小剧场,剧情演绎,http://i1.hdslb.com/bfs/archive/9650b904d725f450bbfc514e13513c49613bcdf3.jpg,自私者的辩白,1754277040,128,548752139,苟酉goyo,https://i2.hdslb.com/bfs/face/f6de1ab15e78324c01faf5721fa12127616208bf.jpg,262465,"原创,情侣,生活,情感,投稿翻拍,记录,评论区,真实,投稿,爱情那些难题",534700,649,777,905,590,647,0,0,38490
BV15NtGz1EwD,114970536708822,1,27,2071,综合,射击游戏,http://i1.hdslb.com/bfs/archive/3520d92a780334ccf5ba1c1c3ca9ce8568c784ab.jpg,无名日语配音/你说谁是幽默静步男！,1754311415,91,474365819,桐原拓斗,https://i2.hdslb.com/bfs/face/1f45082f3d389145824891963c3b16b232919d18.jpg,2584,"日语配音,日语,配音,三角洲行动,三角洲,日配",131874,89,287,4676,557,1043,0,0,14646
BV1F7tPzvEke,114982096211408,1,138,2154,搞笑,剧情演绎,http://i1.hdslb.com/bfs/archive/cabe103f9ef4c85c4c63bb45a56592afacdfed73.jpg,纯 情 软 饭 王2,1754546400,343,298054634,马哥巨离谱,https://i2.hdslb.com/bfs/face/e36386dee63a713cb1cb47c4bbd3b60532bb9e70.jpg,1402324,"情感,搞笑,美女,反转,搞笑小剧场,抽象,富婆,沙雕,离谱,软饭硬吃",220305,742,752,1216,5370,857,0,0,18938
BV1pAtEz3EqX,114975150445440,1,17,2077,单机游戏,休闲/小游戏,http://i2.hdslb.com/bfs/archive/b03dda093329c159a207ef7bac1e4687a108b692.jpg,还是太有用了,1754381850,144,89014291,二战艺术家y,https://i1.hdslb.com/bfs/face/2b6c46aa25565b855a9d529fdbfa0fa8fefb1dea.jpg,405975,"植物大战僵尸,游戏,单机游戏,废物大战僵尸,推荐宝藏游戏",2025727,465,256,9590,575,150,0,0,55461
BV1voh5zbEPS,114965855869227,1,137,2026,明星综合,乐评盘点,http://i2.hdslb.com/bfs/archive/26c35283597e96fc7a60467639cf8028a25d3ec3.jpg,刘雨昕演唱会幕后有故事？还喊话演喜剧？,1754362800,2573,3056480,罗毅的包罗万友,https://i2.hdslb.com/bfs/face/e0671a053d314cdb77ccfe4257e5ba043ff1b112.jpg,2186,"演唱会,音乐,刘雨昕,艺术,包罗万友,视频播客,艺人,仙那度,上B站看播客",1002210,11305,3319,6466,8549,6107,0,0,12508
BV1AQtizaEWc,114986810675168,1,182,2001,影视杂谈,影视解读,http://i1.hdslb.com/bfs/archive/f5b7f8d9251f2fdde5168f0f90b8664996f77887.jpg,武则天密旨另有深意，青衣人血洗平南侯府！万字精讲《神探狄仁杰2》P18,1754564871,2895,7957044,我是十四哦丶,https://i0.hdslb.com/bfs/face/d721f1f3388b039e491c94a0abfaeab122429696.jpg,601469,"悬疑推理,狄仁杰,影视解说,神探狄仁杰,#uwant,#不发臭洗地机,#友望云朵2.0,剧说,电视剧解说,好剧好片重刷榜",40020,827,254,815,1362,49,0,0,3051
BV1HXt3z9E79,114970402493737,1,212,2152,美食侦探,美食记录,http://i0.hdslb.com/bfs/archive/900aba36e5fe6ed4259c12f69f9a407cce7af59f.jpg,60元辣椒炒肉,1754309440,223,3546579155815297,炊哥不加戏,https://i1.hdslb.com/bfs/face/f14247df6a766a45685a9ea0bdd9ccb87d1ef694.jpg,284905,"家常菜,炊哥不加戏,辣椒,辣椒炒肉,Vlog",476860,498,624,763,537,176,0,0,18457
BV1sstczAEtR,114979629958608,1,228,2089,人文历史,时政解读,http://i0.hdslb.com/bfs/archive/3af2f18ff2f305f2c65f4dc545d372736e017bcd.jpg,“我才是退群王！”退而不滚？印度为啥成了国际外交界狗皮膏药？,1754474400,927,316627722,世界见闻录,https://i0.hdslb.com/bfs/face/418ca1ae96680bc7d681a842d730e2057955850f.jpg,1713001,"财经,印度,外交,社会,uwant,不发臭洗地机,友望云朵2.0,国家,国际,经济",731388,2816,1153,4915,2766,364,0,0,37395
BV1wshbzmE6H,114956947162424,1,17,2078,单机游戏,沙盒类,http://i0.hdslb.com/bfs/archive/2c33a11213391a20eeb36f57fb403f6e112cb672.jpg,一口气看完圆梦镇！！,1754107531,4858,3546780297857541,沉迷游戏的島风,https://i0.hdslb.com/bfs/face/46ea40d6eed24135232ffa7310b4e60cd9831332.jpg,102896,"实况解说,游戏实况,建筑,沙盒游戏,我的世界,一口气看,小镇,合集,像素风,一口气看完",4368417,4206,815,240976,56611,1953,0,6,219883
BV1GZtAzEEL5,114981978772175,1,21,2124,日常,露营,http://i2.hdslb.com/bfs/archive/eb6d39bd9ea08185107870a50bba39ce9e751bda.jpg,一觉醒来损失几千块无奈视频被迫停更，遇事别慌切个老汉瓜来吃压压惊先,1754486152,340,3546387130092158,阿程的小房车之旅,https://i2.hdslb.com/bfs/face/c21c59ebf87f3495233b218b68fbcf505c57ebbf.jpg,380548,"新疆,床车生活,三轮小房车,露营,户外",423678,862,905,1061,9507,94,0,0,16858
BV13QtczyE4s,114981542562587,1,21,2066,日常,单机主机类游戏,http://i2.hdslb.com/bfs/archive/9acf92bd2bb9f725fb20534c458171918cae0a4e.jpg,当蟑螂变得比人大10倍！人能打过蟑螂吗？,1754524800,616,9596327,卡慕SaMa,https://i2.hdslb.com/bfs/face/e7ba30c9d6ac409b0b07e215fc3a7e0e5d656464.jpg,2399236,"全程高能,搞笑,steam,Xbox,禁闭求生2,grounded2,沙雕,xgp,gamepass,整点电子榨菜",136463,357,152,2392,754,44,0,0,9176
BV1dwtHzBEJz,114975334995727,1,138,2026,搞笑,乐评盘点,http://i2.hdslb.com/bfs/archive/2cbab0ddb2bdf70033a3e4536dc372b4b4bc4621.jpg,炸！人脉哥到《歌手》了！！,1754384466,130,3660297,Jiaber吴伯滔,https://i0.hdslb.com/bfs/face/8e8150c529bf225b2f35a22f68efcfd303a36d1a.jpg,1543542,"音乐现场,歌手2025,人形音响吴伯滔,人脉哥吴伯滔,歌手李佳薇,歌手,李佳薇,煎熬,一起看歌手2025",671710,165,234,2915,529,124,0,0,40463
BV1EWtBzbE1M,114986072475107,1,124,2088,社科·法律·心理,社会观察,http://i0.hdslb.com/bfs/archive/9d4fe5839eb6e55d8faac28dc2a1b1f09c435087.jpg,农民工为了200块钱被热死，这种致死率超50%的穷病，需要更多人警惕！,1754560800,557,680677803,王小七Fire,https://i0.hdslb.com/bfs/face/900ca78e5515ba71e200eaaf83f579004243ca63.jpg,3415580,"科普,人文,社会,高温,农民工,中暑,热射病",34969,34,262,828,2016,337,0,0,4913
BV1WNhuzfENN,114963188289120,1,171,2070,电子竞技,MOBA游戏,http://i0.hdslb.com/bfs/archive/1f36b5c369794aea31e41aa01de0f3b1b9361ebe.jpg,梦泪十大名场面，不会还有你没见过的吧？,1754199226,208,1767112114,史上醉,https://i1.hdslb.com/bfs/face/b29093ec238027dbcfd7d9edbaa7c021b47fe4d7.jpg,947058,"游戏,梦泪,王者",1078269,454,367,16554,996,414,0,0,50473
BV15fhtzvEWT,114957232377774,1,241,2154,娱乐杂谈,剧情演绎,http://i2.hdslb.com/bfs/archive/8b20df93044830689bc5316f93ccc313f90272c7.jpg,曹操说媒：刘备这个男人能娶吗？,1754108611,242,688489329,混饭达人,https://i0.hdslb.com/bfs/face/e2f6eb40c717fcbe845078b9a5d8f0a08c77baba.jpg,619409,"历史,刘备,情感,曹操,吐槽,段子,相亲,娱乐吃瓜大会",250149,1304,652,3431,1511,3438,0,0,35513
BV1Q2tMzcEeg,114968355674527,1,229,2091,设计·创意,设计艺术,http://i1.hdslb.com/bfs/archive/d9110df6a6896d969420079a6efd7910a731e0ff.jpg,这样做logo设计更标准，ai软件里的路径生成器,1754278081,26,239014279,设计研究学习院,https://i1.hdslb.com/bfs/face/ef6e41af24eda449d19c49f7373887e98eb033b7.jpg,34545,"AI,设计,平面设计,LOGO,AI教程,视觉传达,LOGO设计,AI软件",1962621,219,676,2707,610,62,0,0,30434
BV1PCh8zsEsX,114958507577064,1,210,2201,模玩·周边,潮玩玩具,http://i2.hdslb.com/bfs/archive/b07a19f6d3399276fb332ca4520fa12532e57584.jpg,兵人领域最强工艺JND1/6小丑兵人测评,1754128584,286,236442514,肖恩阿切尔,https://i1.hdslb.com/bfs/face/33fa3c9caeed230824b1ccfb9aed21e151f6c45d.jpg,136793,"测评,小丑,模型,JND,兵人,希斯莱杰小丑",4919209,14010,2484,38342,6468,12383,0,9,252013
BV1NitEzUEoH,114974848458524,1,182,2001,影视杂谈,影视解读,http://i1.hdslb.com/bfs/archive/0753dd7f8a17158275edd1ea44d33ac1642701bc.jpg,断骨塑鼻，吞虫减肥，尺度惊人的暗黑童话改编，年度必看恐怖片《丑陋的继姐》！,1754384400,2103,386869863,培根悖论唠唠嗑,https://i0.hdslb.com/bfs/face/225b8ef554ed65ac3c5e137262a252ef4b411e64.jpg,2558640,"惊悚,灰姑娘,暗黑童话,恐怖,电影解说,丑陋的继姐,万字拉片大赛",385081,1952,483,3849,2403,630,0,0,13156
BV1X5hGzJEXA,114963540614478,1,251,2152,三农,美食记录,http://i1.hdslb.com/bfs/archive/b40a80de7c116e9a2cba0153681bcb882900d2f8.jpg,第一次卤鸭货，味道还行，十多分钟全部卖完,1754204794,1311,92489589,小李在改变1,https://i0.hdslb.com/bfs/face/71ffa7ce1214a36cc756020a1c40280e2c38cc73.jpg,120563,"卤味,味道,探店",549098,2319,2070,4896,17467,1382,0,0,46650
BV1pZ4RzjELV,114976761122032,1,254,2176,亲子,亲子互动,http://i1.hdslb.com/bfs/archive/f18ed5fb2d302dcdee1d5dcc497efcdfeb115f68.jpg,久违的vlog！！！,1754406525,225,170029447,饭饭麻麻菜菜,https://i1.hdslb.com/bfs/face/e2922f9411e3fe7ce222e23e63c99d69b4f80f70.jpg,576094,"生活记录,记录,暑假高质量陪娃计划",70211,50,127,1092,1344,68,0,0,7770
BV1CQtwzYEpu,114980619819222,1,21,2071,日常,射击游戏,http://i2.hdslb.com/bfs/archive/bb5836824dd774021d492ababb131c2e1c2d6c8a.jpg,糖人闺蜜：目前为止一切正常😨😨😨😨,1754465437,233,3546846521723058,亦炽炽chi,https://i0.hdslb.com/bfs/face/8ac18e8e7720f3e220461dfe857701ce0f8dac84.jpg,79997,"娱乐,FPS,直播切片,三角洲行动,三角洲欢乐剧场,三角洲,游戏主播,大红",389057,984,1560,3441,519,5617,0,0,29847
BV1kehHztEbm,114953122028009,1,138,2195,搞笑,学生vlog,http://i2.hdslb.com/bfs/archive/e3a57a5c85194b5038d0f449fabce8025ea30305.jpg,《 当 代 高 一 牲 ？！ 》,1754106312,973,1238825086,建客8米2,https://i1.hdslb.com/bfs/face/fbd9d6ef8a4d0fdce75cad21b2f54dbc1a40c07a.jpg,382797,"青春,搞笑,高中生,生活记录,校园,传说之下,记录,高中,三角符文,万种生活碰头相见",413088,2787,999,13347,7965,720,0,0,63106
BV1pQtFzdE3t,114979982414810,1,172,2073,手机游戏,动作竞技游戏,http://i0.hdslb.com/bfs/archive/4ab9f8bc63a504e498f41bbb64ecdec98943f0a9.jpg,回顾下共计200万成本战鬼杯的历程，再氪2万提升海贼战力，聊聊作为up的思考和期望！,1754456594,1054,38568774,鬼叔黍,https://i0.hdslb.com/bfs/face/b35d79cac0c8d78f1fbb4956bf0d778d272a9dfb.jpg,3192305,"万物皆可游戏,海贼王,游戏实况,氪金,鬼叔黍,壮志雄心,战力,航海王,赏金",443587,382,844,4128,5519,1985,0,0,22316
BV1uLhhzaERs,114958155127485,1,65,2071,网络游戏,射击游戏,http://i1.hdslb.com/bfs/archive/8ffe5d7faadc84c93b1651460decfafe001fa15f.jpg,无头无甲邪恶双喷百万撤离!,1754122809,255,391279365,花牛三角洲行动,https://i0.hdslb.com/bfs/face/73b02b53455186b49f033ab446acf0ff598a4266.jpg,38828,"射击游戏,搞笑,三角洲行动,挑战,三角洲破壁新赛季上线",931937,320,1011,29807,1704,2724,0,0,27401
BV1CShnztEdK,114953608501945,1,17,2079,单机游戏,其他游戏,http://i0.hdslb.com/bfs/archive/a55e78825021de948e99997fe720be89a3dee55d.jpg,因为我的下巴太帅了，居然帅照了镜子,1754053218,162,3546588184054354,隔壁老王沙雕加搞笑,https://i1.hdslb.com/bfs/face/8e3ad2e8ce6af73d58b0f0d91d60ac774fb5807d.jpg,79571,甜瓜游乐场,474144,997,836,16065,3015,1205,0,0,28443
BV1BE8Uz8EUC,114948592242071,1,21,2064,日常,单人RPG游戏,http://i2.hdslb.com/bfs/archive/e18956a6d7a1001bedde9de68aaa78f0d59d5580.jpg,什么叫你在现实生活里去了趟匹诺康尼？,1754006400,286,535078742,不想当五字,https://i2.hdslb.com/bfs/face/da010ba42e3389860414cfd9a50eed7b2351f536.jpg,3040,"明日方舟,星穹铁道,崩坏：星穹铁道创作者激励计划,原神,边狱巴士,绝区零",432233,1607,1885,20333,5298,10371,0,0,68923
BV1WPtnzEEkY,114975771201581,1,65,2071,网络游戏,射击游戏,http://i1.hdslb.com/bfs/archive/8fc83570e51311aca17afd009be2704be228decd.jpg,大厅带小学生,1754445600,315,375191059,小只芋,https://i1.hdslb.com/bfs/face/5651df6d8ff16d90e7fa3e5c6995225ffb2312eb.jpg,556911,"迈从,小只芋,十元战神,三角洲行动,迈从ace68,游戏外设,虚拟主播,游戏鉴赏家,vup,三角洲破壁新赛季上线",297427,228,227,6209,576,95,0,0,24356
BV1r9tFzWE42,114979965506194,1,65,2071,网络游戏,射击游戏,http://i2.hdslb.com/bfs/archive/73a7958e0586f454f3bc9a5e00afccfde028c88d.jpg,这个绝望,1754455712,202,1796069481,李差wa,https://i0.hdslb.com/bfs/face/db21038933823a11b58efd327336bd6da732de33.jpg,353819,"搞笑,整活日常,三角洲行动,整活,三角洲破壁新赛季上线",739172,415,188,2385,521,182,0,0,39732
BV1VgtGzGESN,114970217943970,1,21,2197,日常,其他vlog,http://i2.hdslb.com/bfs/archive/96c8222a3e81a82ecb8480638fa658fb1d857d4f.jpg,被好朋友包围的感觉谁懂？,1754306701,210,1317825098,一只广宇,https://i2.hdslb.com/bfs/face/8b1bf31f6340a662e3431cef4b44e9a08ec9e699.jpg,549402,"生活记录,好朋友,友情",199866,218,250,749,2247,142,0,0,18592
BV116tFzAEyH,114979848064368,1,21,2071,日常,射击游戏,http://i0.hdslb.com/bfs/archive/194e5506e854b94d0cd455c3097308c5f13b54d0.jpg,三角洲全新出货定位法！,1754453649,171,1726415100,我很勇哎杰哥,https://i0.hdslb.com/bfs/face/e013362cffc80f13cccefcbc2b0ca1b1ae1af9e8.jpg,8931,三角洲行动,338761,83,249,18124,799,428,0,0,16563
BV1LFtgz3Ewm,114969697848237,1,30,2023,VOCALOID·UTAU,AI音乐,http://i2.hdslb.com/bfs/archive/e7606b18bb60ce7d89f52463d1316ff4526e2225.jpg,【初音ミクAI · 重调教】Life Will Change（Project Sekai Version）【原曲PV付】,1754298574,127,10969904,浩治_CloverP,https://i2.hdslb.com/bfs/face/16326581ab2eb7b9a1535d507011ad30e96beee8.jpg,12171,"镜音连,镜音铃,初音ミク,VOCALOID,女神异闻录,pjsk,初音未来：缤纷舞台,Life will change,P5R",421046,465,1143,19135,6656,8632,0,0,64992
BV1AehHzbEV3,114953122092194,1,21,2154,日常,剧情演绎,http://i1.hdslb.com/bfs/archive/e1d2353689100a1729385b9e0e368380665e5b12.jpg,咖啡店之王牌对王牌,1754045827,160,8259298,港妹妹join,https://i1.hdslb.com/bfs/face/07b99a830d07736e978148d77b733b115ab5c91a.jpg,359432,"搞笑,搞笑小剧场",1643665,3915,3266,12876,7390,10677,0,71,188176
BV1p4hJzsEiY,114952165657405,1,21,2154,日常,剧情演绎,http://i0.hdslb.com/bfs/archive/58902c3537d41cfec411ac4b7af86067454bda47.jpg,"等等(；ﾟДﾟ) 什么招式来着？Well, at least he left me the shoes…",1754030941,34,3546931437505003,无语哥KhabyLame,https://i1.hdslb.com/bfs/face/2c68ffdd1de76213b05a686366a710e18d2ed1d7.jpg,133226,"搞笑,原创,生活记录,高能,娱乐",1622697,253,609,1823,531,135,0,0,59801
BV19Eh5zsEAT,114966476626686,1,27,2037,综合,同人动画,http://i2.hdslb.com/bfs/archive/a04d33f651271cdb26832236de5cc048d9687c72.jpg,《缇姆利亚》第一集 | 小潮team,1754276400,689,3546922224715867,小潮team动画,https://i1.hdslb.com/bfs/face/54e5a0feca82d061fa8e6e78d860a264cab97bf7.jpg,122204,"动漫,高能,搞笑,动画,原创,缇姆利亚,小潮院长,小潮team,杜海皇,夏日整活大赏",775855,41977,6612,38640,60396,4197,0,18,93409
BV1XXtAzQEER,114982364778446,1,95,2100,数码,手机,http://i2.hdslb.com/bfs/archive/458e850960dfbbf0fd1a5de10f49fad3417d013e.jpg,屏下摄像头本是最完美的手机形态，为啥无法普及？,1754528400,279,429632410,RGB工具人,https://i1.hdslb.com/bfs/face/8f84719663a0123116e7ea24fa3a1231a3ed0116.jpg,578943,"科技猎手,小米,摄影,拍照,手机,镜头,中兴,手机推荐",58613,322,827,1238,1075,22,0,0,2207
BV1Y2hJzrEDB,114951947617780,1,254,2154,亲子,剧情演绎,http://i2.hdslb.com/bfs/archive/37fc4d9573e9f9fb723152a77620487c8c4bb95f.jpg,个别娱乐主播的套路,1754027891,89,3546640096954436,周小闹是周小闹,https://i2.hdslb.com/bfs/face/3c1e9f0e717c007cac23199fe9a704ccb3b35366.jpg,794875,"直播,搞笑,生活",1955468,107,156,10319,519,91,0,0,47193
BV1xxtAzgEjF,114982599527999,1,17,2079,单机游戏,其他游戏,http://i2.hdslb.com/bfs/archive/281da79cca6db5b36ff64b272109e1115f88e73f.jpg,恐龙岛大猎杀（下），艾丰哥相识周年庆，兄弟携手工厂大杀四方,1754496023,2732,3493273226185448,龙岛蛋壳,https://i2.hdslb.com/bfs/face/2389ca291eaee3b0486133845af7c25e3b0c9c9b.jpg,532139,"游戏解说,游戏集锦,主机游戏,生存游戏,实况解说,游戏实况,恐龙岛大猎杀,游戏搞笑,恐龙岛,推荐宝藏游戏",409877,1649,114,17247,716,19,0,0,13590
BV1H8tczfEP3,114981441899812,1,86,2048,特摄,特摄,http://i2.hdslb.com/bfs/archive/325da967f2900bd891b987607e6b33b0fc742b13.jpg,【重制版】特利迦奥特曼 大结局“导演剪辑版” 你也可以变成光！你也可以！,1754477983,1244,309134148,机智帅气的一炫君,https://i0.hdslb.com/bfs/face/d5b4c71f71a5d692960ab5df3da83c75e4ac77aa.jpg,625012,"盖亚奥特曼,梦比优斯奥特曼,奥特曼,戴拿奥特曼,迪迦奥特曼,迪迦,特摄,特利迦奥特曼,特利迦,动画种草激励计划",74167,386,551,2080,2192,291,0,0,6080
BV19mtgzMEGq,114969177757335,1,228,2090,人文历史,人文历史,http://i2.hdslb.com/bfs/archive/75b7a8436104c74d1414fb470785e5430863b1e6.jpg,卫生员7次一等功:我把敌人都杀了，战友就不会受伤了！,1754293524,309,404194769,了不起De中国人,https://i2.hdslb.com/bfs/face/1b1f8ef7427502ead39a9af2498c9616c6c164ff.jpg,1594951,"神奇的闲鱼,中国军人",564699,1777,1524,4052,5754,1123,0,0,50146
BV1gdhHzVEqP,114952685752135,1,76,2149,美食制作,美食制作,http://i1.hdslb.com/bfs/archive/cc9af53bb601a4223df0cfc0dfe0263224de949d.jpg,挑战给动物做“人类同款”午餐，看它们干饭的样子也太治愈了吧！【Nick DiGiovanni】,1754128800,1429,3546752877594842,Nick_DiGiovanni,https://i2.hdslb.com/bfs/face/86dc101912bf3c032259022fcc6d89a549148a35.jpg,257500,"美食制作,厨艺,动物,Nick DiGiovanni,记录我的美食日常,美食挑战,动物保护",1127124,875,157,31485,2674,202,0,0,32042
BV1gjtGzMEsP,114970150835335,1,210,2148,模玩·周边,其他手工,http://i1.hdslb.com/bfs/archive/3d96d22cee7e608f0493b66887559fe7c8b7967e.jpg,三年之约，第94天，今天上称！,1754306659,325,3546873015044199,电线玩家,https://i0.hdslb.com/bfs/face/a0f26057f69a6d68272a9ee5c799a7cd6e858ab9.jpg,131683,"手工,DIY,Vlog",138199,169,241,771,3483,54,0,0,28172
BV1gVtGzgErn,114970117277175,1,95,2099,数码,电脑,http://i0.hdslb.com/bfs/archive/26a8f7f2c3aaa31e5f35632b8bfe654cb4722114.jpg,两位家长给大一新生买笔记本，首选华为,1754305355,999,3546902624733812,海虹数码葛小强,https://i2.hdslb.com/bfs/face/c05f06a21556350b28c1967ded6b73483b3b471c.jpg,75558,"笔记本电脑,华为,大学生",629845,4381,9788,2925,3020,2932,0,0,18307
BV1ZktGzJE51,114969865623003,1,161,2104,手工,自制发明/设备,http://i2.hdslb.com/bfs/archive/fc069a535ed5161ab8fc6a4df17af8abba62ebb9.jpg,玩到真的了,1754301179,113,4896879,油七桶,https://i0.hdslb.com/bfs/face/75afaf6bf16ffaaec2e9c9da0393b08ab41373fd.jpg,18242,"猎奇,搞笑,3D打印,游戏,模型,你试你也过不了第二关,别笑,沙雕,带派,游戏手工发明家",856784,387,830,3875,1161,2627,0,0,27903
BV1GB4RzFEk3,114977046268718,1,17,2066,单机游戏,单机主机类游戏,http://i1.hdslb.com/bfs/archive/fc89f1b641337f23c7018c4f5c4d9d252c9244e3.jpg,我巨物恐惧症犯了，你别过来啊！！？,1754438400,871,680447,马里奥红叔,https://i2.hdslb.com/bfs/face/9f266d9214894cc4134b114fc8c8ce028a235421.jpg,2497415,"游戏视频,联机游戏,搞笑,娱乐,禁闭求生2,沙雕,主播,推荐宝藏游戏",514206,763,377,7425,7165,399,0,0,34692
BV1H3gVzUE8A,114891063041258,1,27,2041,综合,动漫剪辑,http://i0.hdslb.com/bfs/archive/57e0dbebb1e9d400b64255a22b2563d88447cc2e.jpg,《天津小猪妖 逃离浪浪山》,1754107200,165,13199099,植物椿,https://i2.hdslb.com/bfs/face/1cf19c181f366cb741b21152f5a1b1b17ea572da.jpg,1942451,"天津话,搞笑,动漫,短片,影视剪辑",1778211,532,938,5547,5993,4791,0,0,46595
BV1TKhpziETj,114952836750177,1,215,2152,美食记录,美食记录,http://i2.hdslb.com/bfs/archive/76a9887983fb49d000b90edab4277f7915f8ac12.jpg,韩国女校食堂5500元自助午饭长啥样？（今儿全是限量菜）,1754213400,131,101682188,理查不会降落,https://i2.hdslb.com/bfs/face/459fcc7f8fcbe5ab0eac2ee1f39b0dc177d46b5d.jpg,1508863,"韩国,草料哥,食堂,谷雨,韩国美食,大学食堂,Vlog",1574037,1013,1388,2706,1528,657,0,0,100999
BV1zghtzMEbB,114957769252558,1,138,2156,搞笑,UP主小综艺,http://i2.hdslb.com/bfs/archive/657df028012d16f5eafb37c2198eee4b67d5dbc7.jpg,走到哪算哪,1754118000,2512,5970160,小潮院长,https://i1.hdslb.com/bfs/face/834eb0de8d2f470bf03e4ea92831b14f3824c863.jpg,14321697,"娱乐,小潮,高能,搞笑,生活,逗比,一加Ace5至尊版,一加手机,小潮team,一加手机全面战神",6752785,65807,9157,129875,150906,5908,0,4,364765
BV1dL4ZzrExj,114979344746713,1,17,2078,单机游戏,沙盒类,http://i0.hdslb.com/bfs/archive/543a23da81f7d2a14a0a9dc882b0c40c3579d1b2.jpg,我为MC添加了更多状态栏！只为折磨我的朋友…,1754449200,1503,88197128,锡德JorisSid,https://i2.hdslb.com/bfs/face/d7d65eb922b12acb45b61de639858469be69d461.jpg,307236,"娱乐,我的世界,搞笑,沙盒游戏,整蛊,我的世界MOD,折磨,沙雕,状态栏,整点电子榨菜",1632424,5968,1796,42810,9489,2214,0,37,89418
BV19ytgzgET6,114969278417558,1,251,2166,三农,农村生活,http://i1.hdslb.com/bfs/archive/0631a76f371aacce5f10d03e2693d4e3e218e872.jpg,母牛花样搞我爹，牛角、乳房、子宫轮番上阵，我爹奋力一搏,1754299800,515,414700515,龙腾虎跃龙兽医,https://i0.hdslb.com/bfs/face/697d80194c5a980fa55b9a200ce8b8ecc41ab39a.jpg,2691609,"得物,记录美好农村生活",891825,2559,796,6783,4949,511,0,0,59519
BV1pvtAzPE9y,114982297538736,1,201,2207,科学科普,随拍·综合,http://i1.hdslb.com/bfs/archive/2911028409a1845787ac2ead1368a57545a5bd19.jpg,新暴雨冷空气来了：广东暴雨区将向北转移，南方桑拿高温即将增强,1754491082,222,547072854,中气爱,https://i0.hdslb.com/bfs/face/e5f6be30a18988ed92f677e6a47a346270172081.jpg,2626370,"台风,暴雨,梅雨,酷热,桑拿,干旱,40度,特大暴雨,万物研究所",338967,970,1764,875,813,1350,0,0,21098
BV1nNtnzmEmu,114975955750110,1,219,2168,汪星人,狗,http://i2.hdslb.com/bfs/archive/c101c806af6a7353078b3debd5934da2e0f07ce3.jpg,大家都说他是“上帝派来拯救小狗的天使回家了”，可是在常安这个家里，却还有3400个孩子等着他，今天是他离开的第二周年，他的孩子们“迎接”它们的郁爸爸回家了……,1754394199,126,100615737,小阳爱猫狗公益账号,https://i0.hdslb.com/bfs/face/5221e8d8fb9293c6766ea6df00d27b9411581965.jpg,83331,"汪星人,感动,动物救助",126078,118,467,584,7182,53,0,0,13352
BV1JM4dzzEjz,114976710793209,1,172,2079,手机游戏,其他游戏,http://i1.hdslb.com/bfs/archive/ee73311b5c2b553750d5e6dedb5f48d72eb2e6bc.jpg,超详细解析FGO十周年强化本！带你了解强化本的底层逻辑！,1754405657,304,33041269,力冉呼呼大睡,https://i1.hdslb.com/bfs/face/40e9a660f9706d621c493b7fed8d13a4cedde258.jpg,2238,"FGO,（拷打）,Fate/GrandOrder,强化本,FGO十周年",137988,272,718,1116,1549,582,0,0,7316
BV1A5tBzvE4n,114985971747759,1,65,2207,网络游戏,随拍·综合,http://i0.hdslb.com/bfs/archive/05662e559cb0078642aaa6407580b3635e66b0fa.jpg,感谢兄弟们的祝福！明晚19点，我们不见不散！,1754546940,72,13470007,皮特174,https://i1.hdslb.com/bfs/face/aa27f02fff29bdc92905483600972d6c507d7cf4.jpg,629592,"生活记录,兄弟,网游,电竞,游戏主播,礼物,祝福,职业选手,Apex英雄,皮特174",243054,211,3761,1093,5630,2958,0,0,16413
BV1LUtqzpEvu,114986256960162,1,47,2037,同人·手书,同人动画,http://i1.hdslb.com/bfs/archive/499492cbd4da423b56653c467ac53da6d686c3c6.jpg,【第291集】这份家业可不是咱们的，是永青侯的。,1754557846,358,1263688319,布墨迹动画,https://i2.hdslb.com/bfs/face/cd8158f49224e07300b0345f6cfcc1be1cba196b.jpg,217301,"搞笑动画,原创动画,穿越大明",87999,269,368,993,2442,29,0,0,7273
BV1GAtJzcE4B,114974563304810,1,201,2170,科学科普,野生动物·动物解说科普,http://i0.hdslb.com/bfs/archive/144b2b8f8567751a7ae94236d3488ffd5da73a65.jpg,为什么渔民捞到翻车鱼会赶紧扔掉？,1754372870,208,290014343,李论科学,https://i2.hdslb.com/bfs/face/5a4d8acc0d11fd75ae74ace3ab90fad3ab70c9a5.jpg,1424528,"进化,科普,鱼,人类,地球,渔民,智力",1240070,635,830,2426,1105,296,0,0,69136
BV15EhNzeERL,114959497304618,1,183,2002,影视剪辑,影视剪辑,http://i2.hdslb.com/bfs/archive/2db7dc3f19c22635264b1bc412782ee83515b85c.jpg,以雪王的名义,1754142869,84,350632452,小新JoJo,https://i0.hdslb.com/bfs/face/3166f0aca390842438f32dcedf1beece99ccfa42.jpg,445,"人民的名义,赵德汉,雪王",368954,115,307,1416,578,2943,0,0,22566
BV1tTtPzGEa5,114981945283499,1,172,2070,手机游戏,MOBA游戏,http://i1.hdslb.com/bfs/archive/70979ec1475205dfe21b5a2a9922a060245aac8f.jpg,虎豹骑的助攻竟然算在我头上，害我打出0-3-3的好战绩,1754528400,216,268941858,磊哥游戏,https://i0.hdslb.com/bfs/face/538b9090c0862782df0662b2176e726eda1c9980.jpg,2472787,王者荣耀夏日农友节,865043,736,1912,1547,1410,396,0,0,46088
BV1hct7z9ECk,114973405742766,1,253,2042,动漫杂谈,动漫评论,http://i2.hdslb.com/bfs/archive/bc34e1241ddde62f89208c065cd4c0f62a689c30.jpg,美国漫展是属于成年人的世界- 几千人同看银幕上飞天装逼的狂欢!【bilibili 次元论战】,1754452800,779,102348,女神绫波丽,https://i0.hdslb.com/bfs/face/ee0b609fc489bd49a7744b29c95906bc386b8f24.jpg,403718,"漫展,动漫杂谈,今石洋之,留学,美国,vlog,动漫二创,扳机社,panty and stocking,bilibili次元论战",127157,848,393,2472,2024,273,0,0,7354
BV1EStjzwEMy,114973808334152,1,65,2073,网络游戏,动作竞技游戏,http://i1.hdslb.com/bfs/archive/914e41ef1d2e007a2fec7e29c658e65e8112a713.jpg,宝哥增幅上头强丢18武器成功！激动到当场猝死！有冲19的机会了！刺激！,1754362026,451,295589476,一只小小的醉猫,https://i1.hdslb.com/bfs/face/a93e227dd65d7df0096681d63844e40ed14c7981.jpg,141681,"DNF,武器,游戏,增幅,宝哥,旭旭宝宝",636387,844,1630,504,758,654,0,0,5387
BV1Kst5z6E2Y,114971157466009,1,21,2152,日常,美食记录,http://i1.hdslb.com/bfs/archive/a47806ced0e5fb595dbef56d3660fd0b348a6e3a.jpg,不装了我摊牌了,1754321597,34,3493269774272811,不是唐嘉琦,https://i0.hdslb.com/bfs/face/6d38e584395f4223678d881a6b1ea2c99225b788.jpg,83807,"唐嘉琦,秒开仙人模式,冰红茶,雪莲",1072990,913,2443,9780,584,2768,0,0,100478
BV1HDh8zUEcT,114958423563750,1,21,2154,日常,剧情演绎,http://i0.hdslb.com/bfs/archive/8e6c0c82e7e590b60675a3f99783d0b09c338f4f.jpg,《我为你暖了一杯茶》,1754126780,110,46508980,俊鸿,https://i1.hdslb.com/bfs/face/e12c07c423ff4b9edc5577f2fb7032a9f55aef39.jpg,784733,"篮球教学,体育,篮球,野球场,必剪创作,这是我的篮球主场",938895,466,401,3735,1861,665,0,0,82711
BV1aqtLznEMb,114972449309715,1,130,2024,音乐综合,电台·歌单,http://i1.hdslb.com/bfs/archive/123f95a8226ee7b818d91da71e3e24370c9d3fa9.jpg,"""旧歌重听，记忆重塑""",1754352000,2022,88082801,挽风丶Sama,https://i2.hdslb.com/bfs/face/91484503b5edaa7134d6cd03c418d24acf4845a5.jpg,355044,"英文歌,BGM,电台,音乐选集,宫格音乐,精选歌单,日推歌单,电台新星征集令",315742,38,54,31362,2201,28,0,0,22502
BV1u6h3zCEQi,114963708385472,1,21,2003,日常,影视资讯,http://i0.hdslb.com/bfs/archive/cb87c58189b6181a602881beafa43647017e1916.jpg,电影《731》定档9月18日,1754207292,16,456664753,央视新闻,https://i1.hdslb.com/bfs/face/2dc9c34444ba9f8e891fdc98e6c331fa3c02d127.jpg,21837527,电影,1658123,64986,3548,20453,41505,23611,0,25,331836
BV1QRtGz3EYt,114969999840624,1,250,2111,出行,美妆,http://i1.hdslb.com/bfs/archive/0df2d9f8fe6cf22cc8bba6f274c211da4f912e0c.jpg,剪了一位平平无奇的客人…,1754303806,132,1869712375,山城小栗旬的理发日记,https://i1.hdslb.com/bfs/face/21a7acb06d7ecbd35d27213f87ea6749f9fd18e0.jpg,3842827,"原创,帅哥,山城小栗旬,记录,解锁夏日时髦vibe",1427636,1295,1225,5781,1465,1578,0,0,99184
BV1qbtLzdEAk,114972264765164,1,193,2017,MV,MV,http://i2.hdslb.com/bfs/archive/56489150ec4b14094fd0115fd5c9e9743591972b.jpg,【Porter Robinson & Madeon】Shelter 官方MV,1754366400,367,3546887074351496,Porter_Robinson_,https://i2.hdslb.com/bfs/face/17d948787afcd9409a9156c7fef40c31c8f27468.jpg,38327,"电音,欧美音乐,MV,电子音乐,官方,日语MV,新世代音乐人计划原创季,官方MV,Madeon,PorterRobinson",310583,887,2314,25273,20181,4876,0,0,41632
BV1F7twzoEYr,114980921808331,1,17,2066,单机游戏,单机主机类游戏,http://i1.hdslb.com/bfs/archive/713ec20ae863e9881ebecd99b92b6055af04b475.jpg,激烈冲突！国人据点与老外的震撼对决,1754470233,1480,1582587958,野猪Yz,https://i1.hdslb.com/bfs/face/947b389e52345d95357a45079a099a59138ddfb9.jpg,108316,游戏,1487665,358,24,47557,1839,12,0,67,39846
BV1bRhJzKEmE,114952065060821,1,138,2156,搞笑,UP主小综艺,http://i1.hdslb.com/bfs/archive/e71c3b6a86777cdb51c410b26037567df20a867c.jpg,哈哈哈哈食物卧底,1754029835,245,551931509,小歪很拽,https://i2.hdslb.com/bfs/face/961bf1b9c9551c209a44d3463990190c36b3cdb1.jpg,1270865,"综艺搞笑,谁是卧底食物版,趣味游戏,办公室游戏,看一遍笑一遍,搞笑研究所",728130,890,364,1915,855,371,0,0,31262
BV1bEtczTESi,114979697070160,1,172,2064,手机游戏,单人RPG游戏,http://i0.hdslb.com/bfs/archive/1d281a120718cb3e3c9b00383c8e0d69cd5e1a35.jpg,☆应声虫之歌·尼尼河畔☆,1754451285,65,30973654,网易阴阳师手游,https://i1.hdslb.com/bfs/face/20fbf0673bb0b95e2ab7f0ee49d15ee08e852c63.jpg,1769352,"阴阳师,MV,阴阳师手游,应声虫,阴阳师樱梦游园",574690,1267,1322,11897,15821,906,0,0,17639
BV1QjhWzmEcC,114954145435559,1,138,2087,搞笑,商业财经,http://i1.hdslb.com/bfs/archive/387c8d0c27be905d6a1a517529f62437eed327a5.jpg,【半佛】不割韭菜，做什么保健品？,1754125200,483,37663924,硬核的半佛仙人,https://i1.hdslb.com/bfs/face/aaf33dced1941af0946f37c62f4b48fcaba9c9a2.jpg,7798081,"科技,生活,学习,健身,知识,科普,职场,营养工厂,韭菜,万物皆可商业",2150654,415,1121,7036,1149,1450,0,0,57398
BV1jrtczHExU,114981592894362,1,21,2079,日常,其他游戏,http://i1.hdslb.com/bfs/archive/e967f5e7de7fbaff3ce0d63261d9d8bf31ba636d.jpg,【TABS】迪迦奥特曼（重置）,1754480619,607,3493077855504441,青娲Ho,https://i0.hdslb.com/bfs/face/62108a85233f592053f9f550460cce4b7befce39.jpg,8404,"怪兽,奥特曼,童年,迪迦,光,加坦杰厄,热血,TABS,tabs,必剪创作",59541,403,197,2150,1554,112,0,0,3711
BV1z9tFzWEhW,114979965503496,1,21,2154,日常,剧情演绎,http://i0.hdslb.com/bfs/archive/8992055db5be3f7618f1445fe9f1660e9f089e16.jpg,我看谁还说放水的事儿，窝都不打了,1754455263,140,1630607409,郭芙蓉的吕秀才,https://i0.hdslb.com/bfs/face/f5c8c057fbf7c3c48e9e612c17e302e22f914348.jpg,26209,"奇葩,逗比,高能,搞笑",1041276,997,874,12594,1949,3460,0,0,86272
BV1tX4oztEsb,114977448984955,1,213,2100,美食测评,手机,http://i1.hdslb.com/bfs/archive/5576a40269a287c902e78fe02eb31fd456d7dd98.jpg,最近有伪装哔咔等apk的远控木马，大家小心点,1754417181,255,22839600,佛珠战神,https://i0.hdslb.com/bfs/face/004c663fbb8bc42eafafb30e27ab9c761fb54bae.jpg,428686,"安卓,手机,安全,木马,感染,病毒,远控,最新,远程控制,手机病毒",172847,90,1090,3748,541,3028,0,0,15653
BV1qghxz8E1g,114954850015617,1,250,2126,出行,户外探险,http://i0.hdslb.com/bfs/archive/9add7c05276d23e0dda656f2d50b07e22c963181.jpg,冒死爬上世界唯一悬崖教堂，就拍到了这？？摄影｜埃塞俄比亚｜悬崖教堂｜Abuna Yemata Guh,1754132400,478,427607291,建国JianGuo_,https://i2.hdslb.com/bfs/face/2960dc381f05139b4d4d8fc360e32bd7b356916e.jpg,384258,"相机,旅游,人文,数码,摄影,非洲,徕卡,教堂,旅行影像大赛",570437,1533,523,9115,11435,749,0,0,23981
BV1MVtgzaEym,114969345525103,1,193,2031,MV,明星舞蹈,http://i1.hdslb.com/bfs/archive/d8cae4207dcef765e47451f3c9d008d3ad90b9ab.jpg,【沈佳润NINA】'FREEZE!'Dance Practice,1754293614,182,3546924468668626,真的沈佳润Nina,https://i1.hdslb.com/bfs/face/8c5d0611477cf29ec7516640cbead8b019954aef.jpg,223157,"4K,MV,音乐,NINA,Freeze,沈佳润,KPOP回归前线",308076,429,532,1663,2684,156,0,0,28664
BV1jjtEzaENC,114974731014847,1,65,2071,网络游戏,射击游戏,http://i1.hdslb.com/bfs/archive/d5c538f23d3e06c14ab8070bfcc7733621cb61d7.jpg,6w腰射流维克托9，无脑秒杀四套,1754375777,209,71159799,可爱的团长l,https://i0.hdslb.com/bfs/face/6ba7928539ffebefaf656fbf8ddd74a5d349e905.jpg,1296083,"御姐音,萝莉音,电子竞技,暗区突围2077联动,维克托,教程攻略,操作,史,暗区突围",261857,387,420,5927,896,284,0,0,16425
BV15htPzdEc6,114981676845106,1,76,2149,美食制作,美食制作,http://i0.hdslb.com/bfs/archive/af5246a4493965b6602b3e880bef76b242ef23fa.jpg,🇦🇺留学生备餐vlog | 广式牛杂牛肋条煲·蒜酥牛排温泉蛋盖饭🥩·淡奶油吐司🍞·厚蛋烧三明治·🧋泰奶咸法酪巴斯克·🦐夜市铁板虾滑,1754481395,736,132750337,Vickyyy小畅,https://i1.hdslb.com/bfs/face/932cdf0f89be95f9e621baaf83ebdc6ba705a771.jpg,434746,"生活记录,美食制作,留学生,记录我的美食日常,沉浸式,Vlog,备餐",56091,229,181,874,923,260,0,0,7258
BV1TwtPz1EXZ,114981928439257,1,253,2043,动漫杂谈,动漫速读,http://i2.hdslb.com/bfs/archive/3487de75abd2d9f10ac3c7a6202ae2839cd238ef.jpg,我的队友想杀了我？美漫《血十字：死或生》第一集,1754485324,502,302335335,莫千回,https://i0.hdslb.com/bfs/face/4fedc43765a37341cb1d7704bb164f715113b364.jpg,417263,"丧尸,睡前故事,解说,漫画,生化危机,末日,动画种草激励计划,末世,美漫,恐怖故事",45546,117,278,857,917,67,0,0,2851
BV18ftAzmEJN,114982029167388,1,122,2207,野生技能协会,随拍·综合,http://i0.hdslb.com/bfs/archive/2f7068a07306ad414d4c2498b063b7e5180aa39d.jpg,出门摆摊，免费小家电维修，公益维修，第二期来了,1754487465,1186,397526548,技术小杭,https://i1.hdslb.com/bfs/face/a12befc71b047f1b45ae32eeebc46cf1e40dc888.jpg,34409,"公益,电工,经验分享,维修,第二期,小家电",407724,3601,2045,2634,21134,379,0,0,31223
BV1r7tPzvEgq,114982096341875,1,176,2106,汽车生活,汽车测评,http://i2.hdslb.com/bfs/archive/2994117ab333feccb53c56ed37c01580a75bb752.jpg,全新小鹏P7，丑吗？,1754532000,522,18154819,极速拍档-小乔,https://i1.hdslb.com/bfs/face/114eb32c176b11b5a3f6528335857e698e36fa54.jpg,815503,"体验,国产车,新车,外观,电动车,小鹏,小鹏P7",176084,1664,1096,715,595,1233,0,0,5742
BV1KYtEzDEqX,114974814897408,1,182,2008,影视杂谈,影视综合,http://i1.hdslb.com/bfs/archive/fa651735f6829c573e01b9405012de487cbf8a06.jpg,因中国票房不佳，漫威改变策略！《蜘蛛侠4》全新照片曝光！鹰眼格鲁特回归,1754380800,643,39777637,超英队长,https://i1.hdslb.com/bfs/face/d93c0a76f9bcfe6f9f4f350ae486d4c5f185aaf9.jpg,338014,"漫威,鹰眼,超级英雄,电影,蜘蛛侠,荷兰弟,超英队长,黑豹,格鲁特,影视IP观察室",380777,2500,1876,1618,517,346,0,0,11641
BV15QtvzkEF9,114985652982383,1,182,2001,影视杂谈,影视解读,http://i1.hdslb.com/bfs/archive/2b3a6217a903116c716291ca06adad63669d9a32.jpg,【墨菲】《疑犯追踪》第16期：西装男落网，FBI逮捕李四！,1754564400,1980,8049684,绝命墨菲,https://i0.hdslb.com/bfs/face/5ad8dfbf8f2d23affcc4f8c8c12a8ad8f109bad0.jpg,1654178,"诺兰,疑犯追踪,科幻,AI,人工智能,犯罪,美剧,悬疑,POI,影视IP观察室",29089,266,125,991,3850,21,0,0,4750
BV19g8LzdESC,114928610514129,1,215,2152,美食记录,美食记录,http://i2.hdslb.com/bfs/archive/bf85feed64ef8a7bdb903905f5b218e42fba9ae2.jpg,夜宵时间到，开造,1754190000,207,26417558,铁蛋儿Tyler,https://i2.hdslb.com/bfs/face/12b8d664cb6c5fcad3ff97132b424e40a5f7f986.jpg,2917597,"美食,吃货,夜宵,炸鸡,火鸡面",327803,1996,462,6750,914,399,0,0,30191
BV1rXh8z7EM2,114958473960142,1,21,2156,日常,UP主小综艺,http://i1.hdslb.com/bfs/archive/8051d7d17ec07402606585ecfa1fd36eed4bbb76.jpg,《第七条怪谈》,1754127718,646,3546731908171869,是许木木啊,https://i0.hdslb.com/bfs/face/dd7af55fc5361c6a343356958efce19fa6326d89.jpg,1401310,"剪辑,日本,影视剪辑",4477393,6680,4018,89808,14525,6947,0,7,307658
BV1vahVzoERr,114964899633345,1,171,2071,电子竞技,射击游戏,http://i0.hdslb.com/bfs/archive/5b66de0af4d420ab10969b83faa4b04566a15887.jpg,CF爆破4v8挑战：4名女职业vs8个lol博主！输的人跟王哥表白1分钟！,1754227800,2666,25503580,布锅锅,https://i1.hdslb.com/bfs/face/ab4607609f06096d5960eb541350a0e318ce4eaf.jpg,1824061,"FPS,穿越火线,搞笑,电子竞技,英雄联盟,比赛,CF食堂的电子榨菜,职业,游戏鉴赏家,整活",1093334,25838,5751,7421,16831,2494,0,0,42613
BV1zdh8zLEsP,114958104862463,1,215,2149,美食记录,美食制作,http://i1.hdslb.com/bfs/archive/7aa203df21076994505b5706cb266c2cd36b1d0e.jpg,无骨的排，还怎么啃？,1754136000,189,174890586,魔鬼厨房Neo,https://i0.hdslb.com/bfs/face/b8320ecc03c3a33e41bdf48624d50c9cf9ce02a4.jpg,2751608,"烹饪,深夜食堂,美食制作,厨艺,排骨,年糕,夜宵,Vlog,烤排,一饭封神申请出战",440596,506,440,6089,1688,1460,0,0,37617
BV1EotuzVEJy,114969798513410,1,212,2154,美食侦探,剧情演绎,http://i2.hdslb.com/bfs/archive/f7c30de228627db17f1980b4e54e086cb1bc491d.jpg,阿姨，生日快乐,1754300237,328,3546583274621696,谢谢侬陈森,https://i2.hdslb.com/bfs/face/405218a37c57c3b93b4fa107132dc451573a5dcd.jpg,107353,"生活记录,生日,生日祝福",275673,43,119,512,2116,28,0,0,16604
BV1hvtwzLEFj,114981072932635,1,24,2037,MAD·AMV,同人动画,http://i1.hdslb.com/bfs/archive/d03974bd023a965c96d00bb468872a5beaeebbe8.jpg,【绝区零】爱丽丝要消除一切不对称！ ！,1754472025,43,1479017848,Superappleman,https://i1.hdslb.com/bfs/face/208b6b05aa4b2cdd2497e9cfb0c5d5e26ccc7388.jpg,340396,"绝区零爱丽丝,ZZZ CHOICE,绝区零爱丽丝二创,爱丽丝",583665,173,802,10427,4572,1587,0,0,78802
BV14ctwzBEeQ,114981106420727,1,138,2037,搞笑,同人动画,http://i1.hdslb.com/bfs/archive/30f4518fddbb50da5baa3017db84786e76342d28.jpg,暑假时的你 VS 学校时的你,1754472777,166,321422126,进击的金厂长,https://i2.hdslb.com/bfs/face/339c136489ea2af91bd1d8688ba7259e958ded28.jpg,5119409,"学校,搞笑动画,校园,生活,搞笑,短片,动画,暑假,搞笑小剧场,学生",2430940,2061,900,92014,22000,413,0,9,148872
BV1DYhEzhETv,114950605379287,1,65,2071,网络游戏,射击游戏,http://i0.hdslb.com/bfs/archive/634ae36945914734d439b4652c0c6969a9d28b27.jpg,坏了！玩了乌鲁鲁一去不复返了！,1754007288,244,65991460,绝地飞车-教主V,https://i1.hdslb.com/bfs/face/48e9e3f6dd5ac8c8996e2d005ac2f96a4d21b7ad.jpg,216436,"三角洲行动,三角洲鼠鼠拯救世界,三角洲一搏成名",1099544,413,1209,3834,652,1884,0,0,54482
BV1fjtFzUEhK,114980099725109,1,253,2070,动漫杂谈,MOBA游戏,http://i0.hdslb.com/bfs/archive/c2fde3d7c7eef2228cf0fd78d8f509b3469e145b.jpg,如何突破大总统的光壁？绝对的幸运并非无解！！,1754474400,296,36834263,笙声的声,https://i2.hdslb.com/bfs/face/c691069bd485ba900dfa1f0316dfb28e8b0b9ba2.jpg,468954,"解说,搞笑,300英雄,JOJO的奇妙冒险,让300英雄再次伟大",163728,501,536,2826,835,257,0,0,12978
BV1Tdh7zoEFZ,114951276463255,1,65,2071,网络游戏,射击游戏,http://i2.hdslb.com/bfs/archive/b8f3777b3ad2e24a08e45418352cc30c451f3e15.jpg,【我的洲】bro懂我的爆率！超算单元！#10,1754017685,282,325194407,文尤里,https://i2.hdslb.com/bfs/face/b6544a3402547aaea3169ca63a90d37c25033664.jpg,42571,"直播,三角洲行动,三角洲欢乐剧场,我的洲,mc",2933045,736,1386,17162,13400,7482,0,57,157002
BV1434RzmEp7,114977331484654,1,215,2150,美食记录,美食探店,http://i0.hdslb.com/bfs/archive/4e8b0c1bc0a3d56ab337e5e872850b38d7bf90d9.jpg,环游中国第五站，哈尔滨，我回来了,1754449200,281,1143898753,李哥我饿了,https://i1.hdslb.com/bfs/face/563e58401423f09d84c480c68324102d0cefd3b6.jpg,2084689,"美食,种草,旅行,吃货,vlog,舌尖真探事务所,户外,环游中国,哈尔滨,探店",253074,366,743,2305,1246,1871,0,0,25152
BV1Kbtjz1EiS,114974093478797,1,241,2154,娱乐杂谈,剧情演绎,http://i0.hdslb.com/bfs/archive/64ee87d46a233e639778b72f5a3e49290815f9f8.jpg,曹操忠臣时VS曹操魏王时,1754365652,41,688489329,混饭达人,https://i0.hdslb.com/bfs/face/e2f6eb40c717fcbe845078b9a5d8f0a08c77baba.jpg,619411,"娱乐,历史,曹操",292921,87,663,4850,947,1760,0,0,39885
BV15MhHzjEXx,114953407307236,1,265,2071,AI音乐,射击游戏,http://i0.hdslb.com/bfs/archive/043ea249fd65dfc191ab39565dd977e433182ac5.jpg,鼠鼠今天生日，可以放过鼠鼠吗？鼠鼠会报答你的！,1754092945,93,3537118242540062,slime布丁姆,https://i2.hdslb.com/bfs/face/6fbc97634511ba16187911ca9d1b036a85322df6.jpg,36506,"三角洲行动,人机,三角洲,祝福,生日",687016,11448,3654,28225,45626,727,0,93,154638
BV16ohpzhEUG,114954430582357,1,252,2207,仿妆cos,随拍·综合,http://i2.hdslb.com/bfs/archive/edcb774c4e6fba57b512ae0ce713fb436aa9535f.jpg,『自存特效化妆  矿石病的发展 魔王阿米娅手部部分试妆,1754065855,44,661074728,簌雪在这里,https://i2.hdslb.com/bfs/face/9170a54d5f2d93bd621e5669854c48fd7b2bdbdd.jpg,923,"特效,美妆,化妆,明日方舟,魔王阿米娅,Cosplay,矿石病",693234,345,1434,12432,1646,6318,0,0,114062
BV1Shhtz9EKB,114957601544314,1,17,2078,单机游戏,沙盒类,http://i0.hdslb.com/bfs/archive/317f615956489b0d8dd3a34e02fedf6a992b1eaa.jpg,💥爆 爆 方 块💥,1754114490,906,860464,少年五之歌,https://i1.hdslb.com/bfs/face/55ece692c6455bc9cf1bd189cf3411b055eaeb52.jpg,2225079,"我的世界,五歌,乐高,大橙子,BADCEN,在一起玩一夏,乐高苦力怕,小橙子,乐高我的世界,乐高航海王热血登陆",392760,843,425,3392,5849,183,0,0,25232
BV1p2tnzSEke,114975301506248,1,138,2188,搞笑,自我成长,http://i0.hdslb.com/bfs/archive/a810fe4b8b00128ffabe4380e62cd93654445f93.jpg,人都是怎么变得坚定且不拧巴的,1754384330,147,1511660367,西一昂叨叨版,https://i0.hdslb.com/bfs/face/294427fa81f92c09dde0675f2e114fa0bbc5aba1.jpg,485249,情感,180008,73,307,9094,1182,644,0,0,19839
BV1D6tPzUEoC,114981777446743,1,21,2082,日常,社会资讯,http://i1.hdslb.com/bfs/archive/0a257540032157bd36f4eec2a6c113a36b7661d5.jpg,如果有人说要“弄死”你……,1754482815,44,456664753,央视新闻,https://i1.hdslb.com/bfs/face/2dc9c34444ba9f8e891fdc98e6c331fa3c02d127.jpg,21837528,资讯,2222272,2539,2684,47368,8643,12702,0,34,224765
BV1v2tAzdEi9,114982431821073,1,47,2037,同人·手书,同人动画,http://i2.hdslb.com/bfs/archive/142f0a69ef8bbb5c3c81aec305ea509785893ae0.jpg,第33集，紫金牛种诡观：是人是诡都在演，李十五计高一筹,1754521200,335,3546683629636415,奇遇紫金牛,https://i2.hdslb.com/bfs/face/1c3eaa203d968d5f6142cb70bc60a5aa3d9cc320.jpg,112237,"动画,沙雕修仙动画,烧脑动画,剧情动画,沙雕,悬疑动画,诡异动画,规则怪谈",71646,98,179,1781,1228,60,0,0,8071
BV1Bd4Zz5Eia,114979109867658,1,250,2158,出行,旅游记录,http://i2.hdslb.com/bfs/archive/2c835ff9423637a77b3ab1403fa535ec5d635c1c.jpg,打开书本里的世界｜美洲唯一的社会主义古巴过着怎样的生活,1754449033,356,385786354,何香蓓Betty,https://i1.hdslb.com/bfs/face/00fcbbf0d81c9eca7f16406f9f665a2c0ad687d8.jpg,1374141,"生活记录,世界,打开书本里的世界,古巴,记录",597867,612,1356,6378,8175,1320,0,0,85532
BV13Yhuz6EYz,114962953411057,1,138,2160,搞笑,城市出行,http://i1.hdslb.com/bfs/archive/d00f1c08177e6e733e0d96a2f3133ff025da5889.jpg,大爷的渠道一直都很硬！,1754198616,356,22089099,手艺贾,https://i0.hdslb.com/bfs/face/6192f0ae708a9c9aa6838d699b5a9134e1ada6c8.jpg,1612463,"记录,旧货,地摊,寻找100个宝藏vlogger",650387,3529,1198,1413,1328,175,0,0,42716
BV1GLt5z2E9D,114970922587130,1,172,2070,手机游戏,MOBA游戏,http://i2.hdslb.com/bfs/archive/e07078a5ed6b8d9609c67a3d4c78bfba079bf1dc.jpg,想跳过晋级赛结果直接16.0顶级对抗，吓的我半个月不敢上线,1754355600,215,268941858,磊哥游戏,https://i0.hdslb.com/bfs/face/538b9090c0862782df0662b2176e726eda1c9980.jpg,2472787,"王者荣耀,王者荣耀夏日农友节",1781234,962,3423,3122,2669,1232,0,0,93351
BV1SitwzCETj,114980988915197,1,17,2066,单机游戏,单机主机类游戏,http://i2.hdslb.com/bfs/archive/c58cd73982b6742e162d8a43e646f247e76e8089.jpg,身体缩小一百倍，曾经的昆虫又成了恐怖怪物【禁闭求生2】,1754478600,699,509034027,辣椒不辣斯基,https://i0.hdslb.com/bfs/face/9248c365c3f54bb2dd2557d52a6787e0624934d2.jpg,631869,"游戏实况,昆虫,游戏解说,生存游戏,禁闭求生,#电子榨菜",317870,593,485,10794,5187,176,0,0,20533
BV1Svtwz5ERY,114981072801513,1,21,2154,日常,剧情演绎,http://i2.hdslb.com/bfs/archive/4919d846811fe6166e7f817e678d6a52527c8a2b.jpg,接 机 往 事,1754472315,65,9130832,张八筒筒,https://i2.hdslb.com/bfs/face/683b3b97648bf13641c508b9b50a2d25b87bec69.jpg,723473,"原创,搞笑,生活记录,搞笑小剧场,张八筒,best人生,猩猩队长,情侣日常",557616,179,380,1019,1219,544,0,0,56482
BV1nRt3zpEzS,114970587043367,1,251,2171,三农,动物综合·二创,http://i0.hdslb.com/bfs/archive/20dfd47739f3770f764cb01c6175039280fad5ab.jpg,上哪说理去！,1754312462,66,3493082429393058,老刘baby鹿乡一哥,https://i0.hdslb.com/bfs/face/6df686fe3fe1fec617868cd28900d8027615e3ac.jpg,22665,"生活记录,鹿产品,滋补",311512,309,413,913,1480,47,0,0,53447
BV1LkhJz5Ebp,114951930774641,1,138,2178,搞笑,亲子综合,http://i2.hdslb.com/bfs/archive/6ebbf30baaf01392a4b2e2893469604530df0cef.jpg,亲家～我和你的距离只是隔了个屏幕而已～,1754027498,106,405378715,Alice-然,https://i1.hdslb.com/bfs/face/690b4f9cc421684ff8571477f3ba8b048a88c907.jpg,910018,"生活记录,亲情,妈妈",430934,677,572,1160,558,417,0,0,47864
BV1TTtPzGE2h,114981945218823,1,85,2154,小剧场,剧情演绎,http://i1.hdslb.com/bfs/archive/0dce9e25860d57a9cc4fb91d6c2b280b1cb17bd5.jpg,陈翔六点半：人总仰望他人的幸福 回头一看，才发现自己也正被仰望着，被家人的爱包裹着,1754485310,425,19286458,陈翔六点半,http://i1.hdslb.com/bfs/face/aad3b1bb735d2bd4066805f2a84892644fad8e2a.jpg,3222882,"陈翔六点半,搞笑小剧场",992221,866,732,4690,2800,529,0,0,20466
BV1DGhMzNEqZ,114961963555223,1,65,2071,网络游戏,射击游戏,http://i1.hdslb.com/bfs/archive/0cf9c8824daaed9ddc62969206486a8cd1f01161.jpg,纯享版死roll局，一秒都不用剪,1754180535,95,3461570499709389,J1anB1ng,https://i0.hdslb.com/bfs/face/1480f5b3502bd281ff5108f3330aebab131c18d6.jpg,389,"精彩集锦,FPS,2025鸡斯卡星火计划,PUBG",203316,208,511,2778,850,4209,0,0,12656
BV1XqtPzDEB7,114981878108700,1,137,2017,明星综合,MV,http://i2.hdslb.com/bfs/archive/809afc5827e0f43e53a7d8bd3beefc267d962256.jpg,ZEROBASEONE THE 1ST FULL ALBUM ❝𝙉𝙀𝙑𝙀𝙍 𝙎𝘼𝙔 𝙉𝙀𝙑𝙀𝙍❞ ‘NEVER’ Film,1754492400,317,1414351987,ZEROBASEONE,https://i1.hdslb.com/bfs/face/0590fdb382db7c625e20d777e06f0b4162d2ecbf.jpg,450631,"NEVER SAY NEVER,ZB1,ZEROBASEONE",45733,2057,846,2278,2043,1681,0,0,6521
BV11ChnzaEkc,114953675606824,1,172,2073,手机游戏,动作竞技游戏,http://i2.hdslb.com/bfs/archive/33c868af982247643946e16c1f9e67518887d146.jpg,带 土 大 冒 险 ！,1754301600,142,321563149,恶人爸爸5,https://i1.hdslb.com/bfs/face/02058813ff3882973810275f2d268e5c07a8712d.jpg,59286,"宇智波带土,火影忍者,游戏,忍战带土,火影大冒险,火影忍者手游,推荐宝藏游戏",417910,214,205,4969,823,726,0,0,21741
BV1iChgzQE8F,114964262030197,1,215,2149,美食记录,美食制作,http://i0.hdslb.com/bfs/archive/2ac160027aee9004cae0048994b604c9d423b51d.jpg,复刻德国战地菜豌豆汤——吃着像炖菜最符合国人口味的一集,1754215666,173,384526715,咕咕的电线杆,https://i2.hdslb.com/bfs/face/01b4e60fe8d7e0bf81d8a5b39fb180e5f4e43433.jpg,9922,"生活记录,美食制作,二战,厨房,历史,厨艺,德国,口味,国产剧情,BILIBILI美食研究所",158399,132,149,6528,643,370,0,0,25622
BV1RAtgzTEAX,114969731667270,1,47,2037,同人·手书,同人动画,http://i2.hdslb.com/bfs/archive/abecce55c12f6ea8be07cf94d09b3d4cbb8b03ff.jpg,隧夜轮回（怨灵酒店）第二十四集 有惊无险 动画 悬疑 微恐怖,1754470800,284,501642082,萧一白呀,https://i1.hdslb.com/bfs/face/753545c422513fb3bac9cbd9b4f855b3e7656f82.jpg,1145752,"原创,动画,诡异,悬疑,原创动画",228738,1304,696,3798,5428,207,0,0,19644
BV1VBhVz9EVx,114964564220468,1,176,2136,汽车生活,跑步,http://i1.hdslb.com/bfs/archive/e87681a2206934ac9e356b68a4d89645909a60e2.jpg,感谢鸿星尔克官方给提供的支持@鸿星尔克,1754220193,166,2035556081,堂主lee,https://i2.hdslb.com/bfs/face/665a151899c136218c3ba7de064ecc67090c219e.jpg,886075,"原创,生活记录,记录,鸿星尔克,暑期健身蜕变挑战",691760,692,2438,3982,15683,763,0,0,90695
BV1dG86zhEp6,114943173072144,1,17,2078,单机游戏,沙盒类,http://i2.hdslb.com/bfs/archive/8881c4bdbae4e594e875df4353272b3c332ebb39.jpg,⚡艰 难 的 抉 择⚡,1754015400,724,33064694,夜车Azuya,https://i2.hdslb.com/bfs/face/ee76aff7f197a6757e59b2ad868632da2010f576.jpg,819685,"游戏实况,搞笑,我的世界,单机游戏,MC,生存,娱乐,VTuber,沙雕,推荐宝藏游戏",913652,5910,1235,19465,12756,783,0,0,74278
BV1KUh3zMEvT,114963892933880,1,30,2023,VOCALOID·UTAU,AI音乐,http://i2.hdslb.com/bfs/archive/c0938d0c2bcc58c68201793bdc6ea01f02f55710.jpg,小马差点唱似！升12key高音演唱《LOSER》（完整版）【AI诗歌剧】,1754217300,199,400818085,虹色のScarlet,https://i1.hdslb.com/bfs/face/fcc259c102a89eb57846dcb2c3cd7da9a49cf046.jpg,26201,"LOSER,闪耀优俊少女,小马,米津玄師,高音,赛马娘,曼波,诗歌剧,AI翻唱,AI音乐征集大赛",153699,5915,581,13687,2100,949,0,0,42426
BV1x6tnz9EEx,114975637051482,1,27,2055,综合,二次元绘画,http://i2.hdslb.com/bfs/archive/ee085bf24c1c47a15e04ead285765b43bada7984.jpg,将《鬼灭之刃》中的六只鬼改造成正常人的形象,1754389219,422,500140286,隔路脑,https://i2.hdslb.com/bfs/face/16c595449a41d556bd99f16881604ab5788578f0.jpg,635028,"二次元,动漫,动画种草激励计划,鬼灭之刃",1238267,2357,1436,11265,3905,5067,0,82,97910
BV1JitGzsE7f,114969932794676,1,162,2055,绘画,二次元绘画,http://i0.hdslb.com/bfs/archive/2af7bf5c7226fb0e13ae378bc7cff9e53836bea2.jpg,如何画阿咬,1754302063,101,1046728747,ArmageddON-ies,https://i1.hdslb.com/bfs/face/64497e7feae49c89782e239da31ff614945ade41.jpg,384,"绘画,手绘,明日方舟",274779,157,547,4341,1062,2652,0,0,33050
BV1vXhGzWEuv,114965000231015,1,172,2098,手机游戏,AI杂谈,http://i1.hdslb.com/bfs/archive/2aeb84c013176875aed62408024d676afb507886.jpg,我被喂AI了,1754226854,76,85493,深蓝杰克,https://i2.hdslb.com/bfs/face/6a53e0f5c7147885ee1cf9a3c255467b35deb96c.jpg,27130,"绘画,盗图",344768,30,409,7031,2803,77,0,0,35864
BV1QUtJzbEaG,114976140366801,1,218,2167,喵星人,猫,http://i2.hdslb.com/bfs/archive/3cee236578a0f01937f43ab815340f361e712e28.jpg,放归后它追了我半条街，却不愿离去…,1754397414,178,453478869,派小爪,https://i0.hdslb.com/bfs/face/c403dc4c12b4c3642a6bf27c9dc1ece671727eb9.jpg,380888,"治愈,铲屎官,喵星人,动物总动员,田园猫,流浪猫,关爱流浪猫,橘猫,云吸猫,流浪猫TNR",84938,270,234,733,4851,63,0,0,6689
BV1wM4Zz7EMS,114977482478379,1,17,2069,单机游戏,即时策略游戏,http://i1.hdslb.com/bfs/archive/a9e9a2d832de18587b9240b3315880e6e26fc9b6.jpg,红警一群三星防空车！拆巨炮就是快，配合灰熊一波拿下！,1754438400,836,1629347259,红警HBK08,https://i0.hdslb.com/bfs/face/66ab5bd4e218aeb663e13b6871b46b2894800416.jpg,2137467,"游戏解说,实况解说,红色警戒,游戏集锦,红色警戒2,红警,三星,搞笑,即时战略,防空车",171054,857,232,507,1804,85,0,0,11157
BV1RctHzuE6N,114975351768444,1,254,2154,亲子,剧情演绎,http://i1.hdslb.com/bfs/archive/0da0a5097acfbaf47830853a5f7eb851b4e329f0.jpg,奶茶店的暑期工，被欺负你会反击吗？,1754384860,127,3546625865681622,小闹小闹丫,https://i0.hdslb.com/bfs/face/d054748608cdc21d149ea1437152a9fae6ba69bc.jpg,26330,"创业,奶茶,崩坏：星穹铁道创作者激励计划,暑期工",1695919,107,393,3679,668,178,0,0,40402
BV17RhtzMEjk,114957282705862,1,137,2014,明星综合,娱乐综艺正片,http://i2.hdslb.com/bfs/archive/7fcd7f5874f681f83db3e7dec61d7924f183df7a.jpg,【TF家族】《2025TF家族夏日运动会》DAY2,1754125200,13534,3670216,TF家族,https://i1.hdslb.com/bfs/face/1c74336b9060d40d0ccf5e8bce7c0de34526b1e3.jpg,6942350,"TF家族,夏日运动会",1806833,1285749,15460,27458,8274,1568,0,70,63447
BV1Vz4RzbECQ,114976962384433,1,17,2078,单机游戏,沙盒类,http://i0.hdslb.com/bfs/archive/46e9a6ecd96ec7b4b6e07760c0f3572e8d6e0f00.jpg,用科技之力对抗折磨恐怖生物，孩子……【邪恶科技生存01】,1754445900,419,330215598,WakeyJakeyWJ,https://i0.hdslb.com/bfs/face/7c90d857a092674fd834908006fb4f7414229192.jpg,59708,"游戏,搞笑,生存,沙盒游戏,我的世界,机械动力,像素风,mc",58333,321,207,3064,887,142,0,0,12596
BV1E4hVzcEJq,114964966676665,1,22,2063,鬼畜调教,鬼畜综合,http://i1.hdslb.com/bfs/archive/4d2fcc3ad2b6f7117c6d6c982d0d3efa64d42dea.jpg,⚡灵感菇溜大了⚡,1754279700,117,2283296,小猪P_,https://i2.hdslb.com/bfs/face/e3cd0e238b61cb1c23ffae2f7f99fcc59818cf68.jpg,665455,"鬼畜,黄绿合战,MyGO,Ave Mujica,黄绿合战10th,爱音,咕咕嘎嘎,黄绿合战10th-黄队应援",229066,389,1539,8416,4524,6435,0,0,29906
BV1xMhpzNE8u,114952820039292,1,27,2041,综合,动漫剪辑,http://i0.hdslb.com/bfs/archive/fbbdb5bf358b4a358443f078d99756b75a97990f.jpg,我 和 你,1754040989,34,470849460,花落北城,https://i0.hdslb.com/bfs/face/d50b8b25667e330a0bca88b4ea68d1080c367e75.jpg,1761,"二次元,动画短片,动漫,剪辑,章鱼噼,伤感,卡点",776862,227,2036,38598,10733,3830,0,0,129165
BV1VQtczyEwq,114981542563967,1,193,2020,MV,翻唱,http://i0.hdslb.com/bfs/archive/c229e5bea72aef2e91876b6ac6fd4d216f1b47d6.jpg,周杰伦劝你别读博,1754479263,221,21442590,馄饨皮茄总,https://i0.hdslb.com/bfs/face/29d3bf75ec95524532a9ce36d1232ef441889a1d.jpg,33880,"周杰伦,晴天,cover,科研,学术,博士,读研,读博,PhD,翻唱的N种打开方式",84263,321,639,1495,3083,2382,0,0,10354
BV1N9hVzkEkc,114964597576860,1,228,2090,人文历史,人文历史,http://i2.hdslb.com/bfs/archive/7a96ad16b45848855b18d1080aff4fa0615377ce.jpg,德国精心策划的巴巴罗萨行动为什么会失败？【三木说31】,1754229820,1310,86588581,三木説,https://i1.hdslb.com/bfs/face/40f4143b5242c38cddc9d3c4cf68d3524d7fdfa9.jpg,722398,"二战,历史,人文历史档案馆,巴巴罗萨",758801,4202,1832,10091,2804,543,0,0,21474
BV1GJtjzQEVc,114973858600120,1,75,2171,动物综合,动物综合·二创,http://i2.hdslb.com/bfs/archive/a634c1cfcdc0f54d526a8fbf31fcbcdd2a6e140a.jpg,探访亚洲最大淡水水族馆！新加坡河川生态园！,1754386200,1161,240852096,爱养鱼的卓林,https://i0.hdslb.com/bfs/face/05714fe5ebf7024da7c4f3bf31c184806d677124.jpg,221261,"水族馆,观赏鱼,南美,海牛,肺鱼,新加坡河川生态园,恒河鳄",434371,1024,468,9140,2778,1025,0,0,15469
BV1zqhHzxE4m,114953155579113,1,138,2037,搞笑,同人动画,http://i0.hdslb.com/bfs/archive/3dfe7733d6f6871b6f61512816dc646e2f08a103.jpg,《究 极 超 B 界 大 战》,1754046569,429,321422126,进击的金厂长,https://i2.hdslb.com/bfs/face/339c136489ea2af91bd1d8688ba7259e958ded28.jpg,5119409,"搞笑,动画,二次元,短片,动漫,B站,搞笑小剧场,热血,战斗,鬼灭之刃",2073532,18016,36298,82198,108550,6536,0,7,227796
BV1VQtAzpEFk,114982314315510,1,17,2071,单机游戏,射击游戏,http://i0.hdslb.com/bfs/archive/e832328fa9e126d65c77f503267c21392222cbd6.jpg,还真有人去CJ纯玩游戏的啊？！？！,1754535600,747,1372433,Super也好君,https://i2.hdslb.com/bfs/face/b317a89ea78958e7b2aad85a8bf63d29b28c6710.jpg,2773813,"无畏契约,舞力全开,腾讯游戏,卡赞,Chinajoy,Super也好君,符文战场",123579,64,140,1078,950,46,0,0,6406
BV1KKhpziEEn,114952836743619,1,182,2126,影视杂谈,户外探险,http://i0.hdslb.com/bfs/archive/8299ab4225ea044315a1bc44215f4b9254f3415b.jpg,湖南男子被困水下洞穴5天后获救，详解湖南湘西溶洞救援事件,1754049600,717,87670515,神秘园SMY,https://i0.hdslb.com/bfs/face/97df512c31b322245934bfbd23613510d2203d11.jpg,1004180,"湖南,二手推荐,湖南溶洞救援,湘西溶洞救援,湘西,溶洞,洞穴,转转,二手手机,湖南湘西",1640468,8492,3699,13612,15696,3605,0,0,93148
BV1Q2tMzcEHN,114968355675740,1,212,2150,美食侦探,美食探店,http://i0.hdslb.com/bfs/archive/216f7b145a987391524676cdfb84980c19cbe18c.jpg,夏天就得吃冰镇半价水果,1754301600,229,2134865453,MR小白同学,https://i2.hdslb.com/bfs/face/0ab6ea9e09f73500b45295a2b258366bc297a097.jpg,344070,"美食,生活记录,舌尖真探事务所,记录",474018,353,272,845,503,83,0,0,18543
BV1uotcz3ECo,114981223792988,1,212,2150,美食侦探,美食探店,http://i2.hdslb.com/bfs/archive/c57171c77d3041362420bc893d0ade3c3f7137fe.jpg,徐州美食还是太权威了…二刷都没能拿下！！,1754474618,853,703057028,猴儿甜猴儿甜,https://i2.hdslb.com/bfs/face/2b0b6a5dc5173c8749836b1614d74be8c89ea51a.jpg,484789,"街头美食,美食侦探,美食,吃货,舌尖真探事务所,探店,美食探店,徐州美食",244715,376,256,4369,994,1168,0,0,5675
BV12zt3zYE1E,114970821986949,1,212,2150,美食侦探,美食探店,http://i2.hdslb.com/bfs/archive/0fed52e9d7dae5f280ebd853c4c744c11e3a08f3.jpg,天津60元羊肉煲自助，肥美羊排羊杂不限量畅吃！性价比爆赞！,1754315728,455,8263502,橙飞一下,https://i2.hdslb.com/bfs/face/86fbb87fdf4d5ec1ba3bb7b56131d8265d36ffcd.jpg,2092019,"自助餐,美食,舌尖真探事务所,天津,性价比,羊排,光盘行动,羊肉,羊杂,探店",632066,976,1149,2077,1788,2336,0,0,23965
BV1citGzsEhK,114969932731133,1,138,2207,搞笑,随拍·综合,http://i0.hdslb.com/bfs/archive/7b51547cd7e0c70e360de73d3dfcb065243fc6f3.jpg,百万粉丝up主去CJ薅羊毛能薅到多少东西？,1754304091,553,11643866,汤姆的混乱空间,https://i2.hdslb.com/bfs/face/b843951c2a2d4e48eca7ec9d33007a9ae7d8989e.jpg,1726549,"CJ,漫展,汤姆老师,荣耀GT,荣耀400系列,荣耀400,荣耀平板GT2Pro,挑战,chinajoy,整活",534850,1186,1445,10182,7312,991,0,0,37207
BV1xdtJz9EE6,114975855087108,1,172,2076,手机游戏,女性向游戏,http://i2.hdslb.com/bfs/archive/cd42f0f58d9af29053ab33fff172108e5d081361.jpg,左手烟火人间，右手诡谲仙侠，丹青季快哉快哉！【无限暖暖摄影】,1754470800,328,1623708130,BlueVoid蓝须,https://i1.hdslb.com/bfs/face/0548ffe732fa761bf22e72143f0c65dff6284081.jpg,129434,"国风,摄影,暖暖,无限暖暖摄影,游戏角色摄影,无限暖暖丹青季,丹青季,开放世界,换装,无限暖暖",201415,450,292,1398,1677,320,0,0,11176
BV1DL8BzDE2z,114942032217839,1,28,2017,原创音乐,MV,http://i1.hdslb.com/bfs/archive/1f440db87de1dc1240fe70e01cb1f59bd8397241.jpg,“我们的拼好歌”,1754015400,244,86434237,比巴卜喂,https://i1.hdslb.com/bfs/face/6c6b1e807ffc49660b67a7280b3998b34f18004e.jpg,122899,"音乐分享官,王力宏,周杰伦,混音,陶喆,林俊杰,方大同,remix,拼好歌,华语乐坛",2623630,1438,1303,42094,40298,9214,0,38,149109
BV13ptjzSETZ,114973892153377,1,182,2148,影视杂谈,其他手工,http://i1.hdslb.com/bfs/archive/b848addf21b09a6838b8f301c7905d6dd8729541.jpg,《锻刀大赛》惊现中国神器 子午鸳鸯钺！狗哥爱不释手 刀刀暴击,1754364697,909,348989367,沫子瞪片,https://i0.hdslb.com/bfs/face/a2131d38a2ea73f16ff25e61dbeb40377233f552.jpg,2280999,"锻造,解说,爆笑,纪录片,转转回收,中国兵器,转转,锻刀大赛,子午鸳鸯钺,影视IP观察室",1013521,4430,1211,7072,5718,888,0,0,60313
BV1xEhbzQEab,114957014342733,1,17,2066,单机游戏,单机主机类游戏,http://i1.hdslb.com/bfs/archive/f2d3f9d1dd44bd8ac333cd162bc8f0049ca4f7ea.jpg,人仗虫势这一块,1754111100,309,15002163,拧不动啊真拧不动,https://i0.hdslb.com/bfs/face/512d55096f492f14722988501e7a800020320b26.jpg,1333056,"游戏实况,禁闭求生2,电子榨菜,推荐宝藏游戏",2034710,1130,1606,29487,2740,7052,0,74,89281
BV13AtJzcEy6,114974563306674,1,21,2080,日常,时政资讯,http://i2.hdslb.com/bfs/archive/b11bf85ee7e8f292840efc8a9491a675f2a845cb.jpg,纪录片《县乡治》,1754380800,4776,473837611,新华社,https://i1.hdslb.com/bfs/face/396b93a7f619882afa711879dbf2cb98a40e7367.jpg,18704901,"中国,纪录片,县乡治,新华社",106169,143,179,4998,1679,615,0,0,8289
BV1XH4dzfE5v,114976492623145,1,21,2158,日常,旅游记录,http://i0.hdslb.com/bfs/archive/b5b7155f279113a844a7383274338f6b8d9ad232.jpg,高中生挑战300元富游上海,1754406220,505,3546874103466188,泽-在路上,https://i2.hdslb.com/bfs/face/1a39846b536a40b795518fb82ff9f57714ae91e7.jpg,10403,"上海,高中生,生活记录,学生,记录,挑战,高中",217577,811,1649,2154,1352,1419,0,0,16193
BV1Eft3zSEYs,114970603820875,1,21,2064,日常,单人RPG游戏,http://i0.hdslb.com/bfs/archive/65f4bc8cf81fe7a18c25f987e34d816cc4d6c692.jpg,【崩铁整活】来古士：设备中毒！毕设开始对我哈气了怎么办！！,1754312523,189,193601736,没吃药的烦烦,https://i0.hdslb.com/bfs/face/7dbd81e751295aeb7772d628381172098a10b0c1.jpg,488245,"搞笑,白厄,崩坏：星穹铁道创作者激励计划,因为太阳将要毁伤,那个女人,整活,必剪创作",672868,597,537,10849,2188,936,0,0,63032
BV1kxtJz5EDi,114974311584698,1,65,2071,网络游戏,射击游戏,http://i0.hdslb.com/bfs/archive/2af34b2f04b10c9ce1472aab990c2ef8c74abf89.jpg,【跑刀趣事】吔？！海洋之泪？！,1754369090,239,5408366,库库_sama,https://i2.hdslb.com/bfs/face/2c6fc2b14976e62bd925d85129ce87cbacb4a96d.jpg,651109,"粥,第一人称,迈从,三角洲行动,迈从V9,迈从V9PRO,三角洲,主播,游戏耳机,三角洲破壁新赛季上线",283369,232,288,937,621,413,0,0,15071
BV1dktgzrEeV,114969228087348,1,158,2117,穿搭,三坑,http://i0.hdslb.com/bfs/archive/469f32d6f81e68283f19525bae988f853ac8555a.jpg,朋友让我一帧都别剪…听劝！,1754291285,10,17164757,就是景年,https://i2.hdslb.com/bfs/face/df8280e6861490d3a19fed7fb0b73c15257e8c73.jpg,9457,"B站小剧场,东方美学",329225,149,610,15319,3402,1577,0,0,96909
BV1wotwzcEub,114980770879197,1,215,2152,美食记录,美食记录,http://i0.hdslb.com/bfs/archive/009af92e9d43e58c8779cfdc4e238c65044bf412.jpg,干了一天的活 累坏了 没挣多少钱 还加了点餐 一点都不美滋滋啊,1754478000,545,3493135445396192,魏光乐呀,https://i2.hdslb.com/bfs/face/03f7a7c6baab652d823529bb523d67e1d8189101.jpg,228516,"生活记录,出租屋,变态辣,炸串,Vlog,新疆米粉",262238,349,190,2304,1219,45,0,0,6883
BV1Q4h8zNESk,114958692060866,1,17,2078,单机游戏,沙盒类,http://i0.hdslb.com/bfs/archive/d44497dbd34753a59d6dd764f792c5a9a337436e.jpg,你可能没听过我的名字，但你一定用过我的模组,1754130658,32,379515917,七星-7stars,https://i2.hdslb.com/bfs/face/43e4d45e86cb592d3a23487aeaca4186e769cd52.jpg,151703,"模组,我的世界,mc",4426321,191014,13154,115321,56468,11797,0,21,590302
BV1894fzvESj,114980418556015,1,215,2152,美食记录,美食记录,http://i2.hdslb.com/bfs/archive/ce258d2546cc65c805b037d2bd27c033277c398a.jpg,儿子发工资了，胖龙中午在饭店四菜一汤，有荤有素，真实惠,1754472600,323,649661652,胖龙的小生活,http://i0.hdslb.com/bfs/face/57ea78f573e9003880fc965932a1c93ad145cd59.jpg,2149670,"生活记录,吃货,Vlog",882922,920,671,1968,1751,205,0,0,16912
BV1bStJzZE6t,114976190629274,1,215,2152,美食记录,美食记录,http://i1.hdslb.com/bfs/archive/b52ae37db13a56edc3a467f51047b6f76a5e2f12.jpg,挑战一天只吃一只面包蟹，看看第二天的变化,1754397669,79,472173533,如花一枝花花,https://i2.hdslb.com/bfs/face/85939b8cff974c334a9eee5f753b6bbb9d72f567.jpg,120928,"挑战,螃蟹,Vlog",205247,330,225,583,612,358,0,0,21999
BV1ufhHz3Eqw,114952853521805,1,182,2001,影视杂谈,影视解读,http://i0.hdslb.com/bfs/archive/a6a47bc6588a533caad99385357b1b06da4340b4.jpg,一夜爆火，集体破防，当年出圈的动画神作，杀回这个暑期档了！《浪浪山小妖怪》【独家探班】,1754107200,1714,10119428,小片片说大片,https://i2.hdslb.com/bfs/face/949fd3f0b9fe23703c970d494edc41ae52ee32de.jpg,7698890,"动画,幕后,小妖怪的夏天,浪浪山,浪浪山小妖怪,上美影,暑期档,浪浪山小妖怪取经副本启动",2698632,2395,3657,10706,3954,1936,0,0,57442
BV1iJt3zjEkn,114970704481089,1,27,2207,综合,随拍·综合,http://i2.hdslb.com/bfs/archive/08f031149b05b1e9ce75058743d2fae7f3658caa.jpg,假如soyo的内心戏很多,1754313833,115,50934906,虾头睦子米,https://i0.hdslb.com/bfs/face/8aca966c01d57fa3ee0508dbe4ca26c305cd9c11.jpg,7994,"MyGO,Ave mujica,爱素,BanG Dream!,千早爱音,长崎素世",163320,288,660,9611,4605,3046,0,0,27514
BV112hnz8Ent,114953709165296,1,168,2037,国产原创相关,同人动画,http://i0.hdslb.com/bfs/archive/aa3ce98044ff87e5265cad34a9a03011b5797f22.jpg,《圣体瞎魂》第二集： 铁血父子正在觉醒！,1754054716,301,3546944630688596,皮亦瞎,https://i2.hdslb.com/bfs/face/92dc75c1cfd158537daa6c7b302b277df2630e1c.jpg,13199,"原创动画,虾仁动画,希望能火",225749,226,223,10784,1577,49,0,0,26025
BV1nQt3zsE2J,114970419266894,1,219,2168,汪星人,狗,http://i0.hdslb.com/bfs/archive/e55f61c238ac7df25fe0ff8b2aa0401298376854.jpg,爱吃苦瓜的小八戒永远离开了,1754309940,511,509278225,豫西小丁,http://i1.hdslb.com/bfs/face/aac093c74838f2fa54118da43a6b9419b9f62087.jpg,769279,"八戒,苦瓜,高加索,白菜",474057,4351,5448,2622,25275,1440,0,0,41791
BV1LUtqzpE9h,114986256959097,1,212,2150,美食侦探,美食探店,http://i0.hdslb.com/bfs/archive/0bd7f0cd3d17b057bdb801ac633224b5f3559390.jpg,新疆必吃大盘鸡，竟然还把爸爸妈妈“绑架”在这了。,1754558400,652,3537122973714533,老王在中国,https://i2.hdslb.com/bfs/face/5cc0f66946ba560d0ccbd8e5bffc45ac94793cf4.jpg,3448000,"歪果仁,生活记录,舌尖真探事务所,老外在中国,大美新疆,爸妈,大盘鸡,新疆美食,美食探店",241988,2406,1064,1229,5090,210,0,0,18314
BV1CUtFzoE7e,114979814512368,1,182,2001,影视杂谈,影视解读,http://i2.hdslb.com/bfs/archive/cac13192b845e2547a044223e2b7da942cad7738.jpg,细读经典：魔鬼细节！13天拍摄+80万刀投资，却换回近百倍票房的悬疑佳作,1754484300,2685,17819768,电影最TOP,http://i2.hdslb.com/bfs/face/6b2ade215ea603b495648875c925172a863d16d4.jpg,5980704,"电影,悬疑,高分电影,网络谜踪",349705,1243,488,4652,4396,529,0,0,13208
BV1YuhHzyEvR,114953390392714,1,21,2083,日常,综合资讯,http://i0.hdslb.com/bfs/archive/f2c61754868b4f1bc755db293e1bdc2166bcabed.jpg,金蝉脱壳、见者好运！摄影师蹲守数小时，延时记录金蝉脱壳羽化过程,1754049689,22,1131457022,人民日报,https://i2.hdslb.com/bfs/face/19a041ba0e78ed43b7a3eab35edfc998eaa7db8e.jpg,17016517,金蝉,1161666,66703,2147,18104,8073,3485,0,0,184309
BV1amtJzFE5v,114976157078769,1,138,2179,搞笑,健康科普,http://i2.hdslb.com/bfs/archive/f573d7e2b67a4a20e0c39810ad44ed81e05a4027.jpg,良子能否使用海姆立克急救法,1754397497,177,32026774,侦探许烦烦,https://i1.hdslb.com/bfs/face/12cddd8ada95dfd639100cd9ec276ce7a57643fb.jpg,188131,"粤语,生活记录,健康,高能,搞笑小剧场,良子",676256,1331,1644,3226,672,3024,0,0,34803
BV1Z5h8zVE9N,114958557842158,1,215,2152,美食记录,美食记录,http://i0.hdslb.com/bfs/archive/8f7cb4476d91611bdce77c7de50a83959bceb16f.jpg,【小石奶凶】今天捡脂，只吃两个烤鸭卷…,1754128890,90,259713513,小石奶凶不月半,https://i0.hdslb.com/bfs/face/06483c6cc903d43639cf43069e88ab3bc860f4a6.jpg,1085860,"生活记录,吃货,Vlog",1115653,379,268,7084,565,265,0,0,45322
BV1HXt3z9Eac,114970402492464,1,252,2020,仿妆cos,翻唱,http://i1.hdslb.com/bfs/archive/272c4f3b794c61966efa05ca2e02e016e9ca954a.jpg,蓝莲哈,1754309287,90,16993069,林芷伊kiwi,https://i1.hdslb.com/bfs/face/602512a85adb8231973dfd9ddc3694c031f4a7fa.jpg,331874,"翻唱,蓝莲花,赛马娘,哈基米",1212423,1306,4068,10731,23243,11266,0,0,124626
BV1RB4RzFEtv,114977046401919,1,252,2039,仿妆cos,cosplay,http://i1.hdslb.com/bfs/archive/844802aabddf99b0ddd8e969294c0860dba2c4b0.jpg,哇嘎哇嘎！,1754410656,17,89618176,ill027,https://i1.hdslb.com/bfs/face/8fcaec40a4750830414358ac747c28610eef07c0.jpg,3437,"明日方舟,艾丽妮,艾丽妮飞羽,一有动静，我就哇嘎,哇嘎哇嘎！,Cosplay",467067,96,1176,15734,4553,3122,0,0,70433
BV1vWh8zTEV4,114958792661031,1,257,2044,配音,动画配音,http://i1.hdslb.com/bfs/archive/c449671c5afe912192f10c1ff331aa82901dec4e.jpg,女生自学日语配音练习：Dio vs 承太郎,1754132039,131,3546737601940061,CC的啦啦啦,https://i2.hdslb.com/bfs/face/6d0e2f5b4cc5c00bf4962146d268eab93e838220.jpg,67150,"练习,日语,JOJO的奇妙冒险,日语配音,DIO,空条承太郎,配音,配音练习,日配",799383,621,1448,11888,2353,3521,0,0,91403
BV1LJtnzMEXS,114975536322641,1,122,2103,野生技能协会,工程机械,http://i0.hdslb.com/bfs/archive/da069e1d2e20b3b3e7fd77546f092adc86eed43b.jpg,宇树发布 | Unitree A2 星际猎影,1754387992,127,521974986,Unitree宇树科技,https://i0.hdslb.com/bfs/face/1743e687547cc74932c4fec36c675c69306978bf.jpg,542840,"跑酷,智能机器人,工业机器人,机器狗,四足,宇树",1150846,2538,4369,4446,3982,6269,0,0,62148
BV1oHtFzLEWC,114980049391711,1,138,2154,搞笑,剧情演绎,http://i2.hdslb.com/bfs/archive/c2953109b0f06d8af469f55e2ff9397a91705052.jpg,弗雷尔卓德之麦克阿瑟,1754456567,36,3546588595096095,麦克阿瑟MacArthur,https://i0.hdslb.com/bfs/face/4e554be985dae649662aacdaf71869b8dba36ff0.jpg,3177327,"搞笑小剧场,五星评论家,这扯不扯,弗雷尔卓德,麦克阿瑟",498227,571,1333,6598,3190,12520,0,0,76155
BV1qLh8zkEYg,114958608107657,1,27,2040,综合,二次元线下,http://i2.hdslb.com/bfs/archive/946412b1b1ffc21950cc1bc84e17e45adf203e51.jpg,木叶村里的ktv聚会,1754129797,82,2114090017,小咩快跑丶,https://i1.hdslb.com/bfs/face/46963e13a392d1831d7e626f6c708f03e8c5dba5.jpg,701188,"火影忍者,二次元副本挑战者",1205414,599,1515,25821,4161,5534,0,0,96450
BV1f9tFzWEfv,114979965569139,1,208,2207,校园学习,随拍·综合,http://i2.hdslb.com/bfs/archive/41a030e987ca5ef2e66fe76757f2f3a9eff21bdb.jpg,去美国最危险的街区问路人：你要beef吗？,1754455346,1336,4029133,邵艾伦Alan,https://i1.hdslb.com/bfs/face/3b8af04c80ddd2bc246c19f9307cd6fc1025c684.jpg,2962159,"生活记录,歪果仁,搞笑,高能,美国,恶搞,街区,记录,英语口语,随手记录我的生活碎片",223961,2677,758,2511,3153,895,0,0,9347
BV1x4t5zuEFn,114971140754683,1,21,2197,日常,其他vlog,http://i0.hdslb.com/bfs/archive/8b575bd8b0d1b43aa2f9794bc5d0a64ae36c9b08.jpg,依旧凌晨一点,1754321675,166,3546899950864647,我要睡觉-1589,https://i0.hdslb.com/bfs/face/2549d9d42ff0324b76d6e7e21eb44e1bcc9df315.jpg,219683,"原创,生活记录,记录",810072,353,463,11862,1488,483,0,0,26939
BV1iBtJzKEL6,114976056416386,1,21,2197,日常,其他vlog,http://i0.hdslb.com/bfs/archive/59a3d4977a70152088b92eecefaef86bf69fabbc.jpg,挂壁房租房彻底踩坑，每月多花50块却用不了空调，早知道住网吧了,1754395815,633,3546587229849778,小A在上网,https://i1.hdslb.com/bfs/face/b496e9229ac889f7f398f69f46e8cf40c7d3c818.jpg,695328,"生活,生活记录,vlog,挂壁房,电子榨菜,城中村,租房,网吧,网吧大神,随手记录我的生活碎片",378287,949,1066,1163,2969,249,0,0,15175
BV1sUtizeEWA,114985032353930,1,236,2141,竞技体育,体育赛事,http://i2.hdslb.com/bfs/archive/1c35098cb4aadb084345613753fd9ea117ea470b.jpg,队友爆冷出局，他成了国乒最后一道防线。回看樊振东封神之路！（1）,1754537436,1145,357387034,乒乓Q奇,https://i1.hdslb.com/bfs/face/b0273095b893ec438a492ca2f38225a5f82b8825.jpg,470312,"樊振东,体育,巴黎,乒乓球,比赛,上得物得好物,大满贯,国乒",46678,435,502,1070,1934,177,0,0,4373
BV17m8SzbEWn,114949430973173,1,47,2037,同人·手书,同人动画,http://i2.hdslb.com/bfs/archive/2640e8a410f1c5d7ffbefddba452e793d1c3844a.jpg,【许二木手书】二拜天地——汤群像,1753989607,169,1648246266,松野冬芽,https://i0.hdslb.com/bfs/face/5da4c1df6f9a0d247450f1381e5d4eb4b521e2da.jpg,2203,"群像,同人,手书,许二木",214538,614,557,21648,15031,1589,0,0,33270
BV14PtwziEMW,114981139978396,1,138,2154,搞笑,剧情演绎,http://i1.hdslb.com/bfs/archive/58326c2fc83fbf53b541f9eeac385782777a2e6a.jpg,教练说打球要靠脑袋！！！,1754476889,323,20841379,7鲸尾,https://i1.hdslb.com/bfs/face/5686e8bd643556d4b370c0d2c021b5fb347e5321.jpg,881987,"排球少年,生活,搞笑,漫展,搞笑视频,cj,雀巢工作室,OPPOReno14,沙雕,OPPOReno14排球少年联名",545192,637,465,4048,1678,238,0,0,54769
BV1qvtJzMEgB,114976022856098,1,65,2071,网络游戏,射击游戏,http://i1.hdslb.com/bfs/archive/b6d8fc875d92ec0d2db9c586ec65c02039dc766c.jpg,CJ最酷的展台，瓦手展台到底多好玩？！,1754398886,267,235630215,国电武术馆馆长,https://i0.hdslb.com/bfs/face/1c473f95562cb50c8f94291ed6373da6281e5b64.jpg,2172794,"手游,游戏杂谈,电子竞技,FPS,无畏契约手游,无畏契约,无畏契约端手大展台,无畏契约手游定档819,Chinajoy,推荐宝藏游戏",458686,607,458,6140,4366,1017,0,0,11726
BV1Z2tjzAEm8,114973640492202,1,21,2154,日常,剧情演绎,http://i1.hdslb.com/bfs/archive/a48ccac87da38e7891b120dcdf1fa41e37d9c6d2.jpg,“躺着吧”,1754358846,227,490340432,英语老师晓艳,https://i2.hdslb.com/bfs/face/ec941be9327acdf6c0d30d3b0aaa4390087e0efc.jpg,550959,"手机,学丞,躺平,刘晓艳,爱的100种表达方式",78634,271,309,3134,1073,822,0,0,7067
BV1RNhgzmETH,114962802413444,1,21,2207,日常,随拍·综合,http://i0.hdslb.com/bfs/archive/15f3084bead82e36a8295f50de817b1c097f185d.jpg,读评论9.95：坚果让指导版牛头去坑二爷,1754208000,92,1834271846,陈君un,https://i2.hdslb.com/bfs/face/65f841ecf609e5e56c4efe01db70be7809c5785d.jpg,628476,"坚果,植物大战僵尸,搞笑,指导版,牛头,娘化版,整点电子榨菜",2223650,1031,1510,30938,1593,270,0,0,61982
BV1j5tnzrE1v,114975922196321,1,27,2079,综合,其他游戏,http://i0.hdslb.com/bfs/archive/44792704fc7344fd500f8549f8852eff2a89b117.jpg,《虚环》你看了吗？PV彩蛋“官方”一手讲解,1754393976,2939,401315430,星瞳_Official,https://i0.hdslb.com/bfs/face/35ce8ca063124d4dda5c211039d0eb67eae3c797.jpg,1022344,"养成,虚拟偶像,手游,动作战斗,虚环,实机视频,V圈,虚拟主播,Vtuber,虚环挖梗大赛",283508,1396,805,9548,1763,553,0,0,15804
BV1CDtwzPEvj,114980569481607,1,172,2077,手机游戏,休闲/小游戏,http://i2.hdslb.com/bfs/archive/1fdce5b90b4df00dab3f5b9a50697a222f099806.jpg,蛋仔派对：盘点蛋仔史上最大规模的封号事件！主播账号被永久封禁？巅峰时停代码？,1754472000,203,241199113,僵尸教授-,https://i1.hdslb.com/bfs/face/30a78bf8e40484e47e8e22a99aa8ec896b3da347.jpg,897229,"超燃竞技场,蛋仔派对新皮肤,无敌凤凰蛋,蛋仔派对发起人,蛋仔自习室,蛋仔奇思妙想计划,逃出惊魂夜,蛋仔派对",382238,502,602,6790,871,101,0,0,10029
BV1d4twzSE3g,114980888253595,1,251,2166,三农,农村生活,http://i1.hdslb.com/bfs/archive/6b2adc472bace03b61aaa2a2227ca59531c59590.jpg,给昏暗杂乱的卧室点亮，就是为女孩心里种下一束光。一张书桌，是他们眺望世界的窗；一方整洁天地，是他们学会生活的起点，从此，生活不再只有将就，还有了值得守护的美好,1754469769,320,409241398,佳里小做家,https://i1.hdslb.com/bfs/face/0dc6cb2e88131066c04613178dc8d5e97b745211.jpg,29590,"生活记录,公益,农村女孩,改造房间",83978,372,345,1139,8557,45,0,0,9959
BV1iChgzQEdM,114964262027707,1,218,2167,喵星人,猫,http://i2.hdslb.com/bfs/archive/484fe81427b1a91cefe38944d7742231dde044fb.jpg,咪有自己的地球转场,1754215717,15,3546894760414025,坦克一斤半,https://i2.hdslb.com/bfs/face/364775b6ab19386fb9c133d501cc4dfcf9c768e3.jpg,49529,"地球,喵星人,美短",3315505,439,3399,103751,25617,30756,0,21,605987
BV1BthLzMEUv,114965788823319,1,21,2071,日常,射击游戏,http://i2.hdslb.com/bfs/archive/cb4c92ba545531f5a44c27e95e5ffccf067c24f8.jpg,挑战在地上摆满垃圾让大哥感到莫名其妙,1754238899,126,434231007,三角洲讲师,https://i0.hdslb.com/bfs/face/2f5adee9ce14225cfbe1b26a47d8467c61c9d3a2.jpg,23544,"三角洲行动,蜂医,绝密航天,跑刀,鼠鼠,航天基地,三角洲破壁新赛季上线",1797990,408,1057,10212,1518,1628,0,0,99194
BV13HtjznEfk,114973908931092,1,238,4218,运动综合,钓鱼,http://i2.hdslb.com/bfs/archive/175facee82236d1f18677aa785e227c53a47c371.jpg,路亚野外探钓 又解锁新鱼种,1754364600,505,691099655,马李澳到处钓,https://i2.hdslb.com/bfs/face/4ad135d0fc183549e6346b693086e206a380e97b.jpg,232243,"钓鱼,转转回收,户外,转转,路亚,野钓",167542,683,576,725,3218,280,0,0,11296
BV1vetLzpEJY,114972281541389,1,215,2149,美食记录,美食制作,http://i2.hdslb.com/bfs/archive/6970cba806561d139dec5724fef10858b32aa76f.jpg,深夜牛油火锅,1754385300,180,39815694,李百万食百味,https://i0.hdslb.com/bfs/face/de2267d876fc7b3dbf5ea161121f67e0dc9983fd.jpg,21950,"火锅,夜宵,我用美食搞事业",828676,406,1219,5227,2718,776,0,0,63088
BV14dtJz9Eux,114975855083824,1,21,2082,日常,社会资讯,http://i2.hdslb.com/bfs/archive/8ee5868cdfa8e977cf8650e1b1262d8d227f261b.jpg,女生晒旅行合影 被盗图造谣“6姐妹征婚彩礼10万”  法院判了！,1754392517,178,433587902,央视频,https://i2.hdslb.com/bfs/face/2650856709fe272aa5cf9c89a053c095d7b252e4.jpg,3994770,"今日说法,网络,盗图,造谣,征婚",316395,1482,2580,1911,2414,625,0,0,33380
BV1ZatMz6Esy,114968238227864,1,216,2063,鬼畜剧场,鬼畜综合,http://i1.hdslb.com/bfs/archive/a56c82390c6b88021436d5d171cd6aa8d6b2e8fc.jpg,旺仔小乔唱哭大佐《樱花树下的约定》,1754276280,199,7098437,天天吃八碗,https://i2.hdslb.com/bfs/face/43ea324534e97601266bcd56d0fc9b833f03d413.jpg,184976,"旺仔小乔,硬核劝降,你给我刷过几个子,沙雕,黄绿合战10th-黄队应援",1019656,2184,1915,9726,2977,4155,0,0,56519
BV1jj8yzLEWo,114946880898558,1,242,2018,娱乐粉丝创作,音乐现场,http://i0.hdslb.com/bfs/archive/0b0160b82a4d5b31c7a59efa70c4ffb880065afb.jpg,BILIBILI MACRO LINK 2025 精选回放,1754120967,6750,403748305,BML制作指挥部,https://i1.hdslb.com/bfs/face/924fb698bc68802a95c123c1f1ff41b3be1e9c9e.jpg,1295851,"BML,音乐,音乐现场,LIVE,现场,BML2025,一起看一辈子BML吧",691598,313,345,3779,825,525,0,0,9778
BV1eHtuzTEbs,114967701356807,1,172,2055,手机游戏,二次元绘画,http://i1.hdslb.com/bfs/archive/954ff1531f721611bdbc1563aa8a692ef1aa3834.jpg,重生之在提瓦特旅行！【偶遇冰丘丘萨满】原神《提瓦特游览指南》龙脊雪山篇——（23）,1754301600,74,401117111,饭团er大人,https://i2.hdslb.com/bfs/face/cde92631cdf219e3ec50f36ef64139c591e0d7d5.jpg,96595,"绘画,手绘,二次元,冒险笔记,原神5.8版本,空月之歌,重生,细节控,米哈游,原神",212543,199,202,1439,1460,115,0,0,28586
BV1EhhLzKEMm,114965688097005,1,130,2024,音乐综合,电台·歌单,http://i1.hdslb.com/bfs/archive/f2d4759eacf56c869f7c4f1bfa98b163293d57c2.jpg,"循环歌单 |【我的XX在哪里】| ""你猜得到我是谁吗？【在哪里の小曲】""",1754265600,3632,550445292,peach63,https://i0.hdslb.com/bfs/face/e2cc169b562e8a06a73d9a6908f39895f72a4604.jpg,569597,"我的XX在哪里,在哪里の小曲,电台新星征集令",2405124,30,81,51265,1699,35,0,66,40272
BV1EztczXE1F,114981408346339,1,252,2039,仿妆cos,cosplay,http://i0.hdslb.com/bfs/archive/169b81c15eca04127b5365ef78b7ef4cf4be4a49.jpg,别笑！你试你也过不了第二关！！,1754480570,366,1477074,菌儿rikushi,https://i0.hdslb.com/bfs/face/2008020f0bda370a4da1ad2eb29e558cc38cb4a6.jpg,1252967,"漫展,ChinaJoy,崩坏：星穹铁道,cos,漫展整活,风堇,OPPO K13 Turbo 系列",184110,653,184,4380,961,2717,0,0,15262
BV1c5tizoE4F,114985334213627,1,22,2063,鬼畜调教,鬼畜综合,http://i0.hdslb.com/bfs/archive/abedae4d383621088edc8a81ce17f86699d5663e.jpg,☝🤓多少带点洋典风⚡⚡⚡,1754537352,175,132344841,去码头整点薯条vv,https://i0.hdslb.com/bfs/face/cac5f720bc6d194223ef3e68c85df93b8a91d349.jpg,643051,"脑洞,动画短片,搞笑,童年,德鲁比,鬼畜星探企划",111339,232,142,988,786,190,0,0,12628
BV15NtHzqEgS,114975368615399,1,138,2157,搞笑,街头采访,http://i0.hdslb.com/bfs/archive/daa11a41e26b2c8d25e72863c1a4a0eb1f3947d0.jpg,《谁 输 谁 社 死》,1754386424,259,632887,伢伢gagako,https://i1.hdslb.com/bfs/face/38d85946c9cd0cf159e4d646be63fad36c2486c1.jpg,2316064,"伢伢,胡桃,搞笑,cos,永劫无间,社死,永劫无间开启电竞版苏超杯,苏超,整活,搞笑研究所",1145838,758,343,6154,882,151,0,0,40230
BV1PLtKzyEwL,114982951847392,1,21,2167,日常,猫,http://i0.hdslb.com/bfs/archive/baf8676aed5cc0564d37f5e21f09b8a4637e0329.jpg,比死神先来的，是一位卧推110KG的肌肉男。,1754500989,157,15101342,尼克你渴,https://i2.hdslb.com/bfs/face/31db24e8d3db1d7873d8f834de62eabc3f36ced5.jpg,3269,"健身,猫猫,动物救助,胸肌,自律,流浪猫,卧推,肌肉,肌肉男,萌宠过暑假",256126,286,981,1478,2422,608,0,0,27398
BV1zhhKz5ESY,114960856260211,1,65,2071,网络游戏,射击游戏,http://i2.hdslb.com/bfs/archive/fdda574b40aaa265563e3280835731f9a269076b.jpg,挑战不出海洋之泪不结束（五）单局两颗非心能抵海泪吗,1754194500,1086,3461572586375762,小里电竞,https://i2.hdslb.com/bfs/face/9ea49de53aec6e12c011ccdb30f0611b44e4bdf7.jpg,188280,"三角洲行动,三角洲新年爽玩攻略,三角洲新年整新活,三角洲行动建模大师,三角洲破壁新赛季上线",785504,8668,1000,8551,2717,812,0,0,54684
BV1hh4ZzaEAM,114979378434301,1,65,2071,网络游戏,射击游戏,http://i0.hdslb.com/bfs/archive/a8881bf1856fb219bb88e22b811ded977eb9d3ea.jpg,号主让我打光他准备的1200发子弹 主人的任务,1754446510,476,3519797,战术级子轩,https://i2.hdslb.com/bfs/face/bf735d494a76c37fd276dbcfe73e3886fbb2cfad.jpg,896863,"游戏集锦,第一视角,射击游戏,电子竞技,三角洲行动,三角洲行动整活大赏,三角洲行动烽火地带,三角洲行动高光时刻,猛攻三角洲行动,三角洲破壁新赛季上线",602583,594,427,3393,913,143,0,0,26232
BV1gYhuz6EgP,114962953408051,1,21,2071,日常,射击游戏,http://i0.hdslb.com/bfs/archive/c03b376dbeeb922d4f86c5b02439f8be1f54279a.jpg,感觉你是那种人6.0,1754195539,35,1666628639,小怂弟,https://i2.hdslb.com/bfs/face/e922f4c94186a0fa905c771f051c1fe40a8df5d7.jpg,278299,三角洲行动,1227310,196,675,26859,1190,6217,0,0,47306
BV1bFtizTEY8,114985569157598,1,138,2155,搞笑,语言类小剧场,http://i1.hdslb.com/bfs/archive/207fd1a37eef412db01c29d95f5e419eb186a8bc.jpg,《浇生灌养の弟弟》,1754540824,103,3493260618106936,伤心欲茄222,https://i1.hdslb.com/bfs/face/1f0cb64d9b62da7db7e6e020b78b6872dbffe55c.jpg,3278920,"搞笑,八嘎,配音小剧场",696904,905,946,3213,2982,1823,0,0,81728
BV192tGz2E6T,114970083723934,1,65,2063,网络游戏,鬼畜综合,http://i0.hdslb.com/bfs/archive/52592643c32049fcbe1efc9891500dee41f1916d.jpg,【IVL】2025夏季赛，但不太正常,1754361925,117,3461571856566600,叹禾Tater,https://i0.hdslb.com/bfs/face/171fd6ae6b16002b8d3c93cb82bbbb2defa8c8ac.jpg,862,"电竞赛事,鬼畜,第五人格,第五人格赛事,IVL,ivl夏季赛,2025IVL夏季赛,网易第五人格",167807,279,844,6826,7602,2655,0,0,25535
BV1yph7zJEZH,114951310086802,1,138,2158,搞笑,旅游记录,http://i2.hdslb.com/bfs/archive/abf8c3915a4170abfc9578bea927c37ff0288ac3.jpg,火热武汉之旅 也没人告诉我太阳天没樱花啊,1754197800,277,434963477,刘大炮007,https://i2.hdslb.com/bfs/face/97bf5ba2eac969bbe56c68aab1c70bc0a1cb0a28.jpg,628623,"生活记录,高能,旅游,搞笑小剧场,记录,武汉,抽象,精神状态",2274760,1398,909,12485,1408,429,0,0,52658
BV1HPtnzEEqJ,114975771200932,1,228,2094,人文历史,科学科普,http://i0.hdslb.com/bfs/archive/c0502b97a0b40506c0818a65413a15c391171a18.jpg,中国第一长河，竟然不是长江、而是黑龙江？！,1754391236,603,390186534,蜀霞客,https://i0.hdslb.com/bfs/face/bbb82adf84214e26d5aba94edfb562800661ee14.jpg,294040,"科学,学习,探索,自然,地理,科普,趣味知识,长江,黑龙江,万物研究所",217067,699,794,3653,1943,425,0,0,15045
BV1fXtnzyEuL,114975234327710,1,253,2042,动漫杂谈,动漫评论,http://i2.hdslb.com/bfs/archive/831526b3b0e8a2f50804dfa85ae1dddd2e2351b7.jpg,只有逆天，没有人类！这部动画到底是给谁看的！真是一场酣畅淋漓的赤石啊！,1754392200,1123,49256130,不知枫叶,https://i0.hdslb.com/bfs/face/40a24491886d30a511e554539446f8d6a38cf26f.jpg,750997,"动漫杂谈,美食,逆天,搞笑,动漫,动画,名场面,动漫解说,烂番吐槽,国王排名",1151938,15634,6722,8839,4482,6549,0,0,45964
BV1Yi4RzhESf,114977063111618,1,21,2017,日常,MV,http://i0.hdslb.com/bfs/archive/3279cb4263638d847c42a298c9349a40021e13a6.jpg,“我要怎么说我不爱你”,1754472300,100,3546872622877434,三点半官方,https://i0.hdslb.com/bfs/face/244bb12aaccb5a61212b38dfa32927ad6c6e9a7a.jpg,171800,"婚礼,穿越,萨克斯,无厘头,怎么说我不爱你,遗憾",449172,406,1285,2223,2902,1049,0,0,41243
BV1WMh3zvEyg,114963993594095,1,17,2066,单机游戏,单机主机类游戏,http://i1.hdslb.com/bfs/archive/a1b31071943330acf0e48c330c80e0d806b7ab74.jpg,我在黑神话里举办了一场拍卖会！#2,1754280000,2264,99827844,肥格Fager,https://i0.hdslb.com/bfs/face/ba0d8b0f571e145ac26f18bde71010581d0c47a1.jpg,862906,"娱乐,游戏,单机游戏,搞笑,黑神话,电子斗蛐蛐BVB,拍卖会,动作游戏,索泰,推荐宝藏游戏",809214,6362,1612,11708,5924,291,0,0,26595
BV1pYtAzvEhj,114982247203135,1,168,2037,国产原创相关,同人动画,http://i2.hdslb.com/bfs/archive/69dd55d0eed2e8295d17aba76f0197fb722da653.jpg,生命星球58 币的由来,1754526600,213,48875744,十里漫漫,https://i2.hdslb.com/bfs/face/3f3d730778883b34e49555ebb54fbecf08e3460c.jpg,272867,"原创动画,科普,科幻,二次元,动画短片,UP！原创动画",451871,424,307,10687,8672,105,0,0,23433
BV17whgzDE4y,114962634709280,1,138,2063,搞笑,鬼畜综合,http://i0.hdslb.com/bfs/archive/62be32ce7accfaf78b3aca270e4b00946bd8fef3.jpg,师傅不是不爱说话，只是没招了。,1754190657,24,1770749483,万能的洪师傅,https://i2.hdslb.com/bfs/face/b6d052263282f5c563505593eb8ee653a4ff9638.jpg,266441,"高能,搞笑,原创,师傅你是做什么工作的,段子",673591,186,858,7346,621,675,0,0,114846
BV18JtAz5EoY,114982666638961,1,250,2162,出行,农村种植,http://i0.hdslb.com/bfs/archive/91fa87798c64157b8e99e3160d2b358a71275afd.jpg,柴达木枸杞 遥远的向日葵地 数不清的红柳 马海的惊喜不止如此,1754539747,719,99530095,赵朔西行漫记,https://i1.hdslb.com/bfs/face/04e94ee63762e20354ab8ecf59d62f5969b2cc3b.jpg,738708,"柯基,夏天,旅行,bilibili出行奇遇记,捷克狼犬",87030,3668,3389,2152,15530,234,0,0,16371
BV1454fzwERB,114978908540356,1,22,2063,鬼畜调教,鬼畜综合,http://i2.hdslb.com/bfs/archive/91859fdd42857787cc713ffdda92bb060b6e68b5.jpg,我把早稻叽给你,1754474400,303,342457336,你眼中的骷髅,https://i1.hdslb.com/bfs/face/c1b6dc976f424130d375d8a095e16e56740b2a1f.jpg,293534,"真白花音,二手推荐,尼奈nine_Official,二手手机,转转,黄绿合战10th-黄队应援",237233,713,851,3320,5619,682,0,0,29028
BV1SgtJzsE2t,114974143811798,1,183,2002,影视剪辑,影视剪辑,http://i2.hdslb.com/bfs/archive/1d5d0f58ff2917b343d481813938dbc18436fdd1.jpg,真的很喜欢这种结尾，这又是谁的青春呢？(第二期）,1754366473,197,111578972,前前前世的陌生人,https://i2.hdslb.com/bfs/face/caa531d35eb71a06403da433b0549fe623675dfd.jpg,337262,"周星驰,星爷,电影,剪刀手安利大赛,回忆杀,名场面,大话西游之月光宝盒,大话西游之大圣娶亲,新精武门1991,B站好片有奖种草",545078,641,265,6262,1799,325,0,0,29346
BV1iQhxzaE8o,114956477468438,1,21,2152,日常,美食记录,http://i1.hdslb.com/bfs/archive/52695bd786c1cfcda9f61bebae30c1f442e240c0.jpg,今晚只喝一杯白开水,1754105400,139,3493282535442944,毛石富,https://i2.hdslb.com/bfs/face/030cc6992babce66eedc5b1174418b114660e826.jpg,339891,"高吃商女友,毛石的情侣异常,你快别来捣乱了",1105045,465,102,10772,510,31,0,0,17581
BV1Zht7zAEd7,114973154023230,1,47,2037,同人·手书,同人动画,http://i1.hdslb.com/bfs/archive/ec1c0cba6cd7c67d5c4f15b560cb13bd4cd64459.jpg,觉醒天赋，我的宠兽卡牌全融合了,1754388000,835,654552,圆桌动漫,https://i0.hdslb.com/bfs/face/6c1421573d214809ca86aef25bdd23670e00128a.jpg,4748579,"原创动画,圆桌宇宙,浪浪山小妖怪,月圆之夜取真经,月圆之夜,萧凡",1007963,3905,736,19321,2795,152,0,0,27761
BV1pQhuztEqS,114963020585779,1,21,2027,日常,音乐综合,http://i1.hdslb.com/bfs/archive/fd13d4fa28d7bd804b4fe5b00d8cab8d928fac30.jpg,朋友就是知道你要恶搞还会配合你的一群人,1754196666,84,1472737499,Lucas是只猫N,https://i2.hdslb.com/bfs/face/6a1a4f7a6f3dd7ac24787ed822fc5c52528c91e8.jpg,944,"搞笑,娱乐,恶搞,配音,朋友,barbarbar,必剪创作",1362855,3269,2831,14879,4357,2773,0,0,146555
BV1qfhEzCEHm,114952400543291,1,157,2013,美妆护肤,娱乐reaction,http://i1.hdslb.com/bfs/archive/f12f75c127ca330f7f3b0421378b0c77870ea22b.jpg,姐几个又来促进激素平衡了,1754125200,621,430926487,达达达布溜-,https://i1.hdslb.com/bfs/face/c3a05d91e4ed61afaba9bb33ec1ba8e207f2e378.jpg,2084240,"娱乐,颜值,帅哥,高能,搞笑小剧场,分享,鉴赏,心动,真实,粉丝投稿",1593240,21549,1412,28191,8666,3278,0,0,60583
BV1bZtvzBEaR,114985585938344,1,65,2071,网络游戏,射击游戏,http://i1.hdslb.com/bfs/archive/5ebbf1922f3248afc6df7eeb557c5e804eeb9d74.jpg,魁斗 x 黄子韬丨天天问我在燃什么？远光84，公测上号！,1754541101,110,3494362379979305,远光84,https://i2.hdslb.com/bfs/face/fdb4d361b8a5d44610caf61a770c18068381b45b.jpg,167581,"射击游戏,远光84,远光84全球公测开启",2346144,782,994,23798,17002,406,0,0,30581
BV1ZRhTz2EWA,114961879665290,1,172,2027,手机游戏,音乐综合,http://i0.hdslb.com/bfs/archive/07967251ba3d31f50b01e852464f3c654f4cb9f3.jpg,《明日方舟》EP - Little Wish,1754190000,251,161775300,明日方舟,https://i0.hdslb.com/bfs/face/d4005a0f9b898d8bb049caf9c6355f8e8f772a8f.jpg,6657462,明日方舟,1016508,10100,8851,30663,37259,13607,0,39,90987
BV1SVtcz6E8r,114979546140185,1,76,2149,美食制作,美食制作,http://i0.hdslb.com/bfs/archive/b10305d0e734bd589d0d8fbd579a9021c100188b.jpg,看了这个你还出去吃吗？！,1754453160,230,270105105,赖皮猴爱美食,https://i0.hdslb.com/bfs/face/fa7a39f18a4f89c48a37dc06bd450dac77b7242d.jpg,2301244,"美食制作,糖醋鸡架,淘宝闪购,淘宝闪购请你喝秋天第一杯,淘宝闪购请你吃秋天第一顿,鸡架,炸鸡,炸鸡架,QQ鸡架,秋天的第一杯奶茶",266967,283,273,3191,1771,326,0,0,17504
BV1kG8UzeEKs,114948390914587,1,172,2078,手机游戏,沙盒类,http://i2.hdslb.com/bfs/archive/63d68aafe4a85837426e1e2ac9640f9ad558e8f8.jpg,迷你世界368到373集，狗蛋来了，他叫执笔乱涂鸦,1753974408,796,672687948,二狗子玩游戏本人,http://i0.hdslb.com/bfs/face/700c1a7c062bd939af79fd64e374dc847b4fc906.jpg,513546,"搞笑,沙盒游戏,游戏实况,狗蛋回归,狗蛋,沙雕,竞技游戏,老沙,迷你世界,上得物得得物",345572,3828,607,8211,3893,195,0,0,20802
BV17WtPzhE4m,114981760732685,1,250,4220,出行,户外运动,http://i1.hdslb.com/bfs/archive/ef3c537cbe01f7adcb32235bbb967e1f9e9ed9c2.jpg,【Links】登上葡萄牙最高峰，大西洋中央的海上火山之巅,1754539200,1467,3816626,Linksphotograph,https://i2.hdslb.com/bfs/face/2827281d7fd11cd62d9cc355039860cd2979970b.jpg,3586814,"葡萄牙,4K,摄影,哔须有此行,Osmo360,登山,露营,全景相机,户外,HDR",163733,2202,813,6285,15867,2574,0,0,19953
BV1HWh7zUE6F,114951360351849,1,22,2063,鬼畜调教,鬼畜综合,http://i0.hdslb.com/bfs/archive/09ad939572b5d4fa88375514169d026ce82d0c09.jpg,☝🤓这是真狗⚡⚡⚡,1754018859,197,132344841,去码头整点薯条vv,https://i0.hdslb.com/bfs/face/cac5f720bc6d194223ef3e68c85df93b8a91d349.jpg,643051,"搞笑,动画,德鲁比,鬼畜星探企划",1182525,368,435,5065,1741,1508,0,0,64232
BV13hhTzPEF5,114962148104225,1,47,2022,同人·手书,VOCALOID,http://i1.hdslb.com/bfs/archive/f895f6841f48c76e75a67cfd76f2160a9b3d093e.jpg,"这些血洗全网的爆曲，竟然都是""术力口""？！",1754183741,444,289196974,在下胡不龟,https://i1.hdslb.com/bfs/face/b48cf6aac90a9cb3114bcbaa4dc34dab4da05473.jpg,2271,"音乐,科普,VOCALOID,vocaloid,术曲,热门,术力口",191345,7873,1438,7601,1633,653,0,0,16187
BV1fXtnzyEAQ,114975234329559,1,218,2167,喵星人,猫,http://i0.hdslb.com/bfs/archive/800b8dc6cfdd15199ced7fb0b8ef6de056ee8b92.jpg,《羊入虎口？ 虎入羊群？》,1754388000,305,263090405,猫不理咖啡,https://i2.hdslb.com/bfs/face/2f60f753ef27168acf7d2aa8c99033e663073142.jpg,1677200,"布偶猫,铲屎官,猫,#领先烘焙猫粮,#做武林猫霸抽免罪金牌,#领先烘焙粮抽黄金,猫咖,云吸猫,打工猫,萌宠过暑假",271884,416,279,1309,18966,213,0,0,30212
BV1iVtEzeE3y,114975100176982,1,47,2037,同人·手书,同人动画,http://i2.hdslb.com/bfs/archive/6a2209d8aeb9cf0c6354cf68b9b28a8839ee7438.jpg,你一家五元自助饭店竟能无限畅吃尖椒牛柳,1754380919,303,1827865417,小汪动画,https://i1.hdslb.com/bfs/face/97372bd503c9a5aa76a243679612f1e94f9b1b06.jpg,48881,"原创,生活记录,记录",5305338,63,42,91280,3224,27,0,10,77005
BV1gotvzuEeK,114985535537435,1,47,2037,同人·手书,同人动画,http://i2.hdslb.com/bfs/archive/1d6a5b3a8ec60cfa5fa838cb03dfea3464452587.jpg,【绝区零】爱丽丝：不要再欺负兔兔了啦~,1754560800,229,287551041,一万根韭菜,https://i0.hdslb.com/bfs/face/0fc28ac65017bc3bb8d48f698266ddf3b53be970.jpg,1065467,"搞笑,比利,手机游戏,手书,浮波柚叶,迟吟的浪涌,绝区零爱丽丝二创,自制动画,爱丽丝,绝区零",110065,682,500,2700,2756,437,0,0,16068
BV1HGtFzpEp3,114980485665328,1,228,2089,人文历史,时政解读,http://i2.hdslb.com/bfs/archive/940240a51ed45d7c9d0b398745c6856d61115cda.jpg,法国怎样才能成为一个英联邦国家,1754474400,404,1612935698,法兰西小欣欣,https://i2.hdslb.com/bfs/face/11ac3f37bd2e8c9e60ecefd5e0f2d52566aceb71.jpg,651260,"搞笑,历史人文,离谱评论,法欣社,薇姿绿标,京东超市黑色期五,抽象,法国博主,薇姿洗发水,给整活儿加点艺术",324802,2197,1773,2556,2067,179,0,0,23821
BV1Bytvz7ENx,114985401389596,1,172,2064,手机游戏,单人RPG游戏,http://i1.hdslb.com/bfs/archive/db2663469ae8ddffbab97072b86437683260a208.jpg,【1999】艾吉奥多流派玩法教学 全新刺杀体系限定大C！含心相 共鸣搭配 配队选择 抽取建议,1754538867,907,6014992,叫我棉被,https://i1.hdslb.com/bfs/face/e9e613fd43bac62672a5e4c828a07fe155c1965a.jpg,1837102,"刺客信条,手机游戏,游戏,重返未来刺客信条联动,1999,艾吉奥,卡珊德拉,兑换码,刺客信条联动,重返未来1999",141295,510,1484,2161,1070,533,0,0,11282
BV1jJtnzMECT,114975536321440,1,21,2037,日常,同人动画,http://i0.hdslb.com/bfs/archive/35ec07bfbdb4bf3c4232dab5b6411f6495ce4385.jpg,【ask】当Sans进入后室遇到了派对客会怎么办呢？（扬鸽ZYD）,1754387708,291,3493114683591388,扬鸽ZYD,https://i1.hdslb.com/bfs/face/b0865afb11db20ef3eca6ef36d4df39817f8d9d9.jpg,32935,"AU,传说之下,Frisk,后室,派对客,Sans,Chara,UnderTale,UndertaleAU,ask,必剪创作",63801,320,336,2422,868,72,0,0,9005
BV1K6tnz9EVT,114975636985210,1,21,2188,日常,自我成长,http://i0.hdslb.com/bfs/archive/c51c6578d6f9434923af0cd72d61755b7f5853b6.jpg,这把真坦白局,1754389213,97,591882474,春游哥哥,https://i0.hdslb.com/bfs/face/003f16b4bf35c96134f3326e165728574a19e3e3.jpg,407615,"萌妹子,高能,情侣,情感,记录",382871,468,560,4104,14517,278,0,0,94743
BV1W2h8zHEeB,114958541003336,1,212,2150,美食侦探,美食探店,http://i2.hdslb.com/bfs/archive/755a25881649b5bd8ccde56e61608c9270320f73.jpg,日本超相扑尺寸饭！普通人来挑战到底能吃完吗？,1754130926,603,405279279,平平出击,https://i0.hdslb.com/bfs/face/87bbab304eff564ec50d999f4c163f2ab225b896.jpg,772205,"自助餐,烧烤,4K,吃货,日本料理,平平出击,记录我的美食日常,沙雕,挑战,探店",736287,2216,850,3179,13777,840,0,0,37760
BV1h98mz2EL3,114948860611114,1,17,2078,单机游戏,沙盒类,http://i2.hdslb.com/bfs/archive/8076de414bdb69de700c4a2813066ffdc8b36ecd.jpg,这是”老六“陷阱！,1754013600,459,29252533,幕川北,https://i1.hdslb.com/bfs/face/e04019772132a134aadbada24aaccbb1bb0dea60.jpg,2591948,"万物皆可游戏,实况解说,我的世界,游戏解说,游戏,游戏实况,单机游戏,搞笑,游戏集锦,单机联机",745201,1374,745,13028,7633,319,0,0,52104
BV1nYtGz4EUv,114969899238451,1,215,2149,美食记录,美食制作,http://i1.hdslb.com/bfs/archive/7101e40505a0d65e7f0f494f38aa92d169cb4afc.jpg,今年8月能不能在中国见到憨豆哥？我们拭目以待,1754301574,255,1984198637,西班牙陈挺,https://i2.hdslb.com/bfs/face/80a8d4d675bf87beba65d8b2af8f8beb63c6b641.jpg,2253702,"美食制作,外国人,记录我的美食日常,姜母鸭,闽菜,福建",706112,1282,1160,2241,1858,211,0,0,57126
BV1NohLzEEkT,114967550369278,1,161,2099,手工,电脑,http://i1.hdslb.com/bfs/archive/c03c318c46ab0348bb75889b6c7f709f04e1256e.jpg,伊  涅  芙  实  机,1754280000,130,7057999,牛掰的瑶子,https://i1.hdslb.com/bfs/face/efbb1365ca8a93d32ca678bac13a150762154d9a.jpg,164580,"DIY,手机游戏,图吧装机,伊涅芙,原神伊涅芙,原神",1909518,7770,2064,18499,18421,12401,0,52,123837
BV1PgtwzaELR,114981341238904,1,182,2009,影视杂谈,娱乐评论,http://i0.hdslb.com/bfs/archive/b9477479e9f9938c4ae3b8e1488e1047ba161fab.jpg,今年看过最好笑的综艺《地球超新鲜》,1754476285,954,34189415,low君热剧,https://i2.hdslb.com/bfs/face/fabe17ef4b344336b872e3ded46a4a4b11140e7f.jpg,2928320,"陈赫,孙红雷,王玉雯,欧阳娣娣,地球超新鲜,李乃文,龚俊,陈星旭,刘宇宁,娱乐吃瓜大会",623255,6062,2683,4928,2999,3307,0,0,19666
BV1nDtFzsEG5,114979797994493,1,137,2014,明星综合,娱乐综艺正片,http://i2.hdslb.com/bfs/archive/7b0c114d92e00af68b51e3b286769b2f5dbab822.jpg,[GOING SEVENTEEN] EP.130 水中求生 #1,1754481600,1572,692206640,SEVENTEEN,https://i2.hdslb.com/bfs/face/6e38f8bbbc91684eea8cac8b4b49f2a5da7623e2.jpg,2027139,"SEVENTEEN,GOING SEVENTEEN",296737,38607,1437,3904,6012,1471,0,0,19222
BV1LGtjz4ExM,114973942488965,1,95,2099,数码,电脑,http://i2.hdslb.com/bfs/archive/201804c3809fff3a0edb149e339f24d484115c86.jpg,【25年8月电脑装机配置推荐】停更20天，只为带来更劲爆的视觉冲击，初心不变，致力打造全网定制标杆！做与众不同的主机！涵盖4000-4W，超详细攻略，小白也能懂,1754365308,4701,551534193,至尊定制,https://i0.hdslb.com/bfs/face/5fbb9847719371ec3ddda7fb625cc3b15cffc258.jpg,595888,"科技猎手,DIY,显卡,装机,电脑,二次元电脑,电脑配置,主机,定制电脑,配置推荐",237515,4704,1123,2677,1281,826,0,0,20784
BV1YLhWzEEQ9,114954229257331,1,171,2071,电子竞技,射击游戏,http://i2.hdslb.com/bfs/archive/6f63e471e7431e67707431dcf5f09a941cdc2692.jpg,脸都气绿了,1754062484,431,1050482689,康有成,https://i1.hdslb.com/bfs/face/2856b2c0f3f7bca04bc4b84883533eb3db3cfef9.jpg,162748,"穿越火线,FPS,电子竞技,推荐宝藏游戏",1988645,1764,1083,18988,4514,2941,0,0,121969
BV1fFhGzfEna,114963490277448,1,213,2151,美食测评,美食测评,http://i1.hdslb.com/bfs/archive/a676af1b97d39ad0ca6883bd9874502aca4e3201.jpg,五百多一盒的琥珀糖大测评！真的下血本了,1754215200,205,117291234,野人哥p,https://i0.hdslb.com/bfs/face/6c3574c21c1ac26cf1a739096b8ba0353ef28bc1.jpg,291905,"美食,零食,老外,美食测评,琥珀糖",188959,2178,135,7400,1830,54,0,0,27617
BV1HJtPzPEjf,114982079501318,1,130,2014,音乐综合,娱乐综艺正片,http://i0.hdslb.com/bfs/archive/e2921833cdc5184ef68d4911877e9b0d29cb2e2f.jpg,【NCT WISH】WISH高中学生们的🪽夏日爱宝乐园体验学习➰☀️ |  EVER WISH PICNIC ੈ✩,1754487655,2119,3546586890111682,NCTWISH,https://i1.hdslb.com/bfs/face/c527de1e8dcf2065a4203b7e069e4a521fb6bd11.jpg,349560,"NCT,NCT WISH,EVER WISH,PICNIC",87724,12722,677,2453,1916,501,0,0,7109
BV1SW4dztEvW,114976475843752,1,138,2001,搞笑,影视解读,http://i2.hdslb.com/bfs/archive/9a1ae47e2da0325ab59a9762ac3735bb9097a972.jpg,经典回顾之流星雨帅气篮球,1754402056,223,1379165407,-超级小能猫-,https://i1.hdslb.com/bfs/face/9ba5a55b282a55ac2eb29267ad9ccab381678934.jpg,2405160,"解说,搞笑,篮球,抽象,搞笑研究所",200095,610,395,1382,787,682,0,0,16172
BV1J5twzfEvc,114981290970354,1,17,2077,单机游戏,休闲/小游戏,http://i2.hdslb.com/bfs/archive/2f3edc3ece7aeb31535a3128b1c0e4652c6a8c4f.jpg,这 片 草 地 不 养 闲 人,1754521500,491,11022243,云耀yoke,https://i0.hdslb.com/bfs/face/59fd606e8f48019168f0120f8e6c969e590549fb.jpg,864994,"植物大战僵尸,游戏实况,云耀yoke,吃不了席版,植物大战僵尸吃不了席版,游戏剪辑,pvz,云耀",448634,801,250,7252,1044,113,0,0,16473
BV1vttVzUEmY,114971442681575,1,162,2055,绘画,二次元绘画,http://i2.hdslb.com/bfs/archive/66218429cbb86b59a7f1dc3cb781f515f7581ba5.jpg,【Procreate】你有这么权威的企鹅进入马达加斯加,1754325255,62,15635155,禾几丁页,https://i1.hdslb.com/bfs/face/a9459de2e8032dfa36027a313808bf5809904cb4.jpg,8145,"绘画过程,拟人,绘画,马达加斯加的企鹅,PROCREATE,马达加斯加",493388,152,1020,23741,5017,2070,0,0,89093
BV1a38mzLEFV,114949330306218,1,138,2154,搞笑,剧情演绎,http://i0.hdslb.com/bfs/archive/3282c429efc3290e4bf58e542a15015d949a25f4.jpg,那些年女主人不在家的日子,1754052600,171,639923249,大瑶同学remix,https://i2.hdslb.com/bfs/face/5e3796f6804b0035f0173b830e9aad5ad51385ca.jpg,1566498,一人分饰多角,757072,400,810,2275,3878,381,0,0,90437
BV1sMh3zvE1b,114963993599359,1,182,2001,影视杂谈,影视解读,http://i1.hdslb.com/bfs/archive/2024b970919103e406e65fbcd321d4a8622175c2.jpg,让主角父母双亡有什么好处？我统计了100部经典高分电影，发现……,1754280000,1521,1033271681,踏雪丨Snower,https://i2.hdslb.com/bfs/face/06dd051ca940270b4ce2313f8a6a9c938e5b3b5e.jpg,5427,"经典,高分,电影解说,家庭,电影,影评杂谈,父母,主角,高分电影,影视IP观察室",1166403,2299,3922,19927,11879,3006,0,0,47216
BV1eUhgzEENJ,114964211697794,1,86,2048,特摄,特摄,http://i2.hdslb.com/bfs/archive/96feef3576755950a2a60f4b1bfad88b4e5bca7a.jpg,挑战穿手工制作13套皮套去郑州8.16特摄ONLY一天,1754214818,24,41268012,雎鸠Tiga,https://i0.hdslb.com/bfs/face/674933aacd29a4d95c76e4f5055381749045cea3.jpg,62348,"特摄,手工,赛罗奥特曼,迪迦奥特曼,漫展,梦比优斯奥特曼,cos,泽塔奥特曼,特摄剧,贝利亚奥特曼",396062,203,863,3407,858,488,0,0,45934
BV1oyhHzDE2n,114952736218657,1,138,2154,搞笑,剧情演绎,http://i0.hdslb.com/bfs/archive/7158d9d5415d791132d95ab389d0c053e3124d9c.jpg,等你半天了,1754039736,155,592107356,房东的肥四四,https://i2.hdslb.com/bfs/face/43b096e1f65f27470b0992d8986e24def9bdd6e6.jpg,776674,"短片,原创,学生作品",764007,483,428,6922,1376,420,0,0,62243
BV1PUt3ztE48,114970385847938,1,17,2079,单机游戏,其他游戏,http://i1.hdslb.com/bfs/archive/79a53b0c9476e8ee8939fc0e0bae5d995cbdaaad.jpg,“嘘！”偷偷玩小游戏，不要被伪人妈妈发现了！,1754309142,1218,218813697,游泳的艾米,https://i0.hdslb.com/bfs/face/30d2889a3fb2e8b64cd368489322dc9223225fe3.jpg,1063985,"恐怖游戏,妈妈,一命速通,steam游戏,伪人,整点电子榨菜",237109,1147,293,3937,1525,274,0,0,28858
BV16qhGzeEoc,114965503544960,1,95,2099,数码,电脑,http://i1.hdslb.com/bfs/archive/aac0b8830db3e16d39813ed78b28db97fb5a1384.jpg,【8月电脑配置推荐】这才是正常人要的配置单，耗费一辆小米YU7，只为教你把预算都花都在刀刃上，建议收藏,1754235785,3096,597148617,船长总动员,https://i0.hdslb.com/bfs/face/08010e7b92d8f19ac8fe3fcf57252f057643b19b.jpg,375194,"科技,装机,装机教程,电脑,DIY电脑,配电脑,性价比,电脑配置推荐,装机推荐,配置推荐",301913,280,1562,4398,3540,815,0,0,11016
BV1vehVzxEWk,114964547312228,1,183,2090,影视剪辑,人文历史,http://i2.hdslb.com/bfs/archive/00893b248d0e18de68887871ea8ca177ad411d6e.jpg,没鬼没妖，但就是聊斋《聊斋志异》原著讲述,1754291100,1308,297187,姜不够,https://i1.hdslb.com/bfs/face/f56a02d96130b0ce5db176ac4b8db2d391fafa94.jpg,92908,"文学,聊斋志异,聊斋,人文,人文历史档案馆,古典文学",363017,1635,700,4268,3366,308,0,0,12608
BV1UBtFzeEgE,114980200387825,1,17,2079,单机游戏,其他游戏,http://i0.hdslb.com/bfs/archive/eea085ad614571a94b7060937375213f38ed1655.jpg,【散人】deltarune三角符文 连续boss战 眼花缭乱精彩刺激（P3）,1754459379,4279,168598,逍遥散人,https://i1.hdslb.com/bfs/face/8a5de2d7486251e80307d8600cbf8649eb4035fe.jpg,7306329,"散人,娱乐,逍遥散人,游戏实况,搞笑,undertale,deltarune,三角符文,推荐宝藏游戏",366711,2074,519,4003,4467,232,0,0,46902
BV1hUtJzbELG,114976140302401,1,65,2071,网络游戏,射击游戏,http://i2.hdslb.com/bfs/archive/8d1370f4fd32b94425198d84baf030b5f74fc3bf.jpg,「宝藏月」三重专属福利 8月8日正式开启！,1754396811,91,3494376565115651,三角洲行动,https://i2.hdslb.com/bfs/face/d86e9c7dcf8c0faf25b277a38d8103832556383f.jpg,2476121,三角洲行动,1726881,42870,8071,31584,2374,21915,0,57,127843
BV1AF4ZzXEvN,114977566363462,1,21,2154,日常,剧情演绎,http://i2.hdslb.com/bfs/archive/b64969902e5a7db79c9d9f6a675ffa74ca6a2921.jpg,我叫水牛,1754419156,150,3546899950864647,我要睡觉-1589,https://i0.hdslb.com/bfs/face/2549d9d42ff0324b76d6e7e21eb44e1bcc9df315.jpg,219688,"生活记录,动物,牛",901036,361,477,17343,2369,404,0,0,45084
BV1ymhnzfEiD,114953692387624,1,182,2001,影视杂谈,影视解读,http://i0.hdslb.com/bfs/archive/75da7ab7c20690b500f9214c6ccfe472c610ae79.jpg,漫威再次烂穿地心！价值观都歪了！千字赤石《钢铁之心》！,1754128800,1653,49960899,BuriedAlien,https://i0.hdslb.com/bfs/face/e41d2f3901e156f708be59a3b4f593779a9adda1.jpg,1351903,"复仇者联盟,美国队长,托尼斯塔克,钢铁侠,漫威,钢铁之心,MCU,复仇者联盟5,万字拉片大赛",2156956,17627,5288,18155,39769,6612,0,44,102051
BV1XMhJzqEBo,114952635488414,1,138,2006,搞笑,AI影视,http://i0.hdslb.com/bfs/archive/f4ab9c80b6a56cc4d73a04945f367f51a7ff2e2a.jpg,这家伙...真的是人类么？,1754040012,439,5294454,逗比的雀巢,https://i0.hdslb.com/bfs/face/e56d8c14d3b74b4e32fbaf2ac4af119328c56c93.jpg,9603982,"搞笑视频,搞笑,恶搞,生活,高能,魔兽世界,纪录片,搞笑小剧场,魔兽世界国服20周年庆典,ai",10975017,26008,13404,200876,294963,74148,0,1,1045611
BV1sE4ozDEe4,114978019349575,1,172,2073,手机游戏,动作竞技游戏,http://i2.hdslb.com/bfs/archive/2f2f7dcbb90ba5b5cc0f190eeb66d6264cd035ad.jpg,第五人格海龟汤！！我们来了！！,1754450700,339,64533070,解说张一条,https://i1.hdslb.com/bfs/face/1732e9577707ca767bd7bf58639af4b9baf689e7.jpg,61827,"第五人格,第五人格赛事,飞莎儿,2025IVL夏季赛,海龟汤,烤鸭,张一条",75238,372,293,1526,640,321,0,0,5378
BV1ZRtEzvE5u,114974647128942,1,21,2155,日常,语言类小剧场,http://i2.hdslb.com/bfs/archive/b210d4c47f207df02ae2903b6b2a4418dd558598.jpg,信我的，谁家的钱也不是大风刮来的，票价该多少钱就是多少钱，一定不要因为支持我，给自己增加经济压力和困扰！,1754395800,51,3493261712820480,临沂房主任,https://i0.hdslb.com/bfs/face/d11614edb3e8d86ab57088b849ba48b87d33f199.jpg,48980,"搞笑,喜剧,脱口秀,记录,巡演,拒绝黄牛,房主任,多元视角看娱乐",232590,214,728,1363,5478,460,0,0,56715
BV1JfhnzpEaM,114953306642785,1,250,2126,出行,户外探险,http://i2.hdslb.com/bfs/archive/c927e605c34a22811614ad39ddd7f98a0ecd763a.jpg,《埃及·红海》第2集：用时两天一夜，探索资源贼好的偏僻小海湾！不仅收获好多巴掌大的海螺，还解锁了好多叫不出名字的大鱼！,1754103600,1353,1497330079,OK哥环球探海记,https://i1.hdslb.com/bfs/face/aa0720a9f930e03569ac61092d207d164ce5122f.jpg,2103961,"AI,夸克AI,埃及赶海,真的假的问夸克,渔猎,夸克,赶海,红海,潜水,海岛探索",2051684,5951,1045,24577,25629,1576,0,99,68497
BV18ZtvzBEwx,114985585935666,1,215,2154,美食记录,剧情演绎,http://i2.hdslb.com/bfs/archive/3b2404f071494914487ba364ff85138d1ff9921b.jpg,真正的朋友做客教程,1754540981,640,3546594741848906,团团的一家,https://i2.hdslb.com/bfs/face/f578dc23bbfbbfd845c7800b763f7ec872269e28.jpg,605358,"定格身边的小美好,搞笑,生活记录,朋友",147211,682,547,813,909,980,0,0,11923
BV1uYtnzbEyw,114975720871039,1,21,2077,日常,休闲/小游戏,http://i2.hdslb.com/bfs/archive/5264f9a59c05648043c33ab9ece7856ba022d345.jpg,【逃出惊魂夜】惊魂码头实况,1754390433,679,2095518789,大啵豆,https://i0.hdslb.com/bfs/face/4d43b6078975ab57543751143413fc96c0b8f115.jpg,51900,"游戏实况,船长,蛋仔奇思妙想计划,逃出惊魂夜,小旧帽,惊魂码头,惊魂夜,教程攻略,蛋仔,蛋仔派对",661797,568,220,27119,2131,29,0,0,29176
BV1HgtwzaEDA,114981341302098,1,95,2105,数码,科技数码综合,http://i2.hdslb.com/bfs/archive/907eaf27bb4605afe1d4d7f626ce585d450c5e3f.jpg,XREAL One Pro 像一副成熟眼镜了 真的！,1754479696,679,276928941,林捂捂,https://i0.hdslb.com/bfs/face/130befe6530b010a915b2af8f8852b8a743fdbfa.jpg,1123281,"科技猎手,VisionPro,XREAL,XREAL One,XREAL One Pro,智能眼镜,AR眼镜,PS5,便携屏,Switch2",175402,145,603,2955,2611,234,0,0,13410
BV1ge8qzSE8j,114942485204353,1,228,2088,人文历史,社会观察,http://i2.hdslb.com/bfs/archive/f724b83077b1c6119630130f96a68d3d1b16d48e.jpg,存着8000枚比特币被女友扔了，他苦守垃圾站17年，现在要买下整座垃圾场,1754038800,502,17555340,辟谣的大舌头LOOONG,https://i0.hdslb.com/bfs/face/ada12a297505dd764390bbfdc6e46a68d0b73092.jpg,168807,"人文,搞笑,挖矿,比特币,垃圾,区块链,数字货币,社科,虚拟币,币圈",1980023,1446,3236,4327,604,855,0,0,56595
BV1tH8SzjE4F,114949716184347,1,130,2027,音乐综合,音乐综合,http://i2.hdslb.com/bfs/archive/b653ca373ccee92af5e33da939ea9242c9b597aa.jpg,硬 曲 盲 盒 9.0,1754006400,2050,88082801,挽风丶Sama,https://i2.hdslb.com/bfs/face/91484503b5edaa7134d6cd03c418d24acf4845a5.jpg,355044,"电台,BGM,音乐选集,小曲,卡点,盲盒,电台新星征集令",937494,1447,229,116070,8461,329,0,100,89416
BV12k82zNEQJ,114947434484904,1,138,2020,搞笑,翻唱,http://i1.hdslb.com/bfs/archive/8f6c880a68d4b456ece0a551d2fa3f344b58cad2.jpg,可能是我贱吧最合理的一集,1753969500,73,400719755,火山泥_咖啡,https://i2.hdslb.com/bfs/face/91d7a65d6bc552212f08c9ad63d453ae6f4fe21c.jpg,24897,"翻唱,填词,三角洲行动,乌鲁鲁,跳楼机,堵桥",1672354,648,2529,75288,28360,40418,0,0,168935
BV1r9twzwErs,114980603038595,1,137,2014,明星综合,娱乐综艺正片,http://i2.hdslb.com/bfs/archive/1b4500f841d314f7deff2054359134039b11c162.jpg,【登陆少年】《TOP登陆少年组合日常角》 23,1754474400,1012,3546657239075200,登陆少年组合,https://i1.hdslb.com/bfs/face/bf39db605b4c1bf1c519c1429a4d71eb605e089d.jpg,1474508,TOP登陆少年组合,298407,60677,1867,2993,1364,211,0,0,11755
BV1MbtEzWE1C,114974865229121,1,212,2150,美食侦探,美食探店,http://i1.hdslb.com/bfs/archive/fa8679ab215911d47f436c0ade5dfb8411d0ef06.jpg,在贵阳来一顿夺夺粉，居然还遇到了投喂,1754384700,176,662658732,玲子reiko-,https://i0.hdslb.com/bfs/face/a8d629cf26aadac92df23448177860842cc8e133.jpg,1769987,"贵阳,记录我的美食日常",199537,143,476,1087,796,973,0,0,22197
BV1MttjzjEi7,114974110258388,1,172,2071,手机游戏,射击游戏,http://i2.hdslb.com/bfs/archive/22263c0ce949077276db966f17bc803de82908e0.jpg,无惧无畏，方显粑粑流无名的本色,1754367996,382,1809444890,三角洲-安澜,https://i2.hdslb.com/bfs/face/e714b2642ce045e441a21dd29e94a72d3f7f3f8e.jpg,299374,"搞笑,三角洲行动,单三猛攻,无名教学,幽默静步人,粑粑流无名,安澜三角洲,粑粑老祖,akm,三角洲攻略课堂",1424229,955,1683,7786,2061,2048,0,0,76764
BV1W8hHzcEMc,114952970963838,1,138,2154,搞笑,剧情演绎,http://i1.hdslb.com/bfs/archive/26853126726175ddaf49118a7f43769c1e285197.jpg,做了件好事,1754043339,182,3546638173866146,李万基fit,https://i2.hdslb.com/bfs/face/6623817f465bd4b80cf1f83af334fa2d56d0983c.jpg,490698,搞笑研究所,3671853,676,1322,12488,5722,1958,0,36,214191
BV1bhhtz9Eio,114957601478830,1,243,2024,乐评盘点,电台·歌单,http://i0.hdslb.com/bfs/archive/5cc26a3189f3dbdfe5bd51eed50e8ca7b937cbfd.jpg,循环歌单|【SARAVIA FUNK】|“【xx在哪里の小曲】我们的敌人在哪里？”,1754179200,3709,423517587,蛋某人音乐,https://i0.hdslb.com/bfs/face/3a3a15373208c19ea9c69cb91632e3b13e336711.webp,683136,"歌单,循环,SARAVIA FUNK,电台新星征集令",1407293,111,253,62725,2081,37,0,92,45169
BV1R2hgzSE6u,114964295648696,1,17,2078,单机游戏,沙盒类,http://i2.hdslb.com/bfs/archive/f4e4d7a263026b29b04ede986dca07d1003fd647.jpg,谁是卧底6 ？！！！,1754269200,1134,108078209,沝沝DjKO,https://i2.hdslb.com/bfs/face/22841a628aaa7f60f767ca66b5bc83b682bfc9d6.jpg,1142669,"搞笑,我的世界,游戏,沙盒游戏,MC,狼人杀,单机游戏,minecraft,谁是卧底,推荐宝藏游戏",816443,8163,1400,10496,9019,582,0,0,61409
BV1dCtGzUETP,114970050169521,1,21,2148,日常,其他手工,http://i2.hdslb.com/bfs/archive/ecb35d9df10900a2a39e36cb601d980385cc39f1.jpg,🔥红糖老虎|刀刻立体画,1754303953,25,3493078214118135,caaabi,https://i0.hdslb.com/bfs/face/170676b89ad08d8953df4c4ce4a03524cb06fa7d.jpg,3400,"手绘,绘画过程,老虎,立体画,宠物画,做一种很新的手工",381784,153,1072,5279,1791,322,0,0,51532
BV1A7h4zyEmb,114956259299239,1,201,2094,科学科普,科学科普,http://i0.hdslb.com/bfs/archive/7b424dff324a49081516dad7395c567d7cd308db.jpg,呼吸坟场：从铁肺到浓雾的生死账,1754093569,433,1208823126,大圆镜科普,https://i0.hdslb.com/bfs/face/9c34ee4b8041dd6f2139c52287c8d34a0a42f230.jpg,444707,"科学,科普,生物,健康,生命,呼吸,AIGC,每天一个健康知识",1118718,1321,677,14435,4531,889,0,0,113869
BV1BYtJzzEQs,114976106747627,1,251,2166,三农,农村生活,http://i1.hdslb.com/bfs/archive/a77c39b67b1869e04e20e2e797910fc5bccb5ae3.jpg,谁说喜欢看这个？,1754397224,279,3493138387699886,山野农夫高山农场,https://i2.hdslb.com/bfs/face/82a985ed7c1f2cf2fa003afdb727e9e5fbf30cb9.jpg,330351,"动物总动员,冰糖葫芦,喂鸡,鸡",146539,485,349,607,1284,248,0,0,19532
BV1YqtLznEbH,114972449314486,1,17,2079,单机游戏,其他游戏,http://i2.hdslb.com/bfs/archive/bf0626c0aead1b428121cc35a4e9bfa642359d8d.jpg,赌博是如何将你的一切吞噬掉的！贴近现实的戒赌游戏！,1754355600,5109,26240675,与山0v0,https://i2.hdslb.com/bfs/face/1dd429855a968c9d22b8ccc000a7aaabe8dbc201.jpg,4962356,"恐怖游戏,游戏实况,实况,游戏视频,单机游戏,实况解说,戒赌,赌博,推荐宝藏游戏",497929,12664,2888,10374,17562,1162,0,0,45872
BV1RWh8zTEHK,114958792727743,1,239,2088,家居房产,社会观察,http://i2.hdslb.com/bfs/archive/ce4c00b3ea50e0e40d3453715ca03e87709baf4c.jpg,育儿补贴？德国每个孩子65万！已经发了50年......但是，并没卵用！,1754132266,217,676174563,洋哥在德国,https://i0.hdslb.com/bfs/face/9294eff76b7d04382908e310591f885ac0e803c4.jpg,505052,"教育,职场,家庭,德国,情感,高能,育儿补贴,海外,育儿,我的养娃日记",1801552,8099,12013,13307,6077,15371,0,86,129389
BV1pFhNz2EUo,114959430189382,1,130,2026,音乐综合,乐评盘点,http://i2.hdslb.com/bfs/archive/64eee508de73a746f6f40cb16a2bb39a3313d811.jpg,8090后当年究竟是吃了多少细糠，才看不上现在的新歌？,1754213400,1173,1021254247,八零九零音乐,https://i1.hdslb.com/bfs/face/b777b5e9ecad31a57a48110abda0bb4e269f115d.jpg,250835,"#8090后,#一代人回忆,#经典老歌",491643,2332,1052,6846,1506,652,0,0,7741
BV1LahVzoEk3,114964899568450,1,158,2114,穿搭,鞋服穿搭,http://i2.hdslb.com/bfs/archive/45c041bf14a362ae73d4f4834b5a00159ee7f881.jpg,服装盲盒！挑战给团队每人买两套衣服！,1754225726,1292,431615976,聂小倩她老板,https://i0.hdslb.com/bfs/face/d3be65d78fb1280568bd852c282669c83c116164.jpg,1420624,"服装,团队,穿搭,服饰,团队大作战,挑战,盲盒,服装开箱,解锁夏日时髦vibe",293314,11067,1138,2019,6374,210,0,0,34097
BV151tczUEcs,114981609672473,1,21,2028,日常,宅舞,http://i0.hdslb.com/bfs/archive/eecffdd17e940f55050e25fe5919f2c725a6a9ee.jpg,兄妹两人为何大汗淋漓,1754480695,184,214391420,KeyKeyKiYoMi,https://i2.hdslb.com/bfs/face/383a30e3e99c2aec038ecb2b71864f6ca1ecf490.jpg,628557,"小姐姐,可爱,萌,宅舞,原创,美少女,兄妹,舞蹈翻跳,暑期练舞日记",207209,390,461,2433,2383,244,0,0,8335
BV1M6h3zCEpb,114963708382275,1,138,2156,搞笑,UP主小综艺,http://i2.hdslb.com/bfs/archive/926ea6706f2a4028b66d413e4429249792e74da8.jpg,哈哈哈哈答非所问,1754207148,117,551931509,小歪很拽,https://i2.hdslb.com/bfs/face/961bf1b9c9551c209a44d3463990190c36b3cdb1.jpg,1270873,"综艺搞笑,趣味游戏,答非所问,办公室游戏,看一遍笑一遍,搞笑研究所",2154813,2542,472,27746,2096,1275,0,0,84298
BV19RhAzcEdU,114940891369288,1,172,2064,手机游戏,单人RPG游戏,http://i0.hdslb.com/bfs/archive/fac671ac584abcbc1ed9352254f6b334f66d9895.jpg,《崩坏：星穹铁道》救世PV——「开拓者」,1754136000,107,1340190821,崩坏星穹铁道,https://i2.hdslb.com/bfs/face/57b6e8c16b909a49bfc8d8394d946f908cabe728.jpg,11441381,"崩坏：星穹铁道,米哈游,miHoYo",6212935,188775,58639,140155,272213,100734,0,1,501536
BV1DVhJzPEa3,114952518047774,1,241,2009,娱乐杂谈,娱乐评论,http://i1.hdslb.com/bfs/archive/5404371c90ce820a3d42a62dde2367541e59534d.jpg,点名中央的旺仔小乔，黑料彻底大曝光，彻底凉凉的“原唱”张碧晨。小绵羊的内裤去哪了？,1754046000,1171,26376587,吃瓜郭昱麟,https://i2.hdslb.com/bfs/face/6927b2ddf58a9f9abaa147ab8a4eaa0842931fd8.jpg,986734,"娱乐,综艺,汪苏泷,吐槽,旺仔小乔,同诗剃须刀,张碧晨,八卦,明星盘点,娱乐吃瓜大会",2479333,8524,4354,11855,4075,2040,0,0,77309
BV1UdhbzxE5y,114959027542752,1,238,2148,运动综合,其他手工,http://i2.hdslb.com/bfs/archive/10a374f72e549fc6646b2c7448959d46d765c178.jpg,我是怎么开始走上做弓的路,1754135930,34,417416987,墨墨爸做弓,https://i2.hdslb.com/bfs/face/22ec138c64dfe0cf2bb8cfd930e5fdd974762323.jpg,9522,"手工,原创,生活记录",870298,61,900,2203,12164,77,0,0,105344
BV1xzhTzZEUW,114962248834202,1,183,2041,影视剪辑,动漫剪辑,http://i2.hdslb.com/bfs/archive/cfbd1944b1f5a507e81d1e3280468504b031c211.jpg,⚡️ 哪 有 什 么 妖 精 ？⚡️,1754192100,86,432714872,Andalou-孟德,https://i2.hdslb.com/bfs/face/823da1bb1ffaaf24da53795f24ffb43ad107170a.webp,7570,"葫芦娃,混剪,孙悟空,西游记,童年,天书奇谭,上美影经典作品,哪吒,中国奇谭,浪浪山小妖怪取经副本启动",1549580,619,1379,30468,24187,2740,0,50,180168
BV1VXtGzCEFh,114970016682025,1,201,2082,科学科普,社会资讯,http://i2.hdslb.com/bfs/archive/ae7a94710df676b498d4fbfa9bd389f6e9335f24.jpg,网购鸡爪“缩水”，直播带货“鬼秤”何时休？,1754303337,396,439478093,中国食品报融媒体,https://i2.hdslb.com/bfs/face/41703cc47175657261e088a1efb4906da542719e.jpg,4080192,"直播带货,打假,虚假宣传,乱象",211973,480,1041,909,1348,267,0,0,17872
BV1Ud81zqEZQ,114948005044197,1,171,2207,电子竞技,随拍·综合,http://i1.hdslb.com/bfs/archive/87125ef318ae6ec3c94910be98db4a2df00b1051.jpg,惩戒关羽终于拯救了队友！苏打锋,1753970880,196,39560763,Study苏打锋,https://i0.hdslb.com/bfs/face/c0f969795d667f5ccd6ef85ef0b886190629a2f3.jpg,844230,"鬼畜,电子竞技,NBA,王者荣耀,惩戒关羽,苏打锋关羽,蜀国人关羽,MOBA,关羽,苏打锋",1215894,471,650,5518,3290,976,0,0,73794
BV14ZtJzpEL2,114975838311440,1,138,2073,搞笑,动作竞技游戏,http://i2.hdslb.com/bfs/archive/afd00b02b407712748c365ffba84e0ba47d88bc9.jpg,【梗百科】画他的奶奶是啥梗？,1754392196,140,1544008396,梗百科,https://i1.hdslb.com/bfs/face/096ce47bce303e18d35df5343887a1ea9a9bbf8e.jpg,1916958,"手绘,初音未来,魔法少女小圆,第五人格,世界计划,那艺娜,少羽,抽象,重返未来1999,给整活儿加点艺术",985531,639,523,13631,609,707,0,0,34486
BV1rDtFzxEBY,114979797729537,1,21,2037,日常,同人动画,http://i2.hdslb.com/bfs/archive/548ca7ea12b1394514704fa2d3a473d94fd502e3.jpg,第一视角挑战桃子组（开头出现的cp是粉丝要我说的 大家不要因为cp而争吵……）,1754454114,339,1493265234,支持猪妞的扣666,https://i0.hdslb.com/bfs/face/770fc538b7a1b5d1d5ea5163452f88d1e452b60e.jpg,34334,"猪妞,抽象猎奇,黑白高,藕饼",428212,718,449,14258,793,120,0,0,19479
BV1tbtjz1EAh,114974093549347,1,17,2077,单机游戏,休闲/小游戏,http://i2.hdslb.com/bfs/archive/90269a466b4b70afd5f0bd92a9b209fbec9bb525.jpg,觉醒后，我拿下了七杀！,1754365551,306,64116958,名游社,https://i1.hdslb.com/bfs/face/0ca11f1f7e159f848be4ef14d87042f0380f47d3.jpg,1200883,"搞笑,联机游戏,娱乐,游戏实况,策略游戏,名游社,沙雕,休闲益智,整点电子榨菜",330922,467,578,2291,1860,154,0,0,22147
BV1d6hbziEWh,114957114939663,1,215,2152,美食记录,美食记录,http://i0.hdslb.com/bfs/archive/ce454d1b85bc86ea2053fe9d29aad85c343f8c53.jpg,工地一人食，3元一斤凉面吃撑了，睡地上休息,1754106560,296,487215770,农民工川哥,https://i2.hdslb.com/bfs/face/3d05653d4b7cdabc08e7c464cc36ec3bc26284cf.jpg,963944,"美食,生活记录,记录我的美食日常,美食记录,凉面,工地,农民工,Vlog",671705,947,985,1504,3848,293,0,0,26155
BV1RYtKzwEq1,114984646348355,1,65,2071,网络游戏,射击游戏,http://i0.hdslb.com/bfs/archive/6a00d210430ed789fe2cc22e4da059fcdd19861b.jpg,今日公测，谁能成为鸡王之王？,1754533800,206,3494362379979305,远光84,https://i2.hdslb.com/bfs/face/fdb4d361b8a5d44610caf61a770c18068381b45b.jpg,167582,"射击游戏,远光84,远光84公测8月7日,远光84全球公测开启",2243774,760,1297,10697,10218,721,0,0,42275
BV1sbtAzMEn1,114982633080175,1,65,2071,网络游戏,射击游戏,http://i0.hdslb.com/bfs/archive/561b0c0eb765da72fca5e34590c0e254cc8942cd.jpg,敲钟人《暗区突围》用所有枪在强化封锁区撤离，第91集：AK12篇,1754526604,641,1907156027,晚风吹过敲钟人,https://i2.hdslb.com/bfs/face/8b1bb70ef29ca862247ae6b31bd39e6699258162.jpg,200879,"娱乐,搞笑,暗区突围高能团第一期,暗区突围2077联动,挑战,暗区突围",138556,3899,557,3954,5667,58,0,0,12648
BV1fohnzXE4m,114953256241317,1,219,2167,汪星人,猫,http://i2.hdslb.com/bfs/archive/6fae3bc7497b4a3b1d0e5fc56741dc16e5923f3a.jpg,人生的旷野怎么能缺少小猫小狗呢,1754048084,217,3546946425850423,一口一个团up主,https://i1.hdslb.com/bfs/face/33fcb94a59b9c4e52c8e95ef97176c1cf408474f.jpg,385812,"汪星人,猫狗,边牧,人生,小狗,小猫,旷野,萌宠过暑假",477220,704,1605,8789,7010,2393,0,0,90819
BV1z9tuzLEkV,114969765024892,1,76,2152,美食制作,美食记录,http://i0.hdslb.com/bfs/archive/39abb9ba081d0d5c0cc28ef101a1853bfed87535.jpg,他们都笑话我可我偏偏最好笑，终于吃上麻辣小火锅了,1754299626,371,272654283,咸鱼梦想家vlog,https://i0.hdslb.com/bfs/face/567a3dfeeddcfb96ae643bc3d8f6c5e5587830e0.jpg,2536052,"火锅,生活记录,吃货,记录我的美食日常,小火锅,出租屋,Vlog",717160,2671,806,9217,2917,585,0,0,29838
BV15o8MzGE4N,114907202848170,1,17,2078,单机游戏,沙盒类,http://i2.hdslb.com/bfs/archive/c77c737147efa7bc04387c523bd537a7f4b58794.jpg,野猪小队-第32集-完整版,1754355600,627,11560113,小麦块,https://i0.hdslb.com/bfs/face/7b424bc6060a4fd2600c48ba25296570b4df4a4c.jpg,212294,"我的世界,Minecraft,野猪小队",1407419,375,83,15048,784,25,0,0,15022
BV1hshtzZE5A,114957937019100,1,172,2073,手机游戏,动作竞技游戏,http://i0.hdslb.com/bfs/archive/52ad4fb62416c958c0e779239951cacd09a42622.jpg,我～会～毁～了～你～,1754119265,207,194053532,无我漂佩MY,https://i2.hdslb.com/bfs/face/7d44f0676bfd193efed746cca2d04b70f145211b.jpg,793851,"搞笑,火影忍者,游戏,娱乐,手机游戏,漂泊佩恩,百战佩恩,我要上超影,抽象,火影忍者手游,黑绝",1574643,21386,1984,22689,8009,1286,0,81,93738
BV1sPhuz8Eqf,114963205063026,1,126,2063,人力VOCALOID,鬼畜综合,http://i1.hdslb.com/bfs/archive/f5b863f13a5d2c0e8dc6e57aa927fcd573b9ec47.jpg,被这卖车的主播笑死,1754199572,83,7275647,碧天蓝钻,https://i2.hdslb.com/bfs/face/ce1595b2d2bb472bb1f5437e49cb6a2415a44147.webp,1082498,"高能,搞笑,直播,鬼畜调教,奇葩,主播,小仙女,带货,黄绿合战10th-黄队应援",668951,282,309,2628,566,434,0,0,20254
BV1XUtGzLEqc,114970066947334,1,124,2081,社科·法律·心理,海外资讯,http://i1.hdslb.com/bfs/archive/d5183df9a86485e9fe432a92189ee6187c5519cb.jpg,实操打假：独家特殊渠道曝光“懂王强奸13岁幼女”？！,1754304349,1926,346563107,波士顿圆脸,https://i2.hdslb.com/bfs/face/f8f0fc4114bb06a87481abe12faa006a383cbe6d.jpg,5179645,"犯罪,法律,懂王,萝莉岛,MAGA,假新闻,民粹,环球资讯站",910041,9174,8266,9202,40019,1877,0,58,75668
BV1j7tnzzEAG,114975553094113,1,21,2154,日常,剧情演绎,http://i0.hdslb.com/bfs/archive/000c340f0e51e62f997014672d89abf24af9d22f.jpg,老东京omakase,1754387981,89,359201136,小付同学Chloe,https://i0.hdslb.com/bfs/face/b6ae9c7cf66fd7a39078c0244f7205d4e541a352.jpg,240068,"北京,虚拟演绎,抽象",572360,350,643,2157,1247,3208,0,0,49410
BV1Hc4dz5EFA,114976794676908,1,121,2076,GMV,女性向游戏,http://i2.hdslb.com/bfs/archive/b9654a7144ac77119555d1f9865bb2ec7c32130a.jpg,“顶级国风美学的杀伤力！这次真吃上国宴了！”——【无限暖暖/丹青季】,1754452800,139,175333301,哇周某人,https://i2.hdslb.com/bfs/face/a7670c1831893164c62a65a2fa244f337389e748.jpg,243500,"古风,中国风,GMV,二游,无限暖暖高能团,无限暖暖丹青季,丹青季,开放世界,游戏鉴赏家,无限暖暖",236961,492,482,4717,9539,1047,0,0,15609
BV1qwtAzdEw2,114980703702586,1,247,2106,新能源车,汽车测评,http://i1.hdslb.com/bfs/archive/88274062271e966e116267b4c9390cfc12bab322.jpg,抢先内测！沃尔沃全新XC70智能车机,1754469688,890,497525820,所长Wy,https://i0.hdslb.com/bfs/face/5137009463f59bf5ed46af3a8779d63ed6ca3304.jpg,1403606,"汽车,奔驰 GLC,理想L7,沃尔沃全新XC70,沃尔沃全新XC70车机发布,车机界的苹果,特斯拉Model Y 焕新版,新能源车,车机,阿B车友俱乐部",707197,798,547,6247,3430,183,0,0,50719
BV1JDtuz7E4f,114969597183034,1,183,2041,影视剪辑,动漫剪辑,http://i0.hdslb.com/bfs/archive/609ab7d361875e63dd1aa32aeae198e17a77504b.jpg,"""这一刻我才真正明白，为何一个物理学者都叫他超人""",1754297017,138,346749212,wrizedm,https://i2.hdslb.com/bfs/face/28912f7c3f1593681c96dd39e5bd7efdced1f045.jpg,1201012,"经典,成龙历险记,生活,童年,人生,成龙,功夫,动画种草激励计划,现实,小玉",305243,213,348,6543,1112,247,0,0,24626
BV1sEtMznE9z,114968724838549,1,95,2100,数码,手机,http://i2.hdslb.com/bfs/archive/68af5ff55b3bbc12c2eb6038a68f09016cbdcfee.jpg,折叠机皇该有的样子！Z Fold7&Z Flip7&Watch8全面升级,1754290245,423,471303350,大狸子切切里,https://i2.hdslb.com/bfs/face/a6d51b89c93517a72949b0a469126445cd4d33bd.jpg,2635036,"安卓,数码,三星,手机,三星超轻薄折叠旗舰,三星 ZFold7,三星 Watch8,三星 ZFlip7,折叠屏,切里",488259,1218,654,2944,4722,1361,0,0,14236
BV1tfhJzYENa,114952081835046,1,138,2207,搞笑,随拍·综合,http://i1.hdslb.com/bfs/archive/a67bfe899f12b226d61e04957c4d7a15ce5f4bbf.jpg,弗雷尔卓德小品之你们要的来了～,1754029998,68,3546909580987309,弗雷尔卓德-杨辰,https://i1.hdslb.com/bfs/face/e59912641ba4cbaadb857e30085b15cf4dcc6819.jpg,260156,"鬼畜,娱乐,小剧场",3464912,1623,5867,41105,39001,32923,0,15,404555
BV1zQhjz6EsR,114966677951598,1,172,2079,手机游戏,其他游戏,http://i2.hdslb.com/bfs/archive/2e98503a5dce6f21449bbd6e3dd8d516871e3f87.jpg,《虚环》PV02丨21分钟实机演示,1754272800,1258,320070259,虚环,https://i1.hdslb.com/bfs/face/03a934aefe4d871e8b4bb50c45dabd7101e12cc9.jpg,351138,"手机游戏,游戏,策略游戏,养成游戏,虚拟偶像,动作战斗,实机,V圈,虚拟主播,Vtuber",13277919,127900,36460,78210,53463,156765,0,1,323006
BV1784ozVEkw,114977633471667,1,47,2037,同人·手书,同人动画,http://i0.hdslb.com/bfs/archive/8bca1921a3e3973ca43f0f58dfcf80fcd2f4c8bc.jpg,【像素原神】都什么年代了，还在用传统女仆,1754452800,236,1944821,苏帕帕瓦,https://i2.hdslb.com/bfs/face/2ebdb246197bbdad35d0f6e7ecee5b70560e7c85.jpg,329486,"原神UP主激励计划,女仆,像素,诺艾尔,配音,空月之歌,伊涅芙,荧,原神",160272,189,232,7088,1101,212,0,0,16852
BV1ATtwzeEkN,114981307681928,1,138,2037,搞笑,同人动画,http://i2.hdslb.com/bfs/archive/f1ada7ef3263c65876778da5b3a05f8cbfeea344.jpg,我爸：成绩真的这么重要吗？,1754475711,374,3537117076523810,电子小丑鱼,https://i2.hdslb.com/bfs/face/2e940bf5e06f49ba81e5337f057cb3cf25fd7750.jpg,420906,"原创动画,考试,原创,吐槽,学生,父母,成绩,爸爸,父女日常,校园小剧场",298593,278,272,6309,1719,280,0,0,14119
BV1eMhHzLETU,114953407171130,1,138,2207,搞笑,随拍·综合,http://i1.hdslb.com/bfs/archive/9a723a239c8d026491607431880467d9eb8eabff.jpg,讨厌就跑远挑战游戏版,1754050018,43,1493487718,小龙同学和赵老师,https://i1.hdslb.com/bfs/face/9591a6f03f35ff4b49a48781d4defac7a3f624d7.jpg,1318022,"搞笑,小龙同学和赵老师",1665890,365,512,7857,542,112,0,0,36292
BV1vPtgzBEFk,114969379147810,1,121,2037,GMV,同人动画,http://i2.hdslb.com/bfs/archive/c75588062055cce5b2ed2b10a4da4320679b2fe7.jpg,哇！这个可以给我吃吗~,1754293571,33,21132494,林烟不是大佬,https://i2.hdslb.com/bfs/face/46ad16ee528f3bc3b11b137da97d45983b7a5cff.jpg,170367,"魔性,手书,FGO,fate,saber,阿尔托莉雅·潘德拉贡,迦勒底创作高能团,阿尔托莉雅,fgo,命运-冠位指定创作者激励计划",463442,244,993,13262,11209,2021,0,0,69960
BV1F4h4zBEhF,114956359965743,1,126,2063,人力VOCALOID,鬼畜综合,http://i1.hdslb.com/bfs/archive/b207567047ade075cbf8deceb4eebfcdf21c1179.jpg,【哈基米】猛毒注意（完整版）,1754128800,88,519584099,是Ella,https://i2.hdslb.com/bfs/face/72571c356c74e8f7d4598e8d45df0d96378b3c31.jpg,12190,"可爱,手书,鬼畜,猛毒注意,哈基米,鬼畜星探企划",748909,270,2145,77345,21543,10033,0,73,145422
BV138huzkEzs,114962919853891,1,47,2037,同人·手书,同人动画,http://i2.hdslb.com/bfs/archive/89463191ec5dd044043cc37e0e7cb84ce7d84393.jpg,方源的奇妙冒险：不灭宿命,1754195043,15,183788517,大力村,https://i0.hdslb.com/bfs/face/efdd0aff6f87cceb06e529263c6e7362fd4b0bd1.jpg,11178,"大爱仙尊,宿命大战,仙工开物,#仙工开物,2025中洲炼蛊大会,jojo的奇妙冒险,古月方源",791956,225,1376,27732,9960,7484,0,0,80807
BV14itEzUEGZ,114974848520955,1,65,2071,网络游戏,射击游戏,http://i2.hdslb.com/bfs/archive/3a4dd30c840519cd19637e2fe4647eafbaab6f49.jpg,【卢土豆】当威猛鼠鼠邂逅柔情俏皮娇嫩乌鲁鲁，这就是爱与三角洲,1754397900,595,3546932901317389,卢土豆丶,https://i1.hdslb.com/bfs/face/56aed087e4fcbc7d5933c79898495b48a2f3b38e.jpg,72148,"FPS,三角洲行动,爱鼠TV,卢土豆,跑刀,鼠鼠,三角洲破壁新赛季上线",265732,708,436,9365,1225,26,0,0,16351
BV1Vrh7zTE2Q,114951108693547,1,24,2063,MAD·AMV,鬼畜综合,http://i0.hdslb.com/bfs/archive/07b7e4a6d1233a7accf88781df4b47062036f3c1.jpg,二乔：我被困在了时间迷宫《莫愁乡》,1754014999,133,9068441,冰攻厂BeSo,https://i2.hdslb.com/bfs/face/4f06d92605733645f261e2e29da02556afdf1c32.jpg,675417,"动漫,JOJO的奇妙冒险,二次元,动画种草激励计划,莫愁乡,乔瑟夫乔斯达,二乔",275333,780,415,21177,10807,1373,0,0,34720
BV1FWtPzhEuM,114981760668585,1,266,2078,音乐粉丝饭拍,沙盒类,http://i1.hdslb.com/bfs/archive/4c9b5500e5c81e1317acd814d137cb220f321080.jpg,minecraft版的牛奶面包(美食教程)😻,1754482634,99,1565400464,莫提斯的厨房,https://i2.hdslb.com/bfs/face/5d7ef5f2e9c3cceca5814358368e8869f1fe4c6c.jpg,240067,"美食教程,我的世界,vlog,治愈系,牛奶面包",331136,322,734,7938,7692,1284,0,0,56703
BV1LchMzCEYK,114961812619609,1,201,2094,科学科普,科学科普,http://i2.hdslb.com/bfs/archive/bab59049db8f5eec2e7e3d2e01b59632ce43015e.jpg,饥饿的暴君：卡路里王座下的营养革命,1754178461,409,1208823126,大圆镜科普,https://i0.hdslb.com/bfs/face/9c34ee4b8041dd6f2139c52287c8d34a0a42f230.jpg,444708,"生命,健康,科普,生物,科学,营养,卡路里,AIGC,每天一个健康知识",2073744,816,1404,19174,6672,1622,0,42,154069
BV1DbtFz6E9A,114980233940892,1,243,2026,乐评盘点,乐评盘点,http://i0.hdslb.com/bfs/archive/d888610389ddb6bad850f071e95f3ab90ca465c7.jpg,【25新说唱第九期上】TT翁杰VT致敬家乡！导师的导师忘词，万妮达瞳孔已通红！,1754460720,1690,404024712,二爱夫,https://i0.hdslb.com/bfs/face/15bb938123d29fca91b34b6e03340434a518269b.jpg,557369,"音乐分享官,黄子韬,说唱,严浩翔,rap,翁杰,嘻哈,万妮达",138167,2354,366,1050,1538,79,0,0,5287
BV1ChtGzZEVU,114969916085298,1,230,2063,软件应用,鬼畜综合,http://i1.hdslb.com/bfs/archive/42c29324cd99f2c4ee9c105f00ff0eaa168cbb33.jpg,哈基米哦南北绿多,1754301779,21,3546898109565769,哈斯音频,https://i1.hdslb.com/bfs/face/3ec5bd782e89bb95d00cc6d9a7bc1e7eae1e78d9.jpg,6635,"三角洲德穆兰,三角洲超雄老太,三角洲,老太,哈基米",653514,583,3237,23104,2175,35232,0,0,64050
BV1zWtPzhERf,114981760798760,1,253,2042,动漫杂谈,动漫评论,http://i1.hdslb.com/bfs/archive/dfde6240aad535a636b4173f097e14755620184d.jpg,（overlord第127期）为什么斯连教国没有选择自己吞并王国？,1754482632,1297,3546692020341293,废话多的飞鱼丸,https://i2.hdslb.com/bfs/face/e0ed6690184e3027117a2dc6b9272a8b7b9ca75f.jpg,139061,"动漫杂谈,OVERLORD,动画短片,动画种草激励计划,动漫解说,王国,补番推荐,雅儿贝德,斯连教国,小说补充",98013,736,357,785,2150,46,0,0,6777
BV1UrtwzgEt3,114981005694990,1,138,2044,搞笑,动画配音,http://i0.hdslb.com/bfs/archive/054650f8cb9ee56be9f7dbf8b9f34ae809632a48.jpg,老师 你是不是有点针对我们屋头吹风机？,1754478300,207,32606879,果子哥哥工作室,https://i2.hdslb.com/bfs/face/3207eb734d67495ab49d94ec48ba22376bba770c.jpg,1286275,"重庆方言,方言配音,果子哥哥,小猪佩奇",477628,156,272,11250,1063,801,0,0,16037
BV1xetNzkEwc,114983069291146,1,17,2077,单机游戏,休闲/小游戏,http://i2.hdslb.com/bfs/archive/e9e5657dd504f72120b0b52fb7097adc896e2a2b.jpg,融合新模式：全新塔防！,1754521200,285,3546619314178489,蓝飘飘fly,https://i1.hdslb.com/bfs/face/f2bc644c3cf25590bbc7954daecf3e3a9aec5711.jpg,1506803,"植物,娱乐,演示,融合版,融合植物,模式,融合,新模式,塔防,推荐宝藏游戏",237325,547,796,1425,1140,282,0,0,12570
BV1Hp4RzgEn3,114976878499788,1,201,2094,科学科普,科学科普,http://i1.hdslb.com/bfs/archive/cdba777de76076bd9ef4bf24a893a3a88495bde7.jpg,这次广东特大暴雨，到底有多厉害，为什么会这么厉害？,1754408745,241,547072854,中气爱,https://i0.hdslb.com/bfs/face/e5f6be30a18988ed92f677e6a47a346270172081.jpg,2626370,"广东,台风,竹节草,季风槽,梅雨,极端天气,40度,特大暴雨,龙舟水,万物研究所",793763,2113,6196,2770,1777,7725,0,0,34863
BV1Jnh3z4Enx,114964127815974,1,172,2071,手机游戏,射击游戏,http://i1.hdslb.com/bfs/archive/153d20be83bfb01f3e31a66752c6ead6032c986f.jpg,让你通透整个大坝，你的无名才能愈战愈勇,1754214425,309,1809444890,三角洲-安澜,https://i2.hdslb.com/bfs/face/e714b2642ce045e441a21dd29e94a72d3f7f3f8e.jpg,299376,"FPS,电子竞技,三角洲行动,单三猛攻,零号大坝教学,无名教学,安澜三角洲行动,粑粑流无名,教程攻略,三角洲破壁新赛季上线",669958,862,1333,8429,2693,1197,0,0,58538
BV1c7twzoEAn,114980921807701,1,171,2070,电子竞技,MOBA游戏,http://i1.hdslb.com/bfs/archive/d44b340dbfc2bf63ce4dd0aae684aede6d9be23c.jpg,CD越长 伤害越高,1754469759,81,346840052,正义の农药,https://i2.hdslb.com/bfs/face/eb02464a20ada91accc6e50b9a0da3a73068568d.jpg,25555,"娱乐,王者荣耀,司空震,王者荣耀夏日农友节,MOBA",391325,172,139,4162,764,243,0,0,14706
BV1euhHzyEsR,114953390397674,1,65,2077,网络游戏,休闲/小游戏,http://i1.hdslb.com/bfs/archive/e2dadc66f78069171b7b094e04e3f87a1a1455ff.jpg,谁爱划谁划吧,1754049874,145,1410229894,W47-可爱者甚凡,https://i1.hdslb.com/bfs/face/b7854849ca09316f18adf1fb4e00c1248d22cb97.jpg,113551,"娱乐,游戏,搞笑,游戏搭子,游戏日常,沙雕,划划划,steam游戏",2422041,664,1735,31294,6392,30060,0,0,182470
BV1gdhJzvEn3,114952048219856,1,251,2152,三农,美食记录,http://i1.hdslb.com/bfs/archive/0474d8e39176255e17eeac417dfcb84575d353d2.jpg,小贺今天给老人做《红烧肉大炖菜》来店子头村做饭，老人们都可开心啦,1754122500,369,3494379683580584,威海小贺_,https://i2.hdslb.com/bfs/face/945b63e69381d725bc1c380903b6f1210f2d9977.jpg,82516,记录我的美食日常,116767,255,310,1795,12791,77,0,0,21391
BV13RhJzKE4q,114952064996335,1,182,4218,影视杂谈,钓鱼,http://i2.hdslb.com/bfs/archive/773785ebea375aa2560b0ec44b9c905e5e521d4e.jpg,鱼竿都断了，鱼线却没事！这玩意有多结实？,1754130000,63,108264176,老树怪谈,http://i2.hdslb.com/bfs/face/036019f3c89c879b643885bbcb8944dbbb5a174d.jpg,49140,"科普,涨知识",3572526,315,1028,4015,1172,240,0,0,64245
BV1UDt7zJEsV,114975016293722,1,215,2150,美食记录,美食探店,http://i1.hdslb.com/bfs/archive/8cb507bb5c81b4d2602371eb7faa9063ef694587.jpg,特色烙锅，炒饭免费？狠狠下三大碗饭，一人三碗！,1754387100,622,8680974,干饭三健客,https://i0.hdslb.com/bfs/face/cf67c074588b1524389f371665b4f687cf6315b6.jpg,1727033,"烤肉,折耳根,三剑客,健身餐,蘸水,酸汤",621499,835,561,1836,3091,2296,0,0,24733
BV1a8h8zAEE6,114958725552292,1,162,2057,绘画,绘画学习,http://i1.hdslb.com/bfs/archive/2307995bb772975a8cde56fc7b583adee595c547.jpg,【调调老师小课堂】色彩灰纯对比如何调整？,1754131151,300,4291657,i调调i,https://i1.hdslb.com/bfs/face/d68d7b8886847a78e06e67f08c32ed1bc7f4c070.jpg,477250,"绘画,板绘,绘画教程,改图,画画教程,板绘教程,画画,改画",228158,334,319,11726,2510,1203,0,0,47608
BV1EshVzaEFQ,114964983450217,1,124,2088,社科·法律·心理,社会观察,http://i0.hdslb.com/bfs/archive/2baf83087c35cd81b3716e0ded39217eae6b10b6.jpg,越早知道越少吃亏，律师眼中的人性真相: 没有骗不到的人，只有不合适的骗局【律师老韩x姜Dora】,1754226925,1366,16385920,姜Dora在此,https://i1.hdslb.com/bfs/face/c7f41792e49f6c1977da99adf7dfbf314ac95449.jpg,1564506,"社会观察局,法律,律师,姜Dora,诈骗,普法,反诈,电诈",1459033,4549,2334,37564,28735,21491,0,57,57443
BV1B6hgz9Erb,114962483649899,1,219,2168,汪星人,狗,http://i0.hdslb.com/bfs/archive/a24a24c0d5ca6fa514be807298ae1a03acf6166f.jpg,我才是原创汪仔小乔舞,1754188427,18,1356083753,养狗的本质c,https://i2.hdslb.com/bfs/face/5238ec8241e6e59bc45b944b293740fa38ce55c9.jpg,7887,"旺仔小乔,比熊,萌宠过暑假",1137017,938,1716,43582,11547,12478,0,89,147602
BV1iTtAzpECS,114982532421627,1,172,2064,手机游戏,单人RPG游戏,http://i1.hdslb.com/bfs/archive/cd53b1eadf13bb0f3c3c45c533ad37e0d0b69428.jpg,《道铁穹星：坏崩》远离星穹——「千面斯科特：星穹列车，不↗许↘发↗车↗！！」,1754539200,397,442761786,陈歌舰长,https://i0.hdslb.com/bfs/face/d39faee108561600857095e235b5348da52fc63d.jpg,8038,"BOSS,崩坏：星穹铁道,崩坏：星穹铁道创作者激励计划,走近星穹,远离星穹,匹诺康尼圣杯战争,千面斯科特,斯科特,孤狼,米哈游",167177,328,496,2410,1483,1247,0,0,15967
BV1UHhHziEgd,114952987809957,1,215,2130,美食记录,健身记录,http://i1.hdslb.com/bfs/archive/ac77b312c5e51524855c6c1a9dd471d1576f66f8.jpg,凌晨三点，我看见健身室有人未眠…,1754043694,156,646889764,Nico爱肉包,https://i1.hdslb.com/bfs/face/1fbb3e1e140042dbc15e412229760cbd21f9a927.jpg,492938,"留学生,健身,vlog,老外,老外在中国",671974,812,840,4044,4691,786,0,0,92572
BV1TDhLzpEfG,114967617471881,1,176,2176,汽车生活,亲子互动,http://i0.hdslb.com/bfs/archive/7c37c5841c2c47f9d8533657856da8f55d27049d.jpg,这一刻你可明白年少有为的意义,1754267110,58,3546946497153141,理想阿煜,https://i0.hdslb.com/bfs/face/06b162110c01c4099eaefd0efe52dc1005c86d65.jpg,65454,"情感,少年,意义",827938,186,260,7386,709,47,0,0,34353
BV1Cq4dzUEmj,114978271004135,1,17,2078,单机游戏,沙盒类,http://i1.hdslb.com/bfs/archive/c331be805a91c9cb92ae12b2e3601af6f9a31a8f.jpg,铜矿产物再更新 我的世界 1.21.9新版本介绍 25W32A,1754429495,543,686127,籽岷,https://i0.hdslb.com/bfs/face/7efb679569b2faeff38fa08f6f992fa1ada5e948.webp,4998088,"我的世界,MINECRAFT,沙盒游戏,单机游戏,籽岷,1.21.9,25W32A,介绍,新版本,推荐宝藏游戏",227895,910,1289,1734,2371,1486,0,0,18453
BV1fChWzFEPg,114953860287661,1,242,2009,娱乐粉丝创作,娱乐评论,http://i1.hdslb.com/bfs/archive/81594f7b64a45ac7f8631ae9efe43d0f8fe04885.jpg,丁真 被流量挟持的传奇一生,1754057100,591,3546781006694901,我真的玉玉症了,https://i0.hdslb.com/bfs/face/cc515923daf9a49fba6031c54e09bca8a073935d.jpg,298577,"正能量,丁真,娱乐吃瓜大会",2061715,3379,3047,32435,5143,2424,0,100,97481
BV19n4ZzMEnv,114979227306017,1,21,2165,日常,农业技术,http://i0.hdslb.com/bfs/archive/18c73647e3e3ca828086930d5cdf91248332cc2a.jpg,【央视网超级工厂走进蜜雪冰城】一杯产品的背后是农业的深耕 |🕑8月10日14:00准时播出！雪王邀央视主持人朱广权、央视网主持人常婷一同走进蜜雪冰城工厂。,1754443906,72,48084221,蜜雪冰城官方站,https://i2.hdslb.com/bfs/face/435af63c14c8b7fbd5a7b941454f708cd0b96885.jpg,1692260,"正能量,央视,搞笑,主持人,央视网,农业,朱广权,雪王,蜜雪冰城,三农繁星计划",400681,318,1566,2902,1110,1799,0,0,22608
BV1PgtwzaE7K,114981341238835,1,243,2066,乐评盘点,单机主机类游戏,http://i2.hdslb.com/bfs/archive/41c694a17ace09bc3eb9097ab741c0ccd1852c0f.jpg,【RAY评】主观锐评！明末到底好不好玩？,1754478075,990,8237763,阿张RayZhang,https://i0.hdslb.com/bfs/face/e1adb940db16b1cf6f95e033f1bd6d9014d25e2c.jpg,1853417,"黑暗之魂,游戏杂谈,国产游戏,游戏解说,单机游戏,明末渊虚之羽,游戏测评,魂游戏,锐评",187343,1213,3617,1363,4198,668,0,0,9999
BV1GutgzNEvg,114969395860253,1,137,2014,明星综合,娱乐综艺正片,http://i0.hdslb.com/bfs/archive/3f2969b181312eca1bd0d41da18422f2b6432d3b.jpg,【时代少年团】《小炸的暑假生活》03：暑假拍了部偶像剧,1754301600,1740,3546630773016865,时代少年团,https://i1.hdslb.com/bfs/face/cffb453787f60a1f13cd49deecc5974e2dad40ff.jpg,3410828,"时代少年团,小炸的暑假生活",1195828,266048,3233,16820,16511,2370,0,84,62487
BV13Ytwz2Ebn,114981089643483,1,138,2197,搞笑,其他vlog,http://i0.hdslb.com/bfs/archive/49868b468d6758f9c0126f9f520b43f32ea280a1.jpg,我们三个决定背信弃主合伙创业,1754476529,301,400507605,哈奶啤,https://i0.hdslb.com/bfs/face/58d2663c4dd0f7ccc6dadfcdd2d49933e3d9f0b5.jpg,590850,"日常,创业,北京,美团请你喝秋天的第⼀杯奶茶,美团秋奶免单攻略,秋奶明星配送⽇记,北漂,美团",371527,703,887,1397,5331,144,0,0,18172
BV13EtjzpEJT,114973875376106,1,243,2025,乐评盘点,音乐教学,http://i1.hdslb.com/bfs/archive/da3dc553434affef792d12a2af005c9823bdb35b.jpg,【于老师声乐解析】逐帧分析侯明昊《爱错》唱功刷新众人印象！所有你没注意的细节和难点！,1754362493,315,545372546,歌手于航,https://i2.hdslb.com/bfs/face/c2e53fd530cb7ea15fbcafc7c8b4473f576c27c8.jpg,20718,"唱功,reaction,于老师流行声乐解析,混声,声乐教学,爱错,高音,侯明昊,唱功分析,逐帧分析",223640,323,571,934,1692,327,0,0,5241
BV1vrtJzPEsc,114976224188194,1,244,2020,音乐教学,翻唱,http://i2.hdslb.com/bfs/archive/dbc6ce9769ab4e0430b0f85f98caa75ac62ece1b.jpg,K歌软件高分翻唱水平到底如何？【2.0】,1754398280,936,540564177,Jason-老湿,https://i0.hdslb.com/bfs/face/18b51273dd2714f34ca504c47cbbefaeb24c96f7.jpg,2639401,"高分,翻唱,唱歌,粉丝处刑,K歌,全民K歌,歌曲教学,Jason",285401,4192,670,3143,1341,277,0,0,11869
BV1xqtnzdEou,114975603492136,1,172,2064,手机游戏,单人RPG游戏,http://i2.hdslb.com/bfs/archive/6b9fb259def3b94c5f484cb398c15d3b0e6f9fb8.jpg,读完给撒旦招出来了⚡,1754388553,65,1038104341,人en,https://i1.hdslb.com/bfs/face/668072bb603319b67fdd6bbed35aaba2dd306fd7.jpg,55915,"搞笑,UP主,崩坏：星穹铁道,崩坏：星穹铁道创作者激励计划,赛飞儿,像素风,q版",508622,133,822,12396,563,155,0,0,61072
BV1U4hAznEH2,114941126379120,1,218,2167,喵星人,猫,http://i2.hdslb.com/bfs/archive/681664bca5767f24eaa753ef127fbac28a87111c.jpg,一向叛逆的猪咪，为何铲屎官生娃后性情大变？,1754128800,191,15131634,海藻爱麻麻,https://i0.hdslb.com/bfs/face/af49632e118e898a6597da9eb85a061b2d8f1323.jpg,350175,"喵星人,a2奶粉,a2牛奶,萌猫和萌娃,a2至初,找回生命至初的微笑,猫陪孩子长大,牛奶,人类幼崽,闪闪的儿科医生3",1011019,549,902,7538,975,712,0,0,111925
BV17mtjzYEaH,114973623780548,1,238,2128,运动综合,健身科普,http://i2.hdslb.com/bfs/archive/262b03410be6b72156655f4e10b3669d5c1c2f0f.jpg,百日彭于晏第三季开启，带你全国游，奖金18w，用100天的时间彻底改变！,1754358553,69,1667026531,华健盟健身华哥,https://i1.hdslb.com/bfs/face/13aad09d84f050c5a9b3cb2ce432f0da4c11163a.jpg,464055,"健身,正能量,百日硬汉计划,挑战,赚钱,暑期健身蜕变挑战",490899,201,1965,1717,1086,1153,0,0,27050
BV1xdtJz9ETz,114975855086779,1,215,2152,美食记录,美食记录,http://i2.hdslb.com/bfs/archive/50f3f4e77eaff951004992a6949e02f28ee86d19.jpg,天津美食吃法教程之剩包子篇,1754449200,496,3546594741848906,团团的一家,https://i2.hdslb.com/bfs/face/f578dc23bbfbbfd845c7800b763f7ec872269e28.jpg,605358,"包子,天津,早点,这座城市真好吃",207524,732,489,781,548,531,0,0,13700
BV1bch3zgEBF,114964345919881,1,171,2044,电子竞技,动画配音,http://i2.hdslb.com/bfs/archive/8fa9c9a1ec87aaeca69676310a3e1665206ceef6.jpg,猛虎王我跟你爆了，这一次我不逃了,1754216986,223,403920564,大厨-鲜榨配音,https://i0.hdslb.com/bfs/face/24cb275491ee6489fdf85d846ba7d7e27866601e.jpg,102297,"河南话,童年,国产动画,动画种草激励计划,大厨金铲铲,洛洛历险记,搞笑配音",196504,381,348,2396,1599,1601,0,0,22889
BV19utczVEbg,114979596473969,1,95,2123,数码,家用电器,http://i2.hdslb.com/bfs/archive/a362b0c6b828e326216811bbc7e4939acd703792.jpg,大疆发布扫地机器人 ROMO 系列：优雅设计、实力绝尘,1754481600,234,946974,影视飓风,https://i0.hdslb.com/bfs/face/c1733474892caa45952b2c09a89323157df7129a.jpg,11784731,"数码,科技,扫地机器人,大疆,DJI,首款,ROMO,大疆新品",382682,841,1960,2529,2436,5195,0,0,20663
BV1yutwzAESb,114981358147019,1,159,2111,时尚潮流,美妆,http://i1.hdslb.com/bfs/archive/390cc8a56d0516b66e8161aa02776567063141f6.jpg,氧化菊变身黑人超模？笑了三天才敢发出来…,1754476692,147,343099760,氧化菊,https://i2.hdslb.com/bfs/face/a43b656b1bd6c456496df74258b798a8586afbfd.jpg,1204381,"美妆,模特,解锁夏日时髦vibe",338192,206,373,1035,1279,90,0,0,38131
BV1EihJzEE3s,114952266320549,1,21,2188,日常,自我成长,http://i2.hdslb.com/bfs/archive/681e661dca5c124ed9357fa248a88ffd3f8cf448.jpg,学不进去的时候，想玩手机的时候，来看看吧,1754128800,410,490340432,英语老师晓艳,https://i2.hdslb.com/bfs/face/ec941be9327acdf6c0d30d3b0aaa4390087e0efc.jpg,550966,"学习,手机,学丞,坚持,刘晓艳,学不进去,爱的100种表达方式",249639,589,350,23650,4138,1934,0,0,22243
BV1mPtwziEbk,114981140042602,1,220,2171,动物二创,动物综合·二创,http://i2.hdslb.com/bfs/archive/5f8295c5b2665df125611d8aa94196c245884263.jpg,狭路相逢“证”者胜！,1754473142,38,1870883193,猫后生,https://i0.hdslb.com/bfs/face/2314ea25bbc2252b8e1e342893725d19fdc3bbff.jpg,1155419,"动物总动员,搞笑配音",232600,121,307,630,2031,401,0,0,25366
BV1VmtgzuE3b,114969177825133,1,21,2028,日常,宅舞,http://i2.hdslb.com/bfs/archive/1005f5385695836e95dc98bfac135b4a77508976.jpg,爱丽丝大小姐想让你告白！,1754452800,92,31968078,粽子淞,https://i0.hdslb.com/bfs/face/bbce22e45584b7a9e48398a91a7bac5975c8aaad.jpg,1031582,"可爱,宅舞,舞蹈,cosplay,cos,绝区零爱丽丝二创,爱丽丝,辉夜大小姐想让我告白,书记舞,绝区零",517790,260,622,20274,3743,1267,0,0,56246
BV1JftVztELD,114971375568432,1,157,2183,美妆护肤,助眠视频·ASMR,http://i0.hdslb.com/bfs/archive/ffcd02e2a93610f1971b1666617a93da9d86a21b.jpg,ASMR｜模拟化妆它又来了！！,1754324191,853,525528347,疑似被期末逼疯助眠版,https://i2.hdslb.com/bfs/face/8b381ea06c18fb5da5a8d52d86438ef9c8483bfc.jpg,47797,"助眠,美妆,无人声,催眠,asmr,放松,触发音",82986,219,511,2071,1799,62,0,0,9456
BV19rtMzeEWu,114968473115692,1,172,2071,手机游戏,射击游戏,http://i0.hdslb.com/bfs/archive/6283894837ba72239750775101a650ee1ee10d7e.jpg,被无名抓住机会，整个全装队也得压力吃满,1754279954,256,1809444890,三角洲-安澜,https://i2.hdslb.com/bfs/face/e714b2642ce045e441a21dd29e94a72d3f7f3f8e.jpg,299377,"三角洲行动,三角洲改枪推荐,单三猛攻,无名教学,幽默静步人,粑粑流无名,安澜三角洲,粑粑老祖,akm,三角洲攻略课堂",573864,469,672,2289,821,502,0,0,36933
BV14JhJzFEvy,114952182432204,6,172,2076,手机游戏,女性向游戏,http://i1.hdslb.com/bfs/archive/f94703e8acc84a81e1876f0a94998012431d8d6f.jpg,【无限暖暖】1.8版本丹青季 活动攻略合集 史丢丢/拍照/丹青寻踪,1754031548,2683,1773346,莴苣某人,https://i1.hdslb.com/bfs/face/2a973191e45f611699c85d404baee50163a6f2ec.jpg,5564681,"暖暖,手机游戏,游戏,丹青季,无限暖暖,无限暖暖创作者激励计划",323584,165,287,3585,5586,191,0,0,8369
BV194twzSEiU,114980888252246,1,182,2001,影视杂谈,影视解读,http://i2.hdslb.com/bfs/archive/f0083c81baf48fc93398e61fea19f593080ed823.jpg,疾速追杀出外传了？这波换成女阎王！年度爆爽动作大片《疾速追杀：芭蕾杀姬》,1754473523,1558,10119428,小片片说大片,https://i2.hdslb.com/bfs/face/949fd3f0b9fe23703c970d494edc41ae52ee32de.jpg,7698894,"疾速追杀,惊悚,基努·里维斯,动作,芭蕾杀姬,疾速追杀：芭蕾杀姬,UP热评影视剧,安娜·德·阿玛斯",519896,1058,381,3812,905,193,0,0,22636
BV14kt3zhEGd,114970452825261,1,76,2149,美食制作,美食制作,http://i0.hdslb.com/bfs/archive/e3d2bf036e495ff70626e65d3049c3c9d8f5ae91.jpg,【姜较瘦】1个公式学会各种小炒肉，小白秒变大厨，教00后90后学做菜 做饭,1754310174,1423,295429160,教做饭的姜较瘦,https://i2.hdslb.com/bfs/face/f6c8feb3fcafd1a6cd51fdd2228ba66b38fb7eb3.jpg,190244,"美食制作,美食教程,烹饪,厨艺,家常菜,做饭糊弄学,舌尖真探事务所,买菜,学做饭,懒人餐",183816,335,353,20989,1764,612,0,0,14304
BV1sjhLz1EWR,114965637766480,1,172,2077,手机游戏,休闲/小游戏,http://i2.hdslb.com/bfs/archive/f848f6bbfe8668978cff7b71f3f225ce6232dd77.jpg,蛋仔派对：兔仙的南瓜保镖！,1754236624,149,64621079,隐秘的兔仙,https://i2.hdslb.com/bfs/face/a557213fddae799ef9963d790ea571ce22b7ddf0.jpg,469791,"蛋仔派对南瓜入侵,隐秘的兔仙,蛋仔奇思妙想计划,蛋仔派对",1403847,322,341,17427,1152,27,0,0,18159
BV1UctwzBEw1,114981106489551,1,21,2156,日常,UP主小综艺,http://i0.hdslb.com/bfs/archive/392365aeb2947ccfbca853414f663ee2c0e563ad.jpg,《奇怪的爸妈》,1754472950,696,3546731908171869,是许木木啊,https://i0.hdslb.com/bfs/face/dd7af55fc5361c6a343356958efce19fa6326d89.jpg,1401320,"家庭,爸爸,父母",856393,4420,3739,14355,6471,1708,0,78,91659
BV1Ex4RzMEcT,114976912051938,1,216,2063,鬼畜剧场,鬼畜综合,http://i2.hdslb.com/bfs/archive/b7575db1e37a985328ee0501d72e385299f77670.jpg,黏巴达,1754451000,745,219370608,京西动画,https://i0.hdslb.com/bfs/face/4e6f81ccd97e61a8e106e0db12b0795761e1e73f.jpg,94321,"NBA,电影剪辑,鬼畜,湖人,詹姆斯,电影,篮球,赌圣,卢卡东契奇,鬼畜星探企划",163696,1204,722,1344,6054,1620,0,0,11039
BV1cVtwz8Ewn,114981240573919,1,172,2064,手机游戏,单人RPG游戏,http://i0.hdslb.com/bfs/archive/b86aa69a6dbfc638d9efeb744f5c9ece0cc56435.jpg,是我喜欢的角色，直接上头,1754474794,591,8469526,果蝇轰,https://i1.hdslb.com/bfs/face/5ac66ad440fa2b3650d9bac1def1391d102d1378.jpg,1988500,"搞笑,抽卡,手机游戏,绝区零UP主激励计划,迟吟的浪涌,爱丽丝,欧皇,非酋,果蝇轰,绝区零",229801,1973,1464,3138,13032,267,0,0,33915
BV1jXtzztEBY,114987045493361,1,253,2037,动漫杂谈,同人动画,http://i2.hdslb.com/bfs/archive/e5156073468ac92f0bda6cc81c0c35efc6b0c401.jpg,《规则之下11》—阴差阳错,1754563413,418,214580274,熊熊仔的沙雕动画,https://i0.hdslb.com/bfs/face/fbfaa4e56724fc64ebbf4ec22d862cb06dd0de63.jpg,461764,"反转,剧情动画,脑洞剧情",34257,138,161,665,779,31,0,0,4289
BV1qNtAz9Eyd,114980737258447,4,172,2064,手机游戏,单人RPG游戏,http://i2.hdslb.com/bfs/archive/548c27ddda71759779e9b0edacec1605c530ac87.jpg,《原神》过场动画-「炽烈的惊喜」,1754474400,473,401742377,原神,https://i2.hdslb.com/bfs/face/853c4a846793dfbdafd8f16a40d6d8065bdb7c6f.jpg,20090838,"原神5.8,米哈游,miHoYo,原神",299053,1142,3535,6312,7488,697,0,0,47124
BV12dh4zmEGc,114956108306822,1,218,2167,喵星人,猫,http://i1.hdslb.com/bfs/archive/d6c8ffb8d3d3259394702ed7da6695e01746c792.jpg,给毛孩子们安装夏日降温房,1754092046,96,504957853,田园猫宝,https://i1.hdslb.com/bfs/face/f818acd3b8c11d9352b1f6cb649ead72764601b2.jpg,522163,"喵星人,橘猫,毛孩子",1285130,488,251,15557,1556,122,0,0,41576
BV1eo8Mz3EPC,114907202717893,1,17,2078,单机游戏,沙盒类,http://i0.hdslb.com/bfs/archive/4c2e297688b8c21babb9ca041525663c2d13478b.jpg,野猪小队-第33集-完整版,1754442000,629,11560113,小麦块,https://i0.hdslb.com/bfs/face/7b424bc6060a4fd2600c48ba25296570b4df4a4c.jpg,212293,"我的世界,Minecraft,野猪小队",1651116,396,90,17461,872,28,0,0,17792
BV19n4dz8EPp,114976308074381,1,212,2150,美食侦探,美食探店,http://i0.hdslb.com/bfs/archive/e2b8392bbc60b84a14539f8eea957b326555852b.jpg,日本人为了让你吃瀑布一样的知识有多拼,1754399509,189,1062138057,在日本摸鱼的小超人,https://i0.hdslb.com/bfs/face/2bd8156ed92d7427a1d43dcdb1371ea0c5924216.jpg,839920,"日本,日本美食,探店",259080,281,260,964,507,246,0,0,24145
BV1eBtJzKESm,114976056413513,1,219,2168,汪星人,狗,http://i0.hdslb.com/bfs/archive/06908694e8e4ecaaeb8dfb41d91354e95be9810d.jpg,垃圾桶里捡来的串串小狗长大了,1754395499,609,514376446,小恩不是人_,https://i1.hdslb.com/bfs/face/4fb77501e0d418c1e4dff61a06bf756b9b432017.jpg,6465,"汪星人,串串,哈士奇,流浪狗后续,小狗成长日记,混血狗小恩,雪橇三傻,领养,小狗,毛茸茸训练营",101075,314,210,885,943,186,0,0,11119
BV1bEtvzNEhj,114985686532463,1,238,2154,运动综合,剧情演绎,http://i0.hdslb.com/bfs/archive/263de6250b063af326ab4dcffddda0ce117bf3cd.jpg,一条鱼引发的血案！,1754557200,222,36909511,去种田的向凹凸,http://i1.hdslb.com/bfs/face/66d985e37579b9291acfe949fac1e8706646dcee.jpg,693569,"生活记录,搞笑,搞笑小剧场",76882,1254,698,553,6311,114,0,0,9351
BV1QAhKzYEvv,114961225355157,1,31,2027,翻唱,音乐综合,http://i1.hdslb.com/bfs/archive/b6dc0a30b3c2ea8b10413a15c2fed570e0ed5041.jpg,【黄金裔】《八连臭火》,1754169388,97,1393728432,匹诺康尼乐师,https://i0.hdslb.com/bfs/face/1700f65477fdc106b29210d7d702a54c4aa42e0e.jpg,47810,"崩坏：星穹铁道创作者激励计划,八连臭火",608198,1125,1697,24521,2888,12651,0,0,49048
BV15J4dzwEKA,114976324916684,1,121,2037,GMV,同人动画,http://i0.hdslb.com/bfs/archive/2c1d288506c4261237f5f56c70f698db1f3b5c1b.jpg,“现在，谁才是猎物呀~”,1754453100,61,21132494,林烟不是大佬,https://i2.hdslb.com/bfs/face/46ad16ee528f3bc3b11b137da97d45983b7a5cff.jpg,170367,"手书,绝区零2.1,浮波柚叶,迟吟的浪涌,绝区零爱丽丝二创,兔子洞,柚叶,爱丽丝,米哈游,绝区零",142338,160,489,9875,2713,794,0,0,31328
BV14shWzGEQP,114953793048219,1,138,2155,搞笑,语言类小剧场,http://i2.hdslb.com/bfs/archive/0e528a2844ce0a894d1f4ee106a8aed70267f068.jpg,二狗的现场已经颠了...,1754132400,263,391133521,一支麦二狗脱口秀,https://i1.hdslb.com/bfs/face/4b4311299343d1ff07103982803c944edd1f46a1.jpg,175997,"搞笑,脱口秀,搞笑小剧场,二狗脱口秀,一条名叫爱情的狗,二狗全球巡演,脱单,交友,互动",710817,332,334,3939,12563,1566,0,0,54850
BV1iChgzQEhg,114964262030121,1,30,2063,VOCALOID·UTAU,鬼畜综合,http://i0.hdslb.com/bfs/archive/cf9f7ed9b0216347dfedeb6c1ca17381249f5b30.jpg,【高精度中字嵌字】Cherry Pop feat. 初音Miku,1754215589,143,3493091220654843,瓜子920,https://i0.hdslb.com/bfs/face/95c9253595b9f68c0bd142852dad1f5f2e6185e4.jpg,2146,"音乐分享官,DECO*27,DECO27,翻译,VOCALOID,术曲,高精度中字嵌字,中字,嵌字,Cherry Pop",187449,82,497,13266,12744,1003,0,0,40221
BV1y1tnznEKG,114975318349391,1,228,2081,人文历史,海外资讯,http://i1.hdslb.com/bfs/archive/87756bc9f560acbc5c83e9be46af1134dc9b1e4e.jpg,心理扭曲、祸乱全球：被公知吹爆的英国到底有多不做人？,1754386204,1496,435931665,军武志,https://i0.hdslb.com/bfs/face/684eecd680183541858b62785ab01be89bacc671.jpg,1489560,"欧洲,英国,帝国主义,印巴,殖民地,巴以",496192,1608,1784,8943,4530,612,0,0,44513
BV1DAhLzsE81,114966057257641,1,17,2071,单机游戏,射击游戏,http://i1.hdslb.com/bfs/archive/80cf2efe2c438821c368cf23feb6944f35a5f1e8.jpg,【4K·60FPS】这代战地值得预购吗？！这个视频告诉你。战地6多人模式抢鲜试玩体验（无解说）,1754246606,1753,7947131,影佑,https://i2.hdslb.com/bfs/face/868fb8bbc4ba70692e8c1ebfcd5852c5a2e0685f.jpg,498301,"FPS,射击游戏,battlefield6,预购,多人模式,游戏试玩,战地6,战地风云,Steam,推荐宝藏游戏",510972,2803,3971,1651,829,4685,0,0,8470
BV1NMhpzNEBb,114952819966305,1,219,2168,汪星人,狗,http://i0.hdslb.com/bfs/archive/5033c2e64a9f3968e115ea30c9f4a167ab4032c1.jpg,奶奶打麻将赢回来的哼唧小狗,1754040961,101,3546876607466242,酒酿小猫鱼丸,https://i1.hdslb.com/bfs/face/0461ba706c4da95affdd5cc675e99175e49d229b.jpg,22592,"汪星人,狗狗,小狗,土狗,田园犬,小奶狗,小土狗,奶奶",619901,328,1602,17723,2537,8288,0,0,96714
BV1UbtEzWEqd,114974865360009,1,27,2043,综合,动漫速读,http://i2.hdslb.com/bfs/archive/a5bf37ed20f7152a7f9a0376a245ca9a9e528f30.jpg,【上帝已死】众神下场屠杀人类？比血十字凶狠100倍？,1754388000,617,289800612,圈踢动漫,https://i0.hdslb.com/bfs/face/eb7b7339a2f62e52e41ea20838929ae809789ee6.jpg,370268,"漫画,上帝已死,综漫,重口味,美漫,漫画推荐,重口漫画,猎奇漫画解说",963892,2511,3794,26469,2248,883,0,0,37275
BV1cyhNz2E6D,114959279195480,1,161,2148,手工,其他手工,http://i1.hdslb.com/bfs/archive/ebfc3fb1e9985d338e29ebb263306a4c6c775393.jpg,哪来的西瓜，这么小,1754139576,73,10790709,梧萌,http://i0.hdslb.com/bfs/face/bb527ee8ea60a93540f1394548dc0d2ebc2b8059.jpg,639524,"西瓜,水果,我的手工真的很解压",1480055,433,621,3638,1506,557,0,0,50316
BV1PJtMzSEgq,114968640881075,1,250,2152,出行,美食记录,http://i1.hdslb.com/bfs/archive/d19d8fa5e78e5a8c308d33e9918ec18d5f6ca15a.jpg,你还在点外卖吐槽预制菜？人家加拿大就没有预制菜,1754282753,113,1289012110,行走的大大大羊腿,https://i1.hdslb.com/bfs/face/79b18f823971e3838bf45db65334dc1c7a90b8bb.jpg,776554,"加拿大,生活记录,美食,原创,吐槽,外卖,随手记录我的生活碎片",1617511,5244,4641,4856,1205,3003,0,0,98036
BV1WPtnzEEzR,114975771201670,1,85,2154,小剧场,剧情演绎,http://i0.hdslb.com/bfs/archive/bfa186e4edd2f83edc9935762879fd3c939130bb.jpg,尝尝有多好吃,1754391604,45,2081415485,西西里人,https://i2.hdslb.com/bfs/face/62877851d1acb631d22f23bc89a400c75a049ccc.jpg,427553,"搞笑,生活记录",364353,115,338,1035,589,869,0,0,33888
BV1DUhbzcEhv,114958842988593,1,228,2090,人文历史,人文历史,http://i1.hdslb.com/bfs/archive/5432baac135a0996a9cba5af668daf0b9cda7b62.jpg,历史上有华夏入侵他国的记录吗？,1754133048,124,265589608,-古人云-,https://i1.hdslb.com/bfs/face/6b68c2e0dd8a5099675ba17b5afc8c20d5cd383c.jpg,1479444,"历史,李世民,华夏,秦始皇,中国,人文,汉武帝,爽文",3373455,1665,2620,79480,6614,2414,0,54,138444
BV1MFtwzuELm,114981123129799,1,173,2067,桌游棋牌,SLG游戏,http://i1.hdslb.com/bfs/archive/3d928e9dd518d01c36bbf48fdfce08245e784170.jpg,😋我根本想不到怎么输！【洺阳】,1754477168,656,23175142,是洺阳不是洛阳,https://i1.hdslb.com/bfs/face/c50209e7f0de1196558f17a6078663a130b49b6a.jpg,375156,"娱乐,搞笑,游戏解说,游戏王,桌游棋牌,游戏王大师决斗,游戏王 Master Duel,凯尔菌,卡牌游戏,游戏王决斗链接",246199,1030,721,2973,3995,1061,0,0,19056
BV1LEtEzcE3Z,114974781345985,1,27,2207,综合,随拍·综合,http://i0.hdslb.com/bfs/archive/336e050d4e3cea9e3f4a12920061ed16713e8b99.jpg,鼠魂觉醒全集（20分钟）,1754383500,1195,3546625452542554,自然锦鲤-冲刺电竞,https://i1.hdslb.com/bfs/face/5cc7f4b449595363f6e03abbd1dc153508fcc69a.jpg,348222,"搞笑,FPS,射击游戏,鬼畜,猫meme,三角洲行动,鼠魂觉醒,三角洲破壁新赛季上线",1982462,353,175,67545,4212,330,0,38,56473
BV1aUtcz2Edq,114981509074639,1,21,2112,日常,护肤,http://i0.hdslb.com/bfs/archive/7a11c3fa2a068ae7ffb9a8307a84bcf278bb8ae2.jpg,ASMR 静谧时刻的水果护肤 调配精油按摩 水果芬芳 涂抹面膜 轻语引导,1754479064,1185,171331609,YUE的晚安陪伴,https://i1.hdslb.com/bfs/face/706703ef6ae7c46ec6e3a7ac3afe9227adc730e7.jpg,533306,"护肤,催眠,轻语,助眠,温柔,安眠向,放松,角色扮演,触发音,好梦助眠电台",39135,65,172,1390,2134,38,0,0,3000
BV13RtczkEpd,114981173466381,1,182,2001,影视杂谈,影视解读,http://i1.hdslb.com/bfs/archive/16459a5d0784b2cc8613986ea06fffeeaa27bd1c.jpg,2025最新末日丧尸电影《惊变28年》，战力爆表的超进化丧尸，率领群尸集体猎食,1754478027,1632,395991094,电影迷小雅,https://i1.hdslb.com/bfs/face/d0bc2fa4dbad1cb3d51a48fe84fbecdd944d59e2.jpg,1883023,"恐怖电影,电影解说,uwant,友望除螨仪,友望大白除螨仪,丧尸电影,灾难电影,惊悚电影,人人都能聊影视,惊变28年",479761,5322,1065,5651,1345,579,0,0,16023
BV1pC4ZzWE8i,114978975778910,1,242,2087,娱乐粉丝创作,商业财经,http://i2.hdslb.com/bfs/archive/38713dc89b776607b5a0e7af7914a3affdddfc76.jpg,户晨风 虎符咒持有者,1754440489,482,3546781006694901,我真的玉玉症了,https://i0.hdslb.com/bfs/face/cc515923daf9a49fba6031c54e09bca8a073935d.jpg,298581,"户晨风,抽象,娱乐吃瓜大会",515212,2438,2019,4415,3878,1031,0,0,47381
BV1kRtwzhEHT,114980787590486,1,212,2150,美食侦探,美食探店,http://i1.hdslb.com/bfs/archive/58de615235b86db515016656094a6ff8753ada03.jpg,为什么中国人一到这家串店就上头？兄弟局全是知心嗑！,1754474400,600,405279279,平平出击,https://i0.hdslb.com/bfs/face/87bbab304eff564ec50d999f4c163f2ab225b896.jpg,772204,"4K,烧烤,吃货,中国,平平出击,烤串,撸串,沙雕,羊肉串,探店",342908,1597,677,2795,14837,435,0,0,24949
BV1JctqzxEcn,114986777183721,1,124,2081,社科·法律·心理,海外资讯,http://i2.hdslb.com/bfs/archive/7ea5b05c2364ff439420337b9f3b15ee88531897.jpg,闻所未闻：领导生日划船，居然叫军队把河面抬高？！,1754559512,540,346563107,波士顿圆脸,https://i2.hdslb.com/bfs/face/f8f0fc4114bb06a87481abe12faa006a383cbe6d.jpg,5179647,"犯罪,社会,美国,法律,懂王,划船,MAGA,万斯,环球资讯站",460499,997,1849,3239,1690,1318,0,0,31564
BV1HrhxzuE72,114956930386904,1,138,2071,搞笑,射击游戏,http://i2.hdslb.com/bfs/archive/471300fcf746d8a305d57b3a7494d870b8047f7b.jpg,亲子照？,1754126522,96,1098173832,宋云生-,https://i0.hdslb.com/bfs/face/fca17ec3de184b038620eca0043c57d282c58ba9.jpg,1516216,"手游,FPS,无畏契约手游,无畏契约,无畏契约端手大展台,搞笑研究所",2619881,429,275,5482,3078,1391,0,0,108913
BV1yQhszkER1,114955319774873,1,65,2071,网络游戏,射击游戏,http://i1.hdslb.com/bfs/archive/9df2b4b7a3391866462eaabc9e9e53062ea2e808.jpg,剥蒜的情谊41.0,1754103600,70,12705018,NinthA-,https://i0.hdslb.com/bfs/face/90fbf5732bd3bffd6a4d094acec17d30756f581e.jpg,194950,"猎奇,三角洲行动,三角洲欢乐剧场,三角洲搞笑",2166710,15106,864,12937,2233,5384,0,0,109883
BV1RBtJzKEse,114976056479294,1,17,2066,单机游戏,单机主机类游戏,http://i0.hdslb.com/bfs/archive/9f27dfd2c20080d34fb2e4fd33e5057d5ad13710.jpg,最强勇者背叛了人类！魔王竟然是批量生产出来的？一个人做了14年的独游《神之天平》讲了什么故事 ②,1754395714,1658,7206526,蓝二烟,https://i1.hdslb.com/bfs/face/53a7b595df5b15769c6022ec66337d1e589d2db7.jpg,706836,"独立游戏,神之天平,游戏剧情,arpg,整点电子榨菜",237901,552,496,7043,4257,148,0,0,10252
BV1uvtFzqE7R,114980166893832,1,247,2109,新能源车,汽车技术,http://i2.hdslb.com/bfs/archive/c7338975a9b1ec8164f8d402b1ee6b44682c2010.jpg,车机为什么干不掉手机？,1754467200,867,133901828,二斤啦啦啦啦,https://i2.hdslb.com/bfs/face/0b57ec446b6a143d84b1dbcacaf655562b89cf93.jpg,1465494,"科技,手机,名爵MG4,智能化座舱,汽车知识,智能车机,阿B车友俱乐部",441275,588,244,3288,2153,549,0,0,19403
BV1MZtcz6ECm,114981207016721,1,76,2152,美食制作,美食记录,http://i0.hdslb.com/bfs/archive/518097e1cc44b747b311461928267802f0329d13.jpg,龙吟石榴,1754474315,73,3493120727583319,Mima-密码,https://i1.hdslb.com/bfs/face/c12fa6590203bcfa9998331257aa177e72309d14.jpg,431391,"馒头,龙吟石榴,石榴馒头,记录我的美食日常,馒头仙人,石榴",268599,204,238,1050,3304,331,0,0,19042
BV1Ac4dz5E5G,114976794613247,1,245,4216,赛车,骑行,http://i2.hdslb.com/bfs/archive/a3e80acbe2f1227c0d84529ed0ddf7d3b4b10522.jpg,“刚发车，老哥就开始恢复体力了”,1754472600,1173,5321968,尽墨for车,https://i1.hdslb.com/bfs/face/3db9c7c546cd955cc1f7a1300910f9314e62a86d.jpg,1454224,"山地车,娱乐,搞笑,极限运动,沙雕,山地速降,阿B车友俱乐部",165007,970,278,907,1008,130,0,0,10439
BV12ytizKEHv,114985015446947,1,86,2048,特摄,特摄,http://i1.hdslb.com/bfs/archive/cd9d60f831aab58d8472c69681ab09e2cd052588.jpg,【海外消息】《假面骑士ZZZ》全新PV公开！,1754532331,161,3546911686527726,假面骑士中国官方,https://i0.hdslb.com/bfs/face/641e439d2433b1d1b4db2a35191f0874777e8f8f.jpg,332783,"假面骑士,特摄,假面骑士ZZZ",249211,1241,2738,2495,960,9050,0,0,11884
BV1txtqzME6g,114986508622695,1,47,2043,同人·手书,动漫速读,http://i0.hdslb.com/bfs/archive/eb9b3003a9e257d1133f6189407277e51ee6a7b8.jpg,回溯时间后，我拯救一切【01】,1754555052,627,654552,圆桌动漫,https://i0.hdslb.com/bfs/face/6c1421573d214809ca86aef25bdd23670e00128a.jpg,4748582,"悬疑,恋爱,圆桌宇宙,苏小暖,瑶曦,萧凡",172330,2859,1095,9205,7683,220,0,0,20853
BV149t7z7Ee6,114975049782858,1,65,2078,网络游戏,沙盒类,http://i0.hdslb.com/bfs/archive/517177310629af5d7a65b958c25dbd3c30857373.jpg,当所有方块变成钻石块，该怎样生存,1754380983,356,35734399,小橙子姐姐解说,https://i1.hdslb.com/bfs/face/7af5ccb8df46b88ff13b172fabbfab94aad5eb28.jpg,2233182,"生存,沙盒游戏,我的世界,minecraft,MC宝藏模组推荐,小橙子姐姐",5050472,8398,450,66588,4546,184,0,13,99505
BV1pvhWzvETq,114953944042233,1,182,2001,影视杂谈,影视解读,http://i1.hdslb.com/bfs/archive/1401c818dd5229de7020af184ad579094452bdbe.jpg,“开端”从未开始，真相就藏在开头！不怕剧透的颠覆性解读，十万字细嗦《开端》上,1754105400,13117,479820935,不善言辞的秃秃,https://i2.hdslb.com/bfs/face/93d7f42e08ef889f097de4992adf72fa5e571547.jpg,1002985,"悬疑,剧情向,白敬亭,推理,影评杂谈,开端,拉片,解读,赵今麦,好剧好片重刷榜",881562,13421,2563,22651,23483,1812,0,0,44747
BV1WPtnzEEJr,114975771202777,1,85,2154,小剧场,剧情演绎,http://i0.hdslb.com/bfs/archive/b8160e79060c8696801e04c9ce60d7eb649deabb.jpg,陈翔六点半：你们说这是脑子的问题吗？,1754391319,212,19286458,陈翔六点半,http://i1.hdslb.com/bfs/face/aad3b1bb735d2bd4066805f2a84892644fad8e2a.jpg,3222885,"陈翔六点半,搞笑小剧场",1067955,416,467,2554,1881,361,0,0,24827
BV1gChVzJE4P,114964513691731,1,241,2009,娱乐杂谈,娱乐评论,http://i1.hdslb.com/bfs/archive/ea449b2c5699f79fd4a7613649391bc87732a5fd.jpg,【吃瓜】赵露思八问经济公司！正式开撕…赔款、解约、协商矛盾…她的理由真能被同情吗？,1754219398,511,1976558860,天气微凉淡淡月光,https://i1.hdslb.com/bfs/face/92f61e260415a2e7f22b4d44fa676bce2f612aed.jpg,183263,"矛盾,原创,吃瓜第一线,理由,经纪公司,赵露思,银河酷娱",1990813,7426,10009,7828,7287,12769,0,0,51354
BV1af49zdEBF,114977197267045,1,65,2071,网络游戏,射击游戏,http://i1.hdslb.com/bfs/archive/b72092e810aa6dd8c209a0bd80328092b607574b.jpg,暗区突围：重生之我在暗区当大运，RPK原型枪盾配上绿鹅重装在强台是库库白给还是乱杀？,1754413050,504,1624028186,蹭饭不下饭,https://i2.hdslb.com/bfs/face/aa44dfefc89c9a90bff988ef39e8e5ebd72a9c55.jpg,178351,"娱乐,搞笑,游戏实况,暗区突围可颂作者团,大运,原型,教程攻略,操作,暗区突围,推荐宝藏游戏",130479,362,224,2143,843,62,0,0,6383
BV1ofhEzCEZE,114952400607365,1,17,2171,单机游戏,动物综合·二创,http://i2.hdslb.com/bfs/archive/a1280bc71174507d3dd028151c25f4c6099f583b.jpg,我是为奶奶分担家务的好猫！,1754380800,248,14576879,里昂聊游戏,https://i2.hdslb.com/bfs/face/5a5d2e7392187a3d76109619d05f7c011c724b95.jpg,1714307,"云鲸洗地机,云鲸轻集污洗地机,云鲸S3Island,云鲸AI免维护洗地机,文静,内向,整点电子榨菜",2703234,1871,389,41390,3542,404,0,39,66692
BV1m3hPzJE3z,114959967067679,1,17,2079,单机游戏,其他游戏,http://i1.hdslb.com/bfs/archive/44952ca86cf2d84ee4fd5a4215feaf7acb91f3c3.jpg,若成仙要30条人命，那只杀1人便可大富大贵，是否划算？【乌合之众】,1754150137,2060,25151282,弗兰力,https://i2.hdslb.com/bfs/face/1abe8d6eca244477cce30bb3758ed29f6e6e235d.jpg,1291524,"游戏实况,悬疑,剧情,搞笑,乌合之众,整点电子榨菜",2006643,1765,986,54890,11803,705,0,62,73827
BV1nvhHzoEGn,114953172290095,1,154,2029,舞蹈综合,街舞,http://i1.hdslb.com/bfs/archive/43f672a762dd02372a7e8e4f16aee2dbfb6b94b9.jpg,怎么跳到最后还来劲了#famous,1754046592,64,521665433,UU学弟,https://i2.hdslb.com/bfs/face/af520fa1334a13c8ed5726a64599636f3c711822.jpg,536042,轻舞蹈竖屏激励计划,735246,125,418,2618,1258,274,0,0,64291
BV1Y9tczVEFu,114981190308842,1,252,2039,仿妆cos,cosplay,http://i1.hdslb.com/bfs/archive/4229adfbd5e189c1c4b87788b495858e19736e68.jpg,在漫展找6个coser打职业，结果遇到了XDD？,1754478835,321,2108856,流萤Zz,https://i0.hdslb.com/bfs/face/6b50ab776df772941c92a168e8a06c7e9c3718d3.jpg,2903649,"射击游戏,ChinaJoy,漫展整活,远光84,远光84公测8月7日,Cosplay",155978,97,200,4662,1223,1103,0,0,7621
BV1tqh8ztEuQ,114958306116091,1,65,2073,网络游戏,动作竞技游戏,http://i1.hdslb.com/bfs/archive/78286a949cea1ee8cb855bc3fb56fefaf7c50d78.jpg,七月初七 淮水竹亭.,1754132400,247,3546901792164649,春月cxy,https://i1.hdslb.com/bfs/face/563ed168d6277e974542e7a803642456b9c06df7.jpg,72431,"剪辑,决斗场,火影忍者手游,人间白首",661255,390,733,23986,14500,1713,0,0,54444
BV1unt5zVEPK,114970939360289,1,122,2196,野生技能协会,职业vlog,http://i2.hdslb.com/bfs/archive/9f57294c3fa72f1e38000e5de361c6207b24aee2.jpg,第一次出门摆摊，免费维修小家电，竟然还挺受欢迎的,1754321006,1155,397526548,技术小杭,https://i1.hdslb.com/bfs/face/a12befc71b047f1b45ae32eeebc46cf1e40dc888.jpg,34426,"公益,维修,经验分享,小家电",2514848,12039,8064,19238,142778,3218,0,4,175486
BV1mAhpzBExM,114952803321273,1,161,2145,手工,传统手工艺,http://i1.hdslb.com/bfs/archive/aba4d40e11a289a1ff2ea560739e296aeffb95ad.jpg,一把鲁班凳传承中华木工技艺，阿成手作匠心初显,1754040829,114,29373131,阿木爷爷,https://i2.hdslb.com/bfs/face/89fc28eef56ece28d706c18435d78fbbe2eaf148.jpg,525659,"传承,技艺,传统手艺,木艺,鲁班凳,我的手工真的很解压",3728319,726,1746,6114,2863,494,0,0,87715
BV1TmhVz2EAp,114964664682643,1,138,2156,搞笑,UP主小综艺,http://i2.hdslb.com/bfs/archive/bd58544a026529d88dcdd4c0a6848134653f29fa.jpg,【Reaction】2025最火热榜Top10歌曲,1754221781,386,300994119,沙雕网友咸叽叽,https://i0.hdslb.com/bfs/face/7f6eea61bc5fe858be23e585d3d7c71c61bc91e1.jpg,3984398,"幽默,歌曲,奇葩,歌单,音乐,流行歌曲,沙雕,乐评,盘点,娱乐花式reaction",570508,8260,2000,18317,5551,785,0,0,72745
BV1YNhJzzEzV,114952601864978,1,213,2151,美食测评,美食测评,http://i1.hdslb.com/bfs/archive/2240fcb20437cacb5eae77c91550b2b542815fed.jpg,曹式鸭脖变态辣，皇上驾崩了！,1754038192,426,24204802,赛亚人阿廖,https://i1.hdslb.com/bfs/face/74dadbae0d4d16fc70a4911e5bf57e2b69a090f6.jpg,451409,"曹式鸭脖,美食测评,爆辣,吃辣挑战",2239974,3118,1170,22370,3719,1703,0,0,79598
BV1bgtMzdEyV,114968540289872,1,21,2064,日常,单人RPG游戏,http://i1.hdslb.com/bfs/archive/cce0ec7069a363d16bd0a970465803ec8ec4eef6.jpg,纯路人只凭一张图将代号与角色连线,1754280867,274,500140286,隔路脑,https://i2.hdslb.com/bfs/face/16c595449a41d556bd99f16881604ab5788578f0.jpg,635031,"二次元,游戏,原神",461435,8493,2122,5624,891,1987,0,0,26841
BV17ytvz7Evx,114985401324114,1,183,2005,影视剪辑,短剧短片,http://i0.hdslb.com/bfs/archive/3ea6c764fec3d2f6318943e0638b9569cff440fe.jpg,“如果用AI带回他的声音。”,1754539957,281,13829896,白日妄想家,https://i1.hdslb.com/bfs/face/8376a28be5d9a293bedeef6af236e7997807af46.jpg,1047068,"情感,亲情,人工智能,生活,AI,创意,短片,高德地图2025,最想听到亲人的声音,科技让爱有了回声",622040,238,294,5184,3482,2082,0,0,45848
BV1WGtwzcEwf,114981257418250,1,22,2063,鬼畜调教,鬼畜综合,http://i2.hdslb.com/bfs/archive/7c219c876390126d5ba110779f612077d869ff1f.jpg,爸爸藏的东西被我找到啦！！,1754538900,320,5878572,核动力路灯,https://i0.hdslb.com/bfs/face/1201762ebd2205f61a8e8deaf03489c3dd5b52b2.jpg,602172,"情感,鬼畜,亲情,灰太狼,喜羊羊与灰太狼,童年回忆,黄绿合战,rap,泪目",136486,401,418,3019,4103,372,0,0,11704
BV1GRhgzLEsd,114964413159525,1,252,2039,仿妆cos,cosplay,http://i2.hdslb.com/bfs/archive/c470b058f9be708c536df6c375dff5a5e78c10b8.jpg,谁能让我社死，我就V他50！,1754272800,349,2108856,流萤Zz,https://i0.hdslb.com/bfs/face/6b50ab776df772941c92a168e8a06c7e9c3718d3.jpg,2903649,"魔兽世界,漫展整活,社死挑战,社牛,暴雪游戏2025ChinaJoy,Cosplay",2749323,411,277,16946,2057,1206,0,0,37527
BV1EN4dzrEyo,114976677236118,1,95,2123,数码,家用电器,http://i1.hdslb.com/bfs/archive/6e59ba092dff25967464fe9cff8514960765edee.jpg,大疆扫地机出山！新一届机王争霸开启！大横评！！！,1754481720,643,5626102,科技宅小明,https://i1.hdslb.com/bfs/face/e438c58273ea5e9ab8d91f72e2f2a35c91b5ac82.jpg,746950,"黑科技,智能,石头,全屋智能聪明家,扫地,拖地,扫地机,大疆,科沃斯,云鲸",51426,468,232,1295,2117,144,0,0,6971
BV1u5tGzzEeA,114970100502282,1,124,2090,社科·法律·心理,人文历史,http://i1.hdslb.com/bfs/archive/12c57033c2d8dbe27969ecd1709ae27a63dbf503.jpg,电影731定档9月18日意味着什么？这个形势你看懂了吗？如何弘扬正确的二战历史观！,1754304859,648,289189019,戏京同志,https://i2.hdslb.com/bfs/face/2f62e073da940299514a06b0ff4d5dc00065c779.jpg,2131466,"日本,历史,电影731,世界反法西斯战争胜利80周年,918,哈尔滨,人文社科,请回答这个时代",964368,3944,2330,15653,15341,1720,0,0,52969
BV1aXhHzLEvy,114952652261560,1,215,2152,美食记录,美食记录,http://i2.hdslb.com/bfs/archive/7927e7bdd62100c4965564ca219de6b755f145f9.jpg,家庭版豪华剩宴，带上米饭辣条和大大薯片狂欢不饿的一天～,1754038575,119,1201986019,留意炫饭吖,https://i1.hdslb.com/bfs/face/f4fa26aea4b9077bb23844ceb296e8736027b2fe.jpg,1449474,"辣条,薯片,Vlog,我的养娃心得",661444,565,401,3782,965,930,0,0,66957
BV1JB8mzoEpB,114948692776302,1,193,2020,MV,翻唱,http://i1.hdslb.com/bfs/archive/3464d2bdc09eca6426d71a7b09c32d28cf442b48.jpg,Nina《one spot》草原版 cover沈佳润,1753978001,225,3546810842876797,TH彼岸花,https://i1.hdslb.com/bfs/face/ef00ce22800adf5ebd6da0e14802c9205c2913ff.jpg,11520,"音乐分享官,COVER,翻唱,美美桑内,Onespot,草原,Nina,沈佳润",209458,421,887,5440,6357,1629,0,0,23975
BV1RstFzVEzg,114980082947257,1,172,2069,手机游戏,即时策略游戏,http://i0.hdslb.com/bfs/archive/bf36af41660b6f0719036c0db54925da8bf4a30c.jpg,不带赢不了？使用率高达百分之99的逆天炉子！,1754457353,1162,3493113414814567,高子巷,https://i1.hdslb.com/bfs/face/f4471a78f322efd8b1e1df3421c55fefd84bc367.jpg,347751,"皇室战争,高子巷,石头人,必剪创作",267424,1203,2071,1608,3161,486,0,0,25274
BV1awtMzwE22,114968573839920,1,158,2114,穿搭,鞋服穿搭,http://i0.hdslb.com/bfs/archive/5e0b71ca40675c815190ed7a23aa72a60ecfb5fa.jpg,单品拯救｜妈妈的衣服也可以很时尚！,1754281441,437,361775100,怪力老陈,https://i0.hdslb.com/bfs/face/1302cf417c3f44d1b58f0ee180c8eb87f283dfbe.jpg,1496496,"穿搭,服饰,生活,女装,日常,日常穿搭,衣服,单品,穿搭技巧,趁热时髦穿",517707,863,562,4658,5382,289,0,0,54408
BV1HQtFzdEsi,114979982415884,1,65,2078,网络游戏,沙盒类,http://i0.hdslb.com/bfs/archive/427a086d97d0539ea3e7de55a4668eae828469e1.jpg,《 万 泉 部 诗 人 2.0 》,1754455519,522,75480955,念熙阿,https://i1.hdslb.com/bfs/face/c054ef8bd21efb38f8d6cc78fd8e7135c4b996a8.jpg,982233,"搞笑,沙盒游戏,我的世界,minecraft,念熙,联动,沙雕,整点电子榨菜",127106,366,352,1368,2480,190,0,0,14462
BV19qhPzaEqu,114959749024578,1,31,2020,翻唱,翻唱,http://i2.hdslb.com/bfs/archive/3500cb6e16fa474d9f3f5b22ae9770863fa06659.jpg,今晚听夜雨,1754146658,25,689808143,流星雨4536251,https://i2.hdslb.com/bfs/face/a4a2fa661cf165b94628a6e73440f4950799669a.jpg,78123,"姐妹唱歌,听夜雨翻唱,听夜雨DJ",479250,46,193,3765,1132,276,0,0,60574
BV1rRtwzhEtJ,114980787585290,1,21,2040,日常,二次元线下,http://i2.hdslb.com/bfs/archive/78f554b4c28d82ed16080868f55b0dd047870bbb.jpg,和老公在CJ大战，我只能说技术还得再练练,1754471774,270,8993635,一只树奈奈啊,https://i1.hdslb.com/bfs/face/c6dccdfc7812a2f3d1f9133252dd9e57910511d0.jpg,560552,"美女,情侣,LOL,搞笑,英雄联盟,游戏,符文战场：英雄联盟对战卡牌,卡牌,CJ漫展,符文战场",343462,2225,231,4093,1530,1096,0,0,21407
BV1YxtnzPEhy,114975469279292,1,138,2154,搞笑,剧情演绎,http://i2.hdslb.com/bfs/archive/46b76d7d7b85ea37e668475214b897cae704dc11.jpg,当代父母的迂腐观念（真的是超级无敌真是呀哇哇哇哇）,1754386614,223,68439967,萧枭同学,https://i1.hdslb.com/bfs/face/048bdff2b19e39da8f1aba04a3bd595a073130c8.jpg,2832652,"反转,搞笑,尴尬,父母,真实,2025哔业大戏",372641,569,364,2525,611,182,0,0,33737
BV13ohHzkEcL,114952870305430,1,76,2152,美食制作,美食记录,http://i1.hdslb.com/bfs/archive/b2543b6e5519263a8b993ee7a83091cbf08f2b47.jpg,又是一年夏天，时间过的有点快，但好在做自己喜欢的事就不算浪费时间！列气！,1754041989,347,3461567196694763,队长0527,https://i2.hdslb.com/bfs/face/aab34fc302ea7c169ea07074beaa89de2e96e8c7.jpg,806925,"夏天,回忆,生活记录,青春,烧烤,人间烟火,记录,v lo g,徐州烧烤,B站超高清视频计划",512375,12231,909,4009,1871,848,0,0,48795
BV1KmtwzTE9o,114980670214932,1,201,2094,科学科普,科学科普,http://i1.hdslb.com/bfs/archive/154b480d9ad223ad290235365d3087b0e2f18fb2.jpg,塑料薄膜随手一划，为啥划出来的是波浪线？,1754537400,176,489763089,毕的二阶导,https://i0.hdslb.com/bfs/face/6d7c9ef4e2d3147528c5d161f51bf5d604568de1.jpg,1625805,"物理,科普,高分子,划痕,塑料薄膜,应力,波浪形,万物研究所",784655,4725,884,5230,2516,788,0,0,67041
BV1WAtFzbEdv,114980519217969,1,21,2082,日常,社会资讯,http://i1.hdslb.com/bfs/archive/fc36c4667f37c3119ac65461cddee5ad892362ad.jpg,赞！这一拽，拽出一整个真善美！,1754463570,42,473837611,新华社,https://i1.hdslb.com/bfs/face/396b93a7f619882afa711879dbf2cb98a40e7367.jpg,18704913,"生活记录,正能量,暴雨,现场,安全驾驶,高速公路,天气,出行,交通",954022,841,1625,1955,3030,416,0,0,110015
BV1K6tFzPEJ3,114979848130522,1,212,2152,美食侦探,美食记录,http://i1.hdslb.com/bfs/archive/4f2788588206957c867d3ba1d15eb677cb001528.jpg,特厨溯源｜吃“松茸”长大的猪是什么味道？—藏香猪,1754453564,232,3546888255048212,特厨隋坡,https://i2.hdslb.com/bfs/face/4a6a6e459f71080664d3952957f2eafc02418b85.jpg,2443615,"美食,隋坡,特厨隋卞,记录我的美食日常,西藏",856082,2462,3690,4084,13605,2193,0,0,89094
BV1u84dzsEGv,114976408802869,1,31,2207,翻唱,随拍·综合,http://i2.hdslb.com/bfs/archive/5f9576957c49bdaaa1eb4b59f3a0c4e3c55fca90.jpg,欢迎来到三角洲第一肘击男高音的直播间,1754400945,179,3546904117906059,中国帕瓦罗帝,https://i0.hdslb.com/bfs/face/da427ec910b66dfc3e48152ff412f8dd626f3a95.jpg,3312,"三角洲行动,中国帕瓦罗帝,雷斯,三角洲破壁新赛季上线",293390,255,714,5205,629,11329,0,0,41015
BV1Nkt3zaEst,114970452954524,1,21,2168,日常,狗,http://i0.hdslb.com/bfs/archive/0ba717ae4dbb255fb8b89cf491ab175757f820e5.jpg,爱要互相陪伴，汉堡分你一半。,1754310631,411,3546946425850423,一口一个团up主,https://i1.hdslb.com/bfs/face/33fcb94a59b9c4e52c8e95ef97176c1cf408474f.jpg,385815,"布偶猫,边牧,萌宠,小猫,小狗,日常vlog,萌宠过暑假",283904,673,619,3078,3732,1559,0,0,41616
BV1A282zYEv4,114947451326385,1,17,2077,单机游戏,休闲/小游戏,http://i2.hdslb.com/bfs/archive/684e6b7f35fad942c2a72ef1e4ca60961198d7a3.jpg,指导新角色：头羊,1754019000,218,3546562489748303,头牛o,https://i2.hdslb.com/bfs/face/5228dc4405fa65c7b96a9278dc1a634beaabae2c.jpg,255978,"单机游戏,搞笑,植物大战僵尸,娱乐,指导版,沙雕,休闲益智,植物大战僵尸1,推荐宝藏游戏",1766153,1856,1649,14433,1947,437,0,0,44765
BV1434RzmEJb,114977331484233,1,17,2078,单机游戏,沙盒类,http://i0.hdslb.com/bfs/archive/f977e6417dda332274fb3ad2cb78ed37c94a1485.jpg,超级困难生存???!被虐昏了!!!「天门接力畸变1」,1754438400,2037,84130356,夏天y,https://i0.hdslb.com/bfs/face/2139ba40f33a5977675e209a66896c4c3fe3eeb5.jpg,1517933,"我的世界,沙盒游戏,单机游戏,MC,惊变生存,像素风,沙雕,多人游戏,夏天y,推荐宝藏游戏",2609366,2810,1663,90878,52754,529,0,3,146034
BV1YDhHz2EfV,114952669037044,1,138,2185,搞笑,家庭关系,http://i1.hdslb.com/bfs/archive/aac44f050bd166b32bd6b2fbb8a2f23d5089d746.jpg,如何和父母闹僵？,1754038887,189,3546559413225949,冷白喵,https://i1.hdslb.com/bfs/face/4e0f5bc0d4746f4f43ddde5bea51eb7c422887d5.jpg,710492,"搞笑,家庭,吐槽,搞笑小剧场,父母",837012,1877,2602,4782,1760,1129,0,0,38710
BV1Z2tAzdEFN,114982431888926,1,250,2167,出行,猫,http://i2.hdslb.com/bfs/archive/3454d952da4b56f4b34ddb122e4b81c8612a5a25.jpg,带狸花猫环游世界《爱猫之城伊斯坦布尔》,1754524800,291,404585870,不撸猫Blue,https://i2.hdslb.com/bfs/face/d56be7661b1953614bd87891831b3288c2523106.jpg,701162,"生活记录,猫猫,旅游,动物总动员,环游世界,狸花猫",431962,923,1097,5609,3590,2545,0,0,56325
BV1jctHzgEea,114975351836802,1,21,2126,日常,户外探险,http://i1.hdslb.com/bfs/archive/8d32b4bf74cfc339cc62e10f79ef8bb519c573fa.jpg,流浪庇护所成型通水通电，是时候享受牛总生活了。,1754387725,877,1625060795,浪仔小牛,https://i2.hdslb.com/bfs/face/0f5c077c743dd4c1e0a8f3089becc6f4acbddc75.jpg,534069,"生活记录,庇护所,正能量,露营,户外,我的离谱暑假",917895,3846,991,1990,10096,1092,0,0,23045
BV1bvt3zKEaY,114970872253213,1,138,2137,搞笑,武术,http://i1.hdslb.com/bfs/archive/0b4a6ca189385129f9317e5ed83318f5f5894393.jpg,攻略失败,1754316380,22,1998136608,slava_fox,https://i0.hdslb.com/bfs/face/22315ef082e6517e9f70eacb67978488cee62d94.jpg,885389,"剧情,生活记录,娱乐,颜值,高能,转场,Ai,给整活儿加点艺术",559749,257,634,12964,1978,1201,0,0,100945
BV1TrhuzNEoB,114963070851108,1,242,2198,娱乐粉丝创作,休闲玩乐,http://i0.hdslb.com/bfs/archive/d1d3a6a44179c2015504a33d044db05d9ef88ea9.jpg,直接变出刘谦老师！同行怎么解释！,1754197343,12,3546591434639889,销冠李老板,https://i0.hdslb.com/bfs/face/624a010be1877385b97f16db5705f9d70b6493b2.jpg,352334,"魔术,同行,刘谦",1203056,158,580,1676,669,482,0,0,48853
BV1Bjt3zEEMv,114968926096205,1,138,2154,搞笑,剧情演绎,http://i2.hdslb.com/bfs/archive/bc8ad84ed86de02bedb1a2290f3a9163c08224d0.jpg,《关于同事外卷这件事》,1754301600,94,1699496602,李什么闯啊,https://i1.hdslb.com/bfs/face/35c7e7548611cd51bad82e2071bfe739f23315d4.jpg,953768,"办公室,搞笑,内容过于真实",2274473,1258,2727,46153,20169,21076,0,14,269223
BV1aktJzYEDP,114976207409009,1,172,2070,手机游戏,MOBA游戏,http://i2.hdslb.com/bfs/archive/7019ab33d034602927277321ce3928e129f94164.jpg,《焚决》,1754397845,14,425241131,WK七翼,https://i2.hdslb.com/bfs/face/b73d5efd68ba3b364fd23c99db80295114831682.jpg,1116,"电子竞技,王者荣耀,MOBA",733247,86,757,33304,613,1393,0,0,34874
BV1MktizBEAm,114985099397935,1,250,2158,出行,旅游记录,http://i1.hdslb.com/bfs/archive/b4b25fa5aa21955820969dcba928bc97cb5ad81d.jpg,挑战在缅甸最大贫民窟生活24小时，这里的生活环境让人吃惊,1754537901,631,4249401,20岁了还没去过星巴克,https://i0.hdslb.com/bfs/face/f414404c2722feea44a6c1fbf404c818f09b7649.jpg,1050258,"社会观察局,生活记录,旅行,旅游,记录,缅甸,仰光",69381,600,501,1095,4225,274,0,0,6189
BV179tuzLESa,114969764956800,1,182,2001,影视杂谈,影视解读,http://i0.hdslb.com/bfs/archive/92eae85616c7f98e3de654baa175df37a161dbfe.jpg,杨洋去油成功？！被说相貌平平？《凡人修仙传》能否成为杨洋翻身之作,1754302088,822,203337614,开心嘴炮,https://i2.hdslb.com/bfs/face/5cd3053f352bc597bac3d11b824e548108423cb2.jpg,2877797,"凡人修仙传,国产,金晨,杨洋,搞笑,伊利牌万年灵乳,凡人修仙,韩立,修仙搭子选伊利",358247,2328,1376,1030,616,386,0,0,13531
BV1JStnzmE9R,114975200840386,1,21,2071,日常,射击游戏,http://i0.hdslb.com/bfs/archive/64522401372f0cda81c64635e88eecbc6e87ede2.jpg,攒钱买手机第七天,1754382623,123,3546735158758129,三角洲累逼,https://i1.hdslb.com/bfs/face/c85a8ba5ce54aebeaf9683d1f5c89af8e3e8ffd1.jpg,11027,"原创,第一视角,游戏实况,娱乐,手机,必剪创作",172518,214,743,1629,15619,230,0,0,30438
BV14ZtJzpEGd,114975838311677,1,21,2154,日常,剧情演绎,http://i1.hdslb.com/bfs/archive/f0c1c425dfba9fcaff95f14eec0c94b67c2b5ce5.jpg,《锻炼3.0》,1754392662,56,70429299,嘞是唐孃孃,https://i0.hdslb.com/bfs/face/7685255299c9892d57048aca5f960c59b6850533.jpg,1708039,"搞笑,高中生,娱乐,原创,搞笑小剧场,大学生,段子,暑假工",522895,264,939,1856,571,546,0,0,57113
BV1BRtFzXEhb,114980015836671,1,17,2071,单机游戏,射击游戏,http://i1.hdslb.com/bfs/archive/c8a69a703b4b8617bd68951eac88162dc47e4105.jpg,【Task果冻】第一类接触强侦连 红区侦察 一,1754456250,248,35757827,TASK果冻,https://i2.hdslb.com/bfs/face/2eff1fd579722dc308c4e6e4d8d4e9ce0d6ebfca.jpg,901417,"恐怖,MOD,恐怖游戏,FPS,克苏鲁,异常收容,第一类接触强侦连,异常,arma3,整点电子榨菜",821981,407,351,34266,2138,347,0,81,56824
BV1jphuz7EpZ,114963272179271,1,233,2104,极客DIY,自制发明/设备,http://i2.hdslb.com/bfs/archive/d7d9474b7ce6f35594bbab44fcb906bfed190623.jpg,太阳能自动追光系统V1，豆子的老视频1,1754200423,244,13382779,疯掉的兔子yy,http://i1.hdslb.com/bfs/face/0a9f8245eeef392d5a50fcbdfe50ba4d3891cf68.jpg,14262,"3D打印机,DIY,3D打印,太阳能,太阳能追光,发明创造,追光,一起做手工吧！",592459,652,2292,4073,4596,949,0,0,29100
BV1Dot5zmEid,114972952627955,1,161,2146,手工,解压手工,http://i0.hdslb.com/bfs/archive/20a6f545779bb7a7faba7ac6135b3d296159c634.jpg,放个七彩烟花，祝我生日快乐，成功活到36岁啦！,1754348395,100,2134988818,咸鱼抗癌就靠玩,https://i1.hdslb.com/bfs/face/79abfd36cbd58ca6ffbea650df0334e5614d98f5.jpg,128597,"助眠,手工,胶带粘球,放松,粘粘球,必剪创作,我的手工真的很解压",1226355,20688,3081,4862,9915,803,0,0,77754
BV19stFzVEcS,114980082946009,1,212,2207,美食侦探,随拍·综合,http://i0.hdslb.com/bfs/archive/dc3a6bae705dbe85c7e04c06af67a8899c214dff.jpg,在贵阳恨不得一天吃8顿，攻略都给试出来了,1754471100,194,662658732,玲子reiko-,https://i0.hdslb.com/bfs/face/a8d629cf26aadac92df23448177860842cc8e133.jpg,1769989,"贵阳,记录我的美食日常,贵州",151006,196,377,965,516,706,0,0,18383
BV1BctAztEEm,114980720674949,1,21,2080,日常,时政资讯,http://i2.hdslb.com/bfs/archive/85d3e70bc5ee56a8d16f170eb0afe97fa02ce52f.jpg,“一个玩笑成为了一位新娘”，消防员小哥分享自己的爱情故事，网友：果然勇敢的人先成功！,1754466797,16,1131457022,人民日报,https://i2.hdslb.com/bfs/face/19a041ba0e78ed43b7a3eab35edfc998eaa7db8e.jpg,17016535,情感,1026673,223,814,1274,838,494,0,0,63156
BV1pVh3zwERy,114963943266590,1,253,2001,动漫杂谈,影视解读,http://i1.hdslb.com/bfs/archive/177a99d3be49dbf7a32c6806633c15dc016a9f0b.jpg,世上没有浪浪山，或者 人人都在浪浪山。,1754210691,279,1249029768,野人少女79,https://i0.hdslb.com/bfs/face/f7b1b6f2ce7b92fd435c1318191b93f31e3bfc29.jpg,574446,"治愈,浪浪山小妖怪,UP热评影视剧",1727174,89,335,24921,1484,231,0,0,28887
BV1tN4RzQEyc,114977130154896,1,183,2154,影视剪辑,剧情演绎,http://i0.hdslb.com/bfs/archive/a38a591eea0b7078c3ff1ece763fd351ace98473.jpg,我救了你 却又不是你,1754412028,59,288739439,郭小栓的,https://i2.hdslb.com/bfs/face/3445f2718d9957944b3b1842827026ad97f448d0.jpg,28229,"情感,爱情,原创",330078,176,647,9444,5212,470,0,0,61076
BV1mt4dzRE1V,114976425511022,1,21,2166,日常,农村生活,http://i2.hdslb.com/bfs/archive/440263d9862fd514904a12bbbbee94054c2d4ab2.jpg,哔站的币本不值钱，但投的人多了，它就变成肉包了,1754402286,286,441872026,健人鑫,https://i1.hdslb.com/bfs/face/b90967318b6883fd2d43c9b0ee1c7b3d2c5fc62b.jpg,474195,"治愈,风景,生活记录,出行,记录,慢生活",160529,317,396,2079,37329,198,0,0,32609
BV1pUt3z4EVB,114970385712404,1,138,2155,搞笑,语言类小剧场,http://i0.hdslb.com/bfs/archive/9a225315c095a05e5fc88199187b0f83a008b32b.jpg,抓捕周树人和我鲁迅有什么关系？,1754308970,85,475937149,路西法Lusiferr,https://i1.hdslb.com/bfs/face/8fa776e2c055da0180ce6c409f9600459d4600b4.jpg,389821,"搞笑,新疆,歪果仁,英语,国际尬聊,少数民族,伊布拉希莫维奇,看一遍笑一遍,整活,搞笑研究所",1125036,588,734,4511,678,600,0,0,78498
BV1gGhhzeE6i,114958255784274,1,47,2037,同人·手书,同人动画,http://i1.hdslb.com/bfs/archive/ca7a4372c8f9878102ac3758a56868c71e5f27a0.jpg,15岁自学动画爆肝5个月，尝试手绘动画二创《越狱兔 第六季》,1754131200,262,1585678426,叫南瓜皮的我,https://i1.hdslb.com/bfs/face/d1241d8de7784fdc5d090f6439690673a2634134.jpg,41295,"童年回忆,越狱兔,学生作品,动画,手绘动画,同人,自制动画,爆肝",2277932,2222,4283,70748,141033,8579,0,7,266564
BV1oEbSzsEUR,114912655382188,1,251,2088,三农,社会观察,http://i0.hdslb.com/bfs/archive/5e956fc412a84bc00407ec972d21a7dc0a72a2ca.jpg,你吃过公共厕所旁的五元自助餐吗？,1754386200,148,1353065475,我是九日儿,https://i0.hdslb.com/bfs/face/ef3ea526cdfc8eee6a3a2fea64f1e15c1d3ff701.jpg,126149,"正能量,vlog,记录美好农村生活,山东,温暖,济南,好客山东,五元自助餐",1209216,830,1497,8407,58842,1473,0,48,133929
BV1oZtFzDEy7,114979915239336,1,172,2079,手机游戏,其他游戏,http://i0.hdslb.com/bfs/archive/dd830c84e3efcb79cdb34de786d15b08ffad84ec.jpg,FGO十周年大拐时局图.jpg,1754466741,401,520818012,超下饭の衰某,https://i0.hdslb.com/bfs/face/f9292cb4be2e3a30f2b6ea5768e6213f01766ed7.jpg,3685,"FGO,fate,Fate,迦勒底创作高能团,十周年,fgo,Fate/GrandOrder,整活,命运-冠位指定创作者激励计划",155245,455,863,3049,951,918,0,0,4900
BV1DZhgzGEEQ,114964446650001,1,252,2039,仿妆cos,cosplay,http://i0.hdslb.com/bfs/archive/68db4ad5b76e87096273e1b59539c2efdf2208ae.jpg,“你可以模仿一下花火受击音效吗”,1754218509,167,1337856191,困困不知道哦,https://i2.hdslb.com/bfs/face/b1cc84d6b200ec5d7ab822337ee1a1e24d7f5cdb.jpg,485635,"花火,读评论,搞笑,cos,武当花火,火影忍者手游,日向花火,Cosplay",1001423,425,1276,16368,3312,1075,0,0,49096
BV1ZjtFzUERS,114980099725553,1,124,2088,社科·法律·心理,社会观察,http://i0.hdslb.com/bfs/archive/097e9bfbbd67008c733bd80e139453c5273bbe94.jpg,【罗翔】张三出租教材，构成侵犯著作权罪吗？,1754457446,559,517327498,罗翔说刑法,https://i1.hdslb.com/bfs/face/4e5d0a51273fe3f8fabc700b6a71bb8a38c9e21e.jpg,32164717,"法律,知识产权,普法,罗翔,侵犯著作权罪",464445,8443,326,2723,2322,408,0,0,59968
BV19CtMzAETi,114968456337978,1,21,2154,日常,剧情演绎,http://i0.hdslb.com/bfs/archive/2473567713135a0244cc5bc697cd43ab43a06d66.jpg,当你在vintage店看到了自己的旧衣服,1754279780,148,8259298,港妹妹join,https://i1.hdslb.com/bfs/face/07b99a830d07736e978148d77b733b115ab5c91a.jpg,359436,给整活儿加点艺术,578252,322,571,1770,519,507,0,0,49045
BV1jbhVzfECm,114964866014945,1,21,2080,日常,时政资讯,http://i1.hdslb.com/bfs/archive/e804d58efb91c58a32ebce1528351721b4c4bb16.jpg,1分17秒，原声沉浸式体验武器分解结合（作者：武警山西总队 于洋、冯朵、黄彤；编辑：王智霖）,1754224922,81,1443100697,人民武警,https://i2.hdslb.com/bfs/face/2a1cfc28fc1546d58b92f064ea517a5210f4de50.jpg,1246811,武警,666923,228,972,8537,1157,1223,0,0,58061
BV1UBtwzGEYn,114980972138491,1,130,2017,音乐综合,MV,http://i1.hdslb.com/bfs/archive/693b483cef9e7508136f12c149b1f11954ef25d6.jpg,KiiiKiii 'DANCING ALONE' MV,1754471580,217,3546857988950703,We_KiiiKiii,https://i0.hdslb.com/bfs/face/2c2085c510e03ce000b89bc4226c62ddae9e7ffc.jpg,40341,"KPOP,K-POP,韩国女团,KiiiKiii,回归前线",63950,493,866,2688,3727,2068,0,0,6876
BV1CYtqzYE8j,114986626123025,1,171,2071,电子竞技,射击游戏,http://i2.hdslb.com/bfs/archive/9e66117cf4998e447f4b9a8e55f6f1696ea45101.jpg,坠落,1754557283,382,694233547,阿羊一一,https://i1.hdslb.com/bfs/face/f0a652264e52ead701c4faa184d4c95f0f3770a3.jpg,178183,"游戏实况,第一视角,电子竞技,FPS,航天,三角洲行动,绝密,推荐宝藏游戏",73334,554,538,789,1082,603,0,0,6642
BV1phhHz8EPF,114952954187731,1,30,2022,VOCALOID·UTAU,VOCALOID,http://i0.hdslb.com/bfs/archive/7ef814b3a46b4555d1e3aec905bb622e4d4521ac.jpg,【初音ミク】いますぐ輪廻（即刻轮回）【なきそ】,1754043184,123,39873100,珠紫MuRaSaKi,https://i1.hdslb.com/bfs/face/c10d5bdf351c2eca4a5b57f48a506492a6a940d1.jpg,39178,"初音未来,VOCALOID,なきそ,いますぐ輪廻",1157670,6171,4704,78697,11220,13780,0,0,108934
BV1dttPzoEJh,114981643224407,1,171,2070,电子竞技,MOBA游戏,http://i0.hdslb.com/bfs/archive/fc83510365bca00deb92a48639bb19d6a28525e6.jpg,最折磨的一集！W+E=加速+减速增伤唯快不破！嘲讽那必须狠狠折磨回去了！,1754481188,443,21616237,小小和奏,https://i1.hdslb.com/bfs/face/51b3e282d0af0dd4f9c44b584e069dda732b4a4b.jpg,17020,"LOL,电子竞技,英雄联盟,竞技场,娱乐,锻体,斗魂竞技场,女枪,套路,MOBA",396561,439,574,614,649,978,0,0,15720
BV1HNtnzmE8W,114975955748230,1,85,2154,小剧场,剧情演绎,http://i2.hdslb.com/bfs/archive/67663e622f730141d010067d1053f7fe5dbf733e.jpg,我就说ai无法取代人类吧,1754394332,72,42019920,CCCmlng小陈不憨,https://i0.hdslb.com/bfs/face/113d86c8aefd66129820292a04daf86fd2788618.jpg,1069968,"B站小剧场,人工智能,高能,AI,娱乐,搞笑,恶作剧",1122402,214,354,15428,761,2371,0,0,60653
BV1bwtBzCEiK,114986374466223,1,130,2031,音乐综合,明星舞蹈,http://i1.hdslb.com/bfs/archive/56f7836b8db72b3369cd59d7dbae7e7d86be4eb5.jpg,【宋雨琦 X 章昊】'NOW (Original: Trouble Maker)' 舞蹈视频,1754557200,240,624243924,i-dle_official,https://i0.hdslb.com/bfs/face/3fd53d93ee36eed7854a5df6ca032ebee553b419.jpg,1987000,"音乐,没有明天,章昊,ZHANGHAO,YUQI,宋雨琦,音乐综合",89662,4111,2474,3975,6140,998,0,0,10805
BV17gtEziEE7,114975066555514,1,212,2150,美食侦探,美食探店,http://i0.hdslb.com/bfs/archive/f872b71358c3028f799fa895aec1003ea1270849.jpg,5500韩元在韩国女校食堂能吃到什么？没有草料，但也没有肉,1754388000,979,39627524,食贫道,https://i2.hdslb.com/bfs/face/eef12b850c10b0d7a7929236abb08604955823c0.jpg,7945593,"韩国,大学,美食,4K,草料哥,大宝荐,舌尖真探事务所,记录,食堂,食贫道",1919379,11603,6097,11463,19019,5080,0,47,105578
BV1T6h8z4ELK,114958339807315,1,17,2073,单机游戏,动作竞技游戏,http://i0.hdslb.com/bfs/archive/993df81f291a5a164011eda711f1039a92696e0b.jpg,【速凌】怀揣哥？你这是干嘛啊？？,1754126828,466,3546875066059052,高司令-速凌电竞,https://i2.hdslb.com/bfs/face/8119a560bc06a6436665606570a7332cb0756a89.jpg,1284145,"游戏实况,FPS,永劫无间手游,速凌电竞,永劫手游张起灵,永劫手游古墓夺金,永劫无间张起灵麒麟回响,沙雕,高司令,三角洲",5020085,51574,5206,58161,18223,10382,0,8,256412
BV1bjtgz8EcR,114969513366844,1,161,2183,手工,助眠视频·ASMR,http://i2.hdslb.com/bfs/archive/d46104593820fbb77078c7f72cac0eee10b0fd14.jpg,你想随身携带哪本书呢？ASMR,1754295668,65,8399798,Aismr_,https://i2.hdslb.com/bfs/face/24b362b243c9b0206be406fcc6636c34e6627a18.jpg,89293,"治愈,催眠,助眠,asmr,解压,记录,放松,触发音,极度舒适",582106,224,401,10181,938,824,0,0,55700
BV1cjtwztE6D,114981274129080,1,25,2037,MMD·3D,同人动画,http://i0.hdslb.com/bfs/archive/236b565b386e8332f8a8eb11dac8d3dc9c9750c0.jpg,【绝区零】台球猫【猫和老鼠节选】,1754541039,255,28389168,AI血色玫瑰,https://i0.hdslb.com/bfs/face/44d29ba46572d71e633eaa88270ab4ea78f4709e.jpg,91750,"搞笑,猫和老鼠,绝区零爱丽丝二创,柚叶,爱丽丝,米哈游,绝区零",74564,250,165,1865,1271,476,0,0,7274
BV1EXhtzzEnJ,114957299490168,1,17,2066,单机游戏,单机主机类游戏,http://i0.hdslb.com/bfs/archive/460fec390e486a1a2d5292dddd3b58e81f84b1be.jpg,“我是个痛苦焦虑的傻子”，揭露百万粉游戏UP另一面【视频播客】,1754110304,3992,39861398,核电波,https://i2.hdslb.com/bfs/face/a51d64d5419bf243749b789b127da491643bca07.jpg,52984,"机核,单机游戏,屎蛋,任天堂,游戏杂谈,明末 渊虚之羽,STN,最后生还者2,死亡搁浅2,上B站看播客",293763,3457,1090,5691,9667,1140,0,0,13373
BV1GRtvz6Evh,114985552319025,1,65,2071,网络游戏,射击游戏,http://i0.hdslb.com/bfs/archive/fd2e13abd36a81dfbd17865fdc27991fe0c9b5a6.jpg,拯救大兵..亿万负翁？！真给他扶起来了！！！,1754540795,397,282067352,小仙燃起来了,https://i2.hdslb.com/bfs/face/bad9ce1e00173b670604d9ebeb06b4d3d74e8ff5.jpg,824009,"娱乐,游戏实况,FPS,搞笑,三角洲行动,拯救大兵,跑刀,鼠鼠,沙雕,三角洲破壁新赛季上线",166990,328,225,2188,827,136,0,0,18797
BV14zt3zYEYi,114970821920464,1,201,2170,科学科普,野生动物·动物解说科普,http://i1.hdslb.com/bfs/archive/9ad50851894edcf53e25f5a3cb1a43e5c9ffc43a.jpg,鉴定咬伤粉丝的毒蛇(23)被五步蛇咬伤竟然打了银环蛇血清？,1754389800,513,25126508,世界记忆大师龙雅,https://i2.hdslb.com/bfs/face/ef459648b3357acf2efbfeae8bb1beb9bd05ecbb.jpg,2684948,"蛇,生物,自然,知识,科普,银环蛇,毒蛇,科学科普,五步蛇,网络热门鉴定",3005096,2915,5767,19785,18119,1022,0,19,125796
BV1zCtzzeERs,114987079110241,1,249,2141,足球,体育赛事,http://i2.hdslb.com/bfs/archive/7380118b5bae95361e805b5aa9fb64b8b7758364.jpg,【赛季盘点】24/25赛季英超十大名场面,1754565070,1025,436036217,爱穿小脚裤的花轮,https://i2.hdslb.com/bfs/face/0d5e588818336e7a5cc1cce55bcda84b44b75b1a.jpg,412400,"英超,曼联,阿森纳,切尔西,利物浦,曼城,托特纳姆热刺,若塔,滕哈赫,足球绿洲探险家",36212,757,124,674,952,168,0,0,3103
BV18rhVzDEzV,114964463422302,1,21,2154,日常,剧情演绎,http://i1.hdslb.com/bfs/archive/c2b5759bc3da2eedc803fbf7f7b9660180a0af93.jpg,美 丽 的 代 价,1754280000,60,9130832,张八筒筒,https://i2.hdslb.com/bfs/face/683b3b97648bf13641c508b9b50a2d25b87bec69.jpg,723480,"生活记录,搞笑,张八筒,best人生,猩猩队长,抽象,情侣日常",910219,370,611,2113,5785,1135,0,0,95223
BV1xptczeE89,114979646734825,1,172,2064,手机游戏,单人RPG游戏,http://i1.hdslb.com/bfs/archive/36632da0fd3df33d364eb8bf1a6b5cb2c9e60e4c.jpg,【原神】幽境危战(5.8版本) 活动攻略/深邃摹结株·虚暗幻变/历经百战的玳龟·坚盾轰霆/历经百战的皮皮潘偶像·百诈瞬变/原神5.8,1754450495,162,431073645,你的影月月,https://i0.hdslb.com/bfs/face/2e32de7b28fc491a28281a22c6ea9f5d195cbdf5.jpg,8935552,"原神5.8版本,幽境危战,原神幽境危战,深邃摹结株·虚暗幻变,历经百战的玳龟·坚盾轰霆,历经百战的皮皮潘偶像·百诈瞬变,游戏攻略,游戏鉴赏家,原神,原神高能团",255178,198,3470,688,540,295,0,0,10523
BV1aXhHzLEsv,114952652263117,1,219,2168,汪星人,狗,http://i2.hdslb.com/bfs/archive/082e05314fa28fa823b275d4c529f7f9bdfd0201.jpg,当我揭开捡来的串串小狗身世之谜,1754038509,283,514376446,小恩不是人_,https://i1.hdslb.com/bfs/face/4fb77501e0d418c1e4dff61a06bf756b9b432017.jpg,6465,"串串,汪星人,养狗的乐趣,流浪狗后续,混血狗小恩,小狗,捡狗",677995,1144,1007,6073,1338,1360,0,0,70203
BV1odtnzkEtF,114975402100793,1,172,2064,手机游戏,单人RPG游戏,http://i2.hdslb.com/bfs/archive/2d6ca654ada05b022a829947d3041281b51d23b1.jpg,《崩坏：星穹铁道》走近星穹——「海瑟音：骑士肚里能撑船」,1754452800,552,1340190821,崩坏星穹铁道,https://i2.hdslb.com/bfs/face/57b6e8c16b909a49bfc8d8394d946f908cabe728.jpg,11441384,"崩坏：星穹铁道,崩坏星穹铁道,走近星穹,海瑟音,崩坏星穹铁道海瑟音,英雄未死之前,米哈游,miHoYo",1333006,22490,7976,14788,18072,6587,0,32,126030
BV1pghuzxEWd,114963137960695,1,121,2041,GMV,动漫剪辑,http://i0.hdslb.com/bfs/archive/3df4d03f19bbd44c52419c9d1e0aae8864303491.jpg,【𝟖𝐊/𝐇𝐃𝐑/𝟏𝟐𝟎𝐅𝐏𝐒】查尔斯: 天下无敌 - 马克: 天上来敌＋片尾曲《第一推动力》,1754217576,146,675872284,IM闪电,https://i1.hdslb.com/bfs/face/678d87055389a45c74bd659afd935781310029fa.jpg,127500,"白月魁,灵笼片尾曲,灵笼第12集,灵笼白月魁,第一推动力,动画种草激励计划,灵笼12集白月魁vs马克,雨燕号,马克,太空战",321953,290,964,4609,2451,1409,0,0,10801
BV1WXtVzaEhN,114971174244398,1,172,2064,手机游戏,单人RPG游戏,http://i1.hdslb.com/bfs/archive/d413e33c4674a9dee1ae54df49280e546405e91b.jpg,绝区零全角色街头颜值打分（OOC致歉）,1754321152,305,5541063,一颗白矮星,https://i0.hdslb.com/bfs/face/acd94a07c11321fbc8876ff473e767c3e9419a41.jpg,1329,"街头采访,绝区零剪辑,绝区零UP主激励计划,颜值打分,整活,绝区零",612080,726,731,9222,4532,3609,0,0,54355
BV1uotcz3Eki,114981223793122,1,17,2072,单机游戏,体育竞速游戏,http://i0.hdslb.com/bfs/archive/4db4e0a8889ba2653ba2bfe0502c5666ecb07957.jpg,史诗级逆转！我将2K25杰青五虎放到一队，结果意想不到！,1754474681,1485,322965409,Junior杰青,https://i1.hdslb.com/bfs/face/d253cd7049843c5a8d178e05c73b1e8db67721cb.jpg,289166,"粤语,乔丹,NBA,詹姆斯,篮球,NBA2K25,哈登,杜兰特,王朝模式,库里",90511,1216,422,3212,17760,120,0,0,15975
BV1AQh3zKEeb,114963792269225,1,243,2009,乐评盘点,娱乐评论,http://i0.hdslb.com/bfs/archive/2e0f4c64a7c148e847c12542e6c35ddf56d20027.jpg,一个树立全美性犯罪标杆的R&B天王,1754208458,557,386435204,我是NOPEACE,https://i2.hdslb.com/bfs/face/f347784289ca1f70737a9ddb9d70cb83ce7f2dd7.jpg,71732,"犯罪,欧美音乐,社会,说唱,娱乐八卦,欧美说唱,娱乐吃瓜大会",3088260,4834,1308,31322,8722,3422,0,11,193551
BV1xPtizeEhk,114985250393434,1,17,2079,单机游戏,其他游戏,http://i2.hdslb.com/bfs/archive/d20a2a4b2c81834f272670994af73f5051d3412e.jpg,每折磨他一次，你就能获得一美元！想赚钱必须下狠手！,1754539978,1765,1767542,笨尼尼子,https://i2.hdslb.com/bfs/face/9a00259681e96cd04c9136344b100c28374d1d65.jpg,1620338,"独立游戏,恐怖游戏,单机游戏,惊悚,恐怖,猎奇,生存恐怖,伪人,推荐宝藏游戏,BloodMoney",153785,1666,498,3044,2325,260,0,0,10084
BV1yptJzjEGq,114974278030003,1,172,2079,手机游戏,其他游戏,http://i2.hdslb.com/bfs/archive/ad3092a74cffe27b6b3ae6635b950f53e73a118f.jpg,朋友推荐我玩FGO，我是不是得罪人了？【FGO九周年】,1754373600,561,1910020454,谁不重要i,https://i2.hdslb.com/bfs/face/d062d8c6efd378f88e106cdfb55d8b3d5cda8d01.jpg,1286165,"FATE,FGO,fate,希耶尔,兽艾蕾,命运-冠位指定创作者激励计划 第三期,fgo,GrandOrder,泳装从者,FGO9周年庆",437408,9859,2348,3338,1857,844,0,0,35347
BV14E4fzbEUT,114978925319982,1,65,2071,网络游戏,射击游戏,http://i1.hdslb.com/bfs/archive/42c6d0c687617016dba992a360f3ead742173a01.jpg,干员还不拉闸吗 乌鲁鲁为你服务~,1754456700,35,3546631886604757,Lin三角洲行动,https://i1.hdslb.com/bfs/face/6910dcfc7ed08e91e59784d447f3a4b6cd6ca701.jpg,42919,"三角洲行动,乌鲁鲁,航天基地,堵桥,三角洲破壁新赛季上线",195998,62,624,6258,1294,10388,0,0,21887
BV1Wyh8zXEMX,114958490667868,1,171,2070,电子竞技,MOBA游戏,http://i2.hdslb.com/bfs/archive/b8ff8401ee577e19044557dbef56a83a1990d0d2.jpg,这才是每个关羽的梦想，深入敌后，斩敌当先（“每关梦”合集）【高燃集锦175期】,1754127497,168,489296007,牧马人明眸,https://i0.hdslb.com/bfs/face/db4878d8899584639fa6054b755a1161845c3052.jpg,1123788,"游戏,电子竞技,王者荣耀,集锦,王者荣耀夏日农友节,MOBA,关羽,高燃集锦,明眸,国服关羽",2224371,668,1153,5233,4850,1534,0,0,83287
BV1ont3z1Ems,114970754880987,1,17,2074,单机游戏,音游舞游,http://i1.hdslb.com/bfs/archive/2acb2ecc05523f2dbe01b25e692a4924cae75188.jpg,他是我可爱的儿子啊！,1754314777,103,14576879,里昂聊游戏,https://i2.hdslb.com/bfs/face/5a5d2e7392187a3d76109619d05f7c011c724b95.jpg,1714309,"善良勇敢,文静内向,阳光男生,推荐宝藏游戏",615921,373,245,11433,766,170,0,0,20967
BV1TxtjzmEYX,114974059924532,1,122,2099,野生技能协会,电脑,http://i1.hdslb.com/bfs/archive/bcbff853eda7cc800bd14e164d703ec6892d15ba.jpg,渲染时？电脑发生了什么...,1754388000,199,36053608,原型机SPFX,https://i1.hdslb.com/bfs/face/aa9f37958e276f2106234a3f56fbb01df9cae61b.jpg,283402,"渲染,无影云,阿里云,3d,云电脑",552137,279,291,8918,2799,388,0,0,35078
BV1wWtJz2EsA,114974261314824,1,138,2005,搞笑,短剧短片,http://i1.hdslb.com/bfs/archive/5c1d1b63814f49ce6c8e97cbe574313759113f3d.jpg,《假装女友》5,1754368124,98,410675812,韩波格_,https://i1.hdslb.com/bfs/face/c3a3d4929b641e1c5d1927241727abc3e7248fa0.jpg,1014056,"短片,剧情向,女朋友",538600,299,294,2046,546,391,0,0,44637
BV1wStnzmEJy,114975200777194,1,172,2064,手机游戏,单人RPG游戏,http://i2.hdslb.com/bfs/archive/85a5ec301718b1a79102c23a83be4411a554f461.jpg,【绝区零】3蓄大能or过渡角色？爱丽丝保姆级攻略！双2影强度超过虚狩？配队&养成全面分析角色教学!配装驱动盘音擎武器养成材料 2.1 版本卡池,1754455500,779,27500557,梦轩dada,https://i1.hdslb.com/bfs/face/434105b91b2a2d7e00ebe8f3da4112acafe1f183.jpg,1588393,"攻略,游戏,二次元,绝区零UP主激励计划,迟吟的浪涌,爱丽丝,教程攻略,夏日特辑,角色养成,绝区零",128112,591,545,1193,1648,203,0,0,7006
BV1SBtwzGEHw,114980972134767,1,208,2096,校园学习,AI学习,http://i2.hdslb.com/bfs/archive/3c66bcd6cdbd771cc3fd6e2bd3949164156cddaf.jpg,网络热门AI鉴定17【Git源宝】,1754470820,183,38061207,Git源宝,https://i0.hdslb.com/bfs/face/6c594817691a12697888c7eb17b3147c2bfcf27b.jpg,1039621,"AI,科普,人工智能,教程,Git源宝,赛博吟诗,东方明珠,网络热门,蜜雪冰城,AI IN ALL！",237093,370,304,5992,3278,362,0,0,11992
BV1VxtnzPEUz,114975469212619,1,171,2070,电子竞技,MOBA游戏,http://i0.hdslb.com/bfs/archive/cd631b45a20fab8ab4a1574d980070c48d5d034e.jpg,被队友认出来了还好打了个16.0,1754387586,360,1092084298,王者荣耀九居,https://i1.hdslb.com/bfs/face/a64e164729d3d94ffee377347d58443696159f05.jpg,609798,"王者荣耀,二手推荐,二手手机,转转",377921,644,565,2194,673,435,0,0,21088
BV1NQ4RznEU2,114976559730364,1,171,2071,电子竞技,射击游戏,http://i0.hdslb.com/bfs/archive/e2ab749d804db1756e4194f0124db32e90437e9d.jpg,谢谢你，谢谢你露娜，真的真的很感谢你,1754403293,33,1398402611,喜欢雨天--_--,https://i2.hdslb.com/bfs/face/af9ec78b2ed70694dd1d9fcd7dbcc9ff0ac5d20f.jpg,5298,"三角洲行动,三角洲宝藏月开启,jojo",264340,127,587,11050,854,9725,0,0,34438
BV1hgtczkEiA,114979512518730,1,182,2001,影视杂谈,影视解读,http://i1.hdslb.com/bfs/archive/88502b85924c0e6f26d9a7cae4014be9086cc785.jpg,P121 把大清第一关系户拉下马，熹妃至少用了5个职场小心机,1754450264,1384,618442764,树懒小结界,https://i0.hdslb.com/bfs/face/2e63ffb52888a12736f961b0111c83c9f51c6aa9.jpg,272261,"甄嬛传,熹妃回宫,助眠解说,电子榨菜,哄睡,如懿传,知否,女性成长,甄嬛传深度解读,万字拉片大赛",164594,1185,175,1082,2634,123,0,0,7610
BV1oAhHzUE7w,114953189130523,1,219,2168,汪星人,狗,http://i2.hdslb.com/bfs/archive/df0733e492201c696628b9d0e7e964feb5e1778a.jpg,狗狗都要出来上班了,1754046586,64,3546607914059825,牟牟刘啊-,https://i2.hdslb.com/bfs/face/1f5995eef0636b34a975a13a7e66d7ceedb18d17.jpg,136065,"汪星人,萨摩耶,狗狗",4407475,320,1702,21610,2185,9274,0,51,273316
BV1tohMzNEHJ,114961477013122,1,21,2014,日常,娱乐综艺正片,http://i0.hdslb.com/bfs/archive/b79200ec395284875738930182bae78c87338471.jpg,为了参加节目，他们居然把头发...《下一个是谁5》番外01,1754190000,537,147166910,雨哥到处跑,https://i2.hdslb.com/bfs/face/c54b148c789fcf43da95eb81331af6de47511553.jpg,3569282,"音乐,高能,兄弟,颜值,搞笑,染发,娱乐,下一个是谁,节目",1162458,5823,2104,16668,50156,1232,0,53,89845
BV1Q6tPzUEVb,114981777445829,1,21,2148,日常,其他手工,http://i0.hdslb.com/bfs/archive/48cc33c4007c56e360de6e7f212cbdaa8052aef3.jpg,哥给你整点好玩的！,1754483058,97,72969462,笔给你你来写_,https://i0.hdslb.com/bfs/face/8e8a57daeb8ee0b50e6fa4e66c4f18f849fc601c.jpg,1138349,"手工,脑洞,原创,doro,曼波配音,随笔,印章,笔给你你来写",112994,211,1424,832,1499,87,0,0,21760
BV1MWt5z3EdS,114971107137263,1,21,2154,日常,剧情演绎,http://i0.hdslb.com/bfs/archive/b9add346a2ef5cbda975eab35d3dafd315c723c7.jpg,沉浸式小众禅意私房菜,1754320941,146,8259298,港妹妹join,https://i1.hdslb.com/bfs/face/07b99a830d07736e978148d77b733b115ab5c91a.jpg,359436,"情感,高能,给整活儿加点艺术",467053,718,1082,1882,579,781,0,0,37378
BV1NxtGzwEka,114970251501542,1,253,2043,动漫杂谈,动漫速读,http://i1.hdslb.com/bfs/archive/79bdc42fe1c24b49a5f0424609031e98e42c6b4c.jpg,【柯南】 两大死神因命案留宿荒郊别墅，竟然遇到无数僵尸袭击，西瓜带你回顾柯南精彩漫改案件《被僵尸包围的别墅》,1754308027,2372,57608186,西瓜说柯南,https://i2.hdslb.com/bfs/face/ecb0fc5d5e34e79715fea462b0fd3ed85a573c05.jpg,741707,"毛利兰,推理,工藤新一,江户川柯南,名侦探柯南,动漫杂谈,服部平次,毛利小五郎,柯南解说,柯南",2093600,2463,622,19468,3757,259,0,0,28490
BV1Je8mz8EX6,114949078650658,1,21,2156,日常,UP主小综艺,http://i1.hdslb.com/bfs/archive/8798f06ef9238b8661bcb4e1904ff9cd9bdb4d86.jpg,别笑，你也过不了第二关《下一个是谁5》03,1754017200,3080,416128940,在下哲别,https://i2.hdslb.com/bfs/face/69b09e143c9e52261e08560795555970ef2e9a80.jpg,2804655,"高能,搞笑,游戏,综艺,对决,原创,娱乐,比赛,挑战,下一个是谁",3184640,64747,11272,88691,314399,7369,0,3,285628
BV1FGtFzpEuc,114980485597984,1,47,2037,同人·手书,同人动画,http://i1.hdslb.com/bfs/archive/d1c988396595b8b25de767e687baa38ba2473112.jpg,【原神】臭外地的来我们挪德卡莱要饭来了！,1754470800,194,160972207,NZ75鸽,https://i1.hdslb.com/bfs/face/68eeba2ac6fed57db6212857c57fa35b2c5f9809.jpg,1190982,"原神UP主激励计划,美少女,搞笑,动画,手机游戏,手书,挪德卡莱,伊涅芙,小剧场,原神",102096,503,131,3094,1304,1133,0,0,9887
BV18yhVzUE5D,114964496980418,1,216,2063,鬼畜剧场,鬼畜综合,http://i2.hdslb.com/bfs/archive/4c5b34a8307b8cbdec1ff0f40b4aeea6077ee348.jpg,小 乔 佩 奇 刷 过 几 个 子,1754219336,196,256237759,我叫小渔人,https://i1.hdslb.com/bfs/face/590e1bbd098493c86038a94ce240bf80d627a760.jpg,1282403,"搞笑,鬼畜,旺仔小乔,你给我刷过几个子,小猪佩奇,黄绿合战10th-绿队应援",1571387,1965,1795,21764,7330,9092,0,78,108703
BV1uStMzFEVK,114968389291559,1,257,2171,配音,动物综合·二创,http://i2.hdslb.com/bfs/archive/ed0ac8ed152e8f60ffa289a7c20c796cc260bf31.jpg,天堂啊！😭,1754278472,32,400665645,卑微鸭嘎嘎,https://i0.hdslb.com/bfs/face/18a152ffc35c44bc43eb37788d4b092b01738685.jpg,244818,"可爱,声优,配音,鸭嘎嘎,动物配音,配音小剧场",6363557,1352,4097,71445,11580,20858,0,21,416713
BV1DFtLz1Emn,114972583532479,1,47,2037,同人·手书,同人动画,http://i1.hdslb.com/bfs/archive/fd05168d272f6f4f517b11174bb86c6e100bad1c.jpg,【三角洲/红狼&深蓝】那你再看看你前面呢（,1754342623,20,1632841095,巨日地板,https://i0.hdslb.com/bfs/face/50d9eb192a99ed8c22944f2f67ee2b8375572457.jpg,2994,"同人,动画短片,三角洲行动,红狼,深蓝,meme,三角洲破壁新赛季上线",514692,130,546,9977,863,805,0,0,31084
BV1uJtGzKEgP,114970318607927,1,172,2071,手机游戏,射击游戏,http://i0.hdslb.com/bfs/archive/3776c52e11e406b5f728a710a82839d41948c4be.jpg,为了讨好玩家！某些游戏线下能卷成什么样？？？？,1754308445,235,7817472,某声悠,https://i0.hdslb.com/bfs/face/8bd5833ad8ef48311543754469d5d1a665b02de1.jpg,1399797,"游戏杂谈,CJ,游戏,西山居,电竞,解限机,解限机公测,解限机赛事,解限机赛事团,游戏鉴赏家",224305,8021,70,3160,1077,41,0,0,14054
BV12BtFzeEaD,114980200386072,1,30,2027,VOCALOID·UTAU,音乐综合,http://i0.hdslb.com/bfs/archive/5240b2de3ceb1c5f3bd9bcc169f8bc122abe8145.jpg,Billboard术力口周榜 2025/08/06 2025年第32周（第127期）,1754478000,622,12446725,Elvansphere,https://i1.hdslb.com/bfs/face/cf28c1650a7c8f9f3a845c797d16850588c13513.jpg,172809,"虚拟歌手,初音未来,音乐,VOCALOID,billboard,术力口,音乐榜单资讯",125867,23856,1430,2557,1010,1317,0,0,13384
BV11phMztELY,114961510571029,2,26,2041,音MAD,动漫剪辑,http://i2.hdslb.com/bfs/archive/dfcbd639ab1380aad7e5f3277aeab72e978863ed.jpg,【MAD】耗时三个多小时打造的视频，会有人看吗,1754173496,181,1660384962,喝岩浆的火苗,https://i0.hdslb.com/bfs/face/7bc4a90b8879dfbea314071e9c3b46a3ca745524.jpg,2700,"JOJO的奇妙冒险,空条承太郎,AMV,MAD,飙马野郎,石之海,黄金之风,乔瑟夫乔斯达,jojo",147531,2035,491,11449,11612,735,0,0,34693
BV1Vm8mzDEzA,114948659218976,1,130,2022,音乐综合,VOCALOID,http://i1.hdslb.com/bfs/archive/2f20023de74bd35ad1fb20af892a46f3adec70db.jpg,《全 世 界 都 相 信 你》,1754042400,173,34262915,瑞典厨师,https://i2.hdslb.com/bfs/face/0050db2b55c7ca35db6461c8f15f28efc56b8d42.jpg,479814,"音乐分享官,新世纪福音战士,迈克尔杰克逊,重音テト,假面骑士,VOCALOID,初音未来,崩坏：星穹铁道,草东,绝区零",632605,1494,1055,41884,7468,1389,0,0,59592
BV1F5t3zDE88,114968942942732,1,65,2154,网络游戏,剧情演绎,http://i2.hdslb.com/bfs/archive/bec9321f7773ef79a8468ebb26e60d5586d5bffb.jpg,《我的要求不算高》土木版,1754286893,31,3494373276781373,小猪包大学生就业指导,https://i2.hdslb.com/bfs/face/0f100230b6cee1dc37dc0a887b5d8b96a3235a70.jpg,6928,"搞笑,土木工程,土木,甲方",267504,2,22,1623,880,3751,0,0,22318
BV1AgtwzhES4,114981341566573,1,159,2031,时尚潮流,明星舞蹈,http://i2.hdslb.com/bfs/archive/220fa4a9f9f6fdd2ca62c15a624ee741561d30c3.jpg,rollin！彻底疯狂！💃,1754476423,88,8366990,-欣小萌-,https://i2.hdslb.com/bfs/face/60368b5e2850cc569328e8b562d90cb28ce5b2cd.jpg,5037877,"舞蹈,Rollin,欣小萌",910545,491,1398,23089,14690,947,0,0,57462
BV1vbtLzdENB,114972264762500,1,47,2046,同人·手书,网文解读,http://i2.hdslb.com/bfs/archive/8174f378c03b5a652d3590f86f0c850158b83665.jpg,超常魔王1-3穿越游戏世界 我竟然是新手村BOSS,1754352000,1073,3546905625758527,烤鸭动画,https://i1.hdslb.com/bfs/face/7de710c61f2345b4f94ed431e941cb94ec574659.jpg,8569,"电视剧,BOSS,原创动画,影视剪辑,小说,穿越,原创,异世界,新手村,爽文",283133,1373,185,8975,599,82,0,0,22890
BV1ByhGzfEfB,114965084117760,1,251,2166,三农,农村生活,http://i1.hdslb.com/bfs/archive/b4bb081ffa544de82b0cd05161765571c2332074.jpg,六年，从村口等待到黄土相送，千万人牵挂的爷爷走了！,1754361000,1450,384344554,小白的奇幻旅行,https://i1.hdslb.com/bfs/face/f6a860fe7b844b4fa0d23582ef512ea8c6fe98be.jpg,175536,"正能量,生活记录,老人,乡村,农村生活,随手记录我的生活碎片",254208,430,272,3269,5586,116,0,0,12791
BV1nBhHzREFH,114953071631302,1,208,2084,校园学习,应试教育,http://i2.hdslb.com/bfs/archive/a08c1723cb433a4601bc85e60218d7ad41076ac2.jpg,考过的证书毕业直接变“废纸”，小心当了韭菜！,1754045172,111,25694274,小五只会一点点,https://i0.hdslb.com/bfs/face/dac3f29feb6f36bea16d4a81eb2b423381528efc.jpg,561476,"学习,考试,毕业,韭菜,会计,证书,大学生,找工作,考证",1029014,328,2081,22201,739,892,0,0,50013
BV1824Rz9EL2,114976610129644,1,208,2094,校园学习,科学科普,http://i1.hdslb.com/bfs/archive/b39507e457d39207476b8d77657665244f5f3604.jpg,内燃机原理（下）等离子大炮,1754404283,296,438528157,夏振东讲物理,https://i1.hdslb.com/bfs/face/b888fd064ba65f170fc722d13a2d84fc9ff4bbb3.jpg,402223,"物理实验,高能,超清科普小课堂",480347,171,135,16719,1200,442,0,0,17970
BV1WihxzkE3s,114956712283985,1,216,2063,鬼畜剧场,鬼畜综合,http://i1.hdslb.com/bfs/archive/ca5a733e6fcc8af37247a9f1521b1140d81b4cb0.jpg,当 韩 红 遇 到 旺 仔 小 乔,1754101075,124,7098437,天天吃八碗,https://i2.hdslb.com/bfs/face/43ea324534e97601266bcd56d0fc9b833f03d413.jpg,184978,"鬼畜,旺仔小乔,你给我刷过几个子儿,转转,韩红",879572,4342,654,7402,2179,2718,0,0,47428
BV13RtczkEaX,114981173466886,1,76,2149,美食制作,美食制作,http://i2.hdslb.com/bfs/archive/f988fb7cee81636cc08b4ceb49a6651589d8f9c2.jpg,很多人都以为外面的烤鱼是烤出来的，其实在家里面做，不用烤，不用炸，也能做到外酥里嫩比烤鱼店的还好吃,1754473631,235,3546928553921175,欧小斌美食,https://i0.hdslb.com/bfs/face/8d69f8229a0f69403d22e83b4a6a7039b47d409d.jpg,91769,"家常菜,美食制作,美食教程,厨艺,烤鱼,做法,美味,外酥里嫩",159497,189,356,4926,1843,528,0,0,13154
BV13D4fzqEzz,114980384937925,1,47,2037,同人·手书,同人动画,http://i0.hdslb.com/bfs/archive/f5db0f2dd20f89bcd6bac776efaffd9c69eae6cf.jpg,恭喜老虚，外挂+1,1754474400,388,3546697831549463,药胥虚,https://i2.hdslb.com/bfs/face/632afe5e00b79f415b390dd7cb3e4a073a61cdbb.jpg,256895,"原创动画,二次元,热血",73362,370,225,1878,1470,59,0,0,6183
BV1yKtFz4EeF,114980552839277,1,65,2071,网络游戏,射击游戏,http://i1.hdslb.com/bfs/archive/d21cf2c8ea37aec63f9eb8f069ae85819f74f827.jpg,逆天小伙立志将三角洲所有武器都科研出最完美战备!今天是k437猛攻监狱!,1754464173,235,499161586,一帆-三角洲,https://i1.hdslb.com/bfs/face/d2bbfc4ea0491d7608bfceee20f3b03628abf7db.jpg,111748,"娱乐,善战行动,三角洲破壁新赛季上线",363236,403,381,15285,1073,319,0,0,27193
BV1pPtnzEEGi,114975771198872,1,247,2108,新能源车,汽车生活,http://i1.hdslb.com/bfs/archive/9261aff8e1668c124c50c1ebc42dc325855dea44.jpg,【雷军】12分钟 小米YU7能充多少电？,1754391380,67,646730844,雷军,https://i0.hdslb.com/bfs/face/5d26a50ea0a23493a94d72e578e4f73e60af4aad.jpg,5708883,"雷军,小米,和雷军一起聊车,充电",538434,449,2309,827,694,440,0,0,23668
BV1Zntwz9E1P,114980955363559,1,201,2083,科学科普,综合资讯,http://i2.hdslb.com/bfs/archive/192d6942e01dfb6cf8afcf56079aafcd8c6e26ec.jpg,“我只是犯了，每只蚊子都会犯的错”,1754481600,94,698057488,深圳卫健委,https://i1.hdslb.com/bfs/face/4e97f4f9e977987abdf04558fbc3708271e65c4b.jpg,876389,"蚊子,发热,关节痛,皮疹,伊蚊,伤痛文学,万物研究所",495275,270,630,2087,2147,3540,0,0,39056
BV1NPtFzZE51,114980502378263,1,173,2079,桌游棋牌,其他游戏,http://i2.hdslb.com/bfs/archive/4cae2e9f398d1457eef242cb64a862862bf2ebc3.jpg,深度||星际战士这么强，为啥要听凡人调遣？,1754474400,1046,523757769,克罗罗啊,http://i1.hdslb.com/bfs/face/50f98f0b296e958c049c05835b73d44bc234bb9a.jpg,284152,"战锤40K,战锤,星际战士",119010,1135,734,2138,1632,171,0,0,7966
BV1dxbQztEap,114913678791271,1,201,2090,科学科普,人文历史,http://i2.hdslb.com/bfs/archive/1f8920a469d3c5d39eacef24469f4bbd59e2f773.jpg,选3到7岁幼女为“神”，不能哭笑，脚不沾地，通过32种考验，月经初潮就要退位,1754042400,723,80900494,捕月说,https://i1.hdslb.com/bfs/face/c90a38ec3f9e90b0adc20a51ec7d7bd4ac1d8bc3.jpg,885097,"奇闻,都市传说,印度,尼泊尔,印度教,未解之谜,活女神,库玛丽,捕月说,万物研究所",4814528,2183,689,20575,1522,483,0,0,54370
BV1p8tczfEoP,114981441902193,1,182,2001,影视杂谈,影视解读,http://i1.hdslb.com/bfs/archive/a95f4929abd4e9c3658bca2f9a1efeca39794861.jpg,《蜘蛛侠崭新之日》神路透！漫威的阳谋,1754477777,63,2328551,阿瘾是条咸鱼,https://i2.hdslb.com/bfs/face/fb640189cdbd23e76fa737fbae3168f55f7f7378.jpg,335706,"超级英雄,蜘蛛侠,蜘蛛侠4,蜘蛛侠：英雄无归",2475216,317,1820,12441,1081,3395,0,73,195709
BV1vrtJzPEM9,114976224187479,1,172,2071,手机游戏,射击游戏,http://i0.hdslb.com/bfs/archive/86786386aef25ea5de28a649252c83266f734d89.jpg,卧底金枪开！竟发现机甲私藏大金蛇！,1754398195,271,237533871,武子弈,https://i0.hdslb.com/bfs/face/1ae588a38fa7cc7a8154ff0f46d2cf57bfc3854a.jpg,1250914,"和平精英空投节,地铁逃生,卧底,武子弈,和平精英",1229485,494,452,9382,694,57,0,0,14355
BV1RFtJzwEfw,114974529688203,1,241,2009,娱乐杂谈,娱乐评论,http://i1.hdslb.com/bfs/archive/aff31d614340b488eaa32dab59077caf7f5b4b2b.jpg,【吃瓜】赵露思直播爆料…被锁在酒店不让治病？否认整容，被欺骗？发点小疯，热搜全屠。,1754376183,591,1976558860,天气微凉淡淡月光,https://i1.hdslb.com/bfs/face/92f61e260415a2e7f22b4d44fa676bce2f612aed.jpg,183263,"演员,直播,微博,神奇的闲鱼,娱乐资讯,吃瓜,赵露思,银河酷娱",805141,6471,4288,2361,1467,2583,0,0,18579
BV1KRt7zmEDA,114975033136654,1,21,2171,日常,动物综合·二创,http://i2.hdslb.com/bfs/archive/9d563c46a47649f3d516d24726e98ef3ede14cc2.jpg,【联动】果汁猫×江橘猫：《未必与零分的故事》,1754388000,142,454177891,江橘猫meme,https://i1.hdslb.com/bfs/face/88ec56e760eee88bac17fd1894cbbd33789ca656.jpg,34515,"短片,猫meme,宠物,日记,故事",413743,255,284,15593,898,81,0,0,18429
BV1784RzvErp,114976861722257,1,126,2063,人力VOCALOID,鬼畜综合,http://i2.hdslb.com/bfs/archive/70afe31d835bcd39d7fcb9cc9a0fe0a577aa0618.jpg,《我花了25小时训练旺仔小乔》,1754408031,322,1098589595,坤脸超人,https://i2.hdslb.com/bfs/face/4aa6db5e2d0f2158ffb86e9ce0a4eeef37048e72.jpg,50273,"调音师,搞笑,鬼畜,旺仔小乔,ai训练,ai翻唱,猫脸超人,旺仔小乔ai,旺仔小乔分析,鬼畜星探企划",294008,706,823,4094,8548,948,0,0,20192
BV1hRhgz5EVF,114964413024433,1,21,2158,日常,旅游记录,http://i1.hdslb.com/bfs/archive/919a91fa51581a78ef370d68395bab416ae01600.jpg,开着挖机游全国的路上小何被榕江交警带走了！,1754219942,686,1918776707,挖机小何vlog,https://i2.hdslb.com/bfs/face/49ed3cd1acf202dadecc5aaa27e9ac297896530b.jpg,444749,"旅游,生活记录,警察,村超,开着挖机游全国,记录,贵州,榕江",2300793,3211,1556,18670,18195,395,0,56,98529
BV1FLtFznEhZ,114980116501263,1,124,2088,社科·法律·心理,社会观察,http://i2.hdslb.com/bfs/archive/8fe651cf34130a8113424eed266ca7e6e2b267da.jpg,比韩剧更黑暗？韩国兄弟之家事件 真实版大逃杀！,1754474400,945,6574487,纳豆奶奶,https://i2.hdslb.com/bfs/face/0a8638b34173708fcf979bd1166fbb7fdb1110a4.jpg,4638512,"社会观察局,犯罪,韩国,韩剧,解说,猎奇,高能,案件,大逃杀,鱿鱼游戏",229179,1740,362,2181,2066,565,0,0,13035
BV1P5tKzLEWT,114982968625246,1,21,2026,日常,乐评盘点,http://i2.hdslb.com/bfs/archive/ade83dcc01050d19e39815f137cfe7447ad6bfac.jpg,【邓紫棋的VLOG】幸福开箱 之 【启示路】恒藏版小说！！！,1754535600,832,1889545341,GEM鄧紫棋,https://i0.hdslb.com/bfs/face/ea989809f658d45c3ca9510cb5becb142f7a0642.jpg,2187677,"小说,邓紫棋,VLOG,GEM邓紫棋,开箱,科幻,音乐连续剧,启示路,邓紫棋小说启示路,启示录",157348,1686,1501,4989,8447,1389,0,0,15207
BV1Tbtjz1Ehv,114974093483921,1,193,2022,MV,VOCALOID,http://i0.hdslb.com/bfs/archive/efa807f4ac418a02255289f96f3949e9dfffe989.jpg,玛莎拉达（マサラダ）入驻bilibili了！,1754388000,52,3546941338159777,マサラダ,https://i1.hdslb.com/bfs/face/9722ff16c047da685a2dc8d7dca509d2d1dd1f6c.jpg,89476,"重音テト,音乐,VOCALOID,重音テトSV,マサラダ,ボカロ,虚拟之声创作计划",382367,2575,8007,17694,15268,7207,0,0,88182
BV13ohHzkEwS,114952870305395,1,209,2161,职业职场,公共交通,http://i2.hdslb.com/bfs/archive/da4d1b0619bb7944ce32372c5ca4c53224486f47.jpg,飞机上居然还有Wi-Fi？！我该不会是最后一个知道的吧,1754041749,32,3546903994174399,软软爱出门,https://i1.hdslb.com/bfs/face/7d33ad6f748f366442c00266ade3a537bb491392.jpg,3081,"冷知识,信息差,坐飞机攻略,飞机隐藏服务,干货分享,省钱攻略,科普冷知识",522540,49,70,52513,1987,450,0,0,39979
BV1eAtgzuEn9,114969731466787,1,59,2021,演奏,演奏,http://i1.hdslb.com/bfs/archive/ebc5d8ac93806e3b81197f2e3f1e15de833d2a5c.jpg,【Ayasa】鸣潮弗洛洛│失亡彼岸小提琴版「酣梦于彼岸深红」,1754391600,200,321056219,Ayasa绚沙,https://i2.hdslb.com/bfs/face/510e0d8b930f38055e47b1343cb2b129147c67e4.jpg,728799,"小提琴,COVER,翻弹,纯音乐,二次元,Ayasa,鸣潮创作激励计划,弗洛洛,独奏,鸣潮",96949,185,755,3847,7631,2405,0,0,22673
BV1pJ4RzGEBu,114977247598056,1,229,2071,设计·创意,射击游戏,http://i1.hdslb.com/bfs/archive/6efe98ec0e62ed2aa43ece5e04a92922bd594cea.jpg,"【三角洲画质优化】假如你做了个纯公益的画质优化软件,服务器被攻击了6亿次你会怎么办？",1754413833,90,383133590,AnxuStudio,https://i2.hdslb.com/bfs/face/03db8d229e93d8e26c73291cfbb4a6e80a5f2ad2.jpg,4944,"软件,三角洲画质助手,教程攻略,优化,画质,画质优化,三角洲,配置文件,画质助手,ini文件",112438,26,607,2868,3436,274,0,0,7575
BV18EhWzjEeu,114954128592076,1,22,2063,鬼畜调教,鬼畜综合,http://i0.hdslb.com/bfs/archive/654caf44cad4adeb6a1a455f5799908b0ee5b3cf.jpg,希希嚷嚷，我们的城失,1754087400,61,3546376331856031,小小小小洗,https://i1.hdslb.com/bfs/face/58d322e018f27830829417f6ce5938d26bcedbcc.jpg,4356,"MY GO!!!,GBC,Girls Band Cry,哭泣少女乐队,［GBC］哭泣少女乐队二创",805073,34655,5871,48528,10246,56807,0,97,191288
BV1oitgz1ED8,114969026757848,1,21,2126,日常,户外探险,http://i2.hdslb.com/bfs/archive/818e6b6e27c95a4b32e06ef198c60f48ef0e510d.jpg,希游记 3,1754298000,142,203213415,野生小希xx,https://i0.hdslb.com/bfs/face/33e5098e904db97a419d1e5919e47db8f4446fe3.jpg,503893,"流浪,冒险,野外生存,随手记录我的生活碎片",495084,250,282,9246,513,41,0,0,12539
BV1iVhxztEh8,114955017788198,1,65,2071,网络游戏,射击游戏,http://i0.hdslb.com/bfs/archive/085d4f6688c2648a12fee0d299e605acb0474d37.jpg,【老鼠人行动】航天基地（绝密）45w→750w,1754100000,292,403637371,老飞宇66,https://i1.hdslb.com/bfs/face/25d6b747d51cd07f6ae01a1145225f9be7fbdc5d.jpg,2561364,"三角洲行动,三角洲破壁新赛季上线",1097374,12579,1390,6101,3410,1020,0,0,76589
BV1CS82z8E4g,114949229647461,1,47,2037,同人·手书,同人动画,http://i0.hdslb.com/bfs/archive/d6d018c2c2330c184fb4d754fc9087fb2f93829b.jpg,耗时100天，我用Q版还原了【你的名字。】,1754015400,1509,384414474,偷鹌鹑蛋喂鹌鹑,https://i0.hdslb.com/bfs/face/f8741426d9f1c7ed82c6b0522982eab7ddef3d70.jpg,53636,"新海诚,手书,爱情,搞笑,治愈,动画电影,你的名字,电棍,一口气看完,动画短片群星计划",3340662,69192,11653,154555,234808,45991,0,5,385672
BV1YWh8zTEzM,114958792658071,1,76,2149,美食制作,美食制作,http://i1.hdslb.com/bfs/archive/ac8dad7fd6de85f42e104e2673334c465035b458.jpg,邪恶美食家被米其林大厨点名啦！戈登老师你听我解释！,1754132223,90,31642139,美味羡宝王,https://i2.hdslb.com/bfs/face/59cefea633610997273eaf86e27acf4d4a235308.jpg,584782,"美食制作,大厨,美食,黑暗料理,搞笑,我在B站做美食,美食测评,Vlog",1043213,465,878,8143,664,757,0,0,95058
BV1aEtNzXEQS,114983304172803,1,172,2073,手机游戏,动作竞技游戏,http://i0.hdslb.com/bfs/archive/099efdf53ab6d79ddfe8ffabe8f0cde7c6517962.jpg,对抗国服第一杰克？10元砂糖被挂教学！,1754506365,506,123427077,白砂糖和香辛料,https://i0.hdslb.com/bfs/face/4d0c9b2f230f3c73ab271ff07a14901882ed74d9.jpg,250283,"杰克,人皇,手机游戏,第五人格,第五人格新星团,第五人格夏日演绎,第五人格榜金赛,竞技游戏,主播,第五人格庄园纳凉夜",53417,650,1190,513,1135,188,0,0,4203
BV1w8tGzbEY6,114970268273348,1,21,2079,日常,其他游戏,http://i1.hdslb.com/bfs/archive/0b385b23d28e13c35d018aeadc9fa7538b1dd5d5.jpg,最 接 地 气 的 杀 手,1754307574,594,3546376524794441,萝太永不破防,https://i2.hdslb.com/bfs/face/71ed1ab4d1762b5519df89e8c47b1e1dd39dbf96.jpg,1628982,"杀手,游戏实况,搞笑,娱乐,hitman,47号,杀手世界",272679,1497,1008,2514,1858,1156,0,0,20096
BV1SY4ZzFEBX,114979361526542,1,21,2046,日常,网文解读,http://i0.hdslb.com/bfs/archive/2d0d5c55e04497f49358a5cbd6b35128ff7c768e.jpg,不是，哥们，要不，祖师你来当……,1754446065,178,72969462,笔给你你来写_,https://i0.hdslb.com/bfs/face/8e8a57daeb8ee0b50e6fa4e66c4f18f849fc601c.jpg,1138349,"脑洞,原创,小说,曼波配音,随笔,原创剧本,笔给你你来写,沙雕段子",295660,234,1190,1106,531,118,0,0,26398
BV1SX4fzKEvb,114980368286987,1,137,2014,明星综合,娱乐综艺正片,http://i2.hdslb.com/bfs/archive/b5b77fb3ba60284d5fcae56c3966a31044a1d934.jpg,【TF家族练习生】《肆意夏令营》EP05,1754478000,2902,3670216,TF家族,https://i1.hdslb.com/bfs/face/1c74336b9060d40d0ccf5e8bce7c0de34526b1e3.jpg,6942365,TF家族练习生,849197,417460,4687,11020,3801,750,0,0,36209
BV1qrtvzJEp8,114985502051962,1,172,2064,手机游戏,单人RPG游戏,http://i1.hdslb.com/bfs/archive/4343101ea33bbcd5fac697e5443bd47c69f9eec7.jpg,【重返未来1999】万事皆允！进队范围最广的限定角色降临!丨艾吉奥0塑造全面评测丨机制详解 体系分析 配队思路 心相选择 共鸣摆放,1754539873,1015,239384911,春风满马,https://i1.hdslb.com/bfs/face/d7d14f63dc2a3440442d5d92c4cd8b1262b36aed.jpg,235692,"刺客信条,二次元,游戏,游戏评测,手机游戏,重返未来刺客信条联动,游戏测评,艾吉奥,重返未来1999",154752,1047,2005,2982,3692,571,0,0,9302
BV1kEhPzyErS,114959950285319,1,253,2042,动漫杂谈,动漫评论,http://i0.hdslb.com/bfs/archive/350865c6dec38af0f50bd4026478db33d4684a15.jpg,我算出了《哪吒2》捕妖队有多少人？b站第一人,1754149866,150,13279707,最上川下山,https://i0.hdslb.com/bfs/face/0dfaedc098165ff856f35ee366e6838982cf5412.jpg,2166833,"电影,哪吒2,国漫,哪吒,魔童闹海",7066841,1558,3692,33955,6692,2739,0,19,154466
BV1o9h5zhEPP,114965822380547,1,17,2078,单机游戏,沙盒类,http://i1.hdslb.com/bfs/archive/62642e7c3145c037445582cf0143773abee60fbb.jpg,mc萌新展示跑酷圈人均操作2.0,1754239268,72,670240955,Whisky02,https://i2.hdslb.com/bfs/face/475c7f3e9a9c99b066c483f11966c0856964a0b6.jpg,416,"我的世界,菜鸟,我的世界跑酷,我的世界手机版,像素风",246340,2229,371,1748,644,60,0,0,16364
BV1swtnzSENt,114975787979942,1,230,2027,软件应用,音乐综合,http://i1.hdslb.com/bfs/archive/bdca8f34220793113f9550713990981fdaa2d411.jpg,听歌识曲~|166|,1754391494,71,1812694296,贵族小球,https://i0.hdslb.com/bfs/face/88b91940df403340afdf1b843effa915f1eacc45.jpg,272960,"听歌,纯音乐,音乐,BGM,#猜歌名",285699,286,536,3803,846,291,0,0,27345
BV1M44dz4ECi,114976509463916,1,124,2080,社科·法律·心理,时政资讯,http://i0.hdslb.com/bfs/archive/c38ec3290b29fd7a2a1a6eb475f34d94eb33bef7.jpg,【剥壳】联合国送命题战绩全网可查丨实战经验绝赞大分享,1754402748,2930,346563107,波士顿圆脸,https://i2.hdslb.com/bfs/face/f8f0fc4114bb06a87481abe12faa006a383cbe6d.jpg,5179647,"外交,联合国,社会,巴以冲突,媒体,新闻,徐德智,环球资讯站",500319,4023,1153,3994,5425,622,0,0,36746
BV1X482zLE6a,114947400927906,1,17,2071,单机游戏,射击游戏,http://i1.hdslb.com/bfs/archive/fb40fe42758b3381215f1d7a747287903c2a24e0.jpg,跟我的汤姆逊说去吧！！！,1754040924,149,3493145360731002,二二二二狗司令,https://i0.hdslb.com/bfs/face/ed26269c4c32cede29e989f46c3b22aabcfc9c78.jpg,110778,"丧尸边境检察官,推荐宝藏游戏",2325964,333,334,5058,1859,260,0,0,48960
BV1YutczVEZh,114979596408477,1,76,2149,美食制作,美食制作,http://i0.hdslb.com/bfs/archive/334658e1d5f2fa9cd827adcea0b2e9512b9bd5a4.jpg,这不是AI！ 是校长的早餐,1754449659,263,527057981,叶子吖OHYEZI,https://i2.hdslb.com/bfs/face/82c35a353cca3da4b85499a8033871da60b1bb02.jpg,1314453,"吃货,手工,搞笑,AI,美食制作,记录我的美食日常,翻车,校长",1000298,418,314,17550,3016,190,0,0,38541
BV1QjhWzmE7k,114954145434560,1,21,2154,日常,剧情演绎,http://i2.hdslb.com/bfs/archive/ab255dc1069df1fdb640243175e0d3b535f17757.jpg,大学生丐帮饭堂恋综,1754193600,465,241679003,小叮当的伙伴们,https://i2.hdslb.com/bfs/face/39f559b599ae0f273a5f7457a7d67110a6dfe5a0.jpg,1380916,"全程高能,帅哥,搞笑,搞笑小剧场,恋综,二本恋综,永劫无间手游周年庆,老百姓,大学生,心动的信号",1487577,2359,1062,7197,6046,4360,0,0,47660
BV1TntGzvEXG,114970301833149,1,254,2149,亲子,美食制作,http://i0.hdslb.com/bfs/archive/ae2e22e9ec2b132981a6164fb4e251879e29d4df.jpg,印度街头最干净的饮料，艾特你的朋友看看他想不想喝？#印度街头饮品   #模仿,1754307887,72,1179637796,慧慧饱饱呀,https://i2.hdslb.com/bfs/face/c1ca89fdc0ccf95f89a41321086b4dce1bcb27a3.jpg,284680,"印度,街头美食,饮品",617201,721,785,4500,935,680,0,0,37966
BV1KstczPEQX,114979630094084,1,21,2026,日常,乐评盘点,http://i0.hdslb.com/bfs/archive/dfd1f34a4aa2a2436f9acfce1b7fd5d46525c352.jpg,拯救音痴！医生麦霸齐聚！原来有这么多被学医耽误的歌手！,1754474400,2209,208130286,大物是也,https://i0.hdslb.com/bfs/face/8a01e29bab16f51fb9c322804b4bf2508c3edbfd.jpg,2093947,"音乐分享官,综艺,唱歌,音痴,医生,唱歌技巧,北大,KTV,麦霸,十佳歌手",267297,5056,1002,1701,5036,498,0,0,13182
BV1cw4dzCE7b,114976777831889,1,21,2073,日常,动作竞技游戏,http://i0.hdslb.com/bfs/archive/a2767f2b7d5570d4cd5140b756642c4b59a68ff0.jpg,大床哥有那闲工夫怎么不出个规定统一一下给豆逻辑呢,1754406732,154,1851657327,星之雨下,https://i0.hdslb.com/bfs/face/db5965967b8780fb227909ecaf698612237e25ec.jpg,140484,"火影忍者手游,bug,必剪创作",205676,280,1545,1448,1451,1656,0,0,19297
BV1TzhuziEeF,114962886298293,1,138,2020,搞笑,翻唱,http://i2.hdslb.com/bfs/archive/edb678664371c8e6adab8253dfe537665dc051b4.jpg,oh～一个劲的叭叭～,1754194669,17,477676711,田一名sir,https://i1.hdslb.com/bfs/face/4e30dae85d2e529924322aa328b20ee0e98427e1.jpg,1643254,"音乐,翻唱,美美桑内,翻唱的N种打开方式",578693,679,3827,2260,1135,9328,0,0,41386
BV1dktgzrEWo,114969228088846,1,21,2093,日常,职场发展,http://i0.hdslb.com/bfs/archive/bb059e4dd799e7035d53d9fa04396e5025b861b6.jpg,如何在课上偷偷写作业？？？,1754305200,562,474257884,萧萧竹-,https://i1.hdslb.com/bfs/face/0e4f43bdab0948491609c48b6c7291332490bbd5.jpg,22702,"作业,高中生活,学习经验,必剪创作",1521034,3115,3892,44801,15425,13977,0,27,106824
BV1mrtwzgEqm,114981005690117,1,27,2042,综合,动漫评论,http://i1.hdslb.com/bfs/archive/00550addac7726bcae3069c6b41fd5efb90b5030.jpg,几十万就这样花掉！？二次元老钱恐怖如斯！,1754471201,451,80304,亚食人,https://i0.hdslb.com/bfs/face/3f1496f48a5eb840a974fef0fd7db7a3f225fbe7.jpg,1620433,"氪金,手机游戏,游戏杂谈,二次元,动漫杂谈,二游,崩坏：星穹铁道创作者激励计划,人型电脑天使心,老钱",235263,316,404,2221,1348,141,0,0,14401
BV1VYtPzsENQ,114981861396211,1,21,2154,日常,剧情演绎,http://i0.hdslb.com/bfs/archive/26992464394eedb9bd8d4a5e893ed4208e735c7a.jpg,北京司机拉到东北乘客,1754484284,95,359201136,小付同学Chloe,https://i0.hdslb.com/bfs/face/b6ae9c7cf66fd7a39078c0244f7205d4e541a352.jpg,240070,"北京,搞笑,东北,虚拟演绎,司机",683633,378,572,1571,1101,1249,0,0,50203
BV1mztnzsEPH,114975653893902,1,95,2099,数码,电脑,http://i1.hdslb.com/bfs/archive/80e318e95d7eab7864a2c830643db0f50514dd63.jpg,这位想玩游戏的靓仔究竟倒霉到了什么程度？,1754389344,490,358943968,靓女维修佬,https://i1.hdslb.com/bfs/face/c0408cb7379ef734c861ae6a812049f7a605ab87.jpg,372005,"科技猎手,显卡,硬件,电脑,维修,电脑维修,芯片级维修,显卡维修",82800,1468,878,628,7360,478,0,0,10809
BV12ShpzKEwD,114954514470130,1,250,2148,出行,其他手工,http://i0.hdslb.com/bfs/archive/322f6a408f7e667a1bd2ed7916f3f75030313776.jpg,设计这个柜子的人一定是个天才！！！,1754100000,19,26077555,東君小宇,https://i1.hdslb.com/bfs/face/5e7b2c2e1ddc4f9b7b2ace556b243020a3168cf3.jpg,434744,"设计,玩具总动员,高能,家居,迪士尼,家装,胡迪,巴斯光年,旅行攻略UP主激励计划",5119891,415,1876,13568,2182,4027,0,94,181129
BV1pFhNz2Eni,114959430192048,1,184,2043,预告·资讯,动漫速读,http://i1.hdslb.com/bfs/archive/fa1fc6256c6d45eaa0f83a63ac6fcca915f9bcf3.jpg,第一集 |【第一集】开局就要被祭天，这公主老娘不干了！,1754142041,534,3546673368271122,江贝塔啊,https://i0.hdslb.com/bfs/face/8bcd6436d09ddaee3a0d7706cd8c8d52127a0542.jpg,62787,"二次元,国产动画",383083,551,766,19570,3783,184,0,0,43936
BV1QMhJzqEsj,114952635484371,1,241,2009,娱乐杂谈,娱乐评论,http://i1.hdslb.com/bfs/archive/37ac24687dc9ef724792610a4d56a0c70e1569ce.jpg,一觉醒来全世界的k-pop水平下降一万倍，我成C位了,1754046000,891,111522104,接二连珊妄想症,https://i2.hdslb.com/bfs/face/81d82aaabda80c9c1f309e05fd4b23461c7b236c.jpg,646103,"综艺,孙佳洋,男宝星球2,夸克深度搜索,选秀,夸克,舞台,爱豆,K-Pop,娱乐吃瓜大会",1078327,21607,2086,12419,17897,5991,0,0,62726
BV1R9h5zhEme,114965822376682,1,154,2031,舞蹈综合,明星舞蹈,http://i1.hdslb.com/bfs/archive/0ff30fd1268e40dad506dc4464bfb197fdd02e30.jpg,完美的仿生机械姬,1754239554,181,1654206116,宸宸不会跳舞,https://i2.hdslb.com/bfs/face/eced0b1b5c027b2d7fbe0f17b0bb339cf8a20c26.jpg,8656,"翻跳,kpop,dirtywork,aespa,金玟庭,舞蹈翻跳,直拍,winter,蓝发,和aespa一起Do Dirty Work",211790,140,344,6152,1336,572,0,0,37515
BV14etTznEXp,114984243695687,1,172,2073,手机游戏,动作竞技游戏,http://i0.hdslb.com/bfs/archive/aeb8f4da0cb45e9e314c1ebfd421fc471df6e61d.jpg,【流浪者】现场高能！ChinaJoy大屏抽出传奇星妙丨荒野乱斗,1754521033,518,355969965,流浪者游戏频道,https://i0.hdslb.com/bfs/face/6737643e518210c4e054b3367dd7a04efe41264b.jpg,736630,"荒野乱斗流浪者,荒野乱斗",107603,306,191,1384,1035,157,0,0,6880
BV13itwzyEPB,114980988983386,1,215,2152,美食记录,美食记录,http://i0.hdslb.com/bfs/archive/785deb5f2837606f06dfe8b9e56e18b9698720ba.jpg,巧克力炸鸡排咖喱火鸡面福袋年糕麻酱关东煮,1754470834,273,35303757,巨爱吃的周黑鸭,https://i0.hdslb.com/bfs/face/aed6a48f41dbf5053d69cdfdf44ff31850fb1cf1.jpg,2613580,记录我的美食日常,496639,712,568,3561,1092,751,0,0,42502
BV17a4RzPEM2,114976844943434,1,239,2121,家居房产,家庭装修,http://i1.hdslb.com/bfs/archive/48d9b91fe2af9d218cfd668e39c2a9ae991c8855.jpg,装修又踩坑了！网络热门装修案例踩坑大盘点！一条视频教你装修不踩坑！,1754407575,156,3546908947647198,装修导航研究员,https://i0.hdslb.com/bfs/face/24f688ce486d03b476ca402f597abc30fc345a86.jpg,123677,"#装修知识,#投影仪,#梦幻帘,#窗户玻璃,#装修避坑,#柔光砖,我在B站搞装修",534213,99,125,16416,532,466,0,0,46007
BV1ZDtEzMEeu,114974429023080,1,250,2145,出行,传统手工艺,http://i1.hdslb.com/bfs/archive/a0eed6d7ff525258a079aa0c9d14ce08077f2dba.jpg,“中式十大雅事 你最喜欢做哪一个呢”？,1754370731,125,3494364072380525,风景旅行收藏家,https://i2.hdslb.com/bfs/face/ace12fc4e32a46bc07aa82b15b705ed0cfeec5e8.jpg,1437801,"治愈,风景,中国风,文化,传统文化,国风,古风,中国,记录",710263,412,496,76102,4704,950,0,76,71937
BV1nzhGzPE3E,114965419790011,1,76,2149,美食制作,美食制作,http://i2.hdslb.com/bfs/archive/738d6436651d3c3f19c68a740fc5d75bab82ba5e.jpg,把鲜橙变成冰淇淋卷的过程太上头了！你绝对想不到最后的味道有多惊喜！ | Ice Cream Rolls 【ASMR】,1754234395,521,1732349847,Ice-Cream-Rolls,https://i0.hdslb.com/bfs/face/f8b1665ecd80940af3af400e2f6fb2ed4c545924.png,857536,"Cooking,Dessert,Delicacy,Snack,Cooking tutorial,Culinary,Culinary skill,Food lover",465503,2891,534,2045,886,441,0,0,20521
BV1QitPzHEGn,114981894884951,1,171,2070,电子竞技,MOBA游戏,http://i2.hdslb.com/bfs/archive/b6bcd494017e1c61fd136534b23fa33a603497d4.jpg,【DOTA2】每次击杀立即刷新所有技能，谁能拿下最多人头？【完结】,1754537400,2427,518137613,蓝胖超人,https://i2.hdslb.com/bfs/face/8c516ccd43a5adab7af5b02837ffacdaae687ad3.jpg,55972,"DOTA2,MOBA,斗蛐蛐",52739,1417,336,933,6978,53,0,0,5166
BV1Egtnz5EZF,114975972526227,1,241,2009,娱乐杂谈,娱乐评论,http://i0.hdslb.com/bfs/archive/b4001450cbb5744ef2176c293c1ffffac276c42a.jpg,张元英开球，被凝视的女爱豆？揭秘星船无底线大营销,1754395422,376,19533724,穿上新一,https://i1.hdslb.com/bfs/face/5549b2446ddfab189b6ecfb02fce94f421bc6c6e.jpg,163178,"女团,KPOP,女性,直井怜,爱豆,IVE,女性主义,星船,张元英",203689,570,479,1786,1342,278,0,0,6758
BV1qitgz2Ehh,114969026889961,1,21,2154,日常,剧情演绎,http://i0.hdslb.com/bfs/archive/4932cef09d07a611fbd3b517806b1310711b8620.jpg,可以治愈我童年创伤的Bestie,1754388000,81,3546876221590023,WhotfViola,https://i0.hdslb.com/bfs/face/076b141956bf5e98c4103a6921e3191be07ae33e.jpg,500201,"闺蜜迷惑行为,闺蜜日常,富婆,bestie,我的闺蜜",322841,196,417,1654,728,1133,0,0,43740
BV1HGtFzpE4W,114980485665540,1,250,4218,出行,钓鱼,http://i0.hdslb.com/bfs/archive/ad3ecd71b2caceca1b5b0fad2803d7e1526b0b07.jpg,荒野钓鱼求生第二季（第25天）,1754470800,654,3493298161322384,小宋野钓,https://i2.hdslb.com/bfs/face/8ffce7572544d68b135ba75e1f5db1a7f3a74975.jpg,182821,"探险,荒野求生,生活记录",256451,3808,1982,856,8771,235,0,0,19110
BV1TatjzCEwV,114973992817510,1,137,2018,明星综合,音乐现场,http://i0.hdslb.com/bfs/archive/b4415a4e8bbf276b8358cd867166ca7c136041b4.jpg,250802 Kcon la ‖ 没有明天 章昊4k个人直拍,1754364838,246,37640684,Forever021Hann,https://i2.hdslb.com/bfs/face/6e2488e1893fce52fee91fa254504dcc3fe2c85a.jpg,3734,"4K,章昊,章昊没有明天个人直拍,舞台,直拍,K-Pop",273523,4708,2860,8672,10436,5178,0,0,21643
BV1AetjzGEf8,114974043147768,1,162,2090,绘画,人文历史,http://i0.hdslb.com/bfs/archive/cd5c0315a64dc4ed4ee50b15d6301db268e4da3a.jpg,混子哥边画边讲：曲水流觞,1754364998,168,3546918961547843,混子哥边画边讲,https://i2.hdslb.com/bfs/face/effd3aa51f0d736931099eb358fc90404dc7e076.jpg,845173,"人文历史档案馆,中国传统文化,王羲之,兰亭集序,曲水流觞",166006,480,400,928,1287,316,0,0,20781
BV1L2tAzdEYk,114982431755198,1,17,2079,单机游戏,其他游戏,http://i2.hdslb.com/bfs/archive/bb4b8336c0b88c1ebedacc73b535e8f5c2ea9e1c.jpg,恐龙岛大猎杀（上），艾丰哥相识周年庆，兄弟携手工厂大杀四方,1754494227,3970,3493273226185448,龙岛蛋壳,https://i2.hdslb.com/bfs/face/2389ca291eaee3b0486133845af7c25e3b0c9c9b.jpg,532151,"生存游戏,实况解说,游戏集锦,主机游戏,游戏实况,游戏解说,恐龙岛大猎杀,游戏搞笑,恐龙岛,推荐宝藏游戏",428736,1794,97,16581,789,26,0,0,14020
BV1HVtwz8EUH,114981240641756,1,27,2037,综合,同人动画,http://i0.hdslb.com/bfs/archive/21b56c8f9fd654523eb724da5261b2375cabbfbe.jpg,《师傅，走不走？！》,1754474830,75,3461576323500263,哈基漂不想睡大街,https://i2.hdslb.com/bfs/face/e974036a891f8d5aa1c920ee2165279532feb202.jpg,111914,"手机游戏,二次元,搞笑,今汐,弗洛洛,珂莱塔,冬木口音,漂泊者,鸣潮,鸣潮2.5版本二创",462109,937,602,5204,4061,1628,0,0,32156
BV1DFtizTEtW,114985569227530,1,138,2154,搞笑,剧情演绎,http://i1.hdslb.com/bfs/archive/c85cd886d2a66cf5529c215e666eb08e4656bbf1.jpg,路边摊的满满套路！,1754540681,100,393709394,一串大福,https://i2.hdslb.com/bfs/face/e6d1cf7df22235495d25d7ae77a4aa185e5d8c7f.jpg,1562223,"搞笑,原创,校园,搞笑小剧场,来福来福,一串大福,路边摊,学生时代,真实,fyp",314220,820,537,3270,732,106,0,0,22908
BV1PgtPzgEnX,114982112988512,1,173,2001,桌游棋牌,影视解读,http://i0.hdslb.com/bfs/archive/79614795d57bf44e80ebdc021e941bbf40f8086d.jpg,三国杀up锐评新三国146：说出吾名，逗汝一笑！,1754532000,1548,8878219,吃蛋挞的折棒,https://i1.hdslb.com/bfs/face/de18d4ff5c0b5dc4c76a56a4ffde6bee9cea6bef.jpg,662440,"三国,三国杀,三国演义,新三国,影评杂谈",251833,6093,1769,1942,9466,326,0,0,15678
BV1u5tGzzEHH,114970100502000,1,65,2071,网络游戏,射击游戏,http://i1.hdslb.com/bfs/archive/9b91f707d6f3998105eabd88eeb198934a47e66c.jpg,【老柠萌】当鼠鼠吃剩饭路上撞到单三清图姐,1754305170,595,1750151716,野生老柠萌,https://i1.hdslb.com/bfs/face/e540d8e020a20175dca0de5915e276b6cd458f90.jpg,331006,"搞笑,FPS,101俱乐部,三角洲行动,爱鼠TV,野生老柠萌,新年快乐排点,跑刀,鼠鼠,三角洲破壁新赛季上线",1224266,5122,3361,12667,7275,637,0,0,56700
BV1RQtjzfEhd,114973841821669,1,47,2037,同人·手书,同人动画,http://i1.hdslb.com/bfs/archive/20f5d2938ce73dba9a871080d434872c03175666.jpg,小八的分贝炸弹,1754361870,49,293191032,呼吸菌QAQ,https://i0.hdslb.com/bfs/face/e110402e29e49f2533691a6d58fce40ae011df96.jpg,492393,"小八,可爱,chiikawa,吉伊卡哇,乌萨奇",801100,118,355,4284,667,1368,0,0,32823
BV1wxtMz1Ewm,114968305343425,1,213,2064,美食测评,单人RPG游戏,http://i1.hdslb.com/bfs/archive/5d0166b14d8911cd371938e6ed629685f56d78e2.jpg,明日方舟太好玩了，太有意思了，一点也不杀熟，必须玩到关服！,1754277467,316,1205045754,不信邪的斯坦,https://i0.hdslb.com/bfs/face/155d807e6142dc5e5d678146843eb1592266f1ce.jpg,521614,"策略游戏,抽卡,二次元,明日方舟,美的太太,塔防",417566,3385,3244,1855,2142,1852,0,0,36405
BV15LtjzsERL,114973976040354,1,172,2064,手机游戏,单人RPG游戏,http://i2.hdslb.com/bfs/archive/86eaabcec84886630af16333dfbfa43d3188e150.jpg,全地面六星干员 VS 澪，斩业星熊首秀！【明日方舟】,1754363876,891,12073864,-碱式碳酸咸鱼-,https://i1.hdslb.com/bfs/face/de64ffc4031f4ec3f068527a8cbc4a1ac9cc4bb7.jpg,535905,"娱乐,明日方舟,斩业星熊,AT-7,澪,墟,泰拉探索协会,明日方舟创作者应援计划",623720,2809,1242,2730,2768,564,0,0,32352
BV114hHzAErX,114952937479408,1,138,2154,搞笑,剧情演绎,http://i0.hdslb.com/bfs/archive/c8014fc2dd160ea4f4b4f3d88d2c083c76150194.jpg,课代表历险记（二）！,1754042928,239,393709394,一串大福,https://i2.hdslb.com/bfs/face/e6d1cf7df22235495d25d7ae77a4aa185e5d8c7f.jpg,1562224,"搞笑,原创,搞笑小剧场,来福来福,一串大福,课代表历险记,学生时代,朱迪,fyp",3453977,2258,1229,45727,4030,411,0,48,105605
BV1pUt3z4EKG,114970385712379,1,216,2071,鬼畜剧场,射击游戏,http://i2.hdslb.com/bfs/archive/acdff94e1ee8441901b99afc06f5fde85fc10a98.jpg,这桥我堵定了！,1754309147,66,14896506,英豪小丸砸,https://i0.hdslb.com/bfs/face/64469457eb908ecccafa89f863ae791658a4a01d.jpg,59519,"三角洲行动,乌鲁鲁,三角洲,堵桥,三角洲破壁新赛季上线",681559,165,737,2308,1250,1559,0,0,45983
BV17wtGzmEpC,114970503156673,1,212,2150,美食侦探,美食探店,http://i1.hdslb.com/bfs/archive/0d999222779ef11944b2c29c921cb1805f5b2529.jpg,700块钱吃一顿和牛值不值？,1754311087,256,15282571,耶叔的四方食事,https://i1.hdslb.com/bfs/face/aa5694d17937bea569746793551e2b1ffa1749d6.jpg,695623,"日本料理,和牛,探店",200909,751,600,786,1237,412,0,0,15236
BV1iRtEziEPw,114974647258949,1,138,2154,搞笑,剧情演绎,http://i2.hdslb.com/bfs/archive/ae4a83ef154937375f4056a3a32362a5c6231a18.jpg,弗雷尔卓德 创意工坊之你怎么说我词～,1754374122,82,3546909580987309,弗雷尔卓德-杨辰,https://i1.hdslb.com/bfs/face/e59912641ba4cbaadb857e30085b15cf4dcc6819.jpg,260163,"搞笑,原创,英雄联盟,创意,工坊,弗雷尔卓德",1131191,879,2064,7271,3597,6680,0,0,113179
BV1wHtKz6E8F,114982884742681,1,121,2004,GMV,影视正片搬运,http://i1.hdslb.com/bfs/archive/4ad55f694dcf85ef9bf0564e26ca4125bb46f7dd.jpg,【4K/中字】战锤30K：《刺杀卢佩卡尔》第3集，超爽战将泰坦对轰,1754500161,872,675872284,IM闪电,https://i1.hdslb.com/bfs/face/678d87055389a45c74bd659afd935781310029fa.jpg,127502,"战争,战锤,战将泰坦,战锤CG,刺杀卢佩卡尔,刺杀卢佩卡尔第3集,泰坦,帝国之拳,荷鲁斯之子,战锤30k",150596,1043,1284,4196,3490,1996,0,0,8740
BV1nQtuz2EwQ,114969781736741,1,250,2144,出行,轻手作,http://i2.hdslb.com/bfs/archive/b9193dcbb0594c68749c568159dda1371e492947.jpg,自己做窗帘o>_,1754299909,133,3546904396827291,歹毒的咸鱼-,https://i0.hdslb.com/bfs/face/9480a3d8b43c5c5c0e8bfca9f72103b5ffc79f14.jpg,59194,"DIY,家居,手工,鹤岗,躺平",124163,235,803,967,1633,107,0,0,16042
BV1uitwzyEzd,114980988980517,1,138,2201,搞笑,潮玩玩具,http://i0.hdslb.com/bfs/archive/9c58b0299a048b53b39506d4bf255f55e331befe.jpg,我们从网上买来了一些廉价玩具...,1754471261,1272,327757321,摸鱼事务所,https://i1.hdslb.com/bfs/face/93c8bd776691b3b114b5e06f5c8dff96a28f7c82.jpg,1977702,"开箱,玩具,搞笑,吐槽,拼装,大人也要玩玩具",601408,7584,1925,7259,14186,1166,0,0,39545
BV14ktwz6Ekm,114980653501203,1,239,2123,家居房产,家用电器,http://i2.hdslb.com/bfs/archive/779dfceb2b03c16692fd3d29dac1c64c806e50b8.jpg,喝个水就这么难吗？纯净水、矿泉水、弱碱水之争都蔓延到净水器了！,1754478175,510,13207529,Wilson学长,https://i2.hdslb.com/bfs/face/a4c3f263c13827ab4296be6afb063e24d251da5d.jpg,360214,"弱碱水,美的星河3.0净水器,美的星河3.0弱碱净水器,美的星河弱碱净水器,矿泉水,净水器,家电,纯净水,我在B站搞装修",355628,950,1034,5721,3265,233,0,0,39023
BV15zh7zBEZY,114951125468619,1,75,2171,动物综合,动物综合·二创,http://i2.hdslb.com/bfs/archive/d4f2158c7307834b378dc52ba73fdb333c7b7742.jpg,俺老孙想起来了，全部都想起来了！,1754015281,28,2049544935,行者服不服,https://i0.hdslb.com/bfs/face/dc66dd9d256484b0b982e8970bca70969c926073.jpg,85981,"西游记,搞笑,MOBA",2296089,874,1677,20640,2939,6207,0,0,166596
BV14YtEzDEP7,114974814963090,1,76,2149,美食制作,美食制作,http://i0.hdslb.com/bfs/archive/246e4f4c283727f1edd53518deff2c9563f7940f.jpg,新手学做菜入门级教学,1754377476,453,472102908,阿蔡美食雕刻,https://i0.hdslb.com/bfs/face/b5475839b0bcee3188920df8440746ba18d9a69a.jpg,4269127,"美食制作,美食教程,厨艺",408899,597,597,2137,2184,453,0,0,35376
BV15NtGz1EVA,114970536707206,1,176,2108,汽车生活,汽车生活,http://i1.hdslb.com/bfs/archive/d7dd3667483618c0030b14f37e8851ae93ffad4c.jpg,花70万，大家笑我买了台废铁……,1754362800,898,25150941,极速拍档,http://i0.hdslb.com/bfs/face/e9035c3a7089ce7e11d72cb0cf15fa92064b14ef.jpg,3315965,"汽车,老卫士,二手车,路虎卫士,卫士,越野车,汽车文化,老车,汽车修复",698178,5188,1393,4634,15437,1155,0,0,36926
BV1PmtFzbEN6,114979764246530,1,172,2064,手机游戏,单人RPG游戏,http://i1.hdslb.com/bfs/archive/4425bea35b775f74c8fc0624ef398a8a0360203c.jpg,哪些重量级干员可以在一圈内击杀三船光平？【明日方舟】,1754452921,546,12073864,-碱式碳酸咸鱼-,https://i1.hdslb.com/bfs/face/de64ffc4031f4ec3f068527a8cbc4a1ac9cc4bb7.jpg,535905,"娱乐,明日方舟,三船光平,墟,AT-8,泰拉探索协会,明日方舟创作者应援计划",437902,1628,1142,1557,1699,279,0,0,23616
BV18btnzwEh7,114975502830746,1,21,2154,日常,剧情演绎,http://i0.hdslb.com/bfs/archive/6e17317ec4199cbc69200d7e636397a6926b2884.jpg,爱 = 花 钱 ？,1754387174,60,9130832,张八筒筒,https://i2.hdslb.com/bfs/face/683b3b97648bf13641c508b9b50a2d25b87bec69.jpg,723483,"生活记录,原创,搞笑小剧场,张八筒,best人生,抽象,猩猩队长,情侣日常",667838,182,452,1212,1384,609,0,0,62102
BV1cJtPzPEQX,114982079436128,1,47,2037,同人·手书,同人动画,http://i2.hdslb.com/bfs/archive/b3dd6cc06b306a4f887082f09a993f7a3fcff65b.jpg,【大鸣王潮1566】你也变成声骸吧,1754487444,188,293187959,寞桀緣才,https://i2.hdslb.com/bfs/face/6b4baaf04d1ba4f5e36368c14a3315833b54e481.jpg,808065,"手书,鸣潮创作激励计划,小剧场,鸣潮",457551,4530,1575,5645,15089,1983,0,0,53252
BV1AztEz2E2H,114974479353536,1,27,2064,综合,单人RPG游戏,http://i1.hdslb.com/bfs/archive/740f2aa86025b2d8ec6293eb5af3760bb3588f79.jpg,爱丽丝：想破脑袋也不知道这关怎么过,1754452800,168,90821044,椿酱丶,https://i1.hdslb.com/bfs/face/31353dce86b4ba73ce39ce057bad13b972af2098.jpg,179418,"绝区零高能团,绝区零2.1,仪玄,ZZZ CHOICE,绝区零爱丽丝二创,薇薇安,爱丽丝,Fairy,绝区零",270611,209,319,5615,1365,816,0,0,31967
BV1tCtLzjE6M,114972382202929,1,138,2155,搞笑,语言类小剧场,http://i1.hdslb.com/bfs/archive/807b983e070be382f516f9a16e6e56cc45a42c92.jpg,《真正の魔丸》,1754366400,106,3493260618106936,伤心欲茄222,https://i1.hdslb.com/bfs/face/1f0cb64d9b62da7db7e6e020b78b6872dbffe55c.jpg,3278925,"搞笑,八嘎,配音小剧场",1728774,1950,2506,10303,3775,6559,0,50,176648
BV1jFhhzkEme,114958121574062,1,138,2154,搞笑,剧情演绎,http://i1.hdslb.com/bfs/archive/b63a9d1d49116de6d66086b32f502849c696961b.jpg,难绷时刻丨地狱版28.0,1754122006,96,1751665789,爱学习的赖某,https://i1.hdslb.com/bfs/face/75b08383761daed42fa0a761644f1e87525ba239.jpg,670907,"搞笑,搞笑小剧场,抽象",686975,335,509,7404,860,245,0,0,57839
BV12q4Zz4E6c,114979042760736,1,28,2022,原创音乐,VOCALOID,http://i1.hdslb.com/bfs/archive/d5c87b654dc2caf980c724adf4b1969e7e1b41e1.jpg,羽生迷子 - 我愛メイデン,1754441306,184,86735192,羽生迷子,http://i2.hdslb.com/bfs/face/14ccd8b0fb56b3b1afcf3d09715ed02934498310.jpg,221693,日语MV,156442,339,1020,21266,10192,2373,0,0,46794
BV194twzSEYk,114980888251906,1,182,2001,影视杂谈,影视解读,http://i0.hdslb.com/bfs/archive/0e5c605566bafcc8d886b1fcb0d22a39be0ae5de.jpg,错失经典的离谱原因，跟前女友演爱情戏？正闹离婚男主真绷不住了,1754469220,267,145750219,电影冷知识,https://i1.hdslb.com/bfs/face/f1df42e1b2d69b29176f142a0d40f856fb60f82d.jpg,1431250,"幕后,脑洞,经典电影,女友,电影,原创,影评杂谈,细节,影视IP观察室",690274,506,320,4917,610,155,0,0,39931
BV1s4hHzAEni,114952937408536,1,76,2149,美食制作,美食制作,http://i2.hdslb.com/bfs/archive/f820eead2e7d5f2aa18dbb6dcb395b0c6eef14a9.jpg,200%还原光头强的烧烤，这可是我最馋的一集了！！,1754043404,264,3546575624210944,二次元的食光机,https://i1.hdslb.com/bfs/face/473bd3905567891dad12d63baba700303debb888.jpg,4598,"光头强,美食制作,烧烤,记录我的美食日常,熊出没,烤串,动漫美食,动漫还原,复刻美食",1123334,494,479,8481,3343,269,0,0,21155
BV1QPh4zWEDd,114956611753003,1,138,2195,搞笑,学生vlog,http://i2.hdslb.com/bfs/archive/a58bbf53ceced5b14a3d6be0840358912421dda4.jpg,好恶趣味的女寝(￢_￢)【微唠鸽（11）】,1754099126,703,1532685193,王菜菜-_-,https://i1.hdslb.com/bfs/face/a0bbc68079bd6d57ab8b8b34c3f3879d89e240fe.jpg,115981,"搞笑,宿舍,校园,高中生,生活记录,致歉一切,唠嗑,寝室,搞笑研究所",915577,279,452,8843,1729,536,0,0,35793
BV1rdhpzwEBs,114954447358161,1,138,2156,搞笑,UP主小综艺,http://i2.hdslb.com/bfs/archive/1886b7b0835f761d70241af5a3a74e5b1ab06c17.jpg,【0帧起手】防不甚防啊！这谁防得住啊哈哈哈【第四期】,1754107200,410,265457911,老鸽子从不鸽,https://i1.hdslb.com/bfs/face/c3c3cfc03639e7eef37d5c1b6356b729e1c745ec.jpg,878152,"石头,搞笑,万恶之源,奇葩,0帧起手,石头P20 Ultra,沙雕,扫地机,石头扫地机器人,石头扫地机",3879693,1855,356,97007,4493,471,0,34,110278
BV1nn4RzrEMi,114976895274296,1,17,2078,单机游戏,沙盒类,http://i2.hdslb.com/bfs/archive/58ea88b42541bb865ac22db5d732a0421ce1470d.jpg,陨石砸脸！当场尸变！史上最阴间MC生存——僵尸启示录,1754408339,994,686127,籽岷,https://i0.hdslb.com/bfs/face/7efb679569b2faeff38fa08f6f992fa1ada5e948.webp,4998090,"整合包,生存,MINECRAFT,单机游戏,籽岷,我的世界,沙盒游戏,僵尸启示录,沙雕,推荐宝藏游戏",246371,868,785,3782,4927,1758,0,0,21665
BV1PWhJztEyE,114952132233395,1,215,2150,美食记录,美食探店,http://i1.hdslb.com/bfs/archive/fff099e21e7377662cdc78c58fe1af70309d36c3.jpg,天津美食吃法教程之鸡排牛排篇,1754030732,443,3546594741848906,团团的一家,https://i2.hdslb.com/bfs/face/f578dc23bbfbbfd845c7800b763f7ec872269e28.jpg,605361,"牛排,鸡排,天津,这座城市真好吃",457641,761,614,1823,930,1056,0,0,27391
BV1ds8UzsEKR,114948525002706,1,138,2029,搞笑,街舞,http://i0.hdslb.com/bfs/archive/a1aa1ec08aee7348e5401ed1a810a34784a3361a.jpg,火过之后就会走下坡路 那往回走不就是上坡路了吗？,1753975583,20,1146388214,Aleks_Kost,https://i2.hdslb.com/bfs/face/6414e768cd99a5c51c24faf939de8f8758f36ee4.jpg,1260221,"手指舞,嘉豪天团,alekskost,轻舞蹈竖屏激励计划",2773487,649,2533,9453,5578,3169,0,73,329851
BV1NztEz2EsQ,114974479356773,1,242,2076,娱乐粉丝创作,女性向游戏,http://i0.hdslb.com/bfs/archive/2572e091c58f43053edd2a29d08ae5fe2905ab96.jpg,【无限暖暖x生生世世爱】超丝滑国风一键换装，乘龙飞入谁的记忆？,1754452800,97,25592782,Wink眨宝momo,https://i1.hdslb.com/bfs/face/dda6a2cef813337d42158dd7b8f55dcb35cdbd51.jpg,414283,"暖暖,混剪,游戏,仙剑奇侠传,无限暖暖丹青季,换装,开放世界,nikki,无限暖暖,游戏换装",185758,151,389,2952,7218,1119,0,0,14519
BV1iBh7zuEVj,114951477855517,1,65,2071,网络游戏,射击游戏,http://i0.hdslb.com/bfs/archive/464c84c4daec1003767f574cf5ab5ce1f831dcf8.jpg,M7增强后！最变态的打法！三角洲行动,1754107200,694,11703718,米尔Miru,https://i1.hdslb.com/bfs/face/9b39c80f2c33e810914b4ff7478de956c7d05961.jpg,545931,"射击游戏,FPS,电子竞技,三角洲行动,三角洲行动整活大赏,三角洲新手教学,三角洲行动烽火行动,三角洲鼠期大行动,三角洲,三角洲破壁新赛季上线",594829,1017,859,2920,1074,284,0,0,14768
BV1d9tjztEck,114973825048552,1,65,2064,网络游戏,单人RPG游戏,http://i0.hdslb.com/bfs/archive/f72e7aa98e4ed7b69f69c1b0208fe08de49c8e8e.jpg,“来个遥，我带飞”,1754361608,160,2026700452,电阻Rr,https://i1.hdslb.com/bfs/face/eed7c6690a05f01c29fef23b388ca3fd2dd1bb7f.jpg,20303,"微电影,王者荣耀,明日方舟,斩业星熊,不归花火,夏活,遥,赶人,玛恩纳,明日方舟夏活【墟】",1283899,1400,6427,13337,9013,36141,0,95,73741
BV1GUtcz2ED9,114981509008269,1,124,2081,社科·法律·心理,海外资讯,http://i0.hdslb.com/bfs/archive/dd2167cd2e6f244b866745d5d94b968d574e3e8a.jpg,玩大了：得州批捕51名民主党议员并求助FBI？！,1754482211,1001,346563107,波士顿圆脸,https://i2.hdslb.com/bfs/face/f8f0fc4114bb06a87481abe12faa006a383cbe6d.jpg,5179647,"犯罪,美国,法律,社会,FBI,懂王,民主党,MAGA",671176,2138,1597,3858,3231,793,0,0,45850
BV1YWh8zTEfE,114958792657023,1,207,2087,财经商业,商业财经,http://i0.hdslb.com/bfs/archive/87813c1fd49c7330f882821c82ae79ce23acd099.jpg,一张图看懂洗钱！现实世界有多少漏洞？,1754132415,894,15324420,数据库kira,https://i0.hdslb.com/bfs/face/93487a9046c128bc43bd63c9e0747fa998c75be3.jpg,943250,"科普,金融,财经,洗钱,股票,反洗钱,社科人文,青年用「财」图鉴",1167267,3216,2500,39281,7545,3374,0,0,39957
BV1FXtnz1EHQ,114975234331807,1,193,2017,MV,MV,http://i1.hdslb.com/bfs/archive/fb791e6ac351bab4fa4cc986a8abb25531ace634.jpg,《Lose Control》,1754392500,227,26728081,云上汤姆喵,https://i1.hdslb.com/bfs/face/79b6302df02eedc689722a7d0f39acbd3bf2efa1.jpg,142513,"音乐分享官,动画短片,猫和老鼠,童年回忆,搞笑视频,硬核,音乐MV,高燃,Lose Control",87362,121,205,3888,967,134,0,0,6238
BV1FNh5zNEHH,114966359185652,1,137,2018,明星综合,音乐现场,http://i1.hdslb.com/bfs/archive/45b51ee0292a9b2bd33de45ff31dbf75dd705ab8.jpg,【宋雨琦】250802 KCON LA 《没有明天》直拍 4K直拍精剪,1754249297,235,3546887695108651,CLFE0923,https://i1.hdslb.com/bfs/face/3f6205fcfa7bc01709ada38e0f072b75d0875dc9.jpg,3098,"没有明天,4K,舞台,直拍,宋雨琦,(G)I-DLE,4k直拍,4K超清直拍竞赛",759997,14700,20604,17712,18012,11969,0,0,43563
BV1pmh8zDEHg,114958524226775,1,218,2167,喵星人,猫,http://i1.hdslb.com/bfs/archive/0d09d20b68d9965ca86646d4725cc344a3ba96fe.jpg,为什么它被称为“邪恶银渐层”?,1754135400,83,3546873832933955,瞄知道,https://i2.hdslb.com/bfs/face/1746916d848d22a6c046987264fe119ff9c1f0e2.jpg,11604,"喵星人,铲屎官,猫咪冷知识,英短,好猫,银渐层,新手养猫,养猫人,动物圈新星up主扶持计划,邪恶银渐层",919076,444,1615,4830,605,5330,0,0,34940
BV1Aw4ZzHEjC,114977549583813,1,171,2071,电子竞技,射击游戏,http://i0.hdslb.com/bfs/archive/25f0481573f2eee23563f9eded25346c7aa48af0.jpg,“吃了”(身法教学1),1754418505,105,3546681085790713,乔木萧,https://i1.hdslb.com/bfs/face/447ef9bcc6ba9a5367bc0f7c067fc553e66d08b4.jpg,345475,"FPS,吃鸡,CFHD",256115,197,380,7538,683,707,0,0,19785
BV1LZtuzkEJ7,114969714625816,1,201,2040,科学科普,二次元线下,http://i0.hdslb.com/bfs/archive/9b620f451ecd5a16c9bc850019e7483ffe267b25.jpg,漫展把脉--总结：肾虚，抑郁，胃病！,1754299976,1638,2142394537,医者正心,https://i1.hdslb.com/bfs/face/9ae2edac55966af9136c783ac2a75b2e9872f08e.jpg,1423551,"漫展,二次元,中医,把脉,Cosplay,问诊",1456473,4818,4291,12893,4364,5184,0,94,81805
BV1eQhgzjEAB,114964245256716,1,208,2084,校园学习,应试教育,http://i0.hdslb.com/bfs/archive/b2230f8bfe119b15713d340e648f411cabd6c2bc.jpg,【一数拔高】指对幂函数大综合！,1754215452,2892,14229967,一数,https://i1.hdslb.com/bfs/face/812281bada7d323c23c6e1e2e92749bd29b7d7c6.jpg,20521025,"数学,高考,学习,指对幂函数,bilibili高考季,考试资料,中考,高中,考前复习",898540,9408,1746,21726,6210,2636,0,73,98548
BV15Utcz2Ejf,114981509011186,1,65,2064,网络游戏,单人RPG游戏,http://i1.hdslb.com/bfs/archive/f716f6d38ee51c6e51340cba8cabb908bb518c74.jpg,差一点4金了啊…,1754478976,109,1617097682,梓宸爱公子,https://i2.hdslb.com/bfs/face/70bab08addd0ca74723648f78aa4d495eed064a6.jpg,1764276,"原神UP主激励计划,原神",168818,5503,289,1517,608,75,0,0,18771
BV1MVtgzaEc3,114969345526998,1,21,2088,日常,社会观察,http://i0.hdslb.com/bfs/archive/1f3927c887ffcc5927fbf1b642a0a255669f96fc.jpg,被网暴了，平台不管？……试试这个！,1754293624,145,1988929420,侃木头哦,https://i1.hdslb.com/bfs/face/e73f946a5712e9a9fd92a82bb8f6c06e234f1bd6.jpg,2168250,"成长必修课,清朗行动,网络暴力,网络安全,维护权利,网络霸凌,个人成长,12377,被网暴了",1684151,725,3278,215463,38830,5750,0,1,370027
BV11HhJzZEFW,114952216053868,1,228,2006,人文历史,AI影视,http://i0.hdslb.com/bfs/archive/d4df3318a47e6e12eda80942fb61b1f3ddc64642.jpg,一口气看完！以郭德纲的方式打开《死亡搁浅》，爆肝33天超长完整版！,1754125200,8470,3546879598005041,替人读书的锅年糕,https://i2.hdslb.com/bfs/face/177fd020b55f780328401d1f8ed359b46d28cef6.jpg,62521,"AI,郭德纲,剧情向,单口相声,小岛秀夫,相声,index-tts,评书,死亡搁浅,推荐宝藏游戏",1719533,2660,1567,51089,33007,14662,0,67,69501
BV1nDtuz7ERk,114969597186248,1,22,2063,鬼畜调教,鬼畜综合,http://i0.hdslb.com/bfs/archive/cf3d52a94bb2e4d480fbdfedaf3278bdfb8ad999.jpg,“生命就是一场斗争......”,1754366100,380,97240074,龙之王修罗,https://i0.hdslb.com/bfs/face/99e92cba7e8290e60dd296f65c867dd4d92de638.jpg,262598,"人生,鬼畜调教,谭谈交通,说唱,鬼畜,黄绿合战,人民,宋岳庭,谭警官,Life's a Struggle",185522,598,799,7105,13346,977,0,0,22438
BV1LhtPzdEiz,114981676848411,1,241,2009,娱乐杂谈,娱乐评论,http://i0.hdslb.com/bfs/archive/bec82ce167505843ede902e344f833122251522b.jpg,维权还是卖惨？赵露思炮轰经纪公司事件点评,1754481448,586,517312875,动物园会议,https://i0.hdslb.com/bfs/face/1abb3a208e4ecbdfa6e8b719247e0c0d21564758.jpg,809015,"解约,盘点,吃瓜,赵露思,娱乐吃瓜大会",261293,3821,2032,1181,1304,751,0,0,12412
BV1VQtAzpEPT,114982314315304,1,138,2030,搞笑,颜值·网红舞,http://i1.hdslb.com/bfs/archive/83776403aeea4ef9cce58fb2f3e9ebb30d8ebe24.jpg,起猛了 看到咱妈跳手势舞了,1754490968,26,639923249,大瑶同学remix,https://i2.hdslb.com/bfs/face/5e3796f6804b0035f0173b830e9aad5ad51385ca.jpg,1566500,搞笑小剧场,367685,180,490,1332,1706,119,0,0,50919
BV1sTh3zKE3T,114964010372222,1,65,2071,网络游戏,射击游戏,http://i0.hdslb.com/bfs/archive/991a4960b5f434da229910e47626a65ed9f932dd.jpg,在绝密开106万的3号宿舍里屋！爆率究竟会怎样？,1754217000,246,3546750042245900,哈基蜂三角洲行动,https://i2.hdslb.com/bfs/face/f20c71ccb26233cd9588b5f29668aae135bca9f4.jpg,166257,"转转回收,三角洲行动,转转,三角洲破壁新赛季上线",761265,2524,424,9851,561,79,0,0,20831
BV1GbhuzVEYX,114962936629968,1,30,2022,VOCALOID·UTAU,VOCALOID,http://i1.hdslb.com/bfs/archive/db959b290208fd7cf0d050919be233015c084983.jpg,即刻轮回 中文填词【重音テトSV】【なきそ】,1754195489,123,73783743,没有花香的HANA,https://i0.hdslb.com/bfs/face/d57e2b71a8aa3ddac263e2eb50ca03018762010b.jpg,161548,"中文,重音テト,填词,なきそ,いますぐ輪廻,即刻轮回,HANA,翻调,synthesizer v,虚拟之声创作计划",606639,10898,935,48842,8245,1681,0,0,65488
BV1XYtwz1EPK,114981089581089,1,95,2123,数码,家用电器,http://i0.hdslb.com/bfs/archive/b5c1c8945b37f227021391ad12cb408110764262.jpg,大疆首款扫地机表现如何？DJI ROMO体验评测,1754481600,317,12300996,胜利文绉绉,https://i0.hdslb.com/bfs/face/15bd494c63566ab3ecfe83a5e59b58a6d8442e78.jpg,827217,"科技,大疆扫地机器人,ROMO,扫地机,扫地机器人,大疆,智能家居,DJI",97494,1168,299,4030,2152,3095,0,0,11951
BV1ditJzqEMm,114976006148061,2,172,2064,手机游戏,单人RPG游戏,http://i2.hdslb.com/bfs/archive/42826d991e4a1842d5698397df3eca74fdccc765.jpg,【星穹铁道】海瑟音 0~6命实战详细评测：诡异的Dot女子是不会输的！光锥/遗器/配队 建议。,1754452800,2162,50111839,小琨爱小蛊,https://i1.hdslb.com/bfs/face/080862af2ad53cae818db05191968fc4d306899a.jpg,1232582,"黑天鹅,崩坏：星穹铁道,崩坏星穹铁道,卡芙卡,崩坏：星穹铁道创作者激励计划,海瑟音,英雄未死之前,米哈游,miHoYo,dot",230874,2297,2266,2050,3988,1040,0,0,19367
BV1Cyh8zXEV8,114958490734308,1,27,2041,综合,动漫剪辑,http://i0.hdslb.com/bfs/archive/a32c12996daf100a3dc4f6a64a84991305e8dcc9.jpg,如果迪奥遇见的是所有JOJO,1754182800,121,14649017,有人品没节操,https://i2.hdslb.com/bfs/face/2958cd825351b1343d4f9dd525ab15e4560bd71e.jpg,20733,"JOJO的奇妙冒险,DIO,JOJO,动画种草激励计划,承太郎",762259,450,274,16934,1379,1305,0,0,31854
BV1i2tAzdEbS,114982431818127,1,17,2077,单机游戏,休闲/小游戏,http://i1.hdslb.com/bfs/archive/088e029effde9c2cd240810380617d3e479b69de.jpg,融合植物287:云耀yoke！,1754521200,298,1775579023,ys羽衫,https://i1.hdslb.com/bfs/face/47a34d9ad8ee585f32d0f7f1c4ed891f0f57571b.jpg,14373,"植物大战僵尸,娱乐,演示,PVZ融合版,二创植物,融合",419254,1283,1285,3266,560,392,0,0,12885
BV1z3h8zLEQS,114958658439775,1,138,2156,搞笑,UP主小综艺,http://i1.hdslb.com/bfs/archive/831e26d160ce28cee7778a12a163e26b1f341262.jpg,逆天！今年上半年最离谱的小学生作业可能都在这里了！？！,1754136000,366,20892823,柠檬派奇幻漂流,https://i1.hdslb.com/bfs/face/35381f14ad45a75b4392642055a3d113e50b03f9.jpg,3070021,"搞笑,石头,作业,吐槽,石头P20 Ultra,扫地机,小学生作业,石头扫地机器人,石头扫地机",1858938,6116,468,27886,3214,809,0,0,70913
BV1GLt5z2E6i,114970922586362,1,138,2154,搞笑,剧情演绎,http://i2.hdslb.com/bfs/archive/b076b7e62861aeba4a3b9a7b436bfb53bd789b84.jpg,大家快来（超大声！！！跺jojo！！！）一条五毛记得删,1754317339,157,3546867673598755,宇宙无敌究极王龙山,https://i1.hdslb.com/bfs/face/b0e2f7f7c6becafe224fd76c672efc0e36ed9bb5.jpg,4765,"原创,新人,搞笑,搞笑小剧场,受气包",113901,123,1041,1116,821,57,0,0,13844
BV1VDhHz2EXG,114952668978941,1,21,2046,日常,网文解读,http://i0.hdslb.com/bfs/archive/687bfe3e391e383f07ab51508c1de8eb2ee7f47e.jpg,假如白素贞拜的是斗战胜佛，法海会怎么样？,1754038914,128,72969462,笔给你你来写_,https://i0.hdslb.com/bfs/face/8e8a57daeb8ee0b50e6fa4e66c4f18f849fc601c.jpg,1138352,"原创,小说,脑洞,曼波配音,白素贞,随笔,西游,原创剧本,沙雕段子",1106180,1026,2756,6768,1414,900,0,0,100068
BV1J8tJzkEDu,114976073324668,1,31,2020,翻唱,翻唱,http://i1.hdslb.com/bfs/archive/907dd18ccb22747a0e9f9dc9fe1fd8d68721fadc.jpg,鹿乃 翻唱《 glow 》acoustic ver.,1754474400,284,316381099,鹿乃ちゃん,https://i1.hdslb.com/bfs/face/92a10e8467e7e5a757ded5c7b36b21d1de7275f2.jpg,2072521,"日语翻唱,鹿乃,治愈,女声,COVER,翻唱,日语,keeno,glow",83002,312,2228,7341,13382,2024,0,0,17922
BV1fGh8zyEuj,114958574619885,1,21,2153,日常,美食综合,http://i1.hdslb.com/bfs/archive/45d53f303ee32984aa2af0312edddb998995a850.jpg,蜜瓜下坡,1754129106,71,3493284026518404,锋利帝,https://i0.hdslb.com/bfs/face/9ae02dcb24397ec7da11792236240c8dbdcd5cb7.jpg,528338,"厨房,解压,磨刀,哈密瓜,厨刀,老利",1222432,10970,413,2539,569,169,0,0,49976
BV1p8tczfESY,114981441902059,1,171,2071,电子竞技,射击游戏,http://i0.hdslb.com/bfs/archive/86f973d36c88f2b9ec4f354a86df3838e0a96707.jpg,【莱昂凯】水友给我说绿龙的“马西西”借他皮肤不还，其实事情真相是这样的,1754477938,277,107873360,莱昂凯shyeark,https://i2.hdslb.com/bfs/face/58769a500f3a89de34c4fe78eb38dd0f2e5a6b60.jpg,420209,"电子竞技,CS2,职业选手,莱昂凯,TEAMSPIRIT",395981,418,1294,889,891,893,0,0,17793
BV1GXtAzQELV,114982364646680,1,47,2037,同人·手书,同人动画,http://i0.hdslb.com/bfs/archive/f1a530f53ee9ffaddda7781be6226b32cdaf9c97.jpg,【完整版】小睦小莫的天天天国地狱国！,1754491705,231,454569733,宸雨_cy,https://i1.hdslb.com/bfs/face/d0c53ae2d926aa4dd26cb2315dccb602790cdf44.jpg,6012,"完整版,手书,迷途之子,mygo,天天天国地狱国,描改,Mujica,若叶睦,颂乐人偶,bilibili次元论战",232844,141,1261,13895,12681,3108,0,0,27465
BV1nQtFzdEpk,114979982412702,1,122,2079,野生技能协会,其他游戏,http://i2.hdslb.com/bfs/archive/9928dafd1bb548903f676ae3accc32a99cb8eaa9.jpg,恭喜你赌赢了，后续来了,1754455654,29,580207,AliveGameStudio,https://i1.hdslb.com/bfs/face/f999484dfe790f2a3ee0d953f9a04ab2b400bedf.jpg,637920,"游戏开发,独立游戏,游戏,steam,敢不敢赌一次",1653651,18675,3479,42744,36578,1508,0,28,232245
BV16NhtzrEv4,114957819578593,1,215,2150,美食记录,美食探店,http://i2.hdslb.com/bfs/archive/510bdabe6a15e409f274c332da539ba99fa9296a.jpg,这所大学的校外美食 堪称美食批发市场,1754117798,137,500956635,一坨小草莓不霉,https://i0.hdslb.com/bfs/face/3c5908a07fed10bb6dbde6cd4aff2f86dc2859e7.jpg,194094,"大学,校园,记录我的美食日常,Vlog",469563,368,609,10497,730,5776,0,0,42916
BV1LNtGz1EKH,114970536714022,1,218,2171,喵星人,动物综合·二创,http://i0.hdslb.com/bfs/archive/31afa04819f7d7fbb7414be144b40c02b79cb72b.jpg,城市猫回村以后，去抓制作猫薄荷的老鼠,1754311314,170,3493267595332476,苏豪和大强,https://i0.hdslb.com/bfs/face/9be009294b6c2e9132178b09683fddbbdc24617f.jpg,122083,"宿舍,大学,喵星人,萌宠过暑假",1330703,452,258,11801,1207,491,0,0,65853
BV1kHhLzGEqM,114965587500255,1,21,2063,日常,鬼畜综合,http://i0.hdslb.com/bfs/archive/01267c9b921f2331d1527f6a9d51e77386a373a2.jpg,穷吃菜富吃虾，有钱有势吃王八。,1754236100,86,3461565288286498,小付同学t,https://i1.hdslb.com/bfs/face/3e948382a80cb04a08af921908641f48b7241243.jpg,44612,"万恶之源,搞笑,迈克尔杰克逊,影视剪辑,生活,男神,莲花落,上头了,必剪创作",630723,396,810,8287,5733,3328,0,0,49556
BV1B3htzqE6J,114957752474646,1,65,2078,网络游戏,沙盒类,http://i2.hdslb.com/bfs/archive/10de952b7b93febee82912c0be3b1eca9d5884d3.jpg,当我无法拾取掉落物，甚至经验,1754116389,330,35734399,小橙子姐姐解说,https://i1.hdslb.com/bfs/face/7af5ccb8df46b88ff13b172fabbfab94aad5eb28.jpg,2233190,"沙盒游戏,我的世界,minecraft,小橙子姐姐,推荐宝藏游戏",1619352,4421,282,9753,1017,80,0,0,30871
BV1znh3z4Efj,114964127880409,1,138,2154,搞笑,剧情演绎,http://i1.hdslb.com/bfs/archive/016ba8061dc8e5d8bcc1568bf6f7c21d0bb2ed20.jpg,《打工皇帝养成记-服务员篇》,1754213859,296,485359169,邢三狗子,https://i2.hdslb.com/bfs/face/70782f5063ee85c90d422bdd28d8888a049c3ff8.jpg,2064682,"剧情向,短片,原创",3237685,889,368,23384,1953,233,0,53,90881
BV1CShnztEdU,114953608501840,1,212,2150,美食侦探,美食探店,http://i1.hdslb.com/bfs/archive/df3b7b7da5339974ba3fdd1d7f2f484ddf478848.jpg,日本人为了让你多点几串烧鸟有多拼,1754053134,313,1062138057,在日本摸鱼的小超人,https://i0.hdslb.com/bfs/face/2bd8156ed92d7427a1d43dcdb1371ea0c5924216.jpg,839922,"外国人,日本,烧鸟",1897724,1664,1529,3947,2026,582,0,0,71348
BV1oHtFzLEYL,114980049392296,1,17,2066,单机游戏,单机主机类游戏,http://i0.hdslb.com/bfs/archive/51a2dfca7b6822c372add2b2d37a872d0c98333e.jpg,我永远都不会原谅《最后生还者2》,1754539200,929,340310257,童子军大王,https://i1.hdslb.com/bfs/face/76cdeed2a2e06e2624d079b17f12c7915a04dc78.jpg,73538,"RPG,游戏,steam,童子军大王,动作游戏,美国末日2,最后生还者2,ps5,美末2,推荐宝藏游戏",32547,590,1040,678,1426,323,0,0,2615
BV13ih3zjE39,114963758712213,1,65,2071,网络游戏,射击游戏,http://i0.hdslb.com/bfs/archive/1a3af7e24994d9a9e606a2692e9a650ed3e26dfe.jpg,【乌鲁鲁金曲】⚡我的堵桥式由我做主！⚡,1754207925,184,1885660902,永雏小满,https://i0.hdslb.com/bfs/face/42e077cf7df2c2f366179c10996a0b55085960f0.jpg,10751,"搞笑,填词,三角洲行动,三角洲,乌鲁鲁,堵桥,三角洲破壁新赛季上线",500649,3061,1442,24862,7484,17620,0,0,78028
BV1ZYhbz3Emw,114957198822109,1,256,2207,短片,随拍·综合,http://i2.hdslb.com/bfs/archive/fa6164b490f8fc0d003a1bc8d5b3895046f26722.jpg,挑战在家一个月不被父母发现,1754107966,71,519883222,黄家荣,https://i1.hdslb.com/bfs/face/0cebfeb5bcd7a4d38d8a6c5f2018f63202936d55.jpg,777559,"大学生放假后的现状,暑假在家的生存法则,人间真实,身法,新影力短片大赛",3439187,246,532,14204,1578,1773,0,0,124153
BV137tqzyEdy,114986592640800,1,172,2071,手机游戏,射击游戏,http://i0.hdslb.com/bfs/archive/e177b338e25f2525c75beffbb5fd9d067aa501a5.jpg,粑粑流无名首次进军航天，最终被撵回家,1754556225,348,1809444890,三角洲-安澜,https://i2.hdslb.com/bfs/face/e714b2642ce045e441a21dd29e94a72d3f7f3f8e.jpg,299390,"航天,三角洲行动,单三猛攻,无名教学,幽默静步人,粑粑流无名,安澜三角洲,粑粑老祖,三角洲攻略课堂",139943,441,718,931,966,628,0,0,12610
BV1RbtwzEE2E,114980871475347,1,212,2150,美食侦探,美食探店,http://i1.hdslb.com/bfs/archive/225e4c321b06427499d402f5d1f0ef970c364957.jpg,1280元高端和牛烧肉omakase，主厨说要让每位食客吃饱，吃完想续什么尽管提～,1754476500,993,1244310984,温油辣辣U,https://i0.hdslb.com/bfs/face/4537c9f338b7f157002a571e2f73ffcd4e636a56.jpg,808668,"记录我的美食日常,和牛烧肉omakase,帝王鲑",399351,667,336,4914,3529,474,0,0,17588
BV1HxtMz1Ep1,114968305408407,1,161,2207,手工,随拍·综合,http://i0.hdslb.com/bfs/archive/df832f2f82a0d591713c8eed07d4b9d0476c6435.jpg,最拐弯抹角的关灯方式,1754277426,62,3546564641425884,幻想阿阳,https://i0.hdslb.com/bfs/face/ce90d69db4f361e7ff0bba0edd11e84bb35d8cba.jpg,1963,"手工,机关,装置",1448033,1681,2087,7947,4572,2259,0,0,115730
BV1tf4fzwEin,114980301117205,1,182,2001,影视杂谈,影视解读,http://i1.hdslb.com/bfs/archive/b01abecd6ca35448578b31ce856abab05400ae20.jpg,被狂喷仍有8.0高分，最爽二战坦克题材电影+最帅皮特，万字拆解《狂怒》,1754474400,4251,942755,迷影至下Filmlast,https://i2.hdslb.com/bfs/face/f67d68fb42cf550e624e5db4730388bb5c7eeb56.jpg,2089044,"布拉德皮特,坦克,二战,战争片,纳粹,虎式坦克,盟军,狂怒,谢尔曼坦克,万字拉片大赛",525026,5282,1170,10517,11153,716,0,0,28973
BV12z8yzbEHd,114946629178871,1,26,2063,音MAD,鬼畜综合,http://i2.hdslb.com/bfs/archive/233e975e6ed2a44e494101c2689ed53c1e8627ce.jpg,♿PRAGMATISM -RESURRECTION-♿,1754279700,165,400121455,TxAY丶,https://i1.hdslb.com/bfs/baselabs/7d88154aa95d75d7e1fb9de3152141fa0ab27459.png,5172,"音MAD,音mad,说的道理,白复生,黄绿合战10th,电棍,Laur,Arcaea,arcaea",316661,2935,3017,14176,16571,3859,0,0,44778
BV1abt3zgEPr,114970670927751,1,28,2063,原创音乐,鬼畜综合,http://i2.hdslb.com/bfs/archive/67b10cfb4f718278b2e170676e2b9deac7acada8.jpg,哈基米登上顶点的梦该醒了 I Really Want to Stay at Your House,1754313438,100,350008700,HugoXG,https://i2.hdslb.com/bfs/face/2c4a9a844198f437dadfa5da7024019097823393.jpg,2680,"鬼畜,赛博朋克2077,曼波,哈基米,东海帝皇,赛博朋克边缘行者",411061,320,2031,18511,8526,11375,0,0,57447
BV1Z9tEzKEoq,114974596797297,1,176,2109,汽车生活,汽车技术,http://i1.hdslb.com/bfs/archive/87d5992fa4a4412b1dab489c0195c5987f390777.jpg,亲手造一辆小米，探秘科技公司造车真实水平,1754380800,517,394609671,终极小腾,https://i0.hdslb.com/bfs/face/9fb58015e9584916246cb33af4773ad1edabeead.jpg,2429133,"汽车,跑车,小米,非正常试驾,性能真相局,电动车,性能,工厂,提车,为什么真性能车更安全",1658712,2002,3107,11181,13901,4103,0,0,56826
BV1jGtEzNEru,114975116887354,1,17,2079,单机游戏,其他游戏,http://i1.hdslb.com/bfs/archive/565cff91d8af15a634d43613d56f83f8613d7e4d.jpg,《威利号船长》用自由视角居然还能找到被关起来米老鼠,1754381146,133,1860532343,客阙,https://i2.hdslb.com/bfs/face/cf3fddec612e9d6c6f965e0ef8c35a3e31e3b589.jpg,142196,"彩蛋,威利船长,自由视角,隐藏物品",1616639,612,126,27596,940,83,0,0,31370
BV1xitEzUERp,114974848521983,1,171,2070,电子竞技,MOBA游戏,http://i0.hdslb.com/bfs/archive/25d4e98586c79a7a4beaffae1749e60f1751e54d.jpg,队友想抢位置，惨遭系统制裁,1754388000,454,2119811581,峡谷混学家,https://i1.hdslb.com/bfs/face/d1cfc4a1e83f577eb4b5dd621fe4762487410978.jpg,853047,"英雄联盟,娱乐,下饭,搞笑,上单,符文战场:英雄联盟对战卡牌,石头人,lol,英雄联盟电竞世界杯",551675,955,896,1222,3887,231,0,0,35332
BV1FVtFzQEfV,114980468822156,1,95,2100,数码,手机,http://i1.hdslb.com/bfs/archive/f91dd8dfe6e1b6ae645720ff81df8fff786007b4.jpg,苹果突然又增🔋电池新功能 & 全新弹跳玻璃效果! | iOS 26 Beta 5 新功能&最大变化｜Q&A｜大耳朵TV,1754463210,341,286187082,大耳朵TV,http://i0.hdslb.com/bfs/face/e8db1f8975f115cb11d9f139e020924f65ccd84a.jpg,1030732,"苹果,手机,电池,玻璃,新功能,系统更新,iPhone,iOS,液态玻璃,iOS26",181971,539,751,745,898,222,0,0,5653
BV13ohHzkEEC,114952870304409,1,21,2114,日常,鞋服穿搭,http://i2.hdslb.com/bfs/archive/dfff2aa6267fb0b4e2c0e113523af767d2249914.jpg,猜猜我都能在什么地形上穿高跟,1754041988,41,451835587,奥戴丽好笨,https://i1.hdslb.com/bfs/face/771fc935df986dcfb15aaae441c9bc7cda5bfe4d.jpg,2069289,"穿搭,高跟鞋",1856173,716,2387,6506,1611,2520,0,0,128576
BV1k5tVztEY8,114971862110914,1,250,2158,出行,旅游记录,http://i1.hdslb.com/bfs/archive/9c72d1d7f4dd1884c6974ac811bdeaf99f0f754b.jpg,世界尽头的旷野仙境-“法罗群岛”,1754363100,779,10804055,蓝战非OvO,https://i2.hdslb.com/bfs/face/aa18f59c33db1256bf6e881d004232a62d767cc5.jpg,1623378,"生活记录,风景,旅游,记录,旅拍,蓝战非,法罗群岛,旅行攻略UP主激励计划",1065253,4223,1971,9302,25127,5686,0,52,113843
BV1xehtzQEqX,114957500812484,1,250,2158,出行,旅游记录,http://i2.hdslb.com/bfs/archive/b492a21b8efc0450137db68c926d3ef8dbdbba0e.jpg,80块，带伊拉克爸妈玩转开封万岁山，这简直就是中国版迪士尼，太武侠了，玩迷糊了！,1754126400,919,3537122973714533,老王在中国,https://i2.hdslb.com/bfs/face/5cc0f66946ba560d0ccbd8e5bffc45ac94793cf4.jpg,3448022,"旅游,生活记录,武侠,歪果仁,开封万岁山,记录我的美食日常,伊拉克耐热王,伊拉克,爸妈,美食探店",1716122,5973,2529,12383,21011,3002,0,0,79853
BV19StGzyEkH,114969983063420,1,65,2071,网络游戏,射击游戏,http://i2.hdslb.com/bfs/archive/737ea0994148ef5b39f0c0909042629a00c6d893.jpg,⚡原来暗区还能这么剪啊?⚡⌓‿⌓,1754303053,55,3546940727887989,早起的-星辰,https://i0.hdslb.com/bfs/face/ea4d44e5b4502b5a397a60aac7fb24e57d053c0e.jpg,17116,"剪辑,暗区突围可颂作者团,卡点,暗区突围",279208,231,391,3859,3637,177,0,0,25266
BV1oMh5zwEZS,114966392736631,1,17,2078,单机游戏,沙盒类,http://i1.hdslb.com/bfs/archive/80111136a17bf472139cfbbff90f3ff75c509342.jpg,这是“漏洞”陷阱！,1754272800,415,29252533,幕川北,https://i1.hdslb.com/bfs/face/e04019772132a134aadbada24aaccbb1bb0dea60.jpg,2591958,"万物皆可游戏,游戏集锦,游戏解说,实况解说,我的世界,搞笑,单机游戏,游戏实况,游戏,单机联机",853905,1211,700,13366,9001,289,0,0,57380
BV1WPhTzQExA,114960285833986,1,216,2063,鬼畜剧场,鬼畜综合,http://i0.hdslb.com/bfs/archive/f7d6e2b60f59e6e0ba002961dc0c7ca95daefff0.jpg,《少林寺新方丈选拔大赛》,1754155101,375,1650750,阿游Kidding,https://i0.hdslb.com/bfs/face/8fa7e3f35d1561fb83089e7ef349e7f0585caf3b.jpg,3371,"搞笑,周星驰,鸠摩智,佛教,少林寺,法海,释永信,整活,鬼畜剧场,鬼畜星探企划",1412951,2165,1021,5135,9167,2684,0,0,34633
BV1W5hVzuEen,114964832452969,2,20,2028,宅舞,宅舞,http://i0.hdslb.com/bfs/archive/859673b202b90cc2dbe9773b1bc361eb9d724b61.jpg,【舞台存档】活力值和内心戏百分百的mjm,1754225071,376,661440317,-藤子Fujiko-,https://i2.hdslb.com/bfs/face/4d4f816ef0958bd653fb92f41c9aaae8cfc8ead3.jpg,5637,"偶像,cos,世界计划,pjsk,舞台,活力,mjm,mmj,桃井爱莉",1209147,3679,1559,13653,7226,1295,0,41,142849
