bvid,aid,videos,tid,tid_v2,tname,tname_v2,pic,title,pubdate,duration,mid,name,face,uploader_follower,tags,view,danmaku,reply,favorite,coin,share,now_rank,his_rank,like
BV1jGtEzNEru,114975116887354,1,17,2079,单机游戏,其他游戏,http://i1.hdslb.com/bfs/archive/565cff91d8af15a634d43613d56f83f8613d7e4d.jpg,《威利号船长》用自由视角居然还能找到被关起来米老鼠,1754381146,133,1860532343,客阙,https://i2.hdslb.com/bfs/face/cf3fddec612e9d6c6f965e0ef8c35a3e31e3b589.jpg,139545,"彩蛋,威利船长,自由视角,隐藏物品",1077015,365,92,19478,619,48,0,0,21308
BV1pQtVzAE23,114971191018774,1,47,2037,同人·手书,同人动画,http://i0.hdslb.com/bfs/archive/fec892777777004f2f31ad74290db137ea478dec.jpg,尴尬的关系,1754321821,152,676618045,Jeokhwa_赤花,https://i1.hdslb.com/bfs/face/473b8120bd50fe79b0ac5ff09c8d8f7394ba437b.jpg,97786,"原创动画,手书,火柴人",306395,443,740,16670,3975,229,0,0,24195
BV1H5h3zhEVd,114963926484439,1,253,2042,动漫杂谈,动漫评论,http://i1.hdslb.com/bfs/archive/15e5e9c710632bf142003a7bda26e375fa5c88bd.jpg,《阿甘妙世界》一款可以笑死成年人的儿童动画【bilibili 次元论战】,1754210552,1174,356477722,x夏言秋语x,https://i1.hdslb.com/bfs/face/62c8e4f9ababcf2f4ac7daa277cc44c83d890f24.jpg,288760,"神作,阿甘妙世界,搞笑,经典,童年经典,欧美动画,美漫,bilibili次元论战",296088,1231,945,11854,5132,449,0,0,18646
BV1YWh8zTEfE,114958792657023,1,207,2087,财经商业,商业财经,http://i0.hdslb.com/bfs/archive/87813c1fd49c7330f882821c82ae79ce23acd099.jpg,一张图看懂洗钱！现实世界有多少漏洞？,1754132415,894,15324420,数据库kira,https://i0.hdslb.com/bfs/face/93487a9046c128bc43bd63c9e0747fa998c75be3.jpg,940974,"财经,金融,科普,洗钱,股票,反洗钱,社科人文,青年用「财」图鉴",1038864,1407,2355,33034,6435,2969,0,0,33893
BV12B8gzwE6u,114925087232648,1,182,2001,影视杂谈,影视解读,http://i1.hdslb.com/bfs/archive/0bcb6f0a08d625e0a1c21b0995e2fbb2f899942c.jpg,豆瓣8.6日恐超神作《向饭沼一家谢罪》逆天改运却害得全家暴毙|TXQ FICTION第二弹,1754041200,1732,170059,AHS放映厅,https://i1.hdslb.com/bfs/face/ef4573d5576707049dda994bdbcd2922d27a1f09.jpg,195420,"灵异,悬疑,伪纪录片,恐怖片,都市传说,日本,惊悚,电影解说,向饭沼一家谢罪",690248,1882,1063,27717,5082,5422,0,0,31659
BV1dktgzrEWo,114969228088846,1,21,2093,日常,职场发展,http://i0.hdslb.com/bfs/archive/bb059e4dd799e7035d53d9fa04396e5025b861b6.jpg,如何在课上偷偷写作业？？？,1754305200,562,474257884,萧萧竹-,https://i1.hdslb.com/bfs/face/0e4f43bdab0948491609c48b6c7291332490bbd5.jpg,16071,"作业,高中生活,学习经验,必剪创作",1005167,2165,2681,25688,9433,8835,0,86,61321
BV1k9hpzYEJN,114954397028172,1,21,2063,日常,鬼畜综合,http://i0.hdslb.com/bfs/archive/3440ef347f034b4547f917542a2e5f3946fd7056.jpg,一 生 兄 弟 情 （定时发布 up已开学）😭,1754186448,110,397907105,可悲鸡翅,https://i2.hdslb.com/bfs/face/d0bb03e9335d37c1f99759f03df496a4186f4d2e.jpg,225516,"兄弟,短片,微电影,高中生,记录,小剧场暑期新星计划",410331,755,1432,4180,4794,3067,0,0,59378
BV1vJhTzrENg,114960319450783,1,183,2207,影视剪辑,随拍·综合,http://i0.hdslb.com/bfs/archive/94e34cca2bd8caf54053408f15a23970cbc09aaf.jpg,《胜利队之虎》胜利队哪个部门最危险呢？,1754179200,65,362139248,阿飞乱剪呀,https://i2.hdslb.com/bfs/face/fa4d425d984768de2418953207ae32b871db8906.jpg,12652,"鬼畜,逃学威龙,吴孟达,周星驰,曹达华,重案组之虎",1793616,485,907,8362,4704,8449,0,0,52061
BV1vXhGzWEuv,114965000231015,1,172,2098,手机游戏,AI杂谈,http://i1.hdslb.com/bfs/archive/2aeb84c013176875aed62408024d676afb507886.jpg,我被喂AI了,1754226854,76,85493,深蓝杰克,https://i2.hdslb.com/bfs/face/6a53e0f5c7147885ee1cf9a3c255467b35deb96c.jpg,26167,"绘画,盗图",238291,22,332,4822,1969,54,0,0,23414
BV1eHhNzaEcm,114959530924815,1,172,2064,手机游戏,单人RPG游戏,http://i1.hdslb.com/bfs/archive/721e2e52cdc83c4a86c756f98d4575a5b6cea025.jpg,新模组水陈 VS 方舟精英BOSS，一键水图？【明日方舟】,1754143319,366,12073864,-碱式碳酸咸鱼-,https://i1.hdslb.com/bfs/face/de64ffc4031f4ec3f068527a8cbc4a1ac9cc4bb7.jpg,534610,"娱乐,明日方舟,墟,假日威龙陈,泰拉探索协会,明日方舟创作者应援计划",961526,840,3273,2090,1073,1761,0,0,32625
BV1vnh8zuEjB,114958759104014,1,171,2070,电子竞技,MOBA游戏,http://i2.hdslb.com/bfs/archive/7846a1ffcdaf4faa7233854b71057000908618de.jpg,《看完第一波铁男能不笑的你是这个...👍》,1754132943,140,88160614,困困君丶,https://i1.hdslb.com/bfs/face/0451880ede12cab7af87e774cad52536934b6bee.jpg,562801,"电子竞技,第一视角,英雄联盟,精彩集锦,数值怪,5A连招,平A穿插普攻,MOBA,铁男,英雄联盟电竞世界杯",608889,276,333,606,1577,263,0,0,40104
BV1Ex4RzMEcT,114976912051938,1,216,2063,鬼畜剧场,鬼畜综合,http://i2.hdslb.com/bfs/archive/b7575db1e37a985328ee0501d72e385299f77670.jpg,黏巴达,1754451000,745,219370608,京西动画,https://i0.hdslb.com/bfs/face/4e6f81ccd97e61a8e106e0db12b0795761e1e73f.jpg,93322,"电影,电影剪辑,鬼畜,湖人,詹姆斯,NBA,篮球,赌圣,卢卡东契奇,鬼畜星探企划",41339,647,402,551,2670,566,0,0,3896
BV1q6tGzQEjo,114969882529724,1,138,2005,搞笑,短剧短片,http://i0.hdslb.com/bfs/archive/09296edf762f06c4380741fb311adf3a4024cc1c.jpg,破镜不能重圆 和好不能如初,1754301513,123,1659651634,七颗猩猩QKXX,https://i1.hdslb.com/bfs/face/e48329f6999d331dcb3cb5ca7ecf2b4b1100d83d.jpg,3186408,"爱情,短片,原创,搞笑小剧场",1101741,1555,1909,12485,5280,1413,0,0,91340
BV1fwhGztEBZ,114963406396717,1,76,2149,美食制作,美食制作,http://i2.hdslb.com/bfs/archive/b6997275880350f31a964b0e87c1b86e837af265.jpg,酸甜不腻 糖醋里脊,1754202463,73,11429061,夏叔厨房,https://i0.hdslb.com/bfs/face/2dfc2cbe4222e163af6d405ad4d2f728fe4d0e55.jpg,4411397,"厨艺,番茄,夏天,美食,美食教程,烹饪,美食制作,糖醋里脊,分享",320259,101,399,16270,1080,1592,0,0,32680
BV1pUt3z4EKG,114970385712379,1,216,2071,鬼畜剧场,射击游戏,http://i2.hdslb.com/bfs/archive/acdff94e1ee8441901b99afc06f5fde85fc10a98.jpg,这桥我堵定了！,1754309147,66,14896506,英豪小丸砸,https://i0.hdslb.com/bfs/face/64469457eb908ecccafa89f863ae791658a4a01d.jpg,58175,"三角洲行动,乌鲁鲁,三角洲,堵桥,三角洲破壁新赛季上线",575696,138,654,1938,1040,1297,0,0,39916
BV1Wyh8zXEMX,114958490667868,1,171,2070,电子竞技,MOBA游戏,http://i2.hdslb.com/bfs/archive/b8ff8401ee577e19044557dbef56a83a1990d0d2.jpg,这才是每个关羽的梦想，深入敌后，斩敌当先（“每关梦”合集）【高燃集锦175期】,1754127497,168,489296007,牧马人明眸,https://i0.hdslb.com/bfs/face/db4878d8899584639fa6054b755a1161845c3052.jpg,1123149,"游戏,电子竞技,王者荣耀,集锦,王者荣耀夏日农友节,关羽,MOBA,高燃集锦,明眸,国服关羽",2125973,654,1106,4971,4656,1462,0,0,79292
BV17wtGzmEpC,114970503156673,1,212,2150,美食侦探,美食探店,http://i1.hdslb.com/bfs/archive/0d999222779ef11944b2c29c921cb1805f5b2529.jpg,700块钱吃一顿和牛值不值？,1754311087,256,15282571,耶叔的四方食事,https://i1.hdslb.com/bfs/face/aa5694d17937bea569746793551e2b1ffa1749d6.jpg,695273,"日本料理,和牛,探店",167111,650,545,671,1075,351,0,0,12575
BV18889z4EKf,114936327966866,1,22,2063,鬼畜调教,鬼畜综合,http://i0.hdslb.com/bfs/archive/cf823f851d6cf6b72b9140b41024fa8f645463fd.jpg,上一个这么剪的已经过亿了,1754020200,152,16054375,自动鬼畜中的WZ,https://i1.hdslb.com/bfs/face/e83f7de7928cdab9c628aa7b4da1045f2803574f.jpg,1683994,"赵本山,搞笑,小沈阳,美美桑内,ONE SPOT,蜜汁好听,小品,NINA,沈佳润",931812,439,665,9856,20265,4348,0,0,99581
BV1v7htzYE1j,114957953801371,1,182,2158,影视杂谈,旅游记录,http://i1.hdslb.com/bfs/archive/3e5b250cd168fece212066b7fde994d36c35d29a.jpg,比利时卢森堡转一转,1754138700,2452,17819768,电影最TOP,http://i2.hdslb.com/bfs/face/6b2ade215ea603b495648875c925172a863d16d4.jpg,5980186,"欧洲,生活记录,卢森堡,比利时",558116,1118,451,4155,2488,296,0,0,48563
BV1434RzmEp7,114977331484654,1,215,2150,美食记录,美食探店,http://i0.hdslb.com/bfs/archive/4e8b0c1bc0a3d56ab337e5e872850b38d7bf90d9.jpg,环游中国第五站，哈尔滨，我回来了,1754449200,281,1143898753,李哥我饿了,https://i1.hdslb.com/bfs/face/563e58401423f09d84c480c68324102d0cefd3b6.jpg,2083683,"吃货,旅行,美食,种草,vlog,舌尖真探事务所,户外,哈尔滨,环游中国,探店",119910,259,496,1005,720,926,0,0,12566
BV1jsh3z9EaA,114964077478290,1,21,2205,日常,婚嫁,http://i2.hdslb.com/bfs/archive/2a698a6451facc5a388afde38fe8dc81e1a8c557.jpg,至少 你穿婚纱的样子我见过了,1754212865,272,440832200,阿多Adonis,https://i2.hdslb.com/bfs/face/a6ca90b3766ea57a778b1aae36f76b870386c560.jpg,246019,"生活记录,婚纱,日常,vlog,白月光,恬恬,遗憾,记录,甜妹,万种生活碰头相见",637805,211,119,29876,1056,137,0,0,27178
BV1iotuzVEhY,114969798577515,1,85,2207,小剧场,随拍·综合,http://i0.hdslb.com/bfs/archive/9ef05e2937b666a2b65a4ea48c193bd0215d95b8.jpg,第一次见这么大的烟花秀,1754300274,116,1938121503,峻宁峻宁,https://i0.hdslb.com/bfs/face/77adde11cdc36382919b3e0f699e3da482cc08c5.jpg,1111869,"生活记录,烟火,烟花",111825,7529,157,3332,785,105,0,0,8470
BV1jChJzCEjY,114951914000459,1,17,2078,单机游戏,沙盒类,http://i0.hdslb.com/bfs/archive/f74f0590ec2b972c9c4b79c18b0b836abd2fffe2.jpg,『红石教程』基于新快照架子的老虎机,1754027115,183,521202166,fz先生123,https://i1.hdslb.com/bfs/face/0d773b49cec10e61a468b46b03cbad5eae9c9bb5.jpg,14931,"我的世界,MC,沙盒游戏,红石,红石教程,minecraft,赤石科技,像素风,抽奖机,我的世界快照",661857,33,739,16815,626,887,0,0,28448
BV192tGz2E6T,114970083723934,1,65,2063,网络游戏,鬼畜综合,http://i0.hdslb.com/bfs/archive/52592643c32049fcbe1efc9891500dee41f1916d.jpg,【IVL】2025夏季赛，但不太正常,1754361925,117,3461571856566600,叹禾Tater,https://i0.hdslb.com/bfs/face/171fd6ae6b16002b8d3c93cb82bbbb2defa8c8ac.jpg,673,"电竞赛事,鬼畜,第五人格,第五人格赛事,IVL,ivl夏季赛,2025IVL夏季赛,网易第五人格",103953,220,648,4378,5289,1712,0,0,15757
BV1528mzHEPp,114948675997653,1,21,2183,日常,助眠视频·ASMR,http://i0.hdslb.com/bfs/archive/bf3afa2a6196e33d2bd031e68d5277ef7816cc1f.jpg,微恐ASMR｜暴雨天古堡里吸血鬼为血奴新娘化妆｜病娇｜抽血｜吸血｜剧情向情景模拟助眠｜敲击音｜触发音｜刷麦｜耳语｜双声道,1754053200,1077,1686198949,小奈别失眠,https://i1.hdslb.com/bfs/face/c1b1bc9c70d61a641455bdaf151b8907415fa947.jpg,345658,"女性向,耳语,吸血鬼,轻语,病娇,助眠,asmr,触发音,敲击音",960647,804,920,29324,8033,1050,0,0,30168
BV1Q6hwzQE8U,114941696742418,1,17,2079,单机游戏,其他游戏,http://i0.hdslb.com/bfs/archive/7fa9d19fceef1e929cf03c77e00577b5db967ccf.jpg,一个人开发游戏，新增《信仰射击》,1753871444,203,401334598,我真的是建筑类设计阿,https://i1.hdslb.com/bfs/face/d2b1efd37cce107d1db87f2a0721c9e283ad326d.jpg,363604,"游戏,游戏开发,第一视角,游戏日常,游戏画质",828873,529,1360,6566,8398,314,0,0,79815
BV1md81zqEqy,114948005039440,1,183,2063,影视剪辑,鬼畜综合,http://i2.hdslb.com/bfs/archive/2bfcf8daf21c29ce622537cdf494e6052babb2d5.jpg,17号选手 贪财和尚 由于他俩的《发财经》，被如来愤怒除名,1753967660,250,1766355135,阿蛋侃剧,https://i0.hdslb.com/bfs/face/ac52b81df172ffdc6354d7db6139f5f117440261.jpg,46599,"综艺节目,鬼畜,开口跪,ai歌曲,三界好声音,和尚,释永信,不一样的西游记,阿难陀,摩诃迦叶",3951840,13196,5342,47487,79447,24170,0,18,177638
BV1YqtLznEbH,114972449314486,1,17,2079,单机游戏,其他游戏,http://i2.hdslb.com/bfs/archive/bf0626c0aead1b428121cc35a4e9bfa642359d8d.jpg,赌博是如何将你的一切吞噬掉的！贴近现实的戒赌游戏！,1754355600,5109,26240675,与山0v0,https://i2.hdslb.com/bfs/face/1dd429855a968c9d22b8ccc000a7aaabe8dbc201.jpg,4959198,"游戏视频,实况,实况解说,单机游戏,游戏实况,恐怖游戏,赌博,戒赌,推荐宝藏游戏",381722,10358,2369,8236,14029,872,0,0,37693
BV1gChVzJE4P,114964513691731,1,241,2009,娱乐杂谈,娱乐评论,http://i1.hdslb.com/bfs/archive/ea449b2c5699f79fd4a7613649391bc87732a5fd.jpg,【吃瓜】赵露思八问经济公司！正式开撕…赔款、解约、协商矛盾…她的理由真能被同情吗？,1754219398,511,1976558860,天气微凉淡淡月光,https://i1.hdslb.com/bfs/face/92f61e260415a2e7f22b4d44fa676bce2f612aed.jpg,182676,"矛盾,原创,吃瓜第一线,理由,经纪公司,赵露思,银河酷娱",1799207,7003,9494,7021,6686,11716,0,0,46942
BV1pw8yzREz1,114946763459251,1,162,2057,绘画,绘画学习,http://i0.hdslb.com/bfs/archive/52ec220de4bad5129a419d3b0fd3e3c9f2f9bdc7.jpg,不废话，学,1753948685,71,99026839,舒雅ya,https://i1.hdslb.com/bfs/face/78638e57bc16529355a4e52ae1fc917f3045066e.jpg,10812,"上色,金属,绘画,PROCREATE,绘画教程",1046859,3552,1096,80934,34835,4597,0,94,167967
BV1cPhjzCETf,114967265151128,1,138,2156,搞笑,UP主小综艺,http://i1.hdslb.com/bfs/archive/bd40256aebfb437f4354d8fa919f2e44a870ef3d.jpg,《联合国精致演讲女士赏析4.0》：联合国颁奖？不，纯纯野鸡奖！,1754273100,260,16022714,正经的老邪,https://i2.hdslb.com/bfs/face/e2c6b5eefb0899775358c460e04fdaf5acf82dd8.jpg,1372507,"联合国,搞笑,吐槽,搞笑小剧场,联合国演讲,精致女生",693837,2154,2347,3511,14807,1304,0,0,39033
BV1qthVz8Em9,114964882857043,1,47,2037,同人·手书,同人动画,http://i2.hdslb.com/bfs/archive/eb103100da7e1858eb0d62c02d33cec33b76e4fb.jpg,你成为了雷杰多的人间体 来到原生之初去教育土著P37,1754299800,672,1415483599,磷火动漫,https://i1.hdslb.com/bfs/face/661e0d82e5a2bb135ab6db4e0a28fc12aa272888.jpg,946140,"小说,奥特曼,磷火宇宙,原创漫画,雷杰多奥特曼,爽文推荐",793008,2491,740,25729,4044,151,0,0,30097
BV1498CzcEqt,114947199667464,1,208,2094,校园学习,科学科普,http://i1.hdslb.com/bfs/archive/4d60c98b4487fe9d1921dd7a5240a80e8edf5e73.jpg,【干货】不小心被陨石砸中怎么办？,1753957646,129,482213447,闪电侠-flash,https://i2.hdslb.com/bfs/face/4ab72675654781bbfcd6bf237cd161a0d89ae5c4.jpg,1599852,"学习,校园,中学,校园整活王,uwant,友望除螨仪,友望吸尘器,友望红外除螨仪,友望自集尘专家,陨石,干货",1041052,2616,2063,9450,1681,3362,0,0,102261
BV1Vm8mzDEzA,114948659218976,1,130,2022,音乐综合,VOCALOID,http://i1.hdslb.com/bfs/archive/2f20023de74bd35ad1fb20af892a46f3adec70db.jpg,《全 世 界 都 相 信 你》,1754042400,173,34262915,瑞典厨师,https://i2.hdslb.com/bfs/face/0050db2b55c7ca35db6461c8f15f28efc56b8d42.jpg,477840,"音乐分享官,重音テト,初音未来,假面骑士,迈克尔杰克逊,新世纪福音战士,VOCALOID,崩坏：星穹铁道,草东,绝区零",564848,1384,1003,37472,6596,1225,0,0,52996
BV1JfhnzpEaM,114953306642785,1,250,2126,出行,户外探险,http://i2.hdslb.com/bfs/archive/c927e605c34a22811614ad39ddd7f98a0ecd763a.jpg,《埃及·红海》第2集：用时两天一夜，探索资源贼好的偏僻小海湾！不仅收获好多巴掌大的海螺，还解锁了好多叫不出名字的大鱼！,1754103600,1353,1497330079,OK哥环球探海记,https://i1.hdslb.com/bfs/face/aa0720a9f930e03569ac61092d207d164ce5122f.jpg,2100324,"AI,夸克AI,埃及赶海,真的假的问夸克,夸克,渔猎,红海,潜水,赶海,海岛探索",1820368,5708,1013,22275,24494,1478,0,99,64356
BV1Ex8rzrEGq,114944515248047,1,138,2154,搞笑,剧情演绎,http://i2.hdslb.com/bfs/archive/49b0de48ac4358b9640e813fd0232cc1da84217a.jpg,惩治不良老师,1753914356,51,110258511,波小波Sir,https://i0.hdslb.com/bfs/face/3966293aed82844fadfea23162bca274d6589ad7.jpg,60962,"原创,校园,短片",2338990,828,1577,20889,2685,813,0,0,139715
BV1vxt3zGEgx,114970637374958,1,171,2070,电子竞技,MOBA游戏,http://i1.hdslb.com/bfs/archive/30d18bd6af4f43b6081379c473ae5e2dde4b6826.jpg,【IEM科隆 数据雷达图】绿龙新阵容首秀即夺冠！,1754312975,378,270622470,神秘猫头鹰,https://i0.hdslb.com/bfs/face/a9429bc953851082df09b15691d56bca0dc60de5.jpg,57083,"原创,电子竞技,FPS,赛事,IEM科隆,donk,雷达,京介,绿龙,数据",420765,5938,2823,3458,11946,1567,0,0,21699
BV1J58qzYEfM,114942971744229,1,59,2021,演奏,演奏,http://i1.hdslb.com/bfs/archive/f07bfeb278346052b329aef0f8b94ca8d0fc53cd.jpg,手碟｜《江南》完整版,1753890821,175,28385645,Hang蝶,https://i2.hdslb.com/bfs/face/64319c4bec8e90d02d72ad0994b0520724a3af08.jpg,9503,"中国风,江南,林俊杰,手碟",570506,391,1096,21411,7166,3340,0,0,75579
BV1srtuzsENP,114969630936061,1,30,2016,VOCALOID·UTAU,原创音乐,http://i0.hdslb.com/bfs/archive/fa992b94b8689de13c99eb113ed47749bea7699f.jpg,【星尘原创】这首歌献给所有成为大人的孩子们——重编版,1754304900,205,3493257147321138,哆啦慢,https://i0.hdslb.com/bfs/face/2f68eea4727204711c156a87e859678f3924134e.jpg,46870,"VOCALOID CHINA,星尘,VOCALOID,原创音乐,中文VOCALOID,孩子们,大人",195412,197,497,30713,6510,724,0,0,43939
BV1bhtuzcEvr,114967936240367,1,17,2078,单机游戏,沙盒类,http://i2.hdslb.com/bfs/archive/45f61362096e7bd974eefe94d92abb4b6872a3ec.jpg,你听说这里免费做装饰，然后你发来个空置域？！,1754271760,892,329678941,E恺,https://i1.hdslb.com/bfs/face/75284bd396bc0a892766ba12917958429d7e6621.jpg,71197,"MC,沙盒游戏,单机游戏,我的世界,建筑,教程,空置域,E恺,生电,原神",167043,4021,496,3648,6589,483,0,0,18796
BV1DGhMzNEqZ,114961963555223,1,65,2071,网络游戏,射击游戏,http://i1.hdslb.com/bfs/archive/0cf9c8824daaed9ddc62969206486a8cd1f01161.jpg,纯享版死roll局，一秒都不用剪,1754180535,95,3461570499709389,J1anB1ng,https://i0.hdslb.com/bfs/face/1480f5b3502bd281ff5108f3330aebab131c18d6.jpg,267,"FPS,精彩集锦,2025鸡斯卡星火计划,PUBG",150833,157,428,1986,635,3349,0,0,8542
BV1GAtJzcE4B,114974563304810,1,201,2170,科学科普,野生动物·动物解说科普,http://i0.hdslb.com/bfs/archive/144b2b8f8567751a7ae94236d3488ffd5da73a65.jpg,为什么渔民捞到翻车鱼会赶紧扔掉？,1754372870,208,290014343,李论科学,https://i2.hdslb.com/bfs/face/5a4d8acc0d11fd75ae74ace3ab90fad3ab70c9a5.jpg,1423979,"地球,科普,进化,人类,鱼,智力,渔民",847596,440,561,1582,746,209,0,0,47051
BV1c382z4EMs,114947770025719,1,138,2196,搞笑,职业vlog,http://i1.hdslb.com/bfs/archive/b736ac9b42c8f1a4e2cba9bc4af84715033454da.jpg,谁还没点副业？,1753964553,114,1343576122,城市猎人山猫,https://i1.hdslb.com/bfs/face/2a095aebee4773165c3d0b099abf0c8f33281221.jpg,1576355,"创业,生活记录,赚钱",4177128,2241,4280,27216,25190,8392,0,27,315876
BV15hh3zSEFi,114963741940992,1,21,2196,日常,职业vlog,http://i0.hdslb.com/bfs/archive/0fe87e4e7af43564cc330b0b9dcba9c75b9edbe2.jpg,坚强社恐外卖员,1754214900,235,3546595893184682,基iz崽,https://i2.hdslb.com/bfs/face/79c7f3e0e7af14ff9a16d04f716a034171916f56.jpg,582822,"生活记录,外卖小哥,vlog日常,社恐,万种生活碰头相见",1087470,587,1012,6630,7359,746,0,0,72563
BV1Tw82zYEFj,114947669365335,1,124,2040,社科·法律·心理,二次元线下,http://i1.hdslb.com/bfs/archive/1f030e676ada8a01ad0a97e592624ac4fc3835f1.jpg,吧唧没火之前动漫店的种类很丰富！有好多东西啊，现在感觉全是卖徽章的(つД`)去店里看了一眼返老还童年轻了十岁,1753962359,131,267063677,单易之,https://i2.hdslb.com/bfs/face/46d0cf850a56b10e328cbfe26025ee22e32dcd45.jpg,120494,"死宅,吧唧,动漫,二次元,周边,古早,谷子,动漫店,探店,bilibili次元论战",607577,859,2526,5473,984,1189,0,0,63867
BV1bthNztEQv,114959195376181,1,171,2063,电子竞技,鬼畜综合,http://i0.hdslb.com/bfs/archive/850396905d5fda5b720c8fde20def8764bfccfe4.jpg,🍺酒酒八十一🎵,1754138325,224,10227626,恩临,https://i2.hdslb.com/bfs/face/c5a1209b17d217cdd0d4e472939a7d3d4f0931fe.jpg,59367,"鬼畜调教,电子竞技,英雄联盟,鬼畜,搞笑,酒桶,古拉加斯,lol,人力vocaloid",220557,155,689,1723,3004,1278,0,0,18581
BV1o7h8z3ECF,114958591395187,1,184,2001,预告·资讯,影视解读,http://i1.hdslb.com/bfs/archive/cacb4a25f72af521542b812f3152fc43fed290f2.jpg,团长原型！抗战短片《松山之殇》讲述了什么？,1754129081,105,217841218,火叁轮映画,https://i1.hdslb.com/bfs/face/61f480a3ff991942fa08440136c9b7f291b7bcf7.jpg,3702,"历史,人物,二战,松山之殇,中国远征军,我的团长,战地5,松山战役",136151,92,407,2443,6472,170,0,0,38808
BV1xFhuzAE2L,114961376349318,1,218,2167,喵星人,猫,http://i0.hdslb.com/bfs/archive/47b6cb5494a9aae8001c655201df9f0ab916a2c8.jpg,沉浸式清洁猫屋 yue版,1754171564,138,16301219,小伙子软软,https://i2.hdslb.com/bfs/face/99276122a13f651c730aa1e295e9faa47d8e8a2c.jpg,60534,"喵星人,我和流浪猫的故事,解压",168531,310,182,1654,28302,124,0,0,43151
BV1jktGznEPu,114969865687034,1,251,2166,三农,农村生活,http://i2.hdslb.com/bfs/archive/38e2ac5068ef92ae4bbc0a7a5260febd67fe117d.jpg,网红的真实收入，你根本想象不到,1754302643,36,3546811495090330,农人你三哥,https://i1.hdslb.com/bfs/face/e55d0c64e2ab88440e5d95988b6947edd44b0e50.jpg,544605,"守村人,农人你三哥,网红,大实话,百万粉丝",380604,142,463,1061,1410,66,0,0,49490
BV1TKhpziETj,114952836750177,1,215,2152,美食记录,美食记录,http://i2.hdslb.com/bfs/archive/76a9887983fb49d000b90edab4277f7915f8ac12.jpg,韩国女校食堂5500元自助午饭长啥样？（今儿全是限量菜）,1754213400,131,101682188,理查不会降落,https://i2.hdslb.com/bfs/face/459fcc7f8fcbe5ab0eac2ee1f39b0dc177d46b5d.jpg,1503501,"韩国,草料哥,食堂,大学食堂,韩国美食,谷雨,Vlog",1363766,918,1188,2320,1346,557,0,0,90771
BV1zahKzCE4y,114960839482364,1,65,2071,网络游戏,射击游戏,http://i2.hdslb.com/bfs/archive/070c1b2e05672c6dfd8e15e94281a6a47da89094.jpg,致我玩这么久第一次有这样的跑刀经历，谢谢你们,1754163504,269,220277361,波奇BQQ,https://i0.hdslb.com/bfs/face/248ec119bd42cc1edffe8e9d95254ce36e864711.jpg,2025,"射击游戏,FPS,跑刀,三角洲破壁新赛季上线",559247,780,5203,9118,12181,2168,0,0,53971
BV1cM82zbE9s,114947602255263,20,172,2064,手机游戏,单人RPG游戏,http://i2.hdslb.com/bfs/archive/cb01f091c78e77cbd8bd1406076753f4d459f4d2.jpg,【原神】绘夏！烈日？度假村！ (已完结)活动攻略/《拾慧铸熔》获取方式/遥遥同旅/炫音爆光/急风狙击/飞漆溅彩/原神5.8,1753961489,2028,431073645,你的影月月,https://i0.hdslb.com/bfs/face/2e32de7b28fc491a28281a22c6ea9f5d195cbdf5.jpg,8929621,"原神5.8版本,飞漆溅彩,拾慧铸熔,遥遥同旅,急风狙击,炫音爆光,游戏攻略,原神,原神高能团,绘夏！烈日？度假村！",485259,333,419,2736,1833,235,0,0,8698
BV1imhHzUEVv,114952769706755,1,182,2009,影视杂谈,娱乐评论,http://i0.hdslb.com/bfs/archive/0dce04204117e78979873e29026fbd64b16a91ac.jpg,13岁前乞讨，22岁当影后，39岁跌落谷底，50岁重回巅峰，她的人生比电影更精彩！,1754101800,918,34189415,low君热剧,https://i2.hdslb.com/bfs/face/fabe17ef4b344336b872e3ded46a4a4b11140e7f.jpg,2927679,"我爱你,惠英红,燕云十六声,在燕云暑期版本安家了,燕云新武器唐横刀,燕云武学宗师惠英红,宫心计,怪你过分美丽,长辈,血观音",433373,1076,860,3914,4769,454,0,0,21923
BV1f6hHzWEh6,114953054978372,1,157,2111,美妆护肤,美妆,http://i0.hdslb.com/bfs/archive/66d4e8b2b64f08d7edddc160af86a012d0f20f38.jpg,哇！夏天和彩色眼妆绝配！,1754128500,225,403899908,金大迪_,https://i2.hdslb.com/bfs/face/883eb7996b6d84242d5e5c5bb92ae2894b31b233.jpg,1175066,"日常妆,眼妆,美妆,美妆教程,暑假学化妆,眼影,彩色眼妆,彩色眼影",353374,547,216,15002,1437,635,0,0,22583
BV1uahTzYEdt,114962064219312,1,171,2071,电子竞技,射击游戏,http://i0.hdslb.com/bfs/archive/75a042e1ef40a670ebc7c64539596c63ad7fb517.jpg,逃   学   威   龙,1754182130,187,193563477,轮回丶Hui,https://i0.hdslb.com/bfs/face/acf758aa01aff3ba3fd69cbfc652242c75ff7d5a.jpg,3033,"得吃,三角洲行动,零号大坝,鼠鼠,三角洲,深蓝,老鼠,跑刀,猛攻,夺舍流",506364,480,1059,7814,1407,3252,0,0,47068
BV12khnzAEUd,114953491055075,1,21,2028,日常,宅舞,http://i0.hdslb.com/bfs/archive/8e5065bb0a993f45caae384a54bdffee0b642537.jpg,肅聖！！蘿莉神鎮魂曲☆全力跳舞#动作捕捉 #宅舞 #踊ってみた @足太姬,1754051332,15,3546927868152512,绮罗星Penta,https://i2.hdslb.com/bfs/face/28aed83d45d221dceede415d289612dfb40ab160.jpg,15424,小视频,1731253,88,845,19097,1577,1626,0,0,145933
BV18EhWzjEeu,114954128592076,1,22,2063,鬼畜调教,鬼畜综合,http://i0.hdslb.com/bfs/archive/654caf44cad4adeb6a1a455f5799908b0ee5b3cf.jpg,希希嚷嚷，我们的城失,1754087400,61,3546376331856031,小小小小洗,https://i1.hdslb.com/bfs/face/4db4b188b67bcaa769b1287579ccbc0d0c959312.jpg,3900,"MY GO!!!,GBC,Girls Band Cry,哭泣少女乐队,［GBC］哭泣少女乐队二创",702984,29930,5210,42829,8495,50050,0,97,168785
BV1Wx8ozoEku,114936747463820,1,25,2037,MMD·3D,同人动画,http://i2.hdslb.com/bfs/archive/a9e81a4445dc0d2eadd4301da3ffd04ef2121f92.jpg,【星穹金曲】野花香4.0至尊版震撼发布！疯癫升级！,1753875300,109,22683350,-不灵-,https://i2.hdslb.com/bfs/face/195b1e402ccf1e7a55a780bdcc7454e25800c625.gif,219956,"手机游戏,崩坏：星穹铁道,星穹铁道,MMD,野花香,崩坏：星穹铁道创作者激励计划,花火TV,因为太阳将要毁伤,不灵,米哈游",1052908,13671,1818,24432,7842,12641,0,0,110322
BV1fRtnzVEdF,114975418881795,1,85,2113,小剧场,仿妆cos,http://i1.hdslb.com/bfs/archive/4ff0f5693665fac9d61187708dca2ed0e7a41f93.jpg,谢谢你愿意花2分钟看完我的创作6年。,1754385931,120,474853499,李如儒也是李蠕蠕,https://i2.hdslb.com/bfs/face/8da8eac46ef637b771efeabf4b7b4b093d34dea5.jpg,2972853,"李蠕蠕,李蠕蠕也是李如儒,创作",945440,686,1887,4948,18690,455,0,0,126371
BV1LnhuzUEQN,114963356061430,1,138,2151,搞笑,美食测评,http://i0.hdslb.com/bfs/archive/d1357303c193678a32aacdeefddfd85c324101bc.jpg,《中国零食测评之康师傅方便面》,1754203168,752,1735813547,Nyyga-idol,https://i2.hdslb.com/bfs/face/fc965336f142e5f2da2017c0fdacaf07c2264467.jpg,19768,爱豆安利挑战,514353,3810,2287,3660,1291,1277,0,0,15024
BV12zt3zYE1E,114970821986949,1,212,2150,美食侦探,美食探店,http://i2.hdslb.com/bfs/archive/0fed52e9d7dae5f280ebd853c4c744c11e3a08f3.jpg,天津60元羊肉煲自助，肥美羊排羊杂不限量畅吃！性价比爆赞！,1754315728,455,8263502,橙飞一下,https://i2.hdslb.com/bfs/face/86fbb87fdf4d5ec1ba3bb7b56131d8265d36ffcd.jpg,2091522,"美食,自助餐,舌尖真探事务所,光盘行动,羊杂,羊排,天津,羊肉,性价比,探店",514004,874,1030,1899,1572,1939,0,0,21040
BV1gUhbzwErx,114958843055114,1,161,2148,手工,其他手工,http://i2.hdslb.com/bfs/archive/1b5838420828a2da9e51c417198cf702916630d9.jpg,白银真能把毒验出来吗,1754132797,38,443448523,解忧黄金回收,https://i1.hdslb.com/bfs/face/de2793beaa924e649bcb76181c8e8b8471d2009a.jpg,153879,黄金,3401661,218,531,1186,603,66,0,0,30252
BV1kZhszBENu,114955252665964,1,138,2156,搞笑,UP主小综艺,http://i2.hdslb.com/bfs/archive/4f3b1b4189a4dcd146d71372ed52b29a07f57c31.jpg,《联合国精致演讲女生赏析2.0》：什么？竟然反转了？！不，是求锤得锤！,1754100300,346,16022714,正经的老邪,https://i2.hdslb.com/bfs/face/e2c6b5eefb0899775358c460e04fdaf5acf82dd8.jpg,1372507,"联合国,奇葩,搞笑,吐槽,搞笑小剧场,联合国演讲,精致女生",885905,1651,1379,4506,11941,1783,0,0,37620
BV1rXh8z7EM2,114958473960142,1,21,2156,日常,UP主小综艺,http://i1.hdslb.com/bfs/archive/8051d7d17ec07402606585ecfa1fd36eed4bbb76.jpg,《第七条怪谈》,1754127718,646,3546731908171869,是许木木啊,https://i0.hdslb.com/bfs/face/dd7af55fc5361c6a343356958efce19fa6326d89.jpg,1376967,"日本,影视剪辑,剪辑",4086210,6446,3854,82932,13685,6385,0,7,288036
BV1bktVzuE7e,114971627230488,1,172,2079,手机游戏,其他游戏,http://i2.hdslb.com/bfs/archive/bca23ba9c24379a156aa8a23c8654ee5442cb1bc.jpg,【FGO】超绝轮椅售后！史上最长夏活？泳装9期【BB出品☆名流夏日体验！ ～反击的迪拜～】活动攻略 高难打法 90＋＋速刷一图流,1754363100,336,75,丸子,https://i0.hdslb.com/bfs/face/fe114e8fdf4df92a600c6dfa49d92b2d74245e28.jpg,1585418,"FGO,fate,希耶尔,迦勒底创作高能团,命运-冠位指定创作者激励计划 第三期,fgo,Fate/Grand Order,命运：冠位指定,泳装9期,FGO9周年庆",118589,265,946,968,730,213,0,0,5055
BV1pPtnzEEGi,114975771198872,1,247,2108,新能源车,汽车生活,http://i1.hdslb.com/bfs/archive/9261aff8e1668c124c50c1ebc42dc325855dea44.jpg,【雷军】12分钟 小米YU7能充多少电？,1754391380,67,646730844,雷军,https://i0.hdslb.com/bfs/face/5d26a50ea0a23493a94d72e578e4f73e60af4aad.jpg,5706989,"雷军,小米,和雷军一起聊车,充电",370327,342,1763,599,516,324,0,0,17085
BV19bhpzSEyv,114954665463403,1,212,2150,美食侦探,美食探店,http://i2.hdslb.com/bfs/archive/db91551f171ea51e60b8946bc2b21ca698ce830e.jpg,特厨探店 |评价两极分化的锅包肉创始店？—老厨家,1754105400,204,3546888255048212,特厨隋坡,https://i2.hdslb.com/bfs/face/4a6a6e459f71080664d3952957f2eafc02418b85.jpg,2439893,"隋坡,特厨隋卞,舌尖真探事务所,哈尔滨,美食探店",1265384,4417,2909,3430,7047,1184,0,0,97040
BV13RhJzKE4q,114952064996335,1,182,4218,影视杂谈,钓鱼,http://i2.hdslb.com/bfs/archive/773785ebea375aa2560b0ec44b9c905e5e521d4e.jpg,鱼竿都断了，鱼线却没事！这玩意有多结实？,1754130000,63,108264176,老树怪谈,http://i2.hdslb.com/bfs/face/036019f3c89c879b643885bbcb8944dbbb5a174d.jpg,49016,"科普,涨知识",3385647,299,983,3722,1089,230,0,0,60104
BV1EBhHzREfw,114953071625591,1,85,2154,小剧场,剧情演绎,http://i0.hdslb.com/bfs/archive/d99b4c1ecf74d9717b33791622b75a250bf5d21c.jpg,假如每5分钟人类就会灭绝一次，那么一千万次轮回之后,1754044921,177,351251536,雄十一浪,https://i1.hdslb.com/bfs/face/027acd337fd2bf9cb8e1f65858f5fd5ce50637e9.jpg,830824,"创意,科幻,末日,悬疑,搞笑小剧场",867157,702,1018,8298,782,237,0,0,54440
BV1ZvtJzMEzk,114976022926974,1,71,2198,综艺,休闲玩乐,http://i2.hdslb.com/bfs/archive/4a803cf7ded903fb654dd38dd6a8dd06539e34c1.jpg,我叫柯蓝，是附近有名的名蒸蛋（6）,1754449200,1282,3913194,高斯Goh,https://i0.hdslb.com/bfs/face/d4c65b5c6be3f9d845c15401173f98b130728851.jpg,5185715,"生活,犯罪现场,搞笑,日常,推理,聚会,抽象,沙雕,小潮team,整点电子榨菜",705221,22010,3091,22847,36564,1319,0,64,84213
BV1pQhuztEqS,114963020585779,1,21,2027,日常,音乐综合,http://i1.hdslb.com/bfs/archive/fd13d4fa28d7bd804b4fe5b00d8cab8d928fac30.jpg,朋友就是知道你要恶搞还会配合你的一群人,1754196666,84,1472737499,Lucas是只猫N,https://i2.hdslb.com/bfs/face/6a1a4f7a6f3dd7ac24787ed822fc5c52528c91e8.jpg,754,"娱乐,搞笑,恶搞,配音,朋友,barbarbar,必剪创作",1165789,2808,2319,12355,3485,2139,0,0,125709
BV1sHhJzZEkq,114952215989221,1,222,2171,小宠异宠,动物综合·二创,http://i2.hdslb.com/bfs/archive/9dd5eba64aa0c2c3d3c2b016467097e9e38fd36a.jpg,1000种生物混战，河虾大军灭三大天魔，六仙域残党险些再次团灭！｜【黑暗森林3】,1754042858,742,14556547,蔡武年,https://i1.hdslb.com/bfs/face/26476ff94e664738495ef2fa219459096e5ffa20.jpg,638017,"黑暗森林,福寿螺,天魔,河虾",3694349,1848,1545,47498,38917,2268,0,27,141159
BV1z6hHzWEvc,114953054918766,1,256,2154,短片,剧情演绎,http://i0.hdslb.com/bfs/archive/54b00d65c7e24622e89f79680c7b04b6d7efba74.jpg,岳父和我心连心，我和岳父玩脑筋,1754103900,120,695637594,招财喵剧组,https://i0.hdslb.com/bfs/face/8a2cbc440de1f976b3c1b58ac01d6f5c8452f955.jpg,339819,"B站小剧场,兰博基尼,岳父,兰博基尼sto",744381,219,254,1662,1129,227,0,0,50465
BV1WNhEzDEby,114950840325548,1,162,2055,绘画,二次元绘画,http://i2.hdslb.com/bfs/archive/4a7c64e233dbc773b92eb601ed3f80ca32f2f748.jpg,画中画 | “我听说...”,1754010828,83,613700695,一帧画中画,https://i1.hdslb.com/bfs/face/a2bf2ff75bd5bbc058ee69f6757e31532a30ca4a.jpg,20396,"画师激励计划,谣言,眼睛,反网暴,网暴,拒绝传谣",1378080,695,1956,48858,52127,3220,0,46,245015
BV1pYtGz4E7q,114969899241661,1,76,2152,美食制作,美食记录,http://i0.hdslb.com/bfs/archive/f96599e9b7f224a2a3a9820ff649633573e1a8a5.jpg,三个巨无霸吃一个巨无霸汉堡！妥妥健身餐！,1754301734,213,3546821659986396,猪猪狠爱吃,https://i0.hdslb.com/bfs/face/1f08ec519cd34452ea061ae8289b9fd48dead326.jpg,51860,"吃货,厨艺,美食制作,美食,记录我的美食日常,汉堡,巨无霸,健身餐,Vlog",347602,447,510,1099,1036,568,0,0,18973
BV1iFtgz3Ef9,114969697916441,1,251,2149,三农,美食制作,http://i1.hdslb.com/bfs/archive/7c83e30c195b93936762916bffc661b928cef4f7.jpg,最近西瓜5毛一斤啦，搭配家乡其他水果，给兄弟做一锅冰镇水果捞。,1754298482,158,3537105403775193,林中有猪_,https://i0.hdslb.com/bfs/face/825f3738d734a23b99f92a708353518c84e09cbf.jpg,309683,"西瓜,跑山猪,记录我的美食日常,桃花李,黑猪,乡村,水果捞,生态养殖,养殖户,兄弟伙",269113,1085,896,514,645,1468,0,0,24212
BV1wM82zbExD,114947602252984,1,215,2149,美食记录,美食制作,http://i2.hdslb.com/bfs/archive/be004f38130e587d34c63720add657607a463269.jpg,文科毕业生15.12吃一顿,1753961538,76,33903433,极品饭灵根z,https://i1.hdslb.com/bfs/face/b85167a5feb1ae3547009e6efe6029b6aca5da4b.jpg,584433,"排骨,菠萝,美食,生活记录,大学毕业生,Vlog",1065421,46854,2402,5779,4712,1620,0,0,133675
BV15EtEzcEv3,114974781349668,1,168,2037,国产原创相关,同人动画,http://i1.hdslb.com/bfs/archive/888af29e353db7d6f32f70dc069bfbb14ea4230e.jpg,开局获得龙巢争霸万族《神龙小果》第一集！,1754376099,427,279946181,小果动漫x,https://i2.hdslb.com/bfs/face/209c43010f15ad97cc789bb1b82da690f9e7dd3d.jpg,131344,"原创动画,二次元,原创动漫",2356387,69,26,72690,1984,12,0,38,55191
BV1EhhLzKEMm,114965688097005,1,130,2024,音乐综合,电台·歌单,http://i1.hdslb.com/bfs/archive/f2d4759eacf56c869f7c4f1bfa98b163293d57c2.jpg,"循环歌单 |【我的XX在哪里】| ""你猜得到我是谁吗？【在哪里の小曲】""",1754265600,3632,550445292,peach63,https://i0.hdslb.com/bfs/face/e2cc169b562e8a06a73d9a6908f39895f72a4604.jpg,568100,"我的XX在哪里,在哪里の小曲,电台新星征集令",1839307,26,77,38828,1292,25,0,83,30100
BV17m8SzbEWn,114949430973173,1,47,2037,同人·手书,同人动画,http://i2.hdslb.com/bfs/archive/2640e8a410f1c5d7ffbefddba452e793d1c3844a.jpg,【许二木手书】二拜天地——汤群像,1753989607,169,1648246266,松野冬芽,https://i0.hdslb.com/bfs/face/5da4c1df6f9a0d247450f1381e5d4eb4b521e2da.jpg,2007,"手书,群像,同人,许二木",192963,517,531,19914,14017,1452,0,0,30462
BV1zhhKz5ESY,114960856260211,1,65,2071,网络游戏,射击游戏,http://i2.hdslb.com/bfs/archive/fdda574b40aaa265563e3280835731f9a269076b.jpg,挑战不出海洋之泪不结束（五）单局两颗非心能抵海泪吗,1754194500,1086,3461572586375762,小里电竞,https://i2.hdslb.com/bfs/face/9ea49de53aec6e12c011ccdb30f0611b44e4bdf7.jpg,186554,"三角洲行动,三角洲新年爽玩攻略,三角洲新年整新活,三角洲行动建模大师,三角洲破壁新赛季上线",711048,7147,939,7749,2479,741,0,0,50750
BV19Eh5zsEAT,114966476626686,1,27,2037,综合,同人动画,http://i2.hdslb.com/bfs/archive/a04d33f651271cdb26832236de5cc048d9687c72.jpg,《缇姆利亚》第一集 | 小潮team,1754276400,689,3546922224715867,小潮team动画,https://i1.hdslb.com/bfs/face/54e5a0feca82d061fa8e6e78d860a264cab97bf7.jpg,112248,"搞笑,动画,原创,动漫,高能,缇姆利亚,小潮院长,小潮team,杜海皇,夏日整活大赏",661542,34153,6198,33897,54577,3760,0,32,79679
BV1jLtEzAEFH,114974747795302,1,182,2004,影视杂谈,影视正片搬运,http://i2.hdslb.com/bfs/archive/e495e40043a3f25d51c7f3a31f9a68ad5b3ee879.jpg,【雍正王朝72】万众期待的殿试大选终于开始啦！,1754388000,1228,70942172,貔柴,https://i2.hdslb.com/bfs/face/494eda60f33565f86892820e687d502c52b04c84.jpg,807551,"唐国强,张廷璐,每日一贤,雍正,雍正王朝,刘墨林,好剧好片重刷榜",222162,1496,464,1076,2106,83,0,0,9485
BV18dhgzCEXP,114964396246413,1,228,2090,人文历史,人文历史,http://i2.hdslb.com/bfs/archive/8ba24b5f7baf6ec553f7351484b09ce5ae3b83ab.jpg,历史上有哪些传世文献没记载，而是通过考古发现的小人物？,1754301600,1867,328359509,长河飞烟,https://i2.hdslb.com/bfs/face/e3df1f0c94c2ecf2630a60521d403363e5557d88.jpg,184402,"黑夫,弘,人文历史档案馆,王钟儿,陈良绍,洪奕,惊,周闻,陈贤",538855,2297,1936,8360,5501,723,0,0,28200
BV1jE82zQERG,114947686204485,1,21,4218,日常,钓鱼,http://i0.hdslb.com/bfs/archive/c013b0eebdac4494c2826b6d14434fbaf94fc8ae.jpg,遇到爽快的顾客我可以送你一条鱼，遇到难缠的顾客不好意思，分文不让!欢迎收看硬气钓鱼佬摆摊卖鱼!#卖鱼人,1753962706,216,3546923111811210,基尼钓鱼,https://i0.hdslb.com/bfs/face/14033a402e20c6260218928eba6851dde2afddfa.jpg,66642,"吃货,钓鱼,鱼",1142374,684,1078,4015,38940,249,0,0,89913
BV1KAhpzBEZJ,114952803192328,1,47,2037,同人·手书,同人动画,http://i0.hdslb.com/bfs/archive/1d615714d5d26dca4c1a49629a70c2b7bbb32ce7.jpg,如何将《献给爱丽丝》改编成哥特病娇？,1754041582,252,306935529,孙熙然,https://i0.hdslb.com/bfs/face/f8524c3af0c0c286bf3d4d1daa9ebaf19f50b263.jpg,820226,"哥特,手书,病娇,同人,绘画,第五人格,记者,小说家,说记,第五人格庄园纳凉夜",374322,4141,670,13505,5486,1635,0,0,53484
BV1qghxz8E1g,114954850015617,1,250,2126,出行,户外探险,http://i0.hdslb.com/bfs/archive/9add7c05276d23e0dda656f2d50b07e22c963181.jpg,冒死爬上世界唯一悬崖教堂，就拍到了这？？摄影｜埃塞俄比亚｜悬崖教堂｜Abuna Yemata Guh,1754132400,478,427607291,建国JianGuo_,https://i2.hdslb.com/bfs/face/2960dc381f05139b4d4d8fc360e32bd7b356916e.jpg,383254,"人文,数码,相机,非洲,摄影,旅游,徕卡,教堂,旅行影像大赛",453546,1464,499,6775,9762,691,0,0,19929
BV17Yh7zkEmF,114951461012611,1,243,2009,乐评盘点,娱乐评论,http://i0.hdslb.com/bfs/archive/f2a1b0f3725bfff2a68d7d53132357e0e22749fb.jpg,私信被冲烂！好，我摊牌了！旺仔小乔黑料到底有多黑？,1754020888,498,95730227,爱上大世界,https://i2.hdslb.com/bfs/face/386a559eb9434f9e893a1ac6d6ee4d90d0a47933.jpg,145994,"搞笑,原创,演唱会,吐槽,旺仔小乔,吃瓜第一线,版权,娱乐资讯,热点,网红",2855471,18735,3935,27137,14007,1418,0,97,82159
BV12z8yzbEHd,114946629178871,1,26,2063,音MAD,鬼畜综合,http://i2.hdslb.com/bfs/archive/233e975e6ed2a44e494101c2689ed53c1e8627ce.jpg,♿PRAGMATISM -RESURRECTION-♿,1754279700,165,400121455,TxAY丶,https://i1.hdslb.com/bfs/baselabs/7d88154aa95d75d7e1fb9de3152141fa0ab27459.png,4713,"音MAD,音mad,说的道理,白复生,黄绿合战10th,电棍,Laur,Arcaea,arcaea",283952,2802,2837,12812,14951,3494,0,0,41425
BV1DE8BzUEYP,114941931558619,1,164,2126,健身,户外探险,http://i1.hdslb.com/bfs/archive/9926f050e658c19209ff3a5a2de33c99c580d9db.jpg,解密！！世界最强的硫酸湖！到底有多危险！！据说滴上一滴，就会腐蚀掉皮肤！！,1753875052,100,592095891,硬汉形象26,https://i0.hdslb.com/bfs/face/2474783de33cace1589628384614cd62c8094413.jpg,1433431,"健身,西格玛男人,廖屹东,自律,户外",5453202,862,1337,12394,1521,306,0,0,84241
BV1vJhtzwEAn,114958004133041,1,21,2154,日常,剧情演绎,http://i1.hdslb.com/bfs/archive/3865de14b87d34c64ebcd7e2e6325cad490703e4.jpg,当你高考战胜30万人 终于来到了浙大…,1754120146,67,3494373119494756,itsboiJOE,https://i1.hdslb.com/bfs/face/cafb480e86c0b35a81243c9b318b171af860ebcb.jpg,4788,"生活记录,宿舍,大学,校园",1609335,789,3364,22651,5990,13904,0,0,147748
BV1fV8yzjECC,114946981500921,1,21,2092,日常,心理杂谈,http://i2.hdslb.com/bfs/archive/0c37233f1dc99529fdd25644128d3d68ccf9d045.jpg,当约P青年遇上恨嫁女孩,1754384100,555,9448580,NOV姐姐,https://i2.hdslb.com/bfs/face/220dc8a23512be0d82f0a0af5395efe2c720851f.jpg,929455,"爱情,恋爱,是时候自己做决定,挚真关系,亲密关系,婚姻,男女关系,心理分析,两性,深度思考",205923,476,998,3076,871,639,0,0,4847
BV1prhxzuEtq,114956930390713,4,172,2064,手机游戏,单人RPG游戏,http://i1.hdslb.com/bfs/archive/4a869ab37eb8f7cc2337f8932fa62ca724e0bcbe.jpg,《绝区零》爱丽丝角色展示 | 剑与华尔兹,1754107200,533,1636034895,绝区零,https://i0.hdslb.com/bfs/face/f013e3aacdc4e3254a476648e1cec3f39b7df097.jpg,7529016,"ARPG,PC,手游,绝区零2.1,绝区零爱丽丝,迟吟的浪涌,动作游戏,角色展示,米哈游,绝区零",2674351,20610,8786,36307,58363,16823,0,11,210656
BV1DFtLz1Emn,114972583532479,1,47,2037,同人·手书,同人动画,http://i1.hdslb.com/bfs/archive/fd05168d272f6f4f517b11174bb86c6e100bad1c.jpg,【三角洲/红狼&深蓝】那你再看看你前面呢（,1754342623,20,1632841095,巨日地板,https://i0.hdslb.com/bfs/face/50d9eb192a99ed8c22944f2f67ee2b8375572457.jpg,2424,"同人,动画短片,三角洲行动,深蓝,红狼,meme,三角洲破壁新赛季上线",343144,83,408,7416,602,594,0,0,22399
BV12a8kzxEnA,114945874202444,1,216,2063,鬼畜剧场,鬼畜综合,http://i0.hdslb.com/bfs/archive/9b453ab6d6c555a7781f7b69810c060affd727e9.jpg,柯 以 敏 锐 评 旺 仔 小 乔,1753934956,80,7098437,天天吃八碗,https://i2.hdslb.com/bfs/face/43ea324534e97601266bcd56d0fc9b833f03d413.jpg,183969,"鬼畜,旺仔小乔,你给我刷过几个子儿,柯以敏,黄绿合战10th-绿队应援",1042167,825,1343,13298,6434,7509,0,0,96527
BV1pkhtzjEPb,114957685361751,1,21,2111,日常,美妆,http://i1.hdslb.com/bfs/archive/b2316aa55db7865ce66bcfbdf9c0e5ae4ceb9d23.jpg,白云下面马儿跑，还吃草～,1754115370,23,518863547,小野驹_,https://i2.hdslb.com/bfs/face/2307c1ae70d6aad57f1444ac2f6517706a02511a.jpg,268427,小视频,265445,182,822,2163,695,7207,0,0,29789
BV1ZatMz6Esy,114968238227864,1,216,2063,鬼畜剧场,鬼畜综合,http://i1.hdslb.com/bfs/archive/a56c82390c6b88021436d5d171cd6aa8d6b2e8fc.jpg,旺仔小乔唱哭大佐《樱花树下的约定》,1754276280,199,7098437,天天吃八碗,https://i2.hdslb.com/bfs/face/43ea324534e97601266bcd56d0fc9b833f03d413.jpg,183969,"旺仔小乔,硬核劝降,你给我刷过几个子,沙雕,黄绿合战10th-黄队应援",739668,1689,1458,7081,2177,2944,0,0,44173
BV1NN82zhEWZ,114947568701529,1,17,2079,单机游戏,其他游戏,http://i1.hdslb.com/bfs/archive/289e38b29de776f8f168f72f29dec08448acbede.jpg,开局一个勺 挖穿大地牢！,1753960884,657,509250684,老Biu,https://i0.hdslb.com/bfs/face/94033cb6d94f26073a49a3630da8904aadb7ee16.jpg,1570599,"实况解说,游戏实况,越狱,生存游戏,搞笑,老Biu,越狱模拟器",755841,1110,377,3691,1634,517,0,0,38045
BV1xehtzQEqX,114957500812484,1,250,2158,出行,旅游记录,http://i2.hdslb.com/bfs/archive/b492a21b8efc0450137db68c926d3ef8dbdbba0e.jpg,80块，带伊拉克爸妈玩转开封万岁山，这简直就是中国版迪士尼，太武侠了，玩迷糊了！,1754126400,919,3537122973714533,老王在中国,https://i2.hdslb.com/bfs/face/5cc0f66946ba560d0ccbd8e5bffc45ac94793cf4.jpg,3439672,"旅游,生活记录,武侠,歪果仁,开封万岁山,记录我的美食日常,伊拉克耐热王,爸妈,伊拉克,美食探店",1559226,5478,2392,11146,19091,2757,0,0,73565
BV1zQhjz6EL3,114966677953114,1,65,2041,网络游戏,动漫剪辑,http://i2.hdslb.com/bfs/archive/7f1167828ae24a6e195b75b7217f0ab694be5095.jpg,“抱歉，我不会再梦见你了。”【晓蛇拉扯集锦】,1754253897,88,284867798,玩蛇の想象家,https://i2.hdslb.com/bfs/face/77567da02222f5454d0e7e752151d4d96f95518d.jpg,6927,"晓蛇,英雄主义,火影忍者手游,无敌帧",153401,109,292,2549,1467,280,0,0,14950
BV1dVhAzFEdC,114941612922357,1,220,2171,动物二创,动物综合·二创,http://i2.hdslb.com/bfs/archive/c1e844be5c130e7bba6f4378d9758412111f88e7.jpg,那些动物们的用餐时间！,1754040600,479,43484780,蒙哥马利愛学习,https://i2.hdslb.com/bfs/face/e13340353698301f500dc66a0328d1a8e38c9e75.jpg,673857,"动物世界,动物,喵星人,汪星人,神奇动物,搞笑动物,可爱动物,萌宠日常,动物观察,萌宠过暑假",583291,946,208,4770,941,746,0,0,38785
BV1pQt3zsEpK,114970419270209,1,17,2078,单机游戏,沙盒类,http://i0.hdslb.com/bfs/archive/3f50ba0234117243818fda03b3449baea52cb398.jpg,BTW比狼好德爷求生噩梦模式第二期：第一个月圆之夜竟然刷了这么多血尸，我的天真的是太难摆脱了，这里的生存仅仅是打吃的就非常的麻烦。,1754309492,495,1357768667,青蛙o-o,https://i2.hdslb.com/bfs/face/a312d641eb3db888096e0186cbdf3658ac92ee7d.jpg,99830,"沙盒游戏,游戏解说,实况解说,我的世界,生存游戏,德爷,BTW比狼好,像素风,噩梦模式,推荐宝藏游戏",778309,324,166,8666,1077,114,0,0,30035
BV1WPhTzQExA,114960285833986,1,216,2063,鬼畜剧场,鬼畜综合,http://i0.hdslb.com/bfs/archive/f7d6e2b60f59e6e0ba002961dc0c7ca95daefff0.jpg,《少林寺新方丈选拔大赛》,1754155101,375,1650750,阿游Kidding,https://i0.hdslb.com/bfs/face/8fa7e3f35d1561fb83089e7ef349e7f0585caf3b.jpg,3137,"周星驰,搞笑,少林寺,法海,鸠摩智,佛教,释永信,整活,鬼畜剧场,鬼畜星探企划",1193635,1963,905,4320,7950,2300,0,0,30373
BV18HhAz9EyH,114941176646252,1,219,2168,汪星人,狗,http://i0.hdslb.com/bfs/archive/06a24a0b1ea026880ad82827818e78267f9bf784.jpg,贵妇SPA,1754127900,185,390790215,是曼玉不是鳗鱼,https://i0.hdslb.com/bfs/face/fd6c977cd186e1e828090777fffd791b872db537.jpg,1549323,"柴犬,汪星人,spa,萌宠过暑假",478912,540,536,6473,1967,2516,0,0,43587
BV17ZtuzkETq,114969714628029,1,251,2166,三农,农村生活,http://i0.hdslb.com/bfs/archive/7ce6522e0255fb725b17aaaca58f8c09fd61cd56.jpg,爱你，老姐......,1754308800,308,143845192,念叁叁叁,https://i1.hdslb.com/bfs/face/3e9a9ed8cf8b0c7221b3e810d9e1e8ff7e6cf7b9.jpg,262575,"用星露谷开启我的农村生活,萌宠日常",276041,436,418,2372,1322,468,0,0,47120
BV1HotVzfE5T,114971392350084,1,65,2071,网络游戏,射击游戏,http://i2.hdslb.com/bfs/archive/0612faf73f9aec32baa8764e4e0788ffa65ff8fe.jpg,方舟小伙玩了三角洲后，直呼这个游戏毁了我的人生？！,1754377200,576,443371067,精神小伙缸铁虾,http://i2.hdslb.com/bfs/face/fee62fb1eada803dd79fc0330a9da266c2386503.jpg,19177,"射击游戏,FPS,游戏实况,娱乐,搞笑,二次元,明日方舟,三角洲,抽象,三角洲破壁新赛季上线",93516,322,296,2587,843,37,0,0,4916
BV1Uz82zTEnr,114947535148543,1,95,2123,数码,家用电器,http://i1.hdslb.com/bfs/archive/1d93659b9b9b5edc34fd3bd674e09e4da2b3ce36.jpg,是如画壁纸，也是旗舰电视！创维A7F Pro壁纸电视深度评测,1753961813,561,941799,野生的装机宅,https://i0.hdslb.com/bfs/face/7ad319543e71c4cbca135475fb73588ac987fe6d.jpg,1005994,"评测,电视推荐,miniled电视,创维壁纸电视,京东国补,创维壁纸电视A7F Pro,创维A7F Pro,智能电视,影音设备,京东新品",632894,294,466,1229,737,203,0,0,9639
BV1c8hbz5Ec6,114957165272158,1,65,2071,网络游戏,射击游戏,http://i1.hdslb.com/bfs/archive/d860d14d4ae4123e2eed541a2e5a420dfc458cc2.jpg,【干员周报】深蓝教官来了，在修了在修了TvT,1754107333,170,3494376565115651,三角洲行动,https://i2.hdslb.com/bfs/face/d86e9c7dcf8c0faf25b277a38d8103832556383f.jpg,2462978,三角洲行动,1037154,37511,12979,7358,1273,10315,0,0,71959
BV1vJ8yzVEGR,114946914519766,1,215,2149,美食记录,美食制作,http://i1.hdslb.com/bfs/archive/0858cf5fe2580eb017b836a81624876cc1acf640.jpg,将就吃 关音菩萨退休了,1753951291,607,319656701,快乐烧烤屋屋长,https://i2.hdslb.com/bfs/face/7e23cd365785e5f800eb4efae753b23f11f7c1dd.jpg,1839271,"搞笑,生活记录,美食制作,半岛盒饭,将就吃,户外美食,Vlog",341922,960,572,1225,1358,546,0,0,29043
BV1ZYtgzmEyf,114969127423452,1,253,2042,动漫杂谈,动漫评论,http://i0.hdslb.com/bfs/archive/59ba9be0cdcbcf6579d188c446110eb089b964c5.jpg,CG级画质！全新科幻国产动画能否成功？,1754301900,455,7946432,利维坦mY,https://i2.hdslb.com/bfs/face/eafd73061a55531503353e7ecf8ff9c184d52241.jpg,1728154,"解析,科幻,动漫杂谈,群星,国产动画,动画种草激励计划,国漫,国创动画,群星，我的归宿",330580,955,661,3605,1473,882,0,0,15962
BV1oyhHzDE2n,114952736218657,1,138,2154,搞笑,剧情演绎,http://i0.hdslb.com/bfs/archive/7158d9d5415d791132d95ab389d0c053e3124d9c.jpg,等你半天了,1754039736,155,592107356,房东的肥四四,https://i2.hdslb.com/bfs/face/43b096e1f65f27470b0992d8986e24def9bdd6e6.jpg,775311,"短片,原创,学生作品",680883,468,422,6118,1297,386,0,0,58026
BV1WZhwzgEjE,114941445019237,1,17,2078,单机游戏,沙盒类,http://i0.hdslb.com/bfs/archive/9f4eaf3d583e3cde77060f5d6ca64bbfdbcd77f7.jpg,我讨厌这份工作,1753867498,60,2032786173,MC_老村民,https://i0.hdslb.com/bfs/face/43ec2671b58ff4d4a334e777dddb1cfa59cdefc3.jpg,51661,"我的世界,minecraft,mc,meme",444272,118,143,2686,922,76,0,0,8422
BV1nDh8zUEwi,114958423558324,1,21,2154,日常,剧情演绎,http://i0.hdslb.com/bfs/archive/90d979c4ac6c8dea6eb375c9f4588e3b02932d58.jpg,《人类吸收过量盐分的话》,1754126904,130,594136614,芮予猪猪,https://i0.hdslb.com/bfs/face/3c8c2a66aab3c00fd2427a884b33196eedf22940.jpg,173433,"搞笑,意想不到的结局,剧情,反转,搞笑小剧场",4070044,1408,2374,60586,15109,6572,0,7,333701
BV1QrhszJEnK,114955168782421,1,21,2169,日常,小宠异宠,http://i1.hdslb.com/bfs/archive/c6da32a3ad24d79a8fa5c5aff3dca8af335121c1.jpg,因为是龙所以很会搜集财宝也很好理解吧😌,1754107380,257,426992830,神圣小鸟推特酱,https://i1.hdslb.com/bfs/face/225fb0928346f815c49e3e8ee1b878707c6def5a.jpg,60357,"可爱,鹦鹉,萌宠,搞笑,治愈,牡丹鹦鹉,毛茸茸,鸟,萌宠日常,必剪创作,萌宠过暑假",231100,164,559,3900,1683,2898,0,0,24799
BV1pW81zbEU4,114948290121395,1,182,2001,影视杂谈,影视解读,http://i0.hdslb.com/bfs/archive/a6962c4b68595ff6207dbb71d457e4664febd4cb.jpg,【HP】一口气看完！盘点《哈利波特与凤凰社》原著中没有被电影还原的419个剧情细节！,1753973094,9183,477833444,唱唱反调呗,https://i2.hdslb.com/bfs/face/bb5b932a9e42c3124cde4108a9884a50ca1d8af5.jpg,449601,"斯内普,邓布利多,赫敏,HP,哈利波特,影视,哈利波特与凤凰社,罗恩,哈利波特原著,影视IP观察室",673537,5376,1040,28232,21860,1521,0,0,63131
BV1Zht7zAEd7,114973154023230,1,47,2037,同人·手书,同人动画,http://i1.hdslb.com/bfs/archive/ec1c0cba6cd7c67d5c4f15b560cb13bd4cd64459.jpg,觉醒天赋，我的宠兽卡牌全融合了,1754388000,835,654552,圆桌动漫,https://i0.hdslb.com/bfs/face/6c1421573d214809ca86aef25bdd23670e00128a.jpg,4742246,"原创动画,圆桌宇宙,浪浪山小妖怪,月圆之夜取真经,月圆之夜,萧凡",713384,3303,670,14716,2262,123,0,0,21817
BV1Kw82zYESi,114947669364864,1,162,2055,绘画,二次元绘画,http://i0.hdslb.com/bfs/archive/279eb7124a6dffe285c8678cf8bf4f9adbf10c3c.jpg,不小心打出了击破伤害,1753962511,16,9125673,巴莎卡_R,https://i0.hdslb.com/bfs/face/edbb63c208bf1c7751ea22f743e0c0171ca3cf86.jpg,139393,"爱丽丝,绝区零,绝区零夏活同人月榜",381640,224,443,21034,1100,881,0,0,41135
BV1pUhTzQEuf,114962215277600,1,47,2037,同人·手书,同人动画,http://i0.hdslb.com/bfs/archive/e6299b99b41e3b5c68a882d9acd48f3428ef10b4.jpg,原创动画｜亲爱的神明，帮我孙女找个男朋友成不？,1754184258,68,2466899,SHOUWenjia,https://i2.hdslb.com/bfs/face/c77f7d4cd8054d6428f0e89ddc4ff01ec063d5ea.jpg,6615,"动画电影,原创动画,短片,动画,动画短片,寻光小宇宙奖",153024,42,256,8175,4081,289,0,0,39162
BV1FetGzdE55,114969949507361,1,218,2167,喵星人,猫,http://i2.hdslb.com/bfs/archive/9a62579095bbfd36656f6b937567fd6f5ee7c456.jpg,哈基米你…还是燃尽了吗,1754302346,10,41519542,短腿小拖宝,https://i1.hdslb.com/bfs/face/4aa756d79a51aab149e4e5ae152587b439534e0f.jpg,585689,"喵星人,动物总动员,哈基米",1905050,433,2009,19833,953,8202,0,0,149287
BV1ChtGzZECE,114969916085125,1,172,2069,手机游戏,即时策略游戏,http://i2.hdslb.com/bfs/archive/3a178e4b5d6c1434f07739f838dcd144d80d8a00.jpg,《炉石传说》觉醒锅炉实况测评！重做以后强度超标…,1754302201,1128,3493113414814567,高子巷,https://i1.hdslb.com/bfs/face/f4471a78f322efd8b1e1df3421c55fefd84bc367.jpg,346392,"皇室战争,高子巷,石头人,必剪创作",322714,1613,1454,1817,3258,937,0,0,29576
BV1d9tjztEck,114973825048552,1,65,2064,网络游戏,单人RPG游戏,http://i0.hdslb.com/bfs/archive/f72e7aa98e4ed7b69f69c1b0208fe08de49c8e8e.jpg,“来个遥，我带飞”,1754361608,160,2026700452,电阻Rr,https://i1.hdslb.com/bfs/face/eed7c6690a05f01c29fef23b388ca3fd2dd1bb7f.jpg,19891,"微电影,王者荣耀,明日方舟,斩业星熊,不归花火,夏活,遥,赶人,玛恩纳,明日方舟夏活【墟】",888822,1069,4647,9338,6310,27825,0,0,49586
BV1EhhLzKEcr,114965688098369,1,228,2043,人文历史,动漫速读,http://i0.hdslb.com/bfs/archive/81308807d2a059ccf91e9400336109c2583f9745.jpg,我咋就剩头了？如何利用规则怪谈给自己“续命”？各怀鬼胎三人行！《无头杀人事件》中回！,1754276400,1682,74161368,掺酒_Crane,https://i0.hdslb.com/bfs/face/cda096fd83d359fbb637fb92be834b51b0b06c64.jpg,374209,"犯罪,奇闻,悬疑,推理,读书,恐怖,未解之谜,案件,谋杀,规则怪谈",289523,898,335,4665,1285,232,0,0,13460
BV1VgtGzGE4G,114970217944671,1,27,2036,综合,舞蹈综合,http://i1.hdslb.com/bfs/archive/3b5882a7bb85897b0b8dffbf7ed757df511ce2e1.jpg,答应我拍了不要发给别人好吗,1754306456,21,488178291,小野莉乃,https://i0.hdslb.com/bfs/face/4a57cfc8f368e3cd67904980a1b5d8cc70de3980.jpg,578971,"萝莉,电子竞技,妮姬,cosplay,胜利女神nikke,nikke cos,户外舞蹈,啦啦队长,啦啦队舞蹈,二次元副本挑战者",385295,27,326,35575,996,874,0,0,72852
BV1YNhJzzEWt,114952601864362,1,218,2167,喵星人,猫,http://i1.hdslb.com/bfs/archive/554f496f922a28b78a701166d975e91368aef856.jpg,害，没点脑子真养不了这猫！,1754125800,242,538142100,圆圆的智子,https://i0.hdslb.com/bfs/face/16d4089d378a421d33bb56f7067727be0a992d7c.jpg,547081,"原创,搞笑,霍尼韦尔猫用净化器,霍哈宝,美短,智商,狸花猫,流浪猫,捡猫,萌宠UP主加更计划",705555,980,885,13259,27662,1237,0,0,54833
BV1LjtEzaEQ2,114974731016110,1,65,2071,网络游戏,射击游戏,http://i1.hdslb.com/bfs/archive/2a5baab76b14774c3d2fb7a9cbab02c302154549.jpg,【老鼠人行动】航天基地（G3）45w→???w,1754376247,397,403637371,老飞宇66,https://i1.hdslb.com/bfs/face/25d6b747d51cd07f6ae01a1145225f9be7fbdc5d.jpg,2551602,"三角洲行动,三角洲破壁新赛季上线",525175,6838,961,2998,2035,610,0,0,37135
BV1tmhVz2Ea1,114964664753501,1,21,2006,日常,AI影视,http://i1.hdslb.com/bfs/archive/815714a0eee3d545959859e347e8dba9e70d1101.jpg,不嚎，摸到史了,1754221719,93,544826894,马邻鼠,https://i2.hdslb.com/bfs/face/332bdb5793647ceb34b3c5cb62251a3d1937556c.jpg,2022,"娱乐,AI,恶作剧,盘蛇金像,石,大金,批图,必剪创作,暗区突围",404746,160,628,3801,1001,554,0,0,24170
BV1xShwz1EBE,114941797336643,1,126,2063,人力VOCALOID,鬼畜综合,http://i1.hdslb.com/bfs/archive/6d424245f15e383fde8809f9868e00223565ea1f.jpg,上一个这么剪的播放量已经过亿了,1754020500,144,19071708,潮汕好男人,https://i0.hdslb.com/bfs/face/2a4c1b3c2d8f48a58c5f818287c90a6ea78d7907.jpg,2193005,"全明星,鬼畜,黄绿合战,敢杀我的马,黄绿合战10th,让子弹飞",469371,950,1130,10880,19139,1221,0,0,66352
BV1R2hgzSE6u,114964295648696,1,17,2078,单机游戏,沙盒类,http://i2.hdslb.com/bfs/archive/f4e4d7a263026b29b04ede986dca07d1003fd647.jpg,谁是卧底6 ？！！！,1754269200,1134,108078209,沝沝DjKO,https://i2.hdslb.com/bfs/face/22841a628aaa7f60f767ca66b5bc83b682bfc9d6.jpg,1142141,"我的世界,搞笑,游戏,沙盒游戏,狼人杀,MC,单机游戏,minecraft,谁是卧底,推荐宝藏游戏",691985,7168,1354,9206,8435,540,0,0,57011
BV1VmtgzuE3b,114969177825133,1,21,2028,日常,宅舞,http://i2.hdslb.com/bfs/archive/1005f5385695836e95dc98bfac135b4a77508976.jpg,爱丽丝大小姐想让你告白！,1754452800,92,31968078,粽子淞,https://i0.hdslb.com/bfs/face/bbce22e45584b7a9e48398a91a7bac5975c8aaad.jpg,1028081,"舞蹈,可爱,宅舞,cosplay,cos,绝区零爱丽丝二创,爱丽丝,辉夜大小姐想让我告白,书记舞,绝区零",211188,192,345,7020,1220,420,0,0,18414
BV1VEtEzcECQ,114974781342729,1,171,2068,电子竞技,回合制策略游戏,http://i0.hdslb.com/bfs/archive/ace6fd9abbaffcacb1bc1dabb658b2f91692b4ec.jpg,𝑴𝒚 𝒃𝒓𝒐𝒕𝒉𝒆𝒓 𝒊𝒔 𝑺𝑩,1754388000,127,3493105034594510,十六van游戏,https://i2.hdslb.com/bfs/face/27b78acca91bd97b9ef20c7438ea042fc6c26853.jpg,548061,"剪辑,搞笑,亚索,抽象,愚蠢的欧豆豆,永恩,金铲铲,来点儿节奏！",195624,123,185,648,544,473,0,0,12438
BV1X5hGzJEXr,114963540614497,1,65,2073,网络游戏,动作竞技游戏,http://i2.hdslb.com/bfs/archive/7588bec3a5aa017c87f76cee1429c7aaaffab775.jpg,化美观为实用——个性动作,1754204652,131,1402139760,名红蝶香水,https://i0.hdslb.com/bfs/face/b35911a1cefb49fb9da1653ac81e36160dabadaf.jpg,288703,"第五人格,竞技游戏,教程攻略",367880,139,240,14203,6128,614,0,0,36691
BV1xBtuzxEmV,114967852358734,1,21,2083,日常,综合资讯,http://i1.hdslb.com/bfs/archive/55f991e18fb63b5b4c1e95b831780d63f268f2ae.jpg,“我的一生就是结几个好瓜，献给人民”,1754270609,1303,456664753,央视新闻,https://i1.hdslb.com/bfs/face/2dc9c34444ba9f8e891fdc98e6c331fa3c02d127.jpg,21826267,"西瓜,哈密瓜,吴明珠,8424",287900,5612,1399,3584,7493,763,0,0,71069
BV18fhgzrEEo,114964429805620,1,95,2088,数码,社会观察,http://i2.hdslb.com/bfs/archive/ec3f499674f6cfd004ed37abe97030e4eef68c1a.jpg,我“诈骗”了别人20W，还自己报警了？,1754218351,547,9321359,FUN科技,https://i2.hdslb.com/bfs/face/ebb69f29fddc013714026fdc23997f4242e80e5c.jpg,1598007,"直播,学生,兼职,电信诈骗,诈骗,刷单,反诈,网络热门鉴定",141782,178,148,2600,2203,82,0,0,7486
BV1Gt82z1EPc,114947384216914,1,21,2207,日常,随拍·综合,http://i1.hdslb.com/bfs/archive/e483faca123f36d2f34af660108c3e1175c130c5.jpg,我和员工在工作室打了一架。。。,1754049600,470,15892313,知名相声演员BBBBB大王,https://i2.hdslb.com/bfs/face/e40bb6be0e7aa5d3f2838313bb47a59358481577.jpg,2897739,"游戏,脱口秀,搞笑,vlog,吐槽,reaction,蛋仔全明星大乱碰,蛋仔带你看世界,蛋仔派对",567309,755,442,2113,2137,699,0,0,27774
BV1DUhbzcEhv,114958842988593,1,228,2090,人文历史,人文历史,http://i1.hdslb.com/bfs/archive/5432baac135a0996a9cba5af668daf0b9cda7b62.jpg,历史上有华夏入侵他国的记录吗？,1754133048,124,265589608,-古人云-,https://i1.hdslb.com/bfs/face/6b68c2e0dd8a5099675ba17b5afc8c20d5cd383c.jpg,1474553,"人文,秦始皇,华夏,历史,李世民,中国,汉武帝,爽文",2388417,1543,2464,63605,5401,2135,0,54,117349
BV1TwhpzuEhi,114952887077992,1,182,2001,影视杂谈,影视解读,http://i1.hdslb.com/bfs/archive/47dccf75928f030d4f9037fc8f33db0c7721cb9f.jpg,超燃电影《疯狂的麦克斯》，十年来最硬核战车电影，末世狂暴不息,1754211600,987,73528331,摩斯神探,https://i2.hdslb.com/bfs/face/7a3ccfa2d021bc1212ffdd5ea637d098a1475d9f.jpg,3191079,"石头,电影解说,动作,石头P20Ultra,扫地机,石头扫地机器人,石头扫地机",4896871,413,199,23824,1157,66,0,41,51836
BV145h7zREN5,114951393904891,1,17,2078,单机游戏,沙盒类,http://i0.hdslb.com/bfs/archive/eef68581353c909645d54bd30496c35b6cfe7fd7.jpg,我被质疑为AI 耗时三年的顶级二创有多离谱？,1754033400,223,493836206,Apple苹果酱喔,https://i2.hdslb.com/bfs/face/a8abacbc4fde2346e15c01bf0a24ec94e93df3f4.jpg,480060,"我的世界,MC,Minecraft,爆肝,原神",2398910,1864,3450,109981,136910,8600,0,7,361074
BV157hNzNEG3,114959514077416,1,164,2128,健身,健身科普,http://i2.hdslb.com/bfs/archive/1c8d424446d1ea4e70072b8450e6111474cc2a59.jpg,减肥回忆录，从200斤-130斤的一年是怎么过的？,1754143240,173,305947148,黑豆减脂日记,https://i2.hdslb.com/bfs/face/b4672a74841d405927f1520f5dd21c3d739c85ee.jpg,21803,"减脂,减肥,青春,健身,回忆,成长,记录,减重,减脂餐,放纵餐",187549,164,1446,796,897,432,0,0,10905
BV1BshVzaE8A,114964983515674,1,26,2063,音MAD,鬼畜综合,http://i1.hdslb.com/bfs/archive/debbdd4875422e319e90aa5b6cfeb5168d1c3199.jpg,【音mad】伪物,1754226492,106,628012348,捧读魔术师,https://i1.hdslb.com/bfs/face/8d698b0c3e7b2b90c11f15cb2acb55f763c8dd7f.jpg,1615,"音MAD,フォニイ,phony,模拟恐怖,曼德拉记录,模拟搞笑,伪人",781571,840,643,15835,4725,1624,0,0,73640
BV1CN82zhERE,114947568829831,1,228,2090,人文历史,人文历史,http://i0.hdslb.com/bfs/archive/f6928b191fc70c654763e226a35e0d6428893630.jpg,课本里的化学之父，为什么被送上断头台？【历史调研室79】,1753961091,2772,519872016,历史调研室,https://i0.hdslb.com/bfs/face/5e687a2a90670e6b8e14b4f635ec38eb99f7e5eb.jpg,6639804,"化学,历史,法国大革命,课本,拉瓦锡",2066349,14945,6046,42117,36347,4827,0,49,84047
BV1Mjtgz8EXS,114969513300669,1,21,2083,日常,综合资讯,http://i0.hdslb.com/bfs/archive/95f649f0f001c6d8c45b70baea9bbfbb467f4018.jpg,坐火车上中下铺选哪个？纠结型选手不用纠结了！听影老板给你分析得明明白白的￼,1754308800,63,33775467,人民网,https://i0.hdslb.com/bfs/face/4b5468ab22ee0ba672f070def7ed55986c581a4a.jpg,4244997,"生活记录,技巧",1244789,699,1862,1140,519,220,0,0,36275
BV1sh8LzGEEr,114928660780839,1,228,2090,人文历史,人文历史,http://i1.hdslb.com/bfs/archive/15b2bde4664377fdcab5a8720c173a0018efc072.jpg,亡国之君？千古词帝？说点课本上没讲的李煜,1753956000,435,3546583259941394,普普和ta的朋友们_,https://i2.hdslb.com/bfs/face/4e8812e4ba1225b401118c7e5cf4daa9038bde19.jpg,222119,"历史,人文,人文历史档案馆,普普和ta的朋友们,沉浸式课本系列,李煜,课本,赵匡胤,五代十国,南唐后主",332224,269,403,13701,3306,681,0,0,37313
BV19g8LzdESC,114928610514129,1,215,2152,美食记录,美食记录,http://i2.hdslb.com/bfs/archive/bf85feed64ef8a7bdb903905f5b218e42fba9ae2.jpg,夜宵时间到，开造,1754190000,207,26417558,铁蛋儿Tyler,https://i2.hdslb.com/bfs/face/12b8d664cb6c5fcad3ff97132b424e40a5f7f986.jpg,2910954,"美食,吃货,夜宵,炸鸡,火鸡面",271498,1684,423,5402,768,350,0,0,25899
BV1PohVz6EL5,114964631131383,1,47,2037,同人·手书,同人动画,http://i1.hdslb.com/bfs/archive/b3fb2aa28b958a32f5bde7a27a7c1fdbe8cd8866.jpg,再来一次...你会不会来救我于囚笼【弗洛洛动画手书】,1754221391,176,3546735381055752,灵感桔大王,https://i0.hdslb.com/bfs/face/075ebd5396d4e63020fe9410bfc33acce8108595.jpg,40924,"二次元,动画,手机游戏,手书,娱乐,鸣潮创作激励计划,弗洛洛,漂泊者,鸣潮,Can't Help Falling I",104847,130,441,7216,9895,591,0,0,21533
BV1KntgzoEHo,114969530078578,1,172,2064,手机游戏,单人RPG游戏,http://i2.hdslb.com/bfs/archive/508527e8f279d6075d28f0aa7e73dcf25e65a96a.jpg,鸣潮海墟膨胀引发众怒？大快人心，库洛做得好,1754296075,233,29769961,芦毛灰姑娘_,https://i1.hdslb.com/bfs/face/013a3d5207788786a77de90981b2da051c95edcf.jpg,26960,"鸣潮创作激励计划,鸣潮",235621,1981,9270,551,980,2491,0,0,4580
BV1b2hVz7ESA,114964681528368,1,182,2001,影视杂谈,影视解读,http://i1.hdslb.com/bfs/archive/a9fd74caab9fd52ca7430cd07623d7c5d8303b8d.jpg,石永菊江大量出没注意！《寻找石永菊江》官方读本参考答案，真相竟是日版XXXX？！,1754407500,1211,170059,AHS放映厅,https://i1.hdslb.com/bfs/face/ef4573d5576707049dda994bdbcd2922d27a1f09.jpg,195422,"恐怖片,灵异,悬疑,电影解说,都市传说,日本,伪纪录片,惊悚,寻找石永菊江,万字拉片大赛",49302,124,160,1240,952,196,0,0,2477
BV1nRt3zpEzS,114970587043367,1,251,2171,三农,动物综合·二创,http://i0.hdslb.com/bfs/archive/20dfd47739f3770f764cb01c6175039280fad5ab.jpg,上哪说理去！,1754312462,66,3493082429393058,老刘baby鹿乡一哥,https://i0.hdslb.com/bfs/face/6df686fe3fe1fec617868cd28900d8027615e3ac.jpg,22075,"生活记录,鹿产品,滋补",215629,242,316,602,1030,35,0,0,38289
BV1N2h3zzEdK,114963909708493,1,171,2207,电子竞技,随拍·综合,http://i0.hdslb.com/bfs/archive/77a4bacc1f3fbc7533ffc1bc32ca1383202a8c74.jpg,这次真的是倒下了……,1754210457,112,86881329,梦求真暗区突围,https://i0.hdslb.com/bfs/face/d84594e9cf32103ec7db3253f824c3df4525f40f.jpg,803415,暗区突围2077联动,733515,946,1613,11866,13351,237,0,0,64946
BV1Shhtz9EKB,114957601544314,1,17,2078,单机游戏,沙盒类,http://i0.hdslb.com/bfs/archive/317f615956489b0d8dd3a34e02fedf6a992b1eaa.jpg,💥爆 爆 方 块💥,1754114490,906,860464,少年五之歌,https://i1.hdslb.com/bfs/face/55ece692c6455bc9cf1bd189cf3411b055eaeb52.jpg,2224178,"五歌,大橙子,乐高,我的世界,BADCEN,在一起玩一夏,乐高苦力怕,小橙子,乐高我的世界,乐高航海王热血登陆",328311,812,412,3117,5625,167,0,0,23311
BV1F8tgzDE5p,114969093868897,21,85,2005,小剧场,短剧短片,http://i0.hdslb.com/bfs/archive/146de92f98c57b4eb5b2963dea99a5b252d7f932.jpg,《王者荣耀之权谋径山》,1754289535,2191,57863910,王者荣耀,https://i0.hdslb.com/bfs/face/186a321d4647bd2b1602e43b831bac89bcb7a34b.jpg,9445494,"电子竞技,王者荣耀,王者荣耀之权谋径山,MOBA",372758,495,1157,7166,5455,1002,0,0,18589
BV1fUhAzNEhr,114940958480075,1,21,2154,日常,剧情演绎,http://i2.hdslb.com/bfs/archive/74339802ab67b77d8359b93bc47b5e429ae3b593.jpg,东北人的能量真的没人管管吗？,1753864684,192,1317825098,一只广宇,https://i2.hdslb.com/bfs/face/8b1bf31f6340a662e3431cef4b44e9a08ec9e699.jpg,547220,"拼好饭你变了,补贴是一时的拼好饭是一直的,重要的事情值得拼一下,拼好饭6.9元盲盒,点拼好饭是有0次和无数次,#拼好饭6块9盲盒抽孙颖莎周边,美团拼好饭",1849838,504,799,4350,2068,549,0,0,86255
BV1ehhwzZEkq,114941730230185,1,47,2037,同人·手书,同人动画,http://i1.hdslb.com/bfs/archive/fadf01ea747e48a9716544aa11e049284622958c.jpg,⚡我⚡真⚡的⚡不⚡能⚡喝⚡,1753871926,130,1980678022,3trees三棵树,https://i1.hdslb.com/bfs/face/9692ef0769a9e5be8ead85a1ef4d40b867c3682d.jpg,256584,"音乐,搞笑,鬼畜,动画,吐槽,鲜呼吸焕新居,小林,三棵树,整活,住手啊喂，三棵树真不能喝！",1408189,12849,6779,50207,12467,15740,0,58,135015
BV13HtjznEfk,114973908931092,1,238,4218,运动综合,钓鱼,http://i2.hdslb.com/bfs/archive/175facee82236d1f18677aa785e227c53a47c371.jpg,路亚野外探钓 又解锁新鱼种,1754364600,505,691099655,马李澳到处钓,https://i2.hdslb.com/bfs/face/4ad135d0fc183549e6346b693086e206a380e97b.jpg,231935,"钓鱼,转转回收,转转,路亚,户外,野钓",99201,558,457,549,2593,216,0,0,8006
BV1WPtnzEEB3,114975771203362,1,253,2037,动漫杂谈,同人动画,http://i0.hdslb.com/bfs/archive/4153783d943a9183d94c1def1b06f0eb38457c60.jpg,《规则之下10》—潜龙之态。,1754391342,342,214580274,熊熊仔的沙雕动画,https://i0.hdslb.com/bfs/face/fbfaa4e56724fc64ebbf4ec22d862cb06dd0de63.jpg,461315,"烧脑动画,剧情反转,剧情动画",61516,232,308,1289,1535,61,0,0,7758
BV1JV8yz7E5X,114946981566328,1,29,2020,音乐现场,翻唱,http://i0.hdslb.com/bfs/archive/5ecd5902972e0ac671e1816958c41cf6c2acde57.jpg,许嵩劝你别读博：《素研》,1753951898,192,21442590,馄饨皮茄总,https://i0.hdslb.com/bfs/face/29d3bf75ec95524532a9ce36d1232ef441889a1d.jpg,29249,"素颜,许嵩,cover,科研,博士,学术,读研,读博,PhD,翻唱的N种打开方式",735504,524,1358,14456,16881,16265,0,0,70700
BV1G9hHzyE2J,114952702532182,1,76,2149,美食制作,美食制作,http://i2.hdslb.com/bfs/archive/4a50686148a5389c7b03c5c99c7918afb11a8849.jpg,全网最细成本拆解，50元老北京打卤面贵吗？,1754039138,339,258034892,碧蝉衣,https://i2.hdslb.com/bfs/face/f6dfd152ac6d5eec41209e6237d7fedc6f514fe6.jpg,219846,"北京,厨艺,美食教程,美食制作,记录我的美食日常,什刹海,打卤面,老北京打卤面",1644431,3223,3576,10490,6723,1186,0,0,45623
BV1kHt7zuEix,114973455947064,1,65,2071,网络游戏,射击游戏,http://i2.hdslb.com/bfs/archive/b0eb59ea4384b078241d2f0c030e109a6d8eed8b.jpg,这一枪绝对能载入史册！,1754355800,13,3546856665647986,小川CS2,https://i1.hdslb.com/bfs/face/5a22576385b470c0a9e1320deb732381b339b3de.jpg,36432,"射击游戏,娱乐,第一视角,FPS,CSGO,狙击,CS,电子竞技,搞笑,cs2",666205,153,977,13138,1989,6405,0,0,78070
BV1sStLzGEUm,114972046659055,1,17,2037,单机游戏,同人动画,http://i0.hdslb.com/bfs/archive/d80956d5dd54e542179b768cb75261d5bd244e0d.jpg,谁说百岁老人不能当模特,1754334528,120,15312,Days的Wing翼,http://i0.hdslb.com/bfs/face/4f7f75fc3ca8d45c95187561c31fc200ca206947.jpg,137070,"同人,AI动画,白月魁,动画MV,白老板,灵笼",352160,281,854,4505,1747,637,0,0,9982
BV1KatjzCEoX,114973992817178,1,232,2103,科工机械,工程机械,http://i1.hdslb.com/bfs/archive/3eae68b801aacc173af798bc237e44aa30e42bf8.jpg,几十万的工程马上要交付，结果电路出了问题，物业不给签字。,1754364315,953,1985127693,城阳电工电路,https://i0.hdslb.com/bfs/face/faae5daababbf652d97faedab1a25d78b654fc44.jpg,2032418,"电工电路维修,安全用电,电工知识",122068,749,393,695,811,90,0,0,9181
BV1S78BzJEej,114942015442793,1,47,2037,同人·手书,同人动画,http://i0.hdslb.com/bfs/archive/1c55cdfdeaf0fdde1fae90cac46dc685cccc7900.jpg,【乌合之众同人短片】傻子,1753876106,96,383128707,为了我活下去,https://i0.hdslb.com/bfs/face/9017c6baf09899d1c0143b7d56276c8cf0381d17.jpg,295074,"同人,短片,手书,乌合之众,秦小南",652667,223,1118,41345,16431,3313,0,0,106943
BV1qThWzREtB,114954044907056,1,229,2091,设计·创意,设计艺术,http://i1.hdslb.com/bfs/archive/f0a9ff89a5962239a28ef3ba0361b27e50b9edde.jpg,我给花朵加了个开关！,1754059601,16,14615865,是玉木呀,https://i0.hdslb.com/bfs/face/b375c5e72b34b598537c8c5a9d73a48ba361e2b7.jpg,130349,"插画,花卉,创意,动画,互动,字体设计,万物研究所",1340792,352,1145,23515,2704,2541,0,0,122675
BV1zdh8zLEsP,114958104862463,1,215,2149,美食记录,美食制作,http://i1.hdslb.com/bfs/archive/7aa203df21076994505b5706cb266c2cd36b1d0e.jpg,无骨的排，还怎么啃？,1754136000,189,174890586,魔鬼厨房Neo,https://i0.hdslb.com/bfs/face/b8320ecc03c3a33e41bdf48624d50c9cf9ce02a4.jpg,2749234,"厨艺,年糕,深夜食堂,美食制作,烹饪,排骨,夜宵,Vlog,烤排,一饭封神申请出战",390626,471,419,4956,1547,1313,0,0,32989
BV17sh3z9E7M,114964077484957,1,172,2064,手机游戏,单人RPG游戏,http://i0.hdslb.com/bfs/archive/82556f2d9ee6a5733ecad51618b70a20d91377a2.jpg,独家解析，昔涟丹恒伏笔？星铁3.5，前瞻救世PV细节！,1754212828,351,7466789,Jerryprpr,https://i2.hdslb.com/bfs/face/3be29be17dd83dda2f5770bc8acfa73ddcc82d6b.jpg,967621,"白厄,星穹列车团,翁法罗斯,昔涟,翁法罗斯开拓之旅,崩坏星穹铁道白厄,来古士,在黎明升起时坠落,英雄未死之前,三月七",619781,4487,1819,16167,5158,3386,0,0,78635
BV1ygh3zPEei,114964043996818,1,138,2154,搞笑,剧情演绎,http://i1.hdslb.com/bfs/archive/37f52f9f532823b615dc0cb268d81b468592a619.jpg,《面试の奇妙物语》,1754212438,67,16754498,不凉少年派,https://i2.hdslb.com/bfs/face/97cbefe1224ba11a1ed69845d3ceb341063c58c2.jpg,1026874,"日和,搞笑,原创,搞笑小剧场,离谱剧情,抽象,奇怪",1028084,153,261,2307,814,369,0,0,59810
BV17gtEziEE7,114975066555514,1,212,2150,美食侦探,美食探店,http://i0.hdslb.com/bfs/archive/f872b71358c3028f799fa895aec1003ea1270849.jpg,5500韩元在韩国女校食堂能吃到什么？没有草料，但也没有肉,1754388000,979,39627524,食贫道,https://i2.hdslb.com/bfs/face/eef12b850c10b0d7a7929236abb08604955823c0.jpg,7938969,"美食,4K,大学,韩国,草料哥,大宝荐,舌尖真探事务所,记录,食堂,食贫道",1215343,8894,4669,8727,13525,3683,0,0,72690
BV1VWh8zME6A,114958792789030,1,213,2149,美食测评,美食制作,http://i1.hdslb.com/bfs/archive/f2728962a7f9056fb52cd74b1e8b9ba75fa06d06.jpg,这碗卤肉饭卖10块钱，能不能赚？,1754213400,269,337521240,记录生活的蛋黄派,https://i0.hdslb.com/bfs/face/9ba6c7a0d3a2ebfe9db2f46219ece98e210d0269.jpg,9094840,"日常,生活,吃货,美食,搞笑,幽默,美味,沙雕,帅小伙,一饭封神申请出战",770413,2224,862,12656,11942,1112,0,0,57122
BV1iz81zEEYh,114947921085665,1,172,2070,手机游戏,MOBA游戏,http://i0.hdslb.com/bfs/archive/34d4224d90c36e0e1c4b32c27b358a140c54b66b.jpg,他是李白 爱上他是我的宿命,1754010000,671,3546703881833226,小轩-国服李白,https://i0.hdslb.com/bfs/face/8853429c5376c525a6f3d40bdb2dd884e2494107.jpg,23125,"李白,王者荣耀,王者荣耀萤火杯,MOBA",749668,582,632,8683,4728,520,0,0,25632
BV1Zq81zmEYw,114947938062985,1,201,2184,科学科普,医疗保健综合,http://i1.hdslb.com/bfs/archive/5fb8b7d7e86bcf4a8acaec02a8353e286c53dfbc.jpg,所有人都知道他活不了，只有自己不知道,1753966659,175,291042076,水果医生,https://i1.hdslb.com/bfs/face/dc275122b2c1806083f0fbf27203ce1857437af7.jpg,2036405,"生活,影视剪辑,记录",977194,606,1798,8533,1739,1806,0,0,121244
BV1BWtVzHEFc,114971560121878,1,17,2077,单机游戏,休闲/小游戏,http://i2.hdslb.com/bfs/archive/2db5cfa39905a30d0b1ffc6aa4f4abceddd76f86.jpg,融合植物284：海鲨大喷菇！,1754348400,353,3546619314178489,蓝飘飘fly,https://i1.hdslb.com/bfs/face/f2bc644c3cf25590bbc7954daecf3e3a9aec5711.jpg,1504180,"植物,植物大战僵尸,娱乐,水蘑菇,融合版,融合植物,融合,模式,大喷菇,推荐宝藏游戏",394440,1159,1731,2033,1540,407,0,0,18071
BV1FStnzmEsf,114975200774850,1,249,2088,足球,社会观察,http://i0.hdslb.com/bfs/archive/4d30d169b6e4563a2602bfd19312014056187857.jpg,没有假球，只有世仇，散装江苏到底能有多散？,1754389800,478,11684621,太阳星sunstar,https://i2.hdslb.com/bfs/face/edcd0f2f12cedf723c9e5c18c5f824ecd4c50f9c.jpg,3064614,"社会观察局,苏州,南京,足球,无锡,常州,江苏,苏超,太阳星",97700,476,463,989,847,113,0,0,9627
BV1cptMzmEXS,114968674438889,1,47,2037,同人·手书,同人动画,http://i0.hdslb.com/bfs/archive/6932cd399533c8ee73f33993057ba2a6e2543315.jpg,第67集，穿越后我施展龙煌界神力秒杀神域杀手，与冰块妞前往塞北执行猎杀任务！,1754382600,449,1315416826,暴走三金_,https://i1.hdslb.com/bfs/face/547d829b08e143073920e9eaf241540cbc3f64a7.jpg,288244,"原创动画,动画种草激励计划,热血",62766,343,181,1845,1237,47,0,0,5736
BV1mvh8zfEzc,114958390071142,1,21,2102,日常,摄影摄像,http://i1.hdslb.com/bfs/archive/9c8db066817437f198003ad84dcb5013959a56bc.jpg,评论区摄影大赛之迟来的建军节篇，昨天剪太晚了所以没发，今天补上。,1754126066,108,3546741475379844,摄影恩哥,https://i0.hdslb.com/bfs/face/b497e49b5418b6c0cc18f5f3d80c6c08a1048d5c.jpg,679697,"风景,摄影,评论区摄影大赛,哔哩哔哩评论区摄影展,照片点评",1523570,16382,3697,9162,2263,228,0,0,138616
BV16NhtzrEv4,114957819578593,1,215,2150,美食记录,美食探店,http://i2.hdslb.com/bfs/archive/510bdabe6a15e409f274c332da539ba99fa9296a.jpg,这所大学的校外美食 堪称美食批发市场,1754117798,137,500956635,一坨小草莓不霉,https://i0.hdslb.com/bfs/face/3c5908a07fed10bb6dbde6cd4aff2f86dc2859e7.jpg,192677,"大学,校园,记录我的美食日常,Vlog",410670,312,512,9256,631,5103,0,0,37766
BV1vZhAzFEM1,114941059274111,1,214,2163,田园美食,赶海捕鱼,http://i1.hdslb.com/bfs/archive/e7ff3e8e5d3fc20918679422e89e3fe2c97f7fee.jpg,大庆赶海，退潮后发现活蹦乱跳的七彩虾，还有大海参搁浅沙上,1753869600,410,524704055,大庆赶海,http://i2.hdslb.com/bfs/face/f119348814f30c6bbbcc60bd63c12b8215d19d2f.jpg,4720777,"二手推荐,螃蟹,二手手机,转转,梭子蟹,赶海,海参",810124,914,289,2659,1090,233,0,0,30195
BV1HTtnzjEoN,114975938974788,4,172,2064,手机游戏,单人RPG游戏,http://i2.hdslb.com/bfs/archive/536e699ff98af0721e17080314530562727eb8b1.jpg,《原神》剧情PV-「最幸运的孩子」,1754452800,765,401742377,原神,https://i2.hdslb.com/bfs/face/853c4a846793dfbdafd8f16a40d6d8065bdb7c6f.jpg,20088632,"原神5.8,米哈游,miHoYo,原神",350038,1094,3253,8928,16065,2842,0,0,54537
BV1KatjzCEMH,114973992820518,1,205,2083,社会,综合资讯,http://i2.hdslb.com/bfs/archive/b1a46905b51f1f29b9c68585985c8f271e6f69a0.jpg,【1818黄金眼】就没见过比我‘非’的！600多抽的沈星回与宣传不符？,1754364058,250,354077280,1818黄金眼,https://i0.hdslb.com/bfs/face/30f3ff3f2af66abbbcc6a93c8b65e7886d33b88c.jpg,914648,"氪金,社会,抽卡,手游,恋与深空,沈星回,1818黄金眼,乙游,资讯直通车",195861,1859,3397,1555,3812,7642,0,0,9503
BV1qctczUEsk,114979948729514,1,17,2078,单机游戏,沙盒类,http://i2.hdslb.com/bfs/archive/ba778f76aa01faf250d173e03aaf5a6433df7e9a.jpg,神人玩什么都很神 1.0,1754455207,141,289475254,碧月狐,https://i1.hdslb.com/bfs/face/d29803d385b117e98eda7abed7ebcfbc92bc44ac.jpg,2716071,"万物皆可游戏,搞笑,娱乐,沙盒游戏,我的世界,抽象,沙雕,mc,meme,碧月狐",103515,621,533,975,683,78,0,0,11406
BV1rTtuz2ExC,114968187902103,1,21,2207,日常,随拍·综合,http://i1.hdslb.com/bfs/archive/02bd9462a952a7c1e5a704a9f502316b677b4f07.jpg,UCLA计算机硕士 刺客信条如何在巴黎上学,1754280503,113,11676354,谢万宁Shawn,https://i0.hdslb.com/bfs/face/e2f6851e850a2acb5139a718b2a36a6ea7e6693c.jpg,193308,"留学生,法国,刺客信条,雷鸟V3,全网命最硬的留学生,孟加拉,UCLA,硕士,专业动作请勿模仿,寻找100个宝藏vlogger",520483,235,473,8574,4172,782,0,0,27320
BV156tMzKE7R,114968422842876,1,138,2171,搞笑,动物综合·二创,http://i1.hdslb.com/bfs/archive/78f14a22eb416222203475881a63be2a468e8898.jpg,鱼天帝,1754279229,69,1402229439,大丙搞笑配音,https://i0.hdslb.com/bfs/face/6104868b601276de59976e835c95428601800cc0.jpg,363578,"搞笑视频,搞笑,配音,吐槽,这是一个悲伤的故事,搞笑动物配音,搞笑配音,看一遍笑一遍",1349621,141,542,15339,793,1871,0,0,81404
BV1E9tuzLEMR,114969764955742,1,201,2094,科学科普,科学科普,http://i2.hdslb.com/bfs/archive/c6040487d535f0baeff31595980dfa439e84bd53.jpg,动物的繁殖系统和排泄系统，为什么靠得这么近？,1754391600,160,1271916102,上将王司徒,https://i0.hdslb.com/bfs/face/1382786fbc113f7037b3bd4305166085611f737e.jpg,2277344,"自然,科普,科学,生命,生物,动物,人类,系统",526504,460,1027,4548,864,602,0,0,28970
BV1eHh8zBErz,114958809434185,1,176,2077,汽车生活,休闲/小游戏,http://i0.hdslb.com/bfs/archive/472f46e1754501d31a87750f9474b4cb8beae38e.jpg,蛋仔派对：挑战不能踩到黄色！什么？嫌弃我通关慢！你行你来,1754132454,184,3546682643974706,二氧化蛋1221,https://i2.hdslb.com/bfs/face/197ac6f06c8276bac77adb58aaec714cca351ae3.jpg,175461,"必剪创作,蛋仔派对宝藏乐园地图",2270150,13,6,24000,2170,7,0,0,23196
BV19Yhwz4EkL,114941713517218,1,21,2177,日常,亲子教育,http://i1.hdslb.com/bfs/archive/f1a0e94086e5e1213b905927590fa2de61c900ba.jpg,暑假作业里的“毒”，你现在还在“吸”！,1753871629,146,1988929420,侃木头哦,https://i1.hdslb.com/bfs/face/e73f946a5712e9a9fd92a82bb8f6c06e234f1bd6.jpg,2165175,"有毒的关系,亲子教育,中国式关系,个人成长,毒友谊,我的养娃心得",740896,648,1191,5119,1183,543,0,0,93200
BV1D84ZzwEU2,114979462189196,1,252,2040,仿妆cos,二次元线下,http://i2.hdslb.com/bfs/archive/0f18cb5c460a3233f1df11c93d2453ac7e8531d6.jpg,就拿这个考验干部？,1754448900,150,305956876,腥味猫罐,https://i1.hdslb.com/bfs/face/7553481382a5a338e2f6a6e153a22505e0face03.jpg,1920281,"二次元,ChinaJoy,cos,腥味猫罐,TCL屏宇宙,外设,TCL,China Joy有哪些想要分享的？",227812,151,377,3959,2869,298,0,0,18612
BV15k8CzBEJ9,114947048608393,1,218,2167,喵星人,猫,http://i1.hdslb.com/bfs/archive/3f6801c397de5b268c716822873207ab94fd1135.jpg,为什么暹罗猫被称为“绝世好猫”?,1753962000,91,3546873832933955,瞄知道,https://i2.hdslb.com/bfs/face/1746916d848d22a6c046987264fe119ff9c1f0e2.jpg,10531,"喵星人,铲屎官,猫咪冷知识,绝世好猫,逻辑猫,暹罗猫,好猫,新手养猫,养猫人,动物圈新星up主扶持计划",892336,475,2262,12752,860,6572,0,0,68815
BV1C1tuzDEhd,114969580476265,1,17,2078,单机游戏,沙盒类,http://i1.hdslb.com/bfs/archive/e043bb5a3423226ac81302d0e1a2d7a90b4eef0e.jpg,MC加载世界时的动画，你知道其中隐藏的信息吗？,1754308800,156,510473487,电迷狂热者,https://i0.hdslb.com/bfs/face/25d17ed2257b59a7caeae77692c96c7b1945405a.jpg,57348,"MC,历史,彩蛋,我的世界,Minecraft,发展史,远古版",359845,483,807,7331,1210,569,0,0,17433
BV1MbtEzWE1C,114974865229121,1,212,2150,美食侦探,美食探店,http://i1.hdslb.com/bfs/archive/fa8679ab215911d47f436c0ade5dfb8411d0ef06.jpg,在贵阳来一顿夺夺粉，居然还遇到了投喂,1754384700,176,662658732,玲子reiko-,https://i0.hdslb.com/bfs/face/a8d629cf26aadac92df23448177860842cc8e133.jpg,1769207,"贵阳,记录我的美食日常",131440,115,349,756,596,673,0,0,15209
BV1EUhxzeEiL,114956846505574,1,65,2068,网络游戏,回合制策略游戏,http://i0.hdslb.com/bfs/archive/f6e55d04295aeab0d6c3f574d2525e467a1f4d37.jpg,热补后的水晶无敌公式：把把硬开7水晶！把把玩把把爽！,1754102416,296,28278455,香菇滑鸡_,https://i2.hdslb.com/bfs/face/f777409078bad09475e3f58e8a8078b0f5566091.jpg,712560,"公式,水晶,电子竞技,英雄联盟,云顶之弈,云顶S15,云顶之弈S15,教程攻略,新赛季,香菇滑鸡",308761,148,797,1128,536,780,0,0,5531
BV14dtJz9Eux,114975855083824,1,21,2082,日常,社会资讯,http://i2.hdslb.com/bfs/archive/8ee5868cdfa8e977cf8650e1b1262d8d227f261b.jpg,女生晒旅行合影 被盗图造谣“6姐妹征婚彩礼10万”  法院判了！,1754392517,178,433587902,央视频,https://i2.hdslb.com/bfs/face/2650856709fe272aa5cf9c89a053c095d7b252e4.jpg,3990512,"今日说法,网络,盗图,造谣,征婚",117555,331,1116,748,774,254,0,0,10572
BV1W8hHzcE7N,114952970962280,1,172,2064,手机游戏,单人RPG游戏,http://i2.hdslb.com/bfs/archive/2d47a364ad8049e70d2f07fb45b6bfe50685b583.jpg,想必阿夏全名叫 阿夏·阿克曼?,1754043273,214,12601234,无知de王,http://i1.hdslb.com/bfs/face/bf5201b30e1a46303e8f88156467132a94b6cf41.jpg,28367,"手机游戏,原神5.8版本,基尼奇,原神新星团,悠悠度假村,原神5.8夏活,立体机动装置,阿夏,整活,原神",560204,441,834,2971,1490,1986,0,0,32731
BV1VUtGzjEt4,114970067012199,1,65,2071,网络游戏,射击游戏,http://i0.hdslb.com/bfs/archive/830baf36e1a437c331fdb018fd8300dbce7bc092.jpg,没有渠道服，全网畅玩！【8月7日全球公测，预下载已开启】,1754395200,68,3494362379979305,远光84,https://i2.hdslb.com/bfs/face/fdb4d361b8a5d44610caf61a770c18068381b45b.jpg,152535,"射击游戏,远光84,远光84公测8月7日",230210,193,433,566,844,300,0,0,2199
BV1kxtJz5EDi,114974311584698,1,65,2071,网络游戏,射击游戏,http://i0.hdslb.com/bfs/archive/2af34b2f04b10c9ce1472aab990c2ef8c74abf89.jpg,【跑刀趣事】吔？！海洋之泪？！,1754369090,239,5408366,库库_sama,https://i2.hdslb.com/bfs/face/2c6fc2b14976e62bd925d85129ce87cbacb4a96d.jpg,650447,"第一人称,粥,迈从,三角洲行动,迈从V9,迈从V9PRO,三角洲,主播,游戏耳机,三角洲破壁新赛季上线",188448,180,251,604,536,322,0,0,9557
BV1gxtEzxEdT,114974697463800,1,207,2042,财经商业,动漫评论,http://i2.hdslb.com/bfs/archive/af6dbfd4cc4a958c76ba3397193ca3d973a1b6ab.jpg,【JUMP】《浪浪山的小妖怪》让我抓耳挠腮,1754374958,289,651039864,暴躁的仙人JUMP,http://i0.hdslb.com/bfs/face/c29463dfd63ee0f4d21c3b903c386257a56d56b8.jpg,2289421,"电影,魔幻,职场,情感,科普,知识,动画,浪浪山,浪浪山的小妖怪,UP热评影视剧",519024,253,527,2017,795,488,0,0,24218
BV1B3htzqE6J,114957752474646,1,65,2078,网络游戏,沙盒类,http://i2.hdslb.com/bfs/archive/10de952b7b93febee82912c0be3b1eca9d5884d3.jpg,当我无法拾取掉落物，甚至经验,1754116389,330,35734399,小橙子姐姐解说,https://i1.hdslb.com/bfs/face/7af5ccb8df46b88ff13b172fabbfab94aad5eb28.jpg,2219817,"沙盒游戏,我的世界,minecraft,小橙子姐姐,推荐宝藏游戏",1428829,4054,269,8916,924,69,0,0,27832
BV1SgtJzsE2t,114974143811798,1,183,2002,影视剪辑,影视剪辑,http://i2.hdslb.com/bfs/archive/1d5d0f58ff2917b343d481813938dbc18436fdd1.jpg,真的很喜欢这种结尾，这又是谁的青春呢？(第二期）,1754366473,197,111578972,前前前世的陌生人,https://i2.hdslb.com/bfs/face/caa531d35eb71a06403da433b0549fe623675dfd.jpg,336400,"周星驰,星爷,电影,剪刀手安利大赛,回忆杀,大话西游之月光宝盒,名场面,大话西游之大圣娶亲,新精武门1991,B站好片有奖种草",190702,391,144,2839,864,147,0,0,10901
BV1fXtnzyEuL,114975234327710,1,253,2042,动漫杂谈,动漫评论,http://i2.hdslb.com/bfs/archive/831526b3b0e8a2f50804dfa85ae1dddd2e2351b7.jpg,只有逆天，没有人类！这部动画到底是给谁看的！真是一场酣畅淋漓的赤石啊！,1754392200,1123,49256130,不知枫叶,https://i0.hdslb.com/bfs/face/40a24491886d30a511e554539446f8d6a38cf26f.jpg,747722,"动漫,动漫杂谈,美食,动画,逆天,搞笑,名场面,动漫解说,烂番吐槽,国王排名",595535,7376,3800,4760,2107,3145,0,0,23346
BV1N9hVzkEjK,114964597579385,1,172,2071,手机游戏,射击游戏,http://i2.hdslb.com/bfs/archive/80c18c1d1dca19e4500f69f743c3947d12735e1a.jpg,难言x：开局一把枪，装备全靠抢,1754220789,319,28440054,难言言x,https://i0.hdslb.com/bfs/face/590588c2e34219cc55859ef2c4046588dd4544ce.jpg,1599698,"手游,FPS,和平精英地铁逃生,吃鸡,难言x,和平精英",2806869,558,234,14564,824,111,0,0,21259
BV1WNhuzfENN,114963188289120,1,171,2070,电子竞技,MOBA游戏,http://i0.hdslb.com/bfs/archive/1f36b5c369794aea31e41aa01de0f3b1b9361ebe.jpg,梦泪十大名场面，不会还有你没见过的吧？,1754199226,208,1767112114,史上醉,https://i1.hdslb.com/bfs/face/b29093ec238027dbcfd7d9edbaa7c021b47fe4d7.jpg,946080,"游戏,梦泪,王者",907369,422,334,14062,845,371,0,0,44294
BV1PntgzoE62,114969530077104,1,254,2166,亲子,农村生活,http://i1.hdslb.com/bfs/archive/b0677d46f3344d7fcf12872ec0c1b00a71e9bb21.jpg,真心感谢每一个难得的遇见,1754296525,771,1145185706,娥哥-,https://i2.hdslb.com/bfs/face/4a62ca08839606cbecc978bb805c1a39bf2b273d.jpg,448716,"娥哥随拍,娥家班,娥哥日常,记录美好生活",334197,335,194,631,894,70,0,0,15080
BV1bphWzCESh,114953809829477,1,250,4216,出行,骑行,http://i0.hdslb.com/bfs/archive/2e6429fa74bb719a5ef02525e226e270002d05f1.jpg,骑自行车穿越北美洲 到达华盛顿,1754056256,309,510381190,湖远行官方,https://i1.hdslb.com/bfs/face/ed6cc795cc65e543485c62002f91d09e7281f4ad.jpg,319571,"生活记录,旅游",250178,447,404,3374,2219,131,0,0,30911
BV1EihJzEE3s,114952266320549,1,21,2188,日常,自我成长,http://i2.hdslb.com/bfs/archive/681e661dca5c124ed9357fa248a88ffd3f8cf448.jpg,学不进去的时候，想玩手机的时候，来看看吧,1754128800,410,490340432,英语老师晓艳,https://i2.hdslb.com/bfs/face/ec941be9327acdf6c0d30d3b0aaa4390087e0efc.jpg,545750,"学习,手机,学丞,坚持,刘晓艳,学不进去,爱的100种表达方式",183515,466,266,17655,2974,1391,0,0,16307
BV1GPtgzBEXF,114969379081117,1,182,2001,影视杂谈,影视解读,http://i0.hdslb.com/bfs/archive/51c2fa06e99bb57f3df3c784a0c98209620af632.jpg,把前妻拍成恐怖片恶心反派！导演你这取材是真够生活化啊！,1754295604,280,145750219,电影冷知识,https://i1.hdslb.com/bfs/face/f1df42e1b2d69b29176f142a0d40f856fb60f82d.jpg,1429913,"幕后,原创,脑洞,电影,影评杂谈,导演,细节,影视IP观察室",341841,557,317,2954,608,131,0,0,37913
BV1Mnt5zVEQJ,114970939361940,1,171,2070,电子竞技,MOBA游戏,http://i2.hdslb.com/bfs/archive/5d6e8871f585e8a84683a9f051fdc1528b47de5f.jpg,阿狸的最后一页！,1754317574,198,600187439,还有下次的叭,https://i2.hdslb.com/bfs/face/16257d411b4196d3853dd7647f6d847d85d2d048.jpg,15622,"可爱,英雄联盟,云顶之弈,金铲铲之战,小小格温,最后一页,感动,小小阿狸",128180,301,551,1078,1595,480,0,0,8012
BV1r6hGzaEPF,114965402884619,1,137,2018,明星综合,音乐现场,http://i1.hdslb.com/bfs/archive/8ee00d23eb16ab5e22140349c9110b82188e09a9.jpg,250802 'NOW' 没有明天｜章昊个人直拍 ©staywithzh,1754235884,256,3546624439617989,staywithzh,https://i2.hdslb.com/bfs/face/c54a19aa0a56a47e6862dd166b863a631bc73c59.jpg,14148,"4K,zhanghao,章昊,章昊直拍",426707,10287,7070,13816,20280,10268,0,0,32270
BV19rtMzeEXd,114968473115559,1,172,2070,手机游戏,MOBA游戏,http://i0.hdslb.com/bfs/archive/6aa424d1679a96a4abc19de8c2257467dab648c6.jpg,⚡玩农的哪有不癫的，强撑着罢了⚡,1754279963,128,910774,木下结草,https://i1.hdslb.com/bfs/face/24ea4d5643380f6907365dbe5612bdd5c49a1305.jpg,528759,"搞笑,电子竞技,马可,娱乐,王者荣耀,黄龄一诺峡谷斗舞,王者农农农农舞挑战,千年,梦泪",470013,518,244,4137,3233,706,0,0,50084
BV17FhHzQECZ,114953289861963,1,17,2072,单机游戏,体育竞速游戏,http://i0.hdslb.com/bfs/archive/6d1da7db0cefef923229307cea72b50c80383559.jpg,洛山矶胡人 VS 荆州俑士,1754048239,936,27442706,南瓜面条Na,https://i2.hdslb.com/bfs/face/f3d1cc9a07b846fb9f52bd8daaac6dbc25b45a45.jpg,68545,"NBA,娱乐,PK,秦始皇,NBA2K,体育,比赛,篮球游戏,推荐宝藏游戏",660735,2274,1253,11870,2231,25254,0,0,61650
BV1m38CzfEKb,114945236733907,1,65,2064,网络游戏,单人RPG游戏,http://i0.hdslb.com/bfs/archive/4fb4600219411943d33883639857b69af06f5670.jpg,当你不审题就开始做卷子,1753925526,658,288333929,腮梨国王,https://i2.hdslb.com/bfs/face/d0f768f1631625c04021b577cc1cbe6c104a7251.jpg,1400,"二次元,学习,娱乐,生活记录,冒险游戏,RPG,阴间宝箱,记录,沙雕,原神",622325,4162,5807,7447,12013,7705,0,0,61638
BV1La8zzfEWD,114943273734784,1,162,2006,绘画,AI影视,http://i0.hdslb.com/bfs/archive/d3f1fba08a70319481172f06f36b7a59f31f500e.jpg,当我种下整个太阳系，真的会收获宇宙吗？,1753895554,69,3546857626143493,战神视觉AIGC,https://i1.hdslb.com/bfs/face/c7accb7035e8ce88fccc42228d13928c9d13a81a.jpg,5967,"宇宙,治愈,助眠,asmr,asmr解压,极度放松,太阳系,解压,催眠视频,放松视频",681770,148,294,7396,558,436,0,0,19205
BV1C68yzZEd7,114946612399710,1,30,2022,VOCALOID·UTAU,VOCALOID,http://i1.hdslb.com/bfs/archive/8d38da4f85a3d9b09297b1171156eb1aae6241eb.jpg,【洛天依原创】死亡公告,1753946270,152,620883622,玄云__,https://i1.hdslb.com/bfs/face/36dbbeb2d59f72638b571f4daeefd01906a3f817.jpg,3603,"虚拟歌姬,歌曲,VOCALOID,原创,洛天依,VOCALOID CHINA,Vsinger创作激励计划",150167,1956,942,28880,9115,1808,0,0,54491
BV1Gch4zxEMw,114956443846113,1,17,2079,单机游戏,其他游戏,http://i1.hdslb.com/bfs/archive/211bfe3490bb9a6538863c8b5163ffc745118c54.jpg,绝对猎奇的暗黑神作丨万字解说《2Dark》,1754106900,2448,3546791991576744,白钰yuki,https://i0.hdslb.com/bfs/face/44e273588dadb913e20ed5e7d6d55a154021058e.jpg,9239,"单机游戏,游戏解说,恐怖游戏,2Dark",250058,775,369,12548,4127,286,0,0,15201
BV1B5t3zSE7L,114968942873798,1,21,2040,日常,二次元线下,http://i2.hdslb.com/bfs/archive/f9a3c664e2ad250406fc04e1a6b76a7914fad697.jpg,第七魂技 & 绝对领域,1754289314,329,44648324,摄影师大元,https://i2.hdslb.com/bfs/face/6fc90ef95ad0bee8601f7f4d6d32c34bd656eab3.jpg,1139867,"FPS,手游,漫展,无畏契约手游,cos,无畏契约,无畏契约端手大展台,无畏契约手游定档819,大元,chinajoy",693938,168,167,5522,2401,1288,0,0,16502
BV1LchMzCEYK,114961812619609,1,201,2094,科学科普,科学科普,http://i2.hdslb.com/bfs/archive/bab59049db8f5eec2e7e3d2e01b59632ce43015e.jpg,饥饿的暴君：卡路里王座下的营养革命,1754178461,409,1208823126,大圆镜科普,https://i0.hdslb.com/bfs/face/9c34ee4b8041dd6f2139c52287c8d34a0a42f230.jpg,438427,"科学,健康,生命,科普,生物,营养,卡路里,AIGC,每天一个健康知识",1919556,753,1302,17456,6216,1466,0,42,142963
BV1DxhxzJE7f,114956762682436,1,17,2079,单机游戏,其他游戏,http://i2.hdslb.com/bfs/archive/f17c851077a4dab75947131ad679ce94d7d7a7f7.jpg,童年爆红的爆发小火山!竟然还有隐藏真相和结局？！,1754109000,348,154113956,日向源,https://i2.hdslb.com/bfs/face/af84c1e8c480b7affe71d989104776f586a855b4.jpg,1378535,"童年回忆杀,音乐游戏,怀旧,游戏集锦,小游戏,音游,怀旧游戏,43999,游戏鉴赏家,推荐宝藏游戏",4176262,5204,650,89529,29993,514,0,26,140819
BV1TrhuzNEoB,114963070851108,1,242,2198,娱乐粉丝创作,休闲玩乐,http://i0.hdslb.com/bfs/archive/d1d3a6a44179c2015504a33d044db05d9ef88ea9.jpg,直接变出刘谦老师！同行怎么解释！,1754197343,12,3546591434639889,销冠李老板,https://i0.hdslb.com/bfs/face/624a010be1877385b97f16db5705f9d70b6493b2.jpg,352033,"魔术,同行,刘谦",1119418,154,553,1524,625,459,0,0,45618
BV1UCtVzBExP,114971610518089,1,17,2079,单机游戏,其他游戏,http://i1.hdslb.com/bfs/archive/71be014644efebb8a82e6f52c08215e57f0b48e8.jpg,兄弟!!!你怎么在天上飞！?,1754352000,1232,22073070,空空不秃,https://i0.hdslb.com/bfs/face/5cefeda186585a96aefefc2c6bfea96b1c0a3ad0.jpg,228050,"搞笑,单机游戏,娱乐,多人游戏,沙雕,peak,夏天y",289435,810,298,9201,12785,195,0,0,24808
BV1Fu4Zz2EXA,114977532810354,1,171,2071,电子竞技,射击游戏,http://i0.hdslb.com/bfs/archive/3c32f5d2f581d42a1e442123b47ff5e310ea5ff6.jpg,CS2首个一枪五杀,1754418086,81,203680252,AYCS2,https://i1.hdslb.com/bfs/face/00981afbe0562c34f53b8279670a3e0ebd1f21c8.jpg,1101089,"逆天,一枪五杀,cs2名场面,大狙一枪五杀,名场面,五杀,大狙,挂,cs2,CS2暑期征稿狂欢",402957,202,1325,4048,2794,8515,0,0,25870
BV1LVtEzeEjv,114975100111885,1,172,2079,手机游戏,其他游戏,http://i1.hdslb.com/bfs/archive/d8ca94ad4665ca214ece206bae74a242d9bdb009.jpg,大失所望！奥特曼新游？不如说是半成品加氪金按钮！,1754388300,314,36336420,林虎_LinHu,https://i0.hdslb.com/bfs/face/b88c192a764f5b3737f6093a4ff613e4b7982ef4.jpg,747794,"国产游戏,手机游戏,搞笑,奥特曼,手游,迪迦,氪金,奥特曼：超时空英雄,新游试玩,整点电子榨菜",76697,226,148,1882,1584,63,0,0,6925
BV1wjh3zcEnn,114963976951991,1,232,2080,科工机械,时政资讯,http://i2.hdslb.com/bfs/archive/45202e82a433efc7d43bd123c7e34bd2fdf04209.jpg,“第一波次火力毁伤，开始投送登陆兵力……”,1754262000,357,46470268,央视军事,https://i1.hdslb.com/bfs/face/9dcc59c2e51aa7b9f178463903cbd4daab351dd2.jpg,2313650,"正能量,军事,解放军,中国,登陆,两栖攻击舰",461773,1802,2268,3210,2771,1757,0,0,23804
BV1y182zAEpu,114947468035698,25,172,2076,手机游戏,女性向游戏,http://i0.hdslb.com/bfs/archive/fc5bced0d6ee6f033800e7718cc4441903ea7d24.jpg,【无限暖暖】1.8丹青屿+丹青之境 宝箱+奇想玉琚+丹青玉魄 一条龙收集,1753960052,16291,1773346,莴苣某人,https://i1.hdslb.com/bfs/face/2a973191e45f611699c85d404baee50163a6f2ec.jpg,5563817,"手机游戏,暖暖,游戏,奇想星,丹青季,宝箱,露珠,无限暖暖,无限暖暖创作者激励计划",2272793,14845,3800,21243,35820,2359,0,0,35729
BV1ng8yzJE43,114946948011180,1,228,2090,人文历史,人文历史,http://i2.hdslb.com/bfs/archive/5acdf1ef21e38176df841e10237c0cc68d6bc5b0.jpg,在苏联出差有多危险？【神奇组织35】,1753956000,2403,23947287,小约翰可汗,https://i0.hdslb.com/bfs/face/6e40dfa4d42cf89dd59526f2e0dd1e14fb6523d8.jpg,10122321,"历史,犯罪,苏联,知识,人文,组织,人物,人文历史档案馆,世界史,探案",3506301,27077,10507,51372,122243,6760,0,4,214553
BV1ac4RzsE7Z,114977180488965,1,21,2158,日常,旅游记录,http://i0.hdslb.com/bfs/archive/f142fc41df91ac5165402822f09d1847a0cfbd85.jpg,俄罗斯二哥一家中国行正式开始 北京高楼大厦看懵了？,1754453400,514,542507083,贝加尔阿楠,https://i1.hdslb.com/bfs/face/ba79fa31cb3a4bb6efea1fc308afdce44e69ab52.jpg,841814,"生活记录,歪果仁,俄罗斯,北京,中国高铁,高楼,豆汁,中国行,外国媳妇,寻找100个宝藏vlogger",84414,956,487,703,4562,39,0,0,8744
BV1qvtJzMEM1,114976022856151,1,17,2079,单机游戏,其他游戏,http://i2.hdslb.com/bfs/archive/330e4a91604e0ffceb3367027888381e54cfae56.jpg,【60重置版】卸磨杀驴！,1754396220,1197,19663740,牧濑红莉CCC,https://i0.hdslb.com/bfs/face/3ad70245ef83341fde37a424eeff16445b6909f2.jpg,88147,"主机游戏,搞笑,娱乐,催眠,单机游戏,60秒重制版,电子榨菜,沙雕,steam游戏,整点电子榨菜",70515,897,269,1061,761,64,0,0,4699
BV1vnh8zuETN,114958759103600,1,17,2079,单机游戏,其他游戏,http://i1.hdslb.com/bfs/archive/4f6e7299d58f539f6e643b0f0eda33e83705c872.jpg,种田求生！当心巨型鹿人和乌鸦人，它们会在深夜出来农家乐！,1754131688,1561,2006034,吊德斯DioDes,https://i0.hdslb.com/bfs/face/731b288e385906e0a83707a02656c8857e543056.jpg,3053763,"小游戏,搞笑,单机游戏,游戏视频,独立游戏,搞笑解说,DioDeS,沙雕,吊德斯,整点电子榨菜",1031774,2259,544,33182,2967,101,0,0,31350
BV1r9hnzREie,114953625278700,1,239,2121,家居房产,家庭装修,http://i1.hdslb.com/bfs/archive/c222db1e1a1ed86de75686d170c3dbfd342e242c.jpg,改完66个出租屋，被催爆的“实战攻略”来啦,1754053388,307,3494370441431895,kiki的假期,https://i0.hdslb.com/bfs/face/0ec8000763f05fdc0919b61a4b1df4c1aa14fdf1.jpg,205968,"出租屋改造,租房改造,房间格局",405342,237,357,20752,4037,895,0,0,34748
BV1uU8EztEng,114930456007333,1,65,2071,网络游戏,射击游戏,http://i1.hdslb.com/bfs/archive/d6dad4020f71731e381108723f1dc18d721f5a80.jpg,操作了一整局,1754044200,204,1078633469,伞斌一号,https://i2.hdslb.com/bfs/face/31194b7e32ffac6442387e17199873a2bc634ff9.jpg,193833,"FPS,COD,使命召唤",1157848,694,560,1757,697,124,0,0,38099
BV1PmtFzbEN6,114979764246530,1,172,2064,手机游戏,单人RPG游戏,http://i1.hdslb.com/bfs/archive/4425bea35b775f74c8fc0624ef398a8a0360203c.jpg,哪些重量级干员可以在一圈内击杀三船光平？【明日方舟】,1754452921,546,12073864,-碱式碳酸咸鱼-,https://i1.hdslb.com/bfs/face/de64ffc4031f4ec3f068527a8cbc4a1ac9cc4bb7.jpg,534610,"娱乐,明日方舟,三船光平,墟,AT-8,泰拉探索协会,明日方舟创作者应援计划",197659,980,656,800,927,130,0,0,12080
BV1bch3zgEEu,114964345920982,1,208,2092,校园学习,心理杂谈,http://i0.hdslb.com/bfs/archive/da72318846047845f9a588cc828aa4d90d7836b3.jpg,其实父母根本没有教过我们如何社交,1754217206,136,25694274,小五只会一点点,https://i0.hdslb.com/bfs/face/dac3f29feb6f36bea16d4a81eb2b423381528efc.jpg,560219,"心理,职场,家庭,拒绝,社交,大学生,父母,人际关系,原生家庭,学生UP主养成计划",115176,23,260,16054,976,390,0,0,20990
BV1oNhHz7ENq,114953239468097,1,21,2071,日常,射击游戏,http://i2.hdslb.com/bfs/archive/5eab10ee4c1554c7112dd22f2dc757dcbfc42b67.jpg,一秒都不用剪，我说的,1754047948,122,316035679,糸珂Jiang,https://i1.hdslb.com/bfs/face/454f7ecf9b024208406f1bfa53ca541bd8301b1f.jpg,225,"三角洲欢乐剧场,三角洲,必剪创作",1190576,5328,1384,3477,543,1698,0,0,43486
BV1mzhnzNEkB,114953457502932,1,252,2113,仿妆cos,仿妆cos,http://i1.hdslb.com/bfs/archive/bf6dad6b140163cb765e4ac86576364d0d5fed13.jpg,当红心皇后联动红皇后,1754125200,51,415897343,初九Haimon,https://i2.hdslb.com/bfs/face/5755ceca1459f9028973297abda9e60f02a30c13.jpg,1335504,"第五人格,红夫人,爱丽丝梦游仙境,红皇后,神还原仿妆大会",3123248,1645,1985,13977,5777,1147,0,95,191281
BV1eS8Pz8ERV,114903394295584,1,253,2042,动漫杂谈,动漫评论,http://i1.hdslb.com/bfs/archive/7a878097f322e8c3c489a15e8e799056389eb558.jpg,豆瓣7.1分！《暴走恐怖故事》第二季究竟给我们带来了多少童年阴影？,1754049600,1501,90784,圣夜改,https://i1.hdslb.com/bfs/face/6abdc6e5f3ba72ab787c1e112fe5f81f9907f602.jpg,78468,"动漫杂谈,原创动画,童年阴影,暴走漫画,搞笑动画,恐怖,动画种草激励计划,七月动画种草激励,经典动画,恐怖故事,故事解说",263603,3804,481,10506,2627,580,0,0,20452
BV1MatnzFECS,114975670537951,1,17,2066,单机游戏,单机主机类游戏,http://i2.hdslb.com/bfs/archive/96a216d9fa5462c263b8c411449280bf327bd14c.jpg,这游戏虫子有多离谱？,1754445600,554,29252533,幕川北,https://i1.hdslb.com/bfs/face/e04019772132a134aadbada24aaccbb1bb0dea60.jpg,2586983,"实况解说,游戏,游戏集锦,游戏解说,游戏实况,搞笑,单机游戏,禁闭求生,禁闭求生2,沙雕",111650,402,269,1771,683,45,0,0,8108
BV13Ph4zWEw9,114956611617047,1,212,2150,美食侦探,美食探店,http://i2.hdslb.com/bfs/archive/bdc53748f2fd1a25a423243164248c5765da70a7.jpg,在青岛住了半个月！一条视频30家青岛本地美食合集！无广无滤镜真实展示！路过青岛 为之倾倒！,1754208300,1148,107486042,花二Strange,https://i2.hdslb.com/bfs/face/20ba5c558b6fece1b9cb1bb8697e18f84c9c11f5.jpg,1385793,"美食,街头美食,青岛,青岛美食,山东,美食探店,美食攻略,挖掘身边的宝藏小店",280527,993,822,8697,4850,3466,0,0,12068
BV1ofhEzCEZE,114952400607365,1,17,2171,单机游戏,动物综合·二创,http://i2.hdslb.com/bfs/archive/a1280bc71174507d3dd028151c25f4c6099f583b.jpg,我是为奶奶分担家务的好猫！,1754380800,248,14576879,里昂聊游戏,https://i2.hdslb.com/bfs/face/5a5d2e7392187a3d76109619d05f7c011c724b95.jpg,1706438,"云鲸洗地机,云鲸轻集污洗地机,云鲸S3Island,云鲸AI免维护洗地机,内向,文静,整点电子榨菜",1702240,933,305,27761,2618,269,0,96,46265
BV1VMhhzTEia,114958239013730,1,17,2077,单机游戏,休闲/小游戏,http://i1.hdslb.com/bfs/archive/9960240755ff08b358c903ce764123d977612864.jpg,气球升空，生命终结！,1754123676,215,64116958,名游社,https://i1.hdslb.com/bfs/face/0ca11f1f7e159f848be4ef14d87042f0380f47d3.jpg,1198853,整点电子榨菜,519606,352,424,4124,1839,118,0,0,20226
BV1NEhbzQEnV,114957014272994,1,210,2037,模玩·周边,同人动画,http://i2.hdslb.com/bfs/archive/8fa34aaabc6d3330e0d9fd14e59eeca13b58effe.jpg,独家【功夫定格动画】耗时两年半 爆肝十三万张图片 全明星手办重制经典 致敬星爷！,1754105182,5343,303958346,猛男周贼帅,https://i2.hdslb.com/bfs/face/8cab73e07d2bda7194f6818727bcb261187b35a2.jpg,35323,"定格动画,功夫,格斗,动画短片群星计划",1642542,13543,5893,93048,245924,18505,0,7,250529
BV1RqtMzTEsf,114968255008494,1,47,2037,同人·手书,同人动画,http://i1.hdslb.com/bfs/archive/c79133a3750962065e63cedb9c2f25f755641f0e.jpg,【自制动画】《梦想之恶》预告PV 一个人原画爆肝8个月，全片9月份公开,1754276622,29,4957245,GYAnimation,https://i0.hdslb.com/bfs/face/87d4eb604d7d235eed158033d0181ad9d59850c7.jpg,214082,"FATE,言峰绮礼,崩坏：星穹铁道,saber,崩坏星穹铁道,星穹铁道Fate联动,因为太阳将要毁伤,翁法罗斯逐火之旅,自制动画",371252,209,828,8302,4508,2350,0,0,48344
BV1358BzpEhu,114941981952202,1,228,2090,人文历史,人文历史,http://i2.hdslb.com/bfs/archive/81bf4aea651b75cbaaa3678d841dccd8ba13a1c9.jpg,日本全员“锭”化，看看二战时期的日本有多离谱,1753878401,1453,11270116,酒痴东梦,https://i1.hdslb.com/bfs/face/bfcdcebe775f905f28fe3406c196b723fd6dd1fa.jpg,3164570,"二战,日本,usmile笑容加,抗日",1301908,2608,1553,17409,6219,1119,0,0,59198
BV1j7tnzzEAG,114975553094113,1,21,2154,日常,剧情演绎,http://i0.hdslb.com/bfs/archive/000c340f0e51e62f997014672d89abf24af9d22f.jpg,老东京omakase,1754387981,89,359201136,小付同学Chloe,https://i0.hdslb.com/bfs/face/b6ae9c7cf66fd7a39078c0244f7205d4e541a352.jpg,237427,"北京,虚拟演绎,抽象",344479,268,478,1309,829,2060,0,0,31076
BV1z3h8zLEQS,114958658439775,1,138,2156,搞笑,UP主小综艺,http://i1.hdslb.com/bfs/archive/831e26d160ce28cee7778a12a163e26b1f341262.jpg,逆天！今年上半年最离谱的小学生作业可能都在这里了！？！,1754136000,366,20892823,柠檬派奇幻漂流,https://i1.hdslb.com/bfs/face/35381f14ad45a75b4392642055a3d113e50b03f9.jpg,3064469,"搞笑,作业,石头,吐槽,石头P20 Ultra,扫地机,小学生作业,石头扫地机器人,石头扫地机",1612377,5523,447,24132,2877,734,0,0,63006
BV1vnt3z1ERp,114970754812539,1,172,2077,手机游戏,休闲/小游戏,http://i1.hdslb.com/bfs/archive/a740e2567b1edde27ea5f2d40cb4e29c295bbe3b.jpg,【线条小狗】逃出惊魂夜联动外观展示,1754359200,117,1306451842,网易蛋仔派对,https://i1.hdslb.com/bfs/face/685cc9cfefd57e80dee275155ef5b66b02143c19.jpg,3191597,"竞技,手机游戏,游戏,休闲,蛋仔派对",489787,575,547,21415,616,383,0,0,20177
BV1vehVzxEWk,114964547312228,1,183,2090,影视剪辑,人文历史,http://i2.hdslb.com/bfs/archive/00893b248d0e18de68887871ea8ca177ad411d6e.jpg,没鬼没妖，但就是聊斋《聊斋志异》原著讲述,1754291100,1308,297187,姜不够,https://i1.hdslb.com/bfs/face/f56a02d96130b0ce5db176ac4b8db2d391fafa94.jpg,89394,"聊斋志异,聊斋,人文,文学,人文历史档案馆,古典文学",273519,1326,562,3040,2624,215,0,0,9354
BV1zMtnz1E9B,114975989369918,1,21,2071,日常,射击游戏,http://i0.hdslb.com/bfs/archive/04d1648218b1fb50f4dd41e192945581c92024ce.jpg,暗区突围又将迎来超大更新！队友可增援！热成像免费！暗区突围超牛逼！,1754394673,323,498987983,纯真的向死酱,https://i2.hdslb.com/bfs/face/b4fdd30e92973d85ff67a783d336f12097f00c60.jpg,1065459,"搞笑,暗区高能团第一期,教程攻略,爆料,整活,必剪创作,暗区突围",175770,1148,1217,1419,675,1441,0,0,11683
BV1jwhhz3EaH,114958037685416,1,172,2077,手机游戏,休闲/小游戏,http://i0.hdslb.com/bfs/archive/f8f6a3b05766f9d6860dc393442dc384f9bd0f99.jpg,【伪蛋入侵2合集】你身边的蛋仔可能是伪蛋！,1754121434,2264,84049965,害怕z,https://i0.hdslb.com/bfs/face/93b14b4d9b215711be08a6672bf043d3b10808b2.jpg,257147,"搞笑,蛋仔小剧场,蛋仔派对发起人,害怕z,神奇艾比,伪蛋入侵,蛙蛙教,休闲益智,蛋仔派对",2153022,1873,1615,158221,18884,78,0,9,153951
BV17mtjzYEaH,114973623780548,1,238,2128,运动综合,健身科普,http://i2.hdslb.com/bfs/archive/262b03410be6b72156655f4e10b3669d5c1c2f0f.jpg,百日彭于晏第三季开启，带你全国游，奖金18w，用100天的时间彻底改变！,1754358553,69,1667026531,华健盟健身华哥,https://i1.hdslb.com/bfs/face/13aad09d84f050c5a9b3cb2ce432f0da4c11163a.jpg,461767,"正能量,健身,百日硬汉计划,赚钱,挑战,暑期健身蜕变挑战",387310,160,1588,1371,852,882,0,0,21701
BV1c8hbz5EEj,114957165271187,1,183,2002,影视剪辑,影视剪辑,http://i1.hdslb.com/bfs/archive/6515df0b86d6b57c0f603aadeac016d8446a85cd.jpg,真的很喜欢这种结尾，这又是谁的青春呢？,1754107553,216,111578972,前前前世的陌生人,https://i2.hdslb.com/bfs/face/caa531d35eb71a06403da433b0549fe623675dfd.jpg,336399,"电影,星爷,周星驰,剪刀手安利大赛,大话西游之月光宝盒,回忆杀,名场面,唐伯虎点秋香,大话西游之大圣娶亲,B站好片有奖种草",4715712,645,1488,53181,16002,3494,0,12,222913
BV1H2hNzLEK7,114959262490354,1,21,2041,日常,动漫剪辑,http://i1.hdslb.com/bfs/archive/73dde6e3b191b457c6e24635e75127d625fa8ef2.jpg,【高松灯MAD/Hero】“拥抱过去，创造未来”致灯心中的小小英雄,1754139443,203,3494359938894291,早安爱时间,https://i0.hdslb.com/bfs/face/0652c6064608d3257ec30fa56d4c0c96a345a13d.jpg,293,"AMV,MAD,MV,mygo,动画种草激励计划,hero,少女乐队,高松灯,千早爱音,mujica",118199,128,757,9271,5188,2668,0,0,30013
BV1gVtGzgErn,114970117277175,1,95,2099,数码,电脑,http://i0.hdslb.com/bfs/archive/26a8f7f2c3aaa31e5f35632b8bfe654cb4722114.jpg,两位家长给大一新生买笔记本，首选华为,1754305355,999,3546902624733812,海虹数码葛小强,https://i2.hdslb.com/bfs/face/c05f06a21556350b28c1967ded6b73483b3b471c.jpg,71156,"笔记本电脑,华为,大学生",469216,3545,7754,2094,2301,2142,0,0,13557
BV1eJtuzBECF,114967785245531,1,17,2079,单机游戏,其他游戏,http://i2.hdslb.com/bfs/archive/47f8b0c748e8ad93ab22157c4971a9caefa15ea7.jpg,【IGN】《罪恶装备 -奋战-》「露西」角色预告,1754271232,119,652239032,IGN中国,https://i2.hdslb.com/bfs/face/4c9095a6fc7d6ef7bf97ee1c65767f537763c60c.jpg,1705989,"STEAM,联机游戏,XBOX,赛博朋克,罪恶装备,罪恶装备奋战,PS5,格斗游戏,单机联机,GGST",723511,885,2724,7067,1462,16351,0,0,20993
BV1o7h8z3EMt,114958591397588,1,256,2154,短片,剧情演绎,http://i2.hdslb.com/bfs/archive/81abf4b05af47f926fb2da260d06a998cc964f9c.jpg,《治蝗》 若惩恶沦为戏码，扬善则无人问津~守善，扬善！#泽华君 #吟游诗人 #田园诗人 #惩恶扬善,1754129211,101,282645129,泽华君呀,https://i0.hdslb.com/bfs/face/794dec6e0a865f1e3214c6d18b677c4d912da533.jpg,1132577,"诗人,田园,吟游诗人,惩恶扬善",702666,298,459,4682,1477,232,0,0,49481
BV1SUtMzfE2x,114968389229688,1,126,2063,人力VOCALOID,鬼畜综合,http://i2.hdslb.com/bfs/archive/35af97e9ba5fbad7c9e8a5cb79aa83eb18127d07.jpg,“人 命 大 如 天！”,1754366100,224,110371677,天气温云,https://i0.hdslb.com/bfs/face/c6e27bd7227849d21bd4ca7b494a539a4071cce0.jpg,471939,"周杰伦,鬼畜,黄绿合战,黄绿合战10th,夜曲,谭乔,谭警官",87833,229,284,2137,4277,181,0,0,10453
BV1QRtGz3EYt,114969999840624,1,250,2111,出行,美妆,http://i1.hdslb.com/bfs/archive/0df2d9f8fe6cf22cc8bba6f274c211da4f912e0c.jpg,剪了一位平平无奇的客人…,1754303806,132,1869712375,山城小栗旬的理发日记,https://i1.hdslb.com/bfs/face/21a7acb06d7ecbd35d27213f87ea6749f9fd18e0.jpg,3841642,"帅哥,原创,山城小栗旬,记录,解锁夏日时髦vibe",967463,936,859,3970,992,1110,0,0,69667
BV17MhAzYEzr,114941596016595,1,138,2154,搞笑,剧情演绎,http://i2.hdslb.com/bfs/archive/bd54c1a39262b441cd37ee111b0aff530d748fe3.jpg,盲盒上头的惨痛经历！,1753869821,129,393709394,一串大福,https://i2.hdslb.com/bfs/face/e6d1cf7df22235495d25d7ae77a4aa185e5d8c7f.jpg,1552311,"校园,原创,搞笑,搞笑小剧场,来福来福,一串大福,真实,学生时代,盲盒,fyp",3177156,867,567,20058,1823,279,0,0,79889
BV1ugtgzeE6S,114969311973321,1,137,2014,明星综合,娱乐综艺正片,http://i2.hdslb.com/bfs/archive/3f174cc170d4c0689f50825dfd02a34b81601537.jpg,【TF家族练习生】《肆意时光簿》EP05,1754305200,759,3670216,TF家族,https://i1.hdslb.com/bfs/face/1c74336b9060d40d0ccf5e8bce7c0de34526b1e3.jpg,6935620,"TF家族练习生,肆意少年突围",835239,261993,5154,12904,4336,701,0,0,39545
BV1YehwzdEUY,114941763782237,1,17,2078,单机游戏,沙盒类,http://i0.hdslb.com/bfs/archive/8b9a8cd7f3a590850f8034e7e30a79b9b8caaf74.jpg,杀手怎么还能被人质给反杀了呀??!「谁是杀手」,1753920000,1500,192986032,就是赵子龙,https://i1.hdslb.com/bfs/face/82ff1dcc47398c040ea26172cf3a137b280a7433.jpg,314914,"娱乐,我的世界,搞笑,minecraft,谁是杀手,沙雕,mc,推荐宝藏游戏",822912,1829,838,17197,28145,412,0,0,68648
BV1am8CzNEbt,114947266778924,1,219,2171,汪星人,动物综合·二创,http://i0.hdslb.com/bfs/archive/c70a726613542ab9234b361d9d68f5190b6277bd.jpg,养魔王，易如反掌,1753956173,161,40525071,面包大忍,https://i0.hdslb.com/bfs/face/1b180858d7e8657660f77c6743a59ef2ab2366aa.jpg,181630,"动物总动员,奶牛猫,比格,人类幼崽",1042339,287,450,6680,1803,3068,0,0,89809
BV1588zzcEro,114943374397164,1,130,2024,音乐综合,电台·歌单,http://i2.hdslb.com/bfs/archive/4d6292d2dbef7f773fc9724371352cee0ff20448.jpg,“小时候不知道这居然是日语歌”！Sunshine Girl,1753920000,231,23285202,饿了的白熊,https://i0.hdslb.com/bfs/face/7a9aabee8887d7f95ae6b925ce4d5ffcda01a75f.jpg,392272,"听歌,电台,治愈,歌单,歌曲,日推歌单,电台新星征集令",568916,293,776,55474,4382,1590,0,0,56886
BV1GuhhziE9u,114958222236434,1,171,2071,电子竞技,射击游戏,http://i1.hdslb.com/bfs/archive/a60b70f118873455ea76c1037954cc315175473b.jpg,不是你压力谁呢？,1754123351,25,3461567079254478,保护我方塔姆,https://i0.hdslb.com/bfs/face/b1a01339e7edc84f3773ecfcd45121b6a428e098.jpg,65563,"FPS,桌游棋牌,MOBA",1254363,134,771,2709,663,363,0,0,85516
BV176hJz1E7L,114952283101734,1,138,2186,搞笑,恋爱关系,http://i2.hdslb.com/bfs/archive/23aaeec4eded435bb0212d1e2aa1684e604e241d.jpg,7年了，讲讲我们是怎么在一起的吧,1754107200,183,660111078,鲨姐和老王的异常,https://i0.hdslb.com/bfs/face/f62521bc3d74a6b927fb52851e5c10b91565d2fe.jpg,324592,"七夕,185大帅哥,鲨姐和老王,飞利浦肩颈按摩仪,情侣日常,七夕送礼,搞笑研究所",290702,162,360,1949,1580,761,0,0,37105
BV1uLhhzaERs,114958155127485,1,65,2071,网络游戏,射击游戏,http://i1.hdslb.com/bfs/archive/8ffe5d7faadc84c93b1651460decfafe001fa15f.jpg,无头无甲邪恶双喷百万撤离!,1754122809,255,391279365,花牛三角洲行动,https://i0.hdslb.com/bfs/face/73b02b53455186b49f033ab446acf0ff598a4266.jpg,38343,"射击游戏,搞笑,三角洲行动,挑战,三角洲破壁新赛季上线",848273,310,973,26940,1521,2540,0,0,24883
BV133hhzNExA,114958272561450,1,235,2135,篮球,篮球,http://i1.hdslb.com/bfs/archive/74a6172fba7aa7d05fc2d331194e2e23dbb954b4.jpg,哥们我校队的，我带你们赢,1754124756,129,1127791040,卷毛懂个球,https://i2.hdslb.com/bfs/face/3683d8248452bedde0b9b5d642f2bb61baea4512.jpg,216337,"体育,校园,篮球,4K超清视频计划",681522,407,492,1269,515,617,0,0,40788
BV1jWt3zyE7L,114970654282282,1,21,2037,日常,同人动画,http://i2.hdslb.com/bfs/archive/140ed929377c9f601c878784f3c1b92a887c9361.jpg,你也怀孕了？,1754313063,19,347377162,零度没有偷饭,https://i1.hdslb.com/bfs/face/fe072f577acc99fc48340ce54203b3f65844e258.jpg,594,"明日方舟,铃兰爸,沉稳的神职,忍冬,叫什么名字",388118,39,510,8999,895,3447,0,0,40413
BV1wTt3zxEZK,114968959716141,1,172,2064,手机游戏,单人RPG游戏,http://i1.hdslb.com/bfs/archive/a4ab0c7bb3910770f9cefb49f811f22edc67d67d.jpg,再次终结比赛！红A 0金0T混沌12层史瓦罗！,1754287213,184,34330543,糊涂捏不糊涂,https://i1.hdslb.com/bfs/face/23d63095f874796a7783ba07b9ce4359667ff07c.jpg,12854,"极限,卫宫士郎,二次元,崩坏星穹铁道,混沌回忆,星穹铁道Fate联动,Archer",258864,1114,1095,1255,592,2980,0,0,16655
BV1A282zYEv4,114947451326385,1,17,2077,单机游戏,休闲/小游戏,http://i2.hdslb.com/bfs/archive/684e6b7f35fad942c2a72ef1e4ca60961198d7a3.jpg,指导新角色：头羊,1754019000,218,3546562489748303,头牛o,https://i2.hdslb.com/bfs/face/5228dc4405fa65c7b96a9278dc1a634beaabae2c.jpg,253611,"娱乐,搞笑,单机游戏,植物大战僵尸,指导版,沙雕,休闲益智,植物大战僵尸1,推荐宝藏游戏",1620762,1757,1590,13570,1841,414,0,0,42960
BV1C6hAzrE3k,114941243823940,1,138,2154,搞笑,剧情演绎,http://i0.hdslb.com/bfs/archive/866f7b00ec06d3d4a0b254d2c8563b55b8fffbdb.jpg,不小心把女朋友落下了,1753864661,16,2045577567,铁骨曾曾,https://i0.hdslb.com/bfs/face/4b94912e0405be6e62ee53546498503dbaa27692.jpg,1195296,"搞笑,情侣,文静小女生,搞笑研究所",1373532,855,1080,6860,721,3253,0,0,102582
BV1TShVzLEVz,114964715019479,1,71,2009,综艺,娱乐评论,http://i1.hdslb.com/bfs/archive/de3e02a757f764020e71856ac786e89c0902bf01.jpg,恋爱？出轨？结婚？歌曲争夺？来看看七月都有哪些瓜！,1754223410,1850,8365699,郭本尼,https://i1.hdslb.com/bfs/face/3ce90cff218ea393de8487cfa38a878a1ba168a2.jpg,1201356,"汪苏泷,李惠利,梓瑜,旺仔小乔,郭本尼,田栩宁,张碧晨,八卦,娱乐考古放大镜",389602,5368,2546,2429,7234,837,0,0,17336
BV13PtJz8Eew,114974210984875,1,138,2156,搞笑,UP主小综艺,http://i1.hdslb.com/bfs/archive/963b9b8171147e8e126cd03c48ee4678e6e2c7bf.jpg,哈哈哈哈哈答非所问英文版,1754367708,138,3461572842228424,牛小豪吖,https://i1.hdslb.com/bfs/face/e9242dde084b6c1ad20e87cf12e61eebfcec49f7.jpg,1886966,"搞笑,英语,英文版,娱乐,搞笑小剧场",739072,2571,489,10059,2097,454,0,0,36449
BV1Wfhwz6ETC,114941495546047,1,201,2094,科学科普,科学科普,http://i1.hdslb.com/bfs/archive/794fb5f1844b3af385336ba2fcd4f04ebadc763c.jpg,四维空间理解不了？看不懂你打我！,1753869410,339,435061656,浮世叁千问,https://i0.hdslb.com/bfs/face/24b4d3f7e78477f088bfca1fd756cc78b018dfe3.jpg,926671,"3D打印机,宇宙,科普,空间,3D打印,爱乐酷,爱乐酷土星4U16K,高维空间,四维空间,3分钟分享一个科学知识",1470188,795,1353,19153,1881,812,0,0,60033
BV11ptGzPEdT,114970352291688,1,21,2090,日常,人文历史,http://i1.hdslb.com/bfs/archive/116dad9c71f26b579f284025a9b8801c5882ea5b.jpg,戏，真的比天大吗？,1754308567,412,11731157,平原公子,https://i2.hdslb.com/bfs/face/637edfcb1b6bda1da6b87611d93d3faf60082e75.jpg,54940,"人文历史档案馆,必剪创作",81247,165,554,1034,798,145,0,0,6380
BV1rQtFzREoN,114979982284696,1,65,2078,网络游戏,沙盒类,http://i2.hdslb.com/bfs/archive/9d0c7810b58f453e8e01a07d3637f6d3f2ef297d.jpg,戏 耍 外 挂 ！,1754455637,290,34456580,药儿哟,https://i2.hdslb.com/bfs/face/8166cecc56c88bb5d73db67e42a50f5d5581ce60.jpg,1308514,"我的世界,沙盒游戏,游戏,单机游戏,MC,minecraft,翻盘,高燃,药儿,整点电子榨菜",44642,408,270,626,1098,49,0,0,6068
BV1aXhHzLEvy,114952652261560,1,215,2152,美食记录,美食记录,http://i2.hdslb.com/bfs/archive/7927e7bdd62100c4965564ca219de6b755f145f9.jpg,家庭版豪华剩宴，带上米饭辣条和大大薯片狂欢不饿的一天～,1754038575,119,1201986019,留意炫饭吖,https://i1.hdslb.com/bfs/face/f4fa26aea4b9077bb23844ceb296e8736027b2fe.jpg,1447545,"辣条,薯片,Vlog,我的养娃心得",613199,544,396,3519,910,883,0,0,63028
BV1YNhJzzEzV,114952601864978,1,213,2151,美食测评,美食测评,http://i1.hdslb.com/bfs/archive/2240fcb20437cacb5eae77c91550b2b542815fed.jpg,曹式鸭脖变态辣，皇上驾崩了！,1754038192,426,24204802,赛亚人阿廖,https://i1.hdslb.com/bfs/face/74dadbae0d4d16fc70a4911e5bf57e2b69a090f6.jpg,449599,"曹式鸭脖,美食测评,爆辣,吃辣挑战",1936006,2959,1114,18857,3442,1601,0,0,72495
BV1NxtGzwEka,114970251501542,1,253,2043,动漫杂谈,动漫速读,http://i1.hdslb.com/bfs/archive/79bdc42fe1c24b49a5f0424609031e98e42c6b4c.jpg,【柯南】 两大死神因命案留宿荒郊别墅，竟然遇到无数僵尸袭击，西瓜带你回顾柯南精彩漫改案件《被僵尸包围的别墅》,1754308027,2372,57608186,西瓜说柯南,https://i2.hdslb.com/bfs/face/ecb0fc5d5e34e79715fea462b0fd3ed85a573c05.jpg,740423,"工藤新一,毛利兰,江户川柯南,动漫杂谈,推理,名侦探柯南,毛利小五郎,服部平次,柯南解说,柯南",1357882,2224,587,13167,3044,194,0,0,19935
BV1DAhLzsE81,114966057257641,1,17,2071,单机游戏,射击游戏,http://i1.hdslb.com/bfs/archive/80cf2efe2c438821c368cf23feb6944f35a5f1e8.jpg,【4K·60FPS】这代战地值得预购吗？！这个视频告诉你。战地6多人模式抢鲜试玩体验（无解说）,1754246606,1753,7947131,影佑,https://i2.hdslb.com/bfs/face/868fb8bbc4ba70692e8c1ebfcd5852c5a2e0685f.jpg,498153,"射击游戏,FPS,battlefield6,多人模式,战地6,预购,战地风云,游戏试玩,Steam,推荐宝藏游戏",421615,2525,3620,1474,733,3922,0,0,7450
BV1EshVzaEFQ,114964983450217,1,124,2088,社科·法律·心理,社会观察,http://i0.hdslb.com/bfs/archive/2baf83087c35cd81b3716e0ded39217eae6b10b6.jpg,越早知道越少吃亏，律师眼中的人性真相: 没有骗不到的人，只有不合适的骗局【律师老韩x姜Dora】,1754226925,1366,16385920,姜Dora在此,https://i1.hdslb.com/bfs/face/c7f41792e49f6c1977da99adf7dfbf314ac95449.jpg,1558507,"社会观察局,律师,法律,姜Dora,普法,诈骗,反诈,电诈",1188477,3964,2026,30941,24023,17720,0,68,47020
BV1P38UzNE2s,114948407563049,1,250,2159,出行,旅游攻略,http://i2.hdslb.com/bfs/archive/2868fd63193e4ca22bb033595ab3d351440e4ede.jpg,日本这个岛，房价低到离谱，但你得住在活火山边上，你敢吗？,1754038800,1207,2948981,冷水煮乐器,https://i2.hdslb.com/bfs/face/a97526320e4c1bbea446f11d8da43321e5a080ae.jpg,1229228,"生活记录,日本,日本旅游,日本美食,日本文化,旅游,伊豆,旅行攻略UP主激励计划",2237368,5594,2323,11726,12349,3242,0,0,59615
BV1bXtJzdEtr,114975821534637,1,95,2102,数码,摄影摄像,http://i1.hdslb.com/bfs/archive/d38ce9fab0a86d1412069e4be414d6624f5e6cdf.jpg,用这台相机，拍出了老婆最满意的照片！大疆Osmo 360,1754401507,775,37029661,小鹿Lawrence,https://i1.hdslb.com/bfs/face/e4c9f5f6bfd8c48de684d2456e8fe3ecce8f0c6c.jpg,1794055,"评测,数码,小鹿Lawrence,像素长街,Osmo 360,大疆,全景相机,DJI,摄影器材,哔哩哔哩影像纪",265050,864,241,1183,1164,338,0,0,9215
BV1UbtEzWE1e,114974865360598,1,17,2078,单机游戏,沙盒类,http://i2.hdslb.com/bfs/archive/81e4ef7a3075be49a0d4d146f5c4e2891004d9b8.jpg,当我穿越到了现代侏罗纪，我该如何在虫灾之下极限生存100天 Ep2,1754378212,1626,1451195327,折木Them,https://i2.hdslb.com/bfs/face/4dc8622df9f159ff6ba4425b5a313aa34c421c2a.jpg,206952,"侏罗纪,极限生存,我的世界,剧情,虫灾,推荐宝藏游戏",120405,203,74,4920,700,13,0,0,5498
BV1W1tnznERR,114975318282824,1,172,2071,手机游戏,射击游戏,http://i2.hdslb.com/bfs/archive/fa173e6fea6f609b6fb864c7a20b29667962f65c.jpg,要塞翻新！还有新天气？S14体验服爆料来了！,1754384354,419,1179443060,游戏策划117,https://i2.hdslb.com/bfs/face/f2c3dc4f523041284c214541b59e0092ed4a865d.jpg,1150979,"FPS,暗区突围手游,策划117,暗区突围S14抢先看,爆料,体验服,暗区突围",469699,3778,5375,15312,3821,8017,0,0,37046
BV12dh4zmE31,114956108306837,1,164,2128,健身,健身科普,http://i0.hdslb.com/bfs/archive/b00b3ad963eb326406576fcc3c94639294c8e7f4.jpg,独家｜北美运动学博士深度分析堂主体检报告,1754100000,871,1387592680,北美运动学博士Bruce_PhD,https://i1.hdslb.com/bfs/face/7b8cce70b0937a5c158d297324612fb2d119f4e6.jpg,928562,"健身,一拳超人,励志,运动,马拉松,堂主,1000天挑战,年马计划,体检,暑期健身蜕变挑战",1338309,13068,3605,16897,28761,3988,0,65,102675
BV1UMtJzdEXQ,114974227696183,1,47,2037,同人·手书,同人动画,http://i2.hdslb.com/bfs/archive/024d6614e8ec898d3cae43bd9fb134ff43e088f3.jpg,全宗降智我不做人一口气看完大结局,1754369327,10433,3546639987903102,蝎紫蝎,https://i0.hdslb.com/bfs/face/fd36b6a0c34f82acbd8321d2d52bcc7e377fe2a3.jpg,123625,"原创动画,二次元,一口气看完,修仙动画",48108,907,173,2831,972,79,0,0,2918
BV1AihAz5EsW,114941361130856,24,172,2064,手机游戏,单人RPG游戏,http://i0.hdslb.com/bfs/archive/9bdc803037ec2e2372bcfb2b755f024a8b7867df.jpg,【原神一条龙全收集】纳塔5.8(成就数169/火神瞳49石盒56)悠悠度假村/宝箱/摩拉堆/玉帛/火之印/探索度/原神5.8一条龙,1753866689,10855,431073645,你的影月月,https://i0.hdslb.com/bfs/face/2e32de7b28fc491a28281a22c6ea9f5d195cbdf5.jpg,8929623,"原神5.8版本,纳塔5.8,悠悠度假村,5.8一条龙,游戏攻略,游戏鉴赏家,原神,原神高能团",7359888,59608,4775,75946,53128,8935,0,14,83404
BV1WNh8znEDw,114958994119091,1,24,2037,MAD·AMV,同人动画,http://i2.hdslb.com/bfs/archive/a30d714e5da60d2580fc034790724516f0af2caf.jpg,《三个愿望一次满足》,1754135252,49,20739763,维C永不加班,https://i1.hdslb.com/bfs/face/c142467b4ed4919ad2d61b404d8b4d5b32a65c0e.jpg,65664,"手书,弗洛洛,天天天国地獄国,弗洛洛二创,鸣潮,鸣潮2.5版本二创",385474,468,786,24997,12039,2928,0,0,60455
BV1SehnzBEox,114953574943740,1,121,2041,GMV,动漫剪辑,http://i1.hdslb.com/bfs/archive/ca83ec99d7c86726ad3cde8fb6540bd15eb3b93c.jpg,“白月魁挥刀的那一刻，世界级国漫诞生！”,1754052992,129,175333301,哇周某人,https://i2.hdslb.com/bfs/face/a7670c1831893164c62a65a2fa244f337389e748.jpg,243003,"国产动画,冉冰,白月魁,灵笼大结局,灵笼 第二季,动画种草激励计划,马克,国漫,艺画开天,灵笼",459673,2313,1336,3804,2177,568,0,0,22479
BV1w8tGzbEY6,114970268273348,1,21,2079,日常,其他游戏,http://i1.hdslb.com/bfs/archive/0b385b23d28e13c35d018aeadc9fa7538b1dd5d5.jpg,最 接 地 气 的 杀 手,1754307574,594,3546376524794441,萝太永不破防,https://i2.hdslb.com/bfs/face/71ed1ab4d1762b5519df89e8c47b1e1dd39dbf96.jpg,1627826,"娱乐,杀手,游戏实况,搞笑,hitman,47号,杀手世界",229987,1396,941,2271,1661,997,0,0,17934
BV1KyhuzAEMv,114963104406729,1,136,2074,音游,音游舞游,http://i2.hdslb.com/bfs/archive/a42d805248f9c2d1bd5816e60a36ada4fa3b957b.jpg,《 杂 交 版 音 游 》7.8,1754197994,123,92930253,HL_Storia,https://i0.hdslb.com/bfs/face/c56f531ec328d0ba3431e46c39e3a1dab97abedc.jpg,181646,"东北,音乐游戏,音游,雨姐,pjsk,STORIA,杂交,带派,phigros,整点电子榨菜",881032,669,1546,27289,3913,8166,0,0,54102
BV1B6hgz9Erb,114962483649899,1,219,2168,汪星人,狗,http://i0.hdslb.com/bfs/archive/a24a24c0d5ca6fa514be807298ae1a03acf6166f.jpg,我才是原创汪仔小乔舞,1754188427,18,1356083753,养狗的本质c,https://i2.hdslb.com/bfs/face/5238ec8241e6e59bc45b944b293740fa38ce55c9.jpg,5340,"旺仔小乔,比熊,萌宠过暑假",1019383,842,1538,40582,10078,11249,0,89,141109
BV1pghuzxEqP,114963137958967,1,213,2151,美食测评,美食测评,http://i2.hdslb.com/bfs/archive/90070957656da15f076ea3ba9a3b40598d8ca3c9.jpg,非洲顶级大鲍鱼，居然会爆浆，做土豪盖饭壕无人性,1754294400,287,476704454,小文哥吃吃吃,https://i2.hdslb.com/bfs/face/a70aa74915d9e1e3282312b2b6759bc4aae1ed18.jpg,4183539,"吃货,美食制作,海鲜,美食教程,厨艺,4k,舌尖真探事务所,鲍鱼,美食测评,猎奇美食",556584,1220,422,1952,2624,642,0,0,27629
BV11c82zPE4N,114947619163634,1,183,2048,影视剪辑,特摄,http://i0.hdslb.com/bfs/archive/2e17b34370e334cfa326cfd095d3111f6dc644d6.jpg,“你反抗命运的样子 真的很帅”,1753961798,119,668002409,歼笼曲,https://i2.hdslb.com/bfs/face/044f860b56c4ef9c32e68ecebcbf6cc05ab8d0a8.jpg,7930,"迪迦奥特曼,奈克瑟斯,特摄剧,燃剪,圆谷",355419,211,257,23865,7074,657,0,0,41631
BV1Q4h8zNESk,114958692060866,1,17,2078,单机游戏,沙盒类,http://i0.hdslb.com/bfs/archive/d44497dbd34753a59d6dd764f792c5a9a337436e.jpg,你可能没听过我的名字，但你一定用过我的模组,1754130658,32,379515917,七星-7stars,https://i2.hdslb.com/bfs/face/43e4d45e86cb592d3a23487aeaca4186e769cd52.jpg,136966,"模组,我的世界,mc",4089151,174313,12184,104761,49837,10824,0,21,542756
BV1yVt7zyECT,114973539830436,1,21,2158,日常,旅游记录,http://i0.hdslb.com/bfs/archive/913e6ab771a3791c6a19c3ef6bed58661369d4af.jpg,我们在三次元找到了真的蒙德湖！安柏 优菈 空｜COS旅拍VLOG,1754366700,273,7967009,名羲MX,https://i2.hdslb.com/bfs/face/2837ca3216e342381f1c987c1fd8dd4c28053348.jpg,134025,"旅游,二次元,cos,优菈,安柏,空,Vlog,Cosplay,原神,二次元副本挑战者",89711,142,194,3682,1337,193,0,0,8541
BV1t5h7zRESd,114951393908721,1,21,2131,日常,健身身材展示,http://i0.hdslb.com/bfs/archive/7a93bc41ccbc6465f290d7677c1e69fa922c77f1.jpg,退伍第十一年！祝战友们八一节快乐!老兵的决心永不变！,1754019376,26,17239951,战辉,http://i1.hdslb.com/bfs/face/5154a78828836f8ae97454b3568ea83997098df9.jpg,2476278,"美好的精神状态,军人",2064750,728,1832,10262,12313,724,0,48,323308
BV1ZYhbz3EiX,114957198823266,1,85,2154,小剧场,剧情演绎,http://i0.hdslb.com/bfs/archive/4e5c8b8374cfa88cf2101e591210d9d1e3e1aa74.jpg,这钱怎么越花越多啊？,1754107898,63,284700508,主持人欧文浩,https://i1.hdslb.com/bfs/face/62b2936db76d650c50f2cfe273341bec32b9da1f.jpg,1606212,"娱乐,生活记录,段子",928176,18263,202,6223,546,103,0,0,52377
BV1nG8GzZEbH,114926530138278,1,200,2032,国风舞蹈,国风舞蹈,http://i0.hdslb.com/bfs/archive/ccd16c29218f589869cca190bc266847012592b6.jpg,“让我看看这俩塑料袋能变出个啥”,1753866000,15,20380391,谷雨长青-,https://i2.hdslb.com/bfs/face/4a95a92baa1ca75551e8d1de1b84746c5079f6a3.jpg,161120,"水袖,舞蹈,古典舞,轻舞蹈竖屏激励计划",560231,114,270,14198,3250,800,0,0,140967
BV1d1hJzGEz3,114951964463844,1,184,2041,预告·资讯,动漫剪辑,http://i1.hdslb.com/bfs/archive/e2071d654f6866584cb540b5566fd3d7feab60b7.jpg,四小妖想象中的大圣！,1754028037,63,479665856,电影浪浪山小妖怪,https://i2.hdslb.com/bfs/face/c60f00b237d3227749bf460442642e04f622e497.jpg,30139,"电影,喜剧,国风,动画电影,小妖怪的夏天,浪浪山,电影浪浪山小妖怪,暑期档,西游,中国奇谭",616780,194,813,3473,996,935,0,0,37472
BV165t3zSEwa,114968942877652,1,251,2162,三农,农村种植,http://i1.hdslb.com/bfs/archive/cd603fa59f6cde5c10272f3319cec5434e40585d.jpg,终于发现清道夫的作用，再也不怕清道夫了,1754287227,315,514596475,阳台种植愈呵呵,https://i1.hdslb.com/bfs/face/0ba832aea5bdaf9e7db390df7dd9975dda1a61b5.jpg,13460,"昆虫,作用,清道夫",906645,706,1371,2804,2932,647,0,0,62482
BV1JRtnz5EtL,114975418945602,1,17,2079,单机游戏,其他游戏,http://i2.hdslb.com/bfs/archive/a6ef3678a32478b1d457efe94e9065edc8ff0d48.jpg,一款揭露国外演艺圈隐藏黑暗面的恐怖游戏 电影试镜的背后隐藏着可怕的秘密！,1754386162,6901,733871,友利奈绪大魔王丶,https://i2.hdslb.com/bfs/face/7bf9bd36ee171fd368cc30b89ccffb840654f455.jpg,1390559,"恐怖游戏,攻略解说,电影,惊悚,演员,遗映,Dead Take,演艺圈,娱乐圈,推荐宝藏游戏",53503,253,102,1521,1059,67,0,0,9446
BV1Tjtgz8EjT,114969513297392,1,242,2009,娱乐粉丝创作,娱乐评论,http://i1.hdslb.com/bfs/archive/d7954f94897b659e6f2834bb9c0e092c2b6c8d06.jpg,传奇热搜王赵露思 内娱彻底癫了,1754298033,514,3546781006694901,我真的玉玉症了,https://i0.hdslb.com/bfs/face/cc515923daf9a49fba6031c54e09bca8a073935d.jpg,281103,"同诗剃须刀,赵露思,娱乐吃瓜大会",746838,2833,2259,5108,3585,1439,0,0,31569
BV1tetnzZEHQ,114975704155403,1,208,2084,校园学习,应试教育,http://i1.hdslb.com/bfs/archive/6d1c554a309432151bcc209a456a1e7ae7954c82.jpg,一个视频讲透保研的一切！流程/种类/绩点/英语/科研/夏令营/预推免/九推/保研率/信息源/跨保/外保/内保…,1754390148,1851,40427625,取景框看世界,https://i0.hdslb.com/bfs/face/0d671560a6dd7f28247b3b7501d404a5b01280ea.jpg,3964172,"英语,大学,考研,学生,科研,保研,经验分享,夏令营,绩点,学生UP主养成计划",56051,686,360,6265,6102,645,0,0,5645
BV1BQtuz2E6M,114969781800257,1,21,2188,日常,自我成长,http://i0.hdslb.com/bfs/archive/ec669328e140268d966ef94818a17cbd0ef05ffe.jpg,敬过去痛苦的自己五杯,1754299745,104,622525113,饼旭,https://i0.hdslb.com/bfs/face/4f06d57285118adb5b7c946c4a316c74f61a16f0.jpg,149377,"人生,生活记录,校园,搞笑,吐槽,整活,记录生活搞笑瞬间",166717,199,281,1445,813,205,0,0,24271
BV13ohHzkEEC,114952870304409,1,21,2114,日常,鞋服穿搭,http://i2.hdslb.com/bfs/archive/dfff2aa6267fb0b4e2c0e113523af767d2249914.jpg,猜猜我都能在什么地形上穿高跟,1754041988,41,451835587,奥戴丽好笨,https://i1.hdslb.com/bfs/face/771fc935df986dcfb15aaae441c9bc7cda5bfe4d.jpg,2066923,"高跟鞋,穿搭",1488248,602,2069,5551,1380,2055,0,0,106128
BV1m3hPzJE3z,114959967067679,1,17,2079,单机游戏,其他游戏,http://i1.hdslb.com/bfs/archive/44952ca86cf2d84ee4fd5a4215feaf7acb91f3c3.jpg,若成仙要30条人命，那只杀1人便可大富大贵，是否划算？【乌合之众】,1754150137,2060,25151282,弗兰力,https://i2.hdslb.com/bfs/face/1abe8d6eca244477cce30bb3758ed29f6e6e235d.jpg,1289133,"游戏实况,悬疑,剧情,搞笑,乌合之众,整点电子榨菜",1649654,1682,941,45122,10185,629,0,62,63240
BV1f4hVzcEqL,114964966806648,1,17,2037,单机游戏,同人动画,http://i0.hdslb.com/bfs/archive/982ccde6c785d9599dcadfdeabb83553328daa17.jpg,【PVZ小动画】钱 钱 钱 钱 钱,1754226654,111,3546619876215164,Binxie921,https://i2.hdslb.com/bfs/face/70c9e5be3642495938ff85b7c37371d0be7c169d.jpg,36650,"植物大战僵尸,娱乐,PVZ,吸金磁,缠绕海草,自制动画,矿工僵尸",250524,130,173,4317,643,77,0,0,16905
BV16ohpzhEUG,114954430582357,1,252,2207,仿妆cos,随拍·综合,http://i2.hdslb.com/bfs/archive/edcb774c4e6fba57b512ae0ce713fb436aa9535f.jpg,『自存特效化妆  矿石病的发展 魔王阿米娅手部部分试妆,1754065855,44,661074728,簌雪在这里,https://i2.hdslb.com/bfs/face/9170a54d5f2d93bd621e5669854c48fd7b2bdbdd.jpg,754,"美妆,化妆,特效,明日方舟,魔王阿米娅,Cosplay,矿石病",555034,269,1221,10511,1329,5394,0,0,95788
BV15ntnzqEqu,114975586648466,1,124,2081,社科·法律·心理,海外资讯,http://i1.hdslb.com/bfs/archive/80d582c8d7d1ecf17461711bf508bdb1a4ff4226.jpg,一任撒三万个谎但是大数学家：我把药价削了1500%,1754388894,845,346563107,波士顿圆脸,https://i2.hdslb.com/bfs/face/f8f0fc4114bb06a87481abe12faa006a383cbe6d.jpg,5178733,"法律,数学,医疗,懂王,假新闻,MAGA,医保,环球资讯站",665698,4287,2397,3825,2884,926,0,0,45366
BV18yhVzUE5D,114964496980418,1,216,2063,鬼畜剧场,鬼畜综合,http://i2.hdslb.com/bfs/archive/4c5b34a8307b8cbdec1ff0f40b4aeea6077ee348.jpg,小 乔 佩 奇 刷 过 几 个 子,1754219336,196,256237759,我叫小渔人,https://i1.hdslb.com/bfs/face/590e1bbd098493c86038a94ce240bf80d627a760.jpg,1279202,"搞笑,鬼畜,旺仔小乔,你给我刷过几个子,小猪佩奇,黄绿合战10th-绿队应援",1164630,1561,1349,16170,5349,6699,0,86,84029
BV1kSh8zJEMR,114958440406202,1,162,2037,绘画,同人动画,http://i0.hdslb.com/bfs/archive/772c0425d184ba7a8e5da775b421b738b5329499.jpg,当代年轻人保命法则,1754126900,34,3546869831568293,王多鱼的像素画,https://i2.hdslb.com/bfs/face/0fcf169031174a0185bb2b94bef2aa0c2056171b.jpg,1645,"王多鱼的像素画,当代年轻人,内容太过真实",1015520,703,4935,16643,1880,1488,0,0,72539
BV1i5htzvErW,114957786023288,1,47,2050,同人·手书,漫画·动态漫,http://i0.hdslb.com/bfs/archive/d4a26bf6fd42620563cdf54deef44587abae1ae7.jpg,不是在你身边玩的游戏，都毫无意义……,1754132400,211,3546918179310343,ENX叉叉酱,https://i1.hdslb.com/bfs/face/2923eaae85b81110da3127bc55bd48532a6ff264.jpg,288611,"恋爱,爱情,漫画,二次元,治愈,青梅竹马,情侣,ENX叉叉酱,甜甜的恋爱,国漫觉醒时",178397,573,656,2397,917,582,0,0,25367
BV15MhHzjEXx,114953407307236,1,265,2071,AI音乐,射击游戏,http://i0.hdslb.com/bfs/archive/043ea249fd65dfc191ab39565dd977e433182ac5.jpg,鼠鼠今天生日，可以放过鼠鼠吗？鼠鼠会报答你的！,1754092945,93,3537118242540062,slime布丁姆,https://i2.hdslb.com/bfs/face/6fbc97634511ba16187911ca9d1b036a85322df6.jpg,34142,"三角洲行动,祝福,生日,人机,三角洲",652115,10834,3441,26354,43363,674,0,93,147383
BV1W5hVzuE2x,114964832459956,1,182,2001,影视杂谈,影视解读,http://i2.hdslb.com/bfs/archive/f5e4c9a4666dc200b4e16a7c072b6f912702e0bf.jpg,一部《南京照相馆》，炸出多少妖魔鬼怪！,1754224463,362,5870268,三代鹿人,https://i0.hdslb.com/bfs/face/a915d1a1ff921cd418e74c5711c91b23e2a18c11.jpg,6360135,"刘昊然,南京照相馆,申奥,王传君,高叶",3206839,10324,7089,74270,112102,6188,0,3,246160
BV1qvtJzMEgB,114976022856098,1,65,2071,网络游戏,射击游戏,http://i1.hdslb.com/bfs/archive/b6d8fc875d92ec0d2db9c586ec65c02039dc766c.jpg,CJ最酷的展台，瓦手展台到底多好玩？！,1754398886,267,235630215,国电武术馆馆长,https://i0.hdslb.com/bfs/face/1c473f95562cb50c8f94291ed6373da6281e5b64.jpg,2173065,"电子竞技,FPS,手游,游戏杂谈,无畏契约手游,无畏契约,无畏契约端手大展台,无畏契约手游定档819,Chinajoy,推荐宝藏游戏",192563,290,49,4481,4347,985,0,0,8485
BV1jphuz7EpZ,114963272179271,1,233,2104,极客DIY,自制发明/设备,http://i2.hdslb.com/bfs/archive/d7d9474b7ce6f35594bbab44fcb906bfed190623.jpg,太阳能自动追光系统V1，豆子的老视频1,1754200423,244,13382779,疯掉的兔子yy,http://i1.hdslb.com/bfs/face/0a9f8245eeef392d5a50fcbdfe50ba4d3891cf68.jpg,14012,"DIY,3D打印机,太阳能,3D打印,太阳能追光,发明创造,追光,一起做手工吧！",452084,542,1924,3044,3515,706,0,0,22128
BV1RstFzVEzg,114980082947257,1,172,2069,手机游戏,即时策略游戏,http://i0.hdslb.com/bfs/archive/bf36af41660b6f0719036c0db54925da8bf4a30c.jpg,不带赢不了？使用率高达百分之99的逆天炉子！,1754457353,1162,3493113414814567,高子巷,https://i1.hdslb.com/bfs/face/f4471a78f322efd8b1e1df3421c55fefd84bc367.jpg,346395,"皇室战争,高子巷,石头人,必剪创作",94780,749,1355,822,1385,194,0,0,11359
BV1oAhHzUE7w,114953189130523,1,219,2168,汪星人,狗,http://i2.hdslb.com/bfs/archive/df0733e492201c696628b9d0e7e964feb5e1778a.jpg,狗狗都要出来上班了,1754046586,64,3546607914059825,牟牟刘啊-,https://i2.hdslb.com/bfs/face/1f5995eef0636b34a975a13a7e66d7ceedb18d17.jpg,135799,"萨摩耶,狗狗,汪星人",4202232,309,1640,19852,2067,8966,0,51,263223
BV1HxtMz1Ep1,114968305408407,1,161,2207,手工,随拍·综合,http://i0.hdslb.com/bfs/archive/df832f2f82a0d591713c8eed07d4b9d0476c6435.jpg,最拐弯抹角的关灯方式,1754277426,62,3546564641425884,幻想阿阳,https://i0.hdslb.com/bfs/face/ce90d69db4f361e7ff0bba0edd11e84bb35d8cba.jpg,1469,"手工,机关,装置",1351436,1568,1850,6657,3852,1898,0,0,104952
BV1FThjzrEC8,114967164493066,1,17,2078,单机游戏,沙盒类,http://i0.hdslb.com/bfs/archive/6aa408df7967b72af4bcc0d9c2af48d65fee3a72.jpg,新生物霸凌了所有人...,1754298000,775,298276958,Mythend,https://i2.hdslb.com/bfs/face/27144113f342ee62ac61a964cea35ba075bb6376.jpg,254602,"我的世界,小游戏,Minecraft,乐魂",1497074,3087,2166,43069,37281,4289,0,20,119907
BV1Cr4Zz9E7j,114979059533865,1,21,2207,日常,随拍·综合,http://i2.hdslb.com/bfs/archive/06d7e2ba309e46befe3aa6e59fd3c56df4737384.jpg,早安！,1754441578,14,3546937055775240,Yasal_170,https://i0.hdslb.com/bfs/face/b5c4750fa3e6ee70555129f7a49b304055d321a1.jpg,1666545,,487099,592,3215,2995,6775,591,0,0,49510
BV1qEh8z6EYT,114958775884788,1,47,2037,同人·手书,同人动画,http://i1.hdslb.com/bfs/archive/7e4060fd53279bbf0dd75261e37f60d7d000c296.jpg,3亿3亿~~鹿野宝宝我们爱你,1754131989,34,5714152,鱼丸公公,https://i1.hdslb.com/bfs/face/915328288fa816441294366ab4deb9facbe46107.jpg,113952,"罗小黑战记,无限,罗小黑战记2,师姐,鹿野",450782,243,975,21009,15526,3759,0,0,146562
BV1nPhAzKEpx,114941377910446,1,228,2090,人文历史,人文历史,http://i2.hdslb.com/bfs/archive/1960b6037723362dbc78c4e8d28246dccb2a13c7.jpg,蒋介石押注美国大选期望绝地翻盘！结果。。。【思维实验室】,1753866519,1185,14583962,思维实验室,https://i2.hdslb.com/bfs/face/a3deb7c257222e55469351488877a715804029ae.jpg,7817707,"历史,人文历史档案馆,美国大选,蒋介石,杜鲁门,罗斯福,解放战争",2276307,8970,2731,30521,16621,3594,0,45,100836
BV1vWh8zTEV4,114958792661031,1,257,2044,配音,动画配音,http://i1.hdslb.com/bfs/archive/c449671c5afe912192f10c1ff331aa82901dec4e.jpg,女生自学日语配音练习：Dio vs 承太郎,1754132039,131,3546737601940061,CC的啦啦啦,https://i2.hdslb.com/bfs/face/6d0e2f5b4cc5c00bf4962146d268eab93e838220.jpg,66709,"日语,练习,DIO,JOJO的奇妙冒险,日语配音,空条承太郎,配音,配音练习,日配",712659,578,1317,10453,2048,3116,0,0,81908
BV1yj8Xz7Ego,114934985918100,1,85,2154,小剧场,剧情演绎,http://i0.hdslb.com/bfs/archive/bf71a7155f1497b88818ed5853cc10da8775979e.jpg,我嘞伸手,1753952400,210,373388923,脱缰凯Kk,https://i1.hdslb.com/bfs/face/1367615bfd41b079eae1ac1225dbefcc260acbbb.jpg,5221949,"拼好饭你变了,补贴是一时的拼好饭是一直的,点拼好饭只有0次和无数次,挑战吧！20元拼好饭吃一天",3452030,7041,3826,23732,12035,2417,0,13,266988
BV1cStnzmEQi,114975200777680,1,209,2098,职业职场,AI杂谈,http://i1.hdslb.com/bfs/archive/dec95a327f50d5907bc4ff32de0b4e09ef51a4ad.jpg,清华同窗10年后重逢：一个读博一个创业，谁的选择更明智？,1754389800,2113,20826656,糖果果的未来要发光,https://i2.hdslb.com/bfs/face/e01e5e4ffb27c1aeaf0636b226c89bcf9f7ae800.jpg,980887,"职场,人工智能,创业,视频播客,找工作,求职,Ai,Agent,WAIC,WAIC  2025",426635,337,173,3053,1461,1169,0,0,10177
BV1Z38yzmEh6,114946998275336,1,247,2106,新能源车,汽车测评,http://i2.hdslb.com/bfs/archive/396a6fe37129f895928a16286fe2e14b3ed6ea26.jpg,爱折腾的人为何都不内耗？先出发才是生活的最优解！,1753956045,686,350632501,在下小苏,https://i1.hdslb.com/bfs/face/23214f8e9a4182ebe4cd193ee7b757e8c82f249a.jpg,1412334,"小米,科技,汽车,小米YU7,YU7,先进感生活,新能源,露营,内耗,我和青春B耶了",1034479,442,312,5294,1694,782,0,0,33647
BV1aPtgzBEd8,114969379147110,1,215,2152,美食记录,美食记录,http://i1.hdslb.com/bfs/archive/ef07c2d51505b335d229fd919b851e8403143c38.jpg,今天吃一锅神奇的窑鸡钢琴烤肠火鸡面！,1754294722,194,419976249,大宸开饭了,https://i0.hdslb.com/bfs/face/4c7af34e8dd82b8a18a2957ca9862f6d046c3ffd.jpg,1200675,"美食,声控,美食记录,创意美食,夜宵,沉浸式,烤鸡,烤肠,火鸡面,窑鸡",346879,560,295,3415,570,435,0,0,20371
BV1FRtnz5EgT,114975418880976,1,65,2070,网络游戏,MOBA游戏,http://i0.hdslb.com/bfs/archive/2cd7fbdc3a647bc813bf266c05905e77ef4f3006.jpg,有趣...是值得我使出真伤的对手！,1754385905,253,3546799094631194,爱丽速子LightSpeed,https://i2.hdslb.com/bfs/face/9ea7f7998ab8bb02c34bed1aa3aa376643d49f8b.jpg,159615,"娱乐,搞笑,电子竞技,王者荣耀,MOBA",145015,242,292,727,624,39,0,0,13764
BV1u6h3zCEQi,114963708385472,1,21,2003,日常,影视资讯,http://i0.hdslb.com/bfs/archive/cb87c58189b6181a602881beafa43647017e1916.jpg,电影《731》定档9月18日,1754207292,16,456664753,央视新闻,https://i1.hdslb.com/bfs/face/2dc9c34444ba9f8e891fdc98e6c331fa3c02d127.jpg,21826276,电影,1571423,58264,3536,18749,38427,23122,0,25,303398
BV1QjhWzmEcC,114954145435559,1,138,2087,搞笑,商业财经,http://i1.hdslb.com/bfs/archive/387c8d0c27be905d6a1a517529f62437eed327a5.jpg,【半佛】不割韭菜，做什么保健品？,1754125200,483,37663924,硬核的半佛仙人,https://i1.hdslb.com/bfs/face/aaf33dced1941af0946f37c62f4b48fcaba9c9a2.jpg,7798821,"职场,科技,健身,知识,学习,生活,科普,营养工厂,韭菜,万物皆可商业",1328304,349,873,5858,919,1185,0,0,52592
BV1hLhHz6ECN,114953323289266,1,30,2023,VOCALOID·UTAU,AI音乐,http://i1.hdslb.com/bfs/archive/d92395ec75a419bbab873a6a6f59979cf5fa101f.jpg,【AI三角洲全干员】《天真的橡皮》人生呐 能不能放过我这一次,1754048723,170,487301495,饿了自己会捡垃圾吃,https://i2.hdslb.com/bfs/face/d4e066e460b1d948bdb99d7d1001a8ffeb731eae.jpg,255022,"游戏,娱乐,翻唱,音乐,三角洲行动,蜂医,麦晓雯,三角洲欢乐剧场,威龙,三角洲",834783,1548,1272,41675,5309,1752,0,0,51552
BV1EghtzTE8i,114957769514382,1,138,2154,搞笑,剧情演绎,http://i0.hdslb.com/bfs/archive/5421a23a2cda5baf528755cda1b5528fbe649f0f.jpg,我真的需要一个完美管家！,1754128800,298,95515699,粤知一二,https://i1.hdslb.com/bfs/face/2815a3e2b85a92eb2e3b6ebcfb8754def0c54363.jpg,4607940,"短片,剧情向,原创,搞笑,郭嘉峰,搞笑小剧场,段子,粤知一二",1451861,675,478,18248,2432,561,0,75,110988
BV1JztGzpEE9,114969832134623,1,138,2155,搞笑,语言类小剧场,http://i2.hdslb.com/bfs/archive/95a16d3c2398340ac64b8663a3529593882f3da1.jpg,上班就是一场cosplay,1754391600,198,288387457,小小段砸,https://i1.hdslb.com/bfs/face/ac096215f656f82d552099e0ab06bc86d6bacbaf.jpg,1358451,"职场,脱口秀,搞笑小剧场,段砸,上班就是演戏,上班,搞笑吐槽,工作,Cosplay,溪木源",131234,236,392,1550,2417,1272,0,0,14167
BV112hnz8Ent,114953709165296,1,168,2037,国产原创相关,同人动画,http://i0.hdslb.com/bfs/archive/aa3ce98044ff87e5265cad34a9a03011b5797f22.jpg,《圣体瞎魂》第二集： 铁血父子正在觉醒！,1754054716,301,3546944630688596,皮亦瞎,https://i2.hdslb.com/bfs/face/92dc75c1cfd158537daa6c7b302b277df2630e1c.jpg,11711,"原创动画,虾仁动画,希望能火",192920,201,203,9650,1368,45,0,0,22432
BV1AEhPz1EMY,114959950350983,1,183,2006,影视剪辑,AI影视,http://i0.hdslb.com/bfs/archive/c5b658777fe253c4ab0d4cc36fa4b60aebb8296b.jpg,【配音视频】黑金之理想对撞：想得这么理想，注定有物理破坏甜梦一场。。。,1754149898,148,434414734,那个东爷,https://i1.hdslb.com/bfs/face/8a3881ddbac81eeb5b1dc09963a93d600eafa3bd.jpg,58338,"影视剪辑,黑金,电影剪辑,配音,配音视频,理想,AI配音,影视神仙剪刀手",413171,587,548,3209,4554,3348,0,0,25704
BV1GhhnzrEia,114953541458950,1,126,2063,人力VOCALOID,鬼畜综合,http://i0.hdslb.com/bfs/archive/080d45807b99ddd58186626bea2c40dc934ac8da.jpg,🍬再见了，所有的唐哭🍬,1754107200,85,438684078,DJG杰哥,https://i0.hdslb.com/bfs/face/6a1ba87992508f221db602335af9f74e13c7ee22.jpg,40845,"鬼畜,MyGO!!!!!,Ave Mujica,动画种草激励计划,爱音,anno,高松灯,千早爱音",314182,3153,2175,14699,3496,10941,0,0,47493
BV1bvt3zKEAX,114970872253786,1,253,2043,动漫杂谈,动漫速读,http://i2.hdslb.com/bfs/archive/349b609c10ed49ad02e7c1c9deb404227b86c87e.jpg,《瑞克和莫蒂》所有主线剧情串讲！邪恶莫蒂、瑞克Prime、戴安……全平行宇宙大整理！,1754317572,1730,357261525,安迪视频,https://i0.hdslb.com/bfs/face/44be7e29670fafd734a6961668f3e130ff7e7456.jpg,1612681,"完结,动漫杂谈,瑞克和莫蒂,安迪视频,瑞克和莫蒂第八季,主线剧情,动画片,戴安,瑞克与莫蒂,邪恶莫蒂",917595,1602,1401,22842,39534,2725,0,66,57808
BV1s4hHzAEni,114952937408536,1,76,2149,美食制作,美食制作,http://i2.hdslb.com/bfs/archive/f820eead2e7d5f2aa18dbb6dcb395b0c6eef14a9.jpg,200%还原光头强的烧烤，这可是我最馋的一集了！！,1754043404,264,3546575624210944,二次元的食光机,https://i1.hdslb.com/bfs/face/473bd3905567891dad12d63baba700303debb888.jpg,2462,"美食制作,烧烤,光头强,记录我的美食日常,烤串,熊出没,动漫美食,动漫还原,复刻美食",1069846,446,452,7792,3076,245,0,0,19151
BV1jy8mzXEig,114948625667643,1,17,2079,单机游戏,其他游戏,http://i1.hdslb.com/bfs/archive/25c64cfab1e36ae00675dea3cdc4a06644c8d26b.jpg,驯 虫 高 手,1754038800,656,546195,老番茄,http://i0.hdslb.com/bfs/face/bc5ca101313d4db223c395d64779e76eb3482d60.jpg,19837303,"老番茄,搞笑,高能,配音,斗虫公园,kabuto park,斗虫,沙雕,推荐宝藏游戏",4464189,2991,1769,58954,22800,956,0,17,143843
BV1EMhAzYELy,114941596014114,1,76,2152,美食制作,美食记录,http://i1.hdslb.com/bfs/archive/78407d0aebc77e3b741d5b3d938259c200c4e1b3.jpg,小伙在北京打工挣到钱了奢侈一把吃麦当劳汉堡炸鸡，真开心,1753869721,348,272654283,咸鱼梦想家vlog,https://i0.hdslb.com/bfs/face/567a3dfeeddcfb96ae643bc3d8f6c5e5587830e0.jpg,2530649,"生活记录,记录我的美食日常,出租屋,汉堡,麦当劳,外卖,炸鸡",964393,2371,1103,16863,4869,1397,0,0,67846
BV1hfhGzJEtc,114965201552644,1,157,2112,美妆护肤,护肤,http://i0.hdslb.com/bfs/archive/83730a9786664be7871eb6ded542bc03b89355d6.jpg,14年换头！我从18岁-32岁整容经历,1754229797,92,9882419,我是唐飞飞,https://i2.hdslb.com/bfs/face/3eb07fba585e29826cd4716e6a44af50feabc065.jpg,48286,"逆袭,减肥,整容,变美,医美,隆鼻,整形美容,鼻综合",690508,1117,5480,1344,604,2135,0,0,19947
BV17nhuzUEKk,114963356065402,1,138,2154,搞笑,剧情演绎,http://i1.hdslb.com/bfs/archive/1ecb1c0d2ed7b4dc5bf1c2ef877d58bfada7c108.jpg,在漫展上认真工作的保安,1754211756,163,1835967,善良的诚哥,https://i0.hdslb.com/bfs/face/181e97f366b1cb2bda57b758cd8874315e41b238.jpg,1138674,"娱乐,生活,搞笑,日常,射击游戏,漫展,ChinaJoy,远光84,远光84公测8月7日,沙雕",396065,197,314,1030,528,131,0,0,29115
BV1F4h4zBEhF,114956359965743,1,126,2063,人力VOCALOID,鬼畜综合,http://i1.hdslb.com/bfs/archive/b207567047ade075cbf8deceb4eebfcdf21c1179.jpg,【哈基米】猛毒注意（完整版）,1754128800,88,519584099,是Ella,https://i2.hdslb.com/bfs/face/72571c356c74e8f7d4598e8d45df0d96378b3c31.jpg,11679,"可爱,手书,鬼畜,猛毒注意,哈基米,鬼畜星探企划",650374,241,1985,71254,18771,9161,0,73,135781
BV1F78UzcE3k,114948608886180,1,85,2005,小剧场,短剧短片,http://i0.hdslb.com/bfs/archive/bcabb4168acd0c9f9598bde0e7e2d793046237b0.jpg,“猫鼠游戏”,1753976954,306,86973647,记住周淮,https://i2.hdslb.com/bfs/face/eced9fbed8ac4bb80227c2ee61aef26b78ef92e2.jpg,821838,"B站小剧场,原创,剧情向",1728046,5573,1002,18559,1022,1281,0,0,39147
BV1bf8izCEys,114942803973341,1,193,2017,MV,MV,http://i2.hdslb.com/bfs/archive/4a3fe261583ad7525b072f311538377411975b53.jpg,Laufey - Lover Girl (官方MV),1753888302,170,3493131920083673,LaufeyOfficial,https://i2.hdslb.com/bfs/face/84f01bb30185f46c4f3d795b73d39c3733d6f38a.jpg,213702,"欧美MV,欧美音乐,MV,LoverGirl,官方MV,林冰,Laufey",594510,329,680,56427,14111,4147,0,0,132927
BV13VtGzgE4R,114970117283742,1,138,2154,搞笑,剧情演绎,http://i0.hdslb.com/bfs/archive/27965738562909255ebf3dc986623500077d01c1.jpg,《你眼中的自己vs实际上》,1754306937,269,478610686,郑凯伦伦伦,https://i1.hdslb.com/bfs/face/24a1b4a4a5cb2287f9892c3f9be60f3668733e85.jpg,1524938,"搞笑,荣耀GT,荣耀400,2025ChinaJoy,荣耀平板GT2Pro,荣耀平板在CJ现场成电子鸡蛋,VS",888076,742,1071,5008,915,282,0,0,72151
BV1h8tnzhEJu,114975687383188,1,250,2159,出行,旅游攻略,http://i1.hdslb.com/bfs/archive/df16bf4cf9068c4cb9c08c937a7883936f52a66c.jpg,内蒙古到底值不值得去一趟？【自驾体验】,1754391763,1524,644255470,杰克小兔,https://i1.hdslb.com/bfs/face/013a96a5d1dc54a152e87816776eaf88997ea5e7.jpg,1264853,"搞笑,生活记录,生活,零跑C10,内蒙古,呼和浩特,出行,城市,分享,辉腾锡勒",324337,2165,776,2965,4463,927,0,0,11452
BV1JdhuzREBD,114962701812188,1,138,2171,搞笑,动物综合·二创,http://i1.hdslb.com/bfs/archive/ff3f9e63b1ce723fcd35adacfe1a9b5dcce8528c.jpg,牛：不好！我的魔丸！,1754192019,65,1402229439,大丙搞笑配音,https://i0.hdslb.com/bfs/face/6104868b601276de59976e835c95428601800cc0.jpg,363580,"搞笑,搞笑视频,吐槽,配音,搞笑配音,这是一个悲伤的故事,搞笑动物配音,看一遍笑一遍",2667107,256,783,8998,960,6655,0,0,75555
BV1iBtJzKEL6,114976056416386,1,21,2197,日常,其他vlog,http://i0.hdslb.com/bfs/archive/59a3d4977a70152088b92eecefaef86bf69fabbc.jpg,挂壁房租房彻底踩坑，每月多花50块却用不了空调，早知道住网吧了,1754395815,633,3546587229849778,小A在上网,https://i1.hdslb.com/bfs/face/b496e9229ac889f7f398f69f46e8cf40c7d3c818.jpg,694812,"生活记录,生活,vlog,挂壁房,电子榨菜,城中村,网吧,租房,网吧大神,随手记录我的生活碎片",248610,549,828,987,2423,170,0,0,11764
BV1zFhWzbEQ6,114954061481416,1,21,2207,日常,随拍·综合,http://i2.hdslb.com/bfs/archive/5dad3937fcd10f90127e537ab7c31741bc534196.jpg,十年来第一次出车祸，感谢好心的大姐和四位大哥危难时刻下车来解救，也感谢老祖宗保佑我俩毫发无损,1754060077,127,392971337,美食小胖带你浪,https://i2.hdslb.com/bfs/face/ee09686c01cde7fe5f58bd20efb47f8174b5b568.jpg,155140,小视频,981152,896,1651,2119,1262,327,0,0,58187
BV1xt8SzGEgg,114949917508985,1,253,2042,动漫杂谈,动漫评论,http://i0.hdslb.com/bfs/archive/40bf89c0de3ddfbe5f7b9cd934d752708d761771.jpg,从小众恋足癖到票房制造机，名导演们在动画里藏了多少秘密？动画名监督风格解析·序【动画鉴赏】【演出拉片】【bilibili 次元论战】,1754020800,1399,1712915,动画疯人院,https://i2.hdslb.com/bfs/face/8cc9e8eabd273124d6554e18eff46011bd08f373.jpg,47168,"动漫杂谈,电影,演出,动画,动漫二创,监督,拉片,导演,bilibili次元论战",1080210,1475,983,17356,9362,965,0,0,35037
BV18ttuzAEk6,114967902686934,1,247,2106,新能源车,汽车测评,http://i1.hdslb.com/bfs/archive/61ebe06743201502d1d232b6d8978dd694d32da8.jpg,【短的发布会】燃油车的下一黄金时代 上汽奥迪A5L Sportback,1754276411,303,287795639,短的发布会,https://i2.hdslb.com/bfs/face/e455079f6c4cc76b2736fdf0417513c29c127d50.jpg,2491195,"奥迪,华为乾崑,第五代EA888发动机,全新上汽奥迪A5L Sportback,上汽奥迪A5L耀目上市,上汽奥迪A5L油车首搭华为乾崑",1382138,2238,1845,6092,2359,6009,0,0,56712
BV1LkhJz5Ebp,114951930774641,1,138,2178,搞笑,亲子综合,http://i2.hdslb.com/bfs/archive/6ebbf30baaf01392a4b2e2893469604530df0cef.jpg,亲家～我和你的距离只是隔了个屏幕而已～,1754027498,106,405378715,Alice-然,https://i1.hdslb.com/bfs/face/690b4f9cc421684ff8571477f3ba8b048a88c907.jpg,908416,"生活记录,亲情,妈妈",383682,625,523,1024,521,378,0,0,44624
BV1QRhgz5Eqv,114964413094985,1,65,2064,网络游戏,单人RPG游戏,http://i2.hdslb.com/bfs/archive/ed29c5487225bdca65a90ccd0daab57aaa3b3769.jpg,卡了一下必有大事…,1754218017,130,1617097682,梓宸爱公子,https://i2.hdslb.com/bfs/face/70bab08addd0ca74723648f78aa4d495eed064a6.jpg,1761521,"原神UP主激励计划,原神",449859,17960,674,5862,1815,312,0,0,41847
BV13ohHzkEcL,114952870305430,1,76,2152,美食制作,美食记录,http://i1.hdslb.com/bfs/archive/b2543b6e5519263a8b993ee7a83091cbf08f2b47.jpg,又是一年夏天，时间过的有点快，但好在做自己喜欢的事就不算浪费时间！列气！,1754041989,347,3461567196694763,队长0527,https://i2.hdslb.com/bfs/face/aab34fc302ea7c169ea07074beaa89de2e96e8c7.jpg,800652,"烧烤,生活记录,青春,回忆,夏天,记录,人间烟火,v lo g,徐州烧烤,B站超高清视频计划",461367,11183,861,3562,1700,781,0,0,44257
BV1kFhNz2EJq,114959430257669,1,183,2002,影视剪辑,影视剪辑,http://i0.hdslb.com/bfs/archive/c5aeecf22bdd395bf3860dc084f66a6abd143d9f.jpg,“东京社畜，隐居天狗，竹马带崽”,1754141733,215,28734721,一只芋头-taro,https://i1.hdslb.com/bfs/face/061909c2047b40e47dddd26a55fc6677fdb5cb60.jpg,145468,"兄弟情,日剧,竹马,女性向,治愈,驹木根葵汰,天狗的厨房,越山敬达,友情,盐野瑛久",447279,76,368,18790,1224,1144,0,0,26344
BV1MfhJzYE1k,114952081773802,1,25,2037,MMD·3D,同人动画,http://i0.hdslb.com/bfs/archive/ea9f21eecead9ff9f02ac92b5627dd0d2d632c3a.jpg,【鸣潮PV】漂泊的浪子，可愿伴我短暂沉溺于此？,1754035200,127,50844167,可靠de伏特加,https://i2.hdslb.com/bfs/face/b3d7d0f2f5f6f13b7a43619ec8b9f3f9af53723d.jpg,797248,"唯美,手机游戏,二次元,手书,PV,原创动画,鸣潮创作激励计划,弗洛洛,漂泊者,鸣潮",559566,355,2114,65918,63554,5902,0,40,128993
BV1uYtnzbEyw,114975720871039,1,21,2077,日常,休闲/小游戏,http://i2.hdslb.com/bfs/archive/5264f9a59c05648043c33ab9ece7856ba022d345.jpg,【逃出惊魂夜】惊魂码头实况,1754390433,679,2095518789,大啵豆,https://i0.hdslb.com/bfs/face/4d43b6078975ab57543751143413fc96c0b8f115.jpg,49779,"船长,游戏实况,蛋仔奇思妙想计划,逃出惊魂夜,小旧帽,惊魂码头,教程攻略,惊魂夜,蛋仔,蛋仔派对",172783,468,174,8144,774,18,0,0,9548
BV1PP8yzWEuQ,114946746617887,1,21,2020,日常,翻唱,http://i2.hdslb.com/bfs/archive/cfcc26a907c5d7d60948273bb4e628386cd067ae.jpg,“咳咳咳，有点呛”丨《秦时理塘》主题曲《悦光》-胡烟宾（月光胡彦斌）纯真烟嗓礼堂王子吉他弹唱丨猎奇丨呼麦丨抽象丨真正的音乐,1753956000,97,269288799,陈大东瓜,https://i0.hdslb.com/bfs/face/a446be727553193687f04ba898316caa6a200b8d.jpg,304338,"音乐分享官,吉他弹唱,秦时明月,可爱,胡彦斌,qdc耳机,记录,真正的音乐,抽象,qdc",639633,630,1607,15211,28391,18454,0,0,91105
BV1hRhgz5EVF,114964413024433,1,21,2158,日常,旅游记录,http://i1.hdslb.com/bfs/archive/919a91fa51581a78ef370d68395bab416ae01600.jpg,开着挖机游全国的路上小何被榕江交警带走了！,1754219942,686,1918776707,挖机小何vlog,https://i2.hdslb.com/bfs/face/49ed3cd1acf202dadecc5aaa27e9ac297896530b.jpg,437691,"生活记录,警察,旅游,村超,开着挖机游全国,记录,贵州,榕江",1869099,2948,1832,14482,15716,354,0,62,85630
BV1nw4dzCEuj,114976777899009,1,17,2079,单机游戏,其他游戏,http://i1.hdslb.com/bfs/archive/c3fa2acd879c6ffb87a35924eb4008cf150738d0.jpg,恐龙岛大猎杀（上），江湖团周年庆火热开启，团建活动精彩不断,1754407226,3676,3493273226185448,龙岛蛋壳,https://i2.hdslb.com/bfs/face/2389ca291eaee3b0486133845af7c25e3b0c9c9b.jpg,527944,"实况解说,生存游戏,游戏集锦,游戏解说,主机游戏,游戏实况,恐龙岛大猎杀,恐龙岛,游戏搞笑,整点电子榨菜",366613,3540,205,18670,1601,40,0,0,16365
BV1euhHzyEsR,114953390397674,1,65,2077,网络游戏,休闲/小游戏,http://i1.hdslb.com/bfs/archive/e2dadc66f78069171b7b094e04e3f87a1a1455ff.jpg,谁爱划谁划吧,1754049874,145,1410229894,W47-可爱者甚凡,https://i1.hdslb.com/bfs/face/b7854849ca09316f18adf1fb4e00c1248d22cb97.jpg,108585,"游戏,娱乐,搞笑,游戏搭子,游戏日常,沙雕,划划划,steam游戏",1635045,548,1436,25023,4794,24120,0,0,150669
BV1D34fzPEEB,114978740836438,1,47,2050,同人·手书,漫画·动态漫,http://i0.hdslb.com/bfs/archive/4490e403aab882db92c86650330c79981ef09fe3.jpg,【oc日常】第三日，你正在被安抚,1754436641,142,14500193,阿挠挠,https://i2.hdslb.com/bfs/face/5fffb42004e372134eaf40ba2aeb94fb1bc03ee3.jpg,763988,"绘画,原创,画师激励计划,OC",112251,743,1134,5283,8313,576,0,0,38459
BV1jUhWzdEmz,114955672099273,1,138,2079,搞笑,其他游戏,http://i2.hdslb.com/bfs/archive/aceb3a890bd839bfee093535ef12b8f89dc96139.jpg,坏了！让他玩到真的了！,1754107500,218,170088482,炎辰大鸽子,https://i2.hdslb.com/bfs/face/4bc94099d73d6553a64950ad99e476a3a6e4e918.jpg,1891284,"搞笑,高能,娱乐,游戏,猎奇,奇葩,恶搞,吐槽,沙雕,互联网",1414816,659,954,5688,1665,1416,0,0,55684
BV1XMhJzqEBo,114952635488414,1,138,2006,搞笑,AI影视,http://i0.hdslb.com/bfs/archive/f4ab9c80b6a56cc4d73a04945f367f51a7ff2e2a.jpg,这家伙...真的是人类么？,1754040012,439,5294454,逗比的雀巢,https://i0.hdslb.com/bfs/face/e56d8c14d3b74b4e32fbaf2ac4af119328c56c93.jpg,9590249,"高能,搞笑视频,生活,魔兽世界,恶搞,搞笑,纪录片,搞笑小剧场,魔兽世界国服20周年庆典,ai",10306015,24604,12857,189082,279286,68535,0,1,989044
BV1fphszaE9e,114955370105470,1,21,2084,日常,应试教育,http://i1.hdslb.com/bfs/archive/146245ebe128edd4f9ae6067320ac6adcf5181ba.jpg,化学海龟汤，但是难度指数飙升,1754092800,350,1129950028,CYD21,https://i1.hdslb.com/bfs/face/647c92784665197d7365543a7f3823fa4a463569.jpg,54970,"科学,化学,难度,海龟",596765,1565,1492,11097,2160,11233,0,0,55106
BV17a8CzLEyi,114947098936790,1,208,2207,校园学习,随拍·综合,http://i0.hdslb.com/bfs/archive/e99adecdf2496d2ec803e545c2391045cc78a774.jpg,穿搭要显贵,1754043300,15,1582553318,腾远高考,https://i2.hdslb.com/bfs/face/09eaa0d84654c49fcc9dd652a8c2eaeb05e44f32.jpg,204497,"高考,高中生,高三,腾远高考,高中,高一,高二",608900,1570,1438,12748,577,18328,0,0,83347
BV1cytEzVEBg,114974496130707,1,65,2071,网络游戏,射击游戏,http://i2.hdslb.com/bfs/archive/0e1e225f5c753c7aa683ee8d7ff0203112dfdca3.jpg,【完结】花费2100w开航天所有房卡，看看最终能赚多少？,1754371796,502,283784134,斯达瑞-乔吉,https://i1.hdslb.com/bfs/face/6a5fe528ff57e9e7e98313966a5e2628ad73328c.jpg,50396,"三角洲行动,绝密,开卡,航天基地,三角洲破壁新赛季上线",202017,421,209,1778,945,38,0,0,5921
BV1Pi8kz9EbM,114945823935995,1,252,2039,仿妆cos,cosplay,http://i2.hdslb.com/bfs/archive/ccaa40649b89a28c22617efe9cc7c013044a76a4.jpg,当我放弃白幼瘦审美后……,1753934491,36,260199948,林茂茂_Lin,https://i0.hdslb.com/bfs/face/b4203490608f2bd29a79c9f8246542b0ced370fd.jpg,53117,"罗小黑战记,cos,罗小黑战记2,电影罗小黑战记2,鹿野,反差",5815778,1552,5873,46407,12276,5527,0,21,604210
BV1dKhWzsEDX,114953994439742,1,162,2056,绘画,非二次元绘画,http://i0.hdslb.com/bfs/archive/d0a7d8bbea19ea7c6b3b7a4a4935f665f6948037.jpg,不随机颜色画画挑战,1754058851,33,13588917,橘里橘气的慕斯,http://i0.hdslb.com/bfs/face/adc63e933f831a9a5ecb5aad4a1336bd9c33dc06.jpg,5815,"绘画过程,绘画,手绘,画画画画画,随机颜色画画",556634,113,325,8135,2207,88,0,0,68640
BV122hpzME6U,114954480910706,2,182,2001,影视杂谈,影视解读,http://i1.hdslb.com/bfs/archive/1ae905a315672bd4f15bb47b2f117d77cfc9f83e.jpg,比咒怨还吓人！如果有一天来电显示是自己的名字，这样的电话你敢接吗？日恐三大将之一《鬼来电》；视频中一切恐怖画面均打码或重新手绘（抽象版）,1754066438,2692,20858641,冯二苟-,https://i1.hdslb.com/bfs/face/8e22aac80df2513702f9c6335a230bb6bbdeb6ea.jpg,8049,"童年阴影,恐怖片,电影解说,日本恐怖片,恐怖电影,经典日恐,经典恐怖片,鬼来电,一口气看完,万字拉片大赛",671552,2892,1984,11412,8331,1726,0,0,21801
BV139hHz1EQg,114952702724209,1,21,2201,日常,潮玩玩具,http://i1.hdslb.com/bfs/archive/3a844230fbda64449e89d9e1d637e3f6fe72365a.jpg,爆泪！20年前的拓麻歌子竟再次复活 | talk,1754046600,179,11622535,梅干鸭,https://i1.hdslb.com/bfs/face/b05e1bad8ebbcf3a54f5c4aa1114abe73cb76540.jpg,2819,"生活记录,童年,情感,玩具,可爱,把兴趣玩出名堂,拓麻歌子,古早,talk,infp",219066,605,2413,5860,3431,756,0,0,27227
BV1A18yzxEdg,114946293699745,1,30,2022,VOCALOID·UTAU,VOCALOID,http://i0.hdslb.com/bfs/archive/43f213fb7e6fce1bfb2bbe17239696fa878384f7.jpg,ヒットメーカー / 夜未アガリ feat.重音テト【本家投稿】,1753956000,222,3546949311531978,夜未アガリ,https://i0.hdslb.com/bfs/face/ee018451be0859a5d9335a3bdadc3cbfa85dd16e.jpg,22075,"VOCALOID,VOCALOID原创曲,原创曲,重音テト,术力口",281073,487,1986,52168,16847,3445,0,0,87632
BV1eDhGzREDd,114965017004951,1,138,2021,搞笑,演奏,http://i2.hdslb.com/bfs/archive/2a113a3cd501bf06beeebb5c3bee924951a81694.jpg,あいつら全員同窓会，但是洗衣机来唱？,1754227128,81,1159076516,非凯J,https://i2.hdslb.com/bfs/face/ff6c566af2e4bf39f37ddbcf0e459340bf54a6b4.jpg,24499,"生活记录,日语,歌曲,洗衣机演奏,あいつら全員同窓会,绝活,洗衣机,抽象,神人,整活",149592,128,693,3372,2050,2992,0,0,18669
BV1qbtLzdEAk,114972264765164,1,193,2017,MV,MV,http://i2.hdslb.com/bfs/archive/56489150ec4b14094fd0115fd5c9e9743591972b.jpg,【Porter Robinson & Madeon】Shelter 官方MV,1754366400,367,3546887074351496,Porter_Robinson_,https://i2.hdslb.com/bfs/face/17d948787afcd9409a9156c7fef40c31c8f27468.jpg,34849,"MV,欧美音乐,电音,电子音乐,官方,日语MV,新世代音乐人计划原创季,官方MV,Madeon,PorterRobinson",201659,464,1704,15914,13303,3249,0,0,26210
BV1oztGzHEQS,114969832066547,1,21,2186,日常,恋爱关系,http://i2.hdslb.com/bfs/archive/03ab438796aec264c596e62e05f3e60d237b9943.jpg,王洋洋总爱说肉麻话，一开始我不适应，但我现在为他骄傲。,1754300739,399,12473824,正宗氛围帅哥杰西卡,https://i1.hdslb.com/bfs/face/32cb94f713c81c2362df899b8d377b26b5951e3d.jpg,303749,"生活记录,明星,爱情",84189,72,131,1318,1245,655,0,0,7976
BV12shHzeEem,114953021365919,1,212,2150,美食侦探,美食探店,http://i0.hdslb.com/bfs/archive/eb6a7fd0b73ecf43b7c039799232a9f210a6047b.jpg,花3388元体验百年王府盛宴，满满巴蜀文化韵味,1754215200,718,1244310984,温油辣辣U,https://i0.hdslb.com/bfs/face/4537c9f338b7f157002a571e2f73ffcd4e636a56.jpg,804317,"记录我的美食日常,双味波龙,历史与美食的碰撞,干烧罗文参,蜀王府,黑金鲍",651237,903,316,6607,2305,171,0,0,16307
BV1Seh8z8Ezb,114958406850667,1,29,2020,音乐现场,翻唱,http://i1.hdslb.com/bfs/archive/9500d8c387c3d80bf2d20e2ab79a7c306b5f24d1.jpg,蔡徐坤劝你别读博,1754126220,215,21442590,馄饨皮茄总,https://i0.hdslb.com/bfs/face/29d3bf75ec95524532a9ce36d1232ef441889a1d.jpg,29249,"蔡徐坤,cover,博士,科研,学术,读研,读博,deadman,PhD,翻唱的N种打开方式",977539,945,1932,16476,29888,14077,0,96,93107
BV1wUtnzEEgJ,114975217557316,1,182,2043,影视杂谈,动漫速读,http://i1.hdslb.com/bfs/archive/b10db0d7971a99b42a4e4d540107c1a11f1fb9d7.jpg,家庭暴力、校园霸凌、杀人藏尸结合能掏出神奇道具的章鱼，简直太暗黑了,1754391600,1879,604710494,长片短解,https://i2.hdslb.com/bfs/face/6ccceba6ec8fe60d700f9f7c2910c08d70b03fe3.jpg,2449377,"电影解说,动漫剧集,uwant,章鱼噼的原罪,不发臭洗地机,友望云朵2.0,校园霸凌,奇幻动画,高分动画",232794,1668,1037,5337,1987,1217,0,0,14550
BV1fohnzXE4m,114953256241317,1,219,2167,汪星人,猫,http://i2.hdslb.com/bfs/archive/6fae3bc7497b4a3b1d0e5fc56741dc16e5923f3a.jpg,人生的旷野怎么能缺少小猫小狗呢,1754048084,217,3546946425850423,一口一个团up主,https://i1.hdslb.com/bfs/face/33fcb94a59b9c4e52c8e95ef97176c1cf408474f.jpg,359810,"人生,汪星人,边牧,猫狗,小狗,小猫,旷野,萌宠过暑假",429760,670,1538,7862,6478,2218,0,0,82064
BV1gGhhzeE6i,114958255784274,1,47,2037,同人·手书,同人动画,http://i1.hdslb.com/bfs/archive/ca7a4372c8f9878102ac3758a56868c71e5f27a0.jpg,15岁自学动画爆肝5个月，尝试手绘动画二创《越狱兔 第六季》,1754131200,262,1585678426,叫南瓜皮的我,https://i1.hdslb.com/bfs/face/d1241d8de7784fdc5d090f6439690673a2634134.jpg,39944,"童年回忆,学生作品,手绘动画,越狱兔,动画,同人,自制动画,爆肝",2070998,2095,4078,66113,131545,7899,0,7,248928
BV1r9hnzREDG,114953625279381,1,86,2041,特摄,动漫剪辑,http://i1.hdslb.com/bfs/archive/c19f9a71407f13355ba37d6bea81a45e81273591.jpg,【𝟖𝐊/𝐇𝐃𝐑/𝟏𝟐𝟎𝐅𝐏𝐒】太空服白月魁vs嵌合体马克太空战,1754069173,179,675872284,IM闪电,https://i1.hdslb.com/bfs/face/678d87055389a45c74bd659afd935781310029fa.jpg,126136,"白月魁,灵笼第12集,灵笼白月魁,动画种草激励计划,嵌合体马克,灵笼太空战,灵笼12集白月魁vs马克,马克,太空战,灵笼",680695,551,2034,7911,3484,4016,0,0,18190
BV1oRtuzyEyc,114969815420216,1,65,2071,网络游戏,射击游戏,http://i2.hdslb.com/bfs/archive/74eb5d0917d34d903028058f8e8f691ee8749792.jpg,给我7分钟让你爱上绝密航天跑刀77！,1754300530,478,3546897845324636,汉跑跑三角洲行动,https://i2.hdslb.com/bfs/face/93f7c38cd7e4ab5cfdc8e715103ea4e7888462d5.jpg,21355,"FPS,航天,三角洲行动,绝密航天,航天跑刀,教程攻略",596011,602,581,4241,588,1269,0,0,39753
BV12ShpzKEwD,114954514470130,1,250,2148,出行,其他手工,http://i0.hdslb.com/bfs/archive/322f6a408f7e667a1bd2ed7916f3f75030313776.jpg,设计这个柜子的人一定是个天才！！！,1754100000,19,26077555,東君小宇,https://i1.hdslb.com/bfs/face/5e7b2c2e1ddc4f9b7b2ace556b243020a3168cf3.jpg,434620,"玩具总动员,高能,迪士尼,家居,设计,巴斯光年,胡迪,家装,旅行攻略UP主激励计划",4801844,392,1798,12838,1969,3854,0,94,172185
BV1ndt3zQE3e,114970570265316,1,85,2154,小剧场,剧情演绎,http://i2.hdslb.com/bfs/archive/0ed07aa4032f2b75a5bf73316959b05a1ff9a042.jpg,悬疑西游之十殿阎罗【一】,1754312245,315,3546879646238851,真-赵某人,https://i1.hdslb.com/bfs/face/feb3cc21847c80f14a31783123f943db761bf353.jpg,78309,"原创,悬疑,反转,剧情,西游,一人分饰多角,赵某人",196675,343,290,5922,834,85,0,0,21289
BV1ZktGzJE51,114969865623003,1,161,2104,手工,自制发明/设备,http://i2.hdslb.com/bfs/archive/fc069a535ed5161ab8fc6a4df17af8abba62ebb9.jpg,玩到真的了,1754301179,113,4896879,油七桶,https://i0.hdslb.com/bfs/face/75afaf6bf16ffaaec2e9c9da0393b08ab41373fd.jpg,17980,"猎奇,3D打印,搞笑,游戏,模型,你试你也过不了第二关,沙雕,别笑,带派,游戏手工发明家",609737,198,599,2555,789,1878,0,0,18876
BV1Bjt3zEEMv,114968926096205,1,138,2154,搞笑,剧情演绎,http://i2.hdslb.com/bfs/archive/bc8ad84ed86de02bedb1a2290f3a9163c08224d0.jpg,《关于同事外卷这件事》,1754301600,94,1699496602,李什么闯啊,https://i1.hdslb.com/bfs/face/35c7e7548611cd51bad82e2071bfe739f23315d4.jpg,942788,"搞笑,办公室,内容过于真实",1574564,919,1875,31453,13674,14680,0,35,200957
BV1GutgzNEvg,114969395860253,1,137,2014,明星综合,娱乐综艺正片,http://i0.hdslb.com/bfs/archive/3f2969b181312eca1bd0d41da18422f2b6432d3b.jpg,【时代少年团】《小炸的暑假生活》03：暑假拍了部偶像剧,1754301600,1740,3546630773016865,时代少年团,https://i1.hdslb.com/bfs/face/cffb453787f60a1f13cd49deecc5974e2dad40ff.jpg,3406130,"时代少年团,小炸的暑假生活",1030752,246947,3108,15275,15618,2203,0,0,57937
BV1z9tuzLEkV,114969765024892,1,76,2152,美食制作,美食记录,http://i0.hdslb.com/bfs/archive/39abb9ba081d0d5c0cc28ef101a1853bfed87535.jpg,他们都笑话我可我偏偏最好笑，终于吃上麻辣小火锅了,1754299626,371,272654283,咸鱼梦想家vlog,https://i0.hdslb.com/bfs/face/567a3dfeeddcfb96ae643bc3d8f6c5e5587830e0.jpg,2530651,"吃货,火锅,生活记录,记录我的美食日常,出租屋,小火锅,Vlog",522674,1989,712,6307,2372,492,0,0,22552
BV1iShGzxEjy,114965100895300,1,21,2037,日常,同人动画,http://i2.hdslb.com/bfs/archive/971e858a84b25c2d6603cd22b148afd9eddac151.jpg,😱爱音捡了一沓钱😱,1754228423,101,3546651645970961,UV唐大头,https://i2.hdslb.com/bfs/face/f4a31b23d11128feb844907888636983794ada68.jpg,13016,"二次元,迷途之子,AVEMUJICA,MYGO",149721,165,627,7085,666,3694,0,0,18317
BV1vghWzQERA,114954212481990,1,17,2176,单机游戏,亲子互动,http://i0.hdslb.com/bfs/archive/29ab04151e099f3079ab0f43a4d8e4d7ecd5d249.jpg,爸爸的锅女儿背！7岁游戏UP的生日礼物都有啥？,1754107200,579,3546556791786051,龙豆卤面,https://i0.hdslb.com/bfs/face/0b11f24311260d34b35b95c25870c24295bba57c.jpg,470990,"万物皆可游戏,单机游戏,生活记录,主机游戏,PlayStation,去你家打游戏好么,PS5,Vlog",266870,2835,642,1490,2551,363,0,0,22914
BV1V181z5E57,114947853911066,1,216,2044,鬼畜剧场,动画配音,http://i1.hdslb.com/bfs/archive/d3bddf56330ca1cc655650838111defdbb3800b1.jpg,光头强戒GTA,1753965444,452,179029938,智者Prophet,https://i0.hdslb.com/bfs/face/196f2a5c9bf70136f7417d5db19ef146700fd217.jpg,10979,"光头强,GTA,游戏,熊出没,搞笑配音,整点电子榨菜",666378,1982,977,8334,4000,4019,0,0,46122
BV1wGhpzaEi4,114954648686323,1,138,2154,搞笑,剧情演绎,http://i2.hdslb.com/bfs/archive/f7ea7e23b2d4221c32ebd2b0f60d5e46f97d5ed5.jpg,当公司禁止喝蜜雪■■后，我顶风作案！,1754125200,151,35888636,养胃的霖冬,https://i2.hdslb.com/bfs/face/46c1a8f12b03ddc89fc6b37d5e11e66e31d57625.jpg,832256,"脑洞,搞笑,高能,搞笑小剧场,雀巢工作室,东方明珠,沙雕,手偶剧,蜜雪冰城",1155612,749,846,23861,39465,725,0,71,103813
BV1zC8BzaEPq,114943810606823,1,250,2150,出行,美食探店,http://i1.hdslb.com/bfs/archive/5347e6df00e7ce7efbd6c8344424119d817d9e37.jpg,跟着小学生连吃6家！泰国校门口的路边摊到底怎么样？,1753952400,668,14110780,凉风Kaze,https://i1.hdslb.com/bfs/face/e0cc906bb531195e9ee9f3b575effdd2b056eaea.jpg,7151754,"街头美食,街头小吃,泰国,跟着UP主看世界,路边摊,阅片无数,凉风Kaze",958540,1230,564,2344,1446,272,0,0,37349
BV1hLhHz6EmB,114953323289514,1,176,2154,汽车生活,剧情演绎,http://i1.hdslb.com/bfs/archive/dd24006c6b597d94453317692511207e6d1e4e2b.jpg,环游王者把家归，小小侄女身后追~,1754190300,121,1194144659,车小白-,https://i2.hdslb.com/bfs/face/9cc5a0aae824ee21051aae1ecb7a17a3a7e1c460.jpg,108600,"姑姑,环游世界,乌尼莫克,房车",493900,268,315,1453,661,168,0,0,36389
BV1yQhszkER1,114955319774873,1,65,2071,网络游戏,射击游戏,http://i1.hdslb.com/bfs/archive/9df2b4b7a3391866462eaabc9e9e53062ea2e808.jpg,剥蒜的情谊41.0,1754103600,70,12705018,NinthA-,https://i0.hdslb.com/bfs/face/90fbf5732bd3bffd6a4d094acec17d30756f581e.jpg,190427,"猎奇,三角洲行动,三角洲欢乐剧场,三角洲搞笑",1981457,13744,820,11700,2008,4918,0,0,101478
BV149t7z7Ee6,114975049782858,1,65,2078,网络游戏,沙盒类,http://i0.hdslb.com/bfs/archive/517177310629af5d7a65b958c25dbd3c30857373.jpg,当所有方块变成钻石块，该怎样生存,1754380983,356,35734399,小橙子姐姐解说,https://i1.hdslb.com/bfs/face/7af5ccb8df46b88ff13b172fabbfab94aad5eb28.jpg,2219835,"生存,沙盒游戏,我的世界,minecraft,MC宝藏模组推荐,小橙子姐姐",2473267,4599,310,37585,2460,84,0,57,50908
BV1KntGzvEfz,114970301827939,1,138,2182,搞笑,心理健康,http://i1.hdslb.com/bfs/archive/e9e8b039637cdda3d92f4d72c2ccb46012818116.jpg,过度思考，焦虑症？孩子不是在钻牛角尖，他只是在给自己找活路,1754307724,87,3546883385461219,猫meme小山楂,https://i1.hdslb.com/bfs/face/2c0ab4995c2dde5f5927c6d59d6b3db798ee377d.jpg,17847,"猫meme,焦虑症,过度思考,敏感型人格",161856,573,1130,11395,1253,2036,0,0,27693
BV1fohnzXEvr,114953256241811,1,138,2155,搞笑,语言类小剧场,http://i1.hdslb.com/bfs/archive/be52382e8fb654a2dacd1e50a06d3941aba352ce.jpg,《我对骨头不感兴趣》,1754107199,122,3493260618106936,伤心欲茄222,https://i1.hdslb.com/bfs/face/1f0cb64d9b62da7db7e6e020b78b6872dbffe55c.jpg,3275107,"搞笑,八嘎,转转,配音小剧场",2135141,1426,1412,7745,3545,1815,0,57,198621
BV17RtuzyEVx,114969815288588,1,182,2001,影视杂谈,影视解读,http://i0.hdslb.com/bfs/archive/f9545de266cc9a5e628904414d788433b7605ee4.jpg,深井求生！冷门悬疑《窨井盖》：新郎婚礼前夜意外掉入井中....,1754300261,2704,7948129,-7ero-,https://i1.hdslb.com/bfs/face/50428b929ae7e6708c5d4af38bfe4a3b51dce5f5.jpg,459153,"推理,冷门,悬疑,电影解说,7ero,可爱解说,窨井盖,万字拉片大赛",195940,3070,776,3253,6310,309,0,0,11059
BV1tjhJzwE3r,114952551534329,1,208,2188,校园学习,自我成长,http://i0.hdslb.com/bfs/archive/137957c7b9ed6628474932f9d955303a6c02bb1a.jpg,学习的时候老是跑神怎么办？怎样让自己静下心来？,1754037113,537,1497463202,晓艳教英语,https://i2.hdslb.com/bfs/face/a88c9e1dcb223514403ee99e3f98c618853ffcfc.jpg,1207817,"学习,正能量,励志,考试,是老师，也是UP主,静心,走神,刘晓艳",386572,592,732,44087,9399,3263,0,0,57324
BV1pVh3zwERy,114963943266590,1,253,2001,动漫杂谈,影视解读,http://i1.hdslb.com/bfs/archive/177a99d3be49dbf7a32c6806633c15dc016a9f0b.jpg,世上没有浪浪山，或者 人人都在浪浪山。,1754210691,279,1249029768,野人少女79,https://i0.hdslb.com/bfs/face/f7b1b6f2ce7b92fd435c1318191b93f31e3bfc29.jpg,573778,"治愈,浪浪山小妖怪,UP热评影视剧",1332836,70,293,19074,1118,165,0,0,21772
BV1T6h8z4ELK,114958339807315,1,17,2073,单机游戏,动作竞技游戏,http://i0.hdslb.com/bfs/archive/993df81f291a5a164011eda711f1039a92696e0b.jpg,【速凌】怀揣哥？你这是干嘛啊？？,1754126828,466,3546875066059052,高司令-速凌电竞,https://i2.hdslb.com/bfs/face/8119a560bc06a6436665606570a7332cb0756a89.jpg,1273009,"游戏实况,FPS,永劫无间手游,速凌电竞,永劫手游张起灵,永劫手游古墓夺金,永劫无间张起灵麒麟回响,三角洲,沙雕,高司令",4736185,49668,4989,54490,17507,10088,0,8,247732
BV1cd8qzvEgM,114942183212603,1,193,2023,MV,AI音乐,http://i1.hdslb.com/bfs/archive/57ec30269dbe81c426264460e50e7db498951745.jpg,【AI邓丽君】美美桑内 One Spot | Cover 沈佳润,1753878619,148,174382345,唯君与共,https://i1.hdslb.com/bfs/face/bae2a50cae62cb8221be8701bdf01b6986e9072f.jpg,15728,"音乐分享官,邓丽君,AI,COVER,美美桑内,One Spot",1710497,327,651,16484,10506,2687,0,0,131322
BV1iHh8zBEK9,114958809439215,1,216,2063,鬼畜剧场,鬼畜综合,http://i2.hdslb.com/bfs/archive/ce385c2c5ebb3f366dfc84814d6fe90e390f0d21.jpg,孔 明 新 说 唱,1754193300,167,15460461,可大师,https://i0.hdslb.com/bfs/face/f9d7c5b563ea98bb3516d68be6c45381c5bb9bc6.jpg,64095,"诸葛亮,说唱,三国演义,诸葛孔明,鬼畜,rap,崂山道士,鬼畜说唱",146767,183,483,2975,4989,421,0,0,16066
BV1RBtJzKEse,114976056479294,1,17,2066,单机游戏,单机主机类游戏,http://i0.hdslb.com/bfs/archive/9f27dfd2c20080d34fb2e4fd33e5057d5ad13710.jpg,最强勇者背叛了人类！魔王竟然是批量生产出来的？一个人做了14年的独游《神之天平》讲了什么故事 ②,1754395714,1658,7206526,蓝二烟,https://i1.hdslb.com/bfs/face/53a7b595df5b15769c6022ec66337d1e589d2db7.jpg,705711,"独立游戏,神之天平,游戏剧情,arpg,整点电子榨菜",146433,389,329,4823,3022,89,0,0,7001
BV1SH8Bz2EA8,114941965112728,1,218,2167,喵星人,猫,http://i0.hdslb.com/bfs/archive/283f0cd8c8cf7e79cbe7229aa89b654dbc35ea94.jpg,猫：我好像被做局了,1753875416,15,241771582,开朗的菠萝头大王,https://i1.hdslb.com/bfs/face/87395d8a9c04751ac4ec02b923ab11b8a83a958d.jpg,587812,"猫咪,喵星人,田园猫,橘猫,包被,菠萝头,萌宠过暑假",1908048,482,1530,11430,751,4978,0,0,172519
BV1eo86zhEdD,114944834015754,1,173,2207,桌游棋牌,随拍·综合,http://i1.hdslb.com/bfs/archive/49af627f24836a4599ec7e8898198c588318e71c.jpg,当你迷茫时，不妨听听曹操最喜欢的谋士郭嘉临终前说的话吧,1753919020,21,564751055,大魏忠臣袁本初,https://i2.hdslb.com/bfs/face/21a2a1599b0e0e1b14e5e30206e09ae12c5cfa8d.jpg,476,"曹操,三国杀,郭嘉,古人,吟诗,抽象",525483,1144,1802,8861,1050,30538,0,0,60813
BV1rQ82zFEzV,114949280172562,1,162,2057,绘画,绘画学习,http://i1.hdslb.com/bfs/archive/1210b0f72be4416a96f696d269a07676d6a010b6.jpg,【改画】上色没效果？掐这些“点”！,1754020800,404,43873002,凡老贼,https://i0.hdslb.com/bfs/face/c055054bbaf1a87e4affcfa102d00e219a847440.jpg,169718,"上色,绘画,零基础,板绘,二次元,蔚蓝档案,绘画技巧,绘画教程,日富美,改画",494228,561,923,24122,4609,1209,0,0,70627
BV1rytEzVEHM,114974496263161,1,228,2103,人文历史,工程机械,http://i2.hdslb.com/bfs/archive/9aed2f84935d4f10057d5161b7cce9c216613888.jpg,1.2万亿再造5个三峡，雅江水电站对中国意味着什么？,1754372103,427,26108626,赛雷三分钟,https://i1.hdslb.com/bfs/face/4eb764b8c6afc48ad1e7aaf84b0f58db3d4dbb3f.jpg,3230375,"三峡,地理,科普,雅江水电站,青藏高原,发电站,雅鲁藏布江,万物研究所",398395,1797,1825,3288,2183,666,0,0,34284
BV1U4hAznEH2,114941126379120,1,218,2167,喵星人,猫,http://i2.hdslb.com/bfs/archive/681664bca5767f24eaa753ef127fbac28a87111c.jpg,一向叛逆的猪咪，为何铲屎官生娃后性情大变？,1754128800,191,15131634,海藻爱麻麻,https://i0.hdslb.com/bfs/face/af49632e118e898a6597da9eb85a061b2d8f1323.jpg,349889,"喵星人,a2奶粉,a2牛奶,萌猫和萌娃,a2至初,找回生命至初的微笑,猫陪孩子长大,牛奶,人类幼崽,闪闪的儿科医生3",849256,501,777,6278,848,611,0,0,97106
BV1wshbzmE6H,114956947162424,1,17,2078,单机游戏,沙盒类,http://i0.hdslb.com/bfs/archive/2c33a11213391a20eeb36f57fb403f6e112cb672.jpg,一口气看完圆梦镇！！,1754107531,4858,3546780297857541,沉迷游戏的島风,https://i0.hdslb.com/bfs/face/46ea40d6eed24135232ffa7310b4e60cd9831332.jpg,99195,"建筑,沙盒游戏,我的世界,实况解说,游戏实况,一口气看,合集,小镇,像素风,一口气看完",3750961,3258,647,210440,45230,1363,0,6,186673
BV1Pt8BzCEZ1,114942166503383,1,216,2063,鬼畜剧场,鬼畜综合,http://i0.hdslb.com/bfs/archive/dab6789e16e02fed33c9df73a979540136abbaa4.jpg,《蜜雪冰球计划》,1753878547,246,81031914,嗨刻,https://i0.hdslb.com/bfs/face/bf1927d82975c3299ca2befa3e564789e1ac805f.jpg,97602,"鬼畜,拼好饭,上海规则怪谈,上海安卓拍照,流浪地球,蜜雪冰城,鬼畜剧场,鬼畜星探企划,B站好片有奖种草,东方明珠防御塔",1887352,5904,2084,23853,14665,18112,0,90,103627
BV14WtGzYEXn,114970335449889,1,171,2070,电子竞技,MOBA游戏,http://i2.hdslb.com/bfs/archive/b4e7274594bdc240964bce38eca3312be3c0d69a.jpg,“新赛季弈星精讲教学！5分钟锻炼你的内心！！”,1754308398,628,3461563532970274,余77ovo,https://i1.hdslb.com/bfs/face/cc57de5a8ee66eab2f970cc09fc799e35f56149b.jpg,108709,"王者荣耀,王者荣耀夏日盛典,101俱乐部,MOBA,内心,教程攻略,干货教学,弈星,弈星教学,王者荣耀山海皮肤",69442,355,327,2397,673,110,0,0,3517
BV1vGhWznENw,114954195704183,1,21,2037,日常,同人动画,http://i0.hdslb.com/bfs/archive/7a5b153361b56d58893d8d91172b2755d24e3e58.jpg,“感谢你们的热爱”,1754062029,82,3546845057910803,gal小指南,https://i2.hdslb.com/bfs/face/613768ab1d9a0e0e3952c5ce234251deba4db944.jpg,14853,"GAL,剪辑,galgame,汉化组,感谢",666375,1483,2168,24475,19593,1560,0,0,132380
BV1oVhAzFEGA,114941612920956,1,21,2088,日常,社会观察,http://i1.hdslb.com/bfs/archive/3e0a4440b38ad93e9519408af40090fd2cb3b108.jpg,这个“诈骗视频”，我希望全国都能看到！,1753870007,226,3462389,川烈,https://i2.hdslb.com/bfs/face/dff114c1a5060fec5daf5f7a15052a408694b429.jpg,738059,"正能量,反诈骗,反诈骗宣传",3067191,3360,4587,39899,79429,4226,0,6,270765
BV1D4htz4Eda,114957920312468,1,213,2151,美食测评,美食测评,http://i0.hdslb.com/bfs/archive/8a91e256f27f604295685c1bb9a2f8d757469231.jpg,这是我做低分外卖的初衷！,1754127000,341,667242071,老戴是减肥侠,https://i2.hdslb.com/bfs/face/e0c7b2af4581f03d1aa033a2230170476f0bc7bf.jpg,14113,"绘画,生活记录,吃货,低分外卖,记录我的美食日常,辣个老板,记录,杭州,外卖",345475,418,200,622,1497,75,0,0,21022
BV1awtMzwE22,114968573839920,1,158,2114,穿搭,鞋服穿搭,http://i0.hdslb.com/bfs/archive/5e0b71ca40675c815190ed7a23aa72a60ecfb5fa.jpg,单品拯救｜妈妈的衣服也可以很时尚！,1754281441,437,361775100,怪力老陈,https://i0.hdslb.com/bfs/face/1302cf417c3f44d1b58f0ee180c8eb87f283dfbe.jpg,1491576,"日常,生活,女装,穿搭,服饰,日常穿搭,衣服,单品,穿搭技巧,趁热时髦穿",382775,736,492,3344,4489,192,0,0,40832
BV1G5hczDEPZ,114940757149091,1,76,2149,美食制作,美食制作,http://i2.hdslb.com/bfs/archive/b6995e5fa20a9b83621dcce757c5fe04dabd0b9f.jpg,到底是谁发明的这玩意？！,1753866000,268,52190805,麟宣森,https://i0.hdslb.com/bfs/face/48178da68439bc0e56cee050c9732000f4f35b93.jpg,2289582,"意大利,美食制作,披萨,记录我的美食日常,狂星期四,麦当劳,大学生,肯德基,必胜客,达美乐",1790270,451,420,5831,5071,473,0,0,31563
BV1Yhh3zSEvC,114963742001861,1,212,2150,美食侦探,美食探店,http://i2.hdslb.com/bfs/archive/5eed00ca187d64fc3b79b6ab598e9a349474505d.jpg,街边酱多多糖醋铁板烧，配上豪华寿司饭张力拉满！,1754215200,444,6087825,小紧张的虫虫,https://i0.hdslb.com/bfs/face/946c1bfb362b53a834daa5bde15c2cb2b1e58c4d.jpg,4947065,"美食侦探,美食,美食vlog,美食探店,挖掘身边的宝藏小店",503605,662,249,2799,2459,560,0,0,22106
BV1Xjh5zdEBV,114966493399952,1,122,2198,野生技能协会,休闲玩乐,http://i0.hdslb.com/bfs/archive/28f41a6671f1d7d95d8f3c9daa51e13ee46e42a6.jpg,刘谦给美女表演“猜金桔”游戏！为什么三颗金桔总是数不完？,1754249818,209,521689911,魔术特白,https://i0.hdslb.com/bfs/face/80979713c89cab28f951cde07b08d3739f7c23c8.jpg,423978,"魔术教学,美女,刘谦,撩妹魔术",4488749,403,584,16952,1027,134,0,84,46412
BV1G9hHzyEWq,114952702532985,1,176,2106,汽车生活,汽车测评,http://i2.hdslb.com/bfs/archive/6bacacb360390cafa343e4430bb169307f5d1774.jpg,家用车真能撞赢卡车？理想i8对撞卡车事件,1754039220,114,99769189,区胖曰车,https://i1.hdslb.com/bfs/face/f0239f28f1301e17a2d0d8d6852499eddd560212.jpg,176113,"乘龙卡车,理想i8,碰撞测试,理想汽车",1543938,910,4330,1809,1540,1622,0,0,45903
BV15o8MzGE4N,114907202848170,1,17,2078,单机游戏,沙盒类,http://i2.hdslb.com/bfs/archive/c77c737147efa7bc04387c523bd537a7f4b58794.jpg,野猪小队-第32集-完整版,1754355600,627,11560113,小麦块,https://i0.hdslb.com/bfs/face/7b424bc6060a4fd2600c48ba25296570b4df4a4c.jpg,209534,"我的世界,Minecraft,野猪小队",1092606,326,81,12761,679,23,0,0,12727
BV15LtjzsERL,114973976040354,1,172,2064,手机游戏,单人RPG游戏,http://i2.hdslb.com/bfs/archive/86eaabcec84886630af16333dfbfa43d3188e150.jpg,全地面六星干员 VS 澪，斩业星熊首秀！【明日方舟】,1754363876,891,12073864,-碱式碳酸咸鱼-,https://i1.hdslb.com/bfs/face/de64ffc4031f4ec3f068527a8cbc4a1ac9cc4bb7.jpg,534611,"娱乐,明日方舟,斩业星熊,AT-7,澪,墟,泰拉探索协会,明日方舟创作者应援计划",484870,2470,1087,2191,2302,441,0,0,26867
BV1GMtGzCE9E,114970167608577,1,47,2050,同人·手书,漫画·动态漫,http://i2.hdslb.com/bfs/archive/f07567de97c444ffd295bdbf4f055c13b8fd472a.jpg,三角洲行动｜双鬼拍门 你再看看你的后面呢？,1754305570,25,54983407,阿桀阿阿阿,https://i1.hdslb.com/bfs/face/68a4b2bc5c7c8aef5c47d35ddbb76e250df71997.jpg,16614,"漫画,手书,动画,同人,盾狗,三角洲行动,蜂医,三角洲,双鬼拍门",209549,94,645,5260,573,581,0,0,22309
BV1Vut5zDEkJ,114970989694770,1,17,2055,单机游戏,二次元绘画,http://i1.hdslb.com/bfs/archive/775eca82ed85fd587d4b0c0f562595978e85f032.jpg,5年不见，兽娘为Steam玩家献上最后礼物——动态头像壁纸、个人资料卡,1754318163,120,85816940,混沌之神虚妄喵,https://i2.hdslb.com/bfs/face/8a4aa2d756796bf1a6aadc384e713c90d0e5da3d.jpg,217578,"RPG,猫娘,二次元,单机游戏,国产游戏,独立游戏,steam,兽娘秘境,我在B站做游戏,叛逆神魂",114146,123,429,3944,2255,321,0,0,11280
BV1uchszmEUA,114955806312566,1,171,2071,电子竞技,射击游戏,http://i2.hdslb.com/bfs/archive/162ebd4580af2b9789f4074832e86d4f7856db8d.jpg,三个被缴了枪的鼠鼠，做梦也没想到，这局居然如此美妙,1754086825,228,696950948,冰茶电竞,https://i2.hdslb.com/bfs/face/67571b1cbd53f79a258b36eefbf0cf0e3febcbd7.jpg,52721,"电子竞技,射击游戏,三角洲破壁新赛季上线",1429717,408,2611,9635,738,3157,0,0,73457
BV1kdhpzwEQ2,114954447362286,1,27,2063,综合,鬼畜综合,http://i2.hdslb.com/bfs/archive/0499e6aa72856df8b0cb3dd1e9ff7f50b3a28d63.jpg,熊の方块,1754065934,40,268120490,夏目渚禾口,https://i2.hdslb.com/bfs/face/b30e15301397b40ab016d1e83d572dfd38f093d8.jpg,25088,"鬼畜,俄罗斯方块,熊二,熊出没",744782,470,1381,12525,1095,3121,0,0,79232
BV1chtGzZEdP,114969915952031,1,172,2064,手机游戏,单人RPG游戏,http://i0.hdslb.com/bfs/archive/d5632129f2575b6ca50a113d78a818160073a87c.jpg,萌新也能看懂的空月之歌序奏解析，完整梳理时间线【原神空月之歌序奏解析】,1754302144,1781,1876542,骚橙丶,https://i0.hdslb.com/bfs/face/88ff923b981c0f6a6db049e056ebc0cdd5f98937.jpg,606859,"原神UP主激励计划,烬寂海,挪德卡莱,莉安歌,伊涅芙,十三领主,原神,伊葵,原神高能团",190059,1750,1394,4336,7958,508,0,0,20650
BV14YtEzDEP7,114974814963090,1,76,2149,美食制作,美食制作,http://i0.hdslb.com/bfs/archive/246e4f4c283727f1edd53518deff2c9563f7940f.jpg,新手学做菜入门级教学,1754377476,453,472102908,阿蔡美食雕刻,https://i0.hdslb.com/bfs/face/b5475839b0bcee3188920df8440746ba18d9a69a.jpg,4262113,"美食制作,美食教程,厨艺",289530,471,455,1536,1631,318,0,0,26004
BV1ov8CzVEJv,114947132622095,1,182,2001,影视杂谈,影视解读,http://i2.hdslb.com/bfs/archive/eab4d910a8f9cfee91a11b6ca95bd1a88d9caefa.jpg,别害怕这部电影，别错过今年最佳！《南京照相馆》就一场直击灵魂的震撼,1753954182,615,79061224,刘老师说电影,https://i1.hdslb.com/bfs/face/145226ff2d32d7c99b8ea3591ffec2f38fc9d3d3.jpg,5218220,"南京,电影解说,影评杂谈,UP热评影视剧,南京照相馆",865221,2435,2923,7916,11218,2923,0,0,40799
BV1sEtMznE9z,114968724838549,1,95,2100,数码,手机,http://i2.hdslb.com/bfs/archive/68af5ff55b3bbc12c2eb6038a68f09016cbdcfee.jpg,折叠机皇该有的样子！Z Fold7&Z Flip7&Watch8全面升级,1754290245,423,471303350,大狸子切切里,https://i2.hdslb.com/bfs/face/a6d51b89c93517a72949b0a469126445cd4d33bd.jpg,2634878,"三星,安卓,数码,手机,三星超轻薄折叠旗舰,三星 ZFold7,三星 Watch8,三星 ZFlip7,折叠屏,切里",298639,717,387,2816,4611,1306,0,0,9535
BV1sjhLz1EWR,114965637766480,1,172,2077,手机游戏,休闲/小游戏,http://i2.hdslb.com/bfs/archive/f848f6bbfe8668978cff7b71f3f225ce6232dd77.jpg,蛋仔派对：兔仙的南瓜保镖！,1754236624,149,64621079,隐秘的兔仙,https://i2.hdslb.com/bfs/face/a557213fddae799ef9963d790ea571ce22b7ddf0.jpg,463192,"蛋仔派对南瓜入侵,隐秘的兔仙,蛋仔奇思妙想计划,蛋仔派对",1004739,281,303,13256,876,22,0,0,13771
BV1WytuzHEZm,114969664295593,1,21,2046,日常,网文解读,http://i0.hdslb.com/bfs/archive/7301548f04680ae60c5070e25b7ef82fe8c9933f.jpg,你天庭上面有人？抱歉，我上面可没人了！,1754298217,151,72969462,笔给你你来写_,https://i0.hdslb.com/bfs/face/8e8a57daeb8ee0b50e6fa4e66c4f18f849fc601c.jpg,1132747,"小说,原创,脑洞,曼波配音,随笔,西游,原创剧本,笔给你你来写,沙雕段子",371159,350,799,1762,1001,320,0,0,34647
BV1p2tnzSEke,114975301506248,1,138,2188,搞笑,自我成长,http://i0.hdslb.com/bfs/archive/a810fe4b8b00128ffabe4380e62cd93654445f93.jpg,人都是怎么变得坚定且不拧巴的,1754384330,147,1511660367,西一昂叨叨版,https://i0.hdslb.com/bfs/face/294427fa81f92c09dde0675f2e114fa0bbc5aba1.jpg,484524,情感,99967,35,181,5376,672,360,0,0,12265
BV1bRhJzKEmE,114952065060821,1,138,2156,搞笑,UP主小综艺,http://i1.hdslb.com/bfs/archive/e71c3b6a86777cdb51c410b26037567df20a867c.jpg,哈哈哈哈食物卧底,1754029835,245,551931509,小歪很拽,https://i2.hdslb.com/bfs/face/961bf1b9c9551c209a44d3463990190c36b3cdb1.jpg,1260460,"综艺搞笑,谁是卧底食物版,趣味游戏,办公室游戏,看一遍笑一遍,搞笑研究所",668101,862,359,1773,813,338,0,0,28881
BV1q78yzyEhF,114946931299871,1,215,2150,美食记录,美食探店,http://i1.hdslb.com/bfs/archive/23bf7b0d3c823b325a02ac20a2cc1207c569e714.jpg,芬兰一家飞5000公里探秘非洲《中餐厅》！第一视角暗访揽客到用餐全过程！揭秘综艺拍摄真相！,1753952446,1349,323024456,雨琪在芬兰,https://i2.hdslb.com/bfs/face/59f832f5fdb0a01391339ce842e4dae00c2f504a.jpg,2094547,"黄晓明,尹浩宇,舌尖真探事务所,沈月,探店,中餐厅,老外吃中餐,丁禹兮,翟潇闻,外国人吃中国美食",3821877,11182,8306,27445,45776,3755,0,19,128977
BV1guhbzZEn1,114957450484919,1,47,2037,同人·手书,同人动画,http://i2.hdslb.com/bfs/archive/f6ebddc7ece7ea9ea7a1022219154fbdcff286e4.jpg,我将全身涂抹老鼠药，这时邻居遛狗进了电梯,1754111704,1257,3536995435415579,叶雪颜悬疑,https://i2.hdslb.com/bfs/face/7579c3db5d5af3db1c74d27de9b26c7aa3e07f31.jpg,198644,"惊悚,悬疑,恐怖,原创",1181469,3781,941,28708,3072,1254,0,84,89921
BV1D58BzHEfx,114941981888436,1,65,2071,网络游戏,射击游戏,http://i0.hdslb.com/bfs/archive/71b46c454693f78c62667252ebd6691cb690a032.jpg,这两兄弟不抓去拍抗日神剧可惜了,1753875669,403,3546899659360821,添财少女三角洲行动,https://i0.hdslb.com/bfs/face/532e5d3a2c5d046012f9c84e7d85b9683cd6d8e3.jpg,28592,"娱乐,搞笑,三角洲行动,三角洲欢乐剧场,三角洲行动破壁新赛季,陪玩",1787831,2018,1410,33110,4985,6471,0,0,69612
BV15NtHzqEgS,114975368615399,1,138,2157,搞笑,街头采访,http://i0.hdslb.com/bfs/archive/daa11a41e26b2c8d25e72863c1a4a0eb1f3947d0.jpg,《谁 输 谁 社 死》,1754386424,259,632887,伢伢gagako,https://i1.hdslb.com/bfs/face/38d85946c9cd0cf159e4d646be63fad36c2486c1.jpg,2313124,"胡桃,搞笑,伢伢,cos,永劫无间,社死,永劫无间开启电竞版苏超杯,苏超,整活,搞笑研究所",599403,671,275,3897,657,98,0,0,25047
BV1vKhHz2EvA,114953222626396,1,251,2152,三农,美食记录,http://i2.hdslb.com/bfs/archive/f29b82b637b867e2f4ff282fd1cd82b0cd27ff24.jpg,今天做凉草糖水进村卖，火爆！,1754048100,1130,267599661,欧大发-沙蟹哥,https://i0.hdslb.com/bfs/face/eca1f64696b89f369b7375ccd3afe38e5ecbe6d8.jpg,337175,"生活记录,美食,记录我的美食日常,乡村",752789,3267,2098,5005,28337,1532,0,0,75202
BV1LwtGzmECa,114970503153044,1,137,2018,明星综合,音乐现场,http://i1.hdslb.com/bfs/archive/358e26b2be90f5c6fa98a3f3bc106802ad21c50a.jpg,【男宝星球2】冉冉升起的“新星”！周安信Whiplash(原唱:aespa)4K个人直拍 250804,1754311644,210,42230125,Ning_EXO,https://i1.hdslb.com/bfs/face/e112a4eef784c8148decb8d4b8fc9b3e8c4bc103.jpg,341369,"4K,aespa,BOYS ll PLANET,染色体,直拍,周安信",132574,1607,1455,2112,4318,837,0,0,9473
BV1MVtgzaEym,114969345525103,1,193,2031,MV,明星舞蹈,http://i1.hdslb.com/bfs/archive/d8cae4207dcef765e47451f3c9d008d3ad90b9ab.jpg,【沈佳润NINA】'FREEZE!'Dance Practice,1754293614,182,3546924468668626,真的沈佳润Nina,https://i1.hdslb.com/bfs/face/8c5d0611477cf29ec7516640cbead8b019954aef.jpg,221070,"4K,MV,音乐,NINA,Freeze,沈佳润,KPOP回归前线",244828,323,463,1404,2207,130,0,0,21224
BV1NKhpziERU,114952836746022,1,21,2064,日常,单人RPG游戏,http://i0.hdslb.com/bfs/archive/3d06fe26ca2cbe4fecbe84f96e66c4e677fd9255.jpg,学丘丘人跳舞,1754041170,26,1493683915,萩铭,https://i1.hdslb.com/bfs/face/36db6468e8bcfe4daee43f02bfb059d89c5b7374.jpg,422,"原神UP主激励计划,丘丘人随舞,原神,丘丘人",566136,274,1471,6009,2536,6901,0,0,90187
BV1UQtMzoE1H,114968020130554,1,65,2071,网络游戏,射击游戏,http://i0.hdslb.com/bfs/archive/305fb5d04928e2dfc0546b049aa889170eed7ec7.jpg,125发腰射流PKM启动！号主给了一万发金弹 你敢起我敢用,1754273078,511,3519797,战术级子轩,https://i2.hdslb.com/bfs/face/bf735d494a76c37fd276dbcfe73e3886fbb2cfad.jpg,893354,"第一视角,精彩集锦,娱乐,三角洲行动,三角洲行动整活大赏,三角洲行动烽火地带,三角洲行动高光时刻,猛攻三角洲行动,三角洲破壁新赛季上线",309230,504,263,1726,895,212,0,0,14318
BV1dctHzuEd8,114975351772818,1,171,2070,电子竞技,MOBA游戏,http://i0.hdslb.com/bfs/archive/3c6bf5f0e17bb6c2a0637fbfa292f809875dc3f3.jpg,关羽最终奥义！藏兵术！所有英雄只有一个可以做到!苏打锋,1754384914,77,39560763,Study苏打锋,https://i0.hdslb.com/bfs/face/c0f969795d667f5ccd6ef85ef0b886190629a2f3.jpg,842624,"电子竞技,王者荣耀,苏打锋关羽,蜀国人关羽,MOBA,关羽,教程攻略,苏打锋",710656,214,803,3089,1391,2948,0,0,58401
BV1K8t5zTEK3,114971040028284,1,251,2152,三农,美食记录,http://i0.hdslb.com/bfs/archive/ebeb1a0bd17ba974ba8bfb576559b2dfa4699170.jpg,这是我的来时路，最后一次骑旧电驴进村卖糖水（库存）,1754319897,708,267599661,欧大发-沙蟹哥,https://i0.hdslb.com/bfs/face/eca1f64696b89f369b7375ccd3afe38e5ecbe6d8.jpg,337176,"摩托车,生活记录,记录我的美食日常,记录",257864,770,631,809,4207,189,0,0,17758
BV1C3hwzrERT,114939867958650,1,21,2102,日常,摄影摄像,http://i0.hdslb.com/bfs/archive/efcd57a6fc1b03b7df859718d613d7388ca3252e.jpg,大家期待已久的封神篇终于来了，欢迎投稿好的作品会让更多人看到,1753866019,135,3546741475379844,摄影恩哥,https://i0.hdslb.com/bfs/face/b497e49b5418b6c0cc18f5f3d80c6c08a1048d5c.jpg,679708,"摄影,风景,评论区摄影大赛,哔哩哔哩评论区摄影展,神奇的闲鱼,照片点评",1319443,1086,4699,28584,1558,508,0,82,132182
BV1UBtFzeEgE,114980200387825,1,17,2079,单机游戏,其他游戏,http://i0.hdslb.com/bfs/archive/eea085ad614571a94b7060937375213f38ed1655.jpg,【散人】deltarune三角符文 连续boss战 眼花缭乱精彩刺激（P3）,1754459379,4279,168598,逍遥散人,https://i1.hdslb.com/bfs/face/8a5de2d7486251e80307d8600cbf8649eb4035fe.jpg,7302961,"搞笑,游戏实况,散人,娱乐,逍遥散人,undertale,deltarune,三角符文,推荐宝藏游戏",37202,804,250,890,1725,52,0,0,4842
BV1sN82zhE1g,114947568768537,1,138,2154,搞笑,剧情演绎,http://i0.hdslb.com/bfs/archive/a6c1bbbb32a122436d05bacd78add5b4216ae3ff.jpg,当英语老师突袭查手机！,1754384400,122,393709394,一串大福,https://i2.hdslb.com/bfs/face/e6d1cf7df22235495d25d7ae77a4aa185e5d8c7f.jpg,1552321,"原创,校园,搞笑,来福来福,一串大福,真实,学生时代,英语老师,fyp",548963,1352,768,3948,1038,186,0,0,41476
BV1phhHz8EPF,114952954187731,1,30,2022,VOCALOID·UTAU,VOCALOID,http://i0.hdslb.com/bfs/archive/7ef814b3a46b4555d1e3aec905bb622e4d4521ac.jpg,【初音ミク】いますぐ輪廻（即刻轮回）【なきそ】,1754043184,123,39873100,珠紫MuRaSaKi,https://i1.hdslb.com/bfs/face/c10d5bdf351c2eca4a5b57f48a506492a6a940d1.jpg,38014,"VOCALOID,初音未来,なきそ,いますぐ輪廻",942655,2968,4060,66877,9127,11758,0,0,93623
BV1CahgzFEh2,114962517201994,1,214,2149,田园美食,美食制作,http://i0.hdslb.com/bfs/archive/831334efadb127cf5d3126710f3a9699453d5919.jpg,为了吃个鱼汤，修了个小猪灶台，但是到底像不像猪？,1754208000,136,1529656577,孤独美食咖,https://i2.hdslb.com/bfs/face/8f5fcf396f55e280f3fe54b4742f4973d635a2a0.jpg,908285,"美食制作,记录我的美食日常,鱼汤,乡村,乡村美食,坛子肉",1012892,607,390,1659,890,324,0,0,39870
BV1Fbh4zTEMg,114956343187881,1,251,2149,三农,美食制作,http://i0.hdslb.com/bfs/archive/a18f94c026965548d75dd8ad9c6becf7cf9d4d6c.jpg,你知道爷爷有多喜欢吃我做的石塔菌火锅吗？,1754095100,106,3546595213707384,江川枫的生活,https://i0.hdslb.com/bfs/face/5bf17c267bfb7224daf6cc59d6ef7cd3cf31c97f.jpg,11424,"火锅,美食,爷爷,记录美好农村生活,乡村生活,Vlog,农村生活",254092,496,1057,1521,1355,80,0,0,23283
BV1oEbSzsEUR,114912655382188,1,251,2088,三农,社会观察,http://i0.hdslb.com/bfs/archive/5e956fc412a84bc00407ec972d21a7dc0a72a2ca.jpg,你吃过公共厕所旁的五元自助餐吗？,1754386200,148,1353065475,我是九日儿,https://i0.hdslb.com/bfs/face/ef3ea526cdfc8eee6a3a2fea64f1e15c1d3ff701.jpg,123958,"正能量,vlog,记录美好农村生活,温暖,山东,济南,好客山东,五元自助餐",211831,178,438,1404,6386,261,0,0,18312
BV1HPtnzEEqJ,114975771200932,1,228,2094,人文历史,科学科普,http://i0.hdslb.com/bfs/archive/c0502b97a0b40506c0818a65413a15c391171a18.jpg,中国第一长河，竟然不是长江、而是黑龙江？！,1754391236,603,390186534,蜀霞客,https://i0.hdslb.com/bfs/face/bbb82adf84214e26d5aba94edfb562800661ee14.jpg,292174,"自然,学习,地理,探索,科普,科学,趣味知识,长江,黑龙江,万物研究所",122876,504,656,2025,1491,313,0,0,10221
BV1Tdh7zoEFZ,114951276463255,1,65,2071,网络游戏,射击游戏,http://i2.hdslb.com/bfs/archive/b8f3777b3ad2e24a08e45418352cc30c451f3e15.jpg,【我的洲】bro懂我的爆率！超算单元！#10,1754017685,282,325194407,文尤里,https://i2.hdslb.com/bfs/face/b6544a3402547aaea3169ca63a90d37c25033664.jpg,41280,"直播,三角洲行动,三角洲欢乐剧场,我的洲,mc",2796959,698,1334,16079,12464,6978,0,57,148980
BV1Lctgz6E6X,114969748182422,1,65,2071,网络游戏,射击游戏,http://i2.hdslb.com/bfs/archive/c4d2e3cb4185abf52f434ba6e1cbdd4ebae78544.jpg,一秒变异！拥有顺风耳的听力加持，夺舍成功是必然的,1754299753,200,331514361,苏醒游戏解说,https://i0.hdslb.com/bfs/face/dd578b65eb0a8beaff6f4677c76cf9cfc0ce75b4.jpg,697025,"电子竞技,第一视角,FPS,迈从,三角洲行动,迈从V9",569234,512,755,2259,1473,249,0,0,23495
BV1gdhHzVEqP,114952685752135,1,76,2149,美食制作,美食制作,http://i1.hdslb.com/bfs/archive/cc9af53bb601a4223df0cfc0dfe0263224de949d.jpg,挑战给动物做“人类同款”午餐，看它们干饭的样子也太治愈了吧！【Nick DiGiovanni】,1754128800,1429,3546752877594842,Nick_DiGiovanni,https://i2.hdslb.com/bfs/face/86dc101912bf3c032259022fcc6d89a549148a35.jpg,256077,"美食制作,厨艺,动物,Nick DiGiovanni,记录我的美食日常,美食挑战,动物保护",872270,808,140,26482,2314,166,0,0,26775
BV1WctnznEf6,114975737643366,1,228,2090,人文历史,人文历史,http://i1.hdslb.com/bfs/archive/716e67ae40969c5fdfb793671bf4231f81f22bdc.jpg,从贫穷农业国，到首批发达国家，仅用20年，弗朗哥是如何带领西班牙，实现跨越式发展的,1754406000,1347,584762039,多明海,https://i2.hdslb.com/bfs/face/7be8894320351048691d993c2f73a9bced2fe884.jpg,1219697,"西班牙,内战,欧洲,经济发展,发达国家,弗朗哥",121311,406,353,2219,1536,121,0,0,6916
BV1Uwh3zzEa6,114964329208802,1,252,2113,仿妆cos,仿妆cos,http://i2.hdslb.com/bfs/archive/9def057c312d808329b252bc77a74a17d065a191.jpg,【白西瓜】COS｜努力成为喜欢的角色第72天之弗洛洛,1754217266,126,64836364,白西瓜SY,https://i1.hdslb.com/bfs/face/a788792f295926151f98b799deb8807fb0a69bfe.jpg,870438,"化妆,仿妆,妆教,COS妆,cos,鸣潮创作激励计划,弗洛洛,妆容分享,Cosplay,鸣潮",189480,175,573,4236,6386,1131,0,0,41481
BV1gvhuzuEZ5,114962869525013,1,184,2054,预告·资讯,二次元其他,http://i2.hdslb.com/bfs/archive/2add592834cccd22b20df60bdab91bf7be2969f4.jpg,经典科幻小说《群星，我的归宿》中国动画改编版预告片官宣！,1754276400,222,3546934774074072,莱博塔,https://i0.hdslb.com/bfs/face/5fe0ac0f22223ce4b29d59d47853feafc34ce3c3.jpg,5994,"中国动画,预告片,原创,科幻,群星我的归宿,动画种草激励计划,番剧,国漫,官宣,番剧预告",2431452,934,2360,21946,4758,6353,0,42,97785
BV1Hn8zzTEVD,114943676388276,1,138,2020,搞笑,翻唱,http://i1.hdslb.com/bfs/archive/8c26cceaa170a6431a0bfa18143718493eb64ab2.jpg,你绝对没听过的不为人知的旋转少女在世末舞厅听鹅妈妈童话,1753901524,276,3546767261960257,招祢子Neko,https://i1.hdslb.com/bfs/face/dcc626dd106ff89fc34519db616a0eeb5ebfa87e.jpg,7674,"串烧,初音未来,VOCALOID,日语翻唱,翻唱,不为人知的鹅妈妈童话,高速神言,wowaka,虚拟主播,vup",126883,143,914,13271,5297,869,0,0,28806
BV1FghEz7ETh,114950789926503,1,138,2154,搞笑,剧情演绎,http://i2.hdslb.com/bfs/archive/9e348247cddc5d70c05cdbdd7d14b8403b4edc48.jpg,创意工坊之包浆天下～,1754010209,98,3546909580987309,弗雷尔卓德-杨辰,https://i1.hdslb.com/bfs/face/e59912641ba4cbaadb857e30085b15cf4dcc6819.jpg,250938,"创意,工坊,探店",2087366,1321,1494,9655,2852,4850,0,0,127607
BV1uRhJzKEDb,114952064992961,1,182,2001,影视杂谈,影视解读,http://i2.hdslb.com/bfs/archive/df9993cb4e328fba34d5f37bcc261bae5ceee584.jpg,超燃电影《全民超人汉考克》，超人不一定是超人，也可能是小调皮,1754038800,550,73528331,摩斯神探,https://i2.hdslb.com/bfs/face/7a3ccfa2d021bc1212ffdd5ea637d098a1475d9f.jpg,3191079,"电影解说,超级英雄,超人,科幻,转转回收,转转",7245328,1969,1395,21946,2144,259,0,27,114202
BV1twh3zzErG,114964329143939,1,171,2070,电子竞技,MOBA游戏,http://i0.hdslb.com/bfs/archive/2dc31497bd325bb30794f24a45e254bc7e610727.jpg,两亿把对抗路告诉你 诸葛亮的山海奇都到底有多丝滑！,1754216660,437,412009275,月新不多,https://i0.hdslb.com/bfs/face/1e3f883774d3e37d84e95fdc5e6abda1ce895ad0.jpg,495115,"诸葛亮,山海奇都,诸葛亮教学",682964,594,740,2709,1196,301,0,0,23165
BV1Ff8qzYEnS,114942216773587,1,28,2016,原创音乐,原创音乐,http://i0.hdslb.com/bfs/archive/f74ec4bcb402b3c627214fdd6d3b0f3f83a89dc5.jpg,英雄主义pt.2,1753977600,143,3546800493431586,在虚无中永存,https://i0.hdslb.com/bfs/face/a6ec4634b49423ce558197e59ca790563f0414cd.jpg,550896,"原创音乐,纯音乐,新世代音乐人计划原创季",531329,4334,5790,53045,22317,3652,0,55,116774
BV1DChwzSEPP,114941864514667,1,47,2041,同人·手书,动漫剪辑,http://i2.hdslb.com/bfs/archive/f8eb75b82f6c68ce08311c3e4a47598d5e06e3f9.jpg,“我现在能看到的，是你的死去的模样”,1753873805,196,35648383,小羊肖恩max,https://i1.hdslb.com/bfs/face/2a583c46fe4d3ead98e7c7cb13bc71200630a8c8.jpg,30976,"MAD,火影忍者,哔哩哔哩创作星引力,燃向,鼬,佐助,兄弟战",589593,340,885,16993,6413,1038,0,0,72251
BV1rHhVzeENy,114964949965534,1,219,2168,汪星人,狗,http://i2.hdslb.com/bfs/archive/8e21531adaccce566ab0869befbdfc4c3de3c813.jpg,狗狗永远都不会忘记对他好的人,1754226642,266,3625254,烈的街头动物摄影,https://i0.hdslb.com/bfs/face/6375b27301493aff8eb3acd156cab38f21df4540.jpg,91276,"狗狗,汪星人,感动",271829,207,205,1427,1374,149,0,0,27908
BV1wxtMz1Ewm,114968305343425,1,213,2064,美食测评,单人RPG游戏,http://i1.hdslb.com/bfs/archive/5d0166b14d8911cd371938e6ed629685f56d78e2.jpg,明日方舟太好玩了，太有意思了，一点也不杀熟，必须玩到关服！,1754277467,316,1205045754,不信邪的斯坦,https://i0.hdslb.com/bfs/face/155d807e6142dc5e5d678146843eb1592266f1ce.jpg,520220,"二次元,策略游戏,抽卡,明日方舟,美的太太,塔防",312601,2435,2509,1390,1679,1502,0,0,28655
BV1GWtnzvEEB,114975485988146,1,182,2001,影视杂谈,影视解读,http://i0.hdslb.com/bfs/archive/264dd16f6573b0d3fe85a8a8ce12e4777abcaa1e.jpg,纳米黑墙封死全国建筑，子弹都打不穿，人进去只剩半截身体【科幻Fans  布玛《砖墙谜攻》,1754386932,879,206840230,科幻Fans布玛,https://i1.hdslb.com/bfs/face/78c27b565e56598877a70bed015974253b14eef7.jpg,2314507,"科幻,电影解说,悬疑,电影,密室,解谜,影评杂谈,凶杀,影视IP观察室",1041540,983,528,11529,1289,128,0,0,21312
BV1v4tVzJETF,114971459455757,1,17,2071,单机游戏,射击游戏,http://i2.hdslb.com/bfs/archive/38ca449e91242021c5e03ae58642984db00925aa.jpg,射击游戏能有多好玩？,1754364000,224,472733310,小布敢,https://i0.hdslb.com/bfs/face/bedafae7a71b62d2c2a2bca554ccbc7b27a8cfaa.jpg,895846,"游戏杂谈,游戏,联机游戏,FPS,无畏契约,三角洲行动,游戏推荐,暗区突围,推荐宝藏游戏",170314,4419,377,3230,2086,929,0,0,15066
BV18rhVzDEzV,114964463422302,1,21,2154,日常,剧情演绎,http://i1.hdslb.com/bfs/archive/c2b5759bc3da2eedc803fbf7f7b9660180a0af93.jpg,美 丽 的 代 价,1754280000,60,9130832,张八筒筒,https://i2.hdslb.com/bfs/face/683b3b97648bf13641c508b9b50a2d25b87bec69.jpg,721485,"搞笑,生活记录,张八筒,best人生,抽象,猩猩队长,情侣日常",796373,345,583,1867,5207,1015,0,0,85222
BV1jghAzwEK2,114941579232450,1,17,2079,单机游戏,其他游戏,http://i1.hdslb.com/bfs/archive/1f11255416f4233535a1e4eb8774d7e911f14d10.jpg,依旧保护总统,1753869776,111,499951416,Z贤者,https://i0.hdslb.com/bfs/face/308c58814ea3e9eb3a4a2d464882e04a5409ac87.jpg,1319609,"游戏,搞笑,steam,沙雕",1962013,1010,452,12935,1876,2096,0,0,120076
BV1xchuzaELP,114961426681389,1,59,2021,演奏,演奏,http://i1.hdslb.com/bfs/archive/1f8885aaa66f42d418a4050a0a17693249708f8d.jpg,miku miku oo ee oo,1754172237,38,22383433,馆长加速中,https://i1.hdslb.com/bfs/face/303b5c2ac65598c9f7112c96ddca0a66fdf19f9a.jpg,11228,"初音未来,初音ミク,架子鼓,可爱,大傻,fufu",319607,324,920,15384,5819,3001,0,0,78404
BV1Jgtnz5EzA,114975972524416,1,172,2077,手机游戏,休闲/小游戏,http://i2.hdslb.com/bfs/archive/bc7a59bcdaa747dcff78f3b0faa7de6912163708.jpg,蛋仔UP追捕大作战：抓住主播三秒！就能获得80W宠粉奖励！居然有蛋仔坚持30秒！,1754394313,202,241199113,僵尸教授-,https://i1.hdslb.com/bfs/face/30a78bf8e40484e47e8e22a99aa8ec896b3da347.jpg,892266,"蛋仔派对新皮肤,蛋仔派对发起人,蛋仔奇思妙想计划,蛋仔派对",567375,153,300,11573,1315,26,0,0,14128
BV19wtHzBE75,114975334993371,1,213,2151,美食测评,美食测评,http://i1.hdslb.com/bfs/archive/2bc87c2d16f422eb073fd864f9ba1d6a9014f7ba.jpg,复刻被网红带火的特色美食“焖子”据说吃一口味真足，真的吗,1754384882,455,382375531,馋大鑫,https://i1.hdslb.com/bfs/face/2b456ce4cfef5bc0753f89f3c18b19dbcc6fde8b.jpg,1260629,"试吃,评测,美食,记录我的美食日常,美食测评,特色美食,焖子",794922,2120,1548,1706,1527,360,0,0,22745
BV1UbtEzWEqd,114974865360009,1,27,2043,综合,动漫速读,http://i2.hdslb.com/bfs/archive/a5bf37ed20f7152a7f9a0376a245ca9a9e528f30.jpg,【上帝已死】众神下场屠杀人类？比血十字凶狠100倍？,1754388000,617,289800612,圈踢动漫,https://i0.hdslb.com/bfs/face/eb7b7339a2f62e52e41ea20838929ae809789ee6.jpg,365170,"漫画,漫画推荐,综漫,重口味,美漫,上帝已死,重口漫画,猎奇漫画解说",521524,1380,2650,14432,1247,495,0,0,19110
BV1nDtuz7ERk,114969597186248,1,22,2063,鬼畜调教,鬼畜综合,http://i0.hdslb.com/bfs/archive/cf3d52a94bb2e4d480fbdfedaf3278bdfb8ad999.jpg,“生命就是一场斗争......”,1754366100,380,97240074,龙之王修罗,https://i0.hdslb.com/bfs/face/99e92cba7e8290e60dd296f65c867dd4d92de638.jpg,262037,"鬼畜,说唱,鬼畜调教,人生,谭谈交通,黄绿合战,人民,宋岳庭,谭警官,Life's a Struggle",145576,510,667,5518,10665,756,0,0,17363
BV1xrh8zREc7,114958322893292,1,29,2018,音乐现场,音乐现场,http://i1.hdslb.com/bfs/archive/965cc9fc833eb631de43ab01ca4fa8a1ba61efc5.jpg,朝阳公园路演，偶遇日文原唱@当山真玲🎬全过程视频,1754125633,471,393114402,北京路演计划,https://i0.hdslb.com/bfs/face/44e44ce4ff07f5194fb47d98f049601f7c98b9fe.jpg,1459,"音乐分享官,音乐现场,日语,LIVE,4K,现场,日语现场,北京路演计划,#当山真玲,朝阳公园,偶遇明星",943324,552,1853,13099,5929,2826,0,0,92359
BV1BEtVzREUA,114971878884862,1,253,2006,动漫杂谈,AI影视,http://i0.hdslb.com/bfs/archive/fcf0d80095208b3a0b95d989b90d7ab6aa03ff30.jpg,地狱难度猜番挑战！当动画名场面被AI重画100次之后？这谁认得出来啊！【动漫高手01】,1754388300,2607,216025,尕丶天堂,https://i1.hdslb.com/bfs/face/6c62b7cad6c3721e86990db86036979d7359232c.jpg,1602207,"二次元,搞笑,动漫,动画,天堂,联动,动漫高手",346462,10754,761,5476,8951,1191,0,0,29757
BV1xitEzUERp,114974848521983,1,171,2070,电子竞技,MOBA游戏,http://i0.hdslb.com/bfs/archive/25d4e98586c79a7a4beaffae1749e60f1751e54d.jpg,队友想抢位置，惨遭系统制裁,1754388000,454,2119811581,峡谷混学家,https://i1.hdslb.com/bfs/face/d1cfc4a1e83f577eb4b5dd621fe4762487410978.jpg,852574,"下饭,搞笑,上单,娱乐,英雄联盟,符文战场:英雄联盟对战卡牌,石头人,lol,英雄联盟电竞世界杯",413481,770,718,1081,3240,192,0,0,28436
BV1k282zaEd4,114947451260409,1,17,2077,单机游戏,休闲/小游戏,http://i1.hdslb.com/bfs/archive/deedfdf52189463c35271a17774c1d7240264e68.jpg,再次开启植物抽卡之旅，这一世又将如何呢,1754089500,579,11022243,云耀yoke,https://i0.hdslb.com/bfs/face/59fd606e8f48019168f0120f8e6c969e590549fb.jpg,860479,"游戏实况,植物大战僵尸,单机游戏,游戏日常,改版,随机,pvz,抽卡版",1364209,1706,427,20586,2473,201,0,0,33484
BV1h98mz2EL3,114948860611114,1,17,2078,单机游戏,沙盒类,http://i2.hdslb.com/bfs/archive/8076de414bdb69de700c4a2813066ffdc8b36ecd.jpg,这是”老六“陷阱！,1754013600,459,29252533,幕川北,https://i1.hdslb.com/bfs/face/e04019772132a134aadbada24aaccbb1bb0dea60.jpg,2586994,"万物皆可游戏,游戏,我的世界,游戏集锦,游戏实况,游戏解说,搞笑,实况解说,单机游戏,单机联机",686730,1348,737,12121,7376,308,0,0,49619
BV17r8mzREou,114948726330736,1,126,2063,人力VOCALOID,鬼畜综合,http://i0.hdslb.com/bfs/archive/d1a75ac59decc83f242ce6538058b9f7a16da8d2.jpg,虎 哥 锐 评 旺 仔 小 乔,1753978513,92,24285551,M_SX,https://i2.hdslb.com/bfs/face/9a9b28bfdd1bb25b0130b1136152983d5da19c6b.jpg,124196,"搞笑,鬼畜,东百往事,旺仔小乔,虎哥,整活,鬼畜剧场,黄绿合战10th-黄队应援",392098,377,489,3678,653,928,0,0,12543
BV1tfhJzYENa,114952081835046,1,138,2207,搞笑,随拍·综合,http://i1.hdslb.com/bfs/archive/a67bfe899f12b226d61e04957c4d7a15ce5f4bbf.jpg,弗雷尔卓德小品之你们要的来了～,1754029998,68,3546909580987309,弗雷尔卓德-杨辰,https://i1.hdslb.com/bfs/face/e59912641ba4cbaadb857e30085b15cf4dcc6819.jpg,250939,"鬼畜,娱乐,小剧场",3299918,1571,5780,39333,37720,32070,0,15,389856
BV1PJtMzSEgq,114968640881075,1,250,2152,出行,美食记录,http://i1.hdslb.com/bfs/archive/d19d8fa5e78e5a8c308d33e9918ec18d5f6ca15a.jpg,你还在点外卖吐槽预制菜？人家加拿大就没有预制菜,1754282753,113,1289012110,行走的大大大羊腿,https://i1.hdslb.com/bfs/face/79b18f823971e3838bf45db65334dc1c7a90b8bb.jpg,775870,"加拿大,原创,生活记录,美食,吐槽,外卖,随手记录我的生活碎片",1429443,4606,4177,4265,1073,2635,0,0,87356
BV1nkhxzBEhf,114956913609366,1,21,2196,日常,职业vlog,http://i0.hdslb.com/bfs/archive/10decb86afad3a37ca2828573ef272a1a5449e10.jpg,中专生在日本打工6年离职回国，这6年除了收入1000万日元，还收获到了很多不同人生的体验，心酸与感动共存，离开也是为了更好的再见，谢谢大家的一路支持！,1754103650,62,486122103,思乐在日本,https://i0.hdslb.com/bfs/face/7f8a4169e6dd73bdecbadbef8de61c384132d037.jpg,84763,"日本,生活记录,vlog,日本生活,努力,感动,日本打工,出国打工,打工人,随手记录我的生活碎片",680089,290,3480,3422,1167,1227,0,0,72135
BV1iRtEziEPw,114974647258949,1,138,2154,搞笑,剧情演绎,http://i2.hdslb.com/bfs/archive/ae4a83ef154937375f4056a3a32362a5c6231a18.jpg,弗雷尔卓德 创意工坊之你怎么说我词～,1754374122,82,3546909580987309,弗雷尔卓德-杨辰,https://i1.hdslb.com/bfs/face/e59912641ba4cbaadb857e30085b15cf4dcc6819.jpg,250939,"原创,英雄联盟,创意,搞笑,工坊,弗雷尔卓德",715079,643,1423,4516,2251,4240,0,0,74356
BV1NSh3zqEyb,114963809049173,1,76,2152,美食制作,美食记录,http://i1.hdslb.com/bfs/archive/b9d66ae93cdc6a8a31121fae23c23ff89594662a.jpg,厨师长下班用边角料做个海鲜太卷给自己开小灶【海鲜太卷】,1754209008,685,472229397,张森的日本料理,https://i0.hdslb.com/bfs/face/ac3b108b97e8a8415476ca5db05b71ea1fdf965a.jpg,281900,"美食记录,深夜美食,我用美食搞事业",248087,758,637,1391,1265,554,0,0,27192
BV1SVhMzeEdW,114961946777936,1,86,2042,特摄,动漫评论,http://i1.hdslb.com/bfs/archive/a0bb74c2895c9e420993a24e9fdf54ed5cecef8f.jpg,敌我同源这个设定为什么百试百灵？,1754180244,682,325560792,Foki伏叽,https://i0.hdslb.com/bfs/face/b8aa9f7193f6e9a562d434006ad318cd5c8f6ba8.jpg,264448,"奥特曼,假面骑士,解析,娱乐,解说,动漫杂谈,搞笑,特摄,吐槽,影视",461691,599,607,9369,1446,262,0,0,13234
BV1tNhVzLEF4,114965134446325,1,27,2041,综合,动漫剪辑,http://i2.hdslb.com/bfs/archive/f2036493a7a4bec55ae3ba4cbe29f4931da481cc.jpg,退无可退何不向前放手一搏？,1754229013,16,1987097349,凡人不漫剪,https://i0.hdslb.com/bfs/face/0d4108fa2a2fed0a584ea408914c37e590ece4ed.jpg,178073,"吉良吉影,杀手皇后,不灭钻石,jojo的奇妙冒险",505973,285,2050,11347,794,1398,0,0,51293
BV1sCh8zWEc2,114958507443524,1,138,2156,搞笑,UP主小综艺,http://i2.hdslb.com/bfs/archive/66c0731088c41d5901e21fb9116724f65be0516a.jpg,我先走一个⚡️,1754129614,325,226231535,智勇双全富贵君,https://i2.hdslb.com/bfs/face/f63d4962dd2dcf4d2cc9cae63cd01a2049f32dab.jpg,2201648,"排球少年,开箱,OPPOReno14,OPPOReno14排球少年联名",2554885,2819,1111,20878,4216,1111,0,58,98124
BV1x9hPzDERY,114959765740629,1,193,2020,MV,翻唱,http://i1.hdslb.com/bfs/archive/a6c9de39fa83eb6a4881bdff4f338e88e16b5edf.jpg,Nina《one spot》日本版番外（city pop） cover沈佳润,1754146934,169,3546810842876797,TH彼岸花,https://i1.hdslb.com/bfs/face/ef00ce22800adf5ebd6da0e14802c9205c2913ff.jpg,9834,"音乐分享官,日本,COVER,美美桑内,Onespot,Nina,citypop,沈佳润",174769,293,618,5941,4012,1227,0,0,17447
BV1rThtzgENW,114957869914338,1,95,2104,数码,自制发明/设备,http://i2.hdslb.com/bfs/archive/23dddd87915b565a13bf99e4e08b60ee7da2d7a8.jpg,自研麻将电磁炮,1754118554,93,483290174,一个工作台_,https://i2.hdslb.com/bfs/face/5a09ee515d5b436c6d51070f86968a73a2666617.jpg,815,"麻将,DIY,发明创造",1023527,1246,1382,3975,1255,1174,0,0,53419
BV1nuh8zmEVK,114958675349235,1,218,2167,喵星人,猫,http://i2.hdslb.com/bfs/archive/aa89b4b604ef985f6ad73c7dc8928c7ec67d9540.jpg,被一只猫耍了,1754130452,49,10975917,首席饲养员啊,https://i0.hdslb.com/bfs/face/a0165ad9923c5d123bba57f0505a62720d05658a.jpg,126364,猫,847724,52,207,1615,558,467,0,0,22987
BV177tnzzExN,114975553098632,1,201,2042,科学科普,动漫评论,http://i0.hdslb.com/bfs/archive/4c2ad224574dab1ec317d42d73fafc4296d90387.jpg,神秘的朝鲜动画片，严格封锁不允许外传，到底讲了什么内容？,1754396100,1238,53166650,晓涵哥来了,https://i2.hdslb.com/bfs/face/3dd58950fa1789c185341815878aac345a6e88a6.jpg,856600,"朝鲜,历史,动画片",324053,1234,1137,3124,743,444,0,0,9090
BV1XAhKzYEv3,114961225358464,1,172,2064,手机游戏,单人RPG游戏,http://i1.hdslb.com/bfs/archive/8bf53ea116b8f3333dc675e50302b5b13d0e23f8.jpg,笑了要带萌萌香私奔.zip【明日方舟墟】,1754186400,128,1411873097,Q弹的羽Q,https://i2.hdslb.com/bfs/face/91bf6edd233dfef1b2a5ba88fec1f8300c0e0a51.jpg,60315,"明日方舟,萌萌香,斩业星熊,夏活,遥,MEME,exe,墟,整活,明日方舟创作者应援计划",250422,414,487,4999,1049,1837,0,0,27738
BV1w8tGzbEqU,114970268273620,1,176,2108,汽车生活,汽车生活,http://i0.hdslb.com/bfs/archive/bfc28af571773ab9b72bf1eb229e25b7d9d7f14a.jpg,粉丝连麦：女友上岸家里出20万买车，男生想少花，怕不如女友？#极氪007GT #帕萨特 #买车 #油车,1754362800,606,3546724748495813,超哥超车,https://i2.hdslb.com/bfs/face/4bee3bbf26fe89cb847f93cfeb1566c31da0667a.jpg,798875,"极氪007GT,帕萨特,买车,油车",83681,406,856,716,614,355,0,0,4500
BV1HrhxzuE72,114956930386904,1,138,2071,搞笑,射击游戏,http://i2.hdslb.com/bfs/archive/471300fcf746d8a305d57b3a7494d870b8047f7b.jpg,亲子照？,1754126522,96,1098173832,宋云生-,https://i0.hdslb.com/bfs/face/fca17ec3de184b038620eca0043c57d282c58ba9.jpg,1516009,"手游,FPS,无畏契约手游,无畏契约,无畏契约端手大展台,搞笑研究所",2453687,408,261,5256,3002,1368,0,0,102708
BV1oBtgz5EYp,114969077088585,1,256,2142,短片,体育综合,http://i1.hdslb.com/bfs/archive/1d1c46a2a26b0fd2c571bba2f665d7df760391c4.jpg,暑假打球好上头！,1754298000,300,1920908011,非自然苏打,https://i1.hdslb.com/bfs/face/ff71ef035b06f9d24b22a631d9166a967ec740b1.jpg,585356,"运动,暑假,搞笑,高中生,排球少年,生活,OPPOReno14,排球,OPPOReno14排球少年联名",1093184,950,1341,8666,3130,1098,0,0,55354
BV1j5tnzrE1v,114975922196321,1,27,2079,综合,其他游戏,http://i0.hdslb.com/bfs/archive/44792704fc7344fd500f8549f8852eff2a89b117.jpg,《虚环》你看了吗？PV彩蛋“官方”一手讲解,1754393976,2939,401315430,星瞳_Official,https://i0.hdslb.com/bfs/face/35ce8ca063124d4dda5c211039d0eb67eae3c797.jpg,1020943,"虚拟偶像,养成,手游,动作战斗,虚环,实机视频,V圈,虚拟主播,Vtuber,虚环挖梗大赛",144151,897,600,1780,1379,372,0,0,7460
BV1uEhHzzE1e,114953356975318,1,47,2055,同人·手书,二次元绘画,http://i2.hdslb.com/bfs/archive/431b3c358f5075c51cda28f34651fa53fe83600d.jpg,【黑塔利亚联五旅行团手书】goodtime,1754049400,79,22445063,豹鱼小笼包,https://i2.hdslb.com/bfs/face/0541cae10feab3e1f392de7a141c2d048eb4ca72.jpg,7034,"手书,动画,王耀,黑塔利亚,旅行,联五,亚瑟,阿尔弗雷德,弗朗西斯,伊万",226049,306,871,38469,24825,3211,0,0,59410
BV1hGhHzkEkc,114953423949712,1,17,2071,单机游戏,射击游戏,http://i0.hdslb.com/bfs/archive/eac61517f5712b463f08894c0e17d109e0e21dc5.jpg,挑战三角洲日服夺舍一百个！冲,1754050255,146,523494348,包子三角洲行动,https://i0.hdslb.com/bfs/face/1f85cf24c3308b335d93d71d2b01e0a4bb67ce0c.jpg,13560,"电子竞技,FPS,精彩集锦,三角洲行动,杨齐家,三角洲日服,三角洲,夺舍",507140,353,251,6101,658,194,0,0,38232
BV1qs8qzdEvn,114942518825811,1,161,2148,手工,其他手工,http://i0.hdslb.com/bfs/archive/5e15fe6896ac01eb2916c647577ffd61da5a5c22.jpg,尴尬的料形，这么设计没毛病吧？,1753883922,61,1323036055,寻鑫缘手艺-,https://i1.hdslb.com/bfs/face/f03e8ff1b264bbd9ce3c9035c3d6c8c6edffe728.jpg,25297,"手工,设计,珠宝,艺术,手工艺,缅甸翡翠,翡翠挂件,翡翠雕刻,翡翠定制",1920991,615,917,1624,566,92,0,0,54505
BV1L5hAzbEhn,114941528903751,1,201,2088,科学科普,社会观察,http://i0.hdslb.com/bfs/archive/5c2f79835604b03487fa9817e7f1803d18ed27aa.jpg,16个月宝宝莫名染艾滋 医生科学溯源病毒 成功找出感染源,1753868731,94,1173642672,深圳卫视科创最前沿,https://i0.hdslb.com/bfs/face/aaaa766a2817d5946a8f64ba53bc72651d7b6b36.jpg,22456,"健康,艾滋病防控,艾滋病,科学家,零号病人",1064955,10930,5469,4079,1268,14392,0,0,85441
BV114hHzAErX,114952937479408,1,138,2154,搞笑,剧情演绎,http://i0.hdslb.com/bfs/archive/c8014fc2dd160ea4f4b4f3d88d2c083c76150194.jpg,课代表历险记（二）！,1754042928,239,393709394,一串大福,https://i2.hdslb.com/bfs/face/e6d1cf7df22235495d25d7ae77a4aa185e5d8c7f.jpg,1552324,"搞笑,原创,搞笑小剧场,来福来福,一串大福,课代表历险记,学生时代,朱迪,fyp",3174169,2137,1186,43217,3839,399,0,48,100089
BV1TNhpzTESk,114952786418550,1,126,2063,人力VOCALOID,鬼畜综合,http://i1.hdslb.com/bfs/archive/f3566e9c285f3d623d6df842598a9b2ef4a4d9fc.jpg,“在哪都能挣刀乐”,1754106900,231,1398957,树深时见鹿dear,https://i0.hdslb.com/bfs/face/3492081b9cf0a59626c663537fe30f0acf53f6c5.jpg,731234,"周润发,岳云鹏,鬼畜,rap,唐探1900,王宝强",264571,299,574,5056,9788,552,0,0,23701
BV1FGh8z1ERY,114958574623673,1,138,2154,搞笑,剧情演绎,http://i0.hdslb.com/bfs/archive/c246503789450e5ad9ebbbc3dc21b19e5852b305.jpg,当90后成为父母（90后真是神奇的一代呀哈哈哈哈哈）,1754129003,187,68439967,萧枭同学,https://i1.hdslb.com/bfs/face/048bdff2b19e39da8f1aba04a3bd595a073130c8.jpg,2828426,"搞笑,生活,90后,父母,记录,真实,尴尬,2025哔业大戏",509025,391,242,2208,653,186,0,0,44546
BV1WstczAEZJ,114979629960844,1,17,2066,单机游戏,单机主机类游戏,http://i1.hdslb.com/bfs/archive/85bd974d04b15cdd53a456947492526fca1f8293.jpg,合众瑜伽会所正式开业啦！|随机宝可梦 合众篇#15,1754460000,966,6320032,菌叶海苔,https://i1.hdslb.com/bfs/face/94900008584a8f19efdaa0e27b2e73c6117c4194.jpg,300310,"口袋妖怪,宝可梦,神奇宝贝,RPG,随机宝可梦,宝可梦黑白2,推荐宝藏游戏",37081,395,136,856,1171,47,0,0,4686
BV1D78BzJEyV,114942015446988,1,171,2068,电子竞技,回合制策略游戏,http://i1.hdslb.com/bfs/archive/ace5713229ec4cb427fd6535b127e02d93f3ad1d.jpg,【班说】群！星！（艰难地...）觉！醒！,1753876245,186,253212392,晚晚恶霸和小跟班,https://i2.hdslb.com/bfs/face/934ae6f9f54762c584835abea179e1c582d49317.jpg,710904,"云顶S15,云顶之弈天下无双格斗大赛",330445,87,333,569,532,271,0,0,18724
BV15EhNzeEpk,114959497305310,1,138,2078,搞笑,沙盒类,http://i0.hdslb.com/bfs/archive/405312b7efcddc5b85e5c718fe4733ebd4729d66.jpg,minecraft版的土豆炖鸡,1754143071,92,1565400464,莫提斯的厨房,https://i2.hdslb.com/bfs/face/5d7ef5f2e9c3cceca5814358368e8869f1fe4c6c.jpg,234227,"油管,我的世界,美食,创意,娱乐,法餐",271805,161,445,6844,3152,694,0,0,34492
BV19QtGzVEuu,114969966286608,1,21,2064,日常,单人RPG游戏,http://i0.hdslb.com/bfs/archive/68c26ad933b79ba4229dd3f8c55c8eb1f39dbe68.jpg,崩铁高科技整理·一,1754302710,557,184419105,绝望之苦,https://i0.hdslb.com/bfs/face/7b221651eec22cd4258b418ecaed9ea3f54b05f0.jpg,16268,"迷图,崩坏:星穹铁道,帝弓,螺丝咕姆,星际和平公司,反物质军团,崩坏：星穹铁道创作者激励计划,帝皇鲁伯特,黑塔,仙舟联盟",144421,243,1805,2300,876,149,0,0,12060
BV1QPh4zWEDd,114956611753003,1,138,2195,搞笑,学生vlog,http://i2.hdslb.com/bfs/archive/a58bbf53ceced5b14a3d6be0840358912421dda4.jpg,好恶趣味的女寝(￢_￢)【微唠鸽（11）】,1754099126,703,1532685193,王菜菜-_-,https://i1.hdslb.com/bfs/face/a0bbc68079bd6d57ab8b8b34c3f3879d89e240fe.jpg,115074,"搞笑,校园,宿舍,高中生,生活记录,致歉一切,唠嗑,寝室,搞笑研究所",769187,265,421,7826,1590,449,0,0,31159
BV1TAhpzBEZa,114952803196120,1,228,2066,人文历史,单机主机类游戏,http://i0.hdslb.com/bfs/archive/7e9e89b7abd1d69483bc218e5a953bbb7d71e7b7.jpg,【推理海龟汤】爱的证明。无人应声的骚扰电话，平静落寞的便签落款，五位侦探能否探明？奇怪场景背后的悲伤真相,1754049600,2077,3546824214317878,Sz推理之夜,https://i1.hdslb.com/bfs/face/b669f6b6290ae9d9bc357075a889b8722dd497d3.jpg,474254,"原创,细思极恐,海龟汤,娱乐吃瓜大会",590431,4632,3260,17815,25508,3450,0,0,56853
BV1Cq4dzUEmj,114978271004135,1,17,2078,单机游戏,沙盒类,http://i1.hdslb.com/bfs/archive/c331be805a91c9cb92ae12b2e3601af6f9a31a8f.jpg,铜矿产物再更新 我的世界 1.21.9新版本介绍 25W32A,1754429495,543,686127,籽岷,https://i0.hdslb.com/bfs/face/7efb679569b2faeff38fa08f6f992fa1ada5e948.webp,4995875,"籽岷,我的世界,MINECRAFT,单机游戏,沙盒游戏,1.21.9,25W32A,新版本,介绍,推荐宝藏游戏",145614,677,974,1205,1627,1103,0,0,13824
BV1bzh3z5EeD,114963658116176,1,172,2064,手机游戏,单人RPG游戏,http://i0.hdslb.com/bfs/archive/5114b057613468406cee0210554e3ba5be968d6b.jpg,3.5昔涟真身曝光！长夜月还与神秘&贪饕星神有关？！,1754206631,268,3546664558135806,星铃拿铁,https://i0.hdslb.com/bfs/face/1c7e01be49a86c97c4984d472a51f7b58b0f3cf0.jpg,30528,"游戏杂谈,贪饕,大黑塔,昔涟,如我所书,翁法罗斯开拓之旅,来古士,迷思,长夜月,三月七",477156,782,1549,8434,2824,6136,0,0,47218
BV1cAhNz1E62,114959463876620,1,21,2006,日常,AI影视,http://i2.hdslb.com/bfs/archive/0afbe16af587a7b27fec3a96b303ff17ec057487.jpg,如果让良子把“也”都换成“这一块”,1754142253,49,25592707,双层吉士汉堡-_,https://i1.hdslb.com/bfs/face/773f7a7e5fbafe8e70bc796f42cf5a7f095b3daf.jpg,3333,"古风,搞笑,肥胖,大胃袋,良子本人胃袋这一块,味真足,味真族,糖尿病,良子,这一块",555123,314,2122,14547,3524,30747,0,0,53490
BV1PZ4RzjE7F,114976761059537,1,17,2077,单机游戏,休闲/小游戏,http://i1.hdslb.com/bfs/archive/96a805101ac3c136c93ff2254ceeba7f598dd7a6.jpg,融合植物285：更多的巨人！,1754434800,772,3546619314178489,蓝飘飘fly,https://i1.hdslb.com/bfs/face/f2bc644c3cf25590bbc7954daecf3e3a9aec5711.jpg,1504188,"植物,娱乐,植物大战僵尸,融合版,转转回收,融合植物,融合,巨人,巨人僵尸,推荐宝藏游戏",316613,1962,1582,1739,1393,385,0,0,16037
BV1ZhhPziE66,114960084573166,1,65,2071,网络游戏,射击游戏,http://i2.hdslb.com/bfs/archive/752983efe437f81bbb5fa5118179543a4c1b92fd.jpg,一朵玫瑰，一颗北极星。希望被洗号的舍友天天开心,1754151950,230,1584061693,无情布兰登,https://i1.hdslb.com/bfs/face/5b18a9420c377134f1afa4108de3426141cb50ed.jpg,1048,"FPS,三角洲行动,海洋之泪,蚀金玫瑰,北极星,记录,雪豹,红狼,非洲之心,三角洲破壁新赛季上线",336591,423,1069,2995,17692,657,0,0,33397
BV1Hp4RzgEn3,114976878499788,1,201,2094,科学科普,科学科普,http://i1.hdslb.com/bfs/archive/cdba777de76076bd9ef4bf24a893a3a88495bde7.jpg,这次广东特大暴雨，到底有多厉害，为什么会这么厉害？,1754408745,241,547072854,中气爱,https://i0.hdslb.com/bfs/face/e5f6be30a18988ed92f677e6a47a346270172081.jpg,2624874,"台风,广东,竹节草,季风槽,梅雨,极端天气,40度,特大暴雨,龙舟水,万物研究所",639209,1760,5629,2414,1474,6751,0,0,29178
BV1cyhNz2E6D,114959279195480,1,161,2148,手工,其他手工,http://i1.hdslb.com/bfs/archive/ebfc3fb1e9985d338e29ebb263306a4c6c775393.jpg,哪来的西瓜，这么小,1754139576,73,10790709,梧萌,http://i0.hdslb.com/bfs/face/bb527ee8ea60a93540f1394548dc0d2ebc2b8059.jpg,639150,"西瓜,水果,我的手工真的很解压",1325854,406,570,3289,1341,492,0,0,46344
BV1qvtJzMEG9,114976022855975,1,65,2071,网络游戏,射击游戏,http://i1.hdslb.com/bfs/archive/aa29fdd36eaecde35e1c110adf38632b6f61a2c8.jpg,从“新”出发！皮特B站首播，见证不一样的征程,1754394974,159,13470007,皮特174,https://i1.hdslb.com/bfs/face/aa27f02fff29bdc92905483600972d6c507d7cf4.jpg,618247,"FPS,电子竞技,射击游戏,APEX英雄,皮特,吃鸡,竞技游戏,猎杀,steam游戏",700625,1406,9092,5380,28585,11186,0,0,44265
BV1citGzsEhK,114969932731133,1,138,2207,搞笑,随拍·综合,http://i0.hdslb.com/bfs/archive/7b51547cd7e0c70e360de73d3dfcb065243fc6f3.jpg,百万粉丝up主去CJ薅羊毛能薅到多少东西？,1754304091,553,11643866,汤姆的混乱空间,https://i2.hdslb.com/bfs/face/b843951c2a2d4e48eca7ec9d33007a9ae7d8989e.jpg,1721103,"CJ,漫展,汤姆老师,荣耀GT,荣耀400系列,荣耀400,荣耀平板GT2Pro,挑战,chinajoy,整活",279092,718,1192,4554,4636,534,0,0,25267
BV1UuhPzDEjZ,114959983844215,1,65,2071,网络游戏,射击游戏,http://i2.hdslb.com/bfs/archive/e3083fb3d3fe5ba2f044922fdaff647b07d4351a.jpg,救命！哈基蜂哈气啦！！,1754150329,177,3546864269920566,小杯饭堂,https://i0.hdslb.com/bfs/face/b1fb029eadd64036660172cc8dbeb89f2fdc601a.jpg,163533,"恋爱,101俱乐部,三角洲行动,爱鼠TV,三角洲鼠鼠,小杯饭堂,航天基地,小杯,三角洲破壁新赛季上线",653861,387,764,7356,1160,189,0,0,49774
BV1MnhgzBEsi,114962433383584,1,138,2152,搞笑,美食记录,http://i2.hdslb.com/bfs/archive/985307d288d2c0cfe792ea60f70710f76b98966b.jpg,回农村老家给老婆包个鱼塘！,1754188170,596,382816675,猪猪狠无敌,https://i1.hdslb.com/bfs/face/5cc4e2e034cfa84dccd1b556afcad5c2f73d3d96.jpg,24103,"生活记录,包鱼塘,记录我的美食日常,回家,乡村,农村,鱼塘,农村生活",406737,489,373,3035,1428,119,0,0,17389
BV13BhVzXEvD,114964564020098,1,21,2039,日常,cosplay,http://i0.hdslb.com/bfs/archive/3a8f3f64ccbfd552b0621e1c24417a95e4810b9a.jpg,嘘～轮到四姨来奶你一口啦,1754222403,16,3546937055775240,Yasal_170,https://i0.hdslb.com/bfs/face/b5c4750fa3e6ee70555129f7a49b304055d321a1.jpg,1666572,"DNF手游激励计划,yasal小姐姐cos四姨,DNF手游新职业女枪手,DNF手游",1125784,4902,3371,11966,12027,1517,0,0,101925
BV1kxtJz5ES3,114974311584724,1,130,2026,音乐综合,乐评盘点,http://i0.hdslb.com/bfs/archive/31713dde16ed7a704add8d535491f7867ada14a2.jpg,【锐评】薛之谦新歌《金斧子银斧子》！给我吓疯了！,1754369113,396,8299159,特别厉害的祁奕翔,https://i1.hdslb.com/bfs/face/23a349f7d165634d9ad807a834ff01e2e8b3c800.jpg,643931,"音乐分享官,好听,电子音乐,薛之谦,乐评,REACTION,新歌,金斧子银斧子,薛之谦新歌",217652,615,1037,1291,690,204,0,0,8606
BV19mtgzMEGq,114969177757335,1,228,2090,人文历史,人文历史,http://i2.hdslb.com/bfs/archive/75b7a8436104c74d1414fb470785e5430863b1e6.jpg,卫生员7次一等功:我把敌人都杀了，战友就不会受伤了！,1754293524,309,404194769,了不起De中国人,https://i2.hdslb.com/bfs/face/1b1f8ef7427502ead39a9af2498c9616c6c164ff.jpg,1594429,"神奇的闲鱼,中国军人",372020,1470,1293,3178,4599,928,0,0,34891
BV1BVtuzkELM,114968120794337,1,172,2037,手机游戏,同人动画,http://i2.hdslb.com/bfs/archive/2ba07175e8f43c794d4a33af2424f05db48583ee.jpg,虚一直构丨无需负世的平凡午后，你们在麦田里……,1754274786,88,2623150,秋绵_Akimeow,https://i1.hdslb.com/bfs/face/6e3060782cbaa5dfddc930d8b596826e01506252.jpg,5529,"动画,白厄,虚一直构,星穹铁道白厄,哀丽秘榭,小白，还回家吃饭吗？,麦田",268923,436,1119,25839,12009,2802,0,0,63445
BV1sfh7zREkZ,114951175868161,1,21,2005,日常,短剧短片,http://i1.hdslb.com/bfs/archive/bb51c6cb4958509a2caf7e06c430b8f84f7420ec.jpg,【短片】后来，我决定不把鸡腿放到最后吃了,1754015966,123,240303701,Yeesa523,https://i2.hdslb.com/bfs/face/39d7d1277ddf0296b9cd26a23afff6446fb3b3d5.jpg,13280,"电影,短片,生活记录,创意短片,人生,vlog",466189,155,521,6675,3314,853,0,0,42606
BV1rUtFzoE4u,114979814509838,1,172,2064,手机游戏,单人RPG游戏,http://i0.hdslb.com/bfs/archive/19780846921d3431e7959918d0581c49d5676a87.jpg,【禁闭者影像捕获】丨奥古斯特「旧狄斯军上将」,1754452857,72,647409444,无期迷途,https://i0.hdslb.com/bfs/face/544b4a70c3f0b4333d114c61449a36765aeb05a7.jpg,1597519,"凯瑟琳,无期迷途,禁闭者,MBCC,残锋,三周年,奥古斯特,上将",195281,374,848,958,1876,704,0,0,6610
BV1h8huzkER7,114962919918712,1,17,2077,单机游戏,休闲/小游戏,http://i1.hdslb.com/bfs/archive/81ad1f181be467b40543d466106d2324be1c0c1e.jpg,新皮肤：寒霜剑客,1754195248,418,97213827,潜艇伟伟迷,https://i0.hdslb.com/bfs/face/a2370da541bc5f6769cfcea0fcef907bebb26311.jpg,4935064,"PVZ,植物大战僵尸,植物大战僵尸杂交版,杂交版,自制游戏,杂交植物",575291,613,697,1431,930,218,0,0,37243
BV1Uut7z7Exj,114973321729589,1,172,2073,手机游戏,动作竞技游戏,http://i0.hdslb.com/bfs/archive/cda66797d8356df8224fee25edeb4616222cf957.jpg,幻术吗？什么时候！,1754353977,90,3493279263886065,教主世一段,https://i0.hdslb.com/bfs/face/4783d94ef9b9cda281c5d2bf0432d4b362591af6.jpg,230394,"火影忍者,火影,火影忍者手游",105649,97,235,1957,9836,72,0,0,20634
BV1ePhJzgEcP,114952417316809,1,17,2078,单机游戏,沙盒类,http://i0.hdslb.com/bfs/archive/a268c703fc0fc911399fefda736a398137b94be9.jpg,【MC暴力美学】天基屠龙炮x粒子,1754034922,125,495966541,ATC_rock,https://i1.hdslb.com/bfs/face/df7fed29d05e1b23c09fc19024fa9d2535bd65b3.jpg,6725,"我的世界,MC,minecraft",859044,1719,1359,45158,89901,4615,0,39,172113
BV19ktJzYERm,114976207475819,1,130,2014,音乐综合,娱乐综艺正片,http://i1.hdslb.com/bfs/archive/5b6c643c69b267b451569e6ea41cf9c32e8ecfa7.jpg,【RIIZE】Our Journey Begins: 'RIIZING LOUD' in SEOUL | RISE & REALIZE EP.74,1754398364,3980,3537106035018583,RIIZE,https://i1.hdslb.com/bfs/face/a09da03bea7876da2e58a17ab22ec2ca2c9c8911.jpg,475926,"RIIZE,RISEandREALIZE",58144,10206,793,1548,1752,525,0,0,5227
BV1y1tnznEKG,114975318349391,1,228,2081,人文历史,海外资讯,http://i1.hdslb.com/bfs/archive/87756bc9f560acbc5c83e9be46af1134dc9b1e4e.jpg,心理扭曲、祸乱全球：被公知吹爆的英国到底有多不做人？,1754386204,1496,435931665,军武志,https://i0.hdslb.com/bfs/face/684eecd680183541858b62785ab01be89bacc671.jpg,1488441,"欧洲,英国,帝国主义,印巴,殖民地,巴以",311257,1197,1340,6107,3352,407,0,0,28974
BV1arhPzfEyr,114959631523185,1,22,2063,鬼畜调教,鬼畜综合,http://i1.hdslb.com/bfs/archive/a88e5012d00b3b674fa428b87f68f3e6d9fee49f.jpg,带你回到那个夏天!,1754146732,120,5878572,核动力路灯,https://i0.hdslb.com/bfs/face/1201762ebd2205f61a8e8deaf03489c3dd5b52b2.jpg,600287,"鬼畜调教,唐国强,挖掘机,诸葛亮,鬼畜,全明星,跟着唐国强膨美团下午茶免单,司徒",536706,9204,635,14499,3906,1142,0,0,91401
BV1Yt8dziENj,114937183605505,1,218,2055,喵星人,二次元绘画,http://i1.hdslb.com/bfs/archive/074b41aabafdf3e3f2325d4d3e099009770b1606.jpg,仙之基米兮列如麻,1753871400,35,287890286,李渔的世界,https://i2.hdslb.com/bfs/face/87855ab49fb23a1ce54606f71b28781fa872587b.jpg,515810,"板绘,希特猫,画师激励计划,猫meme,野哈飞舞,画画,板绘过程,呕吐猫,哈基米",1693233,593,1698,37982,4793,8855,0,59,229226
BV18hh8zaELx,114958373228080,1,172,2064,手机游戏,单人RPG游戏,http://i0.hdslb.com/bfs/archive/a1a9abac98a128dbf71c58e72c8016ad16ac3c4f.jpg,这才是明日方舟的限定池子！,1754125739,364,13221028,迷茫小树叶,https://i1.hdslb.com/bfs/face/c30a9b47677740f31a7491f2c1c513af60007220.jpg,1310956,"抽卡,手游,明日方舟,树叶,欧皇,玄学,非酋",855676,32920,5316,4688,7606,6232,0,0,57531
BV1u28EzfE9H,114930808328322,1,17,2079,单机游戏,其他游戏,http://i1.hdslb.com/bfs/archive/070930a2ad60eff6b5dfd3cb02144c77d635ad86.jpg,【warma】种地游戏我跟你拼了！！！,1754020800,2486,106320250,warma养鸽场,https://i1.hdslb.com/bfs/face/0158d4c603801e0934bb23c8b478ccc8561d585a.jpg,1307979,"独立游戏,实况,warma,另一个肉鸽农场,肉鸽,策略,休闲,种田,沃玛",737234,2143,1339,15404,11854,1737,0,0,47298
BV1T9t7zEEXG,114975049913309,1,172,2071,手机游戏,射击游戏,http://i1.hdslb.com/bfs/archive/490ceb2bd2073eff7086e7eb61383362cd153a9a.jpg,免费7套出征荣都！有墨守和没墨守差距到底有多大？,1754381127,1028,222037579,虚无-和平精英,https://i1.hdslb.com/bfs/face/6c261f469a7256a9ae01fd10474c4ea3b128757e.jpg,178374,"游戏解说,地铁逃生,对峙前线,地铁教学,冰河禁区,烽火荣都,地铁逃生周年版本,高燃,虚无,和平精英",321966,354,128,11475,1285,17,0,0,16074
BV18phWzCEV7,114953809828668,1,47,2037,同人·手书,同人动画,http://i2.hdslb.com/bfs/archive/5977893ebfad1fb0b055c5cae962d71659410994.jpg,【大鸣王潮1566】主教菲比，发发慈悲,1754056216,210,293187959,寞桀緣才,https://i2.hdslb.com/bfs/face/6b4baaf04d1ba4f5e36368c14a3315833b54e481.jpg,806649,"手书,鸣潮创作激励计划,小剧场,鸣潮",657520,6269,2172,7869,22059,2198,0,0,75672
BV1HXt3z9Eac,114970402492464,1,252,2020,仿妆cos,翻唱,http://i1.hdslb.com/bfs/archive/272c4f3b794c61966efa05ca2e02e016e9ca954a.jpg,蓝莲哈,1754309287,90,16993069,林芷伊kiwi,https://i1.hdslb.com/bfs/face/602512a85adb8231973dfd9ddc3694c031f4a7fa.jpg,324837,"翻唱,蓝莲花,赛马娘,哈基米",909532,1082,3353,7954,16537,8426,0,0,93801
BV1s2tVziEk6,114971241351714,1,17,2078,单机游戏,沙盒类,http://i2.hdslb.com/bfs/archive/628eda60eaef1932cbc03e53f0d636ff978ceb50.jpg,你可知道边境之地也有尽头？ 【MC探境者#2 深入边境】,1754359200,573,3493272888543633,冒险家岐哥,https://i0.hdslb.com/bfs/face/b53ee949c5515d83a5a9f71e6b02cacb4ee2a57b.jpg,6184,"我的世界,游戏,游戏杂谈,沙盒游戏,Minecraft,边缘之地,边境之地,整点电子榨菜",61829,312,464,2445,2258,331,0,0,4352
BV1434RzmEJb,114977331484233,1,17,2078,单机游戏,沙盒类,http://i0.hdslb.com/bfs/archive/f977e6417dda332274fb3ad2cb78ed37c94a1485.jpg,超级困难生存???!被虐昏了!!!「天门接力畸变1」,1754438400,2037,84130356,夏天y,https://i0.hdslb.com/bfs/face/2139ba40f33a5977675e209a66896c4c3fe3eeb5.jpg,1510636,"我的世界,单机游戏,沙盒游戏,MC,惊变生存,多人游戏,像素风,沙雕,夏天y,推荐宝藏游戏",278347,2010,858,13354,30662,294,0,0,49958
BV1ozhbzTEne,114957131715590,1,138,2179,搞笑,健康科普,http://i1.hdslb.com/bfs/archive/c243573bdd34d0f5e9e43da80e18fffdc1480643.jpg,葡萄还是水蜜桃？,1754106688,46,481865498,汪医生食指比较长,https://i2.hdslb.com/bfs/face/74eb7684c2fb97a5eb9462a281af07881bef10fd.jpg,150155,"水果,水蜜桃,葡萄酒",606683,344,1379,5170,4171,5847,0,0,81254
BV1u5tGzzEeA,114970100502282,1,124,2090,社科·法律·心理,人文历史,http://i1.hdslb.com/bfs/archive/12c57033c2d8dbe27969ecd1709ae27a63dbf503.jpg,电影731定档9月18日意味着什么？这个形势你看懂了吗？如何弘扬正确的二战历史观！,1754304859,648,289189019,戏京同志,https://i2.hdslb.com/bfs/face/2f62e073da940299514a06b0ff4d5dc00065c779.jpg,2130745,"历史,日本,电影731,世界反法西斯战争胜利80周年,哈尔滨,918,人文社科,请回答这个时代",670058,3392,2094,9978,12619,1451,0,0,40738
BV1gVtGzgECZ,114970117276959,1,65,2070,网络游戏,MOBA游戏,http://i2.hdslb.com/bfs/archive/b904b33459c15d49b4be2e0dd985d44cd6c05493.jpg,重铸亚连荣光，苍穹血手义不容辞！,1754305049,206,405370021,尴尬的铁根er,https://i1.hdslb.com/bfs/face/cbe228260be3e8d2b49cb2f8dde7a0a41bee1d93.jpg,5397350,"电子竞技,搞笑,王者荣耀,MOBA,亚连",1970892,1333,1439,4054,2396,578,0,0,77968
BV1Ut4dzREKX,114976425510328,1,47,2037,同人·手书,同人动画,http://i1.hdslb.com/bfs/archive/f84400f51f8569b39f2db7778fe51ade9c4ab49a.jpg,第七十八集 普宁街道,1754401349,287,217965805,吃橙子不吐程子皮,https://i1.hdslb.com/bfs/face/4b7f7867a8532b90cd1b1d0507b1966bd77464f7.jpg,759306,"诡异,原创动画,UP！原创动画,微恐怖",179187,786,873,3477,4142,219,0,0,17544
BV1j48qzsEKj,114942569092887,1,182,2001,影视杂谈,影视解读,http://i1.hdslb.com/bfs/archive/8aed970f5d34ca2058e6ce3a5bf1158f765b7566.jpg,一不小心就被全球观众喜欢了45年……,1753884790,2210,927587,木鱼水心,https://i2.hdslb.com/bfs/face/e922d9dc09a2d21f1400ad0f02f75ecf1b3575c8.jpg,14310165,"木鱼水心,喜剧,英国,政治,英剧,是，大臣,汉弗莱,是，首相,一千零一部,好剧好片重刷榜",2391813,5955,2756,60222,64532,4993,0,10,142901
BV1LahVzoEk3,114964899568450,1,158,2114,穿搭,鞋服穿搭,http://i2.hdslb.com/bfs/archive/45c041bf14a362ae73d4f4834b5a00159ee7f881.jpg,服装盲盒！挑战给团队每人买两套衣服！,1754225726,1292,431615976,聂小倩她老板,https://i0.hdslb.com/bfs/face/d3be65d78fb1280568bd852c282669c83c116164.jpg,1420217,"服装,团队,服饰,穿搭,团队大作战,挑战,盲盒,服装开箱,解锁夏日时髦vibe",258246,10346,1081,1848,5864,187,0,0,31035
BV1CphKzSEw9,114960738812267,1,172,2064,手机游戏,单人RPG游戏,http://i1.hdslb.com/bfs/archive/6ac9acfc2d85bb5dc9de5f0a093de404f57798d4.jpg,注意！千万别抽斩业星熊！！！！！！！！！！！！！！！！！！我就是这样被七个遥塞满被窝的。。。。,1754192700,533,112708024,豆角豆莎,https://i1.hdslb.com/bfs/face/4cdea719cb869f0195a28f8b9fa388416faa49d7.jpg,439786,"二次元,抽卡,明日方舟,斩业星熊,塔防,遥,非酋,泰拉探索协会,明日方舟创作者应援计划",429521,2007,4790,2803,13787,1584,0,0,25849
BV16BhHzREww,114953071697393,1,47,2055,同人·手书,二次元绘画,http://i2.hdslb.com/bfs/archive/d09546b48776b04e4cef2f5818c50bba402376b6.jpg,这些原神/崩铁图将不再更新！,1754045198,63,3494365922069299,青辞川,https://i1.hdslb.com/bfs/face/0bda5aeedffb252a36e64ada139ccc89c623dddf.jpg,135531,"插画,同人,板绘,绘画,崩坏：星穹铁道,崩坏星穹铁道,米哈游,原神",1766004,246,2891,44995,56345,794,0,33,297554
BV1GB4RzFEk3,114977046268718,1,17,2066,单机游戏,单机主机类游戏,http://i1.hdslb.com/bfs/archive/fc89f1b641337f23c7018c4f5c4d9d252c9244e3.jpg,我巨物恐惧症犯了，你别过来啊！！？,1754438400,871,680447,马里奥红叔,https://i2.hdslb.com/bfs/face/9f266d9214894cc4134b114fc8c8ce028a235421.jpg,2495445,"搞笑,娱乐,游戏视频,联机游戏,禁闭求生2,主播,沙雕,推荐宝藏游戏",219029,587,288,3734,4896,174,0,0,21826
BV1pkhtzjECC,114957685360109,1,162,2055,绘画,二次元绘画,http://i1.hdslb.com/bfs/archive/20d59d79e04e80b0ff2d368be88c53e5f04bcf00.jpg,你可能不认识我，但你一定看过我的画。,1754115341,32,28253849,桑德兰的等待,http://i2.hdslb.com/bfs/face/168324a6bdbad8786e31ee0bc302fd0c8535904a.jpg,34241,"插画,三国杀,绘画,王者荣耀",587214,337,803,4543,735,690,0,0,75329
BV1jShAzvEtB,114940941766376,1,250,2158,出行,旅游记录,http://i0.hdslb.com/bfs/archive/c4f5d1021347c795864ef9fac63007a3dc438e56.jpg,英国博主：亚洲最大的高铁站 这也太震撼了吧,1754284800,744,1249671114,Mr有意思,https://i0.hdslb.com/bfs/face/8e73e9397a6acfc8b6c29f0d93ca388a06951851.jpg,1047475,"正能量,生活记录,重庆东站,跟着UP主看世界,中国旅游,老外看中国,老外在中国,重庆旅游,中国基建,亚洲最大高铁站",905535,4278,3044,10002,16208,1456,0,0,47450
BV1dxbQztEap,114913678791271,1,201,2090,科学科普,人文历史,http://i2.hdslb.com/bfs/archive/1f8920a469d3c5d39eacef24469f4bbd59e2f773.jpg,选3到7岁幼女为“神”，不能哭笑，脚不沾地，通过32种考验，月经初潮就要退位,1754042400,723,80900494,捕月说,https://i1.hdslb.com/bfs/face/c90a38ec3f9e90b0adc20a51ec7d7bd4ac1d8bc3.jpg,884211,"都市传说,尼泊尔,印度,奇闻,印度教,未解之谜,活女神,库玛丽,捕月说,万物研究所",4435947,2089,659,19108,1424,443,0,0,50945
BV1st8fzPEZo,114939717031084,1,22,2063,鬼畜调教,鬼畜综合,http://i2.hdslb.com/bfs/archive/710d9e6ced2d3b5b372d42a12dc92c520acb8907.jpg,⚡嘎！⚡,1753934100,207,2283296,小猪P_,https://i2.hdslb.com/bfs/face/e3cd0e238b61cb1c23ffae2f7f99fcc59818cf68.jpg,664461,"鬼畜,黄绿合战,MyGO,Ave Mujica,黄绿合战10th,灵感菇,爱音,咕咕嘎嘎",1281681,3570,5344,28582,26499,16998,0,88,95025
BV1Vut5zDE4a,114970989694036,1,228,2094,人文历史,科学科普,http://i0.hdslb.com/bfs/archive/90a08e1304656ef05c2a1dbb0b5544567895f4df.jpg,大问题：因果关系的本质是什么？,1754386500,3982,1871365234,大问题Dialectic,https://i1.hdslb.com/bfs/face/6b975209aec2c4d040501bfc965ee84607288502.jpg,686906,"哲学,科学,康德,因果,休谟,珀尔,万物研究所",79390,870,684,4721,2478,409,0,0,4255
BV1TxtjzmEYX,114974059924532,1,122,2099,野生技能协会,电脑,http://i1.hdslb.com/bfs/archive/bcbff853eda7cc800bd14e164d703ec6892d15ba.jpg,渲染时？电脑发生了什么...,1754388000,199,36053608,原型机SPFX,https://i1.hdslb.com/bfs/face/aa9f37958e276f2106234a3f56fbb01df9cae61b.jpg,282860,"渲染,无影云,阿里云,3d,云电脑",374310,222,232,6050,2306,108,0,0,23018
BV17VtEzeEWj,114975100113017,1,21,2152,日常,美食记录,http://i0.hdslb.com/bfs/archive/6742b4e91c39dadf7d1aab3e9509f794ab79bd1e.jpg,当老外第一次吃巧克力威化砖看看他们会是什么反应？,1754381512,274,3546725843208792,挺嫂在西班牙,https://i0.hdslb.com/bfs/face/6996a0ed84b7f153ead852ddc889b3d87be02f74.jpg,312144,"外国人,巧克力,威化饼干",208332,453,402,1132,632,86,0,0,19250
BV1znh3z4Efj,114964127880409,1,138,2154,搞笑,剧情演绎,http://i1.hdslb.com/bfs/archive/016ba8061dc8e5d8bcc1568bf6f7c21d0bb2ed20.jpg,《打工皇帝养成记-服务员篇》,1754213859,296,485359169,邢三狗子,https://i2.hdslb.com/bfs/face/70782f5063ee85c90d422bdd28d8888a049c3ff8.jpg,2061275,"短片,原创,剧情向",2648998,817,353,19186,1701,211,0,53,81250
BV1kehHztEbm,114953122028009,1,138,2195,搞笑,学生vlog,http://i1.hdslb.com/bfs/archive/9f092f748bb199dad3398085f9565960dc034c69.jpg,《 当 代 高 一 牲 ？！ 》,1754106312,973,1238825086,建客8米2,https://i1.hdslb.com/bfs/face/fbd9d6ef8a4d0fdce75cad21b2f54dbc1a40c07a.jpg,376980,"搞笑,校园,生活记录,青春,高中生,传说之下,记录,高中,三角符文,万种生活碰头相见",357870,2535,920,11330,6929,617,0,0,54511
BV1QzhszDEbt,114955185553880,1,138,2040,搞笑,二次元线下,http://i1.hdslb.com/bfs/archive/33efc229cd517847ad7a62058c2594518c38d4ed.jpg,还有什么要我做的嘛？人脉这一块,1754132400,273,108331200,_张天琪,https://i0.hdslb.com/bfs/face/8ebbf4fc358baf9ded623dc113ca92cc431843de.jpg,1348632,"芝麻租赁Chinajoy,日常vlog,cj漫展,主打就一个宠粉",1463494,807,596,15363,1128,157,0,0,66017
BV1sYhxzyEv1,114956678729667,1,121,2064,GMV,单人RPG游戏,http://i1.hdslb.com/bfs/archive/7406943ff0e0c6b115a89a5b35012181598c6faf.jpg,泪目！时隔5年，原神最长的伏笔终于揭晓！班尼特，你一定是最幸运的孩子！,1754099970,163,10773628,永远的我的鸟笼Me,https://i1.hdslb.com/bfs/face/467c59cf5001a2db9f14df6d556741eb0dd86416.gif,449659,"原神UP主激励计划,MAD,GMV,混剪,剧情,手机游戏,游戏CG,米哈游,班尼特,原神",400185,5457,1407,8967,4185,3080,0,0,43148
BV1ZRtnzVEFu,114975418879578,1,212,2150,美食侦探,美食探店,http://i2.hdslb.com/bfs/archive/c8fe091a4a6a976a13b36b283678c06e8e153f05.jpg,云南的菌子你好“滇”，采蘑菇的小老外品尝之后光速投降！,1754385887,961,3537122973714533,老王在中国,https://i2.hdslb.com/bfs/face/5cc0f66946ba560d0ccbd8e5bffc45ac94793cf4.jpg,3439682,"生活记录,舌尖真探事务所,采蘑菇的小老外,云南美食,老外在中国,彩云之南,美食探店,菌子",233795,2488,1465,1363,4564,595,0,0,19234
BV1iXh5zwEoA,114965906202366,1,218,2168,喵星人,狗,http://i1.hdslb.com/bfs/archive/ce9201875c2bd3058a2a2a64ccad1a451c8aa85e.jpg,两个月不见，家里的宠物激动坏了,1754241775,535,314866867,佚村夫,https://i1.hdslb.com/bfs/face/b830d72b684c7a00f9070c947e88d54fccee6c56.jpg,433989,"汪星人,喵星人,治愈,中华田园犬,田园生活,宠物,猫狗双全,农村小院,萌宠过暑假",941564,854,582,12232,3733,168,0,0,24088
BV1nVhuzWEEQ,114963171508549,1,162,2055,绘画,二次元绘画,http://i1.hdslb.com/bfs/archive/b52e44db5b025e6fac28d6fd295216dff4090c3d.jpg,你的崩铁该换图标了,1754198910,15,628371635,椎名金鸽_,https://i2.hdslb.com/bfs/face/ff118f13ecf26f480501e6cdb3fbd1c2227e1270.jpg,9374,"绘画过程,崩坏星穹铁道,崩坏：星穹铁道创作者激励计划,图标,改图,长夜月,整活,三月七",1206157,423,1866,11613,1384,4248,0,0,110646
BV1vztJzvEAN,114976039633168,1,253,2043,动漫杂谈,动漫速读,http://i2.hdslb.com/bfs/archive/d3556370af3435a602fbf76c97f9dd470c1b84a0.jpg,火麟飞暴怒揍天羽，苗条俊菜刀砍冥王,1754395217,327,1249738739,刘成lcc,https://i2.hdslb.com/bfs/face/a01f302dc0742f3602724c32d64f6f54fa0d9b78.jpg,226904,"童年,超兽武装,童年回忆,国产动画,冥王,国漫,天羽,火麟飞",184432,460,237,2336,721,94,0,0,10862
BV1ywh8zHEyz,114958960427299,1,17,2151,单机游戏,美食测评,http://i2.hdslb.com/bfs/archive/50c17e7b8fec896e461d97f86e516f0d0e7e0d1c.jpg,【全网首发】绫地宁宁同款大碗拉面测评！柚子社官方限定周边深度测评！,1754134679,404,3546668964252528,北见六花单推人,https://i0.hdslb.com/bfs/baselabs/d1135c48cad11be7911bab201a785efc61544a9e.png,9692,"拉面,开箱,绫地宁宁,柚子社,galgame,魔宴,周边,美食测评,千恋万花",449537,717,1333,5351,533,9860,0,0,29726
BV1RFtJzwEfw,114974529688203,1,241,2009,娱乐杂谈,娱乐评论,http://i1.hdslb.com/bfs/archive/aff31d614340b488eaa32dab59077caf7f5b4b2b.jpg,【吃瓜】赵露思直播爆料…被锁在酒店不让治病？否认整容，被欺骗？发点小疯，热搜全屠。,1754376183,591,1976558860,天气微凉淡淡月光,https://i1.hdslb.com/bfs/face/92f61e260415a2e7f22b4d44fa676bce2f612aed.jpg,182679,"直播,演员,微博,神奇的闲鱼,娱乐资讯,吃瓜,赵露思,银河酷娱",509848,4981,3027,1565,1074,1690,0,0,11636
BV1mJhgzMEot,114962382982114,1,210,2038,模玩·周边,模玩周边,http://i0.hdslb.com/bfs/archive/bfb1ccc5468e6eacb5ae8a8ad3dc1e07a07fdb56.jpg,初音：这就是滑雪吗！,1754194200,61,2017611,利利那TD25,https://i0.hdslb.com/bfs/face/9da1b0869257c312e35675b44c8d03b08d8657cb.jpg,1049775,"初音,机娘,初音ミク,定格动画,滑雪,初音未来,圣斯基,手办模玩怎么玩？",693206,127,390,17110,5549,936,0,0,49072
BV1vEhNzeEjW,114959497370044,1,65,2071,网络游戏,射击游戏,http://i2.hdslb.com/bfs/archive/ee4d76b14ed2e99a1ecb9f82b0bdb74b7df253ee.jpg,渔民赶海都能摸着啥好货（第12天）,1754142941,705,896076,鉴鉴gege,https://i0.hdslb.com/bfs/face/0e2e6c9878b3ee958323269432f90e7eb4a8e470.jpg,14387,"三角洲行动,带富电竞,三角洲赶海,赶海",991242,963,501,3972,1303,920,0,0,36998
BV1KNhpzTE3M,114952786415325,1,21,2154,日常,剧情演绎,http://i1.hdslb.com/bfs/archive/4b8e0e18a78238a70bb9304d9f389ae60c742f53.jpg,b站让我用十秒留住观众（物理）,1754107500,288,9354231,快乐的台长,https://i0.hdslb.com/bfs/face/84f1b28f5b474e298603fc7b85eba8545dac968c.jpg,1295858,"生活,高能,娱乐,搞笑,搞笑视频,恶搞,学生,台长,小剧场,我的离谱暑假",1340561,19913,610,20681,4329,833,0,0,75966
BV17whgzDE4y,114962634709280,1,138,2063,搞笑,鬼畜综合,http://i0.hdslb.com/bfs/archive/62be32ce7accfaf78b3aca270e4b00946bd8fef3.jpg,师傅不是不爱说话，只是没招了。,1754190657,24,1770749483,万能的洪师傅,https://i2.hdslb.com/bfs/face/b6d052263282f5c563505593eb8ee653a4ff9638.jpg,261655,"高能,搞笑,原创,师傅你是做什么工作的,段子",546457,154,684,6168,513,536,0,0,95152
BV1TmhVz2EAp,114964664682643,1,138,2156,搞笑,UP主小综艺,http://i2.hdslb.com/bfs/archive/bd58544a026529d88dcdd4c0a6848134653f29fa.jpg,【Reaction】2025最火热榜Top10歌曲,1754221781,386,300994119,沙雕网友咸叽叽,https://i0.hdslb.com/bfs/face/7f6eea61bc5fe858be23e585d3d7c71c61bc91e1.jpg,3976759,"歌单,奇葩,音乐,歌曲,幽默,盘点,流行歌曲,乐评,沙雕,娱乐花式reaction",490841,7292,1810,15784,4774,697,0,0,63714
BV1Yzt7zoEbH,114973254623134,1,172,2071,手机游戏,射击游戏,http://i0.hdslb.com/bfs/archive/9a382d466364e5c711cfc7837aaa1136e77aa577.jpg,扶贫最艰难的一集,1754353251,499,700516468,松下千秋77,https://i1.hdslb.com/bfs/face/1d860b1b059fbcbc09c269b8d7a7e52603b3c283.jpg,394567,"地铁逃生,臭猫扫号日记,吃鸡,和平精英,松下千秋",953118,586,193,16312,753,34,0,0,20097
BV1pvhWzvETq,114953944042233,1,182,2001,影视杂谈,影视解读,http://i1.hdslb.com/bfs/archive/1401c818dd5229de7020af184ad579094452bdbe.jpg,“开端”从未开始，真相就藏在开头！不怕剧透的颠覆性解读，十万字细嗦《开端》上,1754105400,13117,479820935,不善言辞的秃秃,https://i2.hdslb.com/bfs/face/93d7f42e08ef889f097de4992adf72fa5e571547.jpg,996698,"白敬亭,剧情向,悬疑,推理,影评杂谈,拉片,解读,开端,赵今麦,好剧好片重刷榜",816966,12487,2373,21306,21592,1645,0,0,42236
BV13dhHzVEys,114952685756081,1,76,2149,美食制作,美食制作,http://i0.hdslb.com/bfs/archive/3b7db7ddcd1cfab6225b5a26a33e78ecb071c8fe.jpg,做菜的基本功翻勺和看油温 有掌握不好的兄弟姐妹们看仔细啦#美食 #热门,1754039162,164,3546573436881590,刘小欠教做菜7,https://i2.hdslb.com/bfs/face/fe6233204fc1bc79ec6575113fe762f97722de0a.jpg,373543,"厨艺,学习,美食教程",617072,334,586,7690,1069,305,0,0,33483
BV1arhPzfEW1,114959631516157,1,65,2071,网络游戏,射击游戏,http://i2.hdslb.com/bfs/archive/1701b8ff07fd8fdf69e149b58264902b205f6e26.jpg,小蓝大紫怎么取舍？哪个到手纯哈夫币最多？物品单格价值排行一图流,1754145055,179,3546927832500833,鼠鼠博士-三角洲行动,https://i2.hdslb.com/bfs/face/2be1baf0c553d602c092122bf7d22b0c4e6e4b69.jpg,25013,"三角洲行动,哈夫币,鼠鼠博士,新手必看,教学攻略",573533,2542,717,12999,1689,2787,0,0,43079
BV1AChNz7Epa,114959228869300,1,47,2037,同人·手书,同人动画,http://i2.hdslb.com/bfs/archive/5c0678b466f0af17442188ea4a48829de6a8c7df.jpg,千年的优香小姐，因为身边卑女太多，所以打算自己先偷跑??!!!,1754138837,94,82671873,风凡几厂一,https://i0.hdslb.com/bfs/face/8200574213b5acaaecc99e871d4c9a2eda20d901.jpg,4436,"可爱,小雪,手书,优香,ED,虽然是公会的前台小姐,明日の私に幸あれ,诺亚,碧蓝档案,蔚蓝档案二创",184079,101,314,18675,4792,1151,0,0,37170
BV1R74ZzgEb8,114979327970770,12,172,2064,手机游戏,单人RPG游戏,http://i2.hdslb.com/bfs/archive/0129d1886954c7e719318ff1f5fd898821660418.jpg,【崩铁】海瑟音综合测评：dot队新成员！武器对比+技能解读+强度展示+星魂提升！！只需等待！！,1754452800,3113,43222001,卡特亚,https://i2.hdslb.com/bfs/face/a86d2a1570f968a7aa57f7d014f7826780900372.jpg,3271371,"卡芙卡,崩坏：星穹铁道创作者激励计划,海瑟音,海瑟音强度,海瑟音测评,海瑟音dot队,海瑟音综合测评",224093,1814,1677,1628,2593,1083,0,0,17379
BV1dL4ZzrExj,114979344746713,1,17,2078,单机游戏,沙盒类,http://i0.hdslb.com/bfs/archive/543a23da81f7d2a14a0a9dc882b0c40c3579d1b2.jpg,我为MC添加了更多状态栏！只为折磨我的朋友…,1754449200,1503,88197128,锡德JorisSid,https://i2.hdslb.com/bfs/face/d7d65eb922b12acb45b61de639858469be69d461.jpg,284503,"我的世界,搞笑,沙盒游戏,整蛊,娱乐,我的世界MOD,折磨,沙雕,状态栏,整点电子榨菜",81946,1074,633,2359,2116,172,0,0,6740
BV1oHhnz2EiH,114951830118348,1,21,2154,日常,剧情演绎,http://i1.hdslb.com/bfs/archive/a3e75ed1e05cc83563661336f221a90903c5895d.jpg,弗雷尔卓德大龙卓别林默剧这一块,1754027167,66,3546915536898295,弗雷尔卓德创始人,https://i1.hdslb.com/bfs/face/66bdebf1ef359f7022f2c82ce5867b763db12fe0.jpg,31283,"喜剧,经典,电影",884721,452,2064,13924,7621,11788,0,0,139424
BV1L4h3zpEpK,114964060703573,1,85,2154,小剧场,剧情演绎,http://i2.hdslb.com/bfs/archive/985af683d5451daaea6c5e15eb9af80495a05bdb.jpg,诬陷妈妈的人，到底是谁呢？,1754213172,268,3546565008427419,二阳咂-,https://i0.hdslb.com/bfs/face/3a435bf92b138aff08859892b5fb33e65e03f804.jpg,654843,"短片,妈妈,母亲",473221,267,342,3099,1410,129,0,0,45879
BV1j3hAzhE7A,114941629570822,1,65,2071,网络游戏,射击游戏,http://i1.hdslb.com/bfs/archive/a0bd57909c1d7f1f74fc790abbebd07dfaaa0457.jpg,如果三角洲加入更多难蚌的大红（第19期）,1753870142,92,295318852,New神小赵Prime,https://i1.hdslb.com/bfs/face/bf3e23aaf9d01df3afdedf567384ceefd1f65916.jpg,38372,"娱乐,难蚌,三角洲行动,三角洲二创,三角洲,沙雕,附魔金苹果,整活,三角洲破壁新赛季上线",904428,327,737,4694,587,339,0,0,45486
BV1Pw82zYEUy,114947669364026,1,65,2071,网络游戏,射击游戏,http://i0.hdslb.com/bfs/archive/6a3410f3c263f991a64b1aec08ad9cf3be80fe2b.jpg,三角洲dma大面积拉闸！大量主播休息！,1753962400,188,393091539,三角洲经济学教父,https://i0.hdslb.com/bfs/face/613b938dbbfd3d4a228340e2b42d0bc1111edaed.jpg,795880,"游戏,搞笑,硬核,电子竞技,战争,直播录像,三角洲行动,主播,沙雕,热门",1035939,8417,5942,2569,841,4438,0,0,44061
BV1LGtjz4ExM,114973942488965,1,95,2099,数码,电脑,http://i2.hdslb.com/bfs/archive/201804c3809fff3a0edb149e339f24d484115c86.jpg,【25年8月电脑装机配置推荐】停更20天，只为带来更劲爆的视觉冲击，初心不变，致力打造全网定制标杆！做与众不同的主机！涵盖4000-4W，超详细攻略，小白也能懂,1754365308,4701,551534193,至尊定制,https://i0.hdslb.com/bfs/face/5fbb9847719371ec3ddda7fb625cc3b15cffc258.jpg,595566,"科技猎手,DIY,显卡,装机,电脑,二次元电脑,主机,电脑配置,定制电脑,配置推荐",152727,3864,803,2232,1213,721,0,0,16527
BV1rdhpzwEBs,114954447358161,1,138,2156,搞笑,UP主小综艺,http://i2.hdslb.com/bfs/archive/1886b7b0835f761d70241af5a3a74e5b1ab06c17.jpg,【0帧起手】防不甚防啊！这谁防得住啊哈哈哈【第四期】,1754107200,410,265457911,老鸽子从不鸽,https://i1.hdslb.com/bfs/face/c3c3cfc03639e7eef37d5c1b6356b729e1c745ec.jpg,874922,"奇葩,搞笑,万恶之源,石头,0帧起手,石头P20 Ultra,沙雕,扫地机,石头扫地机器人,石头扫地机",3440412,1662,332,86465,3973,414,0,34,97686
BV1q5tnzrEZG,114975922258423,1,219,2168,汪星人,狗,http://i0.hdslb.com/bfs/archive/36d406730eb88ff4d96a4aa3357e7de18e2320d9.jpg,驱散阴霾的不止有彩虹，还有小猫小狗。,1754394138,329,3546946425850423,一口一个团up主,https://i1.hdslb.com/bfs/face/33fcb94a59b9c4e52c8e95ef97176c1cf408474f.jpg,359821,"边牧,小狗,小猫,萌宠过暑假",88289,445,419,885,1816,445,0,0,15507
BV1C54Rz1E6g,114977230883059,1,252,2154,仿妆cos,剧情演绎,http://i2.hdslb.com/bfs/archive/431fafa5136cb0c25492d417bca01d4f99816b31.jpg,我可以接受失败，但我绝不接受没有奋斗过的自己！,1754413647,150,322480205,造梦阿瑄,https://i2.hdslb.com/bfs/face/6179ff89aa703de7a967de4e3fe4804d4988b001.jpg,782240,"生活记录,学习,唱歌,搞笑小剧场,诗朗诵,努力",419593,5296,2008,4014,8209,1176,0,0,81236
BV1bE8BzmEER,114941931815986,1,138,2029,搞笑,街舞,http://i1.hdslb.com/bfs/archive/53ce2ac968bbc107da74e4cd39ed9b659c71c8e0.jpg,这个喷不了 人家就是做这个的#嘉豪天团,1753874960,26,1146388214,Aleks_Kost,https://i2.hdslb.com/bfs/face/6414e768cd99a5c51c24faf939de8f8758f36ee4.jpg,1256317,"手指舞,嘉豪天团,alekskost,暑期练舞日记",852917,604,1273,6170,1970,3758,0,0,124268
BV1Vz4RzbEm5,114976962384757,1,251,2082,三农,社会资讯,http://i1.hdslb.com/bfs/archive/8b5f1a7834f6dbde1ac883e894fbbf85341c40f0.jpg,详解河南大旱！影响到底多大？降雨能否缓解？【主播说三农】,1754409584,320,1343321779,央视农业,https://i1.hdslb.com/bfs/face/c9e24623ccc91cd26c2894d2a1880dc6dc6a28c4.jpg,3621364,"主播说三农,河南旱情,玉米,灌溉",224145,674,2015,1268,2234,1011,0,0,23462
BV1R3hGzHEyX,114963641277318,1,21,2207,日常,随拍·综合,http://i1.hdslb.com/bfs/archive/78c168ff7d33b549d9f867f0cce173f271ddc5cc.jpg,被陌生人反向治愈的一天！,1754206669,143,71222956,昕昕给你100元,https://i1.hdslb.com/bfs/face/fbfaee41321b6e98d14dfe8d04b02ff61166a0d5.jpg,16725,"夏天,生活记录,老人,挑战",862890,316,882,2922,19778,187,0,0,61186
BV159hWzpEAP,114955621761505,1,17,2079,单机游戏,其他游戏,http://i2.hdslb.com/bfs/archive/37e5ab125476c8e422e49aa2a13c971c3dc160ad.jpg,"必须使用""BUG""才能过关的小游戏？！",1754099700,406,344424146,八黄荷包蛋,https://i2.hdslb.com/bfs/face/418e8d799f4fe9c0a5f5215d91f1e82eb37fec18.jpg,11682,"单机游戏,小游戏,搞笑,游戏,游戏实况,Supertype,超级字符,整点电子榨菜",337798,4027,1286,5298,2170,290,0,0,32258
BV1xnhJzbE4D,114952232766274,1,47,2050,同人·手书,漫画·动态漫,http://i2.hdslb.com/bfs/archive/93a0902efb2c501b6570e821b8feea95cc753537.jpg,每个中国人都有自己的防御塔要面对,1754032048,56,349987915,hands2,https://i1.hdslb.com/bfs/face/afd996da636a13fb03b081d2782133c59bc393fe.jpg,377278,"东北,四川,魔法,中国人,漫画,东方明珠,异世界,河南,文旅,我的原创手书",2084365,3227,10342,42255,13114,36153,0,53,217336
BV1Bht7zAE3B,114973153956948,1,20,2028,宅舞,宅舞,http://i0.hdslb.com/bfs/archive/741a766731f62ebcd0f4745cb2075e7a8a7a87af.jpg,【徐娇】未闻花名Secret Base～生日作～自唱跳【原创编舞】,1754351280,146,6870383,海獭娇娇娇,https://i2.hdslb.com/bfs/face/7b210f2e81fbec726735cb9356a5910c81da7cc0.jpg,573554,"原创编舞,未闻花名,宅舞",816473,2568,2231,3972,12719,706,0,0,44439
BV1pThuztE67,114963238619676,1,216,2207,鬼畜剧场,随拍·综合,http://i2.hdslb.com/bfs/archive/3dc9765623953e03161aa3ce441db8f5eed7485f.jpg,【迪亚哥·蹲芳魂vs乔尼·大胃袋】胜利之风在我背后吹起，这回旋焖子就由你自己享用吧！,1754199871,39,290558439,灌狮子_Glion,https://i0.hdslb.com/bfs/face/18be4eb6fa916252d3b4b4a2b8a71076609880a9.jpg,18370,"JOJO的奇妙冒险,良子大胃袋,蹲芳魂,东方红,飙马野郎,jojo",338680,198,587,7593,1479,6643,0,0,35419
BV1GLt5z2E9D,114970922587130,1,172,2070,手机游戏,MOBA游戏,http://i2.hdslb.com/bfs/archive/e07078a5ed6b8d9609c67a3d4c78bfba079bf1dc.jpg,想跳过晋级赛结果直接16.0顶级对抗，吓的我半个月不敢上线,1754355600,215,268941858,磊哥游戏,https://i0.hdslb.com/bfs/face/538b9090c0862782df0662b2176e726eda1c9980.jpg,2468851,"王者荣耀,王者荣耀夏日农友节",1386733,877,3199,2740,2378,1061,0,0,78312
BV1LwtHzzEup,114975335063543,1,215,2149,美食记录,美食制作,http://i1.hdslb.com/bfs/archive/313d129782192a3eec91291d5724aba822b0858a.jpg,东北老菜谱，锅塌豆腐+土豆牛肉！,1754391900,192,1916474,神奇海挪,https://i2.hdslb.com/bfs/face/e37369a80dcac0fa2b3a7f8187565e626e0a00e8.jpg,2103318,"美食制作,美食教程,家常菜,美食,美食vlog,记录我的美食日常,Vlog",233490,86,110,3823,607,30,0,0,7262
BV1FKhNzCEHT,114959363213954,1,138,2154,搞笑,剧情演绎,http://i2.hdslb.com/bfs/archive/fdc3539dc8cfee26071ad2c36dcb0f8b6f9b4dc8.jpg,北京人生存规则怪谈,1754141058,106,475912512,抵抗Resistance,https://i0.hdslb.com/bfs/face/12c1cd0df2ee6e6bb09b279b0553cdc9ae4af4f0.jpg,1089292,"北京,搞笑,搞笑小剧场,北京人,北京话,规则怪谈",852044,846,3449,4176,1173,1840,0,0,69078
BV1KRt7zmE6m,114975033136231,1,21,2040,日常,二次元线下,http://i0.hdslb.com/bfs/archive/1fe6e7933967aadb85b3750ca0615cebcb60e9c0.jpg,排面拉满！带声优去漫展感受神秘仪式！,1754384400,276,210291,蚀血之暗,https://i0.hdslb.com/bfs/face/cf6bd7ce511ef7e277a8825eba9a8b6d2576965c.jpg,665670,"DNF,无畏契约,漫展整活,漫展特种兵,2025chinajoy,腾讯游戏,管泽元,chinajoy,大展宏图,ChinaJoy现场",95269,168,310,903,986,48,0,0,3281
BV1eo8Mz3Ewy,114907202719600,1,17,2078,单机游戏,沙盒类,http://i1.hdslb.com/bfs/archive/e1ba5422d487b36f61e5f40acb66d96088a842e1.jpg,野猪小队-第31集-完整版,1754269200,666,11560113,小麦块,https://i0.hdslb.com/bfs/face/7b424bc6060a4fd2600c48ba25296570b4df4a4c.jpg,209535,"我的世界,Minecraft,野猪小队",1737054,398,97,38265,3495,30,0,79,37001
BV1LyhHzDEvS,114952736083491,1,228,2089,人文历史,时政解读,http://i0.hdslb.com/bfs/archive/baa79fe0c5594bd5a55ae6521696fc39597ef5f6.jpg,欧洲应反思！难民问题为何难以解决，根源到底在哪？,1754215500,780,316627722,世界见闻录,https://i0.hdslb.com/bfs/face/418ca1ae96680bc7d681a842d730e2057955850f.jpg,1710360,"社会,欧洲,难民,财经,国家,经济,欧洲难民",607315,1441,1003,4251,2893,276,0,0,34615
BV1iwhJzrEAC,114952434096223,1,172,2073,手机游戏,动作竞技游戏,http://i1.hdslb.com/bfs/archive/41072964bd22e7366ee0387345c9c73c51167cc3.jpg,我拿到了第五最强的监管者！！【飞莎儿】,1754042400,425,149890182,老师好我叫飞莎儿,https://i0.hdslb.com/bfs/face/c2ef7fa377567eb1fd4e386c76e66962af554919.jpg,1014334,"手机游戏,搞笑,手游,第五人格,飞莎儿,跛脚羊,红蝶,第五人格庄园纳凉夜",671941,5866,1019,4764,1924,406,0,0,59811
BV1pFhNz2Eni,114959430192048,1,184,2043,预告·资讯,动漫速读,http://i1.hdslb.com/bfs/archive/fa1fc6256c6d45eaa0f83a63ac6fcca915f9bcf3.jpg,第一集 |【第一集】开局就要被祭天，这公主老娘不干了！,1754142041,534,3546673368271122,江贝塔啊,https://i0.hdslb.com/bfs/face/8bcd6436d09ddaee3a0d7706cd8c8d52127a0542.jpg,61337,"二次元,国产动画",349826,522,731,17834,3559,164,0,0,39860
BV1butMz4EWE,114968489952579,1,215,2149,美食记录,美食制作,http://i2.hdslb.com/bfs/archive/480169f507dc7cd0e94b3118301c42fc0caf7fbd.jpg,当我用Cos系列美食抗议朋友来我家蹭饭,1754280263,99,1868223528,大伟投食记官方账号,https://i0.hdslb.com/bfs/face/a3b092e622e1686d7a94bbcb823e7b277de494b8.jpg,685020,"厨艺,料理,搞笑,美食制作,cos,记录我的美食日常,Vlog",2331270,443,279,16346,791,771,0,0,75866
BV1KhhAzUEzq,114941143221995,1,59,2021,演奏,演奏,http://i0.hdslb.com/bfs/archive/62bb3ca3912be1236fa656bc29296112f4da9e7b.jpg,万物都可Bbox之 《知了合成器》,1753863365,25,20564108,是删青啊,https://i2.hdslb.com/bfs/face/90e8ba25d1d5cb923b711ad3b29a5dcd40c3ccce.jpg,516038,"全能音乐挑战赛,电音,夏天,搞笑,抽象,卡点,沙雕,bbox,删青,知了猴",3932543,63882,6532,57297,19157,51545,0,24,400508
BV1yph7zJEZH,114951310086802,1,138,2158,搞笑,旅游记录,http://i2.hdslb.com/bfs/archive/abf8c3915a4170abfc9578bea927c37ff0288ac3.jpg,火热武汉之旅 也没人告诉我太阳天没樱花啊,1754197800,277,434963477,刘大炮007,https://i2.hdslb.com/bfs/face/97bf5ba2eac969bbe56c68aab1c70bc0a1cb0a28.jpg,624246,"旅游,高能,生活记录,搞笑小剧场,武汉,记录,抽象,精神状态",1976889,1303,818,10900,1227,377,0,0,46470
BV1ek8CzBEBa,114947048675110,1,162,2037,绘画,同人动画,http://i0.hdslb.com/bfs/archive/7215af052778b6a0084da79211f368989d6ba6e4.jpg,开 门 接 受 检 查,1753952838,32,39603093,一只毒蛇,https://i0.hdslb.com/bfs/face/a5971c8f014b400f2359e213127aadac19b6d010.jpg,82317,"火柴人,食品安全等级,画师激励计划,FSQG,柴设",1189253,516,723,51798,4767,2574,0,0,167131
BV1xyt3zFEbQ,114970436048005,1,215,2151,美食记录,美食测评,http://i0.hdslb.com/bfs/archive/e970a4cc828e15efb3c549b1ca0b19afeb10d9a1.jpg,早餐实力排名,1754310396,520,3493292727601296,王小洋-已黑化,https://i0.hdslb.com/bfs/face/e33567ee9db0bad3c746a42ab7354680b75b0a06.jpg,305717,"早餐,吃喝玩乐先上闲鱼,排名,油条,MVP,手抓饼,烤冷面",599979,10011,5374,5865,1460,1259,0,0,45464
BV1a5hHz3Epc,114953340066122,1,21,2183,日常,助眠视频·ASMR,http://i2.hdslb.com/bfs/archive/60a17cacc4a8ad0a089bbc9c71bdd18259880d77.jpg,ASMR｜100元到1万元助眠麦克风,1754049018,171,570746261,米奇-声控助眠,https://i2.hdslb.com/bfs/face/2a284043a51aeaf35bed2b1bf46e10eda745e599.jpg,372363,"助眠,催眠,asmr,麦克风,解压,舒服,放松,触发音",326772,400,317,4000,784,160,0,0,28797
BV1FYtGz4Eo9,114969899175713,1,137,2111,明星综合,美妆,http://i2.hdslb.com/bfs/archive/eba5660d1c3655e6abc49d1f106b307c4fc1f18f.jpg,WONHEE's Beauty Item ASMR💖 | Current Favorite Beauty Items | ILLIT,1754302200,365,3546608109095338,ILLIT,https://i1.hdslb.com/bfs/face/9b7b678a17d401cebacc5d1a6cae816c7f20cb82.jpg,384787,ILLIT,52895,135,257,2670,846,269,0,0,9931
BV1iJt3zjEkn,114970704481089,1,27,2207,综合,随拍·综合,http://i2.hdslb.com/bfs/archive/08f031149b05b1e9ce75058743d2fae7f3658caa.jpg,假如soyo的内心戏很多,1754313833,115,50934906,虾头睦子米,https://i0.hdslb.com/bfs/face/8aca966c01d57fa3ee0508dbe4ca26c305cd9c11.jpg,7383,"MyGO,Ave mujica,爱素,BanG Dream!,千早爱音,长崎素世",108649,218,490,6736,2889,2132,0,0,18974
BV1KXhVzVE5K,114964614355257,1,198,2006,街舞,AI影视,http://i1.hdslb.com/bfs/archive/23bdf9d815c5748d48777fe4388a91005e092cae.jpg,我在深圳看到了机器人，路人大叫…,1754221353,55,386120474,Barbin-ili芭比,https://i2.hdslb.com/bfs/face/c1bb2ca8bbbf4042dcdf85ea9780d6222b212308.jpg,726251,"人工智能,黑科技,机器人,深圳",577208,198,653,2061,516,467,0,0,37039
BV1onhnz7EVK,114951779780679,1,162,2057,绘画,绘画学习,http://i0.hdslb.com/bfs/archive/7006428f0869393dda569e9b4f106d46b7cd7683.jpg,记得喝水,1754025100,88,99026839,舒雅ya,https://i1.hdslb.com/bfs/face/78638e57bc16529355a4e52ae1fc917f3045066e.jpg,10815,"绘画,教程,绘画技巧,PROCREATE",255302,157,260,35902,6371,1683,0,0,42967
BV1tbtjz1EAh,114974093549347,1,17,2077,单机游戏,休闲/小游戏,http://i2.hdslb.com/bfs/archive/90269a466b4b70afd5f0bd92a9b209fbec9bb525.jpg,觉醒后，我拿下了七杀！,1754365551,306,64116958,名游社,https://i1.hdslb.com/bfs/face/0ca11f1f7e159f848be4ef14d87042f0380f47d3.jpg,1198854,"游戏实况,搞笑,策略游戏,娱乐,联机游戏,名游社,沙雕,休闲益智,整点电子榨菜",233483,416,548,1817,1662,131,0,0,16977
BV12khnzAEj9,114953491057387,1,168,2042,国产原创相关,动漫评论,http://i2.hdslb.com/bfs/archive/8319ac5b33d631b50543542065adf71fac054d8c.jpg,评分第一？巅峰之作？7年前火爆中国【竞球小英雄】大结局居然是这样！（下）,1754051556,3284,31261235,L另唐,https://i2.hdslb.com/bfs/face/9cdbdecc498f42498f22bffa09964271ece19c6a.jpg,1249374,"童年回忆,动画,怀旧,国产动画,童年动画,国漫,猪猪侠,竞球小英雄,猪猪侠之竞球小英雄",3705948,20085,2389,63261,26088,1111,0,32,86121
BV1Q2hbzaEMV,114958926876502,1,182,2001,影视杂谈,影视解读,http://i2.hdslb.com/bfs/archive/a51c78fdddfdf7f9344655f8aac1a1bed242b0fc.jpg,【阿奇】2025年丧尸惊悚片《放飞》：病毒天灾持续六年，丧尸进化成更高等级物种,1754134198,640,151203311,阿奇讲电影,https://i2.hdslb.com/bfs/face/0a1daa330b079cfefdc148503bfc76f56b3f921d.jpg,260191,"丧尸,惊悚,科幻,进化,末日,病毒,放飞,好剧好片重刷榜",1378499,2095,864,10538,1246,605,0,0,36912
BV1RNhgzmETH,114962802413444,1,21,2207,日常,随拍·综合,http://i0.hdslb.com/bfs/archive/15f3084bead82e36a8295f50de817b1c097f185d.jpg,读评论9.95：坚果让指导版牛头去坑二爷,1754208000,92,1834271846,陈君un,https://i2.hdslb.com/bfs/face/65f841ecf609e5e56c4efe01db70be7809c5785d.jpg,626195,"搞笑,坚果,植物大战僵尸,指导版,牛头,娘化版,整点电子榨菜",1996946,945,1438,28024,1439,245,0,0,57258
BV1PehAz1En3,114941310797992,1,138,2098,搞笑,AI杂谈,http://i1.hdslb.com/bfs/archive/0706fbba1c4af64ae143a9c81c8100d026705610.jpg,这期我宣布，AI你赢了,1753865676,84,378828200,疯狂大笑总,https://i2.hdslb.com/bfs/face/c130bc3ab55f746c83a999d9a2601404bfbe75e3.jpg,2388567,"AI,人工智能,高能,搞笑,搞笑小剧场",1600885,646,289,4432,962,509,0,0,96490
BV15shTzMEPS,114960336165739,1,17,2079,单机游戏,其他游戏,http://i2.hdslb.com/bfs/archive/90ecbbb3c4fa792313084632822d891f898384dc.jpg,我的好兄弟看视频不点赞被「告上法庭」!!!!!!?,1754179200,1801,84130356,夏天y,https://i0.hdslb.com/bfs/face/2139ba40f33a5977675e209a66896c4c3fe3eeb5.jpg,1510637,"单机游戏,娱乐,搞笑,我的世界,MC,多人游戏,沙雕,法庭,夏天y,推荐宝藏游戏",1044995,2128,533,44165,40219,676,0,37,87342
BV1hyt7zWE2z,114973204288995,1,172,2064,手机游戏,单人RPG游戏,http://i0.hdslb.com/bfs/archive/e4e13f04cbca6fa507a017973c2791b08aa44d5f.jpg,【明日方舟】我弟弟第一次玩明日方舟！他的欧气比我更逆天吗？,1754352266,265,3493258720184761,时晏Giulio,https://i1.hdslb.com/bfs/face/8e0501acf096b4cc2872d4e2f1997349d34b24a4.jpg,281028,"游戏,外国人,抽卡,手机游戏,搞笑,明日方舟,德国人玩明日方舟,夏活,星熊,明日方舟创作者应援计划",79276,293,389,609,696,158,0,0,6717
BV1gHhAz9EAd,114941176580295,1,216,2063,鬼畜剧场,鬼畜综合,http://i1.hdslb.com/bfs/archive/4af966c306ae8c457de7407140a92896c2e0c0d5.jpg,【鬼畜动漫】理塘超人 戒烟公益广告,1753864732,112,608798547,哥谭市汽修职业学院,https://i0.hdslb.com/bfs/face/34fab360d775c9de0a48bd56c38789d0b145886a.jpg,168469,"超人,鬼畜,雨姐,雪豹,理塘,良子",2030269,1272,2451,37860,33112,28521,0,33,177057
BV1qZ8yzjE1S,114946427852163,1,21,2038,日常,模玩周边,http://i2.hdslb.com/bfs/archive/ea54911a5667dada5c2f86e49ddc058afc8fe9fd.jpg,恐怖视频，建议和兄弟一起看,1753943459,17,3546902215789088,过程分大神,https://i2.hdslb.com/bfs/face/9fa503aa6ca63891a5a3690d2bcdbadfcea50ffd.jpg,380,"诡异,恐怖,mygo,奶龙,千早爱音",365346,217,2016,10413,764,21001,0,0,62326
BV19rtMzeEWu,114968473115692,1,172,2071,手机游戏,射击游戏,http://i0.hdslb.com/bfs/archive/6283894837ba72239750775101a650ee1ee10d7e.jpg,被无名抓住机会，整个全装队也得压力吃满,1754279954,256,1809444890,三角洲-安澜,https://i2.hdslb.com/bfs/face/e714b2642ce045e441a21dd29e94a72d3f7f3f8e.jpg,288656,"三角洲行动,三角洲改枪推荐,单三猛攻,无名教学,幽默静步人,粑粑流无名,安澜三角洲,粑粑老祖,akm,三角洲攻略课堂",493443,440,606,2030,757,449,0,0,32390
BV14zt3zYEYi,114970821920464,1,201,2170,科学科普,野生动物·动物解说科普,http://i1.hdslb.com/bfs/archive/9ad50851894edcf53e25f5a3cb1a43e5c9ffc43a.jpg,鉴定咬伤粉丝的毒蛇(23)被五步蛇咬伤竟然打了银环蛇血清？,1754389800,513,25126508,世界记忆大师龙雅,https://i2.hdslb.com/bfs/face/ef459648b3357acf2efbfeae8bb1beb9bd05ecbb.jpg,2672892,"科普,蛇,知识,自然,生物,毒蛇,银环蛇,科学科普,五步蛇,网络热门鉴定",1557780,2085,3865,10803,11781,637,0,0,68725
BV1uRhJzKEjE,114952064994893,1,21,2083,日常,综合资讯,http://i0.hdslb.com/bfs/archive/8a843bed81e3ae1f33e9c25785f321b3960c1b5f.jpg,我的新书发布。关于真相，关于改变，关于我,1754029501,99,3546705693772503,EvanKail埃文凯尔,https://i0.hdslb.com/bfs/face/c57feb99919a5f26ec6ebd876ad5cf0f5acee0a3.jpg,1354463,"真相,读书,学习,新书",242562,443,775,5369,11501,237,0,0,78428
BV138huzkEzs,114962919853891,1,47,2037,同人·手书,同人动画,http://i2.hdslb.com/bfs/archive/89463191ec5dd044043cc37e0e7cb84ce7d84393.jpg,方源的奇妙冒险：不灭宿命,1754195043,15,183788517,大力村,https://i0.hdslb.com/bfs/face/efdd0aff6f87cceb06e529263c6e7362fd4b0bd1.jpg,10762,"大爱仙尊,宿命大战,仙工开物,#仙工开物,2025中洲炼蛊大会,jojo的奇妙冒险,古月方源",699634,203,1271,25175,8706,6871,0,0,74366
BV1YqtLznEvj,114972449314591,1,65,2071,网络游戏,射击游戏,http://i0.hdslb.com/bfs/archive/73ce92f44a67588e79a07781b21c7f1f63d69f6b.jpg,士可杀不可辱吗？哈基盾！,1754364600,238,3493274574653579,白泽-三角洲行动,https://i2.hdslb.com/bfs/face/e178448a4699990d468f0f21a31174b6c7eea14c.jpg,960129,三角洲行动日常操作,470421,476,428,6135,556,160,0,0,23836
BV1DptjzSEHw,114973892288403,1,182,2001,影视杂谈,影视解读,http://i2.hdslb.com/bfs/archive/05cae39fd146f438285f8f056b6d645e384002f0.jpg,2025年韩国第一神剧？男生考公失败持枪血洗教室！60分钟完整解说+深度解析《枪口彼端》,1754362581,3246,69221252,小侠夜班车,https://i2.hdslb.com/bfs/face/398dad0b1c910307efe9a1e163a7aef500116e87.jpg,1080803,"韩国,韩剧,解说,影评杂谈,枪口彼端,深度解析,万字拉片大赛",471426,4785,1245,5294,847,638,0,0,10042
BV1vahVzoERr,114964899633345,1,171,2071,电子竞技,射击游戏,http://i0.hdslb.com/bfs/archive/5b66de0af4d420ab10969b83faa4b04566a15887.jpg,CF爆破4v8挑战：4名女职业vs8个lol博主！输的人跟王哥表白1分钟！,1754227800,2666,25503580,布锅锅,https://i1.hdslb.com/bfs/face/ab4607609f06096d5960eb541350a0e318ce4eaf.jpg,1823500,"FPS,穿越火线,英雄联盟,搞笑,电子竞技,比赛,CF食堂的电子榨菜,职业,游戏鉴赏家,整活",1005131,24259,5555,7106,16215,2394,0,0,40789
BV1Pw8yzRE9E,114946763395113,1,212,2150,美食侦探,美食探店,http://i2.hdslb.com/bfs/archive/b8a042253926c26d581740a3700ea30dd7dd6ae9.jpg,全球最便宜超市！1毛钱面包！7毛钱牛奶！到底有多便宜？,1753956480,495,406636263,HOLA小测佬,https://i0.hdslb.com/bfs/face/8d076e9dffc6457c18d050b20195aba05c9996ea.jpg,5045363,"旅行,德国,美食,4K,旅游,vlog,出行,便利店,超市,零跑汽车",7088086,37871,3079,110543,35585,6509,0,7,204094
BV1S2hPzxEPr,114959849687123,1,65,2070,网络游戏,MOBA游戏,http://i2.hdslb.com/bfs/archive/c5534d2b67e5fb82628a9ecf61066d4e4baa3b5f.jpg,《智慧的英雄会让对手更加智慧》,1754149954,445,358607628,三桥qzg,https://i0.hdslb.com/bfs/face/c7ee89648420fccd55e1d4e0782f75aeab98c0c0.jpg,639387,"上单,电子竞技,英雄联盟,MOBA,大虫子,2025LPL第三赛段",963885,1183,479,1633,8619,341,0,0,68367
BV1MrhuzNEAo,114963070851766,1,22,2063,鬼畜调教,鬼畜综合,http://i2.hdslb.com/bfs/archive/c30688e4bafe9ac4ca912890b638a028ebd5a8c0.jpg,可曾见过我的巅峰时期,1754197463,106,1299235255,殴比多,https://i1.hdslb.com/bfs/face/c661ec3bdac9e33113b4d256fa312b3c4514c487.jpg,16124,"葫芦娃,搞笑,鬼畜,决斗场,格斗游戏,火影忍者手游,巅峰时期",216176,163,768,6643,639,2306,0,0,20804
BV1iehPzeEFD,114959715402126,1,172,2064,手机游戏,单人RPG游戏,http://i1.hdslb.com/bfs/archive/9563125ef638eac0b8aa0ad124a3b1a9a203d514.jpg,看到和昔涟十指相扣我39度4的高烧都退了,1754146413,631,8469526,果蝇轰,https://i1.hdslb.com/bfs/face/5ac66ad440fa2b3650d9bac1def1391d102d1378.jpg,1987721,"手机游戏,搞笑,爱莉希雅,崩坏星穹铁道,丹恒,崩坏：星穹铁道创作者激励计划,昔涟,星铁救世PV开拓者,果蝇轰,三月七",669875,5875,3959,10993,23843,804,0,0,78430
BV1xhhWzMENg,114953725942891,1,266,2016,音乐粉丝饭拍,原创音乐,http://i2.hdslb.com/bfs/archive/5d862872fd9da22ec66d6179efb797f6608804cc.jpg,旺仔小乔说我17岁写一首歌算我厉害，我：,1754054927,98,3546567309003469,Bobby-ye,https://i1.hdslb.com/bfs/face/e2d8cabaebfee5ebbbce7e98091bcc2302fdf55c.jpg,18069,"原创,音乐,原创歌曲,高中生,旺仔小乔,新世代音乐人计划原创季,编曲,小朋友,原创音乐人",1515501,393,490,38163,3390,254,0,0,68826
BV1ZZhEz5EDA,114952484494006,1,138,2207,搞笑,随拍·综合,http://i0.hdslb.com/bfs/archive/e76326edbce2b2a0d23f29a3af4442171190946b.jpg,【断网补全计划93】外星人攻打地球，旺仔小乔攻打天庭，良子铁笼挑战赛，八岐大蛇圣经，娜种物质，理想vs东风乘龙，懂车帝，武大事件后续，成人奶嘴，育儿补贴,1754046000,547,646732586,瞎问虾猜丶,https://i2.hdslb.com/bfs/face/6507944f196a8c0f2ea81e15e328744e81d10492.jpg,1891588,"梗,娱乐,搞笑,外星人,搞笑小剧场,二手推荐,旺仔小乔,转转,二手手机",2214607,7437,2467,10984,2619,1990,0,0,113469
BV1NdhwzkET4,114941461925943,1,215,2150,美食记录,美食探店,http://i2.hdslb.com/bfs/archive/204cf4dac2e5058019f6e56d79c0311489f95fd7.jpg,东北自助盒饭 16块钱60多个菜长啥样？（草料哥在沈阳篇）,1753867812,138,101682188,理查不会降落,https://i2.hdslb.com/bfs/face/459fcc7f8fcbe5ab0eac2ee1f39b0dc177d46b5d.jpg,1503512,"吃货,东北,草料哥,舌尖真探事务所,东北菜,沈阳,探店",2149490,1603,4118,15895,3043,8069,0,53,203518
BV1Qx8yzMEzJ,114946578843004,1,138,2155,搞笑,语言类小剧场,http://i2.hdslb.com/bfs/archive/4af11ece2374284f9b7755a47fe03b6b231da758.jpg,《感觉车里坐满了人》,1753956000,109,3493260618106936,伤心欲茄222,https://i1.hdslb.com/bfs/face/1f0cb64d9b62da7db7e6e020b78b6872dbffe55c.jpg,3275108,"搞笑,八嘎,配音小剧场",2620616,2378,5225,17981,11632,18358,0,26,297407
BV17ftnzrEeA,114975435723562,1,253,2001,动漫杂谈,影视解读,http://i1.hdslb.com/bfs/archive/111394749ec350512fe3a772af3aa304640dc839.jpg,以前电视上那么多，为啥现在基本没人拍儿童剧了？,1754394060,828,1405515989,The梁某人,https://i2.hdslb.com/bfs/face/20a2bea9a0568c614e1decac58f77fcb7525fa33.jpg,1263494,"童年回忆,电视剧,童年,郑伟,黄誉博,儿童剧,星际精灵蓝多多,好剧好片重刷榜",506296,1875,1325,4168,1792,317,0,0,27294
BV1fatJzgEow,114976123589703,1,241,2009,娱乐杂谈,娱乐评论,http://i0.hdslb.com/bfs/archive/b9ccdda61933ae9b5d68d4a3d290c7c39ac37c4e.jpg,手撕公司，直播大倒苦水，热搜女王带着她的八百个热搜回来了【赵露思解约风波】,1754396602,486,15472350,降B_大调,https://i0.hdslb.com/bfs/face/5ce1b571e472dc8eff86574a3711def50a78f92a.jpg,296653,"娱乐,吃瓜第一线,赵露思解约,赵露思,银河酷娱,明星解约",322142,3899,2020,1062,1795,960,0,0,10196
BV1bhhtz9Eio,114957601478830,1,243,2024,乐评盘点,电台·歌单,http://i0.hdslb.com/bfs/archive/5cc26a3189f3dbdfe5bd51eed50e8ca7b937cbfd.jpg,循环歌单|【SARAVIA FUNK】|“【xx在哪里の小曲】我们的敌人在哪里？”,1754179200,3709,423517587,蛋某人音乐,https://i0.hdslb.com/bfs/face/3a3a15373208c19ea9c69cb91632e3b13e336711.webp,680225,"歌单,循环,SARAVIA FUNK,电台新星征集令",1159447,75,241,53341,1726,26,0,92,37889
BV1jJtnzMEbp,114975536320645,1,17,2066,单机游戏,单机主机类游戏,http://i1.hdslb.com/bfs/archive/a2429c1a1b7102bb97e64bd8615ce62ab300d8c0.jpg,罪恶都市难度提高1000倍，传奇车神汤米,1754387888,1428,415550560,绿帽乌龟屑,https://i1.hdslb.com/bfs/face/e3845b3ad118b24b061e4ab6c118eba0210c43db.jpg,39093,"游戏实况,GTA,搞笑,罪恶都市,难度",50737,1557,338,1195,5063,103,0,0,5653
BV1FqtGz9EtH,114969848845576,1,21,2197,日常,其他vlog,http://i0.hdslb.com/bfs/archive/e49ddf1260517fd3b314456c442852fce69ba475.jpg,大家好久不见！给你们看看我的一天,1754300775,370,391329387,日本媳妇在山东农村,https://i0.hdslb.com/bfs/face/eb07d16f928ef2caf00dca0f825ac02f8df3360c.jpg,433428,"vlog,亲子,日本媳妇,育儿,萌娃,日本生活,宝妈,中日家庭,寻找100个宝藏vlogger",288043,1581,2384,1892,22245,520,0,0,24324
BV1do8kzuEZw,114945605834201,1,21,2112,日常,护肤,http://i0.hdslb.com/bfs/archive/84937866050d3d4d17442535097a853dc88cfecc.jpg,感恩大家对红卫的关心和厚爱！诚邀各位宝宝们来直播间！！！！,1754101800,111,3493082846726757,红卫皂业旗舰店,https://i0.hdslb.com/bfs/face/432d6d062cf8e0f1dc43297b770c70d0caed9aaf.jpg,84122,"国货,正能量,护肤,直播录像,羊脂皂,香皂,红卫",216562,117,364,2251,2924,45,0,0,33796
BV1o4h3zpEwe,114964060838938,1,251,2166,三农,农村生活,http://i0.hdslb.com/bfs/archive/d9b4b670d3bc2065d0f82c25a8b953304d3e6d6a.jpg,在农村卖货一天能赚多少钱？,1754212653,1111,1468914255,李福贵1,https://i0.hdslb.com/bfs/face/5362e90869a67fe8d9972a4a7e70187e687c5c56.jpg,458287,"生活记录,赚钱,乡村",231336,1517,1156,2089,23995,520,0,0,36059
BV146hnzvEzx,114953507966662,1,253,2042,动漫杂谈,动漫评论,http://i2.hdslb.com/bfs/archive/4fa7e3d71ef2acd05ca74c4ee9f68edc7ad59fcf.jpg,没看懂？她死了，但人类赢了！白月魁无解的【攻腥计划】详解！《灵笼2》12集硬核解析！,1754051859,2459,70744200,天师道的白山正,https://i0.hdslb.com/bfs/face/15db596ed3fe9f5c58b66d611245b826630332d4.jpg,954757,"硬核,动漫杂谈,剧情解析,国产动画,白月魁,灵笼2,动画种草激励计划,马克,查尔斯,灵笼",1291634,8540,5616,19947,47315,4475,0,84,64391
BV1xStLzGELj,114972046658081,1,172,2064,手机游戏,单人RPG游戏,http://i1.hdslb.com/bfs/archive/f07a742e8a2dbf56631b789878f6f416fa2fb55f.jpg,[全网首发] Saber 1金0T 史瓦罗！打破质疑！见证属于吾王的奇迹！,1754361021,199,488897825,落笔皆为你呦,https://i2.hdslb.com/bfs/face/fbf23d91e07eae5debbf6229913fd76ad9220536.jpg,2347,"混沌回忆,1金0T,刻律德菈,海瑟音,星穹铁道巡星杯,银河榨菜王,巡星大学习,Saber,archer,长夜月",136861,947,765,779,529,1455,0,0,9543
BV1ZYhbz3Emw,114957198822109,1,256,2207,短片,随拍·综合,http://i2.hdslb.com/bfs/archive/fa6164b490f8fc0d003a1bc8d5b3895046f26722.jpg,挑战在家一个月不被父母发现,1754107966,71,519883222,黄家荣,https://i1.hdslb.com/bfs/face/0cebfeb5bcd7a4d38d8a6c5f2018f63202936d55.jpg,774004,"大学生放假后的现状,暑假在家的生存法则,人间真实,身法,新影力短片大赛",2850480,210,478,11334,1360,1621,0,0,107001
BV1X5hGzJEXA,114963540614478,1,251,2152,三农,美食记录,http://i1.hdslb.com/bfs/archive/b40a80de7c116e9a2cba0153681bcb882900d2f8.jpg,第一次卤鸭货，味道还行，十多分钟全部卖完,1754204794,1311,92489589,小李在改变1,https://i0.hdslb.com/bfs/face/71ffa7ce1214a36cc756020a1c40280e2c38cc73.jpg,117017,"卤味,味道,探店",501170,2169,1931,4407,16178,1252,0,0,42718
BV1oMh5zwEZS,114966392736631,1,17,2078,单机游戏,沙盒类,http://i1.hdslb.com/bfs/archive/80111136a17bf472139cfbbff90f3ff75c509342.jpg,这是“漏洞”陷阱！,1754272800,415,29252533,幕川北,https://i1.hdslb.com/bfs/face/e04019772132a134aadbada24aaccbb1bb0dea60.jpg,2586999,"万物皆可游戏,游戏解说,游戏集锦,搞笑,我的世界,游戏实况,单机游戏,实况解说,游戏,单机联机",722449,1166,676,11700,8364,262,0,0,51876
BV1hX81zzEJw,114947971421363,1,65,2071,网络游戏,射击游戏,http://i0.hdslb.com/bfs/archive/ddacd64d7d25cea5d68c916f3113bb42a285f19e.jpg,《睡前必看asmr助眠》,1754013600,205,669062951,残月手速亡,https://i2.hdslb.com/bfs/face/e9383fcf3853cd32db2cfc47e1ca5f8674da8d80.jpg,311468,"穿越火线,asmr",827347,1233,649,3955,598,1478,0,0,38873
BV1zGtuzVEtE,114968137570923,1,76,2149,美食制作,美食制作,http://i0.hdslb.com/bfs/archive/0b9d47b2eb6c603554a75692b01b46113f404ead.jpg,【相信我！这不是黑暗料理！】,1754274994,104,417298480,村驴,https://i1.hdslb.com/bfs/face/c015fec3b6a2012bcbd3143c7f752bd7caf2c8d3.jpg,2438622,"厨艺,家常菜,美食制作,美食教程,黄瓜拌油条,凉拌菜",357945,207,806,9070,694,2528,0,0,19434
BV1oPtGzjEvX,114970553619064,1,215,2152,美食记录,美食记录,http://i0.hdslb.com/bfs/archive/502db0009b28bccddedad8af71629ba272567943.jpg,朋友终于想起来找我玩了,1754311868,150,646889764,Nico爱肉包,https://i1.hdslb.com/bfs/face/1fbb3e1e140042dbc15e412229760cbd21f9a927.jpg,489728,"美食,日常,生活记录,vlog,老外,朋友,记录",162213,415,420,1308,2021,285,0,0,25777
BV1Nht5ziE1K,114971090359121,1,172,2071,手机游戏,射击游戏,http://i1.hdslb.com/bfs/archive/6b8196112d7ecf144eddef5ee06c3633bf9bebf6.jpg,和平的空投还是太权威了！,1754319811,69,237533871,武子弈,https://i0.hdslb.com/bfs/face/1ae588a38fa7cc7a8154ff0f46d2cf57bfc3854a.jpg,1246279,"武子弈,和平精英",742343,262,250,19593,1199,38,0,0,24342
BV1Eft3zSEYs,114970603820875,1,21,2064,日常,单人RPG游戏,http://i0.hdslb.com/bfs/archive/65f4bc8cf81fe7a18c25f987e34d816cc4d6c692.jpg,【崩铁整活】来古士：设备中毒！毕设开始对我哈气了怎么办！！,1754312523,189,193601736,没吃药的烦烦,https://i0.hdslb.com/bfs/face/7dbd81e751295aeb7772d628381172098a10b0c1.jpg,486564,"搞笑,白厄,崩坏：星穹铁道创作者激励计划,因为太阳将要毁伤,那个女人,整活,必剪创作",480599,513,469,8136,1843,727,0,0,46530
BV1jjtEzaENC,114974731014847,1,65,2071,网络游戏,射击游戏,http://i1.hdslb.com/bfs/archive/d5c538f23d3e06c14ab8070bfcc7733621cb61d7.jpg,6w腰射流维克托9，无脑秒杀四套,1754375777,209,71159799,可爱的团长l,https://i0.hdslb.com/bfs/face/6ba7928539ffebefaf656fbf8ddd74a5d349e905.jpg,1294649,"电子竞技,萝莉音,御姐音,暗区突围2077联动,史,维克托,教程攻略,操作,暗区突围",158555,327,329,3697,592,192,0,0,10746
BV1RjhtzPEyT,114957970640098,1,65,2078,网络游戏,沙盒类,http://i2.hdslb.com/bfs/archive/e6627799c5f833da87f28df625b033f948811abe.jpg,“一期视频学会—最好的动作优化！”网易我的世界kid动作优化超详细教程！ #我的世界,1754119810,194,1020796818,MC小韩,https://i0.hdslb.com/bfs/face/b5f1af99ab504b8b2271ec6d0bb79f9ecfb629b4.jpg,33857,"沙盒游戏,我的世界,像素风",333546,107,272,32221,2295,492,0,0,23585
BV1P3hpzAE9s,114954598357507,1,250,2158,出行,旅游记录,http://i0.hdslb.com/bfs/archive/d9879d67fbb99281f17ea0d117d2738f0dde6448.jpg,全世界最贵的城市，人在香港，已经破产！,1754125200,286,389988163,马佳PopMatta,https://i1.hdslb.com/bfs/face/67c13efa4ca56ddf4af0dcb52c759a641ab6bda7.jpg,1406774,"香港,生活记录,跟着UP主看世界,贵,记录,城市",435657,2127,2182,1886,1481,1254,0,0,35559
BV1VXhHzLEgU,114952652201652,1,138,2154,搞笑,剧情演绎,http://i0.hdslb.com/bfs/archive/d1dcfb5f0b96fe0286bd2395ce54c47f3b74470f.jpg,父子颠倒,1754038544,107,498957850,勇敢哥特,https://i1.hdslb.com/bfs/face/58bc68640266eb21c60d1fb0dcb0bb2a709b7551.jpg,1440278,"勇敢哥特,泪点低的人别看,父子日常,家庭搞笑",581540,292,268,4901,802,744,0,0,55524
BV1ehhwzZEU3,114941730228334,1,255,2036,颜值·网红舞,舞蹈综合,http://i2.hdslb.com/bfs/archive/7bcca815e951182a28fcd9b60e6e814805c87cad.jpg,昔有佳人公孙氏 一舞剑器动四方,1753871836,27,3546828809177207,小凌喵ovo,https://i2.hdslb.com/bfs/face/7affde7b1514204a1f2ab935043d1963ec132573.jpg,32076,"cos,伞舞,火刀,非遗文化,公孙离,公孙离cos",561285,157,703,9976,855,1002,0,0,55015
BV1RrtgzGEko,114969244861582,1,182,2001,影视杂谈,影视解读,http://i2.hdslb.com/bfs/archive/7c900925ec4a99e831ada9a223dd636311bbbda4.jpg,段奕宏演技封神，拍完这部电影后噩梦连连！真实事件改编《食人狂魔》,1754301600,1408,10119428,小片片说大片,https://i2.hdslb.com/bfs/face/949fd3f0b9fe23703c970d494edc41ae52ee32de.jpg,7697796,"悬疑,段奕宏,真实事件改编,惊悚,真实事件,食人狂魔,细伟,好剧好片重刷榜",1036029,1243,343,6851,1755,476,0,0,41468
BV1tohMzNEHJ,114961477013122,1,21,2014,日常,娱乐综艺正片,http://i0.hdslb.com/bfs/archive/b79200ec395284875738930182bae78c87338471.jpg,为了参加节目，他们居然把头发...《下一个是谁5》番外01,1754190000,537,147166910,雨哥到处跑,https://i2.hdslb.com/bfs/face/c54b148c789fcf43da95eb81331af6de47511553.jpg,3569110,"娱乐,搞笑,染发,音乐,高能,颜值,兄弟,节目,下一个是谁",1093741,5579,2034,16158,48498,1198,0,53,86827
BV1hshtzZE5A,114957937019100,1,172,2073,手机游戏,动作竞技游戏,http://i0.hdslb.com/bfs/archive/52ad4fb62416c958c0e779239951cacd09a42622.jpg,我～会～毁～了～你～,1754119265,207,194053532,无我漂佩MY,https://i2.hdslb.com/bfs/face/7d44f0676bfd193efed746cca2d04b70f145211b.jpg,790214,"手机游戏,火影忍者,搞笑,游戏,娱乐,漂泊佩恩,百战佩恩,我要上超影,抽象,火影忍者手游,黑绝",1439720,19845,1938,20982,7527,1204,0,81,88448
BV1wBtjzzEps,114973657269383,1,95,2100,数码,手机,http://i0.hdslb.com/bfs/archive/1a45a0a0111f1286ee2917e452b995c0dbef8f78.jpg,这代nova为何赢？鸿蒙系统现在怎么样 华为nova 14 Ultra详细评测,1754377200,551,178690106,搞机所,https://i2.hdslb.com/bfs/face/1d04316b1eb19a97d950a368af672421ff6224ee.jpg,2380453,"科技猎手,华为,科技,数码,手机,双卫星通信,红枫人像准出片,nova14 Ultra,nova14有意思,nova",84798,298,693,943,734,48,0,0,5518
BV1Ls8qzdEgV,114942518758086,1,216,2041,鬼畜剧场,动漫剪辑,http://i1.hdslb.com/bfs/archive/732e49190f10aa0f6a507a8402837331389e3c0f.jpg,韩立结婴后回到乱星海，嚣张得简直无法无天,1753883879,72,44359329,路人甲导演,https://i0.hdslb.com/bfs/face/41d9cbb745857d012c40de974690860cd9c3beb6.jpg,9874,"凡人修仙传,极阴,乱星海,风希,温天仁,玄骨,韩立,修仙搭子选伊利",813379,464,1445,4072,4632,2933,0,0,31533
BV1AehHzbEV3,114953122092194,1,21,2154,日常,剧情演绎,http://i1.hdslb.com/bfs/archive/e1d2353689100a1729385b9e0e368380665e5b12.jpg,咖啡店之王牌对王牌,1754045827,160,8259298,港妹妹join,https://i1.hdslb.com/bfs/face/07b99a830d07736e978148d77b733b115ab5c91a.jpg,357359,"搞笑,搞笑小剧场",1560079,3408,3156,12248,7108,10118,0,71,180490
BV1G3hhzNE3S,114958272566477,1,138,2154,搞笑,剧情演绎,http://i0.hdslb.com/bfs/archive/ebb5f79edd40d833961ee15bc49e8d3517fe1f09.jpg,《入类5.0》,1754132400,107,70429299,嘞是唐孃孃,https://i0.hdslb.com/bfs/face/7685255299c9892d57048aca5f960c59b6850533.jpg,1706346,"娱乐,校园,搞笑,暑假,高中生,原创,搞笑小剧场,转转回收,夏令营,转转",1090515,1252,639,4620,1260,700,0,0,89884
BV1Bih7z6E8T,114951494636270,1,95,2100,数码,手机,http://i2.hdslb.com/bfs/archive/d1a79ed9006755d8bd71a6c437baf9884b3b8072.jpg,提前看完苹果折叠屏的样子，我觉得它已经打不赢了。【X.PIN】,1754182800,486,31880257,差评硬件部,https://i1.hdslb.com/bfs/face/224f69a9c045d4c66936620e2cb3feb2054ed43b.jpg,726287,"科技猎手,华为,苹果,三星,小米,手机,iPhone,折叠屏",452063,1513,1803,2669,1421,1205,0,0,15335
BV1n2tjzPEFR,114973640561646,1,219,2168,汪星人,狗,http://i2.hdslb.com/bfs/archive/786b35b08155f60f8b082b5dbbeec20577c82697.jpg,小狗：说出来你可能不信，我进入二维空间了,1754359111,92,652551563,西卡观察员,https://i2.hdslb.com/bfs/face/a451caaf7e24e7612e23737c16ec62cea732ce8f.jpg,745136,"汪星人,可爱,狗狗,边牧西卡,猛男必看,毛茸茸训练营",1998171,4758,1453,7532,8483,4099,0,0,89503
BV1L4hnz5Evj,114951712741227,1,216,2063,鬼畜剧场,鬼畜综合,http://i1.hdslb.com/bfs/archive/d90cb97a58d8ab5fba247932c43d4b6a886008ff.jpg,真·出生之家（25）旺仔小乔夺舍记 上集,1754024128,386,8034163,浅澄月,https://i1.hdslb.com/bfs/face/28abe5c53184c2705c3c29784733847e930d4487.jpg,1325777,"搞笑,鬼畜,全明星,旺仔小乔,出生之家,真出生之家,抽象,恶搞之家,孙笑川,黄绿合战10th-黄队应援",1616348,2377,2588,20470,8040,10513,0,0,94134
BV1fQtEzqEpE,114974613575433,1,241,2009,娱乐杂谈,娱乐评论,http://i1.hdslb.com/bfs/archive/f43104befa571ada5091abfef6e6a33a70637ef1.jpg,【驱魔女王】赵露思到底在控诉什么？,1754373417,693,2124601063,伊凡Irfan,https://i1.hdslb.com/bfs/face/23efb841e64944c20113c5c9fd3d0d3a680a482d.jpg,68117,"抑郁症,吃瓜第一线,恋人,抓马,驱魔,解约,炒作,赵露思,银河酷娱,网暴",140636,904,983,688,752,608,0,0,3796
BV1tqh8ztEuQ,114958306116091,1,65,2073,网络游戏,动作竞技游戏,http://i1.hdslb.com/bfs/archive/78286a949cea1ee8cb855bc3fb56fefaf7c50d78.jpg,七月初七 淮水竹亭.,1754132400,247,3546901792164649,春月cxy,https://i1.hdslb.com/bfs/face/563ed168d6277e974542e7a803642456b9c06df7.jpg,70412,"剪辑,决斗场,火影忍者手游,人间白首",554625,350,643,19602,11795,1359,0,0,45094
BV1Li8CzkEjW,114947115714608,1,21,2014,日常,娱乐综艺正片,http://i1.hdslb.com/bfs/archive/d412b6ea04690360f1e78bf22b06a1dbb9e5a500.jpg,从逛笼到吃谷，一代人有一代人的“小垃圾”【多新鲜呐 ep01 | 于谦的视频播客】,1753954030,1851,3546944530025226,于谦,https://i0.hdslb.com/bfs/face/3bd99797f7c00dba4bcb7b9ef10e381169ffd348.jpg,281545,"于谦,相声,生活,视频播客,上B站看播客",2420266,7944,4993,22948,28432,7653,0,0,81262
BV12n81zhEqP,114948122417131,1,138,2070,搞笑,MOBA游戏,http://i0.hdslb.com/bfs/archive/7dbae70c2cdf6a75d63ebcf974dff48ea546cd51.jpg,当两边都只剩下最菜的那个：,1753969706,79,495695169,锤子game,https://i0.hdslb.com/bfs/face/009b1f74b7f495f5fad13b9b922f89ba03a0d775.jpg,984898,"万物皆可游戏,锤子,豪哥,游戏,搞笑,神人宿舍,智哥,真实",1396798,322,1277,5508,1511,1976,0,0,146229
BV1nGhnz9E1W,114951595296356,1,253,2001,动漫杂谈,影视解读,http://i1.hdslb.com/bfs/archive/e89edb9517a1356898e856f2532cee6f2f5f6a15.jpg,【视频播客】《鬼灭》先破着你的记录，此刻我们有《罗小黑战记2》！,1754023400,6620,1682429712,BiG的动漫播客,https://i0.hdslb.com/bfs/face/7c68d5bbd5a8e4c513e0a94c630d69585f8fc5de.jpg,87383,"播客,电影,罗小黑战记,国产动画,暑期档,视频播客,罗小黑,国漫,鬼灭之刃,罗小黑萌翻一夏",409614,974,1018,12551,2524,428,0,0,42931
BV1f38yzmEcN,114946998273176,1,76,2149,美食制作,美食制作,http://i0.hdslb.com/bfs/archive/f4ca786c3292a7a187a6e9aed969cb2d88549fbb.jpg,跟你们这些邪修做饭，拼了！！,1753952312,506,50660116,上班族的便当,https://i1.hdslb.com/bfs/face/7ea9421f12f55459f27fdd2f7a6892dc3d8fddcb.jpg,3287392,"美食制作,快手菜,微波炉,美食教程,记录我的美食日常,邪修做饭,邪修做菜,电饭煲,平底锅,邪修",2398738,1464,1183,74724,9180,3675,0,39,96536
BV1ith3zQE5k,114964111104762,1,254,2187,亲子,人际关系,http://i0.hdslb.com/bfs/archive/2c530d89ee06638c5d449bb9f0d96ee0cdc19e69.jpg,怼人万能话术,1754213441,72,16414997,一点就炸B站号,https://i2.hdslb.com/bfs/face/515896c05bb03599c0765b28657d363098d90d40.jpg,1021729,"日常唠嗑,人际交流,自我成长,认知思维",274081,253,595,10049,943,552,0,0,32708
BV1CShnztEdU,114953608501840,1,212,2150,美食侦探,美食探店,http://i1.hdslb.com/bfs/archive/df3b7b7da5339974ba3fdd1d7f2f484ddf478848.jpg,日本人为了让你多点几串烧鸟有多拼,1754053134,313,1062138057,在日本摸鱼的小超人,https://i0.hdslb.com/bfs/face/2bd8156ed92d7427a1d43dcdb1371ea0c5924216.jpg,838848,"外国人,日本,烧鸟",1728732,1568,1414,3606,1872,529,0,0,66601
BV1dj8yz5EeH,114946880833708,1,252,2154,仿妆cos,剧情演绎,http://i2.hdslb.com/bfs/archive/5b3b6f7ff3fad50df60afef157eb6e25291a68f0.jpg,花有重开日，人无再少年,1753951673,131,322480205,造梦阿瑄,https://i2.hdslb.com/bfs/face/6179ff89aa703de7a967de4e3fe4804d4988b001.jpg,782260,"生活记录,魔术,少年,校园,搞笑,搞笑小剧场",594360,15556,1942,3748,7394,880,0,0,96702
BV1dn82zJEgQ,114947736472957,1,138,2092,搞笑,心理杂谈,http://i2.hdslb.com/bfs/archive/198253c7de4c91a0eff049b3d445acf8022096f5.jpg,恭喜你，创造出了一个疯小孩,1753963482,99,3546883385461219,猫meme小山楂,https://i1.hdslb.com/bfs/face/2c0ab4995c2dde5f5927c6d59d6b3db798ee377d.jpg,17850,猫meme,477035,632,1112,18924,1508,3068,0,0,45698
BV15181z5Er1,114947853915967,1,21,2143,日常,文具手帐,http://i0.hdslb.com/bfs/archive/5ee4be705a1647fdc4f8edce0c79d508e8e2fb66.jpg,永远真诚，现在是，未来也是！,1753965237,152,72969462,笔给你你来写_,https://i0.hdslb.com/bfs/face/8e8a57daeb8ee0b50e6fa4e66c4f18f849fc601c.jpg,1132756,"原创,脑洞,doro,曼波配音,随笔,文创,笔给你你来写",843780,742,2882,7795,17561,294,0,86,188598
BV1QKhKzhEb7,114961124694042,2,17,2037,单机游戏,同人动画,http://i0.hdslb.com/bfs/archive/b9ce32a058082455f338d311108529d0c79c1939.jpg,当威龙想跟麦晓雯解锁新姿势时~【三角洲整活】,1754215200,601,927687,折腾5号,https://i0.hdslb.com/bfs/face/f20d56384071a86a7a3fb276130754707eac56cf.jpg,1591250,"搞笑,动画,买命,三角洲行动,蜂医,三角洲行动动画,邦邦玩电竞,整活,三角洲破壁新赛季上线",805607,2293,436,11359,676,307,0,0,37615
BV1KR8Cz8Exb,114947182824749,19,172,2064,手机游戏,单人RPG游戏,http://i1.hdslb.com/bfs/archive/a8e9b8f3ead04f28e665421641c74c3d73ee90f8.jpg,【原神宝箱全收集】纳塔5.8(成就数169)悠悠度假村/精准分类/路线规划/纳塔宝箱攻略/火之印获取途径/原神5.8,1753955162,8275,431073645,你的影月月,https://i0.hdslb.com/bfs/face/2e32de7b28fc491a28281a22c6ea9f5d195cbdf5.jpg,8929630,"原神5.8,原神5.8版本,纳塔宝箱,游戏攻略,隐藏宝箱,游戏鉴赏家,原神,原神高能团",870028,2851,567,10671,4725,873,0,0,14023
BV1HQtFzdEsi,114979982415884,1,65,2078,网络游戏,沙盒类,http://i0.hdslb.com/bfs/archive/427a086d97d0539ea3e7de55a4668eae828469e1.jpg,《 万 泉 部 诗 人 2.0 》,1754455519,522,75480955,念熙阿,https://i1.hdslb.com/bfs/face/c054ef8bd21efb38f8d6cc78fd8e7135c4b996a8.jpg,980420,"沙盒游戏,我的世界,搞笑,minecraft,念熙,沙雕,联动,整点电子榨菜",52028,246,263,687,1664,100,0,0,7582
BV15h8qzQEwj,114942451650615,1,17,2078,单机游戏,沙盒类,http://i1.hdslb.com/bfs/archive/47efb6fdeed06aa830e7783c774d9a9b1eef22f9.jpg,千万别错过！暑假一定要游玩的宝可梦服！我的世界神奇宝贝！,1753882712,113,32135172,晓凯少爷,https://i0.hdslb.com/bfs/face/91266fac85099c3363fbe207dbeedfd535b7dfec.jpg,63746,"服务器,宝可梦,我的世界,沙盒游戏,我的世界宝可梦服务器,我的世界神奇宝贝,我的世界神奇宝贝服务器,像素风,我的世界服务器,新服开荒",475373,423,687,20060,17282,362,0,0,70087
BV1My8UzkE4H,114950387340042,1,171,2071,电子竞技,射击游戏,http://i1.hdslb.com/bfs/archive/d2c2e056566faecbeb94ee68e5cab9a62d5f188e.jpg,迷雾：下班了，打把游戏放松一下,1754003755,424,1050482689,康有成,https://i1.hdslb.com/bfs/face/2856b2c0f3f7bca04bc4b84883533eb3db3cfef9.jpg,155366,"电子竞技,射击游戏,穿越火线,FPS,推荐宝藏游戏",838676,561,201,4792,850,488,0,0,29433
BV1YphtzFEWt,114957903462730,1,21,2154,日常,剧情演绎,http://i1.hdslb.com/bfs/archive/b16ed7a8f8410445fe9fff42c676cf9b508919a9.jpg,到不是真的虚，我只是刚好属于确实型人格,1754118551,171,1443546125,阿玉老贼,https://i2.hdslb.com/bfs/face/c03cf386a8e76ac1d3060796d343b4cc829f2f93.jpg,228892,搞笑小剧场,490304,28866,2629,6607,1967,2224,0,0,82619
BV15NtGz1EVA,114970536707206,1,176,2108,汽车生活,汽车生活,http://i1.hdslb.com/bfs/archive/d7dd3667483618c0030b14f37e8851ae93ffad4c.jpg,花70万，大家笑我买了台废铁……,1754362800,898,25150941,极速拍档,http://i0.hdslb.com/bfs/face/e9035c3a7089ce7e11d72cb0cf15fa92064b14ef.jpg,3315311,"汽车,老卫士,二手车,路虎卫士,越野车,卫士,老车,汽车文化,汽车修复",566709,4565,1250,4121,13434,994,0,0,32136
BV1oshnzyET2,114951729451884,1,28,2016,原创音乐,原创音乐,http://i0.hdslb.com/bfs/archive/d3d50bf29fb02b4bd043dbcbc0e235d2eb4ae9b0.jpg,旺仔小乔17岁写歌很厉害吗？那看看我的,1754024345,60,1113324161,逸云穿鞋185,https://i2.hdslb.com/bfs/face/9ab1a82a69e929e46727fcb61275e86b530387de.jpg,18032,"音乐分享官,说唱,原创音乐,歌曲,高中生,原创,rap,旺仔小乔,逸云,emo",744330,888,2018,15643,7608,457,0,0,105301
BV18fhHz3Efw,114952853592115,1,183,2044,影视剪辑,动画配音,http://i1.hdslb.com/bfs/archive/9bf4933bb9051e73aa1e2245dd948d29c9d79774.jpg,津  门  浪  浪  山,1754043633,87,431233688,瑄羽猫,https://i2.hdslb.com/bfs/face/6d8a9679528499aa1ec9a772e8d0221b660ded92.jpg,1565042,"搞笑配音,天津话配音,整活,浪浪山小妖怪取经副本启动",1048195,319,855,10382,2889,5544,0,0,70026
BV1uutMz4Ed3,114968489892400,1,172,2069,手机游戏,即时策略游戏,http://i1.hdslb.com/bfs/archive/3bb3affd4250d118f64022c21bd49d007d305d19.jpg,“王从天降，愤怒狰狞”,1754280083,988,255117360,错眉,https://i0.hdslb.com/bfs/face/cafe402c80f06b8bd24c14534e37ec3b266003d7.jpg,414231,"手机游戏,策略游戏,游戏实况,皇室战争,卡牌游戏",339525,792,568,1309,1020,316,0,0,21727
BV1pWhbzEEjb,114956964007631,1,27,2063,综合,鬼畜综合,http://i0.hdslb.com/bfs/archive/5349d12750596ae09d35f6e8fd493094fd0742c6.jpg,旺仔小乔亲口承认榜一大哥是老❤乔，老乔见面后大喊退钱！,1754193900,84,2918828,在下迪奥哒,https://i2.hdslb.com/bfs/face/941f11650231f21d65554240ba9b658291ce4f80.jpg,301804,"十六夜咲夜,二次元,鬼畜,迪奥,DIO,JOJO的奇妙冒险,旺仔小乔,动画种草激励计划,承太郎,乔鲁诺",272237,296,300,3852,772,920,0,0,19366
BV1yxhgzPEmS,114962315874115,1,162,2037,绘画,同人动画,http://i2.hdslb.com/bfs/archive/ed1920006982196b59083f4dbb55d57877fdf8a9.jpg,鞭尸是错的，除非…,1754185908,61,1698887557,--霖岚--,https://i1.hdslb.com/bfs/face/708c6c65a84dedb17ae33a6bf8bbb28f55007328.jpg,65880,"第五人格,鞭尸,必剪创作,第五人格庄园纳凉夜",649660,247,1050,16871,3437,4569,0,0,82777
BV1pQtFzdE3t,114979982414810,1,172,2073,手机游戏,动作竞技游戏,http://i0.hdslb.com/bfs/archive/4ab9f8bc63a504e498f41bbb64ecdec98943f0a9.jpg,回顾下共计200万成本战鬼杯的历程，再氪2万提升海贼战力，聊聊作为up的思考和期望！,1754456594,1054,38568774,鬼叔黍,https://i0.hdslb.com/bfs/face/b35d79cac0c8d78f1fbb4956bf0d778d272a9dfb.jpg,3190334,"万物皆可游戏,游戏实况,氪金,海贼王,鬼叔黍,赏金,航海王,战力,壮志雄心",76472,192,496,2854,3035,1904,0,0,5835
BV1TNhpzTELv,114952786418935,44,17,2079,单机游戏,其他游戏,http://i2.hdslb.com/bfs/archive/eb0fb142eae0ead82cd606fe888bace7bed9b2ca.jpg,超硬核【互动游戏】赶在人类毁灭地球前 完成终极进化,1754043278,1217,5570974,钢皇の游戏王国,https://i1.hdslb.com/bfs/face/825c999b30d48a33d016207e91dc44755dc08fb9.jpg,17770,"互动视频,进化,生存,沙盒游戏,科幻,打泥泥,进化论,互动游戏,互动电影,互动影游",428595,1176,491,15409,15532,967,0,0,27452
BV1Z58yz1Eoi,114946897614466,1,138,2154,搞笑,剧情演绎,http://i1.hdslb.com/bfs/archive/e911b1717d4beca36373d1d9c7072584570a4750.jpg,我很少站外卖员这头的,1753950627,75,3546653338372655,朱山浪,https://i2.hdslb.com/bfs/face/f1c4208068da6f196655679aaa16025b49aaa72e.jpg,248251,"反转,搞笑,搞笑小剧场,朱山浪,外卖",3430380,262,744,35951,1143,322,0,0,85896
BV1HstMzjEyF,114968657730729,1,212,2150,美食侦探,美食探店,http://i0.hdslb.com/bfs/archive/8788be8a330e588434b158772228d9a4067ab761.jpg,沈阳吃不胖挑战！失败……,1754298000,699,9567084,郑安眠,https://i0.hdslb.com/bfs/face/ab95fda9acea23a5bd5669e1917ce6a98c8da305.jpg,850047,"披萨,烧烤,街头美食,舌尖真探事务所,麻辣烫,东北美食,沈阳,探店,Vlog",351166,612,403,3428,1615,441,0,0,9153
BV13uhhziEYp,114958222232305,1,17,2071,单机游戏,射击游戏,http://i1.hdslb.com/bfs/archive/bbdfe3665f16cda341ab6be1c7bb36f16552e438.jpg,变电站点位分享！,1754124438,125,388148204,手残の馒头,https://i2.hdslb.com/bfs/face/416a2f52b7488f59fba9d88de743fa24e0eb9434.jpg,9094,"三角洲行动,零号大坝地图理解,教程攻略",822879,263,645,19805,823,9056,0,0,36862
BV1muhPzDESn,114959983844735,1,172,2070,手机游戏,MOBA游戏,http://i0.hdslb.com/bfs/archive/3a06879a4bada1b63eb7402c160eb53b88220b78.jpg,鲁班被禁后羿被抢，那朕只好拿出刘备登基了,1754182800,193,268941858,磊哥游戏,https://i0.hdslb.com/bfs/face/538b9090c0862782df0662b2176e726eda1c9980.jpg,2468852,"王者荣耀,王者荣耀夏日农友节",1184695,949,2346,2192,2109,812,0,0,75382
BV1cf8zz3Enn,114942988520147,1,59,2021,演奏,演奏,http://i0.hdslb.com/bfs/archive/dee95987a55ee77195c248e3aba9b189f58af362.jpg,幸运星フンフンフン♪だよ、らき☆すた,1753891062,93,195812729,裙边樱,https://i2.hdslb.com/bfs/face/5290eeebd6a7966b8ffda037fdf57b57d395bad8.jpg,47181,"钢琴,幸运星,动漫音乐,泉此方,cosplay",225960,438,2223,6645,2474,689,0,0,58308
BV1nrhWzhEBM,114953876935825,1,228,2089,人文历史,时政解读,http://i2.hdslb.com/bfs/archive/e0893e23d1dc85fdff32b77a0e8dd9be29c320d5.jpg,顶级权谋还是菜鸡互啄？泰柬冲突竟是东南亚版的继承者们？,1754096400,1073,1140672573,小王Albert,https://i0.hdslb.com/bfs/face/f9bb5dc9b5dcb3c90f9662e44fca9a7506584151.jpg,4160523,"社会观察局,泰国,妙瓦底,佩通坦,泰柬冲突,柬埔寨,东南亚,洪森,电诈,洪玛奈",2105843,6450,1783,16115,21112,1813,0,80,91165
BV13JtjzQE3v,114973858596407,1,130,2024,音乐综合,电台·歌单,http://i0.hdslb.com/bfs/archive/d2953d58b692e218813cc87b697126b8f6cd5d59.jpg,《灵笼》第二季片尾曲「第一推动力」百万级录音棚试听,1754384400,210,3493082817366845,JLRS-jayfm,https://i2.hdslb.com/bfs/face/0da24ae60a20f0f00855a534678864d095d0e900.jpg,2008679,"片尾曲,动画,电台,第一推动力,灵笼2,第二季,录音棚,王啸坤,灵笼,电台新星征集令",106120,244,843,3859,2198,393,0,0,6866
BV1NHhJzfE49,114952216119487,1,207,2087,财经商业,商业财经,http://i2.hdslb.com/bfs/archive/d567e3f54bbc99608e3e62f7a49d8c5598ad91a9.jpg,罗马仕现状：剩5000万库存，员工抽屉里连A4纸都被收走,1754039100,442,12638031,知危编辑部,https://i0.hdslb.com/bfs/face/9119a68543494017db53a2567d3e96734c3a6639.jpg,595571,"社会观察局,财经,充电宝,罗马仕",1638169,2233,7264,6677,1560,3943,0,0,30168
BV1dN8BztE7n,114942418096053,1,161,2147,手工,DIY玩具,http://i1.hdslb.com/bfs/archive/b7ed881d7d90a346f1b7f8e7367f89d6a8e31869.jpg,时光看似属于我们，又不属于我们,1753882325,39,18217935,哇卡卡西干杯,https://i0.hdslb.com/bfs/face/e75290047b30eba1b6cf680b1c9552b7343abbeb.jpg,34530,"键盘,手工,手绘,程小时,键帽,diy,时光代理人,我的手工真的很解压",1252139,569,11222,3696,1783,127,0,0,55925
BV1Kjtgz8EC5,114969513299241,1,172,2070,手机游戏,MOBA游戏,http://i2.hdslb.com/bfs/archive/e38bf9df012f007548b1644c544e83e3f18428f2.jpg,【亚某爆料时间】山海奇都系列皮肤【司马懿-九山相柳】来啦！,1754296465,212,57863910,王者荣耀,https://i0.hdslb.com/bfs/face/186a321d4647bd2b1602e43b831bac89bcb7a34b.jpg,9445498,"电子竞技,王者荣耀,司马懿相柳皮肤爆料,司马懿山海奇都新皮肤,MOBA,亚某爆料时间",941652,10993,11166,2406,2132,23059,0,0,25096
BV1x6h8zxE5a,114958339672604,1,138,2005,搞笑,短剧短片,http://i0.hdslb.com/bfs/archive/4e544b47d7525d9a9cb47570d7a187d20871a124.jpg,弗雷尔卓德之土石方这块儿～,1754128385,266,3546909580987309,弗雷尔卓德-杨辰,https://i1.hdslb.com/bfs/face/e59912641ba4cbaadb857e30085b15cf4dcc6819.jpg,250948,"短片,原创,学生作品",636115,935,982,2333,1494,1503,0,0,47905
BV13c8Ez8E7G,114930976038737,1,65,2071,网络游戏,射击游戏,http://i0.hdslb.com/bfs/archive/a27ba3db7ad2fd8676a6d0fdd48047af3dc56aa0.jpg,你这跟挠痒痒一样的削弱，是在逗我玩么！？运营！【JOJO吃鸡#126】,1754366400,447,289629258,超絶核地雷,https://i0.hdslb.com/bfs/face/051c4760173f5e182821e1e3cd2b31a6f3faf62c.jpg,412059,"JOJO,空条承太郎,世界,DIO,JOJO吃鸡,时停,星辰十字军,白金之星,吃鸡,推荐宝藏游戏",135910,167,115,1486,651,42,0,0,9034
BV1bjtgz8EcR,114969513366844,1,161,2183,手工,助眠视频·ASMR,http://i2.hdslb.com/bfs/archive/d46104593820fbb77078c7f72cac0eee10b0fd14.jpg,你想随身携带哪本书呢？ASMR,1754295668,65,8399798,Aismr_,https://i2.hdslb.com/bfs/face/24b362b243c9b0206be406fcc6636c34e6627a18.jpg,82807,"助眠,治愈,催眠,asmr,放松,记录,解压,触发音,极度舒适",388053,189,307,6992,602,546,0,0,38604
BV15MtGzCEww,114970167612517,1,138,2104,搞笑,自制发明/设备,http://i0.hdslb.com/bfs/archive/340325a601450606c69197821abf00f419caf93c.jpg,这等离子大炮也太帅了吧,1754305784,68,589209077,坤哥哥77,https://i2.hdslb.com/bfs/face/cf43c7adc0a6a4adf9d558c6d6004e393c194f92.jpg,288786,"原创,搞笑,短片",392954,127,836,2916,612,1550,0,0,17645
BV1fGh8zyEXy,114958574617870,1,228,2002,人文历史,影视剪辑,http://i1.hdslb.com/bfs/archive/892b51a87d71066c491f853161fd721b08896b16.jpg,一个普通中国日子人的苏俄革命体验游。,1754128990,1936,52238328,剑南胖达,https://i0.hdslb.com/bfs/face/30599bbd815803fabc71a86a5fcd4c122fce01ce.jpg,2244,"苏联,中国,俄罗苏,钢铁是怎样炼成的,乌克兰,十月革命,保尔柯察金,钢铁是怎样炼成",115931,222,267,3483,1225,168,0,0,14154
BV1jRtuzyEdF,114969815289663,1,138,2037,搞笑,同人动画,http://i0.hdslb.com/bfs/archive/290806dd8e838c51146b9360589cf4dc558aa297.jpg,再给我…支棱起来啊！！！,1754301164,418,321422126,进击的金厂长,https://i2.hdslb.com/bfs/face/339c136489ea2af91bd1d8688ba7259e958ded28.jpg,5116709,"短片,校园,搞笑,动画,浪浪山小妖怪,学生,重点班,尖子班,普通班,浪浪山小妖怪取经副本启动",271348,937,412,5319,3647,238,0,0,24142
BV1oKhGzREnf,114963423173886,1,172,2064,手机游戏,单人RPG游戏,http://i2.hdslb.com/bfs/archive/91514204c75bb1b01455ef19f9e922111176b427.jpg,孩子们，怕什么就来什么♥,1754213251,117,30911857,银河大好人,https://i1.hdslb.com/bfs/face/ab54f9a320289aa2469c4ace39a187d5e293ed84.jpg,266561,"原神UP主激励计划,抽卡,搞笑,崩坏：星穹铁道,迪卢克,火神,欧皇,非酋,原神,绝区零",281024,6125,317,1988,3516,72,0,0,19310
BV1LvtMzzEUj,114968271849593,1,172,2064,手机游戏,单人RPG游戏,http://i2.hdslb.com/bfs/archive/7f398c348b714621ecac249d371d22134c809b81.jpg,三人成神打进梦幻比赛前一百强！喜获千万奖金,1754280000,529,450882837,一叮当猫一,https://i0.hdslb.com/bfs/face/d1860f1dc772903037f0048c149b2b445e6bcc74.jpg,1765653,"怀旧,童年回忆杀,梦幻西游全民PK赛,梦幻西游手游,MMORPG,回合制,梦幻手游",282036,149,174,2713,2572,1052,0,0,11261
BV1P6hNzJEn4,114959329533153,1,65,2071,网络游戏,射击游戏,http://i0.hdslb.com/bfs/archive/d54469d702aa75fd91617ad29d7ec936464f1008.jpg,深蓝讲堂第四弹【飞盾与兔子跳】,1754140656,216,391779795,可乐急需曼妥思,https://i0.hdslb.com/bfs/face/b82b66dab160e8c845234e55aa60338952d056d8.jpg,27380,"游戏杂谈,游戏解说,FPS,教程攻略,三角洲,盾构",692974,281,765,28500,3524,3644,0,0,57699
BV1fLhnzDESp,114951628785225,1,65,2037,网络游戏,同人动画,http://i0.hdslb.com/bfs/archive/ab9c8c8f266c8cb70fafdcc5d7139ad7474e95b8.jpg,对对对！你查完分和同桌就是这样的！,1754042400,78,1072364738,一支聪慧鼠,https://i2.hdslb.com/bfs/face/110f31f132ff821e5bbc5c857349454445723e5d.jpg,141188,"沙盒游戏,猫和老鼠,我的世界,考试,洛基,时羽雨衣,萝莉摇,抽象,沙雕,查分",3769065,1316,1129,171399,21697,3895,0,26,255096
BV12dh4zmEGc,114956108306822,1,218,2167,喵星人,猫,http://i1.hdslb.com/bfs/archive/d6c8ffb8d3d3259394702ed7da6695e01746c792.jpg,给毛孩子们安装夏日降温房,1754092046,96,504957853,田园猫宝,https://i1.hdslb.com/bfs/face/f818acd3b8c11d9352b1f6cb649ead72764601b2.jpg,521293,"喵星人,橘猫,毛孩子",1174005,471,239,13674,1449,113,0,0,37902
BV1u68zzWEmP,114943458283367,1,65,2071,网络游戏,射击游戏,http://i1.hdslb.com/bfs/archive/2dc035e01ff9ba974ff6a48f25ab5a813fb0d2d5.jpg,当你结束了糟糕的一天后打开了三角洲,1753930800,90,12705018,NinthA-,https://i0.hdslb.com/bfs/face/90fbf5732bd3bffd6a4d094acec17d30756f581e.jpg,190432,"猎奇,三角洲行动,伤感,三角洲破壁新赛季上线",1573164,455,1653,6652,1036,8128,0,0,59423
BV1pWh7zUETe,114951360349292,1,17,2037,单机游戏,同人动画,http://i0.hdslb.com/bfs/archive/c56ff9e345aec9cec23d4a459cd023fdfa3b7515.jpg,【东方MMD动画】03 夏日的⑨空调大作战,1754018701,747,383418242,不喝牛奶の光明糖,https://i2.hdslb.com/bfs/face/29c497a5aafcd00079c50e6ab02649849b7ef85f.jpg,1362,"东方PROJECT,琪露诺,东方MMD,大妖精,动画,克劳恩皮丝,蕾米莉亚,三月精,桑尼米尔克,东方同人创作节",90257,334,244,2377,2011,590,0,0,8686
BV1CwhNzLEPv,114959480592593,1,126,2063,人力VOCALOID,鬼畜综合,http://i0.hdslb.com/bfs/archive/788d6a621d2a926e564dea9ffbddd6fbe6a84513.jpg,不要怕在上海喝蜜雪冰城，故乡会保护你,1754142751,97,28348490,咆哮丶土拨鼠,https://i2.hdslb.com/bfs/face/db494c60204f01f01217f92950eccabd13592969.jpg,884327,"AI,上海,鬼畜,赛博山海经,防御塔,东方明珠,蜜雪冰城,黄绿合战10th-黄队应援",387534,962,1982,5556,2378,1713,0,0,29759
BV1MahNzREwF,114959144983991,1,22,2063,鬼畜调教,鬼畜综合,http://i0.hdslb.com/bfs/archive/98f93cb69bdc14a21e256fb254d6eb7cfe3e9f49.jpg,“发给MC老玩家，并什么都不说”,1754279700,181,28284160,我叫瞬哥qaq,https://i1.hdslb.com/bfs/face/39a3498888d90307373821ed7ad933567babb4c9.jpg,707534,"我的世界,沙盒游戏,演奏,单机游戏,籽岷,Minecraft,音mad,老玩家,回忆向",245934,559,1154,14073,10956,7813,0,0,51398
BV1Vp8yz3EhC,114946545354201,1,21,2037,日常,同人动画,http://i1.hdslb.com/bfs/archive/98e4c503f48f163d8af4a6170cd9e4805cf7d9ae.jpg,【原创/熊出没】缠,1753945389,73,3494351556577635,小布大蛇不吃茄blythe,https://i0.hdslb.com/bfs/face/a3e420211b70b9c18fa6718dc68c2b02ef67b3fe.jpg,3180,"黑暗,恐怖,动画,光头强,熊出没,中式恐怖",204146,1151,440,8721,539,353,0,0,26507
BV1e5hxzoEZf,114955001004542,1,21,2207,日常,随拍·综合,http://i2.hdslb.com/bfs/archive/3a8b8ef716cf5ed0a306dcb7dc37be35816a54eb.jpg,【MrBeast 首发】让200万人第一次喝上干净的水！,1754107200,589,1027737427,MrBeast官方账号,https://i1.hdslb.com/bfs/face/d85295bc576e059c1a549d89d405f22311571898.jpg,5454913,"公益,英文,生活,歪果仁,挑战,慈善,野兽先生,MrBeast,整活,整活儿还得看歪果仁",4219461,72183,7732,97745,222698,4645,0,1,554515
BV1Dot5zmEid,114972952627955,1,161,2146,手工,解压手工,http://i0.hdslb.com/bfs/archive/20a6f545779bb7a7faba7ac6135b3d296159c634.jpg,放个七彩烟花，祝我生日快乐，成功活到36岁啦！,1754348395,100,2134988818,咸鱼抗癌就靠玩,https://i1.hdslb.com/bfs/face/79abfd36cbd58ca6ffbea650df0334e5614d98f5.jpg,126394,"助眠,手工,胶带粘球,放松,粘粘球,必剪创作,我的手工真的很解压",414239,9411,2253,1894,6625,242,0,0,36631
BV1bjhJzwEHj,114952551538089,1,212,2149,美食侦探,美食制作,http://i0.hdslb.com/bfs/archive/54ab48611821867a77656248bf8abbbbad51d908.jpg,当我为60岁东北阿姨密谋了一场突然的旅行，奇迹的一幕发生了…,1754038988,1999,99157282,盗月社食遇记,https://i1.hdslb.com/bfs/face/c7fb5da587c2ec6b56ad47579933fda34c000457.jpg,8227138,"家常菜,快手菜,厨艺,美食教程,美食制作,华为Pura80,#鸿蒙越用越香,#今日的饭,三姐妹",1987219,2519,863,5467,13053,588,0,0,37384
BV1LJtnzMEXS,114975536322641,1,122,2103,野生技能协会,工程机械,http://i0.hdslb.com/bfs/archive/da069e1d2e20b3b3e7fd77546f092adc86eed43b.jpg,宇树发布 | Unitree A2 星际猎影,1754387992,127,521974986,Unitree宇树科技,https://i0.hdslb.com/bfs/face/1743e687547cc74932c4fec36c675c69306978bf.jpg,538424,"跑酷,机器狗,智能机器人,工业机器人,四足,宇树",552799,1684,2697,2407,2690,3946,0,0,31243
BV1s1huzaEGZ,114963087690707,1,65,2016,网络游戏,原创音乐,http://i1.hdslb.com/bfs/archive/13a2517c7b1789128a3a6315cb35c64333b95be8.jpg,以防你不知道新活动的主界面曲和某个歌很搭,1754197748,86,299375311,SkyF_,https://i1.hdslb.com/bfs/face/854937d8035ef5f7256622ba51d62420666a2d64.jpg,1066,"混曲,音乐,Mashup,明日方舟,艺术,塞壬唱片,揽佬,大展鸿图,冰",219919,5359,876,6071,1212,12419,0,0,28460
BV1MttjzjEi7,114974110258388,1,172,2071,手机游戏,射击游戏,http://i2.hdslb.com/bfs/archive/22263c0ce949077276db966f17bc803de82908e0.jpg,无惧无畏，方显粑粑流无名的本色,1754367996,382,1809444890,三角洲-安澜,https://i2.hdslb.com/bfs/face/e714b2642ce045e441a21dd29e94a72d3f7f3f8e.jpg,288659,"搞笑,三角洲行动,单三猛攻,无名教学,幽默静步人,粑粑流无名,安澜三角洲,粑粑老祖,akm,三角洲攻略课堂",1007085,777,1253,5534,1592,1375,0,0,55240
BV1BthLzMEUv,114965788823319,1,21,2071,日常,射击游戏,http://i2.hdslb.com/bfs/archive/cb4c92ba545531f5a44c27e95e5ffccf067c24f8.jpg,挑战在地上摆满垃圾让大哥感到莫名其妙,1754238899,126,434231007,三角洲讲师,https://i0.hdslb.com/bfs/face/2f5adee9ce14225cfbe1b26a47d8467c61c9d3a2.jpg,21498,"三角洲行动,蜂医,绝密航天,鼠鼠,跑刀,航天基地,三角洲破壁新赛季上线",1485081,358,881,7325,1289,1236,0,0,84371
BV11E8Rz9EXX,114935791228234,2,65,2077,网络游戏,休闲/小游戏,http://i2.hdslb.com/bfs/archive/dac04631f8be76c6089b1fd7a80ef778aa57a770.jpg,死亡1000次后，我终于无伤通关了茶杯头所有boss！,1754042400,5300,108423490,巛麻雀灬涛,https://i1.hdslb.com/bfs/face/311f884e89c9ef3bb0bb955cdde2230eaa3c81c5.jpg,594301,"独立游戏,STEAM,游戏解说,无伤通关,动作游戏,怀旧游戏,茶杯头,推荐宝藏游戏",1609915,10738,413,35317,7002,424,0,0,78137
BV1WP8yzWEyk,114946746684096,1,172,2207,手机游戏,随拍·综合,http://i0.hdslb.com/bfs/archive/dec6be9a482bb9662341c9faa316c56cc5cdb02e.jpg,《女神异闻录5 皇家版》代表曲目《Life Will Change》2DMV公开 /初音未来×镜音铃×镜音连,1754298000,244,3546749308242173,初音未来缤纷舞台,https://i2.hdslb.com/bfs/face/408f52803ee221c7d0a057b2e15d1f42dc5bfc03.jpg,984594,"手机游戏,初音未来,镜音铃,镜音连,世界计划,初音未来：缤纷舞台,PJSK,初音未来缤纷舞台",1081067,24817,4930,15823,1960,24908,0,89,76630
BV1JftVztELD,114971375568432,1,157,2183,美妆护肤,助眠视频·ASMR,http://i0.hdslb.com/bfs/archive/ffcd02e2a93610f1971b1666617a93da9d86a21b.jpg,ASMR｜模拟化妆它又来了！！,1754324191,853,525528347,疑似被期末逼疯助眠版,https://i2.hdslb.com/bfs/face/8b381ea06c18fb5da5a8d52d86438ef9c8483bfc.jpg,47076,"美妆,催眠,无人声,助眠,asmr,放松,触发音",53531,182,455,1357,1384,40,0,0,6380
BV1ud81zqE4W,114948004910116,1,250,2158,出行,旅游记录,http://i2.hdslb.com/bfs/archive/712b71a2bfe24380e35dfc740f52ef95cf6a4301.jpg,我真没偷渡！船是自己漂过去的！,1754389800,729,1837252267,虎牙青年Plus,https://i1.hdslb.com/bfs/face/eb332010521dffc55e69f81a5ff5b9eba8870478.jpg,721434,"旅游,越南,边境,环游中国,瀑布,自驾游,广西,崇左,友谊关,旅行攻略UP主激励计划",349733,1367,435,2483,2019,442,0,0,10341
BV1dG86zhEp6,114943173072144,1,17,2078,单机游戏,沙盒类,http://i2.hdslb.com/bfs/archive/8881c4bdbae4e594e875df4353272b3c332ebb39.jpg,⚡艰 难 的 抉 择⚡,1754015400,724,33064694,夜车Azuya,https://i2.hdslb.com/bfs/face/ee76aff7f197a6757e59b2ad868632da2010f576.jpg,818113,"单机游戏,搞笑,生存,游戏实况,娱乐,我的世界,MC,VTuber,沙雕,推荐宝藏游戏",868762,5548,1225,18514,12453,751,0,0,72146
BV1pTtnzjE5j,114975938973791,1,228,2191,人文历史,传统玄学,http://i2.hdslb.com/bfs/archive/7801b03f011bcf999df934bcf52e02a19a3c94b3.jpg,改命奇书！如果命运是注定的，能改吗？,1754394100,1429,8096990,啊粥粥啊粥,https://i2.hdslb.com/bfs/face/79c1cf49166f6354d8814e93a4c8e1b55cfc03f2.jpg,3392560,"文化,传统文化,国学,了凡四训,认知,影视,深度,名著,阴阳五行,万物研究所",97866,589,463,2521,1238,504,0,0,5059
BV1uetnzZEAk,114975704094192,1,172,2064,手机游戏,单人RPG游戏,http://i0.hdslb.com/bfs/archive/85d63b6356dd94302358e7e0cfcd6353a5c994f4.jpg,飞霄2金0T史瓦罗！小飞老矣，尚能战否？无需3Q鸟暴力拆解下城区体育生！,1754390411,240,39720180,恭梓呀,https://i0.hdslb.com/bfs/face/87fde78dda0bad634005690f28c5c21c132e426f.jpg,47572,"二次元,追击队,飞霄,崩坏：星穹铁道创作者激励计划,恭梓,巡星杯,竞速,知更鸟,长夜月,0T",79605,281,606,675,843,907,0,0,7757
BV1Hp8rzCEpA,114944481695480,1,183,2002,影视剪辑,影视剪辑,http://i0.hdslb.com/bfs/archive/3430ab5be3d02645b6e762358376ee5b8a79bad5.jpg,压抑的情绪如何才能得到解脱,1753913904,78,3546658845493654,烤鸡_派k,https://i1.hdslb.com/bfs/face/6e5b0e3ff2691781e5209cb412a91be60de0c6a9.jpg,1689,"剪辑,电影,影视剪辑,混剪,电影剪辑,电影美学",1106259,225,907,49518,13232,1937,0,0,115703
BV1fJhpzdEM3,114954564800356,1,137,2014,明星综合,娱乐综艺正片,http://i1.hdslb.com/bfs/archive/abd1d862ed4b2aaecae4e2fd8447694186f04fb8.jpg,【TF家族练习生】《肆意少年-突围》EP04,1754068546,5524,3670216,TF家族,https://i1.hdslb.com/bfs/face/1c74336b9060d40d0ccf5e8bce7c0de34526b1e3.jpg,6935632,"TF家族练习生,肆意少年突围",1623600,422027,8811,15532,6126,1429,0,0,52942
BV1MahNzREF7,114959144984018,1,17,2064,单机游戏,单人RPG游戏,http://i2.hdslb.com/bfs/archive/d944cb2723bffd12c907099745b7de8c57cf0c8c.jpg,《点刀看完这集轮回成应星了》,1754138082,205,511848876,我不是赤寒,https://i0.hdslb.com/bfs/face/0c89f8c6ac2bae09bf46fd77149a7a1c15bc8e16.jpg,751616,"抽卡,搞笑,崩坏：星穹铁道,镜流,崩坏：星穹铁道创作者激励计划,姬子人柱力,欧皇,抽象,刃,非酋",406402,670,921,3945,774,186,0,0,44085
BV13ptjzSETZ,114973892153377,1,182,2148,影视杂谈,其他手工,http://i1.hdslb.com/bfs/archive/b848addf21b09a6838b8f301c7905d6dd8729541.jpg,《锻刀大赛》惊现中国神器 子午鸳鸯钺！狗哥爱不释手 刀刀暴击,1754364697,909,348989367,沫子瞪片,https://i0.hdslb.com/bfs/face/a2131d38a2ea73f16ff25e61dbeb40377233f552.jpg,2276910,"解说,爆笑,锻造,纪录片,转转回收,中国兵器,转转,锻刀大赛,子午鸳鸯钺,影视IP观察室",754053,3804,1017,5954,4858,655,0,0,49338
BV1ULtgzcENb,114969328879145,1,182,2001,影视杂谈,影视解读,http://i2.hdslb.com/bfs/archive/d99bae09c149cb82b832a08a3b13274c6f658fb1.jpg,宝藏悬疑剧！梦里杀人，醒来破案，不断反转，全程高能！,1754384938,2704,3546378898770447,竖了个三,https://i0.hdslb.com/bfs/face/47290d7864b179bec4c2c7a8d292d7a0e3b2013e.jpg,1017676,"剧情,反转,烧脑,悬疑,推理,犯罪,俄剧,影视,影视杂谈,万字拉片大赛",96335,722,174,1567,1362,107,0,0,4300
BV1NohLzEEkT,114967550369278,1,161,2099,手工,电脑,http://i1.hdslb.com/bfs/archive/c03c318c46ab0348bb75889b6c7f709f04e1256e.jpg,伊  涅  芙  实  机,1754280000,130,7057999,牛掰的瑶子,https://i1.hdslb.com/bfs/face/efbb1365ca8a93d32ca678bac13a150762154d9a.jpg,163879,"手机游戏,DIY,图吧装机,伊涅芙,原神伊涅芙,原神",1536257,5346,1736,14940,15225,10381,0,91,102616
BV1GKtgzMENZ,114969362500721,1,171,2070,电子竞技,MOBA游戏,http://i2.hdslb.com/bfs/archive/3812651dbfa02eb089c58c32d3989da89fcb0b34.jpg,屯了一年的顶级国宴，只为治好你的厌食症...😋,1754301900,168,88160614,困困君丶,https://i1.hdslb.com/bfs/face/0451880ede12cab7af87e774cad52536934b6bee.jpg,562802,"电子竞技,搞笑,英雄联盟,娱乐,第一视角,下饭,下饭操作,MOBA,沙雕,英雄联盟电竞世界杯",478279,339,151,774,2737,300,0,0,23803
BV1N2h3zzEBq,114963909709441,1,138,2126,搞笑,户外探险,http://i1.hdslb.com/bfs/archive/b4059a3c2e0e0dca63d70aef3454b37fe25219ab.jpg,【打野默示录】痛饮生化水池！荒漠地图十天纯纯坐牢😮真的传奇耐饿王啊~,1754211797,1076,1379165407,-超级小能猫-,https://i1.hdslb.com/bfs/face/9ba5a55b282a55ac2eb29267ad9ccab381678934.jpg,2398865,"荒野求生,解说,高能,德爷,转转回收,转转,艰难,抽象",1722166,2505,626,25130,6604,959,0,77,58374
BV17RhtzMEjk,114957282705862,1,137,2014,明星综合,娱乐综艺正片,http://i2.hdslb.com/bfs/archive/7fcd7f5874f681f83db3e7dec61d7924f183df7a.jpg,【TF家族】《2025TF家族夏日运动会》DAY2,1754125200,13534,3670216,TF家族,https://i1.hdslb.com/bfs/face/1c74336b9060d40d0ccf5e8bce7c0de34526b1e3.jpg,6935632,"TF家族,夏日运动会",1672003,1250498,15275,26231,7992,1529,0,70,61201
BV1XhtVz2EvS,114971476296963,1,65,2071,网络游戏,射击游戏,http://i0.hdslb.com/bfs/archive/1216d45592ab1057c437c5725c22bad198f0b7e5.jpg,三角洲行动 只要3万+制式卷就有满改S级武器！火力卷改枪最强优化教学！【紫色-火力】,1754364600,283,52717408,Always聪聪,https://i1.hdslb.com/bfs/face/d6573681e12901cbbf26a242102c727bac4d020a.jpg,1052199,"射击游戏,FPS,三角洲行动,三角洲行动改枪,三角洲,教程攻略,三角洲破壁新赛季上线",478285,247,825,13360,1027,766,0,0,17039
BV1SdhgzCEXp,114964396314575,1,184,2079,预告·资讯,其他游戏,http://i1.hdslb.com/bfs/archive/a25767c74b183fa5b8be8b5cc151a347b67e74f5.jpg,【STN快报第八季22】宫崎英高的童年小故事竟然是真的,1754218566,1232,7349,STN工作室,https://i2.hdslb.com/bfs/face/5bc1308ef3ac8eed73ed98ad4770f960547688d3.jpg,2484684,"搞笑,游戏杂谈,英雄联盟,游戏,魂游,三角洲行动,宫崎英高,游戏日常,影之刃零,整点电子榨菜",953266,12026,2321,10905,26295,1798,0,0,57396
BV1cphwzNEuc,114940019021260,1,162,2055,绘画,二次元绘画,http://i2.hdslb.com/bfs/archive/729bcdae0a996c20c3c4906ca8f6c12f4b76d0ff.jpg,如果小时候的我见到现在的我一定很感动吧,1753866000,25,3493142030453463,猫和老鼠动画师John,https://i0.hdslb.com/bfs/face/9d452df35f669fd0f9225c4efadeb46025de8850.jpg,1966776,"绘画,猫和老鼠,童年,动画,动画师,回忆,艺术,画师激励计划,感动,怀念",3899496,85390,2506,76385,47984,4981,0,21,997136
BV1km8dzXEBP,114936898458841,1,21,2154,日常,剧情演绎,http://i1.hdslb.com/bfs/archive/b1f44f7077a9a7605fa2581b12d71efbb185a76d.jpg,谁说要沉浸式体验上海病娇女友？,1753867200,113,279866,千葉球球,https://i2.hdslb.com/bfs/face/20c1acb4d6e502a1d31ed25664717af9821413dd.jpg,869471,"病娇,4K,上海话,日语,搞笑小剧场,破碎感,沪语,抽象",1226883,643,1299,13849,1726,4432,0,0,65380
BV1gUh7zaExE,114951091915479,1,65,2071,网络游戏,射击游戏,http://i2.hdslb.com/bfs/archive/35211180899d06779c78ef9660dc048e5bacf293.jpg,但   航天基地没有懦夫！,1754014711,50,49801428,云轻柳,https://i0.hdslb.com/bfs/face/0ef5d2d241b3a25cd32723436bbe644fc3d57234.jpg,1775,"三角洲行动,三角洲欢乐剧场,基地,航天基地",1309788,345,4033,21740,9171,3481,0,0,148080
BV1W5hVzuERq,114964832460433,1,182,2001,影视杂谈,影视解读,http://i0.hdslb.com/bfs/archive/4d25f000757e55fa1d895d86195959b6f3eedb2f.jpg,【逆天影帝】如果能重来，凯文史派西也许不会成为那个恶人。。。,1754224340,993,3546815450319053,走人waitme,https://i2.hdslb.com/bfs/face/84c79080253e35c712d9b5c74485d77e1144746d.jpg,16700,"布拉德皮特,奥斯卡,影帝,七宗罪,经典电影,凯文史派西,美国丽人,非常嫌疑犯,好莱坞明星,影视IP观察室",295816,947,479,3025,1705,186,0,0,8809
BV1f1hAzTENh,114940924923303,1,201,2094,科学科普,科学科普,http://i2.hdslb.com/bfs/archive/2dd6d6a6835d38fadcaa42305fd4e71404ee0558.jpg,人类为什么是自然界中的传奇耐毒王？,1753959600,195,1271916102,上将王司徒,https://i0.hdslb.com/bfs/face/1382786fbc113f7037b3bd4305166085611f737e.jpg,2277348,"科普,生命,科学,生物,自然,人类",2833379,5988,1903,15017,2718,881,0,51,150550
BV1Zehbz6EZj,114957182049555,1,253,2077,动漫杂谈,休闲/小游戏,http://i0.hdslb.com/bfs/archive/f945ff501390fe816172d7684253b480dcdb2f24.jpg,蛋仔派对：新赛季隐藏玩法？让博物馆展品复活，整蛊蛋搭子！,1754107495,225,318488460,游小浪Game,http://i0.hdslb.com/bfs/face/edce1a9d8b1ce6663aed43e9d7ce61cb74f11875.jpg,1491146,"蛋仔派对小剧场,蛋仔派对发起人,蛋仔奇思妙想计划,蛋仔派对",2740548,117,76,24863,617,25,0,0,20649
BV1DVhJzPEa3,114952518047774,1,241,2009,娱乐杂谈,娱乐评论,http://i1.hdslb.com/bfs/archive/5404371c90ce820a3d42a62dde2367541e59534d.jpg,点名中央的旺仔小乔，黑料彻底大曝光，彻底凉凉的“原唱”张碧晨。小绵羊的内裤去哪了？,1754046000,1171,26376587,吃瓜郭昱麟,https://i2.hdslb.com/bfs/face/6927b2ddf58a9f9abaa147ab8a4eaa0842931fd8.jpg,986529,"综艺,汪苏泷,娱乐,吐槽,旺仔小乔,同诗剃须刀,张碧晨,八卦,明星盘点,娱乐吃瓜大会",2329977,8052,4135,11259,3868,1926,0,0,73299
BV1n7h3zbEsB,114963960045038,1,251,2166,三农,农村生活,http://i1.hdslb.com/bfs/archive/466626e0724caaffb27279da97116a2bb3d9d30b.jpg,解救咪咪......,1754222400,338,143845192,念叁叁叁,https://i1.hdslb.com/bfs/face/3e9a9ed8cf8b0c7221b3e810d9e1e8ff7e6cf7b9.jpg,262591,用星露谷开启我的农村生活,237900,392,395,1134,1150,657,0,0,32854
BV1dmhHzUE3W,114952769773022,1,138,2154,搞笑,剧情演绎,http://i2.hdslb.com/bfs/archive/6f8b8742a25f5f16ceb25d7984301d488fa8b3ab.jpg,挑战一镜到底之歪嘴龙王再现江湖,1754040657,150,339070060,阿姣来也,https://i1.hdslb.com/bfs/face/2b0b64521dc96f8a8b19b8e7afaf9d414a764069.jpg,26282,"短剧,配音,搞笑小剧场,一镜到底",187993,236,339,1424,591,680,0,0,25322
BV1kEhPzyErS,114959950285319,1,253,2042,动漫杂谈,动漫评论,http://i0.hdslb.com/bfs/archive/350865c6dec38af0f50bd4026478db33d4684a15.jpg,我算出了《哪吒2》捕妖队有多少人？b站第一人,1754149866,150,13279707,最上川下山,https://i0.hdslb.com/bfs/face/0dfaedc098165ff856f35ee366e6838982cf5412.jpg,2166077,"电影,哪吒2,国漫,哪吒,魔童闹海",6606227,1470,3513,31957,6124,2521,0,19,144732
BV1rTtnzjETE,114975939038115,1,253,2042,动漫杂谈,动漫评论,http://i1.hdslb.com/bfs/archive/32f74a09577ee4f0eb33e1a316ae409d78e49bae.jpg,侦探先生，我的7月新番出轨了啊啊啊！【泛式】,1754393892,758,63231,泛式,https://i0.hdslb.com/bfs/face/2608aaa45309c77ac88fbfaa40e160b8c7892985.jpg,6435462,"搞笑,新番,泛式,吐槽,杂谈,恋人不行,章鱼噼的原罪,新吊带袜天使,拔作岛,小城日常",1871465,20491,9128,52354,135055,12216,0,4,223654
BV1ANtnzUEDr,114975955883853,1,171,2068,电子竞技,回合制策略游戏,http://i2.hdslb.com/bfs/archive/07770170109b27723bb16a49d68622ad74527a6c.jpg,【神超云顶s15】三天登顶国服第一，告诉你最适合当前版本的上分思路,1754394018,95,388063772,GoDlike_神超,https://i2.hdslb.com/bfs/face/e6bcb4a3dea0f2e71bb97a42f097efb89ce29aa7.jpg,835406,"国服第一,策略游戏,英雄联盟,云顶之弈,金铲铲之战,云顶S15",118803,66,555,2510,833,859,0,0,4822
BV1ufhHz3Eqw,114952853521805,1,182,2001,影视杂谈,影视解读,http://i0.hdslb.com/bfs/archive/a6a47bc6588a533caad99385357b1b06da4340b4.jpg,一夜爆火，集体破防，当年出圈的动画神作，杀回这个暑期档了！《浪浪山小妖怪》【独家探班】,1754107200,1714,10119428,小片片说大片,https://i2.hdslb.com/bfs/face/949fd3f0b9fe23703c970d494edc41ae52ee32de.jpg,7697796,"动画,幕后,小妖怪的夏天,浪浪山,浪浪山小妖怪,上美影,暑期档,浪浪山小妖怪取经副本启动",2233108,2187,3497,8230,3609,1764,0,0,51414
BV1Evh7z3Ehs,114951444240319,1,252,2066,仿妆cos,单机主机类游戏,http://i0.hdslb.com/bfs/archive/8fa3cb9f1681ae1b13be62463868cac1f0aad4eb.jpg,梦里不知身是客,1754020163,39,3493107108678482,何存真的真,https://i2.hdslb.com/bfs/face/707f1ab45335d5834709c123fe2fb4fce300f5d2.jpg,359457,"燕云十六声,南烛公子,李煜,Cos",887939,227,1031,27101,13994,3503,0,0,93098
BV1wGhnz9EYD,114951595235138,1,138,2156,搞笑,UP主小综艺,http://i0.hdslb.com/bfs/archive/080ff646c5a8f451c44a9a5c78bf5b7f9fd0fc93.jpg,性情级【不要笑挑战】只有0.82%的人能忍得住不笑看到最后！！,1754128800,744,43611197,比比老师,https://i2.hdslb.com/bfs/face/376af120f5bc3d3c31840db0ff3030bc8a3725f5.jpg,1595259,"高能,搞笑,吐槽,搞笑小剧场,沙雕,不要笑,山葵,惩罚,段子,整活",789240,2835,561,10722,5151,914,0,0,36976
BV18PhLz9EY4,114966040413557,1,47,2037,同人·手书,同人动画,http://i2.hdslb.com/bfs/archive/17ce5943605d9e48eb51e85e340f3dd19c01ce42.jpg,[多多理财/手书/描改]いますぐ輪廻（即刻轮回）,1754242714,123,1759997607,在空白处的地方写,https://i0.hdslb.com/bfs/face/1b7db4d3f04622ea957f698ce3069380c49b42fb.jpg,1461,"同人,手书,いますぐ輪廻,莫妮卡,多多理财,描改",113652,123,435,6764,4065,1150,0,0,16376
BV1ZRhTz2EWA,114961879665290,1,172,2027,手机游戏,音乐综合,http://i0.hdslb.com/bfs/archive/07967251ba3d31f50b01e852464f3c654f4cb9f3.jpg,《明日方舟》EP - Little Wish,1754190000,251,161775300,明日方舟,https://i0.hdslb.com/bfs/face/d4005a0f9b898d8bb049caf9c6355f8e8f772a8f.jpg,6653952,明日方舟,889030,8670,8103,27253,33710,12225,0,39,83241
BV1AmhuzcEyN,114963003740044,1,176,2106,汽车生活,汽车测评,http://i0.hdslb.com/bfs/archive/01c2a8f536cad21f764950623e64aaaccd2829d0.jpg,便宜但丑！宝马5系大甩卖？,1754280300,391,70783742,几分钟义务教室,https://i2.hdslb.com/bfs/face/56946cef0cb1a80f91414a2940a40cc61e2fa3b1.jpg,1040248,"奥迪,奔驰,宝马,测评,薇姿绿标,BBA,选车,宝马5系,薇姿洗发水,阿B车友俱乐部",342771,1526,1035,1094,3200,406,0,0,10861
BV1Gm8CzKE4F,114947266910015,1,201,2171,科学科普,动物综合·二创,http://i1.hdslb.com/bfs/archive/c3d11ae879dfbcd52ac1c5d532f369ad71e20083.jpg,【花小烙】不小心投胎成了一头雄狮，你会过上什么样的狮生？,1753956470,384,402576555,画渣花小烙,https://i0.hdslb.com/bfs/face/64765bc5c4ce223a6d43e6b11202410708a8c297.jpg,5346868,"科普,漫画,花小烙,狮子,3分钟分享一个科学知识",1865683,2402,2549,19525,11749,855,0,66,123032
BV1YDhHz2EfV,114952669037044,1,138,2185,搞笑,家庭关系,http://i1.hdslb.com/bfs/archive/aac44f050bd166b32bd6b2fbb8a2f23d5089d746.jpg,如何和父母闹僵？,1754038887,189,3546559413225949,冷白喵,https://i1.hdslb.com/bfs/face/4e0f5bc0d4746f4f43ddde5bea51eb7c422887d5.jpg,709190,"搞笑,家庭,吐槽,搞笑小剧场,父母",756434,1763,2394,4271,1587,1016,0,0,35230
BV1FztGzWEGc,114969832265002,1,76,2152,美食制作,美食记录,http://i2.hdslb.com/bfs/archive/6499bd3c88a9391d7b75e4a317bca747fed93a09.jpg,这才是正儿八经烤羊腿！生活不就是靠这些美食小碎片聚集而成的吗？列气！,1754300621,344,3461567196694763,队长0527,https://i2.hdslb.com/bfs/face/aab34fc302ea7c169ea07074beaa89de2e96e8c7.jpg,800663,"烧烤,夏天,吃货,生活,美食,治愈,冰镇啤酒烧烤,人间烟火,Vlog,B站超高清视频计划",376527,10843,710,2678,1530,697,0,0,32996
BV1ChtGzZEVU,114969916085298,1,230,2063,软件应用,鬼畜综合,http://i1.hdslb.com/bfs/archive/42c29324cd99f2c4ee9c105f00ff0eaa168cbb33.jpg,哈基米哦南北绿多,1754301779,21,3546898109565769,哈斯音频,https://i1.hdslb.com/bfs/face/3ec5bd782e89bb95d00cc6d9a7bc1e7eae1e78d9.jpg,6332,"三角洲德穆兰,三角洲超雄老太,三角洲,老太,哈基米",381449,443,2503,17554,1304,27228,0,0,51787
BV1yWh7zUE7R,114951360418776,1,219,2168,汪星人,狗,http://i0.hdslb.com/bfs/archive/56f71bc2ce8708f509dcbdd50c3c382e960ac2f5.jpg,给小狗喂剪纸餐看看它是什么反应,1754019032,58,652551563,西卡观察员,https://i2.hdslb.com/bfs/face/a451caaf7e24e7612e23737c16ec62cea732ce8f.jpg,745139,"生活记录,汪星人,边牧西卡,萌宠过暑假",336469,339,507,1132,669,1753,0,0,23850
BV1JehJzSEZU,114952350210208,1,252,2030,仿妆cos,颜值·网红舞,http://i1.hdslb.com/bfs/archive/5a2d045cf85ceeff4ea81952970f5dd0fc594e49.jpg,不要在戳我了,1754033931,12,3546619639237392,我不是思南,https://i0.hdslb.com/bfs/face/b805535b6385a285de7c53507d4ce868a03673f5.jpg,31764,"火影忍者,鸣人,雏田",476229,95,303,10180,540,796,0,0,48591
BV1VfhxzoEem,114956460629535,1,228,2088,人文历史,社会观察,http://i2.hdslb.com/bfs/archive/a104e3a69237471042563035c03401d3ca2dfe45.jpg,【最吓人老师】在课上性侵男学生被发现，老公要求私了。。。,1754106180,523,490505561,郑郑得证,http://i2.hdslb.com/bfs/face/99f6a477d771d9c8c032fd8740539a0fa36f921e.jpg,2002979,"奇闻,伦理,校园,灾难,睡前故事,心理,案件,道德,事故,万物研究所",779694,2269,2376,5189,686,1093,0,0,23487
BV1cZh3zwEMv,114963456722333,1,17,2171,单机游戏,动物综合·二创,http://i2.hdslb.com/bfs/archive/2dea1275b7616d015faa34238f0c7d95a26d4d99.jpg,发给你玩泰拉瑞亚的朋友并什么也不说,1754203357,23,401754235,栗子乔生,https://i1.hdslb.com/bfs/face/a59d400448116c2a1833a5f456f50164f32dc249.jpg,25639,"泰拉瑞亚,整点电子榨菜",479246,358,1218,6372,730,21843,0,0,54866
BV1iZhEz5Efj,114952484423821,1,161,2144,手工,轻手作,http://i2.hdslb.com/bfs/archive/8f15702844ffc33dee448680928c04c5043b548b.jpg,我去！裸眼3D流麻？？厉害的要命啦！,1754193600,505,27495807,强风吹狗头,https://i0.hdslb.com/bfs/face/420201996eaaad7e86314b32d76984291369857c.jpg,314248,"手工,乙女游戏,搞笑,流麻,夏萧因,世界之外,女性向游戏,乙游,谷美,游戏手工发明家",788156,671,86,34452,2897,117,0,0,38731
BV1dztgzCEim,114969060312703,1,65,2071,网络游戏,射击游戏,http://i1.hdslb.com/bfs/archive/eab22c08dbf16eddcd37e46b98af4e3ac6512c7c.jpg,是时候，去做真英雄了｜《远光84》预下载开启！8月7日双端全球公测！,1754359200,82,3494362379979305,远光84,https://i2.hdslb.com/bfs/face/fdb4d361b8a5d44610caf61a770c18068381b45b.jpg,152557,"射击游戏,远光84,远光84公测8月7日",1565920,354,903,1568,2300,437,0,0,5251
BV1cfh3zhEAg,114963507060135,1,228,2088,人文历史,社会观察,http://i0.hdslb.com/bfs/archive/b05a746fc51d3194cf85c7b2b636376bffd913bc.jpg,7月28日一发生就引爆舆论，特朗普还亲自下场发推，到底是怎么回事！,1754388000,873,297670584,我是大佬K,https://i0.hdslb.com/bfs/face/efe0c5cde9af3c74568d17599b9b2a071b279fb4.jpg,948543,"悬疑,真实故事,奇闻异事,真人真事,深夜故事,悬疑案件,案件解说",242810,1185,719,1708,2261,258,0,0,10013
BV1H3huzREqj,114963121183135,1,31,2020,翻唱,翻唱,http://i1.hdslb.com/bfs/archive/fd95c3c15067029f81700987fc0bc5cd3252442c.jpg,史上最难唱摇滚歌曲! 究极还原皇后乐队《Somebody to Love》,1754198247,295,1537334196,LD的声乐游乐场,https://i0.hdslb.com/bfs/face/828812002a2ea597e4773242eb2e8e1bee9ed395.jpg,520134,"欧美音乐,摇滚,皇后乐队,4K,吉他,波西米亚狂想曲,QUEEN,Bohemian Rhapsody,Hi-res,翻唱的N种打开方式",310138,1359,786,9045,16422,1419,0,0,32504
BV1g5hhzAEbi,114958171904160,1,138,2152,搞笑,美食记录,http://i0.hdslb.com/bfs/archive/3bcd59512796fe015acca660d3aad7e7fecd836f.jpg,挑战花10块钱吃一天减脂餐,1754128959,115,1051357359,只因宝宝儿,https://i0.hdslb.com/bfs/face/388e768e96f9cda453defe6955c5f2f89344339e.jpg,830537,"拼好饭你变了,补贴是一时的拼好饭是一直的,点拼好饭只有0次和无数次,重要的事情值得拼一下,拼好饭6.9元盲盒,挑战吧！20元拼好饭吃一天,拼好饭6块9盲盒抽孙颖莎周边,减肥餐,美食记录,美团拼好饭",4147841,1773,796,11586,2511,1326,0,50,173506
BV1pghuzxEWd,114963137960695,1,121,2041,GMV,动漫剪辑,http://i0.hdslb.com/bfs/archive/3df4d03f19bbd44c52419c9d1e0aae8864303491.jpg,【𝟖𝐊/𝐇𝐃𝐑/𝟏𝟐𝟎𝐅𝐏𝐒】查尔斯: 天下无敌 - 马克: 天上来敌＋片尾曲《第一推动力》,1754217576,146,675872284,IM闪电,https://i1.hdslb.com/bfs/face/678d87055389a45c74bd659afd935781310029fa.jpg,126136,"白月魁,灵笼片尾曲,灵笼第12集,灵笼白月魁,第一推动力,动画种草激励计划,灵笼12集白月魁vs马克,雨燕号,太空战,马克",263971,236,820,3684,1922,1109,0,0,8460
BV17ehbzrE5Q,114957182111433,1,21,2103,日常,工程机械,http://i2.hdslb.com/bfs/archive/a7190a041b1f6401227b85aee706a78aaffb55ea.jpg,动态视频｜如果空间站从你眼前飞过，你会看到什么？,1754107836,59,407054668,亿点点不一样,https://i1.hdslb.com/bfs/face/9a2c23800387d9c871f3b5dd3620dc1c3c50d2f9.jpg,4968905,"空间站,速度,太空,科普,科学,科技,对比,航天,科普再来亿点点",2336525,1870,3044,17939,29337,1890,0,40,274640
BV1BNhAzvEBf,114941428304404,1,215,2152,美食记录,美食记录,http://i0.hdslb.com/bfs/archive/679bd070c866a7ebcbdc1cf4e8debb08732f3305.jpg,成都18一碗的猪脚饭自助，卖西班牙老外81不过分吧？,1754042400,329,1984198637,西班牙陈挺,https://i2.hdslb.com/bfs/face/80a8d4d675bf87beba65d8b2af8f8beb63c6b641.jpg,2251680,记录我的美食日常,1212023,2433,2406,5901,4390,577,0,0,97140
BV13etFzMEL5,114980183675595,1,17,2071,单机游戏,射击游戏,http://i1.hdslb.com/bfs/archive/9b329a0dd32d87020868812536fbac68fb35b06b.jpg,大兵66也是简简单单拿捏！拯救大兵这一块，还得是哈吉杨,1754458657,906,3546742700116050,杨齐家_,https://i0.hdslb.com/bfs/face/defa8623598cd28298afa21e9f01e46593230610.jpg,1665446,"三角洲行动,三角洲鼠鼠拯救世界,三角洲破壁新赛季上线",216624,5070,707,1991,2275,211,0,0,21888
BV14Qhwz5EKx,114941780563702,1,246,2107,改装玩车,汽车文化,http://i0.hdslb.com/bfs/archive/67e98aaac0db727b28cae98188a934dd629ddd93.jpg,泡水的巡洋舰才3万？买！修完开不坏才是真正的”巡洋舰“,1753872667,1010,1189785458,大山车改,https://i2.hdslb.com/bfs/face/7fbee9ad1e66e2aa2b253c964e36cbb1c1acaf34.jpg,89329,"巡洋舰,汽车,战舰,丰田,汽车维修,汽车知识,汽车文化,汽车翻新,汽车改装升级,汽车升级",423117,1713,948,3347,4042,881,0,0,22842
BV19j86zZEG5,114944934679981,1,172,2071,手机游戏,射击游戏,http://i1.hdslb.com/bfs/archive/c521c297b86749e48005120ead164c46ca1a6bf6.jpg,扶贫这么久以来最痛苦的一个号！,1753920923,478,700516468,松下千秋77,https://i1.hdslb.com/bfs/face/1d860b1b059fbcbc09c269b8d7a7e52603b3c283.jpg,394570,"地铁逃生,臭猫扫号日记,和平精英,松下千秋",4573835,893,330,39697,1766,155,0,63,48637
BV1cdh3zYEyg,114963473501047,1,251,2090,三农,人文历史,http://i0.hdslb.com/bfs/archive/3b27df18b1d3bb9bfd38981078a2044d90999bf1.jpg,这个104岁的爷爷，带给我的不止有敬佩和感动,1754203605,133,3493123130919728,我是凡人繁星,https://i2.hdslb.com/bfs/face/76cdfd193b3cb59b2261bb390979a39748b3d901.jpg,254133,"正能量,生活记录,爷爷,记录美好农村生活,抗日,感动,鬼子,乡村,抗战老兵",317269,10152,1430,6780,16885,579,0,0,72687
BV14NhpzTEh1,114952786477459,1,208,2096,校园学习,AI学习,http://i2.hdslb.com/bfs/archive/a6342b3ef4dbbc1611d6e103c5d22f6af475af2b.jpg,网络热门AI鉴定16【Git源宝】,1754040574,141,38061207,Git源宝,https://i0.hdslb.com/bfs/face/6c594817691a12697888c7eb17b3147c2bfcf27b.jpg,1039273,"科技,人工智能,AI,教程,提示词反推,Veo3,小刺猬吃播,AI视频,网络热门,AI IN ALL！",1265882,351,319,8599,1852,503,0,0,42648
BV1a38mzLEFV,114949330306218,1,138,2154,搞笑,剧情演绎,http://i0.hdslb.com/bfs/archive/3282c429efc3290e4bf58e542a15015d949a25f4.jpg,那些年女主人不在家的日子,1754052600,171,639923249,大瑶同学remix,https://i2.hdslb.com/bfs/face/5e3796f6804b0035f0173b830e9aad5ad51385ca.jpg,1564665,一人分饰多角,686833,382,769,2135,3709,355,0,0,84514
BV15EhNzeEfn,114959497304837,1,158,2002,穿搭,影视剪辑,http://i2.hdslb.com/bfs/archive/4b618ede21e0050759f65548ac8a9ebcd3c65e8e.jpg,“露出来了，然后呢”,1754142791,12,542246263,白昼小熊,https://i1.hdslb.com/bfs/face/4b26f51d6330ea2209192d490f6636e28ec0574c.jpg,1230538,"影视剪辑,日剧,翻拍,今日出门怎么穿",2092392,25,198,22708,1656,1763,0,0,101657
BV1dW8vzUExe,114924584048240,1,17,2071,单机游戏,射击游戏,http://i1.hdslb.com/bfs/archive/faa322496dd140354d0c8c9aabefa200c5bdd552.jpg,航天基地“最全”攻略~第2期-牢区全物资点位。,1753873200,349,94472174,--山顶洞人--,https://i2.hdslb.com/bfs/face/61c8675b8a93362187265bba1a339559107ada57.jpg,82182,"游戏实况,攻略,三角洲行动,#三角洲,三角洲破壁新赛季上线",953573,660,582,38841,3274,2442,0,0,55772
BV1L6hJz1EUr,114952283098945,1,172,2064,手机游戏,单人RPG游戏,http://i1.hdslb.com/bfs/archive/6810d85608746f3ab75e6d692dcbe75fa07dabe1.jpg,《蔚蓝档案》特别PV【清辉遍洒，她的独奏曲】,1754190000,110,3493265644980448,蔚蓝档案,https://i1.hdslb.com/bfs/face/f2635e09fe667d4ad29229c6ed0b5f4bdea09bd1.jpg,2872906,"蔚蓝档案,蔚蓝档案二周年,日奈",917415,20287,2435,24530,23023,6340,0,0,65275
BV1XUtGzLEqc,114970066947334,1,124,2081,社科·法律·心理,海外资讯,http://i1.hdslb.com/bfs/archive/d5183df9a86485e9fe432a92189ee6187c5519cb.jpg,实操打假：独家特殊渠道曝光“懂王强奸13岁幼女”？！,1754304349,1926,346563107,波士顿圆脸,https://i2.hdslb.com/bfs/face/f8f0fc4114bb06a87481abe12faa006a383cbe6d.jpg,5178734,"犯罪,法律,懂王,萝莉岛,MAGA,假新闻,民粹,环球资讯站",860553,8862,8050,8995,38283,1813,0,73,72650
BV1kshKzEEDH,114960923367512,1,208,2084,校园学习,应试教育,http://i0.hdslb.com/bfs/archive/6ae77ac999fe6db883e94afbc9511452bdaad3dc.jpg,分享一个，从山沟小镇到清华的学习故事,1754186400,878,14229967,一数,https://i1.hdslb.com/bfs/face/812281bada7d323c23c6e1e2e92749bd29b7d7c6.jpg,20495265,"学习,高考,数学,bilibili高考季,考试资料,中考,高中,考前复习",869623,3781,2716,24258,14936,2611,0,60,93725
BV177huzDEtN,114963322505348,1,215,2149,美食记录,美食制作,http://i0.hdslb.com/bfs/archive/376ebe7dbfb467f81fac348b999d63bac59c1382.jpg,吃不完的大米粥做成梦龙巧克力蛋糕，糊弄小孩绰绰有余,1754215325,113,1201986019,留意炫饭吖,https://i1.hdslb.com/bfs/face/f4fa26aea4b9077bb23844ceb296e8736027b2fe.jpg,1447550,"甜品,萌娃,谷雨,Vlog,我的养娃日记",1044257,564,396,6051,847,1008,0,0,81170
BV1oShAzeEEA,114940941699712,1,17,2071,单机游戏,射击游戏,http://i1.hdslb.com/bfs/archive/09643c2995d26690f6c5f153067c1c6ffb60c9bf.jpg,反省后重新做了一个射击游戏,1753873200,246,33824345,M木糖M,https://i2.hdslb.com/bfs/face/34e3407a54be61f44456f2d81101df30c2c5bdbd.jpg,2995914,"自制,娱乐,射击游戏,脑洞,UE5,暗区突围S13必出大金了,暗区突围2077联动,沙雕",3295974,1502,606,40417,5449,1157,0,34,118046
BV1nYtGz4EUv,114969899238451,1,215,2149,美食记录,美食制作,http://i1.hdslb.com/bfs/archive/7101e40505a0d65e7f0f494f38aa92d169cb4afc.jpg,今年8月能不能在中国见到憨豆哥？我们拭目以待,1754301574,255,1984198637,西班牙陈挺,https://i2.hdslb.com/bfs/face/80a8d4d675bf87beba65d8b2af8f8beb63c6b641.jpg,2251680,"美食制作,外国人,记录我的美食日常,闽菜,福建,姜母鸭",590362,1184,1059,1880,1706,195,0,0,49898
BV1ds8UzsEKR,114948525002706,1,138,2029,搞笑,街舞,http://i0.hdslb.com/bfs/archive/a1aa1ec08aee7348e5401ed1a810a34784a3361a.jpg,火过之后就会走下坡路 那往回走不就是上坡路了吗？,1753975583,20,1146388214,Aleks_Kost,https://i2.hdslb.com/bfs/face/6414e768cd99a5c51c24faf939de8f8758f36ee4.jpg,1256322,"手指舞,嘉豪天团,alekskost,轻舞蹈竖屏激励计划",2650708,616,2413,8828,5288,3033,0,73,315689
BV1AUhnzFEzS,114953692450803,1,65,2079,网络游戏,其他游戏,http://i2.hdslb.com/bfs/archive/00df36f6892d28dd010c82d734d647a07ac271ea.jpg,抗韩成功！头号追击首次比赛看点解析！,1754056800,345,235630215,国电武术馆馆长,https://i0.hdslb.com/bfs/face/1c473f95562cb50c8f94291ed6373da6281e5b64.jpg,2173065,"电竞赛事,游戏杂谈,网络游戏,电子竞技,头号追击上头杯,电竞抗韩是一辈子的事,Korol时隔十年再度成功抗韩,MOBA,EWC",957495,1304,271,5150,6219,217,0,0,21996
BV1bZhgzGEZ7,114964446579210,1,253,2055,动漫杂谈,二次元绘画,http://i2.hdslb.com/bfs/archive/f9302ee04e6ac66b4b62c65426054ec79afae5f2.jpg,"出道25年，发明二次元""最出圈的人脸?""：武内崇",1754386200,914,1682714,昨夜梦中,https://i2.hdslb.com/bfs/face/5a2eb78dbed8b90c44a4a8a7feb7406791a70605.jpg,235978,"FGO,型月,fate,希耶尔,命运-冠位指定创作者激励计划 第三期,画师,武内崇,fgo,Fate/GrandOrder,FGO9周年庆",59137,263,313,1797,839,318,0,0,3741
BV1W4tgzXE4a,114969463034636,1,21,2154,日常,剧情演绎,http://i2.hdslb.com/bfs/archive/bacbede5fb1adaf113c060ee1654ce05947219eb.jpg,剪头,1754298098,113,3493085877111279,魏福一,https://i0.hdslb.com/bfs/face/e5361c44cf9b97d0374eb35d35e46d96d98271b3.jpg,175795,"搞笑,瓜子二手车",119665,159,224,1408,706,467,0,0,18214
BV1VjtEzaE9q,114974731013443,1,235,2141,篮球,体育赛事,http://i1.hdslb.com/bfs/archive/72c798f02755b7fefe1999ddfa5d4e02aff724e0.jpg,【篮史速滑#95】超音速之子！杜兰特是如何被西雅图选中的？,1754386200,1148,443074011,西柚老黑,https://i0.hdslb.com/bfs/face/b5e676e0813b764e186cb9c6f705b5e498b00f7b.jpg,302316,"NBA,体育,篮球,杜兰特",57711,818,236,750,1299,58,0,0,4207
BV1KjtMzQETq,114968741550329,1,130,2016,音乐综合,原创音乐,http://i0.hdslb.com/bfs/archive/eb941189a24313efa4ba6d35f50703edf2ec2b99.jpg,小娃pt.2--（OfficialMusicVideo）亚细亚旷世奇才,1754287237,141,2010145557,亚细亚旷世奇才,https://i0.hdslb.com/bfs/face/57c02f89b264a290d62f88b432de9c887137f130.jpg,915265,"原创音乐,MV,4K,新世代音乐人计划原创季",1467618,32745,4889,39910,46569,4330,0,16,163656
BV1aqtLznEMb,114972449309715,1,130,2024,音乐综合,电台·歌单,http://i1.hdslb.com/bfs/archive/123f95a8226ee7b818d91da71e3e24370c9d3fa9.jpg,"""旧歌重听，记忆重塑""",1754352000,2022,88082801,挽风丶Sama,https://i2.hdslb.com/bfs/face/91484503b5edaa7134d6cd03c418d24acf4845a5.jpg,353160,"电台,BGM,英文歌,音乐选集,宫格音乐,精选歌单,日推歌单,电台新星征集令",175610,26,45,18694,1229,9,0,0,13011
BV1cUtuzmEis,114969614227057,1,21,2088,日常,社会观察,http://i1.hdslb.com/bfs/archive/4e8f6268ecdf637b3eb3ec6f25690a566a113cac.jpg,10名外国先心病患儿到河南免费治疗，给异族“换心”？不关心本国儿童？存在大量误导言论！,1754297352,337,99443903,动物园巡逻员,https://i2.hdslb.com/bfs/face/47707d09df803240c50762c92d86589f9a6f125e.jpg,295740,"辟谣,必剪创作",1064291,2059,5498,4098,6440,985,0,0,46618
BV1ZE82zDEqy,114947686143104,1,21,2088,日常,社会观察,http://i0.hdslb.com/bfs/archive/59013bab40a6bea39744b0e869bf0e4428a5adf0.jpg,反游戏后继有人了？,1753962936,432,489618859,铁柱大导演,https://i1.hdslb.com/bfs/face/46980e2714068cb78550fafe538a37a64fda3abc.jpg,996727,"游戏,搞笑,娱乐,吐槽,搞笑小剧场,戒网瘾,抄作业,赵铁柱,割韭菜,必剪创作",1052279,5766,3941,19644,6596,3730,0,0,56395
BV112hnz8EJ6,114953709164838,1,21,2158,日常,旅游记录,http://i2.hdslb.com/bfs/archive/fee558916d05ed6b18ff9fab66021d3a63cb8947.jpg,台湾女生第一次到大陆旅游 心得滔滔不绝｜住了一个月的生活体验｜旅程中的美食、美景、遇到的人都让她印象深刻｜两岸｜大陆自由行 上海 深圳 四川 重庆 香港,1754056800,1616,454433355,小杰不到一百六,https://i0.hdslb.com/bfs/face/0de6190dc2ab9ba59bb71615d7bae9c79ca0daaf.jpg,92668,"旅游,上海,台湾,两岸,旅行,四川,重庆,深圳,台湾女生,寻找100个宝藏vlogger",722640,5918,1104,2620,5349,329,0,0,23550
BV1Y8t3zzEK7,114970855478934,1,21,2083,日常,综合资讯,http://i1.hdslb.com/bfs/archive/f4414f3bc5bfe92db83e26bf0ff7fccbcc302fdc.jpg,浪浪山的四个小妖怪，到底叫什么名字？,1754350200,165,456664753,央视新闻,https://i1.hdslb.com/bfs/face/2dc9c34444ba9f8e891fdc98e6c331fa3c02d127.jpg,21826291,"电影,浪浪山小妖怪",322281,236,803,1330,1129,989,0,0,31942
BV1jv4fzmEdA,114978472332596,1,17,2066,单机游戏,单机主机类游戏,http://i1.hdslb.com/bfs/archive/a41c31ed5347cadba768637c498b5532f9b05aa2.jpg,mega宝可梦综合排行榜，第-3名 完全体基格尔德,1754452800,2738,343348,口袋迷ag,https://i1.hdslb.com/bfs/face/0339f625390570205b46ef4ad07f16d172a19123.jpg,1099001,"任天堂,POKEMON,精灵宝可梦,宝可梦,switch2,宝可梦朱紫,宝可梦传说ZA,超级进化,mega进化,ns2",183477,1695,1636,1316,2566,1226,0,0,11152
BV1gthNztEpy,114959195314380,1,65,2037,网络游戏,同人动画,http://i2.hdslb.com/bfs/archive/ce6120fa2d2a1f1f1f84b4e88c6eb1b2e0857eba.jpg,《我的总裁怎么这么难吃》,1754138348,169,3493268906052571,XA小业专,https://i1.hdslb.com/bfs/face/67fbf0759ac8549310f7e3976f97ef896eda14eb.jpg,202702,"三角洲行动,三角洲破壁新赛季上线",613461,279,317,8249,609,205,0,0,30209
BV1PitEzUEti,114974848453762,1,172,2038,手机游戏,模玩周边,http://i2.hdslb.com/bfs/archive/e7f4584b868536a3eb663f1ed5581935f84f4890.jpg,第五人格COA7全图鉴展示,1754384400,382,8618005,凉哈皮,https://i1.hdslb.com/bfs/face/7a7b0e1e2be687c6373edb72df9df3269610b201.jpg,1754476,"第五人格,第五人格赛事,IVL,深渊的呼唤7,图鉴,赛事周边,凉哈皮,第五人格庄园纳凉夜",60069,393,332,718,1274,280,0,0,7868
BV1JshVzaENo,114964983453734,1,201,2094,科学科普,科学科普,http://i1.hdslb.com/bfs/archive/b1e89ea1894a7279d90bda4c6d77c6108ca78441.jpg,【漫士】千年后的反例：非欧几何、曲率与绝妙定理,1754226936,1947,266765166,漫士沉思录,https://i0.hdslb.com/bfs/face/726060100f7b80f3ab17889aa9fb8f380a53b9da.jpg,1167024,"几何,物理,数学,数学思维,非欧几何,万物研究所",324846,1920,1178,9809,9705,1151,0,0,24601
BV1gu8ozBEBk,114936999053360,1,65,2078,网络游戏,沙盒类,http://i1.hdslb.com/bfs/archive/166f7f7c6a756eb848c67432ead786e280df9ac4.jpg,00后童年的最强沙盒神作！为什么能火到如今？,1754042400,536,174972224,不明天气状况,https://i2.hdslb.com/bfs/face/a2251a07e62430e683ac6d261459f7ea3c800b11.jpg,1572,"单机游戏,我的世界,沙盒游戏,沙盒,MC,Minecraft,像素风",84532,871,708,2494,2959,180,0,0,9142
BV1Cyh8zXEV8,114958490734308,1,27,2041,综合,动漫剪辑,http://i0.hdslb.com/bfs/archive/a32c12996daf100a3dc4f6a64a84991305e8dcc9.jpg,如果迪奥遇见的是所有JOJO,1754182800,121,14649017,有人品没节操,https://i2.hdslb.com/bfs/face/2958cd825351b1343d4f9dd525ab15e4560bd71e.jpg,20479,"JOJO的奇妙冒险,DIO,JOJO,动画种草激励计划,承太郎",664899,416,254,14714,1119,1112,0,0,28036
BV1z5t3zSEYu,114968942877818,1,172,2078,手机游戏,沙盒类,http://i0.hdslb.com/bfs/archive/6b60bbf5361cee49a281cff65e5b50fa75b8b3b5.jpg,我的世界跑酷，但是屏障2.0,1754287004,81,599674056,糖叶爱吃糖,https://i0.hdslb.com/bfs/face/01441c8e82a080811fd87a5113108feb1447bf84.jpg,14997,"沙盒游戏,我的世界,跑酷,我的世界跑酷,我的世界手机版",655162,1467,2376,3728,1986,447,0,0,37967
BV1Fd8qzvE4r,114942183214503,1,21,2083,日常,综合资讯,http://i0.hdslb.com/bfs/archive/ae76f0ea1ae9c1abd4cd96cfa5ff809e5d7dc6c3.jpg,物理老师讲解内燃机原理，手工制作“等离子炮”进行演示。网友：这样的课堂氛围爱了！,1753878765,37,1131457022,人民日报,https://i2.hdslb.com/bfs/face/19a041ba0e78ed43b7a3eab35edfc998eaa7db8e.jpg,17006792,"物理,课堂",4054472,1547,3844,45562,6221,14078,0,10,362756
BV1QUhbzcEZj,114958842993467,1,138,2154,搞笑,剧情演绎,http://i0.hdslb.com/bfs/archive/fec2dce937417810cffa97a16cede1f1b87a580b.jpg,她果然吃霸总这一套,1754140200,50,317698195,-高泽宇,https://i1.hdslb.com/bfs/face/f3abae4a9af7725e4ca4c0bdf94bc91235c68db8.jpg,157429,"原创,搞笑,短片,搞笑小剧场",929243,283,583,7682,1593,1658,0,0,120939
BV1BohnzXEB1,114953256176881,1,21,2037,日常,同人动画,http://i1.hdslb.com/bfs/archive/3f08ff5779f54f67f170449ce30b8fab1a04bd23.jpg,【初投稿∥试播集∥】耗时三个月制作！初一生也要自制动画？！,1754047857,330,3546949611424400,阿未Amo,https://i2.hdslb.com/bfs/face/a7ed624ec1e8c55021a21371692d4bf70b082dad.jpg,8554,"原创动画,原创,动画,自制,学生党,初一,试播集,自制动画,oc",112121,393,820,8676,4306,399,0,0,28794
BV1fitGzWEVm,114969932729591,1,27,2044,综合,动画配音,http://i0.hdslb.com/bfs/archive/dda88e22a34de020b6571d82598e01e0c6859aa0.jpg,当柯南玩海龟汤（第三十九集）,1754302648,260,308693140,声物课,https://i1.hdslb.com/bfs/face/6b49f7d46e78d996cd5d3895048c8c1d9302e51b.jpg,3033026,"细思极恐,推理,毛利兰,名侦探柯南,声优,配音,动画种草激励计划,恐惧,毛利小五郎,海龟汤",395706,314,239,10109,2414,143,0,0,15052
BV1yzhjzUEd6,114967080606076,1,27,2044,综合,动画配音,http://i1.hdslb.com/bfs/archive/140fac4ae124f08d39e24060885e994958965146.jpg,压！！！力！！！！！,1754265900,94,3493118460561869,江肥肠,https://i2.hdslb.com/bfs/face/5ad1e69ce0cfea9665b6f2b682fa989e213fa621.jpg,2129271,"配音,爆笑虫子",2215278,753,632,52151,3052,2650,0,85,83661
BV1FbtMzCE4d,114968338897393,1,130,2017,音乐综合,MV,http://i1.hdslb.com/bfs/archive/7d7e71e582e7fb5c8789949774f3b1d5dff80ea9.jpg,【中日字幕/完整版】Fate/Grand Order 手游10周年主题曲「すばらしいせかい」/ 神山羊×YOSUKE from SPYAIR【正式歌词】,1754278089,243,1592191,百億_光年,https://i1.hdslb.com/bfs/face/1097af3450ab90dbbd85381c7d073c7eccdbccf7.jpg,180029,"FGO,SPYAIR,ACG音乐,游戏音乐,MV,日语MV,Fate,命运-冠位指定,Fate/GrandOrder,神山羊",70690,336,173,4355,2953,1046,0,0,6338
BV1JEh3zZE16,114964144594640,1,17,2066,单机游戏,单机主机类游戏,http://i2.hdslb.com/bfs/archive/81bc6fabe7008d90dfd6faee22cb7965e1686baa.jpg,罪恶都市难度提高1000倍，最难的小飞机炸大楼任务,1754215200,2328,415550560,绿帽乌龟屑,https://i1.hdslb.com/bfs/face/e3845b3ad118b24b061e4ab6c118eba0210c43db.jpg,39094,"GTA,搞笑,游戏实况,罪恶都市,难度",194916,4189,788,4075,20335,284,0,0,18127
BV18mtJzFEzd,114976157077437,1,138,2154,搞笑,剧情演绎,http://i2.hdslb.com/bfs/archive/633578d8c8b9239ffbb33f85b793cc304e515629.jpg,与时间赛跑的人,1754397472,185,1548805549,甜蜜老张,https://i1.hdslb.com/bfs/face/8e1b3812f8c0c20b5d2ef1bb3a332077b5c951bc.jpg,1473480,搞笑研究所,202346,222,209,1546,660,265,0,0,17796
BV1xShVzLEQ5,114964715079685,1,21,2197,日常,其他vlog,http://i0.hdslb.com/bfs/archive/18167da8dddf316765db03fbf3fc2cb4922b131f.jpg,到底有什么事能阻止她看小说？,1754222390,55,125407614,大王同学的生活,https://i0.hdslb.com/bfs/face/b50d4db1a0fdb8bb5d871e9b991b3b29adab46d5.jpg,18090,"小说,破看文的,小说妹,生活vlog,独居生活,失业日记,我的生活已经next level",334670,181,1152,5466,1152,1053,0,0,33724
BV1jfh8zVExa,114958138345626,1,218,2167,喵星人,猫,http://i1.hdslb.com/bfs/archive/bbade95d368df4f908587fbe6c27c79a64d107b6.jpg,拍猫录：瞬间即永恒，我镜头下小猫突突经典四连拍,1754122172,39,143986403,猫太极的拍猫录,https://i2.hdslb.com/bfs/face/d58676f6aa8875754011984344715a430ec35628.jpg,41943,"猫,喵星人,谁家小猫这么可爱,田园猫",2373543,864,1695,37107,4437,13794,0,41,280281
BV1gd8mzLEG8,114948776657966,1,59,2021,演奏,演奏,http://i2.hdslb.com/bfs/archive/712e4d7ca2fc71ec2465cc225f1cce651063a925.jpg,两根饼干打出千本樱,1753979455,87,1836899949,淩喵,https://i0.hdslb.com/bfs/face/fada56ba345e3f452061efcf192471a24b0bd1c0.jpg,4945,"饼干,PENBEAT,节奏,千本樱,抽象,pb",208730,369,720,1855,1768,449,0,0,24240
BV1cDtuzEERL,114969597317294,1,65,2071,网络游戏,射击游戏,http://i1.hdslb.com/bfs/archive/0fbdb2e697bbd29ca111b3ec16c1db6032066788.jpg,最强“反外挂”游戏,1754297039,37,90119987,花圣不是花生,https://i2.hdslb.com/bfs/face/bab6001f89b0c5080955b6d7a188b255c04cd422.jpg,77840,"FPS,游戏,电子竞技,生死狙击",1238981,294,1458,6149,538,7363,0,0,78766
BV17rhHzXEgJ,114953105180680,1,21,2186,日常,恋爱关系,http://i2.hdslb.com/bfs/archive/0bff38cf13027f0710452353eebe26ca7d34a478.jpg,相亲，这么抽象吗？！,1754045321,208,677566519,车棍儿老师在教书,https://i1.hdslb.com/bfs/face/74a2f7696f8789550b65423b393390686e28ded4.jpg,581942,"抽象,相亲,唠嗑,离谱,爱的100种表达方式",366728,2226,2824,1028,685,1139,0,0,12814
BV1a4h8zNERS,114958691992909,1,47,2037,同人·手书,同人动画,http://i1.hdslb.com/bfs/archive/184522746a50c8d7fdafaa47556e18efa98884f6.jpg,来去跑刀,1754130573,32,11295439,是子童和梓潼吖,https://i1.hdslb.com/bfs/face/d0c8ed13d73b50ce28b5baa1bfe91bcfca0783c4.jpg,10206,"动画短片,可爱,萌宠,动画,FPS,搞笑,三角洲行动,碎星行动,卡通,三角洲破壁新赛季上线",375394,67,480,14129,1747,2368,0,0,39076
BV11phMztELY,114961510571029,2,26,2041,音MAD,动漫剪辑,http://i2.hdslb.com/bfs/archive/dfcbd639ab1380aad7e5f3277aeab72e978863ed.jpg,【MAD】耗时三个多小时打造的视频，会有人看吗,1754173496,181,1660384962,喝岩浆的火苗,https://i0.hdslb.com/bfs/face/7bc4a90b8879dfbea314071e9c3b46a3ca745524.jpg,2475,"JOJO的奇妙冒险,MAD,空条承太郎,AMV,乔瑟夫乔斯达,石之海,飙马野郎,黄金之风,jojo",129872,1855,441,9886,9785,632,0,0,29725
BV1E5huzXEm1,114963154735043,1,171,2068,电子竞技,回合制策略游戏,http://i2.hdslb.com/bfs/archive/1349e2d6a4a94659c9aeaa8c932e3da9af6ecaf2.jpg,两套新晋T0来了，一期看懂15.1b热补后梯度排行【云顶之弈】【金铲铲之战】,1754198791,212,18343134,林小北Lindo,https://i0.hdslb.com/bfs/face/fc093c1e6784b5f51e4697c739fe70e519ba36f7.jpg,1851333,"电子竞技,云顶之弈,云顶阵容教学,金铲铲之战,云顶之弈激励计划,云顶s15,云顶之弈s15,天下无双格斗大赛,云顶s15上线,林小北",483850,189,861,3402,763,1058,0,0,8178
BV1Y6hPz8EZK,114959648298229,1,228,2090,人文历史,人文历史,http://i0.hdslb.com/bfs/archive/e99754a84a1238d8861364512347eca64ef1a570.jpg,张献忠：明末躁狂症患者（四川纪实｜传教士视角）,1754189400,961,629341851,照花荣,https://i0.hdslb.com/bfs/face/2ab712286077edd2e7dc5991bc37d4d21bf160e4.jpg,5484,"四川,明朝,历史,人文历史档案馆,圣教入川记,回忆录,明末,明清",329921,1134,1236,7953,3563,3689,0,0,10637
BV11Pt3z4EPi,114968791882736,1,171,2071,电子竞技,射击游戏,http://i1.hdslb.com/bfs/archive/697c90fe7e2bc169c5e4f80788c3bf6678b6879b.jpg,神之大超，他不藏了！Chopper总决赛五杀ACE！绿龙荣获2025科隆总冠军！,1754284844,338,203680252,AYCS2,https://i1.hdslb.com/bfs/face/00981afbe0562c34f53b8279670a3e0ebd1f21c8.jpg,1101089,"donk,cs2赛事名场面,大超,绿龙,五杀,spirit,mouz,cs2,chopper,CS2赛事暑期狂欢",591647,1278,2148,2985,3085,2121,0,0,30672
BV13y8CzTEtj,114947233156825,1,252,2020,仿妆cos,翻唱,http://i0.hdslb.com/bfs/archive/f99a5ea08386cb4f869c4d260b6887ea90801014.jpg,感觉身上的睡衣变成了旗袍..,1753955834,50,475928927,沾沾沾染,https://i2.hdslb.com/bfs/face/7a589c6db68acf3feec3b4aac4c316946adb09ac.jpg,21121,"翻唱,唱歌,夜上海",358769,212,1437,9120,3001,1271,0,0,81916
BV1HetGzdEUR,114969949573972,1,124,2186,社科·法律·心理,恋爱关系,http://i1.hdslb.com/bfs/archive/cec992ca858cc08b1e4ae61a9d1dc7d7e8160c5a.jpg,男女确实有别 但正是这些区别才是双方互相吸引的可爱之处 愿我们相互陪伴 共同生活在这个星球上,1754302561,146,660572973,张金条,https://i0.hdslb.com/bfs/face/bf207126890fd9d855ea2c6bf48709f494743ac1.jpg,645032,"区别,男女,爱情那些难题",173865,245,494,1073,503,509,0,0,13020
BV1EthPzzEx8,114960051079988,1,17,2078,单机游戏,沙盒类,http://i1.hdslb.com/bfs/archive/6e4d8b02d303b1b5dff97f57b27ccc90e38ca217.jpg,我的世界：狙击枪每升五级进化一次，最后直接无敌了,1754182800,471,2131909,特技是我,https://i1.hdslb.com/bfs/face/a124bd9ef449970bb015f047959f715102ddfd53.jpg,31617,"第一视角,FPS,沙盒游戏,狙击,电子竞技,MOD,生存,我的世界,沙雕,像素风",1071386,705,84,46488,2813,39,0,85,48771
BV16ohnzXEFK,114953256181041,1,157,2111,美妆护肤,美妆,http://i0.hdslb.com/bfs/archive/a04464632b492e95efc5a9123c01e172841e380a.jpg,外公为了支持我的美甲事业,1754047861,117,22568886,杭州_张白芝,https://i0.hdslb.com/bfs/face/ae49e929d3ecec99388a2042ad95151598424c8c.jpg,786,"日常,美甲教程,美妆,美甲,普通人变美指南",565469,247,389,1502,833,211,0,0,47358
BV12WhgzvEL2,114962332647868,1,172,2207,手机游戏,随拍·综合,http://i2.hdslb.com/bfs/archive/2a00b5acf9ec2f53d05c49d7387d676eda083168.jpg,【鸣潮】光头强戒鸣潮,1754186431,415,1343820504,阿尔法的猫-,https://i0.hdslb.com/bfs/face/4685e7da58c767a4141a8dcab51b69c781be561b.jpg,129438,"二次元,鬼畜,手游,鸣潮创作激励计划,鸣潮",220738,815,1012,3303,1923,5107,0,0,22991
BV1AQh3zKEeb,114963792269225,1,243,2009,乐评盘点,娱乐评论,http://i0.hdslb.com/bfs/archive/2e0f4c64a7c148e847c12542e6c35ddf56d20027.jpg,一个树立全美性犯罪标杆的R&B天王,1754208458,557,386435204,我是NOPEACE,https://i2.hdslb.com/bfs/face/f347784289ca1f70737a9ddb9d70cb83ce7f2dd7.jpg,69258,"社会,犯罪,说唱,欧美音乐,欧美说唱,娱乐八卦,娱乐吃瓜大会",2838452,3299,1210,28743,7931,3052,0,13,178945
BV14uhLznEdY,114965990084431,1,183,2002,影视剪辑,影视剪辑,http://i2.hdslb.com/bfs/archive/6caabf8c03dec86a7d09ef328b31faa437436afc.jpg,终于有国产剧只用20分钟就拍出了仙凡永别的be美学，她真的用眼神演出了爱而不得的破碎感！！,1754241942,165,1147763911,琴瑟弦弦,https://i1.hdslb.com/bfs/face/8fc0923436addd1a4e1fa6911f45ab5ee2160eb8.jpg,136085,"古装,影视剪辑,杨洋,颜值,电视剧,be美学,赵晴,剪刀手安利大赛,演技,国产剧",279288,998,1708,1553,1753,835,0,0,6865
BV15mhHzUEFM,114952769637379,1,201,2179,科学科普,健康科普,http://i2.hdslb.com/bfs/archive/3326b9db8a4cd7053dba4184a70bda711ef5c779.jpg,孕妇每天两杯奶茶导致早产，反式脂肪酸谣言何时休！,1754229600,153,35195926,大雷的食品科普日常,https://i1.hdslb.com/bfs/face/05cd2189ca9a595beb35c95d12e7ba2beeb739bf.jpg,1234865,"科普,奶茶,健康,媒体,孕妇,怀孕,万物研究所",386027,381,1127,4994,1466,631,0,0,37365
BV13hhTzPEF5,114962148104225,1,47,2022,同人·手书,VOCALOID,http://i1.hdslb.com/bfs/archive/f895f6841f48c76e75a67cfd76f2160a9b3d093e.jpg,"这些血洗全网的爆曲，竟然都是""术力口""？！",1754183741,444,289196974,在下胡不龟,https://i1.hdslb.com/bfs/face/b48cf6aac90a9cb3114bcbaa4dc34dab4da05473.jpg,2122,"VOCALOID,音乐,科普,vocaloid,术曲,热门,术力口",164051,6185,1301,6495,1344,549,0,0,13907
BV1AetjzGEf8,114974043147768,1,162,2090,绘画,人文历史,http://i0.hdslb.com/bfs/archive/cd5c0315a64dc4ed4ee50b15d6301db268e4da3a.jpg,混子哥边画边讲：曲水流觞,1754364998,168,3546918961547843,混子哥边画边讲,https://i2.hdslb.com/bfs/face/effd3aa51f0d736931099eb358fc90404dc7e076.jpg,834803,"人文历史档案馆,中国传统文化,王羲之,兰亭集序,曲水流觞",109455,370,300,625,910,206,0,0,13922
BV126tFzAEzX,114979848061200,1,30,2022,VOCALOID·UTAU,VOCALOID,http://i0.hdslb.com/bfs/archive/5d419a657b105c4bc057120aed9234f5903f4174.jpg,第二周作品闪耀对决！天依不许你没有听过这些歌~,1754453378,457,36081646,洛天依,https://i1.hdslb.com/bfs/baselabs/58c04afa9a907af218bde2e32505a66df6a6eb75.png,4629770,"洛天依,原创歌曲,虚拟歌手,原创音乐,创作征集活动,Vsinger,闪耀的Producer",108544,221,496,1837,1422,128,0,0,9237
BV1afhGzJE8i,114965201558338,1,215,2207,美食记录,随拍·综合,http://i1.hdslb.com/bfs/archive/2bbbb7811470f5ca372abbe0277c7da1f54e4253.jpg,活着就行啊家人们,1754229907,73,1254039861,保安日记-贴贴猫,https://i0.hdslb.com/bfs/face/6aa21c8ece90752b2d1571f951b8cf17ee18d06c.jpg,255834,"生活记录,抽象,土味",432453,365,554,1369,7017,357,0,0,62370
BV1VDhHz2EXG,114952668978941,1,21,2046,日常,网文解读,http://i0.hdslb.com/bfs/archive/687bfe3e391e383f07ab51508c1de8eb2ee7f47e.jpg,假如白素贞拜的是斗战胜佛，法海会怎么样？,1754038914,128,72969462,笔给你你来写_,https://i0.hdslb.com/bfs/face/8e8a57daeb8ee0b50e6fa4e66c4f18f849fc601c.jpg,1132757,"原创,脑洞,小说,曼波配音,随笔,西游,白素贞,原创剧本,沙雕段子",1050154,979,2675,6414,1371,869,0,0,96171
BV1iChgzQELN,114964262029404,1,257,2083,配音,综合资讯,http://i2.hdslb.com/bfs/archive/d3878a60c93095125d99b487788b129785d3141d.jpg,杀死一只鸟儿最好的办法就是#小鸟在歌唱 #朗读 #配音#冥王#【高全胜】,1754215595,42,1667342531,配音演员高全胜,https://i2.hdslb.com/bfs/face/385866824e7d6c78208ae5f222b461741fb1e0cb.jpg,1155184,"唱歌,配音,鸟儿",969205,843,2261,16316,2799,1149,0,0,137018
BV1wqtjzgEfM,114973674048017,1,17,2079,单机游戏,其他游戏,http://i2.hdslb.com/bfs/archive/953e8b540c04bbe96db509f766e40414e489fcf3.jpg,恐龙岛大猎杀（下），战斗进行到白热化阶段，要知道化险为夷破局进化,1754360038,2888,3493273226185448,龙岛蛋壳,https://i2.hdslb.com/bfs/face/2389ca291eaee3b0486133845af7c25e3b0c9c9b.jpg,527949,"游戏实况,主机游戏,生存游戏,游戏集锦,游戏解说,实况解说,恐龙岛大猎杀,游戏搞笑,恐龙岛,整点电子榨菜",642076,2054,149,17822,995,20,0,0,15582
BV1bPhLz9Efi,114966040415974,1,172,2077,手机游戏,休闲/小游戏,http://i0.hdslb.com/bfs/archive/a80cc634bb1eaf81f9abdc6debe3a911ddd34f0d.jpg,蛋仔派对：线条小狗联动皮肤还不还原？魔鬼蛋新皮肤居然这么可爱！,1754270700,123,241199113,僵尸教授-,https://i1.hdslb.com/bfs/face/30a78bf8e40484e47e8e22a99aa8ec896b3da347.jpg,892267,"蛋仔派对皮肤,蛋仔派对盲盒,无敌凤凰蛋,蛋仔派对发起人,蛋仔自习室,超然竞技场,蛋仔奇思妙想计划,逃出惊魂夜,蛋仔派对",390746,475,418,16656,2155,59,0,0,20281
BV1GbhuzVEYX,114962936629968,1,30,2022,VOCALOID·UTAU,VOCALOID,http://i1.hdslb.com/bfs/archive/db959b290208fd7cf0d050919be233015c084983.jpg,即刻轮回 中文填词【重音テトSV】【なきそ】,1754195489,123,73783743,没有花香的HANA,https://i0.hdslb.com/bfs/face/d57e2b71a8aa3ddac263e2eb50ca03018762010b.jpg,160712,"中文,重音テト,填词,なきそ,いますぐ輪廻,即刻轮回,HANA,翻调,synthesizer v,虚拟之声创作计划",503044,9063,853,42040,6924,1428,0,0,56775
BV1uVhJzNEtw,114952518110343,1,21,2186,日常,恋爱关系,http://i0.hdslb.com/bfs/archive/40c5905811c1b13d196645449691f09b933d9997.jpg,男人的谎言 只有男人懂,1754043600,135,1594125242,我是于事_Sh,https://i2.hdslb.com/bfs/face/fa8f97e0972d5b117c834f25cffff608f16008b3.jpg,249463,"情感,双开门霸总,这个男孩能嫁吗,于事讲男人,女生必看",809470,1432,2259,18554,3383,7213,0,0,119573
BV1oJhEzgETL,114951024811834,1,216,2063,鬼畜剧场,鬼畜综合,http://i1.hdslb.com/bfs/archive/31747ae2f9875774fdf8f62646ea6c40b9667897.jpg,旺仔小乔，该罚！,1754013677,86,388318096,快乐阿托,https://i1.hdslb.com/bfs/face/be6aed4932c96f839f8066013b056ffb2e9eb21f.jpg,151966,"搞笑,鬼畜,旺仔小乔,听不清楚该罚,你给我刷过几个子儿,该罚,黄绿合战10th-绿队应援",674487,1077,683,8865,2301,1654,0,0,33346
BV1XPtJzbEF2,114974210924354,1,216,2063,鬼畜剧场,鬼畜综合,http://i0.hdslb.com/bfs/archive/0b3b5b5e4167dd96df0f1bae6ada12ecccd4616e.jpg,真·出生之家（26）旺仔小乔夺舍记 下集,1754367438,388,8034163,浅澄月,https://i1.hdslb.com/bfs/face/28abe5c53184c2705c3c29784733847e930d4487.jpg,1325779,"全明星,鬼畜,搞笑,旺仔小乔,出生之家,真出生之家,恶搞之家,抽象,孙笑川,黄绿合战10th-黄队应援",284229,1448,881,3873,3481,1746,0,0,28854
BV1B6hgz9E6g,114962483649983,1,172,2071,手机游戏,射击游戏,http://i2.hdslb.com/bfs/archive/fc52875b26ca0f9da375e3343a4cca6fe337731a.jpg,0成本无限刷曼德尔砖，半天轻松赚五六块砖！卡死游戏机制薅羊毛,1754188511,155,700446872,奔小奔Plus,https://i2.hdslb.com/bfs/face/d944c3cb2cdf5fde09371384268edff622639e7f.jpg,216163,"手游,FPS,摸金游戏,三角洲行动,三角洲,三角洲破壁新赛季上线",438268,83,357,15170,704,513,0,0,16230
BV14vtuztE6F,114967818798573,1,176,2106,汽车生活,汽车测评,http://i2.hdslb.com/bfs/archive/ffdc215a09262edef315062b4f5ae909408d8147.jpg,粉丝连麦：在美国小伙想买保时捷，但国内朋友都在玩电车，这钱花吗？ #保时捷  #仰望U9   #GTR #买车,1754301600,635,3546724748495813,超哥超车,https://i2.hdslb.com/bfs/face/4bee3bbf26fe89cb847f93cfeb1566c31da0667a.jpg,798879,"仰望U9,GTR,买车,保时捷",209144,755,945,1476,3295,434,0,0,18801
BV1AM82zbEzU,114947602257068,1,47,2079,同人·手书,其他游戏,http://i0.hdslb.com/bfs/archive/bc980ad94429cb35c5c5f60f8680cd6bb16c9641.jpg,谁会在微机课开公司啊！！,1754020800,143,3493090000111868,蒜偷小狗八,https://i2.hdslb.com/bfs/face/377e472d6ac646227ae0c415a8f8e1f0ad839e10.jpg,1987392,"原创动画,模拟经营,校园,小鼻嘎,游戏推荐,挂机游戏,放置游戏,steam游戏,推荐宝藏游戏,我的动物公司",2808899,231,213,50519,1814,92,0,0,53733
BV1d6hbziEWh,114957114939663,1,215,2152,美食记录,美食记录,http://i0.hdslb.com/bfs/archive/ce454d1b85bc86ea2053fe9d29aad85c343f8c53.jpg,工地一人食，3元一斤凉面吃撑了，睡地上休息,1754106560,296,487215770,农民工川哥,https://i2.hdslb.com/bfs/face/3d05653d4b7cdabc08e7c464cc36ec3bc26284cf.jpg,962511,"美食,生活记录,记录我的美食日常,工地,农民工,美食记录,凉面,Vlog",579105,819,883,1191,3219,240,0,0,21951
BV1Eah7zVEw1,114951544901275,1,47,2020,同人·手书,翻唱,http://i1.hdslb.com/bfs/archive/c4f7c7b7cbdbd5184956b6aa14cacf43d8e45434.jpg,-.- --- -.- --- .-. --- .-- --- -.- ..- -.. .- ... .- ..,1754042400,112,1708648214,bili_47477328786,https://i2.hdslb.com/bfs/face/d510af1f09cd0a3cb496e2e8b08d27a56c8f106d.jpg,158030,"可爱,翻唱,日语,女声,原口沙輔,ハート111,Heart111,yuri,ゆーり",1501413,195,1407,35521,7458,2035,0,0,165959
BV1FXtnz1E8r,114975234332369,1,172,2064,手机游戏,单人RPG游戏,http://i1.hdslb.com/bfs/archive/559bfbec86b2ebc89cca0261a32ec26183354fd0.jpg,5.8幽境危战难度5攻略！6个平民阵容推荐，通关技巧讲解,1754445600,814,31922771,Leah莉娅又迟到啦,https://i2.hdslb.com/bfs/face/eb4248f80af971d230eeb95cbc95ab6e23c546e5.jpg,379778,"原神UP主激励计划,二次元,幽境危战,游戏攻略,N5,圣遗物,攻略教学,难度5,原神,原神高能团",112865,452,1807,678,2132,382,0,0,5867
BV1xUtVzNEsg,114971291686221,1,172,2077,手机游戏,休闲/小游戏,http://i0.hdslb.com/bfs/archive/5e7f93c7c458606a8b9b979f4b27bec73c570cb4.jpg,蛋仔派对：南瓜居然被兔仙收买了！,1754322936,131,64621079,隐秘的兔仙,https://i2.hdslb.com/bfs/face/a557213fddae799ef9963d790ea571ce22b7ddf0.jpg,463206,"蛋仔派对南瓜入侵,隐秘的兔仙,蛋仔带你看世界,蛋仔派对",1042463,167,441,31583,1282,42,0,0,30170
BV14v8kzsE4k,114945907889326,1,27,2037,综合,同人动画,http://i2.hdslb.com/bfs/archive/5e59ded742faae0c0f2b73acf0346a49a8373244.jpg,【GIOGIO自制番外】篇章５ 镇魂曲的代价 其三 该回杜王町了,1753935632,274,618281877,非凡哥零容忍,https://i0.hdslb.com/bfs/face/29ee34d9d89a732f4676ae08c362668fe85eebd8.jpg,47617,"空条承太郎,JOJO的奇妙冒险,乔鲁诺乔巴纳,米斯达,黄金之风,福葛,岸边露伴一动不动,动画短片群星计划",728496,455,542,25404,8237,862,0,0,75036
BV1Q5hgzrE5e,114962768861934,1,21,2054,日常,二次元其他,http://i0.hdslb.com/bfs/archive/a64490a7a6156d6cd20593743471bf8be7571746.jpg,【罗小黑战记2】官博补充设定整理合集,1754192985,308,13869819,一滩喵饼,https://i0.hdslb.com/bfs/face/cf9dc51745323c6d1ffb359b51df3bc8ba12b371.jpg,868,"罗小黑战记,电影罗小黑战记2,设定,补充设定,必剪创作",99535,298,394,5817,1964,654,0,0,17646
BV1iChgzQEdM,114964262027707,1,218,2167,喵星人,猫,http://i2.hdslb.com/bfs/archive/484fe81427b1a91cefe38944d7742231dde044fb.jpg,咪有自己的地球转场,1754215717,15,3546894760414025,坦克一斤半,https://i2.hdslb.com/bfs/face/364775b6ab19386fb9c133d501cc4dfcf9c768e3.jpg,45880,"地球,喵星人,美短",2912383,391,3021,92014,21142,27435,0,21,536845
BV1pXtVzYE7R,114971174439916,1,21,2001,日常,影视解读,http://i1.hdslb.com/bfs/archive/a8d2ac3e200a5eca9a963cf8d1d9242b74286c9d.jpg,三国杀up锐评新三国145：呱，公子啊，不是我刘备害了你……,1754359200,1250,8878219,吃蛋挞的折棒,https://i1.hdslb.com/bfs/face/de18d4ff5c0b5dc4c76a56a4ffde6bee9cea6bef.jpg,661742,"三国,三国杀,三国演义,新三国,影评杂谈",307685,6011,2044,1922,11200,275,0,0,16949
BV1L7tnzzEwQ,114975553096921,1,17,2066,单机游戏,单机主机类游戏,http://i0.hdslb.com/bfs/archive/3da9f1cbcb3b3feb4c2adea323cf475fc194e975.jpg,在燕云十六声无伤挑战中没有任何人受伤,1754388973,621,7349,STN工作室,https://i2.hdslb.com/bfs/face/5bc1308ef3ac8eed73ed98ad4770f960547688d3.jpg,2484686,"搞笑,武侠,技术流,国产游戏,无上挑战,燕云十六声,动作游戏,游戏日常,BOSS战,整点电子榨菜",329746,430,594,901,1064,247,0,0,14031
BV1C2t3zZEMh,114970469665501,1,193,2016,MV,原创音乐,http://i1.hdslb.com/bfs/archive/8a91174985d53a306471d410ca3116fec7115168.jpg,三角洲破壁者行动《In The Summer》【电音Remix】,1754310433,145,2036131,KiraraMagic,https://i1.hdslb.com/bfs/face/18b39493ff7e1315093a75708bd775c55470a226.jpg,311919,"电音,三角洲",129090,119,568,6790,1208,854,0,0,13549
BV1574dzYEmM,114976274584679,1,172,2064,手机游戏,单人RPG游戏,http://i2.hdslb.com/bfs/archive/3ca44b73d673564698ddada41ac7e5d882222d29.jpg,全网首发！让阿夏和班尼特再次相遇！,1754398949,1059,449776054,伊甸之伊,https://i1.hdslb.com/bfs/face/dfdcbc224ee65fc000acb0b267cd5f0d9eb871bf.jpg,202264,"原神UP主激励计划,二次元,娱乐,RPG,冒险游戏,教程攻略,纳塔,bug,原神",113425,1447,465,1242,1516,257,0,0,9597
BV1zrhWzhEmF,114953876998671,1,21,2166,日常,农村生活,http://i2.hdslb.com/bfs/archive/0e58d363ef3c77e1a86d9f8b88562dd5b3a85162.jpg,拍了整整一年多，来回30多次，才集齐了老家石板桥的春夏秋冬，浓缩成短短十几秒，像极了我们这短暂且忙碌的一生…,1754057008,17,3546945693943912,小蒋返乡记,https://i1.hdslb.com/bfs/face/987a5c4a075f4376227a0075d288a4599098a42b.jpg,1662,"风景,生活记录,回忆,童年回忆,治愈系风景,记录美好农村生活,乡村,四季轮回,乡愁记忆,农村老家",1020153,388,2439,15710,6485,1261,0,0,99239
BV1Hp8uzWEut,114906917505834,1,172,2064,手机游戏,单人RPG游戏,http://i1.hdslb.com/bfs/archive/c2e9e98fd1933fe2e8e255ef35fecfa17d79758f.jpg,《重返未来：1999》×《刺客信条》联动版本超级天赋秀：艾吉奥 Xtreme Talent: Ezio,1754366400,420,1197454103,重返未来1999,https://i2.hdslb.com/bfs/face/6a1936d5cb5b315311fedbf2d4793c4d404cac83.jpg,2785492,"主机游戏,手机游戏,重返未来：1999,超级天赋秀,重返未来联动,重返未来刺客信条联动,刺客信条2,艾吉奥,刺客信条联动,重返未来1999",157475,1294,1903,1553,1592,1542,0,0,14062
BV13th8zvEv2,114958742458070,1,216,2071,鬼畜剧场,射击游戏,http://i2.hdslb.com/bfs/archive/c1195b511893ee03d2d65e3ac60f4974f36b3999.jpg,我乌鲁鲁可不是好人！,1754131447,92,14896506,英豪小丸砸,https://i0.hdslb.com/bfs/face/64469457eb908ecccafa89f863ae791658a4a01d.jpg,58175,"三角洲行动,蜂医,三角洲鼠鼠,老WE重聚三角洲,三角洲,乌鲁鲁,三角洲破壁新赛季上线",365483,181,486,1745,1908,1446,0,0,24870
BV1kHhLzGEqM,114965587500255,1,21,2063,日常,鬼畜综合,http://i0.hdslb.com/bfs/archive/01267c9b921f2331d1527f6a9d51e77386a373a2.jpg,穷吃菜富吃虾，有钱有势吃王八。,1754236100,86,3461565288286498,小付同学t,https://i1.hdslb.com/bfs/face/3e948382a80cb04a08af921908641f48b7241243.jpg,41047,"迈克尔杰克逊,影视剪辑,万恶之源,生活,搞笑,男神,莲花落,上头了,必剪创作",300319,236,472,3491,3536,1593,0,0,20822
BV1Qs4dzoELf,114976526177060,1,218,2207,喵星人,随拍·综合,http://i2.hdslb.com/bfs/archive/22eb9788b93b9ff112c04419bb767612e5cb33ec.jpg,大王请饶命，我一定举起手来,1754402691,209,335575297,在下铁头阿彪,https://i1.hdslb.com/bfs/face/f46d6e58f90e7851703e083de7809564346f1dcb.jpg,1719371,"Q&A,毛茸茸训练营",229873,212,392,6234,2504,112,0,0,13567
BV1WZt7zyE93,114974932344700,1,138,2005,搞笑,短剧短片,http://i2.hdslb.com/bfs/archive/1f441a7e2107eae7fdf10f3d550e673c2444770c.jpg,恐龙岛当保安日记.第二天,1754391600,503,3546704072674069,文导剧场,https://i1.hdslb.com/bfs/face/2ed036ed4948f89dba6ec9731a6f715764dac7b1.jpg,21264,"末日生存,末日,恐龙,原创,短片,流量,原创短片,恐龙岛,原创故事,动画短片群星计划",64576,273,293,2691,1672,106,0,0,10114
BV1xEhbzQEab,114957014342733,1,17,2066,单机游戏,单机主机类游戏,http://i1.hdslb.com/bfs/archive/f2d3f9d1dd44bd8ac333cd162bc8f0049ca4f7ea.jpg,人仗虫势这一块,1754111100,309,15002163,拧不动啊真拧不动,https://i0.hdslb.com/bfs/face/512d55096f492f14722988501e7a800020320b26.jpg,1327300,"游戏实况,禁闭求生2,电子榨菜,推荐宝藏游戏",1907597,959,1543,27534,2561,6678,0,74,85080
BV1hytJzwEXV,114976257739944,1,21,2088,日常,社会观察,http://i2.hdslb.com/bfs/archive/dfb43cd8c3754c23aa568da63dea8a942378e58d.jpg,200w粉博主执意送外卖，曾直播日入近万曾被网暴,1754452800,620,1567446009,滤镜粉碎机,https://i0.hdslb.com/bfs/face/8ce3100adceacec46f0e031a12404a4d17a865c5.jpg,1060159,"社会,正能量,生活记录,网红,外卖,记录,骑手,社会纪实录",62728,235,151,2554,1477,1770,0,0,3358
BV1ophpz9ER6,114954732571262,1,17,2078,单机游戏,沙盒类,http://i0.hdslb.com/bfs/archive/50bc578b8c801dba29fbcaf3d536f4aea27b4361.jpg,目 害,1754100000,633,19525533,KL_qiqi_,https://i0.hdslb.com/bfs/face/c5830e1e0142e04c96be9c87d3aef2e1b5d47581.jpg,3065911,"我的世界,沙盒游戏,娱乐,MC,搞笑,躲猫猫,minecraft,沙雕,联动,推荐宝藏游戏",971425,2131,1163,12065,5901,608,0,0,61955
BV16MhtzzELc,114957853138536,1,30,2020,VOCALOID·UTAU,翻唱,http://i0.hdslb.com/bfs/archive/2382a615d03be5ae269f82cf7196d9a75810bdd7.jpg,我们都在用力的活着（日语版1m30s）,1754125852,92,37080882,奥巴鸽咕咕咕,https://i0.hdslb.com/bfs/face/d688c3b7e619d65a9809e2ee5eadf26a844eabdc.jpg,32224,"励志,搞笑,日语翻唱,俊达萌,ずんだもん,天真的橡皮,一勺料汁,和我的保险说去吧,我还以为减速带呢",417743,181,1400,23435,9035,8304,0,0,52178
BV1nvhHzoEGn,114953172290095,1,154,2029,舞蹈综合,街舞,http://i1.hdslb.com/bfs/archive/43f672a762dd02372a7e8e4f16aee2dbfb6b94b9.jpg,怎么跳到最后还来劲了#famous,1754046592,64,521665433,UU学弟,https://i2.hdslb.com/bfs/face/af520fa1334a13c8ed5726a64599636f3c711822.jpg,535382,轻舞蹈竖屏激励计划,600426,108,372,2103,1047,216,0,0,52816
BV1RQtjzfEna,114973841820728,1,172,2073,手机游戏,动作竞技游戏,http://i2.hdslb.com/bfs/archive/8e2308f0ac4a662a78d7b19c1f8ac15bd82b29af.jpg,没有一夜长大的树 也没有一步通天的路,1754361706,168,396402430,一点也不奶的奶酪,https://i1.hdslb.com/bfs/face/15328a610ee342b7fe4258fe9c0aea5f730d4981.jpg,715772,"第五人格,第五人格新星团,第五人格夏日演绎,第五人格夏日创作,竞技游戏,第五人格庄园纳凉夜",103036,122,190,963,661,51,0,0,10788
BV1hDhMzuEee,114961275685392,1,172,2064,手机游戏,单人RPG游戏,http://i2.hdslb.com/bfs/archive/a935f338140d440fe77248c3966e3cd9b2023198.jpg,【原神】最后的特诺奇兹托克人/纳塔5.8开图主线⑧/渡过烬海的学者头像/渡火者的绝决/谁人的残破笔记/原神5.8/纳塔5.8世界任务,1754171066,588,431073645,你的影月月,https://i0.hdslb.com/bfs/face/2e32de7b28fc491a28281a22c6ea9f5d195cbdf5.jpg,8929631,"原神5.8版本,最后的特诺奇兹托克人,渡过烬海的学者,渡火者的绝决,头像,游戏攻略,游戏鉴赏家,原神,原神高能团",533204,1521,876,3363,1856,894,0,0,10488
BV1xS8qzzEwj,114942250390115,1,215,2152,美食记录,美食记录,http://i1.hdslb.com/bfs/archive/1bb99c8261925e654607d4c2a81245fd3b4566f0.jpg,老外第一次做广东肠粉,1753880110,151,646889764,Nico爱肉包,https://i1.hdslb.com/bfs/face/1fbb3e1e140042dbc15e412229760cbd21f9a927.jpg,489730,"UP影剧综指南,生活记录,留学生,美食,老外,肠粉",764189,11298,1117,4218,5135,930,0,0,103971
BV1nzhGzPE3E,114965419790011,1,76,2149,美食制作,美食制作,http://i2.hdslb.com/bfs/archive/738d6436651d3c3f19c68a740fc5d75bab82ba5e.jpg,把鲜橙变成冰淇淋卷的过程太上头了！你绝对想不到最后的味道有多惊喜！ | Ice Cream Rolls 【ASMR】,1754234395,521,1732349847,Ice-Cream-Rolls,https://i0.hdslb.com/bfs/face/f8b1665ecd80940af3af400e2f6fb2ed4c545924.png,854214,"Cooking,Dessert,Delicacy,Snack,Cooking tutorial,Culinary,Food lover,Culinary skill",334979,2012,406,1370,640,292,0,0,14567
BV1QJhxzWEhj,114954950741527,1,17,2078,单机游戏,沙盒类,http://i0.hdslb.com/bfs/archive/e0a9f1cd42f1da62ef3da7fbf7686d604faf9474.jpg,请找出视频中的人类！,1754092800,485,680447,马里奥红叔,https://i2.hdslb.com/bfs/face/9f266d9214894cc4134b114fc8c8ce028a235421.jpg,2495450,"万物皆可游戏,沙盒游戏,MINECRAFT,MC,我的世界,单机游戏,主播,生存挑战,沙雕,打卡挑战",731799,1473,979,6868,6056,313,0,0,53524
BV14Shwz1ERb,114941797341117,1,126,2063,人力VOCALOID,鬼畜综合,http://i1.hdslb.com/bfs/archive/337e0d8dd4600ea305e5ea682f5109fe52d77fcf.jpg,“鬼畜，是不是该剧终了”,1754020500,195,29382783,爱狂三的星总,https://i0.hdslb.com/bfs/face/e9cb715dcbd3521f6a8bcd9b3e92e272544b5f5d.jpg,882566,"人力VOCALOID,鬼畜调教,鬼畜,鬼畜全明星,全明星,黄绿合战,黄绿合战10th,剧终の小曲,传统鬼畜",551686,3206,4254,17920,30092,2148,0,0,76149
BV1YuhHzyEvR,114953390392714,1,21,2083,日常,综合资讯,http://i0.hdslb.com/bfs/archive/f2c61754868b4f1bc755db293e1bdc2166bcabed.jpg,金蝉脱壳、见者好运！摄影师蹲守数小时，延时记录金蝉脱壳羽化过程,1754049689,22,1131457022,人民日报,https://i2.hdslb.com/bfs/face/19a041ba0e78ed43b7a3eab35edfc998eaa7db8e.jpg,17006800,金蝉,1067535,61495,1972,16502,7509,3172,0,0,171578
BV1PEhPz1E3n,114959950354681,1,256,2039,短片,cosplay,http://i2.hdslb.com/bfs/archive/31fb73707a7866e5f84c65c736bd595667d2a750.jpg,Cos汉尼拔去CJ找食材,1754211600,155,3546666904848576,汉尼扳,https://i0.hdslb.com/bfs/face/34ed1308d18d7f103960aa798d7020e1a10cfd7e.jpg,1751638,"CJ,汉尼拔,荣耀GT,拔叔教你做人,荣耀400,荣耀平板GT2Pro,荣耀平板在CJ现场成电子鸡蛋,CJ漫展",624525,20191,2041,4797,2908,1369,0,0,81866
BV1Z38yzmEaG,114946998275369,1,138,2156,搞笑,UP主小综艺,http://i1.hdslb.com/bfs/archive/e1ebaed1347cf5c3c0b64380a6b6ec10f351c5a1.jpg,缅怀先烈，吾辈自强.,1753952255,161,302338318,李炮炮儿,https://i1.hdslb.com/bfs/face/912830c3828a5f17960a16783d8e7f9687bddd6d.jpg,2041334,"原创,爱国",3185924,11678,2598,95723,334889,1934,0,1,761820
BV1NCtnzQEu4,114975267885651,1,216,2063,鬼畜剧场,鬼畜综合,http://i1.hdslb.com/bfs/archive/4b19674eda784b4ad0913cfbfa23543f7af3fb92.jpg,四大门派围攻东方明珠,1754383605,268,91790758,伊介书生,https://i1.hdslb.com/bfs/face/13c550fb549a533ce01182e5699f5efedcccf75a.jpg,387789,"故宫,孔子,上海,广州塔,东方明珠,蜜雪冰城,鬼畜星探企划",519723,1851,1286,7549,3682,2575,0,0,47301
BV19StGzyED7,114969983063976,1,95,2098,数码,AI杂谈,http://i2.hdslb.com/bfs/archive/e793c74e87f996e81f12206cc8c51e4a93956959.jpg,【爱否】爆发前夜？AI 眼镜的“iPhone 时刻”卡在哪儿了,1754303565,1712,7458285,爱否科技FView,http://i0.hdslb.com/bfs/face/b7efecd12b932a0e9bd4d7d3a7ba769166479fff.jpg,1170751,"人工智能,智能,AI,AI眼镜,雷鸟,眼镜,爱否科技",173310,99,216,1202,898,134,0,0,12606
BV1Qh82zkEdN,114947283489834,1,161,2104,手工,自制发明/设备,http://i0.hdslb.com/bfs/archive/8e8d593830caffa91dc2cf122ccabab7f00c27e6.jpg,如何用3D打印机炒一盘好面,1753956554,41,144741271,有猫饼工作室,https://i1.hdslb.com/bfs/face/68bceee223a51a3959f33f4a7c2eff8ab075c919.jpg,111136,"3D打印,3D打印机,创意,DIY,Polymaker,打印失败",3003335,81,239,16517,575,459,0,0,66811
BV1X482zLE6a,114947400927906,1,17,2071,单机游戏,射击游戏,http://i1.hdslb.com/bfs/archive/fb40fe42758b3381215f1d7a747287903c2a24e0.jpg,跟我的汤姆逊说去吧！！！,1754040924,149,3493145360731002,二二二二狗司令,https://i0.hdslb.com/bfs/face/ed26269c4c32cede29e989f46c3b22aabcfc9c78.jpg,109611,"丧尸边境检察官,推荐宝藏游戏",1991435,278,290,4350,1631,214,0,0,41557
BV1N282zYEum,114947451327687,1,138,2083,搞笑,综合资讯,http://i0.hdslb.com/bfs/archive/f5062be04aa40c1f1b6469f8a850c2cb2f3e91ce.jpg,这应该是女孩子都有的技能吧！,1753959249,36,457718798,主持人yoyo酱,https://i2.hdslb.com/bfs/face/571c63f133b7379fbed645130450c3168a4aec5e.jpg,1759014,"女生,小姐姐,韩剧,女孩,搞笑研究所",1395011,604,1064,2628,565,914,0,0,74410
BV13Yhuz6EYz,114962953411057,1,138,2160,搞笑,城市出行,http://i1.hdslb.com/bfs/archive/d00f1c08177e6e733e0d96a2f3133ff025da5889.jpg,大爷的渠道一直都很硬！,1754198616,356,22089099,手艺贾,https://i0.hdslb.com/bfs/face/6192f0ae708a9c9aa6838d699b5a9134e1ada6c8.jpg,1612352,"旧货,地摊,记录,寻找100个宝藏vlogger",593074,3384,1142,1336,1250,165,0,0,39496
BV1zQhjz6EsR,114966677951598,1,172,2079,手机游戏,其他游戏,http://i2.hdslb.com/bfs/archive/2e98503a5dce6f21449bbd6e3dd8d516871e3f87.jpg,《虚环》PV02丨21分钟实机演示,1754272800,1258,320070259,虚环,https://i1.hdslb.com/bfs/face/03a934aefe4d871e8b4bb50c45dabd7101e12cc9.jpg,342937,"虚拟偶像,养成游戏,策略游戏,游戏,手机游戏,动作战斗,实机,V圈,虚拟主播,Vtuber",12032317,107780,34158,71848,49503,147589,0,1,300214
BV1LftnzrEk1,114975435721593,1,86,2154,特摄,剧情演绎,http://i1.hdslb.com/bfs/archive/62c754aa315a348eaac82e77ad9ca680acdaca06.jpg,决斗！特效小哥大战六二二！,1754387109,229,3066511,特效小哥studio,https://i1.hdslb.com/bfs/face/6ec724a9cccb64d4e93dc1c25aea6608ac72abde.gif,4470812,"COS,特效,美少女,搞笑,龙珠,特摄,假面骑士,金铲铲天下无双格斗大会",252181,1421,263,1506,868,452,0,0,18419
BV1c5hnzpEyf,114951578457776,1,27,2037,综合,同人动画,http://i1.hdslb.com/bfs/archive/a85d8f5d432c3cd64a07e7880894b4d411700afa.jpg,堵桥的救赎,1754022120,201,3546625452542554,自然锦鲤-冲刺电竞,https://i1.hdslb.com/bfs/face/5cc7f4b449595363f6e03abbd1dc153508fcc69a.jpg,344741,"FPS,鬼畜,射击游戏,搞笑,猫meme,三角洲行动,冲刺电竞,自制动画,三角洲破壁新赛季上线",1871999,369,203,29107,1176,287,0,0,44825
BV1VKtgzTEez,114969362306359,1,95,2101,数码,平板电脑,http://i0.hdslb.com/bfs/archive/38c6805abba4a90374d4b738fec720309058b168.jpg,「小白」2025安卓3000元平板大横评：现在好用了吗？,1754361000,917,8969156,小白测评,https://i2.hdslb.com/bfs/face/09dd0d38633d567179784ac9a0d95ac1187ea71d.jpg,4350385,"科技猎手,数码,平板电脑,3000元平板,手机平板,荣耀,小白测评,OPPO,vivo",140326,1977,1377,1129,802,363,0,0,6260
BV1PX8zzLE4K,114943055627737,1,17,2078,单机游戏,沙盒类,http://i0.hdslb.com/bfs/archive/2fcf707933992570a995fa32e4a59ca68edb3eab.jpg,【十年之约】爆肝百万方块打造的科幻海货塔！,1753954200,604,35927925,炜诺,https://i0.hdslb.com/bfs/face/20b90eafc100f9690ec46f26c4f54537964aaded.jpg,429488,"我的世界,沙盒游戏,生存,Minecraft,一辈子,肝帝,像素风,十年之约,爆肝,推荐宝藏游戏",948397,2487,320,29553,10805,328,0,0,64399
BV1JXh8z7Eck,114958473890908,1,124,2089,社科·法律·心理,时政解读,http://i1.hdslb.com/bfs/archive/98acec8928d7c783e8b5eb91b94b5062b51c6dd0.jpg,尹大统领限时返场，美韩协议忽然落锤,1754127445,938,703186600,麻薯波比呀,https://i1.hdslb.com/bfs/face/826f6c258199edc87d5722a56e8a8f963686dbba.jpg,2719716,"社会观察局,韩国,尹锡悦,尹锡悦拒捕,特朗普关税战,美韩达成贸易协议,特朗普,韩国总统,李在明",1400405,10805,1200,6654,7220,693,0,0,77826
BV1izhMz2E6u,114961326017384,1,171,2071,电子竞技,射击游戏,http://i2.hdslb.com/bfs/archive/9c2487b3e8d5f782ecec09c16bc87c67a455f79a.jpg,五分钟清图，史上最速下班战车！,1754191800,442,591434636,杰Sir-三角洲行动,https://i2.hdslb.com/bfs/face/3486fe4cda715eb37271b15103a1e31a4c0e31eb.jpg,371697,FPS,564016,473,218,8731,562,95,0,0,21368
BV1yctuzDEni,114967986575380,1,229,2207,设计·创意,随拍·综合,http://i0.hdslb.com/bfs/archive/29767fd8f72c498abe90c7d5b7ce69a454597ac9.jpg,"""TETO！快使用钻头攻击足立零！"",""没热到这种地步吧喂！""——金刚重音teto与逆天星尘的奇妙历险4【术力口两句话小剧场】",1754272309,118,1907674795,绝美癫公死蟑螂,https://i1.hdslb.com/bfs/face/2a1f604a00c330a7dda688d907acfd13e892960b.jpg,13997,"星尘,重音テト,搞笑,搞笑小剧场,两句话小剧场,重音teto,术力口",162506,249,344,12641,1008,979,0,0,26194
BV1mh4dzXEZU,114976459069108,1,171,2071,电子竞技,射击游戏,http://i1.hdslb.com/bfs/archive/cf00ed20fdb4cb83b6afc8c3c388381625a02788.jpg,THANK YOU S1Mon,1754453400,184,31536760,EDG电子竞技俱乐部,https://i1.hdslb.com/bfs/face/90ef04ade74b3c2fea67d219992c149572964ec8.jpg,2107005,"EDG,无畏契约,VCTCN",464759,477,5088,3450,8776,19321,0,0,26284
BV1K28qzrE1p,114942619424621,1,65,2071,网络游戏,射击游戏,http://i0.hdslb.com/bfs/archive/f39305091bbff132d98d0ed19467279c880a7343.jpg,《洲洲飞车》行政楼⭐⭐⭐⭐1'16'23,1753885386,94,7208079,www龙,http://i0.hdslb.com/bfs/face/031b8a2e07cb1523240e78eefc5cb984fc7fa4db.jpg,5599,"行政楼,三角洲行动,零号大坝,洲洲飞车,山楂树之恋,疾风,三角洲破壁新赛季上线",1003659,372,1064,6461,3958,6324,0,0,62083
BV1fXtnzyEAQ,114975234329559,1,218,2167,喵星人,猫,http://i0.hdslb.com/bfs/archive/800b8dc6cfdd15199ced7fb0b8ef6de056ee8b92.jpg,《羊入虎口？ 虎入羊群？》,1754388000,305,263090405,猫不理咖啡,https://i2.hdslb.com/bfs/face/2f60f753ef27168acf7d2aa8c99033e663073142.jpg,1676747,"铲屎官,猫,布偶猫,#领先烘焙猫粮,#做武林猫霸抽免罪金牌,#领先烘焙粮抽黄金,猫咖,云吸猫,打工猫,萌宠过暑假",179554,319,228,993,14709,151,0,0,20783
BV1yFtuzHEgD,114968003347954,1,17,2069,单机游戏,即时策略游戏,http://i1.hdslb.com/bfs/archive/0dd0938bdfbdb2bc6a1a773f07c9bf02924dd860.jpg,遇到玩奇迹于你的小鬼怎么办?,1754272786,37,3461573913872612,无縿,https://i2.hdslb.com/bfs/face/9ac4d298bba9bebff27fe5c57e0aff9b305d4ffa.jpg,744,"JOJO的奇妙冒险,奇迹于你,870游戏,JOJO的奇妙冒险群星之战,潮流躲雨,小鬼,格斗游戏,游戏技巧,群星之战",983210,165,891,11736,903,645,0,0,58303
BV1dPhgzEE3A,114962617862962,1,138,2154,搞笑,剧情演绎,http://i2.hdslb.com/bfs/archive/075f51cfd639b9b3d66852ba33a060323c1dc767.jpg,做生意不光靠自身的实力，更多的是靠运气,1754192408,186,375312438,赵老板创业记,https://i0.hdslb.com/bfs/face/cc234df8ab000658ebb320b6818cc46dbdaf90c6.jpg,28802,"创业,正能量,西瓜,赚钱,商业思维",1638042,1163,1607,4019,5084,774,0,0,73417
BV1TNhpzTELj,114952786418881,1,21,2039,日常,cosplay,http://i1.hdslb.com/bfs/archive/35755b04c3f04a9fdad0e40fcc976f1dd0324267.jpg,我家的机娘模型都是1:1的？！,1754107200,661,52250,视角姬,https://i2.hdslb.com/bfs/face/851025ed4bc57ad6ae82a6314e72e249fd21d604.jpg,3058891,"3D打印,BW,高达,机娘,机甲,cosplay,拓竹H2D,模玩,独角兽,拓竹",2786771,2148,1300,80082,9695,3519,0,26,108892
BV1nRt3zpEa3,114970587043226,1,253,2042,动漫杂谈,动漫评论,http://i2.hdslb.com/bfs/archive/d9101238e809990ac0cd1846177a0b716806aa03.jpg,喜羊羊和熊出没，谁更能代表国产动画？,1754366400,796,293673997,二啦不二,https://i1.hdslb.com/bfs/face/0ddccafdd0d3a7c33541bf6a917f1f3892aec5b7.jpg,150317,"动漫杂谈,喜羊羊与灰太狼,动漫二创,熊出没之重启未来,赵琳的探险日记2,羊村守护者11狂野新宇宙,熊出没,逆转时空,喜羊羊与灰太狼之羊村守护者,bilibili次元论战",459792,4423,3298,8426,8635,278,0,0,15968
BV1pSt3zdEkJ,114970368939358,1,21,2103,日常,工程机械,http://i1.hdslb.com/bfs/archive/774cdb4b321457ccd57769e1cca244ecf7661042.jpg,限时5分钟带大家做鸿蒙游戏！没人能通关！你敢试试吗？,1754309160,454,12590,epcdiy,https://i2.hdslb.com/bfs/face/f288604112016e93ca224c4c2c58980a6cd6ba25.png,820817,"游戏,华为,教程,编程,鸿蒙开发,HarmonyOS创新赛,鸿蒙5大有不同,鸿蒙一夏,鸿蒙越用越香,打砖块",203556,238,211,3889,3169,857,0,0,13404
BV1DL8BzDE2z,114942032217839,1,28,2017,原创音乐,MV,http://i1.hdslb.com/bfs/archive/1f440db87de1dc1240fe70e01cb1f59bd8397241.jpg,“我们的拼好歌”,1754015400,244,86434237,比巴卜喂,https://i1.hdslb.com/bfs/face/6c6b1e807ffc49660b67a7280b3998b34f18004e.jpg,122026,"音乐分享官,方大同,林俊杰,混音,周杰伦,王力宏,陶喆,remix,拼好歌,华语乐坛",2443277,1343,1214,38933,36868,8429,0,38,138775
BV1LFtgz3Ewm,114969697848237,1,30,2023,VOCALOID·UTAU,AI音乐,http://i2.hdslb.com/bfs/archive/e7606b18bb60ce7d89f52463d1316ff4526e2225.jpg,【初音ミクAI · 重调教】Life Will Change（Project Sekai Version）【原曲PV付】,1754298574,127,10969904,浩治_CloverP,https://i2.hdslb.com/bfs/face/16326581ab2eb7b9a1535d507011ad30e96beee8.jpg,12006,"VOCALOID,镜音铃,初音ミク,镜音连,女神异闻录,pjsk,初音未来：缤纷舞台,Life will change,P5R",366091,414,1014,16700,5669,7685,0,0,56599
BV1yLhVzBEcR,114964748638728,1,172,2064,手机游戏,单人RPG游戏,http://i0.hdslb.com/bfs/archive/c8aa841bc7951a1e1a2da876ee924e54e4552bc6.jpg,【明日方舟】松桐实战测评：职业队福音，崭新的先锋天龙人！夏活赠送干员！,1754272800,588,1683678,人好嘴甜凯尔希,https://i0.hdslb.com/bfs/face/a07e51ca13ccf7d1040b39b0bb06e169578d0365.jpg,229360,"明日方舟,二手推荐,斩业星熊,松桐,松桐测评,转转,遥,二手手机,实战测评,明日方舟创作者应援计划",355957,971,1447,1489,912,2463,0,0,13254
BV1j1hWzZEmt,114953893711612,1,124,2090,社科·法律·心理,人文历史,http://i0.hdslb.com/bfs/archive/4834c17e6911c8d385d978d1348ec5a131d9889c.jpg,【蒙娜丽莎失窃案】他是如何偷走世界第一名画的？,1754125200,924,611092306,读书的Harry,https://i1.hdslb.com/bfs/face/c1511e78938fb352455e6cd4951f34262efe0b9a.jpg,319804,"历史,悬疑,科普,奇闻,都市传说,人文历史档案馆,蒙娜丽莎",5045434,808,133,43635,2388,127,0,42,41479
BV19EhAzdEw7,114941545813022,1,251,2164,三农,打野采摘,http://i0.hdslb.com/bfs/archive/7bc0b56f80329abd2caab329b2a8624646e92499.jpg,上班了朋友们，欢迎来到斯外逃源，超斤货比比皆是。,1753875000,781,3493297320364881,韶关渝哥,https://i0.hdslb.com/bfs/face/55cf5480ef881ff1754d42d96ef5f04ea2d074e4.jpg,365450,"斯内克,捕鱼,收获满满,赶海捕鱼那些事儿",417603,3822,1209,2094,13465,801,0,0,36716
BV1g14ozAEyh,114977801244551,1,172,2064,手机游戏,单人RPG游戏,http://i1.hdslb.com/bfs/archive/51134a4cb0286a76b73476db8c18dee83f7f105d.jpg,当我尝试拍出爱丽丝的美……,1754452800,136,384667818,小星想叭叭,https://i0.hdslb.com/bfs/face/84437d711796c8900078c6ab86600989ebf21ed6.jpg,565910,"摄影,绝区零爱丽丝二创,爱丽丝,绝区零",85623,88,218,1956,812,393,0,0,12570
BV1Ba8CzLEwG,114947099003559,1,126,2063,人力VOCALOID,鬼畜综合,http://i1.hdslb.com/bfs/archive/ce74abdd88392241f79aa23631d593ccaaa3bccc.jpg,“火车里面唱K”,1753961100,141,242014,乌贼酱,https://i1.hdslb.com/bfs/face/86f8400609470083f834ae3548b731752839706f.jpg,24469,"鬼畜,揽佬,姜文,汤师爷,张麻子,让子弹飞,大展鸿图,大展宏图,马邦德,黄绿合战10th-绿队应援",2596319,835,1585,38918,69871,11681,0,36,160642
BV1Sc4RzsEQj,114977180552271,1,21,2158,日常,旅游记录,http://i0.hdslb.com/bfs/archive/97f3c9d31c51599d0d22dd6c61fa3cd0bc2b9fc3.jpg,Dory｜去凉山火把节看了一场彝族时装秀！烟火下和陌生人跳达体舞｜吃美味的烤小猪肉、酸菜肉丝粉｜在凌晨的成都吃豌杂面！,1754413184,2222,13658829,爱喝的Dory,https://i0.hdslb.com/bfs/face/0d6cb1494f0a2c171fd5fd7c24159c8f3bfe3f2d.jpg,325398,"美食,时装秀,生活记录,旅游,成都,布拖火把节,火把节,彝族,凉山,B站超高清视频计划",28170,494,438,834,3284,209,0,0,3606
BV1kNt3zdE2P,114968976428673,1,182,2001,影视杂谈,影视解读,http://i0.hdslb.com/bfs/archive/b2ae9538f75cedc41fdd1e8baa0b6fdb084b7fde.jpg,第一斧女？！有什么事请联系我的斧头吧！万字拉片拆解《珀尔》P1,1754301600,3036,84706708,小鱼陪拉片,https://i1.hdslb.com/bfs/face/3372dd6970f8df479aad6d35da42cfd32d851681.jpg,1100927,"悬疑,A24,恐怖,惊悚,万字拆解,拉片,视听语言,米娅高斯,珀尔,万字拉片大赛",643711,1338,551,18552,8178,413,0,0,25595
BV1bA8zzUEST,114943592503172,1,162,2152,绘画,美食记录,http://i1.hdslb.com/bfs/archive/cb862ab891166295b0944a717970d59d61e679af.jpg,印度汽水，但是猫和老鼠音效,1753900406,62,341084698,八重熊二,https://i1.hdslb.com/bfs/face/bde958b1891cdaf7f328d80e7549e29e881c0137.jpg,1083,"印度美食,猫和老鼠,搞笑,印度小吃,汤姆,杰瑞,整活",370199,124,316,4475,761,1704,0,0,26160
BV1vAtgzuEs8,114969731470390,1,76,2149,美食制作,美食制作,http://i2.hdslb.com/bfs/archive/90ea0d680f4f74a415aeb01579783a883bf8692c.jpg,厨师长分享现场版“蜂窝玉米”，看完讲解操作更简单,1754366400,540,290526283,美食作家王刚R,https://i1.hdslb.com/bfs/face/1463fa4ea6bffd867dc257dca87248bb1d671cde.jpg,6857292,"厨艺,美食教学,现场教学,厨师长,蜂窝玉米,我用美食搞事业",178428,896,591,1214,1308,403,0,0,11949
BV1M8hxzmEAJ,114956779527642,1,254,2135,亲子,篮球,http://i2.hdslb.com/bfs/archive/3d68ec0f39be7c6ce7586deff2cc18ef5c827989.jpg,用脑子拿捏弟弟 果然不费吹灰之力,1754101533,91,618528588,蔻蔻揍大飞,https://i0.hdslb.com/bfs/face/b7b07c07ffb3de6fca9b69623da26429d8901bee.jpg,37376,篮球,1141697,406,1303,2607,525,406,0,0,31393
BV1NYhAzjEGY,114941327575735,1,21,2188,日常,自我成长,http://i0.hdslb.com/bfs/archive/ca2e4d545d2575f1a3493cd1cd27b51a260b6a2c.jpg,我就是要告诉这个该死的世界 这把我必须赢！,1753866049,248,1790040146,叫俺旭儿,https://i2.hdslb.com/bfs/face/ab2d522e8673398bb55ef22a7e43fe20c2db7001.jpg,1362463,"生活记录,情感,爱情",536415,1676,3899,14996,7537,899,0,0,82814
BV1NXhVzVEuY,114964614351725,1,218,2167,喵星人,猫,http://i1.hdslb.com/bfs/archive/b82cf4529270d9d3b364778fd7f814ab97fccc8d.jpg,盘点一下猫德学院的赔钱玩意,1754221055,212,508416316,本喵叫兔兔,https://i1.hdslb.com/bfs/face/dd3ca18b9504ea0db42655446efd533795811e17.jpg,2842636,"喵星人,猫德学院,缅因猫,动物总动员",1584898,815,1642,11024,147883,1379,0,8,206308
BV1CabXzVEQq,114914903594979,1,17,2079,单机游戏,其他游戏,http://i2.hdslb.com/bfs/archive/35238f00ff622d503a7fe0b07869593489c191ec.jpg,【散人】deltarune三角符文 第四章 豪宅诡事（P2）,1754193600,4631,168598,逍遥散人,https://i1.hdslb.com/bfs/face/8a5de2d7486251e80307d8600cbf8649eb4035fe.jpg,7302965,"娱乐,搞笑,游戏实况,逍遥散人,散人,undertale,deltarune,三角符文,推荐宝藏游戏",556859,2297,615,5772,6223,346,0,0,59988
BV1ZG8kzuEnD,114946092307834,1,207,2087,财经商业,商业财经,http://i2.hdslb.com/bfs/archive/c929917ce8d1541b51398e1e539dcb7bfedd1356.jpg,"什么是""金融赌场""，它背后有什么秘密？",1753954200,1550,520819684,小Lin说,https://i1.hdslb.com/bfs/face/cf895b86c955e4ce62b28b3c2bb5bbc77f9fd410.jpg,6436232,"财经,期货,索罗斯,万物皆可商业",1391080,4376,2743,26806,30788,5338,0,75,64318
BV1N9hVzkEkc,114964597576860,1,228,2090,人文历史,人文历史,http://i2.hdslb.com/bfs/archive/7a96ad16b45848855b18d1080aff4fa0615377ce.jpg,德国精心策划的巴巴罗萨行动为什么会失败？【三木说31】,1754229820,1310,86588581,三木説,https://i1.hdslb.com/bfs/face/40f4143b5242c38cddc9d3c4cf68d3524d7fdfa9.jpg,720077,"二战,历史,人文历史档案馆,巴巴罗萨",659763,2840,1642,8873,2498,470,0,0,18713
BV1nshLzgEAT,114965755202478,1,172,2073,手机游戏,动作竞技游戏,http://i0.hdslb.com/bfs/archive/78a6a9fa2019f9527d8e42b1b80839cd298e3f75.jpg,只用氪金忍者上段#26,1754301900,868,50001728,赵小天咯,https://i2.hdslb.com/bfs/face/08b4694637b510ee9c133ec2ba0d6b38f338d0ee.jpg,633069,"搞笑,决斗场,火影忍者,泳装黑土,泳装鼬,我要上超影,夏日黑土,格斗游戏,火影忍者手游",312985,3507,608,2832,2554,128,0,0,18533
BV1K7tgzfEp6,114969496521256,1,171,2091,电子竞技,设计艺术,http://i1.hdslb.com/bfs/archive/218739eb0631c0a88e0742a07012e682f64751a7.jpg,来不及悼念幻影坦克了，接下来登场的是“光棱坦克”！,1754295679,330,11023521,letmedream,https://i0.hdslb.com/bfs/face/4b0e143579e321d10eac6191db3f3703f626cd08.jpg,406422,"PS,PS教程,光棱坦克,隐藏图,超清科普小课堂",176851,89,719,8015,1558,1274,0,0,9929
BV1nn4RzrEMi,114976895274296,1,17,2078,单机游戏,沙盒类,http://i2.hdslb.com/bfs/archive/58ea88b42541bb865ac22db5d732a0421ce1470d.jpg,陨石砸脸！当场尸变！史上最阴间MC生存——僵尸启示录,1754408339,994,686127,籽岷,https://i0.hdslb.com/bfs/face/7efb679569b2faeff38fa08f6f992fa1ada5e948.webp,4995880,"籽岷,我的世界,生存,整合包,沙盒游戏,单机游戏,MINECRAFT,僵尸启示录,沙雕,推荐宝藏游戏",156903,712,625,2638,3555,1110,0,0,16105
BV1mPh3zMEN1,114964379533693,1,158,2114,穿搭,鞋服穿搭,http://i1.hdslb.com/bfs/archive/b64e190a80f736d94b25173bd6e2a42c325a919a.jpg,我的眼里可没有丑衣服哦,1754217450,177,327738805,六一不是猫,https://i1.hdslb.com/bfs/face/47a25ce422a25856af9fa9301c45dceda8f68440.jpg,1061246,"女装,穿搭,服饰,穿搭技巧,普通人变美指南",1115663,1334,1216,17762,3198,2568,0,51,118117
BV1Lj8yzLEUp,114946880900491,1,21,2102,日常,摄影摄像,http://i2.hdslb.com/bfs/archive/a925723de29c5d437abb838d566e9dd5d7d114c8.jpg,“我知道你为了什么而来”,1753950499,10,473925437,走心的秃驴,https://i2.hdslb.com/bfs/face/630467e57977589bee05fc68dc0f8cc6b23cc677.jpg,8319,"神,冰红茶,国窖,必剪创作",954655,582,2309,45831,8486,16256,0,0,245519
BV1YuhHzyEpy,114953390393940,1,21,2151,日常,美食测评,http://i2.hdslb.com/bfs/archive/69fd72d3da4b3ee8ef64e4cae4d7f533a86aab87.jpg,商家对于人类的咬合力一无所知,1754049997,317,1151638210,搞事明天玩什么生活版,https://i1.hdslb.com/bfs/face/429602c6f42c81a74a714806eeb53b33c15f3d8d.jpg,462560,"测评,生活记录,零食,舌尖真探事务所,零食测评,磨牙零食,必剪创作",515384,1190,714,2218,900,893,0,0,33154
BV1CN82zhE9o,114947568829852,1,124,2088,社科·法律·心理,社会观察,http://i0.hdslb.com/bfs/archive/9c0c2dc4442207caec0d4610e5fc974c1c0dbdf2.jpg,旺仔小乔会有什么法律风险吗？,1753961011,189,3546584625186941,183的冯律师,https://i2.hdslb.com/bfs/face/a4c8c5f2d5aaa44932f7145010edfcca2a21ffc0.jpg,955353,"法律,律师,旺仔小乔,法师,普法,抽象,法律咨询,法学生,法律观察局",1372608,2194,3855,10171,3398,709,0,0,107712
BV1W5hVzuEen,114964832452969,2,20,2028,宅舞,宅舞,http://i0.hdslb.com/bfs/archive/859673b202b90cc2dbe9773b1bc361eb9d724b61.jpg,【舞台存档】活力值和内心戏百分百的mjm,1754225071,376,661440317,-藤子Fujiko-,https://i2.hdslb.com/bfs/face/59140698240f6bc6c3caf5ffb89b4c4278f8637f.jpg,5205,"偶像,cos,世界计划,pjsk,活力,舞台,mjm,mmj,桃井爱莉",1130928,3248,1422,12348,6283,1129,0,49,132077
BV1bgtMzdEyV,114968540289872,1,21,2064,日常,单人RPG游戏,http://i1.hdslb.com/bfs/archive/cce0ec7069a363d16bd0a970465803ec8ec4eef6.jpg,纯路人只凭一张图将代号与角色连线,1754280867,274,500140286,隔路脑,https://i2.hdslb.com/bfs/face/16c595449a41d556bd99f16881604ab5788578f0.jpg,629972,"二次元,游戏,原神",378520,6978,1888,4599,771,1656,0,0,21552
BV1nYhJznE8Y,114952366989017,1,182,2001,影视杂谈,影视解读,http://i1.hdslb.com/bfs/archive/dc688b62549afc438664bac766a5f9931a2b37da.jpg,猛男必看榜排名第1！主角光环也抵挡不了黑道大佬的的魅力！,1754042400,773,604710494,长片短解,https://i2.hdslb.com/bfs/face/6ccceba6ec8fe60d700f9f7c2910c08d70b03fe3.jpg,2449388,"电影解说,动画电影,经典电影,二手推荐,转转,二手手机,宠物,爱宠大机密,猛男必看,好剧好片重刷榜",5518506,737,748,21868,1305,759,0,63,55054
BV1Ud81zqEZQ,114948005044197,1,171,2207,电子竞技,随拍·综合,http://i1.hdslb.com/bfs/archive/87125ef318ae6ec3c94910be98db4a2df00b1051.jpg,惩戒关羽终于拯救了队友！苏打锋,1753970880,196,39560763,Study苏打锋,https://i0.hdslb.com/bfs/face/c0f969795d667f5ccd6ef85ef0b886190629a2f3.jpg,842632,"鬼畜,NBA,电子竞技,王者荣耀,惩戒关羽,苏打锋关羽,蜀国人关羽,关羽,MOBA,苏打锋",1161609,463,638,5175,3187,932,0,0,71230
BV1pFhNz2EUo,114959430189382,1,130,2026,音乐综合,乐评盘点,http://i2.hdslb.com/bfs/archive/64eee508de73a746f6f40cb16a2bb39a3313d811.jpg,8090后当年究竟是吃了多少细糠，才看不上现在的新歌？,1754213400,1173,1021254247,八零九零音乐,https://i1.hdslb.com/bfs/face/b777b5e9ecad31a57a48110abda0bb4e269f115d.jpg,249282,"#8090后,#一代人回忆,#经典老歌",279595,1116,575,3395,585,286,0,0,3701
BV1WihAz5EsJ,114941361194148,1,138,2037,搞笑,同人动画,http://i2.hdslb.com/bfs/archive/21579f7ad5222cbe217415def02f35d2e1f29ed8.jpg,《暑 假 抽 象 行 为》,1753866212,168,321422126,进击的金厂长,https://i2.hdslb.com/bfs/face/339c136489ea2af91bd1d8688ba7259e958ded28.jpg,5116712,"动画,夏天,生活,短片,暑假,搞笑,搞笑动画,原创动画,搞笑小剧场,学生",4020023,13234,1192,82152,26854,513,0,13,184651
BV13VtGz3EP7,114970117473430,1,228,2090,人文历史,人文历史,http://i0.hdslb.com/bfs/archive/98f252b7c5c21f982476a21279d0614ee2c72637.jpg,诸子百家,1754305213,1178,1150791631,许右史,https://i1.hdslb.com/bfs/face/7f167d36690fa6f79141a09eed7acde2302d8a15.jpg,934132,人文历史档案馆,135377,784,568,5786,2982,338,0,0,11371
BV1Nc8yzxEJK,114946847282683,1,182,2001,影视杂谈,影视解读,http://i1.hdslb.com/bfs/archive/1a48514b112672d74b2825817f5e514e686f0358.jpg,可惜，国产剧容不下她的欲望,1753956026,959,2371377,斑鸠鸭,https://i0.hdslb.com/bfs/face/2b925e0f6e814dbca67298e83b1733dbcc4f8828.jpg,343403,"宁静,古装剧,经典,大秦帝国之纵横,大秦帝国,uwant,友望云霄太空臂,0水渍洗地机,折腰,影视IP观察室",632175,1638,739,8273,4083,642,0,0,25888
BV1odtnzkEtF,114975402100793,1,172,2064,手机游戏,单人RPG游戏,http://i2.hdslb.com/bfs/archive/2d6ca654ada05b022a829947d3041281b51d23b1.jpg,《崩坏：星穹铁道》走近星穹——「海瑟音：骑士肚里能撑船」,1754452800,552,1340190821,崩坏星穹铁道,https://i2.hdslb.com/bfs/face/57b6e8c16b909a49bfc8d8394d946f908cabe728.jpg,11437676,"崩坏：星穹铁道,崩坏星穹铁道,走近星穹,海瑟音,崩坏星穹铁道海瑟音,英雄未死之前,米哈游,miHoYo",712783,10329,5786,8601,11877,4978,0,0,78121
BV1eBtJzKESp,114976056413601,1,47,2050,同人·手书,漫画·动态漫,http://i0.hdslb.com/bfs/archive/3173ca4bb9724e626cb1b5e168a71eaef2ac0dcc.jpg,她是谁？明明是我先来的……,1754395585,85,3546918179310343,ENX叉叉酱,https://i1.hdslb.com/bfs/face/2923eaae85b81110da3127bc55bd48532a6ff264.jpg,288624,"纯爱,恋爱,情侣,漫画,爱情,青梅竹马,二次元,ENX叉叉酱,甜甜的恋爱,国漫觉醒时",241911,156,691,3905,730,485,0,0,31946
BV1SXhbztEX4,114958859768843,1,95,2100,数码,手机,http://i1.hdslb.com/bfs/archive/933eaa10aff27e72248ece9bb6ca811cab2cd17c.jpg,小米YU7后排控制屏拆机,1754133036,71,1915449882,涛哥爱拆机,https://i0.hdslb.com/bfs/face/11ce0552a10b7a0b1ae390bd87e83cfc445d779c.jpg,41695,"小米手机,手机,小米YU7,车后排屏,拆机,车规级",1265960,173,775,1165,573,270,0,0,19306
BV1YQhgzjEAy,114964245251426,1,85,2154,小剧场,剧情演绎,http://i0.hdslb.com/bfs/archive/905aa2e76919ff8df76c3cf06ccd46900d02a0e1.jpg,谁还有更好的方法？,1754215387,97,304233145,酱油白米饭原创,https://i1.hdslb.com/bfs/face/e7b6aac008ac4a6002e1266fc732308a0365c81a.jpg,1129600,搞笑小剧场,1480352,336,226,6016,732,99,0,0,29143
BV1a6hVzHEnf,114964480202926,1,47,2037,同人·手书,同人动画,http://i2.hdslb.com/bfs/archive/ce8e0af18f2f38c7921459ea5c54eb2cab9ea1b7.jpg,重生后，都有胆子和校花说话了【07】【第一季完结】,1754219089,732,654552,圆桌动漫,https://i0.hdslb.com/bfs/face/6c1421573d214809ca86aef25bdd23670e00128a.jpg,4742259,"恋爱,公孙雅柔,圆桌宇宙,瑶曦,萧凡",1263094,12007,2787,41580,22039,443,0,44,63432
BV1YThJzMEWd,114952585085223,1,238,2137,运动综合,武术,http://i0.hdslb.com/bfs/archive/e36c884ff21c9c3b81307cf5fca7a19c53267166.jpg,取经千万里，务实不悟空,1754037684,21,455051805,郭泽儒,https://i0.hdslb.com/bfs/face/e976866f862dde0ea6cac3047b6b46a4ff4f6d54.jpg,107015,"武术,功夫,抻筋拔骨,郭泽儒武术,东方美学,养生,阳刚之气,筋骨,身体开发,有亿点功夫",256560,67,340,3151,514,160,0,0,21467
BV17ChgzXE3Q,114964262165943,1,17,2066,单机游戏,单机主机类游戏,http://i1.hdslb.com/bfs/archive/3fb4375d71a7a036a7852841ffa7f6cdf308911b.jpg,当丧尸离你只有一墙之隔，请想尽办法活下去！,1754219600,1682,26240675,与山0v0,https://i2.hdslb.com/bfs/face/1dd429855a968c9d22b8ccc000a7aaabe8dbc201.jpg,4959213,"单机游戏,生存,游戏视频,僵尸,丧尸,实况解说,勇闯死人谷,steam游戏,推荐宝藏游戏",469279,2010,980,7701,10613,491,0,0,37771
BV1fttMzVE9E,114968288561293,1,85,2154,小剧场,剧情演绎,http://i1.hdslb.com/bfs/archive/9650b904d725f450bbfc514e13513c49613bcdf3.jpg,自私者的辩白,1754277040,128,548752139,苟酉goyo,https://i2.hdslb.com/bfs/face/f6de1ab15e78324c01faf5721fa12127616208bf.jpg,262114,"原创,情侣,情感,生活,投稿翻拍,真实,评论区,投稿,记录,爱情那些难题",455198,576,679,764,518,550,0,0,33917
BV1gzh3z5EoK,114963658052623,1,221,2163,野生动物,赶海捕鱼,http://i1.hdslb.com/bfs/archive/23b236b45d3879715fcd84add7ef7b2aacdc13e7.jpg,赶海发现一只野生小海龟,1754206450,244,3546591816321888,佩琪赶海,https://i0.hdslb.com/bfs/face/6949e6fcbf7618b04c238ec576b2295833541d4e.jpg,61357,"原创,海鲜,赶海,海龟,海",3039295,262,245,19950,523,38,0,0,19631
BV12dh7zoEo6,114951276594386,1,138,2154,搞笑,剧情演绎,http://i1.hdslb.com/bfs/archive/718eba4c0abb7e62c8767298e9ef953fae0ea21a.jpg,能听到别人的心声，真的是一件好事吗,1754038800,92,444108819,刘一朵A,https://i0.hdslb.com/bfs/face/b2e7d05b6b995369edb66d582fce38933e134761.jpg,1112671,搞笑研究所,2979297,131,114,9460,504,79,0,0,36281
BV1hghJzKE54,114952618641589,1,222,2168,小宠异宠,狗,http://i1.hdslb.com/bfs/archive/597c1f4b32d12e685e3c5990f8c56f89319d0b82.jpg,这么聪明的狗子云养太舒服了,1754298000,266,421912906,天下一场梦,https://i1.hdslb.com/bfs/face/7b24cadd4cc318c2f487797040c9e52d3d0fe46d.jpg,1749328,"搞笑视频,动物世界,汪星人,vlog,乡村户外,田园犬,动物总动员,呆萌可爱",219498,699,407,1783,1498,186,0,0,17691
BV13ehpz7E9j,114954346761351,1,17,2071,单机游戏,射击游戏,http://i2.hdslb.com/bfs/archive/dfa69b24b50641998c9fb9a853a3d42561e6aa37.jpg,那些无法超越的天才游戏设计！（枪皮篇）,1754107200,117,129240403,燃茶哥哥在此,https://i1.hdslb.com/bfs/face/6f4fe2e98d424dacb18ff47f5c61654c1f38ffeb.jpg,1876035,"单机游戏,游戏,COD,战地,我的世界,黄金AK,龙狙,cf,cs2,手指枪",1179272,404,545,19930,674,154,0,0,38738
BV1MxtjzmEje,114974059923130,1,215,2152,美食记录,美食记录,http://i0.hdslb.com/bfs/archive/2a891c29d7f72da2c23f26a9f329e2d2f77fff20.jpg,一场铁板与美食的碰撞,1754365466,157,1983705001,明天谁做东,https://i1.hdslb.com/bfs/face/5b2465cc10918e1b6c0683a192d53716294a31d8.jpg,601002,"办公室,美食,铁板",920936,177,213,1841,602,255,0,0,38877
BV1YWh8zTEzM,114958792658071,1,76,2149,美食制作,美食制作,http://i1.hdslb.com/bfs/archive/ac8dad7fd6de85f42e104e2673334c465035b458.jpg,邪恶美食家被米其林大厨点名啦！戈登老师你听我解释！,1754132223,90,31642139,美味羡宝王,https://i2.hdslb.com/bfs/face/59cefea633610997273eaf86e27acf4d4a235308.jpg,583326,"大厨,美食,黑暗料理,搞笑,美食制作,我在B站做美食,美食测评,Vlog",946324,436,843,7484,621,715,0,0,87490
BV1mqtnzdEeS,114975603561929,1,176,2106,汽车生活,汽车测评,http://i1.hdslb.com/bfs/archive/6306dcb3850ae32c4de15e129b6219cfbc2e2773.jpg,横跨五个省份 2000KM 只为吃这个东西？,1754390438,2945,1599697382,玩车日志CarsJournal,https://i2.hdslb.com/bfs/face/245e4cfb4a5f72b5c8212a3e29bcb1b9988cba10.jpg,336773,"雷军,小米,汽车,吃播,YU7,广西,自驾游,小米汽车,酸嘢,小米 YU7",81170,705,366,2622,6266,140,0,0,8348
BV1jGhNzBEHZ,114959564409017,1,65,2070,网络游戏,MOBA游戏,http://i0.hdslb.com/bfs/archive/fc49b42a4fb9a87b3e3b856edec1da8483f02671.jpg,完成不可能的反杀！《柔风亚索集锦》,1754193600,174,282558920,柔风亚索,https://i2.hdslb.com/bfs/face/b3ced8df924833fcb562e6b05d3a6cc3705effd0.jpg,135153,"疾风剑豪,亚索,精彩集锦,电子竞技,英雄联盟,韩服王者",1969762,989,1554,4022,6534,3250,0,0,69329
BV1GdhHzVEcy,114952685755078,1,21,2078,日常,沙盒类,http://i2.hdslb.com/bfs/archive/853304f018e99f94db9956a0b719f7af25d3b3be.jpg,10年前MC堪称外挂的『光灵箭』，为何至今鲜为人知？,1754215200,121,1740338545,---MCSE---,https://i1.hdslb.com/bfs/face/2b1c3f27c623b81763ab847c9681b924046f12d5.jpg,56475,"游戏杂谈,独立游戏,单机游戏,MC,恐怖游戏,沙盒游戏,考古,我的世界,Minecraft,干货",423830,3409,855,2898,1019,189,0,0,15926
BV1H1tuzDEBJ,114969580406250,1,172,2073,手机游戏,动作竞技游戏,http://i0.hdslb.com/bfs/archive/7d3ae62f2bf7d77ec47fa9c741a5787ae5204031.jpg,9月高招S九喇嘛水门！设定、全技能表现效果参考！,1754297035,256,95845925,帕克统一忍界,https://i2.hdslb.com/bfs/face/c9cdbcc4b2db5b82a2fec668ddc44cb8444f7c26.jpg,626309,"波风水门,决斗场,金身水门,我要上超影,格斗游戏,火影忍者手游,新忍者,9月高招S,九喇嘛水门",547798,1352,2151,1091,785,1102,0,0,14036
BV1yC8yzdEWy,114946645956422,1,21,2207,日常,随拍·综合,http://i1.hdslb.com/bfs/archive/e94599655bd4f8df22e0443ec33da97a774651d1.jpg,万车寻亲，敢梦敢为，让这场爱心善举持续接力,1753954200,177,395953568,我叫四羊,https://i2.hdslb.com/bfs/face/074a584077ad39d1bf134dcafce515f58c621cbf.jpg,141787,"公益,生活记录,寻亲车贴,寻亲,#走失儿童,寻找100个宝藏vlogger",2552785,950,1276,24573,47691,649,0,57,231915
BV1azhwzpECo,114941646345340,1,216,2063,鬼畜剧场,鬼畜综合,http://i0.hdslb.com/bfs/archive/8c843f01ee5abe67ad24ae68a1fff0cd81d44b3a.jpg,对王之王——旺 仔 小 乔 ！,1753870531,149,38347595,风云熊,https://i2.hdslb.com/bfs/face/2ae14869758eed929301ad35a35fda7d4386a1d5.jpg,485289,"搞笑,周星驰,鬼畜,娱乐,旺仔小乔,你给我刷过几个子儿,名场面,网红,对王之王,黄绿合战10th-绿队应援",1328398,23310,2536,22215,33090,12857,0,72,135940
BV1KR8EzWE7E,114930388898039,1,138,2154,搞笑,剧情演绎,http://i0.hdslb.com/bfs/archive/028f2a3eba28745c798af059eee9f2f36125d83a.jpg,男孩子去拿快递千万要注意安全,1753866000,157,3546697410021598,-阿迪啊阿迪-,https://i1.hdslb.com/bfs/face/04937d9bc6c21dc5bd43107ac46cfac6f34c219f.jpg,477841,搞笑,1594601,705,738,3171,889,817,0,0,88080
BV1Md81zqEu8,114948004906204,1,247,2107,新能源车,汽车文化,http://i2.hdslb.com/bfs/archive/7282740ad93bfb951934d177203c786fac741d59.jpg,我把“奶龙”变成了车，路过的小孩都馋哭了,1753968480,481,497525820,所长Wy,https://i0.hdslb.com/bfs/face/5137009463f59bf5ed46af3a8779d63ed6ca3304.jpg,1402248,"痛车,改装,汽车,埃安UT,AION UT,汽车测评,奶龙,汽车改装,小车,新能源车",996853,9395,792,6411,4618,1578,0,0,38983
BV1YjhczJEh9,114940740440899,1,243,2024,乐评盘点,电台·歌单,http://i1.hdslb.com/bfs/archive/be8db6ed25d4419204905ccb2150f0cf632a929b.jpg,循环歌单|【花海DJ版】|“【纯爱の小曲】【伪恋の小曲】【迪亚哥の小曲】”,1753920000,3643,423517587,蛋某人音乐,https://i0.hdslb.com/bfs/face/3a3a15373208c19ea9c69cb91632e3b13e336711.webp,680229,"歌单,花海,循环,电台新星征集令",824263,453,704,81210,6381,619,0,0,62531
BV1DWtEzoELQ,114974714367327,1,47,2037,同人·手书,同人动画,http://i2.hdslb.com/bfs/archive/7b41daca8198ec21e9e95c9e6382e7799a3d4e91.jpg,【鸣潮小剧场】Wonderful U,1754375109,67,71940941,唤林和小PK,https://i2.hdslb.com/bfs/face/c0973a9a2efadbe7040d72c0491ad39aadaf642d.jpg,263428,"同人,东方,手书,弗洛洛,鸣潮小剧场,漂泊者,意难平,鸣潮2.5版本二创",221232,291,1891,20929,39770,5400,0,0,50399
BV1kNh8zJESj,114958993984327,1,182,2001,影视杂谈,影视解读,http://i1.hdslb.com/bfs/archive/a185bf827e46a746ffa7d57298cce12a58b0d68f.jpg,真正的国漫神作！《浪浪山小妖怪》真是无敌好看！,1754139979,405,777536,LexBurner,https://i2.hdslb.com/bfs/face/27e06996840a7cb3ee0fee52f6b4616cd6567def.jpg,5934527,"lex,浪浪山小妖怪,月圆之夜取真经,月圆之夜,lexburner",543873,314,524,3301,3707,2075,0,0,22723
BV1Pf8CzoEz7,114946864056894,1,130,2024,音乐综合,电台·歌单,http://i2.hdslb.com/bfs/archive/be6f815924a8a51308790ea62956fd3c7180e448.jpg,“盘点去年夏天那些爆火の音乐”,1753950524,2152,434404417,是青橘啦,https://i1.hdslb.com/bfs/face/89434e41de69f9fbafff943417d791ff57bed8bb.jpg,143104,"歌曲,夏天,音乐推荐,循环,BGM,九宫格歌单,旋律,节奏感,精选歌单,电台新星征集令",4522687,2031,706,282578,16155,881,0,5,224232
BV1Ck8yz4ETH,114946662731144,1,251,2166,三农,农村生活,http://i2.hdslb.com/bfs/archive/fe99d2fa392bdce1354f42debc4013bb89b7a5db.jpg,我爸给羊手术，诊费赚了1200万，我的妈呀！我要通往极乐世界了,1753952712,569,414700515,龙腾虎跃龙兽医,https://i0.hdslb.com/bfs/face/697d80194c5a980fa55b9a200ce8b8ecc41ab39a.jpg,2688920,"生活记录,记录美好农村生活",3343125,2254,4717,25019,13998,670,0,44,163680
BV1Nbhcz3E62,114940337718932,1,138,2018,搞笑,音乐现场,http://i2.hdslb.com/bfs/archive/de1e08003b914e6c5e58e0d8e4354d907deb9e4d.jpg,当我在王心凌演唱会cos王心凌，竟然被本人看到了！,1753869600,598,1962633,Yui柯基大聪明,https://i0.hdslb.com/bfs/face/3db7d59acaf033d88ef5d31824611b09d8c2b3e7.jpg,1345038,"LIVE,音乐现场,仿妆,王心凌,演唱会,cosplay,vlog,跟上节奏嚼出自在好状态,益达,我的演出自在搭子",4478067,4160,2546,14553,5417,1737,0,90,74399
BV1QVhgzVEtx,114962718721292,1,121,2064,GMV,单人RPG游戏,http://i1.hdslb.com/bfs/archive/4fa5f0961ad1f455aa87876676d6761bfe6be668.jpg,此刻，玩家们开始意识到这个游戏带着崩坏前缀的严重性,1754191917,142,34140519,做一只老鸽子,https://i0.hdslb.com/bfs/face/04e5cadfbaa764f3a0b7b400416afb747442a637.jpg,64593,"崩坏学园2,崩坏3,爱莉希雅,白厄,崩坏星穹铁道,昔涟,星穹铁道白厄,姬子,希儿",101332,124,292,5906,3837,425,0,0,11212
BV1RWh8zTEHK,114958792727743,1,239,2088,家居房产,社会观察,http://i2.hdslb.com/bfs/archive/ce4c00b3ea50e0e40d3453715ca03e87709baf4c.jpg,育儿补贴？德国每个孩子65万！已经发了50年......但是，并没卵用！,1754132266,217,676174563,洋哥在德国,https://i0.hdslb.com/bfs/face/9294eff76b7d04382908e310591f885ac0e803c4.jpg,503836,"高能,德国,情感,职场,家庭,教育,育儿补贴,海外,育儿,我的养娃日记",1552485,6114,10440,11064,5062,13102,0,86,107994
BV1ge8qzSE8j,114942485204353,1,228,2088,人文历史,社会观察,http://i2.hdslb.com/bfs/archive/f724b83077b1c6119630130f96a68d3d1b16d48e.jpg,存着8000枚比特币被女友扔了，他苦守垃圾站17年，现在要买下整座垃圾场,1754038800,502,17555340,辟谣的大舌头LOOONG,https://i0.hdslb.com/bfs/face/ada12a297505dd764390bbfdc6e46a68d0b73092.jpg,168548,"搞笑,人文,挖矿,垃圾,比特币,区块链,数字货币,社科,虚拟币,币圈",1788466,1257,2885,3719,518,675,0,0,51737
BV1uthNztEgy,114959195310304,1,215,2152,美食记录,美食记录,http://i1.hdslb.com/bfs/archive/05a4574d843db5a5b1f68afcb7f79be11ad05edd.jpg,油炸大焖子,1754138564,156,3546878484417233,老廖很会吃,https://i2.hdslb.com/bfs/face/003eaebefa7a8355be5c3cf1661bd1b10af6a571.jpg,49519,"美食制作,吃货,生活记录,美味,Vlog,万物皆可炸,焖子,一饭封神申请出战",249627,469,433,2151,1446,313,0,0,25650
BV1yz8kzDEti,114945857427182,1,65,2071,网络游戏,射击游戏,http://i2.hdslb.com/bfs/archive/6e377db35357daccfca39f46a8da0fe0e5fe3d9b.jpg,刘涛乌鲁鲁带妹？！,1753963200,442,532249763,永远妖妖-三角洲行动,https://i2.hdslb.com/bfs/face/534ad488a182cfb90ecb6afa72432d8ebc3f6f71.jpg,43863,"三角洲行动,三角洲欢乐剧场",913627,1130,1201,9660,3875,345,0,0,93939
BV1xSh3zqEMF,114963809114511,1,213,2125,美食测评,徒步,http://i1.hdslb.com/bfs/archive/291936fa57aea1a6734f0e4ec7bd7e9ef93b570e.jpg,爬泰山遇到了小学课本上的挑山工,1754210132,428,494818687,爱健身小庞,https://i1.hdslb.com/bfs/face/bfc664245597273a58d99e66645c27ccc2d1fc4a.jpg,87786,"山东,江西,爬山",412220,1505,1629,1770,12745,417,0,0,31414
BV1Kjtgz8E6G,114969513299353,1,17,2088,单机游戏,社会观察,http://i0.hdslb.com/bfs/archive/9071b60663250b08f0ff17b0d2fdac46f0cf3bca.jpg,黄油末日！澳大利亚女权联名起诉 steam，连夜下架数百款游戏,1754295881,472,329360018,布鲁Sir_,https://i2.hdslb.com/bfs/face/2bbc0eaf86f1dfc583ccdd77f1787541b1d98c56.jpg,652141,"Collective shout,LGBT,游戏圈,政治正确,Steam,valve,Visa,Mastercard,极端女拳,整点电子榨菜",500269,3189,3284,3068,592,4004,0,0,13968
BV16e8mz8EG7,114949078715654,1,171,2064,电子竞技,单人RPG游戏,http://i1.hdslb.com/bfs/archive/0e807df1db424bf54a9517ff98da9307de93547b.jpg,上帝我求你在给我9秒 这次我一定要带你出去,1753984475,202,3493109145013039,Lsu-L苏,https://i1.hdslb.com/bfs/face/374c5f7108b5781442bc55619b70be3d140107ea.jpg,399,"FPS,超凡先锋,吃鸡",533645,382,1385,2746,555,172,0,0,33838
BV12S8EzdEx6,114930439161038,1,233,2104,极客DIY,自制发明/设备,http://i2.hdslb.com/bfs/archive/25406a47af94fd55b29a226135bc6b91c18f29bc.jpg,如果穿越回1997年手搓一台windows掌机，97年的win掌上电脑游戏机会是什么样,1754042400,553,358732547,LCL李同学,https://i2.hdslb.com/bfs/face/941a58df9226e640fb53a73a6f7b90b335333849.jpg,405006,"怀旧,掌机,3D打印机,电脑,爱乐酷,爱乐酷土星4U16K,游戏机,游戏设备,win掌机",272363,1486,818,4168,8781,721,0,0,13078
BV1ChhHz8EY1,114952954256519,1,31,2022,翻唱,VOCALOID,http://i1.hdslb.com/bfs/archive/a93cbe4766b00ad01c0c1ae13e9d9f50bc943bca.jpg,チェリーポップ /covered by しぐれうい,1754043100,141,2601367,時雨羽衣Official,https://i1.hdslb.com/bfs/face/6fdd55db4dab958980f43eecc41c4ac330f72ae3.jpg,856093,"DECO*27,チェリーポップ,しぐれうい,Cherry Pop,时雨羽衣",348653,1586,858,16774,5268,2447,0,0,59358
BV1ByhGzfEfB,114965084117760,1,251,2166,三农,农村生活,http://i1.hdslb.com/bfs/archive/b4bb081ffa544de82b0cd05161765571c2332074.jpg,六年，从村口等待到黄土相送，千万人牵挂的爷爷走了！,1754361000,1450,384344554,小白的奇幻旅行,https://i1.hdslb.com/bfs/face/f6a860fe7b844b4fa0d23582ef512ea8c6fe98be.jpg,174190,"生活记录,正能量,乡村,老人,农村生活,随手记录我的生活碎片",138501,281,183,1575,2911,68,0,0,5826
BV1x4t5zuEFn,114971140754683,1,21,2197,日常,其他vlog,http://i0.hdslb.com/bfs/archive/8b575bd8b0d1b43aa2f9794bc5d0a64ae36c9b08.jpg,依旧凌晨一点,1754321675,166,3546899950864647,我要睡觉-1589,https://i0.hdslb.com/bfs/face/2549d9d42ff0324b76d6e7e21eb44e1bcc9df315.jpg,214396,"原创,生活记录,记录",640407,324,441,9682,1320,392,0,0,21680
BV1HNhNzVEJm,114959379864243,1,172,2071,手机游戏,射击游戏,http://i1.hdslb.com/bfs/archive/76c6efa98a894f5f2d2dabbb5d3d9222b6afeecb.jpg,教大家免费白嫖官方发的红【GTI中心特别支持】,1754141235,145,2063040064,不败新知缘,https://i1.hdslb.com/bfs/face/18037a47077b0f23d4a8c29fac19ade7f1f66599.jpg,13873,"三角洲行动,GTI中心特别支持,鼠鼠,跑刀,萌新攻略,大红",502485,1847,1050,21568,1716,3649,0,0,27698
BV1E4hVzcEJq,114964966676665,1,22,2063,鬼畜调教,鬼畜综合,http://i1.hdslb.com/bfs/archive/4d2fcc3ad2b6f7117c6d6c982d0d3efa64d42dea.jpg,⚡灵感菇溜大了⚡,1754279700,117,2283296,小猪P_,https://i2.hdslb.com/bfs/face/e3cd0e238b61cb1c23ffae2f7f99fcc59818cf68.jpg,664463,"鬼畜,黄绿合战,MyGO,Ave Mujica,黄绿合战10th,爱音,咕咕嘎嘎,黄绿合战10th-黄队应援",176257,356,1285,6701,3756,5346,0,0,23354
BV1JEh3zZENw,114964144588235,1,172,2064,手机游戏,单人RPG游戏,http://i2.hdslb.com/bfs/archive/8595c0306236b1a273576d48ff30a2cd26603421.jpg,黑三月七可能有三重命途，实现翁法罗斯的重构！,1754213892,359,551188239,企鹅带带北极熊,https://i0.hdslb.com/bfs/face/f74ed16ba54d227abe8127cd53f52b3a19940716.jpg,3059626,"手机游戏,搞笑,崩坏：星穹铁道,崩坏：星穹铁道创作者激励计划,长夜月,三月七",894936,8090,1904,10389,2012,2690,0,0,67366
BV1DjhgzgEhW,114962752084684,1,17,2078,单机游戏,沙盒类,http://i0.hdslb.com/bfs/archive/c463c2a69e486d383fe0d7d16709eed9ab61f8df.jpg,⚡平地隐藏房子之米奇妙妙屋⚡,1754192655,317,1358043560,橙子_WZ,https://i2.hdslb.com/bfs/face/bc528a23c5e74b541dea84f2b0d03b1d8648093d.jpg,3654,"沙盒游戏,我的世界,肝帝,红石科技,像素风,米奇妙妙屋",189732,522,499,3530,5378,1185,0,0,22908
BV1tntGzvEnU,114970301898632,1,172,2077,手机游戏,休闲/小游戏,http://i0.hdslb.com/bfs/archive/ff7ecbaa978e52046f3fb4cad8ee5f89a039b140.jpg,把野人关进盒子里会怎么样？,1754307753,75,2051751572,搞笑小番茄,https://i2.hdslb.com/bfs/face/12f8a3ee63323eacac01bda4c15358383252436b.jpg,168603,"娱乐,搞笑,dongdong羊,蛋仔小剧场,蛋仔新赛季,野人,沙雕,纪律委员,蛋仔,蛋仔派对",269108,595,305,4647,828,107,0,0,7644
BV1WJhLzCELY,114965537102265,1,172,2064,手机游戏,单人RPG游戏,http://i2.hdslb.com/bfs/archive/0833192832e34f90a586b553cd894b5b0d0afecd.jpg,【声优整活】我的爱丽丝终于说出了那句台词!?,1754280900,22,11253297,多多poi丶,https://i0.hdslb.com/bfs/face/966b61d56511813052cfca8b0cb2ff7426165404.jpg,3033295,"JOJO的奇妙冒险,声优整活,绝区零UP主激励计划,波鲁纳雷夫,银色战车,爱丽丝,jojo,绝区零",472113,219,1047,8809,2549,4247,0,0,71863
BV1zfhnzHELX,114953306512658,1,228,2090,人文历史,人文历史,http://i1.hdslb.com/bfs/archive/6af20409995c9ff57aa431c2af89d9148e26ce75.jpg,一个视频看懂魏文侯的一生,1754048708,3811,10698584,唠点历史,https://i2.hdslb.com/bfs/face/bff64bcd50f739c916c34115d3aeb92fddafcdbb.jpg,1771539,"原创,插画,政治,战国,历史,纪录片,魏国,战国七雄,吴起,魏文侯",217416,1143,509,3921,5322,218,0,0,11553
BV1S5hJzYEe8,114952568380748,1,76,2149,美食制作,美食制作,http://i0.hdslb.com/bfs/archive/8b586982b40e0a90ec9fbadb3704d45658e9bc42.jpg,【迪奥の厨房】3分钟开吃，酸甜爽辣的拌面，太爽啦！,1754038089,139,13745285,丶沫小白,https://i2.hdslb.com/bfs/face/176ea8cc8f5187e0f82c9828bb1ecba9fb94ffd0.jpg,1208999,"黑暗料理,美食教程,美食制作,快手菜,上淘宝闪购搜超级星期六有惊喜,淘宝闪购超6爆款外卖只要1块9,夏日美食,拌面,懒人美食,jojo的奇妙冒险",1150701,1006,767,50999,4476,3077,0,68,119122
BV1yh86zEEfQ,114945119227555,1,182,2001,影视杂谈,影视解读,http://i1.hdslb.com/bfs/archive/7834c679c9ea5b2897be66e19efa7edd5fa6e44f.jpg,用偶像剧反偶像剧！从《斗鱼》到《我们与恶的距离》，未成年男性的向下滑落！,1753930800,511,1550443541,刀疤蝶,https://i2.hdslb.com/bfs/face/afbc12e82523fb4b75cd1ac86021ea61dcb479da.jpg,157108,"安以轩,影评杂谈,我们与恶的距离2,蓝正龙,斗鱼,郭品超,狂飙,台偶,影视IP观察室",307763,298,280,4053,604,181,0,0,17060
BV179tuzLESa,114969764956800,1,182,2001,影视杂谈,影视解读,http://i0.hdslb.com/bfs/archive/92eae85616c7f98e3de654baa175df37a161dbfe.jpg,杨洋去油成功？！被说相貌平平？《凡人修仙传》能否成为杨洋翻身之作,1754302088,822,203337614,开心嘴炮,https://i2.hdslb.com/bfs/face/5cd3053f352bc597bac3d11b824e548108423cb2.jpg,2877761,"搞笑,杨洋,国产,金晨,凡人修仙传,伊利牌万年灵乳,凡人修仙,韩立,修仙搭子选伊利",259452,2013,1162,829,511,292,0,0,10084
BV1nQtuz2EwQ,114969781736741,1,250,2144,出行,轻手作,http://i2.hdslb.com/bfs/archive/b9193dcbb0594c68749c568159dda1371e492947.jpg,自己做窗帘o>_,1754299909,133,3546904396827291,歹毒的咸鱼-,https://i0.hdslb.com/bfs/face/9480a3d8b43c5c5c0e8bfca9f72103b5ffc79f14.jpg,58018,"手工,DIY,家居,鹤岗,躺平",94787,192,702,711,1351,89,0,0,12534
BV1bnhHzTEWr,114953004521629,1,138,2201,搞笑,潮玩玩具,http://i2.hdslb.com/bfs/archive/19bc98d855e75f9748e2de82e1e4edf987c3b145.jpg,开箱！不藏了，都是工作需要！,1754043982,164,2079933284,河马君,http://i2.hdslb.com/bfs/face/8f286dd065e0efef92b5c4602139bacfb47cd508.jpg,2507420,"可爱,开箱,玩具,搞笑小剧场,盲盒",1985705,696,432,14139,1630,876,0,0,108086
BV1JB8mzoEpB,114948692776302,1,193,2020,MV,翻唱,http://i1.hdslb.com/bfs/archive/3464d2bdc09eca6426d71a7b09c32d28cf442b48.jpg,Nina《one spot》草原版 cover沈佳润,1753978001,225,3546810842876797,TH彼岸花,https://i1.hdslb.com/bfs/face/ef00ce22800adf5ebd6da0e14802c9205c2913ff.jpg,9835,"音乐分享官,翻唱,COVER,美美桑内,Onespot,草原,Nina,沈佳润",176529,384,794,4546,5419,1285,0,0,20387
BV1rMh8z7ETA,114958624884954,1,21,2087,日常,商业财经,http://i2.hdslb.com/bfs/archive/f0ed9c965e1507b25f592eeb1a04fbfd68c48f53.jpg,花400万开的网吧有啥服务？开业第一天居然爆满？,1754130416,496,391992947,郝文博的奇妙日常,https://i2.hdslb.com/bfs/face/7ec224e8f3c10ae8eb975cfdb135627571bb0c65.jpg,170422,"生活,生活记录,创业,日常,电脑,电子榨菜,郝文博的奇妙日常,网吧,开网吧,寻找100个宝藏vlogger",710246,2937,3442,1626,1867,1074,0,0,13426
BV1wYtGz4Evy,114969899177388,1,171,2070,电子竞技,MOBA游戏,http://i0.hdslb.com/bfs/archive/d9a9ca816d137f81863fe566d23a35114495ab6d.jpg,Rookie：他转头就走，像下定了某种决心,1754301703,63,29992385,iG电子竞技俱乐部,https://i2.hdslb.com/bfs/face/487bf0cb89b58ce6baea91d2f2a5b0fc4a2e17fb.jpg,646526,"娱乐,IG,英雄联盟,LPL,电子竞技,搞笑,TheShy,MOBA,Rookie",434745,359,851,1089,1384,1009,0,0,33344
BV1x6tnz9EEx,114975637051482,1,27,2055,综合,二次元绘画,http://i2.hdslb.com/bfs/archive/ee085bf24c1c47a15e04ead285765b43bada7984.jpg,将《鬼灭之刃》中的六只鬼改造成正常人的形象,1754389219,422,500140286,隔路脑,https://i2.hdslb.com/bfs/face/16c595449a41d556bd99f16881604ab5788578f0.jpg,629975,"二次元,动漫,动画种草激励计划,鬼灭之刃",443983,1259,827,3666,1662,2054,0,0,40110
BV1Wgh3zPEkx,114964043923940,1,76,2149,美食制作,美食制作,http://i1.hdslb.com/bfs/archive/5ab6aa636cbd3d1d8b830e2283d078cbf34d64a2.jpg,1 pizza 🍕 = 1 smile~~~1个披萨🍕= 1个微笑,1754212383,84,1600975131,女王厨房Surthycooks,https://i0.hdslb.com/bfs/face/1ab0fe198e0033bbea11968079b74bd832b4a631.jpg,1883355,"厨娘,全程高能,厨艺,吃货,美食,女王,公益,美食教程,surthycooks,一饭封神申请出战",259616,303,419,1325,3037,74,0,0,35708
BV1nQt3zsE2J,114970419266894,1,219,2168,汪星人,狗,http://i0.hdslb.com/bfs/archive/e55f61c238ac7df25fe0ff8b2aa0401298376854.jpg,爱吃苦瓜的小八戒永远离开了,1754309940,511,509278225,豫西小丁,http://i1.hdslb.com/bfs/face/aac093c74838f2fa54118da43a6b9419b9f62087.jpg,768963,"高加索,白菜,八戒,苦瓜",415769,3927,5227,2280,23577,1354,0,0,37977
BV1eahVzoEkm,114964899629215,1,65,2070,网络游戏,MOBA游戏,http://i1.hdslb.com/bfs/archive/b719d60641991b68ca12fca3e03a578c0e6d798c.jpg,“男朋友一直嫌弃我胸小！？”,1754280000,460,239060440,冲男阿凉,https://i1.hdslb.com/bfs/face/ed5981237c5e18af1de7e620150ca940330f0a7e.jpg,1259592,"网络游戏,情感,搞笑,爱情,校园,段子,沙雕,凉哥,地狱笑话,英雄联盟电竞世界杯",497153,449,785,1974,938,586,0,0,27499
BV1jChHzHEWP,114953088403673,1,213,2151,美食测评,美食测评,http://i1.hdslb.com/bfs/archive/d351a43b94b8ff82ac2d8e1818221854a40c92f5.jpg,700元一斤“顶奢级和牛卷”做泡面小料！太有生活了！,1754124600,976,478691043,穿毛裤的小拉泽,https://i0.hdslb.com/bfs/face/023c69a89a95db1b7991a024c0806d2ed7e58021.jpg,3561990,"吃播,美食,泡面,下饭,同诗s3剃须刀,泡面伴侣,泡面搭档,速食,火鸡面,十万个为什么-食物特辑",5640698,4065,1283,39932,9097,775,0,29,92683
BV1V4huzyEap,114963288950195,1,121,2064,GMV,单人RPG游戏,http://i1.hdslb.com/bfs/archive/60a13f97fe52a32af6cf7a400557df89752cd5c8.jpg,牢柯提醒您，180星琼加一个特殊道具别忘了领取,1754200788,26,75032117,柯只因_崩铁牢王,https://i2.hdslb.com/bfs/face/f9532cd75defbc3c02062a798b5132147513cc51.jpg,60655,"星琼,崩坏星穹铁道,崩坏：星穹铁道创作者激励计划,兑换码",708615,71,547,48998,1306,2643,0,0,44133
BV1Zc8BzcE7b,114942401318325,1,215,2153,美食记录,美食综合,http://i1.hdslb.com/bfs/archive/c39fad97f8980851e84c4921ece89a2fdc18fdd1.jpg,《全羊宴》,1753882180,70,300764639,潘多拉的饱嗝,https://i2.hdslb.com/bfs/face/7d8de03e4628babd585620c283ff319a42a3c266.jpg,631632,"火锅,街头小吃,零食,泡面,美食展示,宵夜吃点啥,记录我的美食日常,夜宵,夜市,美食推荐",4475255,1846,2145,74274,6770,21646,0,80,177298
BV1nBhHzREFH,114953071631302,1,208,2084,校园学习,应试教育,http://i2.hdslb.com/bfs/archive/a08c1723cb433a4601bc85e60218d7ad41076ac2.jpg,考过的证书毕业直接变“废纸”，小心当了韭菜！,1754045172,111,25694274,小五只会一点点,https://i0.hdslb.com/bfs/face/dac3f29feb6f36bea16d4a81eb2b423381528efc.jpg,560227,"毕业,考试,学习,韭菜,大学生,证书,会计,找工作,考证",964943,306,1933,20865,674,849,0,0,47199
BV1TCh3zrEdf,114963876151658,1,65,2066,网络游戏,单机主机类游戏,http://i1.hdslb.com/bfs/archive/f642d36ef935f8f07ed763a1a632f9b83881b01e.jpg,这游戏真废嗓哇,1754209676,131,3546388231097029,菜三千,https://i1.hdslb.com/bfs/face/6783c763e8e3b331eb355041daca98cd608f80a2.jpg,86214,"娱乐,联机游戏,生存游戏,搞笑,休闲益智,休闲,竞技游戏,多人游戏,沙雕,推荐宝藏游戏",901687,910,1275,34059,4206,30354,0,51,122599
BV15WtnzvEG6,114975485990412,1,257,2207,配音,随拍·综合,http://i2.hdslb.com/bfs/archive/233783faa1ca6b7e5650fc5764b5ee2c88b60e28.jpg,729配音演员这么会玩？看我迫害付博文、兰陶倚、聂曦映、赵爽！,1754388600,887,410964,胖雪人Ozu,https://i0.hdslb.com/bfs/face/7bec7117aa7f60e6f9819a390eddfa5d0bdf899a.jpg,1475573,"配音演员,配音,配音演员迫害系列,动手吧729,729,729声工场,给整活儿加点艺术",63334,525,204,1076,677,170,0,0,6809
BV1EAhGzZEw9,114963389678075,1,138,2142,搞笑,体育综合,http://i1.hdslb.com/bfs/archive/9c10a4bfdb908a5c58db157220114f924dcb1d3a.jpg,创意工坊之你们要的拿去～,1754203871,79,3546909580987309,弗雷尔卓德-杨辰,https://i1.hdslb.com/bfs/face/e59912641ba4cbaadb857e30085b15cf4dcc6819.jpg,250959,"创意,创意工坊,弗雷尔卓德",1380884,591,1345,3895,1502,4874,0,0,80077
BV1KV8XzJEfo,114934952236858,1,17,2078,单机游戏,沙盒类,http://i0.hdslb.com/bfs/archive/c7fa25d1078873c664aec05bdd953889aa00523a.jpg,尽力了 尽力了,1754211600,314,3494361318820182,冰-C,https://i0.hdslb.com/bfs/face/6a5b0985cec56741e3b20cedf97355a3c67ef0cb.jpg,737711,"我的世界,娱乐,游戏实况,MOD,沙盒游戏,实况解说,像素风,沙雕",638005,454,224,6514,581,184,0,0,30199
BV19u8BzREBk,114942367762120,1,250,2158,出行,旅游记录,http://i2.hdslb.com/bfs/archive/2111111acb4d251f900bf5c852556005938add4b.jpg,links｜大西洋上只有300人的孤岛，却藏着地球最震撼的火山奇观,1753934400,1375,3816626,Linksphotograph,https://i2.hdslb.com/bfs/face/2827281d7fd11cd62d9cc355039860cd2979970b.jpg,3580307,"葡萄牙,松下,旅行,摄影,大西洋,火山,寻找100个宝藏vlogger",2186377,5931,2753,53954,63429,16767,0,31,130080
BV1m5tJzQEr8,114974160588846,1,250,4218,出行,钓鱼,http://i2.hdslb.com/bfs/archive/ee4ee1aa214ad015ba86083dfd92d91c331796c6.jpg,黄河泥巴水里真能钓到鱼！还有更绝的黄河泥巴鸡，香！巨香！,1754366778,737,3546389998995863,探钓者序,https://i2.hdslb.com/bfs/face/7500ac8783da7ca545e0afd9fd1ce84d0a5d84d5.jpg,78735,"钓鱼,户外,户外钓鱼图鉴",141466,518,364,1440,3973,76,0,0,5757
BV1tCtLzjE6M,114972382202929,1,138,2155,搞笑,语言类小剧场,http://i1.hdslb.com/bfs/archive/807b983e070be382f516f9a16e6e56cc45a42c92.jpg,《真正の魔丸》,1754366400,106,3493260618106936,伤心欲茄222,https://i1.hdslb.com/bfs/face/1f0cb64d9b62da7db7e6e020b78b6872dbffe55c.jpg,3275114,"搞笑,八嘎,配音小剧场",1258157,1609,1981,7715,3134,4852,0,0,136764
BV1p3h3zYEbM,114964027148883,1,138,2171,搞笑,动物综合·二创,http://i2.hdslb.com/bfs/archive/3bd922caa5a941dcc10d07ba6ac135a0523000c1.jpg,白薯秘制鸡腿,1754211955,58,488048942,白薯的猫meme,https://i2.hdslb.com/bfs/face/0d811781e005f581138841643ba3ae081ea5b675.jpg,163851,"意想不到的结局,搞笑,猫meme,猫meme故事会,抽象,鸡腿,meme",418243,135,333,6796,556,2878,0,0,44656
BV1GMhhzTEWU,114958239009590,1,138,2154,搞笑,剧情演绎,http://i2.hdslb.com/bfs/archive/167e3f0448ce6b8ff7878eeac49e645fd2b31a42.jpg,我奶上个月交了1000元电费,1754123820,377,1659651634,七颗猩猩QKXX,https://i1.hdslb.com/bfs/face/e48329f6999d331dcb3cb5ca7ecf2b4b1100d83d.jpg,3186420,"原创,搞笑,搞笑小剧场",3146956,1556,2430,42641,10126,2293,0,35,116652
BV1Sr8UzCEHf,114950487937968,1,85,2137,小剧场,武术,http://i2.hdslb.com/bfs/archive/b07a8a1c53d271ead37fb9dc8130c91f719dc900.jpg,万里山河，有你皆安,1754005534,10,668942262,命硬的小裴本人,https://i0.hdslb.com/bfs/face/e9e8550968a5d4965f248095866a9c2bbbaed1c9.jpg,611356,"B站小剧场,旅游,风景,生活记录,正能量",824705,164,461,2618,7895,205,0,0,100055
BV1aHhNzaE9W,114959530919384,1,138,2008,搞笑,影视综合,http://i2.hdslb.com/bfs/archive/01ffed3c211f0de7adb1e2727c59653e814e472d.jpg,⚡️广 东 神 经 骑 士 RX！！⚡️【粤韵风华】,1754143482,209,3517233,牛头人太空陆战队队长,https://i0.hdslb.com/bfs/face/8331adfe3b14bf9a5004a37932dd0ce33336915e.gif,103245,"广东,搞笑,粤语配音,蒙面超人,广东人,假面骑士一号,幪面超人,假面骑士black rx,粤韵风华,搞笑研究所",169222,476,517,4464,2570,7019,0,0,15573
BV1TatjzCEwV,114973992817510,1,137,2018,明星综合,音乐现场,http://i0.hdslb.com/bfs/archive/b4415a4e8bbf276b8358cd867166ca7c136041b4.jpg,250802 Kcon la ‖ 没有明天 章昊4k个人直拍,1754364838,246,37640684,Forever021Hann,https://i2.hdslb.com/bfs/face/6e2488e1893fce52fee91fa254504dcc3fe2c85a.jpg,3405,"4K,章昊,章昊没有明天个人直拍,舞台,直拍,K-Pop",96920,2965,1603,5074,7607,3153,0,0,10198
BV1WfhPz7Ec8,114959446968848,1,65,2071,网络游戏,射击游戏,http://i2.hdslb.com/bfs/archive/db01303e867e90b427c62c71bf1c15e43beb61cc.jpg,三角洲自动假账计算V3来了！全自动计算假账头！假账配件！三角洲经济学！10分钟更新一次！三角洲行动攻略，三角洲鼠鼠偷吃模拟器更新！,1754142143,131,4201439,Orzice,https://i2.hdslb.com/bfs/face/e1c03b788b0440e84c82c118a84e9ce2e0e8c572.jpg,115938,"三角洲行动,三角洲经济学,鼠鼠偷吃模拟器,三角洲小涛查,三角洲,教程攻略,图鉴,配件,假账",396296,111,820,17741,10969,4841,0,0,23263
BV1dj8yz5EiV,114946880833592,1,252,2113,仿妆cos,仿妆cos,http://i1.hdslb.com/bfs/archive/28604945c7449f067cd5bdae5dd0d693529c7510.jpg,【第五人格】红夫人蓝皮-红心皇后仿妆来咯,1754046000,254,415897343,初九Haimon,https://i2.hdslb.com/bfs/face/5755ceca1459f9028973297abda9e60f02a30c13.jpg,1335514,"仿妆,美妆,COS妆,第五人格,红夫人,神还原仿妆大会",1636007,586,994,48544,16052,388,0,70,132501
BV1Znh3z4E9U,114964127944540,1,17,2078,单机游戏,沙盒类,http://i1.hdslb.com/bfs/archive/1b40c0a87993f399996ec7f0a27a776e23922fbb.jpg,“挑战跑酷不踩到绿色”,1754213608,160,599112147,清烛MII,https://i0.hdslb.com/bfs/face/9b3c938d35fa410a383f236af6603d1347277cd6.jpg,53440,"我的世界,混剪,沙盒游戏,无缝剪辑,Minecraft,卡点,像素风,挑战",228102,895,685,8060,7522,483,0,0,38347
BV1MEhhz8Eet,114958188682054,1,172,2076,手机游戏,女性向游戏,http://i2.hdslb.com/bfs/archive/148a459cad7ddf8fc98eb3d265ff4161176601e9.jpg,【微恐慎入】立志当闪暖掉san界的扛把子！,1754122886,60,383005967,可以阜吾民之财兮,https://i2.hdslb.com/bfs/face/5cf6fb05e814b04dd98470d2db03553163614e57.jpg,7769,"恐怖,闪耀暖暖,闪耀暖暖二创,闪耀暖暖六周年,闪耀暖暖玩家共创,闪耀暖暖神仙打架,胆小慎入,微恐慎入",634845,125,222,7506,1145,551,0,0,81153
BV1KKhpziEEn,114952836743619,1,182,2126,影视杂谈,户外探险,http://i0.hdslb.com/bfs/archive/8299ab4225ea044315a1bc44215f4b9254f3415b.jpg,湖南男子被困水下洞穴5天后获救，详解湖南湘西溶洞救援事件,1754049600,717,87670515,神秘园SMY,https://i0.hdslb.com/bfs/face/97df512c31b322245934bfbd23613510d2203d11.jpg,1001817,"湖南,二手推荐,湖南溶洞救援,湘西溶洞救援,转转,二手手机,溶洞,洞穴,湘西,湖南湘西",1557063,8141,3598,13134,15165,3491,0,0,89323
BV1Y3tGzrENZ,114970201232849,1,21,2039,日常,cosplay,http://i2.hdslb.com/bfs/archive/00973807382525acd0df5d47a1cbe95d73e62f41.jpg,天选比格？社牛少东家又到漫展搞事了！,1754306975,267,36416972,张恩恩NNN,https://i2.hdslb.com/bfs/face/d716ac55bed4f38f231a4a5b90a4c3d963ea3c87.jpg,919214,"CJ,cosplay,ChinaJoy,漫展整活,社牛,燕云十六声,燕云2025CJ,少东家,二次元副本挑战者",528311,5403,168,2860,1090,751,0,0,23968
BV1WotLzqEe5,114972029883183,1,162,2055,绘画,二次元绘画,http://i2.hdslb.com/bfs/archive/dcbf717c985d4abae16666a832fd24a6ea060e41.jpg,手绘JOJO痛本合集  一次性看个爽,1754334031,30,3546640579300260,常小小歪,https://i0.hdslb.com/bfs/face/ad6c1511032b1c2cb0a3e66ec7b32c79308fd2f4.jpg,1173,"JOJO的奇妙冒险,绘画,手绘,DIO,空条承太郎,痛本,临摹",242304,147,469,7680,1144,671,0,0,42191
BV19ytgzgET6,114969278417558,1,251,2166,三农,农村生活,http://i1.hdslb.com/bfs/archive/0631a76f371aacce5f10d03e2693d4e3e218e872.jpg,母牛花样搞我爹，牛角、乳房、子宫轮番上阵，我爹奋力一搏,1754299800,515,414700515,龙腾虎跃龙兽医,https://i0.hdslb.com/bfs/face/697d80194c5a980fa55b9a200ce8b8ecc41ab39a.jpg,2688922,"得物,记录美好农村生活",704628,2279,730,5107,4565,443,0,0,51017
BV1BZhEz5Esd,114952484428689,1,21,2084,日常,应试教育,http://i2.hdslb.com/bfs/archive/c03d78459f7c66d90659fa4173a2fe8803c6ecd5.jpg,“离心率”一问范围就发懵？技巧在此！,1754036118,1876,14229967,一数,https://i1.hdslb.com/bfs/face/812281bada7d323c23c6e1e2e92749bd29b7d7c6.jpg,20495282,"学习,高考,数学,椭圆,圆锥曲线,高中,中考,考前复习,离心率",948182,11766,1912,24205,6494,2324,0,76,110317
BV1DYhEzhETv,114950605379287,1,65,2071,网络游戏,射击游戏,http://i0.hdslb.com/bfs/archive/634ae36945914734d439b4652c0c6969a9d28b27.jpg,坏了！玩了乌鲁鲁一去不复返了！,1754007288,244,65991460,绝地飞车-教主V,https://i1.hdslb.com/bfs/face/48e9e3f6dd5ac8c8996e2d005ac2f96a4d21b7ad.jpg,216266,"三角洲行动,三角洲鼠鼠拯救世界,三角洲一搏成名",1047149,397,1148,3624,612,1752,0,0,51865
BV1hdhHzVEwH,114952685817362,1,65,2071,网络游戏,射击游戏,http://i2.hdslb.com/bfs/archive/8ec3355cef7e3f81b8d5828d35e84d1ce6ea0b48.jpg,在撤离点摆出大家的头像会发生什么 3.0,1754038879,154,384352445,巴巴巴龟,https://i2.hdslb.com/bfs/face/b62b93d335ffc27b26dd9b9d909f064720072c68.jpg,45620,"皮卡丘,FPS,蹲撤离点,三角洲行动,摆图,三角洲破壁新赛季上线",637171,299,1594,2151,2001,192,0,0,49093
BV1iVhxztEh8,114955017788198,1,65,2071,网络游戏,射击游戏,http://i0.hdslb.com/bfs/archive/085d4f6688c2648a12fee0d299e605acb0474d37.jpg,【老鼠人行动】航天基地（绝密）45w→750w,1754100000,292,403637371,老飞宇66,https://i1.hdslb.com/bfs/face/25d6b747d51cd07f6ae01a1145225f9be7fbdc5d.jpg,2551626,"三角洲行动,三角洲破壁新赛季上线",1031385,11966,1364,5760,3299,973,0,0,73104
BV1DZhgzGEEQ,114964446650001,1,252,2039,仿妆cos,cosplay,http://i0.hdslb.com/bfs/archive/68db4ad5b76e87096273e1b59539c2efdf2208ae.jpg,“你可以模仿一下花火受击音效吗”,1754218509,167,1337856191,困困不知道哦,https://i2.hdslb.com/bfs/face/b1cc84d6b200ec5d7ab822337ee1a1e24d7f5cdb.jpg,482852,"花火,读评论,搞笑,cos,武当花火,火影忍者手游,日向花火,Cosplay",921259,387,1192,15133,3100,1009,0,0,45669
BV1sWhJz4EL6,114952132101654,1,17,2071,单机游戏,射击游戏,http://i1.hdslb.com/bfs/archive/676c5751ed1f77d03098c8227bbf71a9bf8fa3b5.jpg,因为我的下巴太帅了......,1754030391,98,3546912590399903,吃地球の胡喵,https://i2.hdslb.com/bfs/face/3639443625fafd80ce23c0546be74ac63e048976.jpg,20925,"搞笑,游戏杂谈,娱乐,暗区出金联盟,暗区突围高能团第一期,暗区突围2077联动,沙雕,暗区突围,暗区整活专题",293251,201,212,10984,1503,418,0,0,19445
BV1Sit3zvEqt,114970788435448,1,21,2152,日常,美食记录,http://i2.hdslb.com/bfs/archive/464e54c0872897328d4483f5ba9dae4f01c8c392.jpg,下了大半天雨天气有点冷到巴里坤县城逛逛美食街，今天奢侈一把花138块吃个当地特色美食羊肉焖饼暖暖胃舒服了,1754315711,1065,3546387130092158,阿程的小房车之旅,https://i2.hdslb.com/bfs/face/c21c59ebf87f3495233b218b68fbcf505c57ebbf.jpg,379782,"治愈,地方特色美食,户外露营,一人一车一世界,风景在路上",237314,2720,637,871,4763,124,0,0,13323
BV1xzhTzZEUW,114962248834202,1,183,2041,影视剪辑,动漫剪辑,http://i2.hdslb.com/bfs/archive/cfbd1944b1f5a507e81d1e3280468504b031c211.jpg,⚡️ 哪 有 什 么 妖 精 ？⚡️,1754192100,86,432714872,Andalou-孟德,https://i2.hdslb.com/bfs/face/823da1bb1ffaaf24da53795f24ffb43ad107170a.webp,6815,"童年,孙悟空,西游记,混剪,天书奇谭,葫芦娃,上美影经典作品,哪吒,中国奇谭,浪浪山小妖怪取经副本启动",1313630,565,1226,26527,20639,2299,0,63,160824
BV1GMtGzCEGw,114970167610465,1,65,2071,网络游戏,射击游戏,http://i2.hdslb.com/bfs/archive/d803eb6880f6ae50df1056f9db77cfc4b20d67bc.jpg,运气好罢了,1754305839,66,3546872648042732,王一七天下无敌,https://i2.hdslb.com/bfs/face/a8d7a265ac84ac66a3b0558bb53e2a78261cd2db.jpg,95494,"和平精英地铁逃生,鼠鼠大战机甲,和平精英",666175,117,95,18041,1363,21,0,0,22735
BV1Wzhxz6E5n,114956880059343,1,138,2171,搞笑,动物综合·二创,http://i1.hdslb.com/bfs/archive/3ea5ac6b1b1ed3603b18a0c711c9efe6de3d7433.jpg,巴基斯坦部长：中国奶茶真提神啊（黑眼圈）,1754103099,272,5816360,QuasimodoW9,https://i2.hdslb.com/bfs/face/ca524ebc8e5213ae3ca8f59795c1e94d2c90dc15.jpg,40585,"翻译,搞笑,梗,猫猫,搞笑小剧场,猫meme,MEME,沙雕,巴铁,口译",446460,841,852,3086,2352,519,0,0,21579
BV1rihgz4EVq,114962466871917,1,172,2063,手机游戏,鬼畜综合,http://i0.hdslb.com/bfs/archive/0c7d4ab9b62c6338161b60cb53b79e3d84f1dd91.jpg,救世PV没语音不得劲，于是我加些进去,1754188629,104,24961799,金咸鱼,https://i2.hdslb.com/bfs/face/0356ee34b4e6771f03fb02a9a3523b558c15010f.jpg,449890,"搞笑,鬼畜,崩坏：星穹铁道,崩坏：星穹铁道创作者激励计划,昔涟,抽象",939099,1355,3112,22974,15936,17022,0,0,91619
BV12i4dzJEVc,114978220675956,1,47,2037,同人·手书,同人动画,http://i0.hdslb.com/bfs/archive/30599e52c8d933fa2179b328a51268f83b431d95.jpg,【灵血修仙】第384集  破阵子就是墨仙子！,1754449200,885,1966711850,十缺废人,https://i2.hdslb.com/bfs/face/fe4583c3a241c32a80d890668e074ceaedb7f444.jpg,194671,"原创动画,搞笑,剧情,原创,搞笑动画,小说,沙雕修仙动画,沙雕修仙,最强动画小说家",47700,1204,849,831,4772,74,0,0,7288
BV1SUt7zDEYP,114973221130791,1,171,2071,电子竞技,射击游戏,http://i1.hdslb.com/bfs/archive/57e3dacee2c9377e89c577dee10f46aa48f2f1a2.jpg,这就是鼠鼠们出大货时梦寐以求的大哥嘛ᯠ  _   ̫  _ ̥ ᯄ ੭,1754352200,214,237182065,离nm大谱啊,https://i1.hdslb.com/bfs/face/86ba364771f60a077c9ee8b1cbeaf69636cf079c.webp,185,"三角洲跑刀,好人,三角洲",320315,380,1025,894,813,102,0,0,21502
BV1F8tgzDEGN,114969093869038,1,47,2037,同人·手书,同人动画,http://i1.hdslb.com/bfs/archive/3b90027d1ef695b31acae7aef9e20c8788ca1085.jpg,《如此光鲜亮丽，如此形状姣好》【第七届寻光小宇宙奖】“当我爱上你时，世界花团锦簇。”,1754296800,461,287030032,艾艾艾维斯Elvis,https://i1.hdslb.com/bfs/face/721b40b6e4d4147a124c280fd7fdfab4db730f6c.jpg,30916,"水仙,人鱼,原创动画,动画短片,剧情向,原创,二维动画,逐帧动画,寻光小宇宙奖",99210,143,211,8717,4646,844,0,0,14900
BV1SGtgzAEh8,114969295324730,1,171,2070,电子竞技,MOBA游戏,http://i1.hdslb.com/bfs/archive/10e170777b577b3379926d611ed071e7a128534e.jpg,学会四天上荣耀！顶级猴子打刘备思路教学！,1754292389,455,18909338,奥特曼zz国一刘备凯,https://i2.hdslb.com/bfs/face/c5e62cfe9d8b0ec7fcba4574fcf4e352d14f4b39.jpg,373005,"孙悟空,王者荣耀,王者荣耀夏日盛典,奥特曼zz,刘备猴子,猴子刘备,猴子打刘备,MOBA,王者荣耀猴子,猴子教学",974673,473,246,7322,2943,66,0,0,28415
BV1a5hHz3EAD,114953340067240,1,21,2122,日常,家居展示,http://i1.hdslb.com/bfs/archive/7ab945028658fef322bcb52ca668301f7cd4bee6.jpg,漂泊半生！既然成不了家，总得有个窝吧！,1754049706,127,1142330881,世栗,https://i1.hdslb.com/bfs/face/10cfad5cf68ca4bebc166cd71b9712d76317ca47.jpg,665,"生活记录,几万买房,终于有属于自己的家了,躺平,大龄单身",583873,391,2139,1752,1102,605,0,0,28140
BV1u5tGzzEHH,114970100502000,1,65,2071,网络游戏,射击游戏,http://i1.hdslb.com/bfs/archive/9b91f707d6f3998105eabd88eeb198934a47e66c.jpg,【老柠萌】当鼠鼠吃剩饭路上撞到单三清图姐,1754305170,595,1750151716,野生老柠萌,https://i1.hdslb.com/bfs/face/e540d8e020a20175dca0de5915e276b6cd458f90.jpg,324748,"搞笑,FPS,101俱乐部,三角洲行动,爱鼠TV,野生老柠萌,新年快乐排点,跑刀,鼠鼠,三角洲破壁新赛季上线",1015050,4654,3079,10420,6466,539,0,0,49511
BV1uhhtzREzg,114957601610153,1,250,2160,出行,城市出行,http://i2.hdslb.com/bfs/archive/e8d80ad83272398d4c4c78b3146ad6495815b317.jpg,你的城市是什么颜色的-济南,1754114031,66,629683574,丸子每天吃土,https://i2.hdslb.com/bfs/face/1a7d2674f28b9f59df30f6796251a31579ac23aa.jpg,1907,"生活记录,剪辑,颜色,济南,卡点,记录,城市",306356,258,1576,14835,15699,2689,0,0,62630
BV1m3tJz9Ezf,114974127031654,1,65,2065,网络游戏,MMORPG游戏,http://i0.hdslb.com/bfs/archive/db8098e3c1b19cd8b058e34444ddf43c0b147f86.jpg,梦幻西游小氪一万炼妖合成吸血鬼，小时候不敢玩的终于圆梦了【梦幻西游畅玩服】,1754366390,1094,3546558119283625,老芒果OL,https://i1.hdslb.com/bfs/face/00c59a8ecef3e063cad3a9b05261a516ed596acd.jpg,672756,"网易,梦幻西游",206104,1655,832,964,7647,607,0,0,14678
BV14Shwz1EzY,114941797340383,1,138,2128,搞笑,健身科普,http://i1.hdslb.com/bfs/archive/55ef0d43cc57c00ab1c83484e373987c14c4a383.jpg,普通人穿越到良子身上如何自救？,1753873249,599,32026774,侦探许烦烦,https://i1.hdslb.com/bfs/face/12cddd8ada95dfd639100cd9ec276ce7a57643fb.jpg,184938,"科普,娱乐,新人,搞笑,减肥,脑洞,普通人,良子,夏日燃脂进行时",1386429,2612,4708,11595,3139,4119,0,0,95831
BV1vttVzUEmY,114971442681575,1,162,2055,绘画,二次元绘画,http://i2.hdslb.com/bfs/archive/66218429cbb86b59a7f1dc3cb781f515f7581ba5.jpg,【Procreate】你有这么权威的企鹅进入马达加斯加,1754325255,62,15635155,禾几丁页,https://i1.hdslb.com/bfs/face/a9459de2e8032dfa36027a313808bf5809904cb4.jpg,6770,"绘画过程,拟人,绘画,马达加斯加,马达加斯加的企鹅,PROCREATE",340525,96,749,16787,3504,1485,0,0,63857
BV17rhHzXESA,114953105179012,1,215,2149,美食记录,美食制作,http://i1.hdslb.com/bfs/archive/085f08cae2901080a759b3812cd8a158e8613d16.jpg,炒牛油火锅底料,1754045413,165,3546720050874607,周大签,https://i1.hdslb.com/bfs/face/b751598f79820c96e946f0fac2e4cd91441093cb.jpg,212387,爱豆安利挑战,2375950,1692,1567,3175,1194,618,0,0,60708
BV1RptnzKEUT,114975570007402,1,17,2066,单机游戏,单机主机类游戏,http://i0.hdslb.com/bfs/archive/e0498c5a93e3196ac7b83484e011b489cc397079.jpg,饥荒单机欧皇模拟器：制作眼球塔小阵只为用来防猪,1754388497,1458,508274771,小渔解说,https://i2.hdslb.com/bfs/face/264edf44f8b93f7c4cc2f85d9da1c9843fe4afc7.jpg,483173,"饥荒联机,饥荒,生存游戏,饥荒单机",94556,439,205,708,2955,41,0,0,8697
BV1MshAzQEY2,114941210136550,1,17,2078,单机游戏,沙盒类,http://i0.hdslb.com/bfs/archive/7a7414430dcaa2877f738de4af67c6cb0a0d15a4.jpg,永久增益物品【泰拉百科】,1754038800,211,3461580637341944,Mz哈逗斯,https://i2.hdslb.com/bfs/face/62ebd88866e71d01f0496e9320e1c50a1433ff07.jpg,26361,"娱乐,单机游戏,泰拉瑞亚,游戏,手游,沙盒游戏,像素风,教程攻略,steam游戏,推荐宝藏游戏",137669,233,261,7894,778,899,0,0,14951
BV1UfhgzrE4U,114964429869028,1,21,2154,日常,剧情演绎,http://i2.hdslb.com/bfs/archive/1963100196eea5c44d8112e60425142e2c1b7138.jpg,属 于 猩 的,1754218326,51,9130832,张八筒筒,https://i2.hdslb.com/bfs/face/683b3b97648bf13641c508b9b50a2d25b87bec69.jpg,721488,"搞笑,原创,生活记录,张八筒,best人生,猩猩队长,情侣日常",650281,183,353,1101,1316,469,0,0,64978
BV1M44dz4ECi,114976509463916,1,124,2080,社科·法律·心理,时政资讯,http://i0.hdslb.com/bfs/archive/c38ec3290b29fd7a2a1a6eb475f34d94eb33bef7.jpg,【剥壳】联合国送命题战绩全网可查丨实战经验绝赞大分享,1754402748,2930,346563107,波士顿圆脸,https://i2.hdslb.com/bfs/face/f8f0fc4114bb06a87481abe12faa006a383cbe6d.jpg,5178735,"外交,社会,联合国,巴以冲突,新闻,媒体,徐德智,环球资讯站",345734,3057,913,3136,3925,453,0,0,28129
BV1cxtMz1EQW,114968305342564,1,250,2125,出行,徒步,http://i0.hdslb.com/bfs/archive/0c05888226a63436c04cc2b50eb55c9f864bc6cc.jpg,7小时徒步,1754293391,184,409721576,茶米茶米Charmmy,https://i2.hdslb.com/bfs/face/17d06b2a7ac66c94d189f66bbccdedf9fbd459c5.jpg,1325366,"旅游,生活记录,神奇的闲鱼,户外",226651,227,685,1709,1505,238,0,0,12079
BV15DhHz2Euo,114952668977450,1,17,2077,单机游戏,休闲/小游戏,http://i1.hdslb.com/bfs/archive/e70695de7420909cc22699746e93a65a3f0b33ee.jpg,最逆天的一集,1754038862,84,89014291,二战艺术家y,https://i1.hdslb.com/bfs/face/2b6c46aa25565b855a9d529fdbfa0fa8fefb1dea.jpg,402583,"单机游戏,植物大战僵尸,游戏,植物大战僵尸逆天版,推荐宝藏游戏",1833870,337,324,34174,1181,2723,0,0,62764
BV1LEtEzcE3Z,114974781345985,1,27,2207,综合,随拍·综合,http://i0.hdslb.com/bfs/archive/336e050d4e3cea9e3f4a12920061ed16713e8b99.jpg,鼠魂觉醒全集（20分钟）,1754383500,1195,3546625452542554,自然锦鲤-冲刺电竞,https://i1.hdslb.com/bfs/face/5cc7f4b449595363f6e03abbd1dc153508fcc69a.jpg,344744,"FPS,搞笑,鬼畜,射击游戏,猫meme,三角洲行动,鼠魂觉醒,三角洲破壁新赛季上线",1271698,281,148,48122,2735,224,0,81,39913
BV1PUt3ztE48,114970385847938,1,17,2079,单机游戏,其他游戏,http://i1.hdslb.com/bfs/archive/79a53b0c9476e8ee8939fc0e0bae5d995cbdaaad.jpg,“嘘！”偷偷玩小游戏，不要被伪人妈妈发现了！,1754309142,1218,218813697,游泳的艾米,https://i0.hdslb.com/bfs/face/30d2889a3fb2e8b64cd368489322dc9223225fe3.jpg,1059758,"恐怖游戏,妈妈,一命速通,steam游戏,伪人,整点电子榨菜",160487,846,234,2415,1211,178,0,0,17784
BV1sJgHzLEis,114896532407637,2,172,2064,手机游戏,单人RPG游戏,http://i2.hdslb.com/bfs/archive/e4bf284fa9759d9eac21a95bd0138f139cef7bb8.jpg,《重返未来：1999》×《刺客信条》联动版本特别预告片,1754452800,66,1197454103,重返未来1999,https://i2.hdslb.com/bfs/face/6a1936d5cb5b315311fedbf2d4793c4d404cac83.jpg,2785494,"手机游戏,刺客信条,主机游戏,刺客信条奥德赛,重返未来：1999,重返未来联动,重返未来刺客信条联动,刺客信条2,刺客信条联动,重返未来1999",160966,194,987,1820,1604,1347,0,0,13393
BV1WMh3zvEyg,114963993594095,1,17,2066,单机游戏,单机主机类游戏,http://i1.hdslb.com/bfs/archive/a1b31071943330acf0e48c330c80e0d806b7ab74.jpg,我在黑神话里举办了一场拍卖会！#2,1754280000,2264,99827844,肥格Fager,https://i0.hdslb.com/bfs/face/ba0d8b0f571e145ac26f18bde71010581d0c47a1.jpg,862286,"娱乐,单机游戏,游戏,搞笑,黑神话,电子斗蛐蛐BVB,拍卖会,动作游戏,索泰,推荐宝藏游戏",658856,6089,1555,9594,5503,277,0,0,23922
BV1H3gVzUE8A,114891063041258,1,27,2041,综合,动漫剪辑,http://i0.hdslb.com/bfs/archive/57e0dbebb1e9d400b64255a22b2563d88447cc2e.jpg,《天津小猪妖 逃离浪浪山》,1754107200,165,13199099,植物椿,https://i2.hdslb.com/bfs/face/1cf19c181f366cb741b21152f5a1b1b17ea572da.jpg,1942048,"天津话,搞笑,动漫,短片,影视剪辑",1613388,499,858,4990,5564,4301,0,0,42839
BV1W1tnznEP5,114975318286217,1,218,2167,喵星人,猫,http://i2.hdslb.com/bfs/archive/ae3d139daf66ff621bfee7207e6a00517d7eb3d0.jpg,到底有多绝望？小猫被困天花板铁钉棺材！,1754384318,155,26321770,和猫住,https://i1.hdslb.com/bfs/face/c4199f9190d452850ce3bb10c9befebf2c987e4f.jpg,2544547,"喵星人,猫咪消防员,田园猫,小猫,流浪猫,天花板,救助,和猫住,毛茸茸训练营",162124,587,106,3097,2205,57,0,0,8888
BV1ZshpzpE4S,114954782907391,1,17,2071,单机游戏,射击游戏,http://i0.hdslb.com/bfs/archive/8f78445373d9296e0eff4b49bbb0e20557859e1e.jpg,⚡固排这一块⚡️,1754092800,487,253100586,星空钏,https://i0.hdslb.com/bfs/face/9cd9ae3564ebeca10b078772d07d5cc73ab5179e.jpg,1460,"FPS,电子竞技,娱乐,游戏集锦,三角洲行动,高燃,踩点,固排,三角洲破壁新赛季上线",113708,273,430,1054,1867,178,0,0,7626
BV1Z9tEzKEoq,114974596797297,1,176,2109,汽车生活,汽车技术,http://i1.hdslb.com/bfs/archive/87d5992fa4a4412b1dab489c0195c5987f390777.jpg,亲手造一辆小米，探秘科技公司造车真实水平,1754380800,517,394609671,终极小腾,https://i0.hdslb.com/bfs/face/9fb58015e9584916246cb33af4773ad1edabeead.jpg,2425350,"汽车,跑车,小米,非正常试驾,性能真相局,电动车,性能,工厂,提车,为什么真性能车更安全",1115542,1446,2175,8120,9740,2891,0,0,37065
BV1fu8kz3EQF,114946192971355,1,161,2148,手工,其他手工,http://i2.hdslb.com/bfs/archive/d22e4e2b2b76319f8a6b97bf15a5eb04b44494ce.jpg,看出来啥没有？宝,1753939947,101,3546892833130862,仔仔捏捏乐,https://i2.hdslb.com/bfs/face/4e50f1756f6e0daaa5865bf930e28b88b63aa01d.jpg,27185,"创作灵感,我的手工真的很解压",587899,794,1749,4597,1572,13564,0,0,41636
BV196tMzNEAF,114968422780461,1,253,2042,动漫杂谈,动漫评论,http://i2.hdslb.com/bfs/archive/82fba583dadd19612f41d344be839850ec9936c7.jpg,【剑风传奇】全部20+使徒盘点！谁才是最强使徒？,1754301600,1253,613639701,DIO君的假电台,https://i0.hdslb.com/bfs/face/acaab3ecd5b3d390f167931c84265a5128c62d5c.jpg,315214,"动漫杂谈,二手推荐,漫画解说,二手手机,烙印勇士,转转,漫画推荐,烙印战士,berserk,bilibili次元论战",295911,1370,812,4171,1552,318,0,0,14872
BV1NFh8z9EV1,114958977271881,1,138,2207,搞笑,随拍·综合,http://i2.hdslb.com/bfs/archive/0f870d4b9dfeb5393ef621b85e63a3a52b1aa7dc.jpg,你给我刷过几个子是什么梗【梗指南】,1754134956,170,94510621,梗指南,https://i1.hdslb.com/bfs/face/f7506af1aa96fc4350d457db015518532a09dd45.jpg,4716004,"魔性,科普,搞笑,幽默,梗指南,旺仔小巧,你给我刷过几个子,沙雕,搞笑研究所",938503,1209,1973,4591,1103,1140,0,0,40350
BV1wMh8zEEZF,114958624954675,1,161,2183,手工,助眠视频·ASMR,http://i0.hdslb.com/bfs/archive/f46c4b651cd900bacd395b5b83908e2c264e2883.jpg,饭后你想来点什么呢？ ASMR,1754129491,71,8399798,Aismr_,https://i2.hdslb.com/bfs/face/24b362b243c9b0206be406fcc6636c34e6627a18.jpg,82817,"耳机,助眠,安眠向,催眠,创意,asmr,放松,解压,触发音,极度舒适",549573,316,329,12686,638,862,0,0,51029
BV1ditJzqEMm,114976006148061,2,172,2064,手机游戏,单人RPG游戏,http://i2.hdslb.com/bfs/archive/42826d991e4a1842d5698397df3eca74fdccc765.jpg,【星穹铁道】海瑟音 0~6命实战详细评测：诡异的Dot女子是不会输的！光锥/遗器/配队 建议。,1754452800,2162,50111839,小琨爱小蛊,https://i1.hdslb.com/bfs/face/080862af2ad53cae818db05191968fc4d306899a.jpg,1231896,"黑天鹅,崩坏：星穹铁道,崩坏星穹铁道,卡芙卡,崩坏：星穹铁道创作者激励计划,海瑟音,英雄未死之前,米哈游,miHoYo,dot",76770,1221,1123,805,1807,508,0,0,6599
BV1v1hgznEy8,114964312361880,1,171,2071,电子竞技,射击游戏,http://i1.hdslb.com/bfs/archive/2d1c726274ff80819792d3984b0f975c52ddd78b.jpg,仅需九万的无后座平民神枪#三角洲行动 #三角洲鼠鼠拯救世界 #三角洲破壁新赛季上线 #三角洲行动攻略 #老WE重聚三角洲,1754216376,71,3546761165540208,三角洲吴彦祖y,https://i0.hdslb.com/bfs/face/e91c8713ce431a96a4661e73961b743155882757.jpg,152149,"射击游戏,战争,FPS,三角洲,平民,教程攻略,三角洲破壁新赛季上线",692305,172,803,58811,2835,2186,0,0,46667
BV1BY8CzyEof,114947082227904,1,171,2071,电子竞技,射击游戏,http://i1.hdslb.com/bfs/archive/6706ee2a0c356b07c1e3b5afb48e5e304103f109.jpg,他转身就走了，像下定了某种决心,1753953614,564,1050482689,康有成,https://i1.hdslb.com/bfs/face/2856b2c0f3f7bca04bc4b84883533eb3db3cfef9.jpg,155377,"电子竞技,穿越火线,FPS,推荐宝藏游戏",997253,1251,425,17690,2148,1475,0,0,71983
BV1tshHzvEwL,114953021494372,1,239,2122,家居房产,家居展示,http://i2.hdslb.com/bfs/archive/09df386de8b04b73969ed8e754ed855c5ec4d25b.jpg,8月份的减肥，从刷到本视频开始,1754046574,1000,1590082082,马俐管家,https://i2.hdslb.com/bfs/face/362a2668db345d6c3986d043e1dbbab29c94d198.jpg,1769627,"生活记录,高能,uwant,友望吸尘器v400,友望自集尘吸尘器专家,记录,解压,深度清洁",8498996,28405,8796,158022,52668,26004,0,12,282311
BV1yEt7z3ENW,114973556610726,1,47,2037,同人·手书,同人动画,http://i0.hdslb.com/bfs/archive/719e1a7672f378eb72ac839e4f7512e9a0b79280.jpg,抡语第16集，制作时我都忍不住笑了！,1754388000,258,4323652,画师禾月,https://i1.hdslb.com/bfs/face/b737827217ef6eb6c50093d38e23a4c04f38b5a9.jpg,135780,"搞笑,原创,原创动画,有声漫画,秦始皇,抡语,画师禾月,沙雕,大秦,画师百日创作挑战",134568,170,252,2721,1638,67,0,0,12194
BV1sytuzHEPN,114969664295806,1,218,2167,喵星人,猫,http://i2.hdslb.com/bfs/archive/e6eb94f5d2f9565c2b0522653bb066bdcc11f3e2.jpg,给大壮听它自己的叫声,1754298121,51,695650376,Q大壮呀,https://i2.hdslb.com/bfs/face/c75d179112e1b16b3a97b6d02b81e17cee9bac42.jpg,353796,谁家小猫这么可爱,459948,218,446,2115,804,635,0,0,35278
BV1NX4RzSE8H,114976542952304,1,17,2066,单机游戏,单机主机类游戏,http://i2.hdslb.com/bfs/archive/57ae98caf1f73a0cd204dec98206b9d33cc00cf2.jpg,当我们变得比「毛毛虫」 还小？！！！,1754442000,1375,108078209,沝沝DjKO,https://i2.hdslb.com/bfs/face/22841a628aaa7f60f767ca66b5bc83b682bfc9d6.jpg,1142140,"实况解说,沙盒游戏,多人,昆虫,游戏,搞笑,steam,禁闭求生2,Ground2,推荐宝藏游戏",89016,106,129,1373,618,30,0,0,5471
BV1MR8Cz8E3J,114947182826962,1,138,2156,搞笑,UP主小综艺,http://i1.hdslb.com/bfs/archive/b204586a036cda3b840bc6ccc59faa9a09f80bdc.jpg,理疗仪唱歌挑战,1753955136,227,437414077,哭天喊地六仙女,https://i1.hdslb.com/bfs/face/950040be2b82e59cc7c935621c3c264e46fd4a8d.jpg,446174,"理疗仪挑战,憋笑挑战,若梦,翻唱的N种打开方式",4120402,5757,7159,84839,46462,85502,0,6,387719
BV1LThczxEkN,114940773926200,1,138,2037,搞笑,同人动画,http://i2.hdslb.com/bfs/archive/e729a9ba904d7482bcbdc3853f611dc54677134e.jpg,糟了..洗澡偷偷尿...呲到闺蜜脚上！,1753866000,159,352038217,圆方你说,https://i1.hdslb.com/bfs/face/2a3a88c873737952b9b29f6b78b73efb52d43a91.jpg,1464942,"搞笑,奇葩,拼好饭你变了,补贴是一时的拼好饭是一直的,点拼好饭只有0次和无数次,挑战吧！20元拼好饭吃一天,拼好饭6块9盲盒抽孙颖莎周边,朋友,沙雕,合租",1767088,1981,1376,17166,1033,1508,0,0,84594
BV1JDtuz7EWb,114969597183181,1,215,2153,美食记录,美食综合,http://i0.hdslb.com/bfs/archive/7e72ea3b4ef4ac80a1dece0525700c0369ca2e0f.jpg,探秘皇帝蟹神秘部位，解锁皇帝蟹神奇美味,1754298749,736,1206156500,老郭美食,https://i2.hdslb.com/bfs/face/db65684507387777e3c9cdb7e2f9e43e01c5e021.jpg,1046663,"生物,海鲜,试吃,科普,美食,吃货,巨假真蟹,美味,皇帝蟹,一饭封神申请出战",298082,2671,1102,2621,8615,1157,0,0,25519
BV1Nkt3zaEst,114970452954524,1,21,2168,日常,狗,http://i0.hdslb.com/bfs/archive/0ba717ae4dbb255fb8b89cf491ab175757f820e5.jpg,爱要互相陪伴，汉堡分你一半。,1754310631,411,3546946425850423,一口一个团up主,https://i1.hdslb.com/bfs/face/33fcb94a59b9c4e52c8e95ef97176c1cf408474f.jpg,359840,"布偶猫,萌宠,边牧,小猫,小狗,日常vlog,萌宠过暑假",214116,615,541,2331,3039,1253,0,0,32015
BV1JYtJz6Egq,114976106877463,1,215,2150,美食记录,美食探店,http://i0.hdslb.com/bfs/archive/3110a22d31df08966a117ac8a6e5067961d7acca.jpg,vlog青岛好多餐,1754396543,240,1626552192,小牙一杯,https://i0.hdslb.com/bfs/face/ec6dfe41ce05a26264bdfe920ab50fb423a3d200.jpg,761443,"吃货,生活记录,记录,青岛,分享,探店,Vlog",69580,137,1401,1103,700,580,0,0,9654
BV1k5tVztEY8,114971862110914,1,250,2158,出行,旅游记录,http://i1.hdslb.com/bfs/archive/9c72d1d7f4dd1884c6974ac811bdeaf99f0f754b.jpg,世界尽头的旷野仙境-“法罗群岛”,1754363100,779,10804055,蓝战非OvO,https://i2.hdslb.com/bfs/face/aa18f59c33db1256bf6e881d004232a62d767cc5.jpg,1618046,"生活记录,旅游,风景,旅拍,记录,蓝战非,法罗群岛,旅行攻略UP主激励计划",797112,3435,1601,7139,19738,4449,0,0,86342
BV14ttjzjEWJ,114974110321978,1,17,2078,单机游戏,沙盒类,http://i2.hdslb.com/bfs/archive/cd9d1d0eaf62f6c121ab9bedfa7da43e615b1714.jpg,一口气看完，鱼卡嘴老年团的恐怖解密《毒药》,1754388000,3715,389407124,我的世界木鱼,https://i2.hdslb.com/bfs/face/c99f2ea3f47cf9c2ac0ba73519c715a2764ee0ba.jpg,2001605,"恐怖,搞笑,游戏实况,我的世界,毒药,木鱼,一口气看完,木鱼乐风,污妖王集团,整点电子榨菜",236628,7849,1444,13231,18533,952,0,0,32597
BV1iVhAzFESp,114941612856009,1,254,2203,亲子,生活技能,http://i0.hdslb.com/bfs/archive/77d5623552def16848710b0d1a7237f03bf8be36.jpg,乘坐电梯发生故障，记得要这样做！,1753870059,102,1390813455,黄磊讲安全,https://i0.hdslb.com/bfs/face/6923bbfd4090d0fa009872000813a4d509ba6251.jpg,132905,"电梯人,电梯,安全,电梯安全,家庭安全,电梯冲顶",1417925,803,1460,4283,838,346,0,0,60463
BV1iChgzQEhg,114964262030121,1,30,2063,VOCALOID·UTAU,鬼畜综合,http://i0.hdslb.com/bfs/archive/cf9f7ed9b0216347dfedeb6c1ca17381249f5b30.jpg,【高精度中字嵌字】Cherry Pop feat. 初音Miku,1754215589,143,3493091220654843,瓜子920,https://i0.hdslb.com/bfs/face/95c9253595b9f68c0bd142852dad1f5f2e6185e4.jpg,1858,"音乐分享官,翻译,VOCALOID,DECO27,DECO*27,术曲,高精度中字嵌字,嵌字,中字,Cherry Pop",159270,73,446,11362,10642,857,0,0,34653
BV1cw4dzCE7b,114976777831889,1,21,2073,日常,动作竞技游戏,http://i0.hdslb.com/bfs/archive/a2767f2b7d5570d4cd5140b756642c4b59a68ff0.jpg,大床哥有那闲工夫怎么不出个规定统一一下给豆逻辑呢,1754406732,154,1851657327,星之雨下,https://i0.hdslb.com/bfs/face/db5965967b8780fb227909ecaf698612237e25ec.jpg,138209,"火影忍者手游,bug,必剪创作",116998,218,1088,825,912,1035,0,0,10102
BV1MzhnzKEC7,114953457566174,1,138,2154,搞笑,剧情演绎,http://i0.hdslb.com/bfs/archive/f825630190f01a35829b5262a0a0d1d79b4d9b76.jpg,你偷偷跑我闺蜜家干嘛去了？,1754050846,254,10820826,小余皮得一,https://i0.hdslb.com/bfs/face/76609afcba8e4108d2a6b943637d7a2e4f55cbdf.jpg,282919,"搞笑,情侣,原创,黑色幽默,搞笑小剧场,皮得一宇宙,凯见孙琳,抽象",649357,1109,514,3541,3556,896,0,0,30176
BV14V8CztEsV,114945152779638,1,59,2021,演奏,演奏,http://i0.hdslb.com/bfs/archive/0ab69bb2a8bd7611b4cbba0cc927a8e020466f69.jpg,梁祝是伟大的，使外国友人安静。想不到吧，小提琴可以当二胡使……也算是一种文化输出？,1753923990,32,1275343418,Yangruikee,https://i2.hdslb.com/bfs/face/0861ed56d6dd7d34911d0949a108892420f3103d.jpg,99428,"演奏挑战赛,古典音乐,演奏,二胡,梁祝,文化,留学,小提琴,独奏,文化输出",1574822,209,1355,10161,2385,1083,0,0,160825
BV1TntGzvEXG,114970301833149,1,254,2149,亲子,美食制作,http://i0.hdslb.com/bfs/archive/ae2e22e9ec2b132981a6164fb4e251879e29d4df.jpg,印度街头最干净的饮料，艾特你的朋友看看他想不想喝？#印度街头饮品   #模仿,1754307887,72,1179637796,慧慧饱饱呀,https://i2.hdslb.com/bfs/face/c1ca89fdc0ccf95f89a41321086b4dce1bcb27a3.jpg,283444,"街头美食,印度,饮品",460134,580,650,3081,744,526,0,0,30470
BV1oEhnzUEUj,114951796559409,1,210,2201,模玩·周边,潮玩玩具,http://i2.hdslb.com/bfs/archive/88c68dd50f3717ff17e075a3e5068dcba246d6f5.jpg,如果妈妈是「MC十年老玩家」，那即将上小学的女儿将会收到一？？！,1754042400,313,1691347,大橙橙橙子,https://i1.hdslb.com/bfs/face/662a233cf1f685f63d9654a7f0ff47d739eee181.jpg,2672222,"乐高,我的世界,大橙子,在一块玩一夏,乐高苦力怕,乐高经典矿镐,乐高末影人塔楼,乐高我的世界,我的世界乐高,乐高航海王热血登陆",641554,1307,1318,8728,4156,730,0,0,55189
BV12k82zNEQJ,114947434484904,1,138,2020,搞笑,翻唱,http://i1.hdslb.com/bfs/archive/8f6c880a68d4b456ece0a551d2fa3f344b58cad2.jpg,可能是我贱吧最合理的一集,1753969500,73,400719755,火山泥_咖啡,https://i2.hdslb.com/bfs/face/91d7a65d6bc552212f08c9ad63d453ae6f4fe21c.jpg,21759,"翻唱,填词,三角洲行动,乌鲁鲁,跳楼机,堵桥",1541178,611,2406,68850,26391,38138,0,0,159051
BV1ictgz6ELZ,114969748248169,1,172,2071,手机游戏,射击游戏,http://i2.hdslb.com/bfs/archive/701d62262d125163b163fa6cb9c47eaea33d0682.jpg,星梦奇缘AUG助力？荣都教学！撤离点路上差点损失1000万的变卖物！,1754299957,435,222037579,虚无-和平精英,https://i1.hdslb.com/bfs/face/6c261f469a7256a9ae01fd10474c4ea3b128757e.jpg,178377,"游戏解说,地铁逃生,对峙前线,地铁教学,冰河禁区,烽火荣都,地铁逃生周年版本,高燃,虚无,和平精英",942210,151,144,25034,3324,18,0,0,36773
BV1AWhbzEEur,114956963940869,1,65,2071,网络游戏,射击游戏,http://i0.hdslb.com/bfs/archive/fcb45f51d3fdd608ff9367eb302d2d57249c5019.jpg,【JOJO吃鸡】米4达玩巡飞弹的，这么玩浮木怎么办！我的替身性感手枪真的很适合暗杀！,1754104161,249,37350101,棱镜星辰,https://i2.hdslb.com/bfs/face/1840cb7389d2814e6aa70bf8ffcf9e4ddac54c5f.webp,94538,"空条承太郎,JOJO的奇妙冒险,搞笑,JOJO吃鸡,沙雕,米斯达",790404,404,247,10370,990,514,0,0,51949
BV1uRtgzeEKo,114968825495956,1,215,2150,美食记录,美食探店,http://i1.hdslb.com/bfs/archive/cb77577b5d36ad89898212389c818b51b47f0757.jpg,牛肉跳着就上了桌…敢跟潮汕比鲜？,1754301600,661,3546689080133740,野文不懂吃,https://i1.hdslb.com/bfs/face/c42a0eb03dc75889e6deb47526b72279c69897ff.jpg,221430,"记录我的美食日常,潮汕美食,牛肉,潮汕,汕头美食,潮汕牛肉",302742,663,836,1970,1201,1604,0,0,7924
BV1VgtGzGESN,114970217943970,1,21,2197,日常,其他vlog,http://i2.hdslb.com/bfs/archive/96c8222a3e81a82ecb8480638fa658fb1d857d4f.jpg,被好朋友包围的感觉谁懂？,1754306701,210,1317825098,一只广宇,https://i2.hdslb.com/bfs/face/8b1bf31f6340a662e3431cef4b44e9a08ec9e699.jpg,547222,"生活记录,好朋友,友情",160635,208,234,611,1955,130,0,0,15645
BV1ANh8znE3j,114958994049745,1,21,2194,日常,中外生活vlog,http://i1.hdslb.com/bfs/archive/4fdd60225e2452043d32e0f8158a15f2e76a63ff.jpg,没想到这么快就离开了！一个人坐13h飞机去伦敦读书,1754135499,653,130636947,塑料叉FOKU,https://i0.hdslb.com/bfs/face/b23b68a60d4330aaa04c7785594bacad3837ff11.jpg,2960339,"旅行,生活记录,搞笑,英国,伦敦,vlog,塑料叉,出行,英国留学,寻找100个宝藏vlogger",1070033,1027,1590,7055,6336,873,0,0,52529
BV14shWzGEQP,114953793048219,1,138,2155,搞笑,语言类小剧场,http://i2.hdslb.com/bfs/archive/0e528a2844ce0a894d1f4ee106a8aed70267f068.jpg,二狗的现场已经颠了...,1754132400,263,391133521,一支麦二狗脱口秀,https://i1.hdslb.com/bfs/face/4b4311299343d1ff07103982803c944edd1f46a1.jpg,174135,"脱口秀,搞笑,搞笑小剧场,二狗脱口秀,一条名叫爱情的狗,二狗全球巡演,脱单,交友,互动",622899,304,319,3341,11171,1406,0,0,48248
BV13ohHzkEwS,114952870305395,1,209,2161,职业职场,公共交通,http://i2.hdslb.com/bfs/archive/da4d1b0619bb7944ce32372c5ca4c53224486f47.jpg,飞机上居然还有Wi-Fi？！我该不会是最后一个知道的吧,1754041749,32,3546903994174399,软软爱出门,https://i1.hdslb.com/bfs/face/7d33ad6f748f366442c00266ade3a537bb491392.jpg,2754,"冷知识,信息差,坐飞机攻略,飞机隐藏服务,干货分享,省钱攻略,科普冷知识",345025,37,61,35272,1138,369,0,0,26596
BV19RhAzcEdU,114940891369288,1,172,2064,手机游戏,单人RPG游戏,http://i0.hdslb.com/bfs/archive/fac671ac584abcbc1ed9352254f6b334f66d9895.jpg,《崩坏：星穹铁道》救世PV——「开拓者」,1754136000,107,1340190821,崩坏星穹铁道,https://i2.hdslb.com/bfs/face/57b6e8c16b909a49bfc8d8394d946f908cabe728.jpg,11437681,"崩坏：星穹铁道,米哈游,miHoYo",6054451,184125,59126,137872,269177,99988,0,1,495314
BV11WhMzoEwd,114961560902585,1,172,2071,手机游戏,射击游戏,http://i1.hdslb.com/bfs/archive/50cd14436a551c1660048b523f51f12fac6f157b.jpg,挑战用苏尔南手枪赚百万！,1754175313,468,700516468,松下千秋77,https://i1.hdslb.com/bfs/face/1d860b1b059fbcbc09c269b8d7a7e52603b3c283.jpg,394572,"地铁逃生,苏尔南手枪,和平精英,松下千秋",3131892,420,193,29375,1220,65,0,82,32933
BV1nShtzrEAK,114957668588031,1,246,2106,改装玩车,汽车测评,http://i1.hdslb.com/bfs/archive/f6f7ba182c155331c76b48af0bfe021aed51058e.jpg,详细版拓海的刹车起飘教学来了,1754115422,178,1618470,slasheAKA阿丰哥哥,https://i0.hdslb.com/bfs/face/ce426e56b8bcef74932071be0936258688330c2e.jpg,9136,"漂移,赛车,头文字D",280854,107,546,4500,574,659,0,0,10248
BV1CShnztEdK,114953608501945,1,17,2079,单机游戏,其他游戏,http://i0.hdslb.com/bfs/archive/a55e78825021de948e99997fe720be89a3dee55d.jpg,因为我的下巴太帅了，居然帅照了镜子,1754053218,162,3546588184054354,隔壁老王沙雕加搞笑,https://i1.hdslb.com/bfs/face/8e3ad2e8ce6af73d58b0f0d91d60ac774fb5807d.jpg,78192,甜瓜游乐场,402951,735,736,14046,2550,1019,0,0,25185
BV1DL8BzDEuV,114942032219432,1,17,2078,单机游戏,沙盒类,http://i1.hdslb.com/bfs/archive/a8d0dc94d55dd2afa79f549b7082fb94e45073a8.jpg,当100名粉丝躲猫猫！,1753920000,1673,9596327,卡慕SaMa,https://i2.hdslb.com/bfs/face/e7ba30c9d6ac409b0b07e215fc3a7e0e5d656464.jpg,2398388,"搞笑,MC,全程高能,我的世界,Minecraft,百人,沙雕,卡慕,抽象,推荐宝藏游戏",1189650,9917,1719,15406,16887,902,0,0,86368
BV1qLh8zkEYg,114958608107657,1,27,2040,综合,二次元线下,http://i2.hdslb.com/bfs/archive/946412b1b1ffc21950cc1bc84e17e45adf203e51.jpg,木叶村里的ktv聚会,1754129797,82,2114090017,小咩快跑丶,https://i1.hdslb.com/bfs/face/46963e13a392d1831d7e626f6c708f03e8c5dba5.jpg,698766,"火影忍者,二次元副本挑战者",1057356,549,1404,21960,3723,4795,0,0,85854
BV17sh3z9EPh,114964077484209,1,65,2071,网络游戏,射击游戏,http://i0.hdslb.com/bfs/archive/f857eeedb0f52deb835a4d685383846b9dc1688c.jpg,【房卡杯】屎卡vs神卡,1754212817,379,56324796,夏日瓜牛,https://i0.hdslb.com/bfs/face/76b9c90852430cc99217b2d43df4855394ff5c11.jpg,182288,"三角洲行动,售票办公室,夏日瓜牛,三角洲破壁新赛季上线",586727,1286,2299,3001,688,425,0,0,21654
BV1FXhuzoE6p,114962668194831,1,253,2042,动漫杂谈,动漫评论,http://i0.hdslb.com/bfs/archive/2d54ce1ad76ee75d981b82f6d210e5df24400f65.jpg,爆肝2700集动画！羊村到底有多少美食？！懒羊羊的零食究竟都是啥？,1754191189,553,523780849,粗中有细的计数板,https://i1.hdslb.com/bfs/face/65d9c437651949a76e36c2c02bdc23660f082821.jpg,499610,"喜羊羊,搞笑,零食,动画,喜羊羊与灰太狼,美食,懒羊羊,羊村,bilibili次元论战",312885,676,413,6453,4243,392,0,0,13614
BV1T1h3zgE9x,114963859380822,1,162,2055,绘画,二次元绘画,http://i2.hdslb.com/bfs/archive/7a2a6e7d87808b0c0490e185b500056d401f68c2.jpg,噼哩啪啦画啥呢,1754217000,158,287890286,李渔的世界,https://i2.hdslb.com/bfs/face/87855ab49fb23a1ce54606f71b28781fa872587b.jpg,515812,"绘画,板绘,原创,绘画过程,艺术,画师激励计划,人体,抽象,画画",157885,483,449,2856,3393,1128,0,0,44466
BV1HYhgz8EzW,114962567660852,1,172,2070,手机游戏,MOBA游戏,http://i2.hdslb.com/bfs/archive/2a8c152fdbf14547ef01c33e854b386c97896402.jpg,朵莉亚零基础到精通！看这一个长视频就够了！,1754189701,881,298590209,益达兄弟辅助教学,https://i2.hdslb.com/bfs/face/125d2935b53d5635d8962fa2388a35ca665d6039.jpg,540761,"辅助,益达兄弟,朵莉亚,#王者荣耀夏日盛典,#朵莉亚在编人鱼公主,王者荣耀山海皮肤",214104,239,292,6848,1910,1137,0,0,14976
BV1QH8kzAECV,114945790313626,1,254,2186,亲子,恋爱关系,http://i0.hdslb.com/bfs/archive/1c3e065c34d3687b6a0026c93a44e35b7e2fad15.jpg,我们的感情像什么？我终于明白！,1753934031,83,3493297997744733,俄罗斯夫妇在中国,https://i0.hdslb.com/bfs/face/99cea6f488b292d79f2d2b979271cba4cf50f1df.jpg,492917,"情感,恋爱,爱情,感情",909146,1666,1290,2366,793,2412,0,0,43162
BV19AtgzuEU4,114969731532403,1,126,2063,人力VOCALOID,鬼畜综合,http://i1.hdslb.com/bfs/archive/ebf070e832e4a758b0316d22275ccb2cc1fca525.jpg,全认识的可以把自己加进去了,1754299187,88,19071708,潮汕好男人,https://i0.hdslb.com/bfs/face/2a4c1b3c2d8f48a58c5f818287c90a6ea78d7907.jpg,2193008,"鬼畜,洗脑,全明星,美美桑内,One Spot,蜜汁好听,NINA,沈佳润,黄绿合战10th-绿队应援",205333,3497,489,5950,3350,803,0,0,27220
BV18MtJzoEPi,114974227825932,1,253,2043,动漫杂谈,动漫速读,http://i2.hdslb.com/bfs/archive/56d5c75058ac679c69cac09b13bf63bb213bce55.jpg,【扒】季终：回忆里的人是不能去见的，再见了戴安《瑞克和莫蒂》之回忆流放,1754367631,577,301717426,周扒片,https://i1.hdslb.com/bfs/face/80ad95a2979f0772a52695095f8c90d7e7eb8b67.jpg,1462485,"瑞克和莫蒂,科幻,回忆,动画种草激励计划,大结局",123178,157,155,1126,1341,91,0,0,11072
BV1Cwh8zHEZz,114958960430877,1,168,2063,国产原创相关,鬼畜综合,http://i1.hdslb.com/bfs/archive/ae89a7e1dda3745ca53b93283847525c1791e771.jpg,“还记得这对小丑反派吗”,1754193300,161,383890510,消失的四次元口袋,https://i1.hdslb.com/bfs/face/ec8a714102548bc6c244d824638028a829dd5ae8.jpg,103671,"人力VOCALOID,童年,黄绿合战,黄绿合战10th,泪目,开心超人联盟",144944,107,406,2038,3053,187,0,0,10870
BV1zotVzfEXg,114971392413683,1,212,2150,美食侦探,美食探店,http://i0.hdslb.com/bfs/archive/f7490ae104ed84a9a03ccc1396ea1403cea8199d.jpg,姐妹齐心，其店断金！下班与闺蜜炸场，水单赛桌长,1754386203,1074,33878413,睿哥有点小食力,https://i1.hdslb.com/bfs/face/84bc9d5d37708ebfa3c26c9abf6e4f0f47f8e948.jpg,337962,"海鲜,生活记录,自助餐,舌尖真探事务所,闺蜜,探店,北京旅游,北京美食,Vlog",63164,441,382,529,1243,134,0,0,4424
BV1SW4dztEvW,114976475843752,1,138,2001,搞笑,影视解读,http://i2.hdslb.com/bfs/archive/9a1ae47e2da0325ab59a9762ac3735bb9097a972.jpg,经典回顾之流星雨帅气篮球,1754402056,223,1379165407,-超级小能猫-,https://i1.hdslb.com/bfs/face/9ba5a55b282a55ac2eb29267ad9ccab381678934.jpg,2398875,"解说,搞笑,篮球,抽象,搞笑研究所",105508,478,317,830,519,354,0,0,8782
BV1HKh8zSE24,114958641794843,1,219,2168,汪星人,狗,http://i0.hdslb.com/bfs/archive/a1c0523adc4ed8a38bf2b0b8a0c6ba5a6adeaabc.jpg,今天吃 小狗版钵钵鸡~,1754129890,142,3546632234732329,-豆腐好吃吗,https://i1.hdslb.com/bfs/face/c49f1d640e487cafea188e91617baf6364642eab.jpg,150517,"博美,吃货,钵钵鸡",203994,196,328,2343,562,2139,0,0,22040
BV1fV8yzjEMe,114946981502910,1,215,2154,美食记录,剧情演绎,http://i2.hdslb.com/bfs/archive/5a81c1f10019a3ca6324a23801b089c7d5e19640.jpg,双重人格吃早餐,1753952410,187,3546734850476674,超霸7,https://i1.hdslb.com/bfs/face/54fdefdd555cb9924d21d249fb3f76966d90c4e2.jpg,17336,"早餐,双重人格,生活记录,人格,Vlog",309573,377,1142,4365,504,4439,0,0,25743
BV1hXhgz1EDL,114964228476906,1,208,2084,校园学习,应试教育,http://i2.hdslb.com/bfs/archive/b14c9eafef1fa9873db8dc3f635556b10eda85f8.jpg,【不朽经典】一个厕所里的概率顶级模型，适合所有高中生食用。,1754215379,1632,3546677042481210,数栋本栋,https://i0.hdslb.com/bfs/face/134ca2b6eff0da601c56d12c63815691400f1830.jpg,144053,"数学,高考数学,学习,排列组合,概率,概率统计,压轴,学习心得,全国一卷,新高考",169328,255,260,11781,578,728,0,0,42797
BV11rh8zREkD,114958322965704,1,164,2152,健身,美食记录,http://i1.hdslb.com/bfs/archive/efbb1d81605385c271deb8189f1432539b705318.jpg,真是甜咸永动机，好吃哭了,1754125207,280,44708078,努力的橙子薄肌,https://i2.hdslb.com/bfs/face/9e8c6f9069289454b54ac1aca54e7046bfdd2e1a.jpg,605640,"吃货,永动机,Vlog",1219882,1368,1693,7374,5250,4848,0,67,149109
BV1NqhtzDEEX,114957534498456,1,47,2207,同人·手书,随拍·综合,http://i0.hdslb.com/bfs/archive/b5e8a44a9a5c5a035f2b66984636f2581b9d89f9.jpg,盗墓但小哥每秒100帧,1754125200,101,1238329219,觅2,https://i1.hdslb.com/bfs/face/f38a97470c6c7b221fea749593d59c97cb5d51c9.jpg,1351501,"盗墓笔记,鬼畜,张起灵,永劫无间手游,永劫手游张起灵,永劫手游古墓夺金,永劫无间张起灵麒麟回响,高段操作Pro Max,bug,二次元副本挑战者",940644,309,561,9439,2714,3208,0,0,76218
BV11UtVzNEs2,114971291754430,1,207,2089,财经商业,时政解读,http://i0.hdslb.com/bfs/archive/7682fa2a0b9da05806bd1e44f34a548396750c21.jpg,印度：大哥你是知道我的！特朗普：土匪遇见恶霸，多简单的事儿！,1754359200,827,157258960,解密狗,https://i1.hdslb.com/bfs/face/fd6b66da27969124e94dcacf35e6a17c53dca295.jpg,388850,"印度,知识,美国,历史,人文,趣味科普,特朗普,制造业,关税,青年用「财」图鉴",267883,585,499,1509,1874,100,0,0,14264
BV1G7hAz4E5f,114941562456142,1,76,2149,美食制作,美食制作,http://i2.hdslb.com/bfs/archive/00c0adea3ab61613668a8825ad9cf3cc502e9af9.jpg,饺子皮还能做成口袋饼 再把伙计面塞进去不一样的口感 大家快去试试！！,1753869280,37,2007288208,房纠纠,https://i1.hdslb.com/bfs/face/b0e625348fe70b4228a681ffe45367fae89c9107.jpg,171754,"饺子,火鸡面的神仙吃法,火鸡面口袋版,美味,Vlog,饺子皮新吃法",1000007,25086,9282,6140,853,582,0,0,36497
BV1Ck8yz4EuA,114946662731118,1,85,2154,小剧场,剧情演绎,http://i1.hdslb.com/bfs/archive/5a4b25357890fa44ecf311cddb3baee4ad632577.jpg,逻辑鬼才不吃苦～,1754218800,105,1875910928,小赖同学,https://i2.hdslb.com/bfs/face/4e4afbde408988ec1ee8799c8020839f2961fefd.jpg,436374,"搞笑,原创,生活,职场,逻辑,日常,短片,搞笑小剧场,鬼才,打工人",964964,123,341,1323,545,105,0,0,32207
BV1TztnzsEWF,114975653761865,1,76,2149,美食制作,美食制作,http://i1.hdslb.com/bfs/archive/1d33dab1535c3242e8e315b51576b2f2404d6bf6.jpg,《半夜饿疾自救指南》不开火把家里物资通通变小吃,1754389511,192,3546570674932451,茄猫的罐头,https://i2.hdslb.com/bfs/face/5a7adbd2cd769623efb5cd1c1076a72b658e9972.jpg,643803,"美食教程,懒人食谱,美食制作,厨艺,空气炸锅美食,不开火料理,邪修料理,自制零食,微波炉料理,我用美食搞事业",251824,55,97,17139,1543,263,0,0,13279
BV1MVtgzaEc3,114969345526998,1,21,2088,日常,社会观察,http://i0.hdslb.com/bfs/archive/1f3927c887ffcc5927fbf1b642a0a255669f96fc.jpg,被网暴了，平台不管？……试试这个！,1754293624,145,1988929420,侃木头哦,https://i1.hdslb.com/bfs/face/e73f946a5712e9a9fd92a82bb8f6c06e234f1bd6.jpg,2165192,"成长必修课,清朗行动,网络安全,网络暴力,维护权利,网络霸凌,个人成长,12377,被网暴了",1354812,454,2744,180486,30168,4442,0,2,315186
BV1rDh8zUEmC,114958423628261,1,47,2037,同人·手书,同人动画,http://i2.hdslb.com/bfs/archive/5aa2e5a6327f8d5027be96a3f4adcecf1b26635b.jpg,【JOJO手书/全员向】JO护车出发喽！gogogo！,1754126598,35,3065267,Orca哒,https://i2.hdslb.com/bfs/face/5077001bd11b28ba0a782bd47fcac85d5f0c1955.jpg,112638,"JOJO,空条徐伦,吉良吉影,空条承太郎,同人,东方仗助,JOJO的奇妙冒险,DIO,动画种草激励计划,乔鲁诺",728503,428,2425,27926,5916,2785,0,0,89806
BV1N7hbzpESP,114957031049411,1,21,2071,日常,射击游戏,http://i1.hdslb.com/bfs/archive/98965846dcdcc5d39018bfd2ee6d1fc44ed2b5a5.jpg,三角洲所有角色炸撤离点教学,1754105428,59,1666628639,小怂弟,https://i2.hdslb.com/bfs/face/e922f4c94186a0fa905c771f051c1fe40a8df5d7.jpg,275259,三角洲行动,923773,275,982,46123,2393,14727,0,0,66714
BV163h8zLEyf,114958658444992,1,17,2078,单机游戏,沙盒类,http://i0.hdslb.com/bfs/archive/5ca5408d0e547ae624071ec970148df43a4eb814.jpg,由纯粹的垃圾mod堆叠成的奇异搞笑整合包介绍,1754130221,117,523951594,-Riaoda梨小达-,https://i1.hdslb.com/bfs/face/5579b5123613b100d1ad107bdc8336b11d9bd8ca.jpg,403,"MOD,沙盒游戏,我的世界,垃圾,沙雕,像素风",429290,253,1502,4847,520,6202,0,0,26684
BV1CfhwzzEsb,114941495415663,1,17,2079,单机游戏,其他游戏,http://i1.hdslb.com/bfs/archive/5c5223a9fd64c2ad0b49d3c1082929a2786ec981.jpg,我的顾客都想敲诈我 但我绝不低头,1753868214,73,15002163,拧不动啊真拧不动,https://i0.hdslb.com/bfs/face/512d55096f492f14722988501e7a800020320b26.jpg,1327304,"VR,游戏实况,单机游戏,电子榨菜,推荐宝藏游戏",3006659,474,416,13814,1707,961,0,0,63536
BV1VBhVz9EVx,114964564220468,1,176,2136,汽车生活,跑步,http://i1.hdslb.com/bfs/archive/e87681a2206934ac9e356b68a4d89645909a60e2.jpg,感谢鸿星尔克官方给提供的支持@鸿星尔克,1754220193,166,2035556081,堂主lee,https://i2.hdslb.com/bfs/face/665a151899c136218c3ba7de064ecc67090c219e.jpg,882813,"生活记录,原创,鸿星尔克,记录,暑期健身蜕变挑战",622205,625,2300,3358,14601,703,0,0,78562
BV1nThTzSEhm,114960185165889,1,126,2063,人力VOCALOID,鬼畜综合,http://i1.hdslb.com/bfs/archive/d4fd930692cdbc364213a835f89f6fcf98d458df.jpg,😭我们还能不能再对线，我在村妇面前求了几千年😭,1754190000,110,400630344,筱虹虹,https://i0.hdslb.com/bfs/face/98f9f17134d476573c1d843d48efe4148c7deab9.jpg,138837,"诸葛亮,鬼畜,三国,傲娇,王朗,唐国强,跟着唐国强膨美团下午茶免单,求佛,美团",223403,182,191,4094,875,599,0,0,60605
BV1hUtJzbELG,114976140302401,1,65,2071,网络游戏,射击游戏,http://i2.hdslb.com/bfs/archive/8d1370f4fd32b94425198d84baf030b5f74fc3bf.jpg,「宝藏月」三重专属福利 8月8日正式开启！,1754396811,91,3494376565115651,三角洲行动,https://i2.hdslb.com/bfs/face/d86e9c7dcf8c0faf25b277a38d8103832556383f.jpg,2463051,三角洲行动,1112504,26613,6635,12696,1051,16207,0,0,74995
BV1W4tGzhEaD,114970234784728,1,252,2040,仿妆cos,二次元线下,http://i0.hdslb.com/bfs/archive/f06c911c3e226eda590133f1d49b0160854bb678.jpg,谁教你这么送桃花运的？,1754307220,176,560647,坂坂白,https://i1.hdslb.com/bfs/face/dbab0bb10936b9e822c6927b442e0859963d12c2.jpg,1076251,"非人哉,cos,坂坂白,熊喵来了,动画种草激励计划,一代人有一代人的神,非人哉熊喵来了梦幻联动,探店",389636,990,214,5527,980,267,0,0,19140
BV1FNh5zNEHH,114966359185652,1,137,2018,明星综合,音乐现场,http://i1.hdslb.com/bfs/archive/45b51ee0292a9b2bd33de45ff31dbf75dd705ab8.jpg,【宋雨琦】250802 KCON LA 《没有明天》直拍 4K直拍精剪,1754249297,235,3546887695108651,CLFE0923,https://i1.hdslb.com/bfs/face/3f6205fcfa7bc01709ada38e0f072b75d0875dc9.jpg,2543,"没有明天,4K,舞台,直拍,宋雨琦,(G)I-DLE,4k直拍,4K超清直拍竞赛",494413,11671,13264,11723,16052,8836,0,0,33317
BV1LahVzoE7t,114964899569378,1,65,2070,网络游戏,MOBA游戏,http://i2.hdslb.com/bfs/archive/83c3037d7ebf890d81dfc5277b61e25d1c5773d0.jpg,何为压迫感,1754225876,87,1711193563,南泽王者荣耀,https://i1.hdslb.com/bfs/face/aebae11f5cc3a1fc0d02d8ec3f645f8b5101120e.jpg,1258099,"王者荣耀,南泽",335065,360,651,1900,920,295,0,0,31555
BV1p881zsEP9,114948223013471,1,21,2181,日常,两性知识,http://i2.hdslb.com/bfs/archive/e8f8c711d823dc1c5968948dd59428ca989b38e3.jpg,被女友逼成S有感,1753977728,320,478720594,少吃点布洛芬,https://i1.hdslb.com/bfs/face/abccc6cbef2dc8afddd140a5366e445065e0fe46.jpg,453353,"心理,健康,体修,了不起的她,还是算了爸,0笼T透,字母表,角色扮演,精致人生,小男孩原子弹",753642,7480,2399,10034,5986,10830,0,0,57317
BV1wnhPz5EEp,114959933573177,1,253,2043,动漫杂谈,动漫速读,http://i0.hdslb.com/bfs/archive/3e23547d6db6f7d3e6dcd934c0e70c18cfc166c8.jpg,《柯南》女人酷爱收集钟表，最后竟被钟表杀害！,1754149733,314,1524554405,他说电影,https://i2.hdslb.com/bfs/face/2950bba5a5ac3a779db2aafaa2a1ed9855b08fc5.jpg,1445311,"搞笑,原创,动漫杂谈,名侦探柯南,柯南,动漫解说",2507708,721,405,15040,1021,164,0,0,33856
BV19qhPzaEqu,114959749024578,1,31,2020,翻唱,翻唱,http://i2.hdslb.com/bfs/archive/3500cb6e16fa474d9f3f5b22ae9770863fa06659.jpg,今晚听夜雨,1754146658,25,689808143,流星雨4536251,https://i2.hdslb.com/bfs/face/a4a2fa661cf165b94628a6e73440f4950799669a.jpg,75976,"姐妹唱歌,听夜雨翻唱,听夜雨DJ",341686,36,148,2466,728,162,0,0,43368
BV1HRt3zpEcD,114970587042660,1,138,2152,搞笑,美食记录,http://i2.hdslb.com/bfs/archive/f03dbf72830e3c46247bd89cd0416b9aca7030f3.jpg,深度解析良子是否偷吃5,1754312604,289,32026774,侦探许烦烦,https://i1.hdslb.com/bfs/face/12cddd8ada95dfd639100cd9ec276ce7a57643fb.jpg,184937,"搞笑,吃喝玩乐先上闲鱼,美食测评,Vlog,良子",289252,776,660,1143,1002,780,0,0,16132
BV1syt3zFEjK,114970436043917,1,176,2108,汽车生活,汽车生活,http://i1.hdslb.com/bfs/archive/3026b87185413995f058c91a2ed597a6f49b9783.jpg,老雅阁老当益壮，小老哥天赋异禀,1754352000,387,1745143606,争取最后的自由,https://i1.hdslb.com/bfs/face/2ae4a7fcf321673035a572fea77acc3b3d1e0211.jpg,1578383,"汽车,雅阁,驾驶技巧,美国警察执法,美国警察追车",144710,496,257,730,598,123,0,0,9378
BV1u8tnzhES2,114975687314378,1,256,2112,短片,护肤,http://i0.hdslb.com/bfs/archive/8339520fd3196a41f436a8a4f182dff87cfe6e70.jpg,这脸上都有啥，姊妹坐，唠嗑,1754390173,962,131739734,你的陈星越,https://i2.hdslb.com/bfs/face/f4c8c55e49414d660dadcaf2c37f312b036f65b9.jpg,668038,"唠嗑,分享,日常分享",243793,1067,1170,2628,2129,1183,0,0,30977
BV1qmhGzoE7U,114965117671498,1,21,2005,日常,短剧短片,http://i2.hdslb.com/bfs/archive/7bdc00b6d11384dca6ad400089e8363ad172b2dd.jpg,傲慢这一块，早在大白那里领教过了,1754228589,19,3546868311132258,林亿韩,https://i0.hdslb.com/bfs/face/89d58bfe612c5c5177f4f1e3e2e99877beedc3a1.jpg,210828,"短片,原创,大白",1270785,367,928,18063,5089,2199,0,0,110700
BV1oftnz6EyW,114975435659170,1,47,2037,同人·手书,同人动画,http://i1.hdslb.com/bfs/archive/3324da55dcbd3e1033f6f7c8d507e671d3950b3b.jpg,三月七的【天天天国地獄国】,1754386115,72,89031393,夜半三更_,https://i0.hdslb.com/bfs/face/2071ad7f1909776030410e9dfb19f702370f2f7c.jpg,28840,"手书,动画,星穹铁道,崩坏：星穹铁道创作者激励计划,天天天国地獄国,长夜月,三月七",579342,277,901,31890,12878,5480,0,0,81925
BV1fChWzFEPg,114953860287661,1,242,2009,娱乐粉丝创作,娱乐评论,http://i1.hdslb.com/bfs/archive/81594f7b64a45ac7f8631ae9efe43d0f8fe04885.jpg,丁真 被流量挟持的传奇一生,1754057100,591,3546781006694901,我真的玉玉症了,https://i0.hdslb.com/bfs/face/cc515923daf9a49fba6031c54e09bca8a073935d.jpg,281143,"正能量,丁真,娱乐吃瓜大会",1850161,3050,2527,28977,4565,2191,0,100,88533
BV1bQtMzZE1w,114968020261457,1,21,2046,日常,网文解读,http://i1.hdslb.com/bfs/archive/7632d55960ec9243c0c49d294cad16beaf47c8eb.jpg,穿越者从未离开家乡……,1754273088,143,72969462,笔给你你来写_,https://i0.hdslb.com/bfs/face/8e8a57daeb8ee0b50e6fa4e66c4f18f849fc601c.jpg,1132759,"脑洞,小说,原创,曼波配音,随笔,原创剧本,笔给你你来写,沙雕段子",329148,291,1686,1464,720,164,0,0,24653
BV1nEh3zZEVp,114964144592067,1,215,2152,美食记录,美食记录,http://i0.hdslb.com/bfs/archive/b0411d6e160c72fe873ad09e8712aad50d4561e2.jpg,过度的分享只会招人厌烦，但那又怎样，我连这条也要分享,1754213965,79,1873791750,凉湉子的日常,https://i0.hdslb.com/bfs/face/90122b840fc723dc7a39906cbf9acee6e5e2c78c.jpg,2238305,凉湉子今天吃什么,633993,236,174,7775,521,236,0,0,36525
BV18btnzwEh7,114975502830746,1,21,2154,日常,剧情演绎,http://i0.hdslb.com/bfs/archive/6e17317ec4199cbc69200d7e636397a6926b2884.jpg,爱 = 花 钱 ？,1754387174,60,9130832,张八筒筒,https://i2.hdslb.com/bfs/face/683b3b97648bf13641c508b9b50a2d25b87bec69.jpg,721489,"原创,生活记录,搞笑小剧场,张八筒,best人生,抽象,猩猩队长,情侣日常",468769,161,390,960,1105,494,0,0,45359
BV1eQhgzjEAB,114964245256716,1,208,2084,校园学习,应试教育,http://i0.hdslb.com/bfs/archive/b2230f8bfe119b15713d340e648f411cabd6c2bc.jpg,【一数拔高】指对幂函数大综合！,1754215452,2892,14229967,一数,https://i1.hdslb.com/bfs/face/812281bada7d323c23c6e1e2e92749bd29b7d7c6.jpg,20495296,"学习,高考,数学,指对幂函数,bilibili高考季,考试资料,高中,中考,考前复习",786142,8341,1580,19821,5474,2382,0,73,92375
BV1Au82zZE8g,114947585479523,1,138,2154,搞笑,剧情演绎,http://i0.hdslb.com/bfs/archive/50fd26ca0031b7cc121ff1d187bab556d9dbfcfb.jpg,我的沙雕日本同学,1753961361,85,3546719866325287,东京_浪君,https://i1.hdslb.com/bfs/face/210057698965ef33b7e994de46f6e0ec4659c3b7.jpg,142242,"日本,日本人,高能,校园,搞笑,沙雕,日本高中生",521328,667,1077,12027,1239,4934,0,0,64962
BV1JNhNzVEdE,114959379861289,1,21,2152,日常,美食记录,http://i2.hdslb.com/bfs/archive/db9afc8352e91537819f4e6752bffc89ace3e4f9.jpg,摆摊卖盐焗鹌鹑蛋休息几天差点被偷家了,1754141144,171,3546913290849217,蔡同学盐焗鹌鹑蛋,https://i1.hdslb.com/bfs/face/94c45320168df68bedf32da39cebb5eca075c523.jpg,11833,"街头小吃,街头美食,路边摊,盐焗鹌鹑蛋,我用美食搞事业",931422,91,464,513,652,121,0,0,23313
BV1bqtVzkE87,114971677560000,1,172,2064,手机游戏,单人RPG游戏,http://i2.hdslb.com/bfs/archive/2325931caa9e38b323b2dfd0a448aba1c28408a3.jpg,我没有抄袭,1754329061,566,8275417,夜神月Lwaite,https://i1.hdslb.com/bfs/face/9be6654cf6b3aeb675161279bf081a1d63fd0fd7.jpg,336950,阴阳师,188916,272,2618,594,4309,1086,0,0,8158
BV1UdhbzxE5y,114959027542752,1,238,2148,运动综合,其他手工,http://i2.hdslb.com/bfs/archive/10a374f72e549fc6646b2c7448959d46d765c178.jpg,我是怎么开始走上做弓的路,1754135930,34,417416987,墨墨爸做弓,https://i2.hdslb.com/bfs/face/22ec138c64dfe0cf2bb8cfd930e5fdd974762323.jpg,9079,"生活记录,手工,原创",636881,48,726,1342,8344,58,0,0,78418
BV1TAhpzBEKq,114952803190895,1,138,2073,搞笑,动作竞技游戏,http://i1.hdslb.com/bfs/archive/8978abe6f5fe7aaca3027e88dec6d1e13d6d8383.jpg,“原神在他面前像个新兵蛋子”,1754040887,142,266017110,二三哥哥鸭,https://i0.hdslb.com/bfs/face/a33dc74f41771e5af4084eb313f1e224a373d19f.jpg,1051783,"氪金,王者,原神",645364,920,2383,3107,539,1796,0,0,69566
BV1kEtLzYEg9,114972650641319,1,172,2064,手机游戏,单人RPG游戏,http://i0.hdslb.com/bfs/archive/3787ad7743c05a8a1c01ec19e93ea46e664f24ca.jpg,停云全程单通差分宇宙千面英雄V7，只有抛却理性才是（  ）的一集！,1754365500,1593,75480955,念熙阿,https://i1.hdslb.com/bfs/face/c054ef8bd21efb38f8d6cc78fd8e7135c4b996a8.jpg,980422,"游戏实况,停云,念熙,崩坏：星穹铁道创作者激励计划,全程单通,星穹开拓团,差分宇宙,千面英雄V7",151642,1279,558,1535,3463,175,0,0,16250
BV1K1h3zgEbZ,114963859376323,1,138,2006,搞笑,AI影视,http://i0.hdslb.com/bfs/archive/d61bce5e2ca0c9b5c677e470c9e5f3eab6806ed7.jpg,致富经：怪物入侵别慌张，铸币大头来帮忙,1754210627,141,25329626,咪克菌,https://i2.hdslb.com/bfs/face/0042a7eaa356accba028b85592e7fd23f0763190.jpg,1066319,"搞笑,AI,咪克菌,铸币大头,鸣潮创作激励计划,弗洛洛,大傻椿,原创剧情,致富经,鸣潮",492650,825,1800,6112,7542,8353,0,0,42686
BV1Bmh5zvECF,114965889417715,1,219,2168,汪星人,狗,http://i1.hdslb.com/bfs/archive/4bcc8f338c37a84223c21fb73d97b745e76fdd82.jpg,天塌了,1754299800,93,3494377812920345,系嚣士啊,https://i2.hdslb.com/bfs/face/bcb480918aab2dbdbbc0130feca6a42ee46ec15e.jpg,583033,"嚣士,宠物,田园犬",333060,921,1253,1340,1534,3807,0,0,37443
BV1dCtGzUETP,114970050169521,1,21,2148,日常,其他手工,http://i2.hdslb.com/bfs/archive/ecb35d9df10900a2a39e36cb601d980385cc39f1.jpg,🔥红糖老虎|刀刻立体画,1754303953,25,3493078214118135,caaabi,https://i0.hdslb.com/bfs/face/170676b89ad08d8953df4c4ce4a03524cb06fa7d.jpg,3042,"绘画过程,老虎,手绘,立体画,宠物画,做一种很新的手工",232429,124,965,4244,1448,245,0,0,40971
BV1WPtnzEEJr,114975771202777,1,85,2154,小剧场,剧情演绎,http://i0.hdslb.com/bfs/archive/b8160e79060c8696801e04c9ce60d7eb649deabb.jpg,陈翔六点半：你们说这是脑子的问题吗？,1754391319,212,19286458,陈翔六点半,http://i1.hdslb.com/bfs/face/aad3b1bb735d2bd4066805f2a84892644fad8e2a.jpg,3220104,"陈翔六点半,搞笑小剧场",350893,330,384,1067,1477,263,0,0,17686
BV1cW8XzkECi,114935170339864,1,17,2078,单机游戏,沙盒类,http://i0.hdslb.com/bfs/archive/30a4451585932f86ffe698d198b5a085860e79b1.jpg,一口气上不开看完他的世界全集,1754297100,2085,3546759435389280,阿落MC,https://i0.hdslb.com/bfs/face/0736dfed150aa6759cfc29eeda1ec99d369d195a.jpg,251224,"我的世界,阿落mc,他的世界",889220,317,45,31628,1731,26,0,0,27406
BV1qRtuzyEDd,114969815352595,1,27,2028,综合,宅舞,http://i1.hdslb.com/bfs/archive/040b2be47c07f81acaec7ebb4a3f2de829339552.jpg,舞台就是我的画布  【杭州烤o】,1754300249,120,171796822,鬼鬼_onioni,https://i1.hdslb.com/bfs/face/d6a202a81c0953c7027defe2d343fbc7319b6947.jpg,305143,"宅舞,cos,世界计划,东云绘名,世界计划多彩舞台,pjsk,杭州烤o",113869,31,178,4094,2015,690,0,0,22225
BV15o8kzgEBE,114945605897623,1,247,2106,新能源车,汽车测评,http://i2.hdslb.com/bfs/archive/e0034add4d163eed26526db7c27845455ebf456c.jpg,沃尔沃全新座舱体验：安全之上，智能如何进化？,1753956000,498,25480023,花生説,https://i0.hdslb.com/bfs/face/8661e5fb4b7f0409e414197675349d32bf009876.jpg,1195738,"AI,XC70,全新沃尔沃XC70车机发布,豪华,沃尔沃全新XC90,SUV,沃尔沃,XC90,车机,智能座舱",838476,852,335,2024,3275,747,0,0,4699
BV1aktJzYErN,114976207408506,1,182,2001,影视杂谈,影视解读,http://i2.hdslb.com/bfs/archive/4b4e7c5aeeac7b88637010dc3f7fc3725784c99e.jpg,【如懿传吐槽20】散点心群鬼开夜宴  顺时局庶人入冷宫,1754449200,1726,13725936,衰兰送客咸鸭蛋,https://i0.hdslb.com/bfs/face/c898a73004483c37087a28c6af2d380d8b62ea1e.jpg,202384,"周迅,搞笑,电视剧,霍建华,吐槽,影评杂谈,电子榨菜,谷雨,影视杂谈,如懿传",76199,2900,783,897,2523,113,0,0,5544
BV1wohVz6E9f,114964631128746,1,138,2154,搞笑,剧情演绎,http://i0.hdslb.com/bfs/archive/5886ded918e88ed4d1581d427855da1f5690d0ff.jpg,看来变装也是我擅长的领域！！,1754280000,14,477676711,田一名sir,https://i1.hdslb.com/bfs/face/4e30dae85d2e529924322aa328b20ee0e98427e1.jpg,1638162,"变装,美妆,领域,翻唱的N种打开方式",493233,708,3223,2221,671,8390,0,0,53186
BV1unt5zVEPK,114970939360289,1,122,2196,野生技能协会,职业vlog,http://i2.hdslb.com/bfs/archive/9f57294c3fa72f1e38000e5de361c6207b24aee2.jpg,第一次出门摆摊，免费维修小家电，竟然还挺受欢迎的,1754321006,1155,397526548,技术小杭,https://i1.hdslb.com/bfs/face/a12befc71b047f1b45ae32eeebc46cf1e40dc888.jpg,19956,"公益,经验分享,维修,小家电",1454062,8722,5949,11068,87457,1880,0,37,103625
BV15ptnzKE97,114975569876666,1,251,2166,三农,农村生活,http://i1.hdslb.com/bfs/archive/acb1922d11cf8c8ac6b82058ffbf94b50d70fa4e.jpg,猪到了......,1754395500,380,143845192,念叁叁叁,https://i1.hdslb.com/bfs/face/3e9a9ed8cf8b0c7221b3e810d9e1e8ff7e6cf7b9.jpg,262597,用星露谷开启我的农村生活,100440,346,369,669,707,283,0,0,17476
BV15VhczHEVG,114940706820341,1,138,2154,搞笑,剧情演绎,http://i2.hdslb.com/bfs/archive/532034992834a2c5d3df17118d8359ac21951105.jpg,暑假该如何拿捏父母（原来父母的爱是有CD的哈哈哈哈哈）,1753867800,197,68439967,萧枭同学,https://i1.hdslb.com/bfs/face/048bdff2b19e39da8f1aba04a3bd595a073130c8.jpg,2828438,"暑假,拼好饭你变了,补贴是一时的拼好饭是一直的,点拼好饭只有0次和无数次,重要的事情值得拼一下,挑战吧！20元拼好饭吃一天,拿捏父母,父母,美团拼好饭",528976,515,308,3197,884,203,0,0,37940
BV1r3huzREtf,114963121242580,1,172,2071,手机游戏,射击游戏,http://i1.hdslb.com/bfs/archive/7f91f8cc902b89d5da98d593155bce24dcb42769.jpg,全网最详细<三角洲 全boss容器 排行推荐>萌新必看！！！,1754217600,1087,3546872664820321,三角洲代肝-老鱼,https://i1.hdslb.com/bfs/face/0a361fe431adbdc7d0d2478f263195ac992bbe39.jpg,33990,"技巧,FPS,BOSS,三角洲行动,三角洲行动攻略,容器,三角洲,教程攻略,新手,全网",1139664,2395,748,41559,2590,692,0,78,44560
BV1w4tgzXEPb,114969462966847,1,17,2077,单机游戏,休闲/小游戏,http://i0.hdslb.com/bfs/archive/6aac88c5004c54498ff44b2b37bd4b9a474b6114.jpg,二爷与坚果的后室冒险6.0他们逃出来了？!,1754294944,65,1834271846,陈君un,https://i2.hdslb.com/bfs/face/65f841ecf609e5e56c4efe01db70be7809c5785d.jpg,626206,"坚果,植物大战僵尸,二爷,后室,整点电子榨菜",395391,449,625,6515,991,90,0,0,25000
BV1K6tnz9EEb,114975636985347,1,253,2043,动漫杂谈,动漫速读,http://i2.hdslb.com/bfs/archive/0847cd8fa318f52b1a057af6a1523ffc77713cf6.jpg,【柯南】侦探队请毛利拯救居民花圃，却发现园丁里藏着恶魔，破获残酷命案，西瓜带你回顾柯南原创案件《花圃破坏者的阴谋》,1754389601,858,57608186,西瓜说柯南,https://i2.hdslb.com/bfs/face/ecb0fc5d5e34e79715fea462b0fd3ed85a573c05.jpg,740428,"动漫杂谈,推理,名侦探柯南,江户川柯南,灰原哀,毛利兰,工藤新一,柯南解说,毛利小五郎,柯南",190117,564,238,1560,1262,50,0,0,6807
BV1LZtuzkEJ7,114969714625816,1,201,2040,科学科普,二次元线下,http://i0.hdslb.com/bfs/archive/9b620f451ecd5a16c9bc850019e7483ffe267b25.jpg,漫展把脉--总结：肾虚，抑郁，胃病！,1754299976,1638,2142394537,医者正心,https://i1.hdslb.com/bfs/face/9ae2edac55966af9136c783ac2a75b2e9872f08e.jpg,1420037,"中医,漫展,二次元,把脉,Cosplay,问诊",1063763,3844,3605,10012,3422,4054,0,0,60005
BV1LKt5zXEqQ,114971358791317,1,157,2160,美妆护肤,城市出行,http://i0.hdslb.com/bfs/archive/98f7a4c03b67d326926ddba877177553d36cd513.jpg,逛街别光只逛不买啦！顺便0元做个色彩测试！,1754324111,149,287468649,阿哈哈哈哈哈黑猫警长,https://i0.hdslb.com/bfs/face/1305fba1909b05ac6d90e0ec2f4eb5ad343998db.jpg,1510883,"生活,色彩,测评,测试,生活记录,逛街,挑战,色彩测试",205716,74,139,10847,582,2462,0,0,17211
BV1FuhjzgEj8,114967147714950,1,126,2063,人力VOCALOID,鬼畜综合,http://i1.hdslb.com/bfs/archive/8d52e0efbb5bca563b67aab84bb4f7852106fa9c.jpg,【杨某人单曲】兔子，我愿为你穿上嫁衣,1754301600,94,28348490,咆哮丶土拨鼠,https://i2.hdslb.com/bfs/face/db494c60204f01f01217f92950eccabd13592969.jpg,884327,"鬼畜,搞笑,第五人格,第五人格赛事,grood,兔子英明,tzym,2025IVL夏季赛,杨某人,跳楼机",181365,358,1025,4417,4024,6282,0,0,23077
BV1aetVzyEfy,114971644008386,1,17,2037,单机游戏,同人动画,http://i1.hdslb.com/bfs/archive/d3c569f373e0f3aeb84976231b06f911d039bcb2.jpg,NPC...觉醒了？,1754360400,166,20669779,敲萌豹风党,https://i1.hdslb.com/bfs/face/d8a9dd00877e8b81bcb9aabbdfea6429278e8162.jpg,1890996,"我的世界,单机游戏,MC,游戏,搞笑,Minecraft,mc动画,暗区突围端游,暗区突围无限,暗区端游联动2077",423624,577,470,3222,975,268,0,0,37714
BV1UDt7zJEsV,114975016293722,1,215,2150,美食记录,美食探店,http://i1.hdslb.com/bfs/archive/8cb507bb5c81b4d2602371eb7faa9063ef694587.jpg,特色烙锅，炒饭免费？狠狠下三大碗饭，一人三碗！,1754387100,622,8680974,干饭三健客,https://i0.hdslb.com/bfs/face/cf67c074588b1524389f371665b4f687cf6315b6.jpg,1724286,"烤肉,折耳根,三剑客,健身餐,蘸水,酸汤",421260,692,481,1522,2385,1675,0,0,19031
BV1LRtEziERg,114974647192363,1,22,2063,鬼畜调教,鬼畜综合,http://i1.hdslb.com/bfs/archive/e551d8ffc2db8eb0917203f03ce88a2b24357fac.jpg,⚡️ 办 案 大 师 ⚡️,1754384400,136,40966108,倒悬的橘子,https://i1.hdslb.com/bfs/face/440968b6694576e931ed4ec61d699029d82bcbaa.jpg,3084787,"剪辑,搞笑,空间动力双王炸,一汽大众全新揽境上市,狂飙,王骁,县委大院",249646,111,122,636,2110,44,0,0,16000
BV1QMhJzqEsj,114952635484371,1,241,2009,娱乐杂谈,娱乐评论,http://i1.hdslb.com/bfs/archive/37ac24687dc9ef724792610a4d56a0c70e1569ce.jpg,一觉醒来全世界的k-pop水平下降一万倍，我成C位了,1754046000,891,111522104,接二连珊妄想症,https://i2.hdslb.com/bfs/face/81d82aaabda80c9c1f309e05fd4b23461c7b236c.jpg,644041,"综艺,孙佳洋,男宝星球2,夸克深度搜索,爱豆,夸克,舞台,选秀,K-Pop,娱乐吃瓜大会",978851,20762,2026,11336,17220,5648,0,0,59436
BV1PxtGzwEZL,114970251494836,1,47,2037,同人·手书,同人动画,http://i1.hdslb.com/bfs/archive/6d33108d84f5b5dae344a33f73e7f857721de470.jpg,师祖劝我向善我反手让李长老修为掉段,1754307095,162,3629946,红色社畜,https://i0.hdslb.com/bfs/face/f6e4659710fef9beec9c7addf7cf889a9b6452e6.jpg,552435,"二次元,修仙,原创动画,穿越,动漫,粤语,短剧,搞笑,动画短片群星计划",256803,147,318,7116,1228,136,0,0,29776
BV1yptJzjEGq,114974278030003,1,172,2079,手机游戏,其他游戏,http://i2.hdslb.com/bfs/archive/ad3092a74cffe27b6b3ae6635b950f53e73a118f.jpg,朋友推荐我玩FGO，我是不是得罪人了？【FGO九周年】,1754373600,561,1910020454,谁不重要i,https://i2.hdslb.com/bfs/face/d062d8c6efd378f88e106cdfb55d8b3d5cda8d01.jpg,1285956,"FATE,FGO,fate,希耶尔,兽艾蕾,命运-冠位指定创作者激励计划 第三期,fgo,GrandOrder,泳装从者,FGO9周年庆",324177,5910,1928,2796,1694,657,0,0,30331
BV1batuz8E1V,114967919467798,1,252,2048,仿妆cos,特摄,http://i0.hdslb.com/bfs/archive/c8f541a495e193372db7f01185a85b1da52b7c49.jpg,反派黑狐让我来演一集吧(>﹏<),1754271382,21,1542285555,电子猫头鹰_,https://i0.hdslb.com/bfs/face/006d2ad2571e33d79e888c3dd0d807a8602ae837.jpg,48945,"反派,假面骑士,特摄剧,卡面来打,黑狐,长发男生,假面骑士极狐",266577,141,990,10567,1052,3877,0,0,57784
BV1ndtVz8Epz,114971207797345,1,172,2064,手机游戏,单人RPG游戏,http://i1.hdslb.com/bfs/archive/930d8eb524672a09e309041a8e43c718c47cecc5.jpg,【禁闭者影像捕获】丨幽冕·海拉「亡灵使者」,1754366400,72,647409444,无期迷途,https://i0.hdslb.com/bfs/face/544b4a70c3f0b4333d114c61449a36765aeb05a7.jpg,1597521,"无期迷途,禁闭者,MBCC,残锋,幽冕海拉,海拉,三周年",306652,284,1407,1657,2278,1212,0,0,10613
BV14P8qzgEjF,114942820753155,1,21,2154,日常,剧情演绎,http://i1.hdslb.com/bfs/archive/2e29c56c622ac5d9add36c0bbbc33ac21131e2f1.jpg,当我扮成古风小生见女友后，她逐渐疯狂了起来！,1753952400,353,2072577982,卑鄙的老曹,https://i1.hdslb.com/bfs/face/2758cb49231da58a1ce15f091778d5801961a9fa.jpg,1266677,"生活,情侣,女友,搞笑,情感,燕云十六声,古风小生,爱的100种表达方式",3076766,4189,3353,12084,106121,5057,0,31,121987
BV1sMh3zvE1b,114963993599359,1,182,2001,影视杂谈,影视解读,http://i1.hdslb.com/bfs/archive/2024b970919103e406e65fbcd321d4a8622175c2.jpg,让主角父母双亡有什么好处？我统计了100部经典高分电影，发现……,1754280000,1521,1033271681,踏雪丨Snower,https://i2.hdslb.com/bfs/face/06dd051ca940270b4ce2313f8a6a9c938e5b3b5e.jpg,3945,"电影解说,家庭,电影,经典,高分,影评杂谈,高分电影,主角,父母,影视IP观察室",730907,1556,2854,13043,7625,1871,0,0,29157
BV1ymhnzfEiD,114953692387624,1,182,2001,影视杂谈,影视解读,http://i0.hdslb.com/bfs/archive/75da7ab7c20690b500f9214c6ccfe472c610ae79.jpg,漫威再次烂穿地心！价值观都歪了！千字赤石《钢铁之心》！,1754128800,1653,49960899,BuriedAlien,https://i0.hdslb.com/bfs/face/e41d2f3901e156f708be59a3b4f593779a9adda1.jpg,1350706,"复仇者联盟,漫威,美国队长,托尼斯塔克,钢铁侠,钢铁之心,MCU,复仇者联盟5,万字拉片大赛",2054522,17019,5136,17692,38404,6292,0,44,98412
BV1fFhHzDEY9,114953289798683,1,241,2009,娱乐杂谈,娱乐评论,http://i0.hdslb.com/bfs/archive/1071e30e4074ab0c7c70b015e68d10d28c61ad4b.jpg,回看《我是歌手2》，22岁的邓紫棋还是太强了！,1754193600,2018,3546571700439767,T酱哟,https://i2.hdslb.com/bfs/face/ab13840f0baaa9116c8735e49c2215402e0d21c3.jpg,21895,"我是歌手,综艺,邓紫棋,现场,舞台,歌手,泡沫,音乐综艺,娱乐考古放大镜",398663,1629,779,2830,3433,593,0,0,7966
BV15Whuz2Eaw,114963255398211,1,21,2186,日常,恋爱关系,http://i0.hdslb.com/bfs/archive/aa604e6451f5ea7cd933127010ddf8c1773e2996.jpg,为什么美女爱找“河童”？,1754200262,178,12473824,正宗氛围帅哥杰西卡,https://i1.hdslb.com/bfs/face/32cb94f713c81c2362df899b8d377b26b5951e3d.jpg,303749,"日本,妹子,小仙女",206408,143,216,1193,607,437,0,0,15160
BV1LztgzyEyR,114969060379388,1,182,2001,影视杂谈,影视解读,http://i0.hdslb.com/bfs/archive/81263eeeda379d8d2e3fa2355a02903bb3107bf7.jpg,他越活越年轻，却注定与爱人错过一生,1754301600,183,11099044,花町公馆,https://i1.hdslb.com/bfs/face/5a18d382f3f2efeaf072eff7c801ad79be76dc94.jpg,903943,"电影,爱情,电影解说,每天安利一部好片",2828107,419,664,39557,5755,1043,0,25,121923
BV1QjhWzmE7k,114954145434560,1,21,2154,日常,剧情演绎,http://i2.hdslb.com/bfs/archive/ab255dc1069df1fdb640243175e0d3b535f17757.jpg,大学生丐帮饭堂恋综,1754193600,465,241679003,小叮当的伙伴们,https://i2.hdslb.com/bfs/face/39f559b599ae0f273a5f7457a7d67110a6dfe5a0.jpg,1380028,"全程高能,搞笑,帅哥,搞笑小剧场,恋综,二本恋综,永劫无间手游周年庆,老百姓,大学生,心动的信号",1341693,2099,1033,6374,5643,3988,0,0,43863
BV1JthLzMEsH,114965788761818,1,193,2016,MV,原创音乐,http://i1.hdslb.com/bfs/archive/42157d95f1948305b12210ca549c932950751c3d.jpg,Tim Moyo - Unit 731,1754238970,156,3546888145995789,timmoyo,https://i0.hdslb.com/bfs/face/bec31145db8a9659d94391f32bb7e7b7cc947725.jpg,11632,"Sander,timmoyo,unit731",221692,2264,513,18262,33088,1316,0,0,71606
BV11Lt7zVEXL,114973523055614,1,253,2042,动漫杂谈,动漫评论,http://i1.hdslb.com/bfs/archive/127eb10fd7133411bebcd38250e9010d8532fb8d.jpg,现在都是谁在看“国漫”？这个问题产生的原因比它的答案更重要！【bilibili次元论战】,1754366400,1265,434177799,RS-文宣帝-星辰,https://i0.hdslb.com/bfs/face/a94a1a0ea9f815e206e34322f0454c272c7c32fd.jpg,80844,"凡人修仙传,动漫杂谈,罗小黑战记,哪吒之魔童降世,国产动画,动漫二创,浪浪山小妖怪,奶龙,国漫",105023,560,3057,1737,2005,184,0,0,3895
BV1Pht5ziEMK,114971090355941,1,65,2071,网络游戏,射击游戏,http://i1.hdslb.com/bfs/archive/3f2f09673e2a762b97bd6bd3afa671c202f99487.jpg,剥蒜的情谊42.0,1754362800,104,12705018,NinthA-,https://i0.hdslb.com/bfs/face/90fbf5732bd3bffd6a4d094acec17d30756f581e.jpg,190440,"猎奇,二手推荐,三角洲行动,三角洲搞笑,转转,二手手机",695897,6543,351,4666,645,952,0,0,38557
BV1KitEzUEjg,114974848455889,1,182,2001,影视杂谈,影视解读,http://i1.hdslb.com/bfs/archive/08e61c2cd79ee2e913ba7bb285d3e1b70a38d613.jpg,黄飞鸿这个IP是怎么走红的？70多年前的首部黄飞鸿电影到底多有料？ | 漫谈黄飞鸿电影【01】,1754388000,2819,14079696,Kimo桑,https://i0.hdslb.com/bfs/face/c3ef6a7c7ba86edb41f95cd9cd49ddbe8f79de6f.jpg,502715,"动作电影,武侠,香港电影,成龙,胡鹏,黄飞鸿,曹达华,关德兴,粤语残片,万字拉片大赛",103941,1582,387,1295,1332,90,0,0,5746
BV1RWt3zCELp,114970654213707,1,172,2063,手机游戏,鬼畜综合,http://i1.hdslb.com/bfs/archive/b51916ab0c1211ae159ffc38d18bb2d88d328add.jpg,你好，请支持羽生萌萌香.exe【明日方舟】,1754313096,72,431332411,烈空哇塞,https://i1.hdslb.com/bfs/face/acc5f4ee93b4c8dea63bb55fd0a7f8562e566cb1.jpg,10299,"鬼畜,新皮肤,明日方舟,斩业星熊,羽生萌萌香,冰,美式鬼畜,墟,整活,明日方舟创作者应援计划",207784,87,269,3251,1035,859,0,0,18170
BV1aqhwz9EnR,114941663119074,1,252,2039,仿妆cos,cosplay,http://i0.hdslb.com/bfs/archive/1f1b441d77b46964bab33b0ce4f586aa4ebfac01.jpg,不外传的珍贵猫猫喂食机视角影像,1753870906,22,3493283298805939,-ooooi-,https://i1.hdslb.com/bfs/face/3e2efc3de3cae6535f0548c378f2c479b2953ecd.jpg,115175,"直播,二次元,崩坏星穹铁道,赛飞儿,Cosplay",4132285,10873,4315,164526,47243,14503,0,24,386937
BV1gYhuz6EgP,114962953408051,1,21,2071,日常,射击游戏,http://i0.hdslb.com/bfs/archive/c03b376dbeeb922d4f86c5b02439f8be1f54279a.jpg,感觉你是那种人6.0,1754195539,35,1666628639,小怂弟,https://i2.hdslb.com/bfs/face/e922f4c94186a0fa905c771f051c1fe40a8df5d7.jpg,275260,三角洲行动,1062587,186,601,22289,936,5279,0,0,40016
BV11HhJzZEFW,114952216053868,1,228,2006,人文历史,AI影视,http://i0.hdslb.com/bfs/archive/d4df3318a47e6e12eda80942fb61b1f3ddc64642.jpg,一口气看完！以郭德纲的方式打开《死亡搁浅》，爆肝33天超长完整版！,1754125200,8470,3546879598005041,替人读书的锅年糕,https://i2.hdslb.com/bfs/face/177fd020b55f780328401d1f8ed359b46d28cef6.jpg,58598,"AI,单口相声,相声,小岛秀夫,剧情向,郭德纲,index-tts,评书,死亡搁浅,推荐宝藏游戏",1491834,2351,1381,42939,28081,12568,0,67,56035
BV1grhVzDERh,114964463361419,1,245,4216,赛车,骑行,http://i1.hdslb.com/bfs/archive/9aa6f6621a11db517660893ba8dba988f1b444da.jpg,“更离谱的是这样的表现都站不上领奖台”,1754219519,181,5321968,尽墨for车,https://i1.hdslb.com/bfs/face/3db9c7c546cd955cc1f7a1300910f9314e62a86d.jpg,1451560,"自行车,骑行,山地车,极限运动,2025年硬线速降,阿B我想玩户外",485337,469,494,2921,1605,760,0,0,24504
BV127tJzSEcc,114974328362340,1,182,2001,影视杂谈,影视解读,http://i0.hdslb.com/bfs/archive/c9ba57067854a605ba3d7dc0c3973930c71c4c1e.jpg,【万字拆解】血腥实验，杀戮元年！《人类清除计划4》第一届清除夜，人命换数据，小岛变囚笼，今晚杀人只为做科研~,1754380800,2170,245069296,迷影区间,https://i1.hdslb.com/bfs/face/a4aae4a3495cd589c21ee0d79d684ac82352c62b.jpg,893054,"万字拆解,若也洗发液,MAGA,人类清除计划4,杀戮元年,The First Purge,万字拉片大赛",319850,2547,357,4403,3046,212,0,0,13617
BV1zHh3zdE3C,114964178213883,1,252,2040,仿妆cos,二次元线下,http://i0.hdslb.com/bfs/archive/17c6c39f951b4e3714a3dbc8bdb07f3e4fb7e256.jpg,内向！不敢逛漫展，怕被美女抱着亲！,1754216614,208,632887,伢伢gagako,https://i1.hdslb.com/bfs/face/38d85946c9cd0cf159e4d646be63fad36c2486c1.jpg,2313134,"伢伢,漫展特种兵,淘小宝,淘宝闪购请你喝秋天第一杯,淘小宝ChinaJoy在线炒菜,社交悍匪淘小宝,抽象只是我的宝护色,淘宝闪购CJ请客⼆次元,采访,整活",1482017,3023,280,12042,1058,174,0,0,70259
BV1HDh8zUEcT,114958423563750,1,21,2154,日常,剧情演绎,http://i0.hdslb.com/bfs/archive/8e6c0c82e7e590b60675a3f99783d0b09c338f4f.jpg,《我为你暖了一杯茶》,1754126780,110,46508980,俊鸿,https://i1.hdslb.com/bfs/face/e12c07c423ff4b9edc5577f2fb7032a9f55aef39.jpg,783816,"篮球教学,体育,篮球,野球场,必剪创作,这是我的篮球主场",849764,446,384,3367,1754,632,0,0,76822
BV1Dnt5zVE7u,114970939495764,1,17,2079,单机游戏,其他游戏,http://i1.hdslb.com/bfs/archive/251212e70bb396b836727dc341bf2038b23b3925.jpg,【全熟】塔菲视角全程解读虚环喵,1754317466,1562,1265680561,永雏塔菲,https://i1.hdslb.com/bfs/face/5ddddba98f0265265662a8f7d5383e528a98412b.jpg,1328325,"虚拟偶像,手游,养成,二游,虚环,实机视频,战斗,腾讯游戏,永雏塔菲,虚环挖梗大赛",375231,1332,1490,2891,2369,4486,0,0,14116
BV1M6h3zCEpb,114963708382275,1,138,2156,搞笑,UP主小综艺,http://i2.hdslb.com/bfs/archive/926ea6706f2a4028b66d413e4429249792e74da8.jpg,哈哈哈哈答非所问,1754207148,117,551931509,小歪很拽,https://i2.hdslb.com/bfs/face/961bf1b9c9551c209a44d3463990190c36b3cdb1.jpg,1260496,"综艺搞笑,答非所问,趣味游戏,办公室游戏,看一遍笑一遍,搞笑研究所",1754774,2292,449,21988,1767,1110,0,0,72035
BV1bKhLzpEmT,114965956527560,1,130,2017,音乐综合,MV,http://i2.hdslb.com/bfs/archive/c8acc09a9f04b4913d6a502924019bd5bf368172.jpg,【中日歌词首发/完整版】FGO十周年纪念动画主题曲「美丽世界」神山羊×YOSUKE from SPYAIR,1754241632,243,15319615,Aki惊蛰,https://i1.hdslb.com/bfs/face/3ca6c1855a4e0feaf40e857bdb194adbccf3d63a.jpg,257257,"SPYAIR,FGO,二次元,Fate,fes2025,すばらしいせかい,十周年,Fate/Grand Order,神山羊,fgo十周年",261397,730,781,15414,7199,2693,0,0,19419
BV1wHtMzEE1j,114968624105707,1,21,2071,日常,射击游戏,http://i1.hdslb.com/bfs/archive/d98b10a8228f1f268d4c5a7eb163a9fb27bdab4a.jpg,隐藏外挂，这都不学？？,1754282321,147,1256512020,制裁哥丶,https://i0.hdslb.com/bfs/face/5d5edcef1e4609f2b5ac27791c15eea79d12f6b6.jpg,244949,"外挂,游戏整活日常,逃离伪人,地铁逃生周年版本,搞笑娱乐,游戏技巧,游戏彩蛋,吃鸡,巡查员,和平精英",1088889,46,28,33534,1175,118,0,0,23623
BV1jotuzVE87,114969798511456,1,172,2064,手机游戏,单人RPG游戏,http://i0.hdslb.com/bfs/archive/cd498c09d022bf993c8fa11380a44fd790db30f7.jpg,【绝区零】爱丽丝喂饭级攻略！都可以和谁组队？效果如何？,1754362800,1399,1438375628,粥粥的终极理解,https://i2.hdslb.com/bfs/face/96cee1dd9592ebc4e3601aeffed302c5f96eb0f0.jpg,526650,"二次元,粥粥的终极理解,绝区零UP主激励计划,ZZZCHOICE,zzzchoice,雅,爱丽丝,教程攻略,米哈游,绝区零",123754,602,621,1493,2209,223,0,0,6389
BV1ZAhGzoETD,114963389615028,1,85,2154,小剧场,剧情演绎,http://i2.hdslb.com/bfs/archive/0b910d8caf226ace9613b2249014dfbbeb7a6dcb.jpg,人心中的成见是一座大山,1754202565,190,34009507,-显眼宝-,https://i1.hdslb.com/bfs/face/13b9f8b60804357d903cbfb38f69dd837a32f941.jpg,2520783,"显眼宝,反转搞笑,原创搞笑剧情",4023091,1238,1178,13378,4460,1678,0,34,123849
BV1uJtGzKEgP,114970318607927,1,172,2071,手机游戏,射击游戏,http://i0.hdslb.com/bfs/archive/3776c52e11e406b5f728a710a82839d41948c4be.jpg,为了讨好玩家！某些游戏线下能卷成什么样？？？？,1754308445,235,7817472,某声悠,https://i0.hdslb.com/bfs/face/8bd5833ad8ef48311543754469d5d1a665b02de1.jpg,1399450,"CJ,游戏,西山居,游戏杂谈,电竞,解限机,解限机公测,解限机赛事,解限机赛事团,游戏鉴赏家",147943,6019,51,2435,1058,28,0,0,9569
BV1p2h8zHEpg,114958540999181,1,218,2167,喵星人,猫,http://i1.hdslb.com/bfs/archive/156d2bb123f771ae73901a268dbde6322139c9d4.jpg,成都上门洗猫 八年没洗被遗弃的狮子猫！全身都是结就像盔甲一样！,1754128355,255,3546799904131308,老雷爱洗猫,https://i0.hdslb.com/bfs/face/4558ff325444f349b3b60d58d627dc7b8023b023.jpg,103522,"成都,上门洗猫,喵喜喜,猫咪洗护,萌宠过暑假",285130,504,490,589,568,189,0,0,20957
BV1K2h3zzEcw,114963909708783,1,21,2001,日常,影视解读,http://i0.hdslb.com/bfs/archive/2512feee6d2301e7fce0ba9d2696a487ebdecfad.jpg,我请六国的外国朋友看了《南京照相馆》,1754210451,177,32820037,歪果仁研究协会,https://i1.hdslb.com/bfs/face/216ee0636ee87c8c4293da8b186d5f6f06eea48a.jpg,4508023,"历史,外国人,电影,南京照相馆,暑假档电影",351129,413,622,3733,8599,322,0,0,41707
BV1t98CzcELt,114947199665902,1,47,2044,同人·手书,动画配音,http://i1.hdslb.com/bfs/archive/6d07ddb5d7b32116fbd5f038cc53be181f8e11a3.jpg,法庭上禁止讨论“末日时动漫和现实的区别”啊！！！,1753955366,187,5818410,芦苇十三少,https://i0.hdslb.com/bfs/face/015fd86960cc27088750397ea9fed03b92868a5c.jpg,2954749,"原创动画,神作,逆转裁判,搞笑,生活,配音,芦苇十三少,动画种草激励计划,jojo的奇妙明显,灵笼",1107022,615,587,7095,1672,263,0,0,65387
BV1gatnzFE81,114975670539661,1,138,2154,搞笑,剧情演绎,http://i0.hdslb.com/bfs/archive/77023ad3f83953c89058162986905f6ef6cdaac8.jpg,蜿蜒的山路又会带我通往什么地方呢？,1754389714,166,484262091,郑丽芬er,https://i0.hdslb.com/bfs/face/b31a4cd9a55c60f6255e1f59266b369d7f3a1da0.jpg,1043176,"情感,一人分饰多角,家人",222788,170,387,982,943,75,0,0,21257
BV1TztnzsEF8,114975653762722,1,76,2152,美食制作,美食记录,http://i1.hdslb.com/bfs/archive/dafd873243ff99c18867d0127c4acd7259d2c259.jpg,厨师长下班偷偷用边角料开小灶，做个【牛肉咖喱饭】再吃个刺身，再吃个甜品，边角料对付一天,1754390681,821,472229397,张森的日本料理,https://i0.hdslb.com/bfs/face/ac3b108b97e8a8415476ca5db05b71ea1fdf965a.jpg,281905,"厨师长偷吃,美食记录,深夜美食,整点电子榨菜",120678,490,400,1136,954,296,0,0,12944
BV112hpzMEQC,114954480913957,1,257,2169,配音,小宠异宠,http://i0.hdslb.com/bfs/archive/cd4d3eafd626b1ab6ec1bec9b254bdc8367ca3e0.jpg,绿茶vs傲娇④,1754096420,31,400665645,卑微鸭嘎嘎,https://i0.hdslb.com/bfs/face/18a152ffc35c44bc43eb37788d4b092b01738685.jpg,234751,"可爱,声优,配音,鸭嘎嘎,动物配音,配音小剧场",487184,169,656,12715,747,1046,0,0,46170
BV1HhtGzZEaV,114969916015676,1,158,2114,穿搭,鞋服穿搭,http://i1.hdslb.com/bfs/archive/7df96114cc637e48f61501408e20c2259e5292e6.jpg,我的时尚启蒙剧——爱情公寓,1754301899,220,327738805,六一不是猫,https://i1.hdslb.com/bfs/face/47a25ce422a25856af9fa9301c45dceda8f68440.jpg,1061258,"穿搭,服饰,品牌,普通人变美指南",239258,432,247,2779,719,155,0,0,20102
BV1ibhVzfEYJ,114964866073948,1,85,2154,小剧场,剧情演绎,http://i1.hdslb.com/bfs/archive/0d68150f6ce397a7919ecb1bd09b27f053fef3ee.jpg,《石头剪刀布赢了当皇帝》,1754224863,43,2026548816,乔乔和夫夫,https://i0.hdslb.com/bfs/face/b57ca61dabc302b80dec0ba2195628eac85fb4a4.jpg,2133027,"B站小剧场,恋爱,搞笑,情侣日常",540690,120,279,2146,581,666,0,0,69826
BV1W8hHzcEMc,114952970963838,1,138,2154,搞笑,剧情演绎,http://i1.hdslb.com/bfs/archive/26853126726175ddaf49118a7f43769c1e285197.jpg,做了件好事,1754043339,182,3546638173866146,李万基fit,https://i2.hdslb.com/bfs/face/6623817f465bd4b80cf1f83af334fa2d56d0983c.jpg,489914,搞笑研究所,3427391,651,1264,11488,5391,1847,0,36,203871
BV1zghtzMEbB,114957769252558,1,138,2156,搞笑,UP主小综艺,http://i2.hdslb.com/bfs/archive/657df028012d16f5eafb37c2198eee4b67d5dbc7.jpg,走到哪算哪,1754118000,2512,5970160,小潮院长,https://i1.hdslb.com/bfs/face/834eb0de8d2f470bf03e4ea92831b14f3824c863.jpg,14312526,"娱乐,高能,小潮,逗比,搞笑,生活,一加Ace5至尊版,一加手机,小潮team,一加手机全面战神",5887810,63967,8893,122819,144804,5577,0,4,345814
BV16Qt3zsEzy,114970419334424,1,172,2064,手机游戏,单人RPG游戏,http://i1.hdslb.com/bfs/archive/5b0b36ce03e36c7940e14e5dd67b7d46b4b83774.jpg,渊上：我见证了许多古国的覆灭，却唯独记不起我的故乡,1754309434,59,11680111,DY浮光易逝,https://i1.hdslb.com/bfs/face/21ec01d72eefa85bebe89dead113e4a25cdeb03f.jpg,14244,"原神UP主激励计划,游戏杂谈,CG混剪,剧情,游戏CG,渊上,原神",147370,53,523,3762,562,372,0,0,12697
BV1YLhWzEEQ9,114954229257331,1,171,2071,电子竞技,射击游戏,http://i2.hdslb.com/bfs/archive/6f63e471e7431e67707431dcf5f09a941cdc2692.jpg,脸都气绿了,1754062484,431,1050482689,康有成,https://i1.hdslb.com/bfs/face/2856b2c0f3f7bca04bc4b84883533eb3db3cfef9.jpg,155379,"FPS,电子竞技,穿越火线,推荐宝藏游戏",1819678,1688,1032,17207,4114,2733,0,0,113704
BV1BX8yzSEME,114946209746237,1,17,2078,单机游戏,沙盒类,http://i2.hdslb.com/bfs/archive/f1cc610ccfd66fd8c7d1b193b14c2d05caf06044.jpg,MC最刺激极限追杀！大神Dream VS 旺仔小乔！？,1754042431,488,454644137,xiaozheng562,https://i2.hdslb.com/bfs/face/6816a76774870b960618f987fcf97f7bdab5c4e5.jpg,139716,"美女,猎奇,唱歌,沙盒游戏,我的世界,旺仔小乔,像素风,超级搞笑,dream,极限追杀",553002,1360,637,12324,2367,2569,0,0,47514
BV1JehJzSEra,114952350211088,1,176,2077,汽车生活,休闲/小游戏,http://i2.hdslb.com/bfs/archive/82d1bd70309cf1c4b98da0ecd0d7f1f3c7d6bef1.jpg,我太奶团最擅长的就是搬箱子和垫箱子了,1754034507,258,3546767706556480,蛋仔派对太奶团团,https://i1.hdslb.com/bfs/face/e9377e8c8e1da91b0e8e071c1e86b2bddd834e88.jpg,74400,"必剪创作,蛋仔派对宝藏乐园地图",3525738,59,55,95498,10219,10,0,45,93770
BV1hrhPzfEyJ,114959631517866,1,193,2017,MV,MV,http://i2.hdslb.com/bfs/archive/ad94ea1e18c8f16bfbe98ec2f094c38023214ac9.jpg,雨一直下,1754206200,74,3546872622877434,三点半官方,https://i0.hdslb.com/bfs/face/244bb12aaccb5a61212b38dfa32927ad6c6e9a7a.jpg,48049,"DJ,萨克斯,校草,雨一直下,三角恋",548881,13408,1228,11409,5379,4516,0,0,79272
BV1ngtnz5Eos,114975972528821,1,124,2081,社科·法律·心理,海外资讯,http://i0.hdslb.com/bfs/archive/ee4dad3bebf9f4380cf1fb77da2647e2ff03aa51.jpg,【睡前消息935】洪森子孙要当首相 只好卖掉他信女儿,1754397532,1190,316568752,马督工,https://i1.hdslb.com/bfs/face/1c56737dfc0deffffc31c78e0cefb0c3ecf7e000.jpg,2085748,"美国,泰国,社会,英国,睡前消息,国际,首相,洪森,马督工",249566,531,171,2578,5044,398,0,0,13174
BV1mAhpzBExM,114952803321273,1,161,2145,手工,传统手工艺,http://i1.hdslb.com/bfs/archive/aba4d40e11a289a1ff2ea560739e296aeffb95ad.jpg,一把鲁班凳传承中华木工技艺，阿成手作匠心初显,1754040829,114,29373131,阿木爷爷,https://i2.hdslb.com/bfs/face/89fc28eef56ece28d706c18435d78fbbe2eaf148.jpg,525244,"传承,技艺,传统手艺,木艺,鲁班凳,我的手工真的很解压",3546875,697,1656,5750,2699,452,0,0,83339
BV1HL8zz6EyG,114943726716189,1,250,2122,出行,家居展示,http://i2.hdslb.com/bfs/archive/fae0e34b789558b8a90934c4fab8cff208e95cb6.jpg,“邀你看花开瞬间 会很幸运哦～”,1753925400,150,3494364072380525,风景旅行收藏家,https://i2.hdslb.com/bfs/face/ace12fc4e32a46bc07aa82b15b705ed0cfeec5e8.jpg,1433492,"植物,瞬间,治愈,风景,美好,记录,花,花开,幸运",301906,9557,291,13762,3172,2462,0,0,66725
BV1yPtnzEEPZ,114975771269031,1,212,2152,美食侦探,美食记录,http://i0.hdslb.com/bfs/archive/ca161288796658ab7b8e24d2359915a2960b4883.jpg,在马来西亚实现海鲜自由！大龙虾+“顶流”炸鸡，这一口好吃到跺脚！,1754392112,1896,649019192,方芳的快乐生活,https://i2.hdslb.com/bfs/face/6403112ef1655c35eebc639706114d184edb3472.jpg,1821821,"吃货,美食侦探,旅行,搞笑,生活记录,马来西亚,记录我的美食日常,龙虾",513673,9905,1461,7444,43939,1162,0,0,42410
BV1Jnh3z4Enx,114964127815974,1,172,2071,手机游戏,射击游戏,http://i1.hdslb.com/bfs/archive/153d20be83bfb01f3e31a66752c6ead6032c986f.jpg,让你通透整个大坝，你的无名才能愈战愈勇,1754214425,309,1809444890,三角洲-安澜,https://i2.hdslb.com/bfs/face/e714b2642ce045e441a21dd29e94a72d3f7f3f8e.jpg,288683,"FPS,电子竞技,三角洲行动,单三猛攻,零号大坝教学,无名教学,安澜三角洲行动,粑粑流无名,教程攻略,三角洲破壁新赛季上线",589843,815,1294,7069,2492,1107,0,0,52513
BV1YutczVEZh,114979596408477,1,76,2149,美食制作,美食制作,http://i0.hdslb.com/bfs/archive/334658e1d5f2fa9cd827adcea0b2e9512b9bd5a4.jpg,这不是AI！ 是校长的早餐,1754449659,263,527057981,叶子吖OHYEZI,https://i2.hdslb.com/bfs/face/82c35a353cca3da4b85499a8033871da60b1bb02.jpg,1308499,"AI,美食制作,搞笑,手工,吃货,记录我的美食日常,翻车,校长",70010,155,135,1262,704,40,0,0,5578
BV1fUtEzzEuz,114974445800143,1,172,2071,手机游戏,射击游戏,http://i1.hdslb.com/bfs/archive/f27913067de604801d31f32b9a0769b15327eb52.jpg,从玩家流失到平台前三，漫威争锋到底经历了什么？,1754388000,304,32985235,住B站的王王,https://i1.hdslb.com/bfs/face/0be3483cd1a86d0a7b564d40bd828e72ca23160a.jpg,214132,"漫威,电子竞技,网络游戏,游戏,射击游戏,漫威争锋,漫威争锋第3赛季,漫威争锋S3赛季浴火新生,漫威争锋S3下半赛季,游戏鉴赏家",111423,327,546,1478,1263,263,0,0,9923
BV155hAzbEUW,114941528907662,1,219,2168,汪星人,狗,http://i1.hdslb.com/bfs/archive/3967ab8d64939a979b7eb7736e21c146caa5ba38.jpg,小狗为什么烦爸爸,1754301600,58,1595633891,鱼仔是真的狗,https://i2.hdslb.com/bfs/face/c628b0118d8d12a8b360058fc3ca8a1ac9c639b9.jpg,767524,"萌宠,汪星人,边牧,狗狗,爸爸,牧羊犬,小奶狗,小狗,萌宠过暑假",549625,128,189,1715,675,824,0,0,52865
BV1xMhpzNE8u,114952820039292,1,27,2041,综合,动漫剪辑,http://i0.hdslb.com/bfs/archive/fbbdb5bf358b4a358443f078d99756b75a97990f.jpg,我 和 你,1754040989,34,470849460,花落北城,https://i0.hdslb.com/bfs/face/d50b8b25667e330a0bca88b4ea68d1080c367e75.jpg,1527,"剪辑,动画短片,二次元,动漫,章鱼噼,卡点,伤感",687443,207,1863,33571,8955,3351,0,0,114176
BV1iktGznEXL,114969865751458,1,171,2068,电子竞技,回合制策略游戏,http://i0.hdslb.com/bfs/archive/a78adb872171ec523966d4f68181c1291b0e0ea4.jpg,一期看完铲铲S15开服必学12套阵容【云顶之弈】【金铲铲之战】,1754362800,191,18343134,林小北Lindo,https://i0.hdslb.com/bfs/face/fc093c1e6784b5f51e4697c739fe70e519ba36f7.jpg,1851336,"电子竞技,云顶之弈,云顶阵容教学,金铲铲之战,云顶之弈激励计划,云顶s15,云顶之弈s15,天下无双格斗大赛,云顶s15上线,林小北",367016,114,1001,5086,1204,1566,0,0,8050
BV14KhVzyETn,114965184777425,2,47,2037,同人·手书,同人动画,http://i1.hdslb.com/bfs/archive/8c26eba50041cea8e80ed079272ebe9769564092.jpg,大爱仙尊蛊真人第二卷·魔子出山·完结版，暑期一口气看完,1754231104,44038,674175128,古月秋明,https://i2.hdslb.com/bfs/face/f87d5557002a2e32d783179b30706be582e77bd7.jpg,250024,"原创动画,白凝冰,三王山,古月秋明,动画种草激励计划,蛊真人,一口气看完,古月方源",83763,715,145,3735,1852,214,0,0,6236
BV1NitEzUEoH,114974848458524,1,182,2001,影视杂谈,影视解读,http://i1.hdslb.com/bfs/archive/0753dd7f8a17158275edd1ea44d33ac1642701bc.jpg,断骨塑鼻，吞虫减肥，尺度惊人的暗黑童话改编，年度必看恐怖片《丑陋的继姐》！,1754384400,2103,386869863,培根悖论唠唠嗑,https://i0.hdslb.com/bfs/face/225b8ef554ed65ac3c5e137262a252ef4b411e64.jpg,2558046,"惊悚,电影解说,恐怖,暗黑童话,灰姑娘,丑陋的继姐,万字拉片大赛",302972,1535,397,3336,1791,445,0,0,10781
BV1B4hPzuEqA,114960134835388,1,172,2071,手机游戏,射击游戏,http://i1.hdslb.com/bfs/archive/c9ebce7110da68fa425f7d26166f46c923b68541.jpg,太阳神MPX,1754181000,233,1509765708,啊啪商,https://i0.hdslb.com/bfs/face/b94d613e9fa31113979229983ac7cd5b1c356150.jpg,284052,"暗区热门稿件大赏,暗区突围可颂作者团,暗区突围高能团第一期,暗区游戏实况,暗区突围",505348,459,478,10346,3821,65,0,0,21800
BV1YnhtzhEe9,114957987351205,1,17,2077,单机游戏,休闲/小游戏,http://i0.hdslb.com/bfs/archive/8e494eb518b75f3d58af1043cff4d52bb6fd869b.jpg,十年前碰瓷pvZ 3，质量究竟如何？,1754119878,230,3546716194212512,蓝莓菌hy,https://i2.hdslb.com/bfs/face/b1aefa56b667fd68c648a9b85c6d6caa451ca97d.jpg,21701,"回忆,植物大战僵尸,娱乐,童年回忆,盗版游戏,试毒,植物大战僵尸3",861521,534,451,12778,1899,94,0,0,26566
BV1WJtMzSEpE,114968640947553,1,212,2150,美食侦探,美食探店,http://i0.hdslb.com/bfs/archive/1e64fec99f36b491e277ed5beddf5db8e5684005.jpg,来了贵州的这一口酸汤，绝对是不能错过！,1754298300,183,662658732,玲子reiko-,https://i0.hdslb.com/bfs/face/a8d629cf26aadac92df23448177860842cc8e133.jpg,1769207,"记录我的美食日常,贵州,探店",255822,116,528,1405,572,1320,0,0,25633
BV1iShGzxEFZ,114965100888535,1,138,2142,搞笑,体育综合,http://i1.hdslb.com/bfs/archive/c4bd7d12b3150fb96e86985e4118659b39a1cc69.jpg,铁人五项比赛！,1754228650,193,3546378519186308,三一八本人,https://i2.hdslb.com/bfs/face/f3042ec213e893123bb820cad91e372bc43bcf5d.jpg,495496,"体育,运动,比赛",767159,1380,1135,1594,1548,1516,0,0,33930
BV1gStMzFEUW,114968389294910,1,212,2150,美食侦探,美食探店,http://i1.hdslb.com/bfs/archive/33a21db8a8db6036a50f55951b26e84ed49375fc.jpg,邯郸.特色小吃 厨子探店¥34,1754278947,229,544336675,真探唐仁杰,https://i1.hdslb.com/bfs/face/f82b7cb6e6b9e2351bb201f668af10b66b4d0d5c.jpg,4444118,舌尖真探事务所,863931,616,1365,4336,1730,1916,0,0,91539
BV1Z7h8z3EiN,114958591400416,1,138,2154,搞笑,剧情演绎,http://i0.hdslb.com/bfs/archive/48e2e21f12202d8bd946f0c42fb6928d886377ea.jpg,当异校好友出现在班级门口！,1754129296,117,393709394,一串大福,https://i2.hdslb.com/bfs/face/e6d1cf7df22235495d25d7ae77a4aa185e5d8c7f.jpg,1552351,"原创,搞笑,青春,校园,搞笑小剧场,来福来福,一串大福,学生时代,真实,fyp",2684051,1073,491,20344,1641,270,0,0,77893
BV1A8tGzbEiA,114970268278550,1,253,2042,动漫杂谈,动漫评论,http://i1.hdslb.com/bfs/archive/1aa6e211a0e82fa21e09ffe786d3d9a82d3b3fa5.jpg,洛克斯两颗“传说果实”是什么？威胁伊姆和圣地的力量！！神之谷之前的阴谋预演！海贼王1156话细节伏笔分析！,1754308800,670,488779255,动漫作业本,https://i1.hdslb.com/bfs/face/cef5ab0106a79aa442efbc63c4d0bca29707eeb1.jpg,1614045,"海贼王,发现宝藏动漫,溪木源航海王男士,路飞,香克斯,蒂奇,恶魔果实,巨人国,艾尔巴夫,洛克斯",377031,762,918,1082,1003,266,0,0,13672
BV1Z7tnzzEP1,114975553230831,1,172,2073,手机游戏,动作竞技游戏,http://i1.hdslb.com/bfs/archive/381b85c8841bff4d0f132736f1cd3e3c2eedebbc.jpg,9月S果然是金身水门！带大家看看火影新公告，简单氪10个648提升战力，再感受下武当花火的实战表现！,1754388346,795,38568774,鬼叔黍,https://i0.hdslb.com/bfs/face/b35d79cac0c8d78f1fbb4956bf0d778d272a9dfb.jpg,3190341,"万物皆可游戏,鬼叔黍,战力,游戏测评,火影,主播,格斗游戏,火影忍者手游",354543,2495,1198,6268,5288,1332,0,0,17676
BV1M7tGzqEJR,114970134055496,1,171,2070,电子竞技,MOBA游戏,http://i0.hdslb.com/bfs/archive/cce46074c2ace7581c0e875bda608b9bfffc82bc.jpg,帮下路跳大守塔，我是真心的，至于兵线去哪里了，去问设计师！,1754305129,95,3546827091610313,执念v稻草人,https://i2.hdslb.com/bfs/face/6a94bdd2e813968a255950e882df8b481aa0d848.jpg,43853,"英雄联盟,精彩集锦,天青青",148325,62,108,746,1236,73,0,0,10930
BV19KtgzTEaJ,114969362437434,1,65,2071,网络游戏,射击游戏,http://i2.hdslb.com/bfs/archive/759f6ab32d5c6d8c25c0d5bcd143b2e13b71e8a6.jpg,《田野打架：根号36》,1754293614,145,690441394,雪晶聚合物,https://i1.hdslb.com/bfs/face/9ba7744376735eb13e757690e0e3ada3e104eb52.jpg,14840,"彩虹六号,战地,FPS,明日方舟,崩坏：星穹铁道,三角洲行动,搞笑配音,战地6,战术小队,明日方舟创作者应援计划",85177,337,282,3441,1183,1861,0,0,9069
BV1jctHzgEea,114975351836802,1,21,2126,日常,户外探险,http://i1.hdslb.com/bfs/archive/8d32b4bf74cfc339cc62e10f79ef8bb519c573fa.jpg,流浪庇护所成型通水通电，是时候享受牛总生活了。,1754387725,877,1625060795,浪仔小牛,https://i2.hdslb.com/bfs/face/0f5c077c743dd4c1e0a8f3089becc6f4acbddc75.jpg,532971,"生活记录,庇护所,正能量,露营,户外,我的离谱暑假",521459,2951,660,1379,7618,762,0,0,15674
BV1NChnzYEQK,114953675673461,1,172,2064,手机游戏,单人RPG游戏,http://i2.hdslb.com/bfs/archive/bb46c4c0b94bf197056bbf60d9ddda82eeb4e37e.jpg,3.6均衡命途仲裁官登场！星铁开服最大伏笔终于来了？,1754054208,281,3546664558135806,星铃拿铁,https://i0.hdslb.com/bfs/face/1c7e01be49a86c97c4984d472a51f7b58b0f3cf0.jpg,30534,"游戏杂谈,螺丝咕姆,均衡星神,大黑塔,昔涟,如我所书,翁法罗斯开拓之旅,来古士,长夜月,三月七",1144134,929,2929,15586,4360,10212,0,0,83110
BV134htztEfJ,114957920377626,1,17,2078,单机游戏,沙盒类,http://i2.hdslb.com/bfs/archive/dc80efa41f9c974d2560bffd8e861c3fdeddc07e.jpg,当MC服里加入东方明珠激光塔(玩家：我只是拿安卓机拍了张照，喝了口蜜雪而已😭😭,1754139600,141,189841470,Mr_牛奶,https://i0.hdslb.com/bfs/face/2354a3c3e0bcfbc0c565504060e1eca5efeaaf4d.jpg,806635,"服务器,我的世界,整蛊,沙盒游戏,服务器恶搞,东方明珠激光塔,东方明珠,安卓手机,蜜雪冰城",987401,314,899,11076,1381,380,0,0,47442
BV1bzh3z5EDD,114963658115312,1,168,2006,国产原创相关,AI影视,http://i1.hdslb.com/bfs/archive/d8b64626fcc31f83285b71ad69819bf66862071f.jpg,我只花一天时间做出韩立结婴,1754207278,351,3546920945453709,韩胶带本尊,https://i0.hdslb.com/bfs/face/7e63e9892175bd2aa0fba36d5e7b587d5680e3ea.jpg,11795,"古风,动漫,剪辑,电视剧,韩胶带,韩立,银月,瓦卡奖VACAT征集大赛",712579,680,1239,2068,3865,1024,0,0,19888
BV1ZBh7zuEuU,114951477923882,1,250,2158,出行,旅游记录,http://i2.hdslb.com/bfs/archive/37f7399c05fa779ebe35aee233ddf1a99c31dd6d.jpg,自驾川西四姑娘山，探访震后17年的汶川映秀镇,1754042400,2298,480670664,赖导AboutLai,https://i2.hdslb.com/bfs/face/681490e6600ee52089320ed4e5bc6cae7771b4cb.jpg,728208,"四川,秦L EV,更出色，才带感,汶川,出行,川西,自驾游,四姑娘山,映秀",693754,4287,1702,8402,25408,3973,0,0,30576
BV1aXhHzLEsv,114952652263117,1,219,2168,汪星人,狗,http://i2.hdslb.com/bfs/archive/082e05314fa28fa823b275d4c529f7f9bdfd0201.jpg,当我揭开捡来的串串小狗身世之谜,1754038509,283,514376446,小恩不是人_,https://i1.hdslb.com/bfs/face/4fb77501e0d418c1e4dff61a06bf756b9b432017.jpg,5164,"串串,汪星人,养狗的乐趣,流浪狗后续,混血狗小恩,小狗,捡狗",636899,1080,959,5589,1256,1255,0,0,64771
BV1gdhHzVE6m,114952685750447,1,138,2166,搞笑,农村生活,http://i0.hdslb.com/bfs/archive/b90ad3bf606948021e18dc2d3a49d811e3964087.jpg,我做了一个70年的天王梦,1754038992,18,667606816,毛宇鹏-抽象爷爷,https://i1.hdslb.com/bfs/face/0cfe03dbbdfb80893a2fd001c8067ad010373573.jpg,76353,"梦想,生活记录,记录",2611002,1783,3081,35578,13135,9763,0,48,282299
BV1SehnzBEQp,114953574943449,1,176,2106,汽车生活,汽车测评,http://i1.hdslb.com/bfs/archive/13fa215a738033a198a1d6052d7543974c5954bf.jpg,5点分析解读理想i8撞飞卡车，到底是谁的问题？,1754103600,677,3546724748495813,超哥超车,https://i2.hdslb.com/bfs/face/4bee3bbf26fe89cb847f93cfeb1566c31da0667a.jpg,798884,"理想i8,买个der,买车,理想汽车",854739,8608,5613,3804,5304,3015,0,0,56332
BV1LNtGz1EKH,114970536714022,1,218,2171,喵星人,动物综合·二创,http://i0.hdslb.com/bfs/archive/31afa04819f7d7fbb7414be144b40c02b79cb72b.jpg,城市猫回村以后，去抓制作猫薄荷的老鼠,1754311314,170,3493267595332476,苏豪和大强,https://i0.hdslb.com/bfs/face/9be009294b6c2e9132178b09683fddbbdc24617f.jpg,120025,"大学,喵星人,宿舍,萌宠过暑假",1055717,395,223,8718,990,408,0,0,56237
BV1NUh3zMEny,114963892931372,1,219,2167,汪星人,猫,http://i2.hdslb.com/bfs/archive/0cdb3dfd4d9d83a0eeb87232a562de2664d18715.jpg,陪伴是最长情的告白,1754220000,316,3546946425850423,一口一个团up主,https://i1.hdslb.com/bfs/face/33fcb94a59b9c4e52c8e95ef97176c1cf408474f.jpg,359849,"边牧,萌宠,布偶,小狗,小猫,萌宠过暑假",253449,620,718,4987,3152,1408,0,0,40377
BV125h7zREfY,114951393969533,1,215,2149,美食记录,美食制作,http://i2.hdslb.com/bfs/archive/af24e342fff59cd6e678f0296fc10607f6b8dc21.jpg,粗粮的正确打开方式！,1754019348,180,1983705001,明天谁做东,https://i1.hdslb.com/bfs/face/5b2465cc10918e1b6c0683a192d53716294a31d8.jpg,601007,"奇葩,美食制作,粗粮",457779,224,218,1582,800,206,0,0,40499
BV1sktuzXE1L,114969681073044,1,220,2168,动物二创,狗,http://i2.hdslb.com/bfs/archive/da38b818d6d2734b6394f44dbbf99110f1957983.jpg,狗仗人势让你展示的淋漓尽致,1754298551,32,1870883193,猫后生,https://i0.hdslb.com/bfs/face/2314ea25bbc2252b8e1e342893725d19fdc3bbff.jpg,1154655,"汪星人,搞笑,动物总动员",538763,66,257,864,722,457,0,0,25151
BV1tkh3zGE6F,114963691670441,1,172,2071,手机游戏,射击游戏,http://i1.hdslb.com/bfs/archive/541e27a39a5d9a47a8c0ec92341cdd617a8b7b64.jpg,“暗区最后的干货萌新导师”,1754207466,130,2091253414,石魔不是石磨-暗区,https://i1.hdslb.com/bfs/face/5e0e26b557d28f08e8d8b5cacadfaf2b170c8c66.jpg,101724,"暗区突围可颂作者团,暗区突围高能团第一期,暗区突围",267433,5626,456,12986,1085,574,0,0,28491
BV1LuhGz9E9Y,114963591010927,1,171,2070,电子竞技,MOBA游戏,http://i1.hdslb.com/bfs/archive/a79dd4fa26564cd4c67540196d83a52d2514dfbb.jpg,不是我喜欢的残血，直接开大！！！,1754215200,186,262503053,佐悠-Leisurely,https://i2.hdslb.com/bfs/face/79fef1e68d835d382d582e227e05a8737515a9ce.jpg,1910918,"娱乐,电子竞技,搞笑,诸葛亮,王者荣耀,王者荣耀夏日盛典,诸葛亮峡谷小动物团长,MOBA,王者荣耀山海皮肤",792760,710,805,4045,5416,1993,0,0,57473
BV1DXtGzkEoK,114970016613603,1,17,2078,单机游戏,沙盒类,http://i0.hdslb.com/bfs/archive/f2c4a23952301621dd7f35520d68ecc471ac2473.jpg,小熊和大熊~我们熊都很凶的哦,1754303630,1170,3546911323719740,小熊饼UwU,https://i2.hdslb.com/bfs/face/4d42209d4ffdd52ec25288efbd34cfc5eb8cc40e.jpg,78243,"我的世界,生存,实况,MC,沙盒游戏,Minecraft,整点电子榨菜",70846,659,711,2231,2457,202,0,0,14308
BV1eNtGz1EBs,114970536774485,1,172,2071,手机游戏,射击游戏,http://i0.hdslb.com/bfs/archive/e889b7d14965d5810e6b9b22a5275396ebc1561c.jpg,【崩坏学园2】大  展  鸿  兔,1754366400,146,133934,崩坏学园2-灵依娘desu,https://i2.hdslb.com/bfs/face/7f7a98360928ba0339881b4a4caa39af68d3618d.jpg,953465,"二次元,布洛妮娅,崩坏学园2,全新BOSS,L的肖像,银狼归来,动作游戏,幻海,miHoYo,主线更新",109826,309,1029,1563,1137,932,0,0,12012
BV1Q3hgzCEGi,114962735304248,1,21,2070,日常,MOBA游戏,http://i1.hdslb.com/bfs/archive/a6267e3fd50faa30f9fb665736c8509081fe17a5.jpg,我的辅助从来不是我的累赘,1754192317,121,454818704,王者荣耀齐鹏鹏,https://i2.hdslb.com/bfs/face/5ef332d2502814386aff625cde1bd336919f0d72.jpg,147794,"王者荣耀夏日盛典,朵莉亚在编人鱼公主,王者荣耀山海皮肤",1188802,140,449,11099,1033,266,0,0,29725
BV11ntgzoEMF,114969530205443,1,17,2078,单机游戏,沙盒类,http://i2.hdslb.com/bfs/archive/323b2d968886b0696dbd8e40fec1693b5d7d8923.jpg,这不比手术刀好用？,1754298000,1003,19512037,纪夫Junly,https://i1.hdslb.com/bfs/face/66c9b0f2d84ee09c2c4209894e09a9dfac1806fb.jpg,684590,"我的世界,娱乐,游戏,搞笑,小游戏,Minecraft,纪夫Junly,MC宝藏模组推荐",374451,1825,693,10428,3875,133,0,0,23525
BV1uHhAz9E9s,114941176581423,1,21,2083,日常,综合资讯,http://i1.hdslb.com/bfs/archive/1ed95e6128a8dbc19067781a4daac98c2273f93f.jpg,一本书讲述“捐赠二战相册”事件始末,1753863312,190,3546705693772503,EvanKail埃文凯尔,https://i0.hdslb.com/bfs/face/c57feb99919a5f26ec6ebd876ad5cf0f5acee0a3.jpg,1354469,"人文,读书,二战,相册,事件",402097,473,466,11423,8618,262,0,0,123621
BV1vPtgzBEFk,114969379147810,1,121,2037,GMV,同人动画,http://i2.hdslb.com/bfs/archive/c75588062055cce5b2ed2b10a4da4320679b2fe7.jpg,哇！这个可以给我吃吗~,1754293571,33,21132494,林烟不是大佬,https://i2.hdslb.com/bfs/face/46ad16ee528f3bc3b11b137da97d45983b7a5cff.jpg,168550,"魔性,FGO,手书,fate,saber,阿尔托莉雅·潘德拉贡,迦勒底创作高能团,阿尔托莉雅,fgo,命运-冠位指定创作者激励计划",333552,193,835,10513,9149,1567,0,0,55046
BV1tH8SzjE4F,114949716184347,1,130,2027,音乐综合,音乐综合,http://i2.hdslb.com/bfs/archive/b653ca373ccee92af5e33da939ea9242c9b597aa.jpg,硬 曲 盲 盒 9.0,1754006400,2050,88082801,挽风丶Sama,https://i2.hdslb.com/bfs/face/91484503b5edaa7134d6cd03c418d24acf4845a5.jpg,353163,"BGM,电台,音乐选集,卡点,小曲,盲盒,电台新星征集令",817456,1293,198,103304,7384,291,0,100,78667
BV1hshNz8E81,114959161820485,1,254,2174,亲子,儿童才艺,http://i2.hdslb.com/bfs/archive/200f20b7c4db1fcf48d3b6d0aafbd4b629dba7b5.jpg,嗯对，法修散打！！！,1754137780,24,116727704,嘟嘟小桑麦,https://i2.hdslb.com/bfs/face/aeaa251cf29d66ce6132a0241a2c17518eee4526.jpg,1467,"搞笑,生活记录,记录",678468,1626,7345,3004,5186,1066,0,0,121822
BV17v8CzVEqJ,114947132495516,1,21,2156,日常,UP主小综艺,http://i1.hdslb.com/bfs/archive/09b293d4be3320eb3cbe698961a4c55aa82afe31.jpg,《暑假作业》,1753954384,423,3546731908171869,是许木木啊,https://i0.hdslb.com/bfs/face/dd7af55fc5361c6a343356958efce19fa6326d89.jpg,1377064,"剪辑,自制,原创",1669138,4173,3503,24554,4729,1371,0,93,118816
BV1NMhpzNEBb,114952819966305,1,219,2168,汪星人,狗,http://i0.hdslb.com/bfs/archive/5033c2e64a9f3968e115ea30c9f4a167ab4032c1.jpg,奶奶打麻将赢回来的哼唧小狗,1754040961,101,3546876607466242,酒酿小猫鱼丸,https://i1.hdslb.com/bfs/face/0461ba706c4da95affdd5cc675e99175e49d229b.jpg,22163,"狗狗,汪星人,田园犬,小狗,小土狗,奶奶,小奶狗,土狗",523278,290,1350,15184,2104,6845,0,0,81039
BV1F2hNzLEtK,114959262420535,1,138,2207,搞笑,随拍·综合,http://i1.hdslb.com/bfs/archive/708b2199a00429febd9010152c19239475400462.jpg,感谢坚强的自己依然坚强的活着,1754139304,81,143832717,安茂元,https://i0.hdslb.com/bfs/face/751a438f52a7bb62ee3bbbdcf86c6993a271e77d.jpg,361332,搞笑,776952,399,853,10076,1784,4225,0,0,85090
BV1W5hVzuEFC,114964832455317,1,172,2067,手机游戏,SLG游戏,http://i2.hdslb.com/bfs/archive/394325c7540ee73c1c4bf37e9429837c18e0a4fe.jpg,运营了十年的部落冲突真的变天了吗？,1754298000,391,450882837,一叮当猫一,https://i0.hdslb.com/bfs/face/d1860f1dc772903037f0048c149b2b445e6bcc74.jpg,1765654,"策略游戏,游戏解说,试玩,手机游戏,部落冲突,部落冲突周年庆",236284,230,549,2510,2224,1090,0,0,6545
BV1uStMzFEVK,114968389291559,1,257,2171,配音,动物综合·二创,http://i2.hdslb.com/bfs/archive/ed0ac8ed152e8f60ffa289a7c20c796cc260bf31.jpg,天堂啊！😭,1754278472,32,400665645,卑微鸭嘎嘎,https://i0.hdslb.com/bfs/face/18a152ffc35c44bc43eb37788d4b092b01738685.jpg,234753,"可爱,声优,配音,鸭嘎嘎,动物配音,配音小剧场",5063025,1164,3541,57922,8857,17234,0,22,350369
BV11ChnzaEkc,114953675606824,1,172,2073,手机游戏,动作竞技游戏,http://i2.hdslb.com/bfs/archive/33c868af982247643946e16c1f9e67518887d146.jpg,带 土 大 冒 险 ！,1754301600,142,321563149,恶人爸爸5,https://i1.hdslb.com/bfs/face/02058813ff3882973810275f2d268e5c07a8712d.jpg,58604,"游戏,宇智波带土,火影忍者,忍战带土,火影大冒险,火影忍者手游,推荐宝藏游戏",315978,189,173,3900,646,568,0,0,16416
BV1szhTzZEQW,114962248830736,1,220,2171,动物二创,动物综合·二创,http://i2.hdslb.com/bfs/archive/862bef90dbb4df3c9e34adadb5bf28ba526df7a1.jpg,当你放了暑假回老家,1754184785,213,41865233,猫meme小日记,https://i2.hdslb.com/bfs/face/bab3d14f4371bd792d1603348dcec469b364b5ea.jpg,20755,猫meme,158869,143,295,1081,1082,96,0,0,12461
BV1QxtnzPEic,114975469342396,1,172,2064,手机游戏,单人RPG游戏,http://i2.hdslb.com/bfs/archive/2bb4edb00ebce530f4f416b79d54ec61ff8dde03.jpg,【明日方舟】被萌萌香抡晕前幻想出的啥比小视频,1754386653,80,194240114,磁悬浮呆毛,https://i2.hdslb.com/bfs/face/9395bf8a5c2f55a69838d2106a4f508a45134dea.jpg,197597,"明日方舟,萌萌香,斩业星熊,羽生萌萌香,遥,exe,meme,墟,泰拉探索协会,明日方舟创作者应援计划",162082,161,296,2007,521,578,0,0,12764
BV1AF4ZzXEvN,114977566363462,1,21,2154,日常,剧情演绎,http://i2.hdslb.com/bfs/archive/b64969902e5a7db79c9d9f6a675ffa74ca6a2921.jpg,我叫水牛,1754419156,150,3546899950864647,我要睡觉-1589,https://i0.hdslb.com/bfs/face/2549d9d42ff0324b76d6e7e21eb44e1bcc9df315.jpg,214405,"动物,生活记录,牛",436667,218,310,8556,1320,189,0,0,20684
BV15JtnzMExo,114975536319826,1,21,2207,日常,随拍·综合,http://i2.hdslb.com/bfs/archive/df1aab5769ae0445824100f5ec62d0003b1ca3b8.jpg,NGO的影子借“公益”之名渗透名校！,1754387783,864,510362725,赛雷话金,https://i1.hdslb.com/bfs/face/62ac5d01ea6dfe5c25b56e49d5d6cfc9818b1866.jpg,602068,"公益,大学,NGO,名校,热点观察局",291229,1489,1839,4808,8395,1714,0,0,25531
BV1R2hgzSEFe,114964295650430,1,182,2042,影视杂谈,动漫评论,http://i2.hdslb.com/bfs/archive/715d44d205a998a65d52633f8a2edd81e8130899.jpg,【灵笼】白月魁舍命布局，马克生命跃迁，查尔斯即将迎接攻腥棋子！,1754216267,805,304815404,流心影者,http://i2.hdslb.com/bfs/face/08376a7e475c3c48d5f7b2781fe5d92c94bc0ea4.jpg,452739,"动漫,科幻,国产动画,动画种草激励计划,高燃,热血,灵笼",1317857,585,1081,7577,774,154,0,0,27186
BV1og8kz6EpC,114946176192417,1,157,2111,美妆护肤,美妆,http://i1.hdslb.com/bfs/archive/dbe71020a14d9d3323047d0dd9787c7ef327c79a.jpg,当我用彩色眼影盘来修容！杀疯了,1753939751,46,1928070136,弛仟_chyqan仟,https://i1.hdslb.com/bfs/face/4906f11bcdddd2346a8da9df12e27978913e95a8.jpg,5942,"美妆,化妆,欧美妆",622553,242,373,9510,1043,923,0,0,90933
BV1f6tGzDEKz,114969882400261,1,172,2077,手机游戏,休闲/小游戏,http://i1.hdslb.com/bfs/archive/db31a43120a26aa937fb45c9908be9e1e5cd888e.jpg,蛋仔派对 | 会过期！快兑换呀！8月份全新兑换码新鲜出炉！换到就是赚到！快快快！【蛋仔必看系列】,1754301251,143,3493127736265152,俗爱大好蛋,https://i0.hdslb.com/bfs/face/cba34d1848939b32d49fc934c5824dedc0503921.jpg,714412,"蛋仔派对皮肤,蛋仔派对盲盒,蛋仔派对兑换码,俗爱大好蛋,蛋仔派对发起人,蛋仔派对外观,蛋仔奇思妙想计划,#蛋仔派对博物馆狂想季#,蛋仔,蛋仔派对",553908,248,241,77012,6710,48,0,0,66410
BV1vpt3z5ELL,114970738035638,1,172,2064,手机游戏,单人RPG游戏,http://i1.hdslb.com/bfs/archive/da72c19ddbed19de9272bd476d5f73811bac3572.jpg,居合吗？是相同的招式呢.......,1754314493,88,91647207,w咸瑜,https://i0.hdslb.com/bfs/face/77f53e6552ae0d8b86d12d9dd1ead5bc0e43773b.jpg,485624,"太刀,剪辑,我们武者帅呆了喵,武者,黑角,整活,泰拉探索协会,明日方舟创作者应援计划",658792,333,1240,3204,1001,1445,0,0,49216
BV1voh5zbEPS,114965855869227,1,137,2026,明星综合,乐评盘点,http://i2.hdslb.com/bfs/archive/26c35283597e96fc7a60467639cf8028a25d3ec3.jpg,刘雨昕演唱会幕后有故事？还喊话演喜剧？,1754362800,2573,3056480,罗毅的包罗万友,https://i2.hdslb.com/bfs/face/e0671a053d314cdb77ccfe4257e5ba043ff1b112.jpg,1569,"演唱会,音乐,刘雨昕,艺术,包罗万友,艺人,视频播客,仙那度,上B站看播客",572396,9985,2440,4883,7348,4003,0,0,8119
BV1wP4dzGEEv,114976693949189,1,212,2150,美食侦探,美食探店,http://i1.hdslb.com/bfs/archive/92a6a58a9240500ec2e58f1c761ad3727eae0234.jpg,日本社畜吃点啥？同事推荐の平价社畜人气寿司居酒屋，好！免除一死👋🏻,1754405569,210,15874359,大阪流浪社长,https://i0.hdslb.com/bfs/face/e056229473e236e0a9d2b0bf8719ce1192b27c0f.jpg,427435,"寿司,刺身,日本,日本料理,大阪,日本生活,探店,日本vlog,日本海鲜,假期美食特种兵",165381,284,402,1030,924,227,0,0,15622
BV1aitVzVEpA,114971694338216,1,253,2042,动漫杂谈,动漫评论,http://i1.hdslb.com/bfs/archive/70b77093a8eda5961b3dbc7c79229bc766b2bbc6.jpg,妮雅！没了你我可怎么活啊！！！巅峰妮雅登场！！！,1754362800,1356,3493136850488160,勇者时昭,https://i0.hdslb.com/bfs/face/6ca4ec6ab67663b8cd95308c74cfc81b02822b0c.jpg,137239,"童年回忆,乐高,童年动画,幻影忍者,乐高幻影忍者",244585,1985,287,4928,1483,57,0,0,9980
BV1BthVz8ELu,114964882856608,1,17,2078,单机游戏,沙盒类,http://i2.hdslb.com/bfs/archive/fffc5943c546dbc23696e8cb3ef288f7e3bb91a9.jpg,【我的世界|后室】爆肝后室！！3.7平方米的level0？自制后室速通,1754225089,128,384505691,妥协本人,https://i2.hdslb.com/bfs/face/eb4806df7e68dc176fbd7af4a955b85cbb07f8ad.jpg,1033,"我的世界,后室,爆肝",234630,269,435,2105,2875,99,0,0,25254
BV1bxhxzJEM4,114956762615385,1,171,2070,电子竞技,MOBA游戏,http://i0.hdslb.com/bfs/archive/c7c86ba6c16612976935433cd4bed1b9c3729114.jpg,学会三天上荣耀！顶级诸葛亮炸鱼思路教学！,1754101853,272,18909338,奥特曼zz国一刘备凯,https://i2.hdslb.com/bfs/face/c5e62cfe9d8b0ec7fcba4574fcf4e352d14f4b39.jpg,373004,"电子竞技,诸葛亮,王者荣耀,诸葛亮打野教学,王者荣耀夏日盛典,奥特曼zz,诸葛亮白泽动物园园长,王者荣耀诸葛亮,诸葛亮新皮肤,国服诸葛亮",573209,406,610,9941,35318,291,0,0,50420
BV12thGz6EQ2,114965268667206,1,17,2069,单机游戏,即时策略游戏,http://i1.hdslb.com/bfs/archive/2200a78433b5128590a42164bcc6785a9b6a1440.jpg,红警房主已经11连胜了！他叫我如实回答，有没有作弊？,1754280000,753,1629347259,红警HBK08,https://i0.hdslb.com/bfs/face/66ab5bd4e218aeb663e13b6871b46b2894800416.jpg,2136783,"游戏集锦,海战,红警,游戏解说,红色警戒,红色警戒2,实况解说,即时战略,连胜",416441,1344,697,742,2141,144,0,0,19607
BV1bch3zgEBF,114964345919881,1,171,2044,电子竞技,动画配音,http://i2.hdslb.com/bfs/archive/8fa9c9a1ec87aaeca69676310a3e1665206ceef6.jpg,猛虎王我跟你爆了，这一次我不逃了,1754216986,223,403920564,大厨-鲜榨配音,https://i0.hdslb.com/bfs/face/24cb275491ee6489fdf85d846ba7d7e27866601e.jpg,99258,"河南话,童年,国产动画,动画种草激励计划,大厨金铲铲,洛洛历险记,搞笑配音",142649,328,263,1647,1276,1166,0,0,15958
BV1ZwhGztEms,114963406391911,1,65,2071,网络游戏,射击游戏,http://i1.hdslb.com/bfs/archive/65a8cb6077a3a55eecb3568b58a01c079ddf2112.jpg,零号大坝42个刷红点位，有图有真相！,1754202505,423,3546950758566307,功不唐捐的鼠鼠,https://i0.hdslb.com/bfs/face/member/noface.jpg,294,"FPS,零号大坝,三角洲摸金,教程攻略",389665,1351,1396,5587,758,1544,0,0,11993
BV1YBhVzXEM9,114964564089271,1,138,2154,搞笑,剧情演绎,http://i1.hdslb.com/bfs/archive/43b29659b28a3fd1f6cdd88fed2e1c69c36e7a8f.jpg,当班里有个跑腿同学！,1754220358,94,393709394,一串大福,https://i2.hdslb.com/bfs/face/e6d1cf7df22235495d25d7ae77a4aa185e5d8c7f.jpg,1552351,"校园,原创,搞笑,搞笑小剧场,来福来福,一串大福,真实,学生时代,外卖,fyp",2131301,493,478,13145,1513,277,0,0,67135
BV1xthHzaEuu,114952920634468,1,17,2071,单机游戏,射击游戏,http://i1.hdslb.com/bfs/archive/5957e3007f1d9f0a1e7018b384a36aa847cc7f36.jpg,"三角洲:""战地，你没死啊？”",1754042576,56,284520096,喳喳呱,https://i0.hdslb.com/bfs/face/1ea71c54d1b9fefc224dce48294a34f7f5a6b17f.jpg,455709,"战地,搞笑,射击游戏,FPS,三角洲行动,战地6,三角洲,整点电子榨菜",646837,240,4682,2711,872,7600,0,0,25621
BV1K9hLznEFH,114967651028726,1,164,2125,健身,徒步,http://i2.hdslb.com/bfs/archive/9b5259923cc98ba5b1a53e58a7e9fd05a7499497.jpg,他，徒步绕了地球一圈，花了27年,1754267435,101,390668605,刘圣雄,https://i1.hdslb.com/bfs/face/1e25c746acb1781f9d22f07ceac70184d51c148f.jpg,86262,"地球,徒步,户外",1606397,958,1781,12727,902,1599,0,0,122386
BV1AhtGzZEmr,114969915953979,1,238,4220,运动综合,户外运动,http://i2.hdslb.com/bfs/archive/a06e92d7ff6f7120c2357f298ec0373c527ec6d9.jpg,【无限滑板/知念实也】逐帧还原猫猫的滑板动作,1754301788,31,230079994,Nirvana少侠,https://i1.hdslb.com/bfs/face/6bb63c5385d4ea7d6be07e3e8d10d80991092890.jpg,30501,"滑板,知念实也cos,街头文化,无限滑板",210055,69,269,2947,975,309,0,0,33778
BV1GJtjzQEVc,114973858600120,1,75,2171,动物综合,动物综合·二创,http://i2.hdslb.com/bfs/archive/a634c1cfcdc0f54d526a8fbf31fcbcdd2a6e140a.jpg,探访亚洲最大淡水水族馆！新加坡河川生态园！,1754386200,1161,240852096,爱养鱼的卓林,https://i0.hdslb.com/bfs/face/05714fe5ebf7024da7c4f3bf31c184806d677124.jpg,219517,"水族馆,南美,海牛,观赏鱼,肺鱼,新加坡河川生态园,恒河鳄",300599,731,360,6549,1819,594,0,0,10609
BV1hYt3zqEML,114970889035660,1,201,2207,科学科普,随拍·综合,http://i1.hdslb.com/bfs/archive/d784aef12aa5023f83aff03f02909ef58de245ab.jpg,特大暴雨来了：华南华北或同日特大暴雨，川渝44度高温有望略降低,1754317144,233,547072854,中气爱,https://i0.hdslb.com/bfs/face/e5f6be30a18988ed92f677e6a47a346270172081.jpg,2624875,"暴雨,广东,台风,重庆,川渝,竹节草,高温,40度,特大暴雨,万物研究所",695934,2078,4812,1536,1817,3606,0,0,33747
BV1dK8BzoE2M,114942334214129,1,17,2079,单机游戏,其他游戏,http://i2.hdslb.com/bfs/archive/19be08fdd92a4cf44425a7d6c94b57c2d9b39c7d.jpg,外国人十级中文听力,1753881105,107,472419054,炭叔91,https://i0.hdslb.com/bfs/face/2c3bcc38e11a54420dd3970ee145122a691a4fc5.jpg,62881,"游戏解说,游戏,一肺速通,速通,I Wanna",188944,474,418,6867,1342,583,0,0,25765
BV15ntEzfEFE,114974680683497,1,138,2154,搞笑,剧情演绎,http://i2.hdslb.com/bfs/archive/92d7f4226dcb62060a4d1c5797bf38064c23e305.jpg,《 当 代 准 高 三 现 状 ！！！》,1754390280,234,378881292,老段生,https://i0.hdslb.com/bfs/face/3b41bd42a900f641dfc6f14a44194fa5a90636af.jpg,710211,"高三,爆笑,搞笑,帅哥,搞笑小剧场,学生,真实,高中",201902,942,1661,4804,4924,710,0,0,22255
BV1p7hVzTEsi,114964731796904,1,138,2154,搞笑,剧情演绎,http://i2.hdslb.com/bfs/archive/661537373a491b1b11445e8cc326586304885c41.jpg,我承认了！,1754223228,134,475845053,呱唧菌,https://i2.hdslb.com/bfs/face/70e280e50eb75796f1041617d47a2b90420063a3.jpg,2429721,"搞笑,短片,原创,旺仔小乔",874060,1200,905,17359,2345,1055,0,0,68432
BV1NT82zcELQ,114947552121503,1,201,2094,科学科普,科学科普,http://i1.hdslb.com/bfs/archive/90662c2fdff60610b03c0c56fa85cbebb8434f7a.jpg,被刀捅了该如何生存下来？,1753961095,211,379247856,好奇心会社,http://i0.hdslb.com/bfs/face/7120acf78b6b9e637b9f6f5f3ad5f284ef99c198.jpg,1166551,"实验,生物,科普,科学,物理,武器,燕云十六声,在燕云暑期版本安家了,燕云新武器唐横刀,器官",5086912,2881,1903,41129,2540,2607,0,70,100563
BV1vrtJzPEsc,114976224188194,1,244,2020,音乐教学,翻唱,http://i2.hdslb.com/bfs/archive/dbc6ce9769ab4e0430b0f85f98caa75ac62ece1b.jpg,K歌软件高分翻唱水平到底如何？【2.0】,1754398280,936,540564177,Jason-老湿,https://i0.hdslb.com/bfs/face/18b51273dd2714f34ca504c47cbbefaeb24c96f7.jpg,2637746,"唱歌,高分,翻唱,粉丝处刑,K歌,全民K歌,歌曲教学,Jason",169107,2130,461,2027,853,156,0,0,7793
BV115tJzQEi8,114974160588112,1,21,2032,日常,国风舞蹈,http://i1.hdslb.com/bfs/archive/afef08d413a4b169b6a3876300fbaa6f85889a01.jpg,“家人们！真·沙漠蹦野迪！！跳完后竟遇到这样的事…”,1754369322,99,35579222,紫颜-小仙紫,https://i2.hdslb.com/bfs/face/e7f135eb2da6407fa1d5f63fea631e92a01876db.jpg,1664022,"中国舞,4K,中国风,淘宝闪购请你喝秋天第一杯,淘小宝ChinaJoy在线炒菜,淘宝闪购cj请客二次元,淘宝闪购立秋请客二次元,天竺少女,紫颜,我在漫展跳宅舞",393251,1395,484,7285,2310,257,0,0,30225
BV1dnh8zuEU4,114958759173243,1,17,2078,单机游戏,沙盒类,http://i0.hdslb.com/bfs/archive/361c42bee0253b6ca6df74f41f0b868a7bcb6981.jpg,在空岛上开恐怖生物收容所的整合包！？【空岛收容所#1】,1754133109,1325,206085081,吾乃肆玖,https://i0.hdslb.com/bfs/face/9b6818b82f6fffed51dcba2d7d14dfcac8d4ac4d.jpg,269983,"娱乐,MOD,生物,我的世界,搞笑,恐怖,生存,收容失效,沙雕,收容所",466861,2273,933,15478,5490,784,0,0,35210
BV1zthLzMEUM,114965788826637,1,17,2077,单机游戏,休闲/小游戏,http://i1.hdslb.com/bfs/archive/25cd7ce195867afd7dd1dd29df05879bd8a8dad4.jpg,融合植物283：超级魅惑机枪射手！,1754262000,286,3546619314178489,蓝飘飘fly,https://i1.hdslb.com/bfs/face/f2bc644c3cf25590bbc7954daecf3e3a9aec5711.jpg,1504203,"植物大战僵尸,娱乐,植物,融合版,机枪,射手,融合,模式,机枪射手,推荐宝藏游戏",705001,1470,1766,3170,2229,642,0,0,28674
BV1WihxzkE3s,114956712283985,1,216,2063,鬼畜剧场,鬼畜综合,http://i1.hdslb.com/bfs/archive/ca5a733e6fcc8af37247a9f1521b1140d81b4cb0.jpg,当 韩 红 遇 到 旺 仔 小 乔,1754101075,124,7098437,天天吃八碗,https://i2.hdslb.com/bfs/face/43ea324534e97601266bcd56d0fc9b833f03d413.jpg,183972,"鬼畜,旺仔小乔,你给我刷过几个子儿,转转,韩红",633382,2591,535,6029,1700,2110,0,0,32716
BV1EQhtzgEJu,114957651807028,1,85,2154,小剧场,剧情演绎,http://i2.hdslb.com/bfs/archive/cf4d9c4ae4d3d4418e2ecb1f90f8bb8f595cd08c.jpg,当你穿进老钱班5,1754121900,132,503058735,侯绿萝,https://i0.hdslb.com/bfs/face/b444cf0fe0f32dd7d2960ceb8b830c873a5da7c2.jpg,1481804,"娱乐,段子,小剧场",5880526,7691,3399,59167,84494,4567,0,2,626291
BV1kG8UzeEKs,114948390914587,1,172,2078,手机游戏,沙盒类,http://i2.hdslb.com/bfs/archive/63d68aafe4a85837426e1e2ac9640f9ad558e8f8.jpg,迷你世界368到373集，狗蛋来了，他叫执笔乱涂鸦,1753974408,796,672687948,二狗子玩游戏本人,http://i0.hdslb.com/bfs/face/700c1a7c062bd939af79fd64e374dc847b4fc906.jpg,510213,"游戏实况,搞笑,沙盒游戏,狗蛋回归,老沙,沙雕,迷你世界,竞技游戏,狗蛋,上得物得得物",290137,1663,506,6888,3164,142,0,0,15559
BV15LhAzZEqu,114941512128226,1,76,2149,美食制作,美食制作,http://i2.hdslb.com/bfs/archive/3e4647481fcca48c4c79321597ad7186e1603dee.jpg,十个人有九个人都不知道，把鲈鱼用开水烫一下，在淋上鸡蛋液，出锅就是酒店桌桌必点的招牌菜，鲜香滑嫩，老人小孩都爱吃,1753868630,143,3546928553921175,欧小斌美食,https://i0.hdslb.com/bfs/face/8d69f8229a0f69403d22e83b4a6a7039b47d409d.jpg,86906,"厨艺,美食教程,家常菜,美食制作,烹饪,鲈鱼,小孩,老人,酒店,Vlog",625493,371,646,21692,5091,3158,0,0,50253
BV1JZt3znEuR,114970620598000,1,251,2083,三农,综合资讯,http://i2.hdslb.com/bfs/archive/9a5a61fbbf33fc987b987cecf2b8f59721b17c2b.jpg,为啥说“菜篮子工程”是伟大的工程？【主播说三农】,1754312838,223,1343321779,央视农业,https://i1.hdslb.com/bfs/face/c9e24623ccc91cd26c2894d2a1880dc6dc6a28c4.jpg,3621365,"菜篮子工程,主播说三农,农业,蔬菜",394774,970,2400,4233,7119,1359,0,0,56728
BV1qfhEzCEHm,114952400543291,1,157,2013,美妆护肤,娱乐reaction,http://i1.hdslb.com/bfs/archive/f12f75c127ca330f7f3b0421378b0c77870ea22b.jpg,姐几个又来促进激素平衡了,1754125200,621,430926487,达达达布溜-,https://i1.hdslb.com/bfs/face/c3a05d91e4ed61afaba9bb33ec1ba8e207f2e378.jpg,2083346,"娱乐,帅哥,高能,颜值,搞笑小剧场,真实,心动,分享,鉴赏,粉丝投稿",1380194,20338,1341,24407,8006,2987,0,0,54897
BV1gTh4zHExf,114956645176344,1,17,2078,单机游戏,沙盒类,http://i0.hdslb.com/bfs/archive/c0557daa06b9250d709493c11910dfd88639c9cb.jpg,我建立了一个拥有真实历史的Minecraft服务器,1754100806,425,3546817622968757,SimMC故事发生器,https://i2.hdslb.com/bfs/face/7f576748c671b27c686c17021f842eb0d9895823.jpg,7934,"历史,服务器,史诗,沙盒游戏,我的世界,Simmc,新人向,像素风,Dnd",335566,356,1048,17621,4466,1686,0,0,21829
BV1dktgzrE52,114969228088346,1,172,2073,手机游戏,动作竞技游戏,http://i1.hdslb.com/bfs/archive/d384e8f4db2862d8a8b4539dce4f337a8dc6e14b.jpg,【萌黄速报】9月高招S波风水门[九喇嘛连结]，侠隐新忍揭晓！,1754291292,139,441897078,火影忍者手游情报君,https://i0.hdslb.com/bfs/face/3c975d44586143dd0eb4b121a3437bc8cc696610.jpg,2665728,"火影忍者,格斗游戏,火影忍者手游,火影手游",2004497,12001,13727,14694,4924,48793,0,86,84423
BV1aNhbzhEFR,114957433769802,1,65,2071,网络游戏,射击游戏,http://i1.hdslb.com/bfs/archive/bcfd9ea858570b381b497332ecf36258375ddd07.jpg,换个视角看三角洲，今日大坝第一期,1754111339,135,649413109,三角洲蛋少,https://i1.hdslb.com/bfs/face/0ca00d6fb71a0f320cda2650d19caf154f276576.jpg,9007,"三角洲行动,视角,三角洲,三角洲破壁新赛季上线",1755874,855,1910,14824,2326,9039,0,0,101543
BV14vh8zfERD,114958390004824,1,171,2071,电子竞技,射击游戏,http://i1.hdslb.com/bfs/archive/dfcce97ea3db38ff9335da9564898a2453f2b0ee.jpg,我们削弱了ai——三角洲行动,1754126043,12,613878426,所有游戏10一小时蛋蛋,https://i0.hdslb.com/bfs/face/b569ca7fa90055f13fc27a9bca979ab386272cd9.jpg,384,"第一视角,下饭,玩家,沙雕,三角洲",639530,279,797,12033,524,7956,0,0,49335
BV1Zp8UzdEbr,114948541781003,1,236,4219,竞技体育,攀岩,http://i1.hdslb.com/bfs/archive/1e86369d1e770f864da11b787d14c90c7a497e1e.jpg,姐真的是一种感觉，与年龄无关,1754019000,426,1109849979,Kings今天上墙没,https://i0.hdslb.com/bfs/face/3518073f43bde166609cb444bad423e10afeb993.jpg,166251,"极限运动,抱石比赛,攀岩,比赛解说,抱石,攀岩比赛,B站攀岩解说团",649327,634,503,3896,1866,905,0,0,26680
BV1rThtzgEJ8,114957869915056,1,21,2207,日常,随拍·综合,http://i1.hdslb.com/bfs/archive/2dd6056a805c802665f6667c2cd94f3a9627f118.jpg,[b站扫盲01]手机如何发送这些骚弹幕？,1754118097,69,3546727005030792,面壁者牢波official,https://i0.hdslb.com/bfs/face/e3d00a3910a05784e182d0a0d116894444880be0.jpg,96318,"知识分享官,高级弹幕,二次元,b站扫盲计划,哔哩哔哩,知识科普,弹幕,bilibili,b站,娱乐生活记录",1318071,787425,9638,41001,12867,2988,0,0,110330
BV1YTtgziEsy,114969412704216,1,17,2071,单机游戏,射击游戏,http://i1.hdslb.com/bfs/archive/5ec52f7217678c4841145e63d79d97da9d546a27.jpg,《花来士》,1754303400,35,415890389,高坂大芥末,https://i2.hdslb.com/bfs/face/60262c579be5468fdfbcd894b956a6b0a8b4f679.jpg,401806,"101俱乐部,花来,三角洲行动,三角洲欢乐剧场,坝顶狙,夺舍,诗朗诵,红狼,三角洲,绝笔诗",252697,116,285,5416,691,3186,0,0,28323
BV1PNhnzbEMn,114952014663167,1,17,2207,单机游戏,随拍·综合,http://i0.hdslb.com/bfs/archive/2e1b663f9d810b0d7ac7e6b2dbd4f3ccc2e4fdd2.jpg,七月六大热梗，你都知道几个？,1754031829,195,608334401,Oi解说,https://i2.hdslb.com/bfs/face/9043fd511a4342873db9d5d156f665eb03a1d4ff.jpg,36160,"搞笑,万恶之源,梗,解说,娱乐,热梗",4135128,228,101,79432,1631,115,0,38,67142
BV1G9hHzyEkY,114952702531945,1,212,2008,美食侦探,影视综合,http://i2.hdslb.com/bfs/archive/2d01b8113faecfd9ecaae195df89c0bd44691abb.jpg,推荐大家都来看这部电影，我们要铭记历史，吾辈当自强！,1754039224,161,3493260093819171,李维刚的日常,https://i0.hdslb.com/bfs/face/4917c09bdfd5e72f08a04d2c752de48a848a1318.jpg,3594033,"李维刚,南京照相馆,铭记历史",1250018,2453,2526,9961,53533,1131,0,31,230182
BV1yctuzDEbm,114967986575985,1,17,2078,单机游戏,沙盒类,http://i2.hdslb.com/bfs/archive/acc78b078ef018529597e43ea80b9d687b47bda3.jpg,9款网易必备免费模组！0氪党福音来了！枪械天花板 魂系副本,1754272401,160,361544096,修齐Echo,https://i2.hdslb.com/bfs/face/fad6c7aa5eec1d919bee23c5f4865c6ce27a841e.jpg,149814,"枪械,遗迹,我的世界模组,模组推荐,免费,我的世界生存,网易我的世界,魂系,推荐宝藏游戏",181451,198,213,27785,1397,162,0,0,19428
BV1TchnzwEkW,114951997890406,1,22,2063,鬼畜调教,鬼畜综合,http://i2.hdslb.com/bfs/archive/b4e9194b74342dee5c0e7988dc48d79ff8fa0eea.jpg,憋笑挑战！！蛋宰派对！！,1754028422,57,3546760133741060,MC贝勒,https://i2.hdslb.com/bfs/face/09d9e08063d5ae49b03235dce0fd245828ecc7d4.jpg,160546,"高能,娱乐,歪果仁,万恶之源,配音,恶作剧,派对,挑战,男人,鬼畜星探企划",3049256,3905,500,9531,2094,1596,0,0,79743
BV1ZdtnzkEBc,114975402104976,1,173,2079,桌游棋牌,其他游戏,http://i1.hdslb.com/bfs/archive/7a3653e5cd264d57c11a41011d0b42b05a1c24a6.jpg,如果你成为，惨遭帝皇背叛的雷霆战士？【战锤胡诌】,1754388000,1301,98684196,一碗龙虾汤,https://i0.hdslb.com/bfs/face/ba4e54c31b102e6c7153f33c77992b1411a62a51.jpg,441663,"科幻,游戏杂谈,战锤40K,搞笑,桌游棋牌,人类帝国,游戏知识,雷霆战士,统一战争,推荐宝藏游戏",112719,752,791,2113,1347,111,0,0,8125
BV1P4hJzxEDE,114952165790847,1,212,2150,美食侦探,美食探店,http://i2.hdslb.com/bfs/archive/7d1cf6af99fbd8b45076e5f000ff3a3ab38c1521.jpg,香港富豪，随随便便吃个快餐就168.果然是国际大都市#烧腊 #美食,1754031962,196,3493298886936758,bil品鲜园烧腊快餐店,https://i2.hdslb.com/bfs/face/a80100d257e6657880cf47786037b732d536a07a.jpg,245576,"街头美食,香港,探店",1021418,1124,1589,3929,2110,1164,0,0,78988
BV1nTtnzjE5h,114975938973329,1,21,2198,日常,休闲玩乐,http://i0.hdslb.com/bfs/archive/a64fdc6ecb3e64b72facc45ba8ed97c84cfb1c89.jpg,救命！一天饮料做80多杯真干不动了，四个人都忙不过来,1754394622,603,44128829,某天的游戏小屋,https://i2.hdslb.com/bfs/face/b40ec805940bb2bd088af716f30412ad2bf5b468.jpg,674280,"主机游戏,搞笑,生活记录,武林外传,某天的游戏小屋,咖啡店,任天堂Switch,必剪创作,整点电子榨菜",189403,1144,572,1060,4559,253,0,0,11114
BV1GRhgzLEsd,114964413159525,1,252,2039,仿妆cos,cosplay,http://i2.hdslb.com/bfs/archive/c470b058f9be708c536df6c375dff5a5e78c10b8.jpg,谁能让我社死，我就V他50！,1754272800,349,2108856,流萤Zz,https://i0.hdslb.com/bfs/face/6b50ab776df772941c92a168e8a06c7e9c3718d3.jpg,2902715,"魔兽世界,漫展整活,社死挑战,社牛,暴雪游戏2025ChinaJoy,Cosplay",2131970,383,256,13339,1864,1195,0,0,31361
BV1nqhHzxEUv,114953155515579,1,17,2079,单机游戏,其他游戏,http://i0.hdslb.com/bfs/archive/25579732b2d2adf139382ac3633503eb952b20f8.jpg,我玩武侠的二十年......,1754046493,467,13817466,菠萝柚王子,https://i0.hdslb.com/bfs/face/b8f0f90a42c543ea92bf00e12a8b79003c694c46.jpg,1000210,"BW,单机游戏,生活记录,武侠,来BW当然要拍vlog",278671,733,813,1633,3127,188,0,0,11784
BV1xh8JzZEr2,114930254614362,1,250,2150,出行,美食探店,http://i0.hdslb.com/bfs/archive/4b2a1397cb13a041d133b11f09b984658c376e6c.jpg,挑战一口气吃14种非洲街头小吃，30块钱吃到撑，非洲赶集太好玩,1754215200,817,528461028,小钟Johnny,https://i0.hdslb.com/bfs/face/8b5dcb61618876d873d9ea0320e52d86616cca6a.jpg,2686868,跟着UP主看世界,1182154,4332,1261,4001,8951,1228,0,0,38466
BV1pvhWzvEXG,114953944046809,1,250,2158,出行,旅游记录,http://i1.hdslb.com/bfs/archive/bfc931c24be78267dd7ba1698228113e8a2d7cce.jpg,入住全球最臭的三和酒店是什么体验｜解压大改造,1754058598,717,388965067,陶一杭Steven,https://i1.hdslb.com/bfs/face/a4d36a09db35aa373323f3b9c2d2d2ae8f894873.jpg,104170,"改造,日本旅游,盲盒酒店,跟着UP主看世界,日本三和酒店,日本生活,酒店,Vlog,旅游vlog,旅行VLOG",545936,2843,1136,7807,9565,1208,0,0,34141
BV1W1t3zbEA2,114970486377740,1,257,2044,配音,动画配音,http://i2.hdslb.com/bfs/archive/8079510f6de497fa9ba5323a366567810bd64244.jpg,用了很神金的声音配了祥子成神,1754310500,94,296839300,姫宮チアキ,https://i1.hdslb.com/bfs/face/bf4856829fdf8731435c88cf191f03ebf99af2fa.jpg,4857,"配音,Ave Mujica,丰川祥子,颂乐人偶,颂乐人偶#",157043,223,692,3901,696,2642,0,0,17176
BV1tY8dzAEiq,114937133272461,1,130,2017,音乐综合,MV,http://i1.hdslb.com/bfs/archive/4cfd10f0ec0512d330fae4e0c62c75b53846d8a1.jpg,奇 奇 怪 怪 的 K P O P 混 音 30.0,1754037000,533,1559933904,热的冰美式_,https://i0.hdslb.com/bfs/face/79ed8e4019c783f48d602cad44374a819a0feec8.jpg,118607,"KPOP,SEVENTEEN,TWICE,EXO,BLACKPINK,LE SSERAFIM,美美桑内,BigBang,NewJeans,KPOP回归前线",555060,4589,453,6271,2762,3598,0,0,51167
BV1KntGzvEBi,114970301829110,1,138,2207,搞笑,随拍·综合,http://i1.hdslb.com/bfs/archive/8e4bb6edcea34f08e7d5bb2db4065a7788b7fb79.jpg,隔壁班嘉豪 这期是我定制的,1754307862,123,219898427,赛博人物志,https://i2.hdslb.com/bfs/face/8f472f6026604ac417af398f3a3ae50386248b95.jpg,74393,"梗,隔壁班嘉豪,盘点系列,嘉豪",2364348,1454,2781,21139,1347,7375,0,30,196268
BV1c2hNzLELt,114959262417334,1,17,2079,单机游戏,其他游戏,http://i1.hdslb.com/bfs/archive/2fbca861070e51f92d11521267e6d87f6e091b68.jpg,60秒避难所：小红的气数已尽？呱呱菌游戏,1754139489,2678,10572246,水神呱呱菌-瓜瓜君,https://i0.hdslb.com/bfs/face/87eb32b76233a02e08db89b905f791df3e096b39.jpg,589626,"游戏解说,实况解说,生存游戏,游戏实况,避难所生存,60秒避难所生存,避难所,60秒,60秒避难所,推荐宝藏游戏",1628023,592,119,15192,1602,20,0,0,16558
BV1A7h4zyEmb,114956259299239,1,201,2094,科学科普,科学科普,http://i0.hdslb.com/bfs/archive/7b424dff324a49081516dad7395c567d7cd308db.jpg,呼吸坟场：从铁肺到浓雾的生死账,1754093569,433,1208823126,大圆镜科普,https://i0.hdslb.com/bfs/face/9c34ee4b8041dd6f2139c52287c8d34a0a42f230.jpg,438450,"生命,科学,健康,科普,生物,呼吸,AIGC,每天一个健康知识",1052095,1233,648,13328,4288,815,0,0,107443
BV1pt81zdEhB,114948239791666,1,172,2071,手机游戏,射击游戏,http://i2.hdslb.com/bfs/archive/81ec7ee3764032df29ae56e7198aeb2dcc6539ba.jpg,全网最专业一图无脑得吃教学,1754037300,916,35753864,TGEe_,https://i2.hdslb.com/bfs/face/03ebb90e4bdda62b2cb6f61f84dea61b74ca4e3e.jpg,49695,"原创,地铁逃生,对峙前线,得吃,搜打撤,地铁逃生周年版本,教程攻略,一图,硬核测评,和平精英",1969396,1584,1395,75338,17006,2032,0,72,68517
BV1ACtnzQEex,114975267882356,1,95,2099,数码,电脑,http://i1.hdslb.com/bfs/archive/aca3a3b1cfa18c5c34e14ebec0cf446d6aa24f72.jpg,想偷台笔记本的欲望达到顶峰！,1754391600,316,245007619,孟令曦,https://i1.hdslb.com/bfs/face/dd54a730797b6daf68423b19b024e7f1821e3620.jpg,61785,"科技猎手,AIPC,处理器,笔记本,ARM,高通,骁龙,Chinajoy",70020,112,30,1597,1026,415,0,0,3904
BV1rVhuzWEn2,114963171579910,1,17,2079,单机游戏,其他游戏,http://i2.hdslb.com/bfs/archive/1dfbd27c25dc2be321b28505a05403478cba1317.jpg,我建造了一个折磨1000人的游泳池！,1754199152,388,4571785,折纸姬,https://i1.hdslb.com/bfs/face/1417c947099e0108c55ec5de1d0bfcb65d8bb372.jpg,1048398,"搞笑,单机游戏,游戏解说,下饭,模拟经营,游泳,沙雕,游戏鉴赏家,整活,难道他真是天才游戏玩家",426209,1156,530,9839,3834,380,0,0,27003
BV17rhHzXEWL,114953105181466,1,138,2154,搞笑,剧情演绎,http://i0.hdslb.com/bfs/archive/de95c25335a85812537223a3278ad6af00b9c168.jpg,有些事情不是靠努力就能得到的，得靠关系,1754045357,196,478608619,大圆哥_,https://i1.hdslb.com/bfs/face/8c217c37342d64d053d5bbb716432aa73210b572.jpg,785586,"学习,校园,生活记录",928652,608,608,2157,2609,505,0,0,61995
BV15B8Cz3Ess,114947031830483,1,21,2144,日常,轻手作,http://i2.hdslb.com/bfs/archive/d25f2ab79b44536d29a0cc36c5cffce2873bf056.jpg,“主播 能做个流麻墓碑吗？”,1753952982,284,86205301,汤木檀泽,https://i1.hdslb.com/bfs/face/00fe4b50aba63c39e18fe6faa44941020398e2b7.jpg,2486375,"生活记录,流麻,流麻墓碑,殡葬行业,随手记录我的生活碎片",4153076,2702,4793,34450,16204,21606,0,17,219612
BV1Qhh8zaE75,114958373297043,1,212,2142,美食侦探,体育综合,http://i2.hdslb.com/bfs/archive/f8b8188b886c2cf784cd9f47e336a5637ac4bcd2.jpg,和专业腕力运动员切磋一下，看看我现在的腕力处于什么水平,1754125968,246,3493260093819171,李维刚的日常,https://i0.hdslb.com/bfs/face/4917c09bdfd5e72f08a04d2c752de48a848a1318.jpg,3594033,"李维刚,腕力,掰手腕",570707,817,1597,1173,1444,281,0,0,41026
BV1h3tGzrERQ,114970201228615,1,65,2071,网络游戏,射击游戏,http://i2.hdslb.com/bfs/archive/7e91735553a7f46f4fc45a5273f34d5b039d1157.jpg,换个视角看三角洲，全网找这个2号！,1754306181,125,649413109,三角洲蛋少,https://i1.hdslb.com/bfs/face/0ca00d6fb71a0f320cda2650d19caf154f276576.jpg,9007,"原创,三角洲行动,记录,三角洲破壁新赛季上线",440022,132,459,3477,546,620,0,0,35957
BV15zh7zBEZY,114951125468619,1,75,2171,动物综合,动物综合·二创,http://i2.hdslb.com/bfs/archive/d4f2158c7307834b378dc52ba73fdb333c7b7742.jpg,俺老孙想起来了，全部都想起来了！,1754015281,28,2049544935,行者服不服,https://i0.hdslb.com/bfs/face/dc66dd9d256484b0b982e8970bca70969c926073.jpg,85189,"西游记,搞笑,MOBA",1115838,464,827,8637,984,2402,0,0,76710
BV13ih3zjE39,114963758712213,1,65,2071,网络游戏,射击游戏,http://i0.hdslb.com/bfs/archive/1a3af7e24994d9a9e606a2692e9a650ed3e26dfe.jpg,【乌鲁鲁金曲】⚡我的堵桥式由我做主！⚡,1754207925,184,1885660902,永雏小满,https://i0.hdslb.com/bfs/face/42e077cf7df2c2f366179c10996a0b55085960f0.jpg,9655,"填词,搞笑,三角洲行动,三角洲,乌鲁鲁,堵桥,三角洲破壁新赛季上线",420072,2632,1258,20654,6267,14749,0,0,65220
BV1am8CzNEtf,114947266778880,1,17,2079,单机游戏,其他游戏,http://i2.hdslb.com/bfs/archive/034d1980b2f04dfaae36588dcb3afca637662f46.jpg,现实主题恐怖游戏，赌博是如何摧毁一个家庭的？,1754019000,4397,562197,中国BOY超级大猩猩,https://i0.hdslb.com/bfs/face/ffb50dd4e712386eb888030ebc6f4aea3a65cd8e.jpg,10535107,"游戏实况,惊悚,恐怖,游戏,steam,模拟恐怖,Pikabuu:Stop,现实,赌狗,推荐宝藏游戏",1132956,26650,2988,22610,48663,3497,0,76,79335
BV1PCh8zsEsX,114958507577064,1,210,2201,模玩·周边,潮玩玩具,http://i2.hdslb.com/bfs/archive/b07a19f6d3399276fb332ca4520fa12532e57584.jpg,兵人领域最强工艺JND1/6小丑兵人测评,1754128584,286,236442514,肖恩阿切尔,https://i1.hdslb.com/bfs/face/33fa3c9caeed230824b1ccfb9aed21e151f6c45d.jpg,135893,"测评,小丑,模型,JND,兵人,希斯莱杰小丑",4500634,13351,2302,35368,5895,11444,0,9,234428
BV1sftJzQEpT,114975754421688,1,171,2069,电子竞技,即时策略游戏,http://i2.hdslb.com/bfs/archive/c3c5f78017d946d292981cb6bcef823d30dfe187.jpg,《魔兽争霸3》，全员变成空中单位，谁会成为单挑之王？,1754391295,1662,7773004,公孙雅量,https://i1.hdslb.com/bfs/face/d70558af4062b54b55cceadb63662258dfac78f2.jpg,346432,"魔兽,经典游戏,原创,魔兽争霸3,魔兽争霸,娱乐,单机游戏,电子竞技,怀旧游戏,即时战略",203312,3977,1652,1009,4834,126,0,0,12543
BV1TttjzjEFr,114974110257103,1,219,2168,汪星人,狗,http://i1.hdslb.com/bfs/archive/00c41cf2ba3397c8d3643f2ace8b194ec627e792.jpg,《宣布十一肿瘤的结果》,1754366010,362,414702734,哈仔十一,https://i2.hdslb.com/bfs/face/4c4f01fe482e61655e8f13b1bbc5a2a7346b5610.jpg,993738,"二哈,搞笑,哈士奇,边牧,可爱,伯恩山,智商,动物总动员",292808,1188,630,540,2207,110,0,0,14953
BV14atjzCE38,114973992884056,1,65,2071,网络游戏,射击游戏,http://i0.hdslb.com/bfs/archive/5e966f6194a63a2686ef7cb7893c887139bc4245.jpg,这把我对敌方的理解也许是..满分！【CS2】,1754364169,564,507694,废物弟弟汉堡包,https://i1.hdslb.com/bfs/face/ca897a8e28787e40414f6f00ae5ae5454dcbb177.jpg,771943,"第一视角,射击游戏,电子竞技,娱乐,CS,CSGO,FPS,搞笑,CS2",136217,1607,751,1569,4760,527,0,0,11242
BV1zqhHzxE4m,114953155579113,1,138,2037,搞笑,同人动画,http://i0.hdslb.com/bfs/archive/3dfe7733d6f6871b6f61512816dc646e2f08a103.jpg,《究 极 超 B 界 大 战》,1754046569,429,321422126,进击的金厂长,https://i2.hdslb.com/bfs/face/339c136489ea2af91bd1d8688ba7259e958ded28.jpg,5116717,"动漫,B站,搞笑,动画,二次元,短片,搞笑小剧场,热血,战斗,鬼灭之刃",1941493,16845,34519,76641,102812,6247,0,7,215362
BV1zGtuzVEhy,114968137571244,1,162,2050,绘画,漫画·动态漫,http://i0.hdslb.com/bfs/archive/2ceb5f25ab2f596ef580c752f29a3b2d7633f223.jpg,愿望的坍缩：车轮再转一公里！,1754274784,80,21121176,迪子zxd日常,https://i0.hdslb.com/bfs/face/c7b4b4a1b34c5a2c82a227e057c1126c06601645.jpg,152627,"日常,画师激励计划,愿望",246242,96,358,726,861,114,0,0,22836
BV1QAhKzYEvv,114961225355157,1,31,2027,翻唱,音乐综合,http://i1.hdslb.com/bfs/archive/b6dc0a30b3c2ea8b10413a15c2fed570e0ed5041.jpg,【黄金裔】《八连臭火》,1754169388,97,1393728432,匹诺康尼乐师,https://i0.hdslb.com/bfs/face/1700f65477fdc106b29210d7d702a54c4aa42e0e.jpg,47262,"崩坏：星穹铁道创作者激励计划,八连臭火",533068,1064,1623,21650,2571,12107,0,0,45642
BV1Ge8zztE8x,114943256956280,1,218,2167,喵星人,猫,http://i2.hdslb.com/bfs/archive/f1e941a67aa88b97249f402a19baa46f2027dcc5.jpg,“好奇怪，你们又听不懂我说话”,1754305200,184,3494362249955414,尖尖plus,https://i2.hdslb.com/bfs/face/d7ff02808369fe8f87662b3693737f340e3ee1f5.jpg,77583,"喵星人,田园猫,萌宠UP主加更计划",310621,238,689,12734,1656,1796,0,0,41502
BV1yPt3z4EoM,114968791882145,1,21,2039,日常,cosplay,http://i2.hdslb.com/bfs/archive/77f546867e84cf32073e68253ce0985beec43de7.jpg,不是东北不追星，而是东北全明星,1754284741,85,3546847507384674,呸呸之神屁钉版,https://i0.hdslb.com/bfs/face/d0052415de466a695797cf2c6e557acfd1696e75.jpg,15086,"孙策,沈星回,白厄,Cosplay,ooc致歉",292849,118,217,5795,596,995,0,0,38253
BV1xV4RzjE8o,114977314706918,1,172,2070,手机游戏,MOBA游戏,http://i1.hdslb.com/bfs/archive/8c5aac00122513d1cbfb50e937b41d8d18f5af99.jpg,我的李信也是好起来了，KD平均下来能一局杀0.9个,1754442000,233,268941858,磊哥游戏,https://i0.hdslb.com/bfs/face/538b9090c0862782df0662b2176e726eda1c9980.jpg,2468865,"王者荣耀,王者荣耀夏日农友节",403317,1136,1928,1954,2560,856,0,0,34922
BV1LkhJz5EEd,114951930776157,1,254,2154,亲子,剧情演绎,http://i0.hdslb.com/bfs/archive/e12b60d59b8302cd6c4396bac6115583f7676be3.jpg,个别农村博主的套路,1754027458,87,3546640096954436,周小闹是周小闹,https://i2.hdslb.com/bfs/face/3c1e9f0e717c007cac23199fe9a704ccb3b35366.jpg,791422,"搞笑,生活记录,乡村",1698550,129,195,6308,541,151,0,0,44169
BV1AHtMzEEDE,114968624111267,1,28,2020,原创音乐,翻唱,http://i1.hdslb.com/bfs/archive/76701eaa4eef8f5634f83e13bd35a9114fd7e0f1.jpg,Moon Halo|翁法罗斯十二黄金裔,1754282179,122,1632696879,淬淬淬是淬,https://i0.hdslb.com/bfs/face/9865a51bcf93c2355eb1dd045c9abe5424dfc44c.jpg,37506,"崩坏,翻唱,崩坏星穹铁道,崩坏：星穹铁道创作者激励计划,翁法罗斯,翁法罗斯黄金裔全员,MoonHalo,黄金裔",319643,14268,1266,27230,6517,4257,0,0,58694
BV12uhVzkEm7,114964815747506,1,218,2167,喵星人,猫,http://i2.hdslb.com/bfs/archive/f924080b91203548d59644a4eaad80d24355af19.jpg,第一次养猫，麻烦帮我看看这么撸猫对吗？,1754224106,31,3493080177052271,AppleInsights,https://i2.hdslb.com/bfs/face/45b6f156846d5470f850b445c7433bf89f6408fa.jpg,5217,"喵星人,猫咪,视频,田园猫,养猫,橘猫,必剪创作,萌宠过暑假",1040005,380,2235,19454,1561,13649,0,0,89562
BV1NwhnzhErS,114951981108767,1,182,2001,影视杂谈,影视解读,http://i0.hdslb.com/bfs/archive/2096f304e11b3c2a5066ba083af530ae113e4707.jpg,30多年前的“计划生育宣传片”，太超前了！,1754042400,1004,390898500,一目十影,https://i0.hdslb.com/bfs/face/986bf531f3e50a6bf67d5844f9304fc310a153e3.jpg,2078150,"喜剧,国产电影,电影解说,影评,老电影,甘泉村的风波,万字拉片大赛",1823974,2424,1942,15357,4230,4001,0,0,117453
BV1K6tFzPEJ3,114979848130522,1,212,2152,美食侦探,美食记录,http://i1.hdslb.com/bfs/archive/4f2788588206957c867d3ba1d15eb677cb001528.jpg,特厨溯源｜吃“松茸”长大的猪是什么味道？—藏香猪,1754453564,232,3546888255048212,特厨隋坡,https://i2.hdslb.com/bfs/face/4a6a6e459f71080664d3952957f2eafc02418b85.jpg,2439914,"美食,隋坡,特厨隋卞,记录我的美食日常,西藏",407890,1569,2290,2562,7483,1175,0,0,45116
BV1abt3zgEPr,114970670927751,1,28,2063,原创音乐,鬼畜综合,http://i2.hdslb.com/bfs/archive/67b10cfb4f718278b2e170676e2b9deac7acada8.jpg,哈基米登上顶点的梦该醒了 I Really Want to Stay at Your House,1754313438,100,350008700,HugoXG,https://i2.hdslb.com/bfs/face/2c4a9a844198f437dadfa5da7024019097823393.jpg,2359,"赛博朋克2077,鬼畜,曼波,哈基米,东海帝皇,赛博朋克边缘行者",207957,195,1250,10430,4827,6393,0,0,32693
BV1Vhh3zSEdW,114963741940796,1,124,2088,社科·法律·心理,社会观察,http://i2.hdslb.com/bfs/archive/03b7874eb2ed027cd21a82bc091f3e73e43bb543.jpg,靠白嫖能战胜消费主义吗？,1754208489,638,7226269,麦片是只小金毛,https://i1.hdslb.com/bfs/face/e6876734bc63d40eb0f39341ca04c6b613120832.jpg,576840,"辩论,消费,钱,思辨,白嫖,消费主义",166947,1022,997,3195,2932,994,0,0,19895
BV1FKhjzGEjR,114967248375374,1,243,2026,乐评盘点,乐评盘点,http://i1.hdslb.com/bfs/archive/215d0fc655015b3b7e1218368a4feeb257d4f9ff.jpg,国外声乐老师大实话锐评《歌手2025》第十二期 REACTION｜黄丽玲 林志炫 李佳薇 艾莉西亚 卫兰 白举纲 格瑞丝 者来女 BENI,1754280000,3977,7295246,JKAI杰凯,https://i2.hdslb.com/bfs/face/0f1d960ca6baad6c0f008cba48dfc6ba17c2738d.jpg,2365737,"林志炫,白举纲,乐评盘点,橘老师,Rozette,国外声乐老师,李佳薇,REACTION,黄丽玲,一起看歌手2025",504606,22117,4028,2043,6716,853,0,0,14453
BV1CS82z8E4g,114949229647461,1,47,2037,同人·手书,同人动画,http://i0.hdslb.com/bfs/archive/d6d018c2c2330c184fb4d754fc9087fb2f93829b.jpg,耗时100天，我用Q版还原了【你的名字。】,1754015400,1509,384414474,偷鹌鹑蛋喂鹌鹑,https://i0.hdslb.com/bfs/face/f8741426d9f1c7ed82c6b0522982eab7ddef3d70.jpg,52575,"新海诚,搞笑,动画电影,手书,治愈,爱情,你的名字,电棍,一口气看完,动画短片群星计划",3134709,63905,11198,145478,220304,43139,0,5,363324
BV17CtGzSE8F,114970050237325,4,172,2064,手机游戏,单人RPG游戏,http://i2.hdslb.com/bfs/archive/12262f34be4b1a4d06ca035e900d6550eb956c1c.jpg,《绝区零》爱丽丝角色PV | 淑女的信条,1754366400,929,1636034895,绝区零,https://i0.hdslb.com/bfs/face/f013e3aacdc4e3254a476648e1cec3f39b7df097.jpg,7529027,"ARPG,PC,手游,绝区零2.1,迟吟的浪涌,爱丽丝,动作游戏,米哈游,绝区零",1511344,16011,7272,24546,46259,9090,0,13,150705
BV1inhuzUECZ,114963356126139,1,212,2001,美食侦探,影视解读,http://i1.hdslb.com/bfs/archive/b73108113f4d0a3ff746353fcd1e1747fce953d1.jpg,德国人眼中的<南京照相馆>：跨越时空的记忆对话,1754202071,186,296404949,德国小伙吴雨翔,https://i2.hdslb.com/bfs/face/bfa4d4b626c0bd2aef23714acf42fe1838dbad2a.jpg,566334,"德国,生活记录",128068,228,307,1787,3108,80,0,0,17908
BV1jY8CzyEoy,114947082159298,1,228,2090,人文历史,人文历史,http://i0.hdslb.com/bfs/archive/8788c859b3031e4674433ea9ef5d7ef80da2bd8e.jpg,流放岭南！为什么现在最富的广东，古代能当几千年流放之地？【为什么64】,1754042400,634,11684621,太阳星sunstar,https://i2.hdslb.com/bfs/face/edcd0f2f12cedf723c9e5c18c5f824ecd4c50f9c.jpg,3064618,"社会观察局,广东,uwant,友望除螨仪,友望红外除螨仪,气候,南方,螨虫,潮湿,梅雨季",656170,2119,2110,4839,1267,680,0,0,30455
BV13AtJzcEy6,114974563306674,1,21,2080,日常,时政资讯,http://i2.hdslb.com/bfs/archive/b11bf85ee7e8f292840efc8a9491a675f2a845cb.jpg,纪录片《县乡治》,1754380800,4776,473837611,新华社,https://i1.hdslb.com/bfs/face/396b93a7f619882afa711879dbf2cb98a40e7367.jpg,18696505,"中国,纪录片,县乡治,新华社",71556,69,123,2575,895,327,0,0,5934
BV1tDt7zJERS,114975016228285,1,76,2149,美食制作,美食制作,http://i1.hdslb.com/bfs/archive/8a05201398a3766d607568e279d875606a214eba.jpg,这么妙的小菜居然没吃过，有手就会做，传统鲁菜盐卤肚,1754388000,758,419872064,老饭骨,https://i2.hdslb.com/bfs/face/acafe3e024816f8970ce15acb1f235fc52bac14b.jpg,5203550,"烹饪,美食教程,厨艺,美食制作,家常菜,记录我的美食日常,卤味,鲁菜,小菜,Vlog",125910,502,325,2479,1461,223,0,0,7562
BV1QQtGz5Eoh,114969966480119,1,215,2149,美食记录,美食制作,http://i0.hdslb.com/bfs/archive/846395cb0e1af981e1d2b655ac2c869ec1fb7047.jpg,文科毕业生6.38吃一顿,1754302850,63,33903433,极品饭灵根z,https://i1.hdslb.com/bfs/face/b85167a5feb1ae3547009e6efe6029b6aca5da4b.jpg,584459,"美食,生活记录,大学毕业生,鸡翅,Vlog",339273,1005,471,1324,1040,329,0,0,36348
BV1aQhgzjEQU,114964245253092,1,172,2079,手机游戏,其他游戏,http://i1.hdslb.com/bfs/archive/74f901eacbc3548d2ac9d090964835bd4c8a6369.jpg,饿 了 一 定 要 吃 东 西,1754215619,925,3546376524794441,萝太永不破防,https://i2.hdslb.com/bfs/face/71ed1ab4d1762b5519df89e8c47b1e1dd39dbf96.jpg,1627831,"娱乐,生存,搞笑,游戏实况,避难,60秒,60s",446444,2162,687,3664,2394,1158,0,0,29829
BV1YptnzKEh8,114975569939746,1,59,2031,演奏,明星舞蹈,http://i2.hdslb.com/bfs/archive/3a391a80953d8c6845f8574c09a8e4b4843263cb.jpg,暗香残留,1754388073,47,385534216,段俊piano,https://i1.hdslb.com/bfs/face/f9a72b873971d4ed869a290e1cb27b5b0468afc8.jpg,1262687,"钢琴,段俊,沙宝亮,暗香,KPOP回归前线",255449,140,285,601,994,242,0,0,17577
BV1V8h3znEpq,114964094258335,1,47,2207,同人·手书,随拍·综合,http://i0.hdslb.com/bfs/archive/41f576cba8f7fd4c24316ecd5e1e2888733cc80f.jpg,【重置】你的鬼畜区是什么颜色？,1754213153,68,3493136577857644,路过的White,https://i1.hdslb.com/bfs/face/083e6445aa78242f00e83404ee8e9897c4aae19a.jpg,5757,"鬼畜,音乐,剪辑,梗,鬼畜全明星,卡点,雅",370846,251,914,19220,7874,2819,0,0,75361
BV1LyhHzDErJ,114952736082156,1,59,2021,演奏,演奏,http://i1.hdslb.com/bfs/archive/6b38c2e7fb212fa172dae636f4b6af8f2cd85453.jpg,中西合璧！法国人跳惊鸿舞？“那年杏花微雨，你说你是果郡王…”,1754125200,172,15960317,碰碰彭碰彭,https://i2.hdslb.com/bfs/face/739613f8787e7def3a54ff6e4f0d44494f6252bf.jpg,3376237,"古筝,法国,中国风,合奏,街头,演奏,甄嬛传",345605,335,266,1140,2259,225,0,0,19711
BV1bShPzWEzw,114959883179261,1,17,2064,单机游戏,单人RPG游戏,http://i1.hdslb.com/bfs/archive/dce04ecc38e20d9be7889c298615b73ca7a704fd.jpg,游客：这海盗就是园长你啊？？？？,1754190000,517,7450650,超果果mc,https://i0.hdslb.com/bfs/face/68055fd664aca68f38bdd1d816c46ad4f7b7405d.jpg,2240748,"超果果,迪士尼,过山车之星,搞笑,造乐园,海盗,园长,海盗湾,整点电子榨菜",662252,736,350,13722,13769,295,0,0,35884
BV16p4RzgEAf,114976878563112,1,17,2079,单机游戏,其他游戏,http://i2.hdslb.com/bfs/archive/a3a0891035cf1756661f38fae8b3e1aedaea44d9.jpg,恐龙岛大猎杀（下），江湖团周年庆火热开启，团建活动精彩不断,1754408675,2387,3493273226185448,龙岛蛋壳,https://i2.hdslb.com/bfs/face/2389ca291eaee3b0486133845af7c25e3b0c9c9b.jpg,527956,"实况解说,生存游戏,游戏解说,游戏集锦,主机游戏,游戏实况,恐龙岛大猎杀,恐龙岛,游戏搞笑,推荐宝藏游戏",402920,1058,132,15291,857,18,0,0,12276
BV1UHhHziEgd,114952987809957,1,215,2130,美食记录,健身记录,http://i1.hdslb.com/bfs/archive/ac77b312c5e51524855c6c1a9dd471d1576f66f8.jpg,凌晨三点，我看见健身室有人未眠…,1754043694,156,646889764,Nico爱肉包,https://i1.hdslb.com/bfs/face/1fbb3e1e140042dbc15e412229760cbd21f9a927.jpg,489731,"留学生,健身,vlog,老外,老外在中国",642389,799,823,3878,4541,754,0,0,89223
BV1Je8mz8EX6,114949078650658,1,21,2156,日常,UP主小综艺,http://i1.hdslb.com/bfs/archive/8798f06ef9238b8661bcb4e1904ff9cd9bdb4d86.jpg,别笑，你也过不了第二关《下一个是谁5》03,1754017200,3080,416128940,在下哲别,https://i2.hdslb.com/bfs/face/69b09e143c9e52261e08560795555970ef2e9a80.jpg,2803857,"原创,游戏,娱乐,对决,搞笑,综艺,高能,比赛,下一个是谁,挑战",3009357,62289,10992,86394,306792,7160,0,3,277821
BV1RytgzgEiV,114969278420340,1,251,2083,三农,综合资讯,http://i0.hdslb.com/bfs/archive/3b9b9ebaa7e1fe0f72e9a621209a6693d4b98748.jpg,鱼没钓到多少，家被偷了！,1754292412,534,67141499,大漠叔叔,https://i2.hdslb.com/bfs/face/a33efe2cc12b4f27e586a835ffc9d18483eab525.jpg,6168375,"钓鱼,搞笑,漠叔,西沙,三沙,海钓,户外钓鱼图鉴",637431,3006,1540,3267,14260,1148,0,0,56245
BV1inhuzUE8R,114963356125360,1,138,2154,搞笑,剧情演绎,http://i2.hdslb.com/bfs/archive/4272fac5e3563c348150df530c50d559f19b5155.jpg,我终究变成了一个无趣的人,1754211600,199,31012715,是老胡没错,https://i2.hdslb.com/bfs/face/c9693c98b3d0db331ead3d938f1ce0c6f1215535.jpg,2021932,"幽默,人生,搞笑,生活,短片,情感,搞笑小剧场,惊时去屑洗发水",562810,794,1236,8817,12524,3166,0,0,45019
BV1gHhAz9EpC,114941176579205,1,172,2064,手机游戏,单人RPG游戏,http://i1.hdslb.com/bfs/archive/3bc1d5a0c2bcffe4d223e4e7d2ece37bd426990e.jpg,《崩坏：星穹铁道》3.5版本「英雄未死之前」前瞻特别节目,1754138700,1829,1340190821,崩坏星穹铁道,https://i2.hdslb.com/bfs/face/57b6e8c16b909a49bfc8d8394d946f908cabe728.jpg,11437679,"崩坏：星穹铁道,前瞻特别节目,崩坏星穹铁道,英雄未死之前,米哈游,miHoYo",2262355,45293,13790,23494,28266,5025,0,0,135537
BV1Fnh3ztEAX,114964127948386,1,218,2167,喵星人,猫,http://i2.hdslb.com/bfs/archive/c34c4a1b6a2aa37a742c4c43c43a90be4e5952dc.jpg,有爷爷的小猫像块宝,1754214289,371,3546720564676999,曲洋的不苦小院,https://i1.hdslb.com/bfs/face/4c2bc0236bb8bd0439d4e88bfad0bfef42c4faca.jpg,77657,"喵星人,爷爷,猫咪,关爱流浪猫,流浪猫,小猫",1321096,1278,1618,28230,87839,4634,0,6,235437
