bvid,aid,videos,tid,tid_v2,tname,tname_v2,pic,title,pubdate,duration,mid,name,face,uploader_follower,tags,view,danmaku,reply,favorite,coin,share,now_rank,his_rank,like
BV1YBhVzXEM9,114964564089271,1,138,2154,搞笑,剧情演绎,http://i1.hdslb.com/bfs/archive/43b29659b28a3fd1f6cdd88fed2e1c69c36e7a8f.jpg,当班里有个跑腿同学！,1754220358,94,393709394,一串大福,https://i2.hdslb.com/bfs/face/e6d1cf7df22235495d25d7ae77a4aa185e5d8c7f.jpg,1563694,"搞笑,原创,校园,搞笑小剧场,来福来福,一串大福,真实,外卖,学生时代,fyp",2534947,552,487,14765,1680,289,0,0,73379
BV1Ue4ZzbEmy,114979411858168,1,65,2071,网络游戏,射击游戏,http://i1.hdslb.com/bfs/archive/bbad9827e961367d43b6bbeeed561802ac42133a.jpg,这里也能卡车🤣？！,1754447000,295,103701980,鸭皮_,https://i2.hdslb.com/bfs/face/e8eb42c9c79347f2f27cbffa4acf4ab7e92b6fa4.jpg,369795,"搞笑,守望先锋,源氏,FPS,overwatch,ow2,守望先锋英雄召集,OW,守望先锋2",220148,379,349,887,995,1339,0,0,9536
BV1YqtLznEvj,114972449314591,1,65,2071,网络游戏,射击游戏,http://i0.hdslb.com/bfs/archive/73ce92f44a67588e79a07781b21c7f1f63d69f6b.jpg,士可杀不可辱吗？哈基盾！,1754364600,238,3493274574653579,白泽-三角洲行动,https://i2.hdslb.com/bfs/face/e178448a4699990d468f0f21a31174b6c7eea14c.jpg,969754,三角洲行动日常操作,640264,581,582,7835,705,232,0,0,32500
BV1vttVzUEmY,114971442681575,1,162,2055,绘画,二次元绘画,http://i2.hdslb.com/bfs/archive/66218429cbb86b59a7f1dc3cb781f515f7581ba5.jpg,【Procreate】你有这么权威的企鹅进入马达加斯加,1754325255,62,15635155,禾几丁页,https://i1.hdslb.com/bfs/face/a9459de2e8032dfa36027a313808bf5809904cb4.jpg,8373,"拟人,绘画,绘画过程,马达加斯加的企鹅,PROCREATE,马达加斯加",513530,159,1049,24727,5279,2146,0,0,92536
BV1Z7tnzzEP1,114975553230831,1,172,2073,手机游戏,动作竞技游戏,http://i1.hdslb.com/bfs/archive/381b85c8841bff4d0f132736f1cd3e3c2eedebbc.jpg,9月S果然是金身水门！带大家看看火影新公告，简单氪10个648提升战力，再感受下武当花火的实战表现！,1754388346,795,38568774,鬼叔黍,https://i0.hdslb.com/bfs/face/b35d79cac0c8d78f1fbb4956bf0d778d272a9dfb.jpg,3192823,"万物皆可游戏,鬼叔黍,火影,格斗游戏,战力,游戏测评,主播,火影忍者手游",483011,2956,1353,7455,6252,1415,0,0,23144
BV1TwhpzuEhi,114952887077992,1,182,2001,影视杂谈,影视解读,http://i1.hdslb.com/bfs/archive/47dccf75928f030d4f9037fc8f33db0c7721cb9f.jpg,超燃电影《疯狂的麦克斯》，十年来最硬核战车电影，末世狂暴不息,1754211600,987,73528331,摩斯神探,https://i2.hdslb.com/bfs/face/7a3ccfa2d021bc1212ffdd5ea637d098a1475d9f.jpg,3192782,"石头,电影解说,动作,石头P20Ultra,扫地机,石头扫地机器人,石头扫地机",5613508,494,239,27149,1353,83,0,41,61411
BV17FhHzQECZ,114953289861963,1,17,2072,单机游戏,体育竞速游戏,http://i0.hdslb.com/bfs/archive/6d1da7db0cefef923229307cea72b50c80383559.jpg,洛山矶胡人 VS 荆州俑士,1754048239,936,27442706,南瓜面条Na,https://i2.hdslb.com/bfs/face/f3d1cc9a07b846fb9f52bd8daaac6dbc25b45a45.jpg,69415,"秦始皇,NBA,体育,NBA2K,PK,娱乐,比赛,篮球游戏,推荐宝藏游戏",739792,2424,1401,13839,2535,28031,0,0,70122
BV1jY4RzYETa,114977029493838,1,172,2077,手机游戏,休闲/小游戏,http://i2.hdslb.com/bfs/archive/4562f8cf0708b1fbf6178e32964cdf2cc4f95322.jpg,蛋仔派对：假装不是兔仙，假扮兔仙玩惊魂夜,1754410535,128,64621079,隐秘的兔仙,https://i2.hdslb.com/bfs/face/a557213fddae799ef9963d790ea571ce22b7ddf0.jpg,470419,"隐秘的兔仙,逃出惊魂夜,蛋仔带你看世界,蛋仔派对",1588071,435,285,30355,993,33,0,0,26153
BV1nvhHzoEGn,114953172290095,1,154,2029,舞蹈综合,街舞,http://i1.hdslb.com/bfs/archive/43f672a762dd02372a7e8e4f16aee2dbfb6b94b9.jpg,怎么跳到最后还来劲了#famous,1754046592,64,521665433,UU学弟,https://i2.hdslb.com/bfs/face/af520fa1334a13c8ed5726a64599636f3c711822.jpg,536232,轻舞蹈竖屏激励计划,772801,128,427,2751,1311,292,0,0,67117
BV1NPtFzfExZ,114980502574245,1,47,2037,同人·手书,同人动画,http://i2.hdslb.com/bfs/archive/5d8b06a8f7a6bbf551e17fbd7f242031eca5b01d.jpg,你成为了雷杰多的人间体 来到原生之初去教育土著P38,1754473249,674,1415483599,磷火动漫,https://i1.hdslb.com/bfs/face/661e0d82e5a2bb135ab6db4e0a28fc12aa272888.jpg,948379,"奥特曼,小说,笑容加,磷火宇宙,原创漫画,电动牙刷,usmile,爽文推荐",137993,2133,666,3389,2881,131,0,0,10421
BV1vehVzxEWk,114964547312228,1,183,2090,影视剪辑,人文历史,http://i2.hdslb.com/bfs/archive/00893b248d0e18de68887871ea8ca177ad411d6e.jpg,没鬼没妖，但就是聊斋《聊斋志异》原著讲述,1754291100,1308,297187,姜不够,https://i1.hdslb.com/bfs/face/f56a02d96130b0ce5db176ac4b8db2d391fafa94.jpg,93577,"聊斋,人文,文学,聊斋志异,人文历史档案馆,古典文学",376608,1700,716,4464,3481,317,0,0,13127
BV15Utcz2Ejf,114981509011186,1,65,2064,网络游戏,单人RPG游戏,http://i1.hdslb.com/bfs/archive/f716f6d38ee51c6e51340cba8cabb908bb518c74.jpg,差一点4金了啊…,1754478976,109,1617097682,梓宸爱公子,https://i2.hdslb.com/bfs/face/70bab08addd0ca74723648f78aa4d495eed064a6.jpg,1764648,"原神UP主激励计划,原神",188163,6334,302,1669,670,84,0,0,20814
BV1W8hHzcEMc,114952970963838,1,138,2154,搞笑,剧情演绎,http://i1.hdslb.com/bfs/archive/26853126726175ddaf49118a7f43769c1e285197.jpg,做了件好事,1754043339,182,3546638173866146,李万基fit,https://i2.hdslb.com/bfs/face/6623817f465bd4b80cf1f83af334fa2d56d0983c.jpg,490984,搞笑研究所,3734566,679,1329,12650,5824,1984,0,36,216337
BV1EN4dzrEyo,114976677236118,1,95,2123,数码,家用电器,http://i2.hdslb.com/bfs/archive/07bbd9be8f1287025324ba49095d1df2b5344896.jpg,大疆扫地机出山！新一届机王争霸开启！大横评！！！,1754481720,643,5626102,科技宅小明,https://i1.hdslb.com/bfs/face/e438c58273ea5e9ab8d91f72e2f2a35c91b5ac82.jpg,747078,"智能,黑科技,石头,全屋智能聪明家,扫地机,科沃斯,大疆,扫地,拖地,云鲸",65569,485,249,1335,2141,356,0,0,7212
BV1UbtEzWEqd,114974865360009,1,27,2043,综合,动漫速读,http://i2.hdslb.com/bfs/archive/a5bf37ed20f7152a7f9a0376a245ca9a9e528f30.jpg,【上帝已死】众神下场屠杀人类？比血十字凶狠100倍？,1754388000,617,289800612,圈踢动漫,https://i0.hdslb.com/bfs/face/eb7b7339a2f62e52e41ea20838929ae809789ee6.jpg,371392,"漫画,漫画推荐,美漫,重口味,综漫,上帝已死,重口漫画,猎奇漫画解说",1036973,2654,3995,28536,2492,979,0,91,40083
BV1dPhgzEE3A,114962617862962,1,138,2154,搞笑,剧情演绎,http://i2.hdslb.com/bfs/archive/075f51cfd639b9b3d66852ba33a060323c1dc767.jpg,做生意不光靠自身的实力，更多的是靠运气,1754192408,186,375312438,赵老板创业记,https://i0.hdslb.com/bfs/face/cc234df8ab000658ebb320b6818cc46dbdaf90c6.jpg,31358,"西瓜,创业,正能量,赚钱,商业思维",1897071,1254,1696,4589,5645,882,0,0,79918
BV1cUtuzmEis,114969614227057,1,21,2088,日常,社会观察,http://i1.hdslb.com/bfs/archive/4e8f6268ecdf637b3eb3ec6f25690a566a113cac.jpg,10名外国先心病患儿到河南免费治疗，给异族“换心”？不关心本国儿童？存在大量误导言论！,1754297352,337,99443903,动物园巡逻员,https://i2.hdslb.com/bfs/face/47707d09df803240c50762c92d86589f9a6f125e.jpg,296670,"辟谣,必剪创作",1212991,2368,6501,4672,7418,1112,0,0,54523
BV1MytizTEL2,114985015515328,1,65,2207,网络游戏,随拍·综合,http://i2.hdslb.com/bfs/archive/ce219463f8f319b45eae509668b25f9ac069d801.jpg,【剑网3x上海交警】行走江湖，小心为上！联动公益宣传片《魔都奇遇记》上映,1754532361,350,7005369,剑网3,https://i0.hdslb.com/bfs/face/e8a08ad6d60be4929b50e09aa55988745b237c3d.jpg,780976,"武侠,剑三,魔都,剑网3,剑网3十六周年,联动,MMORPG,上海交警",35994,531,686,619,2512,1614,0,0,4217
BV1aktJzYEDP,114976207409009,1,172,2070,手机游戏,MOBA游戏,http://i2.hdslb.com/bfs/archive/7019ab33d034602927277321ce3928e129f94164.jpg,《焚决》,1754397845,14,425241131,WK七翼,https://i2.hdslb.com/bfs/face/b73d5efd68ba3b364fd23c99db80295114831682.jpg,1200,"电子竞技,王者荣耀,MOBA",764143,88,811,34524,636,1436,0,0,36237
BV1D44ZzPEW4,114979428634415,1,235,2066,篮球,单机主机类游戏,http://i2.hdslb.com/bfs/archive/6b185c378d34eb026cf425e102153e9ec162c2a4.jpg,【徐静雨】我很难厚古薄今了，事实就是明末很多方面都超越了魂1魂3！,1754446977,674,306936843,雨说体育徐静雨,https://i0.hdslb.com/bfs/face/c48ae21d7e98c746d8219a215744a9ad5320d102.jpg,1666107,"NBA,斯蒂芬·库里,只狼,魂游,艾尔登法环,黑神话,明末渊虚之羽,杜兰特,徐静雨",222023,1336,4542,576,1588,2446,0,0,5200
BV1ZhhPziE66,114960084573166,1,65,2071,网络游戏,射击游戏,http://i2.hdslb.com/bfs/archive/752983efe437f81bbb5fa5118179543a4c1b92fd.jpg,一朵玫瑰，一颗北极星。希望被洗号的舍友天天开心,1754151950,230,1584061693,无情布兰登,https://i1.hdslb.com/bfs/face/5b18a9420c377134f1afa4108de3426141cb50ed.jpg,1404,"FPS,三角洲行动,海洋之泪,蚀金玫瑰,雪豹,记录,红狼,北极星,非洲之心,三角洲破壁新赛季上线",424337,517,1232,3868,24382,863,0,0,43669
BV16MhtzzELc,114957853138536,1,30,2020,VOCALOID·UTAU,翻唱,http://i0.hdslb.com/bfs/archive/2382a615d03be5ae269f82cf7196d9a75810bdd7.jpg,我们都在用力的活着（日语版1m30s）,1754125852,92,37080882,奥巴鸽咕咕咕,https://i0.hdslb.com/bfs/face/d688c3b7e619d65a9809e2ee5eadf26a844eabdc.jpg,32713,"励志,日语翻唱,搞笑,俊达萌,ずんだもん,天真的橡皮,一勺料汁,和我的保险说去吧,我还以为减速带呢",543570,228,1705,29577,11877,10287,0,0,67904
BV19n4ZzMEnv,114979227306017,1,21,2165,日常,农业技术,http://i0.hdslb.com/bfs/archive/18c73647e3e3ca828086930d5cdf91248332cc2a.jpg,【央视网超级工厂走进蜜雪冰城】一杯产品的背后是农业的深耕 |🕑8月10日14:00准时播出！雪王邀央视主持人朱广权、央视网主持人常婷一同走进蜜雪冰城工厂。,1754443906,72,48084221,蜜雪冰城官方站,https://i2.hdslb.com/bfs/face/435af63c14c8b7fbd5a7b941454f708cd0b96885.jpg,1692746,"央视,搞笑,正能量,农业,央视网,主持人,朱广权,雪王,蜜雪冰城,三农繁星计划",427258,330,1660,3117,1185,1886,0,0,24002
BV1bch3zgEBF,114964345919881,1,171,2044,电子竞技,动画配音,http://i2.hdslb.com/bfs/archive/8fa9c9a1ec87aaeca69676310a3e1665206ceef6.jpg,猛虎王我跟你爆了，这一次我不逃了,1754216986,223,403920564,大厨-鲜榨配音,https://i0.hdslb.com/bfs/face/24cb275491ee6489fdf85d846ba7d7e27866601e.jpg,102684,"童年,河南话,国产动画,动画种草激励计划,大厨金铲铲,搞笑配音,洛洛历险记",202545,389,355,2489,1644,1652,0,0,23552
BV1xptczeE89,114979646734825,1,172,2064,手机游戏,单人RPG游戏,http://i1.hdslb.com/bfs/archive/36632da0fd3df33d364eb8bf1a6b5cb2c9e60e4c.jpg,【原神】幽境危战(5.8版本) 活动攻略/深邃摹结株·虚暗幻变/历经百战的玳龟·坚盾轰霆/历经百战的皮皮潘偶像·百诈瞬变/原神5.8,1754450495,162,431073645,你的影月月,https://i0.hdslb.com/bfs/face/2e32de7b28fc491a28281a22c6ea9f5d195cbdf5.jpg,8936567,"原神5.8版本,幽境危战,原神幽境危战,深邃摹结株·虚暗幻变,历经百战的玳龟·坚盾轰霆,历经百战的皮皮潘偶像·百诈瞬变,游戏攻略,游戏鉴赏家,原神,原神高能团",264018,201,3539,697,565,302,0,0,10738
BV1wgtFz9Evb,114980435268163,1,162,2207,绘画,随拍·综合,http://i0.hdslb.com/bfs/archive/730a3f7848f5e98f97b3020493c1ed5475d24a84.jpg,为什么说⼀台好⻋都是从“离谱”开始的,1754478000,623,12019354,ToTo文翰,https://i1.hdslb.com/bfs/face/6e36094f818a6f7bc48a86ddac03dbcc728accd7.jpg,198704,"汽车设计,奥迪,草图渲染,上汽奥迪a5l,上汽奥迪A5L上赛首秀,上汽奥迪A5L耀目上市,上汽奥迪A5L油车首搭华为乾崑,sketch,汽车造型,汽车草图",97282,179,218,1029,677,113,0,0,3247
BV1HitqzhEPN,114986659614682,1,252,2039,仿妆cos,cosplay,http://i2.hdslb.com/bfs/archive/fc3ad23fdbbd76dfc39daebb9638230c1d3ef251.jpg,“优雅永不过时”,1754557932,240,4974304,千夜未来Senyamiku,https://i1.hdslb.com/bfs/face/285b983278485b391b11c2fc4f81b50c1fb5da6e.jpg,1764260,"原神UP主激励计划,千夜未来,4K,COSPLAY,夜兰皮肤,夜兰,原神",212914,635,356,12035,2373,483,0,0,22546
BV112hnz8EJ6,114953709164838,1,21,2158,日常,旅游记录,http://i2.hdslb.com/bfs/archive/fee558916d05ed6b18ff9fab66021d3a63cb8947.jpg,台湾女生第一次到大陆旅游 心得滔滔不绝｜住了一个月的生活体验｜旅程中的美食、美景、遇到的人都让她印象深刻｜两岸｜大陆自由行 上海 深圳 四川 重庆 香港,1754056800,1616,454433355,小杰不到一百六,https://i0.hdslb.com/bfs/face/0de6190dc2ab9ba59bb71615d7bae9c79ca0daaf.jpg,93652,"四川,台湾,旅行,上海,重庆,旅游,两岸,台湾女生,深圳,寻找100个宝藏vlogger",785315,6207,1191,2786,5686,357,0,0,25095
BV1ZDtEzMEeu,114974429023080,1,250,2145,出行,传统手工艺,http://i1.hdslb.com/bfs/archive/a0eed6d7ff525258a079aa0c9d14ce08077f2dba.jpg,“中式十大雅事 你最喜欢做哪一个呢”？,1754370731,125,3494364072380525,风景旅行收藏家,https://i2.hdslb.com/bfs/face/ace12fc4e32a46bc07aa82b15b705ed0cfeec5e8.jpg,1438571,"文化,中国,传统文化,古风,风景,中国风,国风,治愈,记录",752134,461,558,79607,5223,1154,0,66,76428
BV17ftnzrEeA,114975435723562,1,253,2001,动漫杂谈,影视解读,http://i1.hdslb.com/bfs/archive/111394749ec350512fe3a772af3aa304640dc839.jpg,以前电视上那么多，为啥现在基本没人拍儿童剧了？,1754394060,828,1405515989,The梁某人,https://i2.hdslb.com/bfs/face/20a2bea9a0568c614e1decac58f77fcb7525fa33.jpg,1264469,"童年,电视剧,童年回忆,儿童剧,黄誉博,郑伟,星际精灵蓝多多,好剧好片重刷榜",1028198,2700,2057,7487,2747,572,0,0,44099
BV1NPtwziEpR,114981139910470,1,21,2150,日常,美食探店,http://i0.hdslb.com/bfs/archive/dba01ee1b5b459d94f9fb96b5ae9a2388bc39909.jpg,小蒜苗人生第一碗麻辣烫，一周吃三次！,1754473981,368,7327911,德国陶渊明,https://i0.hdslb.com/bfs/face/6df4705f82632b8f6ce2c42b1dec757d26a13c91.jpg,1102693,小视频,205430,619,462,514,2726,73,0,0,14636
BV1GRhgzLEsd,114964413159525,1,252,2039,仿妆cos,cosplay,http://i2.hdslb.com/bfs/archive/c470b058f9be708c536df6c375dff5a5e78c10b8.jpg,谁能让我社死，我就V他50！,1754272800,349,2108856,流萤Zz,https://i0.hdslb.com/bfs/face/6b50ab776df772941c92a168e8a06c7e9c3718d3.jpg,2903780,"魔兽世界,漫展整活,社死挑战,社牛,暴雪游戏2025ChinaJoy,Cosplay",2782608,419,278,17116,2075,1214,0,0,38154
BV177huzDEtN,114963322505348,1,215,2149,美食记录,美食制作,http://i0.hdslb.com/bfs/archive/376ebe7dbfb467f81fac348b999d63bac59c1382.jpg,吃不完的大米粥做成梦龙巧克力蛋糕，糊弄小孩绰绰有余,1754215325,113,1201986019,留意炫饭吖,https://i1.hdslb.com/bfs/face/f4fa26aea4b9077bb23844ceb296e8736027b2fe.jpg,1449806,"甜品,萌娃,谷雨,Vlog,我的养娃日记",1252756,691,480,7450,977,1223,0,0,93512
BV1TmhVz2EAp,114964664682643,1,138,2156,搞笑,UP主小综艺,http://i2.hdslb.com/bfs/archive/bd58544a026529d88dcdd4c0a6848134653f29fa.jpg,【Reaction】2025最火热榜Top10歌曲,1754221781,386,300994119,沙雕网友咸叽叽,https://i0.hdslb.com/bfs/face/7f6eea61bc5fe858be23e585d3d7c71c61bc91e1.jpg,3986039,"幽默,歌单,歌曲,奇葩,音乐,盘点,流行歌曲,沙雕,乐评,娱乐花式reaction",585796,8412,2026,18826,5675,813,0,0,74429
BV1DntqzrErB,114986491908098,1,138,2154,搞笑,剧情演绎,http://i0.hdslb.com/bfs/archive/001261f468fb87958c6680ab7b18214f1941ed73.jpg,这一杯敬自己，能活到现在不容易,1754555109,166,660111078,鲨姐和老王的异常,https://i0.hdslb.com/bfs/face/f62521bc3d74a6b927fb52851e5c10b91565d2fe.jpg,325158,"185大帅哥,鲨姐和老王,这一杯敬自己,情侣日常,敬自己一杯,搞笑研究所",86668,183,217,578,837,477,0,0,15786
BV1kUtFzoEwh,114979814507845,1,138,2156,搞笑,UP主小综艺,http://i0.hdslb.com/bfs/archive/f65443f9a3e51d70425c948ada49fe6a2fc7307c.jpg,骑手：交警追我，我不送了...【离谱外卖对话 第八期】,1754456529,297,20892823,柠檬派奇幻漂流,https://i1.hdslb.com/bfs/face/35381f14ad45a75b4392642055a3d113e50b03f9.jpg,3070582,"奇葩,搞笑,吐槽,外卖对话,淘宝闪购,淘宝闪购请你喝秋天第一杯,淘宝闪购请你吃秋天第一顿,外卖,离谱,秋天的第一杯奶茶",855429,1839,559,11626,1695,456,0,0,84524
BV1Shhtz9EKB,114957601544314,1,17,2078,单机游戏,沙盒类,http://i0.hdslb.com/bfs/archive/317f615956489b0d8dd3a34e02fedf6a992b1eaa.jpg,💥爆 爆 方 块💥,1754114490,906,860464,少年五之歌,https://i1.hdslb.com/bfs/face/55ece692c6455bc9cf1bd189cf3411b055eaeb52.jpg,2225263,"乐高,大橙子,五歌,我的世界,BADCEN,在一起玩一夏,乐高苦力怕,小橙子,乐高我的世界,乐高航海王热血登陆",404897,847,427,3435,5893,190,0,0,25616
BV1C1tuzDEhd,114969580476265,1,17,2078,单机游戏,沙盒类,http://i1.hdslb.com/bfs/archive/e043bb5a3423226ac81302d0e1a2d7a90b4eef0e.jpg,MC加载世界时的动画，你知道其中隐藏的信息吗？,1754308800,156,510473487,电迷狂热者,https://i0.hdslb.com/bfs/face/25d17ed2257b59a7caeae77692c96c7b1945405a.jpg,57899,"MC,历史,我的世界,彩蛋,Minecraft,发展史,远古版",439123,535,911,8730,1459,665,0,0,20635
BV1XktJzYEVJ,114976207474362,1,21,2021,日常,演奏,http://i2.hdslb.com/bfs/archive/e4103fa5a3fa4930075123a96cf2eb21f151753f.jpg,闲着没事，中指弹根铅笔🤪,1754397980,26,3493092650912393,雪什校草Snowgrass,https://i2.hdslb.com/bfs/face/82c3d51e02b17b5cce3a593fe158e5b1453f3f2d.jpg,2657,"猎奇,铅笔,把兴趣玩出名堂,有点意思,初中生,卡点,抽象,大展宏图,整活,必剪创作",439965,2449,631,1342,3291,283,0,0,48365
BV1YgtczkEVt,114979512522030,1,172,2076,手机游戏,女性向游戏,http://i1.hdslb.com/bfs/archive/cf20aa1057bcf639bdad3e6c51e70879eaca4ec3.jpg,中式怪谈？轮回？无限暖暖丹青季全面解读！,1754474459,873,547707160,七月Altair,https://i1.hdslb.com/bfs/face/e380b907eb041111fca8d18bc4752f6f4b9f1627.jpg,198671,"游戏杂谈,国风,暖暖,手机游戏,无限暖暖丹青季,剧情解说,nikki,国风美学,无限暖暖",248850,163,273,1652,2182,272,0,0,8221
BV1nQt3zsE2J,114970419266894,1,219,2168,汪星人,狗,http://i0.hdslb.com/bfs/archive/e55f61c238ac7df25fe0ff8b2aa0401298376854.jpg,爱吃苦瓜的小八戒永远离开了,1754309940,511,509278225,豫西小丁,http://i1.hdslb.com/bfs/face/aac093c74838f2fa54118da43a6b9419b9f62087.jpg,769389,"八戒,苦瓜,高加索,白菜",483848,4436,5492,2668,25629,1452,0,0,42490
BV1tCtLzjE6M,114972382202929,1,138,2155,搞笑,语言类小剧场,http://i1.hdslb.com/bfs/archive/807b983e070be382f516f9a16e6e56cc45a42c92.jpg,《真正の魔丸》,1754366400,106,3493260618106936,伤心欲茄222,https://i1.hdslb.com/bfs/face/1f0cb64d9b62da7db7e6e020b78b6872dbffe55c.jpg,3280092,"搞笑,八嘎,配音小剧场",1742003,1962,2523,10348,3800,6581,0,50,177336
BV1LUtqzpE9h,114986256959097,1,212,2150,美食侦探,美食探店,http://i0.hdslb.com/bfs/archive/0bd7f0cd3d17b057bdb801ac633224b5f3559390.jpg,新疆必吃大盘鸡，竟然还把爸爸妈妈“绑架”在这了。,1754558400,652,3537122973714533,老王在中国,https://i2.hdslb.com/bfs/face/5cc0f66946ba560d0ccbd8e5bffc45ac94793cf4.jpg,3449712,"歪果仁,生活记录,舌尖真探事务所,爸妈,大盘鸡,老外在中国,大美新疆,新疆美食,美食探店",361620,3310,1530,1634,7402,312,0,0,26022
BV1iJt3zjEkn,114970704481089,1,27,2207,综合,随拍·综合,http://i2.hdslb.com/bfs/archive/08f031149b05b1e9ce75058743d2fae7f3658caa.jpg,假如soyo的内心戏很多,1754313833,115,50934906,虾头睦子米,https://i0.hdslb.com/bfs/face/8aca966c01d57fa3ee0508dbe4ca26c305cd9c11.jpg,8073,"MyGO,Ave mujica,爱素,BanG Dream!,千早爱音,长崎素世",168620,295,671,9923,4784,3129,0,0,28436
BV1sHhJzZEkq,114952215989221,1,222,2171,小宠异宠,动物综合·二创,http://i2.hdslb.com/bfs/archive/9dd5eba64aa0c2c3d3c2b016467097e9e38fd36a.jpg,1000种生物混战，河虾大军灭三大天魔，六仙域残党险些再次团灭！｜【黑暗森林3】,1754042858,742,14556547,蔡武年,https://i1.hdslb.com/bfs/face/26476ff94e664738495ef2fa219459096e5ffa20.jpg,643327,"黑暗森林,福寿螺,天魔,河虾",4802198,1933,1616,58096,41428,2396,0,27,155243
BV1n2tjzPEFR,114973640561646,1,219,2168,汪星人,狗,http://i2.hdslb.com/bfs/archive/786b35b08155f60f8b082b5dbbeec20577c82697.jpg,小狗：说出来你可能不信，我进入二维空间了,1754359111,92,652551563,西卡观察员,https://i2.hdslb.com/bfs/face/a451caaf7e24e7612e23737c16ec62cea732ce8f.jpg,751191,"狗狗,汪星人,可爱,边牧西卡,猛男必看,毛茸茸训练营",3180195,10136,2040,14582,12626,6590,0,54,148224
BV1AVtwzhEBM,114981240771469,1,138,2073,搞笑,动作竞技游戏,http://i0.hdslb.com/bfs/archive/d3b4cae63f3b815b44e696ee176d2273b4d0ca66.jpg,【梗百科】鸽子神是谁？压力の小曲是啥梗？老弟的压压？！,1754474797,184,1544008396,梗百科,https://i1.hdslb.com/bfs/face/096ce47bce303e18d35df5343887a1ea9a9bbf8e.jpg,1917310,"AI,火影忍者,鬼畜,手游,蔚蓝档案,mygo,Heart111,赛马娘,Girls Band Cry,给整活儿加点艺术",887432,740,1490,11026,810,944,0,0,46503
BV1Pht5ziEMK,114971090355941,1,65,2071,网络游戏,射击游戏,http://i1.hdslb.com/bfs/archive/3f2f09673e2a762b97bd6bd3afa671c202f99487.jpg,剥蒜的情谊42.0,1754362800,104,12705018,NinthA-,https://i0.hdslb.com/bfs/face/90fbf5732bd3bffd6a4d094acec17d30756f581e.jpg,196107,"猎奇,二手推荐,三角洲行动,三角洲搞笑,二手手机,转转",1002352,10038,409,6293,862,1274,0,0,55090
BV1iwtAzdERd,114980703702415,1,228,2090,人文历史,人文历史,http://i1.hdslb.com/bfs/archive/8763349f1e94a934fa7a0408389c6268e07bdad9.jpg,刘伯温：我能算尽王朝兴替，却看不透一颗帝王心,1754474400,2613,11125629,子非秋月,https://i0.hdslb.com/bfs/face/d5e8148c82f7fbc9c731f796bdb6af3d4a786868.jpg,3461680,"皇帝,传统文化,历史,中国历史,明朝,人文,知识,人文历史档案馆,刘伯温,历史人物",72808,379,205,1610,921,156,0,0,3591
BV1JehJzSEra,114952350211088,1,176,2077,汽车生活,休闲/小游戏,http://i2.hdslb.com/bfs/archive/82d1bd70309cf1c4b98da0ecd0d7f1f3c7d6bef1.jpg,我太奶团最擅长的就是搬箱子和垫箱子了,1754034507,258,3546767706556480,蛋仔派对太奶团团,https://i1.hdslb.com/bfs/face/e9377e8c8e1da91b0e8e071c1e86b2bddd834e88.jpg,75882,"必剪创作,蛋仔派对宝藏乐园地图",4021809,85,70,110083,12126,13,0,45,109067
BV1tohMzNEHJ,114961477013122,1,21,2014,日常,娱乐综艺正片,http://i0.hdslb.com/bfs/archive/b79200ec395284875738930182bae78c87338471.jpg,为了参加节目，他们居然把头发...《下一个是谁5》番外01,1754190000,537,147166910,雨哥到处跑,https://i2.hdslb.com/bfs/face/c54b148c789fcf43da95eb81331af6de47511553.jpg,3569223,"高能,音乐,兄弟,颜值,娱乐,染发,搞笑,节目,下一个是谁",1175343,5864,2121,16772,50471,1247,0,53,90392
BV1JStnzmE9R,114975200840386,1,21,2071,日常,射击游戏,http://i0.hdslb.com/bfs/archive/64522401372f0cda81c64635e88eecbc6e87ede2.jpg,攒钱买手机第七天,1754382623,123,3546735158758129,三角洲累逼,https://i1.hdslb.com/bfs/face/c85a8ba5ce54aebeaf9683d1f5c89af8e3e8ffd1.jpg,11380,"第一视角,游戏实况,娱乐,原创,手机,必剪创作",179424,215,774,1691,16212,239,0,0,31441
BV1Tdh7zoEFZ,114951276463255,1,65,2071,网络游戏,射击游戏,http://i2.hdslb.com/bfs/archive/b8f3777b3ad2e24a08e45418352cc30c451f3e15.jpg,【我的洲】bro懂我的爆率！超算单元！#10,1754017685,282,325194407,文尤里,https://i2.hdslb.com/bfs/face/b6544a3402547aaea3169ca63a90d37c25033664.jpg,42757,"直播,三角洲行动,三角洲欢乐剧场,我的洲,mc",2954999,743,1390,17330,13559,7563,0,57,158292
BV1CShnztEdK,114953608501945,1,17,2079,单机游戏,其他游戏,http://i0.hdslb.com/bfs/archive/a55e78825021de948e99997fe720be89a3dee55d.jpg,因为我的下巴太帅了，居然帅照了镜子,1754053218,162,3546588184054354,隔壁老王沙雕加搞笑,https://i1.hdslb.com/bfs/face/8e3ad2e8ce6af73d58b0f0d91d60ac774fb5807d.jpg,79759,甜瓜游乐场,483745,1170,854,16311,3080,1229,0,0,28805
BV1p5tizoE4E,114985334282237,1,65,2065,网络游戏,MMORPG游戏,http://i0.hdslb.com/bfs/archive/961471ca4da4365fc42dca067a6ee8ebe1956c68.jpg,意难平终结！梦幻西游畅玩服居然这么有料！,1754568000,199,249115678,好运的鱼,https://i1.hdslb.com/bfs/face/c786831e251bc18df06f46f6c1cde375957102ad.jpg,1430645,"游戏资讯,网络游戏,游戏杂谈,梦幻西游,梦幻西游创梦计划,梦幻西游畅玩服,游戏情报,MMORPG,梦幻西游电脑版,整点电子榨菜",143080,1778,103,578,626,120,0,0,6851
BV1D84ZzwEq7,114979462190438,1,228,2207,人文历史,随拍·综合,http://i1.hdslb.com/bfs/archive/7c9fe9be5aec0a834bd6855ee2eaa26b0d89aada.jpg,大卫戴的四大罪状：良子绝不止于暴食！抽象十大人物,1754447557,514,1132787668,峨嵋峯,https://i1.hdslb.com/bfs/face/3c103fffe98451243ef4714e5566561177b9204d.jpg,30314,"鬼畜,大胃袋,味真足,抽象,良子,这一块",182650,796,591,1966,554,726,0,0,11104
BV13RhJzKE4q,114952064996335,1,182,4218,影视杂谈,钓鱼,http://i2.hdslb.com/bfs/archive/773785ebea375aa2560b0ec44b9c905e5e521d4e.jpg,鱼竿都断了，鱼线却没事！这玩意有多结实？,1754130000,63,108264176,老树怪谈,http://i2.hdslb.com/bfs/face/036019f3c89c879b643885bbcb8944dbbb5a174d.jpg,49187,"科普,涨知识",3599652,317,1031,4042,1188,240,0,0,64826
BV1QUhbzcEZj,114958842993467,1,138,2154,搞笑,剧情演绎,http://i0.hdslb.com/bfs/archive/fec2dce937417810cffa97a16cede1f1b87a580b.jpg,她果然吃霸总这一套,1754140200,50,317698195,-高泽宇,https://i1.hdslb.com/bfs/face/f3abae4a9af7725e4ca4c0bdf94bc91235c68db8.jpg,164026,"搞笑,短片,原创,搞笑小剧场",1078571,328,627,8732,1798,1879,0,0,134763
BV1zghtzMEbB,114957769252558,1,138,2156,搞笑,UP主小综艺,http://i2.hdslb.com/bfs/archive/657df028012d16f5eafb37c2198eee4b67d5dbc7.jpg,走到哪算哪,1754118000,2512,5970160,小潮院长,https://i1.hdslb.com/bfs/face/834eb0de8d2f470bf03e4ea92831b14f3824c863.jpg,14322974,"娱乐,逗比,生活,高能,小潮,搞笑,一加Ace5至尊版,一加手机,小潮team,一加手机全面战神",6870302,66068,9232,130690,151862,5969,0,4,367386
BV1qwtAzdEw2,114980703702586,1,247,2106,新能源车,汽车测评,http://i1.hdslb.com/bfs/archive/88274062271e966e116267b4c9390cfc12bab322.jpg,抢先内测！沃尔沃全新XC70智能车机,1754469688,890,497525820,所长Wy,https://i0.hdslb.com/bfs/face/5137009463f59bf5ed46af3a8779d63ed6ca3304.jpg,1403765,"汽车,奔驰 GLC,理想L7,沃尔沃全新XC70,沃尔沃全新XC70车机发布,车机界的苹果,特斯拉Model Y 焕新版,新能源车,车机,阿B车友俱乐部",719850,987,592,6291,3461,194,0,0,50886
BV1LKt5zXEqQ,114971358791317,1,157,2160,美妆护肤,城市出行,http://i0.hdslb.com/bfs/archive/98f7a4c03b67d326926ddba877177553d36cd513.jpg,逛街别光只逛不买啦！顺便0元做个色彩测试！,1754324111,149,287468649,阿哈哈哈哈哈黑猫警长,https://i0.hdslb.com/bfs/face/1305fba1909b05ac6d90e0ec2f4eb5ad343998db.jpg,1511134,"生活,测试,测评,生活记录,色彩,挑战,逛街,色彩测试",272834,86,159,14016,720,2992,0,0,21811
BV1LptnzKEF6,114975569876744,1,172,2070,手机游戏,MOBA游戏,http://i0.hdslb.com/bfs/archive/7398b96d9b4a0f52772c4cf61fd8d9e99b7fca8a.jpg,木兰打完一宿没睡：这马超铭文全是心眼？？？,1754388271,161,17478777,一只白色QvQ,https://i0.hdslb.com/bfs/face/6247a20eb6759b5ffdf3838354ffd4d9e968412e.jpg,1097099,"精彩集锦,手机游戏,搞笑,娱乐,王者荣耀,MOBA,马超,对抗路",210462,231,188,723,807,83,0,0,27803
BV17a4RzPEM2,114976844943434,1,239,2121,家居房产,家庭装修,http://i1.hdslb.com/bfs/archive/48d9b91fe2af9d218cfd668e39c2a9ae991c8855.jpg,装修又踩坑了！网络热门装修案例踩坑大盘点！一条视频教你装修不踩坑！,1754407575,156,3546908947647198,装修导航研究员,https://i0.hdslb.com/bfs/face/24f688ce486d03b476ca402f597abc30fc345a86.jpg,124483,"#装修知识,#投影仪,#梦幻帘,#窗户玻璃,#装修避坑,#柔光砖,我在B站搞装修",576630,106,138,17819,584,507,0,0,48998
BV1vztJzvEAN,114976039633168,1,253,2043,动漫杂谈,动漫速读,http://i2.hdslb.com/bfs/archive/d3556370af3435a602fbf76c97f9dd470c1b84a0.jpg,火麟飞暴怒揍天羽，苗条俊菜刀砍冥王,1754395217,327,1249738739,刘成lcc,https://i2.hdslb.com/bfs/face/a01f302dc0742f3602724c32d64f6f54fa0d9b78.jpg,228622,"超兽武装,童年,童年回忆,国产动画,冥王,国漫,天羽,火麟飞",780720,635,303,7597,1155,158,0,0,26056
BV1KwhnzhEGv,114951981106521,1,215,2150,美食记录,美食探店,http://i2.hdslb.com/bfs/archive/a77a40f61f2f809c704f8e5de4b6d5f079affb7c.jpg,在程飞老师开的炸鸡店里吃到爽什么体验！味道真的很哇塞！,1754038854,563,1739612939,大韩同学呀,https://i2.hdslb.com/bfs/face/ad5ed2f2184036f155fbdcca560dd429b8ba1067.jpg,94216,"炸鸡,美食测评,Vlog",1066891,1989,1649,2276,1107,524,0,0,18562
BV1824Rz9EL2,114976610129644,1,208,2094,校园学习,科学科普,http://i1.hdslb.com/bfs/archive/b39507e457d39207476b8d77657665244f5f3604.jpg,内燃机原理（下）等离子大炮,1754404283,296,438528157,夏振东讲物理,https://i1.hdslb.com/bfs/face/b888fd064ba65f170fc722d13a2d84fc9ff4bbb3.jpg,403213,"物理实验,高能,超清科普小课堂",499688,193,147,17418,1304,501,0,0,19329
BV1jphuz7EpZ,114963272179271,1,233,2104,极客DIY,自制发明/设备,http://i2.hdslb.com/bfs/archive/d7d9474b7ce6f35594bbab44fcb906bfed190623.jpg,太阳能自动追光系统V1，豆子的老视频1,1754200423,244,13382779,疯掉的兔子yy,http://i1.hdslb.com/bfs/face/0a9f8245eeef392d5a50fcbdfe50ba4d3891cf68.jpg,14297,"DIY,太阳能,3D打印机,3D打印,太阳能追光,发明创造,追光,一起做手工吧！",612257,663,2343,4199,4714,974,0,0,29746
BV1cJtPzPEQX,114982079436128,1,47,2037,同人·手书,同人动画,http://i2.hdslb.com/bfs/archive/b3dd6cc06b306a4f887082f09a993f7a3fcff65b.jpg,【大鸣王潮1566】你也变成声骸吧,1754487444,188,293187959,寞桀緣才,https://i2.hdslb.com/bfs/face/6b4baaf04d1ba4f5e36368c14a3315833b54e481.jpg,808412,"手书,鸣潮创作激励计划,小剧场,鸣潮",517475,4834,1630,6169,16017,2081,0,0,59665
BV1PmtFzbEN6,114979764246530,1,172,2064,手机游戏,单人RPG游戏,http://i1.hdslb.com/bfs/archive/4425bea35b775f74c8fc0624ef398a8a0360203c.jpg,哪些重量级干员可以在一圈内击杀三船光平？【明日方舟】,1754452921,546,12073864,-碱式碳酸咸鱼-,https://i1.hdslb.com/bfs/face/de64ffc4031f4ec3f068527a8cbc4a1ac9cc4bb7.jpg,536054,"娱乐,明日方舟,三船光平,墟,AT-8,泰拉探索协会,明日方舟创作者应援计划",458697,1675,1192,1594,1763,294,0,0,24398
BV1wP4dzGEEv,114976693949189,1,212,2150,美食侦探,美食探店,http://i1.hdslb.com/bfs/archive/92a6a58a9240500ec2e58f1c761ad3727eae0234.jpg,日本社畜吃点啥？同事推荐の平价社畜人气寿司居酒屋，好！免除一死👋🏻,1754405569,210,15874359,大阪流浪社长,https://i0.hdslb.com/bfs/face/e056229473e236e0a9d2b0bf8719ce1192b27c0f.jpg,429944,"日本,日本料理,寿司,刺身,日本生活,大阪,探店,日本vlog,日本海鲜,假期美食特种兵",281030,369,488,1540,1268,348,0,0,24937
BV1RNhgzmETH,114962802413444,1,21,2207,日常,随拍·综合,http://i0.hdslb.com/bfs/archive/15f3084bead82e36a8295f50de817b1c097f185d.jpg,读评论9.95：坚果让指导版牛头去坑二爷,1754208000,92,1834271846,陈君un,https://i2.hdslb.com/bfs/face/65f841ecf609e5e56c4efe01db70be7809c5785d.jpg,628745,"植物大战僵尸,搞笑,坚果,指导版,牛头,娘化版,整点电子榨菜",2244160,1039,1516,31187,1607,274,0,0,62481
BV1PgtwzaE7K,114981341238835,1,243,2066,乐评盘点,单机主机类游戏,http://i2.hdslb.com/bfs/archive/41c694a17ace09bc3eb9097ab741c0ccd1852c0f.jpg,【RAY评】主观锐评！明末到底好不好玩？,1754478075,990,8237763,阿张RayZhang,https://i0.hdslb.com/bfs/face/e1adb940db16b1cf6f95e033f1bd6d9014d25e2c.jpg,1853550,"单机游戏,游戏杂谈,黑暗之魂,游戏解说,国产游戏,明末渊虚之羽,游戏测评,魂游戏,锐评",210463,1334,3994,1485,4654,728,0,0,11015
BV1s3tizfET9,114985166508729,1,17,2078,单机游戏,沙盒类,http://i2.hdslb.com/bfs/archive/d2d4d17e5ba36f4f6535b8ede9ef41fa24702dce.jpg,打败毁灭世界的BOSS！！！？？？「落幕曲 4」,1754536805,1159,31410276,六谷不吃羊肉串,https://i0.hdslb.com/bfs/face/ce56b8b9fd5956ecd0abacee9d9912094d25d9d0.jpg,261075,"我的世界,单机游戏,沙盒游戏,MC,沙雕,像素风,多人游戏,生存系列,夏天y,落幕曲",190497,1002,352,5125,11402,142,0,0,20868
BV156tMzKE7R,114968422842876,1,138,2171,搞笑,动物综合·二创,http://i1.hdslb.com/bfs/archive/78f14a22eb416222203475881a63be2a468e8898.jpg,鱼天帝,1754279229,69,1402229439,大丙搞笑配音,https://i0.hdslb.com/bfs/face/6104868b601276de59976e835c95428601800cc0.jpg,365299,"搞笑视频,搞笑,配音,吐槽,这是一个悲伤的故事,搞笑配音,搞笑动物配音,看一遍笑一遍",2027258,201,793,20494,1150,2903,0,0,119236
BV1bvt3zKEAX,114970872253786,1,253,2043,动漫杂谈,动漫速读,http://i2.hdslb.com/bfs/archive/349b609c10ed49ad02e7c1c9deb404227b86c87e.jpg,《瑞克和莫蒂》所有主线剧情串讲！邪恶莫蒂、瑞克Prime、戴安……全平行宇宙大整理！,1754317572,1730,357261525,安迪视频,https://i0.hdslb.com/bfs/face/44be7e29670fafd734a6961668f3e130ff7e7456.jpg,1614067,"瑞克和莫蒂,动漫杂谈,完结,安迪视频,瑞克和莫蒂第八季,动画片,戴安,瑞克与莫蒂,主线剧情,邪恶莫蒂",1226515,1824,1598,29061,47803,3483,0,38,71212
BV192tGz2E6T,114970083723934,1,65,2063,网络游戏,鬼畜综合,http://i0.hdslb.com/bfs/archive/52592643c32049fcbe1efc9891500dee41f1916d.jpg,【IVL】2025夏季赛，但不太正常,1754361925,117,3461571856566600,叹禾Tater,https://i0.hdslb.com/bfs/face/171fd6ae6b16002b8d3c93cb82bbbb2defa8c8ac.jpg,897,"电竞赛事,鬼畜,第五人格,第五人格赛事,IVL,ivl夏季赛,2025IVL夏季赛,网易第五人格",176189,286,870,7226,7946,2801,0,0,27143
BV1HNtnzmE8W,114975955748230,1,85,2154,小剧场,剧情演绎,http://i2.hdslb.com/bfs/archive/67663e622f730141d010067d1053f7fe5dbf733e.jpg,我就说ai无法取代人类吧,1754394332,72,42019920,CCCmlng小陈不憨,https://i0.hdslb.com/bfs/face/113d86c8aefd66129820292a04daf86fd2788618.jpg,1070233,"B站小剧场,娱乐,高能,人工智能,AI,搞笑,恶作剧",1241873,229,377,17682,864,2602,0,0,65358
BV1xdtJz9ETz,114975855086779,1,215,2152,美食记录,美食记录,http://i2.hdslb.com/bfs/archive/50f3f4e77eaff951004992a6949e02f28ee86d19.jpg,天津美食吃法教程之剩包子篇,1754449200,496,3546594741848906,团团的一家,https://i2.hdslb.com/bfs/face/f578dc23bbfbbfd845c7800b763f7ec872269e28.jpg,605933,"包子,天津,早点,这座城市真好吃",228027,766,511,828,598,593,0,0,14957
BV1XBtKzZEqW,114984847671584,1,250,2194,出行,中外生活vlog,http://i0.hdslb.com/bfs/archive/6efe3f0845ba87ce8ce93a042b66f0fb912826f7.jpg,建造中医馆第一步砌围墙，外国老丈人陪着看了一天，难度太高了,1754529703,1693,670894606,娜塔莎一家,https://i1.hdslb.com/bfs/face/ce517db193abebf3d33ab6813efa80cb60c5c0b3.jpg,542863,"建造,建筑,娜塔莎一家,盖房子,国外生活,洋媳妇,海外生活,跨国家庭,中医馆,暑假生活观察计划",109821,2001,938,535,3834,37,0,0,7956
BV151tczUEcs,114981609672473,1,21,2028,日常,宅舞,http://i0.hdslb.com/bfs/archive/eecffdd17e940f55050e25fe5919f2c725a6a9ee.jpg,兄妹两人为何大汗淋漓,1754480695,184,214391420,KeyKeyKiYoMi,https://i2.hdslb.com/bfs/face/383a30e3e99c2aec038ecb2b71864f6ca1ecf490.jpg,628754,"美少女,小姐姐,宅舞,可爱,兄妹,原创,萌,舞蹈翻跳,暑期练舞日记",324913,470,535,3684,3425,358,0,0,11339
BV1n7h3zbEsB,114963960045038,1,251,2166,三农,农村生活,http://i1.hdslb.com/bfs/archive/466626e0724caaffb27279da97116a2bb3d9d30b.jpg,解救咪咪......,1754222400,338,143845192,念叁叁叁,https://i1.hdslb.com/bfs/face/3e9a9ed8cf8b0c7221b3e810d9e1e8ff7e6cf7b9.jpg,275489,用星露谷开启我的农村生活,315729,458,438,1420,1339,857,0,0,39071
BV19GhGzDEY9,114963624500727,1,17,2078,单机游戏,沙盒类,http://i2.hdslb.com/bfs/archive/f618bd5cfa82fcfc1fbe9c9dc2cb4feb25ebb7a6.jpg,当我们变成美西螈宝宝，并可以不断进化？！,1754539200,400,77257482,小包小包i,https://i0.hdslb.com/bfs/face/1973496f77111d69b07c2058054dc73ac2f23a00.jpg,1595549,"沙盒游戏,我的世界,单机游戏,生存游戏,Minecraft,小包小包,mc,推荐宝藏游戏",169547,137,61,7308,532,10,0,0,9160
BV1NmtwzTEAZ,114980670212937,1,138,2156,搞笑,UP主小综艺,http://i0.hdslb.com/bfs/archive/60b642c54ede6c681f2a569fbe278b2b76d4f031.jpg,哈哈哈哈音乐卧底,1754466092,151,551931509,小歪很拽,https://i2.hdslb.com/bfs/face/961bf1b9c9551c209a44d3463990190c36b3cdb1.jpg,1272931,"综艺搞笑,谁是卧底音乐版,趣味游戏,办公室游戏,看一遍笑一遍,搞笑研究所",963505,414,214,6485,657,112,0,0,17451
BV1RUtGzLEau,114970066950096,1,182,2088,影视杂谈,社会观察,http://i0.hdslb.com/bfs/archive/81714b4f4b7e59e3c3953e0da61bd8874becffbf.jpg,“大毒枭”网上带货，将冰糖当成冰毒卖，还搞特价买一克送一斤,1754304399,551,525382468,人间放映厅,https://i1.hdslb.com/bfs/face/b2e1ed03c4b1996088ac084ee0a96d2d4d816a43.jpg,1283109,"奇葩,真实事件,纪录片解说,绝命糖师,影视IP观察室",1663024,366,475,10229,751,359,0,0,19077
BV1tshHzvEwL,114953021494372,1,239,2122,家居房产,家居展示,http://i2.hdslb.com/bfs/archive/09df386de8b04b73969ed8e754ed855c5ec4d25b.jpg,8月份的减肥，从刷到本视频开始,1754046574,1000,1590082082,马俐管家,https://i2.hdslb.com/bfs/face/362a2668db345d6c3986d043e1dbbab29c94d198.jpg,1777613,"高能,生活记录,uwant,友望吸尘器v400,友望自集尘吸尘器专家,记录,解压,深度清洁",9716747,30945,9481,181146,59615,29035,0,12,317655
BV1wUtnzEEgJ,114975217557316,1,182,2043,影视杂谈,动漫速读,http://i1.hdslb.com/bfs/archive/b10db0d7971a99b42a4e4d540107c1a11f1fb9d7.jpg,家庭暴力、校园霸凌、杀人藏尸结合能掏出神奇道具的章鱼，简直太暗黑了,1754391600,1879,604710494,长片短解,https://i2.hdslb.com/bfs/face/6ccceba6ec8fe60d700f9f7c2910c08d70b03fe3.jpg,2452900,"电影解说,动漫剧集,uwant,章鱼噼的原罪,不发臭洗地机,友望云朵2.0,校园霸凌,奇幻动画,高分动画",586519,6586,1973,16314,6529,3632,0,0,41493
BV1A5tBzvE4n,114985971747759,1,65,2207,网络游戏,随拍·综合,http://i0.hdslb.com/bfs/archive/05662e559cb0078642aaa6407580b3635e66b0fa.jpg,感谢兄弟们的祝福！明晚19点，我们不见不散！,1754546940,72,13470007,皮特174,https://i1.hdslb.com/bfs/face/aa27f02fff29bdc92905483600972d6c507d7cf4.jpg,632373,"生活记录,兄弟,网游,电竞,祝福,职业选手,游戏主播,礼物,Apex英雄,皮特174",360335,248,4385,1415,6858,3520,0,0,20556
BV1tbtjz1EAh,114974093549347,1,17,2077,单机游戏,休闲/小游戏,http://i2.hdslb.com/bfs/archive/90269a466b4b70afd5f0bd92a9b209fbec9bb525.jpg,觉醒后，我拿下了七杀！,1754365551,306,64116958,名游社,https://i1.hdslb.com/bfs/face/0ca11f1f7e159f848be4ef14d87042f0380f47d3.jpg,1201166,"游戏实况,娱乐,联机游戏,搞笑,策略游戏,名游社,沙雕,休闲益智,整点电子榨菜",342262,472,580,2343,1887,158,0,0,22691
BV1784ozVEkw,114977633471667,1,47,2037,同人·手书,同人动画,http://i0.hdslb.com/bfs/archive/8bca1921a3e3973ca43f0f58dfcf80fcd2f4c8bc.jpg,【像素原神】都什么年代了，还在用传统女仆,1754452800,236,1944821,苏帕帕瓦,https://i2.hdslb.com/bfs/face/2ebdb246197bbdad35d0f6e7ecee5b70560e7c85.jpg,329700,"原神UP主激励计划,诺艾尔,女仆,像素,配音,空月之歌,伊涅芙,荧,原神",170266,212,243,7441,1164,233,0,0,18021
BV17RhtzMEjk,114957282705862,1,137,2014,明星综合,娱乐综艺正片,http://i2.hdslb.com/bfs/archive/7fcd7f5874f681f83db3e7dec61d7924f183df7a.jpg,【TF家族】《2025TF家族夏日运动会》DAY2,1754125200,13534,3670216,TF家族,https://i1.hdslb.com/bfs/face/1c74336b9060d40d0ccf5e8bce7c0de34526b1e3.jpg,6943472,"TF家族,夏日运动会",1825665,1292147,15483,27611,8319,1579,0,70,63743
BV1x6h8zxE5a,114958339672604,1,138,2005,搞笑,短剧短片,http://i0.hdslb.com/bfs/archive/4e544b47d7525d9a9cb47570d7a187d20871a124.jpg,弗雷尔卓德之土石方这块儿～,1754128385,266,3546909580987309,弗雷尔卓德-杨辰,https://i1.hdslb.com/bfs/face/e59912641ba4cbaadb857e30085b15cf4dcc6819.jpg,261733,"短片,原创,学生作品",720042,1000,1049,2551,1631,1623,0,0,52194
BV1gdhHzVE6m,114952685750447,1,138,2166,搞笑,农村生活,http://i0.hdslb.com/bfs/archive/b90ad3bf606948021e18dc2d3a49d811e3964087.jpg,我做了一个70年的天王梦,1754038992,18,667606816,毛宇鹏-抽象爷爷,https://i1.hdslb.com/bfs/face/0cfe03dbbdfb80893a2fd001c8067ad010373573.jpg,77352,"生活记录,梦想,记录",2807220,1922,3268,37933,14478,10282,0,48,301441
BV1iBtJzKEL6,114976056416386,1,21,2197,日常,其他vlog,http://i0.hdslb.com/bfs/archive/59a3d4977a70152088b92eecefaef86bf69fabbc.jpg,挂壁房租房彻底踩坑，每月多花50块却用不了空调，早知道住网吧了,1754395815,633,3546587229849778,小A在上网,https://i1.hdslb.com/bfs/face/b496e9229ac889f7f398f69f46e8cf40c7d3c818.jpg,695431,"生活,生活记录,vlog,挂壁房,电子榨菜,租房,网吧,城中村,网吧大神,随手记录我的生活碎片",391973,996,1076,1182,3043,259,0,0,15545
BV1ZAhGzoEou,114963389619964,1,182,2001,影视杂谈,影视解读,http://i1.hdslb.com/bfs/archive/1e8e5d116c24cdde997b58bf76ce38793c4e8498.jpg,口碑神作《浪浪山小妖怪》另一结局太沉重，并非打工人的牛马翻身的故事,1754202456,250,39700483,老浪三个蛋,http://i1.hdslb.com/bfs/face/349ae49cb4a685f76ccde37123380bc2ef06e2f9.jpg,62552,"动画,动漫,影评,小妖怪的夏天,浪浪山,浪浪山小妖怪,UP热评影视剧,上海美术制片厂,上美影,上美厂",328145,448,1134,1548,581,380,0,0,13183
BV1FXtnz1E8r,114975234332369,1,172,2064,手机游戏,单人RPG游戏,http://i1.hdslb.com/bfs/archive/559bfbec86b2ebc89cca0261a32ec26183354fd0.jpg,5.8幽境危战难度5攻略！6个平民阵容推荐，通关技巧讲解,1754445600,814,31922771,Leah莉娅又迟到啦,https://i2.hdslb.com/bfs/face/eb4248f80af971d230eeb95cbc95ab6e23c546e5.jpg,380249,"原神UP主激励计划,二次元,幽境危战,N5,圣遗物,攻略教学,游戏攻略,难度5,原神,原神高能团",285710,791,3390,1360,4420,829,0,0,12253
BV1FKhNzCEHT,114959363213954,1,138,2154,搞笑,剧情演绎,http://i2.hdslb.com/bfs/archive/fdc3539dc8cfee26071ad2c36dcb0f8b6f9b4dc8.jpg,北京人生存规则怪谈,1754141058,106,475912512,抵抗Resistance,https://i0.hdslb.com/bfs/face/12c1cd0df2ee6e6bb09b279b0553cdc9ae4af4f0.jpg,1091690,"北京,搞笑,搞笑小剧场,北京人,北京话,规则怪谈",945404,908,3739,4755,1264,2028,0,0,76842
BV1qutNzfEE1,114983337727859,1,95,2099,数码,电脑,http://i1.hdslb.com/bfs/archive/bf794bb6a50426e6712c7ca53b20c0bb09e3125f.jpg,"「8月电脑配置推荐」实装实测15天!装机不兴白花钱,小白装机买电脑必看！建议收藏",1754560800,1897,5371061,狠人柯基,https://i2.hdslb.com/bfs/face/c53ef9743fe24ff42a968801c26315118bacd075.jpg,110254,"科技猎手,数码,科技,8月配置推荐,电脑装机,明末,电脑配置,DIY电脑,游戏主机,影之刃零",31823,22,192,1105,1067,22,0,0,3448
BV1VDhHz2EXG,114952668978941,1,21,2046,日常,网文解读,http://i0.hdslb.com/bfs/archive/687bfe3e391e383f07ab51508c1de8eb2ee7f47e.jpg,假如白素贞拜的是斗战胜佛，法海会怎么样？,1754038914,128,72969462,笔给你你来写_,https://i0.hdslb.com/bfs/face/8e8a57daeb8ee0b50e6fa4e66c4f18f849fc601c.jpg,1139363,"原创,脑洞,小说,曼波配音,随笔,白素贞,西游,原创剧本,沙雕段子",1116478,1031,2778,6825,1423,904,0,0,100686
BV1pW4oz7E6Y,114977700581597,1,172,2077,手机游戏,休闲/小游戏,http://i1.hdslb.com/bfs/archive/5b64fd7e3da3ee90ef65e005d1ef9fc5826cf673.jpg,弃桥，然后小的走下面，大的走上面,1754420734,123,1023606971,智乃ちゃん,https://i2.hdslb.com/bfs/face/7116ad09eab0e70e3a7346f3a61342f4af7bd19e.jpg,429,"原神UP主激励计划,遥遥同旅,原神",523185,9116,1748,6484,4724,8375,0,0,68879
BV1rytEzVEHM,114974496263161,1,228,2103,人文历史,工程机械,http://i2.hdslb.com/bfs/archive/9aed2f84935d4f10057d5161b7cce9c216613888.jpg,1.2万亿再造5个三峡，雅江水电站对中国意味着什么？,1754372103,427,26108626,赛雷三分钟,https://i1.hdslb.com/bfs/face/4eb764b8c6afc48ad1e7aaf84b0f58db3d4dbb3f.jpg,3233294,"科普,地理,三峡,雅江水电站,发电站,青藏高原,雅鲁藏布江,万物研究所",645357,2522,2630,4540,3022,1008,0,0,52376
BV1mrtwzgEqm,114981005690117,1,27,2042,综合,动漫评论,http://i1.hdslb.com/bfs/archive/00550addac7726bcae3069c6b41fd5efb90b5030.jpg,几十万就这样花掉！？二次元老钱恐怖如斯！,1754471201,451,80304,亚食人,https://i0.hdslb.com/bfs/face/3f1496f48a5eb840a974fef0fd7db7a3f225fbe7.jpg,1620465,"动漫杂谈,手机游戏,游戏杂谈,氪金,二次元,二游,崩坏：星穹铁道创作者激励计划,人型电脑天使心,老钱",257692,355,444,2352,1457,155,0,0,15753
BV14ctwzBEeQ,114981106420727,1,138,2037,搞笑,同人动画,http://i1.hdslb.com/bfs/archive/30f4518fddbb50da5baa3017db84786e76342d28.jpg,暑假时的你 VS 学校时的你,1754472777,166,321422126,进击的金厂长,https://i2.hdslb.com/bfs/face/339c136489ea2af91bd1d8688ba7259e958ded28.jpg,5119692,"搞笑动画,搞笑,学校,生活,动画,短片,暑假,校园,搞笑小剧场,学生",2542998,2214,945,95117,23205,453,0,6,159146
BV1WihxzkE3s,114956712283985,1,216,2063,鬼畜剧场,鬼畜综合,http://i1.hdslb.com/bfs/archive/ca5a733e6fcc8af37247a9f1521b1140d81b4cb0.jpg,当 韩 红 遇 到 旺 仔 小 乔,1754101075,124,7098437,天天吃八碗,https://i2.hdslb.com/bfs/face/43ea324534e97601266bcd56d0fc9b833f03d413.jpg,185111,"鬼畜,旺仔小乔,你给我刷过几个子儿,韩红,转转",912340,4490,673,7553,2268,2783,0,0,49070
BV12JtcziEkV,114979747467112,1,212,2150,美食侦探,美食探店,http://i0.hdslb.com/bfs/archive/0bb7bc21362a9f8ad93c984a4761f1db83a980ae.jpg,探秘美国贫民山寨版肯德基！1块钱盗版炸鸡能吃吗？！,1754470800,452,8894411,子文又饿了,https://i2.hdslb.com/bfs/face/05954faf4210626ceae1a3eb5cacdecab5a61fe7.jpg,760730,"美国,街头美食,美食,国外,子文又饿了,肯德基,炸鸡,美国美食,探店,国外美食",331563,1636,347,1400,1610,248,0,0,13045
BV1abt3zgEPr,114970670927751,1,28,2063,原创音乐,鬼畜综合,http://i2.hdslb.com/bfs/archive/67b10cfb4f718278b2e170676e2b9deac7acada8.jpg,哈基米登上顶点的梦该醒了 I Really Want to Stay at Your House,1754313438,100,350008700,HugoXG,https://i2.hdslb.com/bfs/face/2c4a9a844198f437dadfa5da7024019097823393.jpg,2733,"鬼畜,赛博朋克2077,曼波,哈基米,东海帝皇,赛博朋克边缘行者",437767,335,2135,19711,9092,12112,0,0,61097
BV17ytvz7Evx,114985401324114,1,183,2005,影视剪辑,短剧短片,http://i0.hdslb.com/bfs/archive/3ea6c764fec3d2f6318943e0638b9569cff440fe.jpg,“如果用AI带回他的声音。”,1754539957,281,13829896,白日妄想家,https://i1.hdslb.com/bfs/face/8376a28be5d9a293bedeef6af236e7997807af46.jpg,1047256,"人工智能,创意,亲情,情感,AI,短片,生活,高德地图2025,最想听到亲人的声音,科技让爱有了回声",648831,244,308,5409,3571,2112,0,0,46847
BV1EztvzDEfE,114985518766167,1,31,2020,翻唱,翻唱,http://i0.hdslb.com/bfs/archive/1a27d7e142911ea0dd9275a9aeb09602188edbd3.jpg,《岁月神偷》你第一次听这首歌是什么时候？,1754540103,84,313580179,九三的耳朵不是特别好,https://i1.hdslb.com/bfs/face/73b4a9c72551cd57b06b29d55215b3c9897a0dca.jpg,3640428,"音乐分享官,COVER,唱歌,女声,翻唱,岁月神偷",175909,685,688,1549,2611,252,0,0,10937
BV1NztnzsE3p,114975653760627,1,65,2071,网络游戏,射击游戏,http://i1.hdslb.com/bfs/archive/a196fbc47a441158447abe1b5585440aafed0301.jpg,箱子：跑刀这块，咱俩真强！,1754389496,1032,310787016,芒果t,https://i0.hdslb.com/bfs/face/67034d569dd36d37bc97c9fc53c784ae2f104e90.jpg,160624,"电子竞技,穿越火线,游戏视频,2025穿越火线嘉年华,cf嘉年华狂欢季,CF",311552,308,283,790,1136,72,0,0,8666
BV1RytgzgEiV,114969278420340,1,251,2083,三农,综合资讯,http://i0.hdslb.com/bfs/archive/3b9b9ebaa7e1fe0f72e9a621209a6693d4b98748.jpg,鱼没钓到多少，家被偷了！,1754292412,534,67141499,大漠叔叔,https://i2.hdslb.com/bfs/face/a33efe2cc12b4f27e586a835ffc9d18483eab525.jpg,6169082,"搞笑,钓鱼,漠叔,西沙,三沙,海钓,户外钓鱼图鉴",742591,3286,1634,3591,15783,1290,0,0,63016
BV1ud81zqE4W,114948004910116,1,250,2158,出行,旅游记录,http://i2.hdslb.com/bfs/archive/712b71a2bfe24380e35dfc740f52ef95cf6a4301.jpg,我真没偷渡！船是自己漂过去的！,1754389800,729,1837252267,虎牙青年Plus,https://i1.hdslb.com/bfs/face/eb332010521dffc55e69f81a5ff5b9eba8870478.jpg,725852,"越南,旅游,环游中国,自驾游,瀑布,广西,边境,崇左,友谊关,旅行攻略UP主激励计划",2152824,2717,860,11055,3838,923,0,0,37632
BV1FUtnzEESw,114975217552697,1,85,2154,小剧场,剧情演绎,http://i0.hdslb.com/bfs/archive/f09d382effa488611edee4f87579127f04c339de.jpg,深度还原美容院老板娘,1754383132,109,519076715,我是钟美美-,https://i2.hdslb.com/bfs/face/4c2633ec6d471b3b5ae0fdddf498575280b172a3.jpg,306605,"搞笑,老板娘,深度还原",180108,174,359,878,678,317,0,0,19303
BV1JktNzTEUm,114982985401811,1,138,2207,搞笑,随拍·综合,http://i2.hdslb.com/bfs/archive/87c0c4edb12316e0c6906bf273520b6b823dfef2.jpg,告诉我妈我把自己养的很好,1754501402,69,3546724748495802,-魏士忌-,https://i0.hdslb.com/bfs/face/4bdf0f266c55a23f2559a85805de6caf2cb09c45.jpg,70301,"生活记录,妈妈,萌妹子",163918,176,461,3201,1696,401,0,0,38593
BV1HVtwz8EUH,114981240641756,1,27,2037,综合,同人动画,http://i0.hdslb.com/bfs/archive/21b56c8f9fd654523eb724da5261b2375cabbfbe.jpg,《师傅，走不走？！》,1754474830,75,3461576323500263,哈基漂不想睡大街,https://i2.hdslb.com/bfs/face/e974036a891f8d5aa1c920ee2165279532feb202.jpg,112396,"搞笑,二次元,手机游戏,今汐,弗洛洛,珂莱塔,冬木口音,漂泊者,鸣潮,鸣潮2.5版本二创",544150,1027,643,5933,4456,1810,0,0,37080
BV1DZhgzGEEQ,114964446650001,1,252,2039,仿妆cos,cosplay,http://i0.hdslb.com/bfs/archive/68db4ad5b76e87096273e1b59539c2efdf2208ae.jpg,“你可以模仿一下花火受击音效吗”,1754218509,167,1337856191,困困不知道哦,https://i2.hdslb.com/bfs/face/b1cc84d6b200ec5d7ab822337ee1a1e24d7f5cdb.jpg,486004,"花火,搞笑,读评论,cos,武当花火,火影忍者手游,日向花火,Cosplay",1012762,432,1279,16541,3347,1087,0,0,49638
BV1qthVz8Em9,114964882857043,1,47,2037,同人·手书,同人动画,http://i2.hdslb.com/bfs/archive/eb103100da7e1858eb0d62c02d33cec33b76e4fb.jpg,你成为了雷杰多的人间体 来到原生之初去教育土著P37,1754299800,672,1415483599,磷火动漫,https://i1.hdslb.com/bfs/face/661e0d82e5a2bb135ab6db4e0a28fc12aa272888.jpg,948382,"小说,奥特曼,磷火宇宙,原创漫画,雷杰多奥特曼,爽文推荐",1071722,2638,763,31638,4485,163,0,0,35916
BV1P7tKzVEoQ,114982867964427,1,182,2001,影视杂谈,影视解读,http://i0.hdslb.com/bfs/archive/f7e6103a05c056d751ab32cfc7a12aefa43b0538.jpg,更多的装备与更残忍的杀戮！《铁血战士：杀戮之王》简介,1754564400,944,157761,达奇上校,https://i0.hdslb.com/bfs/face/8afe763e25cae7b010fcd6db10f57bd54f1c2298.jpg,1388078,"科幻,铁血战士,电影解说,影评杂谈,娱乐吃瓜大会",93342,825,499,1530,894,114,0,0,7056
BV1q5tnzrEZG,114975922258423,1,219,2168,汪星人,狗,http://i0.hdslb.com/bfs/archive/36d406730eb88ff4d96a4aa3357e7de18e2320d9.jpg,驱散阴霾的不止有彩虹，还有小猫小狗。,1754394138,329,3546946425850423,一口一个团up主,https://i1.hdslb.com/bfs/face/33fcb94a59b9c4e52c8e95ef97176c1cf408474f.jpg,390858,"边牧,小狗,小猫,萌宠过暑假",255234,641,655,2111,3346,992,0,0,37126
BV1uotcz3ECo,114981223792988,1,212,2150,美食侦探,美食探店,http://i2.hdslb.com/bfs/archive/c57171c77d3041362420bc893d0ade3c3f7137fe.jpg,徐州美食还是太权威了…二刷都没能拿下！！,1754474618,853,703057028,猴儿甜猴儿甜,https://i2.hdslb.com/bfs/face/2b0b6a5dc5173c8749836b1614d74be8c89ea51a.jpg,485144,"街头美食,美食侦探,美食,吃货,舌尖真探事务所,探店,美食探店,徐州美食",297255,425,301,5536,1217,1447,0,0,6802
BV1fGh8zyEuj,114958574619885,1,21,2153,日常,美食综合,http://i1.hdslb.com/bfs/archive/45d53f303ee32984aa2af0312edddb998995a850.jpg,蜜瓜下坡,1754129106,71,3493284026518404,锋利帝,https://i0.hdslb.com/bfs/face/9ae02dcb24397ec7da11792236240c8dbdcd5cb7.jpg,528705,"厨房,厨刀,解压,磨刀,哈密瓜,老利",1249217,11136,416,2612,590,178,0,0,51146
BV1nYhJzHEUT,114952367185150,1,254,2148,亲子,其他手工,http://i1.hdslb.com/bfs/archive/2aeb06ea6b5baf935ad67904362a81929376f18b.jpg,完成了！不难，轻松拿捏！,1754042400,253,202290692,于锡明,https://i2.hdslb.com/bfs/face/9fb4d0db3e112f008a693a9fb0370ca2c0130ac2.jpg,157478,"手工,拼图,日常vlog",1033869,207,179,15338,1744,62,0,0,27468
BV1Jktqz4EeD,114986324072940,1,171,2079,电子竞技,其他游戏,http://i2.hdslb.com/bfs/archive/83c3d2dba28f43063b420c094e68c3815df2abc2.jpg,各界FPS大神比赛刷怪爽游，谁能站到游戏鄙视链的顶端？,1754560800,313,508215481,火兰朋克,https://i1.hdslb.com/bfs/face/51a932f7c15b887d66f5040b6801fc14b75511e5.jpg,1121014,"FPS,搞笑,杂谈,烂活电竞,矩阵零日危机全球上线,PVE,游戏推荐,APEX,矩阵,刷宝",161784,100,341,599,543,71,0,0,5926
BV1cVtwz8EY4,114981240571149,1,253,2043,动漫杂谈,动漫速读,http://i2.hdslb.com/bfs/archive/710119a49f2cc0143371f6ae6350a2a78a6790b9.jpg,厨师“下线”！朗姆篇正式完结！名侦探柯南主线1150话小结,1754476555,969,4370617,哀是麦子的球迷,https://i1.hdslb.com/bfs/face/54e0282d67715868e3943b49f8f6f09f7a58608d.jpg,1275182,"名侦探柯南,动漫杂谈,灰原哀,名侦探柯南剧场版,若狭留美,名侦探柯南主线",687987,2926,2328,5847,6188,3491,0,0,23218
BV1NztEz2EsQ,114974479356773,1,242,2076,娱乐粉丝创作,女性向游戏,http://i0.hdslb.com/bfs/archive/2572e091c58f43053edd2a29d08ae5fe2905ab96.jpg,【无限暖暖x生生世世爱】超丝滑国风一键换装，乘龙飞入谁的记忆？,1754452800,97,25592782,Wink眨宝momo,https://i1.hdslb.com/bfs/face/dda6a2cef813337d42158dd7b8f55dcb35cdbd51.jpg,414344,"混剪,暖暖,仙剑奇侠传,游戏,无限暖暖丹青季,换装,开放世界,nikki,无限暖暖,游戏换装",195409,165,455,3623,9187,1352,0,0,17200
BV18HhAz9EyH,114941176646252,1,219,2168,汪星人,狗,http://i0.hdslb.com/bfs/archive/06a24a0b1ea026880ad82827818e78267f9bf784.jpg,贵妇SPA,1754127900,185,390790215,是曼玉不是鳗鱼,https://i0.hdslb.com/bfs/face/fd6c977cd186e1e828090777fffd791b872db537.jpg,1550941,"汪星人,柴犬,spa,萌宠过暑假",566617,586,584,8045,2214,2899,0,0,51890
BV1Ac4dz5E5G,114976794613247,1,245,4216,赛车,骑行,http://i2.hdslb.com/bfs/archive/a3e80acbe2f1227c0d84529ed0ddf7d3b4b10522.jpg,“刚发车，老哥就开始恢复体力了”,1754472600,1173,5321968,尽墨for车,https://i1.hdslb.com/bfs/face/3db9c7c546cd955cc1f7a1300910f9314e62a86d.jpg,1454782,"娱乐,搞笑,山地车,极限运动,山地速降,沙雕,阿B车友俱乐部",186576,1050,287,973,1069,140,0,0,11227
BV16ohpzhEUG,114954430582357,1,252,2207,仿妆cos,随拍·综合,http://i2.hdslb.com/bfs/archive/edcb774c4e6fba57b512ae0ce713fb436aa9535f.jpg,『自存特效化妆  矿石病的发展 魔王阿米娅手部部分试妆,1754065855,44,661074728,簌雪在这里,https://i2.hdslb.com/bfs/face/9170a54d5f2d93bd621e5669854c48fd7b2bdbdd.jpg,956,"化妆,美妆,特效,明日方舟,魔王阿米娅,Cosplay,矿石病",720018,352,1469,12817,1715,6468,0,0,117973
BV1RFtJzwEfw,114974529688203,1,241,2009,娱乐杂谈,娱乐评论,http://i1.hdslb.com/bfs/archive/aff31d614340b488eaa32dab59077caf7f5b4b2b.jpg,【吃瓜】赵露思直播爆料…被锁在酒店不让治病？否认整容，被欺骗？发点小疯，热搜全屠。,1754376183,591,1976558860,天气微凉淡淡月光,https://i1.hdslb.com/bfs/face/92f61e260415a2e7f22b4d44fa676bce2f612aed.jpg,183343,"演员,微博,直播,神奇的闲鱼,娱乐资讯,吃瓜,赵露思,银河酷娱",857817,6655,4460,2506,1519,2695,0,0,19693
BV1DBtwzGEnp,114980972140137,1,138,2154,搞笑,剧情演绎,http://i1.hdslb.com/bfs/archive/76db70fb56a5db417033184bf3494f2fae60046c.jpg,打 假 许 烦 烦,1754470610,493,32026774,侦探许烦烦,https://i1.hdslb.com/bfs/face/12cddd8ada95dfd639100cd9ec276ce7a57643fb.jpg,189022,"骗子,高能,生活记录,搞笑小剧场,小仙女,记录,良子",149473,362,381,795,674,112,0,0,11962
BV1s1huzaEGZ,114963087690707,1,65,2016,网络游戏,原创音乐,http://i1.hdslb.com/bfs/archive/13a2517c7b1789128a3a6315cb35c64333b95be8.jpg,以防你不知道新活动的主界面曲和某个歌很搭,1754197748,86,299375311,SkyF_,https://i1.hdslb.com/bfs/face/854937d8035ef5f7256622ba51d62420666a2d64.jpg,1264,"音乐,混曲,Mashup,明日方舟,艺术,塞壬唱片,揽佬,大展鸿图,冰",505121,11094,1626,12784,3154,23925,0,0,58033
BV1bZtvzBEaR,114985585938344,1,65,2071,网络游戏,射击游戏,http://i1.hdslb.com/bfs/archive/5ebbf1922f3248afc6df7eeb557c5e804eeb9d74.jpg,魁斗 x 黄子韬丨天天问我在燃什么？远光84，公测上号！,1754541101,110,3494362379979305,远光84,https://i2.hdslb.com/bfs/face/fdb4d361b8a5d44610caf61a770c18068381b45b.jpg,169958,"射击游戏,远光84,远光84全球公测开启",2670664,853,1215,27347,43067,492,0,0,32515
BV1K6tnz9EVT,114975636985210,1,21,2188,日常,自我成长,http://i0.hdslb.com/bfs/archive/c51c6578d6f9434923af0cd72d61755b7f5853b6.jpg,这把真坦白局,1754389213,97,591882474,春游哥哥,https://i0.hdslb.com/bfs/face/003f16b4bf35c96134f3326e165728574a19e3e3.jpg,407909,"高能,情侣,情感,萌妹子,记录",415075,499,587,4422,16156,313,0,0,100456
BV1fXtnzyEAQ,114975234329559,1,218,2167,喵星人,猫,http://i0.hdslb.com/bfs/archive/800b8dc6cfdd15199ced7fb0b8ef6de056ee8b92.jpg,《羊入虎口？ 虎入羊群？》,1754388000,305,263090405,猫不理咖啡,https://i2.hdslb.com/bfs/face/2f60f753ef27168acf7d2aa8c99033e663073142.jpg,1677208,"猫,铲屎官,布偶猫,#领先烘焙猫粮,#做武林猫霸抽免罪金牌,#领先烘焙粮抽黄金,猫咖,云吸猫,打工猫,萌宠过暑假",282198,426,286,1346,19467,217,0,0,31231
BV1d4twzSE3g,114980888253595,1,251,2166,三农,农村生活,http://i1.hdslb.com/bfs/archive/6b2adc472bace03b61aaa2a2227ca59531c59590.jpg,给昏暗杂乱的卧室点亮，就是为女孩心里种下一束光。一张书桌，是他们眺望世界的窗；一方整洁天地，是他们学会生活的起点，从此，生活不再只有将就，还有了值得守护的美好,1754469769,320,409241398,佳里小做家,https://i1.hdslb.com/bfs/face/0dc6cb2e88131066c04613178dc8d5e97b745211.jpg,29865,"生活记录,公益,农村女孩,改造房间",95390,402,386,1259,9749,54,0,0,11385
BV1ndt3zQE3e,114970570265316,1,85,2154,小剧场,剧情演绎,http://i2.hdslb.com/bfs/archive/0ed07aa4032f2b75a5bf73316959b05a1ff9a042.jpg,悬疑西游之十殿阎罗【一】,1754312245,315,3546879646238851,真-赵某人,https://i1.hdslb.com/bfs/face/feb3cc21847c80f14a31783123f943db761bf353.jpg,85469,"悬疑,剧情,原创,反转,西游,一人分饰多角,赵某人",344530,446,388,9394,1150,133,0,0,38215
BV116tFzAEQQ,114979848064901,1,95,2123,数码,家用电器,http://i2.hdslb.com/bfs/archive/e869272da8a81fd827576999e6f5a80f010f5972.jpg,客厅起飞？在家里用大疆是不是搞错了什么,1754481600,555,178690106,搞机所,https://i2.hdslb.com/bfs/face/1d04316b1eb19a97d950a368af672421ff6224ee.jpg,2383908,"科技猎手,数码,评测,科技,大疆扫地机器人,大疆ROMO,家电,大疆,DJI,智能家居",125687,154,271,635,523,21,0,0,4556
BV1tetnzZEHQ,114975704155403,1,208,2084,校园学习,应试教育,http://i1.hdslb.com/bfs/archive/6d1c554a309432151bcc209a456a1e7ae7954c82.jpg,一个视频讲透保研的一切！流程/种类/绩点/英语/科研/夏令营/预推免/九推/保研率/信息源/跨保/外保/内保…,1754390148,1851,40427625,取景框看世界,https://i0.hdslb.com/bfs/face/0d671560a6dd7f28247b3b7501d404a5b01280ea.jpg,3964959,"大学,考研,英语,学生,科研,保研,经验分享,夏令营,绩点,学生UP主养成计划",112719,1106,516,13185,7353,1065,0,0,11326
BV1BEtVzREUA,114971878884862,1,253,2006,动漫杂谈,AI影视,http://i0.hdslb.com/bfs/archive/fcf0d80095208b3a0b95d989b90d7ab6aa03ff30.jpg,地狱难度猜番挑战！当动画名场面被AI重画100次之后？这谁认得出来啊！【动漫高手01】,1754388300,2607,216025,尕丶天堂,https://i1.hdslb.com/bfs/face/6c62b7cad6c3721e86990db86036979d7359232c.jpg,1603137,"动画,天堂,二次元,搞笑,动漫,联动,动漫高手",465321,13664,879,6593,11140,1528,0,0,36362
BV1gotvzuEeK,114985535537435,1,47,2037,同人·手书,同人动画,http://i2.hdslb.com/bfs/archive/1d6a5b3a8ec60cfa5fa838cb03dfea3464452587.jpg,【绝区零】爱丽丝：不要再欺负兔兔了啦~,1754560800,229,287551041,一万根韭菜,https://i0.hdslb.com/bfs/face/0fc28ac65017bc3bb8d48f698266ddf3b53be970.jpg,1066109,"搞笑,比利,手书,手机游戏,浮波柚叶,迟吟的浪涌,绝区零爱丽丝二创,自制动画,爱丽丝,绝区零",191581,920,607,4330,4124,671,0,0,25751
BV1dGh5zbE64,114966543736371,1,17,2071,单机游戏,射击游戏,http://i2.hdslb.com/bfs/archive/05d600b2cc205f97a6352fda2d4b7d13e7229d3b.jpg,《三角洲行动》老外玩国服烽火地带！😆,1754272800,306,3546877907700276,慕德Mude,https://i0.hdslb.com/bfs/face/90c74badf670d5f852bd7d38b7dcf4d22acd8b24.jpg,73467,"射击游戏,战争,FPS,红色,直播,老外,三角洲行动,善战行动,国服,出红",122439,342,333,2090,1054,68,0,0,13534
BV1M44dz4ECi,114976509463916,1,124,2080,社科·法律·心理,时政资讯,http://i0.hdslb.com/bfs/archive/c38ec3290b29fd7a2a1a6eb475f34d94eb33bef7.jpg,【剥壳】联合国送命题战绩全网可查丨实战经验绝赞大分享,1754402748,2930,346563107,波士顿圆脸,https://i2.hdslb.com/bfs/face/f8f0fc4114bb06a87481abe12faa006a383cbe6d.jpg,5179832,"社会,联合国,外交,新闻,巴以冲突,媒体,徐德智,环球资讯站",516377,4090,1164,4091,5583,634,0,0,37507
BV1pghuzxEWd,114963137960695,1,121,2041,GMV,动漫剪辑,http://i0.hdslb.com/bfs/archive/3df4d03f19bbd44c52419c9d1e0aae8864303491.jpg,【𝟖𝐊/𝐇𝐃𝐑/𝟏𝟐𝟎𝐅𝐏𝐒】查尔斯: 天下无敌 - 马克: 天上来敌＋片尾曲《第一推动力》,1754217576,146,675872284,IM闪电,https://i1.hdslb.com/bfs/face/678d87055389a45c74bd659afd935781310029fa.jpg,127853,"白月魁,灵笼片尾曲,灵笼第12集,灵笼白月魁,第一推动力,动画种草激励计划,灵笼12集白月魁vs马克,雨燕号,太空战,马克",334135,296,983,4764,2565,1455,0,0,11202
BV1mBtFzeERj,114980200388633,1,21,2158,日常,旅游记录,http://i0.hdslb.com/bfs/archive/16f18f7ad4445fb8df2328dbd2f669c88d40d53b.jpg,游牧民族生存法则,1754458837,426,487505057,池早是我,https://i2.hdslb.com/bfs/face/6653cb610dd36bb27b80f9c4fdd634172b74ebdc.jpg,829724,"新疆,旅游,人生,情感,正能量,原创,生活记录,少数民族,记录,游牧民族",256966,185,324,3519,6989,663,0,0,29291
BV1xUtVzNEsg,114971291686221,1,172,2077,手机游戏,休闲/小游戏,http://i0.hdslb.com/bfs/archive/5e7f93c7c458606a8b9b979f4b27bec73c570cb4.jpg,蛋仔派对：南瓜居然被兔仙收买了！,1754322936,131,64621079,隐秘的兔仙,https://i2.hdslb.com/bfs/face/a557213fddae799ef9963d790ea571ce22b7ddf0.jpg,470422,"蛋仔派对南瓜入侵,隐秘的兔仙,蛋仔带你看世界,蛋仔派对",1445071,215,549,41258,1680,54,0,0,39800
BV1W1tnznERR,114975318282824,1,172,2071,手机游戏,射击游戏,http://i2.hdslb.com/bfs/archive/fa173e6fea6f609b6fb864c7a20b29667962f65c.jpg,要塞翻新！还有新天气？S14体验服爆料来了！,1754384354,419,1179443060,游戏策划117,https://i2.hdslb.com/bfs/face/f2c3dc4f523041284c214541b59e0092ed4a865d.jpg,1154243,"FPS,暗区突围手游,策划117,暗区突围S14抢先看,爆料,体验服,暗区突围",565548,4903,8071,17738,4353,8857,0,0,44253
BV1Gt82z1EPc,114947384216914,1,21,2207,日常,随拍·综合,http://i1.hdslb.com/bfs/archive/e483faca123f36d2f34af660108c3e1175c130c5.jpg,我和员工在工作室打了一架。。。,1754049600,470,15892313,知名相声演员BBBBB大王,https://i2.hdslb.com/bfs/face/e40bb6be0e7aa5d3f2838313bb47a59358481577.jpg,2898699,"搞笑,游戏,脱口秀,vlog,吐槽,reaction,蛋仔全明星大乱碰,蛋仔带你看世界,蛋仔派对",1076007,832,500,2887,2343,807,0,0,36400
BV1mrtwzgEP9,114981005692543,1,138,2172,搞笑,孕产护理,http://i0.hdslb.com/bfs/archive/b5eada7789e8bb3b7ad2e1acc0bbbf49f54aee11.jpg,是的，我怀孕啦～在大家的支持和期待下，纪老憨终于当爹啦～,1754471333,326,1414616641,花花和纪老憨,https://i1.hdslb.com/bfs/face/514c1740cccf4eb73b97057a28454500c8592045.jpg,103807,"妈妈,生活记录,记录,怀孕,礼物,B站超高清视频计划",74814,275,429,505,3700,185,0,0,8709
BV1vFtMzYEKe,114983958548702,1,228,2081,人文历史,海外资讯,http://i2.hdslb.com/bfs/archive/0572abe507d1edee00127463d71340cad0c6f258.jpg,妈妈！加沙外的世界，是否有饭吃？而且没战争？,1754526600,1776,1217722070,张经义,https://i2.hdslb.com/bfs/face/f8efd523d6eb091363444c89b6811da258670fca.jpg,380404,"美国,饥荒,战争,两国方案,加沙,中东,以色列,巴勒斯坦,热点观察局",21836,233,268,657,3269,218,0,0,3904
BV1guhbzZEn1,114957450484919,1,47,2037,同人·手书,同人动画,http://i2.hdslb.com/bfs/archive/f6ebddc7ece7ea9ea7a1022219154fbdcff286e4.jpg,我将全身涂抹老鼠药，这时邻居遛狗进了电梯,1754111704,1257,3536995435415579,叶雪颜悬疑,https://i2.hdslb.com/bfs/face/7579c3db5d5af3db1c74d27de9b26c7aa3e07f31.jpg,203237,"惊悚,悬疑,恐怖,原创",1337530,4110,1061,32133,3520,1429,0,84,101495
BV18jtczBE46,114979713849244,1,172,2077,手机游戏,休闲/小游戏,http://i1.hdslb.com/bfs/archive/ca79faa51419e6c5a4d47b9d646aa15a1a52ae42.jpg,蛋仔派对：蛋仔最难听的六首bgm！每一首听完都有一股无名火！,1754451389,137,2029129181,蛋仔灰灰,https://i2.hdslb.com/bfs/face/38b38355f13d9d607fa6853599eb2cb89ba1b485.jpg,245819,"eggy爱挤,蛋仔日常,蛋仔女孩,蛋仔派对发起人,蛋仔实况,蛋仔派对创计划,导演蛋生记,蛋仔带你看世界,竞技游戏,游戏鉴赏家",623643,197,56,26909,788,13,0,0,22384
BV1Bm8Mz7EKm,,,,,,,,,,,,,,,"音乐分享官,日语MV,电台新星征集令7.0,JVC music,官方MV,ゆーり",,,,,,,,,
BV16BhHzREww,114953071697393,1,47,2055,同人·手书,二次元绘画,http://i2.hdslb.com/bfs/archive/d09546b48776b04e4cef2f5818c50bba402376b6.jpg,这些原神/崩铁图将不再更新！,1754045198,63,3494365922069299,青辞川,https://i1.hdslb.com/bfs/face/0bda5aeedffb252a36e64ada139ccc89c623dddf.jpg,138707,"插画,同人,绘画,板绘,崩坏：星穹铁道,崩坏星穹铁道,米哈游,原神",1872749,257,3000,48871,59702,832,0,33,315930
BV1TFtwzuEae,114981123133264,1,238,2152,运动综合,美食记录,http://i0.hdslb.com/bfs/archive/79905ee1d24eb148cb0846678aefe8958e7ccfe1.jpg,摆摊卖泡面，听说2个小时就能收入2000？来看看能赚多少钱？,1754476887,566,1667026531,华健盟健身华哥,https://i1.hdslb.com/bfs/face/13aad09d84f050c5a9b3cb2ce432f0da4c11163a.jpg,464383,"方便面,街头美食,泡面,记录我的美食日常,路边摊",240878,633,553,1069,1240,231,0,0,16561
BV1LRtEziERg,114974647192363,1,22,2063,鬼畜调教,鬼畜综合,http://i1.hdslb.com/bfs/archive/e551d8ffc2db8eb0917203f03ce88a2b24357fac.jpg,⚡️ 办 案 大 师 ⚡️,1754384400,136,40966108,倒悬的橘子,https://i1.hdslb.com/bfs/face/440968b6694576e931ed4ec61d699029d82bcbaa.jpg,3085228,"剪辑,搞笑,空间动力双王炸,一汽大众全新揽境上市,王骁,狂飙,县委大院",303752,116,144,761,2182,62,0,0,17175
BV1EWtBzbE1M,114986072475107,1,124,2088,社科·法律·心理,社会观察,http://i0.hdslb.com/bfs/archive/9d4fe5839eb6e55d8faac28dc2a1b1f09c435087.jpg,农民工为了200块钱被热死，这种致死率超50%的穷病，需要更多人警惕！,1754560800,557,680677803,王小七Fire,https://i0.hdslb.com/bfs/face/900ca78e5515ba71e200eaaf83f579004243ca63.jpg,3415719,"科普,人文,社会,农民工,高温,中暑,热射病",127378,117,711,2047,4353,765,0,0,9957
BV1wshbzmE6H,114956947162424,1,17,2078,单机游戏,沙盒类,http://i0.hdslb.com/bfs/archive/2c33a11213391a20eeb36f57fb403f6e112cb672.jpg,一口气看完圆梦镇！！,1754107531,4858,3546780297857541,沉迷游戏的島风,https://i0.hdslb.com/bfs/face/46ea40d6eed24135232ffa7310b4e60cd9831332.jpg,103307,"建筑,沙盒游戏,实况解说,我的世界,游戏实况,一口气看,合集,像素风,小镇,一口气看完",4410686,4311,827,243443,58014,2030,0,6,222770
BV1oshnzyET2,114951729451884,1,28,2016,原创音乐,原创音乐,http://i0.hdslb.com/bfs/archive/d3d50bf29fb02b4bd043dbcbc0e235d2eb4ae9b0.jpg,旺仔小乔17岁写歌很厉害吗？那看看我的,1754024345,60,1113324161,逸云穿鞋185,https://i2.hdslb.com/bfs/face/9ab1a82a69e929e46727fcb61275e86b530387de.jpg,21338,"音乐分享官,原创音乐,说唱,原创,高中生,歌曲,rap,旺仔小乔,逸云,emo",951702,1014,2505,19977,9798,581,0,0,135753
BV1xehtzQEqX,114957500812484,1,250,2158,出行,旅游记录,http://i2.hdslb.com/bfs/archive/b492a21b8efc0450137db68c926d3ef8dbdbba0e.jpg,80块，带伊拉克爸妈玩转开封万岁山，这简直就是中国版迪士尼，太武侠了，玩迷糊了！,1754126400,919,3537122973714533,老王在中国,https://i2.hdslb.com/bfs/face/5cc0f66946ba560d0ccbd8e5bffc45ac94793cf4.jpg,3449713,"生活记录,武侠,旅游,歪果仁,开封万岁山,记录我的美食日常,伊拉克耐热王,伊拉克,爸妈,美食探店",1735360,6040,2544,12505,21339,3045,0,0,80685
BV1YFhLz4EGQ,114966023642241,1,65,2071,网络游戏,射击游戏,http://i1.hdslb.com/bfs/archive/9f188604e3b8c701429a63d8900b125d86780227.jpg,怎样在游戏里分辨中国巷战战术和外国巷战战术？,1754276400,255,454228982,贤良淑德列克星敦太太,https://i2.hdslb.com/bfs/face/d05fe51aa9fad1ac8e92d4a6c0d3b5d5f827b397.jpg,1221586,"网络游戏,射击游戏,中国,游戏,老外,暗区突围端游,暗区突围无限,暗区端游联动2077",883394,792,355,5750,534,436,0,0,50966
BV1MstjzEEoo,114974076699910,1,182,2001,影视杂谈,影视解读,http://i2.hdslb.com/bfs/archive/71fe0433636846c1b51ca5ae7a4ad5f711a52591.jpg,【影Sir】被绿N次后，她用食物相克吃废了丈夫！国产悬疑《双食记》,1754365265,618,242020511,我是影Sir,https://i2.hdslb.com/bfs/face/6654e181947e778f8aa1c83fc9ffe94ae21cdb5a.jpg,743124,"吴镇宇,影评杂谈,悬疑电影,解说电影,余男,江一燕,惊悚电影,讲解电影,好剧好片重刷榜",886129,857,629,4258,701,410,0,0,28264
BV1GLt5z2E6i,114970922586362,1,138,2154,搞笑,剧情演绎,http://i2.hdslb.com/bfs/archive/b076b7e62861aeba4a3b9a7b436bfb53bd789b84.jpg,大家快来（超大声！！！跺jojo！！！）一条五毛记得删,1754317339,157,3546867673598755,宇宙无敌究极王龙山,https://i1.hdslb.com/bfs/face/b0e2f7f7c6becafe224fd76c672efc0e36ed9bb5.jpg,5475,"新人,搞笑,原创,搞笑小剧场,受气包",128742,141,1141,1273,905,65,0,0,16070
BV1S84dzWEKo,114976408736544,1,31,2071,翻唱,射击游戏,http://i0.hdslb.com/bfs/archive/7dec6ed4bb1a0ac9c3e4d04edbcc1b306cb54983.jpg,谁把乌鲁鲁的小饮料拿走了？,1754401181,79,499228874,特丽丝总是睡不着,https://i2.hdslb.com/bfs/face/9705e2bc0c54b083acf732e4a872bcd1c34fb9b5.jpg,52610,"三角洲行动,麦晓雯,三角洲行动欢乐剧场,三角洲公寓,疾风,乌鲁鲁,威龙",411545,190,184,20380,701,155,0,0,34672
BV1tN4RzQEyc,114977130154896,1,183,2154,影视剪辑,剧情演绎,http://i0.hdslb.com/bfs/archive/a38a591eea0b7078c3ff1ece763fd351ace98473.jpg,我救了你 却又不是你,1754412028,59,288739439,郭小栓的,https://i2.hdslb.com/bfs/face/3445f2718d9957944b3b1842827026ad97f448d0.jpg,28376,"爱情,原创,情感",356178,188,684,9959,5428,492,0,0,65085
BV1K6tFzPEJ3,114979848130522,1,212,2152,美食侦探,美食记录,http://i1.hdslb.com/bfs/archive/4f2788588206957c867d3ba1d15eb677cb001528.jpg,特厨溯源｜吃“松茸”长大的猪是什么味道？—藏香猪,1754453564,232,3546888255048212,特厨隋坡,https://i2.hdslb.com/bfs/face/4a6a6e459f71080664d3952957f2eafc02418b85.jpg,2444459,"美食,隋坡,特厨隋卞,记录我的美食日常,西藏",900211,2534,3806,4211,14135,2283,0,100,93038
BV1hh4ZzaEAM,114979378434301,1,65,2071,网络游戏,射击游戏,http://i0.hdslb.com/bfs/archive/a8881bf1856fb219bb88e22b811ded977eb9d3ea.jpg,号主让我打光他准备的1200发子弹 主人的任务,1754446510,476,3519797,战术级子轩,https://i2.hdslb.com/bfs/face/bf735d494a76c37fd276dbcfe73e3886fbb2cfad.jpg,897282,"射击游戏,游戏集锦,第一视角,电子竞技,三角洲行动,三角洲行动整活大赏,三角洲行动烽火地带,三角洲行动高光时刻,猛攻三角洲行动,三角洲破壁新赛季上线",652812,632,456,3579,973,156,0,0,28409
BV1cyhNz2E6D,114959279195480,1,161,2148,手工,其他手工,http://i1.hdslb.com/bfs/archive/ebfc3fb1e9985d338e29ebb263306a4c6c775393.jpg,哪来的西瓜，这么小,1754139576,73,10790709,梧萌,http://i0.hdslb.com/bfs/face/bb527ee8ea60a93540f1394548dc0d2ebc2b8059.jpg,639590,"西瓜,水果,我的手工真的很解压",1498009,437,630,3682,1528,566,0,0,50832
BV1LptnzKEAG,114975569875133,1,95,2103,数码,工程机械,http://i2.hdslb.com/bfs/archive/4e5e4041c26c6eec1d7080d0896c199215924537.jpg,起诉3次还是保守了！长江存储用3年在美诉讼告诉我们对面有多不要脸。。。【X.PIN】,1754388303,877,31880257,差评硬件部,https://i1.hdslb.com/bfs/face/224f69a9c045d4c66936620e2cb3feb2054ed43b.jpg,727374,"科技猎手,国产,固态硬盘,苹果,存储,芯片,专利,半导体,美光,长江存储",226909,1233,1127,2931,4943,408,0,0,16418
BV14ZtJzpEL2,114975838311440,1,138,2073,搞笑,动作竞技游戏,http://i2.hdslb.com/bfs/archive/afd00b02b407712748c365ffba84e0ba47d88bc9.jpg,【梗百科】画他的奶奶是啥梗？,1754392196,140,1544008396,梗百科,https://i1.hdslb.com/bfs/face/096ce47bce303e18d35df5343887a1ea9a9bbf8e.jpg,1917310,"初音未来,魔法少女小圆,手绘,第五人格,世界计划,那艺娜,少羽,抽象,重返未来1999,给整活儿加点艺术",1028323,656,530,14236,641,732,0,0,35882
BV1jgtEziEkH,114975066557548,1,228,2088,人文历史,社会观察,http://i0.hdslb.com/bfs/archive/1fba832fd59e71338ed4da4a5ad33da53ec1b1cd.jpg,日本青年，沦为暴徒，沉迷无差别杀人，还有未来吗？,1754380588,806,307367742,魏武挥鞭否,https://i0.hdslb.com/bfs/face/43816464594e41c2d0ce9ac43f89d94e9bc1fe8f.jpg,436267,"人物,历史,日本,社会,经济,青年,日本治安",751672,4894,4328,6151,1334,2519,0,0,32410
BV1TKhpziETj,114952836750177,1,215,2152,美食记录,美食记录,http://i2.hdslb.com/bfs/archive/76a9887983fb49d000b90edab4277f7915f8ac12.jpg,韩国女校食堂5500元自助午饭长啥样？（今儿全是限量菜）,1754213400,131,101682188,理查不会降落,https://i2.hdslb.com/bfs/face/459fcc7f8fcbe5ab0eac2ee1f39b0dc177d46b5d.jpg,1509856,"韩国,草料哥,食堂,大学食堂,谷雨,韩国美食,Vlog",1613351,1028,1445,2796,1580,678,0,0,103465
BV1kZtBzNE4P,114987649467407,1,212,2150,美食侦探,美食探店,http://i1.hdslb.com/bfs/archive/5d459967dfeefbc841d25adaee8d6ae1e4be7f33.jpg,北京二环内40元炒肝儿自助，肠子肥美蒜香浓郁，连吃五大碗！,1754572796,454,8263502,橙飞一下,https://i2.hdslb.com/bfs/face/86fbb87fdf4d5ec1ba3bb7b56131d8265d36ffcd.jpg,2092263,"北京,自助餐,美食,包子,舌尖真探事务所,炒肝,光盘行动,探店,老北京小吃,Vlog",215016,671,720,934,579,570,0,0,10388
BV1NHhJzfE49,114952216119487,1,207,2087,财经商业,商业财经,http://i2.hdslb.com/bfs/archive/d567e3f54bbc99608e3e62f7a49d8c5598ad91a9.jpg,罗马仕现状：剩5000万库存，员工抽屉里连A4纸都被收走,1754039100,442,12638031,知危编辑部,https://i0.hdslb.com/bfs/face/9119a68543494017db53a2567d3e96734c3a6639.jpg,596404,"社会观察局,财经,充电宝,罗马仕",1724658,2312,7486,6984,1658,4145,0,0,31580
BV1Egtnz5EzD,114975972527294,1,164,2152,健身,美食记录,http://i0.hdslb.com/bfs/archive/9c0aba305e19f6bbe84e2809f6f2f1baf63ef5e4.jpg,大胃袋良子的16袋泡面也不过如此，也该退去族长之位了！味真足从不假吃只会偷吃这一块！不吃怎么减肥,1754394531,217,375108439,健体安迪张,https://i1.hdslb.com/bfs/face/ca11730e9ee291f15901562e79157999996e58b4.jpg,14709,"减肥,试吃,泡面,方便面,族长,记录我的美食日常,大胃袋,味真足,Vlog,良子",359777,801,1367,958,1450,1055,0,0,13831
BV1XhtVz2EvS,114971476296963,1,65,2071,网络游戏,射击游戏,http://i0.hdslb.com/bfs/archive/1216d45592ab1057c437c5725c22bad198f0b7e5.jpg,三角洲行动 只要3万+制式卷就有满改S级武器！火力卷改枪最强优化教学！【紫色-火力】,1754364600,283,52717408,Always聪聪,https://i1.hdslb.com/bfs/face/d6573681e12901cbbf26a242102c727bac4d020a.jpg,1056065,"射击游戏,FPS,三角洲行动,三角洲行动改枪,三角洲,教程攻略,三角洲破壁新赛季上线",692802,274,958,19654,1417,1010,0,0,25473
BV1S6tPzUE9V,114981777441094,1,27,2073,综合,动作竞技游戏,http://i2.hdslb.com/bfs/archive/8721b1b60a7b5a8994447fefc1b49295f9c19eca.jpg,万恶之源音频,1754482836,28,3546694801165138,油菜老师哈,https://i1.hdslb.com/bfs/face/f89ec93a835876b5df60bb549ea3c89007f45c02.jpg,257187,"搞笑,第五人格,竞技游戏",243527,66,357,5715,1115,1792,0,0,33890
BV1fttMzVE9E,114968288561293,1,85,2154,小剧场,剧情演绎,http://i1.hdslb.com/bfs/archive/9650b904d725f450bbfc514e13513c49613bcdf3.jpg,自私者的辩白,1754277040,128,548752139,苟酉goyo,https://i2.hdslb.com/bfs/face/f6de1ab15e78324c01faf5721fa12127616208bf.jpg,262524,"情感,生活,情侣,原创,投稿翻拍,评论区,投稿,记录,真实,爱情那些难题",552309,658,838,935,595,659,0,0,39392
BV1g44ZzNEB3,114979428699238,1,171,2071,电子竞技,射击游戏,http://i0.hdslb.com/bfs/archive/ce068f70104f9b9585a9da760cf5c3ce523e4859.jpg,【昊天单三露娜】报告长官，有内鬼终止交易,1754447343,320,3546931708037212,昊天_三角洲行动,https://i1.hdslb.com/bfs/face/602edacdfec528574ddeddf6d6d037f9107135ba.jpg,78781,"娱乐,搞笑,绝密航天,沙雕,昊天,露娜",392038,148,295,3566,572,639,0,0,19963
BV1G3hhzNE3S,114958272566477,1,138,2154,搞笑,剧情演绎,http://i0.hdslb.com/bfs/archive/ebb5f79edd40d833961ee15bc49e8d3517fe1f09.jpg,《入类5.0》,1754132400,107,70429299,嘞是唐孃孃,https://i0.hdslb.com/bfs/face/7685255299c9892d57048aca5f960c59b6850533.jpg,1708171,"娱乐,搞笑,高中生,暑假,原创,校园,搞笑小剧场,转转回收,夏令营,转转",1173800,1321,679,5043,1352,737,0,0,95282
BV1am8CzNEtf,114947266778880,1,17,2079,单机游戏,其他游戏,http://i2.hdslb.com/bfs/archive/034d1980b2f04dfaae36588dcb3afca637662f46.jpg,现实主题恐怖游戏，赌博是如何摧毁一个家庭的？,1754019000,4397,562197,中国BOY超级大猩猩,https://i0.hdslb.com/bfs/face/ffb50dd4e712386eb888030ebc6f4aea3a65cd8e.jpg,10537190,"惊悚,恐怖,游戏实况,游戏,steam,模拟恐怖,Pikabuu:Stop,现实,赌狗,推荐宝藏游戏",1232094,29081,3204,24462,53036,3901,0,76,85279
BV15zh7zBEZY,114951125468619,1,75,2171,动物综合,动物综合·二创,http://i2.hdslb.com/bfs/archive/d4f2158c7307834b378dc52ba73fdb333c7b7742.jpg,俺老孙想起来了，全部都想起来了！,1754015281,28,2049544935,行者服不服,https://i0.hdslb.com/bfs/face/dc66dd9d256484b0b982e8970bca70969c926073.jpg,86130,"西游记,搞笑,MOBA",2455369,925,1800,22225,3230,6666,0,0,178502
BV1NatjzCENs,114973992815349,1,21,2140,日常,体育资讯,http://i2.hdslb.com/bfs/archive/a9d8d717e743be91772eff8197aae7eaa271fc65.jpg,又美又飒！2025年全国田径锦标赛女子跳高比赛，邵雨琪顺利越过1米90，因试跳次数少获得冠军，成功卫冕！网友：滞空感好强！,1754364216,34,1131457022,人民日报,https://i2.hdslb.com/bfs/face/19a041ba0e78ed43b7a3eab35edfc998eaa7db8e.jpg,17017813,体育,663453,245,727,4551,715,1103,0,0,83515
BV1zftizdE33,114986793831770,1,21,2093,日常,职场发展,http://i2.hdslb.com/bfs/archive/a3a60a9b406b6bbaa8faae0d83c82122eaa24649.jpg,5年HR，4年考研面试老师！超实用面试经验分享！,1754561428,1923,1100835241,太好磕了鸭,https://i1.hdslb.com/bfs/face/d9a321858de83ebc8ef5b4978ca0222a3673d9e4.jpg,380972,"职场,面试技巧,找工作,面试,经验分享,工作,求职,面试经验,溪木源,职场新人进化论",22229,332,181,970,1139,120,0,0,2414
BV1uotcz3Eki,114981223793122,1,17,2072,单机游戏,体育竞速游戏,http://i0.hdslb.com/bfs/archive/4db4e0a8889ba2653ba2bfe0502c5666ecb07957.jpg,史诗级逆转！我将2K25杰青五虎放到一队，结果意想不到！,1754474681,1485,322965409,Junior杰青,https://i1.hdslb.com/bfs/face/d253cd7049843c5a8d178e05c73b1e8db67721cb.jpg,289212,"粤语,詹姆斯,乔丹,NBA,篮球,NBA2K25,哈登,库里,杜兰特,王朝模式",97044,1256,441,3369,18823,127,0,0,16892
BV1LchMzCEYK,114961812619609,1,201,2094,科学科普,科学科普,http://i2.hdslb.com/bfs/archive/bab59049db8f5eec2e7e3d2e01b59632ce43015e.jpg,饥饿的暴君：卡路里王座下的营养革命,1754178461,409,1208823126,大圆镜科普,https://i0.hdslb.com/bfs/face/9c34ee4b8041dd6f2139c52287c8d34a0a42f230.jpg,445800,"生物,科学,科普,生命,健康,卡路里,营养,AIGC,每天一个健康知识",2100967,823,1411,19427,6746,1640,0,42,155694
BV116tFzAEmq,114979848064691,1,17,2078,单机游戏,沙盒类,http://i1.hdslb.com/bfs/archive/95ebe7bfd58644af5bb086829b4f24fcbc6afe0e.jpg,德水东站终于开通了，顺便从北站坐到东站看看[0806],1754453508,1401,2035635549,提蒸蟹,https://i0.hdslb.com/bfs/face/3c9e63d27810290f041902bdba774c78dfe0ec41.jpg,30248,"火车,高铁,铁道,mc,我我的世界,mtr模组,旅行攻略UP主激励计划",238872,679,316,7554,1064,62,0,0,7363
BV1PxtGzwEkD,114970251496176,1,121,2064,GMV,单人RPG游戏,http://i1.hdslb.com/bfs/archive/1eabfcae4286472c9f5aca84a368b9f10a4f8b03.jpg,“时间会证明「鸣潮」终将会成为顶尖二游！”【鸣潮/黎那汐塔群像】,1754364600,119,175333301,哇周某人,https://i2.hdslb.com/bfs/face/a7670c1831893164c62a65a2fa244f337389e748.jpg,243611,"GMV,二次元,群像,CG混剪,鸣潮创作激励计划,弗洛洛,鸣潮黎那汐塔,卡提希娅,尤诺",160638,2852,906,8777,11701,456,0,0,35932
BV1dktgzrEWo,114969228088846,1,21,2093,日常,职场发展,http://i0.hdslb.com/bfs/archive/bb059e4dd799e7035d53d9fa04396e5025b861b6.jpg,如何在课上偷偷写作业？？？,1754305200,562,474257884,萧萧竹-,https://i1.hdslb.com/bfs/face/0e4f43bdab0948491609c48b6c7291332490bbd5.jpg,23601,"作业,高中生活,学习经验,必剪创作",1596148,3255,4061,47381,16274,14495,0,27,112284
BV1entnzqELH,114975586717412,1,228,2090,人文历史,人文历史,http://i2.hdslb.com/bfs/archive/ab229f6c297673cac8b56603aca7974dd872286f.jpg,斗米命，人肉债：五代十国的百姓有多惨？,1754449200,849,1105349912,杜茹慧,https://i2.hdslb.com/bfs/face/28516950fa5b8839fe9c2bc9b49be3f79ceda791.jpg,287832,"历史,人文历史档案馆,燕云十六声,五代十国",106491,406,521,1701,907,267,0,0,3968
BV1P6hNzJEn4,114959329533153,1,65,2071,网络游戏,射击游戏,http://i0.hdslb.com/bfs/archive/d54469d702aa75fd91617ad29d7ec936464f1008.jpg,深蓝讲堂第四弹【飞盾与兔子跳】,1754140656,216,391779795,可乐急需曼妥思,https://i0.hdslb.com/bfs/face/b82b66dab160e8c845234e55aa60338952d056d8.jpg,30451,"游戏解说,FPS,游戏杂谈,教程攻略,三角洲,盾构",772117,301,827,32051,3898,4237,0,0,65119
BV1GFtKzREnM,114982784079059,1,212,2136,美食侦探,跑步,http://i1.hdslb.com/bfs/archive/ba58eea8a30098514d218dcc2b7eefb0ecbebaec.jpg,《年马计划》第一站菏泽站，顺利启动,1754498367,142,2035556081,堂主lee,https://i2.hdslb.com/bfs/face/665a151899c136218c3ba7de064ecc67090c219e.jpg,886787,"马拉松,跑步,年马计划,户外运动,菏泽,暑期健身蜕变挑战",140429,171,964,866,3768,205,0,0,17529
BV1af49zdEBF,114977197267045,1,65,2071,网络游戏,射击游戏,http://i1.hdslb.com/bfs/archive/b72092e810aa6dd8c209a0bd80328092b607574b.jpg,暗区突围：重生之我在暗区当大运，RPK原型枪盾配上绿鹅重装在强台是库库白给还是乱杀？,1754413050,504,1624028186,蹭饭不下饭,https://i2.hdslb.com/bfs/face/aa44dfefc89c9a90bff988ef39e8e5ebd72a9c55.jpg,178396,"游戏实况,娱乐,搞笑,暗区突围可颂作者团,大运,原型,教程攻略,操作,暗区突围,推荐宝藏游戏",138062,373,226,2235,875,65,0,0,6685
BV1Bjt3zEEMv,114968926096205,1,138,2154,搞笑,剧情演绎,http://i2.hdslb.com/bfs/archive/bc8ad84ed86de02bedb1a2290f3a9163c08224d0.jpg,《关于同事外卷这件事》,1754301600,94,1699496602,李什么闯啊,https://i1.hdslb.com/bfs/face/35c7e7548611cd51bad82e2071bfe739f23315d4.jpg,955533,"办公室,搞笑,内容过于真实",2377394,1315,2898,48011,21189,21854,0,13,280026
BV1xh8JzZEr2,114930254614362,1,250,2150,出行,美食探店,http://i0.hdslb.com/bfs/archive/4b2a1397cb13a041d133b11f09b984658c376e6c.jpg,挑战一口气吃14种非洲街头小吃，30块钱吃到撑，非洲赶集太好玩,1754215200,817,528461028,小钟Johnny,https://i0.hdslb.com/bfs/face/8b5dcb61618876d873d9ea0320e52d86616cca6a.jpg,2691095,跟着UP主看世界,1473440,4741,1393,4646,10178,1450,0,0,43681
BV1PZ4RzjE7F,114976761059537,1,17,2077,单机游戏,休闲/小游戏,http://i1.hdslb.com/bfs/archive/96a805101ac3c136c93ff2254ceeba7f598dd7a6.jpg,融合植物285：更多的巨人！,1754434800,772,3546619314178489,蓝飘飘fly,https://i1.hdslb.com/bfs/face/f2bc644c3cf25590bbc7954daecf3e3a9aec5711.jpg,1507181,"植物大战僵尸,娱乐,植物,融合版,转转回收,融合植物,巨人,融合,巨人僵尸,推荐宝藏游戏",582084,2216,1889,2369,1846,487,0,0,22093
BV1ZvtJzMEzk,114976022926974,1,71,2198,综艺,休闲玩乐,http://i2.hdslb.com/bfs/archive/4a803cf7ded903fb654dd38dd6a8dd06539e34c1.jpg,我叫柯蓝，是附近有名的名蒸蛋（6）,1754449200,1282,3913194,高斯Goh,https://i0.hdslb.com/bfs/face/d4c65b5c6be3f9d845c15401173f98b130728851.jpg,5191486,"搞笑,生活,犯罪现场,推理,聚会,日常,沙雕,抽象,小潮team,整点电子榨菜",1982778,35642,3824,46578,62953,2267,0,4,158673
BV1jStqzQE3T,114986240187150,1,172,2064,手机游戏,单人RPG游戏,http://i0.hdslb.com/bfs/archive/bfa9c1c7593cd760b79c7be53d245040a19b208b.jpg,【无期迷途】奥古斯特/幽冕·海拉 角色测评 蓝核体系王朝崛起？奥古斯特新王登基！含烙印推荐、抽取建议,1754553606,637,6014992,叫我棉被,https://i1.hdslb.com/bfs/face/e9e613fd43bac62672a5e4c828a07fe155c1965a.jpg,1837557,"手机游戏,游戏,无期迷途,MBCC,真伤体系,蓝核队,幽冕·海拉,奥古斯特,角色测评,无期迷途UP主激励计划",58727,354,850,610,701,212,0,0,3805
BV1GAtJzcE4B,114974563304810,1,201,2170,科学科普,野生动物·动物解说科普,http://i0.hdslb.com/bfs/archive/144b2b8f8567751a7ae94236d3488ffd5da73a65.jpg,为什么渔民捞到翻车鱼会赶紧扔掉？,1754372870,208,290014343,李论科学,https://i2.hdslb.com/bfs/face/5a4d8acc0d11fd75ae74ace3ab90fad3ab70c9a5.jpg,1424717,"鱼,地球,进化,科普,人类,智力,渔民",1329509,660,868,2617,1201,315,0,0,73409
BV1fRtnzVEdF,114975418881795,1,85,2113,小剧场,仿妆cos,http://i1.hdslb.com/bfs/archive/4ff0f5693665fac9d61187708dca2ed0e7a41f93.jpg,谢谢你愿意花2分钟看完我的创作6年。,1754385931,120,474853499,李如儒也是李蠕蠕,https://i2.hdslb.com/bfs/face/8da8eac46ef637b771efeabf4b7b4b093d34dea5.jpg,2980124,"李蠕蠕,李蠕蠕也是李如儒,创作",1818466,1055,2846,9001,30571,771,0,26,233534
BV19btwzEE3P,114980871474105,1,171,2070,电子竞技,MOBA游戏,http://i1.hdslb.com/bfs/archive/4e2554be62ad94622b67710d355dd1b11fd9752d.jpg,这，就是当前版本的边路答案！,1754469393,289,694703612,是一只鱼啦,https://i2.hdslb.com/bfs/face/e68a8160aff3418f544207410b61303c92c34297.jpg,2454424,"王者荣耀,101俱乐部,三角洲行动,MOBA",704487,783,878,1105,713,358,0,0,31153
BV1574dzYEmM,114976274584679,1,172,2064,手机游戏,单人RPG游戏,http://i2.hdslb.com/bfs/archive/3ca44b73d673564698ddada41ac7e5d882222d29.jpg,全网首发！让阿夏和班尼特再次相遇！,1754398949,1059,449776054,伊甸之伊,https://i1.hdslb.com/bfs/face/dfdcbc224ee65fc000acb0b267cd5f0d9eb871bf.jpg,203473,"原神UP主激励计划,二次元,娱乐,冒险游戏,RPG,教程攻略,纳塔,bug,原神",201736,2432,621,2319,2386,471,0,0,15974
BV1KstczPEQX,114979630094084,1,21,2026,日常,乐评盘点,http://i0.hdslb.com/bfs/archive/dfd1f34a4aa2a2436f9acfce1b7fd5d46525c352.jpg,拯救音痴！医生麦霸齐聚！原来有这么多被学医耽误的歌手！,1754474400,2209,208130286,大物是也,https://i0.hdslb.com/bfs/face/8a01e29bab16f51fb9c322804b4bf2508c3edbfd.jpg,2094086,"音乐分享官,综艺,唱歌,北大,KTV,音痴,医生,唱歌技巧,麦霸,十佳歌手",294935,5341,1010,1801,5362,533,0,0,14066
BV1hJtqzGEKE,114986575732013,1,182,2001,影视杂谈,影视解读,http://i2.hdslb.com/bfs/archive/18741cf0d1a6b97e473fc0cf0f4eac050efa6bd8.jpg,【周周怪】1995《夜半歌声》：恐怖鬼魅宋丹平，这个名字，大家还记得吗？,1754560620,2240,628018266,周周怪与哈基米,https://i0.hdslb.com/bfs/face/c11abe1e62e5c18000f6bc21ab57e4f11cb75298.jpg,520811,"恐怖,经典电影,爱情,万字拉片大赛",33625,775,165,770,811,62,0,0,2617
BV1gTh4zHExf,114956645176344,1,17,2078,单机游戏,沙盒类,http://i0.hdslb.com/bfs/archive/c0557daa06b9250d709493c11910dfd88639c9cb.jpg,我建立了一个拥有真实历史的Minecraft服务器,1754100806,425,3546817622968757,SimMC故事发生器,https://i2.hdslb.com/bfs/face/7f576748c671b27c686c17021f842eb0d9895823.jpg,10781,"历史,服务器,我的世界,史诗,沙盒游戏,Simmc,像素风,新人向,Dnd",413997,403,1176,23321,5783,2128,0,0,28799
BV1JNhNzVEdE,114959379861289,1,21,2152,日常,美食记录,http://i2.hdslb.com/bfs/archive/db9afc8352e91537819f4e6752bffc89ace3e4f9.jpg,摆摊卖盐焗鹌鹑蛋休息几天差点被偷家了,1754141144,171,3546913290849217,蔡同学盐焗鹌鹑蛋,https://i1.hdslb.com/bfs/face/94c45320168df68bedf32da39cebb5eca075c523.jpg,11954,"街头美食,街头小吃,路边摊,盐焗鹌鹑蛋,我用美食搞事业",1004461,98,486,584,716,139,0,0,25383
BV1ChtGzZEVU,114969916085298,1,230,2063,软件应用,鬼畜综合,http://i1.hdslb.com/bfs/archive/42c29324cd99f2c4ee9c105f00ff0eaa168cbb33.jpg,哈基米哦南北绿多,1754301779,21,3546898109565769,哈斯音频,https://i1.hdslb.com/bfs/face/3ec5bd782e89bb95d00cc6d9a7bc1e7eae1e78d9.jpg,6702,"三角洲德穆兰,三角洲超雄老太,三角洲,老太,哈基米",732801,622,3425,24555,2464,36969,0,0,66975
BV1zPtzzcEMv,114987582361577,1,86,2048,特摄,特摄,http://i1.hdslb.com/bfs/archive/e3f359ebc49344d6272546a338ac28bb013d7896.jpg,2025最新奥特曼脸为什么红红的？,1754573326,1132,145544,风都獭书馆,https://i2.hdslb.com/bfs/face/97d80a44163b325f39438e32d0f789e49b68c1cf.jpg,543573,"特摄,奥特曼,二手推荐,贝塔粉碎,奥美迦奥特曼,奥美迦,转转,赛文奥特曼,二手手机,哉阿斯奥特曼",80256,1152,948,1999,1366,292,0,0,7609
BV115tJzQEi8,114974160588112,1,21,2032,日常,国风舞蹈,http://i1.hdslb.com/bfs/archive/afef08d413a4b169b6a3876300fbaa6f85889a01.jpg,“家人们！真·沙漠蹦野迪！！跳完后竟遇到这样的事…”,1754369322,99,35579222,紫颜-小仙紫,https://i2.hdslb.com/bfs/face/e7f135eb2da6407fa1d5f63fea631e92a01876db.jpg,1665204,"中国舞,4K,中国风,淘宝闪购请你喝秋天第一杯,淘小宝ChinaJoy在线炒菜,淘宝闪购cj请客二次元,淘宝闪购立秋请客二次元,天竺少女,紫颜,我在漫展跳宅舞",599405,1483,591,10939,2924,415,0,0,64475
BV11ytwzMEeX,114980636593430,1,172,2016,手机游戏,原创音乐,http://i1.hdslb.com/bfs/archive/085ea596997bc0991f192e534a39031907715b27.jpg,《蔚蓝档案》二周年主题曲MV【有时候的时候】,1754539200,176,3493265644980448,蔚蓝档案,https://i1.hdslb.com/bfs/face/f2635e09fe667d4ad29229c6ed0b5f4bdea09bd1.jpg,2879609,"主题曲,MV,蔚蓝档案,蔚蓝档案二周年,有时候的时候",253316,6576,4791,21410,17800,6619,0,0,40715
BV1e4t3zrEDp,114970687705743,1,47,2037,同人·手书,同人动画,http://i1.hdslb.com/bfs/archive/9cd123ef1c3d5a8b1efb665f77ac658c9263df19.jpg,隧夜轮回（怨灵酒店）25-30集抢先看 动画 悬疑 微恐怖,1754471100,1823,501642082,萧一白呀,https://i1.hdslb.com/bfs/face/753545c422513fb3bac9cbd9b4f855b3e7656f82.jpg,1146448,"悬疑,原创动画,原创,动画,一口气看完",203416,1110,778,1108,2417,122,0,0,4601
BV1oEhnzUEUj,114951796559409,1,210,2201,模玩·周边,潮玩玩具,http://i2.hdslb.com/bfs/archive/88c68dd50f3717ff17e075a3e5068dcba246d6f5.jpg,如果妈妈是「MC十年老玩家」，那即将上小学的女儿将会收到一？？！,1754042400,313,1691347,大橙橙橙子,https://i1.hdslb.com/bfs/face/662a233cf1f685f63d9654a7f0ff47d739eee181.jpg,2675632,"乐高,大橙子,我的世界,在一块玩一夏,乐高苦力怕,乐高经典矿镐,乐高末影人塔楼,乐高我的世界,我的世界乐高,乐高航海王热血登陆",735596,1385,1393,9891,4549,801,0,0,61967
BV14zt3zYEYi,114970821920464,1,201,2170,科学科普,野生动物·动物解说科普,http://i1.hdslb.com/bfs/archive/9ad50851894edcf53e25f5a3cb1a43e5c9ffc43a.jpg,鉴定咬伤粉丝的毒蛇(23)被五步蛇咬伤竟然打了银环蛇血清？,1754389800,513,25126508,世界记忆大师龙雅,https://i2.hdslb.com/bfs/face/ef459648b3357acf2efbfeae8bb1beb9bd05ecbb.jpg,2686663,"科普,生物,蛇,自然,知识,银环蛇,毒蛇,科学科普,五步蛇,网络热门鉴定",3116067,2998,6084,20392,19134,1106,0,19,131997
BV1jdtTzKEfR,114983941706260,1,182,2001,影视杂谈,影视解读,http://i1.hdslb.com/bfs/archive/2095e5e9cd8a56c5b2595062118925b1353796ae.jpg,电影改编最大的受害者！也许你一直在误读斯内普,1754537400,1571,1473677,卡酱目标全白金,https://i2.hdslb.com/bfs/face/aabe1d9e34730ddf1caface23ed4f88cf4f1f45f.jpg,101261,"哈利·波特,斯内普,电影,电影解说,影评杂谈,影视IP观察室",61506,774,832,1647,2236,107,0,0,3773
BV1qbtLzdEAk,114972264765164,1,193,2017,MV,MV,http://i2.hdslb.com/bfs/archive/56489150ec4b14094fd0115fd5c9e9743591972b.jpg,【Porter Robinson & Madeon】Shelter 官方MV,1754366400,367,3546887074351496,Porter_Robinson_,https://i2.hdslb.com/bfs/face/17d948787afcd9409a9156c7fef40c31c8f27468.jpg,38819,"电音,欧美音乐,官方,MV,电子音乐,日语MV,新世代音乐人计划原创季,官方MV,Madeon,PorterRobinson",326008,929,2421,26714,21250,5077,0,0,43960
BV1Bktqz4Er9,114986324135811,1,250,2126,出行,户外探险,http://i2.hdslb.com/bfs/archive/d0124ffd5d77a0f9c34bcef5d6bc06c61037b110.jpg,勇闯全世界最拥挤的小岛，两千平米住了1000人！为争地盘爆发战争,1754560081,853,528461028,小钟Johnny,https://i0.hdslb.com/bfs/face/8b5dcb61618876d873d9ea0320e52d86616cca6a.jpg,2691095,"非洲,原创,跟着UP主看世界,记录",329962,2757,857,3992,22861,705,0,0,35324
BV1grtizuEtn,114985116177145,1,21,2158,日常,旅游记录,http://i1.hdslb.com/bfs/archive/558249d61033d5f837deda3aa3e73291624a4834.jpg,落子日照｜日出初光先照,1754539137,393,3546749522151784,俞俐均yo,https://i1.hdslb.com/bfs/face/d3888db3a3291f9645f8e8bb5cc0531829f8bedd.jpg,207096,"旅游,生活记录,快乐,围棋,海边,记录,日照,Vlog",70597,216,435,958,2038,289,0,0,6149
BV1DBtwzGEiY,114980972139257,1,28,2009,原创音乐,娱乐评论,http://i0.hdslb.com/bfs/archive/bc0099bbe7da5a3931762227beb925017415c0ef.jpg,真有人替旺仔小乔说话？我为什么改名？信息量最大的一集！,1754470718,850,3493080172857897,正义小蜘蛛,https://i0.hdslb.com/bfs/face/1a6a60d961e5dc0c067fcf26821cbe670ceb1c5f.jpg,165165,"逆天,搞笑,吐槽,旺仔小乔,网红,锐评,娱乐吃瓜大会",452314,2810,1736,9863,7542,262,0,0,28252
BV1nDtFzsEG5,114979797994493,1,137,2014,明星综合,娱乐综艺正片,http://i2.hdslb.com/bfs/archive/7b0c114d92e00af68b51e3b286769b2f5dbab822.jpg,[GOING SEVENTEEN] EP.130 水中求生 #1,1754481600,1572,692206640,SEVENTEEN,https://i2.hdslb.com/bfs/face/6e38f8bbbc91684eea8cac8b4b49f2a5da7623e2.jpg,2027423,"SEVENTEEN,GOING SEVENTEEN",315966,39575,1464,4064,6238,1513,0,0,20091
BV15ntEzfEFE,114974680683497,1,138,2154,搞笑,剧情演绎,http://i2.hdslb.com/bfs/archive/92d7f4226dcb62060a4d1c5797bf38064c23e305.jpg,《 当 代 准 高 三 现 状 ！！！》,1754390280,234,378881292,老段生,https://i0.hdslb.com/bfs/face/3b41bd42a900f641dfc6f14a44194fa5a90636af.jpg,715967,"高三,搞笑,帅哥,爆笑,搞笑小剧场,学生,高中,真实",522390,1567,2372,13898,8489,1379,0,0,51875
BV13etFzMEL5,114980183675595,1,17,2071,单机游戏,射击游戏,http://i1.hdslb.com/bfs/archive/9b329a0dd32d87020868812536fbac68fb35b06b.jpg,大兵66也是简简单单拿捏！拯救大兵这一块，还得是哈吉杨,1754458657,906,3546742700116050,杨齐家_,https://i0.hdslb.com/bfs/face/defa8623598cd28298afa21e9f01e46593230610.jpg,1690630,"三角洲行动,三角洲鼠鼠拯救世界,三角洲破壁新赛季上线",1768210,21582,2069,13555,6993,826,0,56,103003
BV1JUtuzUEaq,114969613962405,1,242,2078,娱乐粉丝创作,沙盒类,http://i0.hdslb.com/bfs/archive/837493c5ac65e8e0e08ac8e12693cb095d44427a.jpg,餐厅偶遇古战场  密密麻麻多如牛毛  拼尽全力将其清理,1754297318,156,1435648641,群星_Stars,https://i0.hdslb.com/bfs/face/f3e69e978ce9b8b866464c3fa81fec0255bc77ba.jpg,1748,"培根头,肝,餐厅,抽象,燃尽,沙雕,拼尽全力,喝饮料,counting stars,roblox",358802,4504,1227,8850,645,1190,0,0,33319
BV1pYtAzvEhj,114982247203135,1,168,2037,国产原创相关,同人动画,http://i2.hdslb.com/bfs/archive/69dd55d0eed2e8295d17aba76f0197fb722da653.jpg,生命星球58 币的由来,1754526600,213,48875744,十里漫漫,https://i2.hdslb.com/bfs/face/3f3d730778883b34e49555ebb54fbecf08e3460c.jpg,273154,"科幻,二次元,动画短片,原创动画,科普,UP！原创动画",527417,442,328,11686,9213,108,0,0,25263
BV18yhVzUE5D,114964496980418,1,216,2063,鬼畜剧场,鬼畜综合,http://i2.hdslb.com/bfs/archive/4c5b34a8307b8cbdec1ff0f40b4aeea6077ee348.jpg,小 乔 佩 奇 刷 过 几 个 子,1754219336,196,256237759,我叫小渔人,https://i1.hdslb.com/bfs/face/590e1bbd098493c86038a94ce240bf80d627a760.jpg,1282865,"搞笑,鬼畜,旺仔小乔,你给我刷过几个子,小猪佩奇,黄绿合战10th-绿队应援",1636718,2017,1850,22599,7652,9449,0,78,112853
BV12zt3zYEf5,114970821985687,1,21,2009,日常,娱乐评论,http://i1.hdslb.com/bfs/archive/e02360e4c02a9dae89867b187e92834b18ada0a9.jpg,赵露思解约事件复盘and粉丝弹性爱女文学,1754315867,569,3546750551853928,乐意椰子,https://i1.hdslb.com/bfs/face/11a1134beba247486d3bc621ea8ebc931a9302c7.jpg,21148,"吐槽,赵露思粉丝,可露丽语录,娱乐圈,热搜,赵露思,银河酷娱,明星解约,娱乐吃瓜大会",224752,1514,1695,1074,1549,551,0,0,8634
BV1xitEzUERp,114974848521983,1,171,2070,电子竞技,MOBA游戏,http://i0.hdslb.com/bfs/archive/25d4e98586c79a7a4beaffae1749e60f1751e54d.jpg,队友想抢位置，惨遭系统制裁,1754388000,454,2119811581,峡谷混学家,https://i1.hdslb.com/bfs/face/d1cfc4a1e83f577eb4b5dd621fe4762487410978.jpg,853122,"搞笑,下饭,英雄联盟,娱乐,上单,符文战场:英雄联盟对战卡牌,石头人,lol,英雄联盟电竞世界杯",568385,974,918,1222,3960,236,0,0,36248
BV15LtjzsERL,114973976040354,1,172,2064,手机游戏,单人RPG游戏,http://i2.hdslb.com/bfs/archive/86eaabcec84886630af16333dfbfa43d3188e150.jpg,全地面六星干员 VS 澪，斩业星熊首秀！【明日方舟】,1754363876,891,12073864,-碱式碳酸咸鱼-,https://i1.hdslb.com/bfs/face/de64ffc4031f4ec3f068527a8cbc4a1ac9cc4bb7.jpg,536054,"娱乐,明日方舟,斩业星熊,AT-7,澪,墟,泰拉探索协会,明日方舟创作者应援计划",636724,2833,1251,2750,2807,575,0,0,32813
BV1batuz8E1V,114967919467798,1,252,2048,仿妆cos,特摄,http://i0.hdslb.com/bfs/archive/c8f541a495e193372db7f01185a85b1da52b7c49.jpg,反派黑狐让我来演一集吧(>﹏<),1754271382,21,1542285555,电子猫头鹰_,https://i0.hdslb.com/bfs/face/006d2ad2571e33d79e888c3dd0d807a8602ae837.jpg,58666,"假面骑士,反派,黑狐,卡面来打,特摄剧,长发男生,假面骑士极狐",609609,289,1578,20654,1983,7300,0,0,113088
BV1JdtVz8ERv,114971207797827,1,122,2091,野生技能协会,设计艺术,http://i0.hdslb.com/bfs/archive/574879fa201d03d6d224749a33ba06b8feb33ee7.jpg,进化抽象剪辑-剪辑教程,1754365800,122,3546762860038633,小敌同学,https://i1.hdslb.com/bfs/face/6deb81271d0c9bb8bc69e2e49242fb0e75f83261.jpg,41841,"游戏,剪辑,反恐精英,知识,CSGO,教程,游戏剪辑,CS2,剪辑教程,GO学长太能剪了",328943,47,242,14849,867,428,0,0,19394
BV1tY8dzAEiq,114937133272461,1,130,2017,音乐综合,MV,http://i1.hdslb.com/bfs/archive/4cfd10f0ec0512d330fae4e0c62c75b53846d8a1.jpg,奇 奇 怪 怪 的 K P O P 混 音 30.0,1754037000,533,1559933904,热的冰美式_,https://i0.hdslb.com/bfs/face/79ed8e4019c783f48d602cad44374a819a0feec8.jpg,119070,"KPOP,TWICE,EXO,SEVENTEEN,BLACKPINK,LE SSERAFIM,美美桑内,BigBang,NewJeans,KPOP回归前线",628580,5567,496,7202,3221,4184,0,0,58777
BV1HXt3z9Eac,114970402492464,1,252,2020,仿妆cos,翻唱,http://i1.hdslb.com/bfs/archive/272c4f3b794c61966efa05ca2e02e016e9ca954a.jpg,蓝莲哈,1754309287,90,16993069,林芷伊kiwi,https://i1.hdslb.com/bfs/face/602512a85adb8231973dfd9ddc3694c031f4a7fa.jpg,333628,"翻唱,蓝莲花,赛马娘,哈基米",1283269,1339,4217,11343,25012,11818,0,0,131024
BV1khhHz8EeF,114952954253213,1,250,2158,出行,旅游记录,http://i1.hdslb.com/bfs/archive/465a6abde52cee2c5b309551180e7086964567a0.jpg,时隔多年重温流浪的起点,1754043105,337,3546864588687507,浪客小北,https://i0.hdslb.com/bfs/face/13c7e26d400c6f168d64173b3fe580ae9ec0ac54.jpg,265444,"流浪,第一视角,浪客,寻找100个宝藏vlogger",419349,310,622,3151,4927,353,0,0,41819
BV14xtvz8Ewn,114985871085715,1,171,2071,电子竞技,射击游戏,http://i2.hdslb.com/bfs/archive/9644983b991d9504f980f07c4a22d1d4a6fa9bb1.jpg,【Spirit CS】IEM科隆 2025 夺冠VLOG,1754578800,3563,3546657450887496,Team_Spirit,https://i0.hdslb.com/bfs/face/d1be34cfb246798cdd3a5b03413263876aca65d4.jpg,579840,"电竞赛事,电子竞技,FPS,donk,科隆,CS2,职业选手,绿龙,TeamSpirit,IEM科隆2025",87340,2568,982,2170,6505,468,0,0,8732
BV1z9tFzWEJy,114979965505202,1,28,2016,原创音乐,原创音乐,http://i2.hdslb.com/bfs/archive/21c8db8fb5969497470b439a8dd0df8dbf330ec5.jpg,Bsh1《比过秃子》把我放在广顺肯定比过秃子,1754478000,161,431280811,Bsh-1,https://i1.hdslb.com/bfs/face/122d5e23bb1bbd19f851cbbd0bea549335e12308.jpg,20696,"说唱,音乐,Bsh,中文说唱,嘻哈,新歌上线",103285,1141,912,1433,2817,2163,0,0,7062
BV1hvtwzLEFj,114981072932635,1,24,2037,MAD·AMV,同人动画,http://i1.hdslb.com/bfs/archive/d03974bd023a965c96d00bb468872a5beaeebbe8.jpg,【绝区零】爱丽丝要消除一切不对称！ ！,1754472025,43,1479017848,Superappleman,https://i1.hdslb.com/bfs/face/208b6b05aa4b2cdd2497e9cfb0c5d5e26ccc7388.jpg,341390,"绝区零爱丽丝,ZZZ CHOICE,绝区零爱丽丝二创,爱丽丝",650853,181,842,11534,4987,1742,0,0,87963
BV1YGtvzuELm,114985753646567,1,21,2154,日常,剧情演绎,http://i1.hdslb.com/bfs/archive/90ecd0b68c0bc67c0bf9e9807ec45244bbf1cb77.jpg,江浙房东阿姨遇上主理人,1754543709,144,8259298,港妹妹join,https://i1.hdslb.com/bfs/face/07b99a830d07736e978148d77b733b115ab5c91a.jpg,360009,"搞笑,生活,短片,给整活儿加点艺术",249351,273,709,913,611,558,0,0,23642
BV1QPh4zWEDd,114956611753003,1,138,2195,搞笑,学生vlog,http://i2.hdslb.com/bfs/archive/a58bbf53ceced5b14a3d6be0840358912421dda4.jpg,好恶趣味的女寝(￢_￢)【微唠鸽（11）】,1754099126,703,1532685193,王菜菜-_-,https://i1.hdslb.com/bfs/face/a0bbc68079bd6d57ab8b8b34c3f3879d89e240fe.jpg,116199,"校园,宿舍,生活记录,高中生,搞笑,致歉一切,寝室,唠嗑,搞笑研究所",943021,280,457,9014,1751,549,0,0,36604
BV1jChHzHEWP,114953088403673,1,213,2151,美食测评,美食测评,http://i1.hdslb.com/bfs/archive/d351a43b94b8ff82ac2d8e1818221854a40c92f5.jpg,700元一斤“顶奢级和牛卷”做泡面小料！太有生活了！,1754124600,976,478691043,穿毛裤的小拉泽,https://i0.hdslb.com/bfs/face/023c69a89a95db1b7991a024c0806d2ed7e58021.jpg,3565323,"泡面,美食,下饭,吃播,同诗s3剃须刀,泡面伴侣,速食,泡面搭档,火鸡面,十万个为什么-食物特辑",5999476,4310,1348,42882,9917,856,0,29,100630
BV1H3huzREqj,114963121183135,1,31,2020,翻唱,翻唱,http://i1.hdslb.com/bfs/archive/fd95c3c15067029f81700987fc0bc5cd3252442c.jpg,史上最难唱摇滚歌曲! 究极还原皇后乐队《Somebody to Love》,1754198247,295,1537334196,LD的声乐游乐场,https://i0.hdslb.com/bfs/face/828812002a2ea597e4773242eb2e8e1bee9ed395.jpg,521640,"摇滚,皇后乐队,吉他,4K,欧美音乐,QUEEN,波西米亚狂想曲,Bohemian Rhapsody,Hi-res,翻唱的N种打开方式",371451,1552,883,10990,19357,1705,0,0,39566
BV1NxtGzwEka,114970251501542,1,253,2043,动漫杂谈,动漫速读,http://i1.hdslb.com/bfs/archive/79bdc42fe1c24b49a5f0424609031e98e42c6b4c.jpg,【柯南】 两大死神因命案留宿荒郊别墅，竟然遇到无数僵尸袭击，西瓜带你回顾柯南精彩漫改案件《被僵尸包围的别墅》,1754308027,2372,57608186,西瓜说柯南,https://i2.hdslb.com/bfs/face/ecb0fc5d5e34e79715fea462b0fd3ed85a573c05.jpg,741999,"工藤新一,毛利兰,动漫杂谈,江户川柯南,名侦探柯南,推理,毛利小五郎,柯南,柯南解说,服部平次",2164022,2535,639,20134,3823,274,0,0,29857
BV1hDhMzuEee,114961275685392,1,172,2064,手机游戏,单人RPG游戏,http://i2.hdslb.com/bfs/archive/a935f338140d440fe77248c3966e3cd9b2023198.jpg,【原神】最后的特诺奇兹托克人/纳塔5.8开图主线⑧/渡过烬海的学者头像/渡火者的绝决/谁人的残破笔记/原神5.8/纳塔5.8世界任务,1754171066,588,431073645,你的影月月,https://i0.hdslb.com/bfs/face/2e32de7b28fc491a28281a22c6ea9f5d195cbdf5.jpg,8936567,"原神5.8版本,最后的特诺奇兹托克人,渡过烬海的学者,渡火者的绝决,头像,游戏攻略,游戏鉴赏家,原神,原神高能团",609072,1687,920,3730,2120,1039,0,0,11433
BV1xchuzaELP,114961426681389,1,59,2021,演奏,演奏,http://i1.hdslb.com/bfs/archive/1f8885aaa66f42d418a4050a0a17693249708f8d.jpg,miku miku oo ee oo,1754172237,38,22383433,馆长加速中,https://i1.hdslb.com/bfs/face/303b5c2ac65598c9f7112c96ddca0a66fdf19f9a.jpg,14086,"初音未来,初音ミク,架子鼓,可爱,大傻,fufu",424789,2122,1218,21494,7933,3912,0,0,105545
BV1pUt3z4EKG,114970385712379,1,216,2071,鬼畜剧场,射击游戏,http://i2.hdslb.com/bfs/archive/acdff94e1ee8441901b99afc06f5fde85fc10a98.jpg,这桥我堵定了！,1754309147,66,14896506,英豪小丸砸,https://i0.hdslb.com/bfs/face/64469457eb908ecccafa89f863ae791658a4a01d.jpg,59797,"三角洲行动,乌鲁鲁,三角洲,堵桥,三角洲破壁新赛季上线",695802,166,749,2365,1274,1577,0,0,46748
BV1fjtnzgEKZ,114975905551283,1,17,2079,单机游戏,其他游戏,http://i0.hdslb.com/bfs/archive/fc9525bc457002680210a3b886c6174cb2f226ed.jpg,这游戏光demo就藏了这么多细节！万字拆解《乌合之众》+秦小南角色歌,1754393632,2411,3493291091822869,灰灰_AshUnhappy,https://i1.hdslb.com/bfs/face/13b26c3b30d2c038e2edb1b8c31e3216057546c2.jpg,14504,"游戏解说,单机游戏,解密游戏,万字拆解,乌合之众,推荐宝藏游戏",687311,282,212,23672,4484,241,0,0,21647
BV1a5hHz3EAD,114953340067240,1,21,2122,日常,家居展示,http://i1.hdslb.com/bfs/archive/7ab945028658fef322bcb52ca668301f7cd4bee6.jpg,漂泊半生！既然成不了家，总得有个窝吧！,1754049706,127,1142330881,世栗,https://i1.hdslb.com/bfs/face/10cfad5cf68ca4bebc166cd71b9712d76317ca47.jpg,813,"生活记录,几万买房,终于有属于自己的家了,躺平,大龄单身",791426,560,2596,2258,1543,778,0,0,40905
BV19utczVEbg,114979596473969,1,95,2123,数码,家用电器,http://i2.hdslb.com/bfs/archive/a362b0c6b828e326216811bbc7e4939acd703792.jpg,大疆发布扫地机器人 ROMO 系列：优雅设计、实力绝尘,1754481600,234,946974,影视飓风,https://i0.hdslb.com/bfs/face/c1733474892caa45952b2c09a89323157df7129a.jpg,11785854,"数码,科技,ROMO,扫地机器人,大疆,DJI,首款,大疆新品",402742,852,1990,2607,2511,5314,0,0,21299
BV1euhHzyEsR,114953390397674,1,65,2077,网络游戏,休闲/小游戏,http://i1.hdslb.com/bfs/archive/e2dadc66f78069171b7b094e04e3f87a1a1455ff.jpg,谁爱划谁划吧,1754049874,145,1410229894,W47-可爱者甚凡,https://i1.hdslb.com/bfs/face/b7854849ca09316f18adf1fb4e00c1248d22cb97.jpg,114555,"游戏,搞笑,娱乐,游戏搭子,游戏日常,沙雕,划划划,steam游戏",2562553,681,1799,32683,6744,31182,0,0,189714
BV1NAtwzTEX1,114981156686957,1,95,2040,数码,二次元线下,http://i0.hdslb.com/bfs/archive/ef9d44dbd21720436d29b9599a24994b6372eedc.jpg,【CJ2025】在一加展台欧气满满的一天,1754477198,254,431073645,你的影月月,https://i0.hdslb.com/bfs/face/2e32de7b28fc491a28281a22c6ea9f5d195cbdf5.jpg,8936568,"抽卡,ChinaJoy,影月月,2025CJ,游戏主播同款一加,一加,一加手机,欧气,原神",224001,662,568,2264,904,331,0,0,20823
BV1jbhVzfECm,114964866014945,1,21,2080,日常,时政资讯,http://i1.hdslb.com/bfs/archive/e804d58efb91c58a32ebce1528351721b4c4bb16.jpg,1分17秒，原声沉浸式体验武器分解结合（作者：武警山西总队 于洋、冯朵、黄彤；编辑：王智霖）,1754224922,81,1443100697,人民武警,https://i2.hdslb.com/bfs/face/2a1cfc28fc1546d58b92f064ea517a5210f4de50.jpg,1247104,武警,701059,241,1024,8916,1236,1296,0,0,60657
BV1N9hVzkEkc,114964597576860,1,228,2090,人文历史,人文历史,http://i2.hdslb.com/bfs/archive/7a96ad16b45848855b18d1080aff4fa0615377ce.jpg,德国精心策划的巴巴罗萨行动为什么会失败？【三木说31】,1754229820,1310,86588581,三木説,https://i1.hdslb.com/bfs/face/40f4143b5242c38cddc9d3c4cf68d3524d7fdfa9.jpg,722939,"二战,历史,人文历史档案馆,巴巴罗萨",774207,4292,1871,10241,2839,556,0,0,21817
BV1pVtiztEqC,114985351059657,1,212,2150,美食侦探,美食探店,http://i0.hdslb.com/bfs/archive/f1eb1e848018ede94190db4ff92da0657bd7d8f8.jpg,即将消失的金陵老味道，你们吃过了吗？,1754537563,675,3546672569256789,跟着老高吃东西,https://i0.hdslb.com/bfs/face/7eb534ffeea57663d08d6aebc8f9c7087a1631be.jpg,433372,"老高的美食地图,舌尖真探事务所,南京遛娃美食指南,带娃吃懂南京,金陵,南京美食,八宝葫芦鸭",40105,269,218,952,652,575,0,0,3816
BV1EihJzEE3s,114952266320549,1,21,2188,日常,自我成长,http://i2.hdslb.com/bfs/archive/681e661dca5c124ed9357fa248a88ffd3f8cf448.jpg,学不进去的时候，想玩手机的时候，来看看吧,1754128800,410,490340432,英语老师晓艳,https://i2.hdslb.com/bfs/face/ec941be9327acdf6c0d30d3b0aaa4390087e0efc.jpg,552145,"学习,手机,学丞,坚持,刘晓艳,学不进去,爱的100种表达方式",260735,603,345,24742,4351,2026,0,0,23290
BV1eo8Mz3EPC,114907202717893,1,17,2078,单机游戏,沙盒类,http://i0.hdslb.com/bfs/archive/4c2e297688b8c21babb9ca041525663c2d13478b.jpg,野猪小队-第33集-完整版,1754442000,629,11560113,小麦块,https://i0.hdslb.com/bfs/face/7b424bc6060a4fd2600c48ba25296570b4df4a4c.jpg,212570,"我的世界,Minecraft,野猪小队",1694955,412,91,17853,892,30,0,0,18278
BV1CQtwzYEpu,114980619819222,1,21,2071,日常,射击游戏,http://i2.hdslb.com/bfs/archive/bb5836824dd774021d492ababb131c2e1c2d6c8a.jpg,糖人闺蜜：目前为止一切正常😨😨😨😨,1754465437,233,3546846521723058,亦炽炽chi,https://i0.hdslb.com/bfs/face/8ac18e8e7720f3e220461dfe857701ce0f8dac84.jpg,81135,"FPS,娱乐,直播切片,三角洲行动,三角洲欢乐剧场,游戏主播,三角洲,大红",450241,1206,1825,4140,617,6545,0,0,34841
BV1Q2hbzaEMV,114958926876502,1,182,2001,影视杂谈,影视解读,http://i2.hdslb.com/bfs/archive/a51c78fdddfdf7f9344655f8aac1a1bed242b0fc.jpg,【阿奇】2025年丧尸惊悚片《放飞》：病毒天灾持续六年，丧尸进化成更高等级物种,1754134198,640,151203311,阿奇讲电影,https://i2.hdslb.com/bfs/face/0a1daa330b079cfefdc148503bfc76f56b3f921d.jpg,260786,"末日,丧尸,科幻,惊悚,进化,放飞,病毒,好剧好片重刷榜",1518594,2237,919,11438,1404,693,0,0,40286
BV1uPtBzGEUN,114986022081588,1,182,2001,影视杂谈,影视解读,http://i1.hdslb.com/bfs/archive/0a5ac13fd39e678688bbec371a97fff0a345acab.jpg,【雍正王朝73】皇上同意了邬思道的转会申请,1754560800,1100,70942172,貔柴,https://i2.hdslb.com/bfs/face/494eda60f33565f86892820e687d502c52b04c84.jpg,808179,"唐国强,笑容加,每日一贤,雍正,李卫,雍正王朝,电动牙刷,邬思道,usmile",162982,920,365,958,1258,57,0,0,7245
BV1MktizBEAm,114985099397935,1,250,2158,出行,旅游记录,http://i1.hdslb.com/bfs/archive/b4b25fa5aa21955820969dcba928bc97cb5ad81d.jpg,挑战在缅甸最大贫民窟生活24小时，这里的生活环境让人吃惊,1754537901,631,4249401,20岁了还没去过星巴克,https://i0.hdslb.com/bfs/face/f414404c2722feea44a6c1fbf404c818f09b7649.jpg,1050653,"社会观察局,旅游,生活记录,旅行,缅甸,记录,仰光",118454,838,679,1646,6314,430,0,0,9315
BV1pXtVzYE7R,114971174439916,1,21,2001,日常,影视解读,http://i1.hdslb.com/bfs/archive/a8d2ac3e200a5eca9a963cf8d1d9242b74286c9d.jpg,三国杀up锐评新三国145：呱，公子啊，不是我刘备害了你……,1754359200,1250,8878219,吃蛋挞的折棒,https://i1.hdslb.com/bfs/face/de18d4ff5c0b5dc4c76a56a4ffde6bee9cea6bef.jpg,662605,"三国,三国杀,三国演义,新三国,影评杂谈",397726,6572,2184,1896,12172,303,0,0,18862
BV1GbhuzVEYX,114962936629968,1,30,2022,VOCALOID·UTAU,VOCALOID,http://i1.hdslb.com/bfs/archive/db959b290208fd7cf0d050919be233015c084983.jpg,即刻轮回 中文填词【重音テトSV】【なきそ】,1754195489,123,73783743,没有花香的HANA,https://i0.hdslb.com/bfs/face/d57e2b71a8aa3ddac263e2eb50ca03018762010b.jpg,161688,"重音テト,中文,填词,なきそ,いますぐ輪廻,即刻轮回,翻调,HANA,synthesizer v,虚拟之声创作计划",621895,11190,946,49777,8460,1732,0,0,66848
BV1mPtwziEbk,114981140042602,1,220,2171,动物二创,动物综合·二创,http://i2.hdslb.com/bfs/archive/5f8295c5b2665df125611d8aa94196c245884263.jpg,狭路相逢“证”者胜！,1754473142,38,1870883193,猫后生,https://i0.hdslb.com/bfs/face/2314ea25bbc2252b8e1e342893725d19fdc3bbff.jpg,1155551,"动物总动员,搞笑配音",260036,131,326,706,2267,439,0,0,28050
BV1Aw4ZzHEjC,114977549583813,1,171,2071,电子竞技,射击游戏,http://i0.hdslb.com/bfs/archive/25f0481573f2eee23563f9eded25346c7aa48af0.jpg,“吃了”(身法教学1),1754418505,105,3546681085790713,乔木萧,https://i1.hdslb.com/bfs/face/447ef9bcc6ba9a5367bc0f7c067fc553e66d08b4.jpg,345944,"FPS,吃鸡,CFHD",268063,201,390,7975,720,746,0,0,20764
BV1LftnzrEk1,114975435721593,1,86,2154,特摄,剧情演绎,http://i1.hdslb.com/bfs/archive/62c754aa315a348eaac82e77ad9ca680acdaca06.jpg,超燃决斗！金铲铲真人版！,1754387109,229,3066511,特效小哥studio,https://i1.hdslb.com/bfs/face/6ec724a9cccb64d4e93dc1c25aea6608ac72abde.gif,4473253,"假面骑士,搞笑,特效,特摄,COS,美少女,龙珠,金铲铲天下无双格斗大会",633179,2085,379,3279,1658,1004,0,0,32199
BV1FRtnz5EgT,114975418880976,1,65,2070,网络游戏,MOBA游戏,http://i0.hdslb.com/bfs/archive/2cd7fbdc3a647bc813bf266c05905e77ef4f3006.jpg,有趣...是值得我使出真伤的对手！,1754385905,253,3546799094631194,爱丽速子LightSpeed,https://i2.hdslb.com/bfs/face/9ea7f7998ab8bb02c34bed1aa3aa376643d49f8b.jpg,161332,"电子竞技,娱乐,搞笑,王者荣耀,MOBA",239289,299,336,1155,772,65,0,0,21193
BV1Q4h8zNESk,114958692060866,1,17,2078,单机游戏,沙盒类,http://i0.hdslb.com/bfs/archive/d44497dbd34753a59d6dd764f792c5a9a337436e.jpg,你可能没听过我的名字，但你一定用过我的模组,1754130658,32,379515917,七星-7stars,https://i2.hdslb.com/bfs/face/43e4d45e86cb592d3a23487aeaca4186e769cd52.jpg,154168,"我的世界,模组,mc",4487936,193542,13335,117218,57804,11967,0,21,599812
BV1BctAztEEm,114980720674949,1,21,2080,日常,时政资讯,http://i2.hdslb.com/bfs/archive/85d3e70bc5ee56a8d16f170eb0afe97fa02ce52f.jpg,“一个玩笑成为了一位新娘”，消防员小哥分享自己的爱情故事，网友：果然勇敢的人先成功！,1754466797,16,1131457022,人民日报,https://i2.hdslb.com/bfs/face/19a041ba0e78ed43b7a3eab35edfc998eaa7db8e.jpg,17017814,情感,1188542,238,899,1439,967,550,0,0,71427
BV1C54Rz1E6g,114977230883059,1,252,2154,仿妆cos,剧情演绎,http://i2.hdslb.com/bfs/archive/431fafa5136cb0c25492d417bca01d4f99816b31.jpg,我可以接受失败，但我绝不接受没有奋斗过的自己！,1754413647,150,322480205,造梦阿瑄,https://i2.hdslb.com/bfs/face/6179ff89aa703de7a967de4e3fe4804d4988b001.jpg,844299,"唱歌,生活记录,学习,搞笑小剧场,努力,诗朗诵",1766220,21349,5018,19430,28779,5886,0,2,319534
BV1QxtnzPEa4,114975469342019,1,171,2070,电子竞技,MOBA游戏,http://i0.hdslb.com/bfs/archive/e2016da8c474b72406df21331573519f94102cdf.jpg,斗魂10.0计划！第五期！4来财+61锻体+10.0石头人！石祖来了！,1754386993,840,51325330,不死斩剑圣,https://i1.hdslb.com/bfs/face/eb40e11b3363d98837dcfb41dd6a4628d3bc3f6f.jpg,226281,"网络游戏,LOL,英雄联盟,电子竞技,剑圣,石头人,斗魂,MOBA",275750,1168,1625,698,1143,4098,0,0,9402
BV1YEtzzDERJ,114987347480582,1,138,2154,搞笑,剧情演绎,http://i1.hdslb.com/bfs/archive/c11b60e3b573a645d63ca6c9f8fce26b9f23b587.jpg,《下课是你的谎言》,1754567798,144,478610686,郑凯伦伦伦,https://i1.hdslb.com/bfs/face/24a1b4a4a5cb2287f9892c3f9be60f3668733e85.jpg,1534311,"生活记录,校园,记录",276080,664,476,2685,1106,550,0,0,28821
BV1AHtMzEEDE,114968624111267,1,28,2020,原创音乐,翻唱,http://i1.hdslb.com/bfs/archive/76701eaa4eef8f5634f83e13bd35a9114fd7e0f1.jpg,Moon Halo|翁法罗斯十二黄金裔,1754282179,122,1632696879,淬淬淬是淬,https://i0.hdslb.com/bfs/face/9865a51bcf93c2355eb1dd045c9abe5424dfc44c.jpg,38485,"崩坏,翻唱,崩坏星穹铁道,崩坏：星穹铁道创作者激励计划,翁法罗斯,翁法罗斯黄金裔全员,MoonHalo,黄金裔",404781,19108,1527,33111,8198,5122,0,0,71437
BV11ChnzaEkc,114953675606824,1,172,2073,手机游戏,动作竞技游戏,http://i2.hdslb.com/bfs/archive/33c868af982247643946e16c1f9e67518887d146.jpg,带 土 大 冒 险 ！,1754301600,142,321563149,恶人爸爸5,https://i1.hdslb.com/bfs/face/02058813ff3882973810275f2d268e5c07a8712d.jpg,59356,"宇智波带土,火影忍者,游戏,忍战带土,火影大冒险,火影忍者手游,推荐宝藏游戏",426205,217,210,5043,841,739,0,0,22244
BV14xtvz8ENw,114985871085631,1,17,2066,单机游戏,单机主机类游戏,http://i2.hdslb.com/bfs/archive/ad762e783878f1a012f0f5a5cfc66c2ccf641279.jpg,老戴《四海兄弟 故乡》01 序章 地震,1754568000,1690,2142762,老戴在此,https://i0.hdslb.com/bfs/face/986a9f29848d17b39a99e41557d56dcd1091a3a9.jpg,3856820,"解说,攻略,黑手党,剧情,老戴,2025,四海兄弟,流程,故乡,动作游戏",92204,764,358,1044,1136,386,0,0,4314
BV1yDtwzPEd3,114980569486296,1,251,2148,三农,其他手工,http://i0.hdslb.com/bfs/archive/c4f43a906ff3af7caadfb3a5a22ff004076bf2b5.jpg,余师傅今天教大家打一把极致锋利的双刃柳厨刀，大家学会了吗？,1754466665,648,414367068,余铁匠打铁日常,https://i0.hdslb.com/bfs/face/5bd86814ce91b3a147a7b0b725e8315e2983e80f.jpg,70109,"制作,生活记录,技术,原创,手工,刀,厨刀,轴承,创作灵感,寻找100位非遗手艺人",339336,1800,1141,2723,7437,583,0,0,34978
BV1LGtjz4ExM,114973942488965,1,95,2099,数码,电脑,http://i2.hdslb.com/bfs/archive/201804c3809fff3a0edb149e339f24d484115c86.jpg,【25年8月电脑装机配置推荐】停更20天，只为带来更劲爆的视觉冲击，初心不变，致力打造全网定制标杆！做与众不同的主机！涵盖4000-4W，超详细攻略，小白也能懂,1754365308,4701,551534193,至尊定制,https://i0.hdslb.com/bfs/face/5fbb9847719371ec3ddda7fb625cc3b15cffc258.jpg,595952,"科技猎手,显卡,装机,DIY,电脑,二次元电脑,主机,电脑配置,定制电脑,配置推荐",255581,4730,1173,2758,1295,845,0,0,21166
BV1Cq4dzUEmj,114978271004135,1,17,2078,单机游戏,沙盒类,http://i1.hdslb.com/bfs/archive/c331be805a91c9cb92ae12b2e3601af6f9a31a8f.jpg,铜矿产物再更新 我的世界 1.21.9新版本介绍 25W32A,1754429495,543,686127,籽岷,https://i0.hdslb.com/bfs/face/7efb679569b2faeff38fa08f6f992fa1ada5e948.webp,4998470,"沙盒游戏,MINECRAFT,籽岷,我的世界,单机游戏,1.21.9,25W32A,新版本,介绍,推荐宝藏游戏",235587,923,1332,1769,2426,1517,0,0,18837
BV1HRt3zpEcD,114970587042660,1,138,2152,搞笑,美食记录,http://i2.hdslb.com/bfs/archive/f03dbf72830e3c46247bd89cd0416b9aca7030f3.jpg,深度解析良子是否偷吃5,1754312604,289,32026774,侦探许烦烦,https://i1.hdslb.com/bfs/face/12cddd8ada95dfd639100cd9ec276ce7a57643fb.jpg,189022,"搞笑,吃喝玩乐先上闲鱼,美食测评,Vlog,良子",377923,890,733,1417,1188,955,0,0,19688
BV1xstczAEz6,114979629962308,1,214,2152,田园美食,美食记录,http://i1.hdslb.com/bfs/archive/408eba40e8594bb4edf6f2c9cb1d03ce14898629.jpg,建水草芽——滇南人的水中珍馐【滇西小哥】,1754467200,1370,101229184,滇西小哥,https://i1.hdslb.com/bfs/face/a235389baf30c5819d1dba02a8a1d581598e66c7.jpg,1611376,"美食制作,云南,记录我的美食日常,赶集,草芽,云南特色",225414,1794,380,1686,5919,373,0,0,13409
BV14itEzUEGZ,114974848520955,1,65,2071,网络游戏,射击游戏,http://i2.hdslb.com/bfs/archive/3a4dd30c840519cd19637e2fe4647eafbaab6f49.jpg,【卢土豆】当威猛鼠鼠邂逅柔情俏皮娇嫩乌鲁鲁，这就是爱与三角洲,1754397900,595,3546932901317389,卢土豆丶,https://i1.hdslb.com/bfs/face/56aed087e4fcbc7d5933c79898495b48a2f3b38e.jpg,72675,"FPS,三角洲行动,爱鼠TV,卢土豆,鼠鼠,跑刀,三角洲破壁新赛季上线",273381,730,441,9580,1251,27,0,0,16882
BV1iMtqzSEWL,114986894498218,1,172,2037,手机游戏,同人动画,http://i1.hdslb.com/bfs/archive/e7debd41eed32ff50ad49da697d44ef674dcfe62.jpg,三月七：我真的是晒黑的！【菈崩铁】,1754561019,87,3493285567925098,宝菈卟妞BOOM,https://i1.hdslb.com/bfs/face/eb39fd7d649695d6af74c838975b3f373a19823e.jpg,667854,"崩坏：星穹铁道,崩坏：星穹铁道创作者激励计划,崩铁整活,因为太阳将要毁伤,长夜月,三月七",204050,196,429,3247,895,367,0,0,23173
BV1H3gVzUE8A,114891063041258,1,27,2041,综合,动漫剪辑,http://i0.hdslb.com/bfs/archive/57e0dbebb1e9d400b64255a22b2563d88447cc2e.jpg,《天津小猪妖 逃离浪浪山》,1754107200,165,13199099,植物椿,https://i2.hdslb.com/bfs/face/1cf19c181f366cb741b21152f5a1b1b17ea572da.jpg,1942593,"天津话,搞笑,动漫,短片,影视剪辑",1820711,538,957,5699,6141,4876,0,0,47454
BV12stczAEe8,114979630027416,1,212,2150,美食侦探,美食探店,http://i0.hdslb.com/bfs/archive/6e3f10949e1ca3ef0854a9e4e5af50da9a867165.jpg,一个人吃云南24种野生菌子火锅！鲜！,1754476200,573,3032988,密子君,http://i0.hdslb.com/bfs/face/7a8d14249171e09448f4ddba1e0129584257825f.jpg,3567383,"美食圈,吃货,美食,美食vlog,探店,美食探店,密子君,美食日常,野生菌火锅,挖掘身边的宝藏小店",140554,380,207,677,1181,264,0,0,8439
BV18btnzwEh7,114975502830746,1,21,2154,日常,剧情演绎,http://i0.hdslb.com/bfs/archive/6e17317ec4199cbc69200d7e636397a6926b2884.jpg,爱 = 花 钱 ？,1754387174,60,9130832,张八筒筒,https://i2.hdslb.com/bfs/face/683b3b97648bf13641c508b9b50a2d25b87bec69.jpg,723897,"原创,生活记录,搞笑小剧场,张八筒,best人生,猩猩队长,抽象,情侣日常",700243,184,455,1240,1427,624,0,0,64373
BV1hYt3zqEST,114970889031812,1,47,2050,同人·手书,漫画·动态漫,http://i1.hdslb.com/bfs/archive/56c488e55f728b5120f34eea463af03c9896f384.jpg,排球少年!!第五季第一集,1754317056,80,888465,暗猫の祝福,https://i0.hdslb.com/bfs/face/ee1d70ddd0eb2c9699ad11eda2b72c7974bb8d88.jpg,2013300,"排球少年,手书,OPPOReno14,OPPOReno14排球少年联名",330955,77,957,5236,2521,1048,0,0,37376
BV1sCh8zWEc2,114958507443524,1,138,2156,搞笑,UP主小综艺,http://i2.hdslb.com/bfs/archive/66c0731088c41d5901e21fb9116724f65be0516a.jpg,我先走一个⚡️,1754129614,325,226231535,智勇双全富贵君,https://i2.hdslb.com/bfs/face/f63d4962dd2dcf4d2cc9cae63cd01a2049f32dab.jpg,2213959,"排球少年,开箱,OPPOReno14,OPPOReno14排球少年联名",2922097,3004,1170,23562,4486,1189,0,58,110494
BV1nzhGzPE3E,114965419790011,1,76,2149,美食制作,美食制作,http://i2.hdslb.com/bfs/archive/738d6436651d3c3f19c68a740fc5d75bab82ba5e.jpg,把鲜橙变成冰淇淋卷的过程太上头了！你绝对想不到最后的味道有多惊喜！ | Ice Cream Rolls 【ASMR】,1754234395,521,1732349847,Ice-Cream-Rolls,https://i0.hdslb.com/bfs/face/f8b1665ecd80940af3af400e2f6fb2ed4c545924.png,858074,"Cooking,Dessert,Delicacy,Snack,Food lover,Culinary,Cooking tutorial,Culinary skill",485942,3027,556,2162,936,465,0,0,21414
BV1dL4ZzrExj,114979344746713,1,17,2078,单机游戏,沙盒类,http://i0.hdslb.com/bfs/archive/543a23da81f7d2a14a0a9dc882b0c40c3579d1b2.jpg,我为MC添加了更多状态栏！只为折磨我的朋友…,1754449200,1503,88197128,锡德JorisSid,https://i2.hdslb.com/bfs/face/d7d65eb922b12acb45b61de639858469be69d461.jpg,310153,"整蛊,搞笑,我的世界,沙盒游戏,娱乐,折磨,我的世界MOD,沙雕,状态栏,整点电子榨菜",1785837,6421,1892,46013,10420,2522,0,32,97463
BV13Nh4zXEKd,114956661953789,1,220,2170,动物二创,野生动物·动物解说科普,http://i1.hdslb.com/bfs/archive/173f7340a8837155fb9f83f08e2a90290ee02df2.jpg,野生摄影师老金的“疯狂日常”！,1754099742,182,3546748735719956,老王动物园_,https://i2.hdslb.com/bfs/face/e5be74cd03f1509f42c0f6e7adc6d06067d4ed96.jpg,220431,"动物世界,摄影师,萌宠过暑假",1085020,210,109,15775,2086,565,0,0,34975
BV1u6h3zCEQi,114963708385472,1,21,2003,日常,影视资讯,http://i0.hdslb.com/bfs/archive/cb87c58189b6181a602881beafa43647017e1916.jpg,电影《731》定档9月18日,1754207292,16,456664753,央视新闻,https://i1.hdslb.com/bfs/face/2dc9c34444ba9f8e891fdc98e6c331fa3c02d127.jpg,21839757,电影,1675051,66064,3554,20734,42125,23690,0,25,337308
BV17a4RzNE7a,114976845141102,1,162,2055,绘画,二次元绘画,http://i1.hdslb.com/bfs/archive/ed98829e00a6d0ef4f1e628278f07f8a3620b9ac.jpg,头一次画完想吐（〇▽ｏ）。,1754407631,27,621948674,AAA专业产史集团沫总,https://i2.hdslb.com/bfs/face/b4f8b5dffc0c6bc913bd544f7d08d3ee7c8a7e90.jpg,208320,"绘画过程,骸音,初音ミク,初音未来,绘画,miku,一起来画画吧！,画渣,摸鱼,简笔画,画画",378959,71,216,8967,811,410,0,0,73473
BV1Tf4fzwEdu,114980301051290,1,212,2150,美食侦探,美食探店,http://i2.hdslb.com/bfs/archive/cac9b9377ebb38672945941170679ff2ed43ca1a.jpg,东北逆天3元大碗面 史上最强物价！,1754470800,264,1563385862,转生成为毛毛,https://i2.hdslb.com/bfs/face/fc974a2c819fdbd481a996fff25350598bb6f75d.jpg,983156,"生活,东北,逆天,街头美食,舌尖真探事务所,物价,便宜,沈阳,毛毛,探店",310884,991,904,1117,515,1363,0,0,12330
BV1jLtEzAEFH,114974747795302,1,182,2004,影视杂谈,影视正片搬运,http://i2.hdslb.com/bfs/archive/e495e40043a3f25d51c7f3a31f9a68ad5b3ee879.jpg,【雍正王朝72】万众期待的殿试大选终于开始啦！,1754388000,1228,70942172,貔柴,https://i2.hdslb.com/bfs/face/494eda60f33565f86892820e687d502c52b04c84.jpg,808179,"唐国强,张廷璐,每日一贤,雍正王朝,雍正,刘墨林,好剧好片重刷榜",313442,1744,536,1076,2508,99,0,0,11223
BV19BtKzZEM4,114984847677457,1,21,2158,日常,旅游记录,http://i1.hdslb.com/bfs/archive/292f83db727c1acde18a46eb63fbae24ac05975f.jpg,俄罗斯二哥一家游北京 第一次坐地铁直呼：怎么这么快,1754539800,559,542507083,贝加尔阿楠,https://i1.hdslb.com/bfs/face/ba79fa31cb3a4bb6efea1fc308afdce44e69ab52.jpg,844214,"俄罗斯,旅游,生活记录,歪果仁,中国行,中国高铁,外国媳妇,随手记录我的生活碎片",211544,1308,776,1016,5538,47,0,0,14547
BV11RtMzRErb,114968053681263,1,254,2085,亲子,非应试语言学习,http://i2.hdslb.com/bfs/archive/8e9bbcbacfc32fbb69069a01cbfd550d3fd27201.jpg,【美式英语】混血小朋友谈“便宜”不要说cheap,1754273434,45,3546801074342819,美国奶爸亲子学英语,https://i2.hdslb.com/bfs/face/5d6ec4f08b23ef19e1b693d6539cda0716da84a7.jpg,100510,"美式英语,英语口语,混血宝宝,英语启蒙,创作灵感,亲子英语,我们的家庭日记",284634,64,282,7551,734,280,0,0,28229
BV1HGtFzpEp3,114980485665328,1,228,2089,人文历史,时政解读,http://i2.hdslb.com/bfs/archive/940240a51ed45d7c9d0b398745c6856d61115cda.jpg,法国怎样才能成为一个英联邦国家,1754474400,404,1612935698,法兰西小欣欣,https://i2.hdslb.com/bfs/face/11ac3f37bd2e8c9e60ecefd5e0f2d52566aceb71.jpg,651977,"搞笑,历史人文,离谱评论,法欣社,薇姿绿标,京东超市黑色期五,抽象,法国博主,薇姿洗发水,给整活儿加点艺术",381376,2401,1962,2969,2312,210,0,0,27215
BV1vahVzoERr,114964899633345,1,171,2071,电子竞技,射击游戏,http://i0.hdslb.com/bfs/archive/5b66de0af4d420ab10969b83faa4b04566a15887.jpg,CF爆破4v8挑战：4名女职业vs8个lol博主！输的人跟王哥表白1分钟！,1754227800,2666,25503580,布锅锅,https://i1.hdslb.com/bfs/face/ab4607609f06096d5960eb541350a0e318ce4eaf.jpg,1824169,"穿越火线,FPS,搞笑,电子竞技,英雄联盟,比赛,CF食堂的电子榨菜,职业,游戏鉴赏家,整活",1111864,26132,5797,7483,16946,2522,0,0,42991
BV1S7hHzuEhK,114953373681009,1,241,2009,娱乐杂谈,娱乐评论,http://i2.hdslb.com/bfs/archive/a2817bf140c495d75002b8772bb71af77f783ce7.jpg,【娱乐简报】直男一卖，粉丝溺爱，网红一卖，内娱崩坏,1754105315,925,1527375735,RICH徐大花,https://i0.hdslb.com/bfs/face/6aac72712a65aa6a525923602e1b2812c6472a45.jpg,370737,"汪苏泷,吐槽,梓渝,旺仔小乔,吃瓜第一线,田栩宁,张碧晨,吃瓜,李明德,内娱",591917,4697,1924,2425,3652,2511,0,0,28562
BV1W5hVzuEen,114964832452969,2,20,2028,宅舞,宅舞,http://i0.hdslb.com/bfs/archive/859673b202b90cc2dbe9773b1bc361eb9d724b61.jpg,【舞台存档】活力值和内心戏百分百的mjm,1754225071,376,661440317,-藤子Fujiko-,https://i2.hdslb.com/bfs/face/4d4f816ef0958bd653fb92f41c9aaae8cfc8ead3.jpg,5710,"偶像,cos,世界计划,pjsk,舞台,活力,mjm,mmj,桃井爱莉",1226408,3753,1584,13863,7418,1314,0,41,144944
BV1EgtEziESW,114975066558540,1,17,2078,单机游戏,沙盒类,http://i0.hdslb.com/bfs/archive/5b75fe0cfc20d7582b472c295ed6b02389d55495.jpg,地表最新up降临 ——MC日常记录系列,1754381481,367,3546624808717285,四害嗨嗨,https://i1.hdslb.com/bfs/face/1a2c665ee98f8c3170380e2c4be733dff174f1d4.jpg,9029,"娱乐,游戏实况,沙盒游戏,新人,我的世界,像素风",129625,247,1354,3796,2788,157,0,0,28923
BV1eQhgzjEAB,114964245256716,1,208,2084,校园学习,应试教育,http://i0.hdslb.com/bfs/archive/b2230f8bfe119b15713d340e648f411cabd6c2bc.jpg,【一数拔高】指对幂函数大综合！,1754215452,2892,14229967,一数,https://i1.hdslb.com/bfs/face/812281bada7d323c23c6e1e2e92749bd29b7d7c6.jpg,20524437,"高考,数学,学习,指对幂函数,bilibili高考季,高中,考前复习,中考,考试资料",914858,9529,1764,22057,6356,2699,0,73,99459
BV1RQtjzfEhd,114973841821669,1,47,2037,同人·手书,同人动画,http://i1.hdslb.com/bfs/archive/20f5d2938ce73dba9a871080d434872c03175666.jpg,小八的分贝炸弹,1754361870,49,293191032,呼吸菌QAQ,https://i0.hdslb.com/bfs/face/e110402e29e49f2533691a6d58fce40ae011df96.jpg,492751,"小八,可爱,chiikawa,吉伊卡哇,乌萨奇",848694,119,360,4523,680,1412,0,0,33706
BV1h3tGzrERQ,114970201228615,1,65,2071,网络游戏,射击游戏,http://i2.hdslb.com/bfs/archive/7e91735553a7f46f4fc45a5273f34d5b039d1157.jpg,换个视角看三角洲，全网找这个2号！,1754306181,125,649413109,三角洲蛋少,https://i1.hdslb.com/bfs/face/0ca00d6fb71a0f320cda2650d19caf154f276576.jpg,9872,"原创,三角洲行动,记录,三角洲破壁新赛季上线",515158,147,542,4054,606,727,0,0,42072
BV1Ex4RzMEcT,114976912051938,1,216,2063,鬼畜剧场,鬼畜综合,http://i2.hdslb.com/bfs/archive/b7575db1e37a985328ee0501d72e385299f77670.jpg,黏巴达,1754451000,745,219370608,京西动画,https://i0.hdslb.com/bfs/face/4e6f81ccd97e61a8e106e0db12b0795761e1e73f.jpg,94538,"鬼畜,NBA,湖人,詹姆斯,电影剪辑,电影,篮球,赌圣,卢卡东契奇,鬼畜星探企划",181615,1239,740,1415,6375,1715,0,0,11901
BV11jtJznE4f,114974345135574,1,219,2171,汪星人,动物综合·二创,http://i0.hdslb.com/bfs/archive/177bb9344aad05d1b627985ce5dff319196b90f2.jpg,关于我老公莫名其妙的杂技表演16.0《力与美》,1754369558,75,502966208,奶牛鸟真猪,https://i2.hdslb.com/bfs/face/b456ba1aad0684857f4a987637bf6835c7410f09.jpg,58109,"高能,金毛,生活记录,表演,动物总动员,杂技表演,杂技,奶牛猫,原创搞笑视频,萌宠搞笑",276371,189,290,895,2402,763,0,0,27990
BV18JtAz5EoY,114982666638961,1,250,2162,出行,农村种植,http://i0.hdslb.com/bfs/archive/91fa87798c64157b8e99e3160d2b358a71275afd.jpg,柴达木枸杞 遥远的向日葵地 数不清的红柳 马海的惊喜不止如此,1754539747,719,99530095,赵朔西行漫记,https://i1.hdslb.com/bfs/face/04e94ee63762e20354ab8ecf59d62f5969b2cc3b.jpg,738880,"夏天,旅行,柯基,bilibili出行奇遇记,捷克狼犬",110136,4006,3999,2493,18162,276,0,0,19267
BV1Q6tKz4EwP,114984830897755,1,254,2194,亲子,中外生活vlog,http://i2.hdslb.com/bfs/archive/14a87617c1978c6b908625a82dc9cef8f5d6627b.jpg,加藤带爸爸来中国,1754529512,81,5087326,加藤在中国,https://i1.hdslb.com/bfs/face/fe307d3dfff0bfc6bc3e57c8f7d38d4c30d41612.jpg,801889,"生活记录,歪果仁,中国,暑假生活观察计划",224937,404,557,1363,5308,421,0,0,34194
BV1P5tKzLEEW,114982968627112,1,47,2037,同人·手书,同人动画,http://i1.hdslb.com/bfs/archive/27969c8bd4c6dd27a2e82c4091e86525fa98728f.jpg,第69集，为了抵御邪神数万癫火教徒大举进攻中原，我临危受命前往镇守雁门关！,1754555400,351,1315416826,暴走三金_,https://i1.hdslb.com/bfs/face/547d829b08e143073920e9eaf241540cbc3f64a7.jpg,290097,"原创动画,动画短片,动画种草激励计划,热血",44196,261,133,1327,791,29,0,0,4482
BV1iJt3zjEpQ,114970704482225,1,130,2207,音乐综合,随拍·综合,http://i0.hdslb.com/bfs/archive/f8e180b11daa49a077f5c8841ba3aa2064f20caf.jpg,【乌鲁鲁金曲】又堵了一天,1754388000,119,3546934107179539,堵桥界の神,https://i1.hdslb.com/bfs/face/7d8f531b82fe7b2873234483aec8df8d6b1a3097.jpg,5773,"歌曲,鬼畜,魔性,乌鲁鲁金曲,乌鲁鲁,堵桥,三角洲破壁新赛季上线",641172,1874,939,30215,2709,11931,0,0,58642
BV1AQh3zKEeb,114963792269225,1,243,2009,乐评盘点,娱乐评论,http://i0.hdslb.com/bfs/archive/2e0f4c64a7c148e847c12542e6c35ddf56d20027.jpg,一个树立全美性犯罪标杆的R&B天王,1754208458,557,386435204,我是NOPEACE,https://i2.hdslb.com/bfs/face/f347784289ca1f70737a9ddb9d70cb83ce7f2dd7.jpg,72098,"说唱,犯罪,欧美音乐,社会,欧美说唱,娱乐八卦,娱乐吃瓜大会",3135915,5030,1322,31690,8867,3465,0,11,195716
BV1dj4dzAEVZ,114976291297185,1,172,2071,手机游戏,射击游戏,http://i1.hdslb.com/bfs/archive/6e240c30e8d0889bb8760737cf69e56c43c4efa4.jpg,这人阴成啥了？！,1754399170,42,3494376831454066,Steven欧皇,https://i1.hdslb.com/bfs/face/c850d0dffcd7927a2b5595e9978e4700b36af709.jpg,26174,"巴克什,三角洲行动,一个赞买一个量子存储,鼠鼠,曼波,三角洲破壁新赛季上线",199451,4245,358,1626,8988,24,0,0,20304
BV1CZtBzNE3w,114987649474123,1,21,2153,日常,美食综合,http://i1.hdslb.com/bfs/archive/5ebd4b613c31bed45fa73ba12093bd60b80b90ae.jpg,东北菜实力排名,1754573061,572,3493292727601296,王小洋-已黑化,https://i0.hdslb.com/bfs/face/e33567ee9db0bad3c746a42ab7354680b75b0a06.jpg,311075,"东北,美食,东北雨姐,神奇的闲鱼,排名,MVP,东北菜",96385,1559,871,1082,592,537,0,0,8269
BV1WGtwzcEwf,114981257418250,1,22,2063,鬼畜调教,鬼畜综合,http://i2.hdslb.com/bfs/archive/7c219c876390126d5ba110779f612077d869ff1f.jpg,爸爸藏的东西被我找到啦！！,1754538900,320,5878572,核动力路灯,https://i0.hdslb.com/bfs/face/1201762ebd2205f61a8e8deaf03489c3dd5b52b2.jpg,602787,"灰太狼,童年回忆,喜羊羊与灰太狼,亲情,鬼畜,情感,黄绿合战,rap,泪目",238320,480,582,5425,7364,734,0,0,22720
BV1rotwzFEUM,114980770813797,1,249,2141,足球,体育赛事,http://i2.hdslb.com/bfs/archive/0e3c25eab813be59d26aa62587dfbdf1c1d94da3.jpg,2526赛季前瞻 | 巴萨篇 | 困难重重？乘风破浪？| 又或者准备好一起征服世界了吗！,1754467573,1546,629236570,T9小赵,https://i1.hdslb.com/bfs/face/804108515d5e2ae134e5d5d4be1b20d771443bb6.jpg,70397,"巴萨,欧冠,体育,西班牙,足球,西甲,弗里克,拉什福德,亚马尔,踢足球看足球热爱足球",74259,768,506,920,1755,174,0,0,3688
BV1Vz4RzbEm5,114976962384757,1,251,2082,三农,社会资讯,http://i1.hdslb.com/bfs/archive/8b5f1a7834f6dbde1ac883e894fbbf85341c40f0.jpg,详解河南大旱！影响到底多大？降雨能否缓解？【主播说三农】,1754409584,320,1343321779,央视农业,https://i1.hdslb.com/bfs/face/c9e24623ccc91cd26c2894d2a1880dc6dc6a28c4.jpg,3624209,"主播说三农,河南旱情,玉米,灌溉",341269,977,2644,1707,3276,1494,0,0,36284
BV1894fzvESj,114980418556015,1,215,2152,美食记录,美食记录,http://i2.hdslb.com/bfs/archive/ce258d2546cc65c805b037d2bd27c033277c398a.jpg,儿子发工资了，胖龙中午在饭店四菜一汤，有荤有素，真实惠,1754472600,323,649661652,胖龙的小生活,http://i0.hdslb.com/bfs/face/57ea78f573e9003880fc965932a1c93ad145cd59.jpg,2149766,"吃货,生活记录,Vlog",959543,995,721,2074,1908,225,0,0,18422
BV1SCtKzsECS,114984730232975,1,86,2048,特摄,特摄,http://i2.hdslb.com/bfs/archive/d34f039bb1b49925caf0e49b74db6501d516f65a.jpg,（尽力还原）欧布奥特曼op画面，但是我演的,1754527919,85,2147009034,取名已摆烂,https://i0.hdslb.com/bfs/face/9e460471a0d15f354103f321638d2d71a32b1a24.jpg,55676,"特摄,奥特曼,OP,模仿,你相信光吗,欧布奥特曼",603409,354,657,12047,2888,846,0,0,23102
BV1z3h8zLEQS,114958658439775,1,138,2156,搞笑,UP主小综艺,http://i1.hdslb.com/bfs/archive/831e26d160ce28cee7778a12a163e26b1f341262.jpg,逆天！今年上半年最离谱的小学生作业可能都在这里了！？！,1754136000,366,20892823,柠檬派奇幻漂流,https://i1.hdslb.com/bfs/face/35381f14ad45a75b4392642055a3d113e50b03f9.jpg,3070582,"作业,石头,搞笑,吐槽,石头P20 Ultra,扫地机,小学生作业,石头扫地机器人,石头扫地机",1880565,6162,474,28175,3255,816,0,0,71726
BV1PUt3ztE48,114970385847938,1,17,2079,单机游戏,其他游戏,http://i1.hdslb.com/bfs/archive/79a53b0c9476e8ee8939fc0e0bae5d995cbdaaad.jpg,“嘘！”偷偷玩小游戏，不要被伪人妈妈发现了！,1754309142,1218,218813697,游泳的艾米,https://i0.hdslb.com/bfs/face/30d2889a3fb2e8b64cd368489322dc9223225fe3.jpg,1064298,"恐怖游戏,妈妈,一命速通,steam游戏,伪人,整点电子榨菜",243458,1168,301,4052,1575,277,0,0,29578
BV1oBtgz5EYp,114969077088585,1,256,2142,短片,体育综合,http://i1.hdslb.com/bfs/archive/1d1c46a2a26b0fd2c571bba2f665d7df760391c4.jpg,暑假打球好上头！,1754298000,300,1920908011,非自然苏打,https://i1.hdslb.com/bfs/face/ff71ef035b06f9d24b22a631d9166a967ec740b1.jpg,587189,"高中生,暑假,搞笑,排球少年,运动,生活,OPPOReno14,排球,OPPOReno14排球少年联名",1498621,1224,1532,11037,3835,1386,0,0,68445
BV1wWtJz2EsA,114974261314824,1,138,2005,搞笑,短剧短片,http://i1.hdslb.com/bfs/archive/5c1d1b63814f49ce6c8e97cbe574313759113f3d.jpg,《假装女友》5,1754368124,98,410675812,韩波格_,https://i1.hdslb.com/bfs/face/c3a3d4929b641e1c5d1927241727abc3e7248fa0.jpg,1014209,"短片,剧情向,女朋友",561414,311,296,2107,573,411,0,0,46251
BV1JBtczWEq6,114981425123992,1,17,2071,单机游戏,射击游戏,http://i2.hdslb.com/bfs/archive/92a0c121bfeb612b62a6c1fd9979509b219f5d0e.jpg,园长！这才是你真实面目吗？？？,1754481294,461,7450650,超果果mc,https://i0.hdslb.com/bfs/face/68055fd664aca68f38bdd1d816c46ad4f7b7405d.jpg,2242189,"赛博朋克,搞笑,过山车之星,超果果,造乐园,暗区突围端游,暗区突围无限",174711,397,185,6938,7292,92,0,0,16830
BV1UDt7zJEsV,114975016293722,1,215,2150,美食记录,美食探店,http://i1.hdslb.com/bfs/archive/8cb507bb5c81b4d2602371eb7faa9063ef694587.jpg,特色烙锅，炒饭免费？狠狠下三大碗饭，一人三碗！,1754387100,622,8680974,干饭三健客,https://i0.hdslb.com/bfs/face/cf67c074588b1524389f371665b4f687cf6315b6.jpg,1727783,"烤肉,折耳根,三剑客,健身餐,蘸水,酸汤",654002,862,559,1871,3190,2395,0,0,25582
BV1XqtPzDEB7,114981878108700,1,137,2017,明星综合,MV,http://i2.hdslb.com/bfs/archive/809afc5827e0f43e53a7d8bd3beefc267d962256.jpg,ZEROBASEONE THE 1ST FULL ALBUM ❝𝙉𝙀𝙑𝙀𝙍 𝙎𝘼𝙔 𝙉𝙀𝙑𝙀𝙍❞ ‘NEVER’ Film,1754492400,317,1414351987,ZEROBASEONE,https://i1.hdslb.com/bfs/face/0590fdb382db7c625e20d777e06f0b4162d2ecbf.jpg,450962,"NEVER SAY NEVER,ZB1,ZEROBASEONE",50131,2108,878,2439,2152,1753,0,0,6967
BV1LnhuzUEQN,114963356061430,1,138,2151,搞笑,美食测评,http://i0.hdslb.com/bfs/archive/d1357303c193678a32aacdeefddfd85c324101bc.jpg,《中国零食测评之康师傅方便面》,1754203168,752,1735813547,Nyyga-idol,https://i2.hdslb.com/bfs/face/fc965336f142e5f2da2017c0fdacaf07c2264467.jpg,23185,爱豆安利挑战,690451,5033,2963,5300,1887,1853,0,0,22116
BV136tPzSEz9,114981777510999,1,172,2037,手机游戏,同人动画,http://i2.hdslb.com/bfs/archive/bd36b9f70c96976a3731278747f58d22534dee06.jpg,当击球手穿越到我的世界！【第二集】,1754483156,1039,501246267,小恶魔8号队友,https://i0.hdslb.com/bfs/face/580f2b8b20cf2ca185e387f243ceb5478a14648d.jpg,21701,"我的世界,娱乐,沙盒游戏,搞笑,第五人格,沙雕,第五人格庄园纳凉夜",37459,507,307,1622,2358,384,0,0,5179
BV1bjtgz8EcR,114969513366844,1,161,2183,手工,助眠视频·ASMR,http://i2.hdslb.com/bfs/archive/d46104593820fbb77078c7f72cac0eee10b0fd14.jpg,你想随身携带哪本书呢？ASMR,1754295668,65,8399798,Aismr_,https://i2.hdslb.com/bfs/face/24b362b243c9b0206be406fcc6636c34e6627a18.jpg,90518,"助眠,催眠,治愈,asmr,解压,放松,记录,触发音,极度舒适",601914,226,415,10612,993,864,0,0,57622
BV14dtJz9Eux,114975855083824,1,21,2082,日常,社会资讯,http://i2.hdslb.com/bfs/archive/8ee5868cdfa8e977cf8650e1b1262d8d227f261b.jpg,女生晒旅行合影 被盗图造谣“6姐妹征婚彩礼10万”  法院判了！,1754392517,178,433587902,央视频,https://i2.hdslb.com/bfs/face/2650856709fe272aa5cf9c89a053c095d7b252e4.jpg,3995397,"今日说法,网络,盗图,造谣,征婚",351719,1637,2833,2100,2651,675,0,0,37170
BV1Gk4ozNEgw,114977767690229,1,17,2078,单机游戏,沙盒类,http://i1.hdslb.com/bfs/archive/a008f5a3086ef1cc84e1cfdf80a922ebf79d58e6.jpg,MC速通排位周赛中国第一，世界第一,1754451900,344,1045083807,夏末ys,https://i0.hdslb.com/bfs/face/aede9231cd62818d6edb3ff740a5e0ec58b35f6b.jpg,118997,"MC,我的世界,我的世界速通,推荐宝藏游戏",193543,871,807,1176,918,261,0,0,17256
BV1xxtvz8E4V,114985871087702,1,172,2079,手机游戏,其他游戏,http://i0.hdslb.com/bfs/archive/8b21a4e5cff3eeb2f33492a7c215a7476b49e747.jpg,逆天！怒冲100000元！成功霸服小程序【晴空双子】！,1754548309,622,75547577,下头男小柏,https://i2.hdslb.com/bfs/face/4b481c5492f67faa3fb07f7b6e013e39723198cc.jpg,2233985,"手机游戏,氪金,小程序,爆氪,晴空双子,整点电子榨菜",71090,117,141,2823,2579,1838,0,0,6937
BV17WtPzhE4r,114981760732683,1,47,2037,同人·手书,同人动画,http://i1.hdslb.com/bfs/archive/63eadebfa5bb52b4f2632f87cb23d53c9710c252.jpg,调酒师凯亚动画 （放弃了）,1754482686,39,474474920,melt-s,https://i2.hdslb.com/bfs/face/1aabde93fe90977de9f866f1ceaa63b6aea7fe74.jpg,114956,"动画,凯亚",232284,100,460,14639,7221,2006,0,0,79304
BV1TzhuziEeF,114962886298293,1,138,2020,搞笑,翻唱,http://i2.hdslb.com/bfs/archive/edb678664371c8e6adab8253dfe537665dc051b4.jpg,oh～一个劲的叭叭～,1754194669,17,477676711,田一名sir,https://i1.hdslb.com/bfs/face/4e30dae85d2e529924322aa328b20ee0e98427e1.jpg,1644308,"音乐,翻唱,美美桑内,翻唱的N种打开方式",602781,691,3917,2339,1171,9497,0,0,42260
BV1fJhpzdEM3,114954564800356,1,137,2014,明星综合,娱乐综艺正片,http://i1.hdslb.com/bfs/archive/abd1d862ed4b2aaecae4e2fd8447694186f04fb8.jpg,【TF家族练习生】《肆意少年-突围》EP04,1754068546,5524,3670216,TF家族,https://i1.hdslb.com/bfs/face/1c74336b9060d40d0ccf5e8bce7c0de34526b1e3.jpg,6943471,"TF家族练习生,肆意少年突围",1738003,441540,8829,16048,6260,1478,0,0,54346
BV1jttPzZENd,114981643288979,1,138,2207,搞笑,随拍·综合,http://i2.hdslb.com/bfs/archive/5964c888a225e740ee8ec41507d29d8afadd9f1b.jpg,揭秘！顶级up主是怎么制作商业化视频的,1754484123,350,10820826,小余皮得一,https://i0.hdslb.com/bfs/face/76609afcba8e4108d2a6b943637d7a2e4f55cbdf.jpg,284325,"黑色幽默,原创,搞笑,搞笑小剧场,AI眼镜,拍摄眼镜,皮得一宇宙,雷鸟V3,雷鸟,抽象",135230,662,307,611,1485,117,0,0,6858
BV1pSt3zdE1g,114970368939761,1,65,2071,网络游戏,射击游戏,http://i0.hdslb.com/bfs/archive/3faac1cb455ff786ff3e9d4634995b0a23ceb543.jpg,今天咱就踏平航天！要么被航天踏平.....,1754309119,352,532249763,永远妖妖-三角洲行动,https://i2.hdslb.com/bfs/face/534ad488a182cfb90ecb6afa72432d8ebc3f6f71.jpg,70099,"三角洲行动,永远妖妖",317768,423,449,4030,551,86,0,0,29806
BV1iQhxzaE8o,114956477468438,1,21,2152,日常,美食记录,http://i1.hdslb.com/bfs/archive/52695bd786c1cfcda9f61bebae30c1f442e240c0.jpg,今晚只喝一杯白开水,1754105400,139,3493282535442944,毛石富,https://i2.hdslb.com/bfs/face/030cc6992babce66eedc5b1174418b114660e826.jpg,340417,"高吃商女友,毛石的情侣异常,你快别来捣乱了",1140439,486,103,11017,532,32,0,0,18347
BV1MzhnzKEC7,114953457566174,1,138,2154,搞笑,剧情演绎,http://i0.hdslb.com/bfs/archive/f825630190f01a35829b5262a0a0d1d79b4d9b76.jpg,你偷偷跑我闺蜜家干嘛去了？,1754050846,254,10820826,小余皮得一,https://i0.hdslb.com/bfs/face/76609afcba8e4108d2a6b943637d7a2e4f55cbdf.jpg,284325,"原创,情侣,黑色幽默,搞笑,搞笑小剧场,皮得一宇宙,凯见孙琳,抽象",734563,1181,547,4066,3870,991,0,0,35191
BV1ZLtFzJEmS,114980116497919,1,172,2064,手机游戏,单人RPG游戏,http://i2.hdslb.com/bfs/archive/d22af3e5436998d668674805805b98d46ba18c37.jpg,三船光平么？不错的对手,1754458126,35,3601939,JP是只熊,https://i1.hdslb.com/bfs/face/5e9154f137f43c1acc7f138bea493cda7d58f6fe.jpg,184531,"八保舟,赤冬,三船光平,整活,泰拉探索协会,明日方舟创作者应援计划",186906,37,431,994,607,630,0,0,11879
BV1L6hJz1EUr,114952283098945,1,172,2064,手机游戏,单人RPG游戏,http://i1.hdslb.com/bfs/archive/6810d85608746f3ab75e6d692dcbe75fa07dabe1.jpg,《蔚蓝档案》特别PV【清辉遍洒，她的独奏曲】,1754190000,110,3493265644980448,蔚蓝档案,https://i1.hdslb.com/bfs/face/f2635e09fe667d4ad29229c6ed0b5f4bdea09bd1.jpg,2879611,"蔚蓝档案,蔚蓝档案二周年,日奈",982590,23342,2780,26956,25194,6761,0,0,69907
BV1LUtqzpEvu,114986256960162,1,47,2037,同人·手书,同人动画,http://i1.hdslb.com/bfs/archive/499492cbd4da423b56653c467ac53da6d686c3c6.jpg,【第291集】这份家业可不是咱们的，是永青侯的。,1754557846,358,1263688319,布墨迹动画,https://i2.hdslb.com/bfs/face/cd8158f49224e07300b0345f6cfcc1be1cba196b.jpg,217471,"搞笑动画,原创动画,穿越大明",122390,318,440,1325,3143,38,0,0,9336
BV1CDtizwEh7,114986827386142,1,137,2014,明星综合,娱乐综艺正片,http://i2.hdslb.com/bfs/archive/58654f59ec2135747387ad1ba5d1ebe2b8c27da6.jpg,ENGENE童子军 2: ENGENE童子军的教科书(?) | ENHYPEN 'EN-O'CLOCK' EP118,1754568000,1559,3493119035181246,ENHYPEN,https://i0.hdslb.com/bfs/face/8e38c54b7b0478747ac599ebebb423ecd4e0d9fd.jpg,672428,"ENHYPEN,EN-O'CLOCK",35705,6521,598,815,744,163,0,0,2848
BV1DptjzSEHw,114973892288403,1,182,2001,影视杂谈,影视解读,http://i2.hdslb.com/bfs/archive/05cae39fd146f438285f8f056b6d645e384002f0.jpg,2025年韩国第一神剧？男生考公失败持枪血洗教室！60分钟完整解说+深度解析《枪口彼端》,1754362581,3246,69221252,小侠夜班车,https://i2.hdslb.com/bfs/face/398dad0b1c910307efe9a1e163a7aef500116e87.jpg,1084483,"解说,韩剧,韩国,影评杂谈,枪口彼端,深度解析,万字拉片大赛",1324815,14260,2827,15031,2460,1982,0,0,38972
BV1m3hPzJE3z,114959967067679,1,17,2079,单机游戏,其他游戏,http://i1.hdslb.com/bfs/archive/44952ca86cf2d84ee4fd5a4215feaf7acb91f3c3.jpg,若成仙要30条人命，那只杀1人便可大富大贵，是否划算？【乌合之众】,1754150137,2060,25151282,弗兰力,https://i2.hdslb.com/bfs/face/1abe8d6eca244477cce30bb3758ed29f6e6e235d.jpg,1291862,"搞笑,游戏实况,悬疑,剧情,乌合之众,整点电子榨菜",2044896,1771,994,56072,12107,720,0,62,75102
BV1u7hhzcEpV,114958205457438,1,250,2158,出行,旅游记录,http://i0.hdslb.com/bfs/archive/848e85877cb15154d2514018e5a8a717d5519e39.jpg,高中生挑战600元富游香港,1754123683,729,3546874103466188,泽-在路上,https://i2.hdslb.com/bfs/face/1a39846b536a40b795518fb82ff9f57714ae91e7.jpg,10833,"香港,生活记录,高中生,记录,挑战",323069,1374,1878,4904,2038,2348,0,0,25604
BV1zrtvzJE8Q,114985502052943,1,207,2180,财经商业,养生,http://i2.hdslb.com/bfs/archive/72bdd51621223cd5676e97ffe792f331a72fe32e.jpg,养生水卖的不是水，是年轻人的焦虑解药【阿Test正经比比】,1754555400,607,434376696,阿Test正经比比,https://i0.hdslb.com/bfs/face/03be247c1cbd0fc5b85ba35d59e733f3297435c7.jpg,2475710,"科普,饮料,知识,健康,养生水,智商税,消费,养生,商业财经,青年用「财」图鉴",112591,449,133,1288,681,401,0,0,3313
BV1vbtLzdENB,114972264762500,1,47,2046,同人·手书,网文解读,http://i2.hdslb.com/bfs/archive/8174f378c03b5a652d3590f86f0c850158b83665.jpg,超常魔王1-3穿越游戏世界 我竟然是新手村BOSS,1754352000,1073,3546905625758527,烤鸭动画,https://i1.hdslb.com/bfs/face/7de710c61f2345b4f94ed431e941cb94ec574659.jpg,9113,"穿越,电视剧,小说,影视剪辑,原创动画,BOSS,原创,新手村,异世界,爽文",299508,1444,205,9651,633,87,0,0,24692
BV1yptJzjEGq,114974278030003,1,172,2079,手机游戏,其他游戏,http://i2.hdslb.com/bfs/archive/ad3092a74cffe27b6b3ae6635b950f53e73a118f.jpg,朋友推荐我玩FGO，我是不是得罪人了？【FGO九周年】,1754373600,561,1910020454,谁不重要i,https://i2.hdslb.com/bfs/face/d062d8c6efd378f88e106cdfb55d8b3d5cda8d01.jpg,1286180,"FATE,FGO,fate,希耶尔,兽艾蕾,命运-冠位指定创作者激励计划 第三期,fgo,GrandOrder,泳装从者,FGO9周年庆",450992,10080,2427,3403,1890,876,0,0,35835
BV1pmh8zDEHg,114958524226775,1,218,2167,喵星人,猫,http://i1.hdslb.com/bfs/archive/0d09d20b68d9965ca86646d4725cc344a3ba96fe.jpg,为什么它被称为“邪恶银渐层”?,1754135400,83,3546873832933955,瞄知道,https://i2.hdslb.com/bfs/face/1746916d848d22a6c046987264fe119ff9c1f0e2.jpg,11826,"喵星人,铲屎官,猫咪冷知识,好猫,英短,银渐层,新手养猫,养猫人,动物圈新星up主扶持计划,邪恶银渐层",948050,455,1680,5021,634,5470,0,0,36122
BV1uRhJzKEjE,114952064994893,1,21,2083,日常,综合资讯,http://i0.hdslb.com/bfs/archive/8a843bed81e3ae1f33e9c25785f321b3960c1b5f.jpg,我的新书发布。关于真相，关于改变，关于我,1754029501,99,3546705693772503,EvanKail埃文凯尔,https://i0.hdslb.com/bfs/face/c57feb99919a5f26ec6ebd876ad5cf0f5acee0a3.jpg,1360792,"读书,学习,真相,新书",293916,630,860,6704,13930,271,0,0,98054
BV1d6hbziEWh,114957114939663,1,215,2152,美食记录,美食记录,http://i0.hdslb.com/bfs/archive/ce454d1b85bc86ea2053fe9d29aad85c343f8c53.jpg,工地一人食，3元一斤凉面吃撑了，睡地上休息,1754106560,296,487215770,农民工川哥,https://i2.hdslb.com/bfs/face/3d05653d4b7cdabc08e7c464cc36ec3bc26284cf.jpg,964375,"生活记录,美食,记录我的美食日常,美食记录,凉面,工地,农民工,Vlog",698401,978,1026,1565,4049,306,0,0,27140
BV1gStMzFEUW,114968389294910,1,212,2150,美食侦探,美食探店,http://i1.hdslb.com/bfs/archive/33a21db8a8db6036a50f55951b26e84ed49375fc.jpg,邯郸.特色小吃 厨子探店¥34,1754278947,229,544336675,真探唐仁杰,https://i1.hdslb.com/bfs/face/f82b7cb6e6b9e2351bb201f668af10b66b4d0d5c.jpg,4447262,舌尖真探事务所,1073048,736,1612,5419,2111,2295,0,0,109414
BV1UMtJzdEXQ,114974227696183,1,47,2037,同人·手书,同人动画,http://i2.hdslb.com/bfs/archive/024d6614e8ec898d3cae43bd9fb134ff43e088f3.jpg,全宗降智我不做人一口气看完大结局,1754369327,10433,3546639987903102,蝎紫蝎,https://i0.hdslb.com/bfs/face/fd36b6a0c34f82acbd8321d2d52bcc7e377fe2a3.jpg,128207,"原创动画,二次元,一口气看完,修仙动画",106890,1874,280,5765,2186,175,0,0,5679
BV1gGhhzeE6i,114958255784274,1,47,2037,同人·手书,同人动画,http://i1.hdslb.com/bfs/archive/ca7a4372c8f9878102ac3758a56868c71e5f27a0.jpg,15岁自学动画爆肝5个月，尝试手绘动画二创《越狱兔 第六季》,1754131200,262,1585678426,叫南瓜皮的我,https://i1.hdslb.com/bfs/face/d1241d8de7784fdc5d090f6439690673a2634134.jpg,41541,"动画,学生作品,手绘动画,越狱兔,同人,童年回忆,自制动画,爆肝",2321990,2248,4317,71749,143025,8696,0,7,270301
BV1L4hnz5Evj,114951712741227,1,216,2063,鬼畜剧场,鬼畜综合,http://i1.hdslb.com/bfs/archive/d90cb97a58d8ab5fba247932c43d4b6a886008ff.jpg,真·出生之家（25）旺仔小乔夺舍记 上集,1754024128,386,8034163,浅澄月,https://i1.hdslb.com/bfs/face/28abe5c53184c2705c3c29784733847e930d4487.jpg,1329354,"全明星,搞笑,鬼畜,旺仔小乔,出生之家,真出生之家,抽象,恶搞之家,孙笑川,黄绿合战10th-黄队应援",1697150,2464,2667,21588,8446,11103,0,0,97773
BV1CChEz9EV2,114950756371804,1,215,2149,美食记录,美食制作,http://i1.hdslb.com/bfs/archive/0ab219ef54d6b0a339e351bcda957676dd3944dd.jpg,上海人家的晚餐,1754009574,358,635094122,眼镜蛇1876,https://i2.hdslb.com/bfs/face/966eabd3a259db9f4180cdd6e8373c7f5d607863.jpg,47763,"生活记录,厨艺,游戏实况,美食制作,上海,学习,晚餐,Vlog,原神",237858,211,312,1621,1107,484,0,0,12313
BV1hotcz3EnF,114981223862419,1,21,2079,日常,其他游戏,http://i1.hdslb.com/bfs/archive/4a4c469b97b1ae6e1cabeb174c00536bcfbcae80.jpg,《 谁 的 爱 情 专 属 权 ？》,1754477606,151,363932468,职业逃跑,https://i2.hdslb.com/bfs/face/7c61e38a9e54cadf6844eed043ff324c3985d61e.jpg,498940,"单机游戏,搞笑,田一名,抽象,爱情专属权,推荐宝藏游戏",498400,1841,2003,5135,583,7883,0,0,32442
BV15XtNz8EMQ,114983136398409,1,172,2064,手机游戏,单人RPG游戏,http://i0.hdslb.com/bfs/archive/d5fd8351285e72cdda2b35399a119dd988ce66f5.jpg,看清楚了，我只示范一次，纯物理队的崛起！,1754528400,117,399287638,小弑弑,https://i1.hdslb.com/bfs/face/407db2c30d29cd22191f16e5f20c6be86a69446e.jpg,79275,"手机游戏,黑简,浮波柚叶,ZZZ CHOICE,绝区零爱丽丝二创,简,爱丽丝,操作,动作游戏,绝区零",111725,328,299,990,764,453,0,0,9190
BV1FXtnz1EHQ,114975234331807,1,193,2017,MV,MV,http://i1.hdslb.com/bfs/archive/fb791e6ac351bab4fa4cc986a8abb25531ace634.jpg,《Lose Control》,1754392500,227,26728081,云上汤姆喵,https://i1.hdslb.com/bfs/face/79b6302df02eedc689722a7d0f39acbd3bf2efa1.jpg,142676,"音乐分享官,硬核,搞笑视频,童年回忆,动画短片,猫和老鼠,音乐MV,高燃,Lose Control",96095,125,213,4283,1102,147,0,0,6919
BV1Kbtjz1EiS,114974093478797,1,241,2154,娱乐杂谈,剧情演绎,http://i0.hdslb.com/bfs/archive/64ee87d46a233e639778b72f5a3e49290815f9f8.jpg,曹操忠臣时VS曹操魏王时,1754365652,41,688489329,混饭达人,https://i0.hdslb.com/bfs/face/e2f6eb40c717fcbe845078b9a5d8f0a08c77baba.jpg,619899,"娱乐,历史,曹操",320915,95,702,5169,1004,1858,0,0,42839
BV15mtvzLEHv,114985434876879,1,228,2087,人文历史,商业财经,http://i1.hdslb.com/bfs/archive/d05307cbda1ca047d3c6dc4365b7c61a297f681d.jpg,全球四分之一罐头中国生产，西方爱吃的罐头，为啥中国人自己不吃？,1754560800,746,11684621,太阳星sunstar,https://i2.hdslb.com/bfs/face/edcd0f2f12cedf723c9e5c18c5f824ecd4c50f9c.jpg,3064990,"知识,薇姿绿标,京东超市黑色期五,罐头,速食,太阳星,薇姿洗发水,万物研究所",204278,1424,1222,1976,889,85,0,0,13934
BV1MxtjzmEje,114974059923130,1,215,2152,美食记录,美食记录,http://i0.hdslb.com/bfs/archive/2a891c29d7f72da2c23f26a9f329e2d2f77fff20.jpg,一场铁板与美食的碰撞,1754365466,157,1983705001,明天谁做东,https://i1.hdslb.com/bfs/face/5b2465cc10918e1b6c0683a192d53716294a31d8.jpg,608902,"美食,办公室,铁板",1582973,232,285,3728,943,479,0,0,65320
BV1R8twzmEcn,114981056026393,1,251,2152,三农,美食记录,http://i1.hdslb.com/bfs/archive/b92891c294b57c88994a52aa121d027bd67f3c0c.jpg,今天盒子有点大了,1754471988,1119,92489589,小李在改变1,https://i0.hdslb.com/bfs/face/71ffa7ce1214a36cc756020a1c40280e2c38cc73.jpg,121350,"街头美食,生活记录,Vlog",300206,1377,1230,1450,3810,307,0,0,20893
BV1JitGzsE7f,114969932794676,1,162,2055,绘画,二次元绘画,http://i0.hdslb.com/bfs/archive/2af7bf5c7226fb0e13ae378bc7cff9e53836bea2.jpg,如何画阿咬,1754302063,101,1046728747,ArmageddON-ies,https://i1.hdslb.com/bfs/face/64497e7feae49c89782e239da31ff614945ade41.jpg,575,"手绘,绘画,明日方舟",343508,173,603,5199,1288,3046,0,0,39947
BV1KYtEzDEqX,114974814897408,1,182,2008,影视杂谈,影视综合,http://i1.hdslb.com/bfs/archive/fa651735f6829c573e01b9405012de487cbf8a06.jpg,因中国票房不佳，漫威改变策略！《蜘蛛侠4》全新照片曝光！鹰眼格鲁特回归,1754380800,643,39777637,超英队长,https://i1.hdslb.com/bfs/face/d93c0a76f9bcfe6f9f4f350ae486d4c5f185aaf9.jpg,338080,"超级英雄,鹰眼,蜘蛛侠,电影,漫威,荷兰弟,超英队长,黑豹,格鲁特,影视IP观察室",395235,2564,1944,1655,532,353,0,0,11983
BV1p8tczfESY,114981441902059,1,171,2071,电子竞技,射击游戏,http://i0.hdslb.com/bfs/archive/86f973d36c88f2b9ec4f354a86df3838e0a96707.jpg,【莱昂凯】水友给我说绿龙的“马西西”借他皮肤不还，其实事情真相是这样的,1754477938,277,107873360,莱昂凯shyeark,https://i2.hdslb.com/bfs/face/58769a500f3a89de34c4fe78eb38dd0f2e5a6b60.jpg,420293,"电子竞技,CS2,职业选手,莱昂凯,TEAMSPIRIT",455924,458,1443,994,1002,988,0,0,20280
BV1SVtcz6E8r,114979546140185,1,76,2149,美食制作,美食制作,http://i0.hdslb.com/bfs/archive/b10305d0e734bd589d0d8fbd579a9021c100188b.jpg,看了这个你还出去吃吗？！,1754453160,230,270105105,赖皮猴爱美食,https://i0.hdslb.com/bfs/face/fa7a39f18a4f89c48a37dc06bd450dac77b7242d.jpg,2301404,"美食制作,糖醋鸡架,淘宝闪购,淘宝闪购请你喝秋天第一杯,淘宝闪购请你吃秋天第一顿,鸡架,炸鸡,炸鸡架,QQ鸡架,秋天的第一杯奶茶",343447,302,303,3480,1881,367,0,0,18379
BV1dktgzrE52,114969228088346,1,172,2073,手机游戏,动作竞技游戏,http://i1.hdslb.com/bfs/archive/d384e8f4db2862d8a8b4539dce4f337a8dc6e14b.jpg,【萌黄速报】9月高招S波风水门[九喇嘛连结]，侠隐新忍揭晓！,1754291292,139,441897078,火影忍者手游情报君,https://i0.hdslb.com/bfs/face/3c975d44586143dd0eb4b121a3437bc8cc696610.jpg,2668402,"火影忍者,格斗游戏,火影忍者手游,火影手游",2239762,13575,14119,15920,5311,49702,0,68,89752
BV1YutczVEZh,114979596408477,1,76,2149,美食制作,美食制作,http://i0.hdslb.com/bfs/archive/334658e1d5f2fa9cd827adcea0b2e9512b9bd5a4.jpg,这不是AI！ 是校长的早餐,1754449659,263,527057981,叶子吖OHYEZI,https://i2.hdslb.com/bfs/face/82c35a353cca3da4b85499a8033871da60b1bb02.jpg,1315019,"手工,美食制作,搞笑,吃货,AI,记录我的美食日常,校长,翻车",1060591,441,333,18543,3236,208,0,0,41010
BV1YxtnzPEtx,114975469279484,1,17,2064,单机游戏,单人RPG游戏,http://i0.hdslb.com/bfs/archive/c52ca5c76c7f8bf61b04c7227dc697ee5abcae61.jpg,兄弟们嘉维尔怎么样？兄弟们嘉维尔怎么样？兄弟们嘉维尔怎么样？兄弟们嘉维尔怎么样？兄弟们嘉维尔怎么样？,1754386719,135,626916563,逆光朝阳,https://i2.hdslb.com/bfs/face/de4bf95160751013cd7cbab3550cedc40e1a8ee0.jpg,6421,"抽卡,策略游戏,二次元,明日方舟,小登,朝阳逆光,斩业星熊,夏活,墟,明日方舟创作者应援计划",158992,332,945,634,5725,98,0,0,14698
BV1iktGznEXL,114969865751458,1,171,2068,电子竞技,回合制策略游戏,http://i0.hdslb.com/bfs/archive/a78adb872171ec523966d4f68181c1291b0e0ea4.jpg,一期看完铲铲S15开服必学12套阵容【云顶之弈】【金铲铲之战】,1754362800,191,18343134,林小北Lindo,https://i0.hdslb.com/bfs/face/fc093c1e6784b5f51e4697c739fe70e519ba36f7.jpg,1852368,"电子竞技,云顶之弈,云顶阵容教学,金铲铲之战,云顶之弈激励计划,云顶s15,云顶之弈s15,天下无双格斗大赛,云顶s15上线,林小北",491942,133,1128,6185,1512,1845,0,0,9792
BV1aZtAzEEJ7,114981978838128,1,157,2111,美妆护肤,美妆,http://i2.hdslb.com/bfs/archive/5185b655b6606fb7de051e0a97982ebfbaf27ae6.jpg,新手封印！从此刻开始松动！！帧级全妆教程！！,1754486828,1270,3546638228392297,龙宝b站版,https://i1.hdslb.com/bfs/face/431e020420783096e0c539e7640d81a7cdcf3725.jpg,81395,"化妆,美妆教程,新手",29111,51,105,6096,837,195,0,0,3735
BV1v2tAzdEi9,114982431821073,1,47,2037,同人·手书,同人动画,http://i2.hdslb.com/bfs/archive/142f0a69ef8bbb5c3c81aec305ea509785893ae0.jpg,第33集，紫金牛种诡观：是人是诡都在演，李十五计高一筹,1754521200,335,3546683629636415,奇遇紫金牛,https://i2.hdslb.com/bfs/face/1c3eaa203d968d5f6142cb70bc60a5aa3d9cc320.jpg,112405,"动画,沙雕修仙动画,沙雕,剧情动画,烧脑动画,悬疑动画,诡异动画,规则怪谈",81472,103,199,2041,1314,61,0,0,8913
BV1FztGzWEGc,114969832265002,1,76,2152,美食制作,美食记录,http://i2.hdslb.com/bfs/archive/6499bd3c88a9391d7b75e4a317bca747fed93a09.jpg,这才是正儿八经烤羊腿！生活不就是靠这些美食小碎片聚集而成的吗？列气！,1754300621,344,3461567196694763,队长0527,https://i2.hdslb.com/bfs/face/aab34fc302ea7c169ea07074beaa89de2e96e8c7.jpg,808699,"烧烤,吃货,治愈,美食,生活,夏天,冰镇啤酒烧烤,人间烟火,Vlog,B站超高清视频计划",588825,14572,867,4886,2240,1005,0,0,47499
BV1WNhEzDEby,114950840325548,1,162,2055,绘画,二次元绘画,http://i2.hdslb.com/bfs/archive/4a7c64e233dbc773b92eb601ed3f80ca32f2f748.jpg,画中画 | “我听说...”,1754010828,83,613700695,一帧画中画,https://i1.hdslb.com/bfs/face/a2bf2ff75bd5bbc058ee69f6757e31532a30ca4a.jpg,21247,"画师激励计划,谣言,眼睛,反网暴,网暴,拒绝传谣",1438075,718,2042,51091,54324,3369,0,46,254083
BV1SGtgzAEh8,114969295324730,1,171,2070,电子竞技,MOBA游戏,http://i1.hdslb.com/bfs/archive/10e170777b577b3379926d611ed071e7a128534e.jpg,学会四天上荣耀！顶级猴子打刘备思路教学！,1754292389,455,18909338,奥特曼zz国一刘备凯,https://i2.hdslb.com/bfs/face/c5e62cfe9d8b0ec7fcba4574fcf4e352d14f4b39.jpg,373776,"孙悟空,王者荣耀,王者荣耀夏日盛典,奥特曼zz,刘备猴子,猴子刘备,猴子打刘备,MOBA,王者荣耀猴子,猴子教学",1127485,529,269,8313,3443,74,0,0,33727
BV1nVt3zHEWo,114968892677678,1,21,2073,日常,动作竞技游戏,http://i1.hdslb.com/bfs/archive/d17805255833679d5a59c6a2d427bb35cccdc643.jpg,建模和特效都拉满的一集！孽蜥二限【异形】测评！,1754286314,335,3546617372215964,你的阿布额哦,https://i2.hdslb.com/bfs/face/d49370c56bb37e26ad23eb3e0364c849c7e95149.webp,3024,"异形,特效,战争,第五人格,竞技游戏,动作游戏,游戏测评,教程攻略,必剪创作,第五人格庄园纳凉夜",687056,434,1267,2603,504,2448,0,0,25942
BV1AF4ZzXEvN,114977566363462,1,21,2154,日常,剧情演绎,http://i2.hdslb.com/bfs/archive/b64969902e5a7db79c9d9f6a675ffa74ca6a2921.jpg,我叫水牛,1754419156,150,3546899950864647,我要睡觉-1589,https://i0.hdslb.com/bfs/face/2549d9d42ff0324b76d6e7e21eb44e1bcc9df315.jpg,220707,"生活记录,动物,牛",932148,369,491,17816,2449,423,0,0,46997
BV1Eft3zSEYs,114970603820875,1,21,2064,日常,单人RPG游戏,http://i0.hdslb.com/bfs/archive/65f4bc8cf81fe7a18c25f987e34d816cc4d6c692.jpg,【崩铁整活】来古士：设备中毒！毕设开始对我哈气了怎么办！！,1754312523,189,193601736,没吃药的烦烦,https://i0.hdslb.com/bfs/face/7dbd81e751295aeb7772d628381172098a10b0c1.jpg,488541,"搞笑,白厄,崩坏：星穹铁道创作者激励计划,因为太阳将要毁伤,那个女人,整活,必剪创作",699414,612,542,11212,2223,962,0,0,65200
BV1ZvtJzMEhp,114976022926361,1,138,2154,搞笑,剧情演绎,http://i2.hdslb.com/bfs/archive/e0f8f081f90c5a0fa46aa8954ed46670ce55c5f9.jpg,又是被霸总宠溺的一天,1754394960,94,1037667482,深情航仔很深情,https://i2.hdslb.com/bfs/face/625118dfd0ea36dc5ca8cb47fadc598cb42a6a1b.jpg,166086,"搞笑小剧场,阔夫日记",413020,134,227,509,803,609,0,0,29765
BV1iGtEzNExs,114975116954861,1,215,2152,美食记录,美食记录,http://i1.hdslb.com/bfs/archive/b5deb95341dcd137f8621d4f07ef0ea651e77855.jpg,在西班牙邪修娃哈哈炖肉给老外吃,1754560800,287,1984198637,西班牙陈挺,https://i2.hdslb.com/bfs/face/80a8d4d675bf87beba65d8b2af8f8beb63c6b641.jpg,2254117,"西班牙,馋哭老外,记录我的美食日常",282760,990,771,980,867,253,0,0,25538
BV1u6tPzSEWG,114981777509485,1,138,2185,搞笑,家庭关系,http://i2.hdslb.com/bfs/archive/cb0a1aec2ca2348d22a07b2e3fca9e6aeb0b0fa9.jpg,我妈的字典里没有忍气吞声,1754482863,82,1705432440,皮皮在农村阿,https://i0.hdslb.com/bfs/face/25476e080c1ebd06546795eaa937163fcab3c98d.jpg,577006,"生活记录,家庭,高能,东北话,妈妈,敬自己敬余生,活出自己,东北妈妈,敬自己一杯,随手记录我的生活碎片",1170920,699,1867,8167,15158,1521,0,83,167672
BV13JtjzQE3v,114973858596407,1,130,2024,音乐综合,电台·歌单,http://i0.hdslb.com/bfs/archive/d2953d58b692e218813cc87b697126b8f6cd5d59.jpg,《灵笼》第二季片尾曲「第一推动力」百万级录音棚试听,1754384400,210,3493082817366845,JLRS-jayfm,https://i2.hdslb.com/bfs/face/0da24ae60a20f0f00855a534678864d095d0e900.jpg,2013423,"电台,片尾曲,动画,第一推动力,灵笼2,录音棚,第二季,王啸坤,灵笼,电台新星征集令",181425,325,1012,6119,3496,687,0,0,11270
BV1TCh3zrEdf,114963876151658,1,65,2066,网络游戏,单机主机类游戏,http://i1.hdslb.com/bfs/archive/f642d36ef935f8f07ed763a1a632f9b83881b01e.jpg,这游戏真废嗓哇,1754209676,131,3546388231097029,菜三千,https://i1.hdslb.com/bfs/face/6783c763e8e3b331eb355041daca98cd608f80a2.jpg,93678,"生存游戏,搞笑,娱乐,联机游戏,休闲,沙雕,多人游戏,竞技游戏,休闲益智,推荐宝藏游戏",1094572,1070,1477,39731,5266,35215,0,49,142435
BV1r3huzREtf,114963121242580,1,172,2071,手机游戏,射击游戏,http://i1.hdslb.com/bfs/archive/7f91f8cc902b89d5da98d593155bce24dcb42769.jpg,全网最详细<三角洲 全boss容器 排行推荐>萌新必看！！！,1754217600,1087,3546872664820321,三角洲代肝-老鱼,https://i1.hdslb.com/bfs/face/0a361fe431adbdc7d0d2478f263195ac992bbe39.jpg,35054,"BOSS,技巧,FPS,三角洲行动,三角洲行动攻略,教程攻略,新手,三角洲,容器,全网",1382864,2683,818,51049,3212,809,0,74,54466
BV1Tjtgz8EjT,114969513297392,1,242,2009,娱乐粉丝创作,娱乐评论,http://i1.hdslb.com/bfs/archive/d7954f94897b659e6f2834bb9c0e092c2b6c8d06.jpg,传奇热搜王赵露思 内娱彻底癫了,1754298033,514,3546781006694901,我真的玉玉症了,https://i0.hdslb.com/bfs/face/cc515923daf9a49fba6031c54e09bca8a073935d.jpg,303879,"同诗剃须刀,赵露思,娱乐吃瓜大会",945946,3278,2587,6786,4382,1719,0,0,39329
BV1aShJzzEnu,114951846954214,1,22,2207,鬼畜调教,随拍·综合,http://i1.hdslb.com/bfs/archive/3b962a18f52a065607d309ce251b8f2726a557e0.jpg,哈 基 吉,1754026291,21,1502400928,论爪弹这块,https://i1.hdslb.com/bfs/face/f9610ae08778f5724f7aedaf22abc15100f95d05.jpg,9360,"JOJO的奇妙冒险,吉良吉影,生草,名场面,自我介绍,不灭钻石,胖重",969905,28255,6749,54719,10206,57391,0,0,164041
BV1vWh8zTEV4,114958792661031,1,257,2044,配音,动画配音,http://i1.hdslb.com/bfs/archive/c449671c5afe912192f10c1ff331aa82901dec4e.jpg,女生自学日语配音练习：Dio vs 承太郎,1754132039,131,3546737601940061,CC的啦啦啦,https://i2.hdslb.com/bfs/face/6d0e2f5b4cc5c00bf4962146d268eab93e838220.jpg,67254,"日语,练习,JOJO的奇妙冒险,DIO,空条承太郎,日语配音,配音,配音练习,日配",818686,625,1460,12147,2439,3590,0,0,93310
BV1a5tAzmEot,114982448534598,1,227,2108,购车攻略,汽车生活,http://i2.hdslb.com/bfs/archive/de614fce113ef6ad3e5cd9c60460909689b3ab20.jpg,全面大换代！小鹏全新P7预售保姆级导购教程,1754493210,341,284260451,懂车兄阿森,https://i2.hdslb.com/bfs/face/cc544288917fcaf60c479883c18216269e5e07f4.jpg,326699,"汽车,教程,新能源汽车,小鹏,保姆级",205755,836,1757,522,845,1095,0,0,8825
BV127tJzSEcc,114974328362340,1,182,2001,影视杂谈,影视解读,http://i0.hdslb.com/bfs/archive/c9ba57067854a605ba3d7dc0c3973930c71c4c1e.jpg,【万字拆解】血腥实验，杀戮元年！《人类清除计划4》第一届清除夜，人命换数据，小岛变囚笼，今晚杀人只为做科研~,1754380800,2170,245069296,迷影区间,https://i1.hdslb.com/bfs/face/a4aae4a3495cd589c21ee0d79d684ac82352c62b.jpg,896355,"万字拆解,若也洗发液,MAGA,人类清除计划4,杀戮元年,The First Purge,万字拉片大赛",488831,4392,458,5976,4074,302,0,0,18755
BV1SBtwzGEHw,114980972134767,1,208,2096,校园学习,AI学习,http://i2.hdslb.com/bfs/archive/3c66bcd6cdbd771cc3fd6e2bd3949164156cddaf.jpg,网络热门AI鉴定17【Git源宝】,1754470820,183,38061207,Git源宝,https://i0.hdslb.com/bfs/face/6c594817691a12697888c7eb17b3147c2bfcf27b.jpg,1039934,"科普,人工智能,AI,教程,Git源宝,赛博吟诗,东方明珠,网络热门,蜜雪冰城,AI IN ALL！",357667,419,323,7105,3444,389,0,0,13074
BV1sstczAEtR,114979629958608,1,228,2089,人文历史,时政解读,http://i0.hdslb.com/bfs/archive/3af2f18ff2f305f2c65f4dc545d372736e017bcd.jpg,“我才是退群王！”退而不滚？印度为啥成了国际外交界狗皮膏药？,1754474400,927,316627722,世界见闻录,https://i0.hdslb.com/bfs/face/418ca1ae96680bc7d681a842d730e2057955850f.jpg,1713367,"印度,财经,社会,外交,uwant,不发臭洗地机,友望云朵2.0,国家,经济,国际",798034,2973,1215,5096,2972,388,0,0,39804
BV15EhNzeERL,114959497304618,1,183,2002,影视剪辑,影视剪辑,http://i2.hdslb.com/bfs/archive/2db7dc3f19c22635264b1bc412782ee83515b85c.jpg,以雪王的名义,1754142869,84,350632452,小新JoJo,https://i0.hdslb.com/bfs/face/3166f0aca390842438f32dcedf1beece99ccfa42.jpg,478,"人民的名义,赵德汉,雪王",391134,122,325,1517,627,3138,0,0,23654
BV164h7z2Er5,114951528189625,1,21,2020,日常,翻唱,http://i1.hdslb.com/bfs/archive/dff03aa0cbe9f089393a59cb275ff4bf80550712.jpg,下过雨的夏天傍晚 我都很期待,1754216100,22,3546384428959829,紫颜Music,https://i2.hdslb.com/bfs/face/fbea6765ed7a94bfa2e93b9f7773da5bc1e66e40.jpg,90836,"翻唱,清唱,第一天",936153,510,1040,3938,8917,452,0,0,136428
BV1pFhNz2EUo,114959430189382,1,130,2026,音乐综合,乐评盘点,http://i2.hdslb.com/bfs/archive/64eee508de73a746f6f40cb16a2bb39a3313d811.jpg,8090后当年究竟是吃了多少细糠，才看不上现在的新歌？,1754213400,1173,1021254247,八零九零音乐,https://i1.hdslb.com/bfs/face/b777b5e9ecad31a57a48110abda0bb4e269f115d.jpg,251239,"#8090后,#一代人回忆,#经典老歌",526041,2668,1133,7622,1810,713,0,0,8572
BV1SX4fzKEvb,114980368286987,1,137,2014,明星综合,娱乐综艺正片,http://i2.hdslb.com/bfs/archive/b5b77fb3ba60284d5fcae56c3966a31044a1d934.jpg,【TF家族练习生】《肆意夏令营》EP05,1754478000,2902,3670216,TF家族,https://i1.hdslb.com/bfs/face/1c74336b9060d40d0ccf5e8bce7c0de34526b1e3.jpg,6943471,TF家族练习生,900526,427572,4758,11373,3896,785,0,0,37324
BV14uhLznEdY,114965990084431,1,183,2002,影视剪辑,影视剪辑,http://i2.hdslb.com/bfs/archive/6caabf8c03dec86a7d09ef328b31faa437436afc.jpg,终于有国产剧只用20分钟就拍出了仙凡永别的be美学，她真的用眼神演出了爱而不得的破碎感！！,1754241942,165,1147763911,琴瑟弦弦,https://i1.hdslb.com/bfs/face/8fc0923436addd1a4e1fa6911f45ab5ee2160eb8.jpg,135983,"古装,影视剪辑,电视剧,颜值,杨洋,be美学,赵晴,剪刀手安利大赛,国产剧,演技",353469,1198,2012,1977,2144,1070,0,0,8429
BV17ChgzXE3Q,114964262165943,1,17,2066,单机游戏,单机主机类游戏,http://i1.hdslb.com/bfs/archive/3fb4375d71a7a036a7852841ffa7f6cdf308911b.jpg,当丧尸离你只有一墙之隔，请想尽办法活下去！,1754219600,1682,26240675,与山0v0,https://i2.hdslb.com/bfs/face/1dd429855a968c9d22b8ccc000a7aaabe8dbc201.jpg,4962755,"游戏视频,生存,实况解说,丧尸,单机游戏,僵尸,勇闯死人谷,steam游戏,推荐宝藏游戏",533525,2106,1020,8709,11368,538,0,0,41569
BV1njtPzKEZC,114982045945089,1,47,2037,同人·手书,同人动画,http://i2.hdslb.com/bfs/archive/57d1ba97d3432e49bba022013f2867e2613a1000.jpg,第34集|钓鱼佬穿越修仙世界，差点被古代修士抓去挖矿,1754486830,696,3546666630121940,虾仁李建国,https://i2.hdslb.com/bfs/face/9f12be2fb72f876bb84ab375f7a2fd76ee1fe5fc.jpg,126345,"国产动画,修士,修仙世界",193144,1081,949,3181,13597,221,0,0,21671
BV1AEhPz1EMY,114959950350983,1,183,2006,影视剪辑,AI影视,http://i0.hdslb.com/bfs/archive/c5b658777fe253c4ab0d4cc36fa4b60aebb8296b.jpg,【配音视频】黑金之理想对撞：想得这么理想，注定有物理破坏甜梦一场。。。,1754149898,148,434414734,那个东爷,https://i1.hdslb.com/bfs/face/8a3881ddbac81eeb5b1dc09963a93d600eafa3bd.jpg,58485,"黑金,电影剪辑,影视剪辑,配音,配音视频,理想,AI配音,影视神仙剪刀手",488638,672,634,3763,5422,3967,0,0,29405
BV1DL8BzDE2z,114942032217839,1,28,2017,原创音乐,MV,http://i1.hdslb.com/bfs/archive/1f440db87de1dc1240fe70e01cb1f59bd8397241.jpg,“我们的拼好歌”,1754015400,244,86434237,比巴卜喂,https://i1.hdslb.com/bfs/face/6c6b1e807ffc49660b67a7280b3998b34f18004e.jpg,123130,"音乐分享官,林俊杰,陶喆,周杰伦,方大同,王力宏,混音,remix,拼好歌,华语乐坛",2660700,1464,1318,42897,41262,9398,0,38,151663
BV1PEhPz1E3n,114959950354681,1,256,2039,短片,cosplay,http://i2.hdslb.com/bfs/archive/31fb73707a7866e5f84c65c736bd595667d2a750.jpg,Cos汉尼拔去CJ找食材,1754211600,155,3546666904848576,汉尼扳,https://i0.hdslb.com/bfs/face/34ed1308d18d7f103960aa798d7020e1a10cfd7e.jpg,1752837,"汉尼拔,CJ,荣耀GT,拔叔教你做人,荣耀400,荣耀平板GT2Pro,荣耀平板在CJ现场成电子鸡蛋,CJ漫展",743969,22848,2304,5369,3230,1495,0,0,94070
BV1s4tAzzERm,114982582749979,1,76,2149,美食制作,美食制作,http://i1.hdslb.com/bfs/archive/42bea638cc12763d7d1172ad5034f027f3e1e617.jpg,年年都要贴秋膘，猪肉粉条炖大鱼，炖菜炖肉秘诀全教你，立秋硬菜,1754532000,523,514273130,老东北美食,https://i2.hdslb.com/bfs/face/537957144a295a4109fc071e5b60dfb0a1102546.jpg,1063584,"美食教程,厨艺,家常菜,炖鱼,乱炖,炖肉,大锅菜,东北菜,下饭菜,一饭封神申请出战",39893,270,205,649,517,188,0,0,2762
BV1Yi4RzhESf,114977063111618,1,21,2017,日常,MV,http://i0.hdslb.com/bfs/archive/3279cb4263638d847c42a298c9349a40021e13a6.jpg,“我要怎么说我不爱你”,1754472300,100,3546872622877434,三点半官方,https://i0.hdslb.com/bfs/face/244bb12aaccb5a61212b38dfa32927ad6c6e9a7a.jpg,190274,"萨克斯,无厘头,婚礼,穿越,怎么说我不爱你,遗憾",551942,440,1367,2672,3411,1272,0,0,49024
BV149t7z7Ee6,114975049782858,1,65,2078,网络游戏,沙盒类,http://i0.hdslb.com/bfs/archive/517177310629af5d7a65b958c25dbd3c30857373.jpg,当所有方块变成钻石块，该怎样生存,1754380983,356,35734399,小橙子姐姐解说,https://i1.hdslb.com/bfs/face/7af5ccb8df46b88ff13b172fabbfab94aad5eb28.jpg,2235178,"沙盒游戏,我的世界,生存,minecraft,MC宝藏模组推荐,小橙子姐姐",5256837,8969,481,68745,4819,197,0,10,106405
BV1rvtczxENE,114981391635687,1,21,2112,日常,护肤,http://i0.hdslb.com/bfs/archive/1bbae86b64682bc68608fc46016c26ded8367160.jpg,ASMR｜晒伤修复｜镜头涂抹｜护肤助眠🧴,1754485200,1414,176647698,JYsASMR,https://i0.hdslb.com/bfs/face/01438ace77c1fc60617d79c2950237b9792c4d2e.jpg,290257,"助眠,催眠,asmr,放松,触发音",65781,134,245,1767,1158,44,0,0,3516
BV1r9tFzWE42,114979965506194,1,65,2071,网络游戏,射击游戏,http://i2.hdslb.com/bfs/archive/73a7958e0586f454f3bc9a5e00afccfde028c88d.jpg,这个绝望,1754455712,202,1796069481,李差wa,https://i0.hdslb.com/bfs/face/db21038933823a11b58efd327336bd6da732de33.jpg,354250,"搞笑,整活日常,三角洲行动,整活,三角洲破壁新赛季上线",808137,432,215,2633,569,199,0,0,43438
BV17ytvz7EMp,114985401324665,1,65,2071,网络游戏,射击游戏,http://i2.hdslb.com/bfs/archive/ed1f6dc7cb4f5ae1cede0ca89407dad9461799ae.jpg,什么动静啊,1754538138,58,3546715432946358,_取名字真的难-,https://i0.hdslb.com/bfs/face/a6396d677f543a173aa11f3d3cd2943a96121dda.jpg,1963,"电子竞技,FPS,无畏契约,吃鸡",152324,114,613,6018,809,6344,0,0,20720
BV1fgtEziEdf,114975066690122,1,27,2041,综合,动漫剪辑,http://i1.hdslb.com/bfs/archive/7445bbf91941dcbadbfc96386f64677b45d238c9.jpg,《上阵父子兵》,1754451000,1254,5024187,龙三条,https://i0.hdslb.com/bfs/face/7320c782f78cc54904ec31dc07d56c1478b81060.jpg,1303884,"搞笑,搞笑美漫,AmericanDad,美国老爹,美漫,名场面,出生,Steve,Stan,搞笑美剧",252687,1291,435,1829,780,389,0,0,11935
BV1NQ4RznEU2,114976559730364,1,171,2071,电子竞技,射击游戏,http://i0.hdslb.com/bfs/archive/e2ab749d804db1756e4194f0124db32e90437e9d.jpg,谢谢你，谢谢你露娜，真的真的很感谢你,1754403293,33,1398402611,喜欢雨天--_--,https://i2.hdslb.com/bfs/face/af9ec78b2ed70694dd1d9fcd7dbcc9ff0ac5d20f.jpg,5377,"三角洲行动,三角洲宝藏月开启,jojo",277815,127,634,11694,923,10173,0,0,36360
BV1uRhJzKEDb,114952064992961,1,182,2001,影视杂谈,影视解读,http://i2.hdslb.com/bfs/archive/df9993cb4e328fba34d5f37bcc261bae5ceee584.jpg,超燃电影《全民超人汉考克》，超人不一定是超人，也可能是小调皮,1754038800,550,73528331,摩斯神探,https://i2.hdslb.com/bfs/face/7a3ccfa2d021bc1212ffdd5ea637d098a1475d9f.jpg,3192783,"电影解说,超级英雄,超人,科幻,转转回收,转转",7576459,2046,1456,23049,2235,272,0,27,118670
BV1DFtLz1Emn,114972583532479,1,47,2037,同人·手书,同人动画,http://i1.hdslb.com/bfs/archive/fd05168d272f6f4f517b11174bb86c6e100bad1c.jpg,【三角洲/红狼&深蓝】那你再看看你前面呢（,1754342623,20,1632841095,巨日地板,https://i0.hdslb.com/bfs/face/50d9eb192a99ed8c22944f2f67ee2b8375572457.jpg,3096,"同人,动画短片,三角洲行动,红狼,深蓝,meme,三角洲破壁新赛季上线",533777,136,561,10334,886,835,0,0,32022
BV1yz4dz7ExV,114978254231504,1,216,2044,鬼畜剧场,动画配音,http://i1.hdslb.com/bfs/archive/3b718ad8a86162be915ca86af1300812c4d85b12.jpg,光头强戒明日方舟,1754438400,520,411094695,猫柳KEE,https://i0.hdslb.com/bfs/face/8dc61ad599445bf5d36fc45e993626e504838a17.jpg,35702,"光头强,娱乐,游戏,明日方舟,搞笑配音,熊出没,明日方舟创作者应援计划",259619,895,925,3903,1130,9556,0,0,26633
BV1pPtnzEEGi,114975771198872,1,247,2108,新能源车,汽车生活,http://i1.hdslb.com/bfs/archive/9261aff8e1668c124c50c1ebc42dc325855dea44.jpg,【雷军】12分钟 小米YU7能充多少电？,1754391380,67,646730844,雷军,https://i0.hdslb.com/bfs/face/5d26a50ea0a23493a94d72e578e4f73e60af4aad.jpg,5709064,"小米,雷军,和雷军一起聊车,充电",567104,471,2500,852,716,451,0,0,24560
BV1BZhEz5Esd,114952484428689,1,21,2084,日常,应试教育,http://i2.hdslb.com/bfs/archive/c03d78459f7c66d90659fa4173a2fe8803c6ecd5.jpg,“离心率”一问范围就发懵？技巧在此！,1754036118,1876,14229967,一数,https://i1.hdslb.com/bfs/face/812281bada7d323c23c6e1e2e92749bd29b7d7c6.jpg,20524444,"高考,数学,学习,高中,考前复习,中考,椭圆,圆锥曲线,离心率",1027633,12478,1981,25561,7030,2488,0,76,114497
BV174tBz4E5g,114986106029297,1,21,2154,日常,剧情演绎,http://i1.hdslb.com/bfs/archive/4b4c2ac29fc0514dead042eb8e423264609b2e27.jpg,王婆卖瓜，自卖自夸,1754560800,136,413419717,尖-头-鳗,https://i1.hdslb.com/bfs/face/19685f1b45f72fc5fdebeb7f018ca3b9762a9657.jpg,756137,"搞笑,剧情,搞笑小剧场",79581,258,479,954,1485,387,0,0,13710
BV1JztAzhEBG,114982180094225,1,157,2158,美妆护肤,旅游记录,http://i2.hdslb.com/bfs/archive/a50bc92d6dc61a4f23c95bf17e4fae117f24cd5b.jpg,导航到下沙，怎么给我干长沙来了……,1754488932,284,287468649,阿哈哈哈哈哈黑猫警长,https://i0.hdslb.com/bfs/face/1305fba1909b05ac6d90e0ec2f4eb5ad343998db.jpg,1511139,"高铁,长沙,旅游,生活记录,手机,挑战",245535,173,372,3410,756,2723,0,0,18127
BV1swtnzSENt,114975787979942,1,230,2027,软件应用,音乐综合,http://i1.hdslb.com/bfs/archive/bdca8f34220793113f9550713990981fdaa2d411.jpg,听歌识曲~|166|,1754391494,71,1812694296,贵族小球,https://i0.hdslb.com/bfs/face/88b91940df403340afdf1b843effa915f1eacc45.jpg,273326,"听歌,纯音乐,音乐,BGM,#猜歌名",303490,309,552,4003,890,315,0,0,28780
BV1TShVzLEVz,114964715019479,1,71,2009,综艺,娱乐评论,http://i1.hdslb.com/bfs/archive/de3e02a757f764020e71856ac786e89c0902bf01.jpg,恋爱？出轨？结婚？歌曲争夺？来看看七月都有哪些瓜！,1754223410,1850,8365699,郭本尼,https://i1.hdslb.com/bfs/face/3ce90cff218ea393de8487cfa38a878a1ba168a2.jpg,1201708,"李惠利,汪苏泷,梓瑜,旺仔小乔,郭本尼,田栩宁,张碧晨,八卦,娱乐考古放大镜",454006,5937,2793,2744,7996,950,0,0,19359
BV1q7t3zmEW4,114970721258395,1,122,2053,野生技能协会,动漫教学,http://i0.hdslb.com/bfs/archive/74f0168c5ca8b4a9d2ef0b8329e058c0b8702041.jpg,超绝运镜！,1754314173,50,3546925538216229,麟哥谈分镜,https://i0.hdslb.com/bfs/face/6c96c858046e5b6c2cd00f2fe95476f6acc4785f.jpg,6122,"分镜,分镜头,艺术生,毕设,导演,分镜教程",200937,40,282,19908,799,290,0,0,30193
BV1srtuzsENP,114969630936061,1,30,2016,VOCALOID·UTAU,原创音乐,http://i0.hdslb.com/bfs/archive/fa992b94b8689de13c99eb113ed47749bea7699f.jpg,【星尘原创】这首歌献给所有成为大人的孩子们——重编版,1754304900,205,3493257147321138,哆啦慢,https://i0.hdslb.com/bfs/face/2f68eea4727204711c156a87e859678f3924134e.jpg,50836,"VOCALOID,星尘,VOCALOID CHINA,原创音乐,中文VOCALOID,大人,孩子们",382722,323,732,52759,11377,1323,0,82,73449
BV1rZtiz4Egr,114986743504615,1,173,2068,桌游棋牌,回合制策略游戏,http://i1.hdslb.com/bfs/archive/df600128580d6cb50898eb5ddfa1040ae3ecb779.jpg,【逗鱼时刻】第467期 这就是飞机德带给你的自信吗,1754559030,878,10462362,天天卡牌,https://i0.hdslb.com/bfs/face/355a81531dfb772fc96509b402121a3fe8ff143b.jpg,2322705,"炉石传说,天天卡牌,逗鱼时刻,神棍老师,贤菜,驴鸽,炉石传说安戈洛龟途",409309,2579,1404,1771,5481,447,0,0,20490
BV1ZAhGzoETD,114963389615028,1,85,2154,小剧场,剧情演绎,http://i2.hdslb.com/bfs/archive/0b910d8caf226ace9613b2249014dfbbeb7a6dcb.jpg,人心中的成见是一座大山,1754202565,190,34009507,-显眼宝-,https://i1.hdslb.com/bfs/face/13b9f8b60804357d903cbfb38f69dd837a32f941.jpg,2523577,"显眼宝,反转搞笑,原创搞笑剧情",4766541,1359,1298,16063,5097,1995,0,34,141156
BV1tqh8ztEuQ,114958306116091,1,65,2073,网络游戏,动作竞技游戏,http://i1.hdslb.com/bfs/archive/78286a949cea1ee8cb855bc3fb56fefaf7c50d78.jpg,七月初七 淮水竹亭.,1754132400,247,3546901792164649,春月cxy,https://i1.hdslb.com/bfs/face/563ed168d6277e974542e7a803642456b9c06df7.jpg,72850,"决斗场,剪辑,火影忍者手游,人间白首",679195,395,740,24718,15053,1762,0,0,56196
BV1VYtPzsENQ,114981861396211,1,21,2154,日常,剧情演绎,http://i0.hdslb.com/bfs/archive/26992464394eedb9bd8d4a5e893ed4208e735c7a.jpg,北京司机拉到东北乘客,1754484284,95,359201136,小付同学Chloe,https://i0.hdslb.com/bfs/face/b6ae9c7cf66fd7a39078c0244f7205d4e541a352.jpg,240675,"北京,搞笑,东北,虚拟演绎,司机",930515,427,636,1987,1303,1470,0,0,62994
BV1AVtiztEtG,114985350993125,1,182,2001,影视杂谈,影视解读,http://i0.hdslb.com/bfs/archive/e2d9c24a9d3f6e2b68d5b28b1c5ad1e0e8cc5e63.jpg,疯批男女！渣到极致的家庭神剧《非亲姐妹》！台词高能，剧情炸裂~,1754558400,1343,29296192,虫哥说电影,https://i1.hdslb.com/bfs/face/b830989d9b8af6001da511a8a95b0ea806c11b60.jpg,3282650,"搞笑,影评,童年,电影解说,吐槽,温峥嵘,姚刚,何书桓,狗血,万字拉片大赛",174883,1471,487,1588,1130,233,0,0,7100
BV17sh3z9EPh,114964077484209,1,65,2071,网络游戏,射击游戏,http://i0.hdslb.com/bfs/archive/f857eeedb0f52deb835a4d685383846b9dc1688c.jpg,【房卡杯】屎卡vs神卡,1754212817,379,56324796,夏日瓜牛,https://i0.hdslb.com/bfs/face/76b9c90852430cc99217b2d43df4855394ff5c11.jpg,183438,"三角洲行动,售票办公室,夏日瓜牛,三角洲破壁新赛季上线",672474,1401,2515,3467,779,511,0,0,24222
BV1GWtnzvEEB,114975485988146,1,182,2001,影视杂谈,影视解读,http://i0.hdslb.com/bfs/archive/264dd16f6573b0d3fe85a8a8ce12e4777abcaa1e.jpg,纳米黑墙封死全国建筑，子弹都打不穿，人进去只剩半截身体【科幻Fans  布玛《砖墙谜攻》,1754386932,879,206840230,科幻Fans布玛,https://i1.hdslb.com/bfs/face/78c27b565e56598877a70bed015974253b14eef7.jpg,2319853,"科幻,电影解说,密室,电影,解谜,悬疑,影评杂谈,凶杀,影视IP观察室",1819402,1997,918,19026,2401,318,0,0,39040
BV12ShpzKEwD,114954514470130,1,250,2148,出行,其他手工,http://i0.hdslb.com/bfs/archive/322f6a408f7e667a1bd2ed7916f3f75030313776.jpg,设计这个柜子的人一定是个天才！！！,1754100000,19,26077555,東君小宇,https://i1.hdslb.com/bfs/face/5e7b2c2e1ddc4f9b7b2ace556b243020a3168cf3.jpg,434765,"玩具总动员,家居,高能,设计,迪士尼,家装,胡迪,巴斯光年,旅行攻略UP主激励计划",5179805,419,1889,13718,2229,4054,0,94,182736
BV1zZtwzbEFZ,114980821142699,1,138,2156,搞笑,UP主小综艺,http://i1.hdslb.com/bfs/archive/d6f1672ecc33c828d7cec0be5b3e8150b71fd7e6.jpg,好像上当了,1754472297,211,226231535,智勇双全富贵君,https://i2.hdslb.com/bfs/face/f63d4962dd2dcf4d2cc9cae63cd01a2049f32dab.jpg,2213960,"美团请你喝秋天的第⼀杯奶茶,美团秋奶免单攻略,秋奶明星配送日记",1121868,2310,916,10250,2517,775,0,0,52090
BV1pJ4RzGEBu,114977247598056,1,229,2071,设计·创意,射击游戏,http://i1.hdslb.com/bfs/archive/6efe98ec0e62ed2aa43ece5e04a92922bd594cea.jpg,"【三角洲画质优化】假如你做了个纯公益的画质优化软件,服务器被攻击了6亿次你会怎么办？",1754413833,90,383133590,AnxuStudio,https://i2.hdslb.com/bfs/face/03db8d229e93d8e26c73291cfbb4a6e80a5f2ad2.jpg,5193,"软件,三角洲画质助手,画质,教程攻略,画质优化,优化,三角洲,配置文件,画质助手,ini文件",125215,28,677,3283,3878,309,0,0,8414
BV1MZtcz6ECm,114981207016721,1,76,2152,美食制作,美食记录,http://i0.hdslb.com/bfs/archive/518097e1cc44b747b311461928267802f0329d13.jpg,龙吟石榴,1754474315,73,3493120727583319,Mima-密码,https://i1.hdslb.com/bfs/face/c12fa6590203bcfa9998331257aa177e72309d14.jpg,431563,"馒头,龙吟石榴,石榴馒头,记录我的美食日常,馒头仙人,石榴",344566,225,267,1409,4116,391,0,0,23536
BV18hh8zaECo,114958373225980,1,65,2071,网络游戏,射击游戏,http://i0.hdslb.com/bfs/archive/64d242321cb36c6c477ddacda60968228acead81.jpg,准备开饭！,1754182800,156,1822365343,泰菲三角洲行动,https://i1.hdslb.com/bfs/face/bb9567fd801f076faaab58d314ff3f6d2c279991.jpg,99073,"FPS,娱乐,下饭操作,沙雕,三角洲破壁新赛季上线",1187184,390,170,12861,513,172,0,0,24787
BV1rRtwzhEtJ,114980787585290,1,21,2040,日常,二次元线下,http://i2.hdslb.com/bfs/archive/78f554b4c28d82ed16080868f55b0dd047870bbb.jpg,和老公在CJ大战，我只能说技术还得再练练,1754471774,270,8993635,一只树奈奈啊,https://i1.hdslb.com/bfs/face/c6dccdfc7812a2f3d1f9133252dd9e57910511d0.jpg,560616,"美女,情侣,英雄联盟,LOL,搞笑,游戏,符文战场：英雄联盟对战卡牌,卡牌,CJ漫展,符文战场",361667,2444,239,4400,1561,1105,0,0,22668
BV1YdtAzSEME,114981995615545,1,171,2070,电子竞技,MOBA游戏,http://i1.hdslb.com/bfs/archive/afb527b266dc504453db731e5fbfd226b7abd17f.jpg,新英雄全球赛场首个五杀！,1754486181,38,29992385,iG电子竞技俱乐部,https://i2.hdslb.com/bfs/face/487bf0cb89b58ce6baea91d2f2a5b0fc4a2e17fb.jpg,648680,"IG,精彩集锦,英雄联盟,电子竞技,TheShy,MOBA,GALA,Meiko,Rookie,Wei",496809,129,2571,1023,1862,1213,0,0,31373
BV1WYtAzvE93,114982247207716,1,159,2118,时尚潮流,时尚解读,http://i0.hdslb.com/bfs/archive/6918ad56540e482a13f3fe9aa774cc5605eb3426.jpg,暴涨100万倍！马吉拉新设计师把垃圾卖出黄金价格！深度解析「Maison Margiela马吉拉2025高定秀场」,1754539200,1125,353368172,AHALOLO,https://i2.hdslb.com/bfs/face/03e81799ea2390af3f5c4b9572ad75d622f16354.jpg,1471148,"秀场,迪奥,香奈儿,走秀,时装周,模特,ahalolo,爱马仕,黄金价格,马吉拉",70665,746,302,1374,3908,134,0,0,7451
BV1SitwzCETj,114980988915197,1,17,2066,单机游戏,单机主机类游戏,http://i2.hdslb.com/bfs/archive/c58cd73982b6742e162d8a43e646f247e76e8089.jpg,身体缩小一百倍，曾经的昆虫又成了恐怖怪物【禁闭求生2】,1754478600,699,509034027,辣椒不辣斯基,https://i0.hdslb.com/bfs/face/9248c365c3f54bb2dd2557d52a6787e0624934d2.jpg,632347,"游戏解说,生存游戏,游戏实况,昆虫,禁闭求生,#电子榨菜",351573,620,502,11607,5491,197,0,0,22278
BV1PitEzUEhc,114974848453694,1,17,2078,单机游戏,沙盒类,http://i2.hdslb.com/bfs/archive/870a30a5533596ab8d3b8d95e795b3cf8db7d015.jpg,谁是MVP？,1754384400,621,29426521,流赫大魔王,https://i1.hdslb.com/bfs/face/b39ad4ceb7743390703fe267ed8ab2029f71263e.png,233136,"游戏实况,单机游戏,小游戏,沙盒游戏,我的世界,MC,推荐宝藏游戏",171710,126,80,810,700,50,0,0,7157
BV1yzhjzUEd6,114967080606076,1,27,2044,综合,动画配音,http://i1.hdslb.com/bfs/archive/140fac4ae124f08d39e24060885e994958965146.jpg,压！！！力！！！！！,1754265900,94,3493118460561869,江肥肠,https://i2.hdslb.com/bfs/face/5ad1e69ce0cfea9665b6f2b682fa989e213fa621.jpg,2136401,"配音,爆笑虫子",2719565,853,707,64909,3712,3012,0,62,99332
BV1KXtKzJEBW,114984428306722,1,17,2079,单机游戏,其他游戏,http://i2.hdslb.com/bfs/archive/38524dd8e67f14250e5e631c7ec883c7a745d32f.jpg,不看就摸鱼的策略肉鸽介绍向实况,1754523647,3260,13046,少年Pi,https://i2.hdslb.com/bfs/face/3ec9f9ca742b47b03e64fc7905f6d3f9f14286d9.jpg,627082,"实况解说,少年pi,王之凝视",33579,264,248,954,3046,124,0,0,3553
BV1g9tczVEtk,114981190240396,1,124,2089,社科·法律·心理,时政解读,http://i2.hdslb.com/bfs/archive/fa54bcede578dfd59eaa1c57cdc906febe7a6c34.jpg,特朗普威胁印度反被无视！“东方大国”底气十足,1754474182,1098,703186600,麻薯波比呀,https://i1.hdslb.com/bfs/face/826f6c258199edc87d5722a56e8a8f963686dbba.jpg,2723166,"社会观察局,美国,印度,莫迪,美国印度,美印关系,特朗普关税战,特朗普",1510650,2836,2177,8340,9042,813,0,99,78810
BV1aqtLznEMb,114972449309715,1,130,2024,音乐综合,电台·歌单,http://i1.hdslb.com/bfs/archive/123f95a8226ee7b818d91da71e3e24370c9d3fa9.jpg,"""旧歌重听，记忆重塑""",1754352000,2022,88082801,挽风丶Sama,https://i2.hdslb.com/bfs/face/91484503b5edaa7134d6cd03c418d24acf4845a5.jpg,355429,"BGM,英文歌,电台,音乐选集,宫格音乐,精选歌单,日推歌单,电台新星征集令",332376,40,60,33285,2327,30,0,0,24123
BV1HGtFzpE4W,114980485665540,1,250,4218,出行,钓鱼,http://i0.hdslb.com/bfs/archive/ad3ecd71b2caceca1b5b0fad2803d7e1526b0b07.jpg,荒野钓鱼求生第二季（第25天）,1754470800,654,3493298161322384,小宋野钓,https://i2.hdslb.com/bfs/face/8ffce7572544d68b135ba75e1f5db1a7f3a74975.jpg,183020,"探险,荒野求生,生活记录",269733,3854,1988,876,8847,242,0,0,19430
BV13QtczyEAi,114981542563406,1,21,2032,日常,国风舞蹈,http://i2.hdslb.com/bfs/archive/44d8644aad09a66491dac8872ae157aa2e094fa4.jpg,沙漠舞王背后的故事！！,1754479417,70,35579222,紫颜-小仙紫,https://i2.hdslb.com/bfs/face/e7f135eb2da6407fa1d5f63fea631e92a01876db.jpg,1665204,小视频,563348,263,343,2480,813,101,0,0,15812
BV1j7tnzzEAG,114975553094113,1,21,2154,日常,剧情演绎,http://i0.hdslb.com/bfs/archive/000c340f0e51e62f997014672d89abf24af9d22f.jpg,老东京omakase,1754387981,89,359201136,小付同学Chloe,https://i0.hdslb.com/bfs/face/b6ae9c7cf66fd7a39078c0244f7205d4e541a352.jpg,240675,"北京,虚拟演绎,抽象",606550,367,670,2313,1311,3393,0,0,52000
BV1Mjtgz8EXS,114969513300669,1,21,2083,日常,综合资讯,http://i0.hdslb.com/bfs/archive/95f649f0f001c6d8c45b70baea9bbfbb467f4018.jpg,坐火车上中下铺选哪个？纠结型选手不用纠结了！听影老板给你分析得明明白白的￼,1754308800,63,33775467,人民网,https://i0.hdslb.com/bfs/face/4b5468ab22ee0ba672f070def7ed55986c581a4a.jpg,4248511,"生活记录,技巧",1582919,882,2325,1467,664,279,0,0,45094
BV1RctHzuE6N,114975351768444,1,254,2154,亲子,剧情演绎,http://i1.hdslb.com/bfs/archive/0da0a5097acfbaf47830853a5f7eb851b4e329f0.jpg,奶茶店的暑期工，被欺负你会反击吗？,1754384860,127,3546625865681622,小闹小闹丫,https://i0.hdslb.com/bfs/face/d054748608cdc21d149ea1437152a9fae6ba69bc.jpg,26527,"创业,奶茶,崩坏：星穹铁道创作者激励计划,暑期工",1852078,119,436,3976,742,199,0,0,43714
BV194twzSEiU,114980888252246,1,182,2001,影视杂谈,影视解读,http://i2.hdslb.com/bfs/archive/f0083c81baf48fc93398e61fea19f593080ed823.jpg,疾速追杀出外传了？这波换成女阎王！年度爆爽动作大片《疾速追杀：芭蕾杀姬》,1754473523,1558,10119428,小片片说大片,https://i2.hdslb.com/bfs/face/949fd3f0b9fe23703c970d494edc41ae52ee32de.jpg,7699099,"惊悚,疾速追杀,动作,基努·里维斯,芭蕾杀姬,疾速追杀：芭蕾杀姬,UP热评影视剧,安娜·德·阿玛斯",565965,1134,396,4025,983,217,0,0,23859
BV1RWh8zTEHK,114958792727743,1,239,2088,家居房产,社会观察,http://i2.hdslb.com/bfs/archive/ce4c00b3ea50e0e40d3453715ca03e87709baf4c.jpg,育儿补贴？德国每个孩子65万！已经发了50年......但是，并没卵用！,1754132266,217,676174563,洋哥在德国,https://i0.hdslb.com/bfs/face/9294eff76b7d04382908e310591f885ac0e803c4.jpg,505408,"德国,职场,教育,情感,家庭,高能,育儿补贴,育儿,海外,我的养娃日记",1872867,8551,12353,13984,6409,15862,0,86,135097
BV1NetjzGEda,114974043149924,1,28,2020,原创音乐,翻唱,http://i1.hdslb.com/bfs/archive/98237f6a8f6cd53863b7aa6cf78ef3587495781d.jpg,TruE|翁法罗斯黄金裔,1754452800,170,1632696879,淬淬淬是淬,https://i0.hdslb.com/bfs/face/9865a51bcf93c2355eb1dd045c9abe5424dfc44c.jpg,38486,"翻唱,崩坏星穹铁道,崩坏：星穹铁道创作者激励计划,翁法罗斯,TruE,黄金裔",80720,544,392,6193,1597,833,0,0,12551
BV1voh5zbEPS,114965855869227,1,137,2026,明星综合,乐评盘点,http://i2.hdslb.com/bfs/archive/26c35283597e96fc7a60467639cf8028a25d3ec3.jpg,刘雨昕演唱会幕后有故事？还喊话演喜剧？,1754362800,2573,3056480,罗毅的包罗万友,https://i2.hdslb.com/bfs/face/e0671a053d314cdb77ccfe4257e5ba043ff1b112.jpg,2303,"演唱会,音乐,刘雨昕,艺术,包罗万友,艺人,视频播客,仙那度,上B站看播客",1050127,11401,3402,6821,8696,6256,0,0,13146
BV1YKhhzBEhL,114958054525464,1,21,2102,日常,摄影摄像,http://i2.hdslb.com/bfs/archive/2e17dad6b18c2d0736a5c5af5fc65e34f1555a9e.jpg,“幸福不在别处 当下即是全部”,1754128800,108,416844825,李默ovo,https://i0.hdslb.com/bfs/face/69f6a473f3f6edb949be2e6a3247f229db933ccc.jpg,48196,"摄影,回家,生日",217858,134,358,852,5247,82,0,0,25429
BV185tGzzE7h,114970100566983,1,76,2149,美食制作,美食制作,http://i0.hdslb.com/bfs/archive/c54cfe0c2124bf537451142af7aa1934e6973fd8.jpg,🍞治愈人心的软欧😊,1754478000,61,1600975131,女王厨房Surthycooks,https://i0.hdslb.com/bfs/face/1ab0fe198e0033bbea11968079b74bd832b4a631.jpg,1885491,"美食,女王,美食教程,全程高能,厨艺,公益,厨娘,吃货,surthycooks,记录我的美食日常",125590,165,198,584,2795,36,0,0,19318
BV138huzkEzs,114962919853891,1,47,2037,同人·手书,同人动画,http://i2.hdslb.com/bfs/archive/89463191ec5dd044043cc37e0e7cb84ce7d84393.jpg,方源的奇妙冒险：不灭宿命,1754195043,15,183788517,大力村,https://i0.hdslb.com/bfs/face/efdd0aff6f87cceb06e529263c6e7362fd4b0bd1.jpg,11260,"大爱仙尊,宿命大战,仙工开物,#仙工开物,2025中洲炼蛊大会,jojo的奇妙冒险,古月方源",809135,228,1393,28262,10207,7579,0,0,82045
BV1vpt3z5ELL,114970738035638,1,172,2064,手机游戏,单人RPG游戏,http://i1.hdslb.com/bfs/archive/da72c19ddbed19de9272bd476d5f73811bac3572.jpg,居合吗？是相同的招式呢.......,1754314493,88,91647207,w咸瑜,https://i0.hdslb.com/bfs/face/77f53e6552ae0d8b86d12d9dd1ead5bc0e43773b.jpg,486229,"剪辑,太刀,我们武者帅呆了喵,武者,黑角,整活,泰拉探索协会,明日方舟创作者应援计划",877326,421,1510,4176,1164,1794,0,0,64525
BV1J5twzfEvc,114981290970354,1,17,2077,单机游戏,休闲/小游戏,http://i2.hdslb.com/bfs/archive/2f3edc3ece7aeb31535a3128b1c0e4652c6a8c4f.jpg,这 片 草 地 不 养 闲 人,1754521500,491,11022243,云耀yoke,https://i0.hdslb.com/bfs/face/59fd606e8f48019168f0120f8e6c969e590549fb.jpg,865667,"植物大战僵尸,游戏实况,云耀yoke,吃不了席版,植物大战僵尸吃不了席版,游戏剪辑,pvz,云耀",514286,835,265,7777,1096,121,0,0,17815
BV1F8tgzDE5p,114969093868897,21,85,2005,小剧场,短剧短片,http://i0.hdslb.com/bfs/archive/146de92f98c57b4eb5b2963dea99a5b252d7f932.jpg,《王者荣耀之权谋径山》,1754289535,2191,57863910,王者荣耀,https://i0.hdslb.com/bfs/face/186a321d4647bd2b1602e43b831bac89bcb7a34b.jpg,9447181,"电子竞技,王者荣耀,王者荣耀之权谋径山,MOBA",459598,640,1384,8745,6897,1223,0,0,22522
BV1LNtGz1EKH,114970536714022,1,218,2171,喵星人,动物综合·二创,http://i0.hdslb.com/bfs/archive/31afa04819f7d7fbb7414be144b40c02b79cb72b.jpg,城市猫回村以后，去抓制作猫薄荷的老鼠,1754311314,170,3493267595332476,苏豪和大强,https://i0.hdslb.com/bfs/face/9be009294b6c2e9132178b09683fddbbdc24617f.jpg,122302,"宿舍,大学,喵星人,萌宠过暑假",1348195,455,260,11958,1236,497,0,0,66549
BV1F5t3zDE88,114968942942732,1,65,2154,网络游戏,剧情演绎,http://i2.hdslb.com/bfs/archive/bec9321f7773ef79a8468ebb26e60d5586d5bffb.jpg,《我的要求不算高》土木版,1754286893,31,3494373276781373,小猪包大学生就业指导,https://i2.hdslb.com/bfs/face/0f100230b6cee1dc37dc0a887b5d8b96a3235a70.jpg,7008,"搞笑,土木工程,土木,甲方",291040,2,22,1812,990,4053,0,0,24402
BV1iShGzxEFZ,114965100888535,1,138,2142,搞笑,体育综合,http://i1.hdslb.com/bfs/archive/c4bd7d12b3150fb96e86985e4118659b39a1cc69.jpg,铁人五项比赛！,1754228650,193,3546378519186308,三一八本人,https://i2.hdslb.com/bfs/face/f3042ec213e893123bb820cad91e372bc43bcf5d.jpg,496250,"体育,运动,比赛",864083,1503,1221,1794,1750,1648,0,0,37997
BV1c5tizoEA1,114985334214349,1,124,2093,社科·法律·心理,职场发展,http://i0.hdslb.com/bfs/archive/f6d2b034f941431db2146ac387feb84a88417b74.jpg,一把向二把施压时秘书如何周旋自保,1754537247,541,350905839,峰video,https://i0.hdslb.com/bfs/face/72f1e38f10ca2173c293349bacfcf4e3cceac1f2.jpg,1244158,"职场,秘书,人际关系,博弈,考公面试",140303,224,352,2463,868,980,0,0,5919
BV1N5tKzLEeZ,114982968629445,4,172,2064,手机游戏,单人RPG游戏,http://i0.hdslb.com/bfs/archive/4715c0bd16b818f076e00bc0518a001dd799c0e6.jpg,《原神》角色逸闻——「伊涅芙大改造」,1754539200,385,401742377,原神,https://i2.hdslb.com/bfs/face/853c4a846793dfbdafd8f16a40d6d8065bdb7c6f.jpg,20091172,"原神5.8,伊涅芙,米哈游,miHoYo,原神",834013,12680,4805,17521,28634,6886,0,35,118826
BV1Mitnz4Eka,114975620207314,1,176,2107,汽车生活,汽车文化,http://i1.hdslb.com/bfs/archive/b5484246c658f691e86044dea54633347742d1f3.jpg,拉力赛车帅是帅，智能车机是真爱,1754449500,112,1194144659,车小白-,https://i2.hdslb.com/bfs/face/9cc5a0aae824ee21051aae1ecb7a17a3a7e1c460.jpg,111458,"改装,赛车,拉力车,小爱同学",975992,689,984,3214,1280,557,0,0,69194
BV1RB4RzFEtv,114977046401919,1,252,2039,仿妆cos,cosplay,http://i1.hdslb.com/bfs/archive/844802aabddf99b0ddd8e969294c0860dba2c4b0.jpg,哇嘎哇嘎！,1754410656,17,89618176,ill027,https://i1.hdslb.com/bfs/face/8fcaec40a4750830414358ac747c28610eef07c0.jpg,3538,"明日方舟,艾丽妮,艾丽妮飞羽,一有动静，我就哇嘎,哇嘎哇嘎！,Cosplay",482801,97,1195,16019,4700,3182,0,0,71083
BV1rUtFzoEn3,114979814509728,1,138,2154,搞笑,剧情演绎,http://i0.hdslb.com/bfs/archive/e97915591d9359ecc808a5ff7fb26a7132d94339.jpg,狠人彪子道边乘凉和人唠嗑，放飞自我了…,1754454394,297,1457757239,我是三金子哔哩认证号,https://i2.hdslb.com/bfs/face/54e267859da7a357dbd34ad090942bf77b204cdb.jpg,289689,搞笑小剧场,586402,371,359,1989,583,394,0,0,26424
BV1uHtjznERD,114973908930428,1,208,2037,校园学习,同人动画,http://i0.hdslb.com/bfs/archive/4da84bcb43d777c054f7b30f70edde979bb8a8c0.jpg,【OC】《 不看 世界就不会运转 》,1754383620,155,470597732,今天足夠了,https://i2.hdslb.com/bfs/face/613f7ff79b17f26bba4c2cf7e4d0417a30eb96c8.jpg,31141,"原创动画,今天足夠了,理科,文科",216244,309,553,5780,1190,526,0,0,22376
BV194twzSEYk,114980888251906,1,182,2001,影视杂谈,影视解读,http://i0.hdslb.com/bfs/archive/0e5c605566bafcc8d886b1fcb0d22a39be0ae5de.jpg,错失经典的离谱原因，跟前女友演爱情戏？正闹离婚男主真绷不住了,1754469220,267,145750219,电影冷知识,https://i1.hdslb.com/bfs/face/f1df42e1b2d69b29176f142a0d40f856fb60f82d.jpg,1431453,"女友,幕后,脑洞,原创,经典电影,电影,影评杂谈,细节,影视IP观察室",744561,530,337,5237,666,171,0,0,43788
BV1u8tnzhES2,114975687314378,1,256,2112,短片,护肤,http://i0.hdslb.com/bfs/archive/8339520fd3196a41f436a8a4f182dff87cfe6e70.jpg,这脸上都有啥，姊妹坐，唠嗑,1754390173,962,131739734,你的陈星越,https://i2.hdslb.com/bfs/face/f4c8c55e49414d660dadcaf2c37f312b036f65b9.jpg,669957,"唠嗑,分享,日常分享",467849,1642,1889,5030,3970,2390,0,0,57153
BV1MVtgzaEc3,114969345526998,1,21,2088,日常,社会观察,http://i0.hdslb.com/bfs/archive/1f3927c887ffcc5927fbf1b642a0a255669f96fc.jpg,被网暴了，平台不管？……试试这个！,1754293624,145,1988929420,侃木头哦,https://i1.hdslb.com/bfs/face/e73f946a5712e9a9fd92a82bb8f6c06e234f1bd6.jpg,2168585,"成长必修课,清朗行动,网络安全,网络暴力,维护权利,网络霸凌,个人成长,12377,被网暴了",1718649,745,3372,219453,39859,5887,0,1,376478
BV1TztnzsEF8,114975653762722,1,76,2152,美食制作,美食记录,http://i1.hdslb.com/bfs/archive/dafd873243ff99c18867d0127c4acd7259d2c259.jpg,厨师长下班偷偷用边角料开小灶，做个【牛肉咖喱饭】再吃个刺身，再吃个甜品，边角料对付一天,1754390681,821,472229397,张森的日本料理,https://i0.hdslb.com/bfs/face/ac3b108b97e8a8415476ca5db05b71ea1fdf965a.jpg,290392,"厨师长偷吃,美食记录,深夜美食,整点电子榨菜",222326,648,539,2014,1367,469,0,0,23589
BV1F2tjzPEgi,114973640496716,1,212,2150,美食侦探,美食探店,http://i2.hdslb.com/bfs/archive/9cedb615808190295da09811ca0d9f847bc6475e.jpg,碳水帝国了解一下,1754395200,197,22466550,一朵金花aa,https://i0.hdslb.com/bfs/face/ec21636d59175976c3b451236a2d23bd39c1b1f6.jpg,269632,"面食,种草,吃货,舌尖真探事务所,山西,美食测评,探店,山西旅游,山西美食,Vlog",160679,233,577,2257,672,1719,0,0,9550
BV1HJtPzPEjf,114982079501318,1,130,2014,音乐综合,娱乐综艺正片,http://i0.hdslb.com/bfs/archive/e2921833cdc5184ef68d4911877e9b0d29cb2e2f.jpg,【NCT WISH】WISH高中学生们的🪽夏日爱宝乐园体验学习➰☀️ |  EVER WISH PICNIC ੈ✩,1754487655,2119,3546586890111682,NCTWISH,https://i1.hdslb.com/bfs/face/00f0cf4467e9a19bb75a26d8549c0f8f80b8cce7.jpg,349818,"NCT,NCT WISH,EVER WISH,PICNIC",96594,13472,688,2621,2006,530,0,0,7581
BV1AztEz2E2H,114974479353536,1,27,2064,综合,单人RPG游戏,http://i1.hdslb.com/bfs/archive/740f2aa86025b2d8ec6293eb5af3760bb3588f79.jpg,爱丽丝：想破脑袋也不知道这关怎么过,1754452800,168,90821044,椿酱丶,https://i1.hdslb.com/bfs/face/31353dce86b4ba73ce39ce057bad13b972af2098.jpg,179784,"绝区零高能团,绝区零2.1,仪玄,ZZZ CHOICE,绝区零爱丽丝二创,薇薇安,爱丽丝,Fairy,绝区零",305165,238,341,6162,1530,922,0,0,35801
BV13ohHzkEEC,114952870304409,1,21,2114,日常,鞋服穿搭,http://i2.hdslb.com/bfs/archive/dfff2aa6267fb0b4e2c0e113523af767d2249914.jpg,猜猜我都能在什么地形上穿高跟,1754041988,41,451835587,奥戴丽好笨,https://i1.hdslb.com/bfs/face/771fc935df986dcfb15aaae441c9bc7cda5bfe4d.jpg,2069672,"穿搭,高跟鞋",1895521,725,2430,6631,1633,2577,0,0,131038
BV1sStLzGEUm,114972046659055,1,17,2037,单机游戏,同人动画,http://i0.hdslb.com/bfs/archive/d80956d5dd54e542179b768cb75261d5bd244e0d.jpg,谁说百岁老人不能当模特,1754334528,120,15312,Days的Wing翼,http://i0.hdslb.com/bfs/face/4f7f75fc3ca8d45c95187561c31fc200ca206947.jpg,137327,"同人,AI动画,白月魁,动画MV,白老板,灵笼",445605,369,977,5626,2343,804,0,0,12778
BV1WZt7zyENn,114974932338129,1,138,2136,搞笑,跑步,http://i0.hdslb.com/bfs/archive/1d3a04fd766133a244a73f07e8765fc7bff43544.jpg,一个中年男人的1000天自我救赎，成了数百万《一拳超人》粉丝的精神图腾,1754470800,1053,96575424,BB姬Studio,http://i0.hdslb.com/bfs/face/e8ce6c1dff94df6fb5210e900b3569cb29fb5c71.jpg,542971,"健身,马拉松,一拳超人,跑步,堂主,中年,长跑,强风吹拂,男人",81289,225,284,1701,1654,333,0,0,5951
BV1ZjtFzUERS,114980099725553,1,124,2088,社科·法律·心理,社会观察,http://i0.hdslb.com/bfs/archive/097e9bfbbd67008c733bd80e139453c5273bbe94.jpg,【罗翔】张三出租教材，构成侵犯著作权罪吗？,1754457446,559,517327498,罗翔说刑法,https://i1.hdslb.com/bfs/face/4e5d0a51273fe3f8fabc700b6a71bb8a38c9e21e.jpg,32165157,"法律,知识产权,普法,罗翔,侵犯著作权罪",520424,9235,327,2934,2545,462,0,0,64472
BV1gUhbzwErx,114958843055114,1,161,2148,手工,其他手工,http://i2.hdslb.com/bfs/archive/1b5838420828a2da9e51c417198cf702916630d9.jpg,白银真能把毒验出来吗,1754132797,38,443448523,解忧黄金回收,https://i1.hdslb.com/bfs/face/de2793beaa924e649bcb76181c8e8b8471d2009a.jpg,154000,黄金,3768681,236,580,1316,671,78,0,0,33649
BV1nT8yzHEDt,114946780235270,1,242,2018,娱乐粉丝创作,音乐现场,http://i0.hdslb.com/bfs/archive/d908df3cd59943d7c2ac187c8f8b54e1238a10bb.jpg,【洛天依×乐正绫】何年何夕，两相执手，一曲《白石溪》共沐春秋【BML2025单品】,1754107413,335,403748305,BML制作指挥部,https://i1.hdslb.com/bfs/face/924fb698bc68802a95c123c1f1ff41b3be1e9c9e.jpg,1295926,"LIVE,音乐,乐正绫,洛天依,音乐现场,白石溪,现场,BML2025",260735,379,748,5691,2406,888,0,0,19515
BV1HYtczoED2,114981475455976,1,172,2070,手机游戏,MOBA游戏,http://i0.hdslb.com/bfs/archive/8f8dcb83c7a826e543337764a63ee1c3e2854e23.jpg,“腹黑男”司马懿专治精灵王“手慢无”,1754538300,47,910774,木下结草,https://i1.hdslb.com/bfs/face/24ea4d5643380f6907365dbe5612bdd5c49a1305.jpg,529158,"搞笑,电子竞技,司马懿,王者荣耀,王者荣耀夏日盛典,司马懿现在轮到我说话了,结草,精灵王,MOBA,王者荣耀山海皮肤",323853,72,160,2002,3324,224,0,0,37999
BV1uctBz5EDN,114986391177816,1,95,2099,数码,电脑,http://i2.hdslb.com/bfs/archive/6ac2fa6baef601249d0921d2bdb11e063a0666ef.jpg,我聋了吗？猫头鹰联名5080装机！,1754560800,920,351085345,普普通通Tony大叔,https://i1.hdslb.com/bfs/face/17ba3b635ae228499af833e5fa94822d61a1db40.jpg,1188976,"科技猎手,装机,猫头鹰,DIY,电脑,Tony大叔,ROG,静音,电脑装机,ProArt",62772,1243,621,526,728,496,0,0,3892
BV1JutEzTEWE,114975083337287,1,256,2166,短片,农村生活,http://i2.hdslb.com/bfs/archive/89a0a42413601e4540377946314c3ebaad56ab55.jpg,9岁顶梁柱,1754472600,537,1279677779,导演何苦,https://i2.hdslb.com/bfs/face/a7a5fc7648e5806b2b2ee1b4adb27d4255ce8ab0.jpg,82166,"童年,生活记录,正能量,农村,小朋友,最后的棒棒",181163,1195,1354,1719,8746,931,0,0,9866
BV1h8tnzhEJu,114975687383188,1,250,2159,出行,旅游攻略,http://i1.hdslb.com/bfs/archive/df16bf4cf9068c4cb9c08c937a7883936f52a66c.jpg,内蒙古到底值不值得去一趟？【自驾体验】,1754391763,1524,644255470,杰克小兔,https://i1.hdslb.com/bfs/face/013a96a5d1dc54a152e87816776eaf88997ea5e7.jpg,1265732,"生活,生活记录,搞笑,零跑C10,城市,内蒙古,出行,分享,呼和浩特,辉腾锡勒",462102,2877,1101,3672,6467,1439,0,0,16082
BV11utwzAEKN,114981358145602,1,138,2154,搞笑,剧情演绎,http://i0.hdslb.com/bfs/archive/3f9bb2b567c1530f201a6a6f8fbaf0ce20c1cfd0.jpg,当谎言遇上抽象,1754485200,107,317698195,-高泽宇,https://i1.hdslb.com/bfs/face/f3abae4a9af7725e4ca4c0bdf94bc91235c68db8.jpg,164028,"创意,短片,原创,搞笑小剧场",1278865,375,361,5856,1392,3000,0,0,86983
BV1kehHztEbm,114953122028009,1,138,2195,搞笑,学生vlog,http://i2.hdslb.com/bfs/archive/e3a57a5c85194b5038d0f449fabce8025ea30305.jpg,《 当 代 高 一 牲 ？！ 》,1754106312,973,1238825086,建客8米2,https://i1.hdslb.com/bfs/face/fbd9d6ef8a4d0fdce75cad21b2f54dbc1a40c07a.jpg,383441,"校园,搞笑,青春,高中生,生活记录,传说之下,记录,高中,三角符文,万种生活碰头相见",419864,2808,1013,13550,8126,730,0,0,64122
BV1sEtMznE9z,114968724838549,1,95,2100,数码,手机,http://i2.hdslb.com/bfs/archive/68af5ff55b3bbc12c2eb6038a68f09016cbdcfee.jpg,折叠机皇该有的样子！Z Fold7&Z Flip7&Watch8全面升级,1754290245,423,471303350,大狸子切切里,https://i2.hdslb.com/bfs/face/a6d51b89c93517a72949b0a469126445cd4d33bd.jpg,2635009,"数码,安卓,三星,手机,三星超轻薄折叠旗舰,三星 ZFold7,三星 Watch8,三星 ZFlip7,折叠屏,切里",636576,1257,670,3022,4800,1390,0,0,14811
BV1tMtBzzEqr,114986038924215,1,17,2078,单机游戏,沙盒类,http://i2.hdslb.com/bfs/archive/4d8d2f50456825b4cd467f2ddc58b0cf37b2c65e.jpg,一口气看完！无辅助一命通关泰拉瑞亚灾厄Mod大师死亡难度,1754559900,8434,1500156660,UAE丶黑桃,https://i0.hdslb.com/bfs/face/a79dd8bfa54966685b8befbfddf16a1584489eab.jpg,285692,"沙盒游戏,一命通关,泰拉瑞亚,冒险mod,像素风,灾厄,推荐宝藏游戏",107590,1726,676,7070,15742,1105,0,0,14757
BV1NR4RzEE3n,114976593281501,1,172,2068,手机游戏,回合制策略游戏,http://i0.hdslb.com/bfs/archive/a5645c015ba7568cfab2946b1affda515bb8853d.jpg,逆天联动！月圆之夜最新DLC的真正结局究竟是什么？？？,1754454736,225,29191734,浅唱君Jacky,https://i0.hdslb.com/bfs/face/55eba6f575ced1ae05d6e20b9b5bf360ad0e5d41.jpg,882270,"国产游戏,搞笑,DLC,单机游戏,游戏杂谈,浪浪山小妖怪,月圆之夜取真经,月圆之夜,游戏鉴赏家,推荐宝藏游戏",132319,471,331,3025,2068,1063,0,0,8109
BV1AVtwz8EFT,114981240573968,1,138,2154,搞笑,剧情演绎,http://i2.hdslb.com/bfs/archive/7a225d5994740049679e5a33fb9835274982a083.jpg,课代表历险记（三）！,1754474621,151,393709394,一串大福,https://i2.hdslb.com/bfs/face/e6d1cf7df22235495d25d7ae77a4aa185e5d8c7f.jpg,1563710,"校园,搞笑,原创,搞笑小剧场,来福来福,一串大福,课代表历险记,学生时代,真实,fyp",365126,1289,800,7009,1565,209,0,0,34670
BV1jY8CzyEoy,114947082159298,1,228,2090,人文历史,人文历史,http://i0.hdslb.com/bfs/archive/8788c859b3031e4674433ea9ef5d7ef80da2bd8e.jpg,流放岭南！为什么现在最富的广东，古代能当几千年流放之地？【为什么64】,1754042400,634,11684621,太阳星sunstar,https://i2.hdslb.com/bfs/face/edcd0f2f12cedf723c9e5c18c5f824ecd4c50f9c.jpg,3064994,"社会观察局,广东,uwant,友望除螨仪,友望红外除螨仪,气候,南方,螨虫,潮湿,梅雨季",840528,2329,2457,5450,1396,810,0,0,35212
BV1x6tnz9EEx,114975637051482,1,27,2055,综合,二次元绘画,http://i2.hdslb.com/bfs/archive/ee085bf24c1c47a15e04ead285765b43bada7984.jpg,将《鬼灭之刃》中的六只鬼改造成正常人的形象,1754389219,422,500140286,隔路脑,https://i2.hdslb.com/bfs/face/16c595449a41d556bd99f16881604ab5788578f0.jpg,635769,"二次元,动漫,动画种草激励计划,鬼灭之刃",1346049,2509,1551,12283,4317,5508,0,68,105396
BV15NtGz1EwD,114970536708822,1,27,2071,综合,射击游戏,http://i1.hdslb.com/bfs/archive/3520d92a780334ccf5ba1c1c3ca9ce8568c784ab.jpg,无名日语配音/你说谁是幽默静步男！,1754311415,91,474365819,桐原拓斗,https://i2.hdslb.com/bfs/face/1f45082f3d389145824891963c3b16b232919d18.jpg,2830,"日语,日语配音,配音,三角洲行动,三角洲,日配",141722,90,301,4938,608,1090,0,0,15591
BV1G9hHzyE2J,114952702532182,1,76,2149,美食制作,美食制作,http://i2.hdslb.com/bfs/archive/4a50686148a5389c7b03c5c99c7918afb11a8849.jpg,全网最细成本拆解，50元老北京打卤面贵吗？,1754039138,339,258034892,碧蝉衣,https://i2.hdslb.com/bfs/face/f6dfd152ac6d5eec41209e6237d7fedc6f514fe6.jpg,220521,"厨艺,美食制作,北京,美食教程,记录我的美食日常,打卤面,什刹海,老北京打卤面",1834797,3388,3770,11791,7197,1280,0,0,49336
BV1mqh8ztEnE,114958306182641,3,17,2015,单机游戏,娱乐综合,http://i1.hdslb.com/bfs/archive/3694df7979f9ca89c0b5640bb758f27da6628664.jpg,【桃黑黑】《并不十分娱乐圈》P10：混乱迷茫的年末,1754126019,12434,45107914,桃黑黑Tor,https://i1.hdslb.com/bfs/face/d06ecb2119ea2bdc320c0f189ab2ab65adc4180a.jpg,1479371,桃黑黑,400668,18032,2003,2419,8362,270,0,0,14478
BV1cdh3zYEyg,114963473501047,1,251,2090,三农,人文历史,http://i0.hdslb.com/bfs/archive/3b27df18b1d3bb9bfd38981078a2044d90999bf1.jpg,这个104岁的爷爷，带给我的不止有敬佩和感动,1754203605,133,3493123130919728,我是凡人繁星,https://i2.hdslb.com/bfs/face/76cdfd193b3cb59b2261bb390979a39748b3d901.jpg,254549,"正能量,爷爷,生活记录,记录美好农村生活,感动,乡村,鬼子,抗日,抗战老兵",379006,13560,1659,8310,20833,670,0,0,89154
BV1zCtzzeERs,114987079110241,1,249,2141,足球,体育赛事,http://i2.hdslb.com/bfs/archive/7380118b5bae95361e805b5aa9fb64b8b7758364.jpg,【赛季盘点】24/25赛季英超十大名场面,1754565070,1025,436036217,爱穿小脚裤的花轮,https://i2.hdslb.com/bfs/face/0d5e588818336e7a5cc1cce55bcda84b44b75b1a.jpg,412517,"阿森纳,曼联,英超,切尔西,曼城,利物浦,托特纳姆热刺,若塔,滕哈赫,足球绿洲探险家",78657,1206,186,1141,1861,331,0,0,5555
BV1fFhGzfEna,114963490277448,1,213,2151,美食测评,美食测评,http://i1.hdslb.com/bfs/archive/a676af1b97d39ad0ca6883bd9874502aca4e3201.jpg,五百多一盒的琥珀糖大测评！真的下血本了,1754215200,205,117291234,野人哥p,https://i0.hdslb.com/bfs/face/6c3574c21c1ac26cf1a739096b8ba0353ef28bc1.jpg,292152,"美食,零食,老外,美食测评,琥珀糖",198136,2298,139,7654,1905,56,0,0,28860
BV1xqtnzdEou,114975603492136,1,172,2064,手机游戏,单人RPG游戏,http://i2.hdslb.com/bfs/archive/6b9fb259def3b94c5f484cb398c15d3b0e6f9fb8.jpg,读完给撒旦招出来了⚡,1754388553,65,1038104341,人en,https://i1.hdslb.com/bfs/face/668072bb603319b67fdd6bbed35aaba2dd306fd7.jpg,57552,"UP主,搞笑,崩坏：星穹铁道,崩坏：星穹铁道创作者激励计划,赛飞儿,像素风,q版",527707,140,853,12849,586,158,0,0,63421
BV1ZRtEzvE5u,114974647128942,1,21,2155,日常,语言类小剧场,http://i2.hdslb.com/bfs/archive/b210d4c47f207df02ae2903b6b2a4418dd558598.jpg,信我的，谁家的钱也不是大风刮来的，票价该多少钱就是多少钱，一定不要因为支持我，给自己增加经济压力和困扰！,1754395800,51,3493261712820480,临沂房主任,https://i0.hdslb.com/bfs/face/d11614edb3e8d86ab57088b849ba48b87d33f199.jpg,49954,"搞笑,喜剧,脱口秀,巡演,记录,拒绝黄牛,房主任,多元视角看娱乐",252568,231,759,1495,5987,477,0,0,62352
BV1ANtnzUEDr,114975955883853,1,171,2068,电子竞技,回合制策略游戏,http://i2.hdslb.com/bfs/archive/07770170109b27723bb16a49d68622ad74527a6c.jpg,【神超云顶s15】三天登顶国服第一，告诉你最适合当前版本的上分思路,1754394018,95,388063772,GoDlike_神超,https://i2.hdslb.com/bfs/face/e6bcb4a3dea0f2e71bb97a42f097efb89ce29aa7.jpg,836911,"国服第一,策略游戏,英雄联盟,云顶之弈,金铲铲之战,云顶S15",251618,90,804,5097,1390,1447,0,0,9911
BV1UBtFzeEgE,114980200387825,1,17,2079,单机游戏,其他游戏,http://i0.hdslb.com/bfs/archive/eea085ad614571a94b7060937375213f38ed1655.jpg,【散人】deltarune三角符文 连续boss战 眼花缭乱精彩刺激（P3）,1754459379,4279,168598,逍遥散人,https://i1.hdslb.com/bfs/face/8a5de2d7486251e80307d8600cbf8649eb4035fe.jpg,7306835,"娱乐,逍遥散人,游戏实况,搞笑,散人,undertale,deltarune,三角符文,推荐宝藏游戏",401554,2120,546,4250,4677,246,0,0,49494
BV1AgtwzhES4,114981341566573,1,159,2031,时尚潮流,明星舞蹈,http://i2.hdslb.com/bfs/archive/220fa4a9f9f6fdd2ca62c15a624ee741561d30c3.jpg,rollin！彻底疯狂！💃,1754476423,88,8366990,-欣小萌-,https://i2.hdslb.com/bfs/face/60368b5e2850cc569328e8b562d90cb28ce5b2cd.jpg,5037936,"舞蹈,Rollin,欣小萌",1079279,786,1511,25439,15665,1081,0,0,68979
BV1GBtKzfEgK,114984847740265,1,21,2183,日常,助眠视频·ASMR,http://i0.hdslb.com/bfs/archive/15fc58ef888db1df7153b3b1000035274f361f19.jpg,＊深入脑内的畅爽 5种气泡穿透与包裹耳朵 ／ 泡腾片 汽水 浴球 触发音  Hi-Res「ASMR小碗菜」,1754539200,1073,4548018,扎双马尾的丧尸,https://i0.hdslb.com/bfs/face/5be61949369dd844cc459eab808da151d8c363d2.gif,1199867,"无人声,声控,助眠,asmr,解压,气泡,触发音,丧妹,我的兴趣很解压",27922,115,202,1198,1478,24,0,0,2548
BV1LyhHzDEvS,114952736083491,1,228,2089,人文历史,时政解读,http://i0.hdslb.com/bfs/archive/baa79fe0c5594bd5a55ae6521696fc39597ef5f6.jpg,欧洲应反思！难民问题为何难以解决，根源到底在哪？,1754215500,780,316627722,世界见闻录,https://i0.hdslb.com/bfs/face/418ca1ae96680bc7d681a842d730e2057955850f.jpg,1713368,"欧洲,难民,财经,社会,国家,经济,欧洲难民",712689,2024,1101,4577,3079,301,0,0,37637
BV16TtnzjE11,114975939038731,1,158,2114,穿搭,鞋服穿搭,http://i1.hdslb.com/bfs/archive/4c6de370937cdc54e31c3fd8ce38456d2c3f5c93.jpg,就“一步” 穿搭变好看？！,1754393735,314,327738805,六一不是猫,https://i1.hdslb.com/bfs/face/47a25ce422a25856af9fa9301c45dceda8f68440.jpg,1071392,"女装,穿搭,服饰,普通人变美指南",166724,212,201,2554,505,146,0,0,13819
BV1UCtVzBExP,114971610518089,1,17,2079,单机游戏,其他游戏,http://i1.hdslb.com/bfs/archive/71be014644efebb8a82e6f52c08215e57f0b48e8.jpg,兄弟!!!你怎么在天上飞！?,1754352000,1232,22073070,空空不秃,https://i0.hdslb.com/bfs/face/5cefeda186585a96aefefc2c6bfea96b1c0a3ad0.jpg,232610,"单机游戏,搞笑,娱乐,多人游戏,沙雕,peak,夏天y",382792,873,345,10995,14203,222,0,0,28884
BV1pvhWzvEXG,114953944046809,1,250,2158,出行,旅游记录,http://i1.hdslb.com/bfs/archive/bfc931c24be78267dd7ba1698228113e8a2d7cce.jpg,入住全球最臭的三和酒店是什么体验｜解压大改造,1754058598,717,388965067,陶一杭Steven,https://i1.hdslb.com/bfs/face/a4d36a09db35aa373323f3b9c2d2d2ae8f894873.jpg,105559,"改造,日本旅游,盲盒酒店,跟着UP主看世界,日本三和酒店,日本生活,酒店,Vlog,旅游vlog,旅行VLOG",679506,3092,1225,9404,11147,1350,0,0,39091
BV1ywhEzXEjv,114951209485949,1,207,2087,财经商业,商业财经,http://i0.hdslb.com/bfs/archive/a83febf4fb8cd94d58ebccf4383ab36c116ce968.jpg,大窑“国货之光”怎么卖身美国了？,1754016578,442,23326926,柳行长,https://i0.hdslb.com/bfs/face/d868b0f12b680115b150cc9d1416f0dfea39c905.jpg,1477574,"社会观察局,饮料,财经,国货,美国,资本,股权,商业,收购,大窑",1164497,4250,7612,3555,528,2723,0,0,20072
BV1PLtKzyEwL,114982951847392,1,21,2167,日常,猫,http://i0.hdslb.com/bfs/archive/baf8676aed5cc0564d37f5e21f09b8a4637e0329.jpg,比死神先来的，是一位卧推110KG的肌肉男。,1754500989,157,15101342,尼克你渴,https://i2.hdslb.com/bfs/face/31db24e8d3db1d7873d8f834de62eabc3f36ced5.jpg,3341,"猫猫,健身,胸肌,肌肉,卧推,动物救助,流浪猫,肌肉男,自律,萌宠过暑假",311125,328,1147,1854,3036,708,0,0,33678
BV19Eh5zsEAT,114966476626686,1,27,2037,综合,同人动画,http://i2.hdslb.com/bfs/archive/a04d33f651271cdb26832236de5cc048d9687c72.jpg,《缇姆利亚》第一集 | 小潮team,1754276400,689,3546922224715867,小潮team动画,https://i1.hdslb.com/bfs/face/54e5a0feca82d061fa8e6e78d860a264cab97bf7.jpg,123716,"搞笑,动漫,原创,动画,高能,缇姆利亚,小潮院长,小潮team,杜海皇,夏日整活大赏",790767,42974,6656,39256,61239,4258,0,18,95345
BV1N9hVzkEjK,114964597579385,1,172,2071,手机游戏,射击游戏,http://i2.hdslb.com/bfs/archive/80c18c1d1dca19e4500f69f743c3947d12735e1a.jpg,难言x：开局一把枪，装备全靠抢,1754220789,319,28440054,难言言x,https://i0.hdslb.com/bfs/face/590588c2e34219cc55859ef2c4046588dd4544ce.jpg,1604085,"手游,FPS,和平精英地铁逃生,吃鸡,难言x,和平精英",3101993,620,266,16269,926,130,0,0,24056
BV1GdtqzmEUc,114986441514492,1,138,2156,搞笑,UP主小综艺,http://i2.hdslb.com/bfs/archive/c7b3034cb27b89f59df8ce516e5b0434f0de74f3.jpg,谁是猜王！,1754554732,520,21855992,屈大将,https://i2.hdslb.com/bfs/face/0745e08c38366d346187ce86dad559d1bd5fbe5c.jpg,343552,"搞笑,生活记录,高能,娱乐,恶作剧,小剧场",113806,573,165,931,1005,414,0,0,13715
BV1HNhNzVEuU,114959379863806,1,219,2168,汪星人,狗,http://i1.hdslb.com/bfs/archive/ed318cafbaf2b618a5ac878fc281d334afd6d97e.jpg,【沉浸式喂蒙古獒】周末五道菜，狗狗下雨天也不愿意在屋里吃,1754141884,104,3546828029036795,高崇元的蒙古獒,https://i2.hdslb.com/bfs/face/c4450692f4c0a7e1d673d5079fe4c28c58770bd3.jpg,6394,"狗狗,汪星人,宠物吃播,田园犬,沉浸式,藏獒,萌宠过暑假",789724,365,643,3496,567,710,0,0,48398
BV1m5tJzQEaW,114974160590398,1,250,2158,出行,旅游记录,http://i0.hdslb.com/bfs/archive/95b0806c03204989c3422eb7bd3b2ea2b03cbb01.jpg,有一种退休叫一毛不拔,1754388000,265,382986457,结巴老爹,http://i1.hdslb.com/bfs/face/19de520d83b6e17160505785cc769f88500a85e5.jpg,1353323,"生活记录,旅游,搞笑,vlog,山东,蓬莱",276900,401,439,688,1721,314,0,0,10852
BV1vrtJzPEsc,114976224188194,1,244,2020,音乐教学,翻唱,http://i2.hdslb.com/bfs/archive/dbc6ce9769ab4e0430b0f85f98caa75ac62ece1b.jpg,K歌软件高分翻唱水平到底如何？【2.0】,1754398280,936,540564177,Jason-老湿,https://i0.hdslb.com/bfs/face/18b51273dd2714f34ca504c47cbbefaeb24c96f7.jpg,2639763,"唱歌,高分,翻唱,粉丝处刑,K歌,全民K歌,歌曲教学,Jason",296551,4358,692,3218,1400,289,0,0,12263
BV1tZtcz6E6P,114981207084613,1,209,2093,职业职场,职场发展,http://i2.hdslb.com/bfs/archive/7d7e8623fe73bc1c68dcab27b4b860754c134f7d.jpg,年薪60万的人《如何给领导订机票》（详细解读版）,1754477211,867,1464874349,打工人代表巍哥,https://i2.hdslb.com/bfs/face/d56b7a9e61ccf5b2b57a73838059ccb85683239e.jpg,37800,"职场,毕业,沟通,框架,秘书,领导,求职,体制内,涨薪,接话",263635,155,826,25015,2724,2410,0,0,13319
BV1ymhnzfEiD,114953692387624,1,182,2001,影视杂谈,影视解读,http://i0.hdslb.com/bfs/archive/75da7ab7c20690b500f9214c6ccfe472c610ae79.jpg,漫威再次烂穿地心！价值观都歪了！千字赤石《钢铁之心》！,1754128800,1653,49960899,BuriedAlien,https://i0.hdslb.com/bfs/face/e41d2f3901e156f708be59a3b4f593779a9adda1.jpg,1352257,"漫威,美国队长,钢铁侠,复仇者联盟,托尼斯塔克,MCU,钢铁之心,复仇者联盟5,万字拉片大赛",2178917,17730,5314,18261,40059,6670,0,44,102744
BV1tf4fzwEin,114980301117205,1,182,2001,影视杂谈,影视解读,http://i1.hdslb.com/bfs/archive/b01abecd6ca35448578b31ce856abab05400ae20.jpg,被狂喷仍有8.0高分，最爽二战坦克题材电影+最帅皮特，万字拆解《狂怒》,1754474400,4251,942755,迷影至下Filmlast,https://i2.hdslb.com/bfs/face/f67d68fb42cf550e624e5db4730388bb5c7eeb56.jpg,2090047,"二战,战争片,坦克,布拉德皮特,狂怒,盟军,纳粹,虎式坦克,谢尔曼坦克,万字拉片大赛",599663,5861,1269,11745,12664,798,0,0,32787
BV1yrtuzWE7Z,114969630803277,1,95,2100,数码,手机,http://i1.hdslb.com/bfs/archive/0b953d6975a371435f32d11a2a35718600cbd3ea.jpg,轻薄重回第一，三星 Z Fold7 值得买吗？,1754301869,612,483311105,先看评测,https://i2.hdslb.com/bfs/face/043200dcc7c02a68a9ce5587ba5d1ebd785b27bf.jpg,2564823,"SAMSUNG,手机,三星超轻薄折叠旗舰,三星ZFlip7,折叠屏,三星ZFold7",362395,521,807,3481,4343,248,0,0,19568
BV17Zt3znEjM,114970620595607,1,171,2070,电子竞技,MOBA游戏,http://i2.hdslb.com/bfs/archive/7ee2cc17352c806e0f950d4516b4de043d1d8251.jpg,邪修流诸葛亮：版本T0对抗！全图可飞！最新逆天科研！,1754312758,157,13972445,老凡Fv,https://i2.hdslb.com/bfs/face/3687d8cbb96a3816ac3868ab17fe0093fd29d957.jpg,591774,"手机游戏,电子竞技,诸葛亮,王者荣耀,王者荣耀夏日盛典,101俱乐部,诸葛亮 白泽动物园园长,诸葛亮教学,对抗路,王者荣耀山海皮肤",431945,84,362,13648,979,688,0,0,11524
BV17nhuzUEKk,114963356065402,1,138,2154,搞笑,剧情演绎,http://i1.hdslb.com/bfs/archive/1ecb1c0d2ed7b4dc5bf1c2ef877d58bfada7c108.jpg,在漫展上认真工作的保安,1754211756,163,1835967,善良的诚哥,https://i0.hdslb.com/bfs/face/181e97f366b1cb2bda57b758cd8874315e41b238.jpg,1139700,"娱乐,生活,搞笑,漫展,射击游戏,日常,ChinaJoy,远光84,远光84公测8月7日,沙雕",492035,210,326,1235,589,145,0,0,34322
BV1KMtPzrEdk,114982129768166,1,138,2083,搞笑,综合资讯,http://i1.hdslb.com/bfs/archive/9db759e3b4144679bb66c386daec02b21baefc5b.jpg,40岁重启人生的前高管belike,1754488354,90,236621565,戏很多的金兑,https://i0.hdslb.com/bfs/face/f24bb4ba6524a06e1ff42a1e14cfd88658fc40f8.jpg,226374,"搞笑,模仿,人生,创业,职场,搞笑小剧场,高管,商务男,重启人生",226096,534,951,905,791,926,0,0,23064
BV1RHh8zBEMV,114958809499858,1,86,2048,特摄,特摄,http://i2.hdslb.com/bfs/archive/86c48d9690e09c57882c58ef620027c6ff0d878f.jpg,"【𝑼𝑳𝑻𝑹𝑨𝑴𝑨𝑵 𝑶𝑹𝑩】""漂泊的太阳，游历四方的浪客！""",1754184900,135,1717489903,白茶YAO_,https://i1.hdslb.com/bfs/face/79f2df750b97c84c4c7842516dd4fab471135f38.jpg,46053,"4K,特摄,赛罗奥特曼,奥特曼,迪迦奥特曼,MAD,动画种草激励计划,燃,欧布奥特曼,伽古拉",101866,1157,546,7544,2922,326,0,0,17945
BV1KntGzvEfz,114970301827939,1,138,2182,搞笑,心理健康,http://i1.hdslb.com/bfs/archive/e9e8b039637cdda3d92f4d72c2ccb46012818116.jpg,过度思考，焦虑症？孩子不是在钻牛角尖，他只是在给自己找活路,1754307724,87,3546883385461219,猫meme小山楂,https://i1.hdslb.com/bfs/face/2c0ab4995c2dde5f5927c6d59d6b3db798ee377d.jpg,23056,"猫meme,焦虑症,过度思考,敏感型人格",1094081,833,1622,49652,3490,3292,0,0,72111
BV17Hh3zdE5G,114964178145127,1,215,2152,美食记录,美食记录,http://i1.hdslb.com/bfs/archive/d451b121bde0905c809c35125ab4c992229cb195.jpg,本以为下大雨生意惨淡，结果却做了这么多，大大的超出了我的想象,1754214518,443,686483429,叨叨龙和花花,https://i2.hdslb.com/bfs/face/40bb6b67318ad4682c374c1c2cd268b7930f4464.jpg,54281,"生活记录,美食制作,创业,家常菜,厨艺,生意,Vlog",861262,440,335,1898,672,104,0,0,13488
BV1Bih7z6E8T,114951494636270,1,95,2100,数码,手机,http://i2.hdslb.com/bfs/archive/d1a79ed9006755d8bd71a6c437baf9884b3b8072.jpg,提前看完苹果折叠屏的样子，我觉得它已经打不赢了。【X.PIN】,1754182800,486,31880257,差评硬件部,https://i1.hdslb.com/bfs/face/224f69a9c045d4c66936620e2cb3feb2054ed43b.jpg,727375,"科技猎手,三星,苹果,华为,小米,手机,iPhone,折叠屏",544588,1782,2024,2821,1512,1343,0,0,16759
BV1ZstBzoE65,114986122741351,1,21,2154,日常,剧情演绎,http://i2.hdslb.com/bfs/archive/0ee971e0efa201436b9bb6a25ee86ea8529d8c08.jpg,我叫1589,1754549619,146,3546899950864647,我要睡觉-1589,https://i0.hdslb.com/bfs/face/2549d9d42ff0324b76d6e7e21eb44e1bcc9df315.jpg,220708,"校园,生活记录,大学生",298070,190,304,6237,715,135,0,0,15730
BV1Kst5z6E2Y,114971157466009,1,21,2152,日常,美食记录,http://i1.hdslb.com/bfs/archive/a47806ced0e5fb595dbef56d3660fd0b348a6e3a.jpg,不装了我摊牌了,1754321597,34,3493269774272811,不是唐嘉琦,https://i0.hdslb.com/bfs/face/6d38e584395f4223678d881a6b1ea2c99225b788.jpg,84043,"唐嘉琦,秒开仙人模式,冰红茶,雪莲",1119644,954,2545,10363,643,2871,0,0,104990
BV1eo8Mz3Ewy,114907202719600,1,17,2078,单机游戏,沙盒类,http://i1.hdslb.com/bfs/archive/e1ba5422d487b36f61e5f40acb66d96088a842e1.jpg,野猪小队-第31集-完整版,1754269200,666,11560113,小麦块,https://i0.hdslb.com/bfs/face/7b424bc6060a4fd2600c48ba25296570b4df4a4c.jpg,212576,"我的世界,Minecraft,野猪小队",2234494,431,103,47365,4271,34,0,58,46050
BV1Cr4Zz9E7j,114979059533865,1,21,2207,日常,随拍·综合,http://i2.hdslb.com/bfs/archive/06d7e2ba309e46befe3aa6e59fd3c56df4737384.jpg,早安！,1754441578,14,3546937055775240,Yasal_170,https://i0.hdslb.com/bfs/face/b5c4750fa3e6ee70555129f7a49b304055d321a1.jpg,1682214,,1135401,4083,5447,6774,12812,1010,0,0,121272
BV1qfhEzCEHm,114952400543291,1,157,2013,美妆护肤,娱乐reaction,http://i1.hdslb.com/bfs/archive/f12f75c127ca330f7f3b0421378b0c77870ea22b.jpg,姐几个又来促进激素平衡了,1754125200,621,430926487,达达达布溜-,https://i1.hdslb.com/bfs/face/c3a05d91e4ed61afaba9bb33ec1ba8e207f2e378.jpg,2084412,"帅哥,高能,娱乐,颜值,搞笑小剧场,分享,鉴赏,真实,心动,粉丝投稿",1617879,21818,1435,28559,8757,3351,0,0,61389
BV1434RzmEp7,114977331484654,1,215,2150,美食记录,美食探店,http://i0.hdslb.com/bfs/archive/4e8b0c1bc0a3d56ab337e5e872850b38d7bf90d9.jpg,环游中国第五站，哈尔滨，我回来了,1754449200,281,1143898753,李哥我饿了,https://i1.hdslb.com/bfs/face/563e58401423f09d84c480c68324102d0cefd3b6.jpg,2084928,"美食,旅行,吃货,种草,vlog,舌尖真探事务所,环游中国,哈尔滨,户外,探店",268576,388,777,2446,1323,1994,0,0,26559
BV1Bht7zAE3B,114973153956948,1,20,2028,宅舞,宅舞,http://i0.hdslb.com/bfs/archive/741a766731f62ebcd0f4745cb2075e7a8a7a87af.jpg,【徐娇】未闻花名Secret Base～生日作～自唱跳【原创编舞】,1754351280,146,6870383,海獭娇娇娇,https://i2.hdslb.com/bfs/face/7b210f2e81fbec726735cb9356a5910c81da7cc0.jpg,577862,"未闻花名,宅舞,原创编舞",1267159,4547,2892,5843,20010,1134,0,0,76062
BV1qmhGzoE7U,114965117671498,1,21,2005,日常,短剧短片,http://i2.hdslb.com/bfs/archive/7bdc00b6d11384dca6ad400089e8363ad172b2dd.jpg,傲慢这一块，早在大白那里领教过了,1754228589,19,3546868311132258,林亿韩,https://i0.hdslb.com/bfs/face/89d58bfe612c5c5177f4f1e3e2e99877beedc3a1.jpg,219146,"短片,原创,大白",1713314,433,1166,25044,6753,3184,0,0,152053
BV1u5tGzzEeA,114970100502282,1,124,2090,社科·法律·心理,人文历史,http://i1.hdslb.com/bfs/archive/12c57033c2d8dbe27969ecd1709ae27a63dbf503.jpg,电影731定档9月18日意味着什么？这个形势你看懂了吗？如何弘扬正确的二战历史观！,1754304859,648,289189019,戏京同志,https://i2.hdslb.com/bfs/face/2f62e073da940299514a06b0ff4d5dc00065c779.jpg,2131590,"历史,日本,电影731,世界反法西斯战争胜利80周年,哈尔滨,918,人文社科,请回答这个时代",995434,4015,2360,16187,15775,1759,0,0,54450
BV1AehHzbEV3,114953122092194,1,21,2154,日常,剧情演绎,http://i1.hdslb.com/bfs/archive/e1d2353689100a1729385b9e0e368380665e5b12.jpg,咖啡店之王牌对王牌,1754045827,160,8259298,港妹妹join,https://i1.hdslb.com/bfs/face/07b99a830d07736e978148d77b733b115ab5c91a.jpg,360012,"搞笑,搞笑小剧场",1662622,4018,3284,13014,7457,10764,0,71,189891
BV1F7twzoEfu,114980921807424,1,220,2094,动物二创,科学科普,http://i2.hdslb.com/bfs/archive/4a9509732451d8ec195748573757b2ff4d4f29d7.jpg,体重超良子的3倍？风神翼龙的飞行动力来自。。？,1754469730,1023,476622861,龙爪洪荒,https://i0.hdslb.com/bfs/face/de24281f737de9ab10b12ac98756796fb5c64a63.jpg,226197,"科普,侏罗纪世界,古生物,科学,恐龙,动物解说,神龙翼龙,翼龙,风神翼龙,动物解说天团计划",106468,558,845,1716,646,284,0,0,5577
BV18dhgzCEXP,114964396246413,1,228,2090,人文历史,人文历史,http://i2.hdslb.com/bfs/archive/8ba24b5f7baf6ec553f7351484b09ce5ae3b83ab.jpg,历史上有哪些传世文献没记载，而是通过考古发现的小人物？,1754301600,1867,328359509,长河飞烟,https://i2.hdslb.com/bfs/face/e3df1f0c94c2ecf2630a60521d403363e5557d88.jpg,187428,"黑夫,弘,人文历史档案馆,王钟儿,陈良绍,洪奕,惊,周闻,陈贤",813155,2924,2506,11701,7329,1015,0,0,41932
BV1uVhJzNEtw,114952518110343,1,21,2186,日常,恋爱关系,http://i0.hdslb.com/bfs/archive/40c5905811c1b13d196645449691f09b933d9997.jpg,男人的谎言 只有男人懂,1754043600,135,1594125242,我是于事_Sh,https://i2.hdslb.com/bfs/face/fa8f97e0972d5b117c834f25cffff608f16008b3.jpg,254953,"情感,双开门霸总,这个男孩能嫁吗,于事讲男人,女生必看",907478,1588,2482,21513,3886,8116,0,0,137519
BV1Tbtjz1Ehv,114974093483921,1,193,2022,MV,VOCALOID,http://i0.hdslb.com/bfs/archive/efa807f4ac418a02255289f96f3949e9dfffe989.jpg,玛莎拉达（マサラダ）入驻bilibili了！,1754388000,52,3546941338159777,マサラダ,https://i1.hdslb.com/bfs/face/9722ff16c047da685a2dc8d7dca509d2d1dd1f6c.jpg,96841,"VOCALOID,重音テト,音乐,重音テトSV,マサラダ,ボカロ,虚拟之声创作计划",400153,2624,8233,18424,15698,7345,0,0,92301
BV1A282zYEv4,114947451326385,1,17,2077,单机游戏,休闲/小游戏,http://i2.hdslb.com/bfs/archive/684e6b7f35fad942c2a72ef1e4ca60961198d7a3.jpg,指导新角色：头羊,1754019000,218,3546562489748303,头牛o,https://i2.hdslb.com/bfs/face/5228dc4405fa65c7b96a9278dc1a634beaabae2c.jpg,256405,"搞笑,植物大战僵尸,娱乐,单机游戏,指导版,沙雕,休闲益智,植物大战僵尸1,推荐宝藏游戏",1782569,1866,1663,14527,1961,441,0,0,45020
BV1yph7zJEZH,114951310086802,1,138,2158,搞笑,旅游记录,http://i2.hdslb.com/bfs/archive/abf8c3915a4170abfc9578bea927c37ff0288ac3.jpg,火热武汉之旅 也没人告诉我太阳天没樱花啊,1754197800,277,434963477,刘大炮007,https://i2.hdslb.com/bfs/face/97bf5ba2eac969bbe56c68aab1c70bc0a1cb0a28.jpg,629218,"生活记录,高能,旅游,搞笑小剧场,武汉,记录,抽象,精神状态",2308345,1415,918,12644,1428,440,0,0,53479
BV1E9tuzLEMR,114969764955742,1,201,2094,科学科普,科学科普,http://i2.hdslb.com/bfs/archive/c6040487d535f0baeff31595980dfa439e84bd53.jpg,动物的繁殖系统和排泄系统，为什么靠得这么近？,1754391600,160,1271916102,上将王司徒,https://i0.hdslb.com/bfs/face/1382786fbc113f7037b3bd4305166085611f737e.jpg,2280830,"生命,系统,科学,生物,动物,人类,科普,自然",910332,659,1604,7375,1246,955,0,0,48580
BV1r7tPzvEgq,114982096341875,1,176,2106,汽车生活,汽车测评,http://i2.hdslb.com/bfs/archive/2994117ab333feccb53c56ed37c01580a75bb752.jpg,全新小鹏P7，丑吗？,1754532000,522,18154819,极速拍档-小乔,https://i1.hdslb.com/bfs/face/114eb32c176b11b5a3f6528335857e698e36fa54.jpg,815606,"体验,外观,电动车,国产车,新车,小鹏,小鹏P7",226544,1951,1248,829,738,1428,0,0,6934
BV1fohnzXEvr,114953256241811,1,138,2155,搞笑,语言类小剧场,http://i1.hdslb.com/bfs/archive/be52382e8fb654a2dacd1e50a06d3941aba352ce.jpg,《我对骨头不感兴趣》,1754107199,122,3493260618106936,伤心欲茄222,https://i1.hdslb.com/bfs/face/1f0cb64d9b62da7db7e6e020b78b6872dbffe55c.jpg,3280100,"搞笑,八嘎,转转,配音小剧场",2279914,1496,1302,8202,3726,1939,0,57,209281
BV1DbtFz6E9A,114980233940892,1,243,2026,乐评盘点,乐评盘点,http://i0.hdslb.com/bfs/archive/d888610389ddb6bad850f071e95f3ab90ca465c7.jpg,【25新说唱第九期上】TT翁杰VT致敬家乡！导师的导师忘词，万妮达瞳孔已通红！,1754460720,1690,404024712,二爱夫,https://i0.hdslb.com/bfs/face/15bb938123d29fca91b34b6e03340434a518269b.jpg,557437,"音乐分享官,说唱,黄子韬,严浩翔,rap,翁杰,嘻哈,万妮达",148734,2467,380,1083,1592,87,0,0,5514
BV1Pf8CzoEqR,114946864056910,1,242,2018,娱乐粉丝创作,音乐现场,http://i2.hdslb.com/bfs/archive/879c11b001446f6b957895423a8c6cca643ccb04.jpg,【TOGENASHI TOGEARI】《雑踏、僕らの街》【BML2025单品】,1754107378,217,403748305,BML制作指挥部,https://i1.hdslb.com/bfs/face/924fb698bc68802a95c123c1f1ff41b3be1e9c9e.jpg,1295926,"LIVE,BML,音乐现场,音乐,现场,TOGENASHI TOGEARI,BML2025",496189,248,1288,12615,5307,4656,0,0,62427
BV1hLhHz6ECN,114953323289266,1,30,2023,VOCALOID·UTAU,AI音乐,http://i1.hdslb.com/bfs/archive/d92395ec75a419bbab873a6a6f59979cf5fa101f.jpg,【AI三角洲全干员】《天真的橡皮》人生呐 能不能放过我这一次,1754048723,170,487301495,饿了自己会捡垃圾吃,https://i2.hdslb.com/bfs/face/d4e066e460b1d948bdb99d7d1001a8ffeb731eae.jpg,256866,"娱乐,音乐,翻唱,游戏,三角洲行动,蜂医,麦晓雯,三角洲欢乐剧场,威龙,三角洲",938684,1702,1365,46183,5793,1924,0,0,56462
BV1ZLtFzJE5n,114980116499731,1,21,2154,日常,剧情演绎,http://i1.hdslb.com/bfs/archive/1bfaf92254a25daabd8750c8bc3a778eded3082d.jpg,我是apple！apple（怒）,1754457959,167,1443546125,阿玉老贼,https://i2.hdslb.com/bfs/face/c03cf386a8e76ac1d3060796d343b4cc829f2f93.jpg,250865,搞笑小剧场,204425,11471,601,2001,871,539,0,0,35399
BV1NitEzUEoH,114974848458524,1,182,2001,影视杂谈,影视解读,http://i1.hdslb.com/bfs/archive/0753dd7f8a17158275edd1ea44d33ac1642701bc.jpg,断骨塑鼻，吞虫减肥，尺度惊人的暗黑童话改编，年度必看恐怖片《丑陋的继姐》！,1754384400,2103,386869863,培根悖论唠唠嗑,https://i0.hdslb.com/bfs/face/225b8ef554ed65ac3c5e137262a252ef4b411e64.jpg,2558806,"惊悚,暗黑童话,电影解说,灰姑娘,恐怖,丑陋的继姐,万字拉片大赛",394374,2006,500,3906,2495,657,0,0,13396
BV1nytjzvEzL,114973590229728,1,161,2148,手工,其他手工,http://i0.hdslb.com/bfs/archive/b4f43dbb83093ab601dd66a48cab04dc72b0ab7a.jpg,灵魂宝石是魔法少女灵魂的实体化,1754358016,18,14709870,在银河里划水,https://i0.hdslb.com/bfs/face/7162f6029b1bdab2a57f1ee7e8add60d32689754.jpg,2056,"二次元,动漫,原创,手工,魔法少女,巴麻美,魔法少女小圆,DIY,魔圆,我的整活手工大赏",399614,43,248,8095,699,877,0,0,65103
BV1oEbSzsEUR,114912655382188,1,251,2088,三农,社会观察,http://i0.hdslb.com/bfs/archive/5e956fc412a84bc00407ec972d21a7dc0a72a2ca.jpg,你吃过公共厕所旁的五元自助餐吗？,1754386200,148,1353065475,我是九日儿,https://i0.hdslb.com/bfs/face/ef3ea526cdfc8eee6a3a2fea64f1e15c1d3ff701.jpg,126729,"正能量,vlog,记录美好农村生活,济南,山东,温暖,好客山东,五元自助餐",1424803,971,1825,10444,74100,1795,0,29,162754
BV1oyhHzDE2n,114952736218657,1,138,2154,搞笑,剧情演绎,http://i0.hdslb.com/bfs/archive/7158d9d5415d791132d95ab389d0c053e3124d9c.jpg,等你半天了,1754039736,155,592107356,房东的肥四四,https://i2.hdslb.com/bfs/face/43b096e1f65f27470b0992d8986e24def9bdd6e6.jpg,777130,"短片,原创,学生作品",777095,488,431,6993,1395,425,0,0,63085
BV1sJgHzLEis,114896532407637,2,172,2064,手机游戏,单人RPG游戏,http://i2.hdslb.com/bfs/archive/e4bf284fa9759d9eac21a95bd0138f139cef7bb8.jpg,《重返未来：1999》×《刺客信条》联动版本特别预告片,1754452800,66,1197454103,重返未来1999,https://i2.hdslb.com/bfs/face/6a1936d5cb5b315311fedbf2d4793c4d404cac83.jpg,2790178,"主机游戏,刺客信条,手机游戏,刺客信条奥德赛,重返未来：1999,重返未来联动,重返未来刺客信条联动,刺客信条2,刺客信条联动,重返未来1999",609602,263,2055,3752,2669,2528,0,0,24051
BV1gZtczrE8B,114981207218148,1,21,2154,日常,剧情演绎,http://i2.hdslb.com/bfs/archive/e3074958e2a09ca0e2f89232f827f7ff7d55f3ed.jpg,短视频里有好多“释永信”！,1754481117,286,489618859,铁柱大导演,https://i1.hdslb.com/bfs/face/46980e2714068cb78550fafe538a37a64fda3abc.jpg,999160,"高能,搞笑,搞笑小剧场,转转回收,少林寺,赵铁柱,转转,抽象,迷信,释永信",319428,1781,833,1775,1332,1607,0,0,21226
BV1z9tuzLEkV,114969765024892,1,76,2152,美食制作,美食记录,http://i0.hdslb.com/bfs/archive/39abb9ba081d0d5c0cc28ef101a1853bfed87535.jpg,他们都笑话我可我偏偏最好笑，终于吃上麻辣小火锅了,1754299626,371,272654283,咸鱼梦想家vlog,https://i0.hdslb.com/bfs/face/567a3dfeeddcfb96ae643bc3d8f6c5e5587830e0.jpg,2536942,"火锅,吃货,生活记录,记录我的美食日常,小火锅,出租屋,Vlog",744252,2768,820,9577,3034,598,0,0,30901
BV1gatnzFE81,114975670539661,1,138,2154,搞笑,剧情演绎,http://i0.hdslb.com/bfs/archive/77023ad3f83953c89058162986905f6ef6cdaac8.jpg,蜿蜒的山路又会带我通往什么地方呢？,1754389714,166,484262091,郑丽芬er,https://i0.hdslb.com/bfs/face/b31a4cd9a55c60f6255e1f59266b369d7f3a1da0.jpg,1044618,"情感,一人分饰多角,家人",351436,215,484,1509,1385,128,0,0,33324
BV1pVtPzMEnR,114982146608638,1,21,2154,日常,剧情演绎,http://i0.hdslb.com/bfs/archive/e20e69e8aa735e4ab25f68bd12e99c02bf515ae8.jpg,考虑了很久……终于做了这个决定……,1754488606,55,3546902050114131,来瓶杨乐多,https://i0.hdslb.com/bfs/face/85c6cf71801410cfe0db8e0fa3d25119c7ed7bfb.jpg,168500,"搞笑,无厘头,段子,抽象",217339,78,331,1383,1369,129,0,0,34947
BV1xxtAzgEjF,114982599527999,1,17,2079,单机游戏,其他游戏,http://i2.hdslb.com/bfs/archive/281da79cca6db5b36ff64b272109e1115f88e73f.jpg,恐龙岛大猎杀（下），艾丰哥相识周年庆，兄弟携手工厂大杀四方,1754496023,2732,3493273226185448,龙岛蛋壳,https://i2.hdslb.com/bfs/face/2389ca291eaee3b0486133845af7c25e3b0c9c9b.jpg,532596,"生存游戏,实况解说,主机游戏,游戏集锦,游戏实况,游戏解说,恐龙岛大猎杀,游戏搞笑,恐龙岛,推荐宝藏游戏",454289,1757,117,19315,804,20,0,0,15181
BV1j5tnzrE1v,114975922196321,1,27,2079,综合,其他游戏,http://i0.hdslb.com/bfs/archive/44792704fc7344fd500f8549f8852eff2a89b117.jpg,《虚环》你看了吗？PV彩蛋“官方”一手讲解,1754393976,2939,401315430,星瞳_Official,https://i0.hdslb.com/bfs/face/35ce8ca063124d4dda5c211039d0eb67eae3c797.jpg,1022598,"手游,虚拟偶像,养成,动作战斗,虚环,实机视频,V圈,虚拟主播,Vtuber,虚环挖梗大赛",306526,1479,838,10408,1820,582,0,0,16863
BV1iMtNz8EFL,114983690046520,1,172,2077,手机游戏,休闲/小游戏,http://i0.hdslb.com/bfs/archive/5a702d3443681f1d3da4668744df403abbaaee2d.jpg,蛋仔派对：大运跌落神坛！蛋小绿又又又又被削弱？超燃新赛季版本大变天更新前瞻！,1754532000,189,241199113,僵尸教授-,https://i1.hdslb.com/bfs/face/30a78bf8e40484e47e8e22a99aa8ec896b3da347.jpg,897779,"超燃竞技场,蛋仔派对新皮肤,无敌凤凰蛋,蛋仔派对发起人,蛋仔自习室,蛋仔奇思妙想计划,蛋仔派对",108050,778,833,3477,730,180,0,0,6112
BV13D4fzqEzz,114980384937925,1,47,2037,同人·手书,同人动画,http://i0.hdslb.com/bfs/archive/f5db0f2dd20f89bcd6bac776efaffd9c69eae6cf.jpg,恭喜老虚，外挂+1,1754474400,388,3546697831549463,药胥虚,https://i2.hdslb.com/bfs/face/632afe5e00b79f415b390dd7cb3e4a073a61cdbb.jpg,257162,"原创动画,二次元,热血",78872,378,231,1974,1567,62,0,0,6478
BV1r6hGzaEPF,114965402884619,1,137,2018,明星综合,音乐现场,http://i1.hdslb.com/bfs/archive/8ee00d23eb16ab5e22140349c9110b82188e09a9.jpg,250802 'NOW' 没有明天｜章昊个人直拍 ©staywithzh,1754235884,256,3546624439617989,staywithzh,https://i2.hdslb.com/bfs/face/c54a19aa0a56a47e6862dd166b863a631bc73c59.jpg,14554,"4K,zhanghao,章昊,章昊直拍",738480,13438,11111,17166,21934,13345,0,0,41564
BV1L2tAzdEYk,114982431755198,1,17,2079,单机游戏,其他游戏,http://i2.hdslb.com/bfs/archive/bb4b8336c0b88c1ebedacc73b535e8f5c2ea9e1c.jpg,恐龙岛大猎杀（上），艾丰哥相识周年庆，兄弟携手工厂大杀四方,1754494227,3970,3493273226185448,龙岛蛋壳,https://i2.hdslb.com/bfs/face/2389ca291eaee3b0486133845af7c25e3b0c9c9b.jpg,532596,"实况解说,游戏集锦,游戏实况,游戏解说,主机游戏,生存游戏,恐龙岛大猎杀,恐龙岛,游戏搞笑,推荐宝藏游戏",461274,1935,102,18113,872,26,0,0,15290
BV12ytizKEHv,114985015446947,1,86,2048,特摄,特摄,http://i1.hdslb.com/bfs/archive/cd9d60f831aab58d8472c69681ab09e2cd052588.jpg,【海外消息】《假面骑士ZZZ》全新PV公开！,1754532331,161,3546911686527726,假面骑士中国官方,https://i0.hdslb.com/bfs/face/641e439d2433b1d1b4db2a35191f0874777e8f8f.jpg,333242,"假面骑士,特摄,假面骑士ZZZ",292263,1377,3039,2788,1078,9752,0,0,13584
BV1iChgzQE8F,114964262030197,1,215,2149,美食记录,美食制作,http://i0.hdslb.com/bfs/archive/2ac160027aee9004cae0048994b604c9d423b51d.jpg,复刻德国战地菜豌豆汤——吃着像炖菜最符合国人口味的一集,1754215666,173,384526715,咕咕的电线杆,https://i2.hdslb.com/bfs/face/01b4e60fe8d7e0bf81d8a5b39fb180e5f4e43433.jpg,10359,"历史,厨艺,美食制作,二战,生活记录,德国,厨房,口味,国产剧情,BILIBILI美食研究所",166513,135,156,6803,672,389,0,0,26496
BV1ZRtnzVEFu,114975418879578,1,212,2150,美食侦探,美食探店,http://i2.hdslb.com/bfs/archive/c8fe091a4a6a976a13b36b283678c06e8e153f05.jpg,云南的菌子你好“滇”，采蘑菇的小老外品尝之后光速投降！,1754385887,961,3537122973714533,老王在中国,https://i2.hdslb.com/bfs/face/5cc0f66946ba560d0ccbd8e5bffc45ac94793cf4.jpg,3449716,"生活记录,舌尖真探事务所,采蘑菇的小老外,云南美食,彩云之南,老外在中国,美食探店,菌子",435400,3861,1990,2221,6675,841,0,0,27836
BV1oLtuz3EJy,114967768533990,1,86,2041,特摄,动漫剪辑,http://i1.hdslb.com/bfs/archive/a928419026322589a232ce729724283afce35b59.jpg,【𝟒𝐊】超魔神英雄传 《ひとつのハートで》凭借这一颗真心 注释着梦想,1754269405,244,309134148,机智帅气的一炫君,https://i0.hdslb.com/bfs/face/d5b4c71f71a5d692960ab5df3da83c75e4ac77aa.jpg,625209,"童年回忆,神龙斗士,机甲,魔神龙神丸,动画种草激励计划,超魔神英雄传,魔神英雄传,龙神号",94477,224,943,4752,2335,1202,0,0,14781
BV1ngtnz5Eos,114975972528821,1,124,2081,社科·法律·心理,海外资讯,http://i0.hdslb.com/bfs/archive/ee4dad3bebf9f4380cf1fb77da2647e2ff03aa51.jpg,【睡前消息935】洪森子孙要当首相 只好卖掉他信女儿,1754397532,1190,316568752,马督工,https://i1.hdslb.com/bfs/face/1c56737dfc0deffffc31c78e0cefb0c3ecf7e000.jpg,2086333,"社会,泰国,英国,美国,睡前消息,国际,首相,洪森,马督工",346578,644,182,2753,6608,592,0,0,16510
BV1NCtnzQEu4,114975267885651,1,216,2063,鬼畜剧场,鬼畜综合,http://i1.hdslb.com/bfs/archive/4b19674eda784b4ad0913cfbfa23543f7af3fb92.jpg,四大门派围攻东方明珠,1754383605,268,91790758,伊介书生,https://i1.hdslb.com/bfs/face/13c550fb549a533ce01182e5699f5efedcccf75a.jpg,389569,"孔子,上海,故宫,东方明珠,广州塔,蜜雪冰城,鬼畜星探企划",1088351,3359,2376,15331,8125,5975,0,73,87859
BV13dhHz5Emj,114952685945315,1,124,2087,社科·法律·心理,商业财经,http://i0.hdslb.com/bfs/archive/f79de8f3233e9e14e8b2290e85e0ab111d563399.jpg,特朗普的对等关税，除了中国没有屈服，其他国家都已点头认栽,1754039254,584,289189019,戏京同志,https://i2.hdslb.com/bfs/face/2f62e073da940299514a06b0ff4d5dc00065c779.jpg,2131590,"美国,日本,欧盟,财经,关税大战,经济,特朗普,人文社科,请回答这个时代,对等关税",719133,898,1493,2594,801,376,0,0,17844
BV1j1tGzEEa1,114970033459353,1,172,2078,手机游戏,沙盒类,http://i1.hdslb.com/bfs/archive/1482c9d076c29600c25c69a091aa7436ed5b8919.jpg,〖我的世界〗极限噩梦惊变500天养老生存第一集！,1754303940,163,603083398,我的世界__白菜,https://i1.hdslb.com/bfs/face/2e3f9bf762c38237820176a961f33753d28c100f.jpg,43909,"沙盒游戏,我的世界,惊变100天,惊变,我的世界生存,像素风",1349983,130,82,45939,1394,52,0,86,44805
BV1bEtvzNEhj,114985686532463,1,238,2154,运动综合,剧情演绎,http://i0.hdslb.com/bfs/archive/263de6250b063af326ab4dcffddda0ce117bf3cd.jpg,一条鱼引发的血案！,1754557200,222,36909511,去种田的向凹凸,http://i1.hdslb.com/bfs/face/66d985e37579b9291acfe949fac1e8706646dcee.jpg,693575,"生活记录,搞笑,搞笑小剧场",113045,1581,883,717,8474,151,0,0,12440
BV14ttjzjEWJ,114974110321978,1,17,2078,单机游戏,沙盒类,http://i2.hdslb.com/bfs/archive/cd9d1d0eaf62f6c121ab9bedfa7da43e615b1714.jpg,一口气看完，鱼卡嘴老年团的恐怖解密《毒药》,1754388000,3715,389407124,我的世界木鱼,https://i2.hdslb.com/bfs/face/c99f2ea3f47cf9c2ac0ba73519c715a2764ee0ba.jpg,2011508,"我的世界,搞笑,游戏实况,恐怖,毒药,木鱼,一口气看完,木鱼乐风,污妖王集团,整点电子榨菜",379671,14154,1911,20079,27094,1449,0,0,52110
BV1a6hVzHEnf,114964480202926,1,47,2037,同人·手书,同人动画,http://i2.hdslb.com/bfs/archive/ce8e0af18f2f38c7921459ea5c54eb2cab9ea1b7.jpg,重生后，都有胆子和校花说话了【07】【第一季完结】,1754219089,732,654552,圆桌动漫,https://i0.hdslb.com/bfs/face/6c1421573d214809ca86aef25bdd23670e00128a.jpg,4749833,"恋爱,公孙雅柔,圆桌宇宙,瑶曦,萧凡",1439417,12602,3014,45236,23392,465,0,42,68725
BV1GXtAzQEEZ,114982364646983,1,65,2071,网络游戏,射击游戏,http://i1.hdslb.com/bfs/archive/c558092174451fcb14cd674175582853d561700a.jpg,《远光84》全球公测正式开启！来，试试你的枪！,1754532000,132,3494362379979305,远光84,https://i2.hdslb.com/bfs/face/fdb4d361b8a5d44610caf61a770c18068381b45b.jpg,169969,"射击游戏,远光84,远光84全球公测开启",1408493,447,1092,5548,5278,605,0,0,16424
BV1Bytvz7ENx,114985401389596,1,172,2064,手机游戏,单人RPG游戏,http://i1.hdslb.com/bfs/archive/db2663469ae8ddffbab97072b86437683260a208.jpg,【1999】艾吉奥多流派玩法教学 全新刺杀体系限定大C！含心相 共鸣搭配 配队选择 抽取建议,1754538867,907,6014992,叫我棉被,https://i1.hdslb.com/bfs/face/e9e613fd43bac62672a5e4c828a07fe155c1965a.jpg,1837561,"刺客信条,游戏,手机游戏,重返未来刺客信条联动,1999,艾吉奥,卡珊德拉,兑换码,刺客信条联动,重返未来1999",169398,565,1675,2775,1207,598,0,0,15324
BV1TatjzCEwV,114973992817510,1,137,2018,明星综合,音乐现场,http://i0.hdslb.com/bfs/archive/b4415a4e8bbf276b8358cd867166ca7c136041b4.jpg,250802 Kcon la ‖ 没有明天 章昊4k个人直拍,1754364838,246,37640684,Forever021Hann,https://i2.hdslb.com/bfs/face/6e2488e1893fce52fee91fa254504dcc3fe2c85a.jpg,3783,"4K,章昊,章昊没有明天个人直拍,舞台,直拍,K-Pop",291019,5004,3060,9032,10784,5451,0,0,22610
BV1MatnzFECS,114975670537951,1,17,2066,单机游戏,单机主机类游戏,http://i2.hdslb.com/bfs/archive/96a216d9fa5462c263b8c411449280bf327bd14c.jpg,这游戏虫子有多离谱？,1754445600,554,29252533,幕川北,https://i1.hdslb.com/bfs/face/e04019772132a134aadbada24aaccbb1bb0dea60.jpg,2592724,"实况解说,游戏,游戏解说,单机游戏,游戏实况,搞笑,游戏集锦,禁闭求生,禁闭求生2,沙雕",230628,481,326,3310,1016,100,0,0,12825
BV1rYtvzREEP,114985854372827,1,21,2071,日常,射击游戏,http://i0.hdslb.com/bfs/archive/fa783152c0a777b03bb33647f29dd3a5451790d8.jpg,暗区S14体验服一个视频全部看完！新枪械、新物品、新机制改动琳琅满目！,1754545280,444,186864384,一只玉儿鸭,https://i0.hdslb.com/bfs/face/ffe8d99e671c4115239ae317d47069fb77062890.jpg,94818,"FPS,暗区突围可颂作者团,暗区版本资讯,暗区突围2077联动,暗区突围S14抢先看,爆料,暗区突围",147138,1528,935,3723,597,1839,0,0,6764
BV1CShnztEdU,114953608501840,1,212,2150,美食侦探,美食探店,http://i1.hdslb.com/bfs/archive/df3b7b7da5339974ba3fdd1d7f2f484ddf478848.jpg,日本人为了让你多点几串烧鸟有多拼,1754053134,313,1062138057,在日本摸鱼的小超人,https://i0.hdslb.com/bfs/face/2bd8156ed92d7427a1d43dcdb1371ea0c5924216.jpg,840268,"外国人,日本,烧鸟",1938519,1690,1585,4014,2096,601,0,0,72575
BV14PtwziEMW,114981139978396,1,138,2154,搞笑,剧情演绎,http://i1.hdslb.com/bfs/archive/58326c2fc83fbf53b541f9eeac385782777a2e6a.jpg,教练说打球要靠脑袋！！！,1754476889,323,20841379,7鲸尾,https://i1.hdslb.com/bfs/face/5686e8bd643556d4b370c0d2c021b5fb347e5321.jpg,882225,"漫展,搞笑视频,生活,排球少年,搞笑,cj,雀巢工作室,OPPOReno14,沙雕,OPPOReno14排球少年联名",582913,690,483,4394,1811,254,0,0,57387
BV1vetLzpEJY,114972281541389,1,215,2149,美食记录,美食制作,http://i2.hdslb.com/bfs/archive/6970cba806561d139dec5724fef10858b32aa76f.jpg,深夜牛油火锅,1754385300,180,39815694,李百万食百味,https://i0.hdslb.com/bfs/face/de2267d876fc7b3dbf5ea161121f67e0dc9983fd.jpg,27893,"火锅,夜宵,我用美食搞事业",1034817,493,1420,6239,3506,1157,0,0,75860
BV1jv4fzmEdA,114978472332596,1,17,2066,单机游戏,单机主机类游戏,http://i1.hdslb.com/bfs/archive/a41c31ed5347cadba768637c498b5532f9b05aa2.jpg,mega宝可梦综合排行榜，第-3名 完全体基格尔德,1754452800,2738,343348,口袋迷ag,https://i1.hdslb.com/bfs/face/0339f625390570205b46ef4ad07f16d172a19123.jpg,1100218,"任天堂,宝可梦,POKEMON,精灵宝可梦,switch2,宝可梦朱紫,宝可梦传说ZA,超级进化,mega进化,ns2",413705,3570,2770,2121,4064,1858,0,0,19377
BV1qitJzqEyJ,114976006083210,1,85,2181,小剧场,两性知识,http://i0.hdslb.com/bfs/archive/4a878fda4cc94b9d90135c9c71ceef0b97c10d28.jpg,为什么那里的味道酸酸的?,1754394944,74,39392099,对话中的暂停,https://i2.hdslb.com/bfs/face/742b4acc37b5c18adb1abcdb27cbd4b6dee3cfb4.jpg,1390138,"成长必修课,味道",260747,101,586,4986,2071,334,0,0,37068
BV1ATtwzeEkN,114981307681928,1,138,2037,搞笑,同人动画,http://i2.hdslb.com/bfs/archive/f1ada7ef3263c65876778da5b3a05f8cbfeea344.jpg,我爸：成绩真的这么重要吗？,1754475711,374,3537117076523810,电子小丑鱼,https://i2.hdslb.com/bfs/face/2e940bf5e06f49ba81e5337f057cb3cf25fd7750.jpg,421528,"考试,原创动画,原创,吐槽,父母,学生,爸爸,成绩,父女日常,校园小剧场",332076,297,290,7047,2056,296,0,0,15758
BV1ZRhTz2EWA,114961879665290,1,172,2027,手机游戏,音乐综合,http://i0.hdslb.com/bfs/archive/07967251ba3d31f50b01e852464f3c654f4cb9f3.jpg,《明日方舟》EP - Little Wish,1754190000,251,161775300,明日方舟,https://i0.hdslb.com/bfs/face/d4005a0f9b898d8bb049caf9c6355f8e8f772a8f.jpg,6658242,明日方舟,1046226,10409,9016,31505,38220,13924,0,39,92579
BV1FetGzdE55,114969949507361,1,218,2167,喵星人,猫,http://i2.hdslb.com/bfs/archive/9a62579095bbfd36656f6b937567fd6f5ee7c456.jpg,哈基米你…还是燃尽了吗,1754302346,10,41519542,短腿小拖宝,https://i1.hdslb.com/bfs/face/4aa756d79a51aab149e4e5ae152587b439534e0f.jpg,587409,"喵星人,动物总动员,哈基米",2285677,549,2389,24373,1274,9721,0,67,176752
BV1GJtjzQEVc,114973858600120,1,75,2171,动物综合,动物综合·二创,http://i2.hdslb.com/bfs/archive/a634c1cfcdc0f54d526a8fbf31fcbcdd2a6e140a.jpg,探访亚洲最大淡水水族馆！新加坡河川生态园！,1754386200,1161,240852096,爱养鱼的卓林,https://i0.hdslb.com/bfs/face/05714fe5ebf7024da7c4f3bf31c184806d677124.jpg,221572,"水族馆,南美,海牛,观赏鱼,肺鱼,新加坡河川生态园,恒河鳄",449634,1065,477,9474,2931,1078,0,0,16038
BV1LktczDEbX,114981576116452,1,21,2037,日常,同人动画,http://i1.hdslb.com/bfs/archive/d9eaa807c333332860cdc27d1ddb50990216db99.jpg,【罗小黑战记2/甲乙/手书/はいよろこんで (乐意效劳)（完整版】又是命苦的一天,1754479907,165,424135848,神奇小马HHHH,https://i0.hdslb.com/bfs/face/81a11be83e69dbb7dce862ab8cbe927a6fd597f1.jpg,1793,"手书,动画,同人,完整版,罗小黑战记2,乐意效劳,电影罗小黑战记2,乙,甲,甲乙",87277,115,447,7943,8814,1547,0,0,18589
BV1dxbQztEap,114913678791271,1,201,2090,科学科普,人文历史,http://i2.hdslb.com/bfs/archive/1f8920a469d3c5d39eacef24469f4bbd59e2f773.jpg,选3到7岁幼女为“神”，不能哭笑，脚不沾地，通过32种考验，月经初潮就要退位,1754042400,723,80900494,捕月说,https://i1.hdslb.com/bfs/face/c90a38ec3f9e90b0adc20a51ec7d7bd4ac1d8bc3.jpg,885265,"印度,奇闻,尼泊尔,都市传说,未解之谜,印度教,活女神,库玛丽,捕月说,万物研究所",4855094,2206,697,20733,1548,491,0,0,54928
BV1gjtGzMEsP,114970150835335,1,210,2148,模玩·周边,其他手工,http://i1.hdslb.com/bfs/archive/3d96d22cee7e608f0493b66887559fe7c8b7967e.jpg,三年之约，第94天，今天上称！,1754306659,325,3546873015044199,电线玩家,https://i0.hdslb.com/bfs/face/a0f26057f69a6d68272a9ee5c799a7cd6e858ab9.jpg,131896,"手工,DIY,Vlog",142244,171,243,796,3581,54,0,0,28733
BV1GKtgzMENZ,114969362500721,1,171,2070,电子竞技,MOBA游戏,http://i2.hdslb.com/bfs/archive/3812651dbfa02eb089c58c32d3989da89fcb0b34.jpg,屯了一年的顶级国宴，只为治好你的厌食症...😋,1754301900,168,88160614,困困君丶,https://i1.hdslb.com/bfs/face/0451880ede12cab7af87e774cad52536934b6bee.jpg,563193,"电子竞技,英雄联盟,搞笑,第一视角,下饭,娱乐,下饭操作,沙雕,MOBA,英雄联盟电竞世界杯",970232,475,196,1319,3745,522,0,0,38255
BV1arhPzfEW1,114959631516157,1,65,2071,网络游戏,射击游戏,http://i2.hdslb.com/bfs/archive/1701b8ff07fd8fdf69e149b58264902b205f6e26.jpg,小蓝大紫怎么取舍？哪个到手纯哈夫币最多？物品单格价值排行一图流,1754145055,179,3546927832500833,鼠鼠博士-三角洲行动,https://i2.hdslb.com/bfs/face/2be1baf0c553d602c092122bf7d22b0c4e6e4b69.jpg,28963,"三角洲行动,哈夫币,鼠鼠博士,新手必看,教学攻略",648806,2845,770,15062,1907,3114,0,0,48961
BV1jGhNzBEHZ,114959564409017,1,65,2070,网络游戏,MOBA游戏,http://i0.hdslb.com/bfs/archive/fc49b42a4fb9a87b3e3b856edec1da8483f02671.jpg,完成不可能的反杀！《柔风亚索集锦》,1754193600,174,282558920,柔风亚索,https://i2.hdslb.com/bfs/face/b3ced8df924833fcb562e6b05d3a6cc3705effd0.jpg,135948,"精彩集锦,电子竞技,英雄联盟,疾风剑豪,亚索,韩服王者",2154975,1139,1663,4451,7101,3558,0,0,74960
BV1bphWzCESh,114953809829477,1,250,4216,出行,骑行,http://i0.hdslb.com/bfs/archive/2e6429fa74bb719a5ef02525e226e270002d05f1.jpg,骑自行车穿越北美洲 到达华盛顿,1754056256,309,510381190,湖远行官方,https://i1.hdslb.com/bfs/face/ed6cc795cc65e543485c62002f91d09e7281f4ad.jpg,321241,"生活记录,旅游",320660,515,505,4755,2828,158,0,0,39232
BV1jy8mzXEig,114948625667643,1,17,2079,单机游戏,其他游戏,http://i1.hdslb.com/bfs/archive/25c64cfab1e36ae00675dea3cdc4a06644c8d26b.jpg,驯 虫 高 手,1754038800,656,546195,老番茄,http://i0.hdslb.com/bfs/face/bc5ca101313d4db223c395d64779e76eb3482d60.jpg,19839979,"高能,老番茄,搞笑,配音,斗虫公园,kabuto park,沙雕,斗虫,推荐宝藏游戏",4629018,3047,1796,61689,23810,997,0,17,149833
BV1fWtPz8Eqa,114981760668760,1,25,2037,MMD·3D,同人动画,http://i0.hdslb.com/bfs/archive/1fe53ddde486e61d38ef6f15449128d40b4d75a7.jpg,「Zannir」空的心事,1754482553,306,3546690971764950,Zannir,https://i0.hdslb.com/bfs/face/f5dbfdac8d27d731282ef76d32c13958a548c95b.jpg,263281,"原神UP主激励计划,动画,MMD,MMD·3D,刻晴,原神MMD,Zannir,旅行者,空,原神",68670,237,298,2672,1900,220,0,0,11660
BV1K2h3zzEcw,114963909708783,1,21,2001,日常,影视解读,http://i0.hdslb.com/bfs/archive/2512feee6d2301e7fce0ba9d2696a487ebdecfad.jpg,我请六国的外国朋友看了《南京照相馆》,1754210451,177,32820037,歪果仁研究协会,https://i1.hdslb.com/bfs/face/216ee0636ee87c8c4293da8b186d5f6f06eea48a.jpg,4508808,"外国人,电影,历史,南京照相馆,暑假档电影",408568,458,697,4325,9445,371,0,0,46919
BV1p4tgzXE8R,114969463037868,1,182,2001,影视杂谈,影视解读,http://i2.hdslb.com/bfs/archive/0425c09485cd084a13410d658df145f4ff78ec4d.jpg,给大家看一段很标准的工业糖精。,1754302513,94,1238206698,酸奶冻冻c,https://i0.hdslb.com/bfs/face/52219b71fcc8a0db44fd49648f70f9315dbfa747.jpg,8929,"恋爱,电视剧,昭雪录,编剧,工业糖精",702081,15823,3976,2694,1014,7605,0,0,40508
BV19gtqzEEr1,114986877783783,1,228,2126,人文历史,户外探险,http://i0.hdslb.com/bfs/archive/fb29eb49b844f21d057263a9ac522aba19154d96.jpg,在广东茂名，有一个大坑突然变成了湖,1754561009,1375,22338935,轨迹球TRACKBALL,https://i2.hdslb.com/bfs/face/09a4a35ff8cede57850d2d7d8400a5266b1f5c46.jpg,42578,"广东,原创,卫星,地理,旅行,自然,地图,茂名,万物研究所",234101,1314,1062,5059,9769,1306,0,0,18306
BV1e3tAzSEnY,114982549198023,1,218,2167,喵星人,猫,http://i1.hdslb.com/bfs/archive/da8756608f867218c7f9735eda3491869794d568.jpg,如果这样都没有任何惩罚，那我是真的不理解了！,1754494711,125,50295692,邓峰萌萌摔肿了,https://i2.hdslb.com/bfs/face/713a3be89cf249f46da935ab047f17e75edab850.jpg,984141,"小奶猫,萌萌哒,萌宠,卡哇伊,蓝金点,金点色英长,点色英长,英长,英国长毛猫",101996,278,616,550,2197,497,0,0,13834
BV1AGtwzcErg,114981257351349,1,17,2079,单机游戏,其他游戏,http://i0.hdslb.com/bfs/archive/85ed172680f0fcc3572c704bf6d7ca01133bd26c.jpg,【舍长】只有一个人，电梯却显示满员了？—闹诡电梯（The elevator）全流程,1754475137,1250,70666,舍长驾到,https://i1.hdslb.com/bfs/face/a6475a08cafd6983663cc25c566ca882eaf2f416.jpg,1032667,"恐怖游戏,单机游戏,惊悚,舍长,舍长驾到,搞笑,恐怖,The elevator,电梯,推荐宝藏游戏",72482,881,332,1442,2650,69,0,0,5365
BV1nEh3zZEVp,114964144592067,1,215,2152,美食记录,美食记录,http://i0.hdslb.com/bfs/archive/b0411d6e160c72fe873ad09e8712aad50d4561e2.jpg,过度的分享只会招人厌烦，但那又怎样，我连这条也要分享,1754213965,79,1873791750,凉湉子的日常,https://i0.hdslb.com/bfs/face/90122b840fc723dc7a39906cbf9acee6e5e2c78c.jpg,2241884,凉湉子今天吃什么,864229,303,221,10903,701,312,0,0,47041
BV1d7tnzzEyr,114975553226085,1,17,2079,单机游戏,其他游戏,http://i2.hdslb.com/bfs/archive/14c81dcfae88e9f1950a3b9371e5e817fc4850b0.jpg,屋里有人睡不着怎么办？没关系，姐姐让它消失。,1754388238,316,19576610,有苏可卿,https://i2.hdslb.com/bfs/face/5f2ae7e1071191d69b9a72c54efae4bfbdb503e4.jpg,1114035,"恐怖游戏,单机游戏,屋里有人,找异常,有苏可卿",143560,242,328,2052,914,225,0,0,8966
BV1wGhpzaEi4,114954648686323,1,138,2154,搞笑,剧情演绎,http://i2.hdslb.com/bfs/archive/f7ea7e23b2d4221c32ebd2b0f60d5e46f97d5ed5.jpg,当公司禁止喝蜜雪■■后，我顶风作案！,1754125200,151,35888636,养胃的霖冬,https://i2.hdslb.com/bfs/face/46c1a8f12b03ddc89fc6b37d5e11e66e31d57625.jpg,834986,"脑洞,搞笑,高能,搞笑小剧场,雀巢工作室,东方明珠,沙雕,手偶剧,蜜雪冰城",1294882,820,903,27519,43451,804,0,71,114623
BV1MctPzjEXX,114982012323946,1,76,2149,美食制作,美食制作,http://i2.hdslb.com/bfs/archive/2877ca2da9f4f38fbfbf3884bca43aa87b6cda6d.jpg,700%还原光头强的干脆面，这玩意儿咋可能难吃呢！,1754487459,292,3546575624210944,二次元的食光机,https://i1.hdslb.com/bfs/face/473bd3905567891dad12d63baba700303debb888.jpg,4991,"美食教程,干脆面,光头强,美食制作,记录我的美食日常,熊出没,动漫美食,动漫还原,复刻美食",143359,135,323,1925,2206,135,0,0,12666
BV1Nkt3zaEst,114970452954524,1,21,2168,日常,狗,http://i0.hdslb.com/bfs/archive/0ba717ae4dbb255fb8b89cf491ab175757f820e5.jpg,爱要互相陪伴，汉堡分你一半。,1754310631,411,3546946425850423,一口一个团up主,https://i1.hdslb.com/bfs/face/33fcb94a59b9c4e52c8e95ef97176c1cf408474f.jpg,390880,"布偶猫,边牧,萌宠,小猫,小狗,日常vlog,萌宠过暑假",295391,679,626,3188,3845,1632,0,0,43251
BV1RYtPzWEHY,114981861332469,1,21,2128,日常,健身科普,http://i0.hdslb.com/bfs/archive/851da443cd51071f2e1f954449f9c084ca756425.jpg,体脂率和性欲的关系,1754484569,325,1024129080,烧毁一切就是美,https://i0.hdslb.com/bfs/face/357c617307c5e04e065618aa2839f103a7b3a8f4.jpg,574779,"健身,减肥,健康,科普,肌肉,两性,增肌,体脂率,必剪创作,减肥人的vlog",527926,602,2276,4535,1376,2278,0,0,12511
BV1LyhHzDERB,114952736082912,1,22,2152,鬼畜调教,美食记录,http://i1.hdslb.com/bfs/archive/13470786bf9dc6d0f4252a802ad87ac8b5a84d22.jpg,虎哥吃羊肉,1754039868,31,1298579146,虎哥二次元教父,https://i1.hdslb.com/bfs/face/9532c3e9b716c364b0af24b645b0e1a5baed1798.jpg,1267139,"生活记录,情感,美食",252899,200,612,732,697,115,0,0,28085
BV13itwzyEPB,114980988983386,1,215,2152,美食记录,美食记录,http://i0.hdslb.com/bfs/archive/785deb5f2837606f06dfe8b9e56e18b9698720ba.jpg,巧克力炸鸡排咖喱火鸡面福袋年糕麻酱关东煮,1754470834,273,35303757,巨爱吃的周黑鸭,https://i0.hdslb.com/bfs/face/aed6a48f41dbf5053d69cdfdf44ff31850fb1cf1.jpg,2614499,记录我的美食日常,566928,762,663,3890,1250,885,0,0,47516
BV1MFtizTE5q,114985569095411,1,162,2090,绘画,人文历史,http://i1.hdslb.com/bfs/archive/dfa400b20dc90ac3496daf76bddd718616519400.jpg,混子哥边画边讲：锦衣卫&东西厂,1754540885,261,3546918961547843,混子哥边画边讲,https://i2.hdslb.com/bfs/face/effd3aa51f0d736931099eb358fc90404dc7e076.jpg,847426,"明朝,历史,人文历史档案馆,西厂,锦衣卫,东厂",78042,393,246,568,884,119,0,0,8713
BV1yCtFzcEEa,114979881618716,1,250,2158,出行,旅游记录,http://i0.hdslb.com/bfs/archive/980c7251046b7b69e8850d5b3fb9e6fe1f9506cf.jpg,住在房车上5年：每天遇到不同的人和事，今天体验大疆扫地机器人,1754481600,1119,513305949,杨旭游记,https://i0.hdslb.com/bfs/face/b70ca845b68ce4795f6f835c58211546b883c136.jpg,1486572,"旅行,大疆扫地机器人,大疆ROMO,大疆ROMO扫地机器人,露营,房车,自驾游,房车旅行,房车生活,旅行攻略UP主激励计划",102464,940,276,623,1657,181,0,0,5904
BV1ZYhbz3Emw,114957198822109,1,256,2207,短片,随拍·综合,http://i2.hdslb.com/bfs/archive/fa6164b490f8fc0d003a1bc8d5b3895046f26722.jpg,挑战在家一个月不被父母发现,1754107966,71,519883222,黄家荣,https://i1.hdslb.com/bfs/face/0cebfeb5bcd7a4d38d8a6c5f2018f63202936d55.jpg,777958,"大学生放假后的现状,暑假在家的生存法则,人间真实,身法,新影力短片大赛",3494361,251,549,14477,1615,1795,0,0,126031
BV15ntnzqEqu,114975586648466,1,124,2081,社科·法律·心理,海外资讯,http://i1.hdslb.com/bfs/archive/80d582c8d7d1ecf17461711bf508bdb1a4ff4226.jpg,一任撒三万个谎但是大数学家：我把药价削了1500%,1754388894,845,346563107,波士顿圆脸,https://i2.hdslb.com/bfs/face/f8f0fc4114bb06a87481abe12faa006a383cbe6d.jpg,5179835,"法律,医疗,数学,懂王,假新闻,MAGA,医保,环球资讯站",836352,4869,2596,3918,3365,1096,0,0,52911
BV1pvhWzvETq,114953944042233,1,182,2001,影视杂谈,影视解读,http://i1.hdslb.com/bfs/archive/1401c818dd5229de7020af184ad579094452bdbe.jpg,“开端”从未开始，真相就藏在开头！不怕剧透的颠覆性解读，十万字细嗦《开端》上,1754105400,13117,479820935,不善言辞的秃秃,https://i2.hdslb.com/bfs/face/93d7f42e08ef889f097de4992adf72fa5e571547.jpg,1004903,"白敬亭,推理,悬疑,剧情向,影评杂谈,解读,拉片,开端,赵今麦,好剧好片重刷榜",912132,13789,2605,23489,24430,1934,0,0,45917
BV14htzzkEp8,114987481701970,1,171,2070,电子竞技,MOBA游戏,http://i2.hdslb.com/bfs/archive/fe7addb643a4a9649d3184351ac30df483890432.jpg,【極人日常vol.26】你不是说玩游戏要笑着玩吗？,1754569994,475,29992385,iG电子竞技俱乐部,https://i2.hdslb.com/bfs/face/487bf0cb89b58ce6baea91d2f2a5b0fc4a2e17fb.jpg,648680,"电子竞技,IG,英雄联盟,TheShy,GALA,MOBA,Meiko,Rookie,Wei",173846,660,1055,560,1322,198,0,0,8067
BV16ftizdEHa,114986793835558,1,124,2088,社科·法律·心理,社会观察,http://i0.hdslb.com/bfs/archive/751676e6a5d079023c803133832594191a103726.jpg,无解的美国航空安全大隐患,1754559373,1233,2034600883,熊猫围观Pan-da-Watch,https://i1.hdslb.com/bfs/face/aff0ebba54388e76ab0b43cc7e3272f9fea707ef.jpg,230391,"社会观察局,空管,美国,航空,黑鹰直升机,航班延误,空难,里根,FAA",29795,437,286,696,1512,120,0,0,2866
BV1qNtAz9Eyd,114980737258447,4,172,2064,手机游戏,单人RPG游戏,http://i2.hdslb.com/bfs/archive/548c27ddda71759779e9b0edacec1605c530ac87.jpg,《原神》过场动画-「炽烈的惊喜」,1754474400,473,401742377,原神,https://i2.hdslb.com/bfs/face/853c4a846793dfbdafd8f16a40d6d8065bdb7c6f.jpg,20091174,"原神5.8,米哈游,miHoYo,原神",311481,1172,3633,6504,7757,720,0,0,48695
BV1gYhuz6EgP,114962953408051,1,21,2071,日常,射击游戏,http://i0.hdslb.com/bfs/archive/c03b376dbeeb922d4f86c5b02439f8be1f54279a.jpg,感觉你是那种人6.0,1754195539,35,1666628639,小怂弟,https://i2.hdslb.com/bfs/face/e922f4c94186a0fa905c771f051c1fe40a8df5d7.jpg,280074,三角洲行动,1254947,198,691,27753,1233,6390,0,0,48652
BV1JwtzzYED2,114987599269704,1,95,2102,数码,摄影摄像,http://i2.hdslb.com/bfs/archive/8786b3eca5ffd949fda91620080a5c78b61170fb.jpg,大疆的第一台全景相机？值不值得买！,1754572608,704,497525820,所长Wy,https://i0.hdslb.com/bfs/face/5137009463f59bf5ed46af3a8779d63ed6ca3304.jpg,1403771,"科技猎手,摄影,相机,数码,DJI OSMO 360,相机评测,全景相机,大疆,新品,值不值得买",152056,649,141,2873,3244,149,0,0,14972
BV1gptqz3EPE,114986475199329,1,172,2064,手机游戏,单人RPG游戏,http://i1.hdslb.com/bfs/archive/0acf0bf30c83fee180c3d03d41299099accc5582.jpg,明日方舟失去舟味了吗【5000字长文】,1754557749,965,165299092,失忆的蘑菇,https://i1.hdslb.com/bfs/face/797b6e2024bf239922a4c88c4eef14c9c7df29ca.jpg,80,"二次元,游戏杂谈,策略游戏,明日方舟,舟味,美术风格,明日方舟创作者应援计划",60189,361,947,964,717,301,0,0,2560
BV1hrhPzfEyJ,114959631517866,1,193,2017,MV,MV,http://i2.hdslb.com/bfs/archive/ad94ea1e18c8f16bfbe98ec2f094c38023214ac9.jpg,雨一直下,1754206200,74,3546872622877434,三点半官方,https://i0.hdslb.com/bfs/face/244bb12aaccb5a61212b38dfa32927ad6c6e9a7a.jpg,190294,"DJ,萨克斯,三角恋,校草,雨一直下",1444834,27099,2751,22899,15160,11307,0,0,164925
BV13f49zoEyc,114977197393320,1,47,2037,同人·手书,同人动画,http://i1.hdslb.com/bfs/archive/09ae64effac06dd4ef6ca8482addb88c826acafb.jpg,全宗降智你敢让我读评论,1754413000,200,3546639987903102,蝎紫蝎,https://i0.hdslb.com/bfs/face/fd36b6a0c34f82acbd8321d2d52bcc7e377fe2a3.jpg,128209,"原创动画,二次元,修仙动画",93172,171,325,2511,616,56,0,0,8007
BV1y1tnznEKG,114975318349391,1,228,2081,人文历史,海外资讯,http://i1.hdslb.com/bfs/archive/87756bc9f560acbc5c83e9be46af1134dc9b1e4e.jpg,心理扭曲、祸乱全球：被公知吹爆的英国到底有多不做人？,1754386204,1496,435931665,军武志,https://i0.hdslb.com/bfs/face/684eecd680183541858b62785ab01be89bacc671.jpg,1489807,"欧洲,英国,帝国主义,印巴,殖民地,巴以",529945,1686,1876,9531,4687,641,0,0,48682
BV1LZtuzkEJ7,114969714625816,1,201,2040,科学科普,二次元线下,http://i0.hdslb.com/bfs/archive/9b620f451ecd5a16c9bc850019e7483ffe267b25.jpg,漫展把脉--总结：肾虚，抑郁，胃病！,1754299976,1638,2142394537,医者正心,https://i1.hdslb.com/bfs/face/9ae2edac55966af9136c783ac2a75b2e9872f08e.jpg,1424228,"中医,漫展,二次元,把脉,Cosplay,问诊",1562484,4986,4383,13478,4519,5335,0,94,86807
BV1KRt7zmE6m,114975033136231,1,21,2040,日常,二次元线下,http://i0.hdslb.com/bfs/archive/1fe6e7933967aadb85b3750ca0615cebcb60e9c0.jpg,排面拉满！带声优去漫展感受神秘仪式！,1754384400,276,210291,蚀血之暗,https://i0.hdslb.com/bfs/face/cf6bd7ce511ef7e277a8825eba9a8b6d2576965c.jpg,665739,"DNF,无畏契约,漫展整活,漫展特种兵,2025chinajoy,腾讯游戏,管泽元,chinajoy,大展宏图,ChinaJoy现场",194705,202,382,1076,1063,60,0,0,4835
BV18ZtAzEEzS,114981978836491,4,171,2070,电子竞技,MOBA游戏,http://i2.hdslb.com/bfs/archive/8cf7faa887a5f133085ef31735c2ebe3ed2378d0.jpg,【2025LPL第三赛段】8月6日 IG vs AL,1754485815,7845,50329118,哔哩哔哩英雄联盟赛事,https://i2.hdslb.com/bfs/face/544c89e68f2b1f12ffcbb8b3c062a3328e8692d9.jpg,15633026,"AL,电子竞技,IG,LPL,英雄联盟,游戏赛事,2025LPL,LPL第三赛段,lol,2025LPL第三赛段",1471094,13782,7388,1759,2497,571,0,0,11751
BV1nYtGz4EUv,114969899238451,1,215,2149,美食记录,美食制作,http://i1.hdslb.com/bfs/archive/7101e40505a0d65e7f0f494f38aa92d169cb4afc.jpg,今年8月能不能在中国见到憨豆哥？我们拭目以待,1754301574,255,1984198637,西班牙陈挺,https://i2.hdslb.com/bfs/face/80a8d4d675bf87beba65d8b2af8f8beb63c6b641.jpg,2254121,"美食制作,外国人,记录我的美食日常,姜母鸭,闽菜,福建",723665,1300,1179,2268,1887,217,0,0,58036
BV1a38mzLEFV,114949330306218,1,138,2154,搞笑,剧情演绎,http://i0.hdslb.com/bfs/archive/3282c429efc3290e4bf58e542a15015d949a25f4.jpg,那些年女主人不在家的日子,1754052600,171,639923249,大瑶同学remix,https://i2.hdslb.com/bfs/face/5e3796f6804b0035f0173b830e9aad5ad51385ca.jpg,1566965,一人分饰多角,771556,401,815,2304,3927,385,0,0,91700
BV124hHzAEMz,114952937478873,1,17,2078,单机游戏,沙盒类,http://i1.hdslb.com/bfs/archive/bd89c91bf61edd8c440644573b582fb990f9c435.jpg,当我们变成美西螈宝宝，并可以不断进化？！,1754452800,453,77257482,小包小包i,https://i0.hdslb.com/bfs/face/1973496f77111d69b07c2058054dc73ac2f23a00.jpg,1595555,"沙盒游戏,生存游戏,单机游戏,我的世界,Minecraft,小包小包,mc,推荐宝藏游戏",678667,249,93,26599,1725,34,0,0,28653
BV13VtGzgE4R,114970117283742,1,138,2154,搞笑,剧情演绎,http://i0.hdslb.com/bfs/archive/27965738562909255ebf3dc986623500077d01c1.jpg,《你眼中的自己vs实际上》,1754306937,269,478610686,郑凯伦伦伦,https://i1.hdslb.com/bfs/face/24a1b4a4a5cb2287f9892c3f9be60f3668733e85.jpg,1534324,"搞笑,荣耀GT,荣耀400,2025ChinaJoy,荣耀平板GT2Pro,荣耀平板在CJ现场成电子鸡蛋,VS",1479395,885,1367,9851,1258,370,0,90,98467
BV1EXhtzzEHW,114957299490106,1,17,2001,单机游戏,影视解读,http://i0.hdslb.com/bfs/archive/33a532665574d6c020f17ac1a9a9f6ecb2c58faf.jpg,浪浪山小妖怪你可能错过的彩蛋和细节【彩蛋艺术馆】,1754125200,295,14254182,黑椒墨鱼,https://i0.hdslb.com/bfs/face/17550b299af458ded02ed532814484054b2ded81.jpg,1662301,"小妖怪的夏天,浪浪山,浪浪山的小妖怪,浪浪山小妖怪,上海美影厂,中国奇谭",564456,471,1401,1836,659,1023,0,0,14133
BV1PgtwzaELR,114981341238904,1,182,2009,影视杂谈,娱乐评论,http://i0.hdslb.com/bfs/archive/b9477479e9f9938c4ae3b8e1488e1047ba161fab.jpg,今年看过最好笑的综艺《地球超新鲜》,1754476285,954,34189415,low君热剧,https://i2.hdslb.com/bfs/face/fabe17ef4b344336b872e3ded46a4a4b11140e7f.jpg,2928422,"陈赫,孙红雷,王玉雯,欧阳娣娣,地球超新鲜,李乃文,龚俊,陈星旭,刘宇宁,娱乐吃瓜大会",700133,6251,2802,5430,3302,3763,0,0,21789
BV18wtPz1EgF,114981928506435,1,172,2064,手机游戏,单人RPG游戏,http://i2.hdslb.com/bfs/archive/34a03b952564b374a29117098c78fadc21b086e1.jpg,【蔚蓝档案】国服礼奈正式实装！伟大也需多言，人权礼奈 为啥强 强在哪 怎么用？一个视频给你答案！礼服日奈详细技能分析,1754485100,366,383713994,冬咕菌,https://i2.hdslb.com/bfs/face/ce69a72fabcaa4d968fde4559c3c3b6bb21b3be5.jpg,92798,"蔚蓝档案,蔚蓝档案二周年,礼服日奈,角色分析,人权,教程攻略,技能解析,周年庆,游戏鉴赏家,碧蓝档案",66090,1252,1388,909,595,378,0,0,6218
BV1P5tPzqEAK,114982062659295,1,17,2078,单机游戏,沙盒类,http://i1.hdslb.com/bfs/archive/3c5e83a1f2d7d5e76abd82f3ef314f3d1cfc09a0.jpg,BTW比狼好德爷求生噩梦模式第三期：终于是烧好了四个铁粒制作铁凿子之后挖出了工作台，接下来可以挖一整个铁矿石或者煤炭了，下期的目标就是制作出铁镐。,1754487503,388,1357768667,青蛙o-o,https://i2.hdslb.com/bfs/face/a312d641eb3db888096e0186cbdf3658ac92ee7d.jpg,102944,"沙盒游戏,生存游戏,我的世界,游戏实况,德爷,BTW比狼好,BTW,噩梦模式,像素风,推荐宝藏游戏",242670,135,99,2638,692,36,0,0,9284
BV1cjtwztEy6,114981274129306,1,250,4219,出行,攀岩,http://i1.hdslb.com/bfs/archive/88a9521782ade1fc17a5d45ac14569548d8871a2.jpg,精致女孩悬崖便利店过夜，差点回不来了,1754475643,155,1079749458,提款姐,https://i0.hdslb.com/bfs/face/43c00f281ebe8b31bf23ac4a5ebceacb5e8a8b49.jpg,149473,"悬崖便利店,悬崖,精致",202092,261,460,1064,5706,460,0,0,26119
BV1hat3zMEAw,114970838697059,1,213,2152,美食测评,美食记录,http://i2.hdslb.com/bfs/archive/524e668fe023629d3cf01b49b1c95cdccfa04491.jpg,云南大理生吃猪，猪皮40元一斤，肉15元一斤，一天卖3头猪,1754359200,140,470990524,小食光光,http://i1.hdslb.com/bfs/face/3e46a8fd368745553ab9a86a0195947033e67ad3.jpg,172963,"街头美食,云南,大理,传统美食,生皮",1477040,631,1219,733,705,739,0,0,17689
BV1iShGzxEjy,114965100895300,1,21,2037,日常,同人动画,http://i2.hdslb.com/bfs/archive/971e858a84b25c2d6603cd22b148afd9eddac151.jpg,😱爱音捡了一沓钱😱,1754228423,101,3546651645970961,UV唐大头,https://i2.hdslb.com/bfs/face/f4a31b23d11128feb844907888636983794ada68.jpg,13424,"二次元,迷途之子,AVEMUJICA,MYGO",234755,209,777,10092,973,4924,0,0,27114
BV1EStjzwEMy,114973808334152,1,65,2073,网络游戏,动作竞技游戏,http://i1.hdslb.com/bfs/archive/914e41ef1d2e007a2fec7e29c658e65e8112a713.jpg,宝哥增幅上头强丢18武器成功！激动到当场猝死！有冲19的机会了！刺激！,1754362026,451,295589476,一只小小的醉猫,https://i1.hdslb.com/bfs/face/a93e227dd65d7df0096681d63844e40ed14c7981.jpg,141714,"武器,游戏,DNF,增幅,宝哥,旭旭宝宝",657003,857,1681,514,780,669,0,0,5504
BV1ghtFzgEC5,114980284336369,1,47,2037,同人·手书,同人动画,http://i1.hdslb.com/bfs/archive/26113a01e9851a97306f31fd22c79419ca953c2c.jpg,精灵科普1-3合集 宝可梦竟被说是魔兽？必须科普！,1754460211,1151,60468723,湛绫枫动漫,https://i0.hdslb.com/bfs/face/e103369770e3be9fa25561344af9b555ca0e97fc.jpg,61678,"少儿,科普,二次元,动画短片,原创动画,宝可梦,精灵科普,合集,原创动漫",2608787,95,93,87727,4319,32,0,26,67552
BV1wxtMz1Ewm,114968305343425,1,213,2064,美食测评,单人RPG游戏,http://i1.hdslb.com/bfs/archive/5d0166b14d8911cd371938e6ed629685f56d78e2.jpg,明日方舟太好玩了，太有意思了，一点也不杀熟，必须玩到关服！,1754277467,316,1205045754,不信邪的斯坦,https://i0.hdslb.com/bfs/face/155d807e6142dc5e5d678146843eb1592266f1ce.jpg,521880,"策略游戏,抽卡,二次元,明日方舟,美的太太,塔防",425580,3470,3306,1879,2174,1881,0,0,37127
BV1pvtAzPE9y,114982297538736,1,201,2207,科学科普,随拍·综合,http://i1.hdslb.com/bfs/archive/2911028409a1845787ac2ead1368a57545a5bd19.jpg,新暴雨冷空气来了：广东暴雨区将向北转移，南方桑拿高温即将增强,1754491082,222,547072854,中气爱,https://i0.hdslb.com/bfs/face/e5f6be30a18988ed92f677e6a47a346270172081.jpg,2626526,"台风,暴雨,酷热,梅雨,桑拿,干旱,40度,特大暴雨,万物研究所",366555,1113,1856,914,849,1399,0,0,22121
BV1QhtFzuE8X,114980284274702,1,17,2079,单机游戏,其他游戏,http://i2.hdslb.com/bfs/archive/72ad32371a11612539090eb415db02e71977b480.jpg,一款连国外平台都没过审的国产游戏！《爱之巢》最新Demo！,1754459988,276,6724070,孤独音符,https://i2.hdslb.com/bfs/face/2af1f8c98427b19b3ad4ae652723d92bfc5e6450.jpg,1244064,"独立游戏,STEAM,单机游戏,游戏实况,莲花池池,爱之巢,demo,meta,游戏鉴赏家,推荐宝藏游戏",284773,414,369,10972,847,337,0,0,22692
BV19btwzEEpT,114980871472440,1,76,2153,美食制作,美食综合,http://i0.hdslb.com/bfs/archive/14bbbac203785ae8b2924acebce8691829bc12d9.jpg,专业厨师带你细看《一饭封神》第一期（入围赛）,1754476122,4920,440242122,西厨李狗蛋,https://i0.hdslb.com/bfs/face/25f623e717f87e0a1da9fc20036ad2997e75594a.jpg,210608,"美食,美食节目,综艺,搞笑,娱乐,一饭封神,惠灵顿牛排,谢霆锋,九转大肠,一饭封神申请出战",84994,2136,699,1000,1922,276,0,0,3302
BV1ac4RzsE7Z,114977180488965,1,21,2158,日常,旅游记录,http://i0.hdslb.com/bfs/archive/f142fc41df91ac5165402822f09d1847a0cfbd85.jpg,俄罗斯二哥一家中国行正式开始 北京高楼大厦看懵了？,1754453400,514,542507083,贝加尔阿楠,https://i1.hdslb.com/bfs/face/ba79fa31cb3a4bb6efea1fc308afdce44e69ab52.jpg,844218,"北京,生活记录,歪果仁,俄罗斯,豆汁,高楼,中国高铁,中国行,外国媳妇,寻找100个宝藏vlogger",440105,3131,1165,2565,11555,137,0,0,25859
BV1wotwzcEub,114980770879197,1,215,2152,美食记录,美食记录,http://i0.hdslb.com/bfs/archive/009af92e9d43e58c8779cfdc4e238c65044bf412.jpg,干了一天的活 累坏了 没挣多少钱 还加了点餐 一点都不美滋滋啊,1754478000,545,3493135445396192,魏光乐呀,https://i2.hdslb.com/bfs/face/03f7a7c6baab652d823529bb523d67e1d8189101.jpg,228919,"生活记录,炸串,出租屋,变态辣,Vlog,新疆米粉",296921,394,220,2624,1436,57,0,0,7924
BV1MWt5z3EdS,114971107137263,1,21,2154,日常,剧情演绎,http://i0.hdslb.com/bfs/archive/b9add346a2ef5cbda975eab35d3dafd315c723c7.jpg,沉浸式小众禅意私房菜,1754320941,146,8259298,港妹妹join,https://i1.hdslb.com/bfs/face/07b99a830d07736e978148d77b733b115ab5c91a.jpg,360012,"情感,高能,给整活儿加点艺术",483936,744,1109,1946,589,810,0,0,38700
BV19CtMzAETi,114968456337978,1,21,2154,日常,剧情演绎,http://i0.hdslb.com/bfs/archive/2473567713135a0244cc5bc697cd43ab43a06d66.jpg,当你在vintage店看到了自己的旧衣服,1754279780,148,8259298,港妹妹join,https://i1.hdslb.com/bfs/face/07b99a830d07736e978148d77b733b115ab5c91a.jpg,360012,给整活儿加点艺术,589116,323,577,1799,527,515,0,0,49847
BV1bzt3zYEur,114970821923833,1,21,2104,日常,自制发明/设备,http://i2.hdslb.com/bfs/archive/db295f331a20730c82c6322b685e8a4919f2341c.jpg,上个月工作报告,1754316441,91,2068622664,猪坚强jqsg999,https://i0.hdslb.com/bfs/face/9c96f2865b9ba331b7318758f2d34916c6804565.jpg,1233481,"机械,自制车,大人也要玩玩具",2131532,1081,1947,16615,11439,2437,0,49,188898
BV1mJtvzeEsw,114985669824153,1,207,2089,财经商业,时政解读,http://i2.hdslb.com/bfs/archive/2f0916cdaf48575ae42bc6d43477ae94ccaf6221.jpg,特朗普对印度累计加50%关税，两大赢学激烈对撞，特朗普炒股时间又到了,1754542480,622,2233213,星话大白,https://i1.hdslb.com/bfs/face/9121c29bcd697b79661a84dcc3da37d00aef9ee3.jpg,826669,"美国,印度,莫迪,关税战,特朗普,贸易,关税,美股,贸易战,青年用「财」图鉴",149671,234,482,926,1468,96,0,0,8793
BV1cTtFzdEmb,114980535930263,1,21,2154,日常,剧情演绎,http://i0.hdslb.com/bfs/archive/6e06bffcf9900293efcdd22acb119af1ae18ca28.jpg,小黄 ：血脉压制……,1754464168,60,695472344,应激兄弟1,https://i2.hdslb.com/bfs/face/ea041df38ef4922b2691ad670dc6af87921084a0.jpg,624767,一人分饰多角,984796,495,304,15164,977,411,0,0,72491
BV14ttjzjEp1,114974110321947,1,17,2066,单机游戏,单机主机类游戏,http://i0.hdslb.com/bfs/archive/5c220b3d5791abe5f0a09da1ffbf59b729d0c4b0.jpg,还在藏？有没有可能不是废案！而是地图彩蛋~ps5也可以！,1754365840,154,34795043,小洛超爱玩,https://i2.hdslb.com/bfs/face/5b94fbcc2c0d6d6374d7988ac552a6758db7ebcb.jpg,11323,"彩蛋,黑神话悟空,黑神话悟空邪道速通,动作游戏,废案,邪修,推荐宝藏游戏",772041,371,534,3041,507,662,0,0,17872
BV144tNz7EeK,114983488720779,1,172,2064,手机游戏,单人RPG游戏,http://i1.hdslb.com/bfs/archive/37469aaf788fe7f5232670910a1076ae2820dde8.jpg,当我尝试拍出伊涅芙的美……,1754537400,156,384667818,小星想叭叭,https://i0.hdslb.com/bfs/face/84437d711796c8900078c6ab86600989ebf21ed6.jpg,570976,"二次元,原神二创,原神5.8,伊涅芙,原神伊涅芙,原神",149220,200,184,2731,1340,403,0,0,20864
BV1ZatMz6Esy,114968238227864,1,216,2063,鬼畜剧场,鬼畜综合,http://i1.hdslb.com/bfs/archive/a56c82390c6b88021436d5d171cd6aa8d6b2e8fc.jpg,旺仔小乔唱哭大佐《樱花树下的约定》,1754276280,199,7098437,天天吃八碗,https://i2.hdslb.com/bfs/face/43ea324534e97601266bcd56d0fc9b833f03d413.jpg,185113,"旺仔小乔,硬核劝降,你给我刷过几个子,沙雕,黄绿合战10th-黄队应援",1076331,2242,2003,10220,3138,4350,0,0,58650
BV1o4h3zpEwe,114964060838938,1,251,2166,三农,农村生活,http://i0.hdslb.com/bfs/archive/d9b4b670d3bc2065d0f82c25a8b953304d3e6d6a.jpg,在农村卖货一天能赚多少钱？,1754212653,1111,1468914255,李福贵1,https://i0.hdslb.com/bfs/face/5362e90869a67fe8d9972a4a7e70187e687c5c56.jpg,460059,"生活记录,赚钱,乡村",274376,1658,1275,2388,27275,587,0,0,43260
BV1DAhLzsE81,114966057257641,1,17,2071,单机游戏,射击游戏,http://i1.hdslb.com/bfs/archive/80cf2efe2c438821c368cf23feb6944f35a5f1e8.jpg,【4K·60FPS】这代战地值得预购吗？！这个视频告诉你。战地6多人模式抢鲜试玩体验（无解说）,1754246606,1753,7947131,影佑,https://i2.hdslb.com/bfs/face/868fb8bbc4ba70692e8c1ebfcd5852c5a2e0685f.jpg,498320,"射击游戏,FPS,battlefield6,预购,战地风云,战地6,多人模式,游戏试玩,Steam,推荐宝藏游戏",533018,2846,4099,1684,856,4766,0,0,8692
BV1W2h8zHEeB,114958541003336,1,212,2150,美食侦探,美食探店,http://i2.hdslb.com/bfs/archive/755a25881649b5bd8ccde56e61608c9270320f73.jpg,日本超相扑尺寸饭！普通人来挑战到底能吃完吗？,1754130926,603,405279279,平平出击,https://i0.hdslb.com/bfs/face/87bbab304eff564ec50d999f4c163f2ab225b896.jpg,772717,"4K,烧烤,吃货,日本料理,自助餐,平平出击,记录我的美食日常,沙雕,挑战,探店",748853,2232,853,3239,13900,851,0,0,38437
BV1eUtvzyEMf,114985619491726,1,172,2064,手机游戏,单人RPG游戏,http://i1.hdslb.com/bfs/archive/66926b44e83d8ef466a573d1c01217aef4c4cee8.jpg,【原神】史上最低配幽境N6三间连打！全员0+0三路共4限定金横扫幽境危战N6（5.8版本）,1754541757,446,8352634,米酒Yahalo,https://i1.hdslb.com/bfs/face/25d7ea1694f6d73d12a391ac9f74058e216868fa.jpg,24710,"原神UP主激励计划,玛拉妮,玛薇卡,幽境危战,伊涅芙,主播,必剪创作",62550,243,967,532,606,1318,0,0,2585
BV1XUtGzLEqc,114970066947334,1,124,2081,社科·法律·心理,海外资讯,http://i1.hdslb.com/bfs/archive/d5183df9a86485e9fe432a92189ee6187c5519cb.jpg,实操打假：独家特殊渠道曝光“懂王强奸13岁幼女”？！,1754304349,1926,346563107,波士顿圆脸,https://i2.hdslb.com/bfs/face/f8f0fc4114bb06a87481abe12faa006a383cbe6d.jpg,5179835,"法律,犯罪,懂王,萝莉岛,假新闻,MAGA,民粹,环球资讯站",916816,9191,8297,9235,40223,1884,0,58,76036
BV1bEtczTESi,114979697070160,1,172,2064,手机游戏,单人RPG游戏,http://i0.hdslb.com/bfs/archive/1d281a120718cb3e3c9b00383c8e0d69cd5e1a35.jpg,☆应声虫之歌·尼尼河畔☆,1754451285,65,30973654,网易阴阳师手游,https://i1.hdslb.com/bfs/face/bb6d1772f8eee23d1a7e725fa7780e3441a86a46.jpg,1769413,"阴阳师,MV,阴阳师手游,应声虫,阴阳师樱梦游园",849660,1597,1449,12337,15955,992,0,0,19151
BV1WctnznEf6,114975737643366,1,228,2090,人文历史,人文历史,http://i1.hdslb.com/bfs/archive/716e67ae40969c5fdfb793671bf4231f81f22bdc.jpg,从贫穷农业国，到首批发达国家，仅用20年，弗朗哥是如何带领西班牙，实现跨越式发展的,1754406000,1347,584762039,多明海,https://i2.hdslb.com/bfs/face/7be8894320351048691d993c2f73a9bced2fe884.jpg,1221137,"西班牙,内战,欧洲,经济发展,发达国家,弗朗哥",228367,736,711,3451,2336,237,0,0,10830
BV1KjtMzQETq,114968741550329,1,130,2016,音乐综合,原创音乐,http://i0.hdslb.com/bfs/archive/eb941189a24313efa4ba6d35f50703edf2ec2b99.jpg,小娃pt.2--（OfficialMusicVideo）亚细亚旷世奇才,1754287237,141,2010145557,亚细亚旷世奇才,https://i0.hdslb.com/bfs/face/57c02f89b264a290d62f88b432de9c887137f130.jpg,925288,"MV,原创音乐,4K,新世代音乐人计划原创季",1758457,42738,5620,48275,55814,5314,0,7,203205
BV1PgtPzgEnX,114982112988512,1,173,2001,桌游棋牌,影视解读,http://i0.hdslb.com/bfs/archive/79614795d57bf44e80ebdc021e941bbf40f8086d.jpg,三国杀up锐评新三国146：说出吾名，逗汝一笑！,1754532000,1548,8878219,吃蛋挞的折棒,https://i1.hdslb.com/bfs/face/de18d4ff5c0b5dc4c76a56a4ffde6bee9cea6bef.jpg,662608,"三国,三国杀,三国演义,新三国,影评杂谈",299211,6597,1911,2080,10568,371,0,0,17432
BV1DEtvzNEnc,114985686602638,1,218,2167,喵星人,猫,http://i0.hdslb.com/bfs/archive/553e6435c2ee4ea280361f4c2b1e1a4b4576fee0.jpg,我和二炮的故事,1754557200,177,472070874,二炮啊,https://i0.hdslb.com/bfs/face/b0ad57e0be48b0483f003b9338538e2e7a48cc66.jpg,138359,"田园猫,奶牛猫,故事",99990,339,571,1128,2114,645,0,0,17879
BV1Hp4RzgEn3,114976878499788,1,201,2094,科学科普,科学科普,http://i1.hdslb.com/bfs/archive/cdba777de76076bd9ef4bf24a893a3a88495bde7.jpg,这次广东特大暴雨，到底有多厉害，为什么会这么厉害？,1754408745,241,547072854,中气爱,https://i0.hdslb.com/bfs/face/e5f6be30a18988ed92f677e6a47a346270172081.jpg,2626526,"台风,广东,竹节草,季风槽,梅雨,极端天气,40度,特大暴雨,龙舟水,万物研究所",809759,2134,6244,2810,1804,7773,0,0,35377
BV1nztqzbEQg,114986290520053,1,130,2014,音乐综合,娱乐综艺正片,http://i2.hdslb.com/bfs/archive/39f4506fa30fd4bda7a28304a2cc2b1c30a96cca.jpg,【RIIZE】Just Vibing in Anton’s Room,1754568000,411,3537106035018583,RIIZE,https://i1.hdslb.com/bfs/face/a09da03bea7876da2e58a17ab22ec2ca2c9c8911.jpg,478430,"RIIZE,RISEandREALIZE,SURPRIIZE",37004,1570,600,1034,980,451,0,0,4741
BV1nDh8zUEwi,114958423558324,1,21,2154,日常,剧情演绎,http://i0.hdslb.com/bfs/archive/90d979c4ac6c8dea6eb375c9f4588e3b02932d58.jpg,《人类吸收过量盐分的话》,1754126904,130,594136614,芮予猪猪,https://i0.hdslb.com/bfs/face/3c8c2a66aab3c00fd2427a884b33196eedf22940.jpg,187747,"意想不到的结局,剧情,反转,搞笑,搞笑小剧场",4757890,1589,2635,74596,17850,7515,0,7,381516
BV1dVhAzFEdC,114941612922357,1,220,2171,动物二创,动物综合·二创,http://i2.hdslb.com/bfs/archive/c1e844be5c130e7bba6f4378d9758412111f88e7.jpg,那些动物们的用餐时间！,1754040600,479,43484780,蒙哥马利愛学习,https://i2.hdslb.com/bfs/face/e13340353698301f500dc66a0328d1a8e38c9e75.jpg,674429,"汪星人,喵星人,动物,动物世界,神奇动物,搞笑动物,可爱动物,萌宠日常,动物观察,萌宠过暑假",652487,1097,221,5294,1043,791,0,0,43491
BV1Fztqz8ESf,114986290645658,1,250,2159,出行,旅游攻略,http://i0.hdslb.com/bfs/archive/601555f348e3d1fcb9b9656e7ae5aaa66a8efb1b.jpg,为了来到西安，我花399报了一个夕阳红铁腚大巴纯玩团,1754560800,2126,3546620459223145,Iren阿瑟,https://i1.hdslb.com/bfs/face/1ca6765be45648c4cd1de65d027fde18ac24e104.jpg,107355,"西安,生活记录,二手推荐,铁腚旅行,转转,二手手机,旅行攻略UP主激励计划",66183,1869,526,745,1869,380,0,0,3450
BV1cYtczZEcX,114981475584874,1,228,2004,人文历史,影视正片搬运,http://i1.hdslb.com/bfs/archive/8a6c461326cdcaf09892f5ae82e628fbb0b03f5e.jpg,从10%到30%，巴黎急救的救命“神器”【守护法兰西S03E94】,1754478496,984,3493278460676126,TooT嘟嘟旅程,https://i2.hdslb.com/bfs/face/505a6b86a1e6a579dd75bce011fa817c87cfd7e1.jpg,623071,"巴黎,法国,译制片,社会,配音,二创,急救,消防",54641,584,556,1126,1963,242,0,0,4722
BV1imhHzUEVv,114952769706755,1,182,2009,影视杂谈,娱乐评论,http://i0.hdslb.com/bfs/archive/0dce04204117e78979873e29026fbd64b16a91ac.jpg,13岁前乞讨，22岁当影后，39岁跌落谷底，50岁重回巅峰，她的人生比电影更精彩！,1754101800,918,34189415,low君热剧,https://i2.hdslb.com/bfs/face/fabe17ef4b344336b872e3ded46a4a4b11140e7f.jpg,2928422,"惠英红,我爱你,燕云十六声,在燕云暑期版本安家了,燕云新武器唐横刀,燕云武学宗师惠英红,怪你过分美丽,宫心计,长辈,血观音",522606,1174,891,4112,5210,502,0,0,23769
BV1DWtEzoELQ,114974714367327,1,47,2037,同人·手书,同人动画,http://i2.hdslb.com/bfs/archive/7b41daca8198ec21e9e95c9e6382e7799a3d4e91.jpg,【鸣潮小剧场】Wonderful U,1754375109,67,71940941,唤林和小PK,https://i2.hdslb.com/bfs/face/c0973a9a2efadbe7040d72c0491ad39aadaf642d.jpg,266393,"手书,同人,弗洛洛,鸣潮小剧场,漂泊者,意难平,鸣潮2.5版本二创",413748,387,2608,34261,59304,8110,0,0,81098
BV1EztAzhE1S,114982180097723,1,21,2095,日常,其他知识杂谈,http://i0.hdslb.com/bfs/archive/d06b3c41d22b7ce20f538b17c44c69564a709a64.jpg,搬家去吉隆坡，孩子上学语言不通咋办？我一开始其实也很担心！,1754560200,543,3546668504975400,vivi可爱多的唯一小号,https://i0.hdslb.com/bfs/face/69aba30b62cb60d7a7378c5473ab3289a8e847ed.jpg,291702,"教育,生活记录,学习,小朋友,出国,家庭教育,吉隆坡,我的养娃心得",69083,151,196,604,931,221,0,0,8017
BV1KNhpzTE3M,114952786415325,1,21,2154,日常,剧情演绎,http://i1.hdslb.com/bfs/archive/4b8e0e18a78238a70bb9304d9f389ae60c742f53.jpg,b站让我用十秒留住观众（物理）,1754107500,288,9354231,快乐的台长,https://i0.hdslb.com/bfs/face/84f1b28f5b474e298603fc7b85eba8545dac968c.jpg,1298337,"恶搞,高能,娱乐,生活,搞笑视频,搞笑,小剧场,学生,台长,我的离谱暑假",1595467,22228,650,24050,4853,968,0,0,85090
BV1GutgzNEvg,114969395860253,1,137,2014,明星综合,娱乐综艺正片,http://i0.hdslb.com/bfs/archive/3f2969b181312eca1bd0d41da18422f2b6432d3b.jpg,【时代少年团】《小炸的暑假生活》03：暑假拍了部偶像剧,1754301600,1740,3546630773016865,时代少年团,https://i1.hdslb.com/bfs/face/cffb453787f60a1f13cd49deecc5974e2dad40ff.jpg,3411719,"时代少年团,小炸的暑假生活",1218770,268485,3244,16989,16643,2389,0,84,63105
BV1tntGzvEnU,114970301898632,1,172,2077,手机游戏,休闲/小游戏,http://i0.hdslb.com/bfs/archive/ff7ecbaa978e52046f3fb4cad8ee5f89a039b140.jpg,把野人关进盒子里会怎么样？,1754307753,75,2051751572,搞笑小番茄,https://i2.hdslb.com/bfs/face/12f8a3ee63323eacac01bda4c15358383252436b.jpg,171160,"娱乐,搞笑,dongdong羊,蛋仔小剧场,蛋仔新赛季,纪律委员,野人,沙雕,蛋仔,蛋仔派对",366038,707,418,5874,1100,131,0,0,9651
BV1tX4oztEsb,114977448984955,1,213,2100,美食测评,手机,http://i1.hdslb.com/bfs/archive/5576a40269a287c902e78fe02eb31fd456d7dd98.jpg,最近有伪装哔咔等apk的远控木马，大家小心点,1754417181,255,22839600,佛珠战神,https://i0.hdslb.com/bfs/face/004c663fbb8bc42eafafb30e27ab9c761fb54bae.jpg,428823,"安卓,手机,感染,安全,病毒,木马,最新,远控,远程控制,手机病毒",182543,95,1141,4114,567,3205,0,0,16885
BV137tqzyEdy,114986592640800,1,172,2071,手机游戏,射击游戏,http://i0.hdslb.com/bfs/archive/e177b338e25f2525c75beffbb5fd9d067aa501a5.jpg,粑粑流无名首次进军航天，最终被撵回家,1754556225,348,1809444890,三角洲-安澜,https://i2.hdslb.com/bfs/face/e714b2642ce045e441a21dd29e94a72d3f7f3f8e.jpg,302747,"航天,三角洲行动,单三猛攻,无名教学,幽默静步人,粑粑流无名,安澜三角洲,粑粑老祖,三角洲攻略课堂",242923,595,1054,1614,1382,1058,0,0,23367
BV1BNhAzvEBf,114941428304404,1,215,2152,美食记录,美食记录,http://i0.hdslb.com/bfs/archive/679bd070c866a7ebcbdc1cf4e8debb08732f3305.jpg,成都18一碗的猪脚饭自助，卖西班牙老外81不过分吧？,1754042400,329,1984198637,西班牙陈挺,https://i2.hdslb.com/bfs/face/80a8d4d675bf87beba65d8b2af8f8beb63c6b641.jpg,2254121,记录我的美食日常,1331401,2526,2525,6654,4669,625,0,0,104253
BV1P38UzNE2s,114948407563049,1,250,2159,出行,旅游攻略,http://i2.hdslb.com/bfs/archive/2868fd63193e4ca22bb033595ab3d351440e4ede.jpg,日本这个岛，房价低到离谱，但你得住在活火山边上，你敢吗？,1754038800,1207,2948981,冷水煮乐器,https://i2.hdslb.com/bfs/face/a97526320e4c1bbea446f11d8da43321e5a080ae.jpg,1230627,"日本,日本文化,日本旅游,日本美食,旅游,生活记录,伊豆,旅行攻略UP主激励计划",2328069,5770,2421,12317,13030,3416,0,0,61887
BV15NtHzqEgS,114975368615399,1,138,2157,搞笑,街头采访,http://i0.hdslb.com/bfs/archive/daa11a41e26b2c8d25e72863c1a4a0eb1f3947d0.jpg,《谁 输 谁 社 死》,1754386424,259,632887,伢伢gagako,https://i1.hdslb.com/bfs/face/38d85946c9cd0cf159e4d646be63fad36c2486c1.jpg,2316406,"搞笑,伢伢,胡桃,cos,永劫无间,社死,永劫无间开启电竞版苏超杯,苏超,整活,搞笑研究所",1173265,758,348,6262,908,154,0,0,40746
BV19stFzVEcS,114980082946009,1,212,2207,美食侦探,随拍·综合,http://i0.hdslb.com/bfs/archive/dc3a6bae705dbe85c7e04c06af67a8899c214dff.jpg,在贵阳恨不得一天吃8顿，攻略都给试出来了,1754471100,194,662658732,玲子reiko-,https://i0.hdslb.com/bfs/face/a8d629cf26aadac92df23448177860842cc8e133.jpg,1770218,"贵阳,记录我的美食日常,贵州",170531,207,413,1083,582,793,0,0,20405
BV1ZwhGztEms,114963406391911,1,65,2071,网络游戏,射击游戏,http://i1.hdslb.com/bfs/archive/65a8cb6077a3a55eecb3568b58a01c079ddf2112.jpg,零号大坝42个刷红点位，有图有真相！,1754202505,423,3546950758566307,功不唐捐的鼠鼠,https://i0.hdslb.com/bfs/face/member/noface.jpg,462,"FPS,零号大坝,三角洲摸金,教程攻略",466680,1540,1617,6910,957,1902,0,0,14934
BV1o9h5zhEPP,114965822380547,1,17,2078,单机游戏,沙盒类,http://i1.hdslb.com/bfs/archive/62642e7c3145c037445582cf0143773abee60fbb.jpg,mc萌新展示跑酷圈人均操作2.0,1754239268,72,670240955,Whisky02,https://i2.hdslb.com/bfs/face/475c7f3e9a9c99b066c483f11966c0856964a0b6.jpg,456,"我的世界,我的世界跑酷,我的世界手机版,像素风,菜鸟",261949,2350,383,1872,672,64,0,0,17458
BV1LuhGz9E9Y,114963591010927,1,171,2070,电子竞技,MOBA游戏,http://i1.hdslb.com/bfs/archive/a79dd4fa26564cd4c67540196d83a52d2514dfbb.jpg,不是我喜欢的残血，直接开大！！！,1754215200,186,262503053,佐悠-Leisurely,https://i2.hdslb.com/bfs/face/79fef1e68d835d382d582e227e05a8737515a9ce.jpg,1911804,"娱乐,电子竞技,诸葛亮,搞笑,王者荣耀,王者荣耀夏日盛典,诸葛亮峡谷小动物团长,MOBA,王者荣耀山海皮肤",902409,753,836,4438,5683,2287,0,0,62434
BV1X482zLE6a,114947400927906,1,17,2071,单机游戏,射击游戏,http://i1.hdslb.com/bfs/archive/fb40fe42758b3381215f1d7a747287903c2a24e0.jpg,跟我的汤姆逊说去吧！！！,1754040924,149,3493145360731002,二二二二狗司令,https://i0.hdslb.com/bfs/face/ed26269c4c32cede29e989f46c3b22aabcfc9c78.jpg,111162,"丧尸边境检察官,推荐宝藏游戏",2382102,341,340,5208,1918,270,0,0,50346
BV1M7tgzfEwn,114969496522875,1,85,2002,小剧场,影视剪辑,http://i2.hdslb.com/bfs/archive/1ee190deb4a7bbda2fee0bdf5fcbdb64ff6a845c.jpg,见过啃老的、啃小、啃对象的，没见过啃…..,1754295659,148,416180052,叶公子ye,https://i0.hdslb.com/bfs/face/798fcd114e6a6a689027925d3b930ea068873ddd.jpg,408640,"爱情,搞笑,对象",1772344,852,1269,13487,544,5493,0,0,24316
BV11rh8zREkD,114958322965704,1,164,2152,健身,美食记录,http://i1.hdslb.com/bfs/archive/efbb1d81605385c271deb8189f1432539b705318.jpg,真是甜咸永动机，好吃哭了,1754125207,280,44708078,努力的橙子薄肌,https://i2.hdslb.com/bfs/face/9e8c6f9069289454b54ac1aca54e7046bfdd2e1a.jpg,607584,"吃货,永动机,Vlog",1307587,1423,1752,7860,5496,5145,0,67,157655
BV1nYhJznE8Y,114952366989017,1,182,2001,影视杂谈,影视解读,http://i1.hdslb.com/bfs/archive/dc688b62549afc438664bac766a5f9931a2b37da.jpg,猛男必看榜排名第1！主角光环也抵挡不了黑道大佬的的魅力！,1754042400,773,604710494,长片短解,https://i2.hdslb.com/bfs/face/6ccceba6ec8fe60d700f9f7c2910c08d70b03fe3.jpg,2452903,"电影解说,经典电影,动画电影,二手推荐,二手手机,转转,宠物,爱宠大机密,猛男必看,好剧好片重刷榜",5898964,774,762,23329,1426,788,0,63,58964
BV14JhJzFEvy,114952182432204,6,172,2076,手机游戏,女性向游戏,http://i1.hdslb.com/bfs/archive/f94703e8acc84a81e1876f0a94998012431d8d6f.jpg,【无限暖暖】1.8版本丹青季 活动攻略合集 史丢丢/拍照/丹青寻踪,1754031548,2683,1773346,莴苣某人,https://i1.hdslb.com/bfs/face/2a973191e45f611699c85d404baee50163a6f2ec.jpg,5564846,"暖暖,手机游戏,游戏,丹青季,无限暖暖,无限暖暖创作者激励计划",344155,194,292,3683,5864,204,0,0,8688
BV1EN4dzrErU,114976677235788,1,138,2154,搞笑,剧情演绎,http://i0.hdslb.com/bfs/archive/3d5a889d2ba9154655fb9e80ea98b1cbe755fccb.jpg,当小小人玩cosplay,1754405033,66,595646,菇菇米_Gugumi,https://i2.hdslb.com/bfs/face/29e7293d5523401bd60cfb037036c38936bbc345.jpg,290507,"创意,娱乐,搞笑,生活记录,小小人,搞笑研究所",414025,153,160,1206,762,150,0,0,41193
BV1bzh3z5EDD,114963658115312,1,168,2006,国产原创相关,AI影视,http://i1.hdslb.com/bfs/archive/d8b64626fcc31f83285b71ad69819bf66862071f.jpg,我只花一天时间做出韩立结婴,1754207278,351,3546920945453709,韩胶带本尊,https://i0.hdslb.com/bfs/face/7e63e9892175bd2aa0fba36d5e7b587d5680e3ea.jpg,12240,"剪辑,电视剧,古风,动漫,韩胶带,韩立,银月,瓦卡奖VACAT征集大赛",816763,720,1341,2331,4317,1145,0,0,22477
BV1TDhLzpEfG,114967617471881,1,176,2176,汽车生活,亲子互动,http://i0.hdslb.com/bfs/archive/7c37c5841c2c47f9d8533657856da8f55d27049d.jpg,这一刻你可明白年少有为的意义,1754267110,58,3546946497153141,理想阿煜,https://i0.hdslb.com/bfs/face/06b162110c01c4099eaefd0efe52dc1005c86d65.jpg,65928,"少年,情感,意义",860338,189,259,7663,730,50,0,0,35405
BV1JfhnzpEaM,114953306642785,1,250,2126,出行,户外探险,http://i2.hdslb.com/bfs/archive/c927e605c34a22811614ad39ddd7f98a0ecd763a.jpg,《埃及·红海》第2集：用时两天一夜，探索资源贼好的偏僻小海湾！不仅收获好多巴掌大的海螺，还解锁了好多叫不出名字的大鱼！,1754103600,1353,1497330079,OK哥环球探海记,https://i1.hdslb.com/bfs/face/aa0720a9f930e03569ac61092d207d164ce5122f.jpg,2104532,"AI,夸克AI,埃及赶海,真的假的问夸克,渔猎,夸克,潜水,赶海,红海,海岛探索",2081192,5998,1051,24738,25839,1597,0,99,69064
BV1t5h7zRESd,114951393908721,1,21,2131,日常,健身身材展示,http://i0.hdslb.com/bfs/archive/7a93bc41ccbc6465f290d7677c1e69fa922c77f1.jpg,退伍第十一年！祝战友们八一节快乐!老兵的决心永不变！,1754019376,26,17239951,战辉,http://i1.hdslb.com/bfs/face/5154a78828836f8ae97454b3568ea83997098df9.jpg,2478863,"美好的精神状态,军人",2435100,817,2052,11140,13488,825,0,48,351552
BV1ratcztEVY,114981492296673,1,172,2064,手机游戏,单人RPG游戏,http://i2.hdslb.com/bfs/archive/17914f92da97cd9f43bf2cd421b29310ea4bc6d2.jpg,【抽取建议】海瑟音dot队的最佳第三人是谁？搭配黄泉是否可行？一期视频带你了解海瑟音的机制与实战表现！,1754478663,723,24413732,法拉拉Astral,https://i2.hdslb.com/bfs/face/fd78a14f8ab29b1abb2d3d00aaf62d5eab0a339d.jpg,150378,"黑天鹅,养成,黄泉,卡芙卡,缇宝,崩坏：星穹铁道创作者激励计划,创作者体验服,海瑟音,抽取建议,伤害占比",111696,431,1759,590,655,384,0,0,4618
BV1WZt7zyE93,114974932344700,1,138,2005,搞笑,短剧短片,http://i2.hdslb.com/bfs/archive/1f441a7e2107eae7fdf10f3d550e673c2444770c.jpg,恐龙岛当保安日记.第二天,1754391600,503,3546704072674069,文导剧场,https://i1.hdslb.com/bfs/face/2ed036ed4948f89dba6ec9731a6f715764dac7b1.jpg,24166,"末日,恐龙,原创,末日生存,短片,原创短片,恐龙岛,流量,原创故事,动画短片群星计划",153788,409,426,6196,2487,236,0,0,25034
BV1LhtPzdEiz,114981676848411,1,241,2009,娱乐杂谈,娱乐评论,http://i0.hdslb.com/bfs/archive/bec82ce167505843ede902e344f833122251522b.jpg,维权还是卖惨？赵露思炮轰经纪公司事件点评,1754481448,586,517312875,动物园会议,https://i0.hdslb.com/bfs/face/1abb3a208e4ecbdfa6e8b719247e0c0d21564758.jpg,809049,"解约,盘点,吃瓜,赵露思,娱乐吃瓜大会",293309,4103,2179,1259,1432,830,0,0,13487
BV1Z4tPztEzs,114981660004983,1,238,2137,运动综合,武术,http://i0.hdslb.com/bfs/archive/cf0298363042da5a5dae9b293df2a072441ef0b0.jpg,1000万伏电压！实拍巨型闪电下真实渡劫画面！,1754557200,260,1455861172,剑客范十三,https://i1.hdslb.com/bfs/face/22bbff153cd72367ba69d553ee5853f321529324.jpg,2374832,"梦想,诛仙,4K,神剑御雷真诀,诛仙2手游,玩诛仙2,诛仙2手游8月7日破劫公测,渡劫,武侠梦",257492,341,296,1346,965,179,0,0,9397
BV1rXh8z7EM2,114958473960142,1,21,2156,日常,UP主小综艺,http://i1.hdslb.com/bfs/archive/8051d7d17ec07402606585ecfa1fd36eed4bbb76.jpg,《第七条怪谈》,1754127718,646,3546731908171869,是许木木啊,https://i0.hdslb.com/bfs/face/dd7af55fc5361c6a343356958efce19fa6326d89.jpg,1405061,"影视剪辑,剪辑,日本",4513566,6695,4036,90397,14638,7018,0,7,309997
BV1vJhTzrENg,114960319450783,1,183,2207,影视剪辑,随拍·综合,http://i0.hdslb.com/bfs/archive/94e34cca2bd8caf54053408f15a23970cbc09aaf.jpg,《胜利队之虎》胜利队哪个部门最危险呢？,1754179200,65,362139248,阿飞乱剪呀,https://i2.hdslb.com/bfs/face/fa4d425d984768de2418953207ae32b871db8906.jpg,13163,"周星驰,鬼畜,逃学威龙,吴孟达,曹达华,重案组之虎",2041766,554,981,9429,5259,9361,0,0,56209
BV1SgtJzsE2t,114974143811798,1,183,2002,影视剪辑,影视剪辑,http://i2.hdslb.com/bfs/archive/1d5d0f58ff2917b343d481813938dbc18436fdd1.jpg,真的很喜欢这种结尾，这又是谁的青春呢？(第二期）,1754366473,197,111578972,前前前世的陌生人,https://i2.hdslb.com/bfs/face/caa531d35eb71a06403da433b0549fe623675dfd.jpg,337483,"周星驰,电影,星爷,剪刀手安利大赛,大话西游之月光宝盒,名场面,回忆杀,大话西游之大圣娶亲,新精武门1991,B站好片有奖种草",668636,706,297,7067,2054,393,0,0,35011
BV17CtGzSE8F,114970050237325,4,172,2064,手机游戏,单人RPG游戏,http://i2.hdslb.com/bfs/archive/12262f34be4b1a4d06ca035e900d6550eb956c1c.jpg,《绝区零》爱丽丝角色PV | 淑女的信条,1754366400,929,1636034895,绝区零,https://i0.hdslb.com/bfs/face/f013e3aacdc4e3254a476648e1cec3f39b7df097.jpg,7532244,"手游,ARPG,PC,绝区零2.1,迟吟的浪涌,爱丽丝,动作游戏,米哈游,绝区零",1888285,20209,7891,27993,50393,9886,0,5,171217
BV1tHtvzAEiw,114985720092767,1,220,2170,动物二创,野生动物·动物解说科普,http://i0.hdslb.com/bfs/archive/793a662051b1c6ff1da39de771be491d4024b227.jpg,《 羊 顿 力 学 》垂直岩壁上的舞者,1754557200,363,149574778,即刻自然说,https://i1.hdslb.com/bfs/face/5a0239b3c7d4defffd7017ca454d0fed48d993a9.jpg,558725,"生命,励志,动物世界,纪录片,羱羊,高能二创,阿尔卑斯,神奇的大自然,动物科普,萌宠UP主加更计划",406843,260,547,2091,3242,188,0,0,21423
BV1WPtnzEEJr,114975771202777,1,85,2154,小剧场,剧情演绎,http://i0.hdslb.com/bfs/archive/b8160e79060c8696801e04c9ce60d7eb649deabb.jpg,陈翔六点半：你们说这是脑子的问题吗？,1754391319,212,19286458,陈翔六点半,http://i1.hdslb.com/bfs/face/aad3b1bb735d2bd4066805f2a84892644fad8e2a.jpg,3223435,"陈翔六点半,搞笑小剧场",1119990,421,474,2695,1943,370,0,0,25612
BV17rhHzXESA,114953105179012,1,215,2149,美食记录,美食制作,http://i1.hdslb.com/bfs/archive/085f08cae2901080a759b3812cd8a158e8613d16.jpg,炒牛油火锅底料,1754045413,165,3546720050874607,周大签,https://i1.hdslb.com/bfs/face/b751598f79820c96e946f0fac2e4cd91441093cb.jpg,212903,爱豆安利挑战,2715639,1837,1643,3706,1375,721,0,0,68816
BV1iStqzQEMH,114986240252986,1,76,2152,美食制作,美食记录,http://i0.hdslb.com/bfs/archive/bf0d6311433c53d56a6ed8474c8bc0af47713e7f.jpg,沉浸式体验厨师长晚上下班偷偷加餐，开小灶,1754558100,878,472229397,张森的日本料理,https://i0.hdslb.com/bfs/face/ac3b108b97e8a8415476ca5db05b71ea1fdf965a.jpg,290392,"厨师长偷吃,美食记录,深夜美食,我用美食搞事业",122186,714,588,704,1035,301,0,0,15059
BV1kHhLzGEqM,114965587500255,1,21,2063,日常,鬼畜综合,http://i0.hdslb.com/bfs/archive/01267c9b921f2331d1527f6a9d51e77386a373a2.jpg,穷吃菜富吃虾，有钱有势吃王八。,1754236100,86,3461565288286498,小付同学t,https://i1.hdslb.com/bfs/face/3e948382a80cb04a08af921908641f48b7241243.jpg,46105,"生活,万恶之源,影视剪辑,迈克尔杰克逊,搞笑,男神,莲花落,上头了,必剪创作",641673,408,815,8438,5834,3394,0,0,50313
BV1CmtFztENH,114979764175148,1,172,2064,手机游戏,单人RPG游戏,http://i0.hdslb.com/bfs/archive/c72e6a6a0a60ba0f5f2e9492d0a35ceee5943643.jpg,人人都能抄的作业！幽境难度5全0命通关教学，间均2金，无纳塔人！,1754452082,434,365139335,这把我们就遇到高手,https://i2.hdslb.com/bfs/face/b0b3870a055d4aef09b5541ee58e48ce7fc88575.jpg,213292,"原神UP主激励计划,龙芙,幽境危战,抄作业,教程攻略,难度5,原神",209155,210,2361,1320,812,1351,0,0,4300
BV1bctwzBEAz,114981106423367,1,95,2099,数码,电脑,http://i2.hdslb.com/bfs/archive/e8b2a82ba88329d3338f67ec79927dd7abbb2c60.jpg,即便到顶级，依然性价比！14999！9800X3D+RTX5080+2TB+48G+B850+360水冷！,1754481600,269,470231396,装机侠林BB,https://i2.hdslb.com/bfs/face/73d6ff6f3fec7ab6c043ab7a5c97074c938ffcfe.jpg,572026,"数码,科技,装机,显卡,电脑,性价比,电脑装机,整机,配置推荐",102158,175,588,1533,1137,490,0,0,3266
BV1xPtizeEhk,114985250393434,1,17,2079,单机游戏,其他游戏,http://i2.hdslb.com/bfs/archive/d20a2a4b2c81834f272670994af73f5051d3412e.jpg,每折磨他一次，你就能获得一美元！想赚钱必须下狠手！,1754539978,1765,1767542,笨尼尼子,https://i2.hdslb.com/bfs/face/9a00259681e96cd04c9136344b100c28374d1d65.jpg,1620974,"惊悚,独立游戏,单机游戏,猎奇,恐怖游戏,恐怖,生存恐怖,伪人,推荐宝藏游戏,BloodMoney",259339,2683,825,5136,3379,460,0,0,15694
BV1zahKzCE4y,114960839482364,1,65,2071,网络游戏,射击游戏,http://i2.hdslb.com/bfs/archive/070c1b2e05672c6dfd8e15e94281a6a47da89094.jpg,致我玩这么久第一次有这样的跑刀经历，谢谢你们,1754163504,269,220277361,波奇BQQ,https://i0.hdslb.com/bfs/face/248ec119bd42cc1edffe8e9d95254ce36e864711.jpg,2442,"射击游戏,FPS,跑刀,三角洲破壁新赛季上线",627034,833,5473,10666,13658,2365,0,0,60724
BV1KgtPzgEvP,114982112990171,1,172,2073,手机游戏,动作竞技游戏,http://i0.hdslb.com/bfs/archive/2311a4a901deb4ef68c6d6fb4f774ae71da6f18c.jpg,【萌黄速报】剧场版活动再登场！轻松季即将开启~,1754488152,164,441897078,火影忍者手游情报君,https://i0.hdslb.com/bfs/face/3c975d44586143dd0eb4b121a3437bc8cc696610.jpg,2668403,"火影忍者,轻松季,活动,格斗游戏,火影忍者手游,火影手游,火之意志继承者,活动爆料",274233,1759,2877,2619,625,625,0,0,10537
BV1A7h4zyEmb,114956259299239,1,201,2094,科学科普,科学科普,http://i0.hdslb.com/bfs/archive/7b424dff324a49081516dad7395c567d7cd308db.jpg,呼吸坟场：从铁肺到浓雾的生死账,1754093569,433,1208823126,大圆镜科普,https://i0.hdslb.com/bfs/face/9c34ee4b8041dd6f2139c52287c8d34a0a42f230.jpg,445803,"生命,科普,科学,健康,生物,呼吸,AIGC,每天一个健康知识",1131089,1340,684,14671,4592,899,0,0,114915
BV1wM4Zz7EMS,114977482478379,1,17,2069,单机游戏,即时策略游戏,http://i1.hdslb.com/bfs/archive/a9e9a2d832de18587b9240b3315880e6e26fc9b6.jpg,红警一群三星防空车！拆巨炮就是快，配合灰熊一波拿下！,1754438400,836,1629347259,红警HBK08,https://i0.hdslb.com/bfs/face/66ab5bd4e218aeb663e13b6871b46b2894800416.jpg,2137667,"游戏解说,实况解说,游戏集锦,红色警戒2,红警,三星,红色警戒,搞笑,即时战略,防空车",182996,896,235,532,1903,89,0,0,11672
BV1xEhbzQEab,114957014342733,1,17,2066,单机游戏,单机主机类游戏,http://i1.hdslb.com/bfs/archive/f2d3f9d1dd44bd8ac333cd162bc8f0049ca4f7ea.jpg,人仗虫势这一块,1754111100,309,15002163,拧不动啊真拧不动,https://i0.hdslb.com/bfs/face/512d55096f492f14722988501e7a800020320b26.jpg,1334093,"游戏实况,禁闭求生2,电子榨菜,推荐宝藏游戏",2048133,1142,1614,29686,2776,7098,0,74,89775
BV1sjhLz1EWR,114965637766480,1,172,2077,手机游戏,休闲/小游戏,http://i2.hdslb.com/bfs/archive/f848f6bbfe8668978cff7b71f3f225ce6232dd77.jpg,蛋仔派对：兔仙的南瓜保镖！,1754236624,149,64621079,隐秘的兔仙,https://i2.hdslb.com/bfs/face/a557213fddae799ef9963d790ea571ce22b7ddf0.jpg,470426,"蛋仔派对南瓜入侵,隐秘的兔仙,蛋仔奇思妙想计划,蛋仔派对",1427267,326,345,17671,1168,27,0,0,18433
BV1amtJzFE5v,114976157078769,1,138,2179,搞笑,健康科普,http://i2.hdslb.com/bfs/archive/f573d7e2b67a4a20e0c39810ad44ed81e05a4027.jpg,良子能否使用海姆立克急救法,1754397497,177,32026774,侦探许烦烦,https://i1.hdslb.com/bfs/face/12cddd8ada95dfd639100cd9ec276ce7a57643fb.jpg,189028,"生活记录,健康,高能,粤语,搞笑小剧场,良子",720321,1399,1740,3432,720,3213,0,0,37241
BV1Ge8zztE8x,114943256956280,1,218,2167,喵星人,猫,http://i2.hdslb.com/bfs/archive/f1e941a67aa88b97249f402a19baa46f2027dcc5.jpg,“好奇怪，你们又听不懂我说话”,1754305200,184,3494362249955414,尖尖plus,https://i2.hdslb.com/bfs/face/d7ff02808369fe8f87662b3693737f340e3ee1f5.jpg,79007,"喵星人,田园猫,萌宠UP主加更计划",568597,378,1113,22690,3239,3574,0,0,76232
BV12khnzAEj9,114953491057387,1,168,2042,国产原创相关,动漫评论,http://i2.hdslb.com/bfs/archive/8319ac5b33d631b50543542065adf71fac054d8c.jpg,评分第一？巅峰之作？7年前火爆中国【竞球小英雄】大结局居然是这样！（下）,1754051556,3284,31261235,L另唐,https://i2.hdslb.com/bfs/face/9cdbdecc498f42498f22bffa09964271ece19c6a.jpg,1250463,"童年回忆,怀旧,动画,国产动画,童年动画,猪猪侠,国漫,竞球小英雄,猪猪侠之竞球小英雄",4072964,21448,2473,68815,27559,1168,0,32,92255
BV1UctVzTEGv,114971811782565,1,231,2103,计算机技术,工程机械,http://i0.hdslb.com/bfs/archive/bef3fcedf617e7160456c1652822705b0d8d3074.jpg,是的，哈基米可以端到端加密「哈基密文2.0」,1754342400,154,335320968,WIFI连接超时,https://i0.hdslb.com/bfs/face/679f6802d2ed336811576b7d03f2f7cb27a7a568.jpg,9711,"教程,电脑,加密,哈基,基米,前端,Vue,曼波,端到端,分享我的专业知识",314058,87,1141,14240,6114,4016,0,0,21177
BV1kpt7zBEcn,114973506279233,1,17,2078,单机游戏,沙盒类,http://i2.hdslb.com/bfs/archive/626cdfd87ff6f95ab00d830d69d84ab40fbc3263.jpg,我的世界  随机空岛生存纯享版（上）,1754367600,1815,168681956,锐狗我的世界,https://i2.hdslb.com/bfs/face/d14795369cd64e114dcdc95b6cedeed357862385.jpg,56852,"沙盒游戏,我的世界,随机空岛生存,像素风,起床战争,整点电子榨菜",1104968,154,26,32448,1245,19,0,0,27943
BV1dhtPzREcS,114981676782769,1,65,2071,网络游戏,射击游戏,http://i1.hdslb.com/bfs/archive/6b79dd8e773ba1cc30bb36f233e0f8a718cfd19f.jpg,【老鼠人行动】潮汐监狱（野排）???w→???w,1754481462,266,403637371,老飞宇66,https://i1.hdslb.com/bfs/face/25d6b747d51cd07f6ae01a1145225f9be7fbdc5d.jpg,2563839,"三角洲行动,三角洲破壁新赛季上线",520992,4767,1267,3098,2579,428,0,0,40809
BV1arhPzfEyr,114959631523185,1,22,2063,鬼畜调教,鬼畜综合,http://i1.hdslb.com/bfs/archive/a88e5012d00b3b674fa428b87f68f3e6d9fee49f.jpg,带你回到那个夏天!,1754146732,120,5878572,核动力路灯,https://i0.hdslb.com/bfs/face/1201762ebd2205f61a8e8deaf03489c3dd5b52b2.jpg,602787,"鬼畜调教,唐国强,鬼畜,挖掘机,全明星,诸葛亮,跟着唐国强膨美团下午茶免单,司徒",626096,12070,837,18500,5218,1599,0,0,112127
BV18889z4EKf,114936327966866,1,22,2063,鬼畜调教,鬼畜综合,http://i0.hdslb.com/bfs/archive/cf823f851d6cf6b72b9140b41024fa8f645463fd.jpg,上一个这么剪的已经过亿了,1754020200,152,16054375,自动鬼畜中的WZ,https://i1.hdslb.com/bfs/face/e83f7de7928cdab9c628aa7b4da1045f2803574f.jpg,1684670,"赵本山,小沈阳,搞笑,美美桑内,ONE SPOT,蜜汁好听,小品,NINA,沈佳润",1039760,468,726,11114,22808,4990,0,0,111877
BV1LjtEzaEQ2,114974731016110,1,65,2071,网络游戏,射击游戏,http://i1.hdslb.com/bfs/archive/2a5baab76b14774c3d2fb7a9cbab02c302154549.jpg,【老鼠人行动】航天基地（G3）45w→???w,1754376247,397,403637371,老飞宇66,https://i1.hdslb.com/bfs/face/25d6b747d51cd07f6ae01a1145225f9be7fbdc5d.jpg,2563839,"三角洲行动,三角洲破壁新赛季上线",716735,9051,1063,3832,2363,747,0,0,49953
BV1G9hHzyEWq,114952702532985,1,176,2106,汽车生活,汽车测评,http://i2.hdslb.com/bfs/archive/6bacacb360390cafa343e4430bb169307f5d1774.jpg,家用车真能撞赢卡车？理想i8对撞卡车事件,1754039220,114,99769189,区胖曰车,https://i1.hdslb.com/bfs/face/f0239f28f1301e17a2d0d8d6852499eddd560212.jpg,176911,"乘龙卡车,理想i8,碰撞测试,理想汽车",1701404,967,4552,2063,1665,1691,0,0,51953
BV1XMhJzqEBo,114952635488414,1,138,2006,搞笑,AI影视,http://i0.hdslb.com/bfs/archive/f4ab9c80b6a56cc4d73a04945f367f51a7ff2e2a.jpg,这家伙...真的是人类么？,1754040012,439,5294454,逗比的雀巢,https://i0.hdslb.com/bfs/face/e56d8c14d3b74b4e32fbaf2ac4af119328c56c93.jpg,9606259,"高能,恶搞,搞笑视频,搞笑,魔兽世界,生活,纪录片,搞笑小剧场,魔兽世界国服20周年庆典,ai",11113177,26208,13487,202935,298002,75040,0,1,1056063
BV1GZtAzEEL5,114981978772175,1,21,2124,日常,露营,http://i2.hdslb.com/bfs/archive/eb6d39bd9ea08185107870a50bba39ce9e751bda.jpg,一觉醒来损失几千块无奈视频被迫停更，遇事别慌切个老汉瓜来吃压压惊先,1754486152,340,3546387130092158,阿程的小房车之旅,https://i2.hdslb.com/bfs/face/c21c59ebf87f3495233b218b68fbcf505c57ebbf.jpg,380762,"新疆,床车生活,三轮小房车,露营,户外",485018,920,981,1134,10381,102,0,0,18443
BV1xkt3zhEu2,114970452821568,1,138,2154,搞笑,剧情演绎,http://i2.hdslb.com/bfs/archive/3dcc36a7386294c33ad05b816d8c003b0b5b1683.jpg,为什么丧尸电影中不可能出现机械化部队,1754310652,130,1295210134,陈刚本刚,https://i1.hdslb.com/bfs/face/d3382d35c255d547b05aed43235d1f9573375d90.jpg,110847,"丧尸,电影,影视剪辑",1683074,1789,5116,21079,529,191,0,0,67758
BV1HWh7zUE6F,114951360351849,1,22,2063,鬼畜调教,鬼畜综合,http://i0.hdslb.com/bfs/archive/09ad939572b5d4fa88375514169d026ce82d0c09.jpg,☝🤓这是真狗⚡⚡⚡,1754018859,197,132344841,去码头整点薯条vv,https://i0.hdslb.com/bfs/face/cac5f720bc6d194223ef3e68c85df93b8a91d349.jpg,643774,"动画,搞笑,德鲁比,鬼畜星探企划",1263868,383,444,5510,1912,1616,0,0,68399
BV1yxtvz8E4t,114985871150584,1,193,2154,MV,剧情演绎,http://i1.hdslb.com/bfs/archive/7c6a4344ed8a691594df915517d37d81c61fefde.jpg,“爱要坦荡荡，不要装模做样到天长”,1754559000,103,3546872622877434,三点半官方,https://i0.hdslb.com/bfs/face/244bb12aaccb5a61212b38dfa32927ad6c6e9a7a.jpg,190307,"萨克斯,DJ,以身入局,英雄救美,见义勇为",337002,299,788,1279,1736,674,0,0,26508
BV1UrtwzgEt3,114981005694990,1,138,2044,搞笑,动画配音,http://i0.hdslb.com/bfs/archive/054650f8cb9ee56be9f7dbf8b9f34ae809632a48.jpg,老师 你是不是有点针对我们屋头吹风机？,1754478300,207,32606879,果子哥哥工作室,https://i2.hdslb.com/bfs/face/3207eb734d67495ab49d94ec48ba22376bba770c.jpg,1286568,"重庆方言,方言配音,果子哥哥,小猪佩奇",517001,173,291,12087,1209,974,0,0,17892
BV1ev4RzwEuU,114977012780342,1,183,2002,影视剪辑,影视剪辑,http://i2.hdslb.com/bfs/archive/f36c5025612ce6034697024d16208bb8adf3a0ac.jpg,雍正：朕穿越现代，却爱上来自清朝的你！【九五至尊15】,1754410320,2377,15311531,大话青年,https://i2.hdslb.com/bfs/face/80c370f827eb08682a54f607faf881adfa7ff44a.jpg,21098,"职场,搞笑,穿越,江华,历史,喜剧,影视剪辑,雍正,九五至尊,好剧好片重刷榜",95350,2004,693,652,5107,48,0,0,5643
BV1JthLzMEsH,114965788761818,1,193,2016,MV,原创音乐,http://i1.hdslb.com/bfs/archive/42157d95f1948305b12210ca549c932950751c3d.jpg,Tim Moyo - Unit 731,1754238970,156,3546888145995789,timmoyo,https://i0.hdslb.com/bfs/face/bec31145db8a9659d94391f32bb7e7b7cc947725.jpg,14521,"Sander,timmoyo,unit731",322068,5503,683,25249,47083,1906,0,0,101699
BV18xtrz9Edr,114988102452787,1,65,2079,网络游戏,其他游戏,http://i2.hdslb.com/bfs/archive/e87e56301e43484adc87406ffa57db5d191b6610.jpg,逆天企划！神人游戏！光PV就干上3W同接的游戏长啥样？,1754580487,638,235630215,国电武术馆馆长,https://i0.hdslb.com/bfs/face/1c473f95562cb50c8f94291ed6373da6281e5b64.jpg,2172530,"游戏杂谈,虚拟偶像,二游,七海娜娜米,虚环,游戏推荐,星瞳,嘉然,永雏塔菲",64888,281,272,1242,2053,42,0,0,2078
BV1wUtnzEEUR,114975217553656,1,126,2023,人力VOCALOID,AI音乐,http://i0.hdslb.com/bfs/archive/2b51beab1ae393a2eceffc9f45e903d3bce3867c.jpg,⚡️电子盐山歌⚡️,1754382873,21,23195759,-四片叶子,https://i2.hdslb.com/bfs/face/4d7d73ca664936f9b537e2557003f08e248d2c67.jpg,22619,"AI,鬼畜,丁真,南蛮大布,芝士雪豹,哈基米山歌",262738,49,1070,12193,1638,11366,0,0,47675
BV1YNhJzzEWt,114952601864362,1,218,2167,喵星人,猫,http://i1.hdslb.com/bfs/archive/554f496f922a28b78a701166d975e91368aef856.jpg,害，没点脑子真养不了这猫！,1754125800,242,538142100,圆圆的智子,https://i0.hdslb.com/bfs/face/16d4089d378a421d33bb56f7067727be0a992d7c.jpg,547910,"原创,搞笑,霍尼韦尔猫用净化器,霍哈宝,狸花猫,美短,智商,流浪猫,捡猫,萌宠UP主加更计划",797535,1181,943,15444,29963,1381,0,0,60312
BV13HtjznEfk,114973908931092,1,238,4218,运动综合,钓鱼,http://i2.hdslb.com/bfs/archive/175facee82236d1f18677aa785e227c53a47c371.jpg,路亚野外探钓 又解锁新鱼种,1754364600,505,691099655,马李澳到处钓,https://i2.hdslb.com/bfs/face/4ad135d0fc183549e6346b693086e206a380e97b.jpg,232294,"钓鱼,转转回收,转转,路亚,户外,野钓",177437,701,594,753,3351,290,0,0,11815
BV1cthbz1Eyj,114956980722777,1,228,2090,人文历史,人文历史,http://i2.hdslb.com/bfs/archive/bc9d3360b2126eec66e53ad648f22f4135ba1abd.jpg,在古代食用油罕见百姓肚子没油水，为什么还会有炸油条这种街头小吃。,1754104567,481,2025190588,影视娱乐集结号,https://i1.hdslb.com/bfs/face/40b5127b37cf0cf0ff0eb02e8a70bfcd207b8125.jpg,46202,"科普,古代,历史,美食,百姓,食用油,炸油条",708313,2286,2252,2720,618,353,0,0,13476
BV1V1tczUE1J,114981609671820,1,253,2079,动漫杂谈,其他游戏,http://i1.hdslb.com/bfs/archive/538d700bc94c7a12a2a554b77bff48189c117914.jpg,竖笛答辩 | 感谢各位一直以来的喜爱与支持！,1754480421,727,4287618,竖笛小魔王,https://i0.hdslb.com/bfs/face/f78f46be0c5df29850a7b9e1f0c4c0efa01035a4.jpg,1012570,"你问我答,竖笛小魔王",89610,294,458,1379,5716,91,0,0,10839
BV1DUhbzcEhv,114958842988593,1,228,2090,人文历史,人文历史,http://i1.hdslb.com/bfs/archive/5432baac135a0996a9cba5af668daf0b9cda7b62.jpg,历史上有华夏入侵他国的记录吗？,1754133048,124,265589608,-古人云-,https://i1.hdslb.com/bfs/face/6b68c2e0dd8a5099675ba17b5afc8c20d5cd383c.jpg,1480406,"中国,人文,李世民,历史,华夏,秦始皇,汉武帝,爽文",3546171,1677,2671,81921,6875,2465,0,54,142200
BV18fhHz3Efw,114952853592115,1,183,2044,影视剪辑,动画配音,http://i1.hdslb.com/bfs/archive/9bf4933bb9051e73aa1e2245dd948d29c9d79774.jpg,津  门  浪  浪  山,1754043633,87,431233688,瑄羽猫,https://i2.hdslb.com/bfs/face/6d8a9679528499aa1ec9a772e8d0221b660ded92.jpg,1566059,"搞笑配音,天津话配音,整活,浪浪山小妖怪取经副本启动",1141923,350,890,11232,3183,5967,0,0,74979
BV1uitwzyEzd,114980988980517,1,138,2201,搞笑,潮玩玩具,http://i0.hdslb.com/bfs/archive/9c58b0299a048b53b39506d4bf255f55e331befe.jpg,我们从网上买来了一些廉价玩具...,1754471261,1272,327757321,摸鱼事务所,https://i1.hdslb.com/bfs/face/93c8bd776691b3b114b5e06f5c8dff96a28f7c82.jpg,1978275,"玩具,搞笑,开箱,吐槽,拼装,大人也要玩玩具",674584,8041,2030,7752,15220,1263,0,0,42907
BV1uJtGzKEgP,114970318607927,1,172,2071,手机游戏,射击游戏,http://i0.hdslb.com/bfs/archive/3776c52e11e406b5f728a710a82839d41948c4be.jpg,为了讨好玩家！某些游戏线下能卷成什么样？？？？,1754308445,235,7817472,某声悠,https://i0.hdslb.com/bfs/face/8bd5833ad8ef48311543754469d5d1a665b02de1.jpg,1399866,"CJ,游戏杂谈,游戏,西山居,电竞,解限机,解限机公测,解限机赛事,解限机赛事团,游戏鉴赏家",235520,8164,71,3266,1077,45,0,0,14474
BV1FNh5zNEHH,114966359185652,1,137,2018,明星综合,音乐现场,http://i1.hdslb.com/bfs/archive/45b51ee0292a9b2bd33de45ff31dbf75dd705ab8.jpg,【宋雨琦】250802 KCON LA 《没有明天》直拍 4K直拍精剪,1754249297,235,3546887695108651,CLFE0923,https://i1.hdslb.com/bfs/face/3f6205fcfa7bc01709ada38e0f072b75d0875dc9.jpg,3164,"没有明天,4K,舞台,直拍,宋雨琦,(G)I-DLE,4k直拍,4K超清直拍竞赛",781744,15492,21696,17965,18310,12498,0,0,44485
BV17Yh7zkEmF,114951461012611,1,243,2009,乐评盘点,娱乐评论,http://i0.hdslb.com/bfs/archive/f2a1b0f3725bfff2a68d7d53132357e0e22749fb.jpg,私信被冲烂！好，我摊牌了！旺仔小乔黑料到底有多黑？,1754020888,498,95730227,爱上大世界,https://i2.hdslb.com/bfs/face/386a559eb9434f9e893a1ac6d6ee4d90d0a47933.jpg,146757,"演唱会,原创,搞笑,吐槽,旺仔小乔,吃瓜第一线,娱乐资讯,热点,网红,版权",3099178,20435,4102,29370,15139,1533,0,97,88417
BV1P4hJzxEDE,114952165790847,1,212,2150,美食侦探,美食探店,http://i2.hdslb.com/bfs/archive/7d1cf6af99fbd8b45076e5f000ff3a3ab38c1521.jpg,香港富豪，随随便便吃个快餐就168.果然是国际大都市#烧腊 #美食,1754031962,196,3493298886936758,bil品鲜园烧腊快餐店,https://i2.hdslb.com/bfs/face/a80100d257e6657880cf47786037b732d536a07a.jpg,246844,"香港,街头美食,探店",1094088,1201,1664,4295,2326,1267,0,0,84750
BV1RytgzgEk6,114969278420990,1,201,2009,科学科普,娱乐评论,http://i1.hdslb.com/bfs/archive/0931c833c79d34c19fafdf7cd4a30fb1dcfa2cf8.jpg,从“火星小妹”到“解约女王”：资本线与成长线“双线”看透银河酷娱的资本沉浮与赵露思的血泪代价,1754293807,952,622929161,老猪解读,https://i2.hdslb.com/bfs/face/efba8e7463329903dda018b25a7c75998704d9c6.jpg,29013,"火星情报局,徐喆,解约,抑郁,陈芊芊,优酷,李炜,瓜子二手车,赵露思,银河酷娱",550427,1250,1097,2868,878,630,0,0,5795
BV1cGtFzpEC6,114980485599332,1,201,2103,科学科普,工程机械,http://i1.hdslb.com/bfs/archive/7aba91f7b42c3a1ae0a4a5effffca0fbf19b1318.jpg,32mm子弹来暗杀？用栓狙就是不专业？哥几个这都没听到？【鉴定网络军事言论】,1754470785,449,650899373,装甲车Machinegun,https://i2.hdslb.com/bfs/face/6332d78d7f37b8228d0ea8d7352e96e4b246f5c1.jpg,611057,"娱乐,军事,搞笑,冷知识,枪械,小说,吐槽,言论,子弹,万物研究所",323944,1655,2660,5628,625,578,0,0,37264
BV1rMh8z7ETA,114958624884954,1,21,2087,日常,商业财经,http://i2.hdslb.com/bfs/archive/f0ed9c965e1507b25f592eeb1a04fbfd68c48f53.jpg,花400万开的网吧有啥服务？开业第一天居然爆满？,1754130416,496,391992947,郝文博的奇妙日常,https://i2.hdslb.com/bfs/face/7ec224e8f3c10ae8eb975cfdb135627571bb0c65.jpg,171042,"日常,创业,生活,生活记录,电脑,电子榨菜,郝文博的奇妙日常,网吧,开网吧,寻找100个宝藏vlogger",818566,3443,3811,1873,2241,1269,0,0,15338
BV1cgtFz9ED5,114980435269655,1,17,2079,单机游戏,其他游戏,http://i1.hdslb.com/bfs/archive/4a027f200641664479819196815a517567fdc496.jpg,监狱怎么还有卖铲子的？！,1754462368,342,509250684,老Biu,https://i0.hdslb.com/bfs/face/94033cb6d94f26073a49a3630da8904aadb7ee16.jpg,1572163,"游戏实况,生存游戏,实况解说,搞笑,越狱,老Biu,越狱模拟器",222489,735,142,1153,618,79,0,0,19928
BV1JXt3z9EJz,114970402491595,1,27,2041,综合,动漫剪辑,http://i0.hdslb.com/bfs/archive/3cf872d6c2d56b24daf09acf47770924d6f69400.jpg,承 太 郎 被 偷❤家 了,1754388000,90,2918828,在下迪奥哒,https://i2.hdslb.com/bfs/face/941f11650231f21d65554240ba9b658291ce4f80.jpg,304919,"空条承太郎,迪奥,御坂美琴,JOJO的奇妙冒险,二次元,迪亚波罗,DIO,动画种草激励计划,承太郎,乔鲁诺",171557,239,206,2869,561,204,0,0,15044
BV1sRt7z2Epc,114975033002958,1,86,2151,特摄,美食测评,http://i0.hdslb.com/bfs/archive/7761cd29ddf71b727a57c63a35bb1056ce0444c5.jpg,雪糕实力排名,1754380082,172,436368347,东方日出哇,https://i2.hdslb.com/bfs/face/d9c8f0680355e6b5f0941aec8d2e166f832cdf8f.jpg,488306,"美食,生活记录,雪糕,搞笑小剧场,童年味道,实力",761857,653,806,10255,540,350,0,0,23930
BV1EktvzUEuP,114985418100901,1,65,2071,网络游戏,射击游戏,http://i2.hdslb.com/bfs/archive/69f5715d3edb9e0a34af0bf7ad4d9aca1eb9a047.jpg,100次盲开变电站技术室！,1754538605,382,480341290,叶子总是酸酸的,https://i1.hdslb.com/bfs/face/ec84e3e72da3ba3d777c2da323f5dc60a732d108.jpg,1038,"测评,三角洲行动,三角洲欢乐剧场,三角洲,变电站,真实测评",143306,534,662,752,1922,259,0,0,7585
BV14kt3zhEGd,114970452825261,1,76,2149,美食制作,美食制作,http://i0.hdslb.com/bfs/archive/e3d2bf036e495ff70626e65d3049c3c9d8f5ae91.jpg,【姜较瘦】1个公式学会各种小炒肉，小白秒变大厨，教00后90后学做菜 做饭,1754310174,1423,295429160,教做饭的姜较瘦,https://i2.hdslb.com/bfs/face/f6c8feb3fcafd1a6cd51fdd2228ba66b38fb7eb3.jpg,192689,"烹饪,美食教程,厨艺,美食制作,家常菜,做饭糊弄学,舌尖真探事务所,学做饭,买菜,懒人餐",211829,359,412,23850,2067,715,0,0,15874
BV1SvtFziEkN,114980166833596,1,95,2123,数码,家用电器,http://i0.hdslb.com/bfs/archive/b71889ffab0be7a0d80e4804fadf997b28c22219.jpg,大疆首款扫地机，好使吗？DJI ROMO上手,1754483400,720,946974,影视飓风,https://i0.hdslb.com/bfs/face/c1733474892caa45952b2c09a89323157df7129a.jpg,11785859,"4K,科技,数码,体验,ROMO,扫地机器人,扫地机,大疆,DJI,大疆新品",963942,5164,2391,8306,11401,6836,0,0,58550
BV1ULtgzcENb,114969328879145,1,182,2001,影视杂谈,影视解读,http://i2.hdslb.com/bfs/archive/d99bae09c149cb82b832a08a3b13274c6f658fb1.jpg,宝藏悬疑剧！梦里杀人，醒来破案，不断反转，全程高能！,1754384938,2704,3546378898770447,竖了个三,https://i0.hdslb.com/bfs/face/47290d7864b179bec4c2c7a8d292d7a0e3b2013e.jpg,1019228,"犯罪,悬疑,俄剧,烧脑,剧情,反转,推理,影视杂谈,影视,万字拉片大赛",170887,1032,247,2403,2026,183,0,0,7121
BV1Zht7zAEd7,114973154023230,1,47,2037,同人·手书,同人动画,http://i1.hdslb.com/bfs/archive/ec1c0cba6cd7c67d5c4f15b560cb13bd4cd64459.jpg,觉醒天赋，我的宠兽卡牌全融合了,1754388000,835,654552,圆桌动漫,https://i0.hdslb.com/bfs/face/6c1421573d214809ca86aef25bdd23670e00128a.jpg,4749839,"原创动画,圆桌宇宙,浪浪山小妖怪,月圆之夜取真经,月圆之夜,萧凡",1041426,3954,741,19806,2846,153,0,0,28418
BV1Kf4fzwEkp,114980301047267,1,220,2098,动物二创,AI杂谈,http://i0.hdslb.com/bfs/archive/cedebe64bcbb1e0d1bec7221f1ba9d21a966d7a5.jpg,地球撤回了一只水母......,1754474400,439,1481344732,我们都是社畜,https://i1.hdslb.com/bfs/face/a237f095d1b548ffe821dfe84b22446467aa3f96.jpg,1031397,"水母,科普,夸克AI,涨知识上夸克,夸克深度搜索,萌宠过暑假",110722,316,268,1756,898,174,0,0,10277
BV1SXhbztEX4,114958859768843,1,95,2100,数码,手机,http://i1.hdslb.com/bfs/archive/933eaa10aff27e72248ece9bb6ca811cab2cd17c.jpg,小米YU7后排控制屏拆机,1754133036,71,1915449882,涛哥爱拆机,https://i0.hdslb.com/bfs/face/11ce0552a10b7a0b1ae390bd87e83cfc445d779c.jpg,41737,"小米手机,手机,小米YU7,车后排屏,拆机,车规级",1411525,180,827,1296,640,302,0,0,21321
BV1UzhnzNEL3,114953457500654,1,183,2041,影视剪辑,动漫剪辑,http://i2.hdslb.com/bfs/archive/cda2af5810a4d415d25505496c0db4932a0c97e6.jpg,“要经历多少，才能明白这些话的意义？”,1754051750,120,346749212,wrizedm,https://i2.hdslb.com/bfs/face/28912f7c3f1593681c96dd39e5bd7efdced1f045.jpg,1201173,"功夫,动作,经典,励志,人生,功夫熊猫,大龙,乌龟大师,B站好片有奖种草,好剧好片重刷榜",182960,60,182,3675,591,177,0,0,13194
BV1bRhJzKEmE,114952065060821,1,138,2156,搞笑,UP主小综艺,http://i1.hdslb.com/bfs/archive/e71c3b6a86777cdb51c410b26037567df20a867c.jpg,哈哈哈哈食物卧底,1754029835,245,551931509,小歪很拽,https://i2.hdslb.com/bfs/face/961bf1b9c9551c209a44d3463990190c36b3cdb1.jpg,1272940,"综艺搞笑,谁是卧底食物版,趣味游戏,办公室游戏,看一遍笑一遍,搞笑研究所",744467,894,365,1952,873,381,0,0,31925
BV1xV4RzjE8o,114977314706918,1,172,2070,手机游戏,MOBA游戏,http://i1.hdslb.com/bfs/archive/8c5aac00122513d1cbfb50e937b41d8d18f5af99.jpg,我的李信也是好起来了，KD平均下来能一局杀0.9个,1754442000,233,268941858,磊哥游戏,https://i0.hdslb.com/bfs/face/538b9090c0862782df0662b2176e726eda1c9980.jpg,2473503,"王者荣耀,王者荣耀夏日农友节",752229,1463,2612,3280,3906,1425,0,0,52958
BV1UdhbzxE5y,114959027542752,1,238,2148,运动综合,其他手工,http://i2.hdslb.com/bfs/archive/10a374f72e549fc6646b2c7448959d46d765c178.jpg,我是怎么开始走上做弓的路,1754135930,34,417416987,墨墨爸做弓,https://i2.hdslb.com/bfs/face/22ec138c64dfe0cf2bb8cfd930e5fdd974762323.jpg,9600,"生活记录,手工,原创",912768,62,918,2325,13152,77,0,0,110636
BV1Qn4dz8EEn,114976308070627,1,176,2108,汽车生活,汽车生活,http://i0.hdslb.com/bfs/archive/d8f860bd31d753ba626102b0e6dcc24ede02093f.jpg,摩托老哥硬刚FHP道奇充电器，结局出乎意料,1754438400,432,1745143606,争取最后的自由,https://i1.hdslb.com/bfs/face/2ae4a7fcf321673035a572fea77acc3b3d1e0211.jpg,1580770,"摩托车,驾驶技巧,美国警察执法,美国警察追车",135973,539,271,696,1083,125,0,0,9807
BV1RhtPzRErB,114981676783818,1,17,2078,单机游戏,沙盒类,http://i0.hdslb.com/bfs/archive/2a0bf92cc1221ba21f861782aa2648dd6bec6f08.jpg,巨型空岛生存！世界放大100倍！如何生存下去?!,1754526600,437,34657253,一个小立丶,https://i2.hdslb.com/bfs/face/7437d5ec3791bd158e3ed868edeac9ee658f6815.jpg,1125025,"空岛生存,实况解说,搞笑,游戏解说,我的世界,沙盒游戏,酷态科CUKTECH,酷态科30号超级电能站Ultra,像素风,推荐宝藏游戏",725079,274,40,29504,1827,8,0,0,30699
BV1uStMzFEVK,114968389291559,1,257,2171,配音,动物综合·二创,http://i2.hdslb.com/bfs/archive/ed0ac8ed152e8f60ffa289a7c20c796cc260bf31.jpg,天堂啊！😭,1754278472,32,400665645,卑微鸭嘎嘎,https://i0.hdslb.com/bfs/face/18a152ffc35c44bc43eb37788d4b092b01738685.jpg,246213,"可爱,声优,配音,鸭嘎嘎,动物配音,配音小剧场",6533748,1378,4164,73019,12054,21331,0,21,425852
BV1R8tiz1Ezc,114984965117370,1,182,2042,影视杂谈,动漫评论,http://i1.hdslb.com/bfs/archive/cc29b87cf8ef0521d362ec11bef23b092e98f9c5.jpg,《罗小黑战记2》真爽！这才是超能力战斗啊！,1754557200,580,49960899,BuriedAlien,https://i0.hdslb.com/bfs/face/e41d2f3901e156f708be59a3b4f593779a9adda1.jpg,1352258,"无限,X战警,罗小黑战记,万磁王,国产动画,罗小黑战记2,罗小黑,鹿野",190438,1264,2687,1985,4247,978,0,0,12951
BV1Vz4RzbECQ,114976962384433,1,17,2078,单机游戏,沙盒类,http://i0.hdslb.com/bfs/archive/46e9a6ecd96ec7b4b6e07760c0f3572e8d6e0f00.jpg,用科技之力对抗折磨恐怖生物，孩子……【邪恶科技生存01】,1754445900,419,330215598,WakeyJakeyWJ,https://i0.hdslb.com/bfs/face/7c90d857a092674fd834908006fb4f7414229192.jpg,61582,"沙盒游戏,游戏,搞笑,我的世界,生存,机械动力,像素风,mc",79434,390,283,4345,1133,194,0,0,17576
BV18xhxzJE58,114956762619358,1,59,2020,演奏,翻唱,http://i2.hdslb.com/bfs/archive/5af6e271cf240e0b9e5410faa71ff25742fa0142.jpg,penbeat 莫愁乡 亚细亚旷世奇才 翻唱,1754101247,45,1320214682,佚-之-狐,https://i2.hdslb.com/bfs/face/3a590319d2159c4f0d8dc44cdd25e709e450bd2b.jpg,7523,"即兴,PENBEAT,COVER",1003645,344,816,10006,13438,807,0,0,140122
BV1zWtPzhERf,114981760798760,1,253,2042,动漫杂谈,动漫评论,http://i1.hdslb.com/bfs/archive/dfde6240aad535a636b4173f097e14755620184d.jpg,（overlord第127期）为什么斯连教国没有选择自己吞并王国？,1754482632,1297,3546692020341293,废话多的飞鱼丸,https://i2.hdslb.com/bfs/face/e0ed6690184e3027117a2dc6b9272a8b7b9ca75f.jpg,139129,"OVERLORD,动漫杂谈,动画短片,动画种草激励计划,动漫解说,补番推荐,王国,雅儿贝德,斯连教国,小说补充",107934,789,382,836,2315,53,0,0,7249
BV1R4twzSEPv,114980888249669,1,27,2037,综合,同人动画,http://i0.hdslb.com/bfs/archive/cb529edc44bdcf4648e05de2f494170c0e9e267b.jpg,身份失格：疗养院（第16集）团灭,1754469388,320,51903809,阿伟优创动画,https://i2.hdslb.com/bfs/face/091a5e19d7bc02937cc3b760a94763ffd70df8e1.jpg,356519,"动画短片,冒险,悬疑,原创动画,动画,身份失格,异能",99940,631,437,2485,2836,83,0,0,10246
BV1u5tGzzEHH,114970100502000,1,65,2071,网络游戏,射击游戏,http://i1.hdslb.com/bfs/archive/9b91f707d6f3998105eabd88eeb198934a47e66c.jpg,【老柠萌】当鼠鼠吃剩饭路上撞到单三清图姐,1754305170,595,1750151716,野生老柠萌,https://i1.hdslb.com/bfs/face/e540d8e020a20175dca0de5915e276b6cd458f90.jpg,331849,"FPS,搞笑,101俱乐部,三角洲行动,爱鼠TV,野生老柠萌,新年快乐排点,跑刀,鼠鼠,三角洲破壁新赛季上线",1247953,5176,3413,12934,7384,650,0,0,57547
BV1kxtJz5EDi,114974311584698,1,65,2071,网络游戏,射击游戏,http://i0.hdslb.com/bfs/archive/2af34b2f04b10c9ce1472aab990c2ef8c74abf89.jpg,【跑刀趣事】吔？！海洋之泪？！,1754369090,239,5408366,库库_sama,https://i2.hdslb.com/bfs/face/2c6fc2b14976e62bd925d85129ce87cbacb4a96d.jpg,651224,"粥,第一人称,迈从,三角洲行动,迈从V9,迈从V9PRO,三角洲,主播,游戏耳机,三角洲破壁新赛季上线",298027,236,290,973,632,421,0,0,15838
BV1ByhGzfEfB,114965084117760,1,251,2166,三农,农村生活,http://i1.hdslb.com/bfs/archive/b4bb081ffa544de82b0cd05161765571c2332074.jpg,六年，从村口等待到黄土相送，千万人牵挂的爷爷走了！,1754361000,1450,384344554,小白的奇幻旅行,https://i1.hdslb.com/bfs/face/f6a860fe7b844b4fa0d23582ef512ea8c6fe98be.jpg,176107,"生活记录,正能量,老人,乡村,农村生活,随手记录我的生活碎片",279030,460,295,3697,6346,135,0,0,15982
BV1mxtqzME6v,114986508688731,1,21,2158,日常,旅游记录,http://i2.hdslb.com/bfs/archive/b0f3a4fef13f3fc84309386992410ca95183e861.jpg,“成为白日梦想家之后，我重获了新生，直到...”,1754555965,777,1720720687,哈鲁Ultimate,https://i1.hdslb.com/bfs/face/757e3796aa9b79e25453e2213bdc6dac44100a05.jpg,17664,"冒险,生活记录,旅游,人生,电影,vlog,白日梦想家,背包旅行,海南环岛,学生UP主养成计划",70948,136,116,1369,609,68,0,0,2054
BV15hh3zSEFi,114963741940992,1,21,2196,日常,职业vlog,http://i0.hdslb.com/bfs/archive/0fe87e4e7af43564cc330b0b9dcba9c75b9edbe2.jpg,坚强社恐外卖员,1754214900,235,3546595893184682,基iz崽,https://i2.hdslb.com/bfs/face/79c7f3e0e7af14ff9a16d04f716a034171916f56.jpg,600879,"生活记录,外卖小哥,vlog日常,社恐,万种生活碰头相见",1420730,818,1291,9320,11277,1118,0,0,95139
BV1fFhHzDEWW,114953289800258,1,215,2150,美食记录,美食探店,http://i1.hdslb.com/bfs/archive/01a950a408855dcc8bc2809a29bf5cade84c8596.jpg,大碗面来了！一人一斤！再加半斤抄手！必须吃爽！,1754048613,374,8680974,干饭三健客,https://i0.hdslb.com/bfs/face/cf67c074588b1524389f371665b4f687cf6315b6.jpg,1727786,"街头美食,三剑客,重庆小面,重庆美食,健身餐",1131563,2049,1412,2172,4623,1541,0,0,43763
BV1v7tTzwE2t,114984159809614,1,171,2071,电子竞技,射击游戏,http://i0.hdslb.com/bfs/archive/6b26bbed4754fed64f4316d8ebfbeb5b98fc04f7.jpg,卧底dma第三期，这就是“雷达”吗！！通透的“绿玩”！！,1754519388,715,212669589,老单喜欢当cs,https://i0.hdslb.com/bfs/face/dde53256e2313abcb3ab2656fe751ee1200d8a56.jpg,102545,三角洲行动,371810,730,2297,2874,1449,7753,0,0,17133
BV1CahgzFEh2,114962517201994,1,214,2149,田园美食,美食制作,http://i0.hdslb.com/bfs/archive/831334efadb127cf5d3126710f3a9699453d5919.jpg,为了吃个鱼汤，修了个小猪灶台，但是到底像不像猪？,1754208000,136,1529656577,孤独美食咖,https://i2.hdslb.com/bfs/face/8f5fcf396f55e280f3fe54b4742f4973d635a2a0.jpg,908978,"美食制作,记录我的美食日常,鱼汤,乡村,乡村美食,坛子肉",1197352,681,460,1951,1057,388,0,0,45908
BV1q5tnzrEYa,114975922260756,1,21,2197,日常,其他vlog,http://i0.hdslb.com/bfs/archive/395c1fa5304bd9941fe25e8dbb48374b20018886.jpg,收手机收到前总裁！在深圳住300块出租屋还债200万！,1754470959,194,1873295428,收手机的CC,https://i1.hdslb.com/bfs/face/60ddb2cde10af7ff9ced81ec3800323509f6f736.jpg,218087,"工作vlog,小米11ultra,转转回收,随手记录生活,上门回收",546758,706,887,2112,1216,492,0,0,32853
BV1YLhWzEEm8,114954229259122,1,250,2018,出行,音乐现场,http://i1.hdslb.com/bfs/archive/4e0f08372f9afdce8af54962ef406a14f237238a.jpg,从乡下出发去韩国看权志龙演唱会,1754063552,238,25179389,Just4GD,https://i2.hdslb.com/bfs/face/0ade6f74d3b91169b301aebb0a05c870fec9cb75.jpg,97,"权志龙,演唱会",135036,76,739,820,931,260,0,0,10753
BV1p8tczfEoP,114981441902193,1,182,2001,影视杂谈,影视解读,http://i1.hdslb.com/bfs/archive/a95f4929abd4e9c3658bca2f9a1efeca39794861.jpg,《蜘蛛侠崭新之日》神路透！漫威的阳谋,1754477777,63,2328551,阿瘾是条咸鱼,https://i2.hdslb.com/bfs/face/fb640189cdbd23e76fa737fbae3168f55f7f7378.jpg,335851,"蜘蛛侠,超级英雄,蜘蛛侠4,蜘蛛侠：英雄无归",2760673,361,2012,13756,1278,3733,0,50,215133
BV1pghuzxEqP,114963137958967,1,213,2151,美食测评,美食测评,http://i2.hdslb.com/bfs/archive/90070957656da15f076ea3ba9a3b40598d8ca3c9.jpg,非洲顶级大鲍鱼，居然会爆浆，做土豪盖饭壕无人性,1754294400,287,476704454,小文哥吃吃吃,https://i2.hdslb.com/bfs/face/a70aa74915d9e1e3282312b2b6759bc4aae1ed18.jpg,4184013,"厨艺,美食教程,海鲜,美食制作,吃货,4k,舌尖真探事务所,鲍鱼,美食测评,猎奇美食",663160,1361,457,2189,3061,741,0,0,31470
BV1RYtPzWEXu,114981861331768,1,21,2150,日常,美食探店,http://i0.hdslb.com/bfs/archive/6b4354398fb4254b5374cf3531ccb7e6316185c0.jpg,暴雨天随机挑战吃夜宵！结果朋友当场对江西老板拍桌子…【coffee隐藏版】,1754484672,907,96804886,盗月社朱狒狒,https://i1.hdslb.com/bfs/face/f44b6596a65054bc484ee2fa2c4945975a5ff2fd.jpg,70963,"生活记录,记录我的美食日常,鸠占鹊巢,夜宵,下饭菜,Vlog,coffee,辣炒鸡爪,江西小炒,随机挑战",240002,1668,776,2636,11367,434,0,0,33601
BV1Fu4Zz2EXA,114977532810354,1,171,2071,电子竞技,射击游戏,http://i0.hdslb.com/bfs/archive/3c32f5d2f581d42a1e442123b47ff5e310ea5ff6.jpg,CS2首个一枪五杀,1754418086,81,203680252,AYCS2,https://i1.hdslb.com/bfs/face/00981afbe0562c34f53b8279670a3e0ebd1f21c8.jpg,1102011,"逆天,一枪五杀,cs2名场面,大狙一枪五杀,大狙,五杀,名场面,挂,cs2,CS2暑期征稿狂欢",763856,350,1867,11091,5253,13300,0,0,54152
BV13Ytwz2Ebn,114981089643483,1,138,2197,搞笑,其他vlog,http://i0.hdslb.com/bfs/archive/49868b468d6758f9c0126f9f520b43f32ea280a1.jpg,我们三个决定背信弃主合伙创业,1754476529,301,400507605,哈奶啤,https://i0.hdslb.com/bfs/face/58d2663c4dd0f7ccc6dadfcdd2d49933e3d9f0b5.jpg,590953,"北京,日常,创业,美团请你喝秋天的第⼀杯奶茶,美团秋奶免单攻略,秋奶明星配送⽇记,北漂,美团",403948,744,948,1477,5827,159,0,0,19695
BV1xAtwzTE96,114981156752224,1,121,2064,GMV,单人RPG游戏,http://i2.hdslb.com/bfs/archive/3b15f2b6e61e97249026d9f76fd77f2614ae6b46.jpg,☝️🤓发给你玩原神的朋友然后什么也别说,1754473480,168,382349038,不摸鱼的海,https://i1.hdslb.com/bfs/face/02ba3e816a3843e72586801524d45046693ed2ea.jpg,58597,"原神UP主激励计划,娱乐,GMV,整活儿,原神夏日度假村,阿夏,班尼特,原神",380162,1327,1324,16875,11498,8245,0,0,66385
BV1SUt7zDEYP,114973221130791,1,171,2071,电子竞技,射击游戏,http://i1.hdslb.com/bfs/archive/57e3dacee2c9377e89c577dee10f46aa48f2f1a2.jpg,这就是鼠鼠们出大货时梦寐以求的大哥嘛ᯠ  _   ̫  _ ̥ ᯄ ੭,1754352200,214,237182065,离nm大谱啊,https://i1.hdslb.com/bfs/face/86ba364771f60a077c9ee8b1cbeaf69636cf079c.webp,445,"三角洲跑刀,三角洲,好人",562002,465,1600,2008,1452,231,0,0,36871
BV1LEtEzcE3Z,114974781345985,1,27,2207,综合,随拍·综合,http://i0.hdslb.com/bfs/archive/336e050d4e3cea9e3f4a12920061ed16713e8b99.jpg,鼠魂觉醒全集（20分钟）,1754383500,1195,3546625452542554,自然锦鲤-冲刺电竞,https://i1.hdslb.com/bfs/face/5cc7f4b449595363f6e03abbd1dc153508fcc69a.jpg,348465,"鬼畜,搞笑,FPS,射击游戏,猫meme,三角洲行动,鼠魂觉醒,三角洲破壁新赛季上线",2020606,358,183,68825,4302,342,0,38,57630
BV15NtGz1EVA,114970536707206,1,176,2108,汽车生活,汽车生活,http://i1.hdslb.com/bfs/archive/d7dd3667483618c0030b14f37e8851ae93ffad4c.jpg,花70万，大家笑我买了台废铁……,1754362800,898,25150941,极速拍档,http://i0.hdslb.com/bfs/face/e9035c3a7089ce7e11d72cb0cf15fa92064b14ef.jpg,3316094,"汽车,老卫士,路虎卫士,越野车,二手车,卫士,汽车文化,老车,汽车修复",717146,5259,1406,4697,15721,1178,0,0,37529
BV1Je8mz8EX6,114949078650658,1,21,2156,日常,UP主小综艺,http://i1.hdslb.com/bfs/archive/8798f06ef9238b8661bcb4e1904ff9cd9bdb4d86.jpg,别笑，你也过不了第二关《下一个是谁5》03,1754017200,3080,416128940,在下哲别,https://i2.hdslb.com/bfs/face/69b09e143c9e52261e08560795555970ef2e9a80.jpg,2804777,"高能,原创,搞笑,娱乐,对决,综艺,游戏,比赛,挑战,下一个是谁",3219364,65192,11351,89160,316091,7413,0,3,287219
BV14E4fzbEUT,114978925319982,1,65,2071,网络游戏,射击游戏,http://i1.hdslb.com/bfs/archive/42c6d0c687617016dba992a360f3ead742173a01.jpg,干员还不拉闸吗 乌鲁鲁为你服务~,1754456700,35,3546631886604757,Lin三角洲行动,https://i1.hdslb.com/bfs/face/6910dcfc7ed08e91e59784d447f3a4b6cd6ca701.jpg,43231,"三角洲行动,乌鲁鲁,航天基地,堵桥,三角洲破壁新赛季上线",224661,69,730,7254,1556,11868,0,0,25513
BV1Jktqz4Eew,114986324072915,1,95,2100,数码,手机,http://i0.hdslb.com/bfs/archive/3ba2814be10111a4a495000b2b2070996e639f33.jpg,「小白」iQOO Z10 Turbo+ 全面测评：性能续航一把抓？,1754566500,382,8969156,小白测评,https://i2.hdslb.com/bfs/face/09dd0d38633d567179784ac9a0d95ac1187ea71d.jpg,4350583,"数码,天玑9400+,iQOO Z10 Turbo+,手机平板,小白测评,vivo,iQOO,iQOO Z10系列",175015,1855,1900,1000,703,771,0,0,7437
BV1RYtKzwEq1,114984646348355,1,65,2071,网络游戏,射击游戏,http://i0.hdslb.com/bfs/archive/6a00d210430ed789fe2cc22e4da059fcdd19861b.jpg,今日公测，谁能成为鸡王之王？,1754533800,206,3494362379979305,远光84,https://i2.hdslb.com/bfs/face/fdb4d361b8a5d44610caf61a770c18068381b45b.jpg,169971,"射击游戏,远光84,远光84公测8月7日,远光84全球公测开启",2284444,770,1328,10718,10220,754,0,92,58593
BV12zt3zYE1E,114970821986949,1,212,2150,美食侦探,美食探店,http://i2.hdslb.com/bfs/archive/0fed52e9d7dae5f280ebd853c4c744c11e3a08f3.jpg,天津60元羊肉煲自助，肥美羊排羊杂不限量畅吃！性价比爆赞！,1754315728,455,8263502,橙飞一下,https://i2.hdslb.com/bfs/face/86fbb87fdf4d5ec1ba3bb7b56131d8265d36ffcd.jpg,2092266,"美食,自助餐,舌尖真探事务所,羊杂,性价比,光盘行动,羊肉,羊排,天津,探店",657700,1104,1178,2131,1825,2415,0,0,24530
BV1o7h8z3ECF,114958591395187,1,184,2001,预告·资讯,影视解读,http://i1.hdslb.com/bfs/archive/cacb4a25f72af521542b812f3152fc43fed290f2.jpg,团长原型！抗战短片《松山之殇》讲述了什么？,1754129081,105,217841218,火叁轮映画,https://i1.hdslb.com/bfs/face/61f480a3ff991942fa08440136c9b7f291b7bcf7.jpg,5146,"历史,人物,二战,松山之殇,中国远征军,我的团长,战地5,松山战役",191907,134,493,4209,9366,268,0,0,58082
BV1fChWzFEPg,114953860287661,1,242,2009,娱乐粉丝创作,娱乐评论,http://i1.hdslb.com/bfs/archive/81594f7b64a45ac7f8631ae9efe43d0f8fe04885.jpg,丁真 被流量挟持的传奇一生,1754057100,591,3546781006694901,我真的玉玉症了,https://i0.hdslb.com/bfs/face/cc515923daf9a49fba6031c54e09bca8a073935d.jpg,303894,"正能量,丁真,娱乐吃瓜大会",2094987,3446,3133,32977,5277,2487,0,100,99707
BV1p7tBzYEBQ,114986139589191,1,250,4218,出行,钓鱼,http://i1.hdslb.com/bfs/archive/30d58e121c75cb21ca9f161cb54e3a720924e5cc.jpg,荒野钓鱼求生第二季（第26天）,1754557200,590,3493298161322384,小宋野钓,https://i2.hdslb.com/bfs/face/8ffce7572544d68b135ba75e1f5db1a7f3a74975.jpg,183020,"生活记录,探险,户外",181194,1664,1252,525,4090,84,0,0,12422
BV1kshKzEEDH,114960923367512,1,208,2084,校园学习,应试教育,http://i0.hdslb.com/bfs/archive/6ae77ac999fe6db883e94afbc9511452bdaad3dc.jpg,分享一个，从山沟小镇到清华的学习故事,1754186400,878,14229967,一数,https://i1.hdslb.com/bfs/face/812281bada7d323c23c6e1e2e92749bd29b7d7c6.jpg,20524447,"数学,高考,学习,bilibili高考季,考试资料,中考,高中,考前复习",984131,4134,2920,27375,16498,2928,0,60,103743
BV19n4dz8EPp,114976308074381,1,212,2150,美食侦探,美食探店,http://i0.hdslb.com/bfs/archive/e2b8392bbc60b84a14539f8eea957b326555852b.jpg,日本人为了让你吃瀑布一样的知识有多拼,1754399509,189,1062138057,在日本摸鱼的小超人,https://i0.hdslb.com/bfs/face/2bd8156ed92d7427a1d43dcdb1371ea0c5924216.jpg,840267,"日本美食,日本,探店",274292,289,272,1011,531,263,0,0,25328
BV1aEtNzXEQS,114983304172803,1,172,2073,手机游戏,动作竞技游戏,http://i0.hdslb.com/bfs/archive/099efdf53ab6d79ddfe8ffabe8f0cde7c6517962.jpg,对抗国服第一杰克？10元砂糖被挂教学！,1754506365,506,123427077,白砂糖和香辛料,https://i0.hdslb.com/bfs/face/4d0c9b2f230f3c73ab271ff07a14901882ed74d9.jpg,250446,"手机游戏,杰克,人皇,第五人格,第五人格新星团,第五人格夏日演绎,第五人格榜金赛,主播,竞技游戏,第五人格庄园纳凉夜",59858,666,1377,588,1239,214,0,0,4594
BV1grhVzDERh,114964463361419,1,245,4216,赛车,骑行,http://i1.hdslb.com/bfs/archive/9aa6f6621a11db517660893ba8dba988f1b444da.jpg,“更离谱的是这样的表现都站不上领奖台”,1754219519,181,5321968,尽墨for车,https://i1.hdslb.com/bfs/face/3db9c7c546cd955cc1f7a1300910f9314e62a86d.jpg,1454786,"骑行,山地车,自行车,极限运动,2025年硬线速降,阿B我想玩户外",618929,545,550,3893,1810,913,0,0,29183
BV1QW4ZzKEyK,114979260862071,1,161,2145,手工,传统手工艺,http://i1.hdslb.com/bfs/archive/c05b58487088055fac2a3d5f9142747e676db3f6.jpg,日本人绣的九尾狐一发就火，我们中国的苏绣九尾狐却没有人关注！,1754452200,19,1009099039,刺绣技艺大师,https://i1.hdslb.com/bfs/face/36d33e1db7835a62d0fbb8a50da9b020a5bd0509.jpg,57707,"苏绣精品,九尾狐,手艺人,非遗传承,手工刺绣",307980,141,403,1523,4263,43,0,0,54353
BV1BZhEz5EEh,114952484428045,1,27,2037,综合,同人动画,http://i1.hdslb.com/bfs/archive/e7cc470ae31243264030aac34d7712ee9ea8d137.jpg,“ 给 我 CPU 干 烧 了 ”,1754035757,83,3461576323500263,哈基漂不想睡大街,https://i2.hdslb.com/bfs/face/e974036a891f8d5aa1c920ee2165279532feb202.jpg,112400,"二次元,手机游戏,搞笑,今汐,弗洛洛,珂莱塔,冬木口音,漂泊者,鸣潮,鸣潮2.5版本二创",433343,419,930,2932,2738,965,0,0,27739
BV1kHt7zuEix,114973455947064,1,65,2071,网络游戏,射击游戏,http://i2.hdslb.com/bfs/archive/b0eb59ea4384b078241d2f0c030e109a6d8eed8b.jpg,这一枪绝对能载入史册！,1754355800,13,3546856665647986,小川CS2,https://i1.hdslb.com/bfs/face/5a22576385b470c0a9e1320deb732381b339b3de.jpg,36861,"FPS,射击游戏,狙击,CS,电子竞技,CSGO,第一视角,娱乐,搞笑,cs2",995859,225,1541,19242,3043,9705,0,0,111905
BV165t3zSEwa,114968942877652,1,251,2162,三农,农村种植,http://i1.hdslb.com/bfs/archive/cd603fa59f6cde5c10272f3319cec5434e40585d.jpg,终于发现清道夫的作用，再也不怕清道夫了,1754287227,315,514596475,阳台种植愈呵呵,https://i1.hdslb.com/bfs/face/0ba832aea5bdaf9e7db390df7dd9975dda1a61b5.jpg,14024,"昆虫,作用,清道夫",1158977,968,1876,3916,4067,914,0,0,84215
BV1whtczFEAJ,114981442031250,1,21,2016,日常,原创音乐,http://i2.hdslb.com/bfs/archive/1df4570c82ab6488a767d434f9c130a931ed632a.jpg,卦者灵风专辑《长生》全曲试听,1754478225,318,2679304,卦者那啥子靈風,https://i1.hdslb.com/bfs/face/2d12a6dfef7b3269c4a1095b532a0c9d0fe49888.jpg,1819136,"专辑,说唱,音乐,新世代音乐人计划原创季,长生,卦者灵风",57821,379,751,1871,1949,574,0,0,8811
BV116tFzAEyH,114979848064368,1,21,2071,日常,射击游戏,http://i0.hdslb.com/bfs/archive/194e5506e854b94d0cd455c3097308c5f13b54d0.jpg,三角洲全新出货定位法！,1754453649,171,1726415100,我很勇哎杰哥,https://i0.hdslb.com/bfs/face/e013362cffc80f13cccefcbc2b0ca1b1ae1af9e8.jpg,9057,三角洲行动,369436,94,272,19457,844,480,0,0,18375
BV1YptrzdEEN,114988203121650,1,138,2154,搞笑,剧情演绎,http://i2.hdslb.com/bfs/archive/6f25475d13970e89d753b964a80d1c37f6418813.jpg,我妈看完视频连夜把我拉黑。。。《最 骚 营 销 号 87》,1754581256,675,152389373,NBzhuoc大,https://i2.hdslb.com/bfs/face/2f1715731c2e53ef0d8e0d9473fcf4fb10159a34.jpg,2479032,"社会观察局,搞笑,奥特曼,高能,狗狗,科普,吐槽,沙雕营销号,营销号",66631,850,322,1167,1663,101,0,0,8580
BV1mvh8zfEzc,114958390071142,1,21,2102,日常,摄影摄像,http://i1.hdslb.com/bfs/archive/9c8db066817437f198003ad84dcb5013959a56bc.jpg,评论区摄影大赛之迟来的建军节篇，昨天剪太晚了所以没发，今天补上。,1754126066,108,3546741475379844,摄影恩哥,https://i0.hdslb.com/bfs/face/b497e49b5418b6c0cc18f5f3d80c6c08a1048d5c.jpg,683658,"摄影,风景,评论区摄影大赛,哔哩哔哩评论区摄影展,照片点评",2046070,23734,4404,11641,3110,323,0,0,171875
BV19GtvzuEFn,114985753710679,1,172,2064,手机游戏,单人RPG游戏,http://i0.hdslb.com/bfs/archive/f2859bc409cdc7bf82466fdd67a7044d532324ac.jpg,绝区零爱丽丝全面测评,1754543697,2031,307353874,龙四爷攻略组,https://i1.hdslb.com/bfs/face/79347d8af00fcdd95afa42b0077a961d0e0c4a3d.jpg,318768,"#爱丽丝,绝区零UP主激励计划,#爱丽丝磁盘,#爱丽丝天赋,#爱丽丝配队,#爱丽丝抽不抽,#爱丽丝教学,#爱丽丝测评,#龙四爷爱丽丝,#爱丽丝简",67906,512,624,1036,7673,192,0,0,11337
BV1pQhuztEqS,114963020585779,1,21,2027,日常,音乐综合,http://i1.hdslb.com/bfs/archive/fd13d4fa28d7bd804b4fe5b00d8cab8d928fac30.jpg,朋友就是知道你要恶搞还会配合你的一群人,1754196666,84,1472737499,Lucas是只猫N,https://i2.hdslb.com/bfs/face/6a1a4f7a6f3dd7ac24787ed822fc5c52528c91e8.jpg,978,"恶搞,娱乐,搞笑,配音,朋友,barbarbar,必剪创作",1393545,3307,2903,15222,4487,2867,0,0,149527
BV1VxtnzPEUz,114975469212619,1,171,2070,电子竞技,MOBA游戏,http://i0.hdslb.com/bfs/archive/cd631b45a20fab8ab4a1574d980070c48d5d034e.jpg,被队友认出来了还好打了个16.0,1754387586,360,1092084298,王者荣耀九居,https://i1.hdslb.com/bfs/face/a64e164729d3d94ffee377347d58443696159f05.jpg,610087,"王者荣耀,二手推荐,二手手机,转转",392625,659,578,2293,696,452,0,0,22029
BV1VEtEzcECQ,114974781342729,1,171,2068,电子竞技,回合制策略游戏,http://i0.hdslb.com/bfs/archive/ace6fd9abbaffcacb1bc1dabb658b2f91692b4ec.jpg,𝑴𝒚 𝒃𝒓𝒐𝒕𝒉𝒆𝒓 𝒊𝒔 𝑺𝑩,1754388000,127,3493105034594510,十六van游戏,https://i2.hdslb.com/bfs/face/27b78acca91bd97b9ef20c7438ea042fc6c26853.jpg,548471,"搞笑,亚索,剪辑,愚蠢的欧豆豆,抽象,永恩,金铲铲,来点儿节奏！",451344,197,444,1365,1025,946,0,0,29177
BV1qctczUEsk,114979948729514,1,17,2078,单机游戏,沙盒类,http://i2.hdslb.com/bfs/archive/ba778f76aa01faf250d173e03aaf5a6433df7e9a.jpg,神人玩什么都很神 1.0,1754455207,141,289475254,碧月狐,https://i1.hdslb.com/bfs/face/d29803d385b117e98eda7abed7ebcfbc92bc44ac.jpg,2724706,"万物皆可游戏,我的世界,沙盒游戏,搞笑,娱乐,沙雕,抽象,mc,meme,碧月狐",283162,850,705,2202,1346,219,0,0,24313
BV1J5twzfESP,114981290971011,1,124,2088,社科·法律·心理,社会观察,http://i0.hdslb.com/bfs/archive/dcc33dc927eff9662072c9883adf126f615eb482.jpg,在上海喝蜜雪冰城柠檬水会被东方明珠锁头攻击并开除沪籍吗？,1754475454,212,3546584625186941,183的冯律师,https://i2.hdslb.com/bfs/face/a4c8c5f2d5aaa44932f7145010edfcca2a21ffc0.jpg,988696,"上海,法律,沪籍,普法,抽象,法律咨询,法学生,蜜雪冰城,法律观察局",353115,1571,1804,1171,509,238,0,0,27147
BV1odtnzkEtF,114975402100793,1,172,2064,手机游戏,单人RPG游戏,http://i2.hdslb.com/bfs/archive/2d6ca654ada05b022a829947d3041281b51d23b1.jpg,《崩坏：星穹铁道》走近星穹——「海瑟音：骑士肚里能撑船」,1754452800,552,1340190821,崩坏星穹铁道,https://i2.hdslb.com/bfs/face/57b6e8c16b909a49bfc8d8394d946f908cabe728.jpg,11442057,"崩坏：星穹铁道,崩坏星穹铁道,走近星穹,海瑟音,崩坏星穹铁道海瑟音,英雄未死之前,米哈游,miHoYo",1368072,23120,8077,15015,18345,6670,0,32,128752
BV1mPh3zMEN1,114964379533693,1,158,2114,穿搭,鞋服穿搭,http://i1.hdslb.com/bfs/archive/b64e190a80f736d94b25173bd6e2a42c325a919a.jpg,我的眼里可没有丑衣服哦,1754217450,177,327738805,六一不是猫,https://i1.hdslb.com/bfs/face/47a25ce422a25856af9fa9301c45dceda8f68440.jpg,1071393,"服饰,女装,穿搭,穿搭技巧,普通人变美指南",1341656,1558,1424,21526,4020,3211,0,49,138286
BV1d4twzSEWq,114980888254409,1,243,2026,乐评盘点,乐评盘点,http://i2.hdslb.com/bfs/archive/b35d1dee4442c393d2b5542e6d3203888f769c1e.jpg,J-pop人最爱的一集！Spotify上最火的100首日语歌排行榜，首首破亿，《Lemon》竟然没进前十？,1754469674,9887,14577351,小小佐仓千代,https://i0.hdslb.com/bfs/face/015073c2acd9b8a289be2ed80628479fd85287c5.jpg,526320,"音乐分享官,日语歌,米津玄师,YOASOBI,Mrs. GREEN APPLE,J-pop,jpop,Ado,藤井风,夜鹿",51378,1111,465,2630,1382,181,0,0,4687
BV1MbtEzWE1C,114974865229121,1,212,2150,美食侦探,美食探店,http://i1.hdslb.com/bfs/archive/fa8679ab215911d47f436c0ade5dfb8411d0ef06.jpg,在贵阳来一顿夺夺粉，居然还遇到了投喂,1754384700,176,662658732,玲子reiko-,https://i0.hdslb.com/bfs/face/a8d629cf26aadac92df23448177860842cc8e133.jpg,1770218,"贵阳,记录我的美食日常",209270,149,486,1130,812,1009,0,0,23094
BV1bjhJzwEHj,114952551538089,1,212,2149,美食侦探,美食制作,http://i0.hdslb.com/bfs/archive/54ab48611821867a77656248bf8abbbbad51d908.jpg,当我为60岁东北阿姨密谋了一场突然的旅行，奇迹的一幕发生了…,1754038988,1999,99157282,盗月社食遇记,https://i1.hdslb.com/bfs/face/c7fb5da587c2ec6b56ad47579933fda34c000457.jpg,8226709,"快手菜,美食制作,美食教程,家常菜,厨艺,华为Pura80,#鸿蒙越用越香,#今日的饭,三姐妹",2676445,2750,960,6251,14415,728,0,0,43096
BV1r9twzwErs,114980603038595,1,137,2014,明星综合,娱乐综艺正片,http://i2.hdslb.com/bfs/archive/1b4500f841d314f7deff2054359134039b11c162.jpg,【登陆少年】《TOP登陆少年组合日常角》 23,1754474400,1012,3546657239075200,登陆少年组合,https://i1.hdslb.com/bfs/face/bf39db605b4c1bf1c519c1429a4d71eb605e089d.jpg,1474872,TOP登陆少年组合,317448,63207,1901,3126,1420,223,0,0,12236
BV19qhPzaEqu,114959749024578,1,31,2020,翻唱,翻唱,http://i2.hdslb.com/bfs/archive/3500cb6e16fa474d9f3f5b22ae9770863fa06659.jpg,今晚听夜雨,1754146658,25,689808143,流星雨4536251,https://i2.hdslb.com/bfs/face/a4a2fa661cf165b94628a6e73440f4950799669a.jpg,78743,"姐妹唱歌,听夜雨翻唱,听夜雨DJ",515432,50,205,4080,1368,304,0,0,64746
BV1NXhVzVEuY,114964614351725,1,218,2167,喵星人,猫,http://i1.hdslb.com/bfs/archive/b82cf4529270d9d3b364778fd7f814ab97fccc8d.jpg,盘点一下猫德学院的赔钱玩意,1754221055,212,508416316,本喵叫兔兔,https://i1.hdslb.com/bfs/face/dd3ca18b9504ea0db42655446efd533795811e17.jpg,2844211,"喵星人,猫德学院,缅因猫,动物总动员",1808795,941,1812,12905,173560,1594,0,7,237728
BV1HVh3zwEvy,114963943262344,1,95,2100,数码,手机,http://i1.hdslb.com/bfs/archive/e2eeadf8d845ae9dca5b16442e288ad24513d978.jpg,手机实体店，绝望对话,1754210855,490,3546902624733812,海虹数码葛小强,https://i2.hdslb.com/bfs/face/c05f06a21556350b28c1967ded6b73483b3b471c.jpg,76623,"创业,手机,互联网",629555,2747,3089,1840,736,1168,0,0,13562
BV1qThWzREtB,114954044907056,1,229,2091,设计·创意,设计艺术,http://i1.hdslb.com/bfs/archive/f0a9ff89a5962239a28ef3ba0361b27e50b9edde.jpg,我给花朵加了个开关！,1754059601,16,14615865,是玉木呀,https://i0.hdslb.com/bfs/face/b375c5e72b34b598537c8c5a9d73a48ba361e2b7.jpg,130715,"花卉,创意,插画,动画,互动,字体设计,万物研究所",1537736,384,1292,26961,3177,2901,0,0,140382
BV14shWzGEQP,114953793048219,1,138,2155,搞笑,语言类小剧场,http://i2.hdslb.com/bfs/archive/0e528a2844ce0a894d1f4ee106a8aed70267f068.jpg,二狗的现场已经颠了...,1754132400,263,391133521,一支麦二狗脱口秀,https://i1.hdslb.com/bfs/face/4b4311299343d1ff07103982803c944edd1f46a1.jpg,176357,"脱口秀,搞笑,搞笑小剧场,二狗脱口秀,一条名叫爱情的狗,二狗全球巡演,交友,脱单,互动",728441,339,339,4037,12859,1585,0,0,56165
BV1H8tczfEP3,114981441899812,1,86,2048,特摄,特摄,http://i2.hdslb.com/bfs/archive/325da967f2900bd891b987607e6b33b0fc742b13.jpg,【重制版】特利迦奥特曼 大结局“导演剪辑版” 你也可以变成光！你也可以！,1754477983,1244,309134148,机智帅气的一炫君,https://i0.hdslb.com/bfs/face/d5b4c71f71a5d692960ab5df3da83c75e4ac77aa.jpg,625209,"梦比优斯奥特曼,迪迦奥特曼,奥特曼,戴拿奥特曼,盖亚奥特曼,特摄,迪迦,特利迦奥特曼,特利迦,动画种草激励计划",84813,417,580,2358,2412,335,0,0,6715
BV1rvtczxEYR,114981391635110,1,21,2039,日常,cosplay,http://i1.hdslb.com/bfs/archive/f8f9581417095601ab54a6dd216a003fb254eceb.jpg,重生之我在漫展当古风小生?!,1754481166,252,36416972,张恩恩NNN,https://i2.hdslb.com/bfs/face/d716ac55bed4f38f231a4a5b90a4c3d963ea3c87.jpg,920506,"古风,CJ,金庸,ChinaJoy,漫展整活,社牛,古风小生,Cosplay,二次元副本挑战者",542310,8351,220,3099,793,661,0,0,35408
BV17gtEziEE7,114975066555514,1,212,2150,美食侦探,美食探店,http://i0.hdslb.com/bfs/archive/f872b71358c3028f799fa895aec1003ea1270849.jpg,5500韩元在韩国女校食堂能吃到什么？没有草料，但也没有肉,1754388000,979,39627524,食贫道,https://i2.hdslb.com/bfs/face/eef12b850c10b0d7a7929236abb08604955823c0.jpg,7949298,"4K,大学,美食,韩国,草料哥,大宝荐,舌尖真探事务所,食堂,记录,食贫道",2021748,12044,6317,11898,19691,5249,0,42,109990
BV1SY4ZzFEBX,114979361526542,1,21,2046,日常,网文解读,http://i0.hdslb.com/bfs/archive/2d0d5c55e04497f49358a5cbd6b35128ff7c768e.jpg,不是，哥们，要不，祖师你来当……,1754446065,178,72969462,笔给你你来写_,https://i0.hdslb.com/bfs/face/8e8a57daeb8ee0b50e6fa4e66c4f18f849fc601c.jpg,1139377,"脑洞,原创,小说,曼波配音,随笔,原创剧本,笔给你你来写,沙雕段子",315243,236,1246,1191,554,127,0,0,27836
BV1NohLzEEkT,114967550369278,1,161,2099,手工,电脑,http://i1.hdslb.com/bfs/archive/c03c318c46ab0348bb75889b6c7f709f04e1256e.jpg,伊  涅  芙  实  机,1754280000,130,7057999,牛掰的瑶子,https://i1.hdslb.com/bfs/face/efbb1365ca8a93d32ca678bac13a150762154d9a.jpg,164697,"手机游戏,DIY,图吧装机,伊涅芙,原神伊涅芙,原神",1964831,8033,2105,18997,18935,12640,0,52,126588
BV1sUtizeEWA,114985032353930,1,236,2141,竞技体育,体育赛事,http://i2.hdslb.com/bfs/archive/1c35098cb4aadb084345613753fd9ea117ea470b.jpg,队友爆冷出局，他成了国乒最后一道防线。回看樊振东封神之路！（1）,1754537436,1145,357387034,乒乓Q奇,https://i1.hdslb.com/bfs/face/b0273095b893ec438a492ca2f38225a5f82b8825.jpg,470339,"体育,樊振东,巴黎,乒乓球,比赛,上得物得好物,大满贯,国乒",55477,505,538,1240,2172,193,0,0,4930
BV18Mh7zfEdW,114966761839668,1,65,2071,网络游戏,射击游戏,http://i0.hdslb.com/bfs/archive/c070c513348e212a12cd54bccbe0d3d93fc329c4.jpg,【大面包】当你用显卡雇佣大哥护航，会发生什么？,1754278200,573,87898782,无糖大面包_,https://i0.hdslb.com/bfs/face/417f99b730f7496f7de25692d80def7307b3561a.jpg,29127,"娱乐,FPS,搞笑,射击游戏,三角洲行动,爱鼠tv,无糖大面包,鼠鼠,摸金,三角洲破壁新赛季上线",438596,424,590,5447,966,57,0,0,14932
BV149t7z7EvE,114975049782893,1,21,2073,日常,动作竞技游戏,http://i1.hdslb.com/bfs/archive/e80653f7f4b0d3485902710807c35b1bbf93db84.jpg,2025年的游戏体验！能有多逆天？【CJ 骁龙主题馆】,1754388300,311,85649095,张子zi,https://i1.hdslb.com/bfs/face/691ab8f874eb315abc6930d10255d62d834ebb0c.jpg,493097,"CJ,游戏,ChinaJoy,体验,XR眼镜,芯片,骁龙,逛展,gaming,整点电子榨菜",1458014,7680,242,5136,1323,586,0,0,19920
BV1Fnh3ztEAX,114964127948386,1,218,2167,喵星人,猫,http://i2.hdslb.com/bfs/archive/c34c4a1b6a2aa37a742c4c43c43a90be4e5952dc.jpg,有爷爷的小猫像块宝,1754214289,371,3546720564676999,曲洋的不苦小院,https://i1.hdslb.com/bfs/face/4c2bc0236bb8bd0439d4e88bfad0bfef42c4faca.jpg,83513,"喵星人,爷爷,猫咪,关爱流浪猫,流浪猫,小猫",1739073,1569,1951,39483,113747,5761,0,5,299431
BV1ZWtizSEXE,114985300660939,1,138,2155,搞笑,语言类小剧场,http://i0.hdslb.com/bfs/archive/3cd17dfb2499caca5e3cb2b4b13c49a853cfa82f.jpg,可爱的低音炮男孩-付航脱口秀,1754536728,96,57592895,付航脱口秀,https://i2.hdslb.com/bfs/face/09f8e3e965220fe17cadf70893228f35d1d71e3f.jpg,2202717,"声控,低音,低音炮,搞笑小剧场",577354,218,290,1378,916,656,0,0,48613
BV1DFtizTEtW,114985569227530,1,138,2154,搞笑,剧情演绎,http://i1.hdslb.com/bfs/archive/c85cd886d2a66cf5529c215e666eb08e4656bbf1.jpg,路边摊的满满套路！,1754540681,100,393709394,一串大福,https://i2.hdslb.com/bfs/face/e6d1cf7df22235495d25d7ae77a4aa185e5d8c7f.jpg,1563712,"搞笑,原创,校园,搞笑小剧场,来福来福,一串大福,路边摊,真实,学生时代,fyp",522586,866,572,4596,891,136,0,0,31405
BV1XXtAzQEER,114982364778446,1,95,2100,数码,手机,http://i2.hdslb.com/bfs/archive/458e850960dfbbf0fd1a5de10f49fad3417d013e.jpg,屏下摄像头本是最完美的手机形态，为啥无法普及？,1754528400,279,429632410,RGB工具人,https://i1.hdslb.com/bfs/face/8f84719663a0123116e7ea24fa3a1231a3ed0116.jpg,578927,"科技猎手,小米,摄影,拍照,手机,镜头,手机推荐,中兴",78126,392,1030,1313,1089,28,0,0,2463
BV1nBhHzREFH,114953071631302,1,208,2084,校园学习,应试教育,http://i2.hdslb.com/bfs/archive/a08c1723cb433a4601bc85e60218d7ad41076ac2.jpg,考过的证书毕业直接变“废纸”，小心当了韭菜！,1754045172,111,25694274,小五只会一点点,https://i0.hdslb.com/bfs/face/dac3f29feb6f36bea16d4a81eb2b423381528efc.jpg,561739,"毕业,学习,考试,证书,会计,找工作,韭菜,大学生,考证",1041507,334,2102,22449,749,897,0,0,50564
BV1Ly8mzXEwg,114948625664665,1,20,2028,宅舞,宅舞,http://i2.hdslb.com/bfs/archive/94b001e89f29c8e4c7cffa04e02280d0f56ac2d3.jpg,【青鸢】不愧是初代宅舞UP！这个舞台好元气 看完又活了,1754020800,205,11605312,青鸢Cyan-,https://i1.hdslb.com/bfs/baselabs/463a1885f487d6c820ff3bb3ef53442f01c05591.png,1208452,"漫展,初代,元气,宅舞,可爱,现场,舞台,直拍,青鸢,轻舞蹈竖屏激励计划",231605,57,256,12095,1075,193,0,0,40757
BV1BitczRErb,114981374856931,1,215,2149,美食记录,美食制作,http://i1.hdslb.com/bfs/archive/bf397d666aefd132efd9716472ba68b838cd50f2.jpg,文科毕业生3.69吃一顿,1754477382,75,33903433,极品饭灵根z,https://i1.hdslb.com/bfs/face/b85167a5feb1ae3547009e6efe6029b6aca5da4b.jpg,590976,"美食,生活记录,拌面,大学毕业生,Vlog",333364,241,428,1728,803,364,0,0,34613
BV1fctqzsEvb,114986777118015,1,65,2065,网络游戏,MMORPG游戏,http://i1.hdslb.com/bfs/archive/32a3e0e531885caebf8d079b31bbdc512e8cce49.jpg,开局拿下至尊神兽！两万预算爽玩【梦幻西游畅玩服】,1754566200,344,450882837,一叮当猫一,https://i0.hdslb.com/bfs/face/d1860f1dc772903037f0048c149b2b445e6bcc74.jpg,1767100,"试玩,游戏解说,梦幻西游创梦计划,梦幻西游畅玩服,梦幻西游电脑版",47338,154,111,2056,2206,1031,0,0,3287
BV1GLt5z2E9D,114970922587130,1,172,2070,手机游戏,MOBA游戏,http://i2.hdslb.com/bfs/archive/e07078a5ed6b8d9609c67a3d4c78bfba079bf1dc.jpg,想跳过晋级赛结果直接16.0顶级对抗，吓的我半个月不敢上线,1754355600,215,268941858,磊哥游戏,https://i0.hdslb.com/bfs/face/538b9090c0862782df0662b2176e726eda1c9980.jpg,2473503,"王者荣耀,王者荣耀夏日农友节",1823358,969,3439,3160,2695,1254,0,100,94945
BV1SW4dztEvW,114976475843752,1,138,2001,搞笑,影视解读,http://i2.hdslb.com/bfs/archive/9a1ae47e2da0325ab59a9762ac3735bb9097a972.jpg,经典回顾之流星雨帅气篮球,1754402056,223,1379165407,-超级小能猫-,https://i1.hdslb.com/bfs/face/9ba5a55b282a55ac2eb29267ad9ccab381678934.jpg,2406501,"搞笑,解说,篮球,抽象,搞笑研究所",216435,639,403,1480,842,722,0,0,17286
BV1WXtVzaEhN,114971174244398,1,172,2064,手机游戏,单人RPG游戏,http://i1.hdslb.com/bfs/archive/d413e33c4674a9dee1ae54df49280e546405e91b.jpg,绝区零全角色街头颜值打分（OOC致歉）,1754321152,305,5541063,一颗白矮星,https://i0.hdslb.com/bfs/face/acd94a07c11321fbc8876ff473e767c3e9419a41.jpg,1384,"街头采访,绝区零剪辑,绝区零UP主激励计划,颜值打分,整活,绝区零",671384,806,818,10329,5215,3995,0,0,59375
BV1oftnz6EyW,114975435659170,1,47,2037,同人·手书,同人动画,http://i1.hdslb.com/bfs/archive/3324da55dcbd3e1033f6f7c8d507e671d3950b3b.jpg,三月七的【天天天国地獄国】,1754386115,72,89031393,夜半三更_,https://i0.hdslb.com/bfs/face/2071ad7f1909776030410e9dfb19f702370f2f7c.jpg,30545,"手书,动画,星穹铁道,崩坏：星穹铁道创作者激励计划,天天天国地獄国,长夜月,三月七",1294514,446,1493,67907,27811,9979,0,37,169071
BV1y3tBzqEek,114985938325252,1,138,2205,搞笑,婚嫁,http://i2.hdslb.com/bfs/archive/8a6a8a367a7dcf89082b39a0ab5e72f6d2d581ed.jpg,五五分然夫的求婚史,1754546410,728,405378715,Alice-然,https://i1.hdslb.com/bfs/face/690b4f9cc421684ff8571477f3ba8b048a88c907.jpg,910312,"爱情,生活记录,高甜,情侣,求婚",100989,787,224,829,854,462,0,0,13567
BV1t4tzzLE1x,114987330700430,1,76,2149,美食制作,美食制作,http://i1.hdslb.com/bfs/archive/67b96c1edb3c49e700707c50e2359c6ff054b122.jpg,第110期四菜一汤教程：萝卜红烧肉，干蒸鸡，干锅包菜，红烧鲤鱼，党参鸡汤，从买菜开始，学起来吧，在家也很好复刻,1754568317,404,472102908,阿蔡美食雕刻,https://i0.hdslb.com/bfs/face/b5475839b0bcee3188920df8440746ba18d9a69a.jpg,4271005,"美食教程,厨艺,家常菜",191419,288,335,885,1087,170,0,0,17926
BV1QXtGzkEwD,114970016613726,1,27,2037,综合,同人动画,http://i0.hdslb.com/bfs/archive/4a8922f2269b2f0296ef2c11b75dedea670d3644.jpg,“当知足凌驾于自卑之上 幸福将贯彻一生！”,1754303598,122,523439101,他的日常生活_,https://i1.hdslb.com/bfs/face/31478dc9f303e1c4ccccd25619baf04de5626823.jpg,12123,"原创《他的日常时光》,幸福",703405,65,272,12686,1288,144,0,0,30006
BV13EtjzpEJT,114973875376106,1,243,2025,乐评盘点,音乐教学,http://i1.hdslb.com/bfs/archive/da3dc553434affef792d12a2af005c9823bdb35b.jpg,【于老师声乐解析】逐帧分析侯明昊《爱错》唱功刷新众人印象！所有你没注意的细节和难点！,1754362493,315,545372546,歌手于航,https://i2.hdslb.com/bfs/face/c2e53fd530cb7ea15fbcafc7c8b4473f576c27c8.jpg,20817,"唱功,reaction,于老师流行声乐解析,高音,混声,爱错,声乐教学,侯明昊,唱功分析,逐帧分析",257884,339,600,991,1761,355,0,0,5829
BV1ugtgzeE6S,114969311973321,1,137,2014,明星综合,娱乐综艺正片,http://i2.hdslb.com/bfs/archive/3f174cc170d4c0689f50825dfd02a34b81601537.jpg,【TF家族练习生】《肆意时光簿》EP05,1754305200,759,3670216,TF家族,https://i1.hdslb.com/bfs/face/1c74336b9060d40d0ccf5e8bce7c0de34526b1e3.jpg,6943471,"TF家族练习生,肆意少年突围",1008657,275041,5292,13747,4583,747,0,0,42203
BV1fjtwz4EYH,114981274128050,1,17,2066,单机游戏,单机主机类游戏,http://i2.hdslb.com/bfs/archive/6478bfc24de6a98aafb7703f56b50637fcfe08bf.jpg,逃生2的学校压迫感是真强！,1754479855,1504,525377706,小埋来也yyy,https://i0.hdslb.com/bfs/face/ad30edb56b393075c7de4d8f3251135ad2d2f454.jpg,164809,"游戏解说,恐怖游戏,恐怖,逃生,逃生2,压迫感,速通,steam游戏,推荐宝藏游戏",68228,470,147,709,1214,74,0,0,3989
BV1yEt7z3ENW,114973556610726,1,47,2037,同人·手书,同人动画,http://i0.hdslb.com/bfs/archive/719e1a7672f378eb72ac839e4f7512e9a0b79280.jpg,抡语第16集，制作时我都忍不住笑了！,1754388000,258,4323652,画师禾月,https://i1.hdslb.com/bfs/face/b737827217ef6eb6c50093d38e23a4c04f38b5a9.jpg,139509,"原创动画,原创,有声漫画,秦始皇,搞笑,抡语,画师禾月,大秦,沙雕,画师百日创作挑战",425579,219,309,7970,2084,87,0,0,22408
BV1aPtgzBEd8,114969379147110,1,215,2152,美食记录,美食记录,http://i1.hdslb.com/bfs/archive/ef07c2d51505b335d229fd919b851e8403143c38.jpg,今天吃一锅神奇的窑鸡钢琴烤肠火鸡面！,1754294722,194,419976249,大宸开饭了,https://i0.hdslb.com/bfs/face/4c7af34e8dd82b8a18a2957ca9862f6d046c3ffd.jpg,1205086,"美食,声控,沉浸式,烤鸡,烤肠,美食记录,创意美食,夜宵,火鸡面,窑鸡",468106,677,368,4765,785,632,0,0,28588
BV1pt81zdEhB,114948239791666,1,172,2071,手机游戏,射击游戏,http://i2.hdslb.com/bfs/archive/81ec7ee3764032df29ae56e7198aeb2dcc6539ba.jpg,全网最专业一图无脑得吃教学,1754037300,916,35753864,TGEe_,https://i2.hdslb.com/bfs/face/03ebb90e4bdda62b2cb6f61f84dea61b74ca4e3e.jpg,50995,"原创,地铁逃生,对峙前线,得吃,搜打撤,地铁逃生周年版本,一图,教程攻略,硬核测评,和平精英",2240734,1760,1501,85890,18926,2270,0,72,78115
BV1xttNz2E6L,114983404834266,1,65,2071,网络游戏,射击游戏,http://i2.hdslb.com/bfs/archive/e2d8afaa41d297f62c11e29e6fef1512468cadbf.jpg,剥蒜的情谊43.0,1754535600,68,12705018,NinthA-,https://i0.hdslb.com/bfs/face/90fbf5732bd3bffd6a4d094acec17d30756f581e.jpg,196115,"三角洲行动,三角洲搞笑,剥蒜的情谊,三角洲破壁新赛季上线",644744,3876,432,4767,703,2473,0,0,38897
BV14YtEzDEP7,114974814963090,1,76,2149,美食制作,美食制作,http://i0.hdslb.com/bfs/archive/246e4f4c283727f1edd53518deff2c9563f7940f.jpg,新手学做菜入门级教学,1754377476,453,472102908,阿蔡美食雕刻,https://i0.hdslb.com/bfs/face/b5475839b0bcee3188920df8440746ba18d9a69a.jpg,4271005,"美食制作,美食教程,厨艺",437895,617,613,2260,2293,478,0,0,37376
BV1HztqzbEAd,114986290518275,1,182,2001,影视杂谈,影视解读,http://i1.hdslb.com/bfs/archive/b82dd278efd3b38c0cd8720e8bfa37ce9c5f3378.jpg,你完蛋了托尼！甄子丹巅峰最强动作片！综合格斗教科书！重温经典《导火线》,1754558781,2557,397286677,龍影Jackiemovie,https://i1.hdslb.com/bfs/face/b934e43c03c90a56c552e3dd151f87b6f8f70c8a.jpg,570831,"动作,电影解说,电影,动作电影,转转回收,转转,导火线,甄子丹,好剧好片重刷榜",184685,3437,829,3054,4843,361,0,0,11526
BV1oHtFzLEWC,114980049391711,1,138,2154,搞笑,剧情演绎,http://i2.hdslb.com/bfs/archive/c2953109b0f06d8af469f55e2ff9397a91705052.jpg,弗雷尔卓德之麦克阿瑟,1754456567,36,3546588595096095,麦克阿瑟MacArthur,https://i0.hdslb.com/bfs/face/4e554be985dae649662aacdaf71869b8dba36ff0.jpg,3177832,"搞笑小剧场,五星评论家,这扯不扯,麦克阿瑟,弗雷尔卓德",554433,628,1445,7206,3522,13591,0,0,83741
BV1dwtHzBEJz,114975334995727,1,138,2026,搞笑,乐评盘点,http://i2.hdslb.com/bfs/archive/2cbab0ddb2bdf70033a3e4536dc372b4b4bc4621.jpg,炸！人脉哥到《歌手》了！！,1754384466,130,3660297,Jiaber吴伯滔,https://i0.hdslb.com/bfs/face/8e8150c529bf225b2f35a22f68efcfd303a36d1a.jpg,1543788,"音乐现场,歌手2025,人形音响吴伯滔,人脉哥吴伯滔,歌手李佳薇,歌手,煎熬,李佳薇,一起看歌手2025",687011,166,246,2947,544,126,0,0,41832
BV1CuhnzdEdi,114951696029596,1,255,2152,颜值·网红舞,美食记录,http://i2.hdslb.com/bfs/archive/d2e58701ef924779eeac7c8f29ab7d480b01b910.jpg,挑战火鸡面放在眼前一口都不吃,1754023910,48,511373761,辣椒素素素,https://i1.hdslb.com/bfs/face/a271ea1d2268674488f7e1a5d14b0ad54b85d0a5.jpg,496546,"直播,吃播,吃货,辣椒,辣,火鸡面,辣椒素",598579,255,1101,4315,1227,1013,0,0,51928
BV1z9tFzWEhW,114979965503496,1,21,2154,日常,剧情演绎,http://i0.hdslb.com/bfs/archive/8992055db5be3f7618f1445fe9f1660e9f089e16.jpg,我看谁还说放水的事儿，窝都不打了,1754455263,140,1630607409,郭芙蓉的吕秀才,https://i0.hdslb.com/bfs/face/f5c8c057fbf7c3c48e9e612c17e302e22f914348.jpg,27332,"逗比,高能,搞笑,奇葩",1049979,1006,890,12639,1981,3513,0,0,86652
BV1HQtFzdEsi,114979982415884,1,65,2078,网络游戏,沙盒类,http://i0.hdslb.com/bfs/archive/427a086d97d0539ea3e7de55a4668eae828469e1.jpg,《 万 泉 部 诗 人 2.0 》,1754455519,522,75480955,念熙阿,https://i1.hdslb.com/bfs/face/c054ef8bd21efb38f8d6cc78fd8e7135c4b996a8.jpg,982433,"沙盒游戏,我的世界,搞笑,minecraft,念熙,沙雕,联动,整点电子榨菜",134016,377,356,1435,2551,198,0,0,15151
BV1U2tKzpE3m,114984763789267,1,216,2071,鬼畜剧场,射击游戏,http://i0.hdslb.com/bfs/archive/15f9ef3b5497f2327d2f21f801fa9c1a5e009d69.jpg,谁敢骂我乌鲁鲁？,1754528499,120,14896506,英豪小丸砸,https://i0.hdslb.com/bfs/face/64469457eb908ecccafa89f863ae791658a4a01d.jpg,59798,"三角洲行动,蜂医,三角洲宝藏月开启,三角洲,乌鲁鲁,红狼",93352,125,226,541,647,426,0,0,7836
BV1v4tVzJEVD,114971459454392,1,65,2064,网络游戏,单人RPG游戏,http://i0.hdslb.com/bfs/archive/489f7effba2212bf1f2015ad693c3b7fb8966bd0.jpg,“海的女儿”,1754325578,16,472336038,纳白sky,https://i0.hdslb.com/bfs/face/814414cea8e5f858c507b04c9ce4e86bfe3a3c1b.jpg,2545,"剪辑,星穹铁道,崩坏：星穹铁道创作者激励计划,海瑟音,因为太阳将要毁伤,英雄未死之前",632342,205,1227,10730,552,1842,0,0,66410
BV1cfh3zhEAg,114963507060135,1,228,2088,人文历史,社会观察,http://i0.hdslb.com/bfs/archive/b05a746fc51d3194cf85c7b2b636376bffd913bc.jpg,7月28日一发生就引爆舆论，特朗普还亲自下场发推，到底是怎么回事！,1754388000,873,297670584,我是大佬K,https://i0.hdslb.com/bfs/face/efe0c5cde9af3c74568d17599b9b2a071b279fb4.jpg,949309,"真实故事,悬疑,真人真事,奇闻异事,深夜故事,悬疑案件,案件解说",379871,2503,996,2092,2817,354,0,0,13551
BV1NgtPzgE1w,114982112991429,1,251,2083,三农,综合资讯,http://i0.hdslb.com/bfs/archive/194e2a5819a8ffa863e5caad60d2087ec5ad3918.jpg,橙C美式！羽衣甘蓝美式！“果咖”赛道如何影响农民生计？【主播说三农】,1754488078,193,1343321779,央视农业,https://i1.hdslb.com/bfs/face/c9e24623ccc91cd26c2894d2a1880dc6dc6a28c4.jpg,3624219,"咖啡,果咖,主播说三农,水果,冷饮",576093,781,1673,2015,1556,1107,0,0,47135
BV1JntBzhEyn,114986173140885,1,251,2166,三农,农村生活,http://i2.hdslb.com/bfs/archive/acca5aa675aef165d975c6193a71884120c72a4e.jpg,母牛会武术，一招断子绝孙脚法！我爹惨叫连连，徒弟也险些失明,1754557136,653,414700515,龙腾虎跃龙兽医,https://i0.hdslb.com/bfs/face/697d80194c5a980fa55b9a200ce8b8ecc41ab39a.jpg,2692230,"生活记录,记录美好农村生活,笑容加,电动牙刷,usmile",198927,801,299,1234,1638,126,0,0,20294
BV1ZZhEz5EDA,114952484494006,1,138,2207,搞笑,随拍·综合,http://i0.hdslb.com/bfs/archive/e76326edbce2b2a0d23f29a3af4442171190946b.jpg,【断网补全计划93】外星人攻打地球，旺仔小乔攻打天庭，良子铁笼挑战赛，八岐大蛇圣经，娜种物质，理想vs东风乘龙，懂车帝，武大事件后续，成人奶嘴，育儿补贴,1754046000,547,646732586,瞎问虾猜丶,https://i2.hdslb.com/bfs/face/afa2d431081c0e71efb14a76820b2c99dd2deb52.jpg,1895896,"外星人,搞笑,娱乐,梗,搞笑小剧场,二手推荐,旺仔小乔,转转,二手手机",2417789,7937,2635,12262,2928,2188,0,0,126230
BV1Vrh7zTE2Q,114951108693547,1,24,2063,MAD·AMV,鬼畜综合,http://i0.hdslb.com/bfs/archive/07b7e4a6d1233a7accf88781df4b47062036f3c1.jpg,二乔：我被困在了时间迷宫《莫愁乡》,1754014999,133,9068441,冰攻厂BeSo,https://i2.hdslb.com/bfs/face/4f06d92605733645f261e2e29da02556afdf1c32.jpg,675449,"动漫,二次元,JOJO的奇妙冒险,动画种草激励计划,莫愁乡,二乔,乔瑟夫乔斯达",279568,787,416,21498,10968,1388,0,0,35281
BV1aktJzYEUA,114976207409134,1,138,2154,搞笑,剧情演绎,http://i1.hdslb.com/bfs/archive/cdffb6fd104c588115917ff5dca5260aa6e08690.jpg,老非凡跑山西真实粉丝去了？？？？？,1754452898,201,2055991728,老非凡了啊,https://i0.hdslb.com/bfs/face/21628e8d57555daf6d94c8cd5378b208b113f2e4.jpg,1591659,"搞笑小剧场,#绿源智能超续航电池保3年,绿源电动车",934444,336,478,7877,677,27,0,0,15259
BV14etTznEXp,114984243695687,1,172,2073,手机游戏,动作竞技游戏,http://i0.hdslb.com/bfs/archive/aeb8f4da0cb45e9e314c1ebfd421fc471df6e61d.jpg,【流浪者】现场高能！ChinaJoy大屏抽出传奇星妙丨荒野乱斗,1754521033,518,355969965,流浪者游戏频道,https://i0.hdslb.com/bfs/face/6737643e518210c4e054b3367dd7a04efe41264b.jpg,736725,"荒野乱斗流浪者,荒野乱斗",118766,319,207,1512,1095,169,0,0,7500
BV1xyt3zFEbQ,114970436048005,1,215,2151,美食记录,美食测评,http://i0.hdslb.com/bfs/archive/e970a4cc828e15efb3c549b1ca0b19afeb10d9a1.jpg,早餐实力排名,1754310396,520,3493292727601296,王小洋-已黑化,https://i0.hdslb.com/bfs/face/e33567ee9db0bad3c746a42ab7354680b75b0a06.jpg,311083,"早餐,吃喝玩乐先上闲鱼,MVP,排名,手抓饼,油条,烤冷面",761831,15822,6566,7574,1836,1574,0,0,57027
BV1D34fzPEEB,114978740836438,1,47,2050,同人·手书,漫画·动态漫,http://i0.hdslb.com/bfs/archive/4490e403aab882db92c86650330c79981ef09fe3.jpg,【oc日常】第三日，你正在被安抚,1754436641,142,14500193,阿挠挠,https://i2.hdslb.com/bfs/face/5fffb42004e372134eaf40ba2aeb94fb1bc03ee3.jpg,771635,"绘画,原创,画师激励计划,OC",354966,1108,1650,18659,14914,1153,0,0,101294
BV1oRtuzyEyc,114969815420216,1,65,2071,网络游戏,射击游戏,http://i2.hdslb.com/bfs/archive/74eb5d0917d34d903028058f8e8f691ee8749792.jpg,给我7分钟让你爱上绝密航天跑刀77！,1754300530,478,3546897845324636,汉跑跑三角洲行动,https://i2.hdslb.com/bfs/face/93f7c38cd7e4ab5cfdc8e715103ea4e7888462d5.jpg,29682,"FPS,航天,三角洲行动,绝密航天,航天跑刀,教程攻略",916843,1501,921,7385,1064,2125,0,0,65489
BV1Seh8z8Ezb,114958406850667,1,29,2020,音乐现场,翻唱,http://i1.hdslb.com/bfs/archive/9500d8c387c3d80bf2d20e2ab79a7c306b5f24d1.jpg,蔡徐坤劝你别读博,1754126220,215,21442590,馄饨皮茄总,https://i0.hdslb.com/bfs/face/29d3bf75ec95524532a9ce36d1232ef441889a1d.jpg,34845,"蔡徐坤,cover,学术,博士,科研,读研,读博,deadman,PhD,翻唱的N种打开方式",1235097,1235,2297,21751,38418,17949,0,96,121896
BV12bh5zmEih,114966090747723,1,21,2079,日常,其他游戏,http://i0.hdslb.com/bfs/archive/b06adb5ae43654a2b0449dbefc6bad98054c2d20.jpg,不熟悉地图？铃儿教你辨别方向！|极限古城[超自然行动组],1754535600,607,1534075524,雨域n-n,https://i0.hdslb.com/bfs/face/2b08f0a728eca128dad95998e812f157cfe63b96.webp,56345,"游戏实况,超自然行动组,超自然行动组精绝古城联动,极限古城,跑刀,必剪创作",60193,398,287,1157,1020,36,0,0,3641
BV1HhtGzZEaV,114969916015676,1,158,2114,穿搭,鞋服穿搭,http://i1.hdslb.com/bfs/archive/7df96114cc637e48f61501408e20c2259e5292e6.jpg,我的时尚启蒙剧——爱情公寓,1754301899,220,327738805,六一不是猫,https://i1.hdslb.com/bfs/face/47a25ce422a25856af9fa9301c45dceda8f68440.jpg,1071394,"穿搭,服饰,品牌,普通人变美指南",316536,540,330,3788,983,205,0,0,26403
BV1yVt7zyECT,114973539830436,1,21,2158,日常,旅游记录,http://i0.hdslb.com/bfs/archive/913e6ab771a3791c6a19c3ef6bed58661369d4af.jpg,我们在三次元找到了真的蒙德湖！安柏 优菈 空｜COS旅拍VLOG,1754366700,273,7967009,名羲MX,https://i2.hdslb.com/bfs/face/2837ca3216e342381f1c987c1fd8dd4c28053348.jpg,134727,"二次元,旅游,cos,优菈,空,安柏,Vlog,Cosplay,原神,二次元副本挑战者",140139,212,281,5793,2302,330,0,0,16935
BV1a7tzzHEao,114987364257194,1,85,2154,小剧场,剧情演绎,http://i1.hdslb.com/bfs/archive/7c96885cbe270d77714b0fe3bbf74968cec6532e.jpg,2025年，空调爆发内战,1754568213,165,388477943,薪儿姐师尊,https://i2.hdslb.com/bfs/face/37954c84facfe0751a14e3d93cf5f248f729cacc.jpg,1448642,"搞笑,无厘头,短片,原创,脑洞,内战,搞笑小剧场,整活儿,空调,高温",97309,231,369,709,579,870,0,0,8488
BV1YptnzKEh8,114975569939746,1,59,2031,演奏,明星舞蹈,http://i2.hdslb.com/bfs/archive/3a391a80953d8c6845f8574c09a8e4b4843263cb.jpg,暗香残留,1754388073,47,385534216,段俊piano,https://i1.hdslb.com/bfs/face/f9a72b873971d4ed869a290e1cb27b5b0468afc8.jpg,1264688,"钢琴,段俊,沙宝亮,暗香,KPOP回归前线",457043,207,415,1045,1528,434,0,0,29402
BV1gzh3z5EoK,114963658052623,1,221,2163,野生动物,赶海捕鱼,http://i1.hdslb.com/bfs/archive/23b236b45d3879715fcd84add7ef7b2aacdc13e7.jpg,赶海发现一只野生小海龟,1754206450,244,3546591816321888,佩琪赶海,https://i0.hdslb.com/bfs/face/6949e6fcbf7618b04c238ec576b2295833541d4e.jpg,61706,"原创,海鲜,海龟,海,赶海",3157338,352,382,20957,561,60,0,0,21510
BV1Aht5ziE8N,114971090357504,1,59,2021,演奏,演奏,http://i1.hdslb.com/bfs/archive/0bf9dd4010ead5863b67aaad8e24fb772974dda1.jpg,以我残躯化烈火,1754319922,114,3546676310575314,MARX_Guitar,https://i0.hdslb.com/bfs/face/ebc05496074fbe2a4f633edfcb85a7229e7f91ac.jpg,237,"电吉他,赛博朋克2077,第一视角,强尼银手,武侍乐队",327030,52,393,3431,813,502,0,0,25511
BV1AQtizaEWc,114986810675168,1,182,2001,影视杂谈,影视解读,http://i1.hdslb.com/bfs/archive/f5b7f8d9251f2fdde5168f0f90b8664996f77887.jpg,武则天密旨另有深意，青衣人血洗平南侯府！万字精讲《神探狄仁杰2》P18,1754564871,2895,7957044,我是十四哦丶,https://i0.hdslb.com/bfs/face/d721f1f3388b039e491c94a0abfaeab122429696.jpg,601686,"影视解说,狄仁杰,神探狄仁杰,悬疑推理,#uwant,#不发臭洗地机,#友望云朵2.0,剧说,电视剧解说,好剧好片重刷榜",89892,1350,362,1262,2510,85,0,0,5430
BV1Z7h8z3EiN,114958591400416,1,138,2154,搞笑,剧情演绎,http://i0.hdslb.com/bfs/archive/48e2e21f12202d8bd946f0c42fb6928d886377ea.jpg,当异校好友出现在班级门口！,1754129296,117,393709394,一串大福,https://i2.hdslb.com/bfs/face/e6d1cf7df22235495d25d7ae77a4aa185e5d8c7f.jpg,1563712,"校园,原创,青春,搞笑,搞笑小剧场,来福来福,一串大福,学生时代,真实,fyp",3016153,1112,504,22124,1775,282,0,0,84495
BV1zhhKz5ESY,114960856260211,1,65,2071,网络游戏,射击游戏,http://i2.hdslb.com/bfs/archive/fdda574b40aaa265563e3280835731f9a269076b.jpg,挑战不出海洋之泪不结束（五）单局两颗非心能抵海泪吗,1754194500,1086,3461572586375762,小里电竞,https://i2.hdslb.com/bfs/face/9ea49de53aec6e12c011ccdb30f0611b44e4bdf7.jpg,188534,"三角洲行动,三角洲新年爽玩攻略,三角洲新年整新活,三角洲行动建模大师,三角洲破壁新赛季上线",797487,8838,1009,8653,2755,825,0,0,55346
BV1AEtKzkEDs,114982851188093,1,215,2149,美食记录,美食制作,http://i1.hdslb.com/bfs/archive/df7cc2ab5075c52e052fa0f99b90b6faa237fd85.jpg,中西合璧千层面,1754539200,348,85407093,一宝ebao,https://i0.hdslb.com/bfs/face/6af4108b41b66683c995b2084ba129367b34e2cf.jpg,405045,"面食,vlog,萌娃,面条,我的养娃日记",157359,880,368,872,2723,184,0,0,13202
BV16ftizdEDE,114986793835411,1,247,2109,新能源车,汽车技术,http://i1.hdslb.com/bfs/archive/8385402c47804320246d6052744cc50f5327f13a.jpg,沃尔沃进化新里程碑！全新SMA超混架构第一车XC70妙不妙？,1754567062,496,690820158,三驱兄弟,https://i0.hdslb.com/bfs/face/c9c031bfdd647a5f64ec80136db7e9af7f000342.jpg,445081,"沃尔沃XC70,不是所有混动都叫超级混动,豪华超混第一车,安全从此长续航,沃尔沃,新能源汽车,汽车知识,汽车科普,增程,插混",46842,160,98,605,1034,28,0,0,3421
BV1ZctAz4EuS,114980720545025,1,65,2071,网络游戏,射击游戏,http://i2.hdslb.com/bfs/archive/38ebfae1c3d0eded8739d47ab739b6b9bded033b.jpg,不出医疗五天王不结束（五）,1754466753,608,1836738740,加尔尔尔,https://i2.hdslb.com/bfs/face/4e2d73d83d4d49b0a8f47e5df5bfdf245d1cddd3.jpg,102324,"游戏实况,娱乐,第一视角,三角洲行动,带富电竞",424730,541,358,4742,673,75,0,0,12925
BV1aG8mzyEdL,114948977988292,1,172,2070,手机游戏,MOBA游戏,http://i0.hdslb.com/bfs/archive/985d678d3d60ddf8f580b2d7867a0789f9e5a67b.jpg,开局第一件直接憋玉玺，最快登基确定正统性,1754010000,222,268941858,磊哥游戏,https://i0.hdslb.com/bfs/face/538b9090c0862782df0662b2176e726eda1c9980.jpg,2473503,"王者荣耀,王者荣耀夏日农友节",2174414,1426,3128,3184,3206,1503,0,0,94848
BV1Dnt5zVE7u,114970939495764,1,17,2079,单机游戏,其他游戏,http://i1.hdslb.com/bfs/archive/251212e70bb396b836727dc341bf2038b23b3925.jpg,【全熟】塔菲视角全程解读虚环喵,1754317466,1562,1265680561,永雏塔菲,https://i1.hdslb.com/bfs/face/5ddddba98f0265265662a8f7d5383e528a98412b.jpg,1331971,"虚拟偶像,手游,养成,二游,虚环,腾讯游戏,战斗,实机视频,永雏塔菲,虚环挖梗大赛",477225,1604,1707,3445,2732,5301,0,0,16916
BV1fLhnzDEkK,114951628784695,1,193,2154,MV,剧情演绎,http://i2.hdslb.com/bfs/archive/8ec517b205fd84f55830788178e601f5394529b3.jpg,"“往事后不后悔慢慢去体会，此刻朋友这杯酒最珍贵""",1754022770,92,3546872622877434,三点半官方,https://i0.hdslb.com/bfs/face/244bb12aaccb5a61212b38dfa32927ad6c6e9a7a.jpg,190323,"兄弟情,萨克斯,朋友的酒,友情",195339,150,265,701,772,228,0,0,15477
BV1JztGzpEE9,114969832134623,1,138,2155,搞笑,语言类小剧场,http://i2.hdslb.com/bfs/archive/95a16d3c2398340ac64b8663a3529593882f3da1.jpg,上班就是一场cosplay,1754391600,198,288387457,小小段砸,https://i1.hdslb.com/bfs/face/ac096215f656f82d552099e0ab06bc86d6bacbaf.jpg,1359407,"脱口秀,职场,搞笑小剧场,段砸,上班就是演戏,工作,搞笑吐槽,上班,Cosplay,溪木源",203886,321,503,2707,3514,2011,0,0,21435
BV1d9tjztEck,114973825048552,1,65,2064,网络游戏,单人RPG游戏,http://i0.hdslb.com/bfs/archive/f72e7aa98e4ed7b69f69c1b0208fe08de49c8e8e.jpg,“来个遥，我带飞”,1754361608,160,2026700452,电阻Rr,https://i1.hdslb.com/bfs/face/eed7c6690a05f01c29fef23b388ca3fd2dd1bb7f.jpg,20355,"微电影,王者荣耀,明日方舟,斩业星熊,不归花火,遥,夏活,赶人,玛恩纳,明日方舟夏活【墟】",1335139,1433,6608,13831,9376,37031,0,87,77031
BV1ATtFzdEUv,114980535932687,1,201,2083,科学科普,综合资讯,http://i2.hdslb.com/bfs/archive/dfc27b2566889cc6d0037619b99eb4c5ff875ed0.jpg,食盐烧出塑料味？火系法师退退退！,1754478300,295,439478093,中国食品报融媒体,https://i2.hdslb.com/bfs/face/41703cc47175657261e088a1efb4906da542719e.jpg,4081985,"科普,鉴定网络热门视频,辟谣,食品安全",1382449,3335,3739,11683,3236,1109,0,79,86082
BV1jShAzvEtB,114940941766376,1,250,2158,出行,旅游记录,http://i0.hdslb.com/bfs/archive/c4f5d1021347c795864ef9fac63007a3dc438e56.jpg,英国博主：亚洲最大的高铁站 这也太震撼了吧,1754284800,744,1249671114,Mr有意思,https://i0.hdslb.com/bfs/face/8e73e9397a6acfc8b6c29f0d93ca388a06951851.jpg,1050421,"正能量,生活记录,重庆东站,跟着UP主看世界,老外在中国,老外看中国,中国旅游,重庆旅游,中国基建,亚洲最大高铁站",1206787,4982,3616,14458,21148,1919,0,0,62563
BV1HXt3z9E79,114970402493737,1,212,2152,美食侦探,美食记录,http://i0.hdslb.com/bfs/archive/900aba36e5fe6ed4259c12f69f9a407cce7af59f.jpg,60元辣椒炒肉,1754309440,223,3546579155815297,炊哥不加戏,https://i1.hdslb.com/bfs/face/f14247df6a766a45685a9ea0bdd9ccb87d1ef694.jpg,285123,"家常菜,炊哥不加戏,辣椒炒肉,辣椒,Vlog",492837,507,634,788,570,188,0,0,19005
BV1YphtzFEWt,114957903462730,1,21,2154,日常,剧情演绎,http://i1.hdslb.com/bfs/archive/b16ed7a8f8410445fe9fff42c676cf9b508919a9.jpg,到不是真的虚，我只是刚好属于确实型人格,1754118551,171,1443546125,阿玉老贼,https://i2.hdslb.com/bfs/face/c03cf386a8e76ac1d3060796d343b4cc829f2f93.jpg,250871,搞笑小剧场,554011,32320,2774,7480,2208,2518,0,0,92855
BV1cgtFz9ELW,114980435263994,1,172,2064,手机游戏,单人RPG游戏,http://i0.hdslb.com/bfs/archive/863d9523028b3cc876a8eb19627f8d28e82502b1.jpg,⚡ 妈 妈 怎 么 拍 ⚡,1754462517,65,74166016,语堂天天啃土,https://i1.hdslb.com/bfs/face/156bb4dec26b2e1c824bd637f6442e9a968f6bee.jpg,649516,"摄影,绝区零UP主激励计划,月城柳",277518,92,252,4355,659,393,0,0,36209
BV1y5hPz7EYp,114960000618033,1,172,2041,手机游戏,动漫剪辑,http://i0.hdslb.com/bfs/archive/0f4c13684bf2b3f15c4b43fd9ac4e5d8e7e6ff51.jpg,连夜把崩铁救世pv改造成了古早国漫op,1754150491,155,415461945,桑榆-w-,https://i0.hdslb.com/bfs/face/4536180267e37a9f66fa929394d4d48a0f80fc5d.webp,674,"剪辑,版本pv,崩坏：星穹铁道创作者激励计划,国漫,为爱追寻,古早,怀念,开拓者,op,黄金裔",258079,682,2915,12708,8526,4830,0,0,42945
BV1CYtqzYE8j,114986626123025,1,171,2071,电子竞技,射击游戏,http://i2.hdslb.com/bfs/archive/9e66117cf4998e447f4b9a8e55f6f1696ea45101.jpg,坠落,1754557283,382,694233547,阿羊一一,https://i1.hdslb.com/bfs/face/f0a652264e52ead701c4faa184d4c95f0f3770a3.jpg,179502,"电子竞技,FPS,游戏实况,第一视角,航天,三角洲行动,绝密,推荐宝藏游戏",150906,701,765,1389,1775,999,0,0,11984
BV1fohnzXE4m,114953256241317,1,219,2167,汪星人,猫,http://i2.hdslb.com/bfs/archive/6fae3bc7497b4a3b1d0e5fc56741dc16e5923f3a.jpg,人生的旷野怎么能缺少小猫小狗呢,1754048084,217,3546946425850423,一口一个团up主,https://i1.hdslb.com/bfs/face/33fcb94a59b9c4e52c8e95ef97176c1cf408474f.jpg,390888,"边牧,猫狗,汪星人,人生,小猫,小狗,旷野,萌宠过暑假",484460,710,1617,8892,7105,2433,0,0,92166
BV15htPzdEc6,114981676845106,1,76,2149,美食制作,美食制作,http://i0.hdslb.com/bfs/archive/af5246a4493965b6602b3e880bef76b242ef23fa.jpg,🇦🇺留学生备餐vlog | 广式牛杂牛肋条煲·蒜酥牛排温泉蛋盖饭🥩·淡奶油吐司🍞·厚蛋烧三明治·🧋泰奶咸法酪巴斯克·🦐夜市铁板虾滑,1754481395,736,132750337,Vickyyy小畅,https://i1.hdslb.com/bfs/face/932cdf0f89be95f9e621baaf83ebdc6ba705a771.jpg,435171,"美食制作,留学生,生活记录,记录我的美食日常,沉浸式,Vlog,备餐",64338,255,194,1008,1022,300,0,0,8165
BV1NwhnzhErS,114951981108767,1,182,2001,影视杂谈,影视解读,http://i0.hdslb.com/bfs/archive/2096f304e11b3c2a5066ba083af530ae113e4707.jpg,30多年前的“计划生育宣传片”，太超前了！,1754042400,1004,390898500,一目十影,https://i0.hdslb.com/bfs/face/986bf531f3e50a6bf67d5844f9304fc310a153e3.jpg,2079006,"影评,电影解说,喜剧,国产电影,老电影,甘泉村的风波,万字拉片大赛",2109082,9397,2484,18557,5184,4943,0,0,141757
BV1P5tKzLEWT,114982968625246,1,21,2026,日常,乐评盘点,http://i2.hdslb.com/bfs/archive/ade83dcc01050d19e39815f137cfe7447ad6bfac.jpg,【邓紫棋的VLOG】幸福开箱 之 【启示路】恒藏版小说！！！,1754535600,832,1889545341,GEM鄧紫棋,https://i0.hdslb.com/bfs/face/ea989809f658d45c3ca9510cb5becb142f7a0642.jpg,2188308,"VLOG,邓紫棋,科幻,小说,GEM邓紫棋,开箱,音乐连续剧,启示路,邓紫棋小说启示路,启示录",183991,1806,1609,5525,9573,1547,0,0,17288
BV1jj8yzLEWo,114946880898558,1,242,2018,娱乐粉丝创作,音乐现场,http://i0.hdslb.com/bfs/archive/0b0160b82a4d5b31c7a59efa70c4ffb880065afb.jpg,BILIBILI MACRO LINK 2025 精选回放,1754120967,6750,403748305,BML制作指挥部,https://i1.hdslb.com/bfs/face/924fb698bc68802a95c123c1f1ff41b3be1e9c9e.jpg,1295926,"BML,音乐,音乐现场,LIVE,现场,BML2025,一起看一辈子BML吧",736916,323,356,4078,861,539,0,0,10404
BV1uDh7zcEqb,114951075137595,1,138,2178,搞笑,亲子综合,http://i1.hdslb.com/bfs/archive/2a00b2d763730b472f6fc834d541d8de8b6f0ba8.jpg,再一次当女儿们的画板,1754014354,43,455876411,TheRock_Johnson,http://i2.hdslb.com/bfs/face/4de05f3d8abf7b7172eda2808eb62617fb820bf1.jpg,3016615,"短片,原创,女儿",1564787,1217,2490,10078,3022,2652,0,0,186726
BV1GuhhziE9u,114958222236434,1,171,2071,电子竞技,射击游戏,http://i1.hdslb.com/bfs/archive/a60b70f118873455ea76c1037954cc315175473b.jpg,不是你压力谁呢？,1754123351,25,3461567079254478,保护我方塔姆,https://i0.hdslb.com/bfs/face/b1a01339e7edc84f3773ecfcd45121b6a428e098.jpg,66543,"FPS,桌游棋牌,MOBA",1424917,151,857,3100,722,417,0,0,95736
BV1yutwzAESb,114981358147019,1,159,2111,时尚潮流,美妆,http://i0.hdslb.com/bfs/archive/9704e962eb3343ce0489f3d590bcada7ac347cc5.jpg,氧化菊变身黑人超模？,1754476692,147,343099760,氧化菊,https://i2.hdslb.com/bfs/face/a43b656b1bd6c456496df74258b798a8586afbfd.jpg,1204661,"美妆,模特,解锁夏日时髦vibe",392212,226,428,1187,1463,106,0,0,43986
BV1pUhTzQEuf,114962215277600,1,47,2037,同人·手书,同人动画,http://i0.hdslb.com/bfs/archive/e6299b99b41e3b5c68a882d9acd48f3428ef10b4.jpg,原创动画｜亲爱的神明，帮我孙女找个男朋友成不？,1754184258,68,2466899,SHOUWenjia,https://i2.hdslb.com/bfs/face/c77f7d4cd8054d6428f0e89ddc4ff01ec063d5ea.jpg,9405,"原创动画,短片,动画,动画短片,动画电影,寻光小宇宙奖",299626,68,337,14949,7452,571,0,0,69662
BV13PtJz8Eew,114974210984875,1,138,2156,搞笑,UP主小综艺,http://i1.hdslb.com/bfs/archive/963b9b8171147e8e126cd03c48ee4678e6e2c7bf.jpg,哈哈哈哈哈答非所问英文版,1754367708,138,3461572842228424,牛小豪吖,https://i1.hdslb.com/bfs/face/e9242dde084b6c1ad20e87cf12e61eebfcec49f7.jpg,1892577,"英文版,娱乐,搞笑,英语,搞笑小剧场",1178782,3544,576,14294,2812,718,0,0,60012
BV1kNt3zdEmd,114968976428573,1,154,2030,舞蹈综合,颜值·网红舞,http://i0.hdslb.com/bfs/archive/91f39a9d1565a5af084084a604ae280f567bb4a5.jpg,【不齐舞团】夏日必跳，风吹一夏,1754478000,21,267685040,不齐舞团,https://i2.hdslb.com/bfs/face/b09ddfad0d919df78bc8a66a213d2f2c7fb40dd9.jpg,2454922,"#风吹一夏,不齐舞团,轻舞蹈竖屏激励计划",630697,225,497,2328,1563,441,0,0,56631
BV1DxhxzJE7f,114956762682436,1,17,2079,单机游戏,其他游戏,http://i2.hdslb.com/bfs/archive/f17c851077a4dab75947131ad679ce94d7d7a7f7.jpg,童年爆红的爆发小火山!竟然还有隐藏真相和结局？！,1754109000,348,154113956,日向源,https://i2.hdslb.com/bfs/face/af84c1e8c480b7affe71d989104776f586a855b4.jpg,1381124,"童年回忆杀,音乐游戏,小游戏,游戏集锦,怀旧,音游,怀旧游戏,43999,游戏鉴赏家,推荐宝藏游戏",4786922,5479,683,102175,33214,544,0,26,157317
BV1x9hPzDERY,114959765740629,1,193,2020,MV,翻唱,http://i1.hdslb.com/bfs/archive/a6c9de39fa83eb6a4881bdff4f338e88e16b5edf.jpg,Nina《one spot》日本版番外（city pop） cover沈佳润,1754146934,169,3546810842876797,TH彼岸花,https://i1.hdslb.com/bfs/face/ef00ce22800adf5ebd6da0e14802c9205c2913ff.jpg,11910,"音乐分享官,日本,COVER,美美桑内,Onespot,Nina,citypop,沈佳润",255538,361,772,8627,5735,1763,0,0,24521
BV1vPtgzBEFk,114969379147810,1,121,2037,GMV,同人动画,http://i2.hdslb.com/bfs/archive/c75588062055cce5b2ed2b10a4da4320679b2fe7.jpg,哇！这个可以给我吃吗~,1754293571,33,21132494,林烟不是大佬,https://i2.hdslb.com/bfs/face/46ad16ee528f3bc3b11b137da97d45983b7a5cff.jpg,170634,"FGO,魔性,手书,fate,saber,阿尔托莉雅·潘德拉贡,迦勒底创作高能团,阿尔托莉雅,fgo,命运-冠位指定创作者激励计划",478714,251,997,13605,11494,2076,0,0,71517
BV1bvt3zKEaY,114970872253213,1,138,2137,搞笑,武术,http://i1.hdslb.com/bfs/archive/0b4a6ca189385129f9317e5ed83318f5f5894393.jpg,攻略失败,1754316380,22,1998136608,slava_fox,https://i0.hdslb.com/bfs/face/22315ef082e6517e9f70eacb67978488cee62d94.jpg,886908,"高能,生活记录,娱乐,颜值,剧情,转场,Ai,给整活儿加点艺术",608865,277,690,14011,2157,1293,0,0,108811
BV1xzhTzZEUW,114962248834202,1,183,2041,影视剪辑,动漫剪辑,http://i2.hdslb.com/bfs/archive/cfbd1944b1f5a507e81d1e3280468504b031c211.jpg,⚡️ 哪 有 什 么 妖 精 ？⚡️,1754192100,86,432714872,Andalou-孟德,https://i2.hdslb.com/bfs/face/823da1bb1ffaaf24da53795f24ffb43ad107170a.webp,7670,"天书奇谭,西游记,童年,孙悟空,混剪,葫芦娃,上美影经典作品,哪吒,中国奇谭,浪浪山小妖怪取经副本启动",1593693,632,1398,31188,24846,2878,0,50,183259
BV1oXh5zwEtV,114965906267772,1,138,2196,搞笑,职业vlog,http://i2.hdslb.com/bfs/archive/b5d3cce97cf6b4a409d010453a8e5144fa9d34ec.jpg,作为热心骑手，路见不平拔刀相助！（热心市民第一集）,1754278200,201,3493288321485590,小小小阿令,https://i2.hdslb.com/bfs/face/c64735e0943d0bb1a33973a701b50c3267c5b894.jpg,14429,"生活记录,正能量,高能,外卖小哥,户外",1474686,80,118,15883,789,45,0,0,17734
BV1JM4dzzEjz,114976710793209,1,172,2079,手机游戏,其他游戏,http://i1.hdslb.com/bfs/archive/ee73311b5c2b553750d5e6dedb5f48d72eb2e6bc.jpg,超详细解析FGO十周年强化本！带你了解强化本的底层逻辑！,1754405657,304,33041269,力冉呼呼大睡,https://i1.hdslb.com/bfs/face/40e9a660f9706d621c493b7fed8d13a4cedde258.jpg,2348,"FGO,（拷打）,Fate/GrandOrder,强化本,FGO十周年",147746,291,745,1191,1637,619,0,0,7895
BV1FThjzrEC8,114967164493066,1,17,2078,单机游戏,沙盒类,http://i0.hdslb.com/bfs/archive/6aa408df7967b72af4bcc0d9c2af48d65fee3a72.jpg,新生物霸凌了所有人...,1754298000,775,298276958,Mythend,https://i2.hdslb.com/bfs/face/27144113f342ee62ac61a964cea35ba075bb6376.jpg,257053,"小游戏,我的世界,Minecraft,乐魂",1881180,3583,2531,53649,46765,5422,0,7,154591
BV1iChgzQELN,114964262029404,1,257,2083,配音,综合资讯,http://i2.hdslb.com/bfs/archive/d3878a60c93095125d99b487788b129785d3141d.jpg,杀死一只鸟儿最好的办法就是#小鸟在歌唱 #朗读 #配音#冥王#【高全胜】,1754215595,42,1667342531,配音演员高全胜,https://i2.hdslb.com/bfs/face/385866824e7d6c78208ae5f222b461741fb1e0cb.jpg,1161350,"唱歌,配音,鸟儿",1313843,1070,2606,21829,3683,1547,0,0,179155
BV1ufhHz3Eqw,114952853521805,1,182,2001,影视杂谈,影视解读,http://i0.hdslb.com/bfs/archive/a6a47bc6588a533caad99385357b1b06da4340b4.jpg,一夜爆火，集体破防，当年出圈的动画神作，杀回这个暑期档了！《浪浪山小妖怪》【独家探班】,1754107200,1714,10119428,小片片说大片,https://i2.hdslb.com/bfs/face/949fd3f0b9fe23703c970d494edc41ae52ee32de.jpg,7699101,"幕后,动画,小妖怪的夏天,浪浪山,浪浪山小妖怪,上美影,暑期档,浪浪山小妖怪取经副本启动",2755354,2439,3695,10984,4032,1955,0,0,58262
BV1gvhuzuEZ5,114962869525013,1,184,2054,预告·资讯,二次元其他,http://i2.hdslb.com/bfs/archive/2add592834cccd22b20df60bdab91bf7be2969f4.jpg,经典科幻小说《群星，我的归宿》中国动画改编版预告片官宣！,1754276400,222,3546934774074072,莱博塔,https://i0.hdslb.com/bfs/face/5fe0ac0f22223ce4b29d59d47853feafc34ce3c3.jpg,6357,"科幻,中国动画,原创,预告片,群星我的归宿,动画种草激励计划,番剧,国漫,官宣,番剧预告",2714501,1168,2456,22854,4919,6554,0,32,101871
BV1QP8FzyEjW,114902018559788,1,250,2088,出行,社会观察,http://i1.hdslb.com/bfs/archive/6f365de6e37831529c47d5df95ced927d14e0743.jpg,贫困学子靠捡剩饭自学高考612分，却放弃上211坚持复读目标清北,1754524800,1888,3493117728656046,摩的司机徐师傅,https://i0.hdslb.com/bfs/face/5c62273a893cd5a4ddfd30d2790888250283cae2.jpg,1366358,"正能量,高考,校园,翻宝箱,乞讨,人物纪录片,流量卡,三和大神,清北,社会纪实录,社会切片计划",276004,5953,3454,2509,4464,2574,0,0,10961
BV1UctwzBEw1,114981106489551,1,21,2156,日常,UP主小综艺,http://i0.hdslb.com/bfs/archive/392365aeb2947ccfbca853414f663ee2c0e563ad.jpg,《奇怪的爸妈》,1754472950,696,3546731908171869,是许木木啊,https://i0.hdslb.com/bfs/face/dd7af55fc5361c6a343356958efce19fa6326d89.jpg,1405068,"家庭,父母,爸爸",952310,4535,3845,16116,6840,1849,0,61,98611
BV1QitPzHEGn,114981894884951,1,171,2070,电子竞技,MOBA游戏,http://i2.hdslb.com/bfs/archive/b6bcd494017e1c61fd136534b23fa33a603497d4.jpg,【DOTA2】每次击杀立即刷新所有技能，谁能拿下最多人头？【完结】,1754537400,2427,518137613,蓝胖超人,https://i2.hdslb.com/bfs/face/8c516ccd43a5adab7af5b02837ffacdaae687ad3.jpg,56069,"DOTA2,MOBA,斗蛐蛐",74485,1644,404,1226,9193,68,0,0,6725
BV1QNtJzZEDZ,114974194145233,1,176,2108,汽车生活,汽车生活,http://i0.hdslb.com/bfs/archive/3b84298ba85930bc29b55209317c92ba79f44718.jpg,38号咬牙切齿被迫买了Model Y,1754452815,880,39736779,38号车评中心官方账号,http://i2.hdslb.com/bfs/face/be1b5cbacdbea73e922b4a2b737183dd3a33c0f1.jpg,911028,"特斯拉,SUV,自动驾驶,电动车,FSD,智驾,ModelS,Model Y,Model3,辅助驾驶",181798,2137,1474,580,1052,539,0,0,4418
BV1pQtFzdE3t,114979982414810,1,172,2073,手机游戏,动作竞技游戏,http://i0.hdslb.com/bfs/archive/4ab9f8bc63a504e498f41bbb64ecdec98943f0a9.jpg,回顾下共计200万成本战鬼杯的历程，再氪2万提升海贼战力，聊聊作为up的思考和期望！,1754456594,1054,38568774,鬼叔黍,https://i0.hdslb.com/bfs/face/b35d79cac0c8d78f1fbb4956bf0d778d272a9dfb.jpg,3192831,"万物皆可游戏,游戏实况,氪金,海贼王,鬼叔黍,战力,赏金,壮志雄心,航海王",463935,393,858,4209,5729,1993,0,0,23108
BV1WPhTzQExA,114960285833986,1,216,2063,鬼畜剧场,鬼畜综合,http://i0.hdslb.com/bfs/archive/f7d6e2b60f59e6e0ba002961dc0c7ca95daefff0.jpg,《少林寺新方丈选拔大赛》,1754155101,375,1650750,阿游Kidding,https://i0.hdslb.com/bfs/face/8fa7e3f35d1561fb83089e7ef349e7f0585caf3b.jpg,3430,"周星驰,搞笑,少林寺,法海,鸠摩智,佛教,释永信,整活,鬼畜剧场,鬼畜星探企划",1460286,2198,1040,5291,9365,2738,0,0,35337
BV1BWtVzHENA,114971560122154,1,21,2183,日常,助眠视频·ASMR,http://i2.hdslb.com/bfs/archive/9e071f45dbf9cfc2a5040bb01226958a8e7b670f.jpg,ASMR｜好听但不想做的声音,1754384400,166,570746261,米奇-声控助眠,https://i2.hdslb.com/bfs/face/2a284043a51aeaf35bed2b1bf46e10eda745e599.jpg,376446,"助眠,催眠,声控,asmr,放松,舒服,解压,哄睡",313357,6726,331,2570,569,147,0,0,26827
BV1nTtnzjE5h,114975938973329,1,21,2198,日常,休闲玩乐,http://i0.hdslb.com/bfs/archive/a64fdc6ecb3e64b72facc45ba8ed97c84cfb1c89.jpg,救命！一天饮料做80多杯真干不动了，四个人都忙不过来,1754394622,603,44128829,某天的游戏小屋,https://i2.hdslb.com/bfs/face/b40ec805940bb2bd088af716f30412ad2bf5b468.jpg,675246,"武林外传,生活记录,搞笑,主机游戏,某天的游戏小屋,咖啡店,任天堂Switch,必剪创作,整点电子榨菜",327677,1447,749,1458,5845,415,0,0,14862
BV1JVtnzGEj6,114975871866808,1,228,2090,人文历史,人文历史,http://i2.hdslb.com/bfs/archive/e1e26a83b01c0cccf37974a0320ef1d1257bfedf.jpg,"深度|| 香火的秘密，如何像""正果""一样思考？",1754535600,5592,504934876,渤海小吏,https://i1.hdslb.com/bfs/face/60d7ec1a95e5f85e8e5b2c1d49656cbcff176604.jpg,3841492,"孙悟空,西游记,唐僧,四大名著,人文历史档案馆,太上老君,玉皇大帝,如来佛祖,香火,正果",630551,2009,1725,11139,17659,1051,0,0,25138
BV179tuzLESa,114969764956800,1,182,2001,影视杂谈,影视解读,http://i0.hdslb.com/bfs/archive/92eae85616c7f98e3de654baa175df37a161dbfe.jpg,杨洋去油成功？！被说相貌平平？《凡人修仙传》能否成为杨洋翻身之作,1754302088,822,203337614,开心嘴炮,https://i2.hdslb.com/bfs/face/5cd3053f352bc597bac3d11b824e548108423cb2.jpg,2877818,"金晨,凡人修仙传,杨洋,国产,搞笑,伊利牌万年灵乳,韩立,凡人修仙,修仙搭子选伊利",382497,2415,1427,1117,662,410,0,0,15055
BV1RstFzVEzg,114980082947257,1,172,2069,手机游戏,即时策略游戏,http://i0.hdslb.com/bfs/archive/bf36af41660b6f0719036c0db54925da8bf4a30c.jpg,不带赢不了？使用率高达百分之99的逆天炉子！,1754457353,1162,3493113414814567,高子巷,https://i1.hdslb.com/bfs/face/f4471a78f322efd8b1e1df3421c55fefd84bc367.jpg,348043,"皇室战争,高子巷,石头人,必剪创作",286090,1228,2126,1688,3328,508,0,0,26553
BV177tnzzExN,114975553098632,1,201,2042,科学科普,动漫评论,http://i0.hdslb.com/bfs/archive/4c2ad224574dab1ec317d42d73fafc4296d90387.jpg,神秘的朝鲜动画片，严格封锁不允许外传，到底讲了什么内容？,1754396100,1238,53166650,晓涵哥来了,https://i2.hdslb.com/bfs/face/3dd58950fa1789c185341815878aac345a6e88a6.jpg,858137,"历史,朝鲜,动画片",848306,2828,2005,7463,1741,1085,0,0,23667
BV1nptBzFEqt,114986089256072,1,27,2016,综合,原创音乐,http://i0.hdslb.com/bfs/archive/8cb96e4f2c623a6c5cdac74ea26c4d1ecb8109be.jpg,【Official Music Video】往欄印（Ourai） / MyGO!!!!!【原创歌曲】,1754568000,298,1459104794,MyGO_AveMujica,https://i2.hdslb.com/bfs/face/5f70adc443b0739c237847ef29acaea07a13db71.jpg,846917,"MyGO!!!!!,长崎爽世,BanG Dream!,高松灯,千早爱音,椎名立希,要乐奈",78213,385,1484,4977,5812,3676,0,0,13870
BV1hEtzzDEQR,114987347480274,1,172,2079,手机游戏,其他游戏,http://i1.hdslb.com/bfs/archive/142a51064b94974f0f869d13553a32ac47a9a19f.jpg,牙 齿 最 害 怕 的 一 集,1754568047,209,3546376524794441,萝太永不破防,https://i2.hdslb.com/bfs/face/71ed1ab4d1762b5519df89e8c47b1e1dd39dbf96.jpg,1629404,"可爱,搞笑,益智游戏,游戏实况,娱乐,割绳子",113872,715,487,1046,902,519,0,0,12372
BV1Jnh3z4Enx,114964127815974,1,172,2071,手机游戏,射击游戏,http://i1.hdslb.com/bfs/archive/153d20be83bfb01f3e31a66752c6ead6032c986f.jpg,让你通透整个大坝，你的无名才能愈战愈勇,1754214425,309,1809444890,三角洲-安澜,https://i2.hdslb.com/bfs/face/e714b2642ce045e441a21dd29e94a72d3f7f3f8e.jpg,302751,"电子竞技,FPS,三角洲行动,单三猛攻,零号大坝教学,无名教学,安澜三角洲行动,粑粑流无名,教程攻略,三角洲破壁新赛季上线",680291,865,1343,8565,2723,1205,0,0,59356
BV1qLh8zkEYg,114958608107657,1,27,2040,综合,二次元线下,http://i2.hdslb.com/bfs/archive/946412b1b1ffc21950cc1bc84e17e45adf203e51.jpg,木叶村里的ktv聚会,1754129797,82,2114090017,小咩快跑丶,https://i1.hdslb.com/bfs/face/46963e13a392d1831d7e626f6c708f03e8c5dba5.jpg,701568,"火影忍者,二次元副本挑战者",1224883,604,1540,26111,4228,5655,0,0,97894
BV1RBtJzKEse,114976056479294,1,17,2066,单机游戏,单机主机类游戏,http://i0.hdslb.com/bfs/archive/9f27dfd2c20080d34fb2e4fd33e5057d5ad13710.jpg,最强勇者背叛了人类！魔王竟然是批量生产出来的？一个人做了14年的独游《神之天平》讲了什么故事 ②,1754395714,1658,7206526,蓝二烟,https://i1.hdslb.com/bfs/face/53a7b595df5b15769c6022ec66337d1e589d2db7.jpg,707037,"独立游戏,神之天平,游戏剧情,arpg,整点电子榨菜",248513,574,505,7293,4417,158,0,0,10610
BV1cDtuzEERL,114969597317294,1,65,2071,网络游戏,射击游戏,http://i1.hdslb.com/bfs/archive/0fbdb2e697bbd29ca111b3ec16c1db6032066788.jpg,最强“反外挂”游戏,1754297039,37,90119987,花圣不是花生,https://i2.hdslb.com/bfs/face/bab6001f89b0c5080955b6d7a188b255c04cd422.jpg,78615,"电子竞技,FPS,游戏,生死狙击",1556100,350,1819,7925,713,9034,0,0,97188
BV1nrhWzhEBM,114953876935825,1,228,2089,人文历史,时政解读,http://i2.hdslb.com/bfs/archive/e0893e23d1dc85fdff32b77a0e8dd9be29c320d5.jpg,顶级权谋还是菜鸡互啄？泰柬冲突竟是东南亚版的继承者们？,1754096400,1073,1140672573,小王Albert,https://i0.hdslb.com/bfs/face/f9bb5dc9b5dcb3c90f9662e44fca9a7506584151.jpg,4161966,"社会观察局,泰国,妙瓦底,佩通坦,泰柬冲突,东南亚,柬埔寨,洪森,电诈,洪玛奈",2242953,6641,1834,16593,21971,1922,0,80,94987
BV1bXtJzdEtr,114975821534637,1,95,2102,数码,摄影摄像,http://i1.hdslb.com/bfs/archive/d38ce9fab0a86d1412069e4be414d6624f5e6cdf.jpg,用这台相机，拍出了老婆最满意的照片！大疆Osmo 360,1754401507,775,37029661,小鹿Lawrence,https://i1.hdslb.com/bfs/face/e4c9f5f6bfd8c48de684d2456e8fe3ecce8f0c6c.jpg,1795555,"数码,评测,小鹿Lawrence,像素长街,Osmo 360,DJI,全景相机,大疆,摄影器材,哔哩哔哩影像纪",471059,1121,307,2375,1562,515,0,0,26498
BV1mh4dzXEZU,114976459069108,1,171,2071,电子竞技,射击游戏,http://i1.hdslb.com/bfs/archive/cf00ed20fdb4cb83b6afc8c3c388381625a02788.jpg,THANK YOU S1Mon,1754453400,184,31536760,EDG电子竞技俱乐部,https://i1.hdslb.com/bfs/face/90ef04ade74b3c2fea67d219992c149572964ec8.jpg,2107239,"EDG,无畏契约,VCTCN",1017486,802,7679,6744,17191,28025,0,0,50752
BV1phhHz8EPF,114952954187731,1,30,2022,VOCALOID·UTAU,VOCALOID,http://i0.hdslb.com/bfs/archive/7ef814b3a46b4555d1e3aec905bb622e4d4521ac.jpg,【初音ミク】いますぐ輪廻（即刻轮回）【なきそ】,1754043184,123,39873100,珠紫MuRaSaKi,https://i1.hdslb.com/bfs/face/c10d5bdf351c2eca4a5b57f48a506492a6a940d1.jpg,39400,"VOCALOID,初音未来,なきそ,いますぐ輪廻",1200488,6542,4795,81083,11672,14194,0,0,112188
BV1YqtLznEbH,114972449314486,1,17,2079,单机游戏,其他游戏,http://i2.hdslb.com/bfs/archive/bf0626c0aead1b428121cc35a4e9bfa642359d8d.jpg,赌博是如何将你的一切吞噬掉的！贴近现实的戒赌游戏！,1754355600,5109,26240675,与山0v0,https://i2.hdslb.com/bfs/face/1dd429855a968c9d22b8ccc000a7aaabe8dbc201.jpg,4962759,"单机游戏,恐怖游戏,实况解说,游戏视频,游戏实况,实况,赌博,戒赌,推荐宝藏游戏",510572,12821,2928,10552,18052,1211,0,0,46634
BV1xFtFzhEp5,114980351445797,1,85,2154,小剧场,剧情演绎,http://i1.hdslb.com/bfs/archive/f3265dc659d8d4972dff90dc7f38f168c5a16734.jpg,【二阳咂-】视频已打包，欢迎围观！,1754474400,242,3546565008427419,二阳咂-,https://i0.hdslb.com/bfs/face/3a435bf92b138aff08859892b5fb33e65e03f804.jpg,656242,"短片,原创,搞笑",298492,147,313,2034,1006,166,0,0,38710
BV1c5tizoE4F,114985334213627,1,22,2063,鬼畜调教,鬼畜综合,http://i0.hdslb.com/bfs/archive/abedae4d383621088edc8a81ce17f86699d5663e.jpg,☝🤓多少带点洋典风⚡⚡⚡,1754537352,175,132344841,去码头整点薯条vv,https://i0.hdslb.com/bfs/face/cac5f720bc6d194223ef3e68c85df93b8a91d349.jpg,643774,"动画短片,搞笑,童年,脑洞,德鲁比,鬼畜星探企划",177677,261,174,1622,1011,271,0,0,19446
BV1nRt3zpEa3,114970587043226,1,253,2042,动漫杂谈,动漫评论,http://i2.hdslb.com/bfs/archive/d9101238e809990ac0cd1846177a0b716806aa03.jpg,喜羊羊和熊出没，谁更能代表国产动画？,1754366400,796,293673997,二啦不二,https://i1.hdslb.com/bfs/face/0ddccafdd0d3a7c33541bf6a917f1f3892aec5b7.jpg,150916,"喜羊羊与灰太狼,动漫杂谈,动漫二创,熊出没之重启未来,赵琳的探险日记2,羊村守护者11狂野新宇宙,熊出没,逆转时空,喜羊羊与灰太狼之羊村守护者,bilibili次元论战",630678,5479,3514,11118,11030,340,0,0,20738
BV1E5huzXEm1,114963154735043,1,171,2068,电子竞技,回合制策略游戏,http://i2.hdslb.com/bfs/archive/1349e2d6a4a94659c9aeaa8c932e3da9af6ecaf2.jpg,两套新晋T0来了，一期看懂15.1b热补后梯度排行【云顶之弈】【金铲铲之战】,1754198791,212,18343134,林小北Lindo,https://i0.hdslb.com/bfs/face/fc093c1e6784b5f51e4697c739fe70e519ba36f7.jpg,1852371,"电子竞技,云顶之弈,云顶阵容教学,金铲铲之战,云顶之弈激励计划,云顶s15,云顶之弈s15,天下无双格斗大赛,云顶s15上线,林小北",554419,198,892,3768,860,1129,0,0,9149
BV1T6h8z4ELK,114958339807315,1,17,2073,单机游戏,动作竞技游戏,http://i0.hdslb.com/bfs/archive/993df81f291a5a164011eda711f1039a92696e0b.jpg,【速凌】怀揣哥？你这是干嘛啊？？,1754126828,466,3546875066059052,高司令-速凌电竞,https://i2.hdslb.com/bfs/face/8119a560bc06a6436665606570a7332cb0756a89.jpg,1286277,"游戏实况,FPS,永劫无间手游,速凌电竞,永劫手游张起灵,永劫手游古墓夺金,永劫无间张起灵麒麟回响,三角洲,沙雕,高司令",5061248,51818,5256,58625,18329,10423,0,8,257706
BV1U6tPzUERx,114981777443940,1,138,2154,搞笑,剧情演绎,http://i1.hdslb.com/bfs/archive/c1af15c8175788a7b90809a1f04a228494560f6e.jpg,就很容易被这些行为感动,1754482898,160,3494353783753131,轮子向前冲_,https://i0.hdslb.com/bfs/face/a85f76da09d12402c7dfda55edf82bd20bfe50e7.jpg,16606,"暖心,治愈,原创,生活记录,正能量,一人分饰多角,记录,剧情演绎,美好瞬间",528885,151,401,2715,620,110,0,0,64501
BV1W5hVzuE2x,114964832459956,1,182,2001,影视杂谈,影视解读,http://i2.hdslb.com/bfs/archive/f5e4c9a4666dc200b4e16a7c072b6f912702e0bf.jpg,一部《南京照相馆》，炸出多少妖魔鬼怪！,1754224463,362,5870268,三代鹿人,https://i0.hdslb.com/bfs/face/a915d1a1ff921cd418e74c5711c91b23e2a18c11.jpg,6361900,"刘昊然,南京照相馆,王传君,申奥,高叶",4450825,11997,8306,94747,136071,7683,0,3,302499
BV1B6hgz9Erb,114962483649899,1,219,2168,汪星人,狗,http://i0.hdslb.com/bfs/archive/a24a24c0d5ca6fa514be807298ae1a03acf6166f.jpg,我才是原创汪仔小乔舞,1754188427,18,1356083753,养狗的本质c,https://i2.hdslb.com/bfs/face/5238ec8241e6e59bc45b944b293740fa38ce55c9.jpg,8223,"旺仔小乔,比熊,萌宠过暑假",1153599,967,1741,43933,11752,12645,0,89,148467
BV1U4hAznEH2,114941126379120,1,218,2167,喵星人,猫,http://i2.hdslb.com/bfs/archive/681664bca5767f24eaa753ef127fbac28a87111c.jpg,一向叛逆的猪咪，为何铲屎官生娃后性情大变？,1754128800,191,15131634,海藻爱麻麻,https://i0.hdslb.com/bfs/face/af49632e118e898a6597da9eb85a061b2d8f1323.jpg,350241,"喵星人,a2奶粉,a2牛奶,萌猫和萌娃,a2至初,找回生命至初的微笑,猫陪孩子长大,牛奶,人类幼崽,闪闪的儿科医生3",1042601,561,934,7739,1007,719,0,0,114113
BV1oAhHzUE7w,114953189130523,1,219,2168,汪星人,狗,http://i2.hdslb.com/bfs/archive/df0733e492201c696628b9d0e7e964feb5e1778a.jpg,狗狗都要出来上班了,1754046586,64,3546607914059825,牟牟刘啊-,https://i2.hdslb.com/bfs/face/1f5995eef0636b34a975a13a7e66d7ceedb18d17.jpg,136142,"狗狗,汪星人,萨摩耶",4446446,325,1716,21831,2198,9321,0,51,275675
BV1V9hWzpENv,114955621764211,1,136,2074,音游,音游舞游,http://i0.hdslb.com/bfs/archive/414a580b2685aca57da545c94ff7309c156aff58.jpg,【冰与火之舞自制谱】亞細亞曠世奇才-莫愁乡,1754083731,136,1705061926,清歌遗响,https://i1.hdslb.com/bfs/face/2a93c021ed47cb0f5e9b5406e1257c972e7f2d58.jpg,489,"音乐,自制谱,音乐游戏,冰与火之舞,歌曲莫愁乡二创",291468,95,256,3093,815,243,0,0,15835
BV18mtJzFEzd,114976157077437,1,138,2154,搞笑,剧情演绎,http://i2.hdslb.com/bfs/archive/633578d8c8b9239ffbb33f85b793cc304e515629.jpg,与时间赛跑的人,1754397472,185,1548805549,甜蜜老张,https://i1.hdslb.com/bfs/face/8e1b3812f8c0c20b5d2ef1bb3a332077b5c951bc.jpg,1474678,搞笑研究所,420214,346,291,3096,1145,484,0,0,38791
BV1xBtuzxEmV,114967852358734,1,21,2083,日常,综合资讯,http://i1.hdslb.com/bfs/archive/55f991e18fb63b5b4c1e95b831780d63f268f2ae.jpg,“我的一生就是结几个好瓜，献给人民”,1754270609,1303,456664753,央视新闻,https://i1.hdslb.com/bfs/face/2dc9c34444ba9f8e891fdc98e6c331fa3c02d127.jpg,21839770,"西瓜,哈密瓜,吴明珠,8424",342765,7690,1610,4468,8794,879,0,0,83703
BV1zQhjz6EsR,114966677951598,1,172,2079,手机游戏,其他游戏,http://i2.hdslb.com/bfs/archive/2e98503a5dce6f21449bbd6e3dd8d516871e3f87.jpg,《虚环》PV02丨21分钟实机演示,1754272800,1258,320070259,虚环,https://i1.hdslb.com/bfs/face/03a934aefe4d871e8b4bb50c45dabd7101e12cc9.jpg,352835,"养成游戏,策略游戏,手机游戏,虚拟偶像,游戏,动作战斗,实机,V圈,虚拟主播,Vtuber",13435595,130148,36904,79119,54123,158216,0,1,326158
BV1AEtKzkE2e,114982851187740,1,212,2136,美食侦探,跑步,http://i2.hdslb.com/bfs/archive/649ba4db18519a54e87b0bc11a7e93aeec784736.jpg,《年马计划》第2站济宁站，干就完了,1754539200,382,2035556081,堂主lee,https://i2.hdslb.com/bfs/face/665a151899c136218c3ba7de064ecc67090c219e.jpg,886797,"生活记录,马拉松,街头美食,年马计划,济宁,探店,Vlog,暑期健身蜕变挑战",112831,278,783,569,3325,159,0,0,16572
BV1bFtizTEY8,114985569157598,1,138,2155,搞笑,语言类小剧场,http://i1.hdslb.com/bfs/archive/207fd1a37eef412db01c29d95f5e419eb186a8bc.jpg,《浇生灌养の弟弟》,1754540824,103,3493260618106936,伤心欲茄222,https://i1.hdslb.com/bfs/face/1f0cb64d9b62da7db7e6e020b78b6872dbffe55c.jpg,3280104,"搞笑,八嘎,配音小剧场",1232499,1081,1144,4539,3830,2569,0,0,118294
BV1dttPzoEJh,114981643224407,1,171,2070,电子竞技,MOBA游戏,http://i0.hdslb.com/bfs/archive/fc83510365bca00deb92a48639bb19d6a28525e6.jpg,最折磨的一集！W+E=加速+减速增伤唯快不破！嘲讽那必须狠狠折磨回去了！,1754481188,443,21616237,小小和奏,https://i1.hdslb.com/bfs/face/51b3e282d0af0dd4f9c44b584e069dda732b4a4b.jpg,17148,"LOL,娱乐,竞技场,英雄联盟,电子竞技,锻体,斗魂竞技场,女枪,MOBA,套路",467306,497,646,703,778,1123,0,0,18405
BV1F4h4zBEhF,114956359965743,1,126,2063,人力VOCALOID,鬼畜综合,http://i1.hdslb.com/bfs/archive/b207567047ade075cbf8deceb4eebfcdf21c1179.jpg,【哈基米】猛毒注意（完整版）,1754128800,88,519584099,是Ella,https://i2.hdslb.com/bfs/face/72571c356c74e8f7d4598e8d45df0d96378b3c31.jpg,12282,"鬼畜,可爱,手书,猛毒注意,哈基米,鬼畜星探企划",768738,275,2184,78461,22093,10201,0,73,147345
BV1NPtFzZE51,114980502378263,1,173,2079,桌游棋牌,其他游戏,http://i2.hdslb.com/bfs/archive/4cae2e9f398d1457eef242cb64a862862bf2ebc3.jpg,深度||星际战士这么强，为啥要听凡人调遣？,1754474400,1046,523757769,克罗罗啊,http://i1.hdslb.com/bfs/face/50f98f0b296e958c049c05835b73d44bc234bb9a.jpg,284284,"战锤40K,战锤,星际战士",132516,1193,770,2322,1712,189,0,0,8669
BV16qhGzeEoc,114965503544960,1,95,2099,数码,电脑,http://i1.hdslb.com/bfs/archive/aac0b8830db3e16d39813ed78b28db97fb5a1384.jpg,【8月电脑配置推荐】这才是正常人要的配置单，耗费一辆小米YU7，只为教你把预算都花都在刀刃上，建议收藏,1754235785,3096,597148617,船长总动员,https://i0.hdslb.com/bfs/face/08010e7b92d8f19ac8fe3fcf57252f057643b19b.jpg,375245,"装机教程,装机,科技,电脑,性价比,配电脑,DIY电脑,电脑配置推荐,装机推荐,配置推荐",309077,285,1603,4458,3564,840,0,0,11173
BV1rTtnzjETE,114975939038115,1,253,2042,动漫杂谈,动漫评论,http://i1.hdslb.com/bfs/archive/32f74a09577ee4f0eb33e1a316ae409d78e49bae.jpg,侦探先生，我的7月新番出轨了啊啊啊！【泛式】,1754393892,758,63231,泛式,https://i0.hdslb.com/bfs/face/2608aaa45309c77ac88fbfaa40e160b8c7892985.jpg,6446614,"新番,搞笑,泛式,杂谈,吐槽,恋人不行,章鱼噼的原罪,新吊带袜天使,拔作岛,小城日常",2995349,37466,10867,76170,185567,17014,0,1,333777
BV1GUtcz2ED9,114981509008269,1,124,2081,社科·法律·心理,海外资讯,http://i0.hdslb.com/bfs/archive/dd2167cd2e6f244b866745d5d94b968d574e3e8a.jpg,玩大了：得州批捕51名民主党议员并求助FBI？！,1754482211,1001,346563107,波士顿圆脸,https://i2.hdslb.com/bfs/face/f8f0fc4114bb06a87481abe12faa006a383cbe6d.jpg,5179838,"犯罪,FBI,美国,法律,社会,懂王,MAGA,民主党",719951,2219,1648,3883,3401,818,0,0,47857
BV1Eah7zVEw1,114951544901275,1,47,2020,同人·手书,翻唱,http://i1.hdslb.com/bfs/archive/c4f7c7b7cbdbd5184956b6aa14cacf43d8e45434.jpg,-.- --- -.- --- .-. --- .-- --- -.- ..- -.. .- ... .- ..,1754042400,112,1708648214,bili_47477328786,https://i2.hdslb.com/bfs/face/d510af1f09cd0a3cb496e2e8b08d27a56c8f106d.jpg,160862,"翻唱,可爱,女声,日语,原口沙輔,ハート111,Heart111,yuri,ゆーり",1653449,207,1509,39365,8508,2295,0,0,180533
BV13QtczyE4s,114981542562587,1,21,2066,日常,单机主机类游戏,http://i2.hdslb.com/bfs/archive/9acf92bd2bb9f725fb20534c458171918cae0a4e.jpg,当蟑螂变得比人大10倍！人能打过蟑螂吗？,1754524800,616,9596327,卡慕SaMa,https://i2.hdslb.com/bfs/face/e7ba30c9d6ac409b0b07e215fc3a7e0e5d656464.jpg,2399294,"搞笑,全程高能,steam,Xbox,禁闭求生2,grounded2,沙雕,xgp,gamepass,整点电子榨菜",149597,375,159,2590,815,52,0,0,9896
BV1w5twzfEtJ,114981290906522,1,172,2064,手机游戏,单人RPG游戏,http://i1.hdslb.com/bfs/archive/7532fbc20a2f8fe3a864d17e0145534d0f94d8df.jpg,【原神5.8】渊上竟是「渡火贤者」！烬寂海被封印的真相.....,1754475531,527,1074545099,甜甜叫花鸡,https://i2.hdslb.com/bfs/face/99eac3be1bba7cf1a3fd2f0e3dffee95639a34be.jpg,666596,"烬寂海,原神夏活,渊上,原神5.8版本,最后的特诺奇兹托克人,温迪,原神",70428,230,438,1180,688,238,0,0,5418
BV1CS82z8E4g,114949229647461,1,47,2037,同人·手书,同人动画,http://i0.hdslb.com/bfs/archive/d6d018c2c2330c184fb4d754fc9087fb2f93829b.jpg,耗时100天，我用Q版还原了【你的名字。】,1754015400,1509,384414474,偷鹌鹑蛋喂鹌鹑,https://i0.hdslb.com/bfs/face/f8741426d9f1c7ed82c6b0522982eab7ddef3d70.jpg,53823,"新海诚,手书,搞笑,治愈,动画电影,爱情,你的名字,电棍,一口气看完,动画短片群星计划",3371566,69981,11752,156121,237530,46452,0,5,389250
BV1butMz4EWE,114968489952579,1,215,2149,美食记录,美食制作,http://i2.hdslb.com/bfs/archive/480169f507dc7cd0e94b3118301c42fc0caf7fbd.jpg,当我用Cos系列美食抗议朋友来我家蹭饭,1754280263,99,1868223528,大伟投食记官方账号,https://i0.hdslb.com/bfs/face/a3b092e622e1686d7a94bbcb823e7b277de494b8.jpg,688460,"料理,搞笑,美食制作,厨艺,cos,记录我的美食日常,Vlog",3316109,562,311,23158,1142,1015,0,94,96044
BV19CtMzAEgv,114968456338261,1,201,2094,科学科普,科学科普,http://i2.hdslb.com/bfs/archive/fdb4d415807ec51b81cf3c75d6b0ccb375e08c9b.jpg,一天只有两小时会怎样,1754279721,668,3546617688886097,多奇探秘,https://i2.hdslb.com/bfs/face/24b115f9d8da6897d5ea8db9e8636ac0865c0fe7.jpg,155016,超清科普小课堂,764727,13455,612,6351,567,318,0,0,47819
BV14gtBzMES3,114985955037832,1,138,2154,搞笑,剧情演绎,http://i2.hdslb.com/bfs/archive/9a3714900c8b9c751906d5d5de0251a8bc18ca4a.jpg,当我分班考试抄太狠进了奥班,1754546753,180,592107356,房东的肥四四,https://i2.hdslb.com/bfs/face/43b096e1f65f27470b0992d8986e24def9bdd6e6.jpg,777132,"搞笑,MOBA,沙雕",189142,318,264,1144,687,111,0,0,24486
BV1oAtcz7Eyg,114979932017511,1,30,2022,VOCALOID·UTAU,VOCALOID,http://i2.hdslb.com/bfs/archive/c3302c9bab99a0d916db97d9de82828ea36372e6.jpg,【官方投稿】ライアーダンサー（谎言舞者）／重音テトSV,1754560800,240,3546941338159777,マサラダ,https://i1.hdslb.com/bfs/face/9722ff16c047da685a2dc8d7dca509d2d1dd1f6c.jpg,96879,"VOCALOID,音乐,MV,重音テト,重音テトSV,マサラダ,ライアーダンサー,谎言舞者,ボカロ,虚拟之声创作计划",114609,7476,4101,15366,19259,2631,0,0,34566
BV1dctHzuEd8,114975351772818,1,171,2070,电子竞技,MOBA游戏,http://i0.hdslb.com/bfs/archive/3c6bf5f0e17bb6c2a0637fbfa292f809875dc3f3.jpg,关羽最终奥义！藏兵术！所有英雄只有一个可以做到!苏打锋,1754384914,77,39560763,Study苏打锋,https://i0.hdslb.com/bfs/face/c0f969795d667f5ccd6ef85ef0b886190629a2f3.jpg,844452,"电子竞技,王者荣耀,苏打锋关羽,蜀国人关羽,关羽,教程攻略,MOBA,苏打锋",1167666,318,1249,5019,2226,4956,0,0,90909
BV1FGtFzpEuc,114980485597984,1,47,2037,同人·手书,同人动画,http://i1.hdslb.com/bfs/archive/d1c988396595b8b25de767e687baa38ba2473112.jpg,【原神】臭外地的来我们挪德卡莱要饭来了！,1754470800,194,160972207,NZ75鸽,https://i1.hdslb.com/bfs/face/68eeba2ac6fed57db6212857c57fa35b2c5f9809.jpg,1191056,"原神UP主激励计划,美少女,手书,动画,搞笑,手机游戏,挪德卡莱,伊涅芙,小剧场,原神",117766,562,142,3290,1349,1155,0,0,11036
BV1MttjzjEi7,114974110258388,1,172,2071,手机游戏,射击游戏,http://i2.hdslb.com/bfs/archive/22263c0ce949077276db966f17bc803de82908e0.jpg,无惧无畏，方显粑粑流无名的本色,1754367996,382,1809444890,三角洲-安澜,https://i2.hdslb.com/bfs/face/e714b2642ce045e441a21dd29e94a72d3f7f3f8e.jpg,302752,"搞笑,三角洲行动,单三猛攻,无名教学,幽默静步人,粑粑流无名,安澜三角洲,粑粑老祖,akm,三角洲攻略课堂",1481760,985,1714,8081,2124,2145,0,0,79690
BV1TAhpzBEZa,114952803196120,1,228,2066,人文历史,单机主机类游戏,http://i0.hdslb.com/bfs/archive/7e9e89b7abd1d69483bc218e5a953bbb7d71e7b7.jpg,【推理海龟汤】爱的证明。无人应声的骚扰电话，平静落寞的便签落款，五位侦探能否探明？奇怪场景背后的悲伤真相,1754049600,2077,3546824214317878,Sz推理之夜,https://i1.hdslb.com/bfs/face/b669f6b6290ae9d9bc357075a889b8722dd497d3.jpg,478838,"细思极恐,原创,海龟汤,娱乐吃瓜大会",645779,4754,3359,19554,26331,3685,0,0,62286
BV1ST4RznEH4,114977113445143,1,138,2197,搞笑,其他vlog,http://i2.hdslb.com/bfs/archive/7f497dabe1c1b812709a1b09ffdcfc1a943aeae1.jpg,带爸爸体验我的一天~,1754471400,238,1020040160,永琪吗,https://i2.hdslb.com/bfs/face/97f3dfee444826304bea638369cebbdcb48193ac.jpg,1933443,"生活记录,新央企新长安,新韵重庆长安",319117,482,290,569,2102,303,0,0,26031
BV13uhhziEYp,114958222232305,1,17,2071,单机游戏,射击游戏,http://i1.hdslb.com/bfs/archive/bbdfe3665f16cda341ab6be1c7bb36f16552e438.jpg,变电站点位分享！,1754124438,125,388148204,手残の馒头,https://i2.hdslb.com/bfs/face/416a2f52b7488f59fba9d88de743fa24e0eb9434.jpg,9578,"三角洲行动,零号大坝地图理解,教程攻略",892430,277,685,21333,913,9745,0,0,39839
BV1EshVzaEFQ,114964983450217,1,124,2088,社科·法律·心理,社会观察,http://i0.hdslb.com/bfs/archive/2baf83087c35cd81b3716e0ded39217eae6b10b6.jpg,越早知道越少吃亏，律师眼中的人性真相: 没有骗不到的人，只有不合适的骗局【律师老韩x姜Dora】,1754226925,1366,16385920,姜Dora在此,https://i1.hdslb.com/bfs/face/c7f41792e49f6c1977da99adf7dfbf314ac95449.jpg,1565749,"社会观察局,律师,法律,姜Dora,普法,诈骗,反诈,电诈",1514683,4626,2397,38813,29653,22086,0,57,59266
BV1WotLzqEe5,114972029883183,1,162,2055,绘画,二次元绘画,http://i2.hdslb.com/bfs/archive/dcbf717c985d4abae16666a832fd24a6ea060e41.jpg,手绘JOJO痛本合集  一次性看个爽,1754334031,30,3546640579300260,常小小歪,https://i0.hdslb.com/bfs/face/ad6c1511032b1c2cb0a3e66ec7b32c79308fd2f4.jpg,1832,"空条承太郎,JOJO的奇妙冒险,绘画,手绘,DIO,痛本,临摹",449212,229,753,13722,2393,1348,0,0,73730
BV1YWh8zTEzM,114958792658071,1,76,2149,美食制作,美食制作,http://i1.hdslb.com/bfs/archive/ac8dad7fd6de85f42e104e2673334c465035b458.jpg,邪恶美食家被米其林大厨点名啦！戈登老师你听我解释！,1754132223,90,31642139,美味羡宝王,https://i2.hdslb.com/bfs/face/59cefea633610997273eaf86e27acf4d4a235308.jpg,585012,"美食制作,大厨,美食,黑暗料理,搞笑,我在B站做美食,美食测评,Vlog",1059768,471,886,8245,674,764,0,0,96143
BV1iVtEzeE3y,114975100176982,1,47,2037,同人·手书,同人动画,http://i2.hdslb.com/bfs/archive/6a2209d8aeb9cf0c6354cf68b9b28a8839ee7438.jpg,你一家五元自助饭店竟能无限畅吃尖椒牛柳,1754380919,303,1827865417,小汪动画,https://i1.hdslb.com/bfs/face/97372bd503c9a5aa76a243679612f1e94f9b1b06.jpg,49269,"生活记录,原创,记录",5371918,68,45,92867,3290,32,0,10,78701
BV12dh4zmE31,114956108306837,1,164,2128,健身,健身科普,http://i0.hdslb.com/bfs/archive/b00b3ad963eb326406576fcc3c94639294c8e7f4.jpg,独家｜北美运动学博士深度分析堂主体检报告,1754100000,871,1387592680,北美运动学博士Bruce_PhD,https://i1.hdslb.com/bfs/face/7b8cce70b0937a5c158d297324612fb2d119f4e6.jpg,930074,"健身,一拳超人,马拉松,运动,励志,堂主,1000天挑战,年马计划,体检,暑期健身蜕变挑战",1433867,13769,3789,17940,29790,4192,0,65,107938
BV1fM4ZzjE1T,114977482476632,1,65,2071,网络游戏,射击游戏,http://i0.hdslb.com/bfs/archive/83e1f5a3127a12e2dd32ae2125aa94329cd38ac6.jpg,三角洲行动 金弹自由，版本超性价比神器！手感更好，后坐更小的先进后坐AKM改法教学！【A+】,1754451000,338,52717408,Always聪聪,https://i1.hdslb.com/bfs/face/d6573681e12901cbbf26a242102c727bac4d020a.jpg,1056067,"射击游戏,战争,FPS,电子竞技,三角洲行动,三角洲行动改枪,游戏测评,教程攻略,三角洲破壁新赛季上线",298314,309,1128,7192,818,757,0,0,10659
BV1PCh8zsEsX,114958507577064,1,210,2201,模玩·周边,潮玩玩具,http://i2.hdslb.com/bfs/archive/b07a19f6d3399276fb332ca4520fa12532e57584.jpg,兵人领域最强工艺JND1/6小丑兵人测评,1754128584,286,236442514,肖恩阿切尔,https://i1.hdslb.com/bfs/face/33fa3c9caeed230824b1ccfb9aed21e151f6c45d.jpg,137023,"测评,小丑,模型,JND,兵人,希斯莱杰小丑",4999830,14102,2494,38866,6597,12555,0,9,255303
BV1F7tPzvEke,114982096211408,1,138,2154,搞笑,剧情演绎,http://i1.hdslb.com/bfs/archive/cabe103f9ef4c85c4c63bb45a56592afacdfed73.jpg,纯 情 软 饭 王2,1754546400,343,298054634,马哥巨离谱,https://i2.hdslb.com/bfs/face/e36386dee63a713cb1cb47c4bbd3b60532bb9e70.jpg,1402517,"情感,搞笑,反转,美女,搞笑小剧场,沙雕,富婆,抽象,离谱,软饭硬吃",371716,909,904,1587,7253,1104,0,0,25777
BV1iBh7zuEVj,114951477855517,1,65,2071,网络游戏,射击游戏,http://i0.hdslb.com/bfs/archive/464c84c4daec1003767f574cf5ab5ce1f831dcf8.jpg,M7增强后！最变态的打法！三角洲行动,1754107200,694,11703718,米尔Miru,https://i1.hdslb.com/bfs/face/9b39c80f2c33e810914b4ff7478de956c7d05961.jpg,546346,"射击游戏,电子竞技,FPS,三角洲行动,三角洲行动整活大赏,三角洲新手教学,三角洲行动烽火行动,三角洲鼠期大行动,三角洲,三角洲破壁新赛季上线",612087,1035,874,2998,1117,298,0,0,15081
BV1D84ZzwEU2,114979462189196,1,252,2040,仿妆cos,二次元线下,http://i2.hdslb.com/bfs/archive/0f18cb5c460a3233f1df11c93d2453ac7e8531d6.jpg,就拿这个考验干部？,1754448900,150,305956876,腥味猫罐,https://i1.hdslb.com/bfs/face/7553481382a5a338e2f6a6e153a22505e0face03.jpg,1924112,"二次元,ChinaJoy,cos,腥味猫罐,TCL屏宇宙,TCL,外设,China Joy有哪些想要分享的？",757051,226,559,7885,4453,526,0,0,40789
BV1VBhVz9EVx,114964564220468,1,176,2136,汽车生活,跑步,http://i1.hdslb.com/bfs/archive/e87681a2206934ac9e356b68a4d89645909a60e2.jpg,感谢鸿星尔克官方给提供的支持@鸿星尔克,1754220193,166,2035556081,堂主lee,https://i2.hdslb.com/bfs/face/665a151899c136218c3ba7de064ecc67090c219e.jpg,886796,"原创,生活记录,记录,鸿星尔克,暑期健身蜕变挑战",701498,694,2469,4030,15842,769,0,0,91700
BV1FJtPzPENG,114982079434469,1,17,2071,单机游戏,射击游戏,http://i0.hdslb.com/bfs/archive/969f1cc04f0069e9c711362e02a7ad7a60fef44b.jpg,我在三角洲玩上MC了！？丨第7期丨,1754489920,175,3546916132489319,牛牛菌-三角洲双刀流,https://i2.hdslb.com/bfs/face/1d220b5e9b63a518501f2f96d0e7a27eb5e3c9ce.jpg,81541,"我的世界,娱乐,三角洲摸金,房屋改造,好兄弟,赚钱,三角洲,挑战,搬砖,电竞房",90895,144,246,974,1849,38,0,0,10114
BV1ZptPzcEbD,114981710335210,1,17,2079,单机游戏,其他游戏,http://i0.hdslb.com/bfs/archive/614a2f1ccacc4549c4ea57d3a773dfb17e11ed25.jpg,好游戏多说几句又何妨？玄学+推理，万字再拆！游戏《乌合之众》,1754481931,2081,17220937,老闲愚,https://i1.hdslb.com/bfs/face/2e2eab49ff0d63ea6314b5fb8b40bf6b8999e557.jpg,2788,"剧情解析,单机游戏,STEAM,游戏,恐怖游戏,民俗,乌合之众,万字,中式恐怖,推荐宝藏游戏",53978,516,279,1651,1692,300,0,0,3346
BV1qvtJzMEgB,114976022856098,1,65,2071,网络游戏,射击游戏,http://i1.hdslb.com/bfs/archive/b6d8fc875d92ec0d2db9c586ec65c02039dc766c.jpg,CJ最酷的展台，瓦手展台到底多好玩？！,1754398886,267,235630215,国电武术馆馆长,https://i0.hdslb.com/bfs/face/1c473f95562cb50c8f94291ed6373da6281e5b64.jpg,2172530,"手游,游戏杂谈,电子竞技,FPS,无畏契约手游,无畏契约,无畏契约端手大展台,无畏契约手游定档819,Chinajoy,推荐宝藏游戏",475425,649,471,6248,4368,1019,0,0,12032
BV1qvtJzMEG9,114976022855975,1,65,2071,网络游戏,射击游戏,http://i1.hdslb.com/bfs/archive/aa29fdd36eaecde35e1c110adf38632b6f61a2c8.jpg,从“新”出发！皮特B站首播，见证不一样的征程,1754394974,159,13470007,皮特174,https://i1.hdslb.com/bfs/face/aa27f02fff29bdc92905483600972d6c507d7cf4.jpg,632385,"FPS,射击游戏,电子竞技,APEX英雄,吃鸡,竞技游戏,皮特,猎杀,steam游戏",870990,1625,9854,6123,32694,12103,0,0,50367
BV1Wyh8zXEMX,114958490667868,1,171,2070,电子竞技,MOBA游戏,http://i2.hdslb.com/bfs/archive/b8ff8401ee577e19044557dbef56a83a1990d0d2.jpg,这才是每个关羽的梦想，深入敌后，斩敌当先（“每关梦”合集）【高燃集锦175期】,1754127497,168,489296007,牧马人明眸,https://i0.hdslb.com/bfs/face/db4878d8899584639fa6054b755a1161845c3052.jpg,1123890,"游戏,电子竞技,王者荣耀,集锦,王者荣耀夏日农友节,MOBA,关羽,高燃集锦,明眸,国服关羽",2240116,668,1156,5286,4891,1541,0,0,83906
BV1434RzmEJb,114977331484233,1,17,2078,单机游戏,沙盒类,http://i0.hdslb.com/bfs/archive/f977e6417dda332274fb3ad2cb78ed37c94a1485.jpg,超级困难生存???!被虐昏了!!!「天门接力畸变1」,1754438400,2037,84130356,夏天y,https://i0.hdslb.com/bfs/face/2139ba40f33a5977675e209a66896c4c3fe3eeb5.jpg,1518595,"MC,我的世界,单机游戏,沙盒游戏,惊变生存,像素风,多人游戏,沙雕,夏天y,推荐宝藏游戏",2730236,3313,1891,94158,55930,605,0,2,151901
BV1zHtLzhE5K,114972684192625,1,171,2070,电子竞技,MOBA游戏,http://i2.hdslb.com/bfs/archive/d873165a3cc6b66919c9ed344a72f0005dce2573.jpg,【蜘蛛馍】小代问号攻击，那就打到他扣不出问号为止！,1754359200,589,265224133,蜘蛛馍666,https://i1.hdslb.com/bfs/face/6c82d4df9e469b695887d5dd8460c4e233663d68.jpg,177863,"英雄联盟,MOBA",232912,894,1234,709,2864,230,0,0,14320
BV1WytuzHEZm,114969664295593,1,21,2046,日常,网文解读,http://i0.hdslb.com/bfs/archive/7301548f04680ae60c5070e25b7ef82fe8c9933f.jpg,你天庭上面有人？抱歉，我上面可没人了！,1754298217,151,72969462,笔给你你来写_,https://i0.hdslb.com/bfs/face/8e8a57daeb8ee0b50e6fa4e66c4f18f849fc601c.jpg,1139378,"小说,原创,脑洞,曼波配音,西游,随笔,原创剧本,笔给你你来写,沙雕段子",460467,392,887,2197,1104,388,0,0,42695
BV1uvtFzqE7R,114980166893832,1,247,2109,新能源车,汽车技术,http://i2.hdslb.com/bfs/archive/c7338975a9b1ec8164f8d402b1ee6b44682c2010.jpg,车机为什么干不掉手机？,1754467200,867,133901828,二斤啦啦啦啦,https://i2.hdslb.com/bfs/face/0b57ec446b6a143d84b1dbcacaf655562b89cf93.jpg,1465746,"科技,手机,名爵MG4,智能化座舱,汽车知识,智能车机,阿B车友俱乐部",454433,607,255,3348,2158,552,0,0,20513
BV1hatnzFE51,114975670603803,1,172,2037,手机游戏,同人动画,http://i2.hdslb.com/bfs/archive/704d15e6f00313b6bffba9a7b7b2bc6358cbe43a.jpg,为了伊涅芙，这下不得不用雷主了~,1754389617,67,6662072,改良大蓝猫,https://i2.hdslb.com/bfs/face/4e7559167054a8238234267c2fe5e66adaa358f6.jpg,17767,"原神UP主激励计划,二次元,美少女,MMD,挪德卡莱,伊涅芙,荧,空,纳塔,原神",242769,365,376,15430,1404,485,0,0,40873
BV13z4RzbEvf,114976962383362,1,17,2077,单机游戏,休闲/小游戏,http://i1.hdslb.com/bfs/archive/00cc1e097526bd1866cfd7d2183f8e4dfdd0d2ce.jpg,杂交重制版：三分天下,1754449200,272,97213827,潜艇伟伟迷,https://i0.hdslb.com/bfs/face/a2370da541bc5f6769cfcea0fcef907bebb26311.jpg,4936510,"PVZ,植物大战僵尸,植物大战僵尸杂交版,杂交版,自制游戏,杂交植物",440854,389,1012,1407,805,195,0,0,30739
BV1hytJzwEXV,114976257739944,1,21,2088,日常,社会观察,http://i2.hdslb.com/bfs/archive/dfb43cd8c3754c23aa568da63dea8a942378e58d.jpg,200w粉博主执意送外卖，曾直播日入近万曾被网暴,1754452800,620,1567446009,滤镜粉碎机,https://i0.hdslb.com/bfs/face/8ce3100adceacec46f0e031a12404a4d17a865c5.jpg,1060473,"社会,生活记录,正能量,外卖,网红,记录,骑手,社会纪实录",265892,785,555,5978,2847,5384,0,0,9414
BV1bStJzZE6t,114976190629274,1,215,2152,美食记录,美食记录,http://i1.hdslb.com/bfs/archive/b52ae37db13a56edc3a467f51047b6f76a5e2f12.jpg,挑战一天只吃一只面包蟹，看看第二天的变化,1754397669,79,472173533,如花一枝花花,https://i2.hdslb.com/bfs/face/85939b8cff974c334a9eee5f753b6bbb9d72f567.jpg,121044,"挑战,螃蟹,Vlog",219209,339,229,608,667,383,0,0,23356
BV1PJtMzSEgq,114968640881075,1,250,2152,出行,美食记录,http://i1.hdslb.com/bfs/archive/d19d8fa5e78e5a8c308d33e9918ec18d5f6ca15a.jpg,你还在点外卖吐槽预制菜？人家加拿大就没有预制菜,1754282753,113,1289012110,行走的大大大羊腿,https://i1.hdslb.com/bfs/face/79b18f823971e3838bf45db65334dc1c7a90b8bb.jpg,776693,"美食,原创,生活记录,加拿大,吐槽,外卖,随手记录我的生活碎片",1649516,5340,4715,4933,1246,3066,0,0,99703
BV1KUh3zMEvT,114963892933880,1,30,2023,VOCALOID·UTAU,AI音乐,http://i2.hdslb.com/bfs/archive/c0938d0c2bcc58c68201793bdc6ea01f02f55710.jpg,小马差点唱似！升12key高音演唱《LOSER》（完整版）【AI诗歌剧】,1754217300,199,400818085,虹色のScarlet,https://i1.hdslb.com/bfs/face/fcc259c102a89eb57846dcb2c3cd7da9a49cf046.jpg,26454,"LOSER,闪耀优俊少女,小马,米津玄師,高音,赛马娘,曼波,诗歌剧,AI翻唱,AI音乐征集大赛",167771,6094,606,14575,2351,1048,0,0,45613
BV1ZLtFzJEUY,114980116497813,1,138,2154,搞笑,剧情演绎,http://i2.hdslb.com/bfs/archive/1e29d026c0807de169b111a21dea11366ff8ff7c.jpg,弗雷尔卓德 创意工坊之你der啊 麦克阿瑟 说的,1754458438,38,3546909580987309,弗雷尔卓德-杨辰,https://i1.hdslb.com/bfs/face/e59912641ba4cbaadb857e30085b15cf4dcc6819.jpg,261746,"英雄联盟,原创,创意工坊,弗雷尔卓德,麦克阿瑟",480531,644,1540,6124,2721,11999,0,0,70420
BV1kEhPzyErS,114959950285319,1,253,2042,动漫杂谈,动漫评论,http://i0.hdslb.com/bfs/archive/350865c6dec38af0f50bd4026478db33d4684a15.jpg,我算出了《哪吒2》捕妖队有多少人？b站第一人,1754149866,150,13279707,最上川下山,https://i0.hdslb.com/bfs/face/0dfaedc098165ff856f35ee366e6838982cf5412.jpg,2166890,"电影,哪吒2,国漫,哪吒,魔童闹海",7137300,1571,3719,34251,6803,2770,0,19,156097
BV1FVtFzQEfV,114980468822156,1,95,2100,数码,手机,http://i1.hdslb.com/bfs/archive/f91dd8dfe6e1b6ae645720ff81df8fff786007b4.jpg,苹果突然又增🔋电池新功能 & 全新弹跳玻璃效果! | iOS 26 Beta 5 新功能&最大变化｜Q&A｜大耳朵TV,1754463210,341,286187082,大耳朵TV,http://i2.hdslb.com/bfs/face/e8db1f8975f115cb11d9f139e020924f65ccd84a.jpg,1030826,"苹果,手机,电池,玻璃,新功能,系统更新,iPhone,iOS,液态玻璃,iOS26",197985,562,802,778,947,240,0,0,5923
BV1gVtGzgECZ,114970117276959,1,65,2070,网络游戏,MOBA游戏,http://i2.hdslb.com/bfs/archive/b904b33459c15d49b4be2e0dd985d44cd6c05493.jpg,重铸亚连荣光，苍穹血手义不容辞！,1754305049,206,405370021,尴尬的铁根er,https://i1.hdslb.com/bfs/face/cbe228260be3e8d2b49cb2f8dde7a0a41bee1d93.jpg,5398829,"电子竞技,搞笑,王者荣耀,MOBA,亚连",2223578,1400,1530,4561,2614,618,0,0,84771
BV1V8h3znEpq,114964094258335,1,47,2207,同人·手书,随拍·综合,http://i0.hdslb.com/bfs/archive/41f576cba8f7fd4c24316ecd5e1e2888733cc80f.jpg,【重置】你的鬼畜区是什么颜色？,1754213153,68,3493136577857644,路过的White,https://i1.hdslb.com/bfs/face/083e6445aa78242f00e83404ee8e9897c4aae19a.jpg,6280,"音乐,鬼畜,梗,鬼畜全明星,剪辑,雅,卡点",523917,343,1238,27220,11982,4119,0,0,103642
BV1xxtAzgEyF,114982599525849,1,212,2150,美食侦探,美食探店,http://i2.hdslb.com/bfs/archive/52311dec4649db1da8a0c689fee0ed5740a5ab9e.jpg,到北大荒农场探亲，早餐七点去都去太晚了，自家种的贼不偷特丑却好吃得很，聚餐又是大盘菜根本吃不完,1754495804,1115,1202350411,君在西安,https://i1.hdslb.com/bfs/face/75cb01b7d18e60ce43fbe34a2a7f948036200231.jpg,1616042,"豆腐脑,贼不偷,舌尖真探事务所,红烧鲫鱼,大丰收,牛肉包子",172468,871,585,647,532,182,0,0,8390
BV1R2hgzSEFe,114964295650430,1,182,2042,影视杂谈,动漫评论,http://i2.hdslb.com/bfs/archive/715d44d205a998a65d52633f8a2edd81e8130899.jpg,【灵笼】白月魁舍命布局，马克生命跃迁，查尔斯即将迎接攻腥棋子！,1754216267,805,304815404,流心影者,http://i2.hdslb.com/bfs/face/08376a7e475c3c48d5f7b2781fe5d92c94bc0ea4.jpg,453190,"动漫,科幻,国产动画,动画种草激励计划,热血,高燃,灵笼",1577731,640,1195,9218,954,176,0,0,30948
BV1wZ4RzjE2P,114976761056453,1,250,2126,出行,户外探险,http://i1.hdslb.com/bfs/archive/44d040cb64b58e23c8950f9449456ab04c13b8d2.jpg,这片树林，藏着全东莞仅有的两个宝藏,1754449200,607,1508433321,特能斯Terrence,https://i0.hdslb.com/bfs/face/fbac72ef2cdcfb802a87a690230f290fc291e427.jpg,8975,"人文,摄影,冒险,历史,自然,旅游,东莞,宝藏,寻宝,城市探索",383021,621,1080,9583,6979,1355,0,0,45521
BV1xdtJz9EE6,114975855087108,1,172,2076,手机游戏,女性向游戏,http://i2.hdslb.com/bfs/archive/cd42f0f58d9af29053ab33fff172108e5d081361.jpg,左手烟火人间，右手诡谲仙侠，丹青季快哉快哉！【无限暖暖摄影】,1754470800,328,1623708130,BlueVoid蓝须,https://i1.hdslb.com/bfs/face/0548ffe732fa761bf22e72143f0c65dff6284081.jpg,129506,"摄影,暖暖,国风,无限暖暖摄影,游戏角色摄影,无限暖暖丹青季,丹青季,换装,开放世界,无限暖暖",206141,461,314,1554,1952,349,0,0,11895
BV1F5twzfEgq,114981290905067,1,182,2001,影视杂谈,影视解读,http://i1.hdslb.com/bfs/archive/dd3d53048583934ec78ce8a93aff7bada2a460f0.jpg,金刚狼：我的爪子吹毛断发！喵：哦？,1754479146,2151,2020765549,大酱电影,https://i1.hdslb.com/bfs/face/5ca0551ef8e575c1f164fc75144fd56ad36c1587.jpg,276760,"电影解说,漫威,科幻,超级英雄,金刚狼,X战警,二手推荐,转转,二手手机,好剧好片重刷榜",3386973,602,264,14894,536,17,0,0,14627
BV1xbtqzKECD,114986676395506,1,76,2152,美食制作,美食记录,http://i2.hdslb.com/bfs/archive/708404109157f27c4b97c5785dd383941a8112b4.jpg,路边的烧烤摊让夏天触手可及，列气！,1754559190,396,3461567196694763,队长0527,https://i2.hdslb.com/bfs/face/aab34fc302ea7c169ea07074beaa89de2e96e8c7.jpg,808709,"夏天,烧烤,美食,治愈,烤串,路边,撸串,人间烟火,Vlog,B站超高清视频计划",101879,3784,481,664,660,218,0,0,11039
BV1f9tFzWEfv,114979965569139,1,208,2207,校园学习,随拍·综合,http://i2.hdslb.com/bfs/archive/41a030e987ca5ef2e66fe76757f2f3a9eff21bdb.jpg,去美国最危险的街区问路人：你要beef吗？,1754455346,1336,4029133,邵艾伦Alan,https://i1.hdslb.com/bfs/face/3b8af04c80ddd2bc246c19f9307cd6fc1025c684.jpg,2962321,"歪果仁,高能,搞笑,恶搞,美国,生活记录,街区,记录,英语口语,随手记录我的生活碎片",249737,2873,801,2744,3472,1011,0,0,10190
BV1EAhGzZEw9,114963389678075,1,138,2142,搞笑,体育综合,http://i1.hdslb.com/bfs/archive/9c10a4bfdb908a5c58db157220114f924dcb1d3a.jpg,创意工坊之你们要的拿去～,1754203871,79,3546909580987309,弗雷尔卓德-杨辰,https://i1.hdslb.com/bfs/face/e59912641ba4cbaadb857e30085b15cf4dcc6819.jpg,261746,"创意,创意工坊,弗雷尔卓德",1515227,613,1400,4282,1628,5182,0,0,86605
BV1XatwzjEGK,114981039243649,1,47,2055,同人·手书,二次元绘画,http://i1.hdslb.com/bfs/archive/fe012db708b611df1f016e7d3e144ba452219acb.jpg,某粉色APP看板娘猫猫表情包,1754471605,18,164959048,咸鱼小章鱼,https://i1.hdslb.com/bfs/face/271b1ee49aa593b3fa4c23d4da1f079f05472838.jpg,66471,"表情包,33娘,22娘,看板娘,猫猫,手书,猫猫挥爪,刨手手,猫爪,哔哩哔哩",297722,135,1747,19556,3444,827,0,0,80207
BV1ottBzRERK,114987901132615,1,251,2083,三农,综合资讯,http://i2.hdslb.com/bfs/archive/528d6f0ec587ca8be4d6e4a74c2942e54a8bf972.jpg,“打工人”自制预制菜？“冻门”千万警惕这个菌！【主播说三农】,1754576271,202,1343321779,央视农业,https://i1.hdslb.com/bfs/face/c9e24623ccc91cd26c2894d2a1880dc6dc6a28c4.jpg,3624222,"主播说三农,冻门,预制菜,打工人",126624,344,891,1848,574,1489,0,0,14218
BV1EBtczWEJ2,114981425119632,1,232,2158,科工机械,旅游记录,http://i2.hdslb.com/bfs/archive/08291ddbcb76bcfa994a893777f2cc5367681fe4.jpg,开着挖机游全国的路上在贵州黔东南退伍老兵送我一只马犬！,1754477801,661,1918776707,挖机小何vlog,https://i2.hdslb.com/bfs/face/49ed3cd1acf202dadecc5aaa27e9ac297896530b.jpg,446005,"生活记录,旅游,正能量,开着挖机游全国,自驾游,马犬,贵州,黔东南,退伍老兵,记录",976548,1069,720,12054,4244,157,0,0,35783
BV1Xjh5zdEBV,114966493399952,1,122,2198,野生技能协会,休闲玩乐,http://i0.hdslb.com/bfs/archive/28f41a6671f1d7d95d8f3c9daa51e13ee46e42a6.jpg,刘谦给美女表演“猜金桔”游戏！为什么三颗金桔总是数不完？,1754249818,209,521689911,魔术特白,https://i0.hdslb.com/bfs/face/80979713c89cab28f951cde07b08d3739f7c23c8.jpg,424934,"美女,魔术教学,刘谦,撩妹魔术",6215640,505,735,23264,1503,185,0,27,63476
BV1J8tJzkEDu,114976073324668,1,31,2020,翻唱,翻唱,http://i1.hdslb.com/bfs/archive/907dd18ccb22747a0e9f9dc9fe1fd8d68721fadc.jpg,鹿乃 翻唱《 glow 》acoustic ver.,1754474400,284,316381099,鹿乃ちゃん,https://i1.hdslb.com/bfs/face/92a10e8467e7e5a757ded5c7b36b21d1de7275f2.jpg,2072741,"COVER,翻唱,日语翻唱,鹿乃,治愈,女声,日语,keeno,glow",97455,410,2336,8167,14507,2204,0,0,20109
BV1fXtnzyEuL,114975234327710,1,253,2042,动漫杂谈,动漫评论,http://i2.hdslb.com/bfs/archive/831526b3b0e8a2f50804dfa85ae1dddd2e2351b7.jpg,只有逆天，没有人类！这部动画到底是给谁看的！真是一场酣畅淋漓的赤石啊！,1754392200,1123,49256130,不知枫叶,https://i0.hdslb.com/bfs/face/40a24491886d30a511e554539446f8d6a38cf26f.jpg,751680,"搞笑,动漫杂谈,动画,逆天,美食,动漫,名场面,动漫解说,烂番吐槽,国王排名",1246797,17031,7152,9605,4986,7114,0,0,50130
BV19KtgzTEaJ,114969362437434,1,65,2071,网络游戏,射击游戏,http://i2.hdslb.com/bfs/archive/759f6ab32d5c6d8c25c0d5bcd143b2e13b71e8a6.jpg,《田野打架：根号36》,1754293614,145,690441394,雪晶聚合物,https://i1.hdslb.com/bfs/face/9ba7744376735eb13e757690e0e3ada3e104eb52.jpg,15601,"战地,FPS,彩虹六号,明日方舟,崩坏：星穹铁道,三角洲行动,战地6,搞笑配音,战术小队,明日方舟创作者应援计划",165660,538,517,6713,2366,3630,0,0,18292
BV1UBtwzGEYn,114980972138491,1,130,2017,音乐综合,MV,http://i1.hdslb.com/bfs/archive/693b483cef9e7508136f12c149b1f11954ef25d6.jpg,KiiiKiii 'DANCING ALONE' MV,1754471580,217,3546857988950703,We_KiiiKiii,https://i0.hdslb.com/bfs/face/2c2085c510e03ce000b89bc4226c62ddae9e7ffc.jpg,40610,"韩国女团,KPOP,K-POP,KiiiKiii,回归前线",88388,520,937,3440,4223,2328,0,0,8625
BV194twzSEtC,114980888251747,1,253,2042,动漫杂谈,动漫评论,http://i2.hdslb.com/bfs/archive/4058cfe532d278fb8beea79b22421d2c90bea5fb.jpg,“动物之友”荒木飞吕彦，八部JOJO究竟有多少动物惨遭毒手？（中）,1754478000,1140,7526017,真云霆,https://i1.hdslb.com/bfs/face/f574f4a20ecaa34e66d342de0462b4608a1c59e8.jpg,204817,"动漫杂谈,JOJO,DIO,空条承太郎,JOJO的奇妙冒险,荒木飞吕彦,搞笑,石之海,不灭钻石,黄金之风",112342,564,220,1613,1666,150,0,0,8360
BV1Ut4dzREKX,114976425510328,1,47,2037,同人·手书,同人动画,http://i1.hdslb.com/bfs/archive/f84400f51f8569b39f2db7778fe51ade9c4ab49a.jpg,第七十八集 普宁街道,1754401349,287,217965805,吃橙子不吐程子皮,https://i1.hdslb.com/bfs/face/4b7f7867a8532b90cd1b1d0507b1966bd77464f7.jpg,761331,"诡异,原创动画,UP！原创动画,微恐怖",254262,910,968,4716,5305,270,0,0,21798
BV12GhLzEE7Y,114965621050213,1,76,2149,美食制作,美食制作,http://i1.hdslb.com/bfs/archive/4b39eb72a24d7f9344ff79a8a1a4d876f5fefcf6.jpg,给你一个选择，吃这个还是吃大羊排？,1754236313,630,527100442,芝士站神,https://i1.hdslb.com/bfs/face/3dfedd8f6d4af71661b1cc4f4c2e28119d6575f3.jpg,391504,一饭封神申请出战,466537,707,735,4806,521,762,0,0,29121
BV1nNtnzmEmu,114975955750110,1,219,2168,汪星人,狗,http://i2.hdslb.com/bfs/archive/c101c806af6a7353078b3debd5934da2e0f07ce3.jpg,大家都说他是“上帝派来拯救小狗的天使回家了”，可是在常安这个家里，却还有3400个孩子等着他，今天是他离开的第二周年，他的孩子们“迎接”它们的郁爸爸回家了……,1754394199,126,100615737,小阳爱猫狗公益账号,https://i0.hdslb.com/bfs/face/5221e8d8fb9293c6766ea6df00d27b9411581965.jpg,83375,"汪星人,感动,动物救助",146789,135,525,680,8256,60,0,0,15431
BV1mh4dzXE9X,114976459068752,1,228,2091,人文历史,设计艺术,http://i2.hdslb.com/bfs/archive/0aac27fa4e9fc98eed09b34b164f29b6d2740c3a.jpg,这里都有现成的了，你还要“以假乱真”？,1754401979,97,1809567655,何大爷课堂,https://i1.hdslb.com/bfs/face/f13e2e7660c6c3798eb1f574f2623c2f592cce0c.jpg,2256260,"艺术,审美,万物研究所",297453,103,153,2594,564,130,0,0,20436
BV1M6h3zCEpb,114963708382275,1,138,2156,搞笑,UP主小综艺,http://i2.hdslb.com/bfs/archive/926ea6706f2a4028b66d413e4429249792e74da8.jpg,哈哈哈哈答非所问,1754207148,117,551931509,小歪很拽,https://i2.hdslb.com/bfs/face/961bf1b9c9551c209a44d3463990190c36b3cdb1.jpg,1272941,"综艺搞笑,答非所问,趣味游戏,办公室游戏,看一遍笑一遍,搞笑研究所",2199611,2592,475,28535,2145,1306,0,0,86281
BV1DNt6zJE2W,114987179841870,1,47,2043,同人·手书,动漫速读,http://i0.hdslb.com/bfs/archive/8085457674cf3b02ff25c2ddb675f908c1d16179.jpg,《天命既定》第二季 我在噶前调戏了圣女 可她的表情怎么,1754565231,303,3546888647215156,秋Tian动漫,https://i1.hdslb.com/bfs/face/d0a8fa56d097d2b9aa0d77b83e893d29a5c7d0a9.jpg,129300,"动漫,天命既定,剧情动画",39502,287,445,2226,2651,53,0,0,5995
BV1Znh3z4E9U,114964127944540,1,17,2078,单机游戏,沙盒类,http://i1.hdslb.com/bfs/archive/1b40c0a87993f399996ec7f0a27a776e23922fbb.jpg,“挑战跑酷不踩到绿色”,1754213608,160,599112147,清烛MII,https://i0.hdslb.com/bfs/face/9b3c938d35fa410a383f236af6603d1347277cd6.jpg,54438,"我的世界,混剪,沙盒游戏,无缝剪辑,Minecraft,挑战,像素风,卡点",281075,1061,743,10764,8929,541,0,0,45491
BV1BthLzMEUv,114965788823319,1,21,2071,日常,射击游戏,http://i2.hdslb.com/bfs/archive/cb4c92ba545531f5a44c27e95e5ffccf067c24f8.jpg,挑战在地上摆满垃圾让大哥感到莫名其妙,1754238899,126,434231007,三角洲讲师,https://i0.hdslb.com/bfs/face/2f5adee9ce14225cfbe1b26a47d8467c61c9d3a2.jpg,23826,"三角洲行动,蜂医,绝密航天,鼠鼠,跑刀,航天基地,三角洲破壁新赛季上线",1839470,413,1089,10488,1559,1680,0,0,101442
BV1A8tGzbEiA,114970268278550,1,253,2042,动漫杂谈,动漫评论,http://i1.hdslb.com/bfs/archive/1aa6e211a0e82fa21e09ffe786d3d9a82d3b3fa5.jpg,洛克斯两颗“传说果实”是什么？威胁伊姆和圣地的力量！！神之谷之前的阴谋预演！海贼王1156话细节伏笔分析！,1754308800,670,488779255,动漫作业本,https://i1.hdslb.com/bfs/face/cef5ab0106a79aa442efbc63c4d0bca29707eeb1.jpg,1614287,"海贼王,发现宝藏动漫,溪木源航海王男士,巨人国,恶魔果实,香克斯,路飞,蒂奇,艾尔巴夫,洛克斯",461121,843,996,1247,1160,292,0,0,16156
BV1tStBzrEt4,114988001923327,1,21,2183,日常,助眠视频·ASMR,http://i1.hdslb.com/bfs/archive/b494d27481f077e3de67270034dc071b6cc195ae.jpg,韩国深度头皮解压ASMR 全身护理 优质助眠解压 视听盛宴,1754579703,2892,395421158,施利TV,https://i2.hdslb.com/bfs/face/14bc3b3059df263d37978bdc16d9e6793e24bd7f.jpg,773023,"助眠,按摩,asmr,施利人头麦,头皮,放松,触发音,全身护理,韩国探店,B站超高清视频计划",125517,1149,1264,2782,5975,202,0,0,9837
BV1gt4ZzeEG4,114979479029833,1,21,2197,日常,其他vlog,http://i2.hdslb.com/bfs/archive/c2e2edf1235312eb0b7b6b0ed8f2e4ca130d52c0.jpg,鲨鱼の东京工作生活日记,1754448389,2974,1815506605,O鲨鱼Oo,https://i1.hdslb.com/bfs/face/d37cb4be1a4127483c696c2a7aec8460fb6ed052.jpg,63374,"学习,太宰治,东京,日本,生活记录,笔记本,吉卜力美术馆,独处,上班,工作",64211,1032,512,1867,2161,98,0,0,4424
BV1GRtvz6Esc,114985552318546,1,172,2064,手机游戏,单人RPG游戏,http://i0.hdslb.com/bfs/archive/dfcc142b7462f030aca72fcd5b9436a5c5939cbf.jpg,【重返未来1999】 机制最多的角色？艾吉奥硬核实战攻略！6把武器如何搭配？实战手法思路 配队 技能介绍 角色强度 心相 抽取建议 数值计算,1754540494,873,27500557,梦轩dada,https://i1.hdslb.com/bfs/face/434105b91b2a2d7e00ebe8f3da4112acafe1f183.jpg,1588509,"二次元,攻略,重返未来刺客信条联动,技能介绍,教程攻略,角色,实战,机制,角色养成,配队",69967,405,628,758,791,201,0,0,3328
BV1VQtAzpEPT,114982314315304,1,138,2030,搞笑,颜值·网红舞,http://i1.hdslb.com/bfs/archive/83776403aeea4ef9cce58fb2f3e9ebb30d8ebe24.jpg,起猛了 看到咱妈跳手势舞了,1754490968,26,639923249,大瑶同学remix,https://i2.hdslb.com/bfs/face/5e3796f6804b0035f0173b830e9aad5ad51385ca.jpg,1566966,搞笑小剧场,466311,210,532,1672,2039,141,0,0,63007
BV1jGtEzNEru,114975116887354,1,17,2079,单机游戏,其他游戏,http://i1.hdslb.com/bfs/archive/565cff91d8af15a634d43613d56f83f8613d7e4d.jpg,《威利号船长》用自由视角居然还能找到被关起来米老鼠,1754381146,133,1860532343,客阙,https://i2.hdslb.com/bfs/face/cf3fddec612e9d6c6f965e0ef8c35a3e31e3b589.jpg,142821,"彩蛋,威利船长,自由视角,隐藏物品",1653879,632,129,28190,956,88,0,0,32233
BV1xMhpzNE8u,114952820039292,1,27,2041,综合,动漫剪辑,http://i0.hdslb.com/bfs/archive/fbbdb5bf358b4a358443f078d99756b75a97990f.jpg,我 和 你,1754040989,34,470849460,花落北城,https://i0.hdslb.com/bfs/face/d50b8b25667e330a0bca88b4ea68d1080c367e75.jpg,1799,"动漫,动画短片,剪辑,二次元,章鱼噼,卡点,伤感",797267,229,2070,39731,11197,3937,0,0,132339
BV1GXtAzQELV,114982364646680,1,47,2037,同人·手书,同人动画,http://i0.hdslb.com/bfs/archive/f1a530f53ee9ffaddda7781be6226b32cdaf9c97.jpg,【完整版】小睦小莫的天天天国地狱国！,1754491705,231,454569733,宸雨_cy,https://i1.hdslb.com/bfs/face/d0c53ae2d926aa4dd26cb2315dccb602790cdf44.jpg,6120,"完整版,手书,迷途之子,mygo,天天天国地狱国,描改,Mujica,若叶睦,颂乐人偶,bilibili次元论战",294203,160,1434,17195,15689,3789,0,0,34160
BV1qghxz8E1g,114954850015617,1,250,2126,出行,户外探险,http://i0.hdslb.com/bfs/archive/9add7c05276d23e0dda656f2d50b07e22c963181.jpg,冒死爬上世界唯一悬崖教堂，就拍到了这？？摄影｜埃塞俄比亚｜悬崖教堂｜Abuna Yemata Guh,1754132400,478,427607291,建国JianGuo_,https://i2.hdslb.com/bfs/face/2960dc381f05139b4d4d8fc360e32bd7b356916e.jpg,384448,"摄影,数码,旅游,人文,相机,非洲,徕卡,教堂,旅行影像大赛",591402,1540,528,9506,11758,769,0,0,24658
BV1F7twzoEYr,114980921808331,1,17,2066,单机游戏,单机主机类游戏,http://i1.hdslb.com/bfs/archive/713ec20ae863e9881ebecd99b92b6055af04b475.jpg,激烈冲突！国人据点与老外的震撼对决,1754470233,1480,1582587958,野猪Yz,https://i1.hdslb.com/bfs/face/947b389e52345d95357a45079a099a59138ddfb9.jpg,108566,游戏,1534176,416,31,49076,1925,18,0,64,41258
BV1kRtwzhEHT,114980787590486,1,212,2150,美食侦探,美食探店,http://i1.hdslb.com/bfs/archive/58de615235b86db515016656094a6ff8753ada03.jpg,为什么中国人一到这家串店就上头？兄弟局全是知心嗑！,1754474400,600,405279279,平平出击,https://i0.hdslb.com/bfs/face/87bbab304eff564ec50d999f4c163f2ab225b896.jpg,772718,"烧烤,吃货,4K,中国,平平出击,沙雕,撸串,烤串,羊肉串,探店",386302,1687,718,3036,16455,492,0,0,27240
BV1vJhtzwEAn,114958004133041,1,21,2154,日常,剧情演绎,http://i1.hdslb.com/bfs/archive/3865de14b87d34c64ebcd7e2e6325cad490703e4.jpg,当你高考战胜30万人 终于来到了浙大…,1754120146,67,3494373119494756,itsboiJOE,https://i1.hdslb.com/bfs/face/cafb480e86c0b35a81243c9b318b171af860ebcb.jpg,8877,"生活记录,宿舍,大学,校园",1723539,851,3604,25180,6752,15538,0,0,160160
BV1qRtuzyEDd,114969815352595,1,27,2028,综合,宅舞,http://i1.hdslb.com/bfs/archive/040b2be47c07f81acaec7ebb4a3f2de829339552.jpg,舞台就是我的画布  【杭州烤o】,1754300249,120,171796822,鬼鬼_onioni,https://i1.hdslb.com/bfs/face/d6a202a81c0953c7027defe2d343fbc7319b6947.jpg,305550,"宅舞,cos,世界计划,东云绘名,世界计划多彩舞台,pjsk,杭州烤o",183778,47,219,6223,2893,964,0,0,31831
BV1LYtPzsEwL,114981861398340,1,27,2037,综合,同人动画,http://i2.hdslb.com/bfs/archive/c6acccf95053f7cddc725c53a138dd794d99d7da.jpg,亚索 快来护住我,1754485537,147,21897453,油炸童年,https://i0.hdslb.com/bfs/face/e3389f5bfecdcba90ba2b2d7b6531a28569206ad.jpg,198280,"疾风剑豪,搞笑,电子竞技,LOL,动画,英雄联盟,游戏,盲僧,转转,英雄联盟动画",173036,250,306,767,1226,601,0,0,9676
BV1FLtFznEhZ,114980116501263,1,124,2088,社科·法律·心理,社会观察,http://i2.hdslb.com/bfs/archive/8fe651cf34130a8113424eed266ca7e6e2b267da.jpg,比韩剧更黑暗？韩国兄弟之家事件 真实版大逃杀！,1754474400,945,6574487,纳豆奶奶,https://i2.hdslb.com/bfs/face/0a8638b34173708fcf979bd1166fbb7fdb1110a4.jpg,4638593,"社会观察局,高能,韩国,犯罪,韩剧,解说,猎奇,案件,大逃杀,鱿鱼游戏",257757,1881,386,2365,2339,640,0,0,14307
BV1JdhuzREBD,114962701812188,1,138,2171,搞笑,动物综合·二创,http://i1.hdslb.com/bfs/archive/ff3f9e63b1ce723fcd35adacfe1a9b5dcce8528c.jpg,牛：不好！我的魔丸！,1754192019,65,1402229439,大丙搞笑配音,https://i0.hdslb.com/bfs/face/6104868b601276de59976e835c95428601800cc0.jpg,365300,"搞笑,搞笑视频,配音,吐槽,这是一个悲伤的故事,搞笑动物配音,搞笑配音,看一遍笑一遍",2941554,282,855,9939,1102,7155,0,0,82023
BV15shTzMEPS,114960336165739,1,17,2079,单机游戏,其他游戏,http://i2.hdslb.com/bfs/archive/90ecbbb3c4fa792313084632822d891f898384dc.jpg,我的好兄弟看视频不点赞被「告上法庭」!!!!!!?,1754179200,1801,84130356,夏天y,https://i0.hdslb.com/bfs/face/2139ba40f33a5977675e209a66896c4c3fe3eeb5.jpg,1518596,"我的世界,娱乐,搞笑,单机游戏,MC,多人游戏,沙雕,法庭,夏天y,推荐宝藏游戏",1197364,2171,539,50144,42108,705,0,37,95362
BV1pwtnzSEd7,114975787976094,1,21,2196,日常,职业vlog,http://i0.hdslb.com/bfs/archive/ee4f29aef01d6b0d8998dc82b46900d0364f521a.jpg,法医的夏天工作实录，巨人观，高腐遗体通通都来！,1754391487,105,1924312446,我是向琴琴呀,https://i0.hdslb.com/bfs/face/746354e04dc4d0d0dd7938b0841b20127e6b738e.jpg,156090,"原创,正能量,生活记录,法医,高能,器官,工作,记录,Vlog,寻找100个宝藏vlogger",196382,167,611,1395,512,415,0,0,12206
BV1ditJzqEMm,114976006148061,2,172,2064,手机游戏,单人RPG游戏,http://i2.hdslb.com/bfs/archive/42826d991e4a1842d5698397df3eca74fdccc765.jpg,【星穹铁道】海瑟音 0~6命实战详细评测：诡异的Dot女子是不会输的！光锥/遗器/配队 建议。,1754452800,2162,50111839,小琨爱小蛊,https://i1.hdslb.com/bfs/face/080862af2ad53cae818db05191968fc4d306899a.jpg,1232656,"黑天鹅,崩坏：星穹铁道,崩坏星穹铁道,卡芙卡,崩坏：星穹铁道创作者激励计划,海瑟音,英雄未死之前,米哈游,miHoYo,dot",243408,2342,2367,2101,4190,1072,0,0,19764
BV19RhAzcEdU,114940891369288,1,172,2064,手机游戏,单人RPG游戏,http://i0.hdslb.com/bfs/archive/fac671ac584abcbc1ed9352254f6b334f66d9895.jpg,《崩坏：星穹铁道》救世PV——「开拓者」,1754136000,107,1340190821,崩坏星穹铁道,https://i2.hdslb.com/bfs/face/57b6e8c16b909a49bfc8d8394d946f908cabe728.jpg,11442061,"崩坏：星穹铁道,米哈游,miHoYo",6239689,189428,58703,140516,272814,100862,0,1,502583
BV1H1tuzDEBJ,114969580406250,1,172,2073,手机游戏,动作竞技游戏,http://i0.hdslb.com/bfs/archive/7d3ae62f2bf7d77ec47fa9c741a5787ae5204031.jpg,9月高招S九喇嘛水门！设定、全技能表现效果参考！,1754297035,256,95845925,帕克统一忍界,https://i2.hdslb.com/bfs/face/c9cdbcc4b2db5b82a2fec668ddc44cb8444f7c26.jpg,626851,"波风水门,决斗场,金身水门,我要上超影,格斗游戏,火影忍者手游,新忍者,9月高招S,九喇嘛水门",625104,1463,2326,1242,905,1185,0,0,16026
BV1G9hHzyEkY,114952702531945,1,212,2008,美食侦探,影视综合,http://i2.hdslb.com/bfs/archive/2d01b8113faecfd9ecaae195df89c0bd44691abb.jpg,推荐大家都来看这部电影，我们要铭记历史，吾辈当自强！,1754039224,161,3493260093819171,李维刚的日常,https://i0.hdslb.com/bfs/face/4917c09bdfd5e72f08a04d2c752de48a848a1318.jpg,3595996,"李维刚,南京照相馆,铭记历史",1344540,2587,2723,10837,57086,1171,0,31,244356
BV15EhNzeEfn,114959497304837,1,158,2002,穿搭,影视剪辑,http://i2.hdslb.com/bfs/archive/4b618ede21e0050759f65548ac8a9ebcd3c65e8e.jpg,“露出来了，然后呢”,1754142791,12,542246263,白昼小熊,https://i1.hdslb.com/bfs/face/4b26f51d6330ea2209192d490f6636e28ec0574c.jpg,1234727,"影视剪辑,日剧,翻拍,今日出门怎么穿",2650452,31,201,26720,2143,2221,0,0,123102
BV1jXtzztEBY,114987045493361,1,253,2037,动漫杂谈,同人动画,http://i2.hdslb.com/bfs/archive/e5156073468ac92f0bda6cc81c0c35efc6b0c401.jpg,《规则之下11》—阴差阳错,1754563413,418,214580274,熊熊仔的沙雕动画,https://i0.hdslb.com/bfs/face/fbfaa4e56724fc64ebbf4ec22d862cb06dd0de63.jpg,461887,"反转,脑洞剧情,剧情动画",49925,167,196,973,1079,42,0,0,5903
BV1vrtJzPEM9,114976224187479,1,172,2071,手机游戏,射击游戏,http://i0.hdslb.com/bfs/archive/86786386aef25ea5de28a649252c83266f734d89.jpg,卧底金枪开！竟发现机甲私藏大金蛇！,1754398195,271,237533871,武子弈,https://i0.hdslb.com/bfs/face/1ae588a38fa7cc7a8154ff0f46d2cf57bfc3854a.jpg,1251524,"和平精英空投节,地铁逃生,卧底,武子弈,和平精英",1252957,497,454,9564,709,57,0,0,14662
BV1cjtwztE6D,114981274129080,1,25,2037,MMD·3D,同人动画,http://i0.hdslb.com/bfs/archive/236b565b386e8332f8a8eb11dac8d3dc9c9750c0.jpg,【绝区零】台球猫【猫和老鼠节选】,1754541039,255,28389168,AI血色玫瑰,https://i0.hdslb.com/bfs/face/44d29ba46572d71e633eaa88270ab4ea78f4709e.jpg,91839,"搞笑,猫和老鼠,绝区零爱丽丝二创,爱丽丝,柚叶,米哈游,绝区零",81104,269,184,2088,1484,558,0,0,8005
BV1qNtNzaERc,114983656491968,1,162,2037,绘画,同人动画,http://i0.hdslb.com/bfs/archive/a79875d638cfaff3ee7dd78d01206ba87ff995c6.jpg,拖了半年的自制小动画…抱歉QwQ,1754511584,89,450298644,微風讓我擁抱世界,https://i0.hdslb.com/bfs/face/9b6bcf792a91a733a7261b1541f62ee5a19f84ec.jpg,7541,"新人,原创动画,动画,手绘,动漫,自制动画,燃,逐帧动画,小动画,动画短片群星计划",122490,148,497,3569,8361,201,0,0,23286
BV1nQtFzdEpk,114979982412702,1,122,2079,野生技能协会,其他游戏,http://i2.hdslb.com/bfs/archive/9928dafd1bb548903f676ae3accc32a99cb8eaa9.jpg,恭喜你赌赢了，后续来了,1754455654,29,580207,AliveGameStudio,https://i1.hdslb.com/bfs/face/f999484dfe790f2a3ee0d953f9a04ab2b400bedf.jpg,644949,"游戏开发,独立游戏,游戏,steam,敢不敢赌一次",1897029,20988,3787,47609,40748,1732,0,23,258075
BV1fatJzgEow,114976123589703,1,241,2009,娱乐杂谈,娱乐评论,http://i0.hdslb.com/bfs/archive/b9ccdda61933ae9b5d68d4a3d290c7c39ac37c4e.jpg,手撕公司，直播大倒苦水，热搜女王带着她的八百个热搜回来了【赵露思解约风波】,1754396602,486,15472350,降B_大调,https://i0.hdslb.com/bfs/face/5ce1b571e472dc8eff86574a3711def50a78f92a.jpg,297405,"娱乐,吃瓜第一线,赵露思解约,赵露思,银河酷娱,明星解约",804117,7370,4541,2428,4151,2626,0,0,23749
BV1P9hVzkEvL,114964597572928,1,21,2063,日常,鬼畜综合,http://i2.hdslb.com/bfs/archive/77904bd6f93e56cc10055e2e71928864f9524e0e.jpg,⚡我国各地蚊子叫声⚡,1754220717,130,1972357926,白鸽の乱剪,https://i0.hdslb.com/bfs/face/09bb9ca52f43f585ee8b98c2aa5658d502375b2a.jpg,27087,"搞笑,剪辑,蚊子,奇葩,玩梗,天津,抽象,老北京,整活,鬼畜星探企划",209689,623,559,3457,727,1792,0,0,10514
BV1R74ZzgEb8,114979327970770,12,172,2064,手机游戏,单人RPG游戏,http://i2.hdslb.com/bfs/archive/0129d1886954c7e719318ff1f5fd898821660418.jpg,【崩铁】海瑟音综合测评：dot队新成员！武器对比+技能解读+强度展示+星魂提升！！只需等待！！,1754452800,3113,43222001,卡特亚,https://i2.hdslb.com/bfs/face/a86d2a1570f968a7aa57f7d014f7826780900372.jpg,3271312,"卡芙卡,崩坏：星穹铁道创作者激励计划,海瑟音,海瑟音强度,海瑟音测评,海瑟音dot队,海瑟音综合测评",655975,3763,3316,4513,4909,2167,0,0,44412
BV18ZtvzBEwx,114985585935666,1,215,2154,美食记录,剧情演绎,http://i2.hdslb.com/bfs/archive/3b2404f071494914487ba364ff85138d1ff9921b.jpg,真正的朋友做客教程,1754540981,640,3546594741848906,团团的一家,https://i2.hdslb.com/bfs/face/f578dc23bbfbbfd845c7800b763f7ec872269e28.jpg,605937,"定格身边的小美好,生活记录,搞笑,朋友",223786,820,653,1183,1326,1374,0,0,18695
BV1CytFz8E81,114979864841285,1,172,2076,手机游戏,女性向游戏,http://i0.hdslb.com/bfs/archive/eab219d07ed6f49b6ec08a315a149f470ba1eea7.jpg,《时空中的绘旅人》「恋恋奇踪」活动PV首曝,1754535600,79,441833336,时空中的绘旅人,https://i2.hdslb.com/bfs/face/85445109d31de10ee97006166cb26bfdacffd63d.jpg,864319,"时空中的绘旅人,路辰,司岚,恋爱冒险,恋爱剧情",212060,308,1051,1362,1715,1053,0,0,10106
BV1yQhszkER1,114955319774873,1,65,2071,网络游戏,射击游戏,http://i1.hdslb.com/bfs/archive/9df2b4b7a3391866462eaabc9e9e53062ea2e808.jpg,剥蒜的情谊41.0,1754103600,70,12705018,NinthA-,https://i0.hdslb.com/bfs/face/90fbf5732bd3bffd6a4d094acec17d30756f581e.jpg,196116,"猎奇,三角洲行动,三角洲欢乐剧场,三角洲搞笑",2195951,15295,875,13130,2254,5448,0,0,111174
BV1bitnz4E79,114975620273061,1,21,2155,日常,语言类小剧场,http://i1.hdslb.com/bfs/archive/1ca2afb44b3820acba48cfab6eb024678306ea1c.jpg,配音演员的无语瞬间。。,1754388992,38,2689967,醋醋cucu,https://i2.hdslb.com/bfs/baselabs/423b2404c649fb8e71909dbd9ae5189d1076652d.png,1249510,"配音演员,CV,配音,搞笑小剧场",874579,236,449,3251,1632,164,0,0,50185
BV1FWtPzhEuM,114981760668585,1,266,2078,音乐粉丝饭拍,沙盒类,http://i1.hdslb.com/bfs/archive/4c9b5500e5c81e1317acd814d137cb220f321080.jpg,minecraft版的牛奶面包(美食教程)😻,1754482634,99,1565400464,莫提斯的厨房,https://i2.hdslb.com/bfs/face/5d7ef5f2e9c3cceca5814358368e8869f1fe4c6c.jpg,244269,"我的世界,美食教程,vlog,治愈系,牛奶面包",606642,468,1174,14762,14726,2409,0,0,98079
BV1YxtnzPEhy,114975469279292,1,138,2154,搞笑,剧情演绎,http://i2.hdslb.com/bfs/archive/46b76d7d7b85ea37e668475214b897cae704dc11.jpg,当代父母的迂腐观念（真的是超级无敌真是呀哇哇哇哇）,1754386614,223,68439967,萧枭同学,https://i1.hdslb.com/bfs/face/048bdff2b19e39da8f1aba04a3bd595a073130c8.jpg,2833405,"搞笑,反转,父母,真实,尴尬,2025哔业大戏",385912,580,370,2613,621,187,0,0,34928
BV1Hc4dz5EFA,114976794676908,1,121,2076,GMV,女性向游戏,http://i2.hdslb.com/bfs/archive/b9654a7144ac77119555d1f9865bb2ec7c32130a.jpg,“顶级国风美学的杀伤力！这次真吃上国宴了！”——【无限暖暖/丹青季】,1754452800,139,175333301,哇周某人,https://i2.hdslb.com/bfs/face/a7670c1831893164c62a65a2fa244f337389e748.jpg,243611,"GMV,中国风,古风,二游,无限暖暖高能团,无限暖暖丹青季,丹青季,开放世界,游戏鉴赏家,无限暖暖",244932,499,519,4984,10356,1121,0,0,16662
BV1yPtnzEEPZ,114975771269031,1,212,2152,美食侦探,美食记录,http://i0.hdslb.com/bfs/archive/ca161288796658ab7b8e24d2359915a2960b4883.jpg,在马来西亚实现海鲜自由！大龙虾+“顶流”炸鸡，这一口好吃到跺脚！,1754392112,1896,649019192,方芳的快乐生活,https://i2.hdslb.com/bfs/face/6403112ef1655c35eebc639706114d184edb3472.jpg,1824439,"生活记录,美食侦探,旅行,吃货,马来西亚,搞笑,记录我的美食日常,龙虾",1074890,14358,1811,11254,64636,1985,0,71,62511
BV1g14ozAEyh,114977801244551,1,172,2064,手机游戏,单人RPG游戏,http://i1.hdslb.com/bfs/archive/51134a4cb0286a76b73476db8c18dee83f7f105d.jpg,当我尝试拍出爱丽丝的美……,1754452800,136,384667818,小星想叭叭,https://i0.hdslb.com/bfs/face/84437d711796c8900078c6ab86600989ebf21ed6.jpg,570979,"摄影,绝区零爱丽丝二创,爱丽丝,绝区零",447516,236,638,13996,3754,2003,0,0,75785
BV1gVtGzgErn,114970117277175,1,95,2099,数码,电脑,http://i0.hdslb.com/bfs/archive/26a8f7f2c3aaa31e5f35632b8bfe654cb4722114.jpg,两位家长给大一新生买笔记本，首选华为,1754305355,999,3546902624733812,海虹数码葛小强,https://i2.hdslb.com/bfs/face/c05f06a21556350b28c1967ded6b73483b3b471c.jpg,76625,"笔记本电脑,华为,大学生",655753,4515,10140,3056,3145,3038,0,0,19072
BV17QtNzcE5R,114983220286262,1,162,2037,绘画,同人动画,http://i0.hdslb.com/bfs/archive/9552a63057e079b6af38a0892ded1af287100ede.jpg,还有谁没异格,1754551800,73,375241551,苦力怕到此一游,https://i0.hdslb.com/bfs/face/d362a94ea20d70b5f66112e2978c4a5145b755a8.jpg,616653,"异格,斩业星熊,全息作战矩阵,银灰,墟,泰拉探索协会,明日方舟创作者应援计划",338479,423,1952,3295,2763,4539,0,0,36044
BV11DtizwEc1,114986827389261,1,182,2001,影视杂谈,影视解读,http://i1.hdslb.com/bfs/archive/ceaf4ed755a25f55a4d2236518c7f87d4ca8bb9e.jpg,它改编自尘封83年的真实历史，揭露日本拼命想掩盖的真相！,1754560115,402,5870268,三代鹿人,https://i0.hdslb.com/bfs/face/a915d1a1ff921cd418e74c5711c91b23e2a18c11.jpg,6361900,"倪妮,吴磊,影评,朱一龙,暑期档,东极岛",68457,288,280,1189,2593,230,0,0,8920
BV1c7tBzYE84,114986139520027,1,17,2071,单机游戏,射击游戏,http://i1.hdslb.com/bfs/archive/ecbade28f6077895f97b39cad5f6c3ca3d24de36.jpg,盘点下那些游戏中与大国开战的私人军事公司,1754549590,1074,2294811,疯猫MadcatClan,http://i0.hdslb.com/bfs/face/a93616288a97d8ec89d159981c9bca63881cf39f.jpg,327824,"万物皆可游戏,鹰击长空,MGS4,hawx,COD11,战地6,PMC,高级战争",111464,1030,985,2253,942,182,0,0,5904
BV1uYtnzbEyw,114975720871039,1,21,2077,日常,休闲/小游戏,http://i2.hdslb.com/bfs/archive/5264f9a59c05648043c33ab9ece7856ba022d345.jpg,【逃出惊魂夜】惊魂码头实况,1754390433,679,2095518789,大啵豆,https://i0.hdslb.com/bfs/face/4d43b6078975ab57543751143413fc96c0b8f115.jpg,52027,"游戏实况,船长,蛋仔奇思妙想计划,逃出惊魂夜,小旧帽,惊魂码头,教程攻略,惊魂夜,蛋仔,蛋仔派对",675141,583,223,27575,2160,29,0,0,29670
BV1Bd4Zz5Eia,114979109867658,1,250,2158,出行,旅游记录,http://i2.hdslb.com/bfs/archive/2c835ff9423637a77b3ab1403fa535ec5d635c1c.jpg,打开书本里的世界｜美洲唯一的社会主义古巴过着怎样的生活,1754449033,356,385786354,何香蓓Betty,https://i1.hdslb.com/bfs/face/00fcbbf0d81c9eca7f16406f9f665a2c0ad687d8.jpg,1376997,"世界,生活记录,打开书本里的世界,古巴,记录",660671,709,1454,6997,8948,1460,0,0,93248
BV1cGtwzcErM,114981257350911,1,21,2080,日常,时政资讯,http://i1.hdslb.com/bfs/archive/ee136e3359b1a8dfaf40259b0dfa06e4ae6bfc77.jpg,中共中央办公厅 国务院办公厅印发《整治形式主义为基层减负若干规定》,1754475039,78,473837611,新华社,https://i1.hdslb.com/bfs/face/396b93a7f619882afa711879dbf2cb98a40e7367.jpg,18706538,"基层减负,整治形式主义,新华社",279709,296,469,2020,1109,3571,0,0,16729
BV1iTtAzpECS,114982532421627,1,172,2064,手机游戏,单人RPG游戏,http://i1.hdslb.com/bfs/archive/cd53b1eadf13bb0f3c3c45c533ad37e0d0b69428.jpg,《道铁穹星：坏崩》远离星穹——「千面斯科特：星穹列车，不↗许↘发↗车↗！！」,1754539200,397,442761786,陈歌舰长,https://i0.hdslb.com/bfs/face/d39faee108561600857095e235b5348da52fc63d.jpg,8203,"BOSS,崩坏：星穹铁道,崩坏：星穹铁道创作者激励计划,走近星穹,远离星穹,匹诺康尼圣杯战争,千面斯科特,孤狼,斯科特,米哈游",200584,366,569,3049,1797,1480,0,0,19211
BV1TztnzsEWF,114975653761865,1,76,2149,美食制作,美食制作,http://i1.hdslb.com/bfs/archive/1d33dab1535c3242e8e315b51576b2f2404d6bf6.jpg,《半夜饿疾自救指南》不开火把家里物资通通变小吃,1754389511,192,3546570674932451,茄猫的罐头,https://i2.hdslb.com/bfs/face/5a7adbd2cd769623efb5cd1c1076a72b658e9972.jpg,648595,"美食教程,美食制作,懒人食谱,厨艺,空气炸锅美食,不开火料理,邪修料理,自制零食,微波炉料理,我用美食搞事业",1438697,81,168,95777,9333,704,0,30,69919
BV19utczVEcK,114979596474451,1,76,2149,美食制作,美食制作,http://i0.hdslb.com/bfs/archive/b972546d7d0c45d89dfc72d5ad6312ac3bf8189a.jpg,美国留子夏日自制甜品｜这啥呀，那么好吃呢？！ʕ•ᴥ•ʔ,1754449734,225,322799994,纽约的杜师傅,https://i0.hdslb.com/bfs/face/a5c651f3229c272a85c5bfc348bc7431facf0764.jpg,368536,"甜品,美食制作,柠檬,蛋糕,留学生食谱,记录我的美食日常,柠檬凝乳蛋糕,柠檬蛋糕,自制甜品,Vlog",73154,71,123,2500,1816,128,0,0,8054
BV1u84dzsEGv,114976408802869,1,31,2207,翻唱,随拍·综合,http://i2.hdslb.com/bfs/archive/5f9576957c49bdaaa1eb4b59f3a0c4e3c55fca90.jpg,欢迎来到三角洲第一肘击男高音的直播间,1754400945,179,3546904117906059,中国帕瓦罗帝,https://i0.hdslb.com/bfs/face/da427ec910b66dfc3e48152ff412f8dd626f3a95.jpg,4051,"三角洲行动,中国帕瓦罗帝,雷斯,三角洲破壁新赛季上线",343854,292,863,6306,812,13105,0,0,47825
BV1zBtvzHEpM,114985468495151,1,27,2063,综合,鬼畜综合,http://i1.hdslb.com/bfs/archive/2ee9b97c8c40957dde48066f903d9ffe4b9db5ef.jpg,一觉醒来还以为自己遭到网暴了！！结果居然是嘉豪在假冒主包！,1754539146,231,473319644,烤羊一只,https://i2.hdslb.com/bfs/face/9200bc2b96fe9c867f41778f7047b8bb637b58ee.jpg,178150,"校园,暑假,猎奇,搞笑,恶作剧,搞笑小剧场,抽象,同学,小学生,网暴",76914,129,701,1093,750,191,0,0,8626
BV1unt5zVEPK,114970939360289,1,122,2196,野生技能协会,职业vlog,http://i2.hdslb.com/bfs/archive/9f57294c3fa72f1e38000e5de361c6207b24aee2.jpg,第一次出门摆摊，免费维修小家电，竟然还挺受欢迎的,1754321006,1155,397526548,技术小杭,https://i1.hdslb.com/bfs/face/a12befc71b047f1b45ae32eeebc46cf1e40dc888.jpg,36768,"公益,经验分享,维修,小家电",2686149,12381,8275,20393,149933,3413,0,4,184960
BV1Q2tMzcEeg,114968355674527,1,229,2091,设计·创意,设计艺术,http://i1.hdslb.com/bfs/archive/d9110df6a6896d969420079a6efd7910a731e0ff.jpg,这样做logo设计更标准，ai软件里的路径生成器,1754278081,26,239014279,设计研究学习院,https://i1.hdslb.com/bfs/face/ef6e41af24eda449d19c49f7373887e98eb033b7.jpg,34595,"AI,LOGO,设计,平面设计,AI教程,视觉传达,LOGO设计,AI软件",2001132,220,681,2767,629,65,0,0,31051
BV1rktzzNE3x,114987095885524,1,21,2071,日常,射击游戏,http://i2.hdslb.com/bfs/archive/2e79e7e45b91357befd542003e5443bde858a4f4.jpg,感觉你是那种人8.0,1754564111,29,1666628639,小怂弟,https://i2.hdslb.com/bfs/face/e922f4c94186a0fa905c771f051c1fe40a8df5d7.jpg,280078,三角洲行动,384243,142,360,14373,800,2487,0,0,15705
BV1B3htzqE6J,114957752474646,1,65,2078,网络游戏,沙盒类,http://i2.hdslb.com/bfs/archive/10de952b7b93febee82912c0be3b1eca9d5884d3.jpg,当我无法拾取掉落物，甚至经验,1754116389,330,35734399,小橙子姐姐解说,https://i1.hdslb.com/bfs/face/7af5ccb8df46b88ff13b172fabbfab94aad5eb28.jpg,2235193,"沙盒游戏,我的世界,minecraft,小橙子姐姐,推荐宝藏游戏",1640796,4454,283,9877,1031,82,0,0,31216
BV1DVhJzPEa3,114952518047774,1,241,2009,娱乐杂谈,娱乐评论,http://i1.hdslb.com/bfs/archive/5404371c90ce820a3d42a62dde2367541e59534d.jpg,点名中央的旺仔小乔，黑料彻底大曝光，彻底凉凉的“原唱”张碧晨。小绵羊的内裤去哪了？,1754046000,1171,26376587,吃瓜郭昱麟,https://i2.hdslb.com/bfs/face/6927b2ddf58a9f9abaa147ab8a4eaa0842931fd8.jpg,986814,"综艺,娱乐,汪苏泷,吐槽,旺仔小乔,同诗剃须刀,八卦,张碧晨,明星盘点,娱乐吃瓜大会",2510980,8598,4403,11978,4114,2060,0,0,78060
BV1aktJzYErN,114976207408506,1,182,2001,影视杂谈,影视解读,http://i2.hdslb.com/bfs/archive/4b4e7c5aeeac7b88637010dc3f7fc3725784c99e.jpg,【如懿传吐槽20】散点心群鬼开夜宴  顺时局庶人入冷宫,1754449200,1726,13725936,衰兰送客咸鸭蛋,https://i0.hdslb.com/bfs/face/c898a73004483c37087a28c6af2d380d8b62ea1e.jpg,203487,"霍建华,搞笑,电视剧,周迅,吐槽,影评杂谈,电子榨菜,如懿传,影视杂谈,谷雨",336041,5481,1219,1630,4677,233,0,0,13796
BV1Yhh3zSEvC,114963742001861,1,212,2150,美食侦探,美食探店,http://i2.hdslb.com/bfs/archive/5eed00ca187d64fc3b79b6ab598e9a349474505d.jpg,街边酱多多糖醋铁板烧，配上豪华寿司饭张力拉满！,1754215200,444,6087825,小紧张的虫虫,https://i0.hdslb.com/bfs/face/946c1bfb362b53a834daa5bde15c2cb2b1e58c4d.jpg,4947558,"美食,美食侦探,美食vlog,美食探店,挖掘身边的宝藏小店",603555,701,274,3359,2811,677,0,0,24779
BV1d3tNztEYk,114983321016338,1,176,2106,汽车生活,汽车测评,http://i0.hdslb.com/bfs/archive/6529938e05818a64c54eed0dd305d89532d60795.jpg,你以为它只是样子好看，肤浅！,1754532000,985,502925577,袁启聪,https://i0.hdslb.com/bfs/face/c059861e1815929755aab74322907f7df6833afb.jpg,1230553,"汽车,全新小鹏P7首发评测,全新小鹏P7开启预售,轿车,国产车,电动车,新车,小鹏,小鹏P7,阿B车友俱乐部",277451,2063,1330,1051,836,2534,0,0,6328
BV1xetNzkEwc,114983069291146,1,17,2077,单机游戏,休闲/小游戏,http://i2.hdslb.com/bfs/archive/e9e5657dd504f72120b0b52fb7097adc896e2a2b.jpg,融合新模式：全新塔防！,1754521200,285,3546619314178489,蓝飘飘fly,https://i1.hdslb.com/bfs/face/f2bc644c3cf25590bbc7954daecf3e3a9aec5711.jpg,1507189,"娱乐,植物,演示,融合版,融合植物,新模式,塔防,融合,模式,推荐宝藏游戏",253848,561,855,1488,1208,293,0,0,13201
BV14XtJzdEXC,114975821531259,1,95,2123,数码,家用电器,http://i2.hdslb.com/bfs/archive/ec8423df25e988734f0d75ac65882c798fbff9a6.jpg,买旗舰画质电视回家，还送一幅名画？创维壁纸电视A7F Pro【屏测】,1754392700,549,700608201,好屏如潮,https://i0.hdslb.com/bfs/face/767f874367fa87d3666e5648d710cc604df10c93.jpg,654137,"评测,MiniLED电视,创维壁纸电视,京东国补,创维壁纸电视A7F Pro,创维A7F Pro,智能电视,壁纸电视,影音设备,京东新品",204418,43,137,966,862,126,0,0,2229
BV1LJtnzMEXS,114975536322641,1,122,2103,野生技能协会,工程机械,http://i0.hdslb.com/bfs/archive/da069e1d2e20b3b3e7fd77546f092adc86eed43b.jpg,宇树发布 | Unitree A2 星际猎影,1754387992,127,521974986,Unitree宇树科技,https://i0.hdslb.com/bfs/face/1743e687547cc74932c4fec36c675c69306978bf.jpg,543935,"跑酷,智能机器人,工业机器人,机器狗,四足,宇树",1266459,2668,4612,4833,4251,6594,0,0,67202
BV1CUtFzoE7e,114979814512368,1,182,2001,影视杂谈,影视解读,http://i2.hdslb.com/bfs/archive/cac13192b845e2547a044223e2b7da942cad7738.jpg,细读经典：魔鬼细节！13天拍摄+80万刀投资，却换回近百倍票房的悬疑佳作,1754484300,2685,17819768,电影最TOP,http://i2.hdslb.com/bfs/face/6b2ade215ea603b495648875c925172a863d16d4.jpg,5980674,"悬疑,电影,高分电影,网络谜踪",395339,1393,526,4990,4950,603,0,0,14440
BV1Ck8yz4EuA,114946662731118,1,85,2154,小剧场,剧情演绎,http://i1.hdslb.com/bfs/archive/5a4b25357890fa44ecf311cddb3baee4ad632577.jpg,逻辑鬼才不吃苦～,1754218800,105,1875910928,小赖同学,https://i2.hdslb.com/bfs/face/4e4afbde408988ec1ee8799c8020839f2961fefd.jpg,436919,"短片,生活,原创,日常,搞笑,职场,逻辑,搞笑小剧场,鬼才,打工人",1130536,132,367,1587,607,115,0,0,34973
BV1Rftnz6EZ1,114975435655395,1,250,2159,出行,旅游攻略,http://i0.hdslb.com/bfs/archive/56d2e1300c53afba5fafa48bf46d5f4ad7d8ad79.jpg,广东以宰客闻名的海岛，旅游一天被坑几次？我用智能眼镜记录下被宰过程｜海陵岛攻略,1754474400,1158,261168118,小豹城市探索,https://i1.hdslb.com/bfs/face/88e2d20cd0bc8a5ab1dce6d42bad10d863e69ad7.jpg,253257,"旅游,海鲜,广东,拍摄眼镜,雷鸟V3,哔须有此行,暗访,雷鸟,宰客,海陵岛",141091,850,708,1062,1130,685,0,0,5999
BV1Nd4ozxEBh,114977348259463,1,31,2020,翻唱,翻唱,http://i1.hdslb.com/bfs/archive/740c40734c030c332f46b866a75e6c7fb0623066.jpg,谁能想到这首歌十年后竟然又火了！,1754452500,275,37754047,咻咻满,https://i1.hdslb.com/bfs/face/1539ed33d13fcc6f085f61c634d9617814e187f0.jpg,2730221,"全能音乐挑战赛,汪苏泷,流行音乐,古风,翻唱,年轮,张碧晨",215077,655,1443,3397,6729,443,0,0,13397
BV1MFtwzuELm,114981123129799,1,173,2067,桌游棋牌,SLG游戏,http://i1.hdslb.com/bfs/archive/3d928e9dd518d01c36bbf48fdfce08245e784170.jpg,😋我根本想不到怎么输！【洺阳】,1754477168,656,23175142,是洺阳不是洛阳,https://i1.hdslb.com/bfs/face/c50209e7f0de1196558f17a6078663a130b49b6a.jpg,375268,"游戏王,游戏解说,娱乐,搞笑,桌游棋牌,游戏王大师决斗,游戏王 Master Duel,凯尔菌,卡牌游戏,游戏王决斗链接",273774,1076,759,3234,4244,1155,0,0,20692
BV1sMh3zvE1b,114963993599359,1,182,2001,影视杂谈,影视解读,http://i1.hdslb.com/bfs/archive/2024b970919103e406e65fbcd321d4a8622175c2.jpg,让主角父母双亡有什么好处？我统计了100部经典高分电影，发现……,1754280000,1521,1033271681,踏雪丨Snower,https://i2.hdslb.com/bfs/face/06dd051ca940270b4ce2313f8a6a9c938e5b3b5e.jpg,5680,"家庭,高分,经典,电影,电影解说,影评杂谈,高分电影,父母,主角,影视IP观察室",1231250,2387,4083,20931,12427,3159,0,0,49496
BV1q6tGzQEjo,114969882529724,1,138,2005,搞笑,短剧短片,http://i0.hdslb.com/bfs/archive/09296edf762f06c4380741fb311adf3a4024cc1c.jpg,破镜不能重圆 和好不能如初,1754301513,123,1659651634,七颗猩猩QKXX,https://i1.hdslb.com/bfs/face/e48329f6999d331dcb3cb5ca7ecf2b4b1100d83d.jpg,3190547,"爱情,短片,原创,搞笑小剧场",1301846,1710,2016,15004,5967,1583,0,0,107553
BV1ZshpzpE4S,114954782907391,1,17,2071,单机游戏,射击游戏,http://i0.hdslb.com/bfs/archive/8f78445373d9296e0eff4b49bbb0e20557859e1e.jpg,⚡固排这一块⚡️,1754092800,487,253100586,星空钏,https://i0.hdslb.com/bfs/face/9cd9ae3564ebeca10b078772d07d5cc73ab5179e.jpg,2195,"娱乐,电子竞技,FPS,游戏集锦,三角洲行动,高燃,踩点,固排,三角洲破壁新赛季上线",189271,354,576,1625,2842,308,0,0,12656
BV1zFhWzbEQ6,114954061481416,1,21,2207,日常,随拍·综合,http://i2.hdslb.com/bfs/archive/5dad3937fcd10f90127e537ab7c31741bc534196.jpg,十年来第一次出车祸，感谢好心的大姐和四位大哥危难时刻下车来解救，也感谢老祖宗保佑我俩毫发无损,1754060077,127,392971337,美食小胖带你浪,https://i2.hdslb.com/bfs/face/ee09686c01cde7fe5f58bd20efb47f8174b5b568.jpg,155229,小视频,1056626,932,1744,2282,1335,354,0,0,62360
BV1DvtFziEuG,114980166833033,1,31,2020,翻唱,翻唱,http://i0.hdslb.com/bfs/archive/19855905f117a965b75fd4c9b65ea75484b3f66d.jpg,请__带我走。,1754470800,129,4176573,Akie秋绘,https://i0.hdslb.com/bfs/face/64890269f4c6910518489f58ea4ce27e504c9f9e.jpg,628291,"全能音乐挑战赛,翻唱,奥莉安多幻想曲,请不要带我走。,Akie秋绘,虚拟主播,诗岸",207177,244,277,11476,3400,646,0,0,30068
BV14zt3zYEhi,114970821920076,1,138,2020,搞笑,翻唱,http://i0.hdslb.com/bfs/archive/9030f95463739925a1d8765b35c84f67db6fe4fe.jpg,不发牌改洗牌，应该也属于双厨狂喜了吧！,1754366700,23,477676711,田一名sir,https://i1.hdslb.com/bfs/face/4e30dae85d2e529924322aa328b20ee0e98427e1.jpg,1644316,"说唱,rap,洗牌,翻唱的N种打开方式",432435,453,2416,1381,778,4118,0,0,35350
BV1cntBzhESk,114986173078310,1,256,2154,短片,剧情演绎,http://i2.hdslb.com/bfs/archive/98667cf86f9b2f4bc6efffce5d2826fe489515cc.jpg,重生之我在清宫当ceo！,1754560800,270,1532165,papi酱,https://i2.hdslb.com/bfs/face/e45a7b248f496fad8b32d3b9cfa0335339331798.jpg,8187345,"古装,后宫,古风,娱乐,中国风,职场,搞笑,搞笑小剧场,工作,CEO",471827,1465,1008,3671,12258,5186,0,0,61125
BV1GRtvz6Evh,114985552319025,1,65,2071,网络游戏,射击游戏,http://i0.hdslb.com/bfs/archive/fd2e13abd36a81dfbd17865fdc27991fe0c9b5a6.jpg,拯救大兵..亿万负翁？！真给他扶起来了！！！,1754540795,397,282067352,小仙燃起来了,https://i2.hdslb.com/bfs/face/bad9ce1e00173b670604d9ebeb06b4d3d74e8ff5.jpg,824183,"娱乐,游戏实况,FPS,搞笑,三角洲行动,拯救大兵,沙雕,鼠鼠,跑刀,三角洲破壁新赛季上线",229481,377,314,2371,906,159,0,0,21024
BV1VDtczLEhS,114981559342403,1,176,2107,汽车生活,汽车文化,http://i0.hdslb.com/bfs/archive/f4ea927efd20604a49a2d9e5fc4574d3d78927eb.jpg,3万买的废弃奔驰，翻新完值300万？,1754479967,715,311871090,伟嘉gaara616,https://i0.hdslb.com/bfs/face/cc0fddafee1b399dfdbd7c82f7f9134b1e0e3609.jpg,1108435,"汽车,测评,奔驰,vlog,翻新,玩车,改车,奔驰S,gastation,bilibili 哔看新车",259990,2264,455,1869,2551,265,0,0,22880
BV1LY4RzYE2p,114977029495007,1,65,2071,网络游戏,射击游戏,http://i0.hdslb.com/bfs/archive/a08b24f53e9d2c943cf9d5abdfb939aeb0e644b3.jpg,史上噱头最足的活动来了！藏宝月活动解析！「三角洲S5赛季」,1754410650,245,11332884,Key725,https://i0.hdslb.com/bfs/face/3277f6baa9848d46fd48adecaed65301209d1dba.jpg,717546,"FPS,老Key,三角洲行动,KK日报,三角洲S5新赛季3x3速通攻略,活动,藏宝,新赛季,三角洲,三角洲破壁新赛季上线",603581,830,1845,7769,970,4615,0,0,19760
BV1iRtEziEPw,114974647258949,1,138,2154,搞笑,剧情演绎,http://i2.hdslb.com/bfs/archive/ae4a83ef154937375f4056a3a32362a5c6231a18.jpg,弗雷尔卓德 创意工坊之你怎么说我词～,1754374122,82,3546909580987309,弗雷尔卓德-杨辰,https://i1.hdslb.com/bfs/face/e59912641ba4cbaadb857e30085b15cf4dcc6819.jpg,261747,"原创,英雄联盟,创意,搞笑,工坊,弗雷尔卓德",1205778,929,2160,7676,3851,7017,0,0,119569
BV1RPtHzTEXY,114975385326465,1,241,2009,娱乐杂谈,娱乐评论,http://i0.hdslb.com/bfs/archive/36b627938814466e29afe81dc957d0e069d5c8b4.jpg,顶级牛马破防！赵露思要当素人？全网封杀也不忍？抑郁症怒撕无量老板，25年最癫事件诞生！,1754391652,1148,26376587,吃瓜郭昱麟,https://i2.hdslb.com/bfs/face/6927b2ddf58a9f9abaa147ab8a4eaa0842931fd8.jpg,986814,"娱乐,综艺,汪苏泷,吐槽,旺仔小乔,八卦,张碧晨,明星盘点,赵露思,娱乐吃瓜大会",465547,1643,1245,1957,723,401,0,0,7765
BV1HgtwzaEDA,114981341302098,1,95,2105,数码,科技数码综合,http://i2.hdslb.com/bfs/archive/907eaf27bb4605afe1d4d7f626ce585d450c5e3f.jpg,XREAL One Pro 像一副成熟眼镜了 真的！,1754479696,679,276928941,林捂捂,https://i0.hdslb.com/bfs/face/130befe6530b010a915b2af8f8852b8a743fdbfa.jpg,1123265,"科技猎手,VisionPro,XREAL,XREAL One,XREAL One Pro,智能眼镜,PS5,AR眼镜,便携屏,Switch2",185785,152,616,2956,2627,240,0,0,13520
BV1c8hbz5EEj,114957165271187,1,183,2002,影视剪辑,影视剪辑,http://i1.hdslb.com/bfs/archive/6515df0b86d6b57c0f603aadeac016d8446a85cd.jpg,真的很喜欢这种结尾，这又是谁的青春呢？,1754107553,216,111578972,前前前世的陌生人,https://i2.hdslb.com/bfs/face/caa531d35eb71a06403da433b0549fe623675dfd.jpg,337484,"电影,星爷,周星驰,剪刀手安利大赛,大话西游之月光宝盒,名场面,回忆杀,唐伯虎点秋香,大话西游之大圣娶亲,B站好片有奖种草",5542500,713,1670,62151,19615,4257,0,12,256294
BV1Lctgz6E6X,114969748182422,1,65,2071,网络游戏,射击游戏,http://i2.hdslb.com/bfs/archive/c4d2e3cb4185abf52f434ba6e1cbdd4ebae78544.jpg,一秒变异！拥有顺风耳的听力加持，夺舍成功是必然的,1754299753,200,331514361,苏醒游戏解说,https://i0.hdslb.com/bfs/face/dd578b65eb0a8beaff6f4677c76cf9cfc0ce75b4.jpg,706060,"第一视角,FPS,电子竞技,迈从,三角洲行动,迈从V9",714044,561,893,2785,1721,347,0,0,28280
BV12q4Zz4E6c,114979042760736,1,28,2022,原创音乐,VOCALOID,http://i1.hdslb.com/bfs/archive/d5c87b654dc2caf980c724adf4b1969e7e1b41e1.jpg,羽生迷子 - 我愛メイデン,1754441306,184,86735192,羽生迷子,http://i2.hdslb.com/bfs/face/14ccd8b0fb56b3b1afcf3d09715ed02934498310.jpg,224020,日语MV,183308,353,1093,24442,11453,2682,0,0,53310
BV19mtgzMEGq,114969177757335,1,228,2090,人文历史,人文历史,http://i2.hdslb.com/bfs/archive/75b7a8436104c74d1414fb470785e5430863b1e6.jpg,卫生员7次一等功:我把敌人都杀了，战友就不会受伤了！,1754293524,309,404194769,了不起De中国人,https://i2.hdslb.com/bfs/face/1b1f8ef7427502ead39a9af2498c9616c6c164ff.jpg,1595046,"神奇的闲鱼,中国军人",588607,1810,1557,4149,5888,1146,0,0,51820
BV1awtMzwE22,114968573839920,1,158,2114,穿搭,鞋服穿搭,http://i0.hdslb.com/bfs/archive/5e0b71ca40675c815190ed7a23aa72a60ecfb5fa.jpg,单品拯救｜妈妈的衣服也可以很时尚！,1754281441,437,361775100,怪力老陈,https://i0.hdslb.com/bfs/face/1302cf417c3f44d1b58f0ee180c8eb87f283dfbe.jpg,1497800,"穿搭,女装,服饰,日常,生活,日常穿搭,单品,衣服,穿搭技巧,趁热时髦穿",544752,893,576,4951,5575,302,0,0,56862
BV1cytEzVEBg,114974496130707,1,65,2071,网络游戏,射击游戏,http://i2.hdslb.com/bfs/archive/0e1e225f5c753c7aa683ee8d7ff0203112dfdca3.jpg,【完结】花费2100w开航天所有房卡，看看最终能赚多少？,1754371796,502,283784134,斯达瑞-乔吉,https://i1.hdslb.com/bfs/face/6a5fe528ff57e9e7e98313966a5e2628ad73328c.jpg,51094,"三角洲行动,开卡,绝密,航天基地,三角洲破壁新赛季上线",332952,553,282,2588,1134,66,0,0,10985
BV1D6tPzUEoC,114981777446743,1,21,2082,日常,社会资讯,http://i1.hdslb.com/bfs/archive/0a257540032157bd36f4eec2a6c113a36b7661d5.jpg,如果有人说要“弄死”你……,1754482815,44,456664753,央视新闻,https://i1.hdslb.com/bfs/face/2dc9c34444ba9f8e891fdc98e6c331fa3c02d127.jpg,21839772,资讯,2662894,2946,2686,57307,10655,14783,0,18,267001
BV1PitzzgE7L,114987431496290,1,201,2179,科学科普,健康科普,http://i1.hdslb.com/bfs/archive/fe32f137cff438213fc60cc0e369a43db3c007b1.jpg,体检机构总裁说了实话，几百块的体检套餐，别指望能查出所有疾病,1754569134,171,410558000,派克曾,https://i2.hdslb.com/bfs/face/cdb2f606970e7daf9b828682ea376ce2a0b89d3e.jpg,1514905,"健康,机构,体检,医生,万物研究所",96588,66,418,7130,1373,714,0,0,8709
BV1TTtPzGE2h,114981945218823,1,85,2154,小剧场,剧情演绎,http://i1.hdslb.com/bfs/archive/0dce9e25860d57a9cc4fb91d6c2b280b1cb17bd5.jpg,陈翔六点半：人总仰望他人的幸福 回头一看，才发现自己也正被仰望着，被家人的爱包裹着,1754485310,425,19286458,陈翔六点半,http://i1.hdslb.com/bfs/face/aad3b1bb735d2bd4066805f2a84892644fad8e2a.jpg,3223435,"陈翔六点半,搞笑小剧场",1066144,958,809,5024,3208,615,0,0,23005
BV1FKhjzGEjR,114967248375374,1,243,2026,乐评盘点,乐评盘点,http://i1.hdslb.com/bfs/archive/215d0fc655015b3b7e1218368a4feeb257d4f9ff.jpg,国外声乐老师大实话锐评《歌手2025》第十二期 REACTION｜黄丽玲 林志炫 李佳薇 艾莉西亚 卫兰 白举纲 格瑞丝 者来女 BENI,1754280000,3977,7295246,JKAI杰凯,https://i2.hdslb.com/bfs/face/0f1d960ca6baad6c0f008cba48dfc6ba17c2738d.jpg,2366134,"林志炫,白举纲,乐评盘点,橘老师,Rozette,国外声乐老师,REACTION,李佳薇,黄丽玲,一起看歌手2025",569525,23114,4165,2122,7147,924,0,0,15423
BV1TwtPz1EXZ,114981928439257,1,253,2043,动漫杂谈,动漫速读,http://i2.hdslb.com/bfs/archive/3487de75abd2d9f10ac3c7a6202ae2839cd238ef.jpg,我的队友想杀了我？美漫《血十字：死或生》第一集,1754485324,502,302335335,莫千回,https://i0.hdslb.com/bfs/face/4fedc43765a37341cb1d7704bb164f715113b364.jpg,417363,"生化危机,漫画,丧尸,解说,末日,睡前故事,动画种草激励计划,恐怖故事,末世,美漫",53118,132,297,960,989,77,0,0,3123
BV1j64fz5EaY,114978623329789,1,171,2071,电子竞技,射击游戏,http://i1.hdslb.com/bfs/archive/07ce14efcd97a943949e520f36d4db2b1862a8b4.jpg,卧底dma第二期，被内鬼举报了嘿嘿,1754435033,633,212669589,老单喜欢当cs,https://i0.hdslb.com/bfs/face/dde53256e2313abcb3ab2656fe751ee1200d8a56.jpg,102548,"FPS,三角洲行动",329643,619,1771,2213,1066,2953,0,0,14403
BV19AtgzuEU4,114969731532403,1,126,2063,人力VOCALOID,鬼畜综合,http://i1.hdslb.com/bfs/archive/ebf070e832e4a758b0316d22275ccb2cc1fca525.jpg,全认识的可以把自己加进去了,1754299187,88,19071708,潮汕好男人,https://i0.hdslb.com/bfs/face/2a4c1b3c2d8f48a58c5f818287c90a6ea78d7907.jpg,2194197,"全明星,洗脑,鬼畜,美美桑内,One Spot,蜜汁好听,NINA,沈佳润,黄绿合战10th-绿队应援",265749,5302,593,7924,4340,1096,0,0,35208
BV1R2hgzSE6u,114964295648696,1,17,2078,单机游戏,沙盒类,http://i2.hdslb.com/bfs/archive/f4e4d7a263026b29b04ede986dca07d1003fd647.jpg,谁是卧底6 ？！！！,1754269200,1134,108078209,沝沝DjKO,https://i2.hdslb.com/bfs/face/22841a628aaa7f60f767ca66b5bc83b682bfc9d6.jpg,1142724,"单机游戏,MC,搞笑,沙盒游戏,我的世界,狼人杀,游戏,minecraft,谁是卧底,推荐宝藏游戏",829622,8260,1356,10593,9114,593,0,0,61945
BV1bwtBzCEiK,114986374466223,1,130,2031,音乐综合,明星舞蹈,http://i1.hdslb.com/bfs/archive/56f7836b8db72b3369cd59d7dbae7e7d86be4eb5.jpg,【宋雨琦 X 章昊】'NOW (Original: Trouble Maker)' 舞蹈视频,1754557200,240,624243924,i-dle_official,https://i0.hdslb.com/bfs/face/3fd53d93ee36eed7854a5df6ca032ebee553b419.jpg,1987077,"音乐,没有明天,章昊,ZHANGHAO,YUQI,宋雨琦,音乐综合",144615,4751,2820,5676,8260,1252,0,0,15807
BV1p7hVzTEsi,114964731796904,1,138,2154,搞笑,剧情演绎,http://i2.hdslb.com/bfs/archive/661537373a491b1b11445e8cc326586304885c41.jpg,我承认了！,1754223228,134,475845053,呱唧菌,https://i2.hdslb.com/bfs/face/70e280e50eb75796f1041617d47a2b90420063a3.jpg,2434101,"短片,原创,搞笑,旺仔小乔",1084608,1306,1015,21957,2817,1198,0,0,81576
BV1aUtcz2Edq,114981509074639,1,21,2112,日常,护肤,http://i0.hdslb.com/bfs/archive/7a11c3fa2a068ae7ffb9a8307a84bcf278bb8ae2.jpg,ASMR 静谧时刻的水果护肤 调配精油按摩 水果芬芳 涂抹面膜 轻语引导,1754479064,1185,171331609,YUE的晚安陪伴,https://i1.hdslb.com/bfs/face/706703ef6ae7c46ec6e3a7ac3afe9227adc730e7.jpg,533461,"催眠,助眠,安眠向,温柔,护肤,轻语,角色扮演,放松,触发音,好梦助眠电台",53608,78,195,1649,2571,48,0,0,3586
BV12B8gzwE6u,114925087232648,1,182,2001,影视杂谈,影视解读,http://i1.hdslb.com/bfs/archive/0bcb6f0a08d625e0a1c21b0995e2fbb2f899942c.jpg,豆瓣8.6日恐超神作《向饭沼一家谢罪》逆天改运却害得全家暴毙|TXQ FICTION第二弹,1754041200,1732,170059,AHS放映厅,https://i1.hdslb.com/bfs/face/ef4573d5576707049dda994bdbcd2922d27a1f09.jpg,197306,"都市传说,惊悚,悬疑,伪纪录片,日本,灵异,恐怖片,电影解说,向饭沼一家谢罪",758252,2049,1151,29727,5463,6090,0,0,34088
BV1X5hGzJEXA,114963540614478,1,251,2152,三农,美食记录,http://i1.hdslb.com/bfs/archive/b40a80de7c116e9a2cba0153681bcb882900d2f8.jpg,第一次卤鸭货，味道还行，十多分钟全部卖完,1754204794,1311,92489589,小李在改变1,https://i0.hdslb.com/bfs/face/71ffa7ce1214a36cc756020a1c40280e2c38cc73.jpg,121357,"卤味,味道,探店",559972,2334,2090,5000,17755,1417,0,0,47447
BV1XYtwz1Eve,114981089580858,1,65,2071,网络游戏,射击游戏,http://i1.hdslb.com/bfs/archive/92c6f2c58cd2c865f80dcefc50cdbbd67d85d130.jpg,【战地记者】三角洲行动奇怪的打开方式,1754472284,141,427399568,惩罚者doro,https://i2.hdslb.com/bfs/face/26a2dedb81eedba0f6ad8f49e1267bb191f619cd.jpg,25201,"三角洲行动,三角洲破壁新赛季上线",507541,201,451,3645,1020,941,0,0,35543
BV1YDhHz2EfV,114952669037044,1,138,2185,搞笑,家庭关系,http://i1.hdslb.com/bfs/archive/aac44f050bd166b32bd6b2fbb8a2f23d5089d746.jpg,如何和父母闹僵？,1754038887,189,3546559413225949,冷白喵,https://i1.hdslb.com/bfs/face/4e0f5bc0d4746f4f43ddde5bea51eb7c422887d5.jpg,710690,"家庭,搞笑,吐槽,搞笑小剧场,父母",846663,1898,2625,4833,1776,1140,0,0,39174
BV1RrtgzGEko,114969244861582,1,182,2001,影视杂谈,影视解读,http://i2.hdslb.com/bfs/archive/7c900925ec4a99e831ada9a223dd636311bbbda4.jpg,段奕宏演技封神，拍完这部电影后噩梦连连！真实事件改编《食人狂魔》,1754301600,1408,10119428,小片片说大片,https://i2.hdslb.com/bfs/face/949fd3f0b9fe23703c970d494edc41ae52ee32de.jpg,7699100,"悬疑,惊悚,段奕宏,真实事件改编,食人狂魔,真实事件,细伟,好剧好片重刷榜",1211474,1421,384,7425,2041,570,0,0,46703
BV1Q2tMzcEHN,114968355675740,1,212,2150,美食侦探,美食探店,http://i0.hdslb.com/bfs/archive/216f7b145a987391524676cdfb84980c19cbe18c.jpg,夏天就得吃冰镇半价水果,1754301600,229,2134865453,MR小白同学,https://i2.hdslb.com/bfs/face/0ab6ea9e09f73500b45295a2b258366bc297a097.jpg,344249,"美食,生活记录,舌尖真探事务所,记录",495701,354,279,865,507,84,0,0,18978
BV1txtqzME6g,114986508622695,1,47,2043,同人·手书,动漫速读,http://i0.hdslb.com/bfs/archive/eb9b3003a9e257d1133f6189407277e51ee6a7b8.jpg,回溯时间后，我拯救一切【01】,1754555052,627,654552,圆桌动漫,https://i0.hdslb.com/bfs/face/6c1421573d214809ca86aef25bdd23670e00128a.jpg,4749844,"悬疑,恋爱,圆桌宇宙,苏小暖,瑶曦,萧凡",368177,3313,1328,17913,9851,301,0,0,31846
BV1wHtKz6E8F,114982884742681,1,121,2004,GMV,影视正片搬运,http://i1.hdslb.com/bfs/archive/4ad55f694dcf85ef9bf0564e26ca4125bb46f7dd.jpg,【4K/中字】战锤30K：《刺杀卢佩卡尔》第3集，超爽战将泰坦对轰,1754500161,872,675872284,IM闪电,https://i1.hdslb.com/bfs/face/678d87055389a45c74bd659afd935781310029fa.jpg,127854,"战争,战锤,战将泰坦,战锤CG,刺杀卢佩卡尔,刺杀卢佩卡尔第3集,泰坦,帝国之拳,荷鲁斯之子,战锤30k",174511,1146,1418,4632,3850,2171,0,0,9707
BV1GMhhzTENw,114958239010679,15,172,2076,手机游戏,女性向游戏,http://i0.hdslb.com/bfs/archive/4c3d4eebc65a42d667c7649c2aea79f5f44c25ce.jpg,【无限暖暖】丹青屿+丹青之境 风物任务/见闻合集 瓣之馨/雨之冽,1754124257,6748,1773346,莴苣某人,https://i1.hdslb.com/bfs/face/2a973191e45f611699c85d404baee50163a6f2ec.jpg,5564848,"游戏,手机游戏,丹青季,丹青屿,丹青之境,任务,见闻,风物,无限暖暖,无限暖暖创作者激励计划",214067,298,168,1707,2408,129,0,0,4500
BV1jbhVzfE9C,114964866013345,1,183,2002,影视剪辑,影视剪辑,http://i0.hdslb.com/bfs/archive/233b29edaa3660cef8be0a06ae96eb663873e7be.jpg,“蠢货，他刚刚没有开枪！”,1754224835,67,484461999,曼森cut,https://i0.hdslb.com/bfs/face/60b781dbb71a5a8a6ccba776ed557d7cc77328c7.jpg,1971,"疾速追杀,影视剪辑,基努李维斯,电影剪辑,甄子丹",283036,47,228,3064,627,104,0,0,35576
BV1R9h5zhEme,114965822376682,1,154,2031,舞蹈综合,明星舞蹈,http://i1.hdslb.com/bfs/archive/0ff30fd1268e40dad506dc4464bfb197fdd02e30.jpg,完美的仿生机械姬,1754239554,181,1654206116,宸宸不会跳舞,https://i2.hdslb.com/bfs/face/eced0b1b5c027b2d7fbe0f17b0bb339cf8a20c26.jpg,8965,"翻跳,kpop,dirtywork,aespa,金玟庭,舞蹈翻跳,直拍,winter,蓝发,和aespa一起Do Dirty Work",227284,143,362,6610,1440,606,0,0,40497
BV1prhxzuEtq,114956930390713,4,172,2064,手机游戏,单人RPG游戏,http://i1.hdslb.com/bfs/archive/4a869ab37eb8f7cc2337f8932fa62ca724e0bcbe.jpg,《绝区零》爱丽丝角色展示 | 剑与华尔兹,1754107200,533,1636034895,绝区零,https://i0.hdslb.com/bfs/face/f013e3aacdc4e3254a476648e1cec3f39b7df097.jpg,7532244,"ARPG,PC,手游,绝区零2.1,绝区零爱丽丝,迟吟的浪涌,动作游戏,角色展示,米哈游,绝区零",2813737,21591,8953,37428,59316,17208,0,11,215215
BV1mktizqEnW,114985099331644,1,253,2043,动漫杂谈,动漫速读,http://i1.hdslb.com/bfs/archive/56e729d6aca299fe37b850a782d356d158d05358.jpg,【扒】侯默的无赖，让邻居很享受，心里全是他《辛普森一家》之爱上无赖,1754535659,411,301717426,周扒片,https://i1.hdslb.com/bfs/face/80ad95a2979f0772a52695095f8c90d7e7eb8b67.jpg,1462945,"辛普森一家,上得物得好物,扭曲,无赖,缺陷,欧美动画,邻居,侯默",104882,265,123,906,699,56,0,0,8624
BV1JDtuz7E4f,114969597183034,1,183,2041,影视剪辑,动漫剪辑,http://i0.hdslb.com/bfs/archive/609ab7d361875e63dd1aa32aeae198e17a77504b.jpg,"""这一刻我才真正明白，为何一个物理学者都叫他超人""",1754297017,138,346749212,wrizedm,https://i2.hdslb.com/bfs/face/28912f7c3f1593681c96dd39e5bd7efdced1f045.jpg,1201173,"经典,功夫,人生,生活,成龙,童年,成龙历险记,动画种草激励计划,小玉,现实",352742,227,395,7564,1355,291,0,0,28726
BV1ZktGzJE51,114969865623003,1,161,2104,手工,自制发明/设备,http://i2.hdslb.com/bfs/archive/fc069a535ed5161ab8fc6a4df17af8abba62ebb9.jpg,玩到真的了,1754301179,113,4896879,油七桶,https://i0.hdslb.com/bfs/face/75afaf6bf16ffaaec2e9c9da0393b08ab41373fd.jpg,18288,"游戏,搞笑,3D打印,猎奇,模型,你试你也过不了第二关,沙雕,别笑,带派,游戏手工发明家",891871,404,864,4085,1244,2751,0,0,29322
BV1rZtPzTELz,114983740377311,1,172,2064,手机游戏,单人RPG游戏,http://i2.hdslb.com/bfs/archive/bbe36c1e67803a9d86c857eeb4a11c1544f98116.jpg,三船光平·二阶段 VS 全近战六星，超雄老登！【明日方舟】,1754539200,873,13371339,樗柒ヽ,https://i0.hdslb.com/bfs/face/cf77b77f76a2fa844b02511df450383fd0182463.jpg,498448,"娱乐,阿米娅,整活,明日方舟创作者应援计划",234614,1259,690,1180,968,212,0,0,12170
BV17ytvz7EK6,114985401324772,1,210,2038,模玩·周边,模玩周边,http://i0.hdslb.com/bfs/archive/75e5679a1f30204c3a0df3fabed5773d328c2448.jpg,童年第一刀！金铁兽洛洛历险记！后备能源启动 能变形的抽象小金球 模动宇宙百变机兽,1754538444,228,58463695,大鹏质检员,https://i1.hdslb.com/bfs/face/dcdafbbe137b1694266cdda24ae317e743a521ad.jpg,607546,"童年回忆,机甲,国产动画,洛洛历险记,百变机兽,二次元副本挑战者",70058,754,242,1266,588,173,0,0,3700
BV14RtJzsEcS,114975804755481,1,17,2079,单机游戏,其他游戏,http://i1.hdslb.com/bfs/archive/e63665db031d07f222c1b1136413b30410da6e34.jpg,极度重口猎奇的国产独立游戏 RPG【薨愚虻 第一期】,1754391609,2958,11218501,Airly_,https://i1.hdslb.com/bfs/face/93140fac5750d457f51d9e7db8129517365dd981.jpg,78471,"惊悚,RPG,游戏实况,猎奇,心理恐怖,重口,推荐宝藏游戏",85441,376,197,7264,822,478,0,0,8928
BV14JtcziENZ,114979747401425,1,47,2037,同人·手书,同人动画,http://i2.hdslb.com/bfs/archive/1658eaf115fcaa41b38bf2201a8ad63f87b7d04e.jpg,视频有点长，耗时2个月，带你一口气看末世开商店，我是最强店长,1754452896,5374,3493082643303326,黄要吃,https://i2.hdslb.com/bfs/face/03ce975746f2adbb3e0ef853df4459b0b578c1cf.jpg,41179,"原创动画,动漫,二次元,国产动画,一口气看,动画种草激励计划,黄要吃,神级店长,一口气,合集",50865,614,94,2072,1027,48,0,0,2389
BV1TNhpzTELj,114952786418881,1,21,2039,日常,cosplay,http://i1.hdslb.com/bfs/archive/35755b04c3f04a9fdad0e40fcc976f1dd0324267.jpg,我家的机娘模型都是1:1的？！,1754107200,661,52250,视角姬,https://i2.hdslb.com/bfs/face/851025ed4bc57ad6ae82a6314e72e249fd21d604.jpg,3061032,"机娘,高达,3D打印,机甲,BW,cosplay,拓竹H2D,模玩,独角兽,拓竹",2988923,2449,1504,84929,10952,4184,0,26,117747
BV19wtHzBE75,114975334993371,1,213,2151,美食测评,美食测评,http://i1.hdslb.com/bfs/archive/2bc87c2d16f422eb073fd864f9ba1d6a9014f7ba.jpg,复刻被网红带火的特色美食“焖子”据说吃一口味真足，真的吗,1754384882,455,382375531,馋大鑫,https://i1.hdslb.com/bfs/face/2b456ce4cfef5bc0753f89f3c18b19dbcc6fde8b.jpg,1262921,"试吃,评测,美食,记录我的美食日常,美食测评,特色美食,焖子",2273412,3238,2302,4570,2295,598,0,0,42448
BV1fjtFzUEYa,114980099723424,1,17,2079,单机游戏,其他游戏,http://i0.hdslb.com/bfs/archive/acb6280ce3fd06167aae68fb410549376bfb58c0.jpg,很好的物语游戏👌让我小娟娟旋转❤️,1754557200,806,28880583,娟juanの奇妙妙屋,https://i0.hdslb.com/bfs/face/8223ecbcc9136ea99f5cb44c909f7d16db525db5.jpg,627266,"可爱,游戏实况,RPG,爱氏物语,游戏推荐,娟,memes,meme,推荐宝藏游戏",109492,983,822,3077,3827,660,0,0,13579
BV1pAtEz3EqX,114975150445440,1,17,2077,单机游戏,休闲/小游戏,http://i2.hdslb.com/bfs/archive/b03dda093329c159a207ef7bac1e4687a108b692.jpg,还是太有用了,1754381850,144,89014291,二战艺术家y,https://i1.hdslb.com/bfs/face/2b6c46aa25565b855a9d529fdbfa0fa8fefb1dea.jpg,406442,"单机游戏,植物大战僵尸,游戏,废物大战僵尸,推荐宝藏游戏",2063484,475,260,9714,598,153,0,0,56916
BV1G9tczVEGg,114981190244289,1,168,2046,国产原创相关,网文解读,http://i1.hdslb.com/bfs/archive/176c64f5c80767eb8641a19d5c4d2868a8011da1.jpg,只有真正写了之后才知道真人的文笔有多深,1754474256,138,603778181,鹤蛊sensei,https://i2.hdslb.com/bfs/face/1911b8e997c712c6ae076d32b6c5f9c113a13d51.jpg,115982,"大爱仙尊,万我,仙工开物,2025中洲炼蛊大会,思维认知,认知提升,古月方源",133128,98,349,4120,1187,183,0,0,14064
BV1S6tPzUEGm,114981777442933,1,85,2183,小剧场,助眠视频·ASMR,http://i0.hdslb.com/bfs/archive/f88eba1ae03be036334e83d5eb3f196e7bda9c1a.jpg,暗恋你的贵族千金精心打扮你 参加晚宴探险场景助眠,1754482877,690,4815444,纯蕴睡觉觉,https://i0.hdslb.com/bfs/face/5ee2ec6aaee65100fee4957673a99dc5d0be5914.jpg,730513,"助眠,cos,绝区零爱丽丝,晚安,绝区零",84563,212,491,2668,1515,91,0,0,6978
BV1fLhnzDESp,114951628785225,1,65,2037,网络游戏,同人动画,http://i0.hdslb.com/bfs/archive/ab9c8c8f266c8cb70fafdcc5d7139ad7474e95b8.jpg,对对对！你查完分和同桌就是这样的！,1754042400,78,1072364738,一支聪慧鼠,https://i2.hdslb.com/bfs/face/110f31f132ff821e5bbc5c857349454445723e5d.jpg,145547,"我的世界,洛基,考试,沙盒游戏,猫和老鼠,时羽雨衣,萝莉摇,沙雕,抽象,查分",4278302,1449,1231,192942,24635,4369,0,26,284898
BV1jwhhz3EaH,114958037685416,1,172,2077,手机游戏,休闲/小游戏,http://i0.hdslb.com/bfs/archive/f8f6a3b05766f9d6860dc393442dc384f9bd0f99.jpg,【伪蛋入侵2合集】你身边的蛋仔可能是伪蛋！,1754121434,2264,84049965,害怕z,https://i0.hdslb.com/bfs/face/93b14b4d9b215711be08a6672bf043d3b10808b2.jpg,261933,"搞笑,蛋仔小剧场,蛋仔派对发起人,害怕z,神奇艾比,伪蛋入侵,蛙蛙教,休闲益智,蛋仔派对",2850130,2151,1723,205748,24584,99,0,7,202235
BV1Qhh8zaE75,114958373297043,1,212,2142,美食侦探,体育综合,http://i2.hdslb.com/bfs/archive/f8b8188b886c2cf784cd9f47e336a5637ac4bcd2.jpg,和专业腕力运动员切磋一下，看看我现在的腕力处于什么水平,1754125968,246,3493260093819171,李维刚的日常,https://i0.hdslb.com/bfs/face/4917c09bdfd5e72f08a04d2c752de48a848a1318.jpg,3595996,"李维刚,腕力,掰手腕",644155,869,1712,1307,1624,305,0,0,45225
BV1qCtqzdEXy,114986307358402,1,65,2071,网络游戏,射击游戏,http://i2.hdslb.com/bfs/archive/a1022d20ec43b57794b4db403340a30b6b29d086.jpg,在机密开58万的海洋监测厅！爆率究竟会怎样？,1754562600,488,3546750042245900,哈基蜂三角洲行动,https://i2.hdslb.com/bfs/face/f20c71ccb26233cd9588b5f29668aae135bca9f4.jpg,168589,"三角洲行动,epzg30,免费定制耳机,游戏耳机,三角洲破壁新赛季上线",132621,3406,652,2331,1392,304,0,0,14001
BV1inhuzUE8R,114963356125360,1,138,2154,搞笑,剧情演绎,http://i2.hdslb.com/bfs/archive/4272fac5e3563c348150df530c50d559f19b5155.jpg,我终究变成了一个无趣的人,1754211600,199,31012715,是老胡没错,https://i2.hdslb.com/bfs/face/c9693c98b3d0db331ead3d938f1ce0c6f1215535.jpg,2023056,"人生,搞笑,生活,短片,情感,幽默,搞笑小剧场,惊时去屑洗发水",650266,884,1339,10317,13811,3505,0,0,51354
BV1ge8qzSE8j,114942485204353,1,228,2088,人文历史,社会观察,http://i2.hdslb.com/bfs/archive/f724b83077b1c6119630130f96a68d3d1b16d48e.jpg,存着8000枚比特币被女友扔了，他苦守垃圾站17年，现在要买下整座垃圾场,1754038800,502,17555340,辟谣的大舌头LOOONG,https://i0.hdslb.com/bfs/face/ada12a297505dd764390bbfdc6e46a68d0b73092.jpg,168851,"搞笑,人文,垃圾,挖矿,比特币,区块链,数字货币,社科,虚拟币,币圈",2024986,1490,3359,4463,618,888,0,0,57784
BV18ftAzmEJN,114982029167388,1,122,2207,野生技能协会,随拍·综合,http://i0.hdslb.com/bfs/archive/2f7068a07306ad414d4c2498b063b7e5180aa39d.jpg,出门摆摊，免费小家电维修，公益维修，第二期来了,1754487465,1186,397526548,技术小杭,https://i1.hdslb.com/bfs/face/a12befc71b047f1b45ae32eeebc46cf1e40dc888.jpg,36769,"公益,维修,第二期,电工,经验分享,小家电",489947,4036,2222,3065,24096,426,0,0,36067
BV1jFhhzkEme,114958121574062,1,138,2154,搞笑,剧情演绎,http://i1.hdslb.com/bfs/archive/b63a9d1d49116de6d66086b32f502849c696961b.jpg,难绷时刻丨地狱版28.0,1754122006,96,1751665789,爱学习的赖某,https://i1.hdslb.com/bfs/face/75b08383761daed42fa0a761644f1e87525ba239.jpg,671686,"搞笑,搞笑小剧场,抽象",702354,342,520,7782,884,249,0,0,60678
BV1oRtnzVEUV,114975418879196,1,215,2149,美食记录,美食制作,http://i1.hdslb.com/bfs/archive/7efc73df506e9b249a1ea9231778282242d8b20a.jpg,奶白鱼汤面，鲜掉眉毛～,1754386034,115,1201986019,留意炫饭吖,https://i1.hdslb.com/bfs/face/f4fa26aea4b9077bb23844ceb296e8736027b2fe.jpg,1449812,"生活记录,吃货,萌娃,Vlog,我的养娃日记",496028,407,383,1695,660,663,0,0,49146
BV1mAhpzBExM,114952803321273,1,161,2145,手工,传统手工艺,http://i1.hdslb.com/bfs/archive/aba4d40e11a289a1ff2ea560739e296aeffb95ad.jpg,一把鲁班凳传承中华木工技艺，阿成手作匠心初显,1754040829,114,29373131,阿木爷爷,https://i2.hdslb.com/bfs/face/89fc28eef56ece28d706c18435d78fbbe2eaf148.jpg,525747,"传承,技艺,传统手艺,木艺,鲁班凳,我的手工真的很解压",3766263,733,1758,6164,2885,497,0,0,88485
BV1kmtFztETy,114979764178310,1,218,2167,喵星人,猫,http://i0.hdslb.com/bfs/archive/9a903362a5634c91487337fd465a88d880c08acc.jpg,捡到猫的第三十四天 哈基离家出走 猫咪巡回游戏,1754452677,149,28867208,哈基哈基的家长,https://i2.hdslb.com/bfs/face/eb479115d4a147c397218a52e16f7af8b6b88270.jpg,127441,"喵星人,逗猫,猫,田园猫,宠物猫,橘猫,猫咪玩具,哈基米,必剪创作,动物圈新星up主扶持计划",195973,198,268,3158,512,302,0,0,29797
BV14ZtJzpEGd,114975838311677,1,21,2154,日常,剧情演绎,http://i1.hdslb.com/bfs/archive/f0c1c425dfba9fcaff95f14eec0c94b67c2b5ce5.jpg,《锻炼3.0》,1754392662,56,70429299,嘞是唐孃孃,https://i0.hdslb.com/bfs/face/7685255299c9892d57048aca5f960c59b6850533.jpg,1708173,"搞笑,娱乐,高中生,原创,搞笑小剧场,大学生,段子,暑假工",546308,271,976,1931,585,561,0,0,59092
BV1N2h3zzEBq,114963909709441,1,138,2126,搞笑,户外探险,http://i1.hdslb.com/bfs/archive/b4059a3c2e0e0dca63d70aef3454b37fe25219ab.jpg,【打野默示录】痛饮生化水池！荒漠地图十天纯纯坐牢😮真的传奇耐饿王啊~,1754211797,1076,1379165407,-超级小能猫-,https://i1.hdslb.com/bfs/face/9ba5a55b282a55ac2eb29267ad9ccab381678934.jpg,2406503,"解说,荒野求生,高能,德爷,转转回收,艰难,抽象,转转",2298922,2807,690,33625,8067,1153,0,77,71555
BV1vVtjzdEef,114973925774496,1,172,2064,手机游戏,单人RPG游戏,http://i0.hdslb.com/bfs/archive/b225f755d5cd392c774426354c5ae1ab6b764e74.jpg,翁法罗斯黄金裔的立绘文字其意【12 / 13】？,1754363875,92,1479386588,-不负好时光,https://i2.hdslb.com/bfs/face/f5e7d455c9ec93483018685cb0778ac1cd39c294.jpg,1162,"丹恒,崩坏：星穹铁道创作者激励计划,翁法罗斯,英雄未死之前,谁能擦干我的眼泪,长夜月,三月七,黄金裔",273755,262,403,10375,654,753,0,0,40664
BV1zVtnzGEe2,114975871931444,1,171,2071,电子竞技,射击游戏,http://i2.hdslb.com/bfs/archive/2091f68cfc35c2ac3c1f7ead8478882bcf06faba.jpg,一门双至尊,1754406000,488,1050482689,康有成,https://i1.hdslb.com/bfs/face/2856b2c0f3f7bca04bc4b84883533eb3db3cfef9.jpg,164461,"电子竞技,穿越火线,FPS,推荐宝藏游戏",472529,711,245,2387,598,331,0,0,20383
BV15mtgzuEck,114969177821816,1,138,2154,搞笑,剧情演绎,http://i2.hdslb.com/bfs/archive/efee92db6e52659bdd21ef197e51fa7730bec3b2.jpg,男孩子乐于助人的时候千万要注意安全,1754298000,50,3546697410021598,-阿迪啊阿迪-,https://i1.hdslb.com/bfs/face/04937d9bc6c21dc5bd43107ac46cfac6f34c219f.jpg,481015,搞笑,1311054,495,995,3880,557,2683,0,0,80427
BV1Mjtgz8EZq,114969513300903,1,95,2123,数码,家用电器,http://i0.hdslb.com/bfs/archive/e60b3f39dfd2c141a7326871b156066d0c875d81.jpg,从天上到地下，大疆ROMO P扫地机行不行？我们举行了一场比赛！,1754481900,835,516314798,小西设计所,https://i2.hdslb.com/bfs/face/66348951995dcd34aca32dbf0bbbd614563e3aeb.jpg,999546,"家居,清洁电器,追觅X50pro增强版,大疆ROMO,大疆ROMO扫地机器人,科沃斯X9 RPO,石头G20S ULTRA,智能家居,扫地机器人,扫地机器人测评",138096,257,393,922,1788,452,0,0,11318
BV1qJt3zjEfN,114970704483476,1,215,2154,美食记录,剧情演绎,http://i0.hdslb.com/bfs/archive/5edab2ff197335bbd971e50ca4af9ef82c6f13a6.jpg,陕西女仆喊你起床lo,1754313983,39,369718653,喷花露水的小雪饼,https://i0.hdslb.com/bfs/face/4dd7d25cfac431d1522d2feedc5d0ff2881623ea.jpg,22370,"中华娘,方言,女仆,可爱,小姐姐,二次元,陕西,起床,闹钟,搞笑研究所",217602,368,1074,6403,550,4029,0,0,22381
BV1VWh8zME6A,114958792789030,1,213,2149,美食测评,美食制作,http://i1.hdslb.com/bfs/archive/f2728962a7f9056fb52cd74b1e8b9ba75fa06d06.jpg,这碗卤肉饭卖10块钱，能不能赚？,1754213400,269,337521240,记录生活的蛋黄派,https://i0.hdslb.com/bfs/face/9ba6c7a0d3a2ebfe9db2f46219ece98e210d0269.jpg,9097570,"美食,吃货,生活,搞笑,幽默,日常,沙雕,美味,帅小伙,一饭封神申请出战",866416,2560,909,14332,13034,1228,0,0,62897
BV1xAtwzTE4N,114981156752750,1,76,2152,美食制作,美食记录,http://i0.hdslb.com/bfs/archive/43bb5cec5a4e0e820fd9f709fd97c27962758d25.jpg,我结婚1天都累死，新疆人结婚要2个月？！,1754474663,1669,8960728,日食记,https://i1.hdslb.com/bfs/face/1300ff9c3e45014f54ab5bd3602790a378ce6ac4.jpg,8972892,"生活记录,新疆,婚礼,记录我的美食日常,新疆美食,羊肉,抓饭,大盘鸡,乌鲁木齐",914154,2820,1446,14033,32247,5308,0,97,50195
BV1NUh3zMEny,114963892931372,1,219,2167,汪星人,猫,http://i2.hdslb.com/bfs/archive/0cdb3dfd4d9d83a0eeb87232a562de2664d18715.jpg,陪伴是最长情的告白,1754220000,316,3546946425850423,一口一个团up主,https://i1.hdslb.com/bfs/face/33fcb94a59b9c4e52c8e95ef97176c1cf408474f.jpg,390894,"萌宠,边牧,布偶,小狗,小猫,萌宠过暑假",313424,659,772,6540,3596,1610,0,0,48302
BV1454fzwERB,114978908540356,1,22,2063,鬼畜调教,鬼畜综合,http://i2.hdslb.com/bfs/archive/91859fdd42857787cc713ffdda92bb060b6e68b5.jpg,我把早稻叽给你,1754474400,303,342457336,你眼中的骷髅,https://i1.hdslb.com/bfs/face/c1b6dc976f424130d375d8a095e16e56740b2a1f.jpg,293872,"真白花音,二手推荐,尼奈nine_Official,转转,二手手机,黄绿合战10th-黄队应援",267530,752,890,3675,6128,751,0,0,32257
BV1Bmh5zvECF,114965889417715,1,219,2168,汪星人,狗,http://i1.hdslb.com/bfs/archive/4bcc8f338c37a84223c21fb73d97b745e76fdd82.jpg,天塌了,1754299800,93,3494377812920345,系嚣士啊,https://i2.hdslb.com/bfs/face/bcb480918aab2dbdbbc0130feca6a42ee46ec15e.jpg,583291,"嚣士,宠物,田园犬",410266,1071,1386,1621,1911,4747,0,0,44732
BV1QjhWzmEcC,114954145435559,1,138,2087,搞笑,商业财经,http://i1.hdslb.com/bfs/archive/387c8d0c27be905d6a1a517529f62437eed327a5.jpg,【半佛】不割韭菜，做什么保健品？,1754125200,483,37663924,硬核的半佛仙人,https://i1.hdslb.com/bfs/face/aaf33dced1941af0946f37c62f4b48fcaba9c9a2.jpg,7797996,"科技,科普,职场,生活,健身,学习,知识,营养工厂,韭菜,万物皆可商业",2278810,426,1190,7501,1243,1520,0,0,62109
BV13atwz7E9C,114981039312845,1,17,2078,单机游戏,沙盒类,http://i2.hdslb.com/bfs/archive/e4cdbe469719174669997e1ad73eaf9babd87fe0.jpg,不止一款免费模组！比特萝卜新免费计划公布...,1754471718,43,1098754117,比特萝卜,https://i1.hdslb.com/bfs/face/e1811a2c9a2278c7e99b48f9d927d8fe76e2bb14.jpg,595663,"我的世界,冰火传说,免费模组,比特萝卜,模组推荐",222201,226,787,5570,1333,340,0,0,24351
BV1mzhnzNEkB,114953457502932,1,252,2113,仿妆cos,仿妆cos,http://i1.hdslb.com/bfs/archive/bf6dad6b140163cb765e4ac86576364d0d5fed13.jpg,当红心皇后联动红皇后,1754125200,51,415897343,初九Haimon,https://i2.hdslb.com/bfs/face/5755ceca1459f9028973297abda9e60f02a30c13.jpg,1339664,"第五人格,红夫人,爱丽丝梦游仙境,红皇后,神还原仿妆大会",3592603,1888,2187,16251,6766,1351,0,95,213204
BV1cmtEz3Eeo,114974395470006,1,172,2079,手机游戏,其他游戏,http://i2.hdslb.com/bfs/archive/84df9a262407eabaee2ffaccabf74cfd380c4362.jpg,【该细还得细】史上最长？！FGO国服夏活/泳装2025《BB出品☆名流夏日体验！~逆袭的迪拜~》一图流/90+/90++/高难攻略,1754557200,602,47780275,削人棍专用BGM,https://i1.hdslb.com/bfs/face/2ccbe4926f6d431b7c04e551a6a72d9940013553.jpg,427715,"攻略,FGO,手机游戏,希耶尔,夏活,泳装,高难,FGO国服,Fate/GrandOrder,90++",87109,418,801,2545,3651,311,0,0,6289
BV1FghEz7ETh,114950789926503,1,138,2154,搞笑,剧情演绎,http://i2.hdslb.com/bfs/archive/9e348247cddc5d70c05cdbdd7d14b8403b4edc48.jpg,创意工坊之包浆天下～,1754010209,98,3546909580987309,弗雷尔卓德-杨辰,https://i1.hdslb.com/bfs/face/e59912641ba4cbaadb857e30085b15cf4dcc6819.jpg,261747,"创意,工坊,探店",2255365,1389,1561,10875,3023,5071,0,0,136738
BV1f6tGzDEKz,114969882400261,1,172,2077,手机游戏,休闲/小游戏,http://i1.hdslb.com/bfs/archive/db31a43120a26aa937fb45c9908be9e1e5cd888e.jpg,蛋仔派对 | 会过期！快兑换呀！8月份全新兑换码新鲜出炉！换到就是赚到！快快快！【蛋仔必看系列】,1754301251,143,3493127736265152,俗爱大好蛋,https://i0.hdslb.com/bfs/face/cba34d1848939b32d49fc934c5824dedc0503921.jpg,720017,"蛋仔派对皮肤,蛋仔派对盲盒,蛋仔派对兑换码,俗爱大好蛋,蛋仔派对发起人,蛋仔派对外观,蛋仔奇思妙想计划,#蛋仔派对博物馆狂想季#,蛋仔,蛋仔派对",739665,277,328,97960,8792,65,0,46,85249
BV15NtHzqEJZ,114975368615829,1,65,2071,网络游戏,射击游戏,http://i0.hdslb.com/bfs/archive/d946b680354ee50d714a48e409a9168c4aefe435.jpg,战地6设置搞不明白？3分钟纯干货提升你的游戏体验！,1754385212,190,187688580,狙佬-zuener,https://i0.hdslb.com/bfs/face/bdb4b214d3446aca7c11b408ae6f35c89f52a5cc.jpg,326923,"单机游戏,网络游戏,游戏视频,游戏,战地,战地风云,战地6,教程攻略,战地5,战地风云6揭晓",138971,96,1222,5697,1096,1954,0,0,4841
BV1V8twzUERB,114981056092408,1,172,2014,手机游戏,娱乐综艺正片,http://i0.hdslb.com/bfs/archive/862fcf58b8020f0d09e348ca4f5d09a12e2e5e07.jpg,蛋仔派对：速通男生女生向前冲！人人都不看好我，偏偏我最争气！,1754472074,244,1912249087,一克麻辣毛蛋儿,https://i1.hdslb.com/bfs/face/9f6a0fe7da3512eaf0773bf7a162cc233b7e3c32.jpg,798334,"蛋仔日常,蛋仔女孩,蛋仔派对发起人,蛋仔实况,蛋仔奇思妙想计划,蛋仔派对创计划,导演蛋生记,男生女生向前冲开录,男生女生向前冲,蛋仔派对",2864140,2505,380,97655,4014,148,0,16,94577
BV1NMhpzNEBb,114952819966305,1,219,2168,汪星人,狗,http://i0.hdslb.com/bfs/archive/5033c2e64a9f3968e115ea30c9f4a167ab4032c1.jpg,奶奶打麻将赢回来的哼唧小狗,1754040961,101,3546876607466242,酒酿小猫鱼丸,https://i1.hdslb.com/bfs/face/0461ba706c4da95affdd5cc675e99175e49d229b.jpg,22692,"汪星人,狗狗,小土狗,小奶狗,奶奶,小狗,土狗,田园犬",641675,336,1664,18402,2693,8714,0,0,100452
BV14ktwz6Ekm,114980653501203,1,239,2123,家居房产,家用电器,http://i2.hdslb.com/bfs/archive/779dfceb2b03c16692fd3d29dac1c64c806e50b8.jpg,喝个水就这么难吗？纯净水、矿泉水、弱碱水之争都蔓延到净水器了！,1754478175,510,13207529,Wilson学长,https://i2.hdslb.com/bfs/face/a4c3f263c13827ab4296be6afb063e24d251da5d.jpg,360255,"弱碱水,美的星河3.0净水器,美的星河3.0弱碱净水器,美的星河弱碱净水器,纯净水,净水器,矿泉水,家电,我在B站搞装修",356298,950,1035,5723,3267,237,0,0,39054
BV1VQtAzpEFk,114982314315510,1,17,2071,单机游戏,射击游戏,http://i0.hdslb.com/bfs/archive/e832328fa9e126d65c77f503267c21392222cbd6.jpg,还真有人去CJ纯玩游戏的啊？！？！,1754535600,747,1372433,Super也好君,https://i2.hdslb.com/bfs/face/b317a89ea78958e7b2aad85a8bf63d29b28c6710.jpg,2773801,"无畏契约,舞力全开,腾讯游戏,卡赞,Chinajoy,Super也好君,符文战场",235934,78,179,1242,984,58,0,0,7927
BV1QjhWzmE7k,114954145434560,1,21,2154,日常,剧情演绎,http://i2.hdslb.com/bfs/archive/ab255dc1069df1fdb640243175e0d3b535f17757.jpg,大学生丐帮饭堂恋综,1754193600,465,241679003,小叮当的伙伴们,https://i2.hdslb.com/bfs/face/39f559b599ae0f273a5f7457a7d67110a6dfe5a0.jpg,1381010,"全程高能,帅哥,搞笑,搞笑小剧场,恋综,二本恋综,永劫无间手游周年庆,老百姓,大学生,心动的信号",1499284,2377,1071,7309,6121,4394,0,0,48085
BV1uRtgzeEKo,114968825495956,1,215,2150,美食记录,美食探店,http://i1.hdslb.com/bfs/archive/cb77577b5d36ad89898212389c818b51b47f0757.jpg,牛肉跳着就上了桌…敢跟潮汕比鲜？,1754301600,661,3546689080133740,野文不懂吃,https://i1.hdslb.com/bfs/face/c42a0eb03dc75889e6deb47526b72279c69897ff.jpg,224353,"记录我的美食日常,潮汕,潮汕美食,牛肉,汕头美食,潮汕牛肉",556400,832,1027,2891,1572,2145,0,0,9907
BV1cw4dzCE7b,114976777831889,1,21,2073,日常,动作竞技游戏,http://i0.hdslb.com/bfs/archive/a2767f2b7d5570d4cd5140b756642c4b59a68ff0.jpg,大床哥有那闲工夫怎么不出个规定统一一下给豆逻辑呢,1754406732,154,1851657327,星之雨下,https://i0.hdslb.com/bfs/face/db5965967b8780fb227909ecaf698612237e25ec.jpg,140971,"火影忍者手游,bug,必剪创作",216061,296,1591,1537,1520,1735,0,0,20312
BV13ih3zjE39,114963758712213,1,65,2071,网络游戏,射击游戏,http://i0.hdslb.com/bfs/archive/1a3af7e24994d9a9e606a2692e9a650ed3e26dfe.jpg,【乌鲁鲁金曲】⚡我的堵桥式由我做主！⚡,1754207925,184,1885660902,永雏小满,https://i0.hdslb.com/bfs/face/42e077cf7df2c2f366179c10996a0b55085960f0.jpg,10895,"搞笑,填词,三角洲行动,三角洲,乌鲁鲁,堵桥,三角洲破壁新赛季上线",511170,3098,1467,25508,7683,18023,0,0,79753
BV11Y4dzHEfK,114976442287475,1,22,2207,鬼畜调教,随拍·综合,http://i0.hdslb.com/bfs/archive/d8c69bc7e14910407f8a364f21c0a98289f89f84.jpg,虎哥多年后说出咬打火机的感受,1754401629,230,1298579146,虎哥二次元教父,https://i1.hdslb.com/bfs/face/9532c3e9b716c364b0af24b645b0e1a5baed1798.jpg,1267144,"抽象,好果汁,整活",477361,745,917,2012,1881,1367,0,0,21112
BV1mt4dzRE1V,114976425511022,1,21,2166,日常,农村生活,http://i2.hdslb.com/bfs/archive/440263d9862fd514904a12bbbbee94054c2d4ab2.jpg,哔站的币本不值钱，但投的人多了，它就变成肉包了,1754402286,286,441872026,健人鑫,https://i1.hdslb.com/bfs/face/b90967318b6883fd2d43c9b0ee1c7b3d2c5fc62b.jpg,474338,"治愈,风景,生活记录,记录,出行,慢生活",178833,331,405,2278,40309,216,0,0,35392
BV1CUtwzvEDS,114980586261417,1,212,2150,美食侦探,美食探店,http://i1.hdslb.com/bfs/archive/8d0616003c17434dc66712a2f22e58dacd80a6f1.jpg,老王带爸妈来新疆，一家普通的苍蝇馆子却隐藏着不为人知的故事……,1754472000,715,3537122973714533,老王在中国,https://i2.hdslb.com/bfs/face/5cc0f66946ba560d0ccbd8e5bffc45ac94793cf4.jpg,3449724,"新疆,街头美食,歪果仁,舌尖真探事务所,老外在中国,苍蝇馆子,故事,爸妈,美食探店,手抓",1533287,7841,4630,19432,156181,2268,0,14,137283
BV1vgtqzEEWC,114986877721859,1,212,2150,美食侦探,美食探店,http://i1.hdslb.com/bfs/archive/ea50e3a333058e1d8695dbb2479b983b28b6fa04.jpg,武汉美食特种兵！和闺蜜打卡卤鸭货、生烫牛肉粉、酥饺，香到舔手指～,1754560914,1158,649019192,方芳的快乐生活,https://i2.hdslb.com/bfs/face/6403112ef1655c35eebc639706114d184edb3472.jpg,1824439,"特种兵,下午茶,街头美食,美食,旅行,武汉,武汉美食,生烫牛肉粉,一饭封神申请出战",234096,1906,598,2073,9073,397,0,0,18899
BV1kPtnzEEN4,114975771266443,1,138,2207,搞笑,随拍·综合,http://i0.hdslb.com/bfs/archive/ac748b329446a773bfde59615bf89fd1795247de.jpg,人杰地灵的河北沧州 豆哥,1754391212,69,219898427,赛博人物志,https://i2.hdslb.com/bfs/face/8f472f6026604ac417af398f3a3ae50386248b95.jpg,86744,"豆哥,河北,抽象,盘点系列",1778822,569,1299,9829,571,4502,0,0,116910
BV1hUtJzbELG,114976140302401,1,65,2071,网络游戏,射击游戏,http://i2.hdslb.com/bfs/archive/8d1370f4fd32b94425198d84baf030b5f74fc3bf.jpg,「宝藏月」三重专属福利 8月8日正式开启！,1754396811,91,3494376565115651,三角洲行动,https://i2.hdslb.com/bfs/face/d86e9c7dcf8c0faf25b277a38d8103832556383f.jpg,2478152,三角洲行动,1880013,43527,7994,32982,2531,22259,0,51,132221
BV1TxtjzmEYX,114974059924532,1,122,2099,野生技能协会,电脑,http://i1.hdslb.com/bfs/archive/bcbff853eda7cc800bd14e164d703ec6892d15ba.jpg,渲染时？电脑发生了什么...,1754388000,199,36053608,原型机SPFX,https://i1.hdslb.com/bfs/face/aa9f37958e276f2106234a3f56fbb01df9cae61b.jpg,283462,"渲染,无影云,阿里云,3d,云电脑",568482,281,293,9126,2834,397,0,0,35744
BV1p4hJzsEiY,114952165657405,1,21,2154,日常,剧情演绎,http://i0.hdslb.com/bfs/archive/58902c3537d41cfec411ac4b7af86067454bda47.jpg,"等等(；ﾟДﾟ) 什么招式来着？Well, at least he left me the shoes…",1754030941,34,3546931437505003,无语哥KhabyLame,https://i1.hdslb.com/bfs/face/2c68ffdd1de76213b05a686366a710e18d2ed1d7.jpg,134561,"原创,生活记录,高能,娱乐,搞笑",1657837,256,620,1868,550,137,0,0,60856
BV1TS4RzQEdZ,114976643618875,1,205,2082,社会,社会资讯,http://i0.hdslb.com/bfs/archive/49ce9d3becff1adba21bbf3c8620afac2db3d9dc.jpg,女生在地铁站内制止2名男子吸烟，遭对方同行女子辱骂并掌掴，当事人：警察称自己还手了 需互相道歉,1754404515,38,522653994,大象新闻,https://i0.hdslb.com/bfs/face/93b8e737e695fcb96b8a3af97833913a3b62be4c.jpg,1925411,"高能,警察,正能量,地铁,犯罪,社会,吐槽,同行,当事人,记录",327474,1178,1482,601,923,290,0,0,43981
BV1KAhpzBEZJ,114952803192328,1,47,2037,同人·手书,同人动画,http://i0.hdslb.com/bfs/archive/1d615714d5d26dca4c1a49629a70c2b7bbb32ce7.jpg,如何将《献给爱丽丝》改编成哥特病娇？,1754041582,252,306935529,孙熙然,https://i0.hdslb.com/bfs/face/f8524c3af0c0c286bf3d4d1daa9ebaf19f50b263.jpg,821698,"手书,绘画,哥特,同人,病娇,第五人格,小说家,记者,说记,第五人格庄园纳凉夜",488718,4989,772,17225,7178,2074,0,0,69846
BV1JCtzzeExc,114987079044676,1,228,2088,人文历史,社会观察,http://i1.hdslb.com/bfs/archive/478370b9028d0384b3de101e7291ffdcb628236b.jpg,洗脑、诈骗、控制，在韩国街头拦住你的不只有搭讪，还有邪教传教,1754564011,753,39627524,食贫道,https://i2.hdslb.com/bfs/face/eef12b850c10b0d7a7929236abb08604955823c0.jpg,7949306,"日常,4K,韩国,跟着UP主看世界,大宝荐,记录,出行,曝光,人间喜剧,食贫道",736758,4952,2967,10672,30909,4745,0,0,57411
BV1KmtwzTE9o,114980670214932,1,201,2094,科学科普,科学科普,http://i1.hdslb.com/bfs/archive/154b480d9ad223ad290235365d3087b0e2f18fb2.jpg,塑料薄膜随手一划，为啥划出来的是波浪线？,1754537400,176,489763089,毕的二阶导,https://i0.hdslb.com/bfs/face/6d7c9ef4e2d3147528c5d161f51bf5d604568de1.jpg,1628376,"科普,物理,划痕,高分子,塑料薄膜,应力,波浪形,万物研究所",1031044,5777,994,6895,3181,987,0,0,84961
BV1kFhNz2EJq,114959430257669,1,183,2002,影视剪辑,影视剪辑,http://i0.hdslb.com/bfs/archive/c5aeecf22bdd395bf3860dc084f66a6abd143d9f.jpg,“东京社畜，隐居天狗，竹马带崽”,1754141733,215,28734721,一只芋头-taro,https://i1.hdslb.com/bfs/face/061909c2047b40e47dddd26a55fc6677fdb5cb60.jpg,145713,"女性向,日剧,治愈,竹马,兄弟情,驹木根葵汰,天狗的厨房,越山敬达,友情,盐野瑛久",559437,93,458,23273,1660,1584,0,0,33555
BV1VQtczyEwq,114981542563967,1,193,2020,MV,翻唱,http://i0.hdslb.com/bfs/archive/c229e5bea72aef2e91876b6ac6fd4d216f1b47d6.jpg,周杰伦劝你别读博,1754479263,221,21442590,馄饨皮茄总,https://i0.hdslb.com/bfs/face/29d3bf75ec95524532a9ce36d1232ef441889a1d.jpg,34849,"晴天,周杰伦,cover,学术,博士,科研,读研,读博,PhD,翻唱的N种打开方式",101499,350,700,1892,3632,2819,0,0,12577
BV13RtczkEaX,114981173466886,1,76,2149,美食制作,美食制作,http://i2.hdslb.com/bfs/archive/f988fb7cee81636cc08b4ceb49a6651589d8f9c2.jpg,很多人都以为外面的烤鱼是烤出来的，其实在家里面做，不用烤，不用炸，也能做到外酥里嫩比烤鱼店的还好吃,1754473631,235,3546928553921175,欧小斌美食,https://i0.hdslb.com/bfs/face/8d69f8229a0f69403d22e83b4a6a7039b47d409d.jpg,93200,"美食制作,美食教程,家常菜,厨艺,烤鱼,美味,做法,外酥里嫩",200900,242,418,6744,2424,707,0,0,17227
BV1Y5tAzmEPF,114982448535235,2,229,2079,设计·创意,其他游戏,http://i1.hdslb.com/bfs/archive/f5d1d4305072a86ec3bf431c18048f304f1db64a.jpg,《银与绯》眷属「终焉的 苍凛」PV丨终抵长夜尽头,1754535600,192,1038073593,银与绯,https://i0.hdslb.com/bfs/face/46980a7113f837272844b07a4808444822b30264.jpg,237032,"二次元,银与绯,卡牌RPG,暗黑哥特,夜族",519395,144,446,4574,573,120,0,0,34167
BV1WUt3z4EYi,114970385717220,1,17,2064,单机游戏,单人RPG游戏,http://i1.hdslb.com/bfs/archive/8e96d809cd5c59dae98f1ccd578f6188022f038b.jpg,这是一则银狼的推销视频,1754309728,85,511848876,我不是赤寒,https://i0.hdslb.com/bfs/face/0c89f8c6ac2bae09bf46fd77149a7a1c15bc8e16.jpg,754450,"娱乐,搞笑,崩坏：星穹铁道,崩坏：星穹铁道创作者激励计划,抽象,银狼",554528,457,921,5972,584,779,0,0,60658
BV19ytgzgET6,114969278417558,1,251,2166,三农,农村生活,http://i1.hdslb.com/bfs/archive/0631a76f371aacce5f10d03e2693d4e3e218e872.jpg,母牛花样搞我爹，牛角、乳房、子宫轮番上阵，我爹奋力一搏,1754299800,515,414700515,龙腾虎跃龙兽医,https://i0.hdslb.com/bfs/face/697d80194c5a980fa55b9a200ce8b8ecc41ab39a.jpg,2692234,"得物,记录美好农村生活",917133,2620,804,6948,5012,517,0,0,60715
BV1pWh7zUETe,114951360349292,1,17,2037,单机游戏,同人动画,http://i0.hdslb.com/bfs/archive/c56ff9e345aec9cec23d4a459cd023fdfa3b7515.jpg,【东方MMD动画】03 夏日的⑨空调大作战,1754018701,747,383418242,不喝牛奶の光明糖,https://i2.hdslb.com/bfs/face/29c497a5aafcd00079c50e6ab02649849b7ef85f.jpg,1542,"动画,东方MMD,琪露诺,大妖精,东方PROJECT,克劳恩皮丝,三月精,蕾米莉亚,桑尼米尔克,东方同人创作节",113750,375,276,2855,2410,693,0,0,10380
BV1h8huzkER7,114962919918712,1,17,2077,单机游戏,休闲/小游戏,http://i1.hdslb.com/bfs/archive/81ad1f181be467b40543d466106d2324be1c0c1e.jpg,新皮肤：寒霜剑客,1754195248,418,97213827,潜艇伟伟迷,https://i0.hdslb.com/bfs/face/a2370da541bc5f6769cfcea0fcef907bebb26311.jpg,4936511,"植物大战僵尸,PVZ,植物大战僵尸杂交版,杂交版,自制游戏,杂交植物",671539,638,721,1549,1022,241,0,0,42922
BV1YQhgzjEAy,114964245251426,1,85,2154,小剧场,剧情演绎,http://i0.hdslb.com/bfs/archive/905aa2e76919ff8df76c3cf06ccd46900d02a0e1.jpg,谁还有更好的方法？,1754215387,97,304233145,酱油白米饭原创,https://i1.hdslb.com/bfs/face/e7b6aac008ac4a6002e1266fc732308a0365c81a.jpg,1135258,搞笑小剧场,1805447,378,257,7009,846,120,0,0,33973
BV1fstPzfEch,114981743892191,1,21,2039,日常,cosplay,http://i0.hdslb.com/bfs/archive/fbb7eb2d612e7fa00ed19518dbe19ca51d297de9.jpg,当众？！被这么多胶衣妹妹轮番攻下…？,1754484132,297,17328861,王猫猫neko,https://i0.hdslb.com/bfs/face/2c4868b4c9df1b099c4c011008d72433c22ba4d6.jpg,809779,"二次元,漫展现场,性感,解限机,身材,chinajoy,Cosplay,胶衣,整活,解限机王牌计划",319046,380,169,11644,1317,308,0,0,9743
BV1znh3z4Efj,114964127880409,1,138,2154,搞笑,剧情演绎,http://i1.hdslb.com/bfs/archive/016ba8061dc8e5d8bcc1568bf6f7c21d0bb2ed20.jpg,《打工皇帝养成记-服务员篇》,1754213859,296,485359169,邢三狗子,https://i2.hdslb.com/bfs/face/70782f5063ee85c90d422bdd28d8888a049c3ff8.jpg,2065180,"原创,剧情向,短片",3300156,895,370,23775,1981,235,0,53,92168
BV1XPtJzbEF2,114974210924354,1,216,2063,鬼畜剧场,鬼畜综合,http://i0.hdslb.com/bfs/archive/0b3b5b5e4167dd96df0f1bae6ada12ecccd4616e.jpg,真·出生之家（26）旺仔小乔夺舍记 下集,1754367438,388,8034163,浅澄月,https://i1.hdslb.com/bfs/face/28abe5c53184c2705c3c29784733847e930d4487.jpg,1329363,"全明星,鬼畜,搞笑,旺仔小乔,出生之家,真出生之家,恶搞之家,抽象,孙笑川,黄绿合战10th-黄队应援",407715,1646,1026,5585,4105,2426,0,0,41684
BV1ePhJzgEcP,114952417316809,1,17,2078,单机游戏,沙盒类,http://i0.hdslb.com/bfs/archive/a268c703fc0fc911399fefda736a398137b94be9.jpg,【MC暴力美学】天基屠龙炮x粒子,1754034922,125,495966541,ATC_rock,https://i1.hdslb.com/bfs/face/df7fed29d05e1b23c09fc19024fa9d2535bd65b3.jpg,7231,"MC,我的世界,minecraft",917131,1922,1424,48294,95917,4952,0,39,182723
BV1Y9tczVEFu,114981190308842,1,252,2039,仿妆cos,cosplay,http://i1.hdslb.com/bfs/archive/4229adfbd5e189c1c4b87788b495858e19736e68.jpg,在漫展找6个coser打职业，结果遇到了XDD？,1754478835,321,2108856,流萤Zz,https://i0.hdslb.com/bfs/face/6b50ab776df772941c92a168e8a06c7e9c3718d3.jpg,2903784,"射击游戏,ChinaJoy,漫展整活,远光84,远光84公测8月7日,Cosplay",171852,101,208,4741,1248,1114,0,0,7975
BV1wohVz6E9f,114964631128746,1,138,2154,搞笑,剧情演绎,http://i0.hdslb.com/bfs/archive/5886ded918e88ed4d1581d427855da1f5690d0ff.jpg,看来变装也是我擅长的领域！！,1754280000,14,477676711,田一名sir,https://i1.hdslb.com/bfs/face/4e30dae85d2e529924322aa328b20ee0e98427e1.jpg,1644316,"变装,美妆,领域,翻唱的N种打开方式",685777,872,3848,2916,859,10377,0,0,68006
BV1Y8t3zzEK7,114970855478934,1,21,2083,日常,综合资讯,http://i1.hdslb.com/bfs/archive/f4414f3bc5bfe92db83e26bf0ff7fccbcc302fdc.jpg,浪浪山的四个小妖怪，到底叫什么名字？,1754350200,165,456664753,央视新闻,https://i1.hdslb.com/bfs/face/2dc9c34444ba9f8e891fdc98e6c331fa3c02d127.jpg,21839773,"电影,浪浪山小妖怪",474172,307,1079,2069,1661,1406,0,0,47140
BV1NEhbzQEnV,114957014272994,1,210,2037,模玩·周边,同人动画,http://i2.hdslb.com/bfs/archive/8fa34aaabc6d3330e0d9fd14e59eeca13b58effe.jpg,独家【功夫定格动画】耗时两年半 爆肝十三万张图片 全明星手办重制经典 致敬星爷！,1754105182,5343,303958346,猛男周贼帅,https://i2.hdslb.com/bfs/face/8cab73e07d2bda7194f6818727bcb261187b35a2.jpg,37038,"定格动画,功夫,格斗,动画短片群星计划",1800409,14252,6185,101789,266815,20187,0,7,274672
BV1aEtzzDEhT,114987347478188,1,17,2078,单机游戏,沙盒类,http://i1.hdslb.com/bfs/archive/207c0cd2bcd43952621d42632ea12628434f13b2.jpg,蛋糕是个谎言 放逐之路2 EP9,1754568310,1552,686127,籽岷,https://i0.hdslb.com/bfs/face/7efb679569b2faeff38fa08f6f992fa1ada5e948.webp,4998472,"沙盒游戏,籽岷,生存,单机游戏,我的世界,MINECRAFT,流放之路 2,放逐之路,游戏鉴赏家,推荐宝藏游戏",57599,372,195,1195,4529,79,0,0,10636
BV16p4RzgE4o,114976878560764,1,212,2150,美食侦探,美食探店,http://i0.hdslb.com/bfs/archive/60b21f9fc5a82ae8198c526b26865d32cd4663fe.jpg,今儿打卡沙特阿拉伯国民炸鸡！中东土豪最爱的味道！,1754468400,270,1644053613,是个泡泡_Pao,https://i0.hdslb.com/bfs/face/7ef4b34fa5e3173ee174cb24c72d3e7e18d5f464.jpg,3076938,"吃货,美国,土豪,美式,阿拉伯,中东,炸鸡,美食测评,探店,国外美食",413766,577,440,3404,1036,548,0,0,37457
BV1hX81zzEJw,114947971421363,1,65,2071,网络游戏,射击游戏,http://i0.hdslb.com/bfs/archive/ddacd64d7d25cea5d68c916f3113bb42a285f19e.jpg,《睡前必看asmr助眠》,1754013600,205,669062951,残月手速亡,https://i2.hdslb.com/bfs/face/e9383fcf3853cd32db2cfc47e1ca5f8674da8d80.jpg,312047,"穿越火线,asmr",896829,1346,717,4341,636,1613,0,0,42791
BV1Sc4RzsEQj,114977180552271,1,21,2158,日常,旅游记录,http://i0.hdslb.com/bfs/archive/97f3c9d31c51599d0d22dd6c61fa3cd0bc2b9fc3.jpg,Dory｜去凉山火把节看了一场彝族时装秀！烟火下和陌生人跳达体舞｜吃美味的烤小猪肉、酸菜肉丝粉｜在凌晨的成都吃豌杂面！,1754413184,2222,13658829,爱喝的Dory,https://i0.hdslb.com/bfs/face/0d6cb1494f0a2c171fd5fd7c24159c8f3bfe3f2d.jpg,325951,"美食,旅游,成都,时装秀,生活记录,布拖火把节,彝族,火把节,凉山,B站超高清视频计划",80780,1000,656,1998,8084,671,0,0,8008
BV1v7htzYE1j,114957953801371,1,182,2158,影视杂谈,旅游记录,http://i1.hdslb.com/bfs/archive/3e5b250cd168fece212066b7fde994d36c35d29a.jpg,比利时卢森堡转一转,1754138700,2452,17819768,电影最TOP,http://i2.hdslb.com/bfs/face/6b2ade215ea603b495648875c925172a863d16d4.jpg,5980675,"生活记录,欧洲,卢森堡,比利时",617898,1172,461,4488,2704,327,0,0,50308
BV1tH8SzjE4F,114949716184347,1,130,2027,音乐综合,音乐综合,http://i2.hdslb.com/bfs/archive/b653ca373ccee92af5e33da939ea9242c9b597aa.jpg,硬 曲 盲 盒 9.0,1754006400,2050,88082801,挽风丶Sama,https://i2.hdslb.com/bfs/face/91484503b5edaa7134d6cd03c418d24acf4845a5.jpg,355430,"BGM,电台,音乐选集,小曲,卡点,盲盒,电台新星征集令",953465,1467,232,118272,8669,343,0,100,91418
BV1Svtwz5ERY,114981072801513,1,21,2154,日常,剧情演绎,http://i2.hdslb.com/bfs/archive/4919d846811fe6166e7f817e678d6a52527c8a2b.jpg,接 机 往 事,1754472315,65,9130832,张八筒筒,https://i2.hdslb.com/bfs/face/683b3b97648bf13641c508b9b50a2d25b87bec69.jpg,723900,"搞笑,生活记录,原创,搞笑小剧场,张八筒,best人生,猩猩队长,情侣日常",642860,187,399,1108,1345,612,0,0,63218
BV1oMh5zwEZS,114966392736631,1,17,2078,单机游戏,沙盒类,http://i1.hdslb.com/bfs/archive/80111136a17bf472139cfbbff90f3ff75c509342.jpg,这是“漏洞”陷阱！,1754272800,415,29252533,幕川北,https://i1.hdslb.com/bfs/face/e04019772132a134aadbada24aaccbb1bb0dea60.jpg,2592733,"万物皆可游戏,搞笑,游戏集锦,实况解说,单机游戏,游戏解说,我的世界,游戏实况,游戏,单机联机",867023,1218,702,13514,9071,293,0,0,57971
BV1Zj8yz5Esr,114946880835603,1,245,2201,赛车,潮玩玩具,http://i2.hdslb.com/bfs/archive/4f00ceadd65c622a98164aaa82d75fd13b93f4bf.jpg,【瓶盖漂流赛】9大T0饮料同台竞技，史诗级冰柜独家使用权花落谁家？,1754100000,195,3546692240541963,钢男减速带,https://i0.hdslb.com/bfs/face/6fc0a82cbf2f90b7deafabb6a4a78e1ae9c4f37c.jpg,194356,"饮料,弹珠拉力赛,陀螺争霸赛,男生减速度,瓶盖漂流赛,无动力玩具车比赛,玩具车跑步机淘汰赛,王老吉,元气森林,大人也要玩玩具",891134,733,60,15362,3270,50,0,0,18187
BV1pYtGz4E7q,114969899241661,1,76,2152,美食制作,美食记录,http://i0.hdslb.com/bfs/archive/f96599e9b7f224a2a3a9820ff649633573e1a8a5.jpg,三个巨无霸吃一个巨无霸汉堡！妥妥健身餐！,1754301734,213,3546821659986396,猪猪狠爱吃,https://i0.hdslb.com/bfs/face/1f08ec519cd34452ea061ae8289b9fd48dead326.jpg,53267,"美食制作,美食,吃货,厨艺,记录我的美食日常,巨无霸,汉堡,健身餐,Vlog",478611,581,663,1647,1396,808,0,0,27984
BV1CJtJzEEmq,114974378691267,1,238,2164,运动综合,打野采摘,http://i2.hdslb.com/bfs/archive/dcd27827db222fd98380f562ecc7724bcba77bdb.jpg,又到抓稻花鱼的季节啦！在稻田森林里穿梭，惊喜连连！,1754470800,589,327552140,我是野农,https://i2.hdslb.com/bfs/face/dc9091859f0b6b5aad657c95102b599d2f41b53f.jpg,464725,"生活记录,搞笑,记录美好农村生活,田园生活,抓鱼,美食自制,农村美食,莲花池,稻花鱼",206757,934,512,817,8504,170,0,0,16387
BV1nDtuz7ERk,114969597186248,1,22,2063,鬼畜调教,鬼畜综合,http://i0.hdslb.com/bfs/archive/cf3d52a94bb2e4d480fbdfedaf3278bdfb8ad999.jpg,“生命就是一场斗争......”,1754366100,380,97240074,龙之王修罗,https://i0.hdslb.com/bfs/face/99e92cba7e8290e60dd296f65c867dd4d92de638.jpg,262698,"鬼畜调教,人生,谭谈交通,说唱,鬼畜,黄绿合战,宋岳庭,谭警官,人民,Life's a Struggle",196957,610,839,7486,13898,1032,0,0,23638
BV1sytuzHEPN,114969664295806,1,218,2167,喵星人,猫,http://i2.hdslb.com/bfs/archive/e6eb94f5d2f9565c2b0522653bb066bdcc11f3e2.jpg,给大壮听它自己的叫声,1754298121,51,695650376,Q大壮呀,https://i2.hdslb.com/bfs/face/c75d179112e1b16b3a97b6d02b81e17cee9bac42.jpg,354155,谁家小猫这么可爱,589041,232,489,2585,886,713,0,0,43382
BV1WPtnzEEkY,114975771201581,1,65,2071,网络游戏,射击游戏,http://i1.hdslb.com/bfs/archive/8fc83570e51311aca17afd009be2704be228decd.jpg,大厅带小学生,1754445600,315,375191059,小只芋,https://i1.hdslb.com/bfs/face/5651df6d8ff16d90e7fa3e5c6995225ffb2312eb.jpg,557920,"迈从,小只芋,十元战神,三角洲行动,迈从ace68,游戏外设,虚拟主播,游戏鉴赏家,vup,三角洲破壁新赛季上线",320382,237,242,6430,607,103,0,0,26979
BV11HhJzZEFW,114952216053868,1,228,2006,人文历史,AI影视,http://i0.hdslb.com/bfs/archive/d4df3318a47e6e12eda80942fb61b1f3ddc64642.jpg,一口气看完！以郭德纲的方式打开《死亡搁浅》，爆肝33天超长完整版！,1754125200,8470,3546879598005041,替人读书的锅年糕,https://i2.hdslb.com/bfs/face/177fd020b55f780328401d1f8ed359b46d28cef6.jpg,63378,"小岛秀夫,剧情向,相声,AI,单口相声,郭德纲,index-tts,评书,死亡搁浅,推荐宝藏游戏",1772579,2729,1605,52720,33899,14958,0,67,71850
BV1VmtgzuE3b,114969177825133,1,21,2028,日常,宅舞,http://i2.hdslb.com/bfs/archive/1005f5385695836e95dc98bfac135b4a77508976.jpg,爱丽丝大小姐想让你告白！,1754452800,92,31968078,粽子淞,https://i0.hdslb.com/bfs/face/bbce22e45584b7a9e48398a91a7bac5975c8aaad.jpg,1032142,"宅舞,舞蹈,可爱,cosplay,cos,绝区零爱丽丝二创,爱丽丝,辉夜大小姐想让我告白,书记舞,绝区零",552737,267,645,21602,3984,1359,0,0,60299
BV1hRhgz5EVF,114964413024433,1,21,2158,日常,旅游记录,http://i1.hdslb.com/bfs/archive/919a91fa51581a78ef370d68395bab416ae01600.jpg,开着挖机游全国的路上小何被榕江交警带走了！,1754219942,686,1918776707,挖机小何vlog,https://i2.hdslb.com/bfs/face/49ed3cd1acf202dadecc5aaa27e9ac297896530b.jpg,446005,"旅游,生活记录,警察,村超,开着挖机游全国,记录,贵州,榕江",2336251,3243,1576,18954,18506,400,0,56,99788
BV1sbtAzMEn1,114982633080175,1,65,2071,网络游戏,射击游戏,http://i0.hdslb.com/bfs/archive/561b0c0eb765da72fca5e34590c0e254cc8942cd.jpg,敲钟人《暗区突围》用所有枪在强化封锁区撤离，第91集：AK12篇,1754526604,641,1907156027,晚风吹过敲钟人,https://i2.hdslb.com/bfs/face/8b1bb70ef29ca862247ae6b31bd39e6699258162.jpg,201249,"娱乐,搞笑,暗区突围高能团第一期,暗区突围2077联动,挑战,暗区突围",161878,4640,609,4520,6167,59,0,0,14482
BV1YdtqzmEts,114986441580381,1,65,2071,网络游戏,射击游戏,http://i0.hdslb.com/bfs/archive/4c32919085a769fde9a8e644f36b94c005f1971d.jpg,我必须立刻进攻D点！【战争雷霆】,1754559825,765,169896163,一拳人OPM,https://i1.hdslb.com/bfs/face/bd8e3cf52307b8a249c2d2219ca9066dd1d75292.jpg,864487,"策略游戏,战争雷霆,二战,steam游戏解说,推荐宝藏游戏",93615,889,635,1556,1207,408,0,0,8926
BV1H8hJzpETv,114952333429655,1,136,2074,音游,音游舞游,http://i2.hdslb.com/bfs/archive/01447e98ba722001b4b88a230c3df4bf682a05f5.jpg,【BanG Dream!】×TV动画【我推的孩子】联动开启！,1754064000,90,171818544,BanGDream梦想协奏曲,https://i0.hdslb.com/bfs/face/419abd51d9473f2318df0d921cc7da15179d146f.jpg,1762032,"邦邦,联动,BanG Dream!,bangdream,少女乐团派对,我推的孩子",387396,7616,1475,2792,773,9132,0,0,29878
BV1Zntwz9E1P,114980955363559,1,201,2083,科学科普,综合资讯,http://i2.hdslb.com/bfs/archive/192d6942e01dfb6cf8afcf56079aafcd8c6e26ec.jpg,“我只是犯了，每只蚊子都会犯的错”,1754481600,94,698057488,深圳卫健委,https://i1.hdslb.com/bfs/face/4e97f4f9e977987abdf04558fbc3708271e65c4b.jpg,876492,"蚊子,发热,关节痛,皮疹,伊蚊,伤痛文学,万物研究所",666904,319,753,2732,2729,4267,0,0,48713
BV1a1tJzhEMw,114976240959973,1,17,2078,单机游戏,沙盒类,http://i2.hdslb.com/bfs/archive/615a7e797020288285be2bed91a434ffca8a87bc.jpg,花了3天时间，我在MC里做出来有兽焉片头曲,1754442000,340,3546668714691139,VGBJ4EFy,https://i1.hdslb.com/bfs/face/8f93efd5e9441143ed7fee8b8774429d702af4b9.jpg,11792,"沙盒游戏,我的世界,像素风,粒子,有兽焉,推荐宝藏游戏",769900,4558,3473,40714,45004,3555,0,13,155795
BV1tjhJzwE3r,114952551534329,1,208,2188,校园学习,自我成长,http://i0.hdslb.com/bfs/archive/137957c7b9ed6628474932f9d955303a6c02bb1a.jpg,学习的时候老是跑神怎么办？怎样让自己静下心来？,1754037113,537,1497463202,晓艳教英语,https://i2.hdslb.com/bfs/face/a88c9e1dcb223514403ee99e3f98c618853ffcfc.jpg,1218608,"正能量,励志,学习,考试,是老师，也是UP主,静心,走神,刘晓艳",452418,685,806,51577,10917,3806,0,0,67598
BV163tnzCEe5,114975888707679,1,220,2149,动物二创,美食制作,http://i0.hdslb.com/bfs/archive/23524e0db8f474c583f7c95d1a408926ab16c5da.jpg,喜欢吃西瓜的朋友有福了！这个西瓜冰沙一定要试试！,1754393038,61,402338875,黑咪的思维,https://i1.hdslb.com/bfs/face/9494b5100e7627b170947f568304c986981fbeb0.jpg,53528,"科普,西瓜,美食制作,美食教程,美食,猫meme,舌尖真探事务所,美食教学,冰沙,水果",5096925,0,24,137529,4950,194,0,33,105359
BV13AtJzcEy6,114974563306674,1,21,2080,日常,时政资讯,http://i2.hdslb.com/bfs/archive/b11bf85ee7e8f292840efc8a9491a675f2a845cb.jpg,纪录片《县乡治》,1754380800,4776,473837611,新华社,https://i1.hdslb.com/bfs/face/396b93a7f619882afa711879dbf2cb98a40e7367.jpg,18706539,"中国,纪录片,县乡治,新华社",113121,157,187,5519,1812,670,0,0,8730
BV1urtwz3E27,114981005759332,1,172,2071,手机游戏,射击游戏,http://i1.hdslb.com/bfs/archive/e8b7af0b670373df72706f06779fc4bfdeb7c5fe.jpg,烽火荣都联动哪吒二！机甲居然变废铁！,1754471292,157,237533871,武子弈,https://i0.hdslb.com/bfs/face/1ae588a38fa7cc7a8154ff0f46d2cf57bfc3854a.jpg,1251524,"地铁逃生,和平精英玉虚宫,和平精英",601279,351,303,5455,566,162,0,0,10830
BV145h7zREN5,114951393904891,1,17,2078,单机游戏,沙盒类,http://i0.hdslb.com/bfs/archive/eef68581353c909645d54bd30496c35b6cfe7fd7.jpg,我被质疑为AI 耗时三年的顶级二创有多离谱？,1754033400,223,493836206,Apple苹果酱喔,https://i2.hdslb.com/bfs/face/a8abacbc4fde2346e15c01bf0a24ec94e93df3f4.jpg,485029,"我的世界,MC,Minecraft,爆肝,原神",2670377,1967,3598,123161,149618,9251,0,7,392558
BV13ptjzSETZ,114973892153377,1,182,2148,影视杂谈,其他手工,http://i1.hdslb.com/bfs/archive/b848addf21b09a6838b8f301c7905d6dd8729541.jpg,《锻刀大赛》惊现中国神器 子午鸳鸯钺！狗哥爱不释手 刀刀暴击,1754364697,909,348989367,沫子瞪片,https://i0.hdslb.com/bfs/face/a2131d38a2ea73f16ff25e61dbeb40377233f552.jpg,2281733,"爆笑,锻造,解说,纪录片,转转回收,转转,中国兵器,锻刀大赛,子午鸳鸯钺,影视IP观察室",1045641,4514,1234,7228,5842,912,0,0,61536
BV1RAtgzTEAX,114969731667270,1,47,2037,同人·手书,同人动画,http://i2.hdslb.com/bfs/archive/abecce55c12f6ea8be07cf94d09b3d4cbb8b03ff.jpg,隧夜轮回（怨灵酒店）第二十四集 有惊无险 动画 悬疑 微恐怖,1754470800,284,501642082,萧一白呀,https://i1.hdslb.com/bfs/face/753545c422513fb3bac9cbd9b4f855b3e7656f82.jpg,1146452,"原创动画,原创,动画,诡异,悬疑",242442,1327,704,4010,5657,216,0,0,20433
BV1Y2hJzrEDB,114951947617780,1,254,2154,亲子,剧情演绎,http://i2.hdslb.com/bfs/archive/37fc4d9573e9f9fb723152a77620487c8c4bb95f.jpg,个别娱乐主播的套路,1754027891,89,3546640096954436,周小闹是周小闹,https://i2.hdslb.com/bfs/face/3c1e9f0e717c007cac23199fe9a704ccb3b35366.jpg,795560,"直播,搞笑,生活",1997240,109,161,10529,541,95,0,0,48896
BV1i7htzYEEe,114957953801034,1,95,2099,数码,电脑,http://i0.hdslb.com/bfs/archive/8286ca9c0b3f5c27cc6e20152f7f4d3071ce7a49.jpg,用价格震惊你的三观！6999！9600X+RX9070魔鹰+32G+1TB+B850 WIFI！,1754128800,266,470231396,装机侠林BB,https://i2.hdslb.com/bfs/face/73d6ff6f3fec7ab6c043ab7a5c97074c938ffcfe.jpg,572027,"装机,数码,科技,显卡,电脑,电脑装机,整机,配置推荐",116476,169,581,1401,1086,375,0,0,3116
BV1qrtvzJEp8,114985502051962,1,172,2064,手机游戏,单人RPG游戏,http://i1.hdslb.com/bfs/archive/4343101ea33bbcd5fac697e5443bd47c69f9eec7.jpg,【重返未来1999】万事皆允！进队范围最广的限定角色降临!丨艾吉奥0塑造全面评测丨机制详解 体系分析 配队思路 心相选择 共鸣摆放,1754539873,1015,239384911,春风满马,https://i1.hdslb.com/bfs/face/d7d14f63dc2a3440442d5d92c4cd8b1262b36aed.jpg,235836,"刺客信条,游戏评测,游戏,手机游戏,二次元,重返未来刺客信条联动,游戏测评,艾吉奥,重返未来1999",181302,1110,2215,3244,3906,624,0,0,10252
BV1hQtczyEkz,114981542627387,1,219,2167,汪星人,猫,http://i2.hdslb.com/bfs/archive/8caaa02d2167c2746fdf8725bbeaed65405b428e.jpg,啊..真是和小猫小狗充实的一晚啊,1754479804,315,3546946425850423,一口一个团up主,https://i1.hdslb.com/bfs/face/33fcb94a59b9c4e52c8e95ef97176c1cf408474f.jpg,390894,"萌宠,布偶猫,边牧,小猫,小狗,萌宠过暑假",378485,1387,1164,3875,3417,1499,0,0,59921
BV1iVhxztEh8,114955017788198,1,65,2071,网络游戏,射击游戏,http://i0.hdslb.com/bfs/archive/085d4f6688c2648a12fee0d299e605acb0474d37.jpg,【老鼠人行动】航天基地（绝密）45w→750w,1754100000,292,403637371,老飞宇66,https://i1.hdslb.com/bfs/face/25d6b747d51cd07f6ae01a1145225f9be7fbdc5d.jpg,2563845,"三角洲行动,三角洲破壁新赛季上线",1108383,12659,1398,6162,3437,1032,0,0,77113
BV1dktgzrEeV,114969228087348,1,158,2117,穿搭,三坑,http://i0.hdslb.com/bfs/archive/469f32d6f81e68283f19525bae988f853ac8555a.jpg,朋友让我一帧都别剪…听劝！,1754291285,10,17164757,就是景年,https://i2.hdslb.com/bfs/face/df8280e6861490d3a19fed7fb0b73c15257e8c73.jpg,9661,"B站小剧场,东方美学",346809,155,633,16149,3642,1658,0,0,101342
BV1BRtFzXEhb,114980015836671,1,17,2071,单机游戏,射击游戏,http://i1.hdslb.com/bfs/archive/c8a69a703b4b8617bd68951eac88162dc47e4105.jpg,【Task果冻】第一类接触强侦连 红区侦察 一,1754456250,248,35757827,TASK果冻,https://i2.hdslb.com/bfs/face/2eff1fd579722dc308c4e6e4d8d4e9ce0d6ebfca.jpg,906075,"FPS,恐怖,克苏鲁,恐怖游戏,MOD,异常收容,第一类接触强侦连,异常,arma3,整点电子榨菜",875248,440,383,36342,2278,426,0,70,62669
BV1zqhHzxE4m,114953155579113,1,138,2037,搞笑,同人动画,http://i0.hdslb.com/bfs/archive/3dfe7733d6f6871b6f61512816dc646e2f08a103.jpg,《究 极 超 B 界 大 战》,1754046569,429,321422126,进击的金厂长,https://i2.hdslb.com/bfs/face/339c136489ea2af91bd1d8688ba7259e958ded28.jpg,5119698,"短片,动漫,搞笑,动画,二次元,B站,搞笑小剧场,战斗,热血,鬼灭之刃",2088687,18214,36667,82871,109451,6582,0,7,229774
BV1UztwzrEuv,114981022469043,1,65,2070,网络游戏,MOBA游戏,http://i0.hdslb.com/bfs/archive/1251d33407a92ffd7039cbf474fff44878080859.jpg,爷爷救葫芦娃的故事,1754474735,519,30879313,直面泰山,https://i1.hdslb.com/bfs/face/14be2422bae56ebd0b99276dbc0c835b5442b76e.jpg,364777,"英雄联盟,中单,电子竞技,LOL,加里奥,MOBA,慎",242071,372,403,951,7538,272,0,0,26562
BV1QMhJzqEsj,114952635484371,1,241,2009,娱乐杂谈,娱乐评论,http://i1.hdslb.com/bfs/archive/37ac24687dc9ef724792610a4d56a0c70e1569ce.jpg,一觉醒来全世界的k-pop水平下降一万倍，我成C位了,1754046000,891,111522104,接二连珊妄想症,https://i2.hdslb.com/bfs/face/81d82aaabda80c9c1f309e05fd4b23461c7b236c.jpg,646506,"综艺,孙佳洋,男宝星球2,夸克深度搜索,舞台,选秀,夸克,爱豆,K-Pop,娱乐吃瓜大会",1094219,21770,2096,12520,18034,6071,0,0,63210
BV12jtJznE9J,114974345140020,1,245,2108,赛车,汽车生活,http://i0.hdslb.com/bfs/archive/adf90bed78721603f47fd856791b62177ed92661.jpg,一觉起来车没了,1754369365,21,12626355,此奏不是彼奏,https://i0.hdslb.com/bfs/face/7356a93f7d3850a18e002178e94c0b73c32228dd.jpg,795,"痛车,蔚蓝档案,圣园未花,记录,水淹车",987642,597,3411,2776,937,5704,0,0,50452
BV13RtczkEpd,114981173466381,1,182,2001,影视杂谈,影视解读,http://i1.hdslb.com/bfs/archive/16459a5d0784b2cc8613986ea06fffeeaa27bd1c.jpg,2025最新末日丧尸电影《惊变28年》，战力爆表的超进化丧尸，率领群尸集体猎食,1754478027,1632,395991094,电影迷小雅,https://i1.hdslb.com/bfs/face/d0bc2fa4dbad1cb3d51a48fe84fbecdd944d59e2.jpg,1883591,"电影解说,恐怖电影,uwant,友望除螨仪,友望大白除螨仪,灾难电影,丧尸电影,惊悚电影,人人都能聊影视,惊变28年",546314,5924,1200,6258,1554,650,0,0,17767
BV1ymtFztEP4,114979764180541,1,250,2155,出行,语言类小剧场,http://i1.hdslb.com/bfs/archive/ac8d5125f419312c4c69c7c2620a01f01e1a7295.jpg,经济上行？女性上行！,1754452082,56,41956580,阿文就是Aya,https://i2.hdslb.com/bfs/face/1ddaeafbfdbd9abd1a1353dfd4d60f81ac483006.jpg,460799,"女性,经济上行,喜剧之王单口季,女性上行,女性力量,发声,女性成长,社会议题",149571,126,457,1424,2031,127,0,0,35544
BV1E4hVzcEJq,114964966676665,1,22,2063,鬼畜调教,鬼畜综合,http://i1.hdslb.com/bfs/archive/4d2fcc3ad2b6f7117c6d6c982d0d3efa64d42dea.jpg,⚡灵感菇溜大了⚡,1754279700,117,2283296,小猪P_,https://i2.hdslb.com/bfs/face/e3cd0e238b61cb1c23ffae2f7f99fcc59818cf68.jpg,665587,"鬼畜,黄绿合战,MyGO,Ave Mujica,黄绿合战10th,爱音,咕咕嘎嘎,黄绿合战10th-黄队应援",235080,391,1573,8664,4673,6609,0,0,30684
BV1VxtnzPEJP,114975469212749,1,95,2123,数码,家用电器,http://i2.hdslb.com/bfs/archive/55772348392562c90ec95dc996ac45552352233b.jpg,一场来自天空的「降维打击」大疆ROMO P扫地机深度清评测,1754481600,566,488818381,科技体验派,https://i1.hdslb.com/bfs/face/6e8c6baabe220cc9d8c1924201ecb185372be409.jpg,262131,"科技猎手,黑科技,清洁电器,大疆扫地机器人,大疆ROMO,大疆ROMO P,扫地机,大疆,智能家居,扫地机器人",68934,244,56,1804,1781,1256,0,0,3740
BV1fFhHzDEY9,114953289798683,1,241,2009,娱乐杂谈,娱乐评论,http://i0.hdslb.com/bfs/archive/1071e30e4074ab0c7c70b015e68d10d28c61ad4b.jpg,回看《我是歌手2》，22岁的邓紫棋还是太强了！,1754193600,2018,3546571700439767,T酱哟,https://i2.hdslb.com/bfs/face/ab13840f0baaa9116c8735e49c2215402e0d21c3.jpg,22198,"邓紫棋,我是歌手,综艺,现场,舞台,歌手,泡沫,音乐综艺,娱乐考古放大镜",622801,2081,1026,4520,4944,862,0,0,11536
BV1agtczkED5,114979512522807,1,182,2018,影视杂谈,音乐现场,http://i0.hdslb.com/bfs/archive/3429545137ad27f2751ece4b3ce6b623383b1aa8.jpg,【歌手2025】周深：歌王之战歌单？我唱完了！「神级翻唱」,1754473800,956,1556133886,小泽学长吖,https://i1.hdslb.com/bfs/face/f02e49d3a0967cd653dbde3e24266e3c4f01ca60.jpg,24306,"音乐分享官,周深,神级翻唱,音乐,勤深深,歌手2025,歌手,歌王之战,马戏之王,生米",99634,1941,850,1197,943,233,0,0,5423
BV16D4ZzmEow,114979160199791,1,168,2037,国产原创相关,同人动画,http://i2.hdslb.com/bfs/archive/f934e7850bf38f0cfd872cb6f7206b7409dc9c0e.jpg,我明明一奥特曼，却被人类收容在地球监狱里？,1754442957,329,3546851215149662,火腿动漫-,https://i2.hdslb.com/bfs/face/64baae566e1bcf9208279871d084a180d81a4043.jpg,22825,"原创动画,二次元,奥特曼,光之国,原创手绘,简笔画",1582857,119,104,54434,1753,13,0,57,44451
BV18EhWzjEeu,114954128592076,1,22,2063,鬼畜调教,鬼畜综合,http://i0.hdslb.com/bfs/archive/654caf44cad4adeb6a1a455f5799908b0ee5b3cf.jpg,希希嚷嚷，我们的城失,1754087400,61,3546376331856031,小小小小洗,https://i1.hdslb.com/bfs/face/58d322e018f27830829417f6ce5938d26bcedbcc.jpg,4474,"MY GO!!!,GBC,Girls Band Cry,哭泣少女乐队,［GBC］哭泣少女乐队二创",822727,35517,5969,49850,10694,57973,0,97,195918
BV1W4tGzhEaD,114970234784728,1,252,2040,仿妆cos,二次元线下,http://i0.hdslb.com/bfs/archive/f06c911c3e226eda590133f1d49b0160854bb678.jpg,谁教你这么送桃花运的？,1754307220,176,560647,坂坂白,https://i1.hdslb.com/bfs/face/dbab0bb10936b9e822c6927b442e0859963d12c2.jpg,1077548,"非人哉,cos,坂坂白,熊喵来了,动画种草激励计划,一代人有一代人的神,非人哉熊喵来了梦幻联动,探店",620122,1639,260,8419,1224,393,0,0,27768
BV1nktNzTErC,114982985406537,1,253,2043,动漫杂谈,动漫速读,http://i2.hdslb.com/bfs/archive/81f1e8a3717f0c0279fd0d8bd889f08b91284ee3.jpg,扣1加入幻影忍者复仇者联盟！结局前的最后一页,1754535600,1139,3493136850488160,勇者时昭,https://i0.hdslb.com/bfs/face/6ca4ec6ab67663b8cd95308c74cfc81b02822b0c.jpg,138854,"童年回忆,乐高,幻影忍者,童年动画,乐高幻影忍者",170824,814,289,4272,1619,59,0,0,9716
BV1rQtFzREoN,114979982284696,1,65,2078,网络游戏,沙盒类,http://i2.hdslb.com/bfs/archive/9d0c7810b58f453e8e01a07d3637f6d3f2ef297d.jpg,戏 耍 外 挂 ！,1754455637,290,34456580,药儿哟,https://i2.hdslb.com/bfs/face/8166cecc56c88bb5d73db67e42a50f5d5581ce60.jpg,1311225,"我的世界,沙盒游戏,游戏,MC,单机游戏,minecraft,高燃,翻盘,药儿,整点电子榨菜",267877,651,516,2520,2759,136,0,0,22329
BV1784RzvErp,114976861722257,1,126,2063,人力VOCALOID,鬼畜综合,http://i2.hdslb.com/bfs/archive/70afe31d835bcd39d7fcb9cc9a0fe0a577aa0618.jpg,《我花了25小时训练旺仔小乔》,1754408031,322,1098589595,坤脸超人,https://i2.hdslb.com/bfs/face/4aa6db5e2d0f2158ffb86e9ce0a4eeef37048e72.jpg,50530,"鬼畜,搞笑,调音师,旺仔小乔,ai训练,ai翻唱,猫脸超人,旺仔小乔ai,旺仔小乔分析,鬼畜星探企划",334233,787,894,4623,9729,1077,0,0,22824
BV1jctHzgEea,114975351836802,1,21,2126,日常,户外探险,http://i1.hdslb.com/bfs/archive/8d32b4bf74cfc339cc62e10f79ef8bb519c573fa.jpg,流浪庇护所成型通水通电，是时候享受牛总生活了。,1754387725,877,1625060795,浪仔小牛,https://i2.hdslb.com/bfs/face/0f5c077c743dd4c1e0a8f3089becc6f4acbddc75.jpg,534431,"生活记录,庇护所,正能量,露营,户外,我的离谱暑假",1025743,3965,1049,2129,10628,1158,0,0,24923
BV14FtFzhE2X,114980351448742,1,17,2078,单机游戏,沙盒类,http://i1.hdslb.com/bfs/archive/92a33af7fd1de42a96697fab1b1b07fdebfb9407.jpg,空天战舰升空，僵尸又该如何绝处逢生？,1754474021,626,392384666,迷人Rui_,https://i2.hdslb.com/bfs/face/7b2e06fc18d5a64d93893939ee2bc2d54f35cd54.jpg,410084,"科技,战舰,建筑,僵尸,生存游戏,沙盒游戏,我的世界,#蒸汽朋克,惊变100天,像素风",606886,2964,1014,25643,80733,1014,0,43,78893
BV146hnzvEzx,114953507966662,1,253,2042,动漫杂谈,动漫评论,http://i2.hdslb.com/bfs/archive/4fa7e3d71ef2acd05ca74c4ee9f68edc7ad59fcf.jpg,没看懂？她死了，但人类赢了！白月魁无解的【攻腥计划】详解！《灵笼2》12集硬核解析！,1754051859,2459,70744200,天师道的白山正,https://i0.hdslb.com/bfs/face/15db596ed3fe9f5c58b66d611245b826630332d4.jpg,955774,"剧情解析,硬核,动漫杂谈,国产动画,白月魁,灵笼2,动画种草激励计划,马克,查尔斯,灵笼",1373728,8768,5764,21035,49095,4719,0,84,67074
BV1hgtczkEiA,114979512518730,1,182,2001,影视杂谈,影视解读,http://i1.hdslb.com/bfs/archive/88502b85924c0e6f26d9a7cae4014be9086cc785.jpg,P121 把大清第一关系户拉下马，熹妃至少用了5个职场小心机,1754450264,1384,618442764,树懒小结界,https://i0.hdslb.com/bfs/face/2e63ffb52888a12736f961b0111c83c9f51c6aa9.jpg,272699,"甄嬛传,熹妃回宫,助眠解说,电子榨菜,如懿传,哄睡,知否,女性成长,甄嬛传深度解读,万字拉片大赛",185472,1240,183,1160,2780,133,0,0,8175
BV1iChgzQEhg,114964262030121,1,30,2063,VOCALOID·UTAU,鬼畜综合,http://i0.hdslb.com/bfs/archive/cf9f7ed9b0216347dfedeb6c1ca17381249f5b30.jpg,【高精度中字嵌字】Cherry Pop feat. 初音Miku,1754215589,143,3493091220654843,瓜子920,https://i0.hdslb.com/bfs/face/95c9253595b9f68c0bd142852dad1f5f2e6185e4.jpg,2204,"音乐分享官,DECO27,翻译,VOCALOID,DECO*27,术曲,高精度中字嵌字,中字,嵌字,Cherry Pop",193025,83,514,13625,13168,1038,0,0,41278
BV1LFtgz3Ewm,114969697848237,1,30,2023,VOCALOID·UTAU,AI音乐,http://i2.hdslb.com/bfs/archive/e7606b18bb60ce7d89f52463d1316ff4526e2225.jpg,【初音ミクAI · 重调教】Life Will Change（Project Sekai Version）【原曲PV付】,1754298574,127,10969904,浩治_CloverP,https://i2.hdslb.com/bfs/face/16326581ab2eb7b9a1535d507011ad30e96beee8.jpg,12200,"初音ミク,女神异闻录,镜音铃,镜音连,VOCALOID,pjsk,初音未来：缤纷舞台,Life will change,P5R",429982,474,1162,19498,6813,8766,0,0,66145
BV1tTtPzGEa5,114981945283499,1,172,2070,手机游戏,MOBA游戏,http://i1.hdslb.com/bfs/archive/70979ec1475205dfe21b5a2a9922a060245aac8f.jpg,虎豹骑的助攻竟然算在我头上，害我打出0-3-3的好战绩,1754528400,216,268941858,磊哥游戏,https://i0.hdslb.com/bfs/face/538b9090c0862782df0662b2176e726eda1c9980.jpg,2473503,王者荣耀夏日农友节,1013292,778,2117,1670,1562,456,0,0,51364
BV1HDh8zUEcT,114958423563750,1,21,2154,日常,剧情演绎,http://i0.hdslb.com/bfs/archive/8e6c0c82e7e590b60675a3f99783d0b09c338f4f.jpg,《我为你暖了一杯茶》,1754126780,110,46508980,俊鸿,https://i1.hdslb.com/bfs/face/e12c07c423ff4b9edc5577f2fb7032a9f55aef39.jpg,784905,"篮球教学,体育,篮球,野球场,必剪创作,这是我的篮球主场",954950,467,404,3783,1878,673,0,0,83696
BV12RtMzRERp,114968053685279,1,215,2152,美食记录,美食记录,http://i2.hdslb.com/bfs/archive/31fb28ee5d874cd42c63a419eea4d63765606d10.jpg,百吃不腻便利店,1754467200,246,26417558,铁蛋儿Tyler,https://i2.hdslb.com/bfs/face/12b8d664cb6c5fcad3ff97132b424e40a5f7f986.jpg,2918783,"美食,吃货,便利店,夜宵,炸鸡,火鸡面",305614,1140,510,5541,870,359,0,0,23788
BV1citGzsEhK,114969932731133,1,138,2207,搞笑,随拍·综合,http://i0.hdslb.com/bfs/archive/7b51547cd7e0c70e360de73d3dfcb065243fc6f3.jpg,百万粉丝up主去CJ薅羊毛能薅到多少东西？,1754304091,553,11643866,汤姆的混乱空间,https://i2.hdslb.com/bfs/face/b843951c2a2d4e48eca7ec9d33007a9ae7d8989e.jpg,1727245,"CJ,漫展,汤姆老师,荣耀GT,荣耀400系列,荣耀400,荣耀平板GT2Pro,挑战,chinajoy,整活",562689,1219,1474,10674,7630,1050,0,0,38596
BV1P1tnzHEtp,114975318414807,1,254,2023,亲子,AI音乐,http://i1.hdslb.com/bfs/archive/69f4f657aff793c4bb6ce068b92e244ad5e1675e.jpg,⚡压！力！⚡《八连臭火》,1754384702,97,136577694,byd小绫,https://i0.hdslb.com/bfs/face/5bdce6c2af6b64dc321135e0aed8fd0ee867c6d2.jpg,357728,"蔚蓝档案,才羽桃井,王小桃,八连臭火,爱丽丝,AI音乐征集大赛",234276,967,470,8315,674,2627,0,0,31832
BV1qrtvzJEgo,114985502051544,1,157,2115,美妆护肤,箱包配饰,http://i2.hdslb.com/bfs/archive/177d920c9187ea46fcc6e3bd01eda9f55e891bf1.jpg,临时翻包！我们的包里居然放这些？,1754540361,254,1072317049,宝剑嫂的小世界,https://i1.hdslb.com/bfs/face/321f06cceb4e69d6dce812c48a06cfcb40db51c5.jpg,697426,"包包,生活,日常,美妆,搞笑,绵羊料理,vlog,分享,宝剑嫂,普通人变美指南",195860,336,627,1898,2169,222,0,0,21891
BV1y64dz2EFU,114978170343976,1,65,2071,网络游戏,射击游戏,http://i2.hdslb.com/bfs/archive/4b7f61b8c7112bc67bc039944bee87b3e44f0579.jpg,⚡全三角洲最安静的视频⚡,1754427720,132,416562294,暗处ac,https://i0.hdslb.com/bfs/face/453f4b3d7b98d77c4456191e7ab5f9473bfc6869.jpg,6060,"鬼畜,三角洲行动,零号大坝,普坝,抽象,跑刀,江南style,三角洲破壁新赛季上线",260295,413,683,2597,1288,155,0,0,15387
BV1HJtBzwEdv,114986189920873,1,239,2121,家居房产,家庭装修,http://i0.hdslb.com/bfs/archive/7072947d85632c39490bea01717c92797523dbfb.jpg,3天拯救！令人崩溃的全屋乱搭风,1754560620,294,3494370441431895,kiki的假期,https://i0.hdslb.com/bfs/face/0ec8000763f05fdc0919b61a4b1df4c1aa14fdf1.jpg,207027,"三棵树焕新居,旧房改造,房间布置,出租屋改造,乳胶漆,租房改造,三棵树,三棵树8小时焕新家",43756,183,124,553,967,46,0,0,6190
BV1pC4ZzWE8i,114978975778910,1,242,2087,娱乐粉丝创作,商业财经,http://i2.hdslb.com/bfs/archive/38713dc89b776607b5a0e7af7914a3affdddfc76.jpg,户晨风 虎符咒持有者,1754440489,482,3546781006694901,我真的玉玉症了,https://i0.hdslb.com/bfs/face/cc515923daf9a49fba6031c54e09bca8a073935d.jpg,303922,"户晨风,抽象,娱乐吃瓜大会",599658,2770,2663,5226,4493,1200,0,0,54969
BV1JYtczoEhw,114981475454121,1,17,2078,单机游戏,沙盒类,http://i0.hdslb.com/bfs/archive/c9ba3b83db3a1231fb936c3a8478f2713b7e5633.jpg,极限追猎！Dream大神 VS 4名顶尖猎人！,1754478524,532,3546854658673221,爱速通dream,https://i0.hdslb.com/bfs/face/f30438305df632717b3d865c14a5a62f364fedfa.jpg,122597,"MC,沙盒游戏,我的世界,搞笑,Minecraft,追杀,猎人游戏,像素风,Dream",339682,3394,1217,8614,4509,4087,0,0,32821
BV1gChVzJE4P,114964513691731,1,241,2009,娱乐杂谈,娱乐评论,http://i1.hdslb.com/bfs/archive/ea449b2c5699f79fd4a7613649391bc87732a5fd.jpg,【吃瓜】赵露思八问经济公司！正式开撕…赔款、解约、协商矛盾…她的理由真能被同情吗？,1754219398,511,1976558860,天气微凉淡淡月光,https://i1.hdslb.com/bfs/face/92f61e260415a2e7f22b4d44fa676bce2f612aed.jpg,183349,"矛盾,原创,吃瓜第一线,理由,经纪公司,赵露思,银河酷娱",2012982,7465,10082,7894,7368,12896,0,0,51822
BV1Qs4dzoELf,114976526177060,1,218,2207,喵星人,随拍·综合,http://i2.hdslb.com/bfs/archive/22eb9788b93b9ff112c04419bb767612e5cb33ec.jpg,大王请饶命，我一定举起手来,1754402691,209,335575297,在下铁头阿彪,https://i1.hdslb.com/bfs/face/f46d6e58f90e7851703e083de7809564346f1dcb.jpg,1725508,"Q&A,毛茸茸训练营",495248,291,478,13459,3680,167,0,0,31429
BV1k1tFzfE9F,114979780955439,1,171,2070,电子竞技,MOBA游戏,http://i1.hdslb.com/bfs/archive/e753dbc3813c16af4fb3e906b359a1366426e94d.jpg,一个孙尚香到底可以秀到什么地步？,1754453181,549,3493273255544847,萧炎不鸽,https://i0.hdslb.com/bfs/face/a72dc58e11a873eb875047f4c956eb01dfe1bf63.jpg,685722,"孙尚香,王者荣耀,重庆狼队,风箫,萧炎解说,2025KPL夏季赛,发育路",272058,510,451,1128,797,567,0,0,11584
BV1c7twzoEAn,114980921807701,1,171,2070,电子竞技,MOBA游戏,http://i1.hdslb.com/bfs/archive/d44b340dbfc2bf63ce4dd0aae684aede6d9be23c.jpg,CD越长 伤害越高,1754469759,81,346840052,正义の农药,https://i2.hdslb.com/bfs/face/eb02464a20ada91accc6e50b9a0da3a73068568d.jpg,25579,"娱乐,王者荣耀,司空震,王者荣耀夏日农友节,MOBA",394375,172,141,4289,768,245,0,0,14876
BV1JctqzxEcn,114986777183721,1,124,2081,社科·法律·心理,海外资讯,http://i2.hdslb.com/bfs/archive/7ea5b05c2364ff439420337b9f3b15ee88531897.jpg,闻所未闻：领导生日划船，居然叫军队把河面抬高？！,1754559512,540,346563107,波士顿圆脸,https://i2.hdslb.com/bfs/face/f8f0fc4114bb06a87481abe12faa006a383cbe6d.jpg,5179840,"法律,社会,犯罪,美国,懂王,MAGA,划船,万斯,环球资讯站",700372,2424,2165,4070,2332,1642,0,0,42884
BV1tfhJzYENa,114952081835046,1,138,2207,搞笑,随拍·综合,http://i1.hdslb.com/bfs/archive/a67bfe899f12b226d61e04957c4d7a15ce5f4bbf.jpg,弗雷尔卓德小品之你们要的来了～,1754029998,68,3546909580987309,弗雷尔卓德-杨辰,https://i1.hdslb.com/bfs/face/e59912641ba4cbaadb857e30085b15cf4dcc6819.jpg,261747,"娱乐,鬼畜,小剧场",3492391,1626,5895,41403,39328,33098,0,15,407036
BV1HTtnzjEoN,114975938974788,4,172,2064,手机游戏,单人RPG游戏,http://i2.hdslb.com/bfs/archive/536e699ff98af0721e17080314530562727eb8b1.jpg,《原神》剧情PV-「最幸运的孩子」,1754452800,765,401742377,原神,https://i2.hdslb.com/bfs/face/853c4a846793dfbdafd8f16a40d6d8065bdb7c6f.jpg,20091176,"原神5.8,米哈游,miHoYo,原神",684215,1897,4508,17385,26407,4681,0,52,97837
BV1rihgz4EVq,114962466871917,1,172,2063,手机游戏,鬼畜综合,http://i0.hdslb.com/bfs/archive/0c7d4ab9b62c6338161b60cb53b79e3d84f1dd91.jpg,救世PV没语音不得劲，于是我加些进去,1754188629,104,24961799,金咸鱼,https://i2.hdslb.com/bfs/face/0356ee34b4e6771f03fb02a9a3523b558c15010f.jpg,451158,"鬼畜,搞笑,崩坏：星穹铁道,崩坏：星穹铁道创作者激励计划,昔涟,抽象",1024862,1440,3281,25371,17477,18222,0,0,99717
BV1wf4Rz1ENb,114976744279117,1,25,2037,MMD·3D,同人动画,http://i2.hdslb.com/bfs/archive/f960ae4330764b2515462d47ba22aa1f2bf93236.jpg,“一个人的坚持会有多难”,1754405999,255,2082149809,星期乂,https://i1.hdslb.com/bfs/face/79e49547b63b355d3247154a7abfeb68ee391412.jpg,3908,"星穹铁道,大爱仙尊,白厄,逆流河,抽象,崩坏三,原神,动画短片群星计划",73908,219,262,2395,865,1061,0,0,10414
BV1KntGzvEBi,114970301829110,1,138,2207,搞笑,随拍·综合,http://i1.hdslb.com/bfs/archive/8e4bb6edcea34f08e7d5bb2db4065a7788b7fb79.jpg,隔壁班嘉豪 这期是我定制的,1754307862,123,219898427,赛博人物志,https://i2.hdslb.com/bfs/face/8f472f6026604ac417af398f3a3ae50386248b95.jpg,86745,"梗,隔壁班嘉豪,盘点系列,嘉豪",2955968,1763,3436,27109,1938,9385,0,13,241242
BV1mrtwzgEGP,114981005691039,1,172,2064,手机游戏,单人RPG游戏,http://i0.hdslb.com/bfs/archive/4ebcfa3b4b82b5f090f4970b7cfa5504d1e5e5da.jpg,【真实测评69】重装救星！斩业星熊专九实战测评,1754471830,1123,432131619,绝命笋干,https://i0.hdslb.com/bfs/face/dd225519e6fc79c251d3fc442ab161ca72ced644.jpg,518726,"搞笑,明日方舟,无始无明,斩业星熊,恶业苦果,实战测评,星熊,地狱变相,泰拉探索协会,明日方舟创作者应援计划",511022,2000,3836,4111,9134,2528,0,0,31630
BV1bKhLzpEmT,114965956527560,1,130,2017,音乐综合,MV,http://i2.hdslb.com/bfs/archive/c8acc09a9f04b4913d6a502924019bd5bf368172.jpg,【中日歌词首发/完整版】FGO十周年纪念动画主题曲「美丽世界」神山羊×YOSUKE from SPYAIR,1754241632,243,15319615,Aki惊蛰,https://i1.hdslb.com/bfs/face/3ca6c1855a4e0feaf40e857bdb194adbccf3d63a.jpg,257629,"FGO,SPYAIR,二次元,Fate,fes2025,すばらしいせかい,十周年,Fate/Grand Order,神山羊,fgo十周年",297709,804,846,18209,8464,3014,0,0,23048
BV1S5hJzYEe8,114952568380748,1,76,2149,美食制作,美食制作,http://i0.hdslb.com/bfs/archive/8b586982b40e0a90ec9fbadb3704d45658e9bc42.jpg,【迪奥の厨房】3分钟开吃，酸甜爽辣的拌面，太爽啦！,1754038089,139,13745285,丶沫小白,https://i2.hdslb.com/bfs/face/176ea8cc8f5187e0f82c9828bb1ecba9fb94ffd0.jpg,1212864,"黑暗料理,美食教程,美食制作,快手菜,上淘宝闪购搜超级星期六有惊喜,淘宝闪购超6爆款外卖只要1块9,拌面,夏日美食,懒人美食,jojo的奇妙冒险",1258420,1078,817,54730,4875,3344,0,68,125753
BV13RtczkEWD,114981173466832,1,138,2154,搞笑,剧情演绎,http://i1.hdslb.com/bfs/archive/fa48238e780c793b37757e8dd6d606399172c2ff.jpg,我的行为vs爷爷奶奶看到的,1754476539,37,102805877,西维西师傅,https://i2.hdslb.com/bfs/face/323e5987c19c580937f5add9212acc5075a97d06.jpg,932115,"娱乐,搞笑小剧场,段子,老人",1741108,208,1065,16098,2629,2440,0,64,207658
BV1dftnz6EFW,114975435655244,1,65,2064,网络游戏,单人RPG游戏,http://i0.hdslb.com/bfs/archive/e638aa986fefe4401089c55f27ce38646aa16593.jpg,角色细节卷麻了之后，绝区零开始卷武器了,1754386029,673,834339,搅拌摩擦的石叶,https://i0.hdslb.com/bfs/face/6ece24d310de429504038166123deef99c71cb35.jpg,79498,"游戏杂谈,#绝区零,绝区零爱丽丝二创,游戏技术,游戏拆解",112397,223,557,807,540,200,0,0,4987
BV16ptPzwEY9,114981710468923,1,253,2042,动漫杂谈,动漫评论,http://i1.hdslb.com/bfs/archive/1385531aa49a96627665870b8b74e6b85c372305.jpg,是哪个神秘组织锤死了樱花动漫？【新番日推42】,1754481806,313,1351379,赫萝老师,https://i2.hdslb.com/bfs/face/0728972dbf88e3e9965ac31aac569a418f40b495.jpg,949717,"平野绫,动漫杂谈,搞笑,谷口贤志,宝石之国,吐槽,新番日推,7月新番,赛马娘,樱花动漫",124983,275,757,2024,1314,303,0,0,9701
BV15QtvzkEF9,114985652982383,1,182,2001,影视杂谈,影视解读,http://i1.hdslb.com/bfs/archive/2b3a6217a903116c716291ca06adad63669d9a32.jpg,【墨菲】《疑犯追踪》第16期：西装男落网，FBI逮捕李四！,1754564400,1980,8049684,绝命墨菲,https://i0.hdslb.com/bfs/face/5ad8dfbf8f2d23affcc4f8c8c12a8ad8f109bad0.jpg,1654518,"人工智能,诺兰,科幻,悬疑,POI,疑犯追踪,犯罪,美剧,AI,影视IP观察室",62631,430,201,1765,8525,40,0,0,9331
BV1UXhbztEco,114958859766958,1,213,2149,美食测评,美食制作,http://i1.hdslb.com/bfs/archive/47a450ee3acb7cf16c0e833a122fee4ba4980211.jpg,差20倍大小的鱼头做剁椒鱼头，哪个会更好吃？,1754472600,248,337521240,记录生活的蛋黄派,https://i0.hdslb.com/bfs/face/9ba6c7a0d3a2ebfe9db2f46219ece98e210d0269.jpg,9097570,"家常菜,吃货,日常,搞笑,生活,厨艺,舌尖真探事务所,帅小伙,沙雕,剁椒鱼头",598948,1229,602,2560,5916,321,0,0,38875
BV1nn4RzrEMi,114976895274296,1,17,2078,单机游戏,沙盒类,http://i2.hdslb.com/bfs/archive/58ea88b42541bb865ac22db5d732a0421ce1470d.jpg,陨石砸脸！当场尸变！史上最阴间MC生存——僵尸启示录,1754408339,994,686127,籽岷,https://i0.hdslb.com/bfs/face/7efb679569b2faeff38fa08f6f992fa1ada5e948.webp,4998471,"单机游戏,整合包,我的世界,沙盒游戏,生存,MINECRAFT,籽岷,沙雕,僵尸启示录,推荐宝藏游戏",256244,878,796,3882,5074,1817,0,0,22196
BV12BtFzeEaD,114980200386072,1,30,2027,VOCALOID·UTAU,音乐综合,http://i0.hdslb.com/bfs/archive/5240b2de3ceb1c5f3bd9bcc169f8bc122abe8145.jpg,Billboard术力口周榜 2025/08/06 2025年第32周（第127期）,1754478000,622,12446725,Elvansphere,https://i1.hdslb.com/bfs/face/cf28c1650a7c8f9f3a845c797d16850588c13513.jpg,172954,"虚拟歌手,初音未来,音乐,VOCALOID,billboard,术力口,音乐榜单资讯",136876,25218,1490,2773,1068,1406,0,0,14473
BV1eBtJzKESp,114976056413601,1,47,2050,同人·手书,漫画·动态漫,http://i0.hdslb.com/bfs/archive/3173ca4bb9724e626cb1b5e168a71eaef2ac0dcc.jpg,她是谁？明明是我先来的……,1754395585,85,3546918179310343,ENX叉叉酱,https://i1.hdslb.com/bfs/face/2923eaae85b81110da3127bc55bd48532a6ff264.jpg,297563,"漫画,情侣,纯爱,青梅竹马,爱情,恋爱,二次元,ENX叉叉酱,甜甜的恋爱,国漫觉醒时",378194,205,870,7437,1163,755,0,0,50659
BV1BYtJzzEQs,114976106747627,1,251,2166,三农,农村生活,http://i1.hdslb.com/bfs/archive/a77c39b67b1869e04e20e2e797910fc5bccb5ae3.jpg,谁说喜欢看这个？,1754397224,279,3493138387699886,山野农夫高山农场,https://i2.hdslb.com/bfs/face/82a985ed7c1f2cf2fa003afdb727e9e5fbf30cb9.jpg,330448,"动物总动员,冰糖葫芦,喂鸡,鸡",153221,499,357,642,1332,268,0,0,20551
BV1g5hhzAEbi,114958171904160,1,138,2152,搞笑,美食记录,http://i0.hdslb.com/bfs/archive/3bcd59512796fe015acca660d3aad7e7fecd836f.jpg,挑战花10块钱吃一天减脂餐,1754128959,115,1051357359,只因宝宝儿,https://i0.hdslb.com/bfs/face/388e768e96f9cda453defe6955c5f2f89344339e.jpg,835981,"拼好饭你变了,补贴是一时的拼好饭是一直的,点拼好饭只有0次和无数次,重要的事情值得拼一下,拼好饭6.9元盲盒,挑战吧！20元拼好饭吃一天,拼好饭6块9盲盒抽孙颖莎周边,减肥餐,美食记录,美团拼好饭",7656425,3049,1369,21942,4570,2479,0,29,293006
BV1eUhgzEENJ,114964211697794,1,86,2048,特摄,特摄,http://i2.hdslb.com/bfs/archive/96feef3576755950a2a60f4b1bfad88b4e5bca7a.jpg,挑战穿手工制作13套皮套去郑州8.16特摄ONLY一天,1754214818,24,41268012,雎鸠Tiga,https://i0.hdslb.com/bfs/face/674933aacd29a4d95c76e4f5055381749045cea3.jpg,62429,"特摄,梦比优斯奥特曼,迪迦奥特曼,赛罗奥特曼,手工,漫展,cos,泽塔奥特曼,特摄剧,贝利亚奥特曼",410696,206,885,3535,882,502,0,0,47557
BV1K9hLznEFH,114967651028726,1,164,2125,健身,徒步,http://i2.hdslb.com/bfs/archive/9b5259923cc98ba5b1a53e58a7e9fd05a7499497.jpg,他，徒步绕了地球一圈，花了27年,1754267435,101,390668605,刘圣雄,https://i1.hdslb.com/bfs/face/1e25c746acb1781f9d22f07ceac70184d51c148f.jpg,86426,"地球,徒步,户外",1814620,1052,1934,14661,1055,1821,0,95,136652
BV1Gch4zxEMw,114956443846113,1,17,2079,单机游戏,其他游戏,http://i1.hdslb.com/bfs/archive/211bfe3490bb9a6538863c8b5163ffc745118c54.jpg,绝对猎奇的暗黑神作丨万字解说《2Dark》,1754106900,2448,3546791991576744,白钰yuki,https://i0.hdslb.com/bfs/face/44e273588dadb913e20ed5e7d6d55a154021058e.jpg,9870,"游戏解说,恐怖游戏,单机游戏,2Dark",291718,862,406,15461,4832,355,0,0,19160
BV1Jt4ozyEFw,114977717357357,1,21,2063,日常,鬼畜综合,http://i0.hdslb.com/bfs/archive/8dabfb3dd21df7d6fa05499ae272b549f2b0a27d.jpg,当你穿越到古代,1754435893,46,687535320,快乐的狗子哦,https://i0.hdslb.com/bfs/face/883b1e64be7e45e8b7f7e09427d374b2068ba820.jpg,282987,"猫meme,沙雕,鬼畜星探企划",918986,380,2340,2254,616,75,0,0,52153
BV1uU8EztEng,114930456007333,1,65,2071,网络游戏,射击游戏,http://i1.hdslb.com/bfs/archive/d6dad4020f71731e381108723f1dc18d721f5a80.jpg,操作了一整局,1754044200,204,1078633469,伞斌一号,https://i2.hdslb.com/bfs/face/31194b7e32ffac6442387e17199873a2bc634ff9.jpg,194350,"FPS,COD,使命召唤",1221534,748,608,1931,754,134,0,0,40706
BV1SgtJzsEZb,114974143812183,1,17,2077,单机游戏,休闲/小游戏,http://i1.hdslb.com/bfs/archive/d70428177e1611a3de87ba72a486b7c6998bbb17.jpg,我啥都不敢说啊,1754384400,157,85749956,W-y小宇,https://i2.hdslb.com/bfs/face/7abfc0ae0127969ea01132d1bb8f0f2ba0345f71.jpg,227216,植物大战僵尸,1139066,492,699,40493,1930,13025,0,52,85649
BV1CDtwzPEvj,114980569481607,1,172,2077,手机游戏,休闲/小游戏,http://i2.hdslb.com/bfs/archive/1fdce5b90b4df00dab3f5b9a50697a222f099806.jpg,蛋仔派对：盘点蛋仔史上最大规模的封号事件！主播账号被永久封禁？巅峰时停代码？,1754472000,203,241199113,僵尸教授-,https://i1.hdslb.com/bfs/face/30a78bf8e40484e47e8e22a99aa8ec896b3da347.jpg,897791,"超燃竞技场,蛋仔派对新皮肤,无敌凤凰蛋,蛋仔派对发起人,蛋仔自习室,蛋仔奇思妙想计划,逃出惊魂夜,蛋仔派对",461830,515,636,8353,975,104,0,0,11689
BV1jDtzzfE7e,114987062264936,1,228,2037,人文历史,同人动画,http://i1.hdslb.com/bfs/archive/e613a93c4eb98714a808f09e12aa67bb45bdc4e4.jpg,《战壕里的烂笑话25——绞肉行动》,1754563662,1496,383062201,红白真的啥也没看见啊,https://i1.hdslb.com/bfs/face/6f06eb64e0f77930803d768ff0efef60ac81aebc.jpg,168111,"历史,黑色幽默,cheems动画,红白真的啥也没看见啊,第一次世界大战,自制动画,地狱笑话",42379,460,288,2093,3466,219,0,0,6442
BV1cVtwz8Ewn,114981240573919,1,172,2064,手机游戏,单人RPG游戏,http://i0.hdslb.com/bfs/archive/b86aa69a6dbfc638d9efeb744f5c9ece0cc56435.jpg,是我喜欢的角色，直接上头,1754474794,591,8469526,果蝇轰,https://i1.hdslb.com/bfs/face/5ac66ad440fa2b3650d9bac1def1391d102d1378.jpg,1988578,"抽卡,手机游戏,搞笑,绝区零UP主激励计划,迟吟的浪涌,爱丽丝,欧皇,非酋,果蝇轰,绝区零",243746,2031,1508,3282,13712,280,0,0,35544
BV1bQtMzZE1w,114968020261457,1,21,2046,日常,网文解读,http://i1.hdslb.com/bfs/archive/7632d55960ec9243c0c49d294cad16beaf47c8eb.jpg,穿越者从未离开家乡……,1754273088,143,72969462,笔给你你来写_,https://i0.hdslb.com/bfs/face/8e8a57daeb8ee0b50e6fa4e66c4f18f849fc601c.jpg,1139383,"原创,小说,脑洞,曼波配音,随笔,原创剧本,笔给你你来写,沙雕段子",397450,331,1832,1759,797,180,0,0,29391
BV1e7tzzHENw,114987364260219,1,17,2066,单机游戏,单机主机类游戏,http://i1.hdslb.com/bfs/archive/6966208157699a8eebd0a1afefc45a6a7e915083.jpg,【舍长】¥268的《四海兄弟》新作玩着咋样？—四海兄弟：故乡 试玩,1754568268,3795,70666,舍长驾到,https://i1.hdslb.com/bfs/face/a6475a08cafd6983663cc25c566ca882eaf2f416.jpg,1032668,"教父,单机游戏,舍长驾到,舍长,四海兄弟：故乡,新作,故乡,四海兄弟,Mafia,推荐宝藏游戏",39355,408,155,627,1185,51,0,0,2382
BV1oZtFzDEy7,114979915239336,1,172,2079,手机游戏,其他游戏,http://i0.hdslb.com/bfs/archive/dd830c84e3efcb79cdb34de786d15b08ffad84ec.jpg,FGO十周年大拐时局图.jpg,1754466741,401,520818012,超下饭の衰某,https://i0.hdslb.com/bfs/face/f9292cb4be2e3a30f2b6ea5768e6213f01766ed7.jpg,3744,"FGO,fate,Fate,迦勒底创作高能团,十周年,fgo,Fate/GrandOrder,整活,命运-冠位指定创作者激励计划",182195,510,1000,3635,1106,1064,0,0,5867
BV1kctzzAEbZ,114987548807303,1,215,2194,美食记录,中外生活vlog,http://i0.hdslb.com/bfs/archive/bea68b0536c8c9edcfc3bcb11227166cbf829847.jpg,第一个想到做南非肠粉的人一定不是天才,1754570952,162,646889764,Nico爱肉包,https://i1.hdslb.com/bfs/face/1fbb3e1e140042dbc15e412229760cbd21f9a927.jpg,494622,"生活记录,日常,搞笑,老外,老外在中国,Vlog",81789,736,641,594,1529,194,0,0,16516
BV1NChnzYEDh,114953675673431,1,213,2151,美食测评,美食测评,http://i1.hdslb.com/bfs/archive/5fbb6578b6e58d9bd0053af3854d25509b450960.jpg,宝子们期待的7月红黑榜来了！！！,1754054367,335,3546917657119602,墩墩测评,https://i0.hdslb.com/bfs/face/cf4d69e4ff2e798643748aa4d7b422dd11565137.jpg,27558,"开箱,零食,避雷,美食测评,零食测评,红黑榜,真实测评",406383,826,444,13187,1185,152,0,0,28867
BV1LkhJz5EEd,114951930776157,1,254,2154,亲子,剧情演绎,http://i0.hdslb.com/bfs/archive/e12b60d59b8302cd6c4396bac6115583f7676be3.jpg,个别农村博主的套路,1754027458,87,3546640096954436,周小闹是周小闹,https://i2.hdslb.com/bfs/face/3c1e9f0e717c007cac23199fe9a704ccb3b35366.jpg,795560,"生活记录,搞笑,乡村",2059743,146,211,7349,663,176,0,0,54308
BV1rThtzgEJ8,114957869915056,1,21,2207,日常,随拍·综合,http://i1.hdslb.com/bfs/archive/2dd6056a805c802665f6667c2cd94f3a9627f118.jpg,[b站扫盲01]手机如何发送这些骚弹幕？,1754118097,69,3546727005030792,面壁者牢波official,https://i0.hdslb.com/bfs/face/e3d00a3910a05784e182d0a0d116894444880be0.jpg,96977,"知识分享官,高级弹幕,二次元,b站扫盲计划,哔哩哔哩,知识科普,弹幕,bilibili,b站,娱乐生活记录",1447443,856241,10910,45061,14274,3234,0,0,121929
BV1YWh8zTEfE,114958792657023,1,207,2087,财经商业,商业财经,http://i0.hdslb.com/bfs/archive/87813c1fd49c7330f882821c82ae79ce23acd099.jpg,一张图看懂洗钱！现实世界有多少漏洞？,1754132415,894,15324420,数据库kira,https://i0.hdslb.com/bfs/face/93487a9046c128bc43bd63c9e0747fa998c75be3.jpg,943753,"财经,金融,科普,股票,洗钱,反洗钱,社科人文,青年用「财」图鉴",1193129,3254,2536,40530,7749,3485,0,0,41095
BV1hshtzZE5A,114957937019100,1,172,2073,手机游戏,动作竞技游戏,http://i0.hdslb.com/bfs/archive/52ad4fb62416c958c0e779239951cacd09a42622.jpg,我～会～毁～了～你～,1754119265,207,194053532,无我漂佩MY,https://i2.hdslb.com/bfs/face/7d44f0676bfd193efed746cca2d04b70f145211b.jpg,794492,"娱乐,手机游戏,搞笑,火影忍者,游戏,漂泊佩恩,百战佩恩,我要上超影,抽象,火影忍者手游,黑绝",1592446,21639,1994,22917,8077,1294,0,81,94518
BV1b8tEzXErq,114974915630135,1,17,2078,单机游戏,沙盒类,http://i1.hdslb.com/bfs/archive/117d83630c114c4c70f8fe4fc25b42372fc6c20a.jpg,爆肝100小时！把暗区电视台还原到了我的世界里！,1754388000,142,172809260,晨露ZLQ,https://i2.hdslb.com/bfs/face/41cf42acedc07e5bf7c0887dd93b361b45a3af44.jpg,1219572,"建筑,MC,我的世界,来生酒吧,暗区突围2077联动上线,电视台,还原,晨露,暗区突围,中控区",92873,278,170,2368,1652,52,0,0,7846
BV1j1tAz4EyB,114982381420872,1,172,2064,手机游戏,单人RPG游戏,http://i2.hdslb.com/bfs/archive/9f18e0471d061eb63b40a19a1a1818f2ae7643a6.jpg,一大波美术生潜入米哈游内部？竟是为了……,1754539200,193,318432901,米哈游miHoYo,https://i1.hdslb.com/bfs/face/ad15d0c73aeed1eae54a6948b94b44230a405eea.jpg,2925454,"动画,美术,特效,游戏,米哈游校园招聘,2026秋招,招聘,场景原画,校招,米哈游",207032,466,1915,2820,1763,1142,0,0,26038
BV1k5tPzqET2,114982062787996,1,253,2041,动漫杂谈,动漫剪辑,http://i1.hdslb.com/bfs/archive/38ef2a0c1c331772ed407000788276aed336a104.jpg,【JO论战】见我世界不跑？你以为你白金之星啊？！看不起我的力速？还是我的射程？,1754487342,420,352332745,色忐忑与瑟袒特,https://i1.hdslb.com/bfs/face/1f000ce90a06dfcb945847581430b6d1f56a3f7d.jpg,13239,"迪奥,JOJO的奇妙冒险,瓶子君152,动画种草激励计划,石之海,新番吐槽,银色战车,黄金之风",388604,523,1474,5279,570,95,0,0,8527
BV1JZt3znEuR,114970620598000,1,251,2083,三农,综合资讯,http://i2.hdslb.com/bfs/archive/9a5a61fbbf33fc987b987cecf2b8f59721b17c2b.jpg,为啥说“菜篮子工程”是伟大的工程？【主播说三农】,1754312838,223,1343321779,央视农业,https://i1.hdslb.com/bfs/face/c9e24623ccc91cd26c2894d2a1880dc6dc6a28c4.jpg,3624223,"菜篮子工程,主播说三农,蔬菜,农业",460237,1320,2749,4836,8258,1550,0,0,66278
BV1u14RzsEaL,114976626835874,1,17,2066,单机游戏,单机主机类游戏,http://i1.hdslb.com/bfs/archive/575ce008723bdcb0ab52f7ee6c4a56baec710b9c.jpg,大自然真美丽🪳🕷️🐞,1754469000,880,19512037,纪夫Junly,https://i1.hdslb.com/bfs/face/66c9b0f2d84ee09c2c4209894e09a9dfac1806fb.jpg,687729,"搞笑,STEAM,游戏实况,单机游戏,小游戏,禁闭求生2,纪夫Junly,Grounded 2,沙雕,推荐宝藏游戏",410435,1070,481,17086,2519,100,0,0,22405
BV1m5tJzQEr8,114974160588846,1,250,4218,出行,钓鱼,http://i2.hdslb.com/bfs/archive/ee4ee1aa214ad015ba86083dfd92d91c331796c6.jpg,黄河泥巴水里真能钓到鱼！还有更绝的黄河泥巴鸡，香！巨香！,1754366778,737,3546389998995863,探钓者序,https://i2.hdslb.com/bfs/face/7500ac8783da7ca545e0afd9fd1ce84d0a5d84d5.jpg,79813,"钓鱼,户外,户外钓鱼图鉴",261999,762,454,2570,5713,127,0,0,9248
BV1bnhHzTEWr,114953004521629,1,138,2201,搞笑,潮玩玩具,http://i2.hdslb.com/bfs/archive/19bc98d855e75f9748e2de82e1e4edf987c3b145.jpg,开箱！不藏了，都是工作需要！,1754043982,164,2079933284,河马君,http://i2.hdslb.com/bfs/face/8f286dd065e0efef92b5c4602139bacfb47cd508.jpg,2509279,"开箱,玩具,可爱,搞笑小剧场,盲盒",2127116,731,449,15650,1754,943,0,0,116791
BV1XH4dzfEM8,114976492622922,1,246,2107,改装玩车,汽车文化,http://i1.hdslb.com/bfs/archive/99c2bf826de083e1d1a510bc02382f70802bb5f5.jpg,【万字解析！时长一小时！】从斯巴鲁到日本汽车工业！为什么说日本汽车的辉煌时刻永远只会是“昙花一现”？,1754403132,3685,3546779041663895,哔车BeepCars,https://i2.hdslb.com/bfs/face/5934f89f2cbf6b4be4c2b99be5ee4768ef741f8c.jpg,9653,"汽车,日本,万字解析,发展,斯巴鲁,JDM,长视频,Subaru,汽车工业,阿B车友俱乐部",47801,432,773,2136,2069,491,0,0,2230
BV1QRtGz3EYt,114969999840624,1,250,2111,出行,美妆,http://i1.hdslb.com/bfs/archive/0df2d9f8fe6cf22cc8bba6f274c211da4f912e0c.jpg,剪了一位平平无奇的客人…,1754303806,132,1869712375,山城小栗旬的理发日记,https://i1.hdslb.com/bfs/face/21a7acb06d7ecbd35d27213f87ea6749f9fd18e0.jpg,3842926,"帅哥,原创,山城小栗旬,记录,解锁夏日时髦vibe",1511138,1350,1285,6097,1579,1654,0,0,104213
BV1sPhuz8Eqf,114963205063026,1,126,2063,人力VOCALOID,鬼畜综合,http://i1.hdslb.com/bfs/archive/f5b863f13a5d2c0e8dc6e57aa927fcd573b9ec47.jpg,被这卖车的主播笑死,1754199572,83,7275647,碧天蓝钻,https://i2.hdslb.com/bfs/face/ce1595b2d2bb472bb1f5437e49cb6a2415a44147.webp,1082541,"奇葩,高能,直播,鬼畜调教,搞笑,小仙女,主播,带货,黄绿合战10th-黄队应援",696145,283,314,2726,596,448,0,0,21134
BV19rtMzeEWu,114968473115692,1,172,2071,手机游戏,射击游戏,http://i0.hdslb.com/bfs/archive/6283894837ba72239750775101a650ee1ee10d7e.jpg,被无名抓住机会，整个全装队也得压力吃满,1754279954,256,1809444890,三角洲-安澜,https://i2.hdslb.com/bfs/face/e714b2642ce045e441a21dd29e94a72d3f7f3f8e.jpg,302759,"三角洲行动,三角洲改枪推荐,单三猛攻,无名教学,幽默静步人,粑粑流无名,安澜三角洲,粑粑老祖,akm,三角洲攻略课堂",586675,471,684,2332,825,510,0,0,37570
BV1yKtFz4EeF,114980552839277,1,65,2071,网络游戏,射击游戏,http://i1.hdslb.com/bfs/archive/d21cf2c8ea37aec63f9eb8f069ae85819f74f827.jpg,逆天小伙立志将三角洲所有武器都科研出最完美战备!今天是k437猛攻监狱!,1754464173,235,499161586,一帆-三角洲,https://i1.hdslb.com/bfs/face/d2bbfc4ea0491d7608bfceee20f3b03628abf7db.jpg,112528,"娱乐,善战行动,三角洲破壁新赛季上线",394252,590,435,16432,1139,347,0,0,29800
BV15MhHzjEXx,114953407307236,1,265,2071,AI音乐,射击游戏,http://i0.hdslb.com/bfs/archive/043ea249fd65dfc191ab39565dd977e433182ac5.jpg,鼠鼠今天生日，可以放过鼠鼠吗？鼠鼠会报答你的！,1754092945,93,3537118242540062,slime布丁姆,https://i2.hdslb.com/bfs/face/6fbc97634511ba16187911ca9d1b036a85322df6.jpg,36912,"三角洲行动,三角洲,祝福,生日,人机",693087,11574,3693,28580,46070,731,0,93,156310
BV1GB4RzFEk3,114977046268718,1,17,2066,单机游戏,单机主机类游戏,http://i1.hdslb.com/bfs/archive/fc89f1b641337f23c7018c4f5c4d9d252c9244e3.jpg,我巨物恐惧症犯了，你别过来啊！！？,1754438400,871,680447,马里奥红叔,https://i2.hdslb.com/bfs/face/9f266d9214894cc4134b114fc8c8ce028a235421.jpg,2497600,"联机游戏,游戏视频,搞笑,娱乐,禁闭求生2,主播,沙雕,推荐宝藏游戏",526298,773,511,7510,7318,409,0,0,35379
BV18btEzWE9H,114974865298322,1,252,2039,仿妆cos,cosplay,http://i2.hdslb.com/bfs/archive/612a9e4d89897999eb7fa32bd0d55c0b2864dbad.jpg,【广州jojo only】替身使者才能看懂的视频,1754377395,18,1289120898,我素章鱼小丸狗,https://i0.hdslb.com/bfs/face/2f0999c22042c4695dc9be51d13b114d0ee97036.jpg,1959,"JOJO的奇妙冒险,替身使者,承太郎,白金之星,jojo,Cosplay",1080014,218,846,6351,535,2277,0,0,98069
BV1ofhEzCEZE,114952400607365,1,17,2171,单机游戏,动物综合·二创,http://i2.hdslb.com/bfs/archive/a1280bc71174507d3dd028151c25f4c6099f583b.jpg,我是为奶奶分担家务的好猫！,1754380800,248,14576879,里昂聊游戏,https://i2.hdslb.com/bfs/face/5a5d2e7392187a3d76109619d05f7c011c724b95.jpg,1715033,"云鲸洗地机,云鲸轻集污洗地机,云鲸S3Island,云鲸AI免维护洗地机,文静,内向,整点电子榨菜",2759470,1888,415,42398,3633,413,0,38,67827
BV1zMtnz1E9B,114975989369918,1,21,2071,日常,射击游戏,http://i0.hdslb.com/bfs/archive/04d1648218b1fb50f4dd41e192945581c92024ce.jpg,暗区突围又将迎来超大更新！队友可增援！热成像免费！暗区突围超牛逼！,1754394673,323,498987983,纯真的向死酱,https://i2.hdslb.com/bfs/face/b4fdd30e92973d85ff67a783d336f12097f00c60.jpg,1067821,"搞笑,暗区高能团第一期,教程攻略,爆料,整活,必剪创作,暗区突围",386253,1490,1647,2689,980,1776,0,0,17834
BV1QatwzjEav,114981039245435,1,201,2097,科学科普,AI资讯,http://i0.hdslb.com/bfs/archive/68d1f50d9fc4df45ec78833aa1a8a3629c1f021f.jpg,赛博朋克2025：美国老百姓要和AI抢电用了,1754471812,328,335850246,玉渊谭天,https://i0.hdslb.com/bfs/face/26fcb2de0b98ea9f5996446d9771d2021abb7c66.jpg,1679336,"美国,AI,人工智能,赛博朋克,机器学习,深度学习",141024,464,842,1340,752,342,0,0,12091
BV1MutKzUEpL,114982750523464,1,172,2077,手机游戏,休闲/小游戏,http://i2.hdslb.com/bfs/archive/8fb45c7bb61ef4b4818d16fb299f80f88fa65d99.jpg,蛋仔派对：甩掉南瓜小技巧，再也不敢叫南瓜上强度了！,1754498239,137,64621079,隐秘的兔仙,https://i2.hdslb.com/bfs/face/a557213fddae799ef9963d790ea571ce22b7ddf0.jpg,470432,"蛋仔派对南瓜入侵,隐秘的兔仙,蛋仔带你看世界,蛋仔派对",472664,200,206,12015,625,22,0,0,12174
BV1uahTzYEdt,114962064219312,1,171,2071,电子竞技,射击游戏,http://i0.hdslb.com/bfs/archive/75a042e1ef40a670ebc7c64539596c63ad7fb517.jpg,逃   学   威   龙,1754182130,187,193563477,轮回丶Hui,https://i0.hdslb.com/bfs/face/acf758aa01aff3ba3fd69cbfc652242c75ff7d5a.jpg,5515,"得吃,三角洲行动,零号大坝,鼠鼠,老鼠,跑刀,猛攻,三角洲,深蓝,夺舍流",672651,575,1255,10049,1937,4299,0,0,61220
BV1hct7z9ECk,114973405742766,1,253,2042,动漫杂谈,动漫评论,http://i2.hdslb.com/bfs/archive/bc34e1241ddde62f89208c065cd4c0f62a689c30.jpg,美国漫展是属于成年人的世界- 几千人同看银幕上飞天装逼的狂欢!【bilibili 次元论战】,1754452800,779,102348,女神绫波丽,https://i0.hdslb.com/bfs/face/ee0b609fc489bd49a7744b29c95906bc386b8f24.jpg,403833,"留学,美国,动漫杂谈,漫展,今石洋之,vlog,动漫二创,扳机社,panty and stocking,bilibili次元论战",139145,870,418,2634,2127,294,0,0,7796
BV1Dot5zmEid,114972952627955,1,161,2146,手工,解压手工,http://i0.hdslb.com/bfs/archive/20a6f545779bb7a7faba7ac6135b3d296159c634.jpg,放个七彩烟花，祝我生日快乐，成功活到36岁啦！,1754348395,100,2134988818,咸鱼抗癌就靠玩,https://i1.hdslb.com/bfs/face/79abfd36cbd58ca6ffbea650df0334e5614d98f5.jpg,128753,"手工,助眠,胶带粘球,放松,粘粘球,必剪创作,我的手工真的很解压",1303653,21731,3173,5056,10533,874,0,0,83083
BV1MahNzREwF,114959144983991,1,22,2063,鬼畜调教,鬼畜综合,http://i0.hdslb.com/bfs/archive/98f93cb69bdc14a21e256fb254d6eb7cfe3e9f49.jpg,“发给MC老玩家，并什么都不说”,1754279700,181,28284160,我叫瞬哥qaq,https://i1.hdslb.com/bfs/face/39a3498888d90307373821ed7ad933567babb4c9.jpg,708364,"演奏,单机游戏,我的世界,籽岷,沙盒游戏,Minecraft,音mad,老玩家,回忆向",314246,656,1335,17880,13861,10294,0,0,64223
BV1BthVz8ELu,114964882856608,1,17,2078,单机游戏,沙盒类,http://i2.hdslb.com/bfs/archive/fffc5943c546dbc23696e8cb3ef288f7e3bb91a9.jpg,【我的世界|后室】爆肝后室！！3.7平方米的level0？自制后室速通,1754225089,128,384505691,妥协本人,https://i2.hdslb.com/bfs/face/eb4806df7e68dc176fbd7af4a955b85cbb07f8ad.jpg,1558,"我的世界,后室,爆肝",354671,359,542,3133,4140,141,0,0,35537
BV1qitgz2Ehh,114969026889961,1,21,2154,日常,剧情演绎,http://i0.hdslb.com/bfs/archive/4932cef09d07a611fbd3b517806b1310711b8620.jpg,可以治愈我童年创伤的Bestie,1754388000,81,3546876221590023,WhotfViola,https://i0.hdslb.com/bfs/face/076b141956bf5e98c4103a6921e3191be07ae33e.jpg,500478,"闺蜜迷惑行为,闺蜜日常,富婆,bestie,我的闺蜜",347804,205,442,1774,782,1192,0,0,46364
BV1Z2tAzdEFN,114982431888926,1,250,2167,出行,猫,http://i2.hdslb.com/bfs/archive/3454d952da4b56f4b34ddb122e4b81c8612a5a25.jpg,带狸花猫环游世界《爱猫之城伊斯坦布尔》,1754524800,291,404585870,不撸猫Blue,https://i2.hdslb.com/bfs/face/d56be7661b1953614bd87891831b3288c2523106.jpg,703891,"生活记录,猫猫,旅游,狸花猫,动物总动员,环游世界",694520,1317,1523,7761,4920,3325,0,0,80567
BV19StGzyEkH,114969983063420,1,65,2071,网络游戏,射击游戏,http://i2.hdslb.com/bfs/archive/737ea0994148ef5b39f0c0909042629a00c6d893.jpg,⚡原来暗区还能这么剪啊?⚡⌓‿⌓,1754303053,55,3546940727887989,早起的-星辰,https://i0.hdslb.com/bfs/face/ea4d44e5b4502b5a397a60aac7fb24e57d053c0e.jpg,17378,"剪辑,暗区突围可颂作者团,卡点,暗区突围",312478,236,407,4111,3854,194,0,0,27401
BV1i2tAzdEbS,114982431818127,1,17,2077,单机游戏,休闲/小游戏,http://i1.hdslb.com/bfs/archive/088e029effde9c2cd240810380617d3e479b69de.jpg,融合植物287:云耀yoke！,1754521200,298,1775579023,ys羽衫,https://i1.hdslb.com/bfs/face/47a34d9ad8ee585f32d0f7f1c4ed891f0f57571b.jpg,14682,"植物大战僵尸,娱乐,演示,PVZ融合版,二创植物,融合",479711,1372,1357,3553,628,424,0,0,14403
BV1iChgzQEdM,114964262027707,1,218,2167,喵星人,猫,http://i2.hdslb.com/bfs/archive/484fe81427b1a91cefe38944d7742231dde044fb.jpg,咪有自己的地球转场,1754215717,15,3546894760414025,坦克一斤半,https://i2.hdslb.com/bfs/face/364775b6ab19386fb9c133d501cc4dfcf9c768e3.jpg,50108,"喵星人,地球,美短",3400861,447,3474,106055,26582,31373,0,21,620584
BV1NChnzYEQK,114953675673461,1,172,2064,手机游戏,单人RPG游戏,http://i2.hdslb.com/bfs/archive/bb46c4c0b94bf197056bbf60d9ddda82eeb4e37e.jpg,3.6均衡命途仲裁官登场！星铁开服最大伏笔终于来了？,1754054208,281,3546664558135806,星铃拿铁,https://i0.hdslb.com/bfs/face/1c7e01be49a86c97c4984d472a51f7b58b0f3cf0.jpg,33295,"游戏杂谈,螺丝咕姆,均衡星神,大黑塔,昔涟,如我所书,翁法罗斯开拓之旅,来古士,长夜月,三月七",1420276,1203,3408,20076,5679,12433,0,0,104396
BV1DYhEzhETv,114950605379287,1,65,2071,网络游戏,射击游戏,http://i0.hdslb.com/bfs/archive/634ae36945914734d439b4652c0c6969a9d28b27.jpg,坏了！玩了乌鲁鲁一去不复返了！,1754007288,244,65991460,绝地飞车-教主V,https://i1.hdslb.com/bfs/face/48e9e3f6dd5ac8c8996e2d005ac2f96a4d21b7ad.jpg,216513,"三角洲行动,三角洲鼠鼠拯救世界,三角洲一搏成名",1115477,423,1217,3920,673,1926,0,0,55387
BV1DAt6zDEAN,114987196616276,1,182,2001,影视杂谈,影视解读,http://i0.hdslb.com/bfs/archive/fe0e718a8eaf6644555df56615a925d739e1b9bd.jpg,挑战全网最细！层层烧脑，逆天的细节，深层的隐喻！颠覆性十万字细嗦《开端》下,1754568475,7917,479820935,不善言辞的秃秃,https://i2.hdslb.com/bfs/face/93d7f42e08ef889f097de4992adf72fa5e571547.jpg,1004911,"悬疑,白敬亭,推理,反转,烧脑,开端,拉片,细节,赵今麦,好剧好片重刷榜",138233,2816,1034,4750,8669,357,0,0,11194
BV1YLhWzEEQ9,114954229257331,1,171,2071,电子竞技,射击游戏,http://i2.hdslb.com/bfs/archive/6f63e471e7431e67707431dcf5f09a941cdc2692.jpg,脸都气绿了,1754062484,431,1050482689,康有成,https://i1.hdslb.com/bfs/face/2856b2c0f3f7bca04bc4b84883533eb3db3cfef9.jpg,164464,"电子竞技,穿越火线,FPS,推荐宝藏游戏",2014546,1784,1093,19308,4602,2983,0,0,123905
BV1Z9tEzKEoq,114974596797297,1,176,2109,汽车生活,汽车技术,http://i1.hdslb.com/bfs/archive/9d6631d1562d733a133081a147f313c7faf7384b.jpg,亲手造一辆小米，探秘科技公司造车真实水平,1754380800,517,394609671,终极小腾,https://i0.hdslb.com/bfs/face/9fb58015e9584916246cb33af4773ad1edabeead.jpg,2429452,"汽车,跑车,小米,非正常试驾,性能真相局,电动车,工厂,性能,提车,为什么真性能车更安全",1712902,2042,3128,11503,14289,4197,0,95,58105
BV1jrtczHExU,114981592894362,1,21,2079,日常,其他游戏,http://i1.hdslb.com/bfs/archive/e967f5e7de7fbaff3ce0d63261d9d8bf31ba636d.jpg,【TABS】迪迦奥特曼（重置）,1754480619,607,3493077855504441,青娲Ho,https://i0.hdslb.com/bfs/face/62108a85233f592053f9f550460cce4b7befce39.jpg,8702,"奥特曼,童年,怪兽,迪迦,加坦杰厄,热血,光,TABS,tabs,必剪创作",73999,504,225,2663,2117,157,0,0,4988
BV1jfh8zVExa,114958138345626,1,218,2167,喵星人,猫,http://i1.hdslb.com/bfs/archive/bbade95d368df4f908587fbe6c27c79a64d107b6.jpg,拍猫录：瞬间即永恒，我镜头下小猫突突经典四连拍,1754122172,39,143986403,猫太极的拍猫录,https://i2.hdslb.com/bfs/face/d58676f6aa8875754011984344715a430ec35628.jpg,46006,"猫,喵星人,谁家小猫这么可爱,田园猫",2574104,933,1823,40666,4883,14870,0,41,303613
BV1EQhtzgEJu,114957651807028,1,85,2154,小剧场,剧情演绎,http://i2.hdslb.com/bfs/archive/cf4d9c4ae4d3d4418e2ecb1f90f8bb8f595cd08c.jpg,当你穿进老钱班5,1754121900,132,503058735,侯绿萝,https://i0.hdslb.com/bfs/face/b444cf0fe0f32dd7d2960ceb8b830c873a5da7c2.jpg,1493785,"娱乐,段子,小剧场",6564404,8278,3642,64888,92742,5039,0,2,677923
BV1Egtnz5EZF,114975972526227,1,241,2009,娱乐杂谈,娱乐评论,http://i0.hdslb.com/bfs/archive/b4001450cbb5744ef2176c293c1ffffac276c42a.jpg,张元英开球，被凝视的女爱豆？揭秘星船无底线大营销,1754395422,376,19533724,穿上新一,https://i1.hdslb.com/bfs/face/5549b2446ddfab189b6ecfb02fce94f421bc6c6e.jpg,163211,"KPOP,女性,女团,直井怜,爱豆,女性主义,IVE,星船,张元英",218740,610,530,1929,1425,299,0,0,7205
BV1No4ozRE4h,114977398588821,1,24,2041,MAD·AMV,动漫剪辑,http://i2.hdslb.com/bfs/archive/54d90f853006d708cace320d4faccbbdf46b6fb6.jpg,【冰菓MAD】折千发糖，势不可挡,1754445600,146,3546784896911608,妖精系波克基斯,https://i1.hdslb.com/bfs/face/7b052751e96e1b52e21dce38570e3487c7ba4cde.jpg,5434,"MAD,冰菓,恋爱,动漫,折木奉太郎,千反田爱瑠,冰果,京阿尼,嗑糖",133635,139,593,6983,2558,676,0,0,27039
BV14ZtJzpEmE,114975838311277,1,65,2071,网络游戏,射击游戏,http://i0.hdslb.com/bfs/archive/d9e9ec58e7f32cb06113908064662756810e4bc4.jpg,全新折磨连连看来咯 卡牌大师前来挑战,1754392205,856,3461572586375762,小里电竞,https://i2.hdslb.com/bfs/face/9ea49de53aec6e12c011ccdb30f0611b44e4bdf7.jpg,188535,"三角洲行动,三角洲行动建模大师,三角洲鼠鼠拯救世界,三角洲破壁新赛季上线",244961,493,301,1860,507,109,0,0,17359
BV1dj8yz5EiV,114946880833592,1,252,2113,仿妆cos,仿妆cos,http://i1.hdslb.com/bfs/archive/28604945c7449f067cd5bdae5dd0d693529c7510.jpg,【第五人格】红夫人蓝皮-红心皇后仿妆来咯,1754046000,254,415897343,初九Haimon,https://i2.hdslb.com/bfs/face/5755ceca1459f9028973297abda9e60f02a30c13.jpg,1339664,"仿妆,美妆,COS妆,第五人格,红夫人,神还原仿妆大会",1997232,635,1053,61452,18358,443,0,70,154533
BV1HctEzkE1r,114974965892695,1,176,2108,汽车生活,汽车生活,http://i1.hdslb.com/bfs/archive/804d89a9bd3879126fd6ff5c238bef9aa3fa15bc.jpg,听好这5句话，下半年买车不吃亏，尤其是第一句话！#买车 #油车 #电车 #买个der,1754388000,532,3546724748495813,超哥超车,https://i2.hdslb.com/bfs/face/4bee3bbf26fe89cb847f93cfeb1566c31da0667a.jpg,804130,"电车,买个der,买车,油车",147760,536,1079,1268,731,904,0,0,7465
BV1e5hxzoEZf,114955001004542,1,21,2207,日常,随拍·综合,http://i2.hdslb.com/bfs/archive/3a8b8ef716cf5ed0a306dcb7dc37be35816a54eb.jpg,【MrBeast 首发】让200万人第一次喝上干净的水！,1754107200,589,1027737427,MrBeast官方账号,https://i1.hdslb.com/bfs/face/d85295bc576e059c1a549d89d405f22311571898.jpg,5481637,"公益,歪果仁,英文,生活,挑战,慈善,野兽先生,MrBeast,整活,整活儿还得看歪果仁",4837865,85393,7456,113400,251279,5189,0,1,627398
BV1RbtwzEE2E,114980871475347,1,212,2150,美食侦探,美食探店,http://i1.hdslb.com/bfs/archive/225e4c321b06427499d402f5d1f0ef970c364957.jpg,1280元高端和牛烧肉omakase，主厨说要让每位食客吃饱，吃完想续什么尽管提～,1754476500,993,1244310984,温油辣辣U,https://i0.hdslb.com/bfs/face/4537c9f338b7f157002a571e2f73ffcd4e636a56.jpg,809588,"记录我的美食日常,和牛烧肉omakase,帝王鲑",449228,712,359,5476,4033,571,0,0,19784
BV1oHtFzLEYL,114980049392296,1,17,2066,单机游戏,单机主机类游戏,http://i0.hdslb.com/bfs/archive/51a2dfca7b6822c372add2b2d37a872d0c98333e.jpg,我永远都不会原谅《最后生还者2》,1754539200,929,340310257,童子军大王,https://i1.hdslb.com/bfs/face/76cdeed2a2e06e2624d079b17f12c7915a04dc78.jpg,73732,"RPG,游戏,steam,童子军大王,动作游戏,美国末日2,最后生还者2,ps5,美末2,推荐宝藏游戏",49208,867,1583,895,1839,385,0,0,3510
BV1eAtgzuEn9,114969731466787,1,59,2021,演奏,演奏,http://i1.hdslb.com/bfs/archive/ebc5d8ac93806e3b81197f2e3f1e15de833d2a5c.jpg,【Ayasa】鸣潮弗洛洛│失亡彼岸小提琴版「酣梦于彼岸深红」,1754391600,200,321056219,Ayasa绚沙,https://i2.hdslb.com/bfs/face/510e0d8b930f38055e47b1343cb2b129147c67e4.jpg,728920,"二次元,翻弹,COVER,纯音乐,小提琴,Ayasa,鸣潮创作激励计划,弗洛洛,独奏,鸣潮",101929,191,775,4037,7913,2482,0,0,23681
BV1Q6tPzUEVb,114981777445829,1,21,2148,日常,其他手工,http://i0.hdslb.com/bfs/archive/48cc33c4007c56e360de6e7f212cbdaa8052aef3.jpg,哥给你整点好玩的！,1754483058,97,72969462,笔给你你来写_,https://i0.hdslb.com/bfs/face/8e8a57daeb8ee0b50e6fa4e66c4f18f849fc601c.jpg,1139385,"脑洞,手工,原创,doro,曼波配音,随笔,印章,笔给你你来写",127370,230,1512,907,1653,95,0,0,24404
BV1TchnzwEkW,114951997890406,1,22,2063,鬼畜调教,鬼畜综合,http://i2.hdslb.com/bfs/archive/b4e9194b74342dee5c0e7988dc48d79ff8fa0eea.jpg,憋笑挑战！！蛋宰派对！！,1754028422,57,3546760133741060,MC贝勒,https://i2.hdslb.com/bfs/face/09d9e08063d5ae49b03235dce0fd245828ecc7d4.jpg,161221,"娱乐,歪果仁,万恶之源,高能,恶作剧,配音,挑战,派对,男人,鬼畜星探企划",3285711,4160,534,10364,2308,1762,0,0,86375
BV1KKhpziEEn,114952836743619,1,182,2126,影视杂谈,户外探险,http://i0.hdslb.com/bfs/archive/8299ab4225ea044315a1bc44215f4b9254f3415b.jpg,湖南男子被困水下洞穴5天后获救，详解湖南湘西溶洞救援事件,1754049600,717,87670515,神秘园SMY,https://i0.hdslb.com/bfs/face/97df512c31b322245934bfbd23613510d2203d11.jpg,1004707,"湖南,二手推荐,湖南溶洞救援,湘西溶洞救援,转转,溶洞,湘西,洞穴,二手手机,湖南湘西",1657925,8588,3719,13698,15809,3634,0,0,93973
BV1jptwzWEkS,114980938646889,1,138,2154,搞笑,剧情演绎,http://i0.hdslb.com/bfs/archive/6db538aae351824982e29b5d66c2056ae1b65ebb.jpg,当苏超遇到赣超,1754470145,115,594968909,叨叨傅吐槽秀,https://i2.hdslb.com/bfs/face/77ee65f1031596d0db8581d2eaa7298fe06751d7.jpg,333675,"搞笑,短片,原创",276886,647,1830,907,1693,1105,0,0,25424
BV1kNt3zdE2P,114968976428673,1,182,2001,影视杂谈,影视解读,http://i0.hdslb.com/bfs/archive/b2ae9538f75cedc41fdd1e8baa0b6fdb084b7fde.jpg,第一斧女？！有什么事请联系我的斧头吧！万字拉片拆解《珀尔》P1,1754301600,3036,84706708,小鱼陪拉片,https://i1.hdslb.com/bfs/face/3372dd6970f8df479aad6d35da42cfd32d851681.jpg,1103660,"A24,恐怖,悬疑,惊悚,万字拆解,拉片,视听语言,米娅高斯,珀尔,万字拉片大赛",957676,1647,641,27872,10823,574,0,0,36294
BV1LztgzyEyR,114969060379388,1,182,2001,影视杂谈,影视解读,http://i0.hdslb.com/bfs/archive/81263eeeda379d8d2e3fa2355a02903bb3107bf7.jpg,他越活越年轻，却注定与爱人错过一生,1754301600,183,11099044,花町公馆,https://i1.hdslb.com/bfs/face/5a18d382f3f2efeaf072eff7c801ad79be76dc94.jpg,908177,"电影,爱情,电影解说,每天安利一部好片",3942971,515,868,54626,8311,1502,0,8,159986
BV19ptFzyEB7,114980032613696,1,176,2071,汽车生活,射击游戏,http://i2.hdslb.com/bfs/archive/891ff1b61bcf37e3fcd6fecdfe358da001b33f9e.jpg,这年头还能坚持玩QXR的已经离灵长类很远了,1754456758,457,1522356828,游客一点二五,https://i0.hdslb.com/bfs/face/3b916167f76d377cd54e57e980ef5dd331cc54ef.jpg,38565,"我的世界,Minecraft,三角洲行动,少前联动打赢复活赛,使命脱坑入坑上7881,CS2,赛马娘,使命召唤手游,整活,codm",220660,341,475,3191,855,89,0,0,7765
BV1XH4dzfE5v,114976492623145,1,21,2158,日常,旅游记录,http://i0.hdslb.com/bfs/archive/b5b7155f279113a844a7383274338f6b8d9ad232.jpg,高中生挑战300元富游上海,1754406220,505,3546874103466188,泽-在路上,https://i2.hdslb.com/bfs/face/1a39846b536a40b795518fb82ff9f57714ae91e7.jpg,10836,"上海,高中生,生活记录,高中,学生,记录,挑战",240707,896,1832,2428,1499,1581,0,0,17982
BV1pUt3z4EVB,114970385712404,1,138,2155,搞笑,语言类小剧场,http://i0.hdslb.com/bfs/archive/9a225315c095a05e5fc88199187b0f83a008b32b.jpg,抓捕周树人和我鲁迅有什么关系？,1754308970,85,475937149,路西法Lusiferr,https://i1.hdslb.com/bfs/face/8fa776e2c055da0180ce6c409f9600459d4600b4.jpg,390055,"歪果仁,新疆,英语,搞笑,国际尬聊,伊布拉希莫维奇,少数民族,看一遍笑一遍,整活,搞笑研究所",1216689,605,761,4841,714,666,0,0,83994
BV1eMtAzQEAZ,114982515641761,1,171,2070,电子竞技,MOBA游戏,http://i0.hdslb.com/bfs/archive/31af0152fbda74c6e12a4b3aef45acaf6b4f4aac.jpg,【真实锐评IG零封AL】IG即将迎来完全体状态 GALA五杀 theshy迎来守护者！,1754496288,462,1628139107,真实电竞,https://i2.hdslb.com/bfs/face/e9a7d6f8af8e11c30bde4e3a398c251560d19984.jpg,1053111,"LPL,IG,TheShy,TES,转转,WEI,meiko,rookie,gala,2025LPL第三赛段",456464,2963,2248,727,1196,240,0,0,13524
BV17WtPzhE4m,114981760732685,1,250,4220,出行,户外运动,http://i1.hdslb.com/bfs/archive/ef3c537cbe01f7adcb32235bbb967e1f9e9ed9c2.jpg,【Links】登上葡萄牙最高峰，大西洋中央的海上火山之巅,1754539200,1467,3816626,Linksphotograph,https://i2.hdslb.com/bfs/face/2827281d7fd11cd62d9cc355039860cd2979970b.jpg,3588575,"葡萄牙,摄影,4K,哔须有此行,Osmo360,户外,露营,HDR,登山,全景相机",220082,2690,927,8045,20916,3354,0,0,25040
BV1LUtqzpE3S,114986256960945,1,182,2001,影视杂谈,影视解读,http://i1.hdslb.com/bfs/archive/b02ce18bb709c9af3a5827ffe60149d52bb47ab8.jpg,爆笑吐槽豆瓣2.3分抽象沙雕电影《四大美人之贵妃闯地府》，看完笑疯了哈哈哈,1754559120,665,94281836,文西与阿漆,https://i2.hdslb.com/bfs/face/ae7a0c58232beb681c8d7470914b78f03dc2d313.jpg,3867596,"电影解说,电影,搞笑,吐槽,淘宝闪购请你喝秋天第一杯,淘宝闪购请你吃秋天第一顿,爆笑解说,影视杂谈,抽象,秋天的第一杯奶茶",200985,2142,1058,1354,1174,247,0,0,14912
BV1sN82zhE1g,114947568768537,1,138,2154,搞笑,剧情演绎,http://i0.hdslb.com/bfs/archive/a6c1bbbb32a122436d05bacd78add5b4216ae3ff.jpg,当英语老师突袭查手机！,1754384400,122,393709394,一串大福,https://i2.hdslb.com/bfs/face/e6d1cf7df22235495d25d7ae77a4aa185e5d8c7f.jpg,1563722,"原创,校园,搞笑,来福来福,一串大福,学生时代,真实,英语老师,fyp",2231136,1927,1008,15529,1964,333,0,98,87797
BV1rDtFzxEBY,114979797729537,1,21,2037,日常,同人动画,http://i2.hdslb.com/bfs/archive/548ca7ea12b1394514704fa2d3a473d94fd502e3.jpg,第一视角挑战桃子组（开头出现的cp是粉丝要我说的 大家不要因为cp而争吵……）,1754454114,339,1493265234,支持猪妞的扣666,https://i0.hdslb.com/bfs/face/770fc538b7a1b5d1d5ea5163452f88d1e452b60e.jpg,34964,"猪妞,抽象猎奇,黑白高,藕饼",465050,805,477,15590,858,133,0,0,21535
BV18btuzaENj,114967885909989,1,21,2039,日常,cosplay,http://i0.hdslb.com/bfs/archive/0719799f930b72b6ac3dfa9d8522e839cfb12ef5.jpg,你好，我就是被言峰绮礼声优要合影的凛本人,1754270982,15,442067729,凉宫春日厨,https://i2.hdslb.com/bfs/face/ddbc44ed9d2ef7b9bb3cf22a53f88adbbd197d5b.jpg,2859,"远坂凛,服饰,声优,中田让治,言峰绮礼,fgo,Cosplay,fsn,fgofes,fgo十周年",405238,28,737,4645,833,1104,0,0,32553
BV12ytizKEpS,114985015446811,1,21,2043,日常,动漫速读,http://i1.hdslb.com/bfs/archive/d454442cb3350c953dd683d5849e25d1965ca1cb.jpg,【乡下人】🏀🤔难道你就是冲击波？☝😲哦？冲击波 !🪽 高分冷门神作！！！,1754541695,1332,244200945,汤源不糖,https://i0.hdslb.com/bfs/face/62067b34d7d25a801b675dac37b17c117e50ecac.jpg,28642,"彩蛋,解说,搞笑,剪辑,吐槽,冷门神作,神人,乡下人,美漫,深度解析",28311,615,284,522,636,32,0,0,2214
BV1fjtFzUEhK,114980099725109,1,253,2070,动漫杂谈,MOBA游戏,http://i0.hdslb.com/bfs/archive/c2fde3d7c7eef2228cf0fd78d8f509b3469e145b.jpg,如何突破大总统的光壁？绝对的幸运并非无解！！,1754474400,296,36834263,笙声的声,https://i2.hdslb.com/bfs/face/c691069bd485ba900dfa1f0316dfb28e8b0b9ba2.jpg,469245,"300英雄,JOJO的奇妙冒险,解说,搞笑,让300英雄再次伟大",181570,519,572,3156,889,279,0,0,14088
BV1HrhxzuE72,114956930386904,1,138,2071,搞笑,射击游戏,http://i2.hdslb.com/bfs/archive/471300fcf746d8a305d57b3a7494d870b8047f7b.jpg,亲子照？,1754126522,96,1098173832,宋云生-,https://i0.hdslb.com/bfs/face/fca17ec3de184b038620eca0043c57d282c58ba9.jpg,1516219,"手游,FPS,无畏契约手游,无畏契约,无畏契约端手大展台,搞笑研究所",2656778,436,276,5538,3116,1396,0,0,109987
BV1744RzqEka,114976828164982,1,218,2167,喵星人,猫,http://i0.hdslb.com/bfs/archive/650747e3a5749141545b9a783b59f5f783216d6e.jpg,养了快三年的痴呆小猫，我妈说他是演的，一到吃饭智商狂飙180,1754407441,339,6193241,爱赖床的图图,https://i2.hdslb.com/bfs/face/42e4ceaf6418b086143d91a7ad9ae9ace5f816f0.jpg,333214,"铲屎官,搞笑,喵星人,饭桶小猫,狸花猫,田园猫,云吸猫,必剪创作,萌宠UP主加更计划",332005,432,304,939,1028,124,0,0,8865
BV1Vm8mzDEzA,114948659218976,1,130,2022,音乐综合,VOCALOID,http://i1.hdslb.com/bfs/archive/2f20023de74bd35ad1fb20af892a46f3adec70db.jpg,《全 世 界 都 相 信 你》,1754042400,173,34262915,瑞典厨师,https://i2.hdslb.com/bfs/face/0050db2b55c7ca35db6461c8f15f28efc56b8d42.jpg,480094,"音乐分享官,新世纪福音战士,VOCALOID,重音テト,迈克尔杰克逊,假面骑士,初音未来,崩坏：星穹铁道,草东,绝区零",641014,1507,1064,42406,7574,1414,0,0,60547
BV1BPtAzsEhB,114980754035486,1,95,2099,数码,电脑,http://i0.hdslb.com/bfs/archive/bffd0e49e4bd71bab9d1c3e77b7556e387eba4ac.jpg,【2025·8月电脑配置推荐】爆肝1个月！教你装一台高性价比电脑！保姆级攻略，2千-2万预算，建议收藏！,1754470343,5303,1538983470,超能搞机,https://i0.hdslb.com/bfs/face/a3bff7bdfd3fcb39f72012052a7636ba4162956d.jpg,120583,"科技猎手,数码,科技,装机,电脑,电脑配置,DIY电脑,配置,电脑配置推荐,台式主机",141517,187,1189,8607,8017,262,0,0,10830
BV1MVtgzaEym,114969345525103,1,193,2031,MV,明星舞蹈,http://i1.hdslb.com/bfs/archive/d8cae4207dcef765e47451f3c9d008d3ad90b9ab.jpg,【沈佳润NINA】'FREEZE!'Dance Practice,1754293614,182,3546924468668626,真的沈佳润Nina,https://i1.hdslb.com/bfs/face/8c5d0611477cf29ec7516640cbead8b019954aef.jpg,223826,"4K,MV,音乐,NINA,Freeze,沈佳润,KPOP回归前线",330981,464,555,1746,2864,163,0,0,30879
BV1GMhhzTEWU,114958239009590,1,138,2154,搞笑,剧情演绎,http://i2.hdslb.com/bfs/archive/167e3f0448ce6b8ff7878eeac49e645fd2b31a42.jpg,我奶上个月交了1000元电费,1754123820,377,1659651634,七颗猩猩QKXX,https://i1.hdslb.com/bfs/face/e48329f6999d331dcb3cb5ca7ecf2b4b1100d83d.jpg,3190548,"原创,搞笑,搞笑小剧场",3528668,1628,2547,48090,10905,2476,0,35,127810
BV1k5tVztEY8,114971862110914,1,250,2158,出行,旅游记录,http://i1.hdslb.com/bfs/archive/9c72d1d7f4dd1884c6974ac811bdeaf99f0f754b.jpg,世界尽头的旷野仙境-“法罗群岛”,1754363100,779,10804055,蓝战非OvO,https://i2.hdslb.com/bfs/face/aa18f59c33db1256bf6e881d004232a62d767cc5.jpg,1624251,"生活记录,风景,旅游,旅拍,记录,蓝战非,法罗群岛,旅行攻略UP主激励计划",1104682,4331,2031,9597,26002,5894,0,47,117511
BV1uBtwzVEDZ,114980972200245,1,171,2070,电子竞技,MOBA游戏,http://i0.hdslb.com/bfs/archive/dcfc1cd1b817d24bc70d7d6f0ab0becde3ddeaa4.jpg,当我想玩把大虫，巨魔：看看你后面呢,1754477594,629,2687303,风彩丶,https://i2.hdslb.com/bfs/face/94691705599ab91aaa368f4861c5d5a706c4ad40.jpg,236157,"电子竞技,英雄联盟,下班整点英雄联盟,大虫子",293021,735,397,1037,5731,84,0,0,14989
