bvid,aid,videos,tid,tid_v2,tname,tname_v2,pic,title,pubdate,duration,mid,name,face,uploader_follower,tags,view,danmaku,reply,favorite,coin,share,now_rank,his_rank,like
BV1LRtEziERg,114974647192363,1,22,2063,鬼畜调教,鬼畜综合,http://i1.hdslb.com/bfs/archive/e551d8ffc2db8eb0917203f03ce88a2b24357fac.jpg,⚡️ 办 案 大 师 ⚡️,1754384400,136,40966108,倒悬的橘子,https://i1.hdslb.com/bfs/face/440968b6694576e931ed4ec61d699029d82bcbaa.jpg,3084931,"剪辑,搞笑,空间动力双王炸,一汽大众全新揽境上市,狂飙,王骁,县委大院",257477,115,127,666,2129,48,0,0,16327
BV1LGtjz4ExM,114973942488965,1,95,2099,数码,电脑,http://i2.hdslb.com/bfs/archive/201804c3809fff3a0edb149e339f24d484115c86.jpg,【25年8月电脑装机配置推荐】停更20天，只为带来更劲爆的视觉冲击，初心不变，致力打造全网定制标杆！做与众不同的主机！涵盖4000-4W，超详细攻略，小白也能懂,1754365308,4701,551534193,至尊定制,https://i0.hdslb.com/bfs/face/5fbb9847719371ec3ddda7fb625cc3b15cffc258.jpg,595680,"科技猎手,装机,显卡,DIY,电脑,二次元电脑,电脑配置,主机,定制电脑,配置推荐",176414,4467,918,2399,1238,767,0,0,18628
BV1PnhbzHEXY,114957064800285,1,215,2149,美食记录,美食制作,http://i1.hdslb.com/bfs/archive/78ef8883e6bf8295d7e1ae6827daee98ce0c5522.jpg,老表们，金针菇来了,1754105934,173,3546878484417233,老廖很会吃,https://i2.hdslb.com/bfs/face/003eaebefa7a8355be5c3cf1661bd1b10af6a571.jpg,50623,"美食制作,舌尖真探事务所,金针菇,创作灵感,油炸金针菇",223174,355,297,1658,1254,144,0,0,24529
BV1JB8mzoEpB,114948692776302,1,193,2020,MV,翻唱,http://i1.hdslb.com/bfs/archive/3464d2bdc09eca6426d71a7b09c32d28cf442b48.jpg,Nina《one spot》草原版 cover沈佳润,1753978001,225,3546810842876797,TH彼岸花,https://i1.hdslb.com/bfs/face/ef00ce22800adf5ebd6da0e14802c9205c2913ff.jpg,10509,"音乐分享官,翻唱,COVER,美美桑内,Onespot,草原,Nina,沈佳润",189549,397,830,4920,5834,1447,0,0,22029
BV1tDt7zJERS,114975016228285,1,76,2149,美食制作,美食制作,http://i1.hdslb.com/bfs/archive/8a05201398a3766d607568e279d875606a214eba.jpg,这么妙的小菜居然没吃过，有手就会做，传统鲁菜盐卤肚,1754388000,758,419872064,老饭骨,https://i2.hdslb.com/bfs/face/acafe3e024816f8970ce15acb1f235fc52bac14b.jpg,5204371,"美食制作,厨艺,美食教程,烹饪,家常菜,记录我的美食日常,卤味,鲁菜,小菜,Vlog",149876,530,354,2830,1652,255,0,0,8346
BV1W2h8zHEeB,114958541003336,1,212,2150,美食侦探,美食探店,http://i2.hdslb.com/bfs/archive/755a25881649b5bd8ccde56e61608c9270320f73.jpg,日本超相扑尺寸饭！普通人来挑战到底能吃完吗？,1754130926,603,405279279,平平出击,https://i0.hdslb.com/bfs/face/87bbab304eff564ec50d999f4c163f2ab225b896.jpg,771076,"自助餐,吃货,日本料理,4K,烧烤,平平出击,记录我的美食日常,挑战,沙雕,探店",702674,2172,830,3063,13393,820,0,0,36268
BV1AhtGzZEmr,114969915953979,1,238,4220,运动综合,户外运动,http://i2.hdslb.com/bfs/archive/a06e92d7ff6f7120c2357f298ec0373c527ec6d9.jpg,【无限滑板/知念实也】逐帧还原猫猫的滑板动作,1754301788,31,230079994,Nirvana少侠,https://i1.hdslb.com/bfs/face/6bb63c5385d4ea7d6be07e3e8d10d80991092890.jpg,30604,"滑板,知念实也cos,街头文化,无限滑板",237810,80,293,3394,1095,349,0,0,38072
BV1QMhJzqEbA,114952635484216,1,24,2041,MAD·AMV,动漫剪辑,http://i2.hdslb.com/bfs/archive/c9a69c04787c5acc83dc3d4d2a217411e18a2b41.jpg,神人哈基洛,1754049600,33,74184546,在下老酷,https://i0.hdslb.com/bfs/face/aff61c97696dd0a316906baf4200aa184e82c9df.jpg,103474,"JOJO,JOJO的奇妙冒险,动画种草激励计划,乔尼,SBR,杰洛,飙马野郎,哈基米",681373,5469,2481,24474,5446,26144,0,0,83680
BV1WPhTzQExA,114960285833986,1,216,2063,鬼畜剧场,鬼畜综合,http://i0.hdslb.com/bfs/archive/f7d6e2b60f59e6e0ba002961dc0c7ca95daefff0.jpg,《少林寺新方丈选拔大赛》,1754155101,375,1650750,阿游Kidding,https://i0.hdslb.com/bfs/face/8fa7e3f35d1561fb83089e7ef349e7f0585caf3b.jpg,3226,"搞笑,周星驰,佛教,少林寺,鸠摩智,法海,释永信,整活,鬼畜剧场,鬼畜星探企划",1278669,2053,969,4642,8466,2482,0,0,32282
BV1st8fzPEZo,114939717031084,1,22,2063,鬼畜调教,鬼畜综合,http://i2.hdslb.com/bfs/archive/710d9e6ced2d3b5b372d42a12dc92c520acb8907.jpg,⚡嘎！⚡,1753934100,207,2283296,小猪P_,https://i2.hdslb.com/bfs/face/e3cd0e238b61cb1c23ffae2f7f99fcc59818cf68.jpg,664914,"鬼畜,黄绿合战,MyGO,Ave Mujica,黄绿合战10th,灵感菇,爱音,咕咕嘎嘎",1317879,3742,5436,29325,27289,17467,0,88,97440
BV1DGhMzNEqZ,114961963555223,1,65,2071,网络游戏,射击游戏,http://i1.hdslb.com/bfs/archive/0cf9c8824daaed9ddc62969206486a8cd1f01161.jpg,纯享版死roll局，一秒都不用剪,1754180535,95,3461570499709389,J1anB1ng,https://i0.hdslb.com/bfs/face/1480f5b3502bd281ff5108f3330aebab131c18d6.jpg,305,"精彩集锦,FPS,2025鸡斯卡星火计划,PUBG",166809,170,452,2219,698,3641,0,0,9788
BV1og4dzTENS,114976358403549,1,172,2064,手机游戏,单人RPG游戏,http://i1.hdslb.com/bfs/archive/78275527740058328906ae18fdd50d8d1b815db4.jpg,丹恒上万年的等待，只因为你是他一辈子只此一次的挚友…,1754400481,217,3546664558135806,星铃拿铁,https://i0.hdslb.com/bfs/face/1c7e01be49a86c97c4984d472a51f7b58b0f3cf0.jpg,31388,"游戏杂谈,丹恒,饮月,荒笛,翁法罗斯,如我所书,翁法罗斯开拓之旅,丹恒腾荒,丹枫,三月七",101385,151,392,2774,649,897,0,0,6730
BV1p881zsEP9,114948223013471,1,21,2181,日常,两性知识,http://i2.hdslb.com/bfs/archive/e8f8c711d823dc1c5968948dd59428ca989b38e3.jpg,被女友逼成S有感,1753977728,320,478720594,少吃点布洛芬,https://i1.hdslb.com/bfs/face/abccc6cbef2dc8afddd140a5366e445065e0fe46.jpg,454965,"健康,心理,体修,了不起的她,还是算了爸,0笼T透,角色扮演,字母表,精致人生,小男孩原子弹",766880,7723,2427,10213,6108,11149,0,0,58469
BV1gthNztErV,114959195313366,1,232,2080,科工机械,时政资讯,http://i2.hdslb.com/bfs/archive/04575fa56b39e3eb8f57f63a6eb9aa71031368d2.jpg,我军潜艇兵回家后的伙食到底有多豪横？炊事班正在准备……,1754141400,477,46470268,央视军事,https://i1.hdslb.com/bfs/face/9dcc59c2e51aa7b9f178463903cbd4daab351dd2.jpg,2315108,"美食制作,烹饪,厨房,军事,潜艇,厨艺,炊事班,松鼠桂鱼,伙食,后勤保障",423123,1214,1171,2290,929,543,0,0,18969
BV1abt3zgEPr,114970670927751,1,28,2063,原创音乐,鬼畜综合,http://i2.hdslb.com/bfs/archive/67b10cfb4f718278b2e170676e2b9deac7acada8.jpg,哈基米登上顶点的梦该醒了 I Really Want to Stay at Your House,1754313438,100,350008700,HugoXG,https://i2.hdslb.com/bfs/face/2c4a9a844198f437dadfa5da7024019097823393.jpg,2483,"赛博朋克2077,鬼畜,曼波,哈基米,东海帝皇,赛博朋克边缘行者",289870,245,1572,13654,6282,8443,0,0,42062
BV1xstczAEz6,114979629962308,1,214,2152,田园美食,美食记录,http://i1.hdslb.com/bfs/archive/408eba40e8594bb4edf6f2c9cb1d03ce14898629.jpg,建水草芽——滇南人的水中珍馐【滇西小哥】,1754467200,1370,101229184,滇西小哥,https://i1.hdslb.com/bfs/face/a235389baf30c5819d1dba02a8a1d581598e66c7.jpg,1610785,"美食制作,云南,记录我的美食日常,赶集,草芽,云南特色",92783,1006,247,1019,3382,205,0,0,7943
BV1a38mzLEFV,114949330306218,1,138,2154,搞笑,剧情演绎,http://i0.hdslb.com/bfs/archive/3282c429efc3290e4bf58e542a15015d949a25f4.jpg,那些年女主人不在家的日子,1754052600,171,639923249,大瑶同学remix,https://i2.hdslb.com/bfs/face/5e3796f6804b0035f0173b830e9aad5ad51385ca.jpg,1565002,一人分饰多角,709484,387,777,2173,3783,367,0,0,86557
BV1cdh3zYEyg,114963473501047,1,251,2090,三农,人文历史,http://i0.hdslb.com/bfs/archive/3b27df18b1d3bb9bfd38981078a2044d90999bf1.jpg,这个104岁的爷爷，带给我的不止有敬佩和感动,1754203605,133,3493123130919728,我是凡人繁星,https://i2.hdslb.com/bfs/face/76cdfd193b3cb59b2261bb390979a39748b3d901.jpg,254282,"爷爷,正能量,生活记录,记录美好农村生活,抗日,感动,鬼子,乡村,抗战老兵",339580,11375,1515,7361,18330,612,0,0,78334
BV1uetnzZEAk,114975704094192,1,172,2064,手机游戏,单人RPG游戏,http://i0.hdslb.com/bfs/archive/85d63b6356dd94302358e7e0cfcd6353a5c994f4.jpg,飞霄2金0T史瓦罗！小飞老矣，尚能战否？无需3Q鸟暴力拆解下城区体育生！,1754390411,240,39720180,恭梓呀,https://i0.hdslb.com/bfs/face/87fde78dda0bad634005690f28c5c21c132e426f.jpg,47717,"二次元,追击队,飞霄,崩坏：星穹铁道创作者激励计划,恭梓,巡星杯,竞速,知更鸟,长夜月,0T",93798,302,676,790,960,1037,0,0,9178
BV1jLtEzAEFH,114974747795302,1,182,2004,影视杂谈,影视正片搬运,http://i2.hdslb.com/bfs/archive/e495e40043a3f25d51c7f3a31f9a68ad5b3ee879.jpg,【雍正王朝72】万众期待的殿试大选终于开始啦！,1754388000,1228,70942172,貔柴,https://i2.hdslb.com/bfs/face/494eda60f33565f86892820e687d502c52b04c84.jpg,807730,"唐国强,张廷璐,每日一贤,雍正,雍正王朝,刘墨林,好剧好片重刷榜",257200,1601,489,1099,2318,91,0,0,10336
BV1zGtuzVEtE,114968137570923,1,76,2149,美食制作,美食制作,http://i0.hdslb.com/bfs/archive/0b9d47b2eb6c603554a75692b01b46113f404ead.jpg,【相信我！这不是黑暗料理！】,1754274994,104,417298480,村驴,https://i1.hdslb.com/bfs/face/c015fec3b6a2012bcbd3143c7f752bd7caf2c8d3.jpg,2440049,"美食制作,美食教程,厨艺,家常菜,黄瓜拌油条,凉拌菜",380546,215,840,9576,719,2695,0,0,20510
BV1Qs8kzcEZW,114945689653900,1,171,2070,电子竞技,MOBA游戏,http://i1.hdslb.com/bfs/archive/fe99618c0d1c542e6b3c74525a9f81425695ed3d.jpg,今天遇到了电子2D！,1753932293,159,589991077,是鬼岛啊,https://i1.hdslb.com/bfs/face/8a876b61dac82e031c0b7e59b2388b4046738a76.jpg,1123248,"王者荣耀UP主激励计划,电子竞技,王者荣耀,MOBA",1163649,562,313,18199,1558,703,0,0,65880
BV1f4hVzcEwy,114964966809040,1,162,2056,绘画,非二次元绘画,http://i2.hdslb.com/bfs/archive/d2173f6d80c017c753499d60ff8b42af9ee0f677.jpg,【灵魂画手】当医生开启“微笑服务”模式...,1754226417,30,3493104575318766,笔画心情,https://i0.hdslb.com/bfs/face/e3b96c373683c0101ec0ff0bb40ce3a4ff512634.jpg,4829,"手绘,漫画,搞笑,赫尔森微笑服务,画画",555250,207,574,3342,570,4531,0,0,34415
BV1bjtgz8EcR,114969513366844,1,161,2183,手工,助眠视频·ASMR,http://i2.hdslb.com/bfs/archive/d46104593820fbb77078c7f72cac0eee10b0fd14.jpg,你想随身携带哪本书呢？ASMR,1754295668,65,8399798,Aismr_,https://i2.hdslb.com/bfs/face/24b362b243c9b0206be406fcc6636c34e6627a18.jpg,84805,"治愈,催眠,助眠,asmr,记录,解压,放松,触发音,极度舒适",460053,198,343,8129,687,646,0,0,44771
BV1LNtGz1EKH,114970536714022,1,218,2171,喵星人,动物综合·二创,http://i0.hdslb.com/bfs/archive/31afa04819f7d7fbb7414be144b40c02b79cb72b.jpg,城市猫回村以后，去抓制作猫薄荷的老鼠,1754311314,170,3493267595332476,苏豪和大强,https://i0.hdslb.com/bfs/face/9be009294b6c2e9132178b09683fddbbdc24617f.jpg,120897,"宿舍,大学,喵星人,萌宠过暑假",1153179,423,240,10074,1067,440,0,0,60020
BV1xzhTzZEUW,114962248834202,1,183,2041,影视剪辑,动漫剪辑,http://i2.hdslb.com/bfs/archive/cfbd1944b1f5a507e81d1e3280468504b031c211.jpg,⚡️ 哪 有 什 么 妖 精 ？⚡️,1754192100,86,432714872,Andalou-孟德,https://i2.hdslb.com/bfs/face/823da1bb1ffaaf24da53795f24ffb43ad107170a.webp,7182,"西游记,混剪,孙悟空,葫芦娃,天书奇谭,童年,上美影经典作品,哪吒,中国奇谭,浪浪山小妖怪取经副本启动",1414718,601,1295,28270,22212,2486,0,50,169803
BV1ng8yzJE43,114946948011180,1,228,2090,人文历史,人文历史,http://i2.hdslb.com/bfs/archive/5acdf1ef21e38176df841e10237c0cc68d6bc5b0.jpg,在苏联出差有多危险？【神奇组织35】,1753956000,2403,23947287,小约翰可汗,https://i0.hdslb.com/bfs/face/6e40dfa4d42cf89dd59526f2e0dd1e14fb6523d8.jpg,10123512,"知识,苏联,人文,组织,人物,历史,犯罪,人文历史档案馆,世界史,探案",3571717,27259,10613,51799,123268,6836,0,4,216857
BV1kxtJz5ES3,114974311584724,1,130,2026,音乐综合,乐评盘点,http://i0.hdslb.com/bfs/archive/31713dde16ed7a704add8d535491f7867ada14a2.jpg,【锐评】薛之谦新歌《金斧子银斧子》！给我吓疯了！,1754369113,396,8299159,特别厉害的祁奕翔,https://i1.hdslb.com/bfs/face/23a349f7d165634d9ad807a834ff01e2e8b3c800.jpg,644317,"音乐分享官,好听,薛之谦,电子音乐,乐评,REACTION,新歌,金斧子银斧子,薛之谦新歌",256210,713,1180,1421,747,243,0,0,9830
BV1bch3zgEBF,114964345919881,1,171,2044,电子竞技,动画配音,http://i2.hdslb.com/bfs/archive/8fa9c9a1ec87aaeca69676310a3e1665206ceef6.jpg,猛虎王我跟你爆了，这一次我不逃了,1754216986,223,403920564,大厨-鲜榨配音,https://i0.hdslb.com/bfs/face/24cb275491ee6489fdf85d846ba7d7e27866601e.jpg,100783,"童年,河南话,国产动画,动画种草激励计划,大厨金铲铲,洛洛历险记,搞笑配音",161839,355,295,2016,1370,1354,0,0,19244
BV1sHhJzZEkq,114952215989221,1,222,2171,小宠异宠,动物综合·二创,http://i2.hdslb.com/bfs/archive/9dd5eba64aa0c2c3d3c2b016467097e9e38fd36a.jpg,1000种生物混战，河虾大军灭三大天魔，六仙域残党险些再次团灭！｜【黑暗森林3】,1754042858,742,14556547,蔡武年,https://i1.hdslb.com/bfs/face/26476ff94e664738495ef2fa219459096e5ffa20.jpg,640195,"黑暗森林,福寿螺,天魔,河虾",4367155,1884,1581,53195,40008,2334,0,27,148251
BV1tNhVzLEF4,114965134446325,1,27,2041,综合,动漫剪辑,http://i2.hdslb.com/bfs/archive/f2036493a7a4bec55ae3ba4cbe29f4931da481cc.jpg,退无可退何不向前放手一搏？,1754229013,16,1987097349,凡人不漫剪,https://i0.hdslb.com/bfs/face/0d4108fa2a2fed0a584ea408914c37e590ece4ed.jpg,178417,"吉良吉影,不灭钻石,杀手皇后,jojo的奇妙冒险",530844,299,2105,11950,827,1479,0,0,53674
BV1pw8yzREz1,114946763459251,1,162,2057,绘画,绘画学习,http://i0.hdslb.com/bfs/archive/52ec220de4bad5129a419d3b0fd3e3c9f2f9bdc7.jpg,不废话，学,1753948685,71,99026839,舒雅ya,https://i1.hdslb.com/bfs/face/78638e57bc16529355a4e52ae1fc917f3045066e.jpg,11154,"上色,金属,绘画,绘画教程,PROCREATE",1076724,3912,1127,83028,35924,4745,0,94,173109
BV1KNhpzTE3M,114952786415325,1,21,2154,日常,剧情演绎,http://i1.hdslb.com/bfs/archive/4b8e0e18a78238a70bb9304d9f389ae60c742f53.jpg,b站让我用十秒留住观众（物理）,1754107500,288,9354231,快乐的台长,https://i0.hdslb.com/bfs/face/84f1b28f5b474e298603fc7b85eba8545dac968c.jpg,1296660,"生活,搞笑视频,高能,恶搞,娱乐,搞笑,小剧场,学生,台长,我的离谱暑假",1478024,20672,620,22199,4489,869,0,0,79379
BV13RtczkEWD,114981173466832,1,138,2154,搞笑,剧情演绎,http://i1.hdslb.com/bfs/archive/fa48238e780c793b37757e8dd6d606399172c2ff.jpg,我的行为vs爷爷奶奶看到的,1754476539,37,102805877,西维西师傅,https://i2.hdslb.com/bfs/face/323e5987c19c580937f5add9212acc5075a97d06.jpg,923425,"娱乐,搞笑小剧场,老人,段子",194914,81,359,1392,970,692,0,0,31147
BV1sBhNzDEqh,114959346376165,1,172,2064,手机游戏,单人RPG游戏,http://i2.hdslb.com/bfs/archive/72022ad6e1c395b85703462a6aa0a4ca73c199f6.jpg,【崩坏星穹铁道】刻律德菈无敌机制拐？海瑟音要不要抽？ Dot最后的希望！3.5版本前瞻直播攻略！新角色 卡池前瞻配队及抽取建议攻略 版本卡池规划,1754140768,552,27500557,梦轩dada,https://i1.hdslb.com/bfs/face/434105b91b2a2d7e00ebe8f3da4112acafe1f183.jpg,1587911,"二次元,游戏,星穹铁道,崩坏：星穹铁道创作者激励计划,刻律德菈,海瑟音,星穹铁道3.5版本,版本前瞻,版本规划",522216,1554,2425,3475,7726,1182,0,0,25093
BV1AmhuzcEyN,114963003740044,1,176,2106,汽车生活,汽车测评,http://i0.hdslb.com/bfs/archive/01c2a8f536cad21f764950623e64aaaccd2829d0.jpg,便宜但丑！宝马5系大甩卖？,1754280300,391,70783742,几分钟义务教室,https://i2.hdslb.com/bfs/face/56946cef0cb1a80f91414a2940a40cc61e2fa3b1.jpg,1040474,"宝马,奥迪,测评,奔驰,薇姿绿标,BBA,选车,宝马5系,薇姿洗发水,阿B车友俱乐部",375178,1576,1110,1153,3353,432,0,0,11405
BV1WstczAEZJ,114979629960844,1,17,2066,单机游戏,单机主机类游戏,http://i1.hdslb.com/bfs/archive/85bd974d04b15cdd53a456947492526fca1f8293.jpg,合众瑜伽会所正式开业啦！|随机宝可梦 合众篇#15,1754460000,966,6320032,菌叶海苔,https://i1.hdslb.com/bfs/face/94900008584a8f19efdaa0e27b2e73c6117c4194.jpg,300502,"神奇宝贝,RPG,口袋妖怪,宝可梦,随机宝可梦,宝可梦黑白2,推荐宝藏游戏",80607,594,191,1429,2236,86,0,0,8353
BV1N9hVzkEjK,114964597579385,1,172,2071,手机游戏,射击游戏,http://i2.hdslb.com/bfs/archive/80c18c1d1dca19e4500f69f743c3947d12735e1a.jpg,难言x：开局一把枪，装备全靠抢,1754220789,319,28440054,难言言x,https://i0.hdslb.com/bfs/face/590588c2e34219cc55859ef2c4046588dd4544ce.jpg,1600965,"手游,FPS,和平精英地铁逃生,吃鸡,难言x,和平精英",2975226,583,245,15663,867,114,0,0,22715
BV1F2hNzLEtK,114959262420535,1,138,2207,搞笑,随拍·综合,http://i1.hdslb.com/bfs/archive/708b2199a00429febd9010152c19239475400462.jpg,感谢坚强的自己依然坚强的活着,1754139304,81,143832717,安茂元,https://i0.hdslb.com/bfs/face/751a438f52a7bb62ee3bbbdcf86c6993a271e77d.jpg,361727,搞笑,835192,411,878,11269,1899,4424,0,0,90180
BV1Tjtgz8EjT,114969513297392,1,242,2009,娱乐粉丝创作,娱乐评论,http://i1.hdslb.com/bfs/archive/d7954f94897b659e6f2834bb9c0e092c2b6c8d06.jpg,传奇热搜王赵露思 内娱彻底癫了,1754298033,514,3546781006694901,我真的玉玉症了,https://i0.hdslb.com/bfs/face/cc515923daf9a49fba6031c54e09bca8a073935d.jpg,285613,"同诗剃须刀,赵露思,娱乐吃瓜大会",815064,2958,2355,5680,3837,1529,0,0,33982
BV146hnzvEzx,114953507966662,1,253,2042,动漫杂谈,动漫评论,http://i2.hdslb.com/bfs/archive/4fa7e3d71ef2acd05ca74c4ee9f68edc7ad59fcf.jpg,没看懂？她死了，但人类赢了！白月魁无解的【攻腥计划】详解！《灵笼2》12集硬核解析！,1754051859,2459,70744200,天师道的白山正,https://i0.hdslb.com/bfs/face/15db596ed3fe9f5c58b66d611245b826630332d4.jpg,954978,"剧情解析,动漫杂谈,硬核,国产动画,白月魁,灵笼2,动画种草激励计划,马克,查尔斯,灵笼",1315292,8611,5659,20239,47803,4549,0,84,65187
BV1yptJzjEGq,114974278030003,1,172,2079,手机游戏,其他游戏,http://i2.hdslb.com/bfs/archive/ad3092a74cffe27b6b3ae6635b950f53e73a118f.jpg,朋友推荐我玩FGO，我是不是得罪人了？【FGO九周年】,1754373600,561,1910020454,谁不重要i,https://i2.hdslb.com/bfs/face/d062d8c6efd378f88e106cdfb55d8b3d5cda8d01.jpg,1286000,"FGO,FATE,fate,希耶尔,兽艾蕾,命运-冠位指定创作者激励计划 第三期,fgo,GrandOrder,泳装从者,FGO9周年庆",360524,6996,2085,2971,1770,725,0,0,31952
BV1guhbzZEn1,114957450484919,1,47,2037,同人·手书,同人动画,http://i2.hdslb.com/bfs/archive/f6ebddc7ece7ea9ea7a1022219154fbdcff286e4.jpg,我将全身涂抹老鼠药，这时邻居遛狗进了电梯,1754111704,1257,3536995435415579,叶雪颜悬疑,https://i2.hdslb.com/bfs/face/7579c3db5d5af3db1c74d27de9b26c7aa3e07f31.jpg,200053,"惊悚,悬疑,恐怖,原创",1221139,3870,975,29676,3177,1307,0,84,93146
BV1zahKzCE4y,114960839482364,1,65,2071,网络游戏,射击游戏,http://i2.hdslb.com/bfs/archive/070c1b2e05672c6dfd8e15e94281a6a47da89094.jpg,致我玩这么久第一次有这样的跑刀经历，谢谢你们,1754163504,269,220277361,波奇BQQ,https://i0.hdslb.com/bfs/face/248ec119bd42cc1edffe8e9d95254ce36e864711.jpg,2117,"射击游戏,FPS,跑刀,三角洲破壁新赛季上线",573339,797,5284,9391,12569,2226,0,0,55733
BV11jtJznE4f,114974345135574,1,219,2171,汪星人,动物综合·二创,http://i0.hdslb.com/bfs/archive/177bb9344aad05d1b627985ce5dff319196b90f2.jpg,关于我老公莫名其妙的杂技表演16.0《力与美》,1754369558,75,502966208,奶牛鸟真猪,https://i2.hdslb.com/bfs/face/b456ba1aad0684857f4a987637bf6835c7410f09.jpg,56879,"生活记录,高能,金毛,表演,杂技表演,杂技,奶牛猫,动物总动员,原创搞笑视频,萌宠搞笑",180066,163,240,576,1566,548,0,0,19468
BV14zt3zYEhi,114970821920076,1,138,2020,搞笑,翻唱,http://i0.hdslb.com/bfs/archive/9030f95463739925a1d8765b35c84f67db6fe4fe.jpg,不发牌改洗牌，应该也属于双厨狂喜了吧！,1754366700,23,477676711,田一名sir,https://i1.hdslb.com/bfs/face/4e30dae85d2e529924322aa328b20ee0e98427e1.jpg,1639580,"说唱,rap,洗牌,翻唱的N种打开方式",293004,362,1933,1007,569,3219,0,0,27770
BV1EshVzaEFQ,114964983450217,1,124,2088,社科·法律·心理,社会观察,http://i0.hdslb.com/bfs/archive/2baf83087c35cd81b3716e0ded39217eae6b10b6.jpg,越早知道越少吃亏，律师眼中的人性真相: 没有骗不到的人，只有不合适的骗局【律师老韩x姜Dora】,1754226925,1366,16385920,姜Dora在此,https://i1.hdslb.com/bfs/face/c7f41792e49f6c1977da99adf7dfbf314ac95449.jpg,1560780,"社会观察局,法律,律师,姜Dora,普法,诈骗,反诈,电诈",1295090,4206,2145,33565,25938,19233,0,57,51267
BV1EXhtzzEnJ,114957299490168,1,17,2066,单机游戏,单机主机类游戏,http://i0.hdslb.com/bfs/archive/460fec390e486a1a2d5292dddd3b58e81f84b1be.jpg,“我是个痛苦焦虑的傻子”，揭露百万粉游戏UP另一面【视频播客】,1754110304,3992,39861398,核电波,https://i2.hdslb.com/bfs/face/a51d64d5419bf243749b789b127da491643bca07.jpg,52496,"机核,游戏杂谈,任天堂,屎蛋,单机游戏,明末 渊虚之羽,STN,最后生还者2,死亡搁浅2,上B站看播客",252986,3329,1045,5210,9251,1084,0,0,12398
BV1mBtFzeERj,114980200388633,1,21,2158,日常,旅游记录,http://i0.hdslb.com/bfs/archive/16f18f7ad4445fb8df2328dbd2f669c88d40d53b.jpg,游牧民族生存法则,1754458837,426,487505057,池早是我,https://i2.hdslb.com/bfs/face/6653cb610dd36bb27b80f9c4fdd634172b74ebdc.jpg,827726,"情感,生活记录,新疆,正能量,人生,原创,旅游,少数民族,记录,游牧民族",63163,84,174,1021,2842,240,0,0,9567
BV1xyt3zFEbQ,114970436048005,1,215,2151,美食记录,美食测评,http://i0.hdslb.com/bfs/archive/e970a4cc828e15efb3c549b1ca0b19afeb10d9a1.jpg,早餐实力排名,1754310396,520,3493292727601296,王小洋-已黑化,https://i0.hdslb.com/bfs/face/e33567ee9db0bad3c746a42ab7354680b75b0a06.jpg,307665,"早餐,吃喝玩乐先上闲鱼,手抓饼,油条,排名,MVP,烤冷面",666080,12423,5838,6638,1610,1392,0,0,50304
BV1qitgz2Ehh,114969026889961,1,21,2154,日常,剧情演绎,http://i0.hdslb.com/bfs/archive/4932cef09d07a611fbd3b517806b1310711b8620.jpg,可以治愈我童年创伤的Bestie,1754388000,81,3546876221590023,WhotfViola,https://i0.hdslb.com/bfs/face/076b141956bf5e98c4103a6921e3191be07ae33e.jpg,499556,"闺蜜迷惑行为,闺蜜日常,富婆,bestie,我的闺蜜",243213,161,341,1193,549,864,0,0,34098
BV1NXhVzVEuY,114964614351725,1,218,2167,喵星人,猫,http://i1.hdslb.com/bfs/archive/b82cf4529270d9d3b364778fd7f814ab97fccc8d.jpg,盘点一下猫德学院的赔钱玩意,1754221055,212,508416316,本喵叫兔兔,https://i1.hdslb.com/bfs/face/dd3ca18b9504ea0db42655446efd533795811e17.jpg,2843189,"喵星人,猫德学院,动物总动员,缅因猫",1672713,855,1717,11714,157747,1456,0,7,218392
BV1bjhJzwEHj,114952551538089,1,212,2149,美食侦探,美食制作,http://i0.hdslb.com/bfs/archive/54ab48611821867a77656248bf8abbbbad51d908.jpg,当我为60岁东北阿姨密谋了一场突然的旅行，奇迹的一幕发生了…,1754038988,1999,99157282,盗月社食遇记,https://i1.hdslb.com/bfs/face/c7fb5da587c2ec6b56ad47579933fda34c000457.jpg,8227342,"美食教程,厨艺,家常菜,美食制作,快手菜,华为Pura80,#鸿蒙越用越香,#今日的饭,三姐妹",2606217,2622,905,6070,13744,693,0,0,41692
BV1YuhHzyEpy,114953390393940,1,21,2151,日常,美食测评,http://i2.hdslb.com/bfs/archive/69fd72d3da4b3ee8ef64e4cae4d7f533a86aab87.jpg,商家对于人类的咬合力一无所知,1754049997,317,1151638210,搞事明天玩什么生活版,https://i1.hdslb.com/bfs/face/429602c6f42c81a74a714806eeb53b33c15f3d8d.jpg,463412,"测评,零食,生活记录,舌尖真探事务所,零食测评,磨牙零食,必剪创作",545886,1242,764,2379,952,981,0,0,35263
BV1Egtnz5EzD,114975972527294,1,164,2152,健身,美食记录,http://i0.hdslb.com/bfs/archive/9c0aba305e19f6bbe84e2809f6f2f1baf63ef5e4.jpg,大胃袋良子的16袋泡面也不过如此，也该退去族长之位了！味真足从不假吃只会偷吃这一块！不吃怎么减肥,1754394531,217,375108439,健体安迪张,https://i1.hdslb.com/bfs/face/ca11730e9ee291f15901562e79157999996e58b4.jpg,14376,"试吃,减肥,泡面,方便面,族长,记录我的美食日常,大胃袋,味真足,Vlog,良子",215990,559,1001,586,1002,713,0,0,9008
BV1Dnt5zVE7u,114970939495764,1,17,2079,单机游戏,其他游戏,http://i1.hdslb.com/bfs/archive/251212e70bb396b836727dc341bf2038b23b3925.jpg,【全熟】塔菲视角全程解读虚环喵,1754317466,1562,1265680561,永雏塔菲,https://i1.hdslb.com/bfs/face/5ddddba98f0265265662a8f7d5383e528a98412b.jpg,1329251,"手游,虚拟偶像,养成,二游,虚环,战斗,实机视频,腾讯游戏,永雏塔菲,虚环挖梗大赛",406701,1427,1559,3070,2488,4774,0,0,15055
BV1njtPzKEZC,114982045945089,1,47,2037,同人·手书,同人动画,http://i2.hdslb.com/bfs/archive/57d1ba97d3432e49bba022013f2867e2613a1000.jpg,第34集|钓鱼佬穿越修仙世界，差点被古代修士抓去挖矿,1754486830,696,3546666630121940,虾仁李建国,https://i2.hdslb.com/bfs/face/9f12be2fb72f876bb84ab375f7a2fd76ee1fe5fc.jpg,125166,"国产动画,修士,修仙世界",54572,645,574,1165,7269,113,0,0,9576
BV1NEhbzQEnV,114957014272994,1,210,2037,模玩·周边,同人动画,http://i2.hdslb.com/bfs/archive/8fa34aaabc6d3330e0d9fd14e59eeca13b58effe.jpg,独家【功夫定格动画】耗时两年半 爆肝十三万张图片 全明星手办重制经典 致敬星爷！,1754105182,5343,303958346,猛男周贼帅,https://i2.hdslb.com/bfs/face/8cab73e07d2bda7194f6818727bcb261187b35a2.jpg,35859,"功夫,格斗,定格动画,动画短片群星计划",1693070,13839,5989,95769,252774,19090,0,7,257890
BV1g5hhzAEbi,114958171904160,1,138,2152,搞笑,美食记录,http://i0.hdslb.com/bfs/archive/3bcd59512796fe015acca660d3aad7e7fecd836f.jpg,挑战花10块钱吃一天减脂餐,1754128959,115,1051357359,只因宝宝儿,https://i0.hdslb.com/bfs/face/388e768e96f9cda453defe6955c5f2f89344339e.jpg,830800,"拼好饭你变了,补贴是一时的拼好饭是一直的,点拼好饭只有0次和无数次,重要的事情值得拼一下,拼好饭6.9元盲盒,挑战吧！20元拼好饭吃一天,拼好饭6块9盲盒抽孙颖莎周边,美食记录,减肥餐,美团拼好饭",4157239,1779,801,11623,2523,1330,0,50,174159
BV1vXhGzWEuv,114965000231015,1,172,2098,手机游戏,AI杂谈,http://i1.hdslb.com/bfs/archive/2aeb84c013176875aed62408024d676afb507886.jpg,我被喂AI了,1754226854,76,85493,深蓝杰克,https://i2.hdslb.com/bfs/face/6a53e0f5c7147885ee1cf9a3c255467b35deb96c.jpg,26525,"绘画,盗图",278672,24,372,5661,2233,62,0,0,27934
BV1hRhgz5EVF,114964413024433,1,21,2158,日常,旅游记录,http://i1.hdslb.com/bfs/archive/919a91fa51581a78ef370d68395bab416ae01600.jpg,开着挖机游全国的路上小何被榕江交警带走了！,1754219942,686,1918776707,挖机小何vlog,https://i2.hdslb.com/bfs/face/49ed3cd1acf202dadecc5aaa27e9ac297896530b.jpg,438497,"警察,旅游,生活记录,村超,开着挖机游全国,贵州,记录,榕江",2030611,3048,1890,15884,16703,372,0,56,90233
BV1nThTzSEhm,114960185165889,1,126,2063,人力VOCALOID,鬼畜综合,http://i1.hdslb.com/bfs/archive/d4fd930692cdbc364213a835f89f6fcf98d458df.jpg,😭我们还能不能再对线，我在村妇面前求了几千年😭,1754190000,110,400630344,筱虹虹,https://i0.hdslb.com/bfs/face/98f9f17134d476573c1d843d48efe4148c7deab9.jpg,138949,"鬼畜,王朗,唐国强,傲娇,三国,诸葛亮,跟着唐国强膨美团下午茶免单,求佛,美团",249678,195,203,4433,952,681,0,0,63871
BV1kohpzhEnR,114954430585402,1,212,2150,美食侦探,美食探店,http://i0.hdslb.com/bfs/archive/d474256d0c29b076cf3ca958672cc05ceb8efe5d.jpg,新疆烤羊排配上伊犁碎肉拌面真太绝了！,1754125200,244,342486398,喀什浓眉哥,https://i2.hdslb.com/bfs/face/21758022f23c711cd3a81ab1f16c91783816beb9.jpg,445430,"新疆,吃货,美食侦探,烤肉,舌尖真探事务所,新疆美食,伊犁,拌面",119488,102,119,802,2099,195,0,0,14759
BV1fFhHzDEY9,114953289798683,1,241,2009,娱乐杂谈,娱乐评论,http://i0.hdslb.com/bfs/archive/1071e30e4074ab0c7c70b015e68d10d28c61ad4b.jpg,回看《我是歌手2》，22岁的邓紫棋还是太强了！,1754193600,2018,3546571700439767,T酱哟,https://i2.hdslb.com/bfs/face/ab13840f0baaa9116c8735e49c2215402e0d21c3.jpg,21997,"我是歌手,综艺,邓紫棋,现场,泡沫,歌手,舞台,音乐综艺,娱乐考古放大镜",458478,1737,837,3292,3921,683,0,0,8953
BV1TGhbzdErX,114957349817524,1,21,2154,日常,剧情演绎,http://i2.hdslb.com/bfs/archive/f779083684ff340951e94086924cd0d772e2f3e4.jpg,劫匪：收作业了,1754110644,58,695472344,应激兄弟1,https://i2.hdslb.com/bfs/face/ea041df38ef4922b2691ad670dc6af87921084a0.jpg,619462,一人分饰多角,675598,299,264,7590,764,329,0,0,66469
BV1gChVzJE4P,114964513691731,1,241,2009,娱乐杂谈,娱乐评论,http://i1.hdslb.com/bfs/archive/ea449b2c5699f79fd4a7613649391bc87732a5fd.jpg,【吃瓜】赵露思八问经济公司！正式开撕…赔款、解约、协商矛盾…她的理由真能被同情吗？,1754219398,511,1976558860,天气微凉淡淡月光,https://i1.hdslb.com/bfs/face/92f61e260415a2e7f22b4d44fa676bce2f612aed.jpg,182912,"矛盾,原创,吃瓜第一线,理由,经纪公司,赵露思,银河酷娱",1890780,7203,9756,7394,6981,12228,0,0,49053
BV1qbtLzdEAk,114972264765164,1,193,2017,MV,MV,http://i2.hdslb.com/bfs/archive/56489150ec4b14094fd0115fd5c9e9743591972b.jpg,【Porter Robinson & Madeon】Shelter 官方MV,1754366400,367,3546887074351496,Porter_Robinson_,https://i2.hdslb.com/bfs/face/17d948787afcd9409a9156c7fef40c31c8f27468.jpg,36262,"欧美音乐,官方,MV,电子音乐,电音,日语MV,新世代音乐人计划原创季,官方MV,Madeon,PorterRobinson",243780,705,1989,19679,16244,3980,0,0,32447
BV1PohVz6EL5,114964631131383,1,47,2037,同人·手书,同人动画,http://i1.hdslb.com/bfs/archive/b3fb2aa28b958a32f5bde7a27a7c1fdbe8cd8866.jpg,再来一次...你会不会来救我于囚笼【弗洛洛动画手书】,1754221391,176,3546735381055752,灵感桔大王,https://i0.hdslb.com/bfs/face/075ebd5396d4e63020fe9410bfc33acce8108595.jpg,40971,"手书,二次元,手机游戏,娱乐,动画,鸣潮创作激励计划,弗洛洛,漂泊者,鸣潮,Can't Help Falling I",109629,132,441,7455,10150,607,0,0,22149
BV1rXh8z7EM2,114958473960142,1,21,2156,日常,UP主小综艺,http://i1.hdslb.com/bfs/archive/8051d7d17ec07402606585ecfa1fd36eed4bbb76.jpg,《第七条怪谈》,1754127718,646,3546731908171869,是许木木啊,https://i0.hdslb.com/bfs/face/dd7af55fc5361c6a343356958efce19fa6326d89.jpg,1386256,"剪辑,日本,影视剪辑",4253962,6542,3943,86109,14095,6658,0,7,297063
BV1BPtAzsEhB,114980754035486,1,95,2099,数码,电脑,http://i0.hdslb.com/bfs/archive/bffd0e49e4bd71bab9d1c3e77b7556e387eba4ac.jpg,【2025·8月电脑配置推荐】爆肝1个月！教你装一台高性价比电脑！保姆级攻略，2千-2万预算，建议收藏！,1754470343,5303,1538983470,超能搞机,https://i0.hdslb.com/bfs/face/a3bff7bdfd3fcb39f72012052a7636ba4162956d.jpg,120199,"科技猎手,装机,科技,数码,电脑,电脑配置,配置,DIY电脑,电脑配置推荐,台式主机",45598,146,230,3371,3198,60,0,0,4310
BV1Xp8kzaE2C,114945773540219,1,243,2194,乐评盘点,中外生活vlog,http://i1.hdslb.com/bfs/archive/9b7910fe42bb4b64103f6b9afa0b1dc5560982c7.jpg,妈妈，我上电视了! 太开心了！,1754020800,291,31225950,不是柯桑德,https://i0.hdslb.com/bfs/face/c93b97d3f8cee151b0633013e3afd378c6e83294.jpg,2371373,"生活记录,央视,记录,电视,寻找100个宝藏vlogger",450685,986,885,4809,13011,253,0,0,71031
BV1pYtGz4E7q,114969899241661,1,76,2152,美食制作,美食记录,http://i0.hdslb.com/bfs/archive/f96599e9b7f224a2a3a9820ff649633573e1a8a5.jpg,三个巨无霸吃一个巨无霸汉堡！妥妥健身餐！,1754301734,213,3546821659986396,猪猪狠爱吃,https://i0.hdslb.com/bfs/face/1f08ec519cd34452ea061ae8289b9fd48dead326.jpg,52413,"厨艺,美食制作,吃货,美食,记录我的美食日常,汉堡,巨无霸,健身餐,Vlog",407852,514,590,1330,1197,680,0,0,23084
BV1oJhEzgETL,114951024811834,1,216,2063,鬼畜剧场,鬼畜综合,http://i1.hdslb.com/bfs/archive/31747ae2f9875774fdf8f62646ea6c40b9667897.jpg,旺仔小乔，该罚！,1754013677,86,388318096,快乐阿托,https://i1.hdslb.com/bfs/face/be6aed4932c96f839f8066013b056ffb2e9eb21f.jpg,152115,"鬼畜,搞笑,旺仔小乔,听不清楚该罚,你给我刷过几个子儿,该罚,黄绿合战10th-绿队应援",693748,1126,691,9136,2356,1688,0,0,34044
BV18ttuzAEk6,114967902686934,1,247,2106,新能源车,汽车测评,http://i1.hdslb.com/bfs/archive/61ebe06743201502d1d232b6d8978dd694d32da8.jpg,【短的发布会】燃油车的下一黄金时代 上汽奥迪A5L Sportback,1754276411,303,287795639,短的发布会,https://i2.hdslb.com/bfs/face/e455079f6c4cc76b2736fdf0417513c29c127d50.jpg,2491260,"奥迪,华为乾崑,第五代EA888发动机,全新上汽奥迪A5L Sportback,上汽奥迪A5L耀目上市,上汽奥迪A5L油车首搭华为乾崑",1397213,2270,1871,6129,2386,6112,0,0,57074
BV1DL8BzDE2z,114942032217839,1,28,2017,原创音乐,MV,http://i1.hdslb.com/bfs/archive/1f440db87de1dc1240fe70e01cb1f59bd8397241.jpg,“我们的拼好歌”,1754015400,244,86434237,比巴卜喂,https://i1.hdslb.com/bfs/face/6c6b1e807ffc49660b67a7280b3998b34f18004e.jpg,122345,"音乐分享官,林俊杰,混音,方大同,周杰伦,陶喆,王力宏,remix,拼好歌,华语乐坛",2516635,1379,1251,40063,38100,8741,0,38,142634
BV1j5tnzrE1v,114975922196321,1,27,2079,综合,其他游戏,http://i0.hdslb.com/bfs/archive/44792704fc7344fd500f8549f8852eff2a89b117.jpg,《虚环》你看了吗？PV彩蛋“官方”一手讲解,1754393976,2939,401315430,星瞳_Official,https://i0.hdslb.com/bfs/face/35ce8ca063124d4dda5c211039d0eb67eae3c797.jpg,1021399,"虚拟偶像,手游,养成,动作战斗,虚环,实机视频,V圈,虚拟主播,Vtuber,虚环挖梗大赛",172663,1098,672,2485,1493,433,0,0,8728
BV1zghtzMEbB,114957769252558,1,138,2156,搞笑,UP主小综艺,http://i2.hdslb.com/bfs/archive/657df028012d16f5eafb37c2198eee4b67d5dbc7.jpg,走到哪算哪,1754118000,2512,5970160,小潮院长,https://i1.hdslb.com/bfs/face/834eb0de8d2f470bf03e4ea92831b14f3824c863.jpg,14315814,"小潮,逗比,生活,搞笑,娱乐,高能,一加Ace5至尊版,一加手机,小潮team,一加手机全面战神",6306597,64673,8982,125483,146938,5723,0,4,353836
BV1fatJzgEow,114976123589703,1,241,2009,娱乐杂谈,娱乐评论,http://i0.hdslb.com/bfs/archive/b9ccdda61933ae9b5d68d4a3d290c7c39ac37c4e.jpg,手撕公司，直播大倒苦水，热搜女王带着她的八百个热搜回来了【赵露思解约风波】,1754396602,486,15472350,降B_大调,https://i0.hdslb.com/bfs/face/5ce1b571e472dc8eff86574a3711def50a78f92a.jpg,296877,"娱乐,吃瓜第一线,赵露思解约,赵露思,银河酷娱,明星解约",480073,5029,2821,1458,2631,1593,0,0,14676
BV1ac4RzsE7Z,114977180488965,1,21,2158,日常,旅游记录,http://i0.hdslb.com/bfs/archive/f142fc41df91ac5165402822f09d1847a0cfbd85.jpg,俄罗斯二哥一家中国行正式开始 北京高楼大厦看懵了？,1754453400,514,542507083,贝加尔阿楠,https://i1.hdslb.com/bfs/face/ba79fa31cb3a4bb6efea1fc308afdce44e69ab52.jpg,842569,"北京,俄罗斯,歪果仁,生活记录,豆汁,中国高铁,高楼,中国行,外国媳妇,寻找100个宝藏vlogger",237552,2048,853,1522,8405,94,0,0,17567
BV1CShnztEdU,114953608501840,1,212,2150,美食侦探,美食探店,http://i1.hdslb.com/bfs/archive/df3b7b7da5339974ba3fdd1d7f2f484ddf478848.jpg,日本人为了让你多点几串烧鸟有多拼,1754053134,313,1062138057,在日本摸鱼的小超人,https://i0.hdslb.com/bfs/face/2bd8156ed92d7427a1d43dcdb1371ea0c5924216.jpg,839237,"日本,外国人,烧鸟",1792684,1607,1449,3760,1915,541,0,0,68292
BV1LftnzrEk1,114975435721593,1,86,2154,特摄,剧情演绎,http://i1.hdslb.com/bfs/archive/62c754aa315a348eaac82e77ad9ca680acdaca06.jpg,超燃决斗！金铲铲真人版！,1754387109,229,3066511,特效小哥studio,https://i1.hdslb.com/bfs/face/6ec724a9cccb64d4e93dc1c25aea6608ac72abde.gif,4471274,"COS,特摄,搞笑,特效,龙珠,美少女,假面骑士,金铲铲天下无双格斗大会",271559,1500,268,1594,951,512,0,0,19577
BV1RWt3zCELp,114970654213707,1,172,2063,手机游戏,鬼畜综合,http://i1.hdslb.com/bfs/archive/b51916ab0c1211ae159ffc38d18bb2d88d328add.jpg,你好，请支持羽生萌萌香.exe【明日方舟】,1754313096,72,431332411,烈空哇塞,https://i1.hdslb.com/bfs/face/acc5f4ee93b4c8dea63bb55fd0a7f8562e566cb1.jpg,10471,"鬼畜,新皮肤,明日方舟,斩业星熊,羽生萌萌香,冰,美式鬼畜,墟,整活,明日方舟创作者应援计划",237973,94,297,3801,1221,1006,0,0,21183
BV1DptjzSEHw,114973892288403,1,182,2001,影视杂谈,影视解读,http://i2.hdslb.com/bfs/archive/05cae39fd146f438285f8f056b6d645e384002f0.jpg,2025年韩国第一神剧？男生考公失败持枪血洗教室！60分钟完整解说+深度解析《枪口彼端》,1754362581,3246,69221252,小侠夜班车,https://i2.hdslb.com/bfs/face/398dad0b1c910307efe9a1e163a7aef500116e87.jpg,1081850,"解说,韩国,韩剧,影评杂谈,枪口彼端,深度解析,万字拉片大赛",676747,8474,1657,8034,1283,1079,0,0,16283
BV1PWhJztEyE,114952132233395,1,215,2150,美食记录,美食探店,http://i1.hdslb.com/bfs/archive/fff099e21e7377662cdc78c58fe1af70309d36c3.jpg,天津美食吃法教程之鸡排牛排篇,1754030732,443,3546594741848906,团团的一家,https://i2.hdslb.com/bfs/face/f578dc23bbfbbfd845c7800b763f7ec872269e28.jpg,604567,"牛排,鸡排,天津,这座城市真好吃",442571,751,605,1767,902,1035,0,0,26540
BV1HVtwz8EUH,114981240641756,1,27,2037,综合,同人动画,http://i0.hdslb.com/bfs/archive/21b56c8f9fd654523eb724da5261b2375cabbfbe.jpg,《师傅，走不走？！》,1754474830,75,3461576323500263,哈基漂不想睡大街,https://i2.hdslb.com/bfs/face/e974036a891f8d5aa1c920ee2165279532feb202.jpg,110390,"手机游戏,二次元,搞笑,今汐,弗洛洛,珂莱塔,冬木口音,漂泊者,鸣潮,鸣潮2.5版本二创",125164,438,399,2045,2431,863,0,0,11954
BV13ehpz7E9j,114954346761351,1,17,2071,单机游戏,射击游戏,http://i2.hdslb.com/bfs/archive/dfa69b24b50641998c9fb9a853a3d42561e6aa37.jpg,那些无法超越的天才游戏设计！（枪皮篇）,1754107200,117,129240403,燃茶哥哥在此,https://i1.hdslb.com/bfs/face/6f4fe2e98d424dacb18ff47f5c61654c1f38ffeb.jpg,1876216,"游戏,战地,单机游戏,COD,我的世界,黄金AK,龙狙,cf,cs2,手指枪",1213111,417,558,20681,700,160,0,0,39912
BV1xrh8zREc7,114958322893292,1,29,2018,音乐现场,音乐现场,http://i1.hdslb.com/bfs/archive/965cc9fc833eb631de43ab01ca4fa8a1ba61efc5.jpg,朝阳公园路演，偶遇日文原唱@当山真玲🎬全过程视频,1754125633,471,393114402,北京路演计划,https://i0.hdslb.com/bfs/face/44e44ce4ff07f5194fb47d98f049601f7c98b9fe.jpg,1544,"音乐分享官,日语,LIVE,音乐现场,4K,现场,日语现场,北京路演计划,#当山真玲,朝阳公园,偶遇明星",986870,568,1921,13572,6136,2927,0,0,95976
BV1LZtuzkEJ7,114969714625816,1,201,2040,科学科普,二次元线下,http://i0.hdslb.com/bfs/archive/9b620f451ecd5a16c9bc850019e7483ffe267b25.jpg,漫展把脉--总结：肾虚，抑郁，胃病！,1754299976,1638,2142394537,医者正心,https://i1.hdslb.com/bfs/face/9ae2edac55966af9136c783ac2a75b2e9872f08e.jpg,1421442,"二次元,中医,漫展,把脉,Cosplay,问诊",1168434,4235,3838,10992,3789,4522,0,0,66152
BV1nw4dzCEuj,114976777899009,1,17,2079,单机游戏,其他游戏,http://i1.hdslb.com/bfs/archive/c3fa2acd879c6ffb87a35924eb4008cf150738d0.jpg,恐龙岛大猎杀（上），江湖团周年庆火热开启，团建活动精彩不断,1754407226,3676,3493273226185448,龙岛蛋壳,https://i2.hdslb.com/bfs/face/2389ca291eaee3b0486133845af7c25e3b0c9c9b.jpg,529243,"游戏实况,生存游戏,游戏解说,主机游戏,实况解说,游戏集锦,恐龙岛大猎杀,恐龙岛,游戏搞笑,整点电子榨菜",528488,4072,241,27023,2210,45,0,0,23233
BV1q6tGzQEjo,114969882529724,1,138,2005,搞笑,短剧短片,http://i0.hdslb.com/bfs/archive/09296edf762f06c4380741fb311adf3a4024cc1c.jpg,破镜不能重圆 和好不能如初,1754301513,123,1659651634,七颗猩猩QKXX,https://i1.hdslb.com/bfs/face/e48329f6999d331dcb3cb5ca7ecf2b4b1100d83d.jpg,3187883,"爱情,短片,原创,搞笑小剧场",1176522,1627,1942,13443,5558,1493,0,0,97455
BV1Au82zZE8g,114947585479523,1,138,2154,搞笑,剧情演绎,http://i0.hdslb.com/bfs/archive/50fd26ca0031b7cc121ff1d187bab556d9dbfcfb.jpg,我的沙雕日本同学,1753961361,85,3546719866325287,东京_浪君,https://i1.hdslb.com/bfs/face/210057698965ef33b7e994de46f6e0ec4659c3b7.jpg,142731,"高能,校园,搞笑,日本,日本人,沙雕,日本高中生",532707,682,1084,12405,1286,5063,0,0,66540
BV1wTt3zxEZK,114968959716141,1,172,2064,手机游戏,单人RPG游戏,http://i1.hdslb.com/bfs/archive/a4ab0c7bb3910770f9cefb49f811f22edc67d67d.jpg,再次终结比赛！红A 0金0T混沌12层史瓦罗！,1754287213,184,34330543,糊涂捏不糊涂,https://i1.hdslb.com/bfs/face/23d63095f874796a7783ba07b9ce4359667ff07c.jpg,12877,"极限,卫宫士郎,二次元,崩坏星穹铁道,混沌回忆,星穹铁道Fate联动,Archer",294022,1173,1156,1455,624,3130,0,0,17769
BV1cVtwz8EY4,114981240571149,1,253,2043,动漫杂谈,动漫速读,http://i2.hdslb.com/bfs/archive/710119a49f2cc0143371f6ae6350a2a78a6790b9.jpg,厨师“下线”！朗姆篇正式完结！名侦探柯南主线1150话小结,1754476555,969,4370617,哀是麦子的球迷,https://i1.hdslb.com/bfs/face/54e0282d67715868e3943b49f8f6f09f7a58608d.jpg,1273441,"动漫杂谈,灰原哀,名侦探柯南,名侦探柯南剧场版,若狭留美,名侦探柯南主线",206854,1541,1056,2255,2912,1517,0,0,10311
BV1ZRhTz2EWA,114961879665290,1,172,2027,手机游戏,音乐综合,http://i0.hdslb.com/bfs/archive/07967251ba3d31f50b01e852464f3c654f4cb9f3.jpg,《明日方舟》EP - Little Wish,1754190000,251,161775300,明日方舟,https://i0.hdslb.com/bfs/face/d4005a0f9b898d8bb049caf9c6355f8e8f772a8f.jpg,6655034,明日方舟,928635,9108,8341,28321,34874,12725,0,39,85842
BV1sN82zhE1g,114947568768537,1,138,2154,搞笑,剧情演绎,http://i0.hdslb.com/bfs/archive/a6c1bbbb32a122436d05bacd78add5b4216ae3ff.jpg,当英语老师突袭查手机！,1754384400,122,393709394,一串大福,https://i2.hdslb.com/bfs/face/e6d1cf7df22235495d25d7ae77a4aa185e5d8c7f.jpg,1555694,"校园,原创,搞笑,来福来福,一串大福,学生时代,真实,英语老师,fyp",804843,1592,856,5833,1247,229,0,0,58283
BV1gd8mzLEG8,114948776657966,1,59,2021,演奏,演奏,http://i2.hdslb.com/bfs/archive/712e4d7ca2fc71ec2465cc225f1cce651063a925.jpg,两根饼干打出千本樱,1753979455,87,1836899949,淩喵,https://i0.hdslb.com/bfs/face/fada56ba345e3f452061efcf192471a24b0bd1c0.jpg,5032,"饼干,PENBEAT,节奏,千本樱,抽象,pb",223439,378,759,1958,1860,474,0,0,25845
BV15181z5Er1,114947853915967,1,21,2143,日常,文具手帐,http://i0.hdslb.com/bfs/archive/5ee4be705a1647fdc4f8edce0c79d508e8e2fb66.jpg,永远真诚，现在是，未来也是！,1753965237,152,72969462,笔给你你来写_,https://i0.hdslb.com/bfs/face/8e8a57daeb8ee0b50e6fa4e66c4f18f849fc601c.jpg,1134727,"脑洞,原创,doro,曼波配音,随笔,文创,笔给你你来写",868569,757,2903,7989,17821,298,0,86,193013
BV1Cyh8zXEV8,114958490734308,1,27,2041,综合,动漫剪辑,http://i0.hdslb.com/bfs/archive/a32c12996daf100a3dc4f6a64a84991305e8dcc9.jpg,如果迪奥遇见的是所有JOJO,1754182800,121,14649017,有人品没节操,https://i2.hdslb.com/bfs/face/2958cd825351b1343d4f9dd525ab15e4560bd71e.jpg,20567,"DIO,JOJO,JOJO的奇妙冒险,动画种草激励计划,承太郎",702879,429,262,15575,1212,1192,0,0,29605
BV11zhEz4E9X,114950538265728,1,17,2071,单机游戏,射击游戏,http://i0.hdslb.com/bfs/archive/ea4449eaed9c5221b4c24630ccf47a33b5c200d3.jpg,【IGN】《战地风云6》多人模式实机演示,1754006495,2180,652239032,IGN中国,https://i2.hdslb.com/bfs/face/4c9095a6fc7d6ef7bf97ee1c65767f537763c60c.jpg,1706325,"EA,PC,战地,射击,游戏预告,Xbox,PS5,单机联机,Battlefield,dice",715049,2473,5273,3220,657,9840,0,0,18393
BV1r9hnzREie,114953625278700,1,239,2121,家居房产,家庭装修,http://i1.hdslb.com/bfs/archive/c222db1e1a1ed86de75686d170c3dbfd342e242c.jpg,改完66个出租屋，被催爆的“实战攻略”来啦,1754053388,307,3494370441431895,kiki的假期,https://i0.hdslb.com/bfs/face/0ec8000763f05fdc0919b61a4b1df4c1aa14fdf1.jpg,206226,"出租屋改造,租房改造,房间格局",417289,238,357,21438,4129,923,0,0,35815
BV1Ud81zqEZQ,114948005044197,1,171,2207,电子竞技,随拍·综合,http://i1.hdslb.com/bfs/archive/87125ef318ae6ec3c94910be98db4a2df00b1051.jpg,惩戒关羽终于拯救了队友！苏打锋,1753970880,196,39560763,Study苏打锋,https://i0.hdslb.com/bfs/face/c0f969795d667f5ccd6ef85ef0b886190629a2f3.jpg,843252,"电子竞技,NBA,鬼畜,王者荣耀,惩戒关羽,苏打锋关羽,蜀国人关羽,MOBA,关羽,苏打锋",1179271,465,642,5299,3221,952,0,0,72110
BV1fGh8zyEuj,114958574619885,1,21,2153,日常,美食综合,http://i1.hdslb.com/bfs/archive/45d53f303ee32984aa2af0312edddb998995a850.jpg,蜜瓜下坡,1754129106,71,3493284026518404,锋利帝,https://i0.hdslb.com/bfs/face/9ae02dcb24397ec7da11792236240c8dbdcd5cb7.jpg,526727,"厨房,磨刀,哈密瓜,厨刀,解压,老利",1103244,10163,377,2136,516,138,0,0,44362
BV1L6hJz1EUr,114952283098945,1,172,2064,手机游戏,单人RPG游戏,http://i1.hdslb.com/bfs/archive/6810d85608746f3ab75e6d692dcbe75fa07dabe1.jpg,《蔚蓝档案》特别PV【清辉遍洒，她的独奏曲】,1754190000,110,3493265644980448,蔚蓝档案,https://i1.hdslb.com/bfs/face/f2635e09fe667d4ad29229c6ed0b5f4bdea09bd1.jpg,2874273,"蔚蓝档案,蔚蓝档案二周年,日奈",928254,20781,2458,25002,23424,6448,0,0,66134
BV1SehnzBEQp,114953574943449,1,176,2106,汽车生活,汽车测评,http://i1.hdslb.com/bfs/archive/13fa215a738033a198a1d6052d7543974c5954bf.jpg,5点分析解读理想i8撞飞卡车，到底是谁的问题？,1754103600,677,3546724748495813,超哥超车,https://i2.hdslb.com/bfs/face/4bee3bbf26fe89cb847f93cfeb1566c31da0667a.jpg,800258,"理想i8,买个der,买车,理想汽车",865792,8697,5655,3855,5358,3043,0,0,57066
BV13m8CzNEku,114947266712796,1,21,2154,日常,剧情演绎,http://i1.hdslb.com/bfs/archive/53a9a439123424884764b7a1fdcbca64982afad0.jpg,真的回不去从前了吗#影流之主#真能量,1753956421,28,457857973,影流之主1,https://i1.hdslb.com/bfs/face/fbe138fc24cd180ee3922433b7cff3ecf536e08f.jpg,787185,"励志,生活记录,正能量",316294,203,280,2738,2552,844,0,0,64419
BV1MttjzjEi7,114974110258388,1,172,2071,手机游戏,射击游戏,http://i2.hdslb.com/bfs/archive/22263c0ce949077276db966f17bc803de82908e0.jpg,无惧无畏，方显粑粑流无名的本色,1754367996,382,1809444890,三角洲-安澜,https://i2.hdslb.com/bfs/face/e714b2642ce045e441a21dd29e94a72d3f7f3f8e.jpg,292054,"搞笑,三角洲行动,单三猛攻,无名教学,幽默静步人,粑粑流无名,安澜三角洲,粑粑老祖,akm,三角洲攻略课堂",1194922,856,1444,6598,1819,1685,0,0,65074
BV1dPhgzEE3A,114962617862962,1,138,2154,搞笑,剧情演绎,http://i2.hdslb.com/bfs/archive/075f51cfd639b9b3d66852ba33a060323c1dc767.jpg,做生意不光靠自身的实力，更多的是靠运气,1754192408,186,375312438,赵老板创业记,https://i0.hdslb.com/bfs/face/cc234df8ab000658ebb320b6818cc46dbdaf90c6.jpg,29616,"创业,正能量,西瓜,赚钱,商业思维",1718430,1187,1638,4194,5221,810,0,0,75389
BV1syt3zFEjK,114970436043917,1,176,2108,汽车生活,汽车生活,http://i1.hdslb.com/bfs/archive/3026b87185413995f058c91a2ed597a6f49b9783.jpg,老雅阁老当益壮，小老哥天赋异禀,1754352000,387,1745143606,争取最后的自由,https://i1.hdslb.com/bfs/face/2ae4a7fcf321673035a572fea77acc3b3d1e0211.jpg,1579057,"汽车,雅阁,驾驶技巧,美国警察执法,美国警察追车",160037,511,264,759,625,131,0,0,10067
BV1Lctgz6E6X,114969748182422,1,65,2071,网络游戏,射击游戏,http://i2.hdslb.com/bfs/archive/c4d2e3cb4185abf52f434ba6e1cbdd4ebae78544.jpg,一秒变异！拥有顺风耳的听力加持，夺舍成功是必然的,1754299753,200,331514361,苏醒游戏解说,https://i0.hdslb.com/bfs/face/dd578b65eb0a8beaff6f4677c76cf9cfc0ce75b4.jpg,699391,"电子竞技,第一视角,FPS,迈从,三角洲行动,迈从V9",602810,534,805,2406,1544,270,0,0,24794
BV1ZZhEz5EDA,114952484494006,1,138,2207,搞笑,随拍·综合,http://i0.hdslb.com/bfs/archive/e76326edbce2b2a0d23f29a3af4442171190946b.jpg,【断网补全计划93】外星人攻打地球，旺仔小乔攻打天庭，良子铁笼挑战赛，八岐大蛇圣经，娜种物质，理想vs东风乘龙，懂车帝，武大事件后续，成人奶嘴，育儿补贴,1754046000,547,646732586,瞎问虾猜丶,https://i2.hdslb.com/bfs/face/6507944f196a8c0f2ea81e15e328744e81d10492.jpg,1892790,"娱乐,搞笑,外星人,梗,搞笑小剧场,二手推荐,旺仔小乔,二手手机,转转",2271441,7605,2518,11331,2701,2053,0,0,117084
BV1A7h4zyEmb,114956259299239,1,201,2094,科学科普,科学科普,http://i0.hdslb.com/bfs/archive/7b424dff324a49081516dad7395c567d7cd308db.jpg,呼吸坟场：从铁肺到浓雾的生死账,1754093569,433,1208823126,大圆镜科普,https://i0.hdslb.com/bfs/face/9c34ee4b8041dd6f2139c52287c8d34a0a42f230.jpg,440673,"生物,科普,健康,科学,生命,呼吸,AIGC,每天一个健康知识",1071827,1260,659,13642,4356,835,0,0,109458
BV1N9hVzkEkc,114964597576860,1,228,2090,人文历史,人文历史,http://i2.hdslb.com/bfs/archive/7a96ad16b45848855b18d1080aff4fa0615377ce.jpg,德国精心策划的巴巴罗萨行动为什么会失败？【三木说31】,1754229820,1310,86588581,三木説,https://i1.hdslb.com/bfs/face/40f4143b5242c38cddc9d3c4cf68d3524d7fdfa9.jpg,720799,"二战,历史,人文历史档案馆,巴巴罗萨",698161,2972,1708,9391,2641,499,0,0,19860
BV1cf8zz3Enn,114942988520147,1,59,2021,演奏,演奏,http://i0.hdslb.com/bfs/archive/dee95987a55ee77195c248e3aba9b189f58af362.jpg,幸运星フンフンフン♪だよ、らき☆すた,1753891062,93,195812729,裙边樱,https://i2.hdslb.com/bfs/face/5290eeebd6a7966b8ffda037fdf57b57d395bad8.jpg,47249,"幸运星,动漫音乐,泉此方,钢琴,cosplay",237687,459,2354,6944,2599,721,0,0,61157
BV1AQh3zKEeb,114963792269225,1,243,2009,乐评盘点,娱乐评论,http://i0.hdslb.com/bfs/archive/2e0f4c64a7c148e847c12542e6c35ddf56d20027.jpg,一个树立全美性犯罪标杆的R&B天王,1754208458,557,386435204,我是NOPEACE,https://i2.hdslb.com/bfs/face/f347784289ca1f70737a9ddb9d70cb83ce7f2dd7.jpg,70029,"说唱,犯罪,欧美音乐,社会,欧美说唱,娱乐八卦,娱乐吃瓜大会",2921097,3836,1245,29634,8211,3192,0,11,183860
BV13hhTzPEF5,114962148104225,1,47,2022,同人·手书,VOCALOID,http://i1.hdslb.com/bfs/archive/f895f6841f48c76e75a67cfd76f2160a9b3d093e.jpg,"这些血洗全网的爆曲，竟然都是""术力口""？！",1754183741,444,289196974,在下胡不龟,https://i1.hdslb.com/bfs/face/b48cf6aac90a9cb3114bcbaa4dc34dab4da05473.jpg,2166,"科普,音乐,VOCALOID,vocaloid,术曲,热门,术力口",172604,6687,1338,6841,1433,581,0,0,14634
BV1tohMzNEHJ,114961477013122,1,21,2014,日常,娱乐综艺正片,http://i0.hdslb.com/bfs/archive/b79200ec395284875738930182bae78c87338471.jpg,为了参加节目，他们居然把头发...《下一个是谁5》番外01,1754190000,537,147166910,雨哥到处跑,https://i2.hdslb.com/bfs/face/c54b148c789fcf43da95eb81331af6de47511553.jpg,3569141,"兄弟,音乐,颜值,高能,搞笑,娱乐,染发,下一个是谁,节目",1116948,5663,2054,16337,49050,1211,0,53,87949
BV1rThtzgEJ8,114957869915056,1,21,2207,日常,随拍·综合,http://i1.hdslb.com/bfs/archive/2dd6056a805c802665f6667c2cd94f3a9627f118.jpg,[b站扫盲01]手机如何发送这些骚弹幕？,1754118097,69,3546727005030792,面壁者牢波official,https://i0.hdslb.com/bfs/face/e3d00a3910a05784e182d0a0d116894444880be0.jpg,96534,"知识分享官,二次元,高级弹幕,b站扫盲计划,哔哩哔哩,弹幕,知识科普,bilibili,b站,娱乐生活记录",1366063,812657,10112,42480,13259,3070,0,0,114547
BV12jtJznE9J,114974345140020,1,245,2108,赛车,汽车生活,http://i0.hdslb.com/bfs/archive/adf90bed78721603f47fd856791b62177ed92661.jpg,一觉起来车没了,1754369365,21,12626355,此奏不是彼奏,https://i0.hdslb.com/bfs/face/7356a93f7d3850a18e002178e94c0b73c32228dd.jpg,634,"痛车,蔚蓝档案,圣园未花,记录,水淹车",759845,485,2954,2050,672,4752,0,0,38625
BV17CtGzSE8F,114970050237325,4,172,2064,手机游戏,单人RPG游戏,http://i2.hdslb.com/bfs/archive/12262f34be4b1a4d06ca035e900d6550eb956c1c.jpg,《绝区零》爱丽丝角色PV | 淑女的信条,1754366400,929,1636034895,绝区零,https://i0.hdslb.com/bfs/face/f013e3aacdc4e3254a476648e1cec3f39b7df097.jpg,7529952,"ARPG,PC,手游,绝区零2.1,迟吟的浪涌,爱丽丝,动作游戏,米哈游,绝区零",1617870,17280,7442,25697,47689,9365,0,8,157099
BV1HetGzdEUR,114969949573972,1,124,2186,社科·法律·心理,恋爱关系,http://i1.hdslb.com/bfs/archive/cec992ca858cc08b1e4ae61a9d1dc7d7e8160c5a.jpg,男女确实有别 但正是这些区别才是双方互相吸引的可爱之处 愿我们相互陪伴 共同生活在这个星球上,1754302561,146,660572973,张金条,https://i0.hdslb.com/bfs/face/bf207126890fd9d855ea2c6bf48709f494743ac1.jpg,645225,"男女,区别,爱情那些难题",196436,267,539,1232,541,554,0,0,15117
BV1kEhPzyErS,114959950285319,1,253,2042,动漫杂谈,动漫评论,http://i0.hdslb.com/bfs/archive/350865c6dec38af0f50bd4026478db33d4684a15.jpg,我算出了《哪吒2》捕妖队有多少人？b站第一人,1754149866,150,13279707,最上川下山,https://i0.hdslb.com/bfs/face/0dfaedc098165ff856f35ee366e6838982cf5412.jpg,2166405,"电影,哪吒2,国漫,哪吒,魔童闹海",6794744,1506,3577,32763,6353,2611,0,19,148408
BV1mPh3zMEN1,114964379533693,1,158,2114,穿搭,鞋服穿搭,http://i1.hdslb.com/bfs/archive/b64e190a80f736d94b25173bd6e2a42c325a919a.jpg,我的眼里可没有丑衣服哦,1754217450,177,327738805,六一不是猫,https://i1.hdslb.com/bfs/face/47a25ce422a25856af9fa9301c45dceda8f68440.jpg,1064247,"女装,穿搭,服饰,穿搭技巧,普通人变美指南",1194853,1396,1296,18902,3460,2813,0,49,124775
BV1yph7zJEZH,114951310086802,1,138,2158,搞笑,旅游记录,http://i2.hdslb.com/bfs/archive/abf8c3915a4170abfc9578bea927c37ff0288ac3.jpg,火热武汉之旅 也没人告诉我太阳天没樱花啊,1754197800,277,434963477,刘大炮007,https://i2.hdslb.com/bfs/face/97bf5ba2eac969bbe56c68aab1c70bc0a1cb0a28.jpg,625798,"高能,生活记录,旅游,搞笑小剧场,抽象,记录,武汉,精神状态",2103749,1357,857,11597,1284,401,0,0,49488
BV1xAtwzTE4N,114981156752750,1,76,2152,美食制作,美食记录,http://i0.hdslb.com/bfs/archive/9f64c2da46257dbada66abf616585332d5ea0737.jpg,我结婚1天都累死，新疆人结婚要2个月？！,1754474663,1669,8960728,日食记,https://i1.hdslb.com/bfs/face/1300ff9c3e45014f54ab5bd3602790a378ce6ac4.jpg,8968500,"新疆,生活记录,婚礼,记录我的美食日常,抓饭,羊肉,大盘鸡,新疆美食,乌鲁木齐",175469,1191,465,3909,10241,1522,0,0,16952
BV1jChHzHEWP,114953088403673,1,213,2151,美食测评,美食测评,http://i1.hdslb.com/bfs/archive/d351a43b94b8ff82ac2d8e1818221854a40c92f5.jpg,700元一斤“顶奢级和牛卷”做泡面小料！太有生活了！,1754124600,976,478691043,穿毛裤的小拉泽,https://i0.hdslb.com/bfs/face/023c69a89a95db1b7991a024c0806d2ed7e58021.jpg,3563128,"下饭,美食,泡面,吃播,同诗s3剃须刀,泡面搭档,速食,泡面伴侣,火鸡面,十万个为什么-食物特辑",5763055,4151,1301,40898,9394,805,0,29,95234
BV1YjhczJEh9,114940740440899,1,243,2024,乐评盘点,电台·歌单,http://i1.hdslb.com/bfs/archive/be8db6ed25d4419204905ccb2150f0cf632a929b.jpg,循环歌单|【花海DJ版】|“【纯爱の小曲】【伪恋の小曲】【迪亚哥の小曲】”,1753920000,3643,423517587,蛋某人音乐,https://i0.hdslb.com/bfs/face/3a3a15373208c19ea9c69cb91632e3b13e336711.webp,681209,"歌单,花海,循环,电台新星征集令",854650,475,721,83460,6575,640,0,0,64454
BV1JXh8z7Eck,114958473890908,1,124,2089,社科·法律·心理,时政解读,http://i1.hdslb.com/bfs/archive/98acec8928d7c783e8b5eb91b94b5062b51c6dd0.jpg,尹大统领限时返场，美韩协议忽然落锤,1754127445,938,703186600,麻薯波比呀,https://i1.hdslb.com/bfs/face/826f6c258199edc87d5722a56e8a8f963686dbba.jpg,2720269,"社会观察局,韩国,尹锡悦,尹锡悦拒捕,特朗普关税战,美韩达成贸易协议,特朗普,韩国总统,李在明",1421806,10928,1203,6644,7306,698,0,0,78709
BV1WP8yzWEyk,114946746684096,1,172,2207,手机游戏,随拍·综合,http://i0.hdslb.com/bfs/archive/dec6be9a482bb9662341c9faa316c56cc5cdb02e.jpg,《女神异闻录5 皇家版》代表曲目《Life Will Change》2DMV公开 /初音未来×镜音铃×镜音连,1754298000,244,3546749308242173,初音未来缤纷舞台,https://i2.hdslb.com/bfs/face/408f52803ee221c7d0a057b2e15d1f42dc5bfc03.jpg,985456,"手机游戏,初音未来,镜音连,镜音铃,世界计划,初音未来：缤纷舞台,PJSK,初音未来缤纷舞台",1098152,25277,5022,16122,2038,25503,0,89,77592
BV11rh8zREkD,114958322965704,1,164,2152,健身,美食记录,http://i1.hdslb.com/bfs/archive/efbb1d81605385c271deb8189f1432539b705318.jpg,真是甜咸永动机，好吃哭了,1754125207,280,44708078,努力的橙子薄肌,https://i2.hdslb.com/bfs/face/9e8c6f9069289454b54ac1aca54e7046bfdd2e1a.jpg,606183,"吃货,永动机,Vlog",1253258,1397,1712,7539,5342,4953,0,67,152402
BV1q5tnzrEZG,114975922258423,1,219,2168,汪星人,狗,http://i0.hdslb.com/bfs/archive/36d406730eb88ff4d96a4aa3357e7de18e2320d9.jpg,驱散阴霾的不止有彩虹，还有小猫小狗。,1754394138,329,3546946425850423,一口一个团up主,https://i1.hdslb.com/bfs/face/33fcb94a59b9c4e52c8e95ef97176c1cf408474f.jpg,365599,"边牧,小狗,小猫,萌宠过暑假",122165,509,488,1169,2235,633,0,0,20059
BV1784RzvErp,114976861722257,1,126,2063,人力VOCALOID,鬼畜综合,http://i2.hdslb.com/bfs/archive/70afe31d835bcd39d7fcb9cc9a0fe0a577aa0618.jpg,《我花了25小时训练旺仔小乔》,1754408031,322,1098589595,坤脸超人,https://i2.hdslb.com/bfs/face/4aa6db5e2d0f2158ffb86e9ce0a4eeef37048e72.jpg,49460,"搞笑,鬼畜,调音师,旺仔小乔,ai训练,ai翻唱,猫脸超人,旺仔小乔ai,旺仔小乔分析,鬼畜星探企划",146630,429,511,2098,4311,440,0,0,10531
BV127tJzSEcc,114974328362340,1,182,2001,影视杂谈,影视解读,http://i0.hdslb.com/bfs/archive/c9ba57067854a605ba3d7dc0c3973930c71c4c1e.jpg,【万字拆解】血腥实验，杀戮元年！《人类清除计划4》第一届清除夜，人命换数据，小岛变囚笼，今晚杀人只为做科研~,1754380800,2170,245069296,迷影区间,https://i1.hdslb.com/bfs/face/a4aae4a3495cd589c21ee0d79d684ac82352c62b.jpg,893960,"万字拆解,若也洗发液,MAGA,人类清除计划4,杀戮元年,The First Purge,万字拉片大赛",381148,2762,386,4865,3529,248,0,0,15557
BV1wjh3zcEnn,114963976951991,1,232,2080,科工机械,时政资讯,http://i2.hdslb.com/bfs/archive/45202e82a433efc7d43bd123c7e34bd2fdf04209.jpg,“第一波次火力毁伤，开始投送登陆兵力……”,1754262000,357,46470268,央视军事,https://i1.hdslb.com/bfs/face/9dcc59c2e51aa7b9f178463903cbd4daab351dd2.jpg,2315110,"正能量,军事,解放军,中国,两栖攻击舰,登陆",476050,1851,2306,3277,2856,1800,0,0,24451
BV1iktGznEXL,114969865751458,1,171,2068,电子竞技,回合制策略游戏,http://i0.hdslb.com/bfs/archive/a78adb872171ec523966d4f68181c1291b0e0ea4.jpg,一期看完铲铲S15开服必学12套阵容【云顶之弈】【金铲铲之战】,1754362800,191,18343134,林小北Lindo,https://i0.hdslb.com/bfs/face/fc093c1e6784b5f51e4697c739fe70e519ba36f7.jpg,1851621,"电子竞技,云顶之弈,云顶阵容教学,金铲铲之战,云顶之弈激励计划,云顶s15,云顶之弈s15,天下无双格斗大赛,云顶s15上线,林小北",414968,120,1064,5537,1336,1688,0,0,8779
BV1g5hhzAEV8,114958171905492,1,212,2150,美食侦探,美食探店,http://i2.hdslb.com/bfs/archive/41378c7b3a60c6182ae5d7060857f31cdf55cf9c.jpg,自助界的胖东来，出现了,1754130000,861,506761354,快乐的苏胖,https://i1.hdslb.com/bfs/face/ca69e344486afb6391fbcdaf00ba0583425066df.jpg,863306,"美食,生活记录,街头小吃,自助餐,二手推荐,舌尖真探事务所,二手手机,转转,探店",654816,916,967,3891,2969,646,0,0,19814
BV1r6hGzaEPF,114965402884619,1,137,2018,明星综合,音乐现场,http://i1.hdslb.com/bfs/archive/8ee00d23eb16ab5e22140349c9110b82188e09a9.jpg,250802 'NOW' 没有明天｜章昊个人直拍 ©staywithzh,1754235884,256,3546624439617989,staywithzh,https://i2.hdslb.com/bfs/face/c54a19aa0a56a47e6862dd166b863a631bc73c59.jpg,14292,"4K,zhanghao,章昊,章昊直拍",543684,11226,8243,15046,20913,11163,0,0,36230
BV1ZktGzJE51,114969865623003,1,161,2104,手工,自制发明/设备,http://i2.hdslb.com/bfs/archive/fc069a535ed5161ab8fc6a4df17af8abba62ebb9.jpg,玩到真的了,1754301179,113,4896879,油七桶,https://i0.hdslb.com/bfs/face/75afaf6bf16ffaaec2e9c9da0393b08ab41373fd.jpg,18062,"搞笑,游戏,3D打印,猎奇,模型,你试你也过不了第二关,沙雕,别笑,带派,游戏手工发明家",691380,228,675,2970,912,2150,0,0,21940
BV1u5tGzzEHH,114970100502000,1,65,2071,网络游戏,射击游戏,http://i1.hdslb.com/bfs/archive/9b91f707d6f3998105eabd88eeb198934a47e66c.jpg,【老柠萌】当鼠鼠吃剩饭路上撞到单三清图姐,1754305170,595,1750151716,野生老柠萌,https://i1.hdslb.com/bfs/face/e540d8e020a20175dca0de5915e276b6cd458f90.jpg,326460,"搞笑,FPS,101俱乐部,三角洲行动,爱鼠TV,野生老柠萌,新年快乐排点,鼠鼠,跑刀,三角洲破壁新赛季上线",1073869,4813,3177,10997,6791,565,0,0,51901
BV1H3gVzUE8A,114891063041258,1,27,2041,综合,动漫剪辑,http://i0.hdslb.com/bfs/archive/57e0dbebb1e9d400b64255a22b2563d88447cc2e.jpg,《天津小猪妖 逃离浪浪山》,1754107200,165,13199099,植物椿,https://i2.hdslb.com/bfs/face/1cf19c181f366cb741b21152f5a1b1b17ea572da.jpg,1942176,"搞笑,动漫,短片,影视剪辑,天津话",1676293,513,887,5185,5738,4520,0,0,44289
BV1ffhuzQET3,114962601090814,1,228,2088,人文历史,社会观察,http://i1.hdslb.com/bfs/archive/af6b40a5d5ab5cdff5033a3dcbad32fc23e52df2.jpg,最新裁决，宗馥莉首战失利！娃哈哈家族争产之战全面梳理｜宗庆后｜宗馥莉｜杜建英,1754279100,2551,702909260,M2档案,https://i2.hdslb.com/bfs/face/1a89706f34864853ec43a42d4e8cf7707dfc7bfb.jpg,924117,"杜建英,遗产继承,娃哈哈,家族,信托,宗庆后,宗馥莉",495068,0,1671,3324,3423,1194,0,0,9707
BV1454fzwERB,114978908540356,1,22,2063,鬼畜调教,鬼畜综合,http://i2.hdslb.com/bfs/archive/91859fdd42857787cc713ffdda92bb060b6e68b5.jpg,我把早稻叽给你,1754474400,303,342457336,你眼中的骷髅,https://i1.hdslb.com/bfs/face/c1b6dc976f424130d375d8a095e16e56740b2a1f.jpg,292141,"真白花音,二手推荐,尼奈nine_Official,二手手机,转转,黄绿合战10th-黄队应援",100818,521,616,1653,3327,323,0,0,14786
BV1bzh3z5EeD,114963658116176,1,172,2064,手机游戏,单人RPG游戏,http://i0.hdslb.com/bfs/archive/5114b057613468406cee0210554e3ba5be968d6b.jpg,3.5昔涟真身曝光！长夜月还与神秘&贪饕星神有关？！,1754206631,268,3546664558135806,星铃拿铁,https://i0.hdslb.com/bfs/face/1c7e01be49a86c97c4984d472a51f7b58b0f3cf0.jpg,31388,"游戏杂谈,贪饕,大黑塔,昔涟,如我所书,翁法罗斯开拓之旅,来古士,迷思,长夜月,三月七",488441,797,1600,8626,2911,6248,0,0,48218
BV1HrhxzuE72,114956930386904,1,138,2071,搞笑,射击游戏,http://i2.hdslb.com/bfs/archive/471300fcf746d8a305d57b3a7494d870b8047f7b.jpg,亲子照？,1754126522,96,1098173832,宋云生-,https://i0.hdslb.com/bfs/face/fca17ec3de184b038620eca0043c57d282c58ba9.jpg,1516060,"手游,FPS,无畏契约手游,无畏契约,无畏契约端手大展台,搞笑研究所",2517084,418,268,5363,3028,1380,0,0,105143
BV1tH8SzjE4F,114949716184347,1,130,2027,音乐综合,音乐综合,http://i2.hdslb.com/bfs/archive/b653ca373ccee92af5e33da939ea9242c9b597aa.jpg,硬 曲 盲 盒 9.0,1754006400,2050,88082801,挽风丶Sama,https://i2.hdslb.com/bfs/face/91484503b5edaa7134d6cd03c418d24acf4845a5.jpg,353713,"电台,BGM,音乐选集,小曲,卡点,盲盒,电台新星征集令",856858,1353,210,107551,7752,304,0,100,82298
BV1528mzHEPp,114948675997653,1,21,2183,日常,助眠视频·ASMR,http://i0.hdslb.com/bfs/archive/bf3afa2a6196e33d2bd031e68d5277ef7816cc1f.jpg,微恐ASMR｜暴雨天古堡里吸血鬼为血奴新娘化妆｜病娇｜抽血｜吸血｜剧情向情景模拟助眠｜敲击音｜触发音｜刷麦｜耳语｜双声道,1754053200,1077,1686198949,小奈别失眠,https://i1.hdslb.com/bfs/face/c1b1bc9c70d61a641455bdaf151b8907415fa947.jpg,345861,"助眠,轻语,耳语,病娇,吸血鬼,女性向,asmr,触发音,敲击音",968295,811,924,29626,8105,1066,0,0,30498
BV1nEh3zZEVp,114964144592067,1,215,2152,美食记录,美食记录,http://i0.hdslb.com/bfs/archive/b0411d6e160c72fe873ad09e8712aad50d4561e2.jpg,过度的分享只会招人厌烦，但那又怎样，我连这条也要分享,1754213965,79,1873791750,凉湉子的日常,https://i0.hdslb.com/bfs/face/90122b840fc723dc7a39906cbf9acee6e5e2c78c.jpg,2239641,凉湉子今天吃什么,716099,267,194,8930,578,271,0,0,40469
BV1hLhHz6ECN,114953323289266,1,30,2023,VOCALOID·UTAU,AI音乐,http://i1.hdslb.com/bfs/archive/d92395ec75a419bbab873a6a6f59979cf5fa101f.jpg,【AI三角洲全干员】《天真的橡皮》人生呐 能不能放过我这一次,1754048723,170,487301495,饿了自己会捡垃圾吃,https://i2.hdslb.com/bfs/face/d4e066e460b1d948bdb99d7d1001a8ffeb731eae.jpg,255492,"音乐,娱乐,游戏,翻唱,三角洲行动,蜂医,麦晓雯,三角洲欢乐剧场,威龙,三角洲",856289,1578,1294,42658,5425,1800,0,0,52667
BV157hNzNEG3,114959514077416,1,164,2128,健身,健身科普,http://i2.hdslb.com/bfs/archive/1c8d424446d1ea4e70072b8450e6111474cc2a59.jpg,减肥回忆录，从200斤-130斤的一年是怎么过的？,1754143240,173,305947148,黑豆减脂日记,https://i2.hdslb.com/bfs/face/b4672a74841d405927f1520f5dd21c3d739c85ee.jpg,21829,"健身,减脂,减肥,青春,回忆,记录,成长,减重,减脂餐,放纵餐",204773,174,1551,871,961,470,0,0,12008
BV1My8UzkE4H,114950387340042,1,171,2071,电子竞技,射击游戏,http://i1.hdslb.com/bfs/archive/d2c2e056566faecbeb94ee68e5cab9a62d5f188e.jpg,迷雾：下班了，打把游戏放松一下,1754003755,424,1050482689,康有成,https://i1.hdslb.com/bfs/face/2856b2c0f3f7bca04bc4b84883533eb3db3cfef9.jpg,158028,"电子竞技,射击游戏,穿越火线,FPS,推荐宝藏游戏",870665,575,204,5024,881,503,0,0,30254
BV1c8hbz5Ec6,114957165272158,1,65,2071,网络游戏,射击游戏,http://i1.hdslb.com/bfs/archive/d860d14d4ae4123e2eed541a2e5a420dfc458cc2.jpg,【干员周报】深蓝教官来了，在修了在修了TvT,1754107333,170,3494376565115651,三角洲行动,https://i2.hdslb.com/bfs/face/d86e9c7dcf8c0faf25b277a38d8103832556383f.jpg,2468312,三角洲行动,1051649,38475,13101,7491,1299,10376,0,0,73071
BV1Eah7zVEw1,114951544901275,1,47,2020,同人·手书,翻唱,http://i1.hdslb.com/bfs/archive/c4f7c7b7cbdbd5184956b6aa14cacf43d8e45434.jpg,-.- --- -.- --- .-. --- .-- --- -.- ..- -.. .- ... .- ..,1754042400,112,1708648214,bili_47477328786,https://i2.hdslb.com/bfs/face/d510af1f09cd0a3cb496e2e8b08d27a56c8f106d.jpg,158955,"日语,可爱,翻唱,女声,原口沙輔,ハート111,Heart111,yuri,ゆーり",1556968,197,1453,36838,7799,2118,0,0,170988
BV1ds8UzsEKR,114948525002706,1,138,2029,搞笑,街舞,http://i0.hdslb.com/bfs/archive/a1aa1ec08aee7348e5401ed1a810a34784a3361a.jpg,火过之后就会走下坡路 那往回走不就是上坡路了吗？,1753975583,20,1146388214,Aleks_Kost,https://i2.hdslb.com/bfs/face/6414e768cd99a5c51c24faf939de8f8758f36ee4.jpg,1257660,"手指舞,嘉豪天团,alekskost,轻舞蹈竖屏激励计划",2703951,631,2453,9082,5404,3095,0,73,321355
BV1GAtJzcE4B,114974563304810,1,201,2170,科学科普,野生动物·动物解说科普,http://i0.hdslb.com/bfs/archive/144b2b8f8567751a7ae94236d3488ffd5da73a65.jpg,为什么渔民捞到翻车鱼会赶紧扔掉？,1754372870,208,290014343,李论科学,https://i2.hdslb.com/bfs/face/5a4d8acc0d11fd75ae74ace3ab90fad3ab70c9a5.jpg,1424164,"地球,人类,科普,进化,鱼,渔民,智力",1024125,547,674,1946,898,250,0,0,57686
BV1nGhnz9E1W,114951595296356,1,253,2001,动漫杂谈,影视解读,http://i1.hdslb.com/bfs/archive/e89edb9517a1356898e856f2532cee6f2f5f6a15.jpg,【视频播客】《鬼灭》先破着你的记录，此刻我们有《罗小黑战记2》！,1754023400,6620,1682429712,BiG的动漫播客,https://i0.hdslb.com/bfs/face/7c68d5bbd5a8e4c513e0a94c630d69585f8fc5de.jpg,87515,"电影,播客,罗小黑战记,国产动画,罗小黑,视频播客,国漫,暑期档,鬼灭之刃,罗小黑萌翻一夏",434080,1000,1045,13241,2620,448,0,0,44649
BV1RytgzgEk6,114969278420990,1,201,2009,科学科普,娱乐评论,http://i1.hdslb.com/bfs/archive/0931c833c79d34c19fafdf7cd4a30fb1dcfa2cf8.jpg,从“火星小妹”到“解约女王”：资本线与成长线“双线”看透银河酷娱的资本沉浮与赵露思的血泪代价,1754293807,952,622929161,老猪解读,https://i2.hdslb.com/bfs/face/efba8e7463329903dda018b25a7c75998704d9c6.jpg,28761,"火星情报局,徐喆,抑郁,李炜,解约,优酷,陈芊芊,瓜子二手车,赵露思,银河酷娱",492268,1050,964,2626,762,561,0,0,5105
BV18HhAz9EyH,114941176646252,1,219,2168,汪星人,狗,http://i0.hdslb.com/bfs/archive/06a24a0b1ea026880ad82827818e78267f9bf784.jpg,贵妇SPA,1754127900,185,390790215,是曼玉不是鳗鱼,https://i0.hdslb.com/bfs/face/fd6c977cd186e1e828090777fffd791b872db537.jpg,1549837,"柴犬,汪星人,spa,萌宠过暑假",504664,553,546,6982,2029,2629,0,0,46182
BV18Mh7zfEdW,114966761839668,1,65,2071,网络游戏,射击游戏,http://i0.hdslb.com/bfs/archive/c070c513348e212a12cd54bccbe0d3d93fc329c4.jpg,【大面包】当你用显卡雇佣大哥护航，会发生什么？,1754278200,573,87898782,无糖大面包_,https://i0.hdslb.com/bfs/face/417f99b730f7496f7de25692d80def7307b3561a.jpg,27504,"FPS,娱乐,射击游戏,搞笑,三角洲行动,爱鼠tv,无糖大面包,鼠鼠,摸金,三角洲破壁新赛季上线",344216,375,515,4277,756,46,0,0,11916
BV1434RzmEJb,114977331484233,1,17,2078,单机游戏,沙盒类,http://i0.hdslb.com/bfs/archive/f977e6417dda332274fb3ad2cb78ed37c94a1485.jpg,超级困难生存???!被虐昏了!!!「天门接力畸变1」,1754438400,2037,84130356,夏天y,https://i0.hdslb.com/bfs/face/2139ba40f33a5977675e209a66896c4c3fe3eeb5.jpg,1512092,"我的世界,MC,沙盒游戏,单机游戏,惊变生存,沙雕,像素风,多人游戏,夏天y,推荐宝藏游戏",533992,2336,1105,23161,38126,364,0,84,68326
BV1uitwzyEzd,114980988980517,1,138,2201,搞笑,潮玩玩具,http://i0.hdslb.com/bfs/archive/9c58b0299a048b53b39506d4bf255f55e331befe.jpg,我们从网上买来了一些廉价玩具...,1754471261,1272,327757321,摸鱼事务所,https://i1.hdslb.com/bfs/face/93c8bd776691b3b114b5e06f5c8dff96a28f7c82.jpg,1975684,"开箱,玩具,搞笑,吐槽,拼装,大人也要玩玩具",263109,4880,1353,4709,8602,727,0,0,23448
BV1QxtnzPEic,114975469342396,1,172,2064,手机游戏,单人RPG游戏,http://i2.hdslb.com/bfs/archive/2bb4edb00ebce530f4f416b79d54ec61ff8dde03.jpg,【明日方舟】被萌萌香抡晕前幻想出的啥比小视频,1754386653,80,194240114,磁悬浮呆毛,https://i2.hdslb.com/bfs/face/9395bf8a5c2f55a69838d2106a4f508a45134dea.jpg,197732,"明日方舟,萌萌香,斩业星熊,羽生萌萌香,遥,exe,meme,墟,泰拉探索协会,明日方舟创作者应援计划",186489,179,320,2308,566,682,0,0,14752
BV1NChnzYEQK,114953675673461,1,172,2064,手机游戏,单人RPG游戏,http://i2.hdslb.com/bfs/archive/bb46c4c0b94bf197056bbf60d9ddda82eeb4e37e.jpg,3.6均衡命途仲裁官登场！星铁开服最大伏笔终于来了？,1754054208,281,3546664558135806,星铃拿铁,https://i0.hdslb.com/bfs/face/1c7e01be49a86c97c4984d472a51f7b58b0f3cf0.jpg,31388,"游戏杂谈,螺丝咕姆,均衡星神,大黑塔,昔涟,如我所书,翁法罗斯开拓之旅,来古士,长夜月,三月七",1247194,998,3054,17226,4812,11045,0,0,91469
BV1D34fzPEEB,114978740836438,1,47,2050,同人·手书,漫画·动态漫,http://i0.hdslb.com/bfs/archive/4490e403aab882db92c86650330c79981ef09fe3.jpg,【oc日常】第三日，你正在被安抚,1754436641,142,14500193,阿挠挠,https://i2.hdslb.com/bfs/face/5fffb42004e372134eaf40ba2aeb94fb1bc03ee3.jpg,766029,"绘画,原创,画师激励计划,OC",167382,914,1339,7950,10676,767,0,0,54204
BV1o4h3zpEwe,114964060838938,1,251,2166,三农,农村生活,http://i0.hdslb.com/bfs/archive/d9b4b670d3bc2065d0f82c25a8b953304d3e6d6a.jpg,在农村卖货一天能赚多少钱？,1754212653,1111,1468914255,李福贵1,https://i0.hdslb.com/bfs/face/5362e90869a67fe8d9972a4a7e70187e687c5c56.jpg,458786,"生活记录,乡村,赚钱",244557,1556,1199,2183,25199,542,0,0,38341
BV1BohnzXEB1,114953256176881,1,21,2037,日常,同人动画,http://i1.hdslb.com/bfs/archive/3f08ff5779f54f67f170449ce30b8fab1a04bd23.jpg,【初投稿∥试播集∥】耗时三个月制作！初一生也要自制动画？！,1754047857,330,3546949611424400,阿未Amo,https://i2.hdslb.com/bfs/face/a7ed624ec1e8c55021a21371692d4bf70b082dad.jpg,8989,"原创动画,动画,原创,自制,学生党,初一,自制动画,试播集,oc",117333,413,844,9079,4504,412,0,0,30171
BV1D84ZzwEU2,114979462189196,1,252,2040,仿妆cos,二次元线下,http://i2.hdslb.com/bfs/archive/0f18cb5c460a3233f1df11c93d2453ac7e8531d6.jpg,就拿这个考验干部？,1754448900,150,305956876,腥味猫罐,https://i1.hdslb.com/bfs/face/7553481382a5a338e2f6a6e153a22505e0face03.jpg,1921755,"二次元,ChinaJoy,cos,腥味猫罐,TCL屏宇宙,TCL,外设,China Joy有哪些想要分享的？",514165,203,465,6247,3720,422,0,0,30482
BV1citGzsEhK,114969932731133,1,138,2207,搞笑,随拍·综合,http://i0.hdslb.com/bfs/archive/7b51547cd7e0c70e360de73d3dfcb065243fc6f3.jpg,百万粉丝up主去CJ薅羊毛能薅到多少东西？,1754304091,553,11643866,汤姆的混乱空间,https://i2.hdslb.com/bfs/face/b843951c2a2d4e48eca7ec9d33007a9ae7d8989e.jpg,1723261,"CJ,漫展,汤姆老师,荣耀GT,荣耀400系列,荣耀400,荣耀平板GT2Pro,挑战,chinajoy,整活",362806,909,1292,6286,5729,726,0,0,29266
BV1jktGznEPu,114969865687034,1,251,2166,三农,农村生活,http://i2.hdslb.com/bfs/archive/38e2ac5068ef92ae4bbc0a7a5260febd67fe117d.jpg,网红的真实收入，你根本想象不到,1754302643,36,3546811495090330,农人你三哥,https://i1.hdslb.com/bfs/face/e55d0c64e2ab88440e5d95988b6947edd44b0e50.jpg,544983,"守村人,农人你三哥,百万粉丝,网红,大实话",423911,163,496,1249,1641,71,0,0,54780
BV1ChhHz8EY1,114952954256519,1,31,2022,翻唱,VOCALOID,http://i1.hdslb.com/bfs/archive/a93cbe4766b00ad01c0c1ae13e9d9f50bc943bca.jpg,チェリーポップ /covered by しぐれうい,1754043100,141,2601367,時雨羽衣Official,https://i1.hdslb.com/bfs/face/6fdd55db4dab958980f43eecc41c4ac330f72ae3.jpg,856421,"DECO*27,チェリーポップ,しぐれうい,Cherry Pop,时雨羽衣",356628,1586,872,17064,5352,2486,0,0,60447
BV1DL8BzDEuV,114942032219432,1,17,2078,单机游戏,沙盒类,http://i1.hdslb.com/bfs/archive/a8d0dc94d55dd2afa79f549b7082fb94e45073a8.jpg,当100名粉丝躲猫猫！,1753920000,1673,9596327,卡慕SaMa,https://i2.hdslb.com/bfs/face/e7ba30c9d6ac409b0b07e215fc3a7e0e5d656464.jpg,2398711,"MC,全程高能,我的世界,搞笑,Minecraft,百人,抽象,卡慕,沙雕,推荐宝藏游戏",1207192,10078,1722,15594,16984,912,0,0,87128
BV1KR8Cz8Exb,114947182824749,19,172,2064,手机游戏,单人RPG游戏,http://i1.hdslb.com/bfs/archive/a8e9b8f3ead04f28e665421641c74c3d73ee90f8.jpg,【原神宝箱全收集】纳塔5.8(成就数169)悠悠度假村/精准分类/路线规划/纳塔宝箱攻略/火之印获取途径/原神5.8,1753955162,8275,431073645,你的影月月,https://i0.hdslb.com/bfs/face/2e32de7b28fc491a28281a22c6ea9f5d195cbdf5.jpg,8931491,"原神5.8,原神5.8版本,纳塔宝箱,游戏攻略,隐藏宝箱,游戏鉴赏家,原神,原神高能团",910006,2962,577,11090,4901,925,0,0,14445
BV1zQhjz6EsR,114966677951598,1,172,2079,手机游戏,其他游戏,http://i2.hdslb.com/bfs/archive/2e98503a5dce6f21449bbd6e3dd8d516871e3f87.jpg,《虚环》PV02丨21分钟实机演示,1754272800,1258,320070259,虚环,https://i1.hdslb.com/bfs/face/03a934aefe4d871e8b4bb50c45dabd7101e12cc9.jpg,345736,"虚拟偶像,策略游戏,养成游戏,手机游戏,游戏,动作战斗,实机,V圈,虚拟主播,Vtuber",12509352,114393,34937,74070,50910,150883,0,1,308217
BV1PX8zzLE4K,114943055627737,1,17,2078,单机游戏,沙盒类,http://i0.hdslb.com/bfs/archive/2fcf707933992570a995fa32e4a59ca68edb3eab.jpg,【十年之约】爆肝百万方块打造的科幻海货塔！,1753954200,604,35927925,炜诺,https://i0.hdslb.com/bfs/face/20b90eafc100f9690ec46f26c4f54537964aaded.jpg,430253,"生存,我的世界,沙盒游戏,Minecraft,一辈子,肝帝,像素风,爆肝,十年之约,推荐宝藏游戏",986459,2533,330,30554,11060,335,0,0,66383
BV12dh4zmEGc,114956108306822,1,218,2167,喵星人,猫,http://i1.hdslb.com/bfs/archive/d6c8ffb8d3d3259394702ed7da6695e01746c792.jpg,给毛孩子们安装夏日降温房,1754092046,96,504957853,田园猫宝,https://i1.hdslb.com/bfs/face/f818acd3b8c11d9352b1f6cb649ead72764601b2.jpg,521602,"喵星人,橘猫,毛孩子",1206096,479,243,14308,1483,116,0,0,39038
BV1fJhpzdEM3,114954564800356,1,137,2014,明星综合,娱乐综艺正片,http://i1.hdslb.com/bfs/archive/abd1d862ed4b2aaecae4e2fd8447694186f04fb8.jpg,【TF家族练习生】《肆意少年-突围》EP04,1754068546,5524,3670216,TF家族,https://i1.hdslb.com/bfs/face/1c74336b9060d40d0ccf5e8bce7c0de34526b1e3.jpg,6937925,"TF家族练习生,肆意少年突围",1659967,428014,8817,15683,6165,1452,0,0,53369
BV1iVhxztEh8,114955017788198,1,65,2071,网络游戏,射击游戏,http://i0.hdslb.com/bfs/archive/085d4f6688c2648a12fee0d299e605acb0474d37.jpg,【老鼠人行动】航天基地（绝密）45w→750w,1754100000,292,403637371,老飞宇66,https://i1.hdslb.com/bfs/face/25d6b747d51cd07f6ae01a1145225f9be7fbdc5d.jpg,2555084,"三角洲行动,三角洲破壁新赛季上线",1051405,12177,1375,5868,3339,987,0,0,74300
BV1TShVzLEVz,114964715019479,1,71,2009,综艺,娱乐评论,http://i1.hdslb.com/bfs/archive/de3e02a757f764020e71856ac786e89c0902bf01.jpg,恋爱？出轨？结婚？歌曲争夺？来看看七月都有哪些瓜！,1754223410,1850,8365699,郭本尼,https://i1.hdslb.com/bfs/face/3ce90cff218ea393de8487cfa38a878a1ba168a2.jpg,1201485,"李惠利,汪苏泷,梓瑜,旺仔小乔,郭本尼,田栩宁,八卦,张碧晨,娱乐考古放大镜",410548,5559,2631,2510,7508,877,0,0,18048
BV1yEt7z3ENW,114973556610726,1,47,2037,同人·手书,同人动画,http://i0.hdslb.com/bfs/archive/719e1a7672f378eb72ac839e4f7512e9a0b79280.jpg,抡语第16集，制作时我都忍不住笑了！,1754388000,258,4323652,画师禾月,https://i1.hdslb.com/bfs/face/b737827217ef6eb6c50093d38e23a4c04f38b5a9.jpg,136962,"秦始皇,搞笑,原创,有声漫画,原创动画,抡语,画师禾月,大秦,沙雕,画师百日创作挑战",207237,181,283,4485,1819,72,0,0,15996
BV1yPt3z4EoM,114968791882145,1,21,2039,日常,cosplay,http://i2.hdslb.com/bfs/archive/77f546867e84cf32073e68253ce0985beec43de7.jpg,不是东北不追星，而是东北全明星,1754284741,85,3546847507384674,呸呸之神屁钉版,https://i0.hdslb.com/bfs/face/d0052415de466a695797cf2c6e557acfd1696e75.jpg,15850,"孙策,沈星回,白厄,Cosplay,ooc致歉",493245,159,311,7446,836,1419,0,0,55998
BV1nBhHzREFH,114953071631302,1,208,2084,校园学习,应试教育,http://i2.hdslb.com/bfs/archive/a08c1723cb433a4601bc85e60218d7ad41076ac2.jpg,考过的证书毕业直接变“废纸”，小心当了韭菜！,1754045172,111,25694274,小五只会一点点,https://i0.hdslb.com/bfs/face/dac3f29feb6f36bea16d4a81eb2b423381528efc.jpg,560699,"毕业,学习,考试,会计,证书,大学生,韭菜,找工作,考证",987999,312,1994,21310,694,869,0,0,48289
BV1yC8yzdEWy,114946645956422,1,21,2207,日常,随拍·综合,http://i1.hdslb.com/bfs/archive/e94599655bd4f8df22e0443ec33da97a774651d1.jpg,万车寻亲，敢梦敢为，让这场爱心善举持续接力,1753954200,177,395953568,我叫四羊,https://i2.hdslb.com/bfs/face/074a584077ad39d1bf134dcafce515f58c621cbf.jpg,142031,"生活记录,公益,寻亲车贴,寻亲,#走失儿童,寻找100个宝藏vlogger",2645150,976,1328,26029,49790,670,0,57,239988
BV1Qvtwz5EEY,114981072803927,1,47,2037,同人·手书,同人动画,http://i2.hdslb.com/bfs/archive/503e5a7a13c99ae4b849c35d0f19caf35bb32a36.jpg,《回档修仙》第146集：底层的苦楚，权力的滋味,1754481600,337,3546577855580381,阿喵没有黑眼圈,https://i2.hdslb.com/bfs/face/5f592a62d087466ba4fd2fe8bf6e4a82549ad4f8.jpg,108867,"动画短片,原创动画,我的模拟长生路,回档修仙",36512,117,250,761,1480,29,0,0,5540
BV13Ph4zWEw9,114956611617047,1,212,2150,美食侦探,美食探店,http://i2.hdslb.com/bfs/archive/bdc53748f2fd1a25a423243164248c5765da70a7.jpg,在青岛住了半个月！一条视频30家青岛本地美食合集！无广无滤镜真实展示！路过青岛 为之倾倒！,1754208300,1148,107486042,花二Strange,https://i2.hdslb.com/bfs/face/20ba5c558b6fece1b9cb1bb8697e18f84c9c11f5.jpg,1385995,"街头美食,美食,青岛,山东,青岛美食,美食探店,美食攻略,挖掘身边的宝藏小店",294828,1010,860,9097,5031,3643,0,0,12558
BV1ZAhGzoETD,114963389615028,1,85,2154,小剧场,剧情演绎,http://i2.hdslb.com/bfs/archive/0b910d8caf226ace9613b2249014dfbbeb7a6dcb.jpg,人心中的成见是一座大山,1754202565,190,34009507,-显眼宝-,https://i1.hdslb.com/bfs/face/13b9f8b60804357d903cbfb38f69dd837a32f941.jpg,2521797,"显眼宝,反转搞笑,原创搞笑剧情",4281657,1284,1205,14284,4666,1783,0,34,130592
BV1YphtzFEWt,114957903462730,1,21,2154,日常,剧情演绎,http://i1.hdslb.com/bfs/archive/b16ed7a8f8410445fe9fff42c676cf9b508919a9.jpg,到不是真的虚，我只是刚好属于确实型人格,1754118551,171,1443546125,阿玉老贼,https://i2.hdslb.com/bfs/face/c03cf386a8e76ac1d3060796d343b4cc829f2f93.jpg,236212,搞笑小剧场,510853,30128,2672,6893,2024,2327,0,0,85923
BV1bxhxzJEM4,114956762615385,1,171,2070,电子竞技,MOBA游戏,http://i0.hdslb.com/bfs/archive/c7c86ba6c16612976935433cd4bed1b9c3729114.jpg,学会三天上荣耀！顶级诸葛亮炸鱼思路教学！,1754101853,272,18909338,奥特曼zz国一刘备凯,https://i2.hdslb.com/bfs/face/c5e62cfe9d8b0ec7fcba4574fcf4e352d14f4b39.jpg,373272,"诸葛亮,电子竞技,王者荣耀,诸葛亮打野教学,王者荣耀夏日盛典,奥特曼zz,诸葛亮白泽动物园园长,王者荣耀诸葛亮,诸葛亮新皮肤,国服诸葛亮",587554,412,616,10263,36063,295,0,0,51600
BV1uDh7zcEqb,114951075137595,1,138,2178,搞笑,亲子综合,http://i1.hdslb.com/bfs/archive/2a00b2d763730b472f6fc834d541d8de8b6f0ba8.jpg,再一次当女儿们的画板,1754014354,43,455876411,TheRock_Johnson,http://i2.hdslb.com/bfs/face/4de05f3d8abf7b7172eda2808eb62617fb820bf1.jpg,3014352,"短片,原创,女儿",1448819,1177,2377,9457,2780,2499,0,0,174419
BV1bnhHzTEVY,114953004522785,1,253,2042,动漫杂谈,动漫评论,http://i0.hdslb.com/bfs/archive/1908705fd5ec084177b923903d4d73cf23d0b777.jpg,把所有烂番的优点缝进一部动画！想想我都流口水！【bilibili 次元论战】,1754107200,910,30967181,潜伏今晚不在线swc,https://i2.hdslb.com/bfs/face/3b9e9ab080cb871ba8e723d2b7cea5e4d33f5911.jpg,142872,"新番,动画,搞笑,动漫杂谈,吐槽,动漫二创,补番推荐,老番推荐,bilibili次元论战",708698,1705,972,9670,1615,334,0,0,22285
BV1f38yzmEcN,114946998273176,1,76,2149,美食制作,美食制作,http://i0.hdslb.com/bfs/archive/f4ca786c3292a7a187a6e9aed969cb2d88549fbb.jpg,跟你们这些邪修做饭，拼了！！,1753952312,506,50660116,上班族的便当,https://i1.hdslb.com/bfs/face/7ea9421f12f55459f27fdd2f7a6892dc3d8fddcb.jpg,3287634,"美食制作,美食教程,微波炉,快手菜,记录我的美食日常,邪修做饭,邪修做菜,电饭煲,平底锅,邪修",2463251,1480,1192,77377,9493,3736,0,39,99011
BV1xitEzUERp,114974848521983,1,171,2070,电子竞技,MOBA游戏,http://i0.hdslb.com/bfs/archive/25d4e98586c79a7a4beaffae1749e60f1751e54d.jpg,队友想抢位置，惨遭系统制裁,1754388000,454,2119811581,峡谷混学家,https://i1.hdslb.com/bfs/face/d1cfc4a1e83f577eb4b5dd621fe4762487410978.jpg,852702,"搞笑,英雄联盟,下饭,上单,娱乐,符文战场:英雄联盟对战卡牌,石头人,lol,英雄联盟电竞世界杯",474485,846,779,1143,3584,211,0,0,31523
BV1ZYhbz3Emw,114957198822109,1,256,2207,短片,随拍·综合,http://i2.hdslb.com/bfs/archive/fa6164b490f8fc0d003a1bc8d5b3895046f26722.jpg,挑战在家一个月不被父母发现,1754107966,71,519883222,黄家荣,https://i1.hdslb.com/bfs/face/0cebfeb5bcd7a4d38d8a6c5f2018f63202936d55.jpg,775565,"大学生放假后的现状,暑假在家的生存法则,人间真实,身法,新影力短片大赛",3047933,226,490,12485,1423,1676,0,0,112842
BV1E6hHzWEQC,114953054854517,1,162,2055,绘画,二次元绘画,http://i1.hdslb.com/bfs/archive/cab612ae31995ecb773f8382651b5de456c35873.jpg,没救了，画剑星都做不到那个境界吗...,1754044624,67,19916355,花铭__,https://i0.hdslb.com/bfs/face/9dc5bbea010bc859441f584ac6eecfa330f7d50c.jpg,336071,"伊芙,绘画,原创,板绘,绘画过程,百合,画师激励计划,Stellar Blade,剑星,Doro",314702,158,285,5761,607,110,0,0,16639
BV1muhPzDESn,114959983844735,1,172,2070,手机游戏,MOBA游戏,http://i0.hdslb.com/bfs/archive/3a06879a4bada1b63eb7402c160eb53b88220b78.jpg,鲁班被禁后羿被抢，那朕只好拿出刘备登基了,1754182800,193,268941858,磊哥游戏,https://i0.hdslb.com/bfs/face/538b9090c0862782df0662b2176e726eda1c9980.jpg,2470177,"王者荣耀,王者荣耀夏日农友节",1212931,954,2348,2238,2125,820,0,0,76277
BV1F8tgzDE5p,114969093868897,21,85,2005,小剧场,短剧短片,http://i0.hdslb.com/bfs/archive/146de92f98c57b4eb5b2963dea99a5b252d7f932.jpg,《王者荣耀之权谋径山》,1754289535,2191,57863910,王者荣耀,https://i0.hdslb.com/bfs/face/186a321d4647bd2b1602e43b831bac89bcb7a34b.jpg,9446176,"电子竞技,王者荣耀,王者荣耀之权谋径山,MOBA",407993,584,1243,7682,5801,1106,0,0,19970
BV19mtgzMEGq,114969177757335,1,228,2090,人文历史,人文历史,http://i2.hdslb.com/bfs/archive/75b7a8436104c74d1414fb470785e5430863b1e6.jpg,卫生员7次一等功:我把敌人都杀了，战友就不会受伤了！,1754293524,309,404194769,了不起De中国人,https://i2.hdslb.com/bfs/face/1b1f8ef7427502ead39a9af2498c9616c6c164ff.jpg,1594654,"神奇的闲鱼,中国军人",457330,1625,1394,3538,5144,1010,0,0,42289
BV13Yhuz6EYz,114962953411057,1,138,2160,搞笑,城市出行,http://i1.hdslb.com/bfs/archive/d00f1c08177e6e733e0d96a2f3133ff025da5889.jpg,大爷的渠道一直都很硬！,1754198616,356,22089099,手艺贾,https://i0.hdslb.com/bfs/face/6192f0ae708a9c9aa6838d699b5a9134e1ada6c8.jpg,1612398,"旧货,地摊,记录,寻找100个宝藏vlogger",623035,3462,1169,1373,1286,169,0,0,41260
BV1bXtJzdEQS,114975821533807,1,121,2064,GMV,单人RPG游戏,http://i2.hdslb.com/bfs/archive/99de7227803090b2bcea942f7a95823d0ef309ef.jpg,笨蛋女神这一块,1754392181,46,2776060,二代二代,https://i1.hdslb.com/bfs/face/a2c19f1557c361fcac6538260f28c25635fbdcf1.jpg,390591,"GMV,二游,鸣潮创作激励计划,卡提希娅,鸣潮2.6,尤诺实机,尤诺,开放世界,游戏鉴赏家,鸣潮",268349,1792,447,6891,2939,533,0,0,36778
BV1X1hbzAEit,114958943650230,1,171,2020,电子竞技,翻唱,http://i0.hdslb.com/bfs/archive/b946cc1f9cc631378592761fbd87dbe3dfbec336.jpg,“虫儿飞 虫儿飞 你在思念谁”,1754134553,68,258020721,a1mz,https://i0.hdslb.com/bfs/face/7890995aec21ce5dffa616297b30e8f7a51f46e6.jpg,4350,"治愈,翻唱,虫儿飞,回忆录",292528,288,780,7907,4557,1364,0,0,28488
BV1RQtjzfEhd,114973841821669,1,47,2037,同人·手书,同人动画,http://i1.hdslb.com/bfs/archive/20f5d2938ce73dba9a871080d434872c03175666.jpg,小八的分贝炸弹,1754361870,49,293191032,呼吸菌QAQ,https://i0.hdslb.com/bfs/face/e110402e29e49f2533691a6d58fce40ae011df96.jpg,490598,"小八,可爱,chiikawa,吉伊卡哇,乌萨奇",545964,110,337,2863,572,1209,0,0,27839
BV14V8rzSEFH,114944381031062,1,212,2149,美食侦探,美食制作,http://i0.hdslb.com/bfs/archive/e5dec7ee31d23b517cfb35097277541e31598e3e.jpg,原来不是全国都有...但广西人从小吃到大！,1753952400,451,20546476,元气八眉菌,https://i1.hdslb.com/bfs/face/3a852c5cafe3178ecb543db0ad5d0155227f3479.jpg,1940167,"街头美食,小吃,甜品,美食教程,夏季糖水,我在B站做美食,笑容加,电动牙刷,广西美食,usmile",1208628,2490,3738,10926,7445,2198,0,0,47539
BV1GutgzNEvg,114969395860253,1,137,2014,明星综合,娱乐综艺正片,http://i0.hdslb.com/bfs/archive/3f2969b181312eca1bd0d41da18422f2b6432d3b.jpg,【时代少年团】《小炸的暑假生活》03：暑假拍了部偶像剧,1754301600,1740,3546630773016865,时代少年团,https://i1.hdslb.com/bfs/face/cffb453787f60a1f13cd49deecc5974e2dad40ff.jpg,3407736,"时代少年团,小炸的暑假生活",1094813,254840,3156,15840,15984,2263,0,0,59706
BV13JtjzQE3v,114973858596407,1,130,2024,音乐综合,电台·歌单,http://i0.hdslb.com/bfs/archive/d2953d58b692e218813cc87b697126b8f6cd5d59.jpg,《灵笼》第二季片尾曲「第一推动力」百万级录音棚试听,1754384400,210,3493082817366845,JLRS-jayfm,https://i2.hdslb.com/bfs/face/0da24ae60a20f0f00855a534678864d095d0e900.jpg,2010148,"电台,动画,片尾曲,第一推动力,灵笼2,第二季,录音棚,王啸坤,灵笼,电台新星征集令",137338,276,972,4704,2779,518,0,0,8542
BV17ftnzrENg,114975435724155,1,212,2150,美食侦探,美食探店,http://i1.hdslb.com/bfs/archive/44c0e1b428ba05c4526d7906228534a4c2e56297.jpg,粤西著名的化州香油鸡，价格真是没谁了！——奀奀饭店,1754386405,298,1781681364,特厨魏味-,https://i0.hdslb.com/bfs/face/895b3d99169f9e8b6c626908bcfec783b04acd51.jpg,447984,"美食,美食侦探,粤菜,广东,舌尖真探事务所,茂名,探店,广东美食,美食探店",145287,456,489,775,528,394,0,0,9529
BV1GUtcz2ED9,114981509008269,1,124,2081,社科·法律·心理,海外资讯,http://i0.hdslb.com/bfs/archive/dd2167cd2e6f244b866745d5d94b968d574e3e8a.jpg,玩大了：得州批捕51名民主党议员并求助FBI？！,1754482211,1001,346563107,波士顿圆脸,https://i2.hdslb.com/bfs/face/f8f0fc4114bb06a87481abe12faa006a383cbe6d.jpg,5178992,"社会,美国,FBI,法律,犯罪,懂王,MAGA,民主党",276733,1263,1016,2816,1586,438,0,0,24104
BV13ohHzkEwS,114952870305395,1,209,2161,职业职场,公共交通,http://i2.hdslb.com/bfs/archive/da4d1b0619bb7944ce32372c5ca4c53224486f47.jpg,飞机上居然还有Wi-Fi？！我该不会是最后一个知道的吧,1754041749,32,3546903994174399,软软爱出门,https://i1.hdslb.com/bfs/face/7d33ad6f748f366442c00266ade3a537bb491392.jpg,2857,"冷知识,信息差,坐飞机攻略,飞机隐藏服务,干货分享,省钱攻略,科普冷知识",406363,44,65,41471,1411,412,0,0,31435
BV1aqtLznEMb,114972449309715,1,130,2024,音乐综合,电台·歌单,http://i1.hdslb.com/bfs/archive/123f95a8226ee7b818d91da71e3e24370c9d3fa9.jpg,"""旧歌重听，记忆重塑""",1754352000,2022,88082801,挽风丶Sama,https://i2.hdslb.com/bfs/face/91484503b5edaa7134d6cd03c418d24acf4845a5.jpg,353713,"电台,BGM,英文歌,音乐选集,宫格音乐,精选歌单,日推歌单,电台新星征集令",229341,31,51,23819,1594,18,0,0,16755
BV15WtnzvEG6,114975485990412,1,257,2207,配音,随拍·综合,http://i2.hdslb.com/bfs/archive/233783faa1ca6b7e5650fc5764b5ee2c88b60e28.jpg,729配音演员这么会玩？看我迫害付博文、兰陶倚、聂曦映、赵爽！,1754388600,887,410964,胖雪人Ozu,https://i0.hdslb.com/bfs/face/7bec7117aa7f60e6f9819a390eddfa5d0bdf899a.jpg,1475604,"配音演员,配音,配音演员迫害系列,动手吧729,729,729声工场,给整活儿加点艺术",71586,571,211,1221,760,194,0,0,7368
BV1TAhpzBEZa,114952803196120,1,228,2066,人文历史,单机主机类游戏,http://i0.hdslb.com/bfs/archive/7e9e89b7abd1d69483bc218e5a953bbb7d71e7b7.jpg,【推理海龟汤】爱的证明。无人应声的骚扰电话，平静落寞的便签落款，五位侦探能否探明？奇怪场景背后的悲伤真相,1754049600,2077,3546824214317878,Sz推理之夜,https://i1.hdslb.com/bfs/face/b669f6b6290ae9d9bc357075a889b8722dd497d3.jpg,475425,"原创,细思极恐,海龟汤,娱乐吃瓜大会",603549,4685,3281,18163,25725,3524,0,0,57974
BV1e5hxzoEZf,114955001004542,1,21,2207,日常,随拍·综合,http://i2.hdslb.com/bfs/archive/3a8b8ef716cf5ed0a306dcb7dc37be35816a54eb.jpg,【MrBeast 首发】让200万人第一次喝上干净的水！,1754107200,589,1027737427,MrBeast官方账号,https://i1.hdslb.com/bfs/face/d85295bc576e059c1a549d89d405f22311571898.jpg,5463232,"歪果仁,公益,英文,生活,慈善,挑战,野兽先生,MrBeast,整活,整活儿还得看歪果仁",4411789,76591,7196,102585,232036,4816,0,1,577978
BV149t7z7Ee6,114975049782858,1,65,2078,网络游戏,沙盒类,http://i0.hdslb.com/bfs/archive/517177310629af5d7a65b958c25dbd3c30857373.jpg,当所有方块变成钻石块，该怎样生存,1754380983,356,35734399,小橙子姐姐解说,https://i1.hdslb.com/bfs/face/7af5ccb8df46b88ff13b172fabbfab94aad5eb28.jpg,2224661,"沙盒游戏,我的世界,生存,minecraft,MC宝藏模组推荐,小橙子姐姐",3242596,5938,363,49355,3177,125,0,32,67940
BV1TwhpzuEhi,114952887077992,1,182,2001,影视杂谈,影视解读,http://i1.hdslb.com/bfs/archive/47dccf75928f030d4f9037fc8f33db0c7721cb9f.jpg,超燃电影《疯狂的麦克斯》，十年来最硬核战车电影，末世狂暴不息,1754211600,987,73528331,摩斯神探,https://i2.hdslb.com/bfs/face/7a3ccfa2d021bc1212ffdd5ea637d098a1475d9f.jpg,3191626,"石头,电影解说,动作,石头P20Ultra,扫地机,石头扫地机器人,石头扫地机",5110112,436,201,25016,1203,68,0,41,53514
BV1HStnzmE2w,114975200842307,1,250,2159,出行,旅游攻略,http://i2.hdslb.com/bfs/archive/69a807c0902ade0095975b8bf71500c498449d60.jpg,香港漫步指南：触摸文艺灵感的脉络,1754389894,963,4087953,BBGthisway,https://i0.hdslb.com/bfs/face/7837ef53601bf96ea4067a22d4c671697c971b6c.jpg,336072,"治愈,旅行,文学,香港,vlog,华为MatePad Pro12.2英寸,BBGthisway,华为平板,华为MatePad,旅行攻略UP主激励计划",47862,196,83,687,1480,114,0,0,3326
BV1A6hNzJEvy,114959329528456,1,28,2016,原创音乐,原创音乐,http://i1.hdslb.com/bfs/archive/112f836c924ba94344252af818343e219ca083d9.jpg,如果植物娘大战僵尸的僵王BGM是虽华写的,1754218800,128,99566843,虽华,https://i2.hdslb.com/bfs/face/03f578ef2028bbaf30e60ce8e528bf44069ef6b4.jpg,216956,"纯音乐,电音,BGM,PVZ,游戏音乐,植物大战僵尸,FLSTUDIO,泽野弘之,植物娘大战僵尸,僵王",211515,2446,875,9215,4223,456,0,0,25001
BV1Nd8CzfEU4,114946830503911,1,241,2009,娱乐杂谈,娱乐评论,http://i0.hdslb.com/bfs/archive/6eaa779cb161b3fca2c6d6546a43951cdff5271f.jpg,单依纯，华语乐坛老来得女【飘飘】,1753949741,694,646456240,柳飘飘了吗,https://i1.hdslb.com/bfs/face/c1b33a258af0011ea8ba14e7ce30aab1ee1828c5.jpg,916279,"王菲,邓丽君,中国好声音,李健,单依纯,吃瓜第一线,歌手2025,桃花坞,孟子义,声生不息",1848981,2966,2911,15327,12374,943,0,0,34511
BV1C2t3zZEMh,114970469665501,1,193,2016,MV,原创音乐,http://i1.hdslb.com/bfs/archive/8a91174985d53a306471d410ca3116fec7115168.jpg,三角洲破壁者行动《In The Summer》【电音Remix】,1754310433,145,2036131,KiraraMagic,https://i1.hdslb.com/bfs/face/18b39493ff7e1315093a75708bd775c55470a226.jpg,312091,"电音,三角洲",139608,127,601,7294,1283,927,0,0,14631
BV1KatjzCEoX,114973992817178,1,232,2103,科工机械,工程机械,http://i1.hdslb.com/bfs/archive/3eae68b801aacc173af798bc237e44aa30e42bf8.jpg,几十万的工程马上要交付，结果电路出了问题，物业不给签字。,1754364315,953,1985127693,城阳电工电路,https://i0.hdslb.com/bfs/face/faae5daababbf652d97faedab1a25d78b654fc44.jpg,2032532,"电工电路维修,安全用电,电工知识",140656,849,444,775,915,102,0,0,10404
BV1NX4RzSE8H,114976542952304,1,17,2066,单机游戏,单机主机类游戏,http://i2.hdslb.com/bfs/archive/57ae98caf1f73a0cd204dec98206b9d33cc00cf2.jpg,当我们变得比「毛毛虫」 还小？！！！,1754442000,1375,108078209,沝沝DjKO,https://i2.hdslb.com/bfs/face/22841a628aaa7f60f767ca66b5bc83b682bfc9d6.jpg,1142348,"昆虫,多人,搞笑,实况解说,沙盒游戏,游戏,steam,禁闭求生2,Ground2,推荐宝藏游戏",130414,131,141,2273,791,38,0,0,7173
BV1yctuzDEni,114967986575380,1,229,2207,设计·创意,随拍·综合,http://i0.hdslb.com/bfs/archive/29767fd8f72c498abe90c7d5b7ce69a454597ac9.jpg,"""TETO！快使用钻头攻击足立零！"",""没热到这种地步吧喂！""——金刚重音teto与逆天星尘的奇妙历险4【术力口两句话小剧场】",1754272309,118,1907674795,绝美癫公死蟑螂,https://i1.hdslb.com/bfs/face/2a1f604a00c330a7dda688d907acfd13e892960b.jpg,14492,"重音テト,搞笑,星尘,搞笑小剧场,两句话小剧场,重音teto,术力口",177359,263,364,13718,1115,1085,0,0,28708
BV1HPtnzEEqJ,114975771200932,1,228,2094,人文历史,科学科普,http://i0.hdslb.com/bfs/archive/c0502b97a0b40506c0818a65413a15c391171a18.jpg,中国第一长河，竟然不是长江、而是黑龙江？！,1754391236,603,390186534,蜀霞客,https://i0.hdslb.com/bfs/face/bbb82adf84214e26d5aba94edfb562800661ee14.jpg,292832,"科普,科学,地理,学习,探索,自然,黑龙江,长江,趣味知识,万物研究所",158379,587,729,2618,1701,365,0,0,12270
BV1MahNzREwF,114959144983991,1,22,2063,鬼畜调教,鬼畜综合,http://i0.hdslb.com/bfs/archive/98f93cb69bdc14a21e256fb254d6eb7cfe3e9f49.jpg,“发给MC老玩家，并什么都不说”,1754279700,181,28284160,我叫瞬哥qaq,https://i1.hdslb.com/bfs/face/39a3498888d90307373821ed7ad933567babb4c9.jpg,707837,"单机游戏,我的世界,籽岷,演奏,沙盒游戏,Minecraft,音mad,回忆向,老玩家",265182,600,1233,16069,12016,9942,0,0,58868
BV1fXtnzyEAQ,114975234329559,1,218,2167,喵星人,猫,http://i0.hdslb.com/bfs/archive/800b8dc6cfdd15199ced7fb0b8ef6de056ee8b92.jpg,《羊入虎口？ 虎入羊群？》,1754388000,305,263090405,猫不理咖啡,https://i2.hdslb.com/bfs/face/2f60f753ef27168acf7d2aa8c99033e663073142.jpg,1676829,"猫,铲屎官,布偶猫,#领先烘焙猫粮,#做武林猫霸抽免罪金牌,#领先烘焙粮抽黄金,猫咖,云吸猫,打工猫,萌宠过暑假",214736,358,246,1117,16486,172,0,0,24327
BV1AF4ZzXEvN,114977566363462,1,21,2154,日常,剧情演绎,http://i2.hdslb.com/bfs/archive/b64969902e5a7db79c9d9f6a675ffa74ca6a2921.jpg,我叫水牛,1754419156,150,3546899950864647,我要睡觉-1589,https://i0.hdslb.com/bfs/face/2549d9d42ff0324b76d6e7e21eb44e1bcc9df315.jpg,216560,"生活记录,动物,牛",652125,278,373,13431,1717,263,0,0,30852
BV1jJtnzMEbp,114975536320645,1,17,2066,单机游戏,单机主机类游戏,http://i1.hdslb.com/bfs/archive/a2429c1a1b7102bb97e64bd8615ce62ab300d8c0.jpg,罪恶都市难度提高1000倍，传奇车神汤米,1754387888,1428,415550560,绿帽乌龟屑,https://i1.hdslb.com/bfs/face/e3845b3ad118b24b061e4ab6c118eba0210c43db.jpg,39541,"搞笑,游戏实况,GTA,罪恶都市,难度",60710,1690,353,1338,5676,118,0,0,6422
BV114hHzAErX,114952937479408,1,138,2154,搞笑,剧情演绎,http://i0.hdslb.com/bfs/archive/c8014fc2dd160ea4f4b4f3d88d2c083c76150194.jpg,课代表历险记（二）！,1754042928,239,393709394,一串大福,https://i2.hdslb.com/bfs/face/e6d1cf7df22235495d25d7ae77a4aa185e5d8c7f.jpg,1555696,"原创,搞笑,搞笑小剧场,来福来福,一串大福,课代表历险记,学生时代,朱迪,fyp",3270485,2192,1207,44164,3916,407,0,48,102345
BV1gB8zzRErG,114943475059399,1,31,2020,翻唱,翻唱,http://i2.hdslb.com/bfs/archive/4ed6ceb621cae1aa84a89eb014301952c4fb6c17.jpg,我被困在金属笔厂了,1753918200,77,3546949093427744,金属笔小子,https://i2.hdslb.com/bfs/face/26471f92387f3df37309a7364e3cad90db9171c0.jpg,14141,"翻唱,莫愁乡,工厂",610923,115,1117,4656,2941,593,0,0,49162
BV1LchMzCEYK,114961812619609,1,201,2094,科学科普,科学科普,http://i2.hdslb.com/bfs/archive/bab59049db8f5eec2e7e3d2e01b59632ce43015e.jpg,饥饿的暴君：卡路里王座下的营养革命,1754178461,409,1208823126,大圆镜科普,https://i0.hdslb.com/bfs/face/9c34ee4b8041dd6f2139c52287c8d34a0a42f230.jpg,440676,"科学,健康,生物,生命,科普,营养,卡路里,AIGC,每天一个健康知识",1981209,781,1353,18216,6399,1527,0,42,147649
BV1aXhHzLEsv,114952652263117,1,219,2168,汪星人,狗,http://i2.hdslb.com/bfs/archive/082e05314fa28fa823b275d4c529f7f9bdfd0201.jpg,当我揭开捡来的串串小狗身世之谜,1754038509,283,514376446,小恩不是人_,https://i1.hdslb.com/bfs/face/4fb77501e0d418c1e4dff61a06bf756b9b432017.jpg,5574,"串串,汪星人,养狗的乐趣,流浪狗后续,混血狗小恩,小狗,捡狗",649287,1095,979,5712,1291,1287,0,0,66376
BV1arhPzfEW1,114959631516157,1,65,2071,网络游戏,射击游戏,http://i2.hdslb.com/bfs/archive/1701b8ff07fd8fdf69e149b58264902b205f6e26.jpg,小蓝大紫怎么取舍？哪个到手纯哈夫币最多？物品单格价值排行一图流,1754145055,179,3546927832500833,鼠鼠博士-三角洲行动,https://i2.hdslb.com/bfs/face/2be1baf0c553d602c092122bf7d22b0c4e6e4b69.jpg,25932,"三角洲行动,哈夫币,鼠鼠博士,新手必看,教学攻略",593416,2646,731,13506,1751,2877,0,0,44488
BV1xh8JzZEr2,114930254614362,1,250,2150,出行,美食探店,http://i0.hdslb.com/bfs/archive/4b2a1397cb13a041d133b11f09b984658c376e6c.jpg,挑战一口气吃14种非洲街头小吃，30块钱吃到撑，非洲赶集太好玩,1754215200,817,528461028,小钟Johnny,https://i0.hdslb.com/bfs/face/8b5dcb61618876d873d9ea0320e52d86616cca6a.jpg,2687679,跟着UP主看世界,1286606,4449,1297,4244,9370,1307,0,0,40277
BV1YTtgziEsy,114969412704216,1,17,2071,单机游戏,射击游戏,http://i1.hdslb.com/bfs/archive/5ec52f7217678c4841145e63d79d97da9d546a27.jpg,《花来士》,1754303400,35,415890389,高坂大芥末,https://i2.hdslb.com/bfs/face/60262c579be5468fdfbcd894b956a6b0a8b4f679.jpg,401992,"101俱乐部,花来,三角洲行动,三角洲欢乐剧场,坝顶狙,诗朗诵,三角洲,夺舍,红狼,绝笔诗",284506,126,310,6448,761,3631,0,0,32727
BV1LnhuzUEQN,114963356061430,1,138,2151,搞笑,美食测评,http://i0.hdslb.com/bfs/archive/d1357303c193678a32aacdeefddfd85c324101bc.jpg,《中国零食测评之康师傅方便面》,1754203168,752,1735813547,Nyyga-idol,https://i2.hdslb.com/bfs/face/fc965336f142e5f2da2017c0fdacaf07c2264467.jpg,21134,爱豆安利挑战,578301,4311,2569,4277,1494,1504,0,0,17714
BV1nDtuz7ERk,114969597186248,1,22,2063,鬼畜调教,鬼畜综合,http://i0.hdslb.com/bfs/archive/cf3d52a94bb2e4d480fbdfedaf3278bdfb8ad999.jpg,“生命就是一场斗争......”,1754366100,380,97240074,龙之王修罗,https://i0.hdslb.com/bfs/face/99e92cba7e8290e60dd296f65c867dd4d92de638.jpg,262249,"鬼畜调教,人生,说唱,鬼畜,谭谈交通,黄绿合战,宋岳庭,人民,谭警官,Life's a Struggle",167523,560,747,6363,12161,884,0,0,20152
BV18MtJzoEPi,114974227825932,1,253,2043,动漫杂谈,动漫速读,http://i2.hdslb.com/bfs/archive/56d5c75058ac679c69cac09b13bf63bb213bce55.jpg,【扒】季终：回忆里的人是不能去见的，再见了戴安《瑞克和莫蒂》之回忆流放,1754367631,577,301717426,周扒片,https://i1.hdslb.com/bfs/face/80ad95a2979f0772a52695095f8c90d7e7eb8b67.jpg,1462623,"瑞克和莫蒂,科幻,回忆,动画种草激励计划,大结局",142111,163,168,1249,1434,106,0,0,12657
BV1L4h3zpEpK,114964060703573,1,85,2154,小剧场,剧情演绎,http://i2.hdslb.com/bfs/archive/985af683d5451daaea6c5e15eb9af80495a05bdb.jpg,诬陷妈妈的人，到底是谁呢？,1754213172,268,3546565008427419,二阳咂-,https://i0.hdslb.com/bfs/face/3a435bf92b138aff08859892b5fb33e65e03f804.jpg,655132,"短片,妈妈,母亲",499520,277,345,3246,1448,135,0,0,47386
BV1fXtnzyEuL,114975234327710,1,253,2042,动漫杂谈,动漫评论,http://i2.hdslb.com/bfs/archive/831526b3b0e8a2f50804dfa85ae1dddd2e2351b7.jpg,只有逆天，没有人类！这部动画到底是给谁看的！真是一场酣畅淋漓的赤石啊！,1754392200,1123,49256130,不知枫叶,https://i0.hdslb.com/bfs/face/40a24491886d30a511e554539446f8d6a38cf26f.jpg,748924,"逆天,动漫杂谈,搞笑,动漫,美食,动画,动漫解说,名场面,烂番吐槽,国王排名",801383,10819,4982,6308,3022,4631,0,0,31963
BV1tbtjz1EAh,114974093549347,1,17,2077,单机游戏,休闲/小游戏,http://i2.hdslb.com/bfs/archive/90269a466b4b70afd5f0bd92a9b209fbec9bb525.jpg,觉醒后，我拿下了七杀！,1754365551,306,64116958,名游社,https://i1.hdslb.com/bfs/face/0ca11f1f7e159f848be4ef14d87042f0380f47d3.jpg,1199674,"游戏实况,搞笑,娱乐,策略游戏,联机游戏,名游社,休闲益智,沙雕,整点电子榨菜",281930,441,565,2055,1750,140,0,0,19652
BV1eNtGz1EBs,114970536774485,1,172,2071,手机游戏,射击游戏,http://i0.hdslb.com/bfs/archive/e889b7d14965d5810e6b9b22a5275396ebc1561c.jpg,【崩坏学园2】大  展  鸿  兔,1754366400,146,133934,崩坏学园2-灵依娘desu,https://i2.hdslb.com/bfs/face/7f7a98360928ba0339881b4a4caa39af68d3618d.jpg,953736,"二次元,崩坏学园2,布洛妮娅,全新BOSS,L的肖像,银狼归来,动作游戏,幻海,miHoYo,主线更新",121110,319,1091,1699,1203,983,0,0,13438
BV1C1tuzDEhd,114969580476265,1,17,2078,单机游戏,沙盒类,http://i1.hdslb.com/bfs/archive/e043bb5a3423226ac81302d0e1a2d7a90b4eef0e.jpg,MC加载世界时的动画，你知道其中隐藏的信息吗？,1754308800,156,510473487,电迷狂热者,https://i0.hdslb.com/bfs/face/25d17ed2257b59a7caeae77692c96c7b1945405a.jpg,57556,"历史,我的世界,MC,彩蛋,Minecraft,发展史,远古版",387568,509,847,7837,1317,602,0,0,18620
BV1ePhJzgEcP,114952417316809,1,17,2078,单机游戏,沙盒类,http://i0.hdslb.com/bfs/archive/a268c703fc0fc911399fefda736a398137b94be9.jpg,【MC暴力美学】天基屠龙炮x粒子,1754034922,125,495966541,ATC_rock,https://i1.hdslb.com/bfs/face/df7fed29d05e1b23c09fc19024fa9d2535bd65b3.jpg,6842,"我的世界,MC,minecraft",876107,1742,1376,46069,91682,4712,0,39,175303
BV177huzDEtN,114963322505348,1,215,2149,美食记录,美食制作,http://i0.hdslb.com/bfs/archive/376ebe7dbfb467f81fac348b999d63bac59c1382.jpg,吃不完的大米粥做成梦龙巧克力蛋糕，糊弄小孩绰绰有余,1754215325,113,1201986019,留意炫饭吖,https://i1.hdslb.com/bfs/face/f4fa26aea4b9077bb23844ceb296e8736027b2fe.jpg,1448412,"甜品,萌娃,谷雨,Vlog,我的养娃日记",1139848,612,428,6679,901,1108,0,0,86666
BV1rUtFzoE4u,114979814509838,1,172,2064,手机游戏,单人RPG游戏,http://i0.hdslb.com/bfs/archive/19780846921d3431e7959918d0581c49d5676a87.jpg,【禁闭者影像捕获】丨奥古斯特「旧狄斯军上将」,1754452857,72,647409444,无期迷途,https://i0.hdslb.com/bfs/face/544b4a70c3f0b4333d114c61449a36765aeb05a7.jpg,1597860,"凯瑟琳,无期迷途,禁闭者,MBCC,残锋,上将,三周年,奥古斯特",286182,466,930,1325,2305,858,0,0,8525
BV1NohLzEEkT,114967550369278,1,161,2099,手工,电脑,http://i1.hdslb.com/bfs/archive/c03c318c46ab0348bb75889b6c7f709f04e1256e.jpg,伊  涅  芙  实  机,1754280000,130,7057999,牛掰的瑶子,https://i1.hdslb.com/bfs/face/efbb1365ca8a93d32ca678bac13a150762154d9a.jpg,164154,"DIY,手机游戏,图吧装机,伊涅芙,原神伊涅芙,原神",1681642,6392,1869,16355,16516,11236,0,69,112176
BV1WJtMzSEpE,114968640947553,1,212,2150,美食侦探,美食探店,http://i0.hdslb.com/bfs/archive/1e64fec99f36b491e277ed5beddf5db8e5684005.jpg,来了贵州的这一口酸汤，绝对是不能错过！,1754298300,183,662658732,玲子reiko-,https://i0.hdslb.com/bfs/face/a8d629cf26aadac92df23448177860842cc8e133.jpg,1769546,"记录我的美食日常,贵州,探店",283550,131,559,1509,613,1439,0,0,28016
BV1498CzcEqt,114947199667464,1,208,2094,校园学习,科学科普,http://i1.hdslb.com/bfs/archive/4d60c98b4487fe9d1921dd7a5240a80e8edf5e73.jpg,【干货】不小心被陨石砸中怎么办？,1753957646,129,482213447,闪电侠-flash,https://i2.hdslb.com/bfs/face/4ab72675654781bbfcd6bf237cd161a0d89ae5c4.jpg,1600571,"学习,中学,校园,校园整活王,uwant,友望除螨仪,友望吸尘器,友望红外除螨仪,友望自集尘专家,陨石,干货",1068656,2688,2100,9767,1724,3455,0,0,104635
BV1WPtnzEEB3,114975771203362,1,253,2037,动漫杂谈,同人动画,http://i0.hdslb.com/bfs/archive/4153783d943a9183d94c1def1b06f0eb38457c60.jpg,《规则之下10》—潜龙之态。,1754391342,342,214580274,熊熊仔的沙雕动画,https://i0.hdslb.com/bfs/face/fbfaa4e56724fc64ebbf4ec22d862cb06dd0de63.jpg,461476,"剧情动画,烧脑动画,剧情反转",68367,245,319,1430,1632,67,0,0,8436
BV1ANh8znE3j,114958994049745,1,21,2194,日常,中外生活vlog,http://i1.hdslb.com/bfs/archive/4fdd60225e2452043d32e0f8158a15f2e76a63ff.jpg,没想到这么快就离开了！一个人坐13h飞机去伦敦读书,1754135499,653,130636947,塑料叉FOKU,https://i0.hdslb.com/bfs/face/b23b68a60d4330aaa04c7785594bacad3837ff11.jpg,2960600,"英国,旅行,搞笑,伦敦,生活记录,vlog,塑料叉,出行,英国留学,寻找100个宝藏vlogger",1083884,1038,1604,7203,6452,881,0,0,53184
BV1odtnzkEtF,114975402100793,1,172,2064,手机游戏,单人RPG游戏,http://i2.hdslb.com/bfs/archive/2d6ca654ada05b022a829947d3041281b51d23b1.jpg,《崩坏：星穹铁道》走近星穹——「海瑟音：骑士肚里能撑船」,1754452800,552,1340190821,崩坏星穹铁道,https://i2.hdslb.com/bfs/face/57b6e8c16b909a49bfc8d8394d946f908cabe728.jpg,11439278,"崩坏：星穹铁道,崩坏星穹铁道,走近星穹,海瑟音,崩坏星穹铁道海瑟音,英雄未死之前,米哈游,miHoYo",1055304,17218,7129,12602,15710,6010,0,44,106376
BV13z4RzbEvf,114976962383362,1,17,2077,单机游戏,休闲/小游戏,http://i1.hdslb.com/bfs/archive/00cc1e097526bd1866cfd7d2183f8e4dfdd0d2ce.jpg,杂交重制版：三分天下,1754449200,272,97213827,潜艇伟伟迷,https://i0.hdslb.com/bfs/face/a2370da541bc5f6769cfcea0fcef907bebb26311.jpg,4935496,"PVZ,植物大战僵尸,植物大战僵尸杂交版,杂交版,自制游戏,杂交植物",217126,319,753,830,543,107,0,0,16586
BV159hWzpEAP,114955621761505,1,17,2079,单机游戏,其他游戏,http://i2.hdslb.com/bfs/archive/37e5ab125476c8e422e49aa2a13c971c3dc160ad.jpg,"必须使用""BUG""才能过关的小游戏？！",1754099700,406,344424146,八黄荷包蛋,https://i2.hdslb.com/bfs/face/418e8d799f4fe9c0a5f5215d91f1e82eb37fec18.jpg,12123,"游戏实况,单机游戏,小游戏,搞笑,游戏,Supertype,超级字符,整点电子榨菜",349395,4137,1299,5520,2253,304,0,0,33270
BV1ZvtJzMEzk,114976022926974,1,71,2198,综艺,休闲玩乐,http://i2.hdslb.com/bfs/archive/4a803cf7ded903fb654dd38dd6a8dd06539e34c1.jpg,我叫柯蓝，是附近有名的名蒸蛋（6）,1754449200,1282,3913194,高斯Goh,https://i0.hdslb.com/bfs/face/d4c65b5c6be3f9d845c15401173f98b130728851.jpg,5187786,"聚会,搞笑,日常,生活,犯罪现场,推理,抽象,沙雕,小潮team,整点电子榨菜",1326910,28098,3478,36647,50046,1759,0,15,122559
BV1bgtMzdEyV,114968540289872,1,21,2064,日常,单人RPG游戏,http://i1.hdslb.com/bfs/archive/cce0ec7069a363d16bd0a970465803ec8ec4eef6.jpg,纯路人只凭一张图将代号与角色连线,1754280867,274,500140286,隔路脑,https://i2.hdslb.com/bfs/face/16c595449a41d556bd99f16881604ab5788578f0.jpg,631875,"二次元,游戏,原神",410073,7710,1986,5028,805,1817,0,0,23816
BV1JNhNzVEdE,114959379861289,1,21,2152,日常,美食记录,http://i2.hdslb.com/bfs/archive/db9afc8352e91537819f4e6752bffc89ace3e4f9.jpg,摆摊卖盐焗鹌鹑蛋休息几天差点被偷家了,1754141144,171,3546913290849217,蔡同学盐焗鹌鹑蛋,https://i1.hdslb.com/bfs/face/94c45320168df68bedf32da39cebb5eca075c523.jpg,11878,"街头小吃,街头美食,路边摊,盐焗鹌鹑蛋,我用美食搞事业",956068,96,473,547,664,126,0,0,24092
BV1FRtnz5EgT,114975418880976,1,65,2070,网络游戏,MOBA游戏,http://i0.hdslb.com/bfs/archive/2cd7fbdc3a647bc813bf266c05905e77ef4f3006.jpg,有趣...是值得我使出真伤的对手！,1754385905,253,3546799094631194,爱丽速子LightSpeed,https://i2.hdslb.com/bfs/face/9ea7f7998ab8bb02c34bed1aa3aa376643d49f8b.jpg,160124,"电子竞技,娱乐,搞笑,王者荣耀,MOBA",177620,260,314,886,679,47,0,0,16453
BV1Qhh8zaE75,114958373297043,1,212,2142,美食侦探,体育综合,http://i2.hdslb.com/bfs/archive/f8b8188b886c2cf784cd9f47e336a5637ac4bcd2.jpg,和专业腕力运动员切磋一下，看看我现在的腕力处于什么水平,1754125968,246,3493260093819171,李维刚的日常,https://i0.hdslb.com/bfs/face/4917c09bdfd5e72f08a04d2c752de48a848a1318.jpg,3595080,"李维刚,掰手腕,腕力",592731,835,1634,1209,1482,288,0,0,42484
BV192tGz2E6T,114970083723934,1,65,2063,网络游戏,鬼畜综合,http://i0.hdslb.com/bfs/archive/52592643c32049fcbe1efc9891500dee41f1916d.jpg,【IVL】2025夏季赛，但不太正常,1754361925,117,3461571856566600,叹禾Tater,https://i0.hdslb.com/bfs/face/171fd6ae6b16002b8d3c93cb82bbbb2defa8c8ac.jpg,737,"鬼畜,电竞赛事,第五人格,第五人格赛事,IVL,ivl夏季赛,2025IVL夏季赛,网易第五人格",137794,247,765,5540,6467,2193,0,0,20589
BV17gtEziEE7,114975066555514,1,212,2150,美食侦探,美食探店,http://i0.hdslb.com/bfs/archive/f872b71358c3028f799fa895aec1003ea1270849.jpg,5500韩元在韩国女校食堂能吃到什么？没有草料，但也没有肉,1754388000,979,39627524,食贫道,https://i2.hdslb.com/bfs/face/eef12b850c10b0d7a7929236abb08604955823c0.jpg,7941616,"韩国,大学,美食,4K,草料哥,大宝荐,舌尖真探事务所,食堂,记录,食贫道",1526938,10094,5197,9967,16260,4380,0,78,86841
BV1ygh3zPEei,114964043996818,1,138,2154,搞笑,剧情演绎,http://i1.hdslb.com/bfs/archive/37f52f9f532823b615dc0cb268d81b468592a619.jpg,《面试の奇妙物语》,1754212438,67,16754498,不凉少年派,https://i2.hdslb.com/bfs/face/97cbefe1224ba11a1ed69845d3ceb341063c58c2.jpg,1027006,"搞笑,原创,日和,搞笑小剧场,离谱剧情,抽象,奇怪",1087315,154,270,2465,870,399,0,0,62770
BV1KAhpzBEZJ,114952803192328,1,47,2037,同人·手书,同人动画,http://i0.hdslb.com/bfs/archive/1d615714d5d26dca4c1a49629a70c2b7bbb32ce7.jpg,如何将《献给爱丽丝》改编成哥特病娇？,1754041582,252,306935529,孙熙然,https://i0.hdslb.com/bfs/face/f8524c3af0c0c286bf3d4d1daa9ebaf19f50b263.jpg,820589,"同人,绘画,手书,病娇,哥特,第五人格,小说家,记者,说记,第五人格庄园纳凉夜",410470,4446,695,14649,5993,1787,0,0,58822
BV1V8h3znEpq,114964094258335,1,47,2207,同人·手书,随拍·综合,http://i0.hdslb.com/bfs/archive/41f576cba8f7fd4c24316ecd5e1e2888733cc80f.jpg,【重置】你的鬼畜区是什么颜色？,1754213153,68,3493136577857644,路过的White,https://i1.hdslb.com/bfs/face/083e6445aa78242f00e83404ee8e9897c4aae19a.jpg,5925,"鬼畜全明星,剪辑,梗,鬼畜,音乐,卡点,雅",434970,303,1035,22331,9360,3320,0,0,86647
BV1Cq4dzUEmj,114978271004135,1,17,2078,单机游戏,沙盒类,http://i1.hdslb.com/bfs/archive/c331be805a91c9cb92ae12b2e3601af6f9a31a8f.jpg,铜矿产物再更新 我的世界 1.21.9新版本介绍 25W32A,1754429495,543,686127,籽岷,https://i0.hdslb.com/bfs/face/7efb679569b2faeff38fa08f6f992fa1ada5e948.webp,4996676,"MINECRAFT,我的世界,单机游戏,籽岷,沙盒游戏,1.21.9,25W32A,介绍,新版本,推荐宝藏游戏",172020,764,1080,1381,1881,1258,0,0,15597
BV1Ck8yz4EuA,114946662731118,1,85,2154,小剧场,剧情演绎,http://i1.hdslb.com/bfs/archive/5a4b25357890fa44ecf311cddb3baee4ad632577.jpg,逻辑鬼才不吃苦～,1754218800,105,1875910928,小赖同学,https://i2.hdslb.com/bfs/face/4e4afbde408988ec1ee8799c8020839f2961fefd.jpg,436532,"生活,逻辑,职场,短片,搞笑,原创,日常,搞笑小剧场,鬼才,打工人",1023573,126,348,1438,561,108,0,0,33263
BV1BFtczJEVG,114979898398033,1,95,2099,数码,电脑,http://i2.hdslb.com/bfs/archive/d98410d8b62bb54a704b171a7296fa1233f7b4bc.jpg,[熊猫]骁龙笔记本现在能买吗？2025CJ骁龙主题馆带你一探究竟,1754456834,343,479927880,嗨我是熊猫,https://i0.hdslb.com/bfs/face/2a70f9b9c31cfb2789682966969f860beb92a0b0.jpg,641694,"科技猎手,ChinaJoy,windows on arm,X Elite,选骁龙,高通骁龙,游戏本,骁龙,骁龙笔记本,Arm架构",76399,147,109,864,1391,63,0,0,2870
BV1QQtGz5Eoh,114969966480119,1,215,2149,美食记录,美食制作,http://i0.hdslb.com/bfs/archive/846395cb0e1af981e1d2b655ac2c869ec1fb7047.jpg,文科毕业生6.38吃一顿,1754302850,63,33903433,极品饭灵根z,https://i1.hdslb.com/bfs/face/b85167a5feb1ae3547009e6efe6029b6aca5da4b.jpg,586224,"美食,生活记录,大学毕业生,鸡翅,Vlog",379034,1740,492,1447,1091,367,0,0,40264
BV1hLhHz6EmB,114953323289514,1,176,2154,汽车生活,剧情演绎,http://i1.hdslb.com/bfs/archive/dd24006c6b597d94453317692511207e6d1e4e2b.jpg,环游王者把家归，小小侄女身后追~,1754190300,121,1194144659,车小白-,https://i2.hdslb.com/bfs/face/9cc5a0aae824ee21051aae1ecb7a17a3a7e1c460.jpg,109501,"房车,姑姑,环游世界,乌尼莫克",517148,280,319,1511,685,178,0,0,37899
BV1CJtJzEEmq,114974378691267,1,238,2164,运动综合,打野采摘,http://i2.hdslb.com/bfs/archive/dcd27827db222fd98380f562ecc7724bcba77bdb.jpg,又到抓稻花鱼的季节啦！在稻田森林里穿梭，惊喜连连！,1754470800,589,327552140,我是野农,https://i2.hdslb.com/bfs/face/dc9091859f0b6b5aad657c95102b599d2f41b53f.jpg,464345,"搞笑,生活记录,记录美好农村生活,田园生活,抓鱼,美食自制,农村美食,莲花池,稻花鱼",100338,645,359,544,5691,91,0,0,10543
BV1RPtHzTEXY,114975385326465,1,241,2009,娱乐杂谈,娱乐评论,http://i0.hdslb.com/bfs/archive/36b627938814466e29afe81dc957d0e069d5c8b4.jpg,顶级牛马破防！赵露思要当素人？全网封杀也不忍？抑郁症怒撕无量老板，25年最癫事件诞生！,1754391652,1148,26376587,吃瓜郭昱麟,https://i2.hdslb.com/bfs/face/6927b2ddf58a9f9abaa147ab8a4eaa0842931fd8.jpg,986516,"汪苏泷,综艺,娱乐,吐槽,旺仔小乔,张碧晨,八卦,明星盘点,赵露思,娱乐吃瓜大会",326906,1339,948,1514,551,306,0,0,5975
BV1znh3z4Efj,114964127880409,1,138,2154,搞笑,剧情演绎,http://i1.hdslb.com/bfs/archive/016ba8061dc8e5d8bcc1568bf6f7c21d0bb2ed20.jpg,《打工皇帝养成记-服务员篇》,1754213859,296,485359169,邢三狗子,https://i2.hdslb.com/bfs/face/70782f5063ee85c90d422bdd28d8888a049c3ff8.jpg,2062403,"短片,原创,剧情向",2846757,851,358,20561,1811,222,0,53,84846
BV1S2hPzxEPr,114959849687123,1,65,2070,网络游戏,MOBA游戏,http://i2.hdslb.com/bfs/archive/c5534d2b67e5fb82628a9ecf61066d4e4baa3b5f.jpg,《智慧的英雄会让对手更加智慧》,1754149954,445,358607628,三桥qzg,https://i0.hdslb.com/bfs/face/c7ee89648420fccd55e1d4e0782f75aeab98c0c0.jpg,639477,"电子竞技,英雄联盟,上单,MOBA,大虫子,2025LPL第三赛段",978213,1197,481,1662,8730,344,0,0,69198
BV1dj8yz5EeH,114946880833708,1,252,2154,仿妆cos,剧情演绎,http://i2.hdslb.com/bfs/archive/5b3b6f7ff3fad50df60afef157eb6e25291a68f0.jpg,花有重开日，人无再少年,1753951673,131,322480205,造梦阿瑄,https://i2.hdslb.com/bfs/face/6179ff89aa703de7a967de4e3fe4804d4988b001.jpg,802902,"魔术,少年,校园,搞笑,生活记录,搞笑小剧场",613278,16012,1958,3833,7526,906,0,0,98864
BV1T2hVz7Efd,114964681460719,1,85,2154,小剧场,剧情演绎,http://i1.hdslb.com/bfs/archive/4cf37d85c60e4966dacbe07612178ead27146f45.jpg,真不知道我在期待什么,1754222209,55,3494355337743131,赵柯Kerr,https://i2.hdslb.com/bfs/face/27e296d4c9d0246bdc195fdde0daacd3b647efc8.jpg,41954,爱豆安利挑战,421066,496,561,842,740,319,0,0,20566
BV1nkhxzBEhf,114956913609366,1,21,2196,日常,职业vlog,http://i0.hdslb.com/bfs/archive/10decb86afad3a37ca2828573ef272a1a5449e10.jpg,中专生在日本打工6年离职回国，这6年除了收入1000万日元，还收获到了很多不同人生的体验，心酸与感动共存，离开也是为了更好的再见，谢谢大家的一路支持！,1754103650,62,486122103,思乐在日本,https://i0.hdslb.com/bfs/face/7f8a4169e6dd73bdecbadbef8de61c384132d037.jpg,84856,"日本,生活记录,vlog,努力,日本生活,感动,日本打工,出国打工,打工人,随手记录我的生活碎片",705601,295,3537,3575,1202,1263,0,0,75135
BV1jctHzgEea,114975351836802,1,21,2126,日常,户外探险,http://i1.hdslb.com/bfs/archive/8d32b4bf74cfc339cc62e10f79ef8bb519c573fa.jpg,流浪庇护所成型通水通电，是时候享受牛总生活了。,1754387725,877,1625060795,浪仔小牛,https://i2.hdslb.com/bfs/face/0f5c077c743dd4c1e0a8f3089becc6f4acbddc75.jpg,533408,"庇护所,正能量,生活记录,户外,露营,我的离谱暑假",676492,3324,764,1645,8769,900,0,0,18881
BV1rTtuz2ExC,114968187902103,1,21,2207,日常,随拍·综合,http://i1.hdslb.com/bfs/archive/02bd9462a952a7c1e5a704a9f502316b677b4f07.jpg,UCLA计算机硕士 刺客信条如何在巴黎上学,1754280503,113,11676354,谢万宁Shawn,https://i0.hdslb.com/bfs/face/e2f6851e850a2acb5139a718b2a36a6ea7e6693c.jpg,193764,"刺客信条,法国,留学生,雷鸟V3,全网命最硬的留学生,专业动作请勿模仿,UCLA,硕士,孟加拉,寻找100个宝藏vlogger",544466,249,493,9161,4425,839,0,0,29549
BV1ibhVzfEYJ,114964866073948,1,85,2154,小剧场,剧情演绎,http://i1.hdslb.com/bfs/archive/0d68150f6ce397a7919ecb1bd09b27f053fef3ee.jpg,《石头剪刀布赢了当皇帝》,1754224863,43,2026548816,乔乔和夫夫,https://i0.hdslb.com/bfs/face/b57ca61dabc302b80dec0ba2195628eac85fb4a4.jpg,2133626,"B站小剧场,恋爱,搞笑,情侣日常",587077,125,291,2310,607,707,0,0,74620
BV1PEhPz1E3n,114959950354681,1,256,2039,短片,cosplay,http://i2.hdslb.com/bfs/archive/31fb73707a7866e5f84c65c736bd595667d2a750.jpg,Cos汉尼拔去CJ找食材,1754211600,155,3546666904848576,汉尼扳,https://i0.hdslb.com/bfs/face/34ed1308d18d7f103960aa798d7020e1a10cfd7e.jpg,1752088,"CJ,汉尼拔,荣耀GT,拔叔教你做人,荣耀400,荣耀平板GT2Pro,荣耀平板在CJ现场成电子鸡蛋,CJ漫展",682021,21287,2169,5015,3058,1427,0,0,87954
BV1JYtJz6Egq,114976106877463,1,215,2150,美食记录,美食探店,http://i0.hdslb.com/bfs/archive/3110a22d31df08966a117ac8a6e5067961d7acca.jpg,vlog青岛好多餐,1754396543,240,1626552192,小牙一杯,https://i0.hdslb.com/bfs/face/ec6dfe41ce05a26264bdfe920ab50fb423a3d200.jpg,761661,"吃货,生活记录,青岛,记录,分享,探店,Vlog",88979,168,1619,1350,802,734,0,0,12120
BV1UDt7zJEsV,114975016293722,1,215,2150,美食记录,美食探店,http://i1.hdslb.com/bfs/archive/8cb507bb5c81b4d2602371eb7faa9063ef694587.jpg,特色烙锅，炒饭免费？狠狠下三大碗饭，一人三碗！,1754387100,622,8680974,干饭三健客,https://i0.hdslb.com/bfs/face/cf67c074588b1524389f371665b4f687cf6315b6.jpg,1725466,"烤肉,折耳根,三剑客,健身餐,蘸水,酸汤",519133,764,541,1701,2772,2050,0,0,21897
BV1Vrh7zTE2Q,114951108693547,1,24,2063,MAD·AMV,鬼畜综合,http://i0.hdslb.com/bfs/archive/07b7e4a6d1233a7accf88781df4b47062036f3c1.jpg,二乔：我被困在了时间迷宫《莫愁乡》,1754014999,133,9068441,冰攻厂BeSo,https://i2.hdslb.com/bfs/face/4f06d92605733645f261e2e29da02556afdf1c32.jpg,675226,"动漫,JOJO的奇妙冒险,二次元,动画种草激励计划,莫愁乡,二乔,乔瑟夫乔斯达",259147,735,400,20155,10237,1303,0,0,32843
BV1gatnzFE81,114975670539661,1,138,2154,搞笑,剧情演绎,http://i0.hdslb.com/bfs/archive/77023ad3f83953c89058162986905f6ef6cdaac8.jpg,蜿蜒的山路又会带我通往什么地方呢？,1754389714,166,484262091,郑丽芬er,https://i0.hdslb.com/bfs/face/b31a4cd9a55c60f6255e1f59266b369d7f3a1da0.jpg,1043668,"情感,一人分饰多角,家人",272206,192,427,1211,1168,97,0,0,26149
BV1PmtFzbEN6,114979764246530,1,172,2064,手机游戏,单人RPG游戏,http://i1.hdslb.com/bfs/archive/4425bea35b775f74c8fc0624ef398a8a0360203c.jpg,哪些重量级干员可以在一圈内击杀三船光平？【明日方舟】,1754452921,546,12073864,-碱式碳酸咸鱼-,https://i1.hdslb.com/bfs/face/de64ffc4031f4ec3f068527a8cbc4a1ac9cc4bb7.jpg,535132,"娱乐,明日方舟,三船光平,墟,AT-8,泰拉探索协会,明日方舟创作者应援计划",301447,1349,920,1127,1280,195,0,0,17563
BV1r9twzwErs,114980603038595,1,137,2014,明星综合,娱乐综艺正片,http://i2.hdslb.com/bfs/archive/1b4500f841d314f7deff2054359134039b11c162.jpg,【登陆少年】《TOP登陆少年组合日常角》 23,1754474400,1012,3546657239075200,登陆少年组合,https://i1.hdslb.com/bfs/face/bf39db605b4c1bf1c519c1429a4d71eb605e089d.jpg,1472839,TOP登陆少年组合,181709,44358,1636,1594,981,164,0,0,8158
BV1SgtJzsEZb,114974143812183,1,17,2077,单机游戏,休闲/小游戏,http://i1.hdslb.com/bfs/archive/d70428177e1611a3de87ba72a486b7c6998bbb17.jpg,我啥都不敢说啊,1754384400,157,85749956,W-y小宇,https://i2.hdslb.com/bfs/face/7abfc0ae0127969ea01132d1bb8f0f2ba0345f71.jpg,217209,植物大战僵尸,511009,206,193,19176,659,927,0,0,25791
BV1vGhWznENw,114954195704183,1,21,2037,日常,同人动画,http://i0.hdslb.com/bfs/archive/7a5b153361b56d58893d8d91172b2755d24e3e58.jpg,“感谢你们的热爱”,1754062029,82,3546845057910803,gal小指南,https://i2.hdslb.com/bfs/face/613768ab1d9a0e0e3952c5ce234251deba4db944.jpg,15018,"剪辑,GAL,galgame,汉化组,感谢",690208,1678,2230,25358,20380,1617,0,0,136210
BV1do8kzuEZw,114945605834201,1,21,2112,日常,护肤,http://i0.hdslb.com/bfs/archive/84937866050d3d4d17442535097a853dc88cfecc.jpg,感恩大家对红卫的关心和厚爱！诚邀各位宝宝们来直播间！！！！,1754101800,111,3493082846726757,红卫皂业旗舰店,https://i0.hdslb.com/bfs/face/432d6d062cf8e0f1dc43297b770c70d0caed9aaf.jpg,84509,"护肤,国货,正能量,直播录像,羊脂皂,香皂,红卫",244039,124,401,2385,3102,54,0,0,35908
BV1p7hVzTEsi,114964731796904,1,138,2154,搞笑,剧情演绎,http://i2.hdslb.com/bfs/archive/661537373a491b1b11445e8cc326586304885c41.jpg,我承认了！,1754223228,134,475845053,呱唧菌,https://i2.hdslb.com/bfs/face/70e280e50eb75796f1041617d47a2b90420063a3.jpg,2430946,"短片,原创,搞笑,旺仔小乔",943488,1242,946,18905,2487,1110,0,0,73247
BV1kEtLzYEg9,114972650641319,1,172,2064,手机游戏,单人RPG游戏,http://i0.hdslb.com/bfs/archive/3787ad7743c05a8a1c01ec19e93ea46e664f24ca.jpg,停云全程单通差分宇宙千面英雄V7，只有抛却理性才是（  ）的一集！,1754365500,1593,75480955,念熙阿,https://i1.hdslb.com/bfs/face/c054ef8bd21efb38f8d6cc78fd8e7135c4b996a8.jpg,981325,"游戏实况,停云,念熙,崩坏：星穹铁道创作者激励计划,全程单通,星穹开拓团,差分宇宙,千面英雄V7",170148,1332,572,1645,3610,191,0,0,18128
BV1JztGzpEE9,114969832134623,1,138,2155,搞笑,语言类小剧场,http://i2.hdslb.com/bfs/archive/95a16d3c2398340ac64b8663a3529593882f3da1.jpg,上班就是一场cosplay,1754391600,198,288387457,小小段砸,https://i1.hdslb.com/bfs/face/ac096215f656f82d552099e0ab06bc86d6bacbaf.jpg,1358693,"职场,脱口秀,搞笑小剧场,段砸,上班就是演戏,工作,搞笑吐槽,上班,Cosplay,溪木源",161503,268,459,1902,2886,1611,0,0,17057
BV1oEbSzsEUR,114912655382188,1,251,2088,三农,社会观察,http://i0.hdslb.com/bfs/archive/5e956fc412a84bc00407ec972d21a7dc0a72a2ca.jpg,你吃过公共厕所旁的五元自助餐吗？,1754386200,148,1353065475,我是九日儿,https://i0.hdslb.com/bfs/face/ef3ea526cdfc8eee6a3a2fea64f1e15c1d3ff701.jpg,124801,"正能量,vlog,记录美好农村生活,山东,温暖,济南,好客山东,五元自助餐",667072,424,904,4227,26073,774,0,0,66362
BV1SUt7zDEYP,114973221130791,1,171,2071,电子竞技,射击游戏,http://i1.hdslb.com/bfs/archive/57e3dacee2c9377e89c577dee10f46aa48f2f1a2.jpg,这就是鼠鼠们出大货时梦寐以求的大哥嘛ᯠ  _   ̫  _ ̥ ᯄ ੭,1754352200,214,237182065,离nm大谱啊,https://i1.hdslb.com/bfs/face/86ba364771f60a077c9ee8b1cbeaf69636cf079c.webp,247,"三角洲跑刀,好人,三角洲",387612,407,1186,1170,970,130,0,0,25799
BV1H1tuzDEBJ,114969580406250,1,172,2073,手机游戏,动作竞技游戏,http://i0.hdslb.com/bfs/archive/7d3ae62f2bf7d77ec47fa9c741a5787ae5204031.jpg,9月高招S九喇嘛水门！设定、全技能表现效果参考！,1754297035,256,95845925,帕克统一忍界,https://i2.hdslb.com/bfs/face/c9cdbcc4b2db5b82a2fec668ddc44cb8444f7c26.jpg,626466,"波风水门,决斗场,金身水门,我要上超影,格斗游戏,火影忍者手游,新忍者,9月高招S,九喇嘛水门",570087,1385,2188,1138,824,1132,0,0,14592
BV1pPtnzEEGi,114975771198872,1,247,2108,新能源车,汽车生活,http://i1.hdslb.com/bfs/archive/9261aff8e1668c124c50c1ebc42dc325855dea44.jpg,【雷军】12分钟 小米YU7能充多少电？,1754391380,67,646730844,雷军,https://i0.hdslb.com/bfs/face/5d26a50ea0a23493a94d72e578e4f73e60af4aad.jpg,5707641,"小米,雷军,和雷军一起聊车,充电",449772,404,2018,700,608,388,0,0,20356
BV1eBtJzKESp,114976056413601,1,47,2050,同人·手书,漫画·动态漫,http://i0.hdslb.com/bfs/archive/3173ca4bb9724e626cb1b5e168a71eaef2ac0dcc.jpg,她是谁？明明是我先来的……,1754395585,85,3546918179310343,ENX叉叉酱,https://i1.hdslb.com/bfs/face/2923eaae85b81110da3127bc55bd48532a6ff264.jpg,290835,"青梅竹马,恋爱,漫画,情侣,爱情,二次元,纯爱,ENX叉叉酱,甜甜的恋爱,国漫觉醒时",276940,169,778,4811,830,568,0,0,37414
BV1UBtFzeEgE,114980200387825,1,17,2079,单机游戏,其他游戏,http://i0.hdslb.com/bfs/archive/eea085ad614571a94b7060937375213f38ed1655.jpg,【散人】deltarune三角符文 连续boss战 眼花缭乱精彩刺激（P3）,1754459379,4279,168598,逍遥散人,https://i1.hdslb.com/bfs/face/8a5de2d7486251e80307d8600cbf8649eb4035fe.jpg,7303595,"逍遥散人,游戏实况,搞笑,娱乐,散人,undertale,deltarune,三角符文,推荐宝藏游戏",87719,1541,361,1624,2937,98,0,0,10605
BV1xShwz1EBE,114941797336643,1,126,2063,人力VOCALOID,鬼畜综合,http://i1.hdslb.com/bfs/archive/6d424245f15e383fde8809f9868e00223565ea1f.jpg,上一个这么剪的播放量已经过亿了,1754020500,144,19071708,潮汕好男人,https://i0.hdslb.com/bfs/face/2a4c1b3c2d8f48a58c5f818287c90a6ea78d7907.jpg,2193536,"全明星,鬼畜,黄绿合战,敢杀我的马,黄绿合战10th,让子弹飞",477358,964,1131,11089,19383,1230,0,0,67291
BV1M8hxzmEAJ,114956779527642,1,254,2135,亲子,篮球,http://i2.hdslb.com/bfs/archive/3d68ec0f39be7c6ce7586deff2cc18ef5c827989.jpg,用脑子拿捏弟弟 果然不费吹灰之力,1754101533,91,618528588,蔻蔻揍大飞,https://i0.hdslb.com/bfs/face/b7b07c07ffb3de6fca9b69623da26429d8901bee.jpg,37428,篮球,1174199,408,1339,2664,539,415,0,0,32365
BV1tfhJzYENa,114952081835046,1,138,2207,搞笑,随拍·综合,http://i1.hdslb.com/bfs/archive/a67bfe899f12b226d61e04957c4d7a15ce5f4bbf.jpg,弗雷尔卓德小品之你们要的来了～,1754029998,68,3546909580987309,弗雷尔卓德-杨辰,https://i1.hdslb.com/bfs/face/e59912641ba4cbaadb857e30085b15cf4dcc6819.jpg,254753,"鬼畜,娱乐,小剧场",3380063,1590,5854,40208,38297,32466,0,15,397009
BV13ohHzkEcL,114952870305430,1,76,2152,美食制作,美食记录,http://i1.hdslb.com/bfs/archive/b2543b6e5519263a8b993ee7a83091cbf08f2b47.jpg,又是一年夏天，时间过的有点快，但好在做自己喜欢的事就不算浪费时间！列气！,1754041989,347,3461567196694763,队长0527,https://i2.hdslb.com/bfs/face/aab34fc302ea7c169ea07074beaa89de2e96e8c7.jpg,803065,"生活记录,烧烤,回忆,夏天,青春,人间烟火,记录,v lo g,徐州烧烤,B站超高清视频计划",480370,11588,886,3735,1762,810,0,0,46007
BV1FztGzWEGc,114969832265002,1,76,2152,美食制作,美食记录,http://i2.hdslb.com/bfs/archive/6499bd3c88a9391d7b75e4a317bca747fed93a09.jpg,这才是正儿八经烤羊腿！生活不就是靠这些美食小碎片聚集而成的吗？列气！,1754300621,344,3461567196694763,队长0527,https://i2.hdslb.com/bfs/face/aab34fc302ea7c169ea07074beaa89de2e96e8c7.jpg,803065,"美食,烧烤,治愈,生活,吃货,夏天,冰镇啤酒烧烤,人间烟火,Vlog,B站超高清视频计划",440031,12096,763,3344,1751,796,0,0,37696
BV17wtGzmEpC,114970503156673,1,212,2150,美食侦探,美食探店,http://i1.hdslb.com/bfs/archive/0d999222779ef11944b2c29c921cb1805f5b2529.jpg,700块钱吃一顿和牛值不值？,1754311087,256,15282571,耶叔的四方食事,https://i1.hdslb.com/bfs/face/aa5694d17937bea569746793551e2b1ffa1749d6.jpg,695421,"日本料理,和牛,探店",182116,693,575,720,1147,382,0,0,13845
BV1Qs4dzoELf,114976526177060,1,218,2207,喵星人,随拍·综合,http://i2.hdslb.com/bfs/archive/22eb9788b93b9ff112c04419bb767612e5cb33ec.jpg,大王请饶命，我一定举起手来,1754402691,209,335575297,在下铁头阿彪,https://i1.hdslb.com/bfs/face/f46d6e58f90e7851703e083de7809564346f1dcb.jpg,1720152,"Q&A,毛茸茸训练营",333898,232,416,9020,2907,128,0,0,17737
BV1Z38yzmEh6,114946998275336,1,247,2106,新能源车,汽车测评,http://i2.hdslb.com/bfs/archive/396a6fe37129f895928a16286fe2e14b3ed6ea26.jpg,爱折腾的人为何都不内耗？先出发才是生活的最优解！,1753956045,686,350632501,在下小苏,https://i1.hdslb.com/bfs/face/23214f8e9a4182ebe4cd193ee7b757e8c82f249a.jpg,1412324,"科技,汽车,小米,小米YU7,YU7,先进感生活,新能源,露营,内耗,我和青春B耶了",1102522,477,334,5440,1719,794,0,0,34240
BV1nQtuz2EwQ,114969781736741,1,250,2144,出行,轻手作,http://i2.hdslb.com/bfs/archive/b9193dcbb0594c68749c568159dda1371e492947.jpg,自己做窗帘o>_,1754299909,133,3546904396827291,歹毒的咸鱼-,https://i0.hdslb.com/bfs/face/9480a3d8b43c5c5c0e8bfca9f72103b5ffc79f14.jpg,58301,"家居,手工,DIY,鹤岗,躺平",104185,207,746,763,1461,94,0,0,13593
BV1bCh3zrELr,114963876222053,1,85,2154,小剧场,剧情演绎,http://i0.hdslb.com/bfs/archive/584349c6da4f2489b69a5ed605ca3a0b5f2370c2.jpg,陈翔六点半：比胶水还粘黏的同事,1754217300,174,19286458,陈翔六点半,http://i1.hdslb.com/bfs/face/aad3b1bb735d2bd4066805f2a84892644fad8e2a.jpg,3220956,"陈翔六点半,搞笑小剧场",632854,703,557,1738,1338,388,0,0,19860
BV1PCh8zsEsX,114958507577064,1,210,2201,模玩·周边,潮玩玩具,http://i2.hdslb.com/bfs/archive/b07a19f6d3399276fb332ca4520fa12532e57584.jpg,兵人领域最强工艺JND1/6小丑兵人测评,1754128584,286,236442514,肖恩阿切尔,https://i1.hdslb.com/bfs/face/33fa3c9caeed230824b1ccfb9aed21e151f6c45d.jpg,136337,"测评,小丑,模型,JND,兵人,希斯莱杰小丑",4666726,13649,2389,36743,6138,11865,0,9,242633
BV1gTh4zHExf,114956645176344,1,17,2078,单机游戏,沙盒类,http://i0.hdslb.com/bfs/archive/c0557daa06b9250d709493c11910dfd88639c9cb.jpg,我建立了一个拥有真实历史的Minecraft服务器,1754100806,425,3546817622968757,SimMC故事发生器,https://i2.hdslb.com/bfs/face/7f576748c671b27c686c17021f842eb0d9895823.jpg,8605,"史诗,我的世界,沙盒游戏,服务器,历史,Simmc,像素风,新人向,Dnd",359641,368,1014,19213,4876,1795,0,0,23496
BV1G3hhzNE3S,114958272566477,1,138,2154,搞笑,剧情演绎,http://i0.hdslb.com/bfs/archive/ebb5f79edd40d833961ee15bc49e8d3517fe1f09.jpg,《入类5.0》,1754132400,107,70429299,嘞是唐孃孃,https://i0.hdslb.com/bfs/face/7685255299c9892d57048aca5f960c59b6850533.jpg,1706995,"校园,暑假,高中生,娱乐,搞笑,原创,搞笑小剧场,转转回收,转转,夏令营",1117276,1279,652,4755,1291,708,0,0,91554
BV1zhhKz5ESY,114960856260211,1,65,2071,网络游戏,射击游戏,http://i2.hdslb.com/bfs/archive/fdda574b40aaa265563e3280835731f9a269076b.jpg,挑战不出海洋之泪不结束（五）单局两颗非心能抵海泪吗,1754194500,1086,3461572586375762,小里电竞,https://i2.hdslb.com/bfs/face/9ea49de53aec6e12c011ccdb30f0611b44e4bdf7.jpg,187213,"三角洲行动,三角洲新年爽玩攻略,三角洲新年整新活,三角洲行动建模大师,三角洲破壁新赛季上线",737141,7670,962,8046,2564,769,0,0,52177
BV1Q2hbzaENk,114958926876192,1,31,2017,翻唱,MV,http://i2.hdslb.com/bfs/archive/77bb340d98691472481317d6a31ef96712aeaf50.jpg,【吴莫愁】｜为《灵笼第二季》献唱《颂赞》,1754134080,242,618401147,吴莫愁Momo-,https://i2.hdslb.com/bfs/face/5a86b52d5bfe1456b718b1dda6eff5ba44cb6696.jpg,24961,"白月魁,灵笼第二季,马克,吴莫愁,ost,灵笼,歌手UP计划",428580,540,1573,6494,12318,1532,0,0,24801
BV1QJhxzWEhj,114954950741527,1,17,2078,单机游戏,沙盒类,http://i0.hdslb.com/bfs/archive/e0a9f1cd42f1da62ef3da7fbf7686d604faf9474.jpg,请找出视频中的人类！,1754092800,485,680447,马里奥红叔,https://i2.hdslb.com/bfs/face/9f266d9214894cc4134b114fc8c8ce028a235421.jpg,2496357,"万物皆可游戏,沙盒游戏,单机游戏,MINECRAFT,我的世界,MC,生存挑战,主播,沙雕,打卡挑战",757172,1487,990,7028,6152,317,0,0,54307
BV19RhAzcEdU,114940891369288,1,172,2064,手机游戏,单人RPG游戏,http://i0.hdslb.com/bfs/archive/fac671ac584abcbc1ed9352254f6b334f66d9895.jpg,《崩坏：星穹铁道》救世PV——「开拓者」,1754136000,107,1340190821,崩坏星穹铁道,https://i2.hdslb.com/bfs/face/57b6e8c16b909a49bfc8d8394d946f908cabe728.jpg,11439281,"崩坏：星穹铁道,米哈游,miHoYo",6117432,186065,58340,138829,270440,100277,0,1,497869
BV1WPtnzEEJr,114975771202777,1,85,2154,小剧场,剧情演绎,http://i0.hdslb.com/bfs/archive/b8160e79060c8696801e04c9ce60d7eb649deabb.jpg,陈翔六点半：你们说这是脑子的问题吗？,1754391319,212,19286458,陈翔六点半,http://i1.hdslb.com/bfs/face/aad3b1bb735d2bd4066805f2a84892644fad8e2a.jpg,3220957,"陈翔六点半,搞笑小剧场",405833,376,436,1156,1654,310,0,0,20541
BV1b2hVz7ESA,114964681528368,1,182,2001,影视杂谈,影视解读,http://i1.hdslb.com/bfs/archive/a9fd74caab9fd52ca7430cd07623d7c5d8303b8d.jpg,石永菊江大量出没注意！《寻找石永菊江》官方读本参考答案，真相竟是日版XXXX？！,1754407500,1211,170059,AHS放映厅,https://i1.hdslb.com/bfs/face/ef4573d5576707049dda994bdbcd2922d27a1f09.jpg,196065,"都市传说,日本,伪纪录片,惊悚,恐怖片,悬疑,灵异,电影解说,寻找石永菊江,万字拉片大赛",65648,171,188,1980,1136,262,0,0,3325
BV1T9t7zEEXG,114975049913309,1,172,2071,手机游戏,射击游戏,http://i1.hdslb.com/bfs/archive/490ceb2bd2073eff7086e7eb61383362cd153a9a.jpg,免费7套出征荣都！有墨守和没墨守差距到底有多大？,1754381127,1028,222037579,虚无-和平精英,https://i1.hdslb.com/bfs/face/6c261f469a7256a9ae01fd10474c4ea3b128757e.jpg,178836,"游戏解说,地铁逃生,对峙前线,地铁教学,冰河禁区,烽火荣都,地铁逃生周年版本,高燃,虚无,和平精英",361867,380,144,12626,1444,20,0,0,17779
BV1oRtuzyEyc,114969815420216,1,65,2071,网络游戏,射击游戏,http://i2.hdslb.com/bfs/archive/74eb5d0917d34d903028058f8e8f691ee8749792.jpg,给我7分钟让你爱上绝密航天跑刀77！,1754300530,478,3546897845324636,汉跑跑三角洲行动,https://i2.hdslb.com/bfs/face/93f7c38cd7e4ab5cfdc8e715103ea4e7888462d5.jpg,23320,"FPS,航天,三角洲行动,绝密航天,航天跑刀,教程攻略",695274,870,701,5106,693,1572,0,0,48110
BV1phhHz8EPF,114952954187731,1,30,2022,VOCALOID·UTAU,VOCALOID,http://i0.hdslb.com/bfs/archive/7ef814b3a46b4555d1e3aec905bb622e4d4521ac.jpg,【初音ミク】いますぐ輪廻（即刻轮回）【なきそ】,1754043184,123,39873100,珠紫MuRaSaKi,https://i1.hdslb.com/bfs/face/c10d5bdf351c2eca4a5b57f48a506492a6a940d1.jpg,38369,"初音未来,VOCALOID,なきそ,いますぐ輪廻",1007710,4118,4307,70451,9731,12418,0,0,98026
BV1MrhuzNEAo,114963070851766,1,22,2063,鬼畜调教,鬼畜综合,http://i2.hdslb.com/bfs/archive/c30688e4bafe9ac4ca912890b638a028ebd5a8c0.jpg,可曾见过我的巅峰时期,1754197463,106,1299235255,殴比多,https://i1.hdslb.com/bfs/face/c661ec3bdac9e33113b4d256fa312b3c4514c487.jpg,16173,"葫芦娃,搞笑,鬼畜,决斗场,格斗游戏,火影忍者手游,巅峰时期",230021,168,821,7116,684,2540,0,0,22300
BV1xMhpzNE8u,114952820039292,1,27,2041,综合,动漫剪辑,http://i0.hdslb.com/bfs/archive/fbbdb5bf358b4a358443f078d99756b75a97990f.jpg,我 和 你,1754040989,34,470849460,花落北城,https://i0.hdslb.com/bfs/face/d50b8b25667e330a0bca88b4ea68d1080c367e75.jpg,1607,"二次元,动漫,剪辑,动画短片,章鱼噼,卡点,伤感",720189,216,1930,35347,9533,3529,0,0,119532
BV1dztgzCEim,114969060312703,1,65,2071,网络游戏,射击游戏,http://i1.hdslb.com/bfs/archive/eab22c08dbf16eddcd37e46b98af4e3ac6512c7c.jpg,是时候，去做真英雄了｜《远光84》预下载开启！8月7日双端全球公测！,1754359200,82,3494362379979305,远光84,https://i2.hdslb.com/bfs/face/fdb4d361b8a5d44610caf61a770c18068381b45b.jpg,154521,"射击游戏,远光84,远光84公测8月7日",1567265,354,910,1569,2300,450,0,0,5270
BV1BZhEz5Esd,114952484428689,1,21,2084,日常,应试教育,http://i2.hdslb.com/bfs/archive/c03d78459f7c66d90659fa4173a2fe8803c6ecd5.jpg,“离心率”一问范围就发懵？技巧在此！,1754036118,1876,14229967,一数,https://i1.hdslb.com/bfs/face/812281bada7d323c23c6e1e2e92749bd29b7d7c6.jpg,20502439,"数学,高考,学习,中考,椭圆,考前复习,圆锥曲线,高中,离心率",968484,11946,1925,24560,6601,2359,0,76,111534
BV1rQtFzREoN,114979982284696,1,65,2078,网络游戏,沙盒类,http://i2.hdslb.com/bfs/archive/9d0c7810b58f453e8e01a07d3637f6d3f2ef297d.jpg,戏 耍 外 挂 ！,1754455637,290,34456580,药儿哟,https://i2.hdslb.com/bfs/face/8166cecc56c88bb5d73db67e42a50f5d5581ce60.jpg,1309334,"我的世界,游戏,沙盒游戏,MC,单机游戏,minecraft,翻盘,高燃,药儿,整点电子榨菜",127178,525,361,1504,1754,84,0,0,11242
BV1H5h3zhEVd,114963926484439,1,253,2042,动漫杂谈,动漫评论,http://i1.hdslb.com/bfs/archive/15e5e9c710632bf142003a7bda26e375fa5c88bd.jpg,《阿甘妙世界》一款可以笑死成年人的儿童动画【bilibili 次元论战】,1754210552,1174,356477722,x夏言秋语x,https://i1.hdslb.com/bfs/face/62c8e4f9ababcf2f4ac7daa277cc44c83d890f24.jpg,289175,"神作,搞笑,阿甘妙世界,经典,欧美动画,童年经典,美漫,bilibili次元论战",314351,1293,978,12690,5338,477,0,0,19941
BV13ptjzSETZ,114973892153377,1,182,2148,影视杂谈,其他手工,http://i1.hdslb.com/bfs/archive/b848addf21b09a6838b8f301c7905d6dd8729541.jpg,《锻刀大赛》惊现中国神器 子午鸳鸯钺！狗哥爱不释手 刀刀暴击,1754364697,909,348989367,沫子瞪片,https://i0.hdslb.com/bfs/face/a2131d38a2ea73f16ff25e61dbeb40377233f552.jpg,2278727,"解说,锻造,爆笑,纪录片,转转回收,转转,中国兵器,锻刀大赛,子午鸳鸯钺,影视IP观察室",885697,4147,1143,6573,5262,776,0,0,55139
BV1t98CzcELt,114947199665902,1,47,2044,同人·手书,动画配音,http://i1.hdslb.com/bfs/archive/6d07ddb5d7b32116fbd5f038cc53be181f8e11a3.jpg,法庭上禁止讨论“末日时动漫和现实的区别”啊！！！,1753955366,187,5818410,芦苇十三少,https://i0.hdslb.com/bfs/face/015fd86960cc27088750397ea9fed03b92868a5c.jpg,2954988,"原创动画,生活,神作,搞笑,逆转裁判,配音,芦苇十三少,动画种草激励计划,jojo的奇妙明显,灵笼",1123906,624,594,7170,1696,266,0,0,66002
BV1W1tnznERR,114975318282824,1,172,2071,手机游戏,射击游戏,http://i2.hdslb.com/bfs/archive/fa173e6fea6f609b6fb864c7a20b29667962f65c.jpg,要塞翻新！还有新天气？S14体验服爆料来了！,1754384354,419,1179443060,游戏策划117,https://i2.hdslb.com/bfs/face/f2c3dc4f523041284c214541b59e0092ed4a865d.jpg,1152009,"FPS,暗区突围手游,策划117,暗区突围S14抢先看,爆料,体验服,暗区突围",513358,4085,5832,16651,4070,8474,0,0,40572
BV1Bht7zAE3B,114973153956948,1,20,2028,宅舞,宅舞,http://i0.hdslb.com/bfs/archive/741a766731f62ebcd0f4745cb2075e7a8a7a87af.jpg,【徐娇】未闻花名Secret Base～生日作～自唱跳【原创编舞】,1754351280,146,6870383,海獭娇娇娇,https://i2.hdslb.com/bfs/face/7b210f2e81fbec726735cb9356a5910c81da7cc0.jpg,575099,"宅舞,原创编舞,未闻花名",986325,3359,2547,4699,15565,864,0,0,56766
BV1NSh3zqEyb,114963809049173,1,76,2152,美食制作,美食记录,http://i1.hdslb.com/bfs/archive/b9d66ae93cdc6a8a31121fae23c23ff89594662a.jpg,厨师长下班用边角料做个海鲜太卷给自己开小灶【海鲜太卷】,1754209008,685,472229397,张森的日本料理,https://i0.hdslb.com/bfs/face/ac3b108b97e8a8415476ca5db05b71ea1fdf965a.jpg,283579,"美食记录,深夜美食,我用美食搞事业",257266,768,647,1430,1296,574,0,0,28238
BV14v8kzsE4k,114945907889326,1,27,2037,综合,同人动画,http://i2.hdslb.com/bfs/archive/5e59ded742faae0c0f2b73acf0346a49a8373244.jpg,【GIOGIO自制番外】篇章５ 镇魂曲的代价 其三 该回杜王町了,1753935632,274,618281877,非凡哥零容忍,https://i0.hdslb.com/bfs/face/29ee34d9d89a732f4676ae08c362668fe85eebd8.jpg,47788,"JOJO的奇妙冒险,空条承太郎,米斯达,福葛,乔鲁诺乔巴纳,黄金之风,岸边露伴一动不动,动画短片群星计划",739742,457,552,25761,8356,876,0,0,76114
BV1EghtzTE8i,114957769514382,1,138,2154,搞笑,剧情演绎,http://i0.hdslb.com/bfs/archive/5421a23a2cda5baf528755cda1b5528fbe649f0f.jpg,我真的需要一个完美管家！,1754128800,298,95515699,粤知一二,https://i1.hdslb.com/bfs/face/2815a3e2b85a92eb2e3b6ebcfb8754def0c54363.jpg,4608582,"原创,剧情向,短片,搞笑,郭嘉峰,搞笑小剧场,段子,粤知一二",1498502,688,485,19204,2490,567,0,75,113982
BV1xchuzaELP,114961426681389,1,59,2021,演奏,演奏,http://i1.hdslb.com/bfs/archive/1f8885aaa66f42d418a4050a0a17693249708f8d.jpg,miku miku oo ee oo,1754172237,38,22383433,馆长加速中,https://i1.hdslb.com/bfs/face/303b5c2ac65598c9f7112c96ddca0a66fdf19f9a.jpg,12202,"可爱,初音未来,初音ミク,架子鼓,大傻,fufu",351438,387,1029,17279,6362,3271,0,0,86581
BV1Evh7z3Ehs,114951444240319,1,252,2066,仿妆cos,单机主机类游戏,http://i0.hdslb.com/bfs/archive/8fa3cb9f1681ae1b13be62463868cac1f0aad4eb.jpg,梦里不知身是客,1754020163,39,3493107108678482,何存真的真,https://i2.hdslb.com/bfs/face/707f1ab45335d5834709c123fe2fb4fce300f5d2.jpg,360079,"燕云十六声,南烛公子,李煜,Cos",913064,231,1057,28114,14498,3640,0,0,96349
BV1uHtjznERD,114973908930428,1,208,2037,校园学习,同人动画,http://i0.hdslb.com/bfs/archive/4da84bcb43d777c054f7b30f70edde979bb8a8c0.jpg,《 不看 世界就不会运转 》,1754383620,155,470597732,今天足夠了,https://i2.hdslb.com/bfs/face/613f7ff79b17f26bba4c2cf7e4d0417a30eb96c8.jpg,28529,"原创动画,今天足夠了,理科,文科",110471,202,287,2938,640,280,0,0,11432
BV1Nkt3zaEst,114970452954524,1,21,2168,日常,狗,http://i0.hdslb.com/bfs/archive/0ba717ae4dbb255fb8b89cf491ab175757f820e5.jpg,爱要互相陪伴，汉堡分你一半。,1754310631,411,3546946425850423,一口一个团up主,https://i1.hdslb.com/bfs/face/33fcb94a59b9c4e52c8e95ef97176c1cf408474f.jpg,365612,"布偶猫,萌宠,边牧,小猫,小狗,日常vlog,萌宠过暑假",231910,624,578,2554,3271,1365,0,0,34763
BV19ktJzYERm,114976207475819,1,130,2014,音乐综合,娱乐综艺正片,http://i1.hdslb.com/bfs/archive/5b6c643c69b267b451569e6ea41cf9c32e8ecfa7.jpg,【RIIZE】Our Journey Begins: 'RIIZING LOUD' in SEOUL | RISE & REALIZE EP.74,1754398364,3980,3537106035018583,RIIZE,https://i1.hdslb.com/bfs/face/a09da03bea7876da2e58a17ab22ec2ca2c9c8911.jpg,476593,"RIIZE,RISEandREALIZE",68761,11258,832,1752,1959,556,0,0,5819
BV14ttjzjEWJ,114974110321978,1,17,2078,单机游戏,沙盒类,http://i2.hdslb.com/bfs/archive/cd9d1d0eaf62f6c121ab9bedfa7da43e615b1714.jpg,一口气看完，鱼卡嘴老年团的恐怖解密《毒药》,1754388000,3715,389407124,我的世界木鱼,https://i2.hdslb.com/bfs/face/c99f2ea3f47cf9c2ac0ba73519c715a2764ee0ba.jpg,2003426,"搞笑,游戏实况,恐怖,我的世界,木鱼,毒药,一口气看完,木鱼乐风,污妖王集团,整点电子榨菜",284793,10473,1631,15896,21677,1126,0,0,39595
BV13HtjznEfk,114973908931092,1,238,4218,运动综合,钓鱼,http://i2.hdslb.com/bfs/archive/175facee82236d1f18677aa785e227c53a47c371.jpg,路亚野外探钓 又解锁新鱼种,1754364600,505,691099655,马李澳到处钓,https://i2.hdslb.com/bfs/face/4ad135d0fc183549e6346b693086e206a380e97b.jpg,232064,"钓鱼,转转回收,路亚,户外,转转,野钓",133227,625,531,624,2928,251,0,0,9644
BV15EhNzeEfn,114959497304837,1,158,2002,穿搭,影视剪辑,http://i2.hdslb.com/bfs/archive/4b618ede21e0050759f65548ac8a9ebcd3c65e8e.jpg,“露出来了，然后呢”,1754142791,12,542246263,白昼小熊,https://i1.hdslb.com/bfs/face/4b26f51d6330ea2209192d490f6636e28ec0574c.jpg,1232456,"日剧,影视剪辑,翻拍,今日出门怎么穿",2284555,26,189,24118,1796,1901,0,0,110302
BV1hVtcz6E9a,114979546077116,1,17,2079,单机游戏,其他游戏,http://i2.hdslb.com/bfs/archive/c5fb80ef3f82795709c2e3177f9ba76e944c1a37.jpg,究 极 赛 车 王！（第四期）,1754449134,861,6057259,KF凯蜂,https://i1.hdslb.com/bfs/face/075381cb1bcb34d78f313ee72f58e3699fd26c29.jpg,749772,"游戏实况,搞笑,单机游戏,超级跑车收藏模拟器,模拟器游戏,赛车游戏,沙雕,steam游戏,超市模拟器,整点电子榨菜",190880,570,96,6595,736,19,0,0,7724
BV1rTtnzjETE,114975939038115,1,253,2042,动漫杂谈,动漫评论,http://i1.hdslb.com/bfs/archive/32f74a09577ee4f0eb33e1a316ae409d78e49bae.jpg,侦探先生，我的7月新番出轨了啊啊啊！【泛式】,1754393892,758,63231,泛式,https://i0.hdslb.com/bfs/face/2608aaa45309c77ac88fbfaa40e160b8c7892985.jpg,6439063,"搞笑,新番,泛式,吐槽,杂谈,恋人不行,章鱼噼的原罪,新吊带袜天使,拔作岛,小城日常",2306294,26859,9825,61449,156462,14189,0,3,266509
BV1Vut5zDEkJ,114970989694770,1,17,2055,单机游戏,二次元绘画,http://i1.hdslb.com/bfs/archive/775eca82ed85fd587d4b0c0f562595978e85f032.jpg,5年不见，兽娘为Steam玩家献上最后礼物——动态头像壁纸、个人资料卡,1754318163,120,85816940,混沌之神虚妄喵,https://i2.hdslb.com/bfs/face/8a4aa2d756796bf1a6aadc384e713c90d0e5da3d.jpg,217762,"RPG,二次元,单机游戏,猫娘,独立游戏,国产游戏,steam,兽娘秘境,我在B站做游戏,叛逆神魂",122265,123,444,4287,2463,349,0,0,12166
BV1HQtFzdEsi,114979982415884,1,65,2078,网络游戏,沙盒类,http://i0.hdslb.com/bfs/archive/427a086d97d0539ea3e7de55a4668eae828469e1.jpg,《 万 泉 部 诗 人 2.0 》,1754455519,522,75480955,念熙阿,https://i1.hdslb.com/bfs/face/c054ef8bd21efb38f8d6cc78fd8e7135c4b996a8.jpg,981327,"沙盒游戏,搞笑,我的世界,minecraft,念熙,联动,沙雕,整点电子榨菜",81952,296,313,969,2055,147,0,0,10625
BV1EQhtzgEJu,114957651807028,1,85,2154,小剧场,剧情演绎,http://i2.hdslb.com/bfs/archive/cf4d9c4ae4d3d4418e2ecb1f90f8bb8f595cd08c.jpg,当你穿进老钱班5,1754121900,132,503058735,侯绿萝,https://i0.hdslb.com/bfs/face/b444cf0fe0f32dd7d2960ceb8b830c873a5da7c2.jpg,1485326,"娱乐,小剧场,段子",6105663,7893,3475,61155,87276,4707,0,2,644029
BV1z6tGzQEnK,114969882530493,1,193,2020,MV,翻唱,http://i1.hdslb.com/bfs/archive/f3c12df1237028c6c1c8d87daf6f021a69b4bda9.jpg,方大同劝你别读博,1754301407,248,21442590,馄饨皮茄总,https://i0.hdslb.com/bfs/face/29d3bf75ec95524532a9ce36d1232ef441889a1d.jpg,30804,"方大同,cover,博士,科研,三人游,学术,读研,读博,PhD,翻唱的N种打开方式",96894,110,518,833,2282,1285,0,0,8404
BV18EhWzjEeu,114954128592076,1,22,2063,鬼畜调教,鬼畜综合,http://i0.hdslb.com/bfs/archive/654caf44cad4adeb6a1a455f5799908b0ee5b3cf.jpg,希希嚷嚷，我们的城失,1754087400,61,3546376331856031,小小小小洗,https://i1.hdslb.com/bfs/face/4db4b188b67bcaa769b1287579ccbc0d0c959312.jpg,4037,"MY GO!!!,GBC,Girls Band Cry,哭泣少女乐队,［GBC］哭泣少女乐队二创",742385,31712,5445,45047,9119,52811,0,97,177715
BV1eHtuzTEbs,114967701356807,1,172,2055,手机游戏,二次元绘画,http://i2.hdslb.com/bfs/archive/9a073d33c1be55f3ece87e6d6916a87f4b7d988c.jpg,爱丽丝？不，我是艾莉丝！原神《提瓦特游览指南》龙脊雪山篇——（23）,1754301600,74,401117111,饭团er大人,https://i2.hdslb.com/bfs/face/cde92631cdf219e3ec50f36ef64139c591e0d7d5.jpg,95381,"绘画,手绘,二次元,冒险笔记,旺仔小乔,原神5.8版本,空月之歌,细节控,米哈游,原神",169677,181,173,1070,1216,90,0,0,23291
BV1EAhGzZEw9,114963389678075,1,138,2142,搞笑,体育综合,http://i1.hdslb.com/bfs/archive/9c10a4bfdb908a5c58db157220114f924dcb1d3a.jpg,创意工坊之你们要的拿去～,1754203871,79,3546909580987309,弗雷尔卓德-杨辰,https://i1.hdslb.com/bfs/face/e59912641ba4cbaadb857e30085b15cf4dcc6819.jpg,254753,"创意,创意工坊,弗雷尔卓德",1424161,598,1361,4029,1549,4990,0,0,82039
BV1ZG8kzuEnD,114946092307834,1,207,2087,财经商业,商业财经,http://i2.hdslb.com/bfs/archive/c929917ce8d1541b51398e1e539dcb7bfedd1356.jpg,"什么是""金融赌场""，它背后有什么秘密？",1753954200,1550,520819684,小Lin说,https://i1.hdslb.com/bfs/face/cf895b86c955e4ce62b28b3c2bb5bbc77f9fd410.jpg,6437017,"财经,期货,索罗斯,万物皆可商业",1413406,4406,2761,27051,31186,5427,0,75,65135
BV1Seh8z8Ezb,114958406850667,1,29,2020,音乐现场,翻唱,http://i1.hdslb.com/bfs/archive/9500d8c387c3d80bf2d20e2ab79a7c306b5f24d1.jpg,蔡徐坤劝你别读博,1754126220,215,21442590,馄饨皮茄总,https://i0.hdslb.com/bfs/face/29d3bf75ec95524532a9ce36d1232ef441889a1d.jpg,30804,"蔡徐坤,cover,学术,科研,博士,读研,读博,deadman,PhD,翻唱的N种打开方式",1060297,1088,2018,18063,32677,15313,0,96,102726
BV1JEh3zZENw,114964144588235,1,172,2064,手机游戏,单人RPG游戏,http://i2.hdslb.com/bfs/archive/8595c0306236b1a273576d48ff30a2cd26603421.jpg,黑三月七可能有三重命途，实现翁法罗斯的重构！,1754213892,359,551188239,企鹅带带北极熊,https://i0.hdslb.com/bfs/face/f74ed16ba54d227abe8127cd53f52b3a19940716.jpg,3060502,"搞笑,手机游戏,崩坏：星穹铁道,崩坏：星穹铁道创作者激励计划,长夜月,三月七",909470,8229,1918,10592,2036,2716,0,0,68336
BV1TNhpzTELj,114952786418881,1,21,2039,日常,cosplay,http://i1.hdslb.com/bfs/archive/35755b04c3f04a9fdad0e40fcc976f1dd0324267.jpg,我家的机娘模型都是1:1的？！,1754107200,661,52250,视角姬,https://i2.hdslb.com/bfs/face/851025ed4bc57ad6ae82a6314e72e249fd21d604.jpg,3059167,"BW,机娘,3D打印,高达,机甲,cosplay,拓竹H2D,独角兽,模玩,拓竹",2817512,2162,1310,80924,9867,3576,0,26,110099
BV1LFtgz3Ewm,114969697848237,1,30,2023,VOCALOID·UTAU,AI音乐,http://i2.hdslb.com/bfs/archive/e7606b18bb60ce7d89f52463d1316ff4526e2225.jpg,【初音ミクAI · 重调教】Life Will Change（Project Sekai Version）【原曲PV付】,1754298574,127,10969904,浩治_CloverP,https://i2.hdslb.com/bfs/face/16326581ab2eb7b9a1535d507011ad30e96beee8.jpg,12077,"VOCALOID,镜音连,女神异闻录,镜音铃,初音ミク,pjsk,初音未来：缤纷舞台,Life will change,P5R",392561,441,1078,17892,6127,8160,0,0,60764
BV15EtEzcEv3,114974781349668,1,168,2037,国产原创相关,同人动画,http://i1.hdslb.com/bfs/archive/888af29e353db7d6f32f70dc069bfbb14ea4230e.jpg,开局获得龙巢争霸万族《神龙小果》第一集！,1754376099,427,279946181,小果动漫x,https://i2.hdslb.com/bfs/face/209c43010f15ad97cc789bb1b82da690f9e7dd3d.jpg,132084,"二次元,原创动画,原创动漫",2598919,72,27,79208,2166,15,0,30,60409
BV1hYt3zqEST,114970889031812,1,47,2050,同人·手书,漫画·动态漫,http://i1.hdslb.com/bfs/archive/56c488e55f728b5120f34eea463af03c9896f384.jpg,排球少年!!第五季第一集,1754317056,80,888465,暗猫の祝福,https://i0.hdslb.com/bfs/face/ee1d70ddd0eb2c9699ad11eda2b72c7974bb8d88.jpg,2013250,"排球少年,手书,OPPOReno14,OPPOReno14排球少年联名",270064,59,810,4312,1932,809,0,0,33491
BV1tCtLzjE6M,114972382202929,1,138,2155,搞笑,语言类小剧场,http://i1.hdslb.com/bfs/archive/807b983e070be382f516f9a16e6e56cc45a42c92.jpg,《真正の魔丸》,1754366400,106,3493260618106936,伤心欲茄222,https://i1.hdslb.com/bfs/face/1f0cb64d9b62da7db7e6e020b78b6872dbffe55c.jpg,3276651,"搞笑,八嘎,配音小剧场",1585437,1857,2352,9573,3516,6218,0,75,166517
BV1SitwzCETj,114980988915197,1,17,2066,单机游戏,单机主机类游戏,http://i2.hdslb.com/bfs/archive/c58cd73982b6742e162d8a43e646f247e76e8089.jpg,身体缩小一百倍，曾经的昆虫又成了恐怖怪物【禁闭求生2】,1754478600,699,509034027,辣椒不辣斯基,https://i0.hdslb.com/bfs/face/9248c365c3f54bb2dd2557d52a6787e0624934d2.jpg,628230,"生存游戏,游戏实况,昆虫,游戏解说,禁闭求生,#电子榨菜",40016,321,331,1096,2949,65,0,0,5971
BV1QjhWzmEcC,114954145435559,1,138,2087,搞笑,商业财经,http://i1.hdslb.com/bfs/archive/387c8d0c27be905d6a1a517529f62437eed327a5.jpg,【半佛】不割韭菜，做什么保健品？,1754125200,483,37663924,硬核的半佛仙人,https://i1.hdslb.com/bfs/face/aaf33dced1941af0946f37c62f4b48fcaba9c9a2.jpg,7798401,"生活,学习,科技,科普,健身,职场,知识,营养工厂,韭菜,万物皆可商业",1610239,375,967,6244,995,1292,0,0,53913
BV1xBtuzxEmV,114967852358734,1,21,2083,日常,综合资讯,http://i1.hdslb.com/bfs/archive/55f991e18fb63b5b4c1e95b831780d63f268f2ae.jpg,“我的一生就是结几个好瓜，献给人民”,1754270609,1303,456664753,央视新闻,https://i1.hdslb.com/bfs/face/2dc9c34444ba9f8e891fdc98e6c331fa3c02d127.jpg,21829478,"西瓜,哈密瓜,吴明珠,8424",307908,6205,1467,3940,8058,802,0,0,75015
BV1r3huzREtf,114963121242580,1,172,2071,手机游戏,射击游戏,http://i1.hdslb.com/bfs/archive/7f91f8cc902b89d5da98d593155bce24dcb42769.jpg,全网最详细<三角洲 全boss容器 排行推荐>萌新必看！！！,1754217600,1087,3546872664820321,三角洲代肝-老鱼,https://i1.hdslb.com/bfs/face/0a361fe431adbdc7d0d2478f263195ac992bbe39.jpg,34329,"技巧,BOSS,FPS,三角洲行动,三角洲行动攻略,三角洲,新手,容器,教程攻略,全网",1230581,2472,774,45326,2787,723,0,74,48158
BV1jWt3zyE7L,114970654282282,1,21,2037,日常,同人动画,http://i2.hdslb.com/bfs/archive/140ed929377c9f601c878784f3c1b92a887c9361.jpg,你也怀孕了？,1754313063,19,347377162,零度没有偷饭,https://i1.hdslb.com/bfs/face/fe072f577acc99fc48340ce54203b3f65844e258.jpg,614,"明日方舟,铃兰爸,沉稳的神职,忍冬,叫什么名字",466225,42,674,10573,1082,4109,0,0,48395
BV1Yhh3zSEvC,114963742001861,1,212,2150,美食侦探,美食探店,http://i2.hdslb.com/bfs/archive/5eed00ca187d64fc3b79b6ab598e9a349474505d.jpg,街边酱多多糖醋铁板烧，配上豪华寿司饭张力拉满！,1754215200,444,6087825,小紧张的虫虫,https://i0.hdslb.com/bfs/face/946c1bfb362b53a834daa5bde15c2cb2b1e58c4d.jpg,4947280,"美食,美食侦探,美食vlog,美食探店,挖掘身边的宝藏小店",543360,675,262,3079,2597,596,0,0,23147
BV1oEhnzUEUj,114951796559409,1,210,2201,模玩·周边,潮玩玩具,http://i2.hdslb.com/bfs/archive/88c68dd50f3717ff17e075a3e5068dcba246d6f5.jpg,如果妈妈是「MC十年老玩家」，那即将上小学的女儿将会收到一？？！,1754042400,313,1691347,大橙橙橙子,https://i1.hdslb.com/bfs/face/662a233cf1f685f63d9654a7f0ff47d739eee181.jpg,2673177,"乐高,大橙子,我的世界,在一块玩一夏,乐高苦力怕,乐高经典矿镐,乐高末影人塔楼,乐高我的世界,我的世界乐高,乐高航海王热血登陆",667826,1327,1340,9082,4258,746,0,0,57385
BV14KhVzyETn,114965184777425,2,47,2037,同人·手书,同人动画,http://i1.hdslb.com/bfs/archive/8c26eba50041cea8e80ed079272ebe9769564092.jpg,大爱仙尊蛊真人第二卷·魔子出山·完结版，暑期一口气看完,1754231104,44038,674175128,古月秋明,https://i2.hdslb.com/bfs/face/f87d5557002a2e32d783179b30706be582e77bd7.jpg,250286,"原创动画,白凝冰,三王山,古月秋明,动画种草激励计划,蛊真人,一口气看完,古月方源",92246,827,154,4124,1976,243,0,0,7004
BV1Mjtgz8EXS,114969513300669,1,21,2083,日常,综合资讯,http://i0.hdslb.com/bfs/archive/95f649f0f001c6d8c45b70baea9bbfbb467f4018.jpg,坐火车上中下铺选哪个？纠结型选手不用纠结了！听影老板给你分析得明明白白的￼,1754308800,63,33775467,人民网,https://i0.hdslb.com/bfs/face/4b5468ab22ee0ba672f070def7ed55986c581a4a.jpg,4245727,"生活记录,技巧",1358824,761,2018,1260,565,237,0,0,39342
BV1FKhNzCEHT,114959363213954,1,138,2154,搞笑,剧情演绎,http://i2.hdslb.com/bfs/archive/fdc3539dc8cfee26071ad2c36dcb0f8b6f9b4dc8.jpg,北京人生存规则怪谈,1754141058,106,475912512,抵抗Resistance,https://i0.hdslb.com/bfs/face/12c1cd0df2ee6e6bb09b279b0553cdc9ae4af4f0.jpg,1090242,"北京,搞笑,搞笑小剧场,北京人,北京话,规则怪谈",886879,874,3544,4380,1205,1902,0,0,72035
BV1qctczUEsk,114979948729514,1,17,2078,单机游戏,沙盒类,http://i2.hdslb.com/bfs/archive/ba778f76aa01faf250d173e03aaf5a6433df7e9a.jpg,神人玩什么都很神 1.0,1754455207,141,289475254,碧月狐,https://i1.hdslb.com/bfs/face/d29803d385b117e98eda7abed7ebcfbc92bc44ac.jpg,2718452,"万物皆可游戏,我的世界,娱乐,沙盒游戏,搞笑,抽象,沙雕,mc,meme,碧月狐",176202,725,606,1470,947,136,0,0,16969
BV1Q4h8zNESk,114958692060866,1,17,2078,单机游戏,沙盒类,http://i0.hdslb.com/bfs/archive/d44497dbd34753a59d6dd764f792c5a9a337436e.jpg,你可能没听过我的名字，但你一定用过我的模组,1754130658,32,379515917,七星-7stars,https://i2.hdslb.com/bfs/face/43e4d45e86cb592d3a23487aeaca4186e769cd52.jpg,142088,"模组,我的世界,mc",4215842,180329,12578,108532,52227,11173,0,21,559437
BV11c82zPE4N,114947619163634,1,183,2048,影视剪辑,特摄,http://i0.hdslb.com/bfs/archive/2e17b34370e334cfa326cfd095d3111f6dc644d6.jpg,“你反抗命运的样子 真的很帅”,1753961798,119,668002409,歼笼曲,https://i2.hdslb.com/bfs/face/044f860b56c4ef9c32e68ecebcbf6cc05ab8d0a8.jpg,7992,"奈克瑟斯,迪迦奥特曼,特摄剧,燃剪,圆谷",367291,216,270,24593,7306,673,0,0,42918
BV1EN86zTEMB,114943189910622,1,27,2063,综合,鬼畜综合,http://i1.hdslb.com/bfs/archive/266440d0d7c8b8fe514beca8766602db0291b689.jpg,哈基dio,1753894043,21,3546376317175917,七一昂抢人,https://i0.hdslb.com/bfs/face/f1c4b4f78c953d2f2a1631196328feb5dd0eb2fa.jpg,1747,"DIO,JOJO的奇妙冒险,哈基米",995187,26804,6096,48467,8718,58998,0,100,173575
BV1Y8t3zzEK7,114970855478934,1,21,2083,日常,综合资讯,http://i1.hdslb.com/bfs/archive/f4414f3bc5bfe92db83e26bf0ff7fccbcc302fdc.jpg,浪浪山的四个小妖怪，到底叫什么名字？,1754350200,165,456664753,央视新闻,https://i1.hdslb.com/bfs/face/2dc9c34444ba9f8e891fdc98e6c331fa3c02d127.jpg,21829478,"电影,浪浪山小妖怪",385168,267,903,1624,1359,1188,0,0,38417
BV1m3hPzJE3z,114959967067679,1,17,2079,单机游戏,其他游戏,http://i1.hdslb.com/bfs/archive/44952ca86cf2d84ee4fd5a4215feaf7acb91f3c3.jpg,若成仙要30条人命，那只杀1人便可大富大贵，是否划算？【乌合之众】,1754150137,2060,25151282,弗兰力,https://i2.hdslb.com/bfs/face/1abe8d6eca244477cce30bb3758ed29f6e6e235d.jpg,1290058,"悬疑,剧情,搞笑,游戏实况,乌合之众,整点电子榨菜",1785729,1712,957,49139,10859,667,0,62,67521
BV1VDhHz2EXG,114952668978941,1,21,2046,日常,网文解读,http://i0.hdslb.com/bfs/archive/687bfe3e391e383f07ab51508c1de8eb2ee7f47e.jpg,假如白素贞拜的是斗战胜佛，法海会怎么样？,1754038914,128,72969462,笔给你你来写_,https://i0.hdslb.com/bfs/face/8e8a57daeb8ee0b50e6fa4e66c4f18f849fc601c.jpg,1134733,"原创,小说,脑洞,曼波配音,白素贞,随笔,西游,原创剧本,沙雕段子",1072762,1006,2703,6547,1383,881,0,0,97836
BV1s1huzaEGZ,114963087690707,1,65,2016,网络游戏,原创音乐,http://i1.hdslb.com/bfs/archive/13a2517c7b1789128a3a6315cb35c64333b95be8.jpg,以防你不知道新活动的主界面曲和某个歌很搭,1754197748,86,299375311,SkyF_,https://i1.hdslb.com/bfs/face/854937d8035ef5f7256622ba51d62420666a2d64.jpg,1119,"音乐,混曲,Mashup,明日方舟,艺术,塞壬唱片,揽佬,大展鸿图,冰",331012,7525,1180,8507,1886,16962,0,0,40013
BV19rtMzeEXd,114968473115559,1,172,2070,手机游戏,MOBA游戏,http://i0.hdslb.com/bfs/archive/6aa424d1679a96a4abc19de8c2257467dab648c6.jpg,⚡玩农的哪有不癫的，强撑着罢了⚡,1754279963,128,910774,木下结草,https://i1.hdslb.com/bfs/face/24ea4d5643380f6907365dbe5612bdd5c49a1305.jpg,528803,"电子竞技,马可,搞笑,娱乐,王者荣耀,黄龄一诺峡谷斗舞,王者农农农农舞挑战,千年,梦泪",500152,531,252,4401,3255,720,0,0,51136
BV1WZt7zyENn,114974932338129,1,138,2136,搞笑,跑步,http://i0.hdslb.com/bfs/archive/1d3a04fd766133a244a73f07e8765fc7bff43544.jpg,一个中年男人的1000天自我救赎，成了数百万《一拳超人》粉丝的精神图腾,1754470800,1053,96575424,BB姬Studio,https://i0.hdslb.com/bfs/face/e8ce6c1dff94df6fb5210e900b3569cb29fb5c71.jpg,542639,"马拉松,一拳超人,健身,跑步,堂主,强风吹拂,长跑,中年,男人",26728,109,122,770,854,182,0,0,2940
BV1ufhHz3Eqw,114952853521805,1,182,2001,影视杂谈,影视解读,http://i0.hdslb.com/bfs/archive/a6a47bc6588a533caad99385357b1b06da4340b4.jpg,一夜爆火，集体破防，当年出圈的动画神作，杀回这个暑期档了！《浪浪山小妖怪》【独家探班】,1754107200,1714,10119428,小片片说大片,https://i2.hdslb.com/bfs/face/949fd3f0b9fe23703c970d494edc41ae52ee32de.jpg,7698079,"幕后,动画,小妖怪的夏天,浪浪山,浪浪山小妖怪,上美影,暑期档,浪浪山小妖怪取经副本启动",2401077,2268,3577,9119,3745,1838,0,0,53679
BV1wYtGz4Evy,114969899177388,1,171,2070,电子竞技,MOBA游戏,http://i0.hdslb.com/bfs/archive/d9a9ca816d137f81863fe566d23a35114495ab6d.jpg,Rookie：他转头就走，像下定了某种决心,1754301703,63,29992385,iG电子竞技俱乐部,https://i2.hdslb.com/bfs/face/487bf0cb89b58ce6baea91d2f2a5b0fc4a2e17fb.jpg,646790,"IG,娱乐,电子竞技,搞笑,英雄联盟,LPL,TheShy,MOBA,Rookie",477817,371,946,1178,1478,1078,0,0,36378
BV1YqtLznEbH,114972449314486,1,17,2079,单机游戏,其他游戏,http://i2.hdslb.com/bfs/archive/bf0626c0aead1b428121cc35a4e9bfa642359d8d.jpg,赌博是如何将你的一切吞噬掉的！贴近现实的戒赌游戏！,1754355600,5109,26240675,与山0v0,https://i2.hdslb.com/bfs/face/1dd429855a968c9d22b8ccc000a7aaabe8dbc201.jpg,4960346,"实况解说,游戏视频,游戏实况,单机游戏,恐怖游戏,实况,赌博,戒赌,推荐宝藏游戏",437399,11414,2598,9452,15536,1002,0,0,42000
BV1WytuzHEZm,114969664295593,1,21,2046,日常,网文解读,http://i0.hdslb.com/bfs/archive/7301548f04680ae60c5070e25b7ef82fe8c9933f.jpg,你天庭上面有人？抱歉，我上面可没人了！,1754298217,151,72969462,笔给你你来写_,https://i0.hdslb.com/bfs/face/8e8a57daeb8ee0b50e6fa4e66c4f18f849fc601c.jpg,1134733,"原创,小说,脑洞,曼波配音,随笔,西游,原创剧本,笔给你你来写,沙雕段子",405817,371,827,1941,1044,342,0,0,38386
BV12khnzAEj9,114953491057387,1,168,2042,国产原创相关,动漫评论,http://i2.hdslb.com/bfs/archive/8319ac5b33d631b50543542065adf71fac054d8c.jpg,评分第一？巅峰之作？7年前火爆中国【竞球小英雄】大结局居然是这样！（下）,1754051556,3284,31261235,L另唐,https://i2.hdslb.com/bfs/face/9cdbdecc498f42498f22bffa09964271ece19c6a.jpg,1249730,"动画,童年回忆,怀旧,国产动画,猪猪侠,国漫,童年动画,竞球小英雄,猪猪侠之竞球小英雄",3852049,20505,2409,65405,26621,1130,0,32,88353
BV113tLzMEiS,114972734526853,1,250,2194,出行,中外生活vlog,http://i2.hdslb.com/bfs/archive/86e31e85b49c4ff0f2fcfd2ddfa9d1793236f6c6.jpg,美国女友发工资后，第一件事竟然是…,1754345218,125,259349490,Luca和Kim,https://i0.hdslb.com/bfs/face/6b99a686ffb23082cb6ff7730f8c7da82be3e419.jpg,139445,"跨国网恋奔现,跨国恋,跨国爱情,跨国情侣,外国女友,外国媳妇,小老外,网恋奔现,中外情侣,随手记录我的生活碎片",93520,448,684,509,1117,261,0,0,8680
BV1m3tJz9E1J,114974127031848,1,172,2073,手机游戏,动作竞技游戏,http://i1.hdslb.com/bfs/archive/692974e2a796bfbddbeca40672a7ad88e54c2336.jpg,犹如番茄炒蛋加辣椒的绝望感！,1754366059,120,80073800,双叶大摸王,https://i2.hdslb.com/bfs/face/042bf7a4f84e8d3dbcbee40a12641d22d2cc1aea.jpg,75477,"番茄,难得真兄弟,灌伤,绝区零UP主激励计划,火影忍者手游,少女玖辛奈",144651,190,199,530,929,14,0,0,8869
BV1uYtnzbEyw,114975720871039,1,21,2077,日常,休闲/小游戏,http://i2.hdslb.com/bfs/archive/5264f9a59c05648043c33ab9ece7856ba022d345.jpg,【逃出惊魂夜】惊魂码头实况,1754390433,679,2095518789,大啵豆,https://i0.hdslb.com/bfs/face/4d43b6078975ab57543751143413fc96c0b8f115.jpg,50474,"游戏实况,船长,蛋仔奇思妙想计划,逃出惊魂夜,小旧帽,惊魂码头,教程攻略,惊魂夜,蛋仔,蛋仔派对",329193,506,186,15283,1282,21,0,0,16961
BV1YutczVEZh,114979596408477,1,76,2149,美食制作,美食制作,http://i0.hdslb.com/bfs/archive/334658e1d5f2fa9cd827adcea0b2e9512b9bd5a4.jpg,这不是AI！ 是校长的早餐,1754449659,263,527057981,叶子吖OHYEZI,https://i2.hdslb.com/bfs/face/82c35a353cca3da4b85499a8033871da60b1bb02.jpg,1310435,"搞笑,手工,AI,吃货,美食制作,记录我的美食日常,校长,翻车",299437,269,204,5618,1502,104,0,0,15324
BV1gHhAz9EpC,114941176579205,1,172,2064,手机游戏,单人RPG游戏,http://i1.hdslb.com/bfs/archive/3bc1d5a0c2bcffe4d223e4e7d2ece37bd426990e.jpg,《崩坏：星穹铁道》3.5版本「英雄未死之前」前瞻特别节目,1754138700,1829,1340190821,崩坏星穹铁道,https://i2.hdslb.com/bfs/face/57b6e8c16b909a49bfc8d8394d946f908cabe728.jpg,11439281,"崩坏：星穹铁道,前瞻特别节目,崩坏星穹铁道,英雄未死之前,米哈游,miHoYo",2282527,45773,13824,23639,28389,5051,0,0,136247
BV1fttMzVE9E,114968288561293,1,85,2154,小剧场,剧情演绎,http://i1.hdslb.com/bfs/archive/9650b904d725f450bbfc514e13513c49613bcdf3.jpg,自私者的辩白,1754277040,128,548752139,苟酉goyo,https://i2.hdslb.com/bfs/face/f6de1ab15e78324c01faf5721fa12127616208bf.jpg,262251,"原创,情侣,情感,生活,投稿翻拍,记录,真实,投稿,评论区,爱情那些难题",485854,614,714,828,546,603,0,0,35883
BV1oBtgz5EYp,114969077088585,1,256,2142,短片,体育综合,http://i1.hdslb.com/bfs/archive/1d1c46a2a26b0fd2c571bba2f665d7df760391c4.jpg,暑假打球好上头！,1754298000,300,1920908011,非自然苏打,https://i1.hdslb.com/bfs/face/ff71ef035b06f9d24b22a631d9166a967ec740b1.jpg,586179,"高中生,生活,搞笑,排球少年,暑假,运动,OPPOReno14,排球,OPPOReno14排球少年联名",1304415,1162,1450,10107,3459,1257,0,0,63406
BV1CN82zhE9o,114947568829852,1,124,2088,社科·法律·心理,社会观察,http://i0.hdslb.com/bfs/archive/9c0c2dc4442207caec0d4610e5fc974c1c0dbdf2.jpg,旺仔小乔会有什么法律风险吗？,1753961011,189,3546584625186941,183的冯律师,https://i2.hdslb.com/bfs/face/a4c8c5f2d5aaa44932f7145010edfcca2a21ffc0.jpg,963816,"法律,律师,旺仔小乔,法师,普法,抽象,法律咨询,法学生,法律观察局",1397067,2219,3878,10458,3444,713,0,0,109123
BV1A18yzxEdg,114946293699745,1,30,2022,VOCALOID·UTAU,VOCALOID,http://i0.hdslb.com/bfs/archive/43f213fb7e6fce1bfb2bbe17239696fa878384f7.jpg,ヒットメーカー(热门制造商) / 夜未アガリ feat.重音テト【本家投稿】,1753956000,222,3546949311531978,夜未アガリ,https://i0.hdslb.com/bfs/face/ee018451be0859a5d9335a3bdadc3cbfa85dd16e.jpg,22755,"VOCALOID原创曲,原创曲,重音テト,VOCALOID,术力口",288543,492,2018,53251,17204,3519,0,0,89649
BV1Mitnz4Eka,114975620207314,1,176,2107,汽车生活,汽车文化,http://i1.hdslb.com/bfs/archive/b5484246c658f691e86044dea54633347742d1f3.jpg,拉力赛车帅是帅，智能车机是真爱,1754449500,112,1194144659,车小白-,https://i2.hdslb.com/bfs/face/9cc5a0aae824ee21051aae1ecb7a17a3a7e1c460.jpg,109502,"赛车,改装,拉力车,小爱同学",358981,299,441,1037,708,252,0,0,30322
BV17ehbzrE5Q,114957182111433,1,21,2103,日常,工程机械,http://i2.hdslb.com/bfs/archive/a7190a041b1f6401227b85aee706a78aaffb55ea.jpg,动态视频｜如果空间站从你眼前飞过，你会看到什么？,1754107836,59,407054668,亿点点不一样,https://i1.hdslb.com/bfs/face/9a2c23800387d9c871f3b5dd3620dc1c3c50d2f9.jpg,4970273,"速度,对比,空间站,科普,太空,科学,科技,航天,科普再来亿点点",2355988,1888,3067,18206,29713,1918,0,40,277863
BV1zotVzfEXg,114971392413683,1,212,2150,美食侦探,美食探店,http://i0.hdslb.com/bfs/archive/f7490ae104ed84a9a03ccc1396ea1403cea8199d.jpg,姐妹齐心，其店断金！下班与闺蜜炸场，水单赛桌长,1754386203,1074,33878413,睿哥有点小食力,https://i1.hdslb.com/bfs/face/84bc9d5d37708ebfa3c26c9abf6e4f0f47f8e948.jpg,338052,"自助餐,海鲜,生活记录,舌尖真探事务所,闺蜜,探店,北京旅游,北京美食,Vlog",78335,490,407,591,1515,168,0,0,5170
BV1z9h8z2EVG,114958457178853,1,21,2196,日常,职业vlog,http://i0.hdslb.com/bfs/archive/3d25b270eaa3d00db48b2ce82422bee9b0bf4edf.jpg,“餐饮人的自述”,1754127276,103,1070430442,阁下有炸,https://i1.hdslb.com/bfs/face/c52f38147d157adb1acf2006264fec02aee1902b.jpg,274083,"餐饮,Vlog,寻找100个宝藏vlogger",284129,159,713,1330,3536,210,0,0,38769
BV1LptnzKEF6,114975569876744,1,172,2070,手机游戏,MOBA游戏,http://i0.hdslb.com/bfs/archive/7398b96d9b4a0f52772c4cf61fd8d9e99b7fca8a.jpg,木兰打完一宿没睡：这马超铭文全是心眼？？？,1754388271,161,17478777,一只白色QvQ,https://i0.hdslb.com/bfs/face/6247a20eb6759b5ffdf3838354ffd4d9e968412e.jpg,1096863,"搞笑,手机游戏,精彩集锦,娱乐,王者荣耀,MOBA,马超,对抗路",154789,203,173,544,713,64,0,0,19818
BV1bvt3zKEAX,114970872253786,1,253,2043,动漫杂谈,动漫速读,http://i2.hdslb.com/bfs/archive/349b609c10ed49ad02e7c1c9deb404227b86c87e.jpg,《瑞克和莫蒂》所有主线剧情串讲！邪恶莫蒂、瑞克Prime、戴安……全平行宇宙大整理！,1754317572,1730,357261525,安迪视频,https://i0.hdslb.com/bfs/face/44be7e29670fafd734a6961668f3e130ff7e7456.jpg,1613084,"完结,瑞克和莫蒂,动漫杂谈,安迪视频,瑞克和莫蒂第八季,主线剧情,动画片,戴安,瑞克与莫蒂,邪恶莫蒂",1015650,1676,1466,24835,42360,2981,0,48,62303
BV1jE82zQERG,114947686204485,1,21,4218,日常,钓鱼,http://i0.hdslb.com/bfs/archive/c013b0eebdac4494c2826b6d14434fbaf94fc8ae.jpg,遇到爽快的顾客我可以送你一条鱼，遇到难缠的顾客不好意思，分文不让!欢迎收看硬气钓鱼佬摆摊卖鱼!#卖鱼人,1753962706,216,3546923111811210,基尼钓鱼,https://i0.hdslb.com/bfs/face/14033a402e20c6260218928eba6851dde2afddfa.jpg,67162,"鱼,吃货,钓鱼",1159617,691,1088,4117,39292,254,0,0,90875
BV1KKhpziEEn,114952836743619,1,182,2126,影视杂谈,户外探险,http://i0.hdslb.com/bfs/archive/8299ab4225ea044315a1bc44215f4b9254f3415b.jpg,湖南男子被困水下洞穴5天后获救，详解湖南湘西溶洞救援事件,1754049600,717,87670515,神秘园SMY,https://i0.hdslb.com/bfs/face/97df512c31b322245934bfbd23613510d2203d11.jpg,1002539,"湖南,二手推荐,湖南溶洞救援,湘西溶洞救援,转转,洞穴,湘西,二手手机,溶洞,湖南湘西",1585715,8270,3643,13329,15370,3530,0,0,90668
BV1u5tGzzEeA,114970100502282,1,124,2090,社科·法律·心理,人文历史,http://i1.hdslb.com/bfs/archive/12c57033c2d8dbe27969ecd1709ae27a63dbf503.jpg,电影731定档9月18日意味着什么？这个形势你看懂了吗？如何弘扬正确的二战历史观！,1754304859,648,289189019,戏京同志,https://i2.hdslb.com/bfs/face/2f62e073da940299514a06b0ff4d5dc00065c779.jpg,2131039,"历史,日本,电影731,世界反法西斯战争胜利80周年,918,哈尔滨,人文社科,请回答这个时代",795174,3580,2187,12137,13769,1579,0,0,45677
BV1YuhHzyEvR,114953390392714,1,21,2083,日常,综合资讯,http://i0.hdslb.com/bfs/archive/f2c61754868b4f1bc755db293e1bdc2166bcabed.jpg,金蝉脱壳、见者好运！摄影师蹲守数小时，延时记录金蝉脱壳羽化过程,1754049689,22,1131457022,人民日报,https://i2.hdslb.com/bfs/face/19a041ba0e78ed43b7a3eab35edfc998eaa7db8e.jpg,17010857,金蝉,1102568,63114,2043,17025,7719,3284,0,0,175708
BV1qNtAz9Eyd,114980737258447,4,172,2064,手机游戏,单人RPG游戏,http://i2.hdslb.com/bfs/archive/548c27ddda71759779e9b0edacec1605c530ac87.jpg,《原神》过场动画-「炽烈的惊喜」,1754474400,473,401742377,原神,https://i2.hdslb.com/bfs/face/853c4a846793dfbdafd8f16a40d6d8065bdb7c6f.jpg,20089066,"原神5.8,米哈游,miHoYo,原神",204364,945,2637,4697,5656,520,0,0,35425
BV1JDtuz7EWb,114969597183181,1,215,2153,美食记录,美食综合,http://i0.hdslb.com/bfs/archive/7e72ea3b4ef4ac80a1dece0525700c0369ca2e0f.jpg,探秘皇帝蟹神秘部位，解锁皇帝蟹神奇美味,1754298749,736,1206156500,老郭美食,https://i2.hdslb.com/bfs/face/db65684507387777e3c9cdb7e2f9e43e01c5e021.jpg,1046847,"吃货,美食,生物,试吃,海鲜,科普,巨假真蟹,美味,皇帝蟹,一饭封神申请出战",313878,2778,1124,2706,8999,1205,0,0,26787
BV1vttVzUEmY,114971442681575,1,162,2055,绘画,二次元绘画,http://i2.hdslb.com/bfs/archive/66218429cbb86b59a7f1dc3cb781f515f7581ba5.jpg,【Procreate】你有这么权威的企鹅进入马达加斯加,1754325255,62,15635155,禾几丁页,https://i1.hdslb.com/bfs/face/a9459de2e8032dfa36027a313808bf5809904cb4.jpg,7359,"绘画过程,拟人,绘画,马达加斯加的企鹅,PROCREATE,马达加斯加",405998,123,872,19978,4174,1757,0,0,75185
BV15NtHzqEgS,114975368615399,1,138,2157,搞笑,街头采访,http://i0.hdslb.com/bfs/archive/daa11a41e26b2c8d25e72863c1a4a0eb1f3947d0.jpg,《谁 输 谁 社 死》,1754386424,259,632887,伢伢gagako,https://i1.hdslb.com/bfs/face/38d85946c9cd0cf159e4d646be63fad36c2486c1.jpg,2314371,"搞笑,胡桃,伢伢,cos,永劫无间,社死,永劫无间开启电竞版苏超杯,苏超,整活,搞笑研究所",863240,713,302,5191,757,117,0,0,34773
BV1dCtGzUETP,114970050169521,1,21,2148,日常,其他手工,http://i2.hdslb.com/bfs/archive/ecb35d9df10900a2a39e36cb601d980385cc39f1.jpg,🔥红糖老虎|刀刻立体画,1754303953,25,3493078214118135,caaabi,https://i0.hdslb.com/bfs/face/170676b89ad08d8953df4c4ce4a03524cb06fa7d.jpg,3235,"手绘,绘画过程,老虎,立体画,宠物画,做一种很新的手工",306742,141,1021,4800,1630,287,0,0,46531
BV1qThWzREtB,114954044907056,1,229,2091,设计·创意,设计艺术,http://i1.hdslb.com/bfs/archive/f0a9ff89a5962239a28ef3ba0361b27e50b9edde.jpg,我给花朵加了个开关！,1754059601,16,14615865,是玉木呀,https://i0.hdslb.com/bfs/face/b375c5e72b34b598537c8c5a9d73a48ba361e2b7.jpg,130441,"动画,花卉,插画,创意,互动,字体设计,万物研究所",1397664,362,1188,24587,2819,2670,0,0,128048
BV1vPtgzBEFk,114969379147810,1,121,2037,GMV,同人动画,http://i2.hdslb.com/bfs/archive/c75588062055cce5b2ed2b10a4da4320679b2fe7.jpg,哇！这个可以给我吃吗~,1754293571,33,21132494,林烟不是大佬,https://i2.hdslb.com/bfs/face/46ad16ee528f3bc3b11b137da97d45983b7a5cff.jpg,169114,"手书,魔性,FGO,fate,saber,阿尔托莉雅·潘德拉贡,迦勒底创作高能团,阿尔托莉雅,fgo,命运-冠位指定创作者激励计划",349755,197,865,11067,9606,1651,0,0,57039
BV1Uz82zTEnr,114947535148543,1,95,2123,数码,家用电器,http://i1.hdslb.com/bfs/archive/1d93659b9b9b5edc34fd3bd674e09e4da2b3ce36.jpg,是如画壁纸，也是旗舰电视！创维A7F Pro壁纸电视深度评测,1753961813,561,941799,野生的装机宅,https://i0.hdslb.com/bfs/face/7ad319543e71c4cbca135475fb73588ac987fe6d.jpg,1006034,"评测,电视推荐,miniled电视,创维壁纸电视,京东国补,创维壁纸电视A7F Pro,创维A7F Pro,智能电视,影音设备,京东新品",697585,323,484,1335,753,222,0,0,10310
BV13VtGzgE4R,114970117283742,1,138,2154,搞笑,剧情演绎,http://i0.hdslb.com/bfs/archive/27965738562909255ebf3dc986623500077d01c1.jpg,《你眼中的自己vs实际上》,1754306937,269,478610686,郑凯伦伦伦,https://i1.hdslb.com/bfs/face/24a1b4a4a5cb2287f9892c3f9be60f3668733e85.jpg,1527710,"搞笑,荣耀GT,荣耀400,2025ChinaJoy,荣耀平板GT2Pro,荣耀平板在CJ现场成电子鸡蛋,VS",1149182,816,1181,7189,1023,311,0,0,84511
BV1Uut7z7Exj,114973321729589,1,172,2073,手机游戏,动作竞技游戏,http://i0.hdslb.com/bfs/archive/cda66797d8356df8224fee25edeb4616222cf957.jpg,幻术吗？什么时候！,1754353977,90,3493279263886065,教主世一段,https://i0.hdslb.com/bfs/face/4783d94ef9b9cda281c5d2bf0432d4b362591af6.jpg,230568,"火影忍者,火影,火影忍者手游",115159,103,240,2160,10964,79,0,0,22555
BV1NxtGzwEka,114970251501542,1,253,2043,动漫杂谈,动漫速读,http://i1.hdslb.com/bfs/archive/79bdc42fe1c24b49a5f0424609031e98e42c6b4c.jpg,【柯南】 两大死神因命案留宿荒郊别墅，竟然遇到无数僵尸袭击，西瓜带你回顾柯南精彩漫改案件《被僵尸包围的别墅》,1754308027,2372,57608186,西瓜说柯南,https://i2.hdslb.com/bfs/face/ecb0fc5d5e34e79715fea462b0fd3ed85a573c05.jpg,740898,"名侦探柯南,动漫杂谈,工藤新一,江户川柯南,毛利兰,推理,柯南解说,毛利小五郎,服部平次,柯南",1668096,2335,601,15885,3362,226,0,0,23835
BV1rHhVzeENy,114964949965534,1,219,2168,汪星人,狗,http://i2.hdslb.com/bfs/archive/8e21531adaccce566ab0869befbdfc4c3de3c813.jpg,狗狗永远都不会忘记对他好的人,1754226642,266,3625254,烈的街头动物摄影,https://i0.hdslb.com/bfs/face/6375b27301493aff8eb3acd156cab38f21df4540.jpg,91326,"狗狗,汪星人,感动",298424,212,218,1538,1512,162,0,0,30455
BV1J58qzYEfM,114942971744229,1,59,2021,演奏,演奏,http://i1.hdslb.com/bfs/archive/f07bfeb278346052b329aef0f8b94ca8d0fc53cd.jpg,手碟｜《江南》完整版,1753890821,175,28385645,Hang蝶,https://i2.hdslb.com/bfs/face/64319c4bec8e90d02d72ad0994b0520724a3af08.jpg,10504,"江南,林俊杰,中国风,手碟",669778,466,1224,24739,8265,3947,0,0,87805
BV1HhtGzZEaV,114969916015676,1,158,2114,穿搭,鞋服穿搭,http://i1.hdslb.com/bfs/archive/7df96114cc637e48f61501408e20c2259e5292e6.jpg,我的时尚启蒙剧——爱情公寓,1754301899,220,327738805,六一不是猫,https://i1.hdslb.com/bfs/face/47a25ce422a25856af9fa9301c45dceda8f68440.jpg,1064259,"服饰,品牌,穿搭,普通人变美指南",264368,476,281,3102,794,170,0,0,22294
BV115tJzQEi8,114974160588112,1,21,2032,日常,国风舞蹈,http://i1.hdslb.com/bfs/archive/afef08d413a4b169b6a3876300fbaa6f85889a01.jpg,“家人们！真·沙漠蹦野迪！！跳完后竟遇到这样的事…”,1754369322,99,35579222,紫颜-小仙紫,https://i2.hdslb.com/bfs/face/e7f135eb2da6407fa1d5f63fea631e92a01876db.jpg,1664380,"中国舞,中国风,4K,淘宝闪购请你喝秋天第一杯,淘小宝ChinaJoy在线炒菜,淘宝闪购cj请客二次元,淘宝闪购立秋请客二次元,天竺少女,紫颜,我在漫展跳宅舞",459401,1430,539,9016,2552,307,0,0,52176
BV1EthPzzEx8,114960051079988,1,17,2078,单机游戏,沙盒类,http://i1.hdslb.com/bfs/archive/6e4d8b02d303b1b5dff97f57b27ccc90e38ca217.jpg,我的世界：狙击枪每升五级进化一次，最后直接无敌了,1754182800,471,2131909,特技是我,https://i1.hdslb.com/bfs/face/a124bd9ef449970bb015f047959f715102ddfd53.jpg,32206,"第一视角,FPS,生存,我的世界,狙击,电子竞技,沙盒游戏,MOD,像素风,沙雕",1160677,765,88,50462,3040,44,0,82,53147
BV18fhHz3Efw,114952853592115,1,183,2044,影视剪辑,动画配音,http://i1.hdslb.com/bfs/archive/9bf4933bb9051e73aa1e2245dd948d29c9d79774.jpg,津  门  浪  浪  山,1754043633,87,431233688,瑄羽猫,https://i2.hdslb.com/bfs/face/6d8a9679528499aa1ec9a772e8d0221b660ded92.jpg,1565336,"搞笑配音,天津话配音,整活,浪浪山小妖怪取经副本启动",1078332,330,869,10654,2984,5712,0,0,71630
BV1jU8SzZEWJ,114949481305762,1,65,2071,网络游戏,射击游戏,http://i0.hdslb.com/bfs/archive/3dde821167bd673184aaa67dafcd24b6ddb9d09e.jpg,一秒变异！幽默静步男的正确打开方式！,1754022600,208,331514361,苏醒游戏解说,https://i0.hdslb.com/bfs/face/dd578b65eb0a8beaff6f4677c76cf9cfc0ce75b4.jpg,699399,"FPS,娱乐,搞笑,三角洲行动,夺舍,三角洲破壁新赛季上线",1100254,711,936,4343,536,1091,0,0,39987
BV19Eh5zsEAT,114966476626686,1,27,2037,综合,同人动画,http://i2.hdslb.com/bfs/archive/a04d33f651271cdb26832236de5cc048d9687c72.jpg,《缇姆利亚》第一集 | 小潮team,1754276400,689,3546922224715867,小潮team动画,https://i1.hdslb.com/bfs/face/54e5a0feca82d061fa8e6e78d860a264cab97bf7.jpg,116155,"动漫,原创,高能,搞笑,动画,缇姆利亚,小潮院长,小潮team,杜海皇,夏日整活大赏",703384,37240,6381,35765,56943,3955,0,25,85237
BV15MtGzCEww,114970167612517,1,138,2104,搞笑,自制发明/设备,http://i0.hdslb.com/bfs/archive/340325a601450606c69197821abf00f419caf93c.jpg,这等离子大炮也太帅了吧,1754305784,68,589209077,坤哥哥77,https://i2.hdslb.com/bfs/face/cf43c7adc0a6a4adf9d558c6d6004e393c194f92.jpg,288890,"搞笑,短片,原创",418449,136,889,3138,645,1681,0,0,19046
BV1fohnzXEvr,114953256241811,1,138,2155,搞笑,语言类小剧场,http://i1.hdslb.com/bfs/archive/be52382e8fb654a2dacd1e50a06d3941aba352ce.jpg,《我对骨头不感兴趣》,1754107199,122,3493260618106936,伤心欲茄222,https://i1.hdslb.com/bfs/face/1f0cb64d9b62da7db7e6e020b78b6872dbffe55c.jpg,3276650,"搞笑,八嘎,转转,配音小剧场",2179824,1459,1429,7877,3599,1861,0,57,201932
BV1eJtuzBECF,114967785245531,1,17,2079,单机游戏,其他游戏,http://i2.hdslb.com/bfs/archive/47f8b0c748e8ad93ab22157c4971a9caefa15ea7.jpg,【IGN】《罪恶装备 -奋战-》「露西」角色预告,1754271232,119,652239032,IGN中国,https://i2.hdslb.com/bfs/face/4c9095a6fc7d6ef7bf97ee1c65767f537763c60c.jpg,1706327,"联机游戏,赛博朋克,罪恶装备,XBOX,STEAM,罪恶装备奋战,PS5,格斗游戏,单机联机,GGST",751164,953,2830,7327,1527,16873,0,0,21836
BV16Gh8zyE8q,114958574556305,1,27,2041,综合,动漫剪辑,http://i0.hdslb.com/bfs/archive/059933621cd6b443a1fdaf41c84486316431ce27.jpg,【chiikawa×守护甜心】乌萨奇吉伊小八化身守护甜心,1754128818,90,3546735578187781,灼别林,https://i1.hdslb.com/bfs/face/3a73e2c30d0d951277d3718feb381e595d3d168c.jpg,282,"小八,二次元,守护甜心,可爱,chiikawa,吉伊卡哇,吉伊,动画种草激励计划,二创,乌萨奇",156285,88,477,7780,10651,5106,0,0,24939
BV1wUtnzEEgJ,114975217557316,1,182,2043,影视杂谈,动漫速读,http://i1.hdslb.com/bfs/archive/b10db0d7971a99b42a4e4d540107c1a11f1fb9d7.jpg,家庭暴力、校园霸凌、杀人藏尸结合能掏出神奇道具的章鱼，简直太暗黑了,1754391600,1879,604710494,长片短解,https://i2.hdslb.com/bfs/face/6ccceba6ec8fe60d700f9f7c2910c08d70b03fe3.jpg,2450248,"电影解说,动漫剧集,uwant,章鱼噼的原罪,不发臭洗地机,友望云朵2.0,校园霸凌,奇幻动画,高分动画",322741,2490,1410,7888,2998,1841,0,0,21683
BV1QH8kzAECV,114945790313626,1,254,2186,亲子,恋爱关系,http://i0.hdslb.com/bfs/archive/1c3e065c34d3687b6a0026c93a44e35b7e2fad15.jpg,我们的感情像什么？我终于明白！,1753934031,83,3493297997744733,俄罗斯夫妇在中国,https://i0.hdslb.com/bfs/face/99cea6f488b292d79f2d2b979271cba4cf50f1df.jpg,493099,"情感,恋爱,爱情,感情",921161,1764,1302,2396,803,2448,0,0,43702
BV1ZhhPziE66,114960084573166,1,65,2071,网络游戏,射击游戏,http://i2.hdslb.com/bfs/archive/752983efe437f81bbb5fa5118179543a4c1b92fd.jpg,一朵玫瑰，一颗北极星。希望被洗号的舍友天天开心,1754151950,230,1584061693,无情布兰登,https://i1.hdslb.com/bfs/face/5b18a9420c377134f1afa4108de3426141cb50ed.jpg,1142,"FPS,三角洲行动,海洋之泪,蚀金玫瑰,记录,北极星,红狼,雪豹,非洲之心,三角洲破壁新赛季上线",366444,458,1130,3291,19775,733,0,0,36389
BV14shWzGEQP,114953793048219,1,138,2155,搞笑,语言类小剧场,http://i2.hdslb.com/bfs/archive/0e528a2844ce0a894d1f4ee106a8aed70267f068.jpg,二狗的现场已经颠了...,1754132400,263,391133521,一支麦二狗脱口秀,https://i1.hdslb.com/bfs/face/4b4311299343d1ff07103982803c944edd1f46a1.jpg,174923,"搞笑,脱口秀,搞笑小剧场,二狗脱口秀,一条名叫爱情的狗,二狗全球巡演,互动,交友,脱单",660885,320,328,3565,11771,1492,0,0,51064
BV1fV8yzjECC,114946981500921,1,21,2092,日常,心理杂谈,http://i2.hdslb.com/bfs/archive/0c37233f1dc99529fdd25644128d3d68ccf9d045.jpg,当约P青年遇上恨嫁女孩,1754384100,555,9448580,NOV姐姐,https://i2.hdslb.com/bfs/face/220dc8a23512be0d82f0a0af5395efe2c720851f.jpg,929911,"恋爱,爱情,是时候自己做决定,挚真关系,男女关系,婚姻,两性,亲密关系,心理分析,深度思考",285946,654,1403,4233,1219,960,0,0,6583
BV1KntGzvEBi,114970301829110,1,138,2207,搞笑,随拍·综合,http://i1.hdslb.com/bfs/archive/8e4bb6edcea34f08e7d5bb2db4065a7788b7fb79.jpg,隔壁班嘉豪 这期是我定制的,1754307862,123,219898427,赛博人物志,https://i2.hdslb.com/bfs/face/8f472f6026604ac417af398f3a3ae50386248b95.jpg,78479,"梗,隔壁班嘉豪,盘点系列,嘉豪",2560259,1573,3005,23388,1536,8142,0,18,212505
BV1v1hgznEy8,114964312361880,1,171,2071,电子竞技,射击游戏,http://i1.hdslb.com/bfs/archive/2d1c726274ff80819792d3984b0f975c52ddd78b.jpg,仅需九万的无后座平民神枪#三角洲行动 #三角洲鼠鼠拯救世界 #三角洲破壁新赛季上线 #三角洲行动攻略 #老WE重聚三角洲,1754216376,71,3546761165540208,三角洲吴彦祖y,https://i0.hdslb.com/bfs/face/e91c8713ce431a96a4661e73961b743155882757.jpg,152665,"战争,射击游戏,FPS,平民,三角洲,教程攻略,三角洲破壁新赛季上线",717972,176,816,60542,2942,2256,0,0,48225
BV1U4hAznEH2,114941126379120,1,218,2167,喵星人,猫,http://i2.hdslb.com/bfs/archive/681664bca5767f24eaa753ef127fbac28a87111c.jpg,一向叛逆的猪咪，为何铲屎官生娃后性情大变？,1754128800,191,15131634,海藻爱麻麻,https://i0.hdslb.com/bfs/face/af49632e118e898a6597da9eb85a061b2d8f1323.jpg,349956,"喵星人,a2奶粉,a2牛奶,萌猫和萌娃,a2至初,找回生命至初的微笑,猫陪孩子长大,牛奶,人类幼崽,闪闪的儿科医生3",876880,507,802,6581,867,639,0,0,100498
BV1kNt3zdE2P,114968976428673,1,182,2001,影视杂谈,影视解读,http://i0.hdslb.com/bfs/archive/b2ae9538f75cedc41fdd1e8baa0b6fdb084b7fde.jpg,第一斧女？！有什么事请联系我的斧头吧！万字拉片拆解《珀尔》P1,1754301600,3036,84706708,小鱼陪拉片,https://i1.hdslb.com/bfs/face/3372dd6970f8df479aad6d35da42cfd32d851681.jpg,1101829,"恐怖,惊悚,悬疑,A24,万字拆解,拉片,视听语言,米娅高斯,珀尔,万字拉片大赛",766998,1405,582,22252,9171,477,0,0,29797
BV1kxtJz5EDi,114974311584698,1,65,2071,网络游戏,射击游戏,http://i0.hdslb.com/bfs/archive/2af34b2f04b10c9ce1472aab990c2ef8c74abf89.jpg,【跑刀趣事】吔？！海洋之泪？！,1754369090,239,5408366,库库_sama,https://i2.hdslb.com/bfs/face/2c6fc2b14976e62bd925d85129ce87cbacb4a96d.jpg,650648,"粥,第一人称,迈从,三角洲行动,迈从V9,迈从V9PRO,三角洲,主播,游戏耳机,三角洲破壁新赛季上线",217133,196,273,717,572,351,0,0,11255
BV1yzhjzUEd6,114967080606076,1,27,2044,综合,动画配音,http://i1.hdslb.com/bfs/archive/140fac4ae124f08d39e24060885e994958965146.jpg,压！！！力！！！！！,1754265900,94,3493118460561869,江肥肠,https://i2.hdslb.com/bfs/face/5ad1e69ce0cfea9665b6f2b682fa989e213fa621.jpg,2131522,"配音,爆笑虫子",2421014,787,660,57795,3305,2799,0,71,90318
BV165t3zSEwa,114968942877652,1,251,2162,三农,农村种植,http://i1.hdslb.com/bfs/archive/cd603fa59f6cde5c10272f3319cec5434e40585d.jpg,终于发现清道夫的作用，再也不怕清道夫了,1754287227,315,514596475,阳台种植愈呵呵,https://i1.hdslb.com/bfs/face/0ba832aea5bdaf9e7db390df7dd9975dda1a61b5.jpg,13625,"昆虫,清道夫,作用",989783,790,1514,3160,3286,738,0,0,69724
BV1eDhHz2E79,114952669044145,1,172,2071,手机游戏,射击游戏,http://i2.hdslb.com/bfs/archive/5fb49f5ff3b4f899988de97ec6226bd042782a31.jpg,海底大逃亡，极限求生上演惊天手速怪,1754038827,218,235982660,小五哥哥九方骏,https://i2.hdslb.com/bfs/face/6a8eb2373e82c1cc927553286b501315c54aecc7.jpg,760972,"九方骏,和平精英夏日焕新,九方电竞,小五哥哥",961758,757,368,21107,2350,1438,0,0,42926
BV1GB4RzFEk3,114977046268718,1,17,2066,单机游戏,单机主机类游戏,http://i1.hdslb.com/bfs/archive/fc89f1b641337f23c7018c4f5c4d9d252c9244e3.jpg,我巨物恐惧症犯了，你别过来啊！！？,1754438400,871,680447,马里奥红叔,https://i2.hdslb.com/bfs/face/9f266d9214894cc4134b114fc8c8ce028a235421.jpg,2496357,"搞笑,联机游戏,娱乐,游戏视频,禁闭求生2,沙雕,主播,推荐宝藏游戏",375245,688,326,5861,6102,295,0,0,28708
BV1tntGzvEnU,114970301898632,1,172,2077,手机游戏,休闲/小游戏,http://i0.hdslb.com/bfs/archive/ff7ecbaa978e52046f3fb4cad8ee5f89a039b140.jpg,把野人关进盒子里会怎么样？,1754307753,75,2051751572,搞笑小番茄,https://i2.hdslb.com/bfs/face/12f8a3ee63323eacac01bda4c15358383252436b.jpg,169356,"搞笑,娱乐,dongdong羊,蛋仔小剧场,蛋仔新赛季,沙雕,野人,纪律委员,蛋仔,蛋仔派对",299144,625,372,5056,913,116,0,0,8322
BV1ymhnzfEiD,114953692387624,1,182,2001,影视杂谈,影视解读,http://i0.hdslb.com/bfs/archive/75da7ab7c20690b500f9214c6ccfe472c610ae79.jpg,漫威再次烂穿地心！价值观都歪了！千字赤石《钢铁之心》！,1754128800,1653,49960899,BuriedAlien,https://i0.hdslb.com/bfs/face/e41d2f3901e156f708be59a3b4f593779a9adda1.jpg,1351290,"钢铁侠,复仇者联盟,托尼斯塔克,漫威,美国队长,MCU,钢铁之心,复仇者联盟5,万字拉片大赛",2089259,17252,5182,17882,38889,6402,0,44,99803
BV1butMz4EWE,114968489952579,1,215,2149,美食记录,美食制作,http://i2.hdslb.com/bfs/archive/480169f507dc7cd0e94b3118301c42fc0caf7fbd.jpg,当我用Cos系列美食抗议朋友来我家蹭饭,1754280263,99,1868223528,大伟投食记官方账号,https://i0.hdslb.com/bfs/face/a3b092e622e1686d7a94bbcb823e7b277de494b8.jpg,686644,"料理,搞笑,厨艺,美食制作,cos,记录我的美食日常,Vlog",2736008,498,324,19026,952,924,0,0,86544
BV17mtjzYEaH,114973623780548,1,238,2128,运动综合,健身科普,http://i2.hdslb.com/bfs/archive/262b03410be6b72156655f4e10b3669d5c1c2f0f.jpg,百日彭于晏第三季开启，带你全国游，奖金18w，用100天的时间彻底改变！,1754358553,69,1667026531,华健盟健身华哥,https://i1.hdslb.com/bfs/face/13aad09d84f050c5a9b3cb2ce432f0da4c11163a.jpg,462492,"正能量,健身,百日硬汉计划,赚钱,挑战,暑期健身蜕变挑战",443599,175,1765,1524,977,1035,0,0,24752
BV1D6tPzUEoC,114981777446743,1,21,2082,日常,社会资讯,http://i1.hdslb.com/bfs/archive/0a257540032157bd36f4eec2a6c113a36b7661d5.jpg,如果有人说要“弄死”你……,1754482815,44,456664753,央视新闻,https://i1.hdslb.com/bfs/face/2dc9c34444ba9f8e891fdc98e6c331fa3c02d127.jpg,21829479,资讯,168162,173,896,3313,1008,1228,0,0,19679
BV1gdhHzVE6m,114952685750447,1,138,2166,搞笑,农村生活,http://i0.hdslb.com/bfs/archive/b90ad3bf606948021e18dc2d3a49d811e3964087.jpg,我做了一个70年的天王梦,1754038992,18,667606816,毛宇鹏-抽象爷爷,https://i1.hdslb.com/bfs/face/0cfe03dbbdfb80893a2fd001c8067ad010373573.jpg,76653,"梦想,生活记录,记录",2661229,1823,3143,36296,13526,9944,0,48,287687
BV1TrhuzNEoB,114963070851108,1,242,2198,娱乐粉丝创作,休闲玩乐,http://i0.hdslb.com/bfs/archive/d1d3a6a44179c2015504a33d044db05d9ef88ea9.jpg,直接变出刘谦老师！同行怎么解释！,1754197343,12,3546591434639889,销冠李老板,https://i0.hdslb.com/bfs/face/624a010be1877385b97f16db5705f9d70b6493b2.jpg,352108,"魔术,同行,刘谦",1142674,156,560,1562,639,468,0,0,46467
BV1sStLzGEUm,114972046659055,1,17,2037,单机游戏,同人动画,http://i0.hdslb.com/bfs/archive/d80956d5dd54e542179b768cb75261d5bd244e0d.jpg,谁说百岁老人不能当模特,1754334528,120,15312,Days的Wing翼,http://i0.hdslb.com/bfs/face/4f7f75fc3ca8d45c95187561c31fc200ca206947.jpg,137172,"同人,AI动画,白月魁,动画MV,白老板,灵笼",395517,320,918,4995,2037,729,0,0,11293
BV1oPtGzjEvX,114970553619064,1,215,2152,美食记录,美食记录,http://i0.hdslb.com/bfs/archive/502db0009b28bccddedad8af71629ba272567943.jpg,朋友终于想起来找我玩了,1754311868,150,646889764,Nico爱肉包,https://i1.hdslb.com/bfs/face/1fbb3e1e140042dbc15e412229760cbd21f9a927.jpg,490666,"日常,生活记录,美食,vlog,老外,朋友,记录",176577,431,432,1478,2130,316,0,0,27588
BV1iXh5zwEoA,114965906202366,1,218,2168,喵星人,狗,http://i1.hdslb.com/bfs/archive/ce9201875c2bd3058a2a2a64ccad1a451c8aa85e.jpg,两个月不见，家里的宠物激动坏了,1754241775,535,314866867,佚村夫,https://i1.hdslb.com/bfs/face/b830d72b684c7a00f9070c947e88d54fccee6c56.jpg,434292,"治愈,喵星人,汪星人,田园生活,中华田园犬,宠物,猫狗双全,农村小院,萌宠过暑假",1027150,865,589,13181,3836,172,0,0,25353
BV1rptJzjEf2,114974278028780,1,247,2109,新能源车,汽车技术,http://i1.hdslb.com/bfs/archive/bbdb51a1f85939527c05d4bb000421fdbe8f5857.jpg,看工程师详细解析第五代DM油耗如何再进化,1754368651,162,613115943,比亚迪汽车,https://i0.hdslb.com/bfs/face/8d159db5533f715e6b883eea541513461c8c3ad7.jpg,1879162,"比亚迪,第五代DM,新能源汽车,新能源,油耗",516221,389,1828,2697,511,859,0,0,42950
BV1iehPzeEFD,114959715402126,1,172,2064,手机游戏,单人RPG游戏,http://i1.hdslb.com/bfs/archive/9563125ef638eac0b8aa0ad124a3b1a9a203d514.jpg,看到和昔涟十指相扣我39度4的高烧都退了,1754146413,631,8469526,果蝇轰,https://i1.hdslb.com/bfs/face/5ac66ad440fa2b3650d9bac1def1391d102d1378.jpg,1987920,"搞笑,手机游戏,爱莉希雅,崩坏星穹铁道,丹恒,崩坏：星穹铁道创作者激励计划,昔涟,星铁救世PV开拓者,果蝇轰,三月七",690028,5922,3975,11081,24065,807,0,0,79138
BV1YNhJzzEzV,114952601864978,1,213,2151,美食测评,美食测评,http://i1.hdslb.com/bfs/archive/2240fcb20437cacb5eae77c91550b2b542815fed.jpg,曹式鸭脖变态辣，皇上驾崩了！,1754038192,426,24204802,赛亚人阿廖,https://i1.hdslb.com/bfs/face/74dadbae0d4d16fc70a4911e5bf57e2b69a090f6.jpg,450382,"曹式鸭脖,美食测评,爆辣,吃辣挑战",2066697,3027,1138,20469,3562,1659,0,0,75775
BV1oftnz6EyW,114975435659170,1,47,2037,同人·手书,同人动画,http://i1.hdslb.com/bfs/archive/3324da55dcbd3e1033f6f7c8d507e671d3950b3b.jpg,三月七的【天天天国地獄国】,1754386115,72,89031393,夜半三更_,https://i0.hdslb.com/bfs/face/2071ad7f1909776030410e9dfb19f702370f2f7c.jpg,29318,"手书,动画,星穹铁道,崩坏：星穹铁道创作者激励计划,天天天国地獄国,长夜月,三月七",780017,331,1097,42770,17432,7031,0,0,108240
BV1sstczAEtR,114979629958608,1,228,2089,人文历史,时政解读,http://i0.hdslb.com/bfs/archive/3af2f18ff2f305f2c65f4dc545d372736e017bcd.jpg,“我才是退群王！”退而不滚？印度为啥成了国际外交界狗皮膏药？,1754474400,927,316627722,世界见闻录,https://i0.hdslb.com/bfs/face/418ca1ae96680bc7d681a842d730e2057955850f.jpg,1710832,"财经,社会,印度,外交,uwant,不发臭洗地机,友望云朵2.0,经济,国际,国家",211552,1250,500,2948,1221,121,0,0,17000
BV1Ex8rzrEGq,114944515248047,1,138,2154,搞笑,剧情演绎,http://i2.hdslb.com/bfs/archive/49b0de48ac4358b9640e813fd0232cc1da84217a.jpg,惩治不良老师,1753914356,51,110258511,波小波Sir,https://i0.hdslb.com/bfs/face/3966293aed82844fadfea23162bca274d6589ad7.jpg,61632,"原创,校园,短片",2378454,838,1588,21394,2713,816,0,0,141258
BV1wMh8zEEZF,114958624954675,1,161,2183,手工,助眠视频·ASMR,http://i0.hdslb.com/bfs/archive/f46c4b651cd900bacd395b5b83908e2c264e2883.jpg,饭后你想来点什么呢？ ASMR,1754129491,71,8399798,Aismr_,https://i2.hdslb.com/bfs/face/24b362b243c9b0206be406fcc6636c34e6627a18.jpg,84816,"助眠,耳机,催眠,创意,安眠向,asmr,放松,解压,触发音,极度舒适",578654,326,348,13315,683,922,0,0,53543
BV1JV8yz7E5X,114946981566328,1,29,2020,音乐现场,翻唱,http://i0.hdslb.com/bfs/archive/5ecd5902972e0ac671e1816958c41cf6c2acde57.jpg,许嵩劝你别读博：《素研》,1753951898,192,21442590,馄饨皮茄总,https://i0.hdslb.com/bfs/face/29d3bf75ec95524532a9ce36d1232ef441889a1d.jpg,30808,"许嵩,素颜,cover,博士,学术,科研,读研,读博,PhD,翻唱的N种打开方式",763373,533,1376,15006,17423,16848,0,0,73627
BV17RhtzMEjk,114957282705862,1,137,2014,明星综合,娱乐综艺正片,http://i2.hdslb.com/bfs/archive/7fcd7f5874f681f83db3e7dec61d7924f183df7a.jpg,【TF家族】《2025TF家族夏日运动会》DAY2,1754125200,13534,3670216,TF家族,https://i1.hdslb.com/bfs/face/1c74336b9060d40d0ccf5e8bce7c0de34526b1e3.jpg,6937935,"TF家族,夏日运动会",1719060,1262613,15303,26659,8095,1544,0,70,61992
BV1XhtVz2EvS,114971476296963,1,65,2071,网络游戏,射击游戏,http://i0.hdslb.com/bfs/archive/1216d45592ab1057c437c5725c22bad198f0b7e5.jpg,三角洲行动 只要3万+制式卷就有满改S级武器！火力卷改枪最强优化教学！【紫色-火力】,1754364600,283,52717408,Always聪聪,https://i1.hdslb.com/bfs/face/d6573681e12901cbbf26a242102c727bac4d020a.jpg,1053178,"FPS,射击游戏,三角洲行动,三角洲行动改枪,教程攻略,三角洲,三角洲破壁新赛季上线",568701,258,886,16046,1167,868,0,0,20933
BV1ev4RzwEuU,114977012780342,1,183,2002,影视剪辑,影视剪辑,http://i2.hdslb.com/bfs/archive/f36c5025612ce6034697024d16208bb8adf3a0ac.jpg,雍正：朕穿越现代，却爱上来自清朝的你！【九五至尊15】,1754410320,2377,15311531,大话青年,https://i2.hdslb.com/bfs/face/80c370f827eb08682a54f607faf881adfa7ff44a.jpg,20707,"职场,喜剧,历史,江华,影视剪辑,搞笑,穿越,雍正,九五至尊,好剧好片重刷榜",56419,1711,594,534,4229,34,0,0,4449
BV1dVhAzFEdC,114941612922357,1,220,2171,动物二创,动物综合·二创,http://i2.hdslb.com/bfs/archive/c1e844be5c130e7bba6f4378d9758412111f88e7.jpg,那些动物们的用餐时间！,1754040600,479,43484780,蒙哥马利愛学习,https://i2.hdslb.com/bfs/face/e13340353698301f500dc66a0328d1a8e38c9e75.jpg,673958,"汪星人,动物世界,动物,喵星人,可爱动物,搞笑动物,神奇动物,萌宠日常,动物观察,萌宠过暑假",603359,958,213,4910,976,766,0,0,40105
BV1Vp8yz3EhC,114946545354201,1,21,2037,日常,同人动画,http://i1.hdslb.com/bfs/archive/98e4c503f48f163d8af4a6170cd9e4805cf7d9ae.jpg,【原创/熊出没】缠,1753945389,73,3494351556577635,小布大蛇不吃茄blythe,https://i0.hdslb.com/bfs/face/a3e420211b70b9c18fa6718dc68c2b02ef67b3fe.jpg,3537,"恐怖,动画,光头强,黑暗,熊出没,中式恐怖",224577,1275,459,9530,568,385,0,0,29148
BV1ChtGzZECE,114969916085125,1,172,2069,手机游戏,即时策略游戏,http://i2.hdslb.com/bfs/archive/3a178e4b5d6c1434f07739f838dcd144d80d8a00.jpg,《炉石传说》觉醒锅炉实况测评！重做以后强度超标…,1754302201,1128,3493113414814567,高子巷,https://i1.hdslb.com/bfs/face/f4471a78f322efd8b1e1df3421c55fefd84bc367.jpg,346901,"皇室战争,高子巷,石头人,必剪创作",331307,1634,1470,1844,3301,954,0,0,30186
BV1Mnt5zVEQJ,114970939361940,1,171,2070,电子竞技,MOBA游戏,http://i2.hdslb.com/bfs/archive/5d6e8871f585e8a84683a9f051fdc1528b47de5f.jpg,阿狸的最后一页！,1754317574,198,600187439,还有下次的叭,https://i2.hdslb.com/bfs/face/16257d411b4196d3853dd7647f6d847d85d2d048.jpg,15828,"可爱,英雄联盟,云顶之弈,金铲铲之战,小小格温,感动,最后一页,小小阿狸",139858,309,564,1175,1680,517,0,0,8787
BV1Wyh8zXEMX,114958490667868,1,171,2070,电子竞技,MOBA游戏,http://i2.hdslb.com/bfs/archive/b8ff8401ee577e19044557dbef56a83a1990d0d2.jpg,这才是每个关羽的梦想，深入敌后，斩敌当先（“每关梦”合集）【高燃集锦175期】,1754127497,168,489296007,牧马人明眸,https://i0.hdslb.com/bfs/face/db4878d8899584639fa6054b755a1161845c3052.jpg,1123326,"游戏,电子竞技,王者荣耀,集锦,王者荣耀夏日农友节,MOBA,关羽,高燃集锦,明眸,国服关羽",2158647,660,1121,5045,4721,1483,0,0,80512
BV18hh8zaELx,114958373228080,1,172,2064,手机游戏,单人RPG游戏,http://i0.hdslb.com/bfs/archive/a1a9abac98a128dbf71c58e72c8016ad16ac3c4f.jpg,这才是明日方舟的限定池子！,1754125739,364,13221028,迷茫小树叶,https://i1.hdslb.com/bfs/face/c30a9b47677740f31a7491f2c1c513af60007220.jpg,1311672,"手游,抽卡,明日方舟,玄学,欧皇,树叶,非酋",875039,33960,5376,4791,7715,6334,0,0,58750
BV1fV8yzjEMe,114946981502910,1,215,2154,美食记录,剧情演绎,http://i2.hdslb.com/bfs/archive/5a81c1f10019a3ca6324a23801b089c7d5e19640.jpg,双重人格吃早餐,1753952410,187,3546734850476674,超霸7,https://i1.hdslb.com/bfs/face/54fdefdd555cb9924d21d249fb3f76966d90c4e2.jpg,20144,"生活记录,早餐,双重人格,人格,Vlog",342005,420,1254,4897,556,4759,0,0,29247
BV1iRtEziEPw,114974647258949,1,138,2154,搞笑,剧情演绎,http://i2.hdslb.com/bfs/archive/ae4a83ef154937375f4056a3a32362a5c6231a18.jpg,弗雷尔卓德 创意工坊之你怎么说我词～,1754374122,82,3546909580987309,弗雷尔卓德-杨辰,https://i1.hdslb.com/bfs/face/e59912641ba4cbaadb857e30085b15cf4dcc6819.jpg,254754,"英雄联盟,创意,搞笑,原创,工坊,弗雷尔卓德",919124,784,1746,5893,2929,5466,0,0,94194
BV1wHtMzEE1j,114968624105707,1,21,2071,日常,射击游戏,http://i1.hdslb.com/bfs/archive/d98b10a8228f1f268d4c5a7eb163a9fb27bdab4a.jpg,隐藏外挂，这都不学？？,1754282321,147,1256512020,制裁哥丶,https://i0.hdslb.com/bfs/face/5d5edcef1e4609f2b5ac27791c15eea79d12f6b6.jpg,245278,"外挂,游戏整活日常,逃离伪人,地铁逃生周年版本,吃鸡,游戏技巧,游戏彩蛋,搞笑娱乐,巡查员,和平精英",1183715,48,29,35878,1306,123,0,0,25335
BV1inhuzUE8R,114963356125360,1,138,2154,搞笑,剧情演绎,http://i2.hdslb.com/bfs/archive/4272fac5e3563c348150df530c50d559f19b5155.jpg,我终究变成了一个无趣的人,1754211600,199,31012715,是老胡没错,https://i2.hdslb.com/bfs/face/c9693c98b3d0db331ead3d938f1ce0c6f1215535.jpg,2022393,"人生,搞笑,生活,短片,情感,幽默,搞笑小剧场,惊时去屑洗发水",597509,825,1281,9409,13073,3328,0,0,47799
BV1GbhuzVEYX,114962936629968,1,30,2022,VOCALOID·UTAU,VOCALOID,http://i1.hdslb.com/bfs/archive/db959b290208fd7cf0d050919be233015c084983.jpg,即刻轮回 中文填词【重音テトSV】【なきそ】,1754195489,123,73783743,没有花香的HANA,https://i0.hdslb.com/bfs/face/d57e2b71a8aa3ddac263e2eb50ca03018762010b.jpg,160987,"重音テト,填词,中文,なきそ,いますぐ輪廻,即刻轮回,翻调,HANA,synthesizer v,虚拟之声创作计划",536197,9716,885,44275,7333,1524,0,0,59762
BV1pTtnzjE5j,114975938973791,1,228,2191,人文历史,传统玄学,http://i2.hdslb.com/bfs/archive/7801b03f011bcf999df934bcf52e02a19a3c94b3.jpg,改命奇书！如果命运是注定的，能改吗？,1754394100,1429,8096990,啊粥粥啊粥,https://i2.hdslb.com/bfs/face/79c1cf49166f6354d8814e93a4c8e1b55cfc03f2.jpg,3392758,"文化,传统文化,认知,深度,影视,国学,了凡四训,名著,阴阳五行,万物研究所",112525,634,519,2795,1412,608,0,0,5565
BV1ek8CzBEBa,114947048675110,1,162,2037,绘画,同人动画,http://i0.hdslb.com/bfs/archive/7215af052778b6a0084da79211f368989d6ba6e4.jpg,开 门 接 受 检 查,1753952838,32,39603093,一只毒蛇,https://i0.hdslb.com/bfs/face/a5971c8f014b400f2359e213127aadac19b6d010.jpg,82623,"火柴人,食品安全等级,画师激励计划,FSQG,柴设",1228616,521,732,53913,4942,2622,0,0,171347
BV125h7zREfY,114951393969533,1,215,2149,美食记录,美食制作,http://i2.hdslb.com/bfs/archive/af24e342fff59cd6e678f0296fc10607f6b8dc21.jpg,粗粮的正确打开方式！,1754019348,180,1983705001,明天谁做东,https://i1.hdslb.com/bfs/face/5b2465cc10918e1b6c0683a192d53716294a31d8.jpg,604382,"美食制作,奇葩,粗粮",480390,236,221,1664,832,219,0,0,42128
BV1m38CzfEKb,114945236733907,1,65,2064,网络游戏,单人RPG游戏,http://i0.hdslb.com/bfs/archive/4fb4600219411943d33883639857b69af06f5670.jpg,当你不审题就开始做卷子,1753925526,658,288333929,腮梨国王,https://i2.hdslb.com/bfs/face/d0f768f1631625c04021b577cc1cbe6c104a7251.jpg,1478,"娱乐,生活记录,冒险游戏,二次元,学习,RPG,阴间宝箱,记录,沙雕,原神",650190,4338,6034,7885,12905,8137,0,0,64510
BV1UMtJzdEXQ,114974227696183,1,47,2037,同人·手书,同人动画,http://i2.hdslb.com/bfs/archive/024d6614e8ec898d3cae43bd9fb134ff43e088f3.jpg,全宗降智我不做人一口气看完大结局,1754369327,10433,3546639987903102,蝎紫蝎,https://i0.hdslb.com/bfs/face/fd36b6a0c34f82acbd8321d2d52bcc7e377fe2a3.jpg,124588,"原创动画,二次元,一口气看完,修仙动画",68539,1213,207,3798,1371,108,0,0,3831
BV1uchszmEUA,114955806312566,1,171,2071,电子竞技,射击游戏,http://i2.hdslb.com/bfs/archive/162ebd4580af2b9789f4074832e86d4f7856db8d.jpg,三个被缴了枪的鼠鼠，做梦也没想到，这局居然如此美妙,1754086825,228,696950948,冰茶电竞,https://i2.hdslb.com/bfs/face/67571b1cbd53f79a258b36eefbf0cf0e3febcbd7.jpg,52766,"电子竞技,射击游戏,三角洲破壁新赛季上线",1463592,419,2647,9890,762,3269,0,0,75503
BV1mAhpzBExM,114952803321273,1,161,2145,手工,传统手工艺,http://i1.hdslb.com/bfs/archive/aba4d40e11a289a1ff2ea560739e296aeffb95ad.jpg,一把鲁班凳传承中华木工技艺，阿成手作匠心初显,1754040829,114,29373131,阿木爷爷,https://i2.hdslb.com/bfs/face/89fc28eef56ece28d706c18435d78fbbe2eaf148.jpg,525387,"传承,技艺,传统手艺,木艺,鲁班凳,我的手工真的很解压",3604194,704,1684,5890,2739,466,0,0,84770
BV1K2h3zzESU,114963909713628,1,21,2155,日常,语言类小剧场,http://i1.hdslb.com/bfs/archive/de42b2d1e682d4195035f6bc52c199e1573f2e76.jpg,【海派小嗲话儿】乘客要去迪斯尼寸步难行？蹦迪宁狡辩句句在理？,1754210448,88,38157763,艺能人金广发,https://i1.hdslb.com/bfs/face/c774be5fcdb4ff21d3c1d715926a34f5914bca0d.jpg,1862155,"猎奇,北京,上海话,上海,乘客,迪斯尼,海派,离谱,网约车,搞笑研究所",380859,253,739,1726,1572,4770,0,0,17387
BV1jGhNzBEHZ,114959564409017,1,65,2070,网络游戏,MOBA游戏,http://i0.hdslb.com/bfs/archive/fc49b42a4fb9a87b3e3b856edec1da8483f02671.jpg,完成不可能的反杀！《柔风亚索集锦》,1754193600,174,282558920,柔风亚索,https://i2.hdslb.com/bfs/face/b3ced8df924833fcb562e6b05d3a6cc3705effd0.jpg,135329,"英雄联盟,疾风剑豪,亚索,精彩集锦,电子竞技,韩服王者",2018993,1092,1580,4138,6669,3324,0,0,70865
BV126tFzAEzX,114979848061200,1,30,2016,VOCALOID·UTAU,原创音乐,http://i0.hdslb.com/bfs/archive/5d419a657b105c4bc057120aed9234f5903f4174.jpg,第二周作品闪耀对决！天依不许你没有听过这些歌~,1754453378,457,36081646,洛天依,https://i1.hdslb.com/bfs/baselabs/58c04afa9a907af218bde2e32505a66df6a6eb75.png,4629941,"原创音乐,原创歌曲,洛天依,虚拟歌手,创作征集活动,Vsinger,闪耀的Producer",128219,247,548,2261,1799,154,0,0,11090
BV1eo86zhEdD,114944834015754,1,173,2207,桌游棋牌,随拍·综合,http://i1.hdslb.com/bfs/archive/49af627f24836a4599ec7e8898198c588318e71c.jpg,当你迷茫时，不妨听听曹操最喜欢的谋士郭嘉临终前说的话吧,1753919020,21,564751055,大魏忠臣袁本初,https://i2.hdslb.com/bfs/face/21a2a1599b0e0e1b14e5e30206e09ae12c5cfa8d.jpg,509,"郭嘉,曹操,三国杀,吟诗,抽象,古人",575247,2092,1978,9743,1175,32926,0,0,66628
BV1oyhHzDE2n,114952736218657,1,138,2154,搞笑,剧情演绎,http://i0.hdslb.com/bfs/archive/7158d9d5415d791132d95ab389d0c053e3124d9c.jpg,等你半天了,1754039736,155,592107356,房东的肥四四,https://i2.hdslb.com/bfs/face/43b096e1f65f27470b0992d8986e24def9bdd6e6.jpg,775767,"短片,原创,学生作品",706085,476,423,6417,1318,399,0,0,59476
BV1euhHzyEsR,114953390397674,1,65,2077,网络游戏,休闲/小游戏,http://i1.hdslb.com/bfs/archive/e2dadc66f78069171b7b094e04e3f87a1a1455ff.jpg,谁爱划谁划吧,1754049874,145,1410229894,W47-可爱者甚凡,https://i1.hdslb.com/bfs/face/b7854849ca09316f18adf1fb4e00c1248d22cb97.jpg,110378,"娱乐,搞笑,游戏,游戏搭子,游戏日常,沙雕,划划划,steam游戏",1919586,586,1540,27111,5296,26389,0,0,160302
BV1nDtFzsEG5,114979797994493,1,137,2014,明星综合,娱乐综艺正片,http://i2.hdslb.com/bfs/archive/7b0c114d92e00af68b51e3b286769b2f5dbab822.jpg,[GOING SEVENTEEN] EP.130 水中求生 #1,1754481600,1572,692206640,SEVENTEEN,https://i2.hdslb.com/bfs/face/6e38f8bbbc91684eea8cac8b4b49f2a5da7623e2.jpg,2026169,"SEVENTEEN,GOING SEVENTEEN",157871,28268,1141,2434,4017,1090,0,0,12380
BV1PitEzUEhc,114974848453694,1,17,2078,单机游戏,沙盒类,http://i2.hdslb.com/bfs/archive/870a30a5533596ab8d3b8d95e795b3cf8db7d015.jpg,谁是MVP？,1754384400,621,29426521,流赫大魔王,https://i1.hdslb.com/bfs/face/b39ad4ceb7743390703fe267ed8ab2029f71263e.png,232522,"小游戏,沙盒游戏,我的世界,MC,游戏实况,单机游戏,推荐宝藏游戏",103911,118,79,595,633,36,0,0,5171
BV1oMh5zwEZS,114966392736631,1,17,2078,单机游戏,沙盒类,http://i1.hdslb.com/bfs/archive/80111136a17bf472139cfbbff90f3ff75c509342.jpg,这是“漏洞”陷阱！,1754272800,415,29252533,幕川北,https://i1.hdslb.com/bfs/face/e04019772132a134aadbada24aaccbb1bb0dea60.jpg,2588745,"万物皆可游戏,实况解说,我的世界,搞笑,游戏,游戏集锦,单机游戏,游戏实况,游戏解说,单机联机",770236,1182,686,12315,8595,271,0,0,54111
BV1WotLzqEe5,114972029883183,1,162,2055,绘画,二次元绘画,http://i2.hdslb.com/bfs/archive/dcbf717c985d4abae16666a832fd24a6ea060e41.jpg,手绘JOJO痛本合集  一次性看个爽,1754334031,30,3546640579300260,常小小歪,https://i0.hdslb.com/bfs/face/ad6c1511032b1c2cb0a3e66ec7b32c79308fd2f4.jpg,1479,"JOJO的奇妙冒险,绘画,手绘,DIO,空条承太郎,痛本,临摹",342078,197,641,10644,1653,1069,0,0,58322
BV14FtFzhE2X,114980351448742,1,17,2078,单机游戏,沙盒类,http://i1.hdslb.com/bfs/archive/92a33af7fd1de42a96697fab1b1b07fdebfb9407.jpg,空天战舰升空，僵尸又该如何绝处逢生？,1754474021,626,392384666,迷人Rui_,https://i2.hdslb.com/bfs/face/7b2e06fc18d5a64d93893939ee2bc2d54f35cd54.jpg,400770,"建筑,生存游戏,战舰,沙盒游戏,科技,僵尸,我的世界,#蒸汽朋克,惊变100天,像素风",104169,1404,570,6389,30652,326,0,0,24285
BV1f1hAzTENh,114940924923303,1,201,2094,科学科普,科学科普,http://i2.hdslb.com/bfs/archive/2dd6d6a6835d38fadcaa42305fd4e71404ee0558.jpg,人类为什么是自然界中的传奇耐毒王？,1753959600,195,1271916102,上将王司徒,https://i0.hdslb.com/bfs/face/1382786fbc113f7037b3bd4305166085611f737e.jpg,2278370,"科普,生命,科学,生物,自然,人类",2868950,6124,1918,15241,2752,899,0,51,152172
BV1AGtwzcErg,114981257351349,1,17,2079,单机游戏,其他游戏,http://i0.hdslb.com/bfs/archive/85ed172680f0fcc3572c704bf6d7ca01133bd26c.jpg,【舍长】只有一个人，电梯却显示满员了？—闹诡电梯（The elevator）全流程,1754475137,1250,70666,舍长驾到,https://i1.hdslb.com/bfs/face/a6475a08cafd6983663cc25c566ca882eaf2f416.jpg,1032475,"惊悚,搞笑,恐怖游戏,舍长,恐怖,单机游戏,舍长驾到,The elevator,电梯,推荐宝藏游戏",24328,484,191,791,1486,35,0,0,3019
BV13uhhziEYp,114958222232305,1,17,2071,单机游戏,射击游戏,http://i1.hdslb.com/bfs/archive/bbdfe3665f16cda341ab6be1c7bb36f16552e438.jpg,变电站点位分享！,1754124438,125,388148204,手残の馒头,https://i2.hdslb.com/bfs/face/416a2f52b7488f59fba9d88de743fa24e0eb9434.jpg,9214,"三角洲行动,零号大坝地图理解,教程攻略",843170,266,654,20182,838,9236,0,0,37668
BV1hD8CzAEL7,114947166114412,1,95,2102,数码,摄影摄像,http://i1.hdslb.com/bfs/archive/d7705fa9745d00e89978a4098be2b2cccc108d96.jpg,硬刚影石？大疆OSMO 360好用吗,1753963200,798,946974,影视飓风,https://i0.hdslb.com/bfs/face/c1733474892caa45952b2c09a89323157df7129a.jpg,11780352,"科技猎手,科技,数码,摄影,4K,相机,DJI OSMO 360,大疆,全景相机,DJI",1408125,5137,3216,11995,19292,10311,0,0,74812
BV18btnzwEh7,114975502830746,1,21,2154,日常,剧情演绎,http://i0.hdslb.com/bfs/archive/6e17317ec4199cbc69200d7e636397a6926b2884.jpg,爱 = 花 钱 ？,1754387174,60,9130832,张八筒筒,https://i2.hdslb.com/bfs/face/683b3b97648bf13641c508b9b50a2d25b87bec69.jpg,722241,"原创,生活记录,搞笑小剧场,张八筒,best人生,猩猩队长,抽象,情侣日常",556177,170,417,1067,1257,549,0,0,52772
BV14WtGzYEXn,114970335449889,1,171,2070,电子竞技,MOBA游戏,http://i2.hdslb.com/bfs/archive/b4e7274594bdc240964bce38eca3312be3c0d69a.jpg,“新赛季弈星精讲教学！5分钟锻炼你的内心！！”,1754308398,628,3461563532970274,余77ovo,https://i1.hdslb.com/bfs/face/cc57de5a8ee66eab2f970cc09fc799e35f56149b.jpg,109055,"王者荣耀,王者荣耀夏日盛典,101俱乐部,教程攻略,MOBA,内心,干货教学,弈星,弈星教学,王者荣耀山海皮肤",89991,395,322,3020,740,151,0,0,4600
BV1n2tjzPEFR,114973640561646,1,219,2168,汪星人,狗,http://i2.hdslb.com/bfs/archive/786b35b08155f60f8b082b5dbbeec20577c82697.jpg,小狗：说出来你可能不信，我进入二维空间了,1754359111,92,652551563,西卡观察员,https://i2.hdslb.com/bfs/face/a451caaf7e24e7612e23737c16ec62cea732ce8f.jpg,747079,"狗狗,汪星人,可爱,边牧西卡,猛男必看,毛茸茸训练营",2442487,6346,1712,10272,9922,5038,0,0,112182
BV1g14ozAEyh,114977801244551,1,172,2064,手机游戏,单人RPG游戏,http://i1.hdslb.com/bfs/archive/51134a4cb0286a76b73476db8c18dee83f7f105d.jpg,当我尝试拍出爱丽丝的美……,1754452800,136,384667818,小星想叭叭,https://i0.hdslb.com/bfs/face/84437d711796c8900078c6ab86600989ebf21ed6.jpg,566955,"摄影,绝区零爱丽丝二创,爱丽丝,绝区零",202012,144,399,6129,1768,974,0,0,32518
BV1P6hNzJEn4,114959329533153,1,65,2071,网络游戏,射击游戏,http://i0.hdslb.com/bfs/archive/d54469d702aa75fd91617ad29d7ec936464f1008.jpg,深蓝讲堂第四弹【飞盾与兔子跳】,1754140656,216,391779795,可乐急需曼妥思,https://i0.hdslb.com/bfs/face/b82b66dab160e8c845234e55aa60338952d056d8.jpg,27939,"游戏杂谈,游戏解说,FPS,三角洲,教程攻略,盾构",713603,288,780,29508,3602,3802,0,0,59684
BV1gdhHzVEqP,114952685752135,1,76,2149,美食制作,美食制作,http://i1.hdslb.com/bfs/archive/cc9af53bb601a4223df0cfc0dfe0263224de949d.jpg,挑战给动物做“人类同款”午餐，看它们干饭的样子也太治愈了吧！【Nick DiGiovanni】,1754128800,1429,3546752877594842,Nick_DiGiovanni,https://i2.hdslb.com/bfs/face/86dc101912bf3c032259022fcc6d89a549148a35.jpg,256636,"美食制作,厨艺,动物,Nick DiGiovanni,记录我的美食日常,美食挑战,动物保护",1040824,830,143,29005,2471,186,0,0,29365
BV1qthVz8Em9,114964882857043,1,47,2037,同人·手书,同人动画,http://i2.hdslb.com/bfs/archive/eb103100da7e1858eb0d62c02d33cec33b76e4fb.jpg,你成为了雷杰多的人间体 来到原生之初去教育土著P37,1754299800,672,1415483599,磷火动漫,https://i1.hdslb.com/bfs/face/661e0d82e5a2bb135ab6db4e0a28fc12aa272888.jpg,946711,"小说,奥特曼,磷火宇宙,原创漫画,雷杰多奥特曼,爽文推荐",847474,2575,751,26861,4207,155,0,0,31477
BV1nRt3zpEzS,114970587043367,1,251,2171,三农,动物综合·二创,http://i0.hdslb.com/bfs/archive/20dfd47739f3770f764cb01c6175039280fad5ab.jpg,上哪说理去！,1754312462,66,3493082429393058,老刘baby鹿乡一哥,https://i0.hdslb.com/bfs/face/6df686fe3fe1fec617868cd28900d8027615e3ac.jpg,22292,"生活记录,鹿产品,滋补",254429,270,360,699,1214,40,0,0,44189
BV1vztJzvEAN,114976039633168,1,253,2043,动漫杂谈,动漫速读,http://i2.hdslb.com/bfs/archive/d3556370af3435a602fbf76c97f9dd470c1b84a0.jpg,火麟飞暴怒揍天羽，苗条俊菜刀砍冥王,1754395217,327,1249738739,刘成lcc,https://i2.hdslb.com/bfs/face/a01f302dc0742f3602724c32d64f6f54fa0d9b78.jpg,227476,"童年回忆,超兽武装,童年,国产动画,冥王,国漫,天羽,火麟飞",535947,525,264,5274,937,118,0,0,16505
BV1mrtwzgEGP,114981005691039,1,172,2064,手机游戏,单人RPG游戏,http://i0.hdslb.com/bfs/archive/4ebcfa3b4b82b5f090f4970b7cfa5504d1e5e5da.jpg,【真实测评69】重装救星！斩业星熊专九实战测评,1754471830,1123,432131619,绝命笋干,https://i0.hdslb.com/bfs/face/dd225519e6fc79c251d3fc442ab161ca72ced644.jpg,516875,"搞笑,明日方舟,无始无明,斩业星熊,恶业苦果,实战测评,星熊,地狱变相,泰拉探索协会,明日方舟创作者应援计划",228375,1312,2146,2603,5742,1697,0,0,18480
BV1MVtgzaEym,114969345525103,1,193,2031,MV,明星舞蹈,http://i1.hdslb.com/bfs/archive/d8cae4207dcef765e47451f3c9d008d3ad90b9ab.jpg,【沈佳润NINA】'FREEZE!'Dance Practice,1754293614,182,3546924468668626,真的沈佳润Nina,https://i1.hdslb.com/bfs/face/8c5d0611477cf29ec7516640cbead8b019954aef.jpg,221743,"音乐,4K,MV,NINA,Freeze,沈佳润,KPOP回归前线",269179,362,498,1488,2386,141,0,0,24161
BV1Nc8yzxEJK,114946847282683,1,182,2001,影视杂谈,影视解读,http://i1.hdslb.com/bfs/archive/1a48514b112672d74b2825817f5e514e686f0358.jpg,可惜，国产剧容不下她的欲望,1753956026,959,2371377,斑鸠鸭,https://i0.hdslb.com/bfs/face/2b925e0f6e814dbca67298e83b1733dbcc4f8828.jpg,343557,"古装剧,经典,宁静,大秦帝国之纵横,大秦帝国,uwant,友望云霄太空臂,0水渍洗地机,折腰,影视IP观察室",654902,1663,765,8494,4202,665,0,0,26876
BV15hh3zSEFi,114963741940992,1,21,2196,日常,职业vlog,http://i0.hdslb.com/bfs/archive/0fe87e4e7af43564cc330b0b9dcba9c75b9edbe2.jpg,坚强社恐外卖员,1754214900,235,3546595893184682,基iz崽,https://i2.hdslb.com/bfs/face/79c7f3e0e7af14ff9a16d04f716a034171916f56.jpg,588656,"生活记录,外卖小哥,vlog日常,社恐,万种生活碰头相见",1188082,669,1105,7392,8667,866,0,0,80419
BV1E9tuzLEMR,114969764955742,1,201,2094,科学科普,科学科普,http://i2.hdslb.com/bfs/archive/c6040487d535f0baeff31595980dfa439e84bd53.jpg,动物的繁殖系统和排泄系统，为什么靠得这么近？,1754391600,160,1271916102,上将王司徒,https://i0.hdslb.com/bfs/face/1382786fbc113f7037b3bd4305166085611f737e.jpg,2278371,"科普,生物,科学,系统,人类,动物,自然,生命",621986,527,1213,5403,992,721,0,0,34467
BV1W1t3zbEA2,114970486377740,1,257,2044,配音,动画配音,http://i2.hdslb.com/bfs/archive/8079510f6de497fa9ba5323a366567810bd64244.jpg,用了很神金的声音配了祥子成神,1754310500,94,296839300,姫宮チアキ,https://i1.hdslb.com/bfs/face/bf4856829fdf8731435c88cf191f03ebf99af2fa.jpg,5164,"配音,Ave Mujica,丰川祥子,颂乐人偶,颂乐人偶#",171314,242,744,4310,802,2962,0,0,18696
BV1St4ZzYEaX,114979478966002,1,176,2158,汽车生活,旅游记录,http://i2.hdslb.com/bfs/archive/4fa0d1c4622d36a7393295edfe5fb5830e9452c6.jpg,大韦袋西游之日行三千里 第一难高反第二难感冒第三难解谜第四难露营,1754448584,735,15810,Mr.Quin,https://i0.hdslb.com/bfs/face/058b3c28c188f7a919d3a6abf233838252592406.webp,579643,"旅游,摸鱼奎恩,大韦袋,自驾游,quin,韦天,mrquin",52286,976,389,536,1642,775,0,0,4435
BV18889z4EKf,114936327966866,1,22,2063,鬼畜调教,鬼畜综合,http://i0.hdslb.com/bfs/archive/cf823f851d6cf6b72b9140b41024fa8f645463fd.jpg,上一个这么剪的已经过亿了,1754020200,152,16054375,自动鬼畜中的WZ,https://i1.hdslb.com/bfs/face/e83f7de7928cdab9c628aa7b4da1045f2803574f.jpg,1684091,"小沈阳,搞笑,赵本山,美美桑内,ONE SPOT,蜜汁好听,小品,NINA,沈佳润",970078,451,686,10272,21184,4563,0,0,104275
BV1MFtwzuELm,114981123129799,1,173,2067,桌游棋牌,SLG游戏,http://i1.hdslb.com/bfs/archive/3d928e9dd518d01c36bbf48fdfce08245e784170.jpg,😋我根本想不到怎么输！【洺阳】,1754477168,656,23175142,是洺阳不是洛阳,https://i1.hdslb.com/bfs/face/c50209e7f0de1196558f17a6078663a130b49b6a.jpg,374667,"游戏解说,搞笑,游戏王,娱乐,桌游棋牌,游戏王大师决斗,游戏王 Master Duel,凯尔菌,卡牌游戏,游戏王决斗链接",103784,659,482,1520,2272,508,0,0,9829
BV1zMtnz1E9B,114975989369918,1,21,2071,日常,射击游戏,http://i0.hdslb.com/bfs/archive/04d1648218b1fb50f4dd41e192945581c92024ce.jpg,暗区突围又将迎来超大更新！队友可增援！热成像免费！暗区突围超牛逼！,1754394673,323,498987983,纯真的向死酱,https://i2.hdslb.com/bfs/face/b4fdd30e92973d85ff67a783d336f12097f00c60.jpg,1065916,"搞笑,暗区高能团第一期,教程攻略,爆料,整活,必剪创作,暗区突围",236271,1277,1335,1888,793,1597,0,0,13993
BV19n4ZzMEnv,114979227306017,1,21,2165,日常,农业技术,http://i0.hdslb.com/bfs/archive/18c73647e3e3ca828086930d5cdf91248332cc2a.jpg,【央视网超级工厂走进蜜雪冰城】一杯产品的背后是农业的深耕 |🕑8月10日14:00准时播出！雪王邀央视主持人朱广权、央视网主持人常婷一同走进蜜雪冰城工厂。,1754443906,72,48084221,蜜雪冰城官方站,https://i2.hdslb.com/bfs/face/435af63c14c8b7fbd5a7b941454f708cd0b96885.jpg,1689581,"央视,正能量,搞笑,央视网,主持人,农业,朱广权,雪王,蜜雪冰城,三农繁星计划",230864,195,993,1526,605,1092,0,0,13000
BV1Pf8CzoEz7,114946864056894,1,130,2024,音乐综合,电台·歌单,http://i2.hdslb.com/bfs/archive/be6f815924a8a51308790ea62956fd3c7180e448.jpg,“盘点去年夏天那些爆火の音乐”,1753950524,2152,434404417,是青橘啦,https://i1.hdslb.com/bfs/face/89434e41de69f9fbafff943417d791ff57bed8bb.jpg,143361,"循环,夏天,歌曲,音乐推荐,BGM,九宫格歌单,节奏感,旋律,精选歌单,电台新星征集令",4603001,2062,717,286692,16440,894,0,5,227954
BV1d9tjztEck,114973825048552,1,65,2064,网络游戏,单人RPG游戏,http://i0.hdslb.com/bfs/archive/f72e7aa98e4ed7b69f69c1b0208fe08de49c8e8e.jpg,“来个遥，我带飞”,1754361608,160,2026700452,电阻Rr,https://i1.hdslb.com/bfs/face/eed7c6690a05f01c29fef23b388ca3fd2dd1bb7f.jpg,20044,"微电影,王者荣耀,明日方舟,斩业星熊,不归花火,遥,夏活,赶人,玛恩纳,明日方舟夏活【墟】",1064599,1237,5443,11097,7502,31914,0,0,60453
BV1ZatMz6Esy,114968238227864,1,216,2063,鬼畜剧场,鬼畜综合,http://i1.hdslb.com/bfs/archive/a56c82390c6b88021436d5d171cd6aa8d6b2e8fc.jpg,旺仔小乔唱哭大佐《樱花树下的约定》,1754276280,199,7098437,天天吃八碗,https://i2.hdslb.com/bfs/face/43ea324534e97601266bcd56d0fc9b833f03d413.jpg,184346,"旺仔小乔,硬核劝降,你给我刷过几个子,沙雕,黄绿合战10th-黄队应援",841671,1885,1642,8106,2504,3446,0,0,49140
BV1wGhnz9EYD,114951595235138,1,138,2156,搞笑,UP主小综艺,http://i0.hdslb.com/bfs/archive/080ff646c5a8f451c44a9a5c78bf5b7f9fd0fc93.jpg,性情级【不要笑挑战】只有0.82%的人能忍得住不笑看到最后！！,1754128800,744,43611197,比比老师,https://i2.hdslb.com/bfs/face/376af120f5bc3d3c31840db0ff3030bc8a3725f5.jpg,1595765,"搞笑,高能,吐槽,搞笑小剧场,段子,山葵,沙雕,惩罚,不要笑,整活",821808,2875,564,11296,5257,920,0,0,37905
BV1B6hgz9Erb,114962483649899,1,219,2168,汪星人,狗,http://i0.hdslb.com/bfs/archive/a24a24c0d5ca6fa514be807298ae1a03acf6166f.jpg,我才是原创汪仔小乔舞,1754188427,18,1356083753,养狗的本质c,https://i2.hdslb.com/bfs/face/5238ec8241e6e59bc45b944b293740fa38ce55c9.jpg,6635,"旺仔小乔,比熊,萌宠过暑假",1072077,883,1623,42061,10774,11857,0,89,144125
BV16Mh8z7EZ4,114958624886485,1,172,2071,手机游戏,射击游戏,http://i2.hdslb.com/bfs/archive/bf22b298c705932fd985190a51cd8420e49e24e0.jpg,攒了7个赛季的大金卖了，反正没人看，卖掉组出去换住院废,1754129653,63,510242004,泡咖啡追你妹,https://i0.hdslb.com/bfs/face/479c65f7c4678eb7f214041f9c138a839a9ad364.jpg,1995,"FPS,明日之后,赛季,账号,竞技游戏,大金,暗区突围游戏日常！",346213,208,635,2495,13904,60,0,0,37224
BV1gvhuzuEZ5,114962869525013,1,184,2054,预告·资讯,二次元其他,http://i2.hdslb.com/bfs/archive/2add592834cccd22b20df60bdab91bf7be2969f4.jpg,经典科幻小说《群星，我的归宿》中国动画改编版预告片官宣！,1754276400,222,3546934774074072,莱博塔,https://i0.hdslb.com/bfs/face/5fe0ac0f22223ce4b29d59d47853feafc34ce3c3.jpg,6055,"预告片,科幻,中国动画,原创,群星我的归宿,动画种草激励计划,国漫,番剧,官宣,番剧预告",2474669,951,2371,22100,4782,6406,0,36,98564
BV1q78yzyEhF,114946931299871,1,215,2150,美食记录,美食探店,http://i1.hdslb.com/bfs/archive/23bf7b0d3c823b325a02ac20a2cc1207c569e714.jpg,芬兰一家飞5000公里探秘非洲《中餐厅》！第一视角暗访揽客到用餐全过程！揭秘综艺拍摄真相！,1753952446,1349,323024456,雨琪在芬兰,https://i2.hdslb.com/bfs/face/59f832f5fdb0a01391339ce842e4dae00c2f504a.jpg,2094766,"黄晓明,尹浩宇,舌尖真探事务所,沈月,探店,中餐厅,老外吃中餐,丁禹兮,翟潇闻,外国人吃中国美食",3878077,11228,8349,27762,46259,3783,0,19,130936
BV1MatnzFECS,114975670537951,1,17,2066,单机游戏,单机主机类游戏,http://i2.hdslb.com/bfs/archive/96a216d9fa5462c263b8c411449280bf327bd14c.jpg,这游戏虫子有多离谱？,1754445600,554,29252533,幕川北,https://i1.hdslb.com/bfs/face/e04019772132a134aadbada24aaccbb1bb0dea60.jpg,2588746,"单机游戏,游戏实况,游戏,游戏集锦,实况解说,游戏解说,搞笑,禁闭求生,禁闭求生2,沙雕",161717,435,282,2674,819,50,0,0,10303
BV1JEh3zZE16,114964144594640,1,17,2066,单机游戏,单机主机类游戏,http://i2.hdslb.com/bfs/archive/81bc6fabe7008d90dfd6faee22cb7965e1686baa.jpg,罪恶都市难度提高1000倍，最难的小飞机炸大楼任务,1754215200,2328,415550560,绿帽乌龟屑,https://i1.hdslb.com/bfs/face/e3845b3ad118b24b061e4ab6c118eba0210c43db.jpg,39542,"GTA,搞笑,游戏实况,罪恶都市,难度",203559,4340,799,4262,21188,298,0,0,19058
BV1WNhuzfENN,114963188289120,1,171,2070,电子竞技,MOBA游戏,http://i0.hdslb.com/bfs/archive/1f36b5c369794aea31e41aa01de0f3b1b9361ebe.jpg,梦泪十大名场面，不会还有你没见过的吧？,1754199226,208,1767112114,史上醉,https://i1.hdslb.com/bfs/face/b29093ec238027dbcfd7d9edbaa7c021b47fe4d7.jpg,946492,"游戏,王者,梦泪",978833,437,346,15193,913,395,0,0,47407
BV1bnhHzTEWr,114953004521629,1,138,2201,搞笑,潮玩玩具,http://i2.hdslb.com/bfs/archive/19bc98d855e75f9748e2de82e1e4edf987c3b145.jpg,开箱！不藏了，都是工作需要！,1754043982,164,2079933284,河马君,http://i2.hdslb.com/bfs/face/8f286dd065e0efef92b5c4602139bacfb47cd508.jpg,2507980,"开箱,玩具,可爱,搞笑小剧场,盲盒",2031071,713,438,14620,1671,896,0,0,111011
BV1CabXzVEQq,114914903594979,1,17,2079,单机游戏,其他游戏,http://i2.hdslb.com/bfs/archive/35238f00ff622d503a7fe0b07869593489c191ec.jpg,【散人】deltarune三角符文 第四章 豪宅诡事（P2）,1754193600,4631,168598,逍遥散人,https://i1.hdslb.com/bfs/face/8a5de2d7486251e80307d8600cbf8649eb4035fe.jpg,7303600,"娱乐,搞笑,散人,游戏实况,逍遥散人,undertale,deltarune,三角符文,推荐宝藏游戏",575927,2353,622,5910,6394,350,0,0,61112
BV1tshHzvEwL,114953021494372,1,239,2122,家居房产,家居展示,http://i2.hdslb.com/bfs/archive/09df386de8b04b73969ed8e754ed855c5ec4d25b.jpg,8月份的减肥，从刷到本视频开始,1754046574,1000,1590082082,马俐管家,https://i2.hdslb.com/bfs/face/362a2668db345d6c3986d043e1dbbab29c94d198.jpg,1772182,"高能,生活记录,uwant,友望吸尘器v400,友望自集尘吸尘器专家,解压,记录,深度清洁",8946641,29250,8977,166567,54951,26916,0,12,294036
BV1vpt3z5ELL,114970738035638,1,172,2064,手机游戏,单人RPG游戏,http://i1.hdslb.com/bfs/archive/da72c19ddbed19de9272bd476d5f73811bac3572.jpg,居合吗？是相同的招式呢.......,1754314493,88,91647207,w咸瑜,https://i0.hdslb.com/bfs/face/77f53e6552ae0d8b86d12d9dd1ead5bc0e43773b.jpg,485806,"太刀,剪辑,我们武者帅呆了喵,黑角,武者,整活,泰拉探索协会,明日方舟创作者应援计划",757580,375,1341,3649,1043,1568,0,0,55950
BV1nrhWzhEBM,114953876935825,1,228,2089,人文历史,时政解读,http://i2.hdslb.com/bfs/archive/e0893e23d1dc85fdff32b77a0e8dd9be29c320d5.jpg,顶级权谋还是菜鸡互啄？泰柬冲突竟是东南亚版的继承者们？,1754096400,1073,1140672573,小王Albert,https://i0.hdslb.com/bfs/face/f9bb5dc9b5dcb3c90f9662e44fca9a7506584151.jpg,4160947,"社会观察局,泰国,妙瓦底,佩通坦,泰柬冲突,东南亚,柬埔寨,洪森,电诈,洪玛奈",2147432,6530,1799,16285,21447,1851,0,80,92378
BV1Q5hHz3Emu,114953340131438,1,208,2069,校园学习,即时策略游戏,http://i0.hdslb.com/bfs/archive/9ae5da9a7b55e75984e6a7132c95c5cfe1f33d2d.jpg,游戏《红警2》中的语音都说了什么？,1754048911,75,495816697,苗儿老师Joyce,https://i1.hdslb.com/bfs/face/4010361561ef5002472e3a69157dcfc34374290d.jpg,168541,"英语配音,英语听力,红色警戒2,红色警戒,英语学习,英语发音,英语口语,英语老师,外语哔哔King大赏",180257,373,901,2259,1812,304,0,0,16974
BV1sZt7zyEp1,114974932342523,1,76,2149,美食制作,美食制作,http://i1.hdslb.com/bfs/archive/4c2ad5fb5454710319d42dde8ed9e4ea51ac74a0.jpg,蒸的是泥鸭 ｜ 不好吃的话顺网线来打我,1754378588,59,1097119075,小鸭子厨房,https://i1.hdslb.com/bfs/face/ee053d18d45c34d332d73c3aa996e2a3c927af37.jpg,682379,"美食教程,美食制作,厨艺,蔡徐坤,记录我的美食日常,鸭,你干嘛,芋泥,鸡你太美",179610,141,344,3386,725,520,0,0,31109
BV1ZLtFzJEUY,114980116497813,1,138,2154,搞笑,剧情演绎,http://i2.hdslb.com/bfs/archive/1e29d026c0807de169b111a21dea11366ff8ff7c.jpg,弗雷尔卓德 创意工坊之你der啊 麦克阿瑟 说的,1754458438,38,3546909580987309,弗雷尔卓德-杨辰,https://i1.hdslb.com/bfs/face/e59912641ba4cbaadb857e30085b15cf4dcc6819.jpg,254754,"原创,英雄联盟,创意工坊,弗雷尔卓德,麦克阿瑟",228005,418,996,3308,1659,7188,0,0,36937
BV1iShGzxEjy,114965100895300,1,21,2037,日常,同人动画,http://i2.hdslb.com/bfs/archive/971e858a84b25c2d6603cd22b148afd9eddac151.jpg,😱爱音捡了一沓钱😱,1754228423,101,3546651645970961,UV唐大头,https://i2.hdslb.com/bfs/face/f4a31b23d11128feb844907888636983794ada68.jpg,13097,"二次元,迷途之子,AVEMUJICA,MYGO",169166,172,658,7914,742,4081,0,0,20847
BV1XPtJzbEF2,114974210924354,1,216,2063,鬼畜剧场,鬼畜综合,http://i0.hdslb.com/bfs/archive/0b3b5b5e4167dd96df0f1bae6ada12ecccd4616e.jpg,真·出生之家（26）旺仔小乔夺舍记 下集,1754367438,388,8034163,浅澄月,https://i1.hdslb.com/bfs/face/28abe5c53184c2705c3c29784733847e930d4487.jpg,1326979,"鬼畜,搞笑,全明星,旺仔小乔,出生之家,真出生之家,恶搞之家,抽象,孙笑川,黄绿合战10th-黄队应援",333129,1523,930,4530,3715,2022,0,0,33592
BV134htztEfJ,114957920377626,1,17,2078,单机游戏,沙盒类,http://i2.hdslb.com/bfs/archive/dc80efa41f9c974d2560bffd8e861c3fdeddc07e.jpg,当MC服里加入东方明珠激光塔(玩家：我只是拿安卓机拍了张照，喝了口蜜雪而已😭😭,1754139600,141,189841470,Mr_牛奶,https://i0.hdslb.com/bfs/face/2354a3c3e0bcfbc0c565504060e1eca5efeaaf4d.jpg,806981,"沙盒游戏,服务器,我的世界,整蛊,服务器恶搞,东方明珠激光塔,安卓手机,东方明珠,蜜雪冰城",1009122,314,915,11319,1410,388,0,0,48209
BV15B8Cz3Ess,114947031830483,1,21,2144,日常,轻手作,http://i2.hdslb.com/bfs/archive/d25f2ab79b44536d29a0cc36c5cffce2873bf056.jpg,“主播 能做个流麻墓碑吗？”,1753952982,284,86205301,汤木檀泽,https://i1.hdslb.com/bfs/face/00fe4b50aba63c39e18fe6faa44941020398e2b7.jpg,2486936,"生活记录,流麻,流麻墓碑,殡葬行业,随手记录我的生活碎片",4234805,2737,4839,35242,16450,21959,0,17,223693
BV1Eft3zSEYs,114970603820875,1,21,2064,日常,单人RPG游戏,http://i0.hdslb.com/bfs/archive/65f4bc8cf81fe7a18c25f987e34d816cc4d6c692.jpg,【崩铁整活】来古士：设备中毒！毕设开始对我哈气了怎么办！！,1754312523,189,193601736,没吃药的烦烦,https://i0.hdslb.com/bfs/face/7dbd81e751295aeb7772d628381172098a10b0c1.jpg,487037,"搞笑,白厄,崩坏：星穹铁道创作者激励计划,因为太阳将要毁伤,那个女人,整活,必剪创作",522482,536,497,8944,1947,795,0,0,50535
BV19g8LzdESC,114928610514129,1,215,2152,美食记录,美食记录,http://i2.hdslb.com/bfs/archive/bf85feed64ef8a7bdb903905f5b218e42fba9ae2.jpg,夜宵时间到，开造,1754190000,207,26417558,铁蛋儿Tyler,https://i2.hdslb.com/bfs/face/12b8d664cb6c5fcad3ff97132b424e40a5f7f986.jpg,2913422,"美食,吃货,夜宵,炸鸡,火鸡面",293163,1782,438,6001,834,368,0,0,27503
BV1R2hgzSE6u,114964295648696,1,17,2078,单机游戏,沙盒类,http://i2.hdslb.com/bfs/archive/f4e4d7a263026b29b04ede986dca07d1003fd647.jpg,谁是卧底6 ？！！！,1754269200,1134,108078209,沝沝DjKO,https://i2.hdslb.com/bfs/face/22841a628aaa7f60f767ca66b5bc83b682bfc9d6.jpg,1142347,"我的世界,沙盒游戏,MC,游戏,单机游戏,搞笑,狼人杀,minecraft,谁是卧底,推荐宝藏游戏",752757,7510,1384,10006,8647,556,0,0,58924
BV1K9hLznEFH,114967651028726,1,164,2125,健身,徒步,http://i2.hdslb.com/bfs/archive/9b5259923cc98ba5b1a53e58a7e9fd05a7499497.jpg,他，徒步绕了地球一圈，花了27年,1754267435,101,390668605,刘圣雄,https://i1.hdslb.com/bfs/face/1e25c746acb1781f9d22f07ceac70184d51c148f.jpg,86314,"地球,徒步,户外",1675836,991,1835,13492,949,1682,0,0,127873
BV1MbtEzWE1C,114974865229121,1,212,2150,美食侦探,美食探店,http://i1.hdslb.com/bfs/archive/fa8679ab215911d47f436c0ade5dfb8411d0ef06.jpg,在贵阳来一顿夺夺粉，居然还遇到了投喂,1754384700,176,662658732,玲子reiko-,https://i0.hdslb.com/bfs/face/a8d629cf26aadac92df23448177860842cc8e133.jpg,1769547,"贵阳,记录我的美食日常",167193,125,414,930,695,832,0,0,18786
BV1gUhbzwErx,114958843055114,1,161,2148,手工,其他手工,http://i2.hdslb.com/bfs/archive/1b5838420828a2da9e51c417198cf702916630d9.jpg,白银真能把毒验出来吗,1754132797,38,443448523,解忧黄金回收,https://i1.hdslb.com/bfs/face/de2793beaa924e649bcb76181c8e8b8471d2009a.jpg,153882,黄金,3498946,223,546,1220,619,69,0,0,31077
BV1W5hVzuEen,114964832452969,2,20,2028,宅舞,宅舞,http://i0.hdslb.com/bfs/archive/859673b202b90cc2dbe9773b1bc361eb9d724b61.jpg,【舞台存档】活力值和内心戏百分百的mjm,1754225071,376,661440317,-藤子Fujiko-,https://i2.hdslb.com/bfs/face/59140698240f6bc6c3caf5ffb89b4c4278f8637f.jpg,5403,"偶像,cos,世界计划,pjsk,活力,舞台,mjm,mmj,桃井爱莉",1161976,3444,1490,12969,6699,1205,0,41,136895
BV1jShAzvEtB,114940941766376,1,250,2158,出行,旅游记录,http://i0.hdslb.com/bfs/archive/c4f5d1021347c795864ef9fac63007a3dc438e56.jpg,英国博主：亚洲最大的高铁站 这也太震撼了吧,1754284800,744,1249671114,Mr有意思,https://i0.hdslb.com/bfs/face/8e73e9397a6acfc8b6c29f0d93ca388a06951851.jpg,1048577,"生活记录,正能量,重庆东站,跟着UP主看世界,老外在中国,中国旅游,老外看中国,重庆旅游,中国基建,亚洲最大高铁站",1017314,4588,3251,11348,18014,1624,0,0,53210
BV196tMzNEAF,114968422780461,1,253,2042,动漫杂谈,动漫评论,http://i2.hdslb.com/bfs/archive/82fba583dadd19612f41d344be839850ec9936c7.jpg,【剑风传奇】全部20+使徒盘点！谁才是最强使徒？,1754301600,1253,613639701,DIO君的假电台,https://i0.hdslb.com/bfs/face/acaab3ecd5b3d390f167931c84265a5128c62d5c.jpg,315434,"动漫杂谈,二手推荐,二手手机,漫画推荐,烙印战士,烙印勇士,转转,漫画解说,berserk,bilibili次元论战",332902,1444,853,4583,1638,347,0,0,16938
BV13q8zzxEAX,114943290510670,1,65,2071,网络游戏,射击游戏,http://i1.hdslb.com/bfs/archive/e384b1e76ecf04014af285171994bc700ec80b31.jpg,监狱6套A大高压绞肉冲杀,1753896276,375,22045803,-YaLex-,https://i0.hdslb.com/bfs/face/963ee11f1bb81f8b44f080682205f6f7a21d267e.jpg,30770,"三角洲行动,三角洲破壁新赛季上线",380188,356,760,2059,677,2511,0,0,18162
BV1XMhJzqEBo,114952635488414,1,138,2006,搞笑,AI影视,http://i0.hdslb.com/bfs/archive/f4ab9c80b6a56cc4d73a04945f367f51a7ff2e2a.jpg,这家伙...真的是人类么？,1754040012,439,5294454,逗比的雀巢,https://i0.hdslb.com/bfs/face/e56d8c14d3b74b4e32fbaf2ac4af119328c56c93.jpg,9595480,"恶搞,魔兽世界,搞笑,搞笑视频,生活,高能,纪录片,搞笑小剧场,魔兽世界国服20周年庆典,ai",10566969,25149,13110,193816,285874,70968,0,1,1011840
BV1cDtuzEERL,114969597317294,1,65,2071,网络游戏,射击游戏,http://i1.hdslb.com/bfs/archive/0fbdb2e697bbd29ca111b3ec16c1db6032066788.jpg,最强“反外挂”游戏,1754297039,37,90119987,花圣不是花生,https://i2.hdslb.com/bfs/face/bab6001f89b0c5080955b6d7a188b255c04cd422.jpg,78104,"游戏,电子竞技,FPS,生死狙击",1337935,317,1573,6703,583,7989,0,0,85193
BV1L4hnz5Evj,114951712741227,1,216,2063,鬼畜剧场,鬼畜综合,http://i1.hdslb.com/bfs/archive/d90cb97a58d8ab5fba247932c43d4b6a886008ff.jpg,真·出生之家（25）旺仔小乔夺舍记 上集,1754024128,386,8034163,浅澄月,https://i1.hdslb.com/bfs/face/28abe5c53184c2705c3c29784733847e930d4487.jpg,1326979,"全明星,鬼畜,搞笑,旺仔小乔,出生之家,真出生之家,恶搞之家,抽象,孙笑川,黄绿合战10th-黄队应援",1646273,2408,2622,20943,8176,10759,0,0,95606
BV18PhLz9EY4,114966040413557,1,47,2037,同人·手书,同人动画,http://i2.hdslb.com/bfs/archive/17ce5943605d9e48eb51e85e340f3dd19c01ce42.jpg,[多多理财/手书/描改]いますぐ輪廻（即刻轮回）,1754242714,123,1759997607,在空白处的地方写,https://i0.hdslb.com/bfs/face/1b7db4d3f04622ea957f698ce3069380c49b42fb.jpg,1507,"同人,手书,いますぐ輪廻,莫妮卡,多多理财,描改",120352,131,458,7069,4208,1213,0,0,17153
BV16ptPzwEY9,114981710468923,1,253,2042,动漫杂谈,动漫评论,http://i1.hdslb.com/bfs/archive/1385531aa49a96627665870b8b74e6b85c372305.jpg,是哪个神秘组织锤死了樱花动漫？【新番日推42】,1754481806,313,1351379,赫萝老师,https://i2.hdslb.com/bfs/face/0728972dbf88e3e9965ac31aac569a418f40b495.jpg,949218,"搞笑,平野绫,谷口贤志,动漫杂谈,宝石之国,吐槽,新番日推,7月新番,赛马娘,樱花动漫",42980,135,311,912,750,130,0,0,4577
BV1FqtGz9EtH,114969848845576,1,21,2197,日常,其他vlog,http://i0.hdslb.com/bfs/archive/e49ddf1260517fd3b314456c442852fce69ba475.jpg,大家好久不见！给你们看看我的一天,1754300775,370,391329387,日本媳妇在山东农村,https://i0.hdslb.com/bfs/face/eb07d16f928ef2caf00dca0f825ac02f8df3360c.jpg,433472,"vlog,日本媳妇,萌娃,日本生活,亲子,育儿,宝妈,中日家庭,寻找100个宝藏vlogger",304103,1645,2489,1973,23297,552,0,0,25515
BV1Hp4RzgEn3,114976878499788,1,201,2094,科学科普,科学科普,http://i1.hdslb.com/bfs/archive/cdba777de76076bd9ef4bf24a893a3a88495bde7.jpg,这次广东特大暴雨，到底有多厉害，为什么会这么厉害？,1754408745,241,547072854,中气爱,https://i0.hdslb.com/bfs/face/e5f6be30a18988ed92f677e6a47a346270172081.jpg,2625406,"台风,广东,竹节草,季风槽,梅雨,极端天气,40度,特大暴雨,龙舟水,万物研究所",713841,1972,5939,2606,1662,7368,0,0,32519
BV1qwtAzdEw2,114980703702586,1,247,2106,新能源车,汽车测评,http://i1.hdslb.com/bfs/archive/88274062271e966e116267b4c9390cfc12bab322.jpg,抢先内测！沃尔沃全新XC70智能车机,1754469688,890,497525820,所长Wy,https://i0.hdslb.com/bfs/face/5137009463f59bf5ed46af3a8779d63ed6ca3304.jpg,1402777,"汽车,奔驰 GLC,理想L7,沃尔沃全新XC70,沃尔沃全新XC70车机发布,车机界的苹果,特斯拉Model Y 焕新版,新能源车,车机,阿B车友俱乐部",465603,493,350,4958,3228,107,0,0,32717
BV1Zp8UzdEbr,114948541781003,1,236,4219,竞技体育,攀岩,http://i1.hdslb.com/bfs/archive/1e86369d1e770f864da11b787d14c90c7a497e1e.jpg,姐真的是一种感觉，与年龄无关,1754019000,426,1109849979,Kings今天上墙没,https://i0.hdslb.com/bfs/face/3518073f43bde166609cb444bad423e10afeb993.jpg,166404,"极限运动,抱石比赛,攀岩,比赛解说,抱石,攀岩比赛,B站攀岩解说团",667169,643,507,3986,1897,925,0,0,27391
BV1DjhgzgEhW,114962752084684,1,17,2078,单机游戏,沙盒类,http://i0.hdslb.com/bfs/archive/c463c2a69e486d383fe0d7d16709eed9ab61f8df.jpg,⚡平地隐藏房子之米奇妙妙屋⚡,1754192655,317,1358043560,橙子_WZ,https://i2.hdslb.com/bfs/face/bc528a23c5e74b541dea84f2b0d03b1d8648093d.jpg,3705,"沙盒游戏,我的世界,肝帝,红石科技,像素风,米奇妙妙屋",196612,529,508,3671,5567,1224,0,0,23731
BV1md81zqEqy,114948005039440,1,183,2063,影视剪辑,鬼畜综合,http://i2.hdslb.com/bfs/archive/2bfcf8daf21c29ce622537cdf494e6052babb2d5.jpg,17号选手 贪财和尚 由于他俩的《发财经》，被如来愤怒除名,1753967660,250,1766355135,阿蛋侃剧,https://i0.hdslb.com/bfs/face/ac52b81df172ffdc6354d7db6139f5f117440261.jpg,48115,"开口跪,鬼畜,综艺节目,ai歌曲,三界好声音,和尚,释永信,不一样的西游记,阿难陀,摩诃迦叶",4040926,13525,5471,48604,81482,25036,0,18,181220
BV1EztczXE1F,114981408346339,1,252,2039,仿妆cos,cosplay,http://i0.hdslb.com/bfs/archive/169b81c15eca04127b5365ef78b7ef4cf4be4a49.jpg,别笑！你试你也过不了第二关！！,1754480570,366,1477074,菌儿rikushi,https://i0.hdslb.com/bfs/face/2008020f0bda370a4da1ad2eb29e558cc38cb4a6.jpg,1252703,"漫展,ChinaJoy,崩坏：星穹铁道,cos,漫展整活,风堇,OPPO K13 Turbo 系列",142292,564,143,1370,854,1297,0,0,8468
BV1HRt3zpEcD,114970587042660,1,138,2152,搞笑,美食记录,http://i2.hdslb.com/bfs/archive/f03dbf72830e3c46247bd89cd0416b9aca7030f3.jpg,深度解析良子是否偷吃5,1754312604,289,32026774,侦探许烦烦,https://i1.hdslb.com/bfs/face/12cddd8ada95dfd639100cd9ec276ce7a57643fb.jpg,185956,"搞笑,吃喝玩乐先上闲鱼,美食测评,Vlog,良子",316239,811,685,1227,1068,836,0,0,17353
BV1WUt3z4EYi,114970385717220,1,17,2064,单机游戏,单人RPG游戏,http://i1.hdslb.com/bfs/archive/8e96d809cd5c59dae98f1ccd578f6188022f038b.jpg,这是一则银狼的推销视频,1754309728,85,511848876,我不是赤寒,https://i0.hdslb.com/bfs/face/0c89f8c6ac2bae09bf46fd77149a7a1c15bc8e16.jpg,752396,"娱乐,搞笑,崩坏：星穹铁道,崩坏：星穹铁道创作者激励计划,银狼,抽象",474040,419,819,5166,515,674,0,0,54246
BV1Kw82zYESi,114947669364864,1,162,2055,绘画,二次元绘画,http://i0.hdslb.com/bfs/archive/279eb7124a6dffe285c8678cf8bf4f9adbf10c3c.jpg,不小心打出了击破伤害,1753962511,16,9125673,巴莎卡_R,https://i0.hdslb.com/bfs/face/edbb63c208bf1c7751ea22f743e0c0171ca3cf86.jpg,140461,"爱丽丝,绝区零,绝区零夏活同人月榜",477630,233,520,27313,1263,1097,0,0,52768
BV1sWhJz4EL6,114952132101654,1,17,2071,单机游戏,射击游戏,http://i1.hdslb.com/bfs/archive/676c5751ed1f77d03098c8227bbf71a9bf8fa3b5.jpg,因为我的下巴太帅了......,1754030391,98,3546912590399903,吃地球の胡喵,https://i2.hdslb.com/bfs/face/3639443625fafd80ce23c0546be74ac63e048976.jpg,21257,"游戏杂谈,娱乐,搞笑,暗区出金联盟,暗区突围高能团第一期,暗区突围2077联动,沙雕,暗区突围,暗区整活专题",310091,210,216,11442,1546,435,0,0,20448
BV1qvtJzMEgB,114976022856098,1,65,2071,网络游戏,射击游戏,http://i1.hdslb.com/bfs/archive/b6d8fc875d92ec0d2db9c586ec65c02039dc766c.jpg,CJ最酷的展台，瓦手展台到底多好玩？！,1754398886,267,235630215,国电武术馆馆长,https://i0.hdslb.com/bfs/face/1c473f95562cb50c8f94291ed6373da6281e5b64.jpg,2172920,"电子竞技,游戏杂谈,手游,FPS,无畏契约手游,无畏契约,无畏契约端手大展台,无畏契约手游定档819,Chinajoy,推荐宝藏游戏",303358,410,168,5161,4351,997,0,0,9597
BV1iJt3zjEpQ,114970704482225,1,130,2207,音乐综合,随拍·综合,http://i0.hdslb.com/bfs/archive/f8e180b11daa49a077f5c8841ba3aa2064f20caf.jpg,【乌鲁鲁金曲】又堵了一天,1754388000,119,3546934107179539,堵桥界の神,https://i1.hdslb.com/bfs/face/7d8f531b82fe7b2873234483aec8df8d6b1a3097.jpg,4787,"鬼畜,歌曲,魔性,乌鲁鲁金曲,乌鲁鲁,堵桥,三角洲破壁新赛季上线",407292,1258,603,19794,1532,8536,0,0,41085
BV1DxhxzJE7f,114956762682436,1,17,2079,单机游戏,其他游戏,http://i2.hdslb.com/bfs/archive/f17c851077a4dab75947131ad679ce94d7d7a7f7.jpg,童年爆红的爆发小火山!竟然还有隐藏真相和结局？！,1754109000,348,154113956,日向源,https://i2.hdslb.com/bfs/face/af84c1e8c480b7affe71d989104776f586a855b4.jpg,1379419,"童年回忆杀,小游戏,怀旧,游戏集锦,音乐游戏,音游,怀旧游戏,43999,游戏鉴赏家,推荐宝藏游戏",4376250,5309,660,93688,31095,517,0,26,146275
BV1KitEzUEjg,114974848455889,1,182,2001,影视杂谈,影视解读,http://i1.hdslb.com/bfs/archive/08e61c2cd79ee2e913ba7bb285d3e1b70a38d613.jpg,黄飞鸿这个IP是怎么走红的？70多年前的首部黄飞鸿电影到底多有料？ | 漫谈黄飞鸿电影【01】,1754388000,2819,14079696,Kimo桑,https://i0.hdslb.com/bfs/face/c3ef6a7c7ba86edb41f95cd9cd49ddbe8f79de6f.jpg,502899,"香港电影,武侠,动作电影,成龙,胡鹏,曹达华,粤语残片,黄飞鸿,关德兴,万字拉片大赛",122494,1782,419,1392,1528,100,0,0,6389
BV1n7h3zbEsB,114963960045038,1,251,2166,三农,农村生活,http://i1.hdslb.com/bfs/archive/466626e0724caaffb27279da97116a2bb3d9d30b.jpg,解救咪咪......,1754222400,338,143845192,念叁叁叁,https://i1.hdslb.com/bfs/face/3e9a9ed8cf8b0c7221b3e810d9e1e8ff7e6cf7b9.jpg,265541,用星露谷开启我的农村生活,254755,406,410,1215,1214,707,0,0,34450
BV1vnh8zuEjB,114958759104014,1,171,2070,电子竞技,MOBA游戏,http://i2.hdslb.com/bfs/archive/7846a1ffcdaf4faa7233854b71057000908618de.jpg,《看完第一波铁男能不笑的你是这个...👍》,1754132943,140,88160614,困困君丶,https://i1.hdslb.com/bfs/face/0451880ede12cab7af87e774cad52536934b6bee.jpg,562939,"第一视角,英雄联盟,电子竞技,精彩集锦,数值怪,5A连招,平A穿插普攻,MOBA,铁男,英雄联盟电竞世界杯",623415,283,342,625,1593,279,0,0,41026
BV1uahTzYEdt,114962064219312,1,171,2071,电子竞技,射击游戏,http://i0.hdslb.com/bfs/archive/75a042e1ef40a670ebc7c64539596c63ad7fb517.jpg,逃   学   威   龙,1754182130,187,193563477,轮回丶Hui,https://i0.hdslb.com/bfs/face/acf758aa01aff3ba3fd69cbfc652242c75ff7d5a.jpg,3650,"得吃,三角洲行动,零号大坝,三角洲,老鼠,猛攻,深蓝,跑刀,鼠鼠,夺舍流",553303,518,1123,8534,1561,3582,0,0,51364
BV1nTtnzjE5h,114975938973329,1,21,2198,日常,休闲玩乐,http://i0.hdslb.com/bfs/archive/a64fdc6ecb3e64b72facc45ba8ed97c84cfb1c89.jpg,救命！一天饮料做80多杯真干不动了，四个人都忙不过来,1754394622,603,44128829,某天的游戏小屋,https://i2.hdslb.com/bfs/face/b40ec805940bb2bd088af716f30412ad2bf5b468.jpg,674604,"搞笑,武林外传,生活记录,主机游戏,某天的游戏小屋,咖啡店,任天堂Switch,必剪创作,整点电子榨菜",255148,1299,655,1245,5211,346,0,0,13021
BV124hHzAEMz,114952937478873,1,17,2078,单机游戏,沙盒类,http://i1.hdslb.com/bfs/archive/bd89c91bf61edd8c440644573b582fb990f9c435.jpg,当我们变成美西螈宝宝，并可以不断进化？！,1754452800,453,77257482,小包小包i,https://i0.hdslb.com/bfs/face/1973496f77111d69b07c2058054dc73ac2f23a00.jpg,1591933,"我的世界,沙盒游戏,生存游戏,单机游戏,Minecraft,小包小包,mc,推荐宝藏游戏",264297,195,67,12167,691,16,0,0,13570
BV1YLhWzEEQ9,114954229257331,1,171,2071,电子竞技,射击游戏,http://i2.hdslb.com/bfs/archive/6f63e471e7431e67707431dcf5f09a941cdc2692.jpg,脸都气绿了,1754062484,431,1050482689,康有成,https://i1.hdslb.com/bfs/face/2856b2c0f3f7bca04bc4b84883533eb3db3cfef9.jpg,158037,"电子竞技,穿越火线,FPS,推荐宝藏游戏",1877142,1721,1056,17847,4283,2800,0,0,116604
BV1aitVzVEpA,114971694338216,1,253,2042,动漫杂谈,动漫评论,http://i1.hdslb.com/bfs/archive/70b77093a8eda5961b3dbc7c79229bc766b2bbc6.jpg,妮雅！没了你我可怎么活啊！！！巅峰妮雅登场！！！,1754362800,1356,3493136850488160,勇者时昭,https://i0.hdslb.com/bfs/face/6ca4ec6ab67663b8cd95308c74cfc81b02822b0c.jpg,137549,"童年回忆,乐高,童年动画,幻影忍者,乐高幻影忍者",269181,2233,306,5302,1580,62,0,0,10898
BV1tetnzZEHQ,114975704155403,1,208,2084,校园学习,应试教育,http://i1.hdslb.com/bfs/archive/6d1c554a309432151bcc209a456a1e7ae7954c82.jpg,一个视频讲透保研的一切！流程/种类/绩点/英语/科研/夏令营/预推免/九推/保研率/信息源/跨保/外保/内保…,1754390148,1851,40427625,取景框看世界,https://i0.hdslb.com/bfs/face/0d671560a6dd7f28247b3b7501d404a5b01280ea.jpg,3964484,"英语,大学,考研,夏令营,保研,科研,学生,经验分享,绩点,学生UP主养成计划",73143,830,414,8553,6529,804,0,0,7552
BV1CUtwzvEDS,114980586261417,1,212,2150,美食侦探,美食探店,http://i1.hdslb.com/bfs/archive/8d0616003c17434dc66712a2f22e58dacd80a6f1.jpg,老王带爸妈来新疆，一家普通的苍蝇馆子却隐藏着不为人知的故事……,1754472000,715,3537122973714533,老王在中国,https://i2.hdslb.com/bfs/face/5cc0f66946ba560d0ccbd8e5bffc45ac94793cf4.jpg,3441584,"歪果仁,新疆,街头美食,舌尖真探事务所,苍蝇馆子,爸妈,老外在中国,故事,美食探店,手抓",288837,2893,1614,5332,47877,672,0,0,40799
BV1JshVzaENo,114964983453734,1,201,2094,科学科普,科学科普,http://i1.hdslb.com/bfs/archive/b1e89ea1894a7279d90bda4c6d77c6108ca78441.jpg,【漫士】千年后的反例：非欧几何、曲率与绝妙定理,1754226936,1947,266765166,漫士沉思录,https://i0.hdslb.com/bfs/face/726060100f7b80f3ab17889aa9fb8f380a53b9da.jpg,1167622,"几何,物理,数学,数学思维,非欧几何,万物研究所",337759,1982,1212,10184,9959,1188,0,0,25505
BV1d6hbziEWh,114957114939663,1,215,2152,美食记录,美食记录,http://i0.hdslb.com/bfs/archive/ce454d1b85bc86ea2053fe9d29aad85c343f8c53.jpg,工地一人食，3元一斤凉面吃撑了，睡地上休息,1754106560,296,487215770,农民工川哥,https://i2.hdslb.com/bfs/face/3d05653d4b7cdabc08e7c464cc36ec3bc26284cf.jpg,963045,"美食,生活记录,记录我的美食日常,美食记录,凉面,工地,农民工,Vlog",614331,859,919,1313,3504,255,0,0,23614
BV1YNhJzzEWt,114952601864362,1,218,2167,喵星人,猫,http://i1.hdslb.com/bfs/archive/554f496f922a28b78a701166d975e91368aef856.jpg,害，没点脑子真养不了这猫！,1754125800,242,538142100,圆圆的智子,https://i0.hdslb.com/bfs/face/16d4089d378a421d33bb56f7067727be0a992d7c.jpg,547327,"搞笑,原创,霍尼韦尔猫用净化器,霍哈宝,狸花猫,智商,美短,流浪猫,捡猫,萌宠UP主加更计划",735752,1126,905,13873,28484,1289,0,0,56654
BV15ptnzKE97,114975569876666,1,251,2166,三农,农村生活,http://i1.hdslb.com/bfs/archive/acb1922d11cf8c8ac6b82058ffbf94b50d70fa4e.jpg,猪到了......,1754395500,380,143845192,念叁叁叁,https://i1.hdslb.com/bfs/face/3e9a9ed8cf8b0c7221b3e810d9e1e8ff7e6cf7b9.jpg,265541,用星露谷开启我的农村生活,124807,391,424,832,797,347,0,0,21188
BV1a5hHz3Epc,114953340066122,1,21,2183,日常,助眠视频·ASMR,http://i2.hdslb.com/bfs/archive/60a17cacc4a8ad0a089bbc9c71bdd18259880d77.jpg,ASMR｜100元到1万元助眠麦克风,1754049018,171,570746261,米奇-声控助眠,https://i2.hdslb.com/bfs/face/2a284043a51aeaf35bed2b1bf46e10eda745e599.jpg,373391,"催眠,助眠,asmr,麦克风,舒服,解压,放松,触发音",335023,409,326,4080,798,160,0,0,29429
BV16p4RzgEAf,114976878563112,1,17,2079,单机游戏,其他游戏,http://i2.hdslb.com/bfs/archive/a3a0891035cf1756661f38fae8b3e1aedaea44d9.jpg,恐龙岛大猎杀（下），江湖团周年庆火热开启，团建活动精彩不断,1754408675,2387,3493273226185448,龙岛蛋壳,https://i2.hdslb.com/bfs/face/2389ca291eaee3b0486133845af7c25e3b0c9c9b.jpg,529245,"实况解说,游戏集锦,游戏实况,主机游戏,游戏解说,生存游戏,恐龙岛大猎杀,恐龙岛,游戏搞笑,推荐宝藏游戏",577569,1362,263,21704,1216,21,0,0,17228
BV1Lj8yzLEUp,114946880900491,1,21,2102,日常,摄影摄像,http://i2.hdslb.com/bfs/archive/a925723de29c5d437abb838d566e9dd5d7d114c8.jpg,“我知道你为了什么而来”,1753950499,10,473925437,走心的秃驴,https://i2.hdslb.com/bfs/face/630467e57977589bee05fc68dc0f8cc6b23cc677.jpg,8398,"冰红茶,神,国窖,必剪创作",1010889,612,2417,47798,9034,16951,0,0,255449
BV1pUt3z4EVB,114970385712404,1,138,2155,搞笑,语言类小剧场,http://i0.hdslb.com/bfs/archive/9a225315c095a05e5fc88199187b0f83a008b32b.jpg,抓捕周树人和我鲁迅有什么关系？,1754308970,85,475937149,路西法Lusiferr,https://i1.hdslb.com/bfs/face/8fa776e2c055da0180ce6c409f9600459d4600b4.jpg,389199,"新疆,歪果仁,英语,搞笑,国际尬聊,少数民族,伊布拉希莫维奇,看一遍笑一遍,整活,搞笑研究所",906581,476,657,3602,537,455,0,0,64230
BV1RNhgzmETH,114962802413444,1,21,2207,日常,随拍·综合,http://i0.hdslb.com/bfs/archive/15f3084bead82e36a8295f50de817b1c097f185d.jpg,读评论9.95：坚果让指导版牛头去坑二爷,1754208000,92,1834271846,陈君un,https://i2.hdslb.com/bfs/face/65f841ecf609e5e56c4efe01db70be7809c5785d.jpg,626973,"坚果,植物大战僵尸,搞笑,指导版,牛头,娘化版,整点电子榨菜",2080067,966,1463,29188,1490,255,0,0,59153
BV14itnz4EMv,114975620272065,1,212,2150,美食侦探,美食探店,http://i0.hdslb.com/bfs/archive/109309751ad10a8d3eb8adb30dea0893b4913351.jpg,北京路边隐藏20多年的北京菜！带南方人吃一桌，真是太下饭了~,1754403000,885,598747718,南北饭斗罗,https://i2.hdslb.com/bfs/face/e8ec440939f0ae11266896f7bcec92f2a12a6383.jpg,277280,"吃货,家常菜,生活记录,舌尖真探事务所,下饭菜,北京美食,Vlog,北京菜",78819,524,851,576,1281,198,0,0,4366
BV1AehHzbEV3,114953122092194,1,21,2154,日常,剧情演绎,http://i1.hdslb.com/bfs/archive/e1d2353689100a1729385b9e0e368380665e5b12.jpg,咖啡店之王牌对王牌,1754045827,160,8259298,港妹妹join,https://i1.hdslb.com/bfs/face/07b99a830d07736e978148d77b733b115ab5c91a.jpg,357934,"搞笑,搞笑小剧场",1595700,3626,3199,12558,7226,10349,0,71,184167
BV1K2h3zzEcw,114963909708783,1,21,2001,日常,影视解读,http://i0.hdslb.com/bfs/archive/2512feee6d2301e7fce0ba9d2696a487ebdecfad.jpg,我请六国的外国朋友看了《南京照相馆》,1754210451,177,32820037,歪果仁研究协会,https://i1.hdslb.com/bfs/face/216ee0636ee87c8c4293da8b186d5f6f06eea48a.jpg,4508281,"历史,外国人,电影,南京照相馆,暑假档电影",371178,432,643,3944,8861,335,0,0,43662
BV1c8hbz5EEj,114957165271187,1,183,2002,影视剪辑,影视剪辑,http://i1.hdslb.com/bfs/archive/6515df0b86d6b57c0f603aadeac016d8446a85cd.jpg,真的很喜欢这种结尾，这又是谁的青春呢？,1754107553,216,111578972,前前前世的陌生人,https://i2.hdslb.com/bfs/face/caa531d35eb71a06403da433b0549fe623675dfd.jpg,336647,"星爷,周星驰,电影,剪刀手安利大赛,唐伯虎点秋香,名场面,大话西游之月光宝盒,回忆杀,大话西游之大圣娶亲,B站好片有奖种草",4955693,664,1548,55765,17024,3713,0,12,232746
BV1zHtLzhE5K,114972684192625,1,171,2070,电子竞技,MOBA游戏,http://i2.hdslb.com/bfs/archive/d873165a3cc6b66919c9ed344a72f0005dce2573.jpg,【蜘蛛馍】小代问号攻击，那就打到他扣不出问号为止！,1754359200,589,265224133,蜘蛛馍666,https://i1.hdslb.com/bfs/face/6c82d4df9e469b695887d5dd8460c4e233663d68.jpg,177620,"英雄联盟,MOBA",185501,789,1069,575,2395,181,0,0,11480
BV1jjtnzgEbc,114975905416626,1,208,2084,校园学习,应试教育,http://i1.hdslb.com/bfs/archive/4b390033afd530bc19303ec88416b19df1152996.jpg,考研数学二2025填空题讲解,1754393298,1177,100507614,爱因斯碳碳碳,https://i0.hdslb.com/bfs/face/32ec722edb710dbd1e11b644c257839ab769694f.jpg,276371,"春日野穹,高数,线性代数,考研,数学,cosplay,恰当方程,跟着学就对了,考研数学,数二",91258,44,340,1707,532,780,0,0,6090
BV1qitJzqEyJ,114976006083210,1,85,2181,小剧场,两性知识,http://i0.hdslb.com/bfs/archive/4a878fda4cc94b9d90135c9c71ceef0b97c10d28.jpg,为什么那里的味道酸酸的?,1754394944,74,39392099,对话中的暂停,https://i2.hdslb.com/bfs/face/742b4acc37b5c18adb1abcdb27cbd4b6dee3cfb4.jpg,1387442,"成长必修课,味道",148431,70,421,2780,1640,207,0,0,23690
BV1BthVz8ELu,114964882856608,1,17,2078,单机游戏,沙盒类,http://i2.hdslb.com/bfs/archive/fffc5943c546dbc23696e8cb3ef288f7e3bb91a9.jpg,【我的世界|后室】爆肝后室！！3.7平方米的level0？自制后室速通,1754225089,128,384505691,妥协本人,https://i2.hdslb.com/bfs/face/eb4806df7e68dc176fbd7af4a955b85cbb07f8ad.jpg,1286,"我的世界,后室,爆肝",301414,328,504,2661,3561,119,0,0,31251
BV1jUhWzdEmz,114955672099273,1,138,2079,搞笑,其他游戏,http://i2.hdslb.com/bfs/archive/aceb3a890bd839bfee093535ef12b8f89dc96139.jpg,坏了！让他玩到真的了！,1754107500,218,170088482,炎辰大鸽子,https://i2.hdslb.com/bfs/face/4bc94099d73d6553a64950ad99e476a3a6e4e918.jpg,1891471,"奇葩,搞笑,恶搞,猎奇,游戏,娱乐,高能,吐槽,沙雕,互联网",1433590,663,963,5795,1688,1456,0,0,56361
BV1TQ4RznESk,114976559730750,1,17,2077,单机游戏,休闲/小游戏,http://i1.hdslb.com/bfs/archive/09ceb94bda206d0db8cef18ee20ae00a385a3541.jpg,旅行炼狱诅咒接力赛！多名up互相坑害！究竟能否顺利通关？（中）,1754445600,922,1339833550,煎炸焖煮366,https://i1.hdslb.com/bfs/face/9f5f1acb70c681c13a3e7ce7acb2c6ec5a43beec.jpg,38132,"娱乐,闯关,旅行炼狱,旅行炼狱诅咒,#究极杨桃大帝,#三线倭瓜,接力赛,休闲益智,沙雕,整点电子榨菜",52936,504,269,838,734,72,0,0,3330
BV1DQtgziE3M,114969194726873,1,215,2149,美食记录,美食制作,http://i1.hdslb.com/bfs/archive/ee6800b75466dce2b47ece8ef452a4fbeb4bbab3.jpg,捡肥成功花39块做个无敌碳水拼盘快乐一下,1754306400,544,3494360247175408,小岳来了24,https://i1.hdslb.com/bfs/face/0b4bbbbf8626749791f879374adb42403b51437a.jpg,772618,"美食制作,生活记录,出租屋记录生活,碳水的生活有多快乐,沪漂,下班日常,打工人的快乐真的很简单",245359,441,346,1198,1411,181,0,0,7180
BV1JBtczWEq6,114981425123992,1,17,2071,单机游戏,射击游戏,http://i2.hdslb.com/bfs/archive/92a0c121bfeb612b62a6c1fd9979509b219f5d0e.jpg,园长！这才是你真实面目吗？？？,1754481294,461,7450650,超果果mc,https://i0.hdslb.com/bfs/face/68055fd664aca68f38bdd1d816c46ad4f7b7405d.jpg,2241165,"超果果,赛博朋克,搞笑,过山车之星,造乐园,暗区突围端游,暗区突围无限",47701,230,132,693,1176,36,0,0,5123
BV1HV8qzPEVE,114942921410291,1,252,2102,仿妆cos,摄影摄像,http://i2.hdslb.com/bfs/archive/6b266beecec3633a1a3d917f1e9645d88eedc2b2.jpg,“欢迎进入红楼无限流副本……”,1753890143,14,277230502,荷里寒,https://i1.hdslb.com/bfs/face/e07a379dde78930c2666e0aca572ee05ba9d4c37.jpg,491827,"致歉一切,OOC致歉",1133192,419,1429,18015,4292,4432,0,0,167836
BV1Z9tEzKEoq,114974596797297,1,176,2109,汽车生活,汽车技术,http://i1.hdslb.com/bfs/archive/87d5992fa4a4412b1dab489c0195c5987f390777.jpg,亲手造一辆小米，探秘科技公司造车真实水平,1754380800,517,394609671,终极小腾,https://i0.hdslb.com/bfs/face/9fb58015e9584916246cb33af4773ad1edabeead.jpg,2427510,"小米,跑车,汽车,非正常试驾,性能真相局,工厂,性能,电动车,提车,为什么真性能车更安全",1459593,1777,2793,10054,12215,3661,0,0,50357
BV1NitEzUEoH,114974848458524,1,182,2001,影视杂谈,影视解读,http://i1.hdslb.com/bfs/archive/0753dd7f8a17158275edd1ea44d33ac1642701bc.jpg,断骨塑鼻，吞虫减肥，尺度惊人的暗黑童话改编，年度必看恐怖片《丑陋的继姐》！,1754384400,2103,386869863,培根悖论唠唠嗑,https://i0.hdslb.com/bfs/face/225b8ef554ed65ac3c5e137262a252ef4b411e64.jpg,2558324,"暗黑童话,惊悚,恐怖,灰姑娘,电影解说,丑陋的继姐,万字拉片大赛",345481,1714,454,3579,2075,549,0,0,12060
BV1QjhWzmE7k,114954145434560,1,21,2154,日常,剧情演绎,http://i2.hdslb.com/bfs/archive/ab255dc1069df1fdb640243175e0d3b535f17757.jpg,大学生丐帮饭堂恋综,1754193600,465,241679003,小叮当的伙伴们,https://i2.hdslb.com/bfs/face/39f559b599ae0f273a5f7457a7d67110a6dfe5a0.jpg,1380484,"帅哥,搞笑,全程高能,搞笑小剧场,恋综,二本恋综,永劫无间手游周年庆,大学生,老百姓,心动的信号",1414748,2208,1046,6828,5833,4177,0,0,45797
BV1894fzvESj,114980418556015,1,215,2152,美食记录,美食记录,http://i2.hdslb.com/bfs/archive/ce258d2546cc65c805b037d2bd27c033277c398a.jpg,儿子发工资了，胖龙中午在饭店四菜一汤，有荤有素，真实惠,1754472600,323,649661652,胖龙的小生活,http://i0.hdslb.com/bfs/face/57ea78f573e9003880fc965932a1c93ad145cd59.jpg,2149366,"吃货,生活记录,Vlog",249589,625,438,827,971,93,0,0,9533
BV1rMh8z7ETA,114958624884954,1,21,2087,日常,商业财经,http://i2.hdslb.com/bfs/archive/f0ed9c965e1507b25f592eeb1a04fbfd68c48f53.jpg,花400万开的网吧有啥服务？开业第一天居然爆满？,1754130416,496,391992947,郝文博的奇妙日常,https://i2.hdslb.com/bfs/face/7ec224e8f3c10ae8eb975cfdb135627571bb0c65.jpg,170643,"生活,创业,生活记录,日常,电脑,电子榨菜,郝文博的奇妙日常,网吧,开网吧,寻找100个宝藏vlogger",755475,3155,3601,1717,2023,1157,0,0,14258
BV1gVtGzgECZ,114970117276959,1,65,2070,网络游戏,MOBA游戏,http://i2.hdslb.com/bfs/archive/b904b33459c15d49b4be2e0dd985d44cd6c05493.jpg,重铸亚连荣光，苍穹血手义不容辞！,1754305049,206,405370021,尴尬的铁根er,https://i1.hdslb.com/bfs/face/cbe228260be3e8d2b49cb2f8dde7a0a41bee1d93.jpg,5397745,"电子竞技,搞笑,王者荣耀,MOBA,亚连",2032159,1350,1463,4164,2451,590,0,0,79783
BV1RBtJzKEse,114976056479294,1,17,2066,单机游戏,单机主机类游戏,http://i0.hdslb.com/bfs/archive/9f27dfd2c20080d34fb2e4fd33e5057d5ad13710.jpg,最强勇者背叛了人类！魔王竟然是批量生产出来的？一个人做了14年的独游《神之天平》讲了什么故事 ②,1754395714,1658,7206526,蓝二烟,https://i1.hdslb.com/bfs/face/53a7b595df5b15769c6022ec66337d1e589d2db7.jpg,706119,"独立游戏,神之天平,游戏剧情,arpg,整点电子榨菜",178488,460,387,5627,3556,109,0,0,8297
BV1hX81zzEJw,114947971421363,1,65,2071,网络游戏,射击游戏,http://i0.hdslb.com/bfs/archive/ddacd64d7d25cea5d68c916f3113bb42a285f19e.jpg,《睡前必看asmr助眠》,1754013600,205,669062951,残月手速亡,https://i2.hdslb.com/bfs/face/e9383fcf3853cd32db2cfc47e1ca5f8674da8d80.jpg,311631,"穿越火线,asmr",842023,1260,671,4059,606,1512,0,0,39807
BV1Bm8Mz7EKm,,,,,,,,,,,,,,,"音乐分享官,日语MV,电台新星征集令7.0,JVC music,官方MV,ゆーり",,,,,,,,,
BV1W5hVzuE2x,114964832459956,1,182,2001,影视杂谈,影视解读,http://i2.hdslb.com/bfs/archive/f5e4c9a4666dc200b4e16a7c072b6f912702e0bf.jpg,一部《南京照相馆》，炸出多少妖魔鬼怪！,1754224463,362,5870268,三代鹿人,https://i0.hdslb.com/bfs/face/a915d1a1ff921cd418e74c5711c91b23e2a18c11.jpg,6360898,"刘昊然,南京照相馆,申奥,王传君,高叶",3455087,10943,7483,79927,120421,6646,0,3,265027
BV1ATtFzdEXH,114980535930996,1,21,2151,日常,美食测评,http://i0.hdslb.com/bfs/archive/36f00d50378e4798b1a1cedac0e7ad7f77fd0373.jpg,回答我，香菜牛油果味的牛奶，是谁在买。,1754478000,555,837470,桃核叫我桃道长,http://i2.hdslb.com/bfs/face/95723f88a75d9a8ace6a0b7bb55db3809dbab7df.jpg,537524,"美食,豆豆子,桃核,测评,生活记录,娱乐,搞笑,舌尖真探事务所,擦玻璃",21939,397,303,712,2218,56,0,0,4189
BV1jGtEzNEru,114975116887354,1,17,2079,单机游戏,其他游戏,http://i1.hdslb.com/bfs/archive/565cff91d8af15a634d43613d56f83f8613d7e4d.jpg,《威利号船长》用自由视角居然还能找到被关起来米老鼠,1754381146,133,1860532343,客阙,https://i2.hdslb.com/bfs/face/cf3fddec612e9d6c6f965e0ef8c35a3e31e3b589.jpg,140414,"彩蛋,威利船长,自由视角,隐藏物品",1320809,445,106,23362,767,69,0,0,26074
BV1o7h8z3EMt,114958591397588,1,256,2154,短片,剧情演绎,http://i2.hdslb.com/bfs/archive/81abf4b05af47f926fb2da260d06a998cc964f9c.jpg,《治蝗》 若惩恶沦为戏码，扬善则无人问津~守善，扬善！#泽华君 #吟游诗人 #田园诗人 #惩恶扬善,1754129211,101,282645129,泽华君呀,https://i0.hdslb.com/bfs/face/794dec6e0a865f1e3214c6d18b677c4d912da533.jpg,1133136,"诗人,田园,吟游诗人,惩恶扬善",721795,304,469,4879,1498,240,0,0,50897
BV1fFhGzfEna,114963490277448,1,213,2151,美食测评,美食测评,http://i1.hdslb.com/bfs/archive/a676af1b97d39ad0ca6883bd9874502aca4e3201.jpg,五百多一盒的琥珀糖大测评！真的下血本了,1754215200,205,117291234,野人哥p,https://i0.hdslb.com/bfs/face/6c3574c21c1ac26cf1a739096b8ba0353ef28bc1.jpg,290580,"美食,零食,老外,美食测评,琥珀糖",130548,1319,103,5552,1376,41,0,0,20261
BV1VgtGzGESN,114970217943970,1,21,2197,日常,其他vlog,http://i2.hdslb.com/bfs/archive/96c8222a3e81a82ecb8480638fa658fb1d857d4f.jpg,被好朋友包围的感觉谁懂？,1754306701,210,1317825098,一只广宇,https://i2.hdslb.com/bfs/face/8b1bf31f6340a662e3431cef4b44e9a08ec9e699.jpg,547424,"生活记录,好朋友,友情",175346,213,235,658,2099,136,0,0,16776
BV15NtGz1EVA,114970536707206,1,176,2108,汽车生活,汽车生活,http://i1.hdslb.com/bfs/archive/d7dd3667483618c0030b14f37e8851ae93ffad4c.jpg,花70万，大家笑我买了台废铁……,1754362800,898,25150941,极速拍档,http://i0.hdslb.com/bfs/face/e9035c3a7089ce7e11d72cb0cf15fa92064b14ef.jpg,3315568,"汽车,老卫士,越野车,二手车,路虎卫士,卫士,汽车文化,老车,汽车修复",635657,4865,1315,4382,14497,1079,0,0,34628
BV1BZhEz5EEh,114952484428045,1,27,2037,综合,同人动画,http://i1.hdslb.com/bfs/archive/e7cc470ae31243264030aac34d7712ee9ea8d137.jpg,“ 给 我 CPU 干 烧 了 ”,1754035757,83,3461576323500263,哈基漂不想睡大街,https://i2.hdslb.com/bfs/face/e974036a891f8d5aa1c920ee2165279532feb202.jpg,110393,"二次元,手机游戏,搞笑,今汐,弗洛洛,珂莱塔,冬木口音,漂泊者,鸣潮,鸣潮2.5版本二创",362164,402,898,2757,2630,933,0,0,26268
BV1TAhpzBEKq,114952803190895,1,138,2073,搞笑,动作竞技游戏,http://i1.hdslb.com/bfs/archive/8978abe6f5fe7aaca3027e88dec6d1e13d6d8383.jpg,“原神在他面前像个新兵蛋子”,1754040887,142,266017110,二三哥哥鸭,https://i0.hdslb.com/bfs/face/a33dc74f41771e5af4084eb313f1e224a373d19f.jpg,1051843,"氪金,王者,原神",706102,998,2547,3326,594,1946,0,0,75214
BV11Pt3z4EPi,114968791882736,1,171,2071,电子竞技,射击游戏,http://i1.hdslb.com/bfs/archive/697c90fe7e2bc169c5e4f80788c3bf6678b6879b.jpg,神之大超，他不藏了！Chopper总决赛五杀ACE！绿龙荣获2025科隆总冠军！,1754284844,338,203680252,AYCS2,https://i1.hdslb.com/bfs/face/00981afbe0562c34f53b8279670a3e0ebd1f21c8.jpg,1101299,"donk,cs2赛事名场面,大超,五杀,绿龙,spirit,mouz,cs2,chopper,CS2赛事暑期狂欢",613389,1298,2163,3085,3145,2184,0,0,31816
BV13th8zvEv2,114958742458070,1,216,2071,鬼畜剧场,射击游戏,http://i2.hdslb.com/bfs/archive/c1195b511893ee03d2d65e3ac60f4974f36b3999.jpg,我乌鲁鲁可不是好人！,1754131447,92,14896506,英豪小丸砸,https://i0.hdslb.com/bfs/face/64469457eb908ecccafa89f863ae791658a4a01d.jpg,58578,"三角洲行动,蜂医,三角洲鼠鼠,老WE重聚三角洲,三角洲,乌鲁鲁,三角洲破壁新赛季上线",379717,189,501,1802,1945,1511,0,0,25796
BV1R3hGzHEyX,114963641277318,1,21,2207,日常,随拍·综合,http://i1.hdslb.com/bfs/archive/78c168ff7d33b549d9f867f0cce173f271ddc5cc.jpg,被陌生人反向治愈的一天！,1754206669,143,71222956,昕昕给你100元,https://i1.hdslb.com/bfs/face/fbfaee41321b6e98d14dfe8d04b02ff61166a0d5.jpg,16828,"生活记录,夏天,老人,挑战",880543,322,894,2966,19945,192,0,0,61913
BV1dL4ZzrExj,114979344746713,1,17,2078,单机游戏,沙盒类,http://i0.hdslb.com/bfs/archive/543a23da81f7d2a14a0a9dc882b0c40c3579d1b2.jpg,我为MC添加了更多状态栏！只为折磨我的朋友…,1754449200,1503,88197128,锡德JorisSid,https://i2.hdslb.com/bfs/face/d7d65eb922b12acb45b61de639858469be69d461.jpg,289617,"搞笑,沙盒游戏,我的世界,整蛊,娱乐,我的世界MOD,折磨,沙雕,状态栏,整点电子榨菜",443866,2075,1100,14684,4264,638,0,0,25748
BV1iChgzQEhg,114964262030121,1,30,2063,VOCALOID·UTAU,鬼畜综合,http://i0.hdslb.com/bfs/archive/cf9f7ed9b0216347dfedeb6c1ca17381249f5b30.jpg,【高精度中字嵌字】Cherry Pop feat. 初音Miku,1754215589,143,3493091220654843,瓜子920,https://i0.hdslb.com/bfs/face/95c9253595b9f68c0bd142852dad1f5f2e6185e4.jpg,1952,"音乐分享官,VOCALOID,翻译,DECO27,DECO*27,术曲,高精度中字嵌字,中字,嵌字,Cherry Pop",169665,75,462,12104,11429,928,0,0,36703
BV1cdhuzREcH,114962701751520,1,212,2150,美食侦探,美食探店,http://i2.hdslb.com/bfs/archive/0bf7d0a489b118257e98672a453407df6a5bff5b.jpg,珠海.重壳蟹 厨子探店¥628,1754191887,220,544336675,真探唐仁杰,https://i1.hdslb.com/bfs/face/f82b7cb6e6b9e2351bb201f668af10b66b4d0d5c.jpg,4445435,"美食,舌尖真探事务所,探店,美食探店",517818,645,816,1560,792,1234,0,0,35679
BV1Bmh5zvECF,114965889417715,1,219,2168,汪星人,狗,http://i1.hdslb.com/bfs/archive/4bcc8f338c37a84223c21fb73d97b745e76fdd82.jpg,天塌了,1754299800,93,3494377812920345,系嚣士啊,https://i2.hdslb.com/bfs/face/bcb480918aab2dbdbbc0130feca6a42ee46ec15e.jpg,583090,"嚣士,宠物,田园犬",356863,969,1277,1427,1653,4090,0,0,40082
BV1WNhEzDEby,114950840325548,1,162,2055,绘画,二次元绘画,http://i2.hdslb.com/bfs/archive/4a7c64e233dbc773b92eb601ed3f80ca32f2f748.jpg,画中画 | “我听说...”,1754010828,83,613700695,一帧画中画,https://i1.hdslb.com/bfs/face/a2bf2ff75bd5bbc058ee69f6757e31532a30ca4a.jpg,20612,"画师激励计划,谣言,眼睛,反网暴,网暴,拒绝传谣",1398291,703,1996,49558,52719,3283,0,46,247705
BV1TztnzsEF8,114975653762722,1,76,2152,美食制作,美食记录,http://i1.hdslb.com/bfs/archive/dafd873243ff99c18867d0127c4acd7259d2c259.jpg,厨师长下班偷偷用边角料开小灶，做个【牛肉咖喱饭】再吃个刺身，再吃个甜品，边角料对付一天,1754390681,821,472229397,张森的日本料理,https://i0.hdslb.com/bfs/face/ac3b108b97e8a8415476ca5db05b71ea1fdf965a.jpg,283584,"厨师长偷吃,美食记录,深夜美食,整点电子榨菜",137513,521,442,1272,1043,329,0,0,14570
BV1SgtJzsE2t,114974143811798,1,183,2002,影视剪辑,影视剪辑,http://i2.hdslb.com/bfs/archive/1d5d0f58ff2917b343d481813938dbc18436fdd1.jpg,真的很喜欢这种结尾，这又是谁的青春呢？(第二期）,1754366473,197,111578972,前前前世的陌生人,https://i2.hdslb.com/bfs/face/caa531d35eb71a06403da433b0549fe623675dfd.jpg,336647,"周星驰,星爷,电影,剪刀手安利大赛,大话西游之月光宝盒,名场面,回忆杀,大话西游之大圣娶亲,新精武门1991,B站好片有奖种草",248831,446,171,3859,1154,203,0,0,14729
BV14itEzUEGZ,114974848520955,1,65,2071,网络游戏,射击游戏,http://i2.hdslb.com/bfs/archive/1a7b38a3593acaace628969cf7f038dd1a3e0aa7.jpg,【卢土豆】当威猛鼠鼠邂逅柔情俏皮娇嫩乌鲁鲁，这就是爱与三角洲,1754397900,595,3546932901317389,卢土豆丶,https://i1.hdslb.com/bfs/face/56aed087e4fcbc7d5933c79898495b48a2f3b38e.jpg,67991,"FPS,三角洲行动,爱鼠TV,卢土豆,鼠鼠,跑刀,三角洲破壁新赛季上线",151847,477,347,5478,791,12,0,0,8497
BV1m5tJzQEr8,114974160588846,1,250,4218,出行,钓鱼,http://i2.hdslb.com/bfs/archive/ee4ee1aa214ad015ba86083dfd92d91c331796c6.jpg,黄河泥巴水里真能钓到鱼！还有更绝的黄河泥巴鸡，香！巨香！,1754366778,737,3546389998995863,探钓者序,https://i2.hdslb.com/bfs/face/7500ac8783da7ca545e0afd9fd1ce84d0a5d84d5.jpg,79210,"钓鱼,户外,户外钓鱼图鉴",199755,652,411,1950,4748,96,0,0,7361
BV1LkhJz5Ebp,114951930774641,1,138,2178,搞笑,亲子综合,http://i2.hdslb.com/bfs/archive/6ebbf30baaf01392a4b2e2893469604530df0cef.jpg,亲家～我和你的距离只是隔了个屏幕而已～,1754027498,106,405378715,Alice-然,https://i1.hdslb.com/bfs/face/690b4f9cc421684ff8571477f3ba8b048a88c907.jpg,909188,"妈妈,生活记录,亲情",403156,641,537,1090,541,398,0,0,45864
BV1bKhLzpEmT,114965956527560,1,130,2017,音乐综合,MV,http://i2.hdslb.com/bfs/archive/c8acc09a9f04b4913d6a502924019bd5bf368172.jpg,【中日歌词首发/完整版】FGO十周年纪念动画主题曲「美丽世界」神山羊×YOSUKE from SPYAIR,1754241632,243,15319615,Aki惊蛰,https://i1.hdslb.com/bfs/face/3ca6c1855a4e0feaf40e857bdb194adbccf3d63a.jpg,257360,"FGO,二次元,SPYAIR,Fate,fes2025,すばらしいせかい,十周年,Fate/Grand Order,神山羊,fgo十周年",271716,747,794,16269,7579,2788,0,0,20488
BV1CwhNzLEPv,114959480592593,1,126,2063,人力VOCALOID,鬼畜综合,http://i0.hdslb.com/bfs/archive/788d6a621d2a926e564dea9ffbddd6fbe6a84513.jpg,不要怕在上海喝蜜雪冰城，故乡会保护你,1754142751,97,28348490,咆哮丶土拨鼠,https://i2.hdslb.com/bfs/face/db494c60204f01f01217f92950eccabd13592969.jpg,884927,"上海,鬼畜,AI,赛博山海经,东方明珠,防御塔,蜜雪冰城,黄绿合战10th-黄队应援",406256,994,2036,5780,2455,1794,0,0,30887
BV1X482zLE6a,114947400927906,1,17,2071,单机游戏,射击游戏,http://i1.hdslb.com/bfs/archive/fb40fe42758b3381215f1d7a747287903c2a24e0.jpg,跟我的汤姆逊说去吧！！！,1754040924,149,3493145360731002,二二二二狗司令,https://i0.hdslb.com/bfs/face/ed26269c4c32cede29e989f46c3b22aabcfc9c78.jpg,109865,"丧尸边境检察官,推荐宝藏游戏",2096714,297,314,4586,1684,223,0,0,43792
BV18mtJzFEzd,114976157077437,1,138,2154,搞笑,剧情演绎,http://i2.hdslb.com/bfs/archive/633578d8c8b9239ffbb33f85b793cc304e515629.jpg,与时间赛跑的人,1754397472,185,1548805549,甜蜜老张,https://i1.hdslb.com/bfs/face/8e1b3812f8c0c20b5d2ef1bb3a332077b5c951bc.jpg,1473944,搞笑研究所,286951,262,256,2249,850,341,0,0,26267
BV14vtuztEFL,114967818800308,1,176,2106,汽车生活,汽车测评,http://i2.hdslb.com/bfs/archive/a9de6ec5c0eb5c0360c27c85beb08235b8a37475.jpg,串讲干货：10万左右的A级、B级、SUV哪些车可以看？,1754277300,562,3546724748495813,超哥超车,https://i2.hdslb.com/bfs/face/4bee3bbf26fe89cb847f93cfeb1566c31da0667a.jpg,800265,"买个der,买车,轩逸,汽车知识",185801,448,1290,1485,573,952,0,0,8403
BV1z6hHzWEvc,114953054918766,1,256,2154,短片,剧情演绎,http://i0.hdslb.com/bfs/archive/54b00d65c7e24622e89f79680c7b04b6d7efba74.jpg,岳父和我心连心，我和岳父玩脑筋,1754103900,120,695637594,招财喵剧组,https://i0.hdslb.com/bfs/face/8a2cbc440de1f976b3c1b58ac01d6f5c8452f955.jpg,339961,"B站小剧场,兰博基尼,岳父,兰博基尼sto",759504,220,255,1702,1145,230,0,0,51265
BV1X5hGzJEXA,114963540614478,1,251,2152,三农,美食记录,http://i1.hdslb.com/bfs/archive/b40a80de7c116e9a2cba0153681bcb882900d2f8.jpg,第一次卤鸭货，味道还行，十多分钟全部卖完,1754204794,1311,92489589,小李在改变1,https://i0.hdslb.com/bfs/face/71ffa7ce1214a36cc756020a1c40280e2c38cc73.jpg,118434,"味道,卤味,探店",524431,2248,2014,4653,16823,1315,0,0,44644
BV1NPtFzfExZ,114980502574245,1,47,2037,同人·手书,同人动画,http://i2.hdslb.com/bfs/archive/5d8b06a8f7a6bbf551e17fbd7f242031eca5b01d.jpg,你成为了雷杰多的人间体 来到原生之初去教育土著P38,1754473249,674,1415483599,磷火动漫,https://i1.hdslb.com/bfs/face/661e0d82e5a2bb135ab6db4e0a28fc12aa272888.jpg,946711,"奥特曼,小说,笑容加,磷火宇宙,原创漫画,电动牙刷,usmile,爽文推荐",74606,1435,512,2123,1880,70,0,0,7135
BV1A8tGzbEiA,114970268278550,1,253,2042,动漫杂谈,动漫评论,http://i1.hdslb.com/bfs/archive/1aa6e211a0e82fa21e09ffe786d3d9a82d3b3fa5.jpg,洛克斯两颗“传说果实”是什么？威胁伊姆和圣地的力量！！神之谷之前的阴谋预演！海贼王1156话细节伏笔分析！,1754308800,670,488779255,动漫作业本,https://i1.hdslb.com/bfs/face/cef5ab0106a79aa442efbc63c4d0bca29707eeb1.jpg,1614081,"海贼王,发现宝藏动漫,溪木源航海王男士,路飞,巨人国,恶魔果实,香克斯,蒂奇,艾尔巴夫,洛克斯",401159,788,939,1129,1050,277,0,0,14420
BV1c382z4EMs,114947770025719,1,138,2196,搞笑,职业vlog,http://i1.hdslb.com/bfs/archive/b736ac9b42c8f1a4e2cba9bc4af84715033454da.jpg,谁还没点副业？,1753964553,114,1343576122,城市猎人山猫,https://i1.hdslb.com/bfs/face/2a095aebee4773165c3d0b099abf0c8f33281221.jpg,1578348,"创业,生活记录,赚钱",4344702,2303,4431,28218,26092,8747,0,27,327261
BV1FThjzrEC8,114967164493066,1,17,2078,单机游戏,沙盒类,http://i0.hdslb.com/bfs/archive/6aa408df7967b72af4bcc0d9c2af48d65fee3a72.jpg,新生物霸凌了所有人...,1754298000,775,298276958,Mythend,https://i2.hdslb.com/bfs/face/27144113f342ee62ac61a964cea35ba075bb6376.jpg,255467,"我的世界,小游戏,Minecraft,乐魂",1631073,3270,2382,46684,40730,4696,0,11,132893
BV1nRt3zpEa3,114970587043226,1,253,2042,动漫杂谈,动漫评论,http://i2.hdslb.com/bfs/archive/d9101238e809990ac0cd1846177a0b716806aa03.jpg,喜羊羊和熊出没，谁更能代表国产动画？,1754366400,796,293673997,二啦不二,https://i1.hdslb.com/bfs/face/0ddccafdd0d3a7c33541bf6a917f1f3892aec5b7.jpg,150540,"动漫杂谈,喜羊羊与灰太狼,动漫二创,熊出没之重启未来,赵琳的探险日记2,羊村守护者11狂野新宇宙,熊出没,逆转时空,喜羊羊与灰太狼之羊村守护者,bilibili次元论战",558216,4837,3415,9700,9488,306,0,0,18009
BV16BhHzREww,114953071697393,1,47,2055,同人·手书,二次元绘画,http://i2.hdslb.com/bfs/archive/d09546b48776b04e4cef2f5818c50bba402376b6.jpg,这些原神/崩铁图将不再更新！,1754045198,63,3494365922069299,青辞川,https://i1.hdslb.com/bfs/face/0bda5aeedffb252a36e64ada139ccc89c623dddf.jpg,136345,"同人,插画,绘画,板绘,崩坏：星穹铁道,崩坏星穹铁道,米哈游,原神",1792721,252,2911,46023,57242,802,0,33,302004
BV1838RzbExQ,114935807939515,1,256,2015,短片,娱乐综合,http://i2.hdslb.com/bfs/archive/39141f4d5a611bafca26d497ad7c070b83b471e6.jpg,热烈欢迎倪萍老师！啥也不说了，看吧！,1753934400,1521,1532165,papi酱,https://i2.hdslb.com/bfs/face/e45a7b248f496fad8b32d3b9cfa0335339331798.jpg,8186618,"演员,搞笑,papi热烈欢迎,倪萍,主持人",884459,8336,2840,9724,36264,3726,0,80,106097
BV17whgzDE4y,114962634709280,1,138,2063,搞笑,鬼畜综合,http://i0.hdslb.com/bfs/archive/62be32ce7accfaf78b3aca270e4b00946bd8fef3.jpg,师傅不是不爱说话，只是没招了。,1754190657,24,1770749483,万能的洪师傅,https://i2.hdslb.com/bfs/face/b6d052263282f5c563505593eb8ee653a4ff9638.jpg,264035,"原创,高能,搞笑,师傅你是做什么工作的,段子",604663,166,776,6716,552,616,0,0,104130
BV1Pi8kz9EbM,114945823935995,1,252,2039,仿妆cos,cosplay,http://i2.hdslb.com/bfs/archive/ccaa40649b89a28c22617efe9cc7c013044a76a4.jpg,当我放弃白幼瘦审美后……,1753934491,36,260199948,林茂茂_Lin,https://i0.hdslb.com/bfs/face/b4203490608f2bd29a79c9f8246542b0ced370fd.jpg,53330,"罗小黑战记,cos,罗小黑战记2,电影罗小黑战记2,鹿野,反差",5903870,1569,5936,47288,12567,5619,0,21,612427
BV1af49zdEBF,114977197267045,1,65,2071,网络游戏,射击游戏,http://i1.hdslb.com/bfs/archive/b72092e810aa6dd8c209a0bd80328092b607574b.jpg,暗区突围：重生之我在暗区当大运，RPK原型枪盾配上绿鹅重装在强台是库库白给还是乱杀？,1754413050,504,1624028186,蹭饭不下饭,https://i2.hdslb.com/bfs/face/aa44dfefc89c9a90bff988ef39e8e5ebd72a9c55.jpg,177991,"娱乐,游戏实况,搞笑,暗区突围可颂作者团,大运,原型,教程攻略,操作,暗区突围,推荐宝藏游戏",62892,274,188,1084,591,50,0,0,3964
BV1B3htzqE6J,114957752474646,1,65,2078,网络游戏,沙盒类,http://i2.hdslb.com/bfs/archive/10de952b7b93febee82912c0be3b1eca9d5884d3.jpg,当我无法拾取掉落物，甚至经验,1754116389,330,35734399,小橙子姐姐解说,https://i1.hdslb.com/bfs/face/7af5ccb8df46b88ff13b172fabbfab94aad5eb28.jpg,2224669,"我的世界,沙盒游戏,minecraft,小橙子姐姐,推荐宝藏游戏",1479320,4213,275,9161,961,74,0,0,28820
BV13VtGz3EP7,114970117473430,1,228,2090,人文历史,人文历史,http://i0.hdslb.com/bfs/archive/98f252b7c5c21f982476a21279d0614ee2c72637.jpg,诸子百家,1754305213,1178,1150791631,许右史,https://i1.hdslb.com/bfs/face/7f167d36690fa6f79141a09eed7acde2302d8a15.jpg,934231,人文历史档案馆,145078,807,587,6189,3128,363,0,0,12053
BV1ofhEzCEZE,114952400607365,1,17,2171,单机游戏,动物综合·二创,http://i2.hdslb.com/bfs/archive/a1280bc71174507d3dd028151c25f4c6099f583b.jpg,我是为奶奶分担家务的好猫！,1754380800,248,14576879,里昂聊游戏,https://i2.hdslb.com/bfs/face/5a5d2e7392187a3d76109619d05f7c011c724b95.jpg,1709341,"云鲸洗地机,云鲸轻集污洗地机,云鲸S3Island,云鲸AI免维护洗地机,文静,内向,整点电子榨菜",2133454,1565,338,33842,2979,330,0,54,55321
BV1nQt3zsE2J,114970419266894,1,219,2168,汪星人,狗,http://i0.hdslb.com/bfs/archive/e55f61c238ac7df25fe0ff8b2aa0401298376854.jpg,爱吃苦瓜的小八戒永远离开了,1754309940,511,509278225,豫西小丁,http://i1.hdslb.com/bfs/face/aac093c74838f2fa54118da43a6b9419b9f62087.jpg,769045,"苦瓜,高加索,白菜,八戒",439777,4114,5316,2415,24342,1384,0,0,39585
BV18ZtAzEEzS,114981978836491,4,171,2070,电子竞技,MOBA游戏,http://i2.hdslb.com/bfs/archive/8cf7faa887a5f133085ef31735c2ebe3ed2378d0.jpg,【2025LPL第三赛段】8月6日 IG vs AL,1754485815,7845,50329118,哔哩哔哩英雄联盟赛事,https://i2.hdslb.com/bfs/face/544c89e68f2b1f12ffcbb8b3c062a3328e8692d9.jpg,15635022,"IG,LPL,英雄联盟,电子竞技,AL,游戏赛事,2025LPL,LPL第三赛段,lol,2025LPL第三赛段",474771,4955,5175,712,826,210,0,0,4542
BV1u28EzfE9H,114930808328322,1,17,2079,单机游戏,其他游戏,http://i1.hdslb.com/bfs/archive/070930a2ad60eff6b5dfd3cb02144c77d635ad86.jpg,【warma】种地游戏我跟你拼了！！！,1754020800,2486,106320250,warma养鸽场,https://i1.hdslb.com/bfs/face/0158d4c603801e0934bb23c8b478ccc8561d585a.jpg,1308410,"独立游戏,实况,warma,另一个肉鸽农场,肉鸽,策略,种田,休闲,沃玛",757940,2151,1343,15821,11958,1769,0,0,48031
BV11WhMzoEwd,114961560902585,1,172,2071,手机游戏,射击游戏,http://i1.hdslb.com/bfs/archive/50cd14436a551c1660048b523f51f12fac6f157b.jpg,挑战用苏尔南手枪赚百万！,1754175313,468,700516468,松下千秋77,https://i1.hdslb.com/bfs/face/1d860b1b059fbcbc09c269b8d7a7e52603b3c283.jpg,395877,"地铁逃生,苏尔南手枪,和平精英,松下千秋",3251174,434,199,30325,1264,65,0,82,34172
BV1ud81zqE4W,114948004910116,1,250,2158,出行,旅游记录,http://i2.hdslb.com/bfs/archive/712b71a2bfe24380e35dfc740f52ef95cf6a4301.jpg,我真没偷渡！船是自己漂过去的！,1754389800,729,1837252267,虎牙青年Plus,https://i1.hdslb.com/bfs/face/eb332010521dffc55e69f81a5ff5b9eba8870478.jpg,722802,"旅游,越南,边境,瀑布,自驾游,环游中国,广西,崇左,友谊关,旅行攻略UP主激励计划",952809,1878,573,5245,2590,626,0,0,19222
BV145h7zREN5,114951393904891,1,17,2078,单机游戏,沙盒类,http://i0.hdslb.com/bfs/archive/eef68581353c909645d54bd30496c35b6cfe7fd7.jpg,我被质疑为AI 耗时三年的顶级二创有多离谱？,1754033400,223,493836206,Apple苹果酱喔,https://i2.hdslb.com/bfs/face/a8abacbc4fde2346e15c01bf0a24ec94e93df3f4.jpg,481344,"我的世界,MC,Minecraft,爆肝,原神",2488233,1885,3500,114361,141109,8818,0,7,371123
BV1Znh3z4E9U,114964127944540,1,17,2078,单机游戏,沙盒类,http://i1.hdslb.com/bfs/archive/1b40c0a87993f399996ec7f0a27a776e23922fbb.jpg,“挑战跑酷不踩到绿色”,1754213608,160,599112147,清烛MII,https://i0.hdslb.com/bfs/face/9b3c938d35fa410a383f236af6603d1347277cd6.jpg,53707,"无缝剪辑,我的世界,沙盒游戏,混剪,Minecraft,卡点,挑战,像素风",241419,917,704,8728,7920,497,0,0,40301
BV1KatjzCEMH,114973992820518,1,205,2083,社会,综合资讯,http://i2.hdslb.com/bfs/archive/b1a46905b51f1f29b9c68585985c8f271e6f69a0.jpg,【1818黄金眼】就没见过比我‘非’的！600多抽的沈星回与宣传不符？,1754364058,250,354077280,1818黄金眼,https://i0.hdslb.com/bfs/face/30f3ff3f2af66abbbcc6a93c8b65e7886d33b88c.jpg,914872,"抽卡,社会,氪金,手游,恋与深空,沈星回,1818黄金眼,乙游,资讯直通车",232979,2053,3891,1724,4235,8959,0,0,11316
BV1fehJzSECM,114952350337115,1,138,2203,搞笑,生活技能,http://i0.hdslb.com/bfs/archive/13a2ba16cceb7e728cfc97784396a5ef46254f65.jpg,那个去油贼强的洗发水其实是果壳的…,1754215200,696,327757321,摸鱼事务所,https://i1.hdslb.com/bfs/face/93c8bd776691b3b114b5e06f5c8dff96a28f7c82.jpg,1975694,"生活记录,洗发水,果壳,头发,周末可做的N件事儿",367459,1151,586,2170,3193,354,0,0,15405
BV1RytgzgEiV,114969278420340,1,251,2083,三农,综合资讯,http://i0.hdslb.com/bfs/archive/3b9b9ebaa7e1fe0f72e9a621209a6693d4b98748.jpg,鱼没钓到多少，家被偷了！,1754292412,534,67141499,大漠叔叔,https://i2.hdslb.com/bfs/face/a33efe2cc12b4f27e586a835ffc9d18483eab525.jpg,6168724,"搞笑,钓鱼,漠叔,西沙,三沙,海钓,户外钓鱼图鉴",678345,3111,1575,3408,14901,1197,0,0,58976
BV1vJhtzwEAn,114958004133041,1,21,2154,日常,剧情演绎,http://i1.hdslb.com/bfs/archive/3865de14b87d34c64ebcd7e2e6325cad490703e4.jpg,当你高考战胜30万人 终于来到了浙大…,1754120146,67,3494373119494756,itsboiJOE,https://i1.hdslb.com/bfs/face/cafb480e86c0b35a81243c9b318b171af860ebcb.jpg,5228,"生活记录,宿舍,大学,校园",1649225,817,3445,23553,6258,14503,0,0,152631
BV1bch3zgEEu,114964345920982,1,208,2092,校园学习,心理杂谈,http://i0.hdslb.com/bfs/archive/da72318846047845f9a588cc828aa4d90d7836b3.jpg,其实父母根本没有教过我们如何社交,1754217206,136,25694274,小五只会一点点,https://i0.hdslb.com/bfs/face/dac3f29feb6f36bea16d4a81eb2b423381528efc.jpg,560701,"心理,职场,家庭,人际关系,拒绝,社交,大学生,父母,原生家庭,学生UP主养成计划",123495,27,278,17287,1039,418,0,0,22726
BV1UbtEzWEqd,114974865360009,1,27,2043,综合,动漫速读,http://i2.hdslb.com/bfs/archive/a5bf37ed20f7152a7f9a0376a245ca9a9e528f30.jpg,【上帝已死】众神下场屠杀人类？比血十字凶狠100倍？,1754388000,617,289800612,圈踢动漫,https://i0.hdslb.com/bfs/face/eb7b7339a2f62e52e41ea20838929ae809789ee6.jpg,366818,"漫画,重口味,综漫,上帝已死,美漫,漫画推荐,重口漫画,猎奇漫画解说",653565,1919,3045,18195,1524,626,0,0,24942
BV1pFhNz2Eni,114959430192048,1,184,2043,预告·资讯,动漫速读,http://i1.hdslb.com/bfs/archive/fa1fc6256c6d45eaa0f83a63ac6fcca915f9bcf3.jpg,第一集 |【第一集】开局就要被祭天，这公主老娘不干了！,1754142041,534,3546673368271122,江贝塔啊,https://i0.hdslb.com/bfs/face/8bcd6436d09ddaee3a0d7706cd8c8d52127a0542.jpg,61846,"二次元,国产动画",359598,534,745,18383,3645,168,0,0,41097
BV1Hx4fz9Ers,114978505886519,1,138,2054,搞笑,二次元其他,http://i1.hdslb.com/bfs/archive/1057b9dc7d05ee02db9992eaa5fd7f767d95302c.jpg,2025-8-6牛B又活了一天,1754432978,31,19550011,章鱼哥治愈馆,https://i1.hdslb.com/bfs/face/0e1ea3cd8f686b4716c8846904a6460cee493b08.jpg,680817,"幸存者,画师激励计划,章鱼哥治愈馆,牛B又活了一天,每日存档,幸存者大军",261384,20477,5552,7665,4978,2549,0,0,92009
BV1w1hTz9EmX,114962181655420,1,182,2094,影视杂谈,科学科普,http://i2.hdslb.com/bfs/archive/65a8c31c89da326c0bec42a7dc2beed78bec0b9f.jpg,2000年前的黑科技！一根木棍算地球周长比卫星还准！ 古希腊学霸骚操作：用棍子算出地球大小！真跪了！,1754183836,76,1537646108,Rap_科学,https://i2.hdslb.com/bfs/face/a5ce03551d3f5a3c1a4f71f90d80681f998be901.jpg,5805,"科普,科学,说唱科普,地球周长,埃拉托色尼,超清科普小课堂",299014,136,1777,3814,512,252,0,0,19666
BV1Tdh7zoEFZ,114951276463255,1,65,2071,网络游戏,射击游戏,http://i2.hdslb.com/bfs/archive/b8f3777b3ad2e24a08e45418352cc30c451f3e15.jpg,【我的洲】bro懂我的爆率！超算单元！#10,1754017685,282,325194407,文尤里,https://i2.hdslb.com/bfs/face/b6544a3402547aaea3169ca63a90d37c25033664.jpg,41677,"直播,三角洲行动,三角洲欢乐剧场,我的洲,mc",2841357,719,1353,16441,12781,7163,0,57,151665
BV1gUh7zaE47,114951091915422,1,208,2085,校园学习,非应试语言学习,http://i1.hdslb.com/bfs/archive/5c68b4cdaa2febfb2541311534821de5d0ca791c.jpg,英文：我赚够三千万就收手！,1754014747,62,302197524,johnhuu,https://i0.hdslb.com/bfs/face/5afb9e6837b896afa28f47bb98b708bb535d6af3.jpg,1862451,"英语听力,英文,英语口语,英语学习,外语哔哔King大赏",731903,900,1313,7364,1183,573,0,0,29993
BV19AtgzuEU4,114969731532403,1,126,2063,人力VOCALOID,鬼畜综合,http://i1.hdslb.com/bfs/archive/ebf070e832e4a758b0316d22275ccb2cc1fca525.jpg,全认识的可以把自己加进去了,1754299187,88,19071708,潮汕好男人,https://i0.hdslb.com/bfs/face/2a4c1b3c2d8f48a58c5f818287c90a6ea78d7907.jpg,2193538,"全明星,洗脑,鬼畜,美美桑内,One Spot,NINA,蜜汁好听,沈佳润,黄绿合战10th-绿队应援",221933,4106,510,6663,3641,900,0,0,29846
BV1ZDtEzMEeu,114974429023080,1,250,2145,出行,传统手工艺,http://i1.hdslb.com/bfs/archive/a0eed6d7ff525258a079aa0c9d14ce08077f2dba.jpg,“中式十大雅事 你最喜欢做哪一个呢”？,1754370731,125,3494364072380525,风景旅行收藏家,https://i2.hdslb.com/bfs/face/ace12fc4e32a46bc07aa82b15b705ed0cfeec5e8.jpg,1434502,"古风,传统文化,风景,中国风,国风,中国,治愈,文化,记录",465146,151,208,54794,2589,301,0,0,49327
BV1qLh8zkEYg,114958608107657,1,27,2040,综合,二次元线下,http://i2.hdslb.com/bfs/archive/946412b1b1ffc21950cc1bc84e17e45adf203e51.jpg,木叶村里的ktv聚会,1754129797,82,2114090017,小咩快跑丶,https://i1.hdslb.com/bfs/face/46963e13a392d1831d7e626f6c708f03e8c5dba5.jpg,699770,"火影忍者,二次元副本挑战者",1125917,571,1457,23756,3920,5182,0,0,91146
BV1574dzYEmM,114976274584679,1,172,2064,手机游戏,单人RPG游戏,http://i2.hdslb.com/bfs/archive/3ca44b73d673564698ddada41ac7e5d882222d29.jpg,全网首发！让阿夏和班尼特再次相遇！,1754398949,1059,449776054,伊甸之伊,https://i1.hdslb.com/bfs/face/dfdcbc224ee65fc000acb0b267cd5f0d9eb871bf.jpg,202657,"原神UP主激励计划,冒险游戏,娱乐,二次元,RPG,教程攻略,纳塔,bug,原神",141741,1875,530,1607,1846,328,0,0,11835
BV17ChgzXE3Q,114964262165943,1,17,2066,单机游戏,单机主机类游戏,http://i1.hdslb.com/bfs/archive/3fb4375d71a7a036a7852841ffa7f6cdf308911b.jpg,当丧尸离你只有一墙之隔，请想尽办法活下去！,1754219600,1682,26240675,与山0v0,https://i2.hdslb.com/bfs/face/1dd429855a968c9d22b8ccc000a7aaabe8dbc201.jpg,4960347,"生存,僵尸,游戏视频,实况解说,单机游戏,丧尸,勇闯死人谷,steam游戏,推荐宝藏游戏",484539,2040,990,7948,10836,509,0,0,38725
BV1TztnzsEWF,114975653761865,1,76,2149,美食制作,美食制作,http://i1.hdslb.com/bfs/archive/1d33dab1535c3242e8e315b51576b2f2404d6bf6.jpg,《半夜饿疾自救指南》不开火把家里物资通通变小吃,1754389511,192,3546570674932451,茄猫的罐头,https://i2.hdslb.com/bfs/face/5a7adbd2cd769623efb5cd1c1076a72b658e9972.jpg,645570,"美食制作,厨艺,美食教程,懒人食谱,空气炸锅美食,不开火料理,邪修料理,自制零食,微波炉料理,我用美食搞事业",755347,63,119,56743,4961,400,0,85,41170
BV1swtnzSENt,114975787979942,1,230,2027,软件应用,音乐综合,http://i1.hdslb.com/bfs/archive/bdca8f34220793113f9550713990981fdaa2d411.jpg,听歌识曲~|166|,1754391494,71,1812694296,贵族小球,https://i0.hdslb.com/bfs/face/88b91940df403340afdf1b843effa915f1eacc45.jpg,271512,"纯音乐,音乐,BGM,听歌,#猜歌名",192342,234,476,2704,652,203,0,0,19438
BV1HXt3z9Eac,114970402492464,1,252,2020,仿妆cos,翻唱,http://i1.hdslb.com/bfs/archive/272c4f3b794c61966efa05ca2e02e016e9ca954a.jpg,蓝莲哈,1754309287,90,16993069,林芷伊kiwi,https://i1.hdslb.com/bfs/face/602512a85adb8231973dfd9ddc3694c031f4a7fa.jpg,327295,"翻唱,蓝莲花,赛马娘,哈基米",1011086,1166,3590,8875,18422,9462,0,0,103887
BV1esh8ziECE,114958708775689,1,182,2088,影视杂谈,社会观察,http://i1.hdslb.com/bfs/archive/2707ec5ca6f78d2b6cd0a65cde7609648c2fe9d6.jpg,敬女性力量！为底层人民发声，向权贵问责，一曲印度女记者的战歌！《以火书写》,1754130729,1009,1475184491,晋鱼电影,https://i2.hdslb.com/bfs/face/7e208cad5437601b0b990c2c7d233f55adba6cbd.jpg,59017,"女性传记,女性力量,女性成长,B站好片有奖种草,影视IP观察室",113286,365,163,4794,4379,245,0,0,25971
BV1HGtFzpE4W,114980485665540,1,250,4218,出行,钓鱼,http://i0.hdslb.com/bfs/archive/ad3ecd71b2caceca1b5b0fad2803d7e1526b0b07.jpg,荒野钓鱼求生第二季（第25天）,1754470800,654,3493298161322384,小宋野钓,https://i2.hdslb.com/bfs/face/8ffce7572544d68b135ba75e1f5db1a7f3a74975.jpg,182090,"生活记录,探险,荒野求生",170382,3357,1706,587,7661,185,0,0,15862
BV1hvtwzLEFj,114981072932635,1,24,2037,MAD·AMV,同人动画,http://i1.hdslb.com/bfs/archive/d03974bd023a965c96d00bb468872a5beaeebbe8.jpg,【绝区零】爱丽丝要消除一切不对称！ ！,1754472025,43,1479017848,Superappleman,https://i1.hdslb.com/bfs/face/208b6b05aa4b2cdd2497e9cfb0c5d5e26ccc7388.jpg,334495,"绝区零爱丽丝,ZZZ CHOICE,绝区零爱丽丝二创,爱丽丝",185940,112,459,3602,2554,709,0,0,26389
BV1xrtuzWELR,114969630740556,1,65,2071,网络游戏,射击游戏,http://i2.hdslb.com/bfs/archive/14299fed08ec378a476c8cea36a52f1591df5593.jpg,香港网吧提前偷玩战地6？这代战地大概率很稳！值得预购吗？,1754297507,139,296492765,著名神经哥,https://i2.hdslb.com/bfs/face/2729c995811b522d528538578419d908c12fa160.jpg,1214479,"网络游戏,香港,电子竞技,多人联机,FPS,战地,射击游戏,战地风云,战地6",114745,152,425,1262,753,732,0,0,8084
BV1EN4dzrErU,114976677235788,1,138,2154,搞笑,剧情演绎,http://i0.hdslb.com/bfs/archive/3d5a889d2ba9154655fb9e80ea98b1cbe755fccb.jpg,当小小人玩cosplay,1754405033,66,595646,菇菇米_Gugumi,https://i2.hdslb.com/bfs/face/29e7293d5523401bd60cfb037036c38936bbc345.jpg,289762,"搞笑,生活记录,创意,娱乐,小小人,搞笑研究所",241840,114,137,673,525,102,0,0,25709
BV1DFtLz1Emn,114972583532479,1,47,2037,同人·手书,同人动画,http://i1.hdslb.com/bfs/archive/fd05168d272f6f4f517b11174bb86c6e100bad1c.jpg,【三角洲/红狼&深蓝】那你再看看你前面呢（,1754342623,20,1632841095,巨日地板,https://i0.hdslb.com/bfs/face/50d9eb192a99ed8c22944f2f67ee2b8375572457.jpg,2653,"动画短片,同人,三角洲行动,红狼,深蓝,meme,三角洲破壁新赛季上线",416955,99,463,8618,708,698,0,0,26607
BV1nshLzgEAT,114965755202478,1,172,2073,手机游戏,动作竞技游戏,http://i0.hdslb.com/bfs/archive/78a6a9fa2019f9527d8e42b1b80839cd298e3f75.jpg,只用氪金忍者上段#26,1754301900,868,50001728,赵小天咯,https://i2.hdslb.com/bfs/face/08b4694637b510ee9c133ec2ba0d6b38f338d0ee.jpg,633821,"搞笑,火影忍者,决斗场,泳装黑土,泳装鼬,我要上超影,夏日黑土,格斗游戏,火影忍者手游",334689,3651,616,3026,2659,132,0,0,19328
BV1YptnzKEh8,114975569939746,1,59,2031,演奏,明星舞蹈,http://i2.hdslb.com/bfs/archive/3a391a80953d8c6845f8574c09a8e4b4843263cb.jpg,暗香残留,1754388073,47,385534216,段俊piano,https://i1.hdslb.com/bfs/face/f9a72b873971d4ed869a290e1cb27b5b0468afc8.jpg,1263228,"钢琴,段俊,沙宝亮,暗香,KPOP回归前线",332185,174,338,754,1233,322,0,0,22233
BV1F4h4zBEhF,114956359965743,1,126,2063,人力VOCALOID,鬼畜综合,http://i1.hdslb.com/bfs/archive/b207567047ade075cbf8deceb4eebfcdf21c1179.jpg,【哈基米】猛毒注意（完整版）,1754128800,88,519584099,是Ella,https://i2.hdslb.com/bfs/face/72571c356c74e8f7d4598e8d45df0d96378b3c31.jpg,11842,"可爱,手书,鬼畜,猛毒注意,哈基米,鬼畜星探企划",681875,254,2028,73314,19682,9479,0,73,139027
BV16Qt3zsEYE,114970419334293,1,212,2158,美食侦探,旅游记录,http://i0.hdslb.com/bfs/archive/c1f634c51187c65f9b2037fa9079a5fde4b63321.jpg,一个人用周末24小时去如东吃虾籽烧饼和海鲜是一种怎样体验,1754310172,424,503995541,南京刘好燃,https://i2.hdslb.com/bfs/face/17f2974dc0846dab7dd54454661d5b31e6e228cc.jpg,369088,"海鲜,生活记录,旅游,宝藏小城,虾籽烧饼,记录我的美食日常,赶海,周末旅行,南通美食",66047,139,222,1136,691,1314,0,0,4073
BV1xFhuzAE2L,114961376349318,1,218,2167,喵星人,猫,http://i0.hdslb.com/bfs/archive/47b6cb5494a9aae8001c655201df9f0ab916a2c8.jpg,沉浸式清洁猫屋 yue版,1754171564,138,16301219,小伙子软软,https://i2.hdslb.com/bfs/face/99276122a13f651c730aa1e295e9faa47d8e8a2c.jpg,60835,"喵星人,我和流浪猫的故事,解压",181675,320,195,1829,31180,142,0,0,46888
BV1R4twzSEPv,114980888249669,1,27,2037,综合,同人动画,http://i0.hdslb.com/bfs/archive/cb529edc44bdcf4648e05de2f494170c0e9e267b.jpg,身份失格：疗养院（第16集）团灭,1754469388,320,51903809,阿伟优创动画,https://i2.hdslb.com/bfs/face/091a5e19d7bc02937cc3b760a94763ffd70df8e1.jpg,355171,"原创动画,动画,动画短片,冒险,悬疑,身份失格,异能",52556,507,344,1400,1981,43,0,0,7046
BV1ZRtEzvE5u,114974647128942,1,21,2155,日常,语言类小剧场,http://i2.hdslb.com/bfs/archive/b210d4c47f207df02ae2903b6b2a4418dd558598.jpg,信我的，谁家的钱也不是大风刮来的，票价该多少钱就是多少钱，一定不要因为支持我，给自己增加经济压力和困扰！,1754395800,51,3493261712820480,临沂房主任,https://i0.hdslb.com/bfs/face/d11614edb3e8d86ab57088b849ba48b87d33f199.jpg,45937,"脱口秀,搞笑,喜剧,巡演,记录,拒绝黄牛,房主任,多元视角看娱乐",165186,161,601,929,4024,369,0,0,37611
BV1PxtGzwEZL,114970251494836,1,47,2037,同人·手书,同人动画,http://i1.hdslb.com/bfs/archive/6d33108d84f5b5dae344a33f73e7f857721de470.jpg,师祖劝我向善我反手让李长老修为掉段,1754307095,162,3629946,红色社畜,https://i0.hdslb.com/bfs/face/f6e4659710fef9beec9c7addf7cf889a9b6452e6.jpg,552782,"短剧,修仙,原创动画,动漫,二次元,搞笑,粤语,穿越,动画短片群星计划",270851,155,306,7835,1278,145,0,0,31487
BV1JYtczoEhw,114981475454121,1,17,2078,单机游戏,沙盒类,http://i0.hdslb.com/bfs/archive/c9ba3b83db3a1231fb936c3a8478f2713b7e5633.jpg,极限追猎！Dream大神 VS 4名顶尖猎人！,1754478524,532,3546854658673221,爱速通dream,https://i0.hdslb.com/bfs/face/f30438305df632717b3d865c14a5a62f364fedfa.jpg,112521,"沙盒游戏,搞笑,我的世界,MC,Minecraft,猎人游戏,追杀,像素风,Dream",45572,1366,518,1394,1570,934,0,0,5907
BV1pkhtzjECC,114957685360109,1,162,2055,绘画,二次元绘画,http://i1.hdslb.com/bfs/archive/20d59d79e04e80b0ff2d368be88c53e5f04bcf00.jpg,你可能不认识我，但你一定看过我的画。,1754115341,32,28253849,桑德兰的等待,http://i2.hdslb.com/bfs/face/168324a6bdbad8786e31ee0bc302fd0c8535904a.jpg,35650,"绘画,插画,三国杀,王者荣耀",651546,366,853,4963,845,757,0,0,81934
BV11ntgzoEMF,114969530205443,1,17,2078,单机游戏,沙盒类,http://i2.hdslb.com/bfs/archive/323b2d968886b0696dbd8e40fec1693b5d7d8923.jpg,这不比手术刀好用？,1754298000,1003,19512037,纪夫Junly,https://i1.hdslb.com/bfs/face/66c9b0f2d84ee09c2c4209894e09a9dfac1806fb.jpg,685225,"小游戏,娱乐,游戏,我的世界,搞笑,Minecraft,纪夫Junly,MC宝藏模组推荐",399632,1868,701,10989,3994,140,0,0,24576
BV1tqh8ztEuQ,114958306116091,1,65,2073,网络游戏,动作竞技游戏,http://i1.hdslb.com/bfs/archive/78286a949cea1ee8cb855bc3fb56fefaf7c50d78.jpg,七月初七 淮水竹亭.,1754132400,247,3546901792164649,春月cxy,https://i1.hdslb.com/bfs/face/563ed168d6277e974542e7a803642456b9c06df7.jpg,70843,"剪辑,决斗场,火影忍者手游,人间白首",592028,367,674,21063,12666,1477,0,0,47900
BV1ZLtFzJE5n,114980116499731,1,21,2154,日常,剧情演绎,http://i1.hdslb.com/bfs/archive/1bfaf92254a25daabd8750c8bc3a778eded3082d.jpg,我是apple！apple（怒）,1754457959,167,1443546125,阿玉老贼,https://i2.hdslb.com/bfs/face/c03cf386a8e76ac1d3060796d343b4cc829f2f93.jpg,236239,搞笑小剧场,109495,6132,479,1017,578,289,0,0,19362
BV1zC8BzaEPq,114943810606823,1,250,2150,出行,美食探店,http://i1.hdslb.com/bfs/archive/5347e6df00e7ce7efbd6c8344424119d817d9e37.jpg,跟着小学生连吃6家！泰国校门口的路边摊到底怎么样？,1753952400,668,14110780,凉风Kaze,https://i1.hdslb.com/bfs/face/e0cc906bb531195e9ee9f3b575effdd2b056eaea.jpg,7151339,"街头小吃,街头美食,泰国,跟着UP主看世界,路边摊,阅片无数,凉风Kaze",995841,1263,573,2415,1482,279,0,0,38507
BV1WXtVzaEhN,114971174244398,1,172,2064,手机游戏,单人RPG游戏,http://i1.hdslb.com/bfs/archive/d413e33c4674a9dee1ae54df49280e546405e91b.jpg,绝区零全角色街头颜值打分（OOC致歉）,1754321152,305,5541063,一颗白矮星,https://i0.hdslb.com/bfs/face/acd94a07c11321fbc8876ff473e767c3e9419a41.jpg,1136,"街头采访,绝区零剪辑,绝区零UP主激励计划,颜值打分,整活,绝区零",234855,347,362,3529,1631,1395,0,0,21434
BV19fhAztErD,114941042364514,1,182,2001,影视杂谈,影视解读,http://i2.hdslb.com/bfs/archive/1a90fc85207237a7fd0e0fc56f3586ac6254ea80.jpg,霸总的好演技VS影帝的烂演技,1754050080,1359,13245875,长颈鹿不护短,https://i2.hdslb.com/bfs/face/a34a0775ec9ef046e1a75593348fcffe5a4c0461.jpg,73956,"王子变青蛙,对比,电视剧,吐槽,翻拍,爱情睡醒了,演技,台偶,霸总,影视IP观察室",471575,2935,3615,5504,5831,1673,0,0,17508
BV16ohpzhEUG,114954430582357,1,252,2207,仿妆cos,随拍·综合,http://i2.hdslb.com/bfs/archive/edcb774c4e6fba57b512ae0ce713fb436aa9535f.jpg,『自存特效化妆  矿石病的发展 魔王阿米娅手部部分试妆,1754065855,44,661074728,簌雪在这里,https://i2.hdslb.com/bfs/face/9170a54d5f2d93bd621e5669854c48fd7b2bdbdd.jpg,810,"特效,化妆,美妆,明日方舟,魔王阿米娅,Cosplay,矿石病",595307,291,1289,11141,1428,5768,0,0,102111
BV1pUt3z4EKG,114970385712379,1,216,2071,鬼畜剧场,射击游戏,http://i2.hdslb.com/bfs/archive/acdff94e1ee8441901b99afc06f5fde85fc10a98.jpg,这桥我堵定了！,1754309147,66,14896506,英豪小丸砸,https://i0.hdslb.com/bfs/face/64469457eb908ecccafa89f863ae791658a4a01d.jpg,58579,"三角洲行动,乌鲁鲁,三角洲,堵桥,三角洲破壁新赛季上线",607494,153,685,2085,1096,1391,0,0,42156
BV19KtgzTEaJ,114969362437434,1,65,2071,网络游戏,射击游戏,http://i2.hdslb.com/bfs/archive/759f6ab32d5c6d8c25c0d5bcd143b2e13b71e8a6.jpg,《田野打架：根号36》,1754293614,145,690441394,雪晶聚合物,https://i1.hdslb.com/bfs/face/9ba7744376735eb13e757690e0e3ada3e104eb52.jpg,15086,"战地,FPS,彩虹六号,明日方舟,崩坏：星穹铁道,三角洲行动,搞笑配音,战地6,战术小队,明日方舟创作者应援计划",106141,386,361,4391,1521,2456,0,0,11742
BV17nhuzUEKk,114963356065402,1,138,2154,搞笑,剧情演绎,http://i1.hdslb.com/bfs/archive/1ecb1c0d2ed7b4dc5bf1c2ef877d58bfada7c108.jpg,在漫展上认真工作的保安,1754211756,163,1835967,善良的诚哥,https://i0.hdslb.com/bfs/face/181e97f366b1cb2bda57b758cd8874315e41b238.jpg,1138927,"射击游戏,娱乐,生活,搞笑,漫展,日常,ChinaJoy,远光84,远光84公测8月7日,沙雕",443607,204,320,1132,559,135,0,0,31662
BV1FS8yzXELz,114946310473855,1,76,2149,美食制作,美食制作,http://i2.hdslb.com/bfs/archive/4a6a11169b0c1c16d73ab41b099e36c7f970dc61.jpg,真的有这么鲜嫩多汁吗？都溅到屏幕了。,1753954200,306,8960728,日食记,https://i1.hdslb.com/bfs/face/1300ff9c3e45014f54ab5bd3602790a378ce6ac4.jpg,8968506,"一人食,猫粮,美食制作,酱油蒸鸡,记录我的美食日常,网易严选鲜蒸猫粮,蒸菜,小馄饨",733713,979,521,10350,6167,2660,0,0,46561
BV1UdhbzxEgt,114959027542424,1,17,2079,单机游戏,其他游戏,http://i0.hdslb.com/bfs/archive/604d4b6f9382d411ea7297948ebdaad3a67c9e70.jpg,不要给陌生人开门，因为你不知道来的是不是人…（剧情最好找异常恐游《谁在门外》）,1754137112,3047,4162287,渗透之C君,https://i0.hdslb.com/bfs/face/a12790be51aa6c9e3583fa94cb9b11cbfe0dacc2.jpg,5647847,"游戏,惊悚,独立游戏,恐怖游戏,解密,找异常,谁在门外,whosatthedoor,悬疑游戏,推荐宝藏游戏",192471,1622,336,3110,3457,442,0,0,14403
BV1Z58yz1Eoi,114946897614466,1,138,2154,搞笑,剧情演绎,http://i1.hdslb.com/bfs/archive/e911b1717d4beca36373d1d9c7072584570a4750.jpg,我很少站外卖员这头的,1753950627,75,3546653338372655,朱山浪,https://i2.hdslb.com/bfs/face/f1c4208068da6f196655679aaa16025b49aaa72e.jpg,248800,"反转,搞笑,搞笑小剧场,朱山浪,外卖",3528476,264,756,37198,1177,333,0,0,87863
BV1eo8Mz3EPC,114907202717893,1,17,2078,单机游戏,沙盒类,http://i0.hdslb.com/bfs/archive/4c2e297688b8c21babb9ca041525663c2d13478b.jpg,野猪小队-第33集-完整版,1754442000,629,11560113,小麦块,https://i0.hdslb.com/bfs/face/7b424bc6060a4fd2600c48ba25296570b4df4a4c.jpg,210315,"我的世界,Minecraft,野猪小队",890196,320,76,11730,595,26,0,0,11741
BV1G9hHzyEkY,114952702531945,1,212,2008,美食侦探,影视综合,http://i2.hdslb.com/bfs/archive/2d01b8113faecfd9ecaae195df89c0bd44691abb.jpg,推荐大家都来看这部电影，我们要铭记历史，吾辈当自强！,1754039224,161,3493260093819171,李维刚的日常,https://i0.hdslb.com/bfs/face/4917c09bdfd5e72f08a04d2c752de48a848a1318.jpg,3595089,"李维刚,南京照相馆,铭记历史",1287789,2508,2583,10293,55009,1148,0,31,236358
BV1vWh8zTEV4,114958792661031,1,257,2044,配音,动画配音,http://i1.hdslb.com/bfs/archive/c449671c5afe912192f10c1ff331aa82901dec4e.jpg,女生自学日语配音练习：Dio vs 承太郎,1754132039,131,3546737601940061,CC的啦啦啦,https://i2.hdslb.com/bfs/face/6d0e2f5b4cc5c00bf4962146d268eab93e838220.jpg,66849,"日语配音,日语,JOJO的奇妙冒险,空条承太郎,DIO,练习,配音,日配,配音练习",747325,591,1373,11037,2162,3270,0,0,85842
BV1MstjzEEoo,114974076699910,1,182,2001,影视杂谈,影视解读,http://i2.hdslb.com/bfs/archive/71fe0433636846c1b51ca5ae7a4ad5f711a52591.jpg,【影Sir】被绿N次后，她用食物相克吃废了丈夫！国产悬疑《双食记》,1754365265,618,242020511,我是影Sir,https://i2.hdslb.com/bfs/face/6654e181947e778f8aa1c83fc9ffe94ae21cdb5a.jpg,742504,"吴镇宇,影评杂谈,江一燕,解说电影,余男,悬疑电影,惊悚电影,讲解电影,好剧好片重刷榜",511720,584,377,2535,531,242,0,0,18368
BV1N2h3zzEBq,114963909709441,1,138,2126,搞笑,户外探险,http://i1.hdslb.com/bfs/archive/b4059a3c2e0e0dca63d70aef3454b37fe25219ab.jpg,【打野默示录】痛饮生化水池！荒漠地图十天纯纯坐牢😮真的传奇耐饿王啊~,1754211797,1076,1379165407,-超级小能猫-,https://i1.hdslb.com/bfs/face/9ba5a55b282a55ac2eb29267ad9ccab381678934.jpg,2401244,"荒野求生,高能,解说,德爷,转转回收,抽象,艰难,转转",1935126,2599,641,28684,7110,1014,0,77,63343
BV1QzhszDEbt,114955185553880,1,138,2040,搞笑,二次元线下,http://i1.hdslb.com/bfs/archive/33efc229cd517847ad7a62058c2594518c38d4ed.jpg,还有什么要我做的嘛？人脉这一块,1754132400,273,108331200,_张天琪,https://i0.hdslb.com/bfs/face/8ebbf4fc358baf9ded623dc113ca92cc431843de.jpg,1350645,"芝麻租赁Chinajoy,日常vlog,cj漫展,主打就一个宠粉",1538402,817,608,16178,1174,160,0,0,67334
BV1LuhGz9E9Y,114963591010927,1,171,2070,电子竞技,MOBA游戏,http://i1.hdslb.com/bfs/archive/a79dd4fa26564cd4c67540196d83a52d2514dfbb.jpg,不是我喜欢的残血，直接开大！！！,1754215200,186,262503053,佐悠-Leisurely,https://i2.hdslb.com/bfs/face/79fef1e68d835d382d582e227e05a8737515a9ce.jpg,1911220,"诸葛亮,电子竞技,搞笑,娱乐,王者荣耀,王者荣耀夏日盛典,诸葛亮峡谷小动物团长,MOBA,王者荣耀山海皮肤",831893,724,821,4204,5497,2104,0,0,59376
BV1uvtFzqE7R,114980166893832,1,247,2109,新能源车,汽车技术,http://i2.hdslb.com/bfs/archive/c7338975a9b1ec8164f8d402b1ee6b44682c2010.jpg,车机为什么干不掉手机？,1754467200,867,133901828,二斤啦啦啦啦,https://i2.hdslb.com/bfs/face/0b57ec446b6a143d84b1dbcacaf655562b89cf93.jpg,1464618,"科技,手机,名爵MG4,智能化座舱,汽车知识,智能车机,阿B车友俱乐部",303626,415,179,2819,2080,528,0,0,13153
BV1LVtEzeEjv,114975100111885,1,172,2079,手机游戏,其他游戏,http://i1.hdslb.com/bfs/archive/d8ca94ad4665ca214ece206bae74a242d9bdb009.jpg,大失所望！奥特曼新游？不如说是半成品加氪金按钮！,1754388300,314,36336420,林虎_LinHu,https://i0.hdslb.com/bfs/face/b88c192a764f5b3737f6093a4ff613e4b7982ef4.jpg,747952,"奥特曼,手游,氪金,手机游戏,搞笑,国产游戏,迪迦,奥特曼：超时空英雄,新游试玩,整点电子榨菜",95311,261,203,2164,1670,80,0,0,8286
BV11HhJzZEFW,114952216053868,1,228,2006,人文历史,AI影视,http://i0.hdslb.com/bfs/archive/d4df3318a47e6e12eda80942fb61b1f3ddc64642.jpg,一口气看完！以郭德纲的方式打开《死亡搁浅》，爆肝33天超长完整版！,1754125200,8470,3546879598005041,替人读书的锅年糕,https://i2.hdslb.com/bfs/face/177fd020b55f780328401d1f8ed359b46d28cef6.jpg,60105,"郭德纲,单口相声,相声,剧情向,小岛秀夫,AI,index-tts,评书,死亡搁浅,推荐宝藏游戏",1574670,2467,1442,46078,29925,13376,0,67,61510
BV1TKhpziETj,114952836750177,1,215,2152,美食记录,美食记录,http://i2.hdslb.com/bfs/archive/76a9887983fb49d000b90edab4277f7915f8ac12.jpg,韩国女校食堂5500元自助午饭长啥样？（今儿全是限量菜）,1754213400,131,101682188,理查不会降落,https://i2.hdslb.com/bfs/face/459fcc7f8fcbe5ab0eac2ee1f39b0dc177d46b5d.jpg,1505881,"韩国,草料哥,韩国美食,大学食堂,谷雨,食堂,Vlog",1444593,955,1272,2481,1433,600,0,0,94563
BV1dktgzrE52,114969228088346,1,172,2073,手机游戏,动作竞技游戏,http://i1.hdslb.com/bfs/archive/d384e8f4db2862d8a8b4539dce4f337a8dc6e14b.jpg,【萌黄速报】9月高招S波风水门[九喇嘛连结]，侠隐新忍揭晓！,1754291292,139,441897078,火影忍者手游情报君,https://i0.hdslb.com/bfs/face/3c975d44586143dd0eb4b121a3437bc8cc696610.jpg,2666433,"火影忍者,格斗游戏,火影忍者手游,火影手游",2074592,12552,13892,15073,5066,49152,0,83,86224
BV14JhJzFEvy,114952182432204,6,172,2076,手机游戏,女性向游戏,http://i1.hdslb.com/bfs/archive/f94703e8acc84a81e1876f0a94998012431d8d6f.jpg,【无限暖暖】1.8版本丹青季 活动攻略合集 史丢丢/拍照/丹青寻踪,1754031548,2683,1773346,莴苣某人,https://i1.hdslb.com/bfs/face/2a973191e45f611699c85d404baee50163a6f2ec.jpg,5564253,"暖暖,手机游戏,游戏,丹青季,无限暖暖,无限暖暖创作者激励计划",253696,64,258,3277,4746,144,0,0,7445
BV1qRtuzyEDd,114969815352595,1,27,2028,综合,宅舞,http://i1.hdslb.com/bfs/archive/040b2be47c07f81acaec7ebb4a3f2de829339552.jpg,舞台就是我的画布  【杭州烤o】,1754300249,120,171796822,鬼鬼_onioni,https://i1.hdslb.com/bfs/face/d6a202a81c0953c7027defe2d343fbc7319b6947.jpg,305289,"宅舞,cos,世界计划,东云绘名,世界计划多彩舞台,pjsk,杭州烤o",134845,33,184,4892,2274,775,0,0,25303
BV1rytEzVEHM,114974496263161,1,228,2103,人文历史,工程机械,http://i2.hdslb.com/bfs/archive/9aed2f84935d4f10057d5161b7cce9c216613888.jpg,1.2万亿再造5个三峡，雅江水电站对中国意味着什么？,1754372103,427,26108626,赛雷三分钟,https://i1.hdslb.com/bfs/face/4eb764b8c6afc48ad1e7aaf84b0f58db3d4dbb3f.jpg,3231200,"地理,科普,三峡,雅江水电站,青藏高原,发电站,雅鲁藏布江,万物研究所",490351,2083,2103,3748,2520,787,0,0,41304
BV1fohnzXE4m,114953256241317,1,219,2167,汪星人,猫,http://i2.hdslb.com/bfs/archive/6fae3bc7497b4a3b1d0e5fc56741dc16e5923f3a.jpg,人生的旷野怎么能缺少小猫小狗呢,1754048084,217,3546946425850423,一口一个团up主,https://i1.hdslb.com/bfs/face/33fcb94a59b9c4e52c8e95ef97176c1cf408474f.jpg,365642,"人生,汪星人,边牧,猫狗,小猫,小狗,旷野,萌宠过暑假",440983,681,1556,8101,6627,2273,0,0,84154
BV1QStGzyEfS,114969983061953,1,162,2058,绘画,绘画综合,http://i0.hdslb.com/bfs/archive/12ef1146fe8b78b9dade69657526747d3855afaf.jpg,怎么找到你的“完美笔刷”｜测试绘画工具和你匹配度的3种方法,1754449200,419,38294246,抖抖村,https://i2.hdslb.com/bfs/face/28c674fede1e474aa91180d0aa07737a3070d460.jpg,1848490,"插画,手绘,绘画过程,板绘,绘画,画师激励计划,笔刷,绘画教程,绘画工具,天生会画",61454,286,345,2629,601,49,0,0,4609
BV1Bjt3zEEMv,114968926096205,1,138,2154,搞笑,剧情演绎,http://i2.hdslb.com/bfs/archive/bc8ad84ed86de02bedb1a2290f3a9163c08224d0.jpg,《关于同事外卷这件事》,1754301600,94,1699496602,李什么闯啊,https://i1.hdslb.com/bfs/face/35c7e7548611cd51bad82e2071bfe739f23315d4.jpg,947653,"办公室,搞笑,内容过于真实",1863784,1088,2251,37355,16658,17938,0,19,231044
BV1Ck8yz4ETH,114946662731144,1,251,2166,三农,农村生活,http://i2.hdslb.com/bfs/archive/fe99d2fa392bdce1354f42debc4013bb89b7a5db.jpg,我爸给羊手术，诊费赚了1200万，我的妈呀！我要通往极乐世界了,1753952712,569,414700515,龙腾虎跃龙兽医,https://i0.hdslb.com/bfs/face/697d80194c5a980fa55b9a200ce8b8ecc41ab39a.jpg,2690070,"生活记录,记录美好农村生活",3439427,2299,4732,25926,14235,682,0,44,167472
BV17sh3z9EPh,114964077484209,1,65,2071,网络游戏,射击游戏,http://i0.hdslb.com/bfs/archive/f857eeedb0f52deb835a4d685383846b9dc1688c.jpg,【房卡杯】屎卡vs神卡,1754212817,379,56324796,夏日瓜牛,https://i0.hdslb.com/bfs/face/76b9c90852430cc99217b2d43df4855394ff5c11.jpg,182684,"三角洲行动,售票办公室,夏日瓜牛,三角洲破壁新赛季上线",613376,1327,2354,3164,715,459,0,0,22609
BV1vehVzxEWk,114964547312228,1,183,2090,影视剪辑,人文历史,http://i2.hdslb.com/bfs/archive/00893b248d0e18de68887871ea8ca177ad411d6e.jpg,没鬼没妖，但就是聊斋《聊斋志异》原著讲述,1754291100,1308,297187,姜不够,https://i1.hdslb.com/bfs/face/f56a02d96130b0ce5db176ac4b8db2d391fafa94.jpg,90765,"聊斋,人文,文学,聊斋志异,人文历史档案馆,古典文学",314343,1463,626,3563,2960,256,0,0,10776
BV1z5h8zVEqN,114958557780694,1,65,2071,网络游戏,射击游戏,http://i2.hdslb.com/bfs/archive/d2c2f090788df13bba2a21e3a89eb2065bbddfa7.jpg,开局氪5000，13年来逆战进化成什么样了，修仙斗法其乐无穷，战斗爽！！！,1754128905,381,3116281,钢铁直男必老板,https://i1.hdslb.com/bfs/face/9a76285ea5639ee7b0e401d5526081ac97bce642.jpg,1547878,"游戏杂谈,外挂,FPS,冒险,氪金,搞笑,逆战,推荐宝藏游戏",226119,676,737,651,1730,170,0,0,8047
BV1XUtGzLEqc,114970066947334,1,124,2081,社科·法律·心理,海外资讯,http://i1.hdslb.com/bfs/archive/d5183df9a86485e9fe432a92189ee6187c5519cb.jpg,实操打假：独家特殊渠道曝光“懂王强奸13岁幼女”？！,1754304349,1926,346563107,波士顿圆脸,https://i2.hdslb.com/bfs/face/f8f0fc4114bb06a87481abe12faa006a383cbe6d.jpg,5178994,"犯罪,法律,懂王,MAGA,萝莉岛,假新闻,民粹,环球资讯站",879812,9008,8164,9106,39106,1843,0,70,73981
BV1HVh3zwEvy,114963943262344,1,95,2100,数码,手机,http://i1.hdslb.com/bfs/archive/e2eeadf8d845ae9dca5b16442e288ad24513d978.jpg,手机实体店，绝望对话,1754210855,490,3546902624733812,海虹数码葛小强,https://i2.hdslb.com/bfs/face/c05f06a21556350b28c1967ded6b73483b3b471c.jpg,72708,"创业,手机,互联网",501044,2178,2553,1301,577,924,0,0,10255
BV1Dot5zmEid,114972952627955,1,161,2146,手工,解压手工,http://i0.hdslb.com/bfs/archive/20a6f545779bb7a7faba7ac6135b3d296159c634.jpg,放个七彩烟花，祝我生日快乐，成功活到36岁啦！,1754348395,100,2134988818,咸鱼抗癌就靠玩,https://i1.hdslb.com/bfs/face/79abfd36cbd58ca6ffbea650df0334e5614d98f5.jpg,127302,"助眠,手工,胶带粘球,放松,粘粘球,必剪创作,我的手工真的很解压",838092,13221,2603,2918,8223,555,0,0,51393
BV1JdhuzREBD,114962701812188,1,138,2171,搞笑,动物综合·二创,http://i1.hdslb.com/bfs/archive/ff3f9e63b1ce723fcd35adacfe1a9b5dcce8528c.jpg,牛：不好！我的魔丸！,1754192019,65,1402229439,大丙搞笑配音,https://i0.hdslb.com/bfs/face/6104868b601276de59976e835c95428601800cc0.jpg,364120,"搞笑,搞笑视频,配音,吐槽,搞笑动物配音,这是一个悲伤的故事,搞笑配音,看一遍笑一遍",2716309,264,791,9270,984,6789,0,0,76789
BV1P8tGzbE5H,114970268274842,1,65,2071,网络游戏,射击游戏,http://i2.hdslb.com/bfs/archive/dc65c51f03da9b0787e8e1276af0906aa481c493.jpg,前9.1万粉送棠心会员,1754307277,68,3546777020008785,慕辞-三角洲行动,https://i0.hdslb.com/bfs/face/b631fe5adffc27793be02a3356c4675f65fb0498.jpg,90499,"三角洲行动,三角洲破壁新赛季上线",328264,206,510,3367,554,479,0,0,41217
BV12B8gzwE6u,114925087232648,1,182,2001,影视杂谈,影视解读,http://i1.hdslb.com/bfs/archive/0bcb6f0a08d625e0a1c21b0995e2fbb2f899942c.jpg,豆瓣8.6日恐超神作《向饭沼一家谢罪》逆天改运却害得全家暴毙|TXQ FICTION第二弹,1754041200,1732,170059,AHS放映厅,https://i1.hdslb.com/bfs/face/ef4573d5576707049dda994bdbcd2922d27a1f09.jpg,196068,"日本,悬疑,都市传说,电影解说,伪纪录片,灵异,惊悚,恐怖片,向饭沼一家谢罪",709809,1932,1083,28220,5188,5633,0,0,32293
BV1N2h3zzEdK,114963909708493,1,171,2207,电子竞技,随拍·综合,http://i0.hdslb.com/bfs/archive/77a4bacc1f3fbc7533ffc1bc32ca1383202a8c74.jpg,这次真的是倒下了……,1754210457,112,86881329,梦求真暗区突围,https://i0.hdslb.com/bfs/face/d84594e9cf32103ec7db3253f824c3df4525f40f.jpg,804204,暗区突围2077联动,766518,976,1662,12319,13804,246,0,0,67311
BV1gutgzNEyi,114969395858298,1,65,2071,网络游戏,射击游戏,http://i1.hdslb.com/bfs/archive/2d8579d20c4ac7c4572d09e2a60ee43f70f7e654.jpg,野生的黑木板，没人要我拾走了,1754303400,14,2811719,墨染千素,https://i2.hdslb.com/bfs/face/3c6deaa829bb63363435f160451975e03cfdc52f.jpg,106,"原创,三角洲行动,零号大坝,记录,三角洲,鼠鼠,三角洲破壁新赛季上线",915003,153,1231,1233,529,329,0,0,45440
BV1SVtcz6E8r,114979546140185,1,76,2149,美食制作,美食制作,http://i0.hdslb.com/bfs/archive/b10305d0e734bd589d0d8fbd579a9021c100188b.jpg,看了这个你还出去吃吗？！,1754453160,230,270105105,赖皮猴爱美食,https://i0.hdslb.com/bfs/face/fa7a39f18a4f89c48a37dc06bd450dac77b7242d.jpg,2300853,"美食制作,糖醋鸡架,淘宝闪购,淘宝闪购请你喝秋天第一杯,淘宝闪购请你吃秋天第一顿,鸡架,炸鸡,炸鸡架,QQ鸡架,秋天的第一杯奶茶",108113,231,179,2067,1387,221,0,0,12395
BV12BtFzeEaD,114980200386072,1,30,2027,VOCALOID·UTAU,音乐综合,http://i0.hdslb.com/bfs/archive/5240b2de3ceb1c5f3bd9bcc169f8bc122abe8145.jpg,Billboard术力口周榜 2025/08/06 2025年第32周（第127期）,1754478000,622,12446725,Elvansphere,https://i1.hdslb.com/bfs/face/cf28c1650a7c8f9f3a845c797d16850588c13513.jpg,171755,"VOCALOID,虚拟歌手,初音未来,音乐,billboard,术力口,音乐榜单资讯",54278,13380,1063,1137,636,810,0,0,7244
BV1cStnzmEQi,114975200777680,1,209,2098,职业职场,AI杂谈,http://i1.hdslb.com/bfs/archive/dec95a327f50d5907bc4ff32de0b4e09ef51a4ad.jpg,清华同窗10年后重逢：一个读博一个创业，谁的选择更明智？,1754389800,2113,20826656,糖果果的未来要发光,https://i2.hdslb.com/bfs/face/e01e5e4ffb27c1aeaf0636b226c89bcf9f7ae800.jpg,980970,"创业,职场,人工智能,求职,找工作,视频播客,Ai,Agent,WAIC,WAIC  2025",553390,399,176,3490,1562,1211,0,0,11042
BV15ntEzfEFE,114974680683497,1,138,2154,搞笑,剧情演绎,http://i2.hdslb.com/bfs/archive/92d7f4226dcb62060a4d1c5797bf38064c23e305.jpg,《 当 代 准 高 三 现 状 ！！！》,1754390280,234,378881292,老段生,https://i0.hdslb.com/bfs/face/3b41bd42a900f641dfc6f14a44194fa5a90636af.jpg,711803,"搞笑,爆笑,高三,帅哥,搞笑小剧场,高中,真实,学生",287392,1202,1932,7264,6102,940,0,0,30907
BV1R74ZzgEb8,114979327970770,12,172,2064,手机游戏,单人RPG游戏,http://i2.hdslb.com/bfs/archive/0129d1886954c7e719318ff1f5fd898821660418.jpg,【崩铁】海瑟音综合测评：dot队新成员！武器对比+技能解读+强度展示+星魂提升！！只需等待！！,1754452800,3113,43222001,卡特亚,https://i2.hdslb.com/bfs/face/a86d2a1570f968a7aa57f7d014f7826780900372.jpg,3271587,"卡芙卡,崩坏：星穹铁道创作者激励计划,海瑟音,海瑟音强度,海瑟音测评,海瑟音dot队,海瑟音综合测评",430123,2880,2534,2862,3894,1738,0,0,32789
BV12zt3zYE1E,114970821986949,1,212,2150,美食侦探,美食探店,http://i2.hdslb.com/bfs/archive/0fed52e9d7dae5f280ebd853c4c744c11e3a08f3.jpg,天津60元羊肉煲自助，肥美羊排羊杂不限量畅吃！性价比爆赞！,1754315728,455,8263502,橙飞一下,https://i2.hdslb.com/bfs/face/86fbb87fdf4d5ec1ba3bb7b56131d8265d36ffcd.jpg,2091844,"美食,自助餐,舌尖真探事务所,光盘行动,性价比,天津,羊排,羊肉,羊杂,探店",570820,928,1083,2000,1679,2159,0,0,22548
BV17rhHzXESA,114953105179012,1,215,2149,美食记录,美食制作,http://i1.hdslb.com/bfs/archive/085f08cae2901080a759b3812cd8a158e8613d16.jpg,炒牛油火锅底料,1754045413,165,3546720050874607,周大签,https://i1.hdslb.com/bfs/face/b751598f79820c96e946f0fac2e4cd91441093cb.jpg,212563,爱豆安利挑战,2480654,1751,1539,3362,1250,651,0,0,63202
BV1bzh3z5EDD,114963658115312,1,168,2006,国产原创相关,AI影视,http://i1.hdslb.com/bfs/archive/d8b64626fcc31f83285b71ad69819bf66862071f.jpg,我只花一天时间做出韩立结婴,1754207278,351,3546920945453709,韩胶带本尊,https://i0.hdslb.com/bfs/face/7e63e9892175bd2aa0fba36d5e7b587d5680e3ea.jpg,11933,"动漫,电视剧,剪辑,古风,韩胶带,韩立,银月,瓦卡奖VACAT征集大赛",751651,695,1275,2164,4051,1071,0,0,20815
BV1fRtnzVEdF,114975418881795,1,85,2113,小剧场,仿妆cos,http://i1.hdslb.com/bfs/archive/4ff0f5693665fac9d61187708dca2ed0e7a41f93.jpg,谢谢你愿意花2分钟看完我的创作6年。,1754385931,120,474853499,李如儒也是李蠕蠕,https://i2.hdslb.com/bfs/face/8da8eac46ef637b771efeabf4b7b4b093d34dea5.jpg,2975390,"李蠕蠕,李蠕蠕也是李如儒,创作",1245654,820,2239,6429,23335,565,0,64,165843
BV1RbtwzEE2E,114980871475347,1,212,2150,美食侦探,美食探店,http://i1.hdslb.com/bfs/archive/225e4c321b06427499d402f5d1f0ef970c364957.jpg,1280元高端和牛烧肉omakase，主厨说要让每位食客吃饱，吃完想续什么尽管提～,1754476500,993,1244310984,温油辣辣U,https://i0.hdslb.com/bfs/face/4537c9f338b7f157002a571e2f73ffcd4e636a56.jpg,805602,"记录我的美食日常,和牛烧肉omakase,帝王鲑",65156,360,190,686,1491,184,0,0,6005
BV13BhVzXEvD,114964564020098,1,21,2039,日常,cosplay,http://i0.hdslb.com/bfs/archive/3a8f3f64ccbfd552b0621e1c24417a95e4810b9a.jpg,嘘～轮到四姨来奶你一口啦,1754222403,16,3546937055775240,Yasal_170,https://i0.hdslb.com/bfs/face/b5c4750fa3e6ee70555129f7a49b304055d321a1.jpg,1673624,"DNF手游激励计划,yasal小姐姐cos四姨,DNF手游新职业女枪手,DNF手游",1182038,5134,3384,12377,12139,1536,0,0,105217
BV1gshNz8EDn,114959161756645,1,215,2150,美食记录,美食探店,http://i0.hdslb.com/bfs/archive/9d1528d0a1cb31720e68e1a8964f4997438f2abc.jpg,一碗完全预制的面卖上了二十多，连面条都是挂面,1754150400,261,1954997940,午餐肉艺术家葛世贤,https://i0.hdslb.com/bfs/face/89bc8ba3eee0ebead5dc644983d7012caba8c13d.jpg,1351767,"面食,吃货,生活记录,舌尖真探事务所,风餐,面条,挂面,探店,Vlog",409221,218,475,822,726,159,0,0,25735
BV1Zq81zmEYw,114947938062985,1,201,2184,科学科普,医疗保健综合,http://i1.hdslb.com/bfs/archive/5fb8b7d7e86bcf4a8acaec02a8353e286c53dfbc.jpg,所有人都知道他活不了，只有自己不知道,1753966659,175,291042076,水果医生,https://i1.hdslb.com/bfs/face/dc275122b2c1806083f0fbf27203ce1857437af7.jpg,2036895,"生活,影视剪辑,记录",999925,614,1838,8722,1771,1842,0,0,124214
BV1unt5zVEPK,114970939360289,1,122,2196,野生技能协会,职业vlog,http://i2.hdslb.com/bfs/archive/9f57294c3fa72f1e38000e5de361c6207b24aee2.jpg,第一次出门摆摊，免费维修小家电，竟然还挺受欢迎的,1754321006,1155,397526548,技术小杭,https://i1.hdslb.com/bfs/face/a12befc71b047f1b45ae32eeebc46cf1e40dc888.jpg,25238,"公益,经验分享,维修,小家电",1875130,10499,7061,14691,115475,2500,0,14,138625
BV1ditJzqEMm,114976006148061,2,172,2064,手机游戏,单人RPG游戏,http://i2.hdslb.com/bfs/archive/42826d991e4a1842d5698397df3eca74fdccc765.jpg,【星穹铁道】海瑟音 0~6命实战详细评测：诡异的Dot女子是不会输的！光锥/遗器/配队 建议。,1754452800,2162,50111839,小琨爱小蛊,https://i1.hdslb.com/bfs/face/080862af2ad53cae818db05191968fc4d306899a.jpg,1232209,"黑天鹅,崩坏：星穹铁道,崩坏星穹铁道,卡芙卡,崩坏：星穹铁道创作者激励计划,海瑟音,英雄未死之前,米哈游,miHoYo,dot",148854,1830,1713,1460,2993,802,0,0,13522
BV15k8CzBEJ9,114947048608393,1,218,2167,喵星人,猫,http://i1.hdslb.com/bfs/archive/3f6801c397de5b268c716822873207ab94fd1135.jpg,为什么暹罗猫被称为“绝世好猫”?,1753962000,91,3546873832933955,瞄知道,https://i2.hdslb.com/bfs/face/1746916d848d22a6c046987264fe119ff9c1f0e2.jpg,10855,"铲屎官,喵星人,猫咪冷知识,绝世好猫,逻辑猫,好猫,暹罗猫,新手养猫,养猫人,动物圈新星up主扶持计划",917943,488,2321,13145,908,6767,0,0,70794
BV1fChWzFEPg,114953860287661,1,242,2009,娱乐粉丝创作,娱乐评论,http://i1.hdslb.com/bfs/archive/81594f7b64a45ac7f8631ae9efe43d0f8fe04885.jpg,丁真 被流量挟持的传奇一生,1754057100,591,3546781006694901,我真的玉玉症了,https://i0.hdslb.com/bfs/face/cc515923daf9a49fba6031c54e09bca8a073935d.jpg,285643,"正能量,丁真,娱乐吃瓜大会",1925488,3130,2628,30292,4764,2252,0,100,91084
BV1kUtFzoEwh,114979814507845,1,138,2156,搞笑,UP主小综艺,http://i0.hdslb.com/bfs/archive/f65443f9a3e51d70425c948ada49fe6a2fc7307c.jpg,骑手：交警追我，我不送了...【离谱外卖对话 第八期】,1754456529,297,20892823,柠檬派奇幻漂流,https://i1.hdslb.com/bfs/face/35381f14ad45a75b4392642055a3d113e50b03f9.jpg,3066095,"奇葩,搞笑,吐槽,外卖对话,淘宝闪购,淘宝闪购请你喝秋天第一杯,淘宝闪购请你吃秋天第一顿,外卖,离谱,秋天的第一杯奶茶",268634,797,268,3238,745,197,0,0,30412
BV1SdhgzCEXp,114964396314575,1,184,2079,预告·资讯,其他游戏,http://i1.hdslb.com/bfs/archive/a25767c74b183fa5b8be8b5cc151a347b67e74f5.jpg,【STN快报第八季22】宫崎英高的童年小故事竟然是真的,1754218566,1232,7349,STN工作室,https://i2.hdslb.com/bfs/face/5bc1308ef3ac8eed73ed98ad4770f960547688d3.jpg,2484857,"搞笑,英雄联盟,游戏杂谈,游戏,魂游,三角洲行动,宫崎英高,游戏日常,影之刃零,整点电子榨菜",975053,12239,2352,11002,26689,1856,0,0,58277
BV1NT82zcELQ,114947552121503,1,201,2094,科学科普,科学科普,http://i1.hdslb.com/bfs/archive/90662c2fdff60610b03c0c56fa85cbebb8434f7a.jpg,被刀捅了该如何生存下来？,1753961095,211,379247856,好奇心会社,http://i0.hdslb.com/bfs/face/7120acf78b6b9e637b9f6f5f3ad5f284ef99c198.jpg,1166893,"科学,生物,武器,实验,物理,科普,燕云十六声,在燕云暑期版本安家了,燕云新武器唐横刀,器官",5264180,2913,1924,42760,2617,2681,0,70,102699
BV1pghuzxEWd,114963137960695,1,121,2041,GMV,动漫剪辑,http://i0.hdslb.com/bfs/archive/3df4d03f19bbd44c52419c9d1e0aae8864303491.jpg,【𝟖𝐊/𝐇𝐃𝐑/𝟏𝟐𝟎𝐅𝐏𝐒】查尔斯: 天下无敌 - 马克: 天上来敌＋片尾曲《第一推动力》,1754217576,146,675872284,IM闪电,https://i1.hdslb.com/bfs/face/678d87055389a45c74bd659afd935781310029fa.jpg,126459,"白月魁,灵笼片尾曲,灵笼第12集,灵笼白月魁,第一推动力,动画种草激励计划,灵笼12集白月魁vs马克,雨燕号,马克,太空战",285446,258,857,4013,2090,1249,0,0,9122
BV1rdhpzwEBs,114954447358161,1,138,2156,搞笑,UP主小综艺,http://i2.hdslb.com/bfs/archive/1886b7b0835f761d70241af5a3a74e5b1ab06c17.jpg,【0帧起手】防不甚防啊！这谁防得住啊哈哈哈【第四期】,1754107200,410,265457911,老鸽子从不鸽,https://i1.hdslb.com/bfs/face/c3c3cfc03639e7eef37d5c1b6356b729e1c745ec.jpg,876066,"搞笑,万恶之源,石头,奇葩,0帧起手,石头P20 Ultra,沙雕,扫地机,石头扫地机器人,石头扫地机",3587868,1720,337,90294,4165,435,0,34,102241
BV1sEtMznE9z,114968724838549,1,95,2100,数码,手机,http://i2.hdslb.com/bfs/archive/68af5ff55b3bbc12c2eb6038a68f09016cbdcfee.jpg,折叠机皇该有的样子！Z Fold7&Z Flip7&Watch8全面升级,1754290245,423,471303350,大狸子切切里,https://i2.hdslb.com/bfs/face/a6d51b89c93517a72949b0a469126445cd4d33bd.jpg,2634852,"数码,三星,安卓,手机,三星超轻薄折叠旗舰,三星 ZFold7,三星 Watch8,三星 ZFlip7,折叠屏,切里",300797,927,433,2826,4637,1313,0,0,13086
BV1oztGzHEQS,114969832066547,1,21,2186,日常,恋爱关系,http://i2.hdslb.com/bfs/archive/03ab438796aec264c596e62e05f3e60d237b9943.jpg,王洋洋总爱说肉麻话，一开始我不适应，但我现在为他骄傲。,1754300739,399,12473824,正宗氛围帅哥杰西卡,https://i1.hdslb.com/bfs/face/32cb94f713c81c2362df899b8d377b26b5951e3d.jpg,304357,"生活记录,明星,爱情",90439,78,138,1432,1340,730,0,0,8852
BV1H3huzREqj,114963121183135,1,31,2020,翻唱,翻唱,http://i1.hdslb.com/bfs/archive/fd95c3c15067029f81700987fc0bc5cd3252442c.jpg,史上最难唱摇滚歌曲! 究极还原皇后乐队《Somebody to Love》,1754198247,295,1537334196,LD的声乐游乐场,https://i0.hdslb.com/bfs/face/828812002a2ea597e4773242eb2e8e1bee9ed395.jpg,520512,"4K,吉他,摇滚,欧美音乐,皇后乐队,波西米亚狂想曲,QUEEN,Bohemian Rhapsody,Hi-res,翻唱的N种打开方式",328542,1415,811,9559,17242,1490,0,0,34454
BV1rihgz4EVq,114962466871917,1,172,2063,手机游戏,鬼畜综合,http://i0.hdslb.com/bfs/archive/0c7d4ab9b62c6338161b60cb53b79e3d84f1dd91.jpg,救世PV没语音不得劲，于是我加些进去,1754188629,104,24961799,金咸鱼,https://i2.hdslb.com/bfs/face/0356ee34b4e6771f03fb02a9a3523b558c15010f.jpg,450237,"搞笑,鬼畜,崩坏：星穹铁道,崩坏：星穹铁道创作者激励计划,昔涟,抽象",969614,1386,3168,23887,16527,17494,0,0,94877
BV1C9twzwE7N,114980603039884,1,130,2011,音乐综合,娱乐饭拍&现场,http://i2.hdslb.com/bfs/archive/d3cc20bb623be3d0cbb60b647fafc0b8c0f64e02.jpg,陈奕迅《FEAR and DREAMS: NOW is the only reality》纪录片首映及分享会 DAY 1 精华片段,1754465141,239,3546929849961165,陳奕迅所長,https://i0.hdslb.com/bfs/face/3faa6e30813ff18408c1182456398e4a43ad66c0.jpg,746541,"LIVE,陈奕迅,现场,花絮,纪录片,片段,精华,华语现场,day1",72770,98,302,1051,2247,562,0,0,4886
BV1gVtGzgErn,114970117277175,1,95,2099,数码,电脑,http://i0.hdslb.com/bfs/archive/26a8f7f2c3aaa31e5f35632b8bfe654cb4722114.jpg,两位家长给大一新生买笔记本，首选华为,1754305355,999,3546902624733812,海虹数码葛小强,https://i2.hdslb.com/bfs/face/c05f06a21556350b28c1967ded6b73483b3b471c.jpg,72709,"笔记本电脑,华为,大学生",534280,3903,8532,2411,2631,2467,0,0,15513
BV1H2hNzLEK7,114959262490354,1,21,2041,日常,动漫剪辑,http://i1.hdslb.com/bfs/archive/73dde6e3b191b457c6e24635e75127d625fa8ef2.jpg,【高松灯MAD/Hero】“拥抱过去，创造未来”致灯心中的小小英雄,1754139443,203,3494359938894291,早安爱时间,https://i0.hdslb.com/bfs/face/0652c6064608d3257ec30fa56d4c0c96a345a13d.jpg,343,"AMV,MAD,MV,mygo,动画种草激励计划,hero,少女乐队,高松灯,千早爱音,mujica",132435,138,815,10112,5620,2894,0,0,32950
BV1k9hpzYEJN,114954397028172,1,21,2063,日常,鬼畜综合,http://i0.hdslb.com/bfs/archive/3440ef347f034b4547f917542a2e5f3946fd7056.jpg,一 生 兄 弟 情 （定时发布 up已开学）😭,1754186448,110,397907105,可悲鸡翅,https://i2.hdslb.com/bfs/face/d0bb03e9335d37c1f99759f03df496a4186f4d2e.jpg,226210,"兄弟,短片,微电影,高中生,记录,小剧场暑期新星计划",425131,973,1471,4378,4949,3203,0,0,61741
BV17sh3z9E7M,114964077484957,1,172,2064,手机游戏,单人RPG游戏,http://i0.hdslb.com/bfs/archive/82556f2d9ee6a5733ecad51618b70a20d91377a2.jpg,独家解析，昔涟丹恒伏笔？星铁3.5，前瞻救世PV细节！,1754212828,351,7466789,Jerryprpr,https://i2.hdslb.com/bfs/face/3be29be17dd83dda2f5770bc8acfa73ddcc82d6b.jpg,968017,"白厄,星穹列车团,翁法罗斯,昔涟,翁法罗斯开拓之旅,崩坏星穹铁道白厄,来古士,在黎明升起时坠落,英雄未死之前,三月七",642593,4569,1848,16899,5291,3450,0,0,81336
BV1Je8mz8EX6,114949078650658,1,21,2156,日常,UP主小综艺,http://i1.hdslb.com/bfs/archive/8798f06ef9238b8661bcb4e1904ff9cd9bdb4d86.jpg,别笑，你也过不了第二关《下一个是谁5》03,1754017200,3080,416128940,在下哲别,https://i2.hdslb.com/bfs/face/69b09e143c9e52261e08560795555970ef2e9a80.jpg,2804128,"娱乐,综艺,搞笑,原创,高能,游戏,对决,比赛,下一个是谁,挑战",3059877,63173,11041,87184,309453,7234,0,3,280415
BV1UXhbztEco,114958859766958,1,213,2149,美食测评,美食制作,http://i1.hdslb.com/bfs/archive/47a450ee3acb7cf16c0e833a122fee4ba4980211.jpg,差20倍大小的鱼头做剁椒鱼头，哪个会更好吃？,1754472600,248,337521240,记录生活的蛋黄派,https://i0.hdslb.com/bfs/face/9ba6c7a0d3a2ebfe9db2f46219ece98e210d0269.jpg,9095431,"厨艺,搞笑,日常,吃货,家常菜,生活,舌尖真探事务所,沙雕,帅小伙,剁椒鱼头",230379,698,391,1401,3293,141,0,0,21525
BV1vahVzoERr,114964899633345,1,171,2071,电子竞技,射击游戏,http://i0.hdslb.com/bfs/archive/5b66de0af4d420ab10969b83faa4b04566a15887.jpg,CF爆破4v8挑战：4名女职业vs8个lol博主！输的人跟王哥表白1分钟！,1754227800,2666,25503580,布锅锅,https://i1.hdslb.com/bfs/face/ab4607609f06096d5960eb541350a0e318ce4eaf.jpg,1823693,"FPS,英雄联盟,搞笑,穿越火线,电子竞技,比赛,CF食堂的电子榨菜,职业,游戏鉴赏家,整活",1038106,24857,5634,7234,16481,2431,0,0,41518
BV1dG86zhEp6,114943173072144,1,17,2078,单机游戏,沙盒类,http://i2.hdslb.com/bfs/archive/8881c4bdbae4e594e875df4353272b3c332ebb39.jpg,⚡艰 难 的 抉 择⚡,1754015400,724,33064694,夜车Azuya,https://i2.hdslb.com/bfs/face/ee76aff7f197a6757e59b2ad868632da2010f576.jpg,818964,"搞笑,游戏实况,单机游戏,我的世界,生存,娱乐,MC,VTuber,沙雕,推荐宝藏游戏",882153,5663,1226,18878,12541,761,0,0,72823
BV1jy8mzXEig,114948625667643,1,17,2079,单机游戏,其他游戏,http://i1.hdslb.com/bfs/archive/25c64cfab1e36ae00675dea3cdc4a06644c8d26b.jpg,驯 虫 高 手,1754038800,656,546195,老番茄,http://i0.hdslb.com/bfs/face/bc5ca101313d4db223c395d64779e76eb3482d60.jpg,19838165,"高能,搞笑,老番茄,配音,斗虫公园,kabuto park,斗虫,沙雕,推荐宝藏游戏",4513220,3013,1773,59938,23080,963,0,17,145725
BV1VWh8zME6A,114958792789030,1,213,2149,美食测评,美食制作,http://i1.hdslb.com/bfs/archive/f2728962a7f9056fb52cd74b1e8b9ba75fa06d06.jpg,这碗卤肉饭卖10块钱，能不能赚？,1754213400,269,337521240,记录生活的蛋黄派,https://i0.hdslb.com/bfs/face/9ba6c7a0d3a2ebfe9db2f46219ece98e210d0269.jpg,9095430,"吃货,生活,日常,美食,搞笑,幽默,帅小伙,美味,沙雕,一饭封神申请出战",806142,2350,885,13322,12326,1164,0,0,59265
BV1Jnh3z4Enx,114964127815974,1,172,2071,手机游戏,射击游戏,http://i1.hdslb.com/bfs/archive/153d20be83bfb01f3e31a66752c6ead6032c986f.jpg,让你通透整个大坝，你的无名才能愈战愈勇,1754214425,309,1809444890,三角洲-安澜,https://i2.hdslb.com/bfs/face/e714b2642ce045e441a21dd29e94a72d3f7f3f8e.jpg,292075,"电子竞技,FPS,三角洲行动,单三猛攻,零号大坝教学,无名教学,安澜三角洲行动,粑粑流无名,教程攻略,三角洲破壁新赛季上线",613560,832,1312,7510,2571,1138,0,0,54562
BV1kshKzEEDH,114960923367512,1,208,2084,校园学习,应试教育,http://i0.hdslb.com/bfs/archive/6ae77ac999fe6db883e94afbc9511452bdaad3dc.jpg,分享一个，从山沟小镇到清华的学习故事,1754186400,878,14229967,一数,https://i1.hdslb.com/bfs/face/812281bada7d323c23c6e1e2e92749bd29b7d7c6.jpg,20502476,"学习,高考,数学,bilibili高考季,考前复习,考试资料,中考,高中",899930,3903,2764,25090,15367,2700,0,60,96497
BV1GWtnzvEEB,114975485988146,1,182,2001,影视杂谈,影视解读,http://i0.hdslb.com/bfs/archive/264dd16f6573b0d3fe85a8a8ce12e4777abcaa1e.jpg,纳米黑墙封死全国建筑，子弹都打不穿，人进去只剩半截身体【科幻Fans  布玛《砖墙谜攻》,1754386932,879,206840230,科幻Fans布玛,https://i1.hdslb.com/bfs/face/78c27b565e56598877a70bed015974253b14eef7.jpg,2316213,"电影,悬疑,科幻,解谜,电影解说,密室,影评杂谈,凶杀,影视IP观察室",1411087,1247,670,15330,1784,198,0,0,28139
BV1BRtnz5ETK,114975419009099,1,171,2070,电子竞技,MOBA游戏,http://i2.hdslb.com/bfs/archive/818e8e2eae26993d4181a9c136ff217ecea4782f.jpg,在最下饭的年龄，遇见最想痛扁的人，结局却是这样,1754385806,337,342233922,小食堂丶,https://i0.hdslb.com/bfs/face/a7886d47f17f9bea6cd44e18fe75ba24fbb0e76e.jpg,463822,"搞笑,英雄联盟,电子竞技,第一视角,下饭,娱乐,下饭操作,MOBA",118788,394,345,519,1383,200,0,0,6855
BV1mztnzsEPH,114975653893902,1,95,2099,数码,电脑,http://i1.hdslb.com/bfs/archive/80e318e95d7eab7864a2c830643db0f50514dd63.jpg,这位想玩游戏的靓仔究竟倒霉到了什么程度？,1754389344,490,358943968,靓女维修佬,https://i1.hdslb.com/bfs/face/c0408cb7379ef734c861ae6a812049f7a605ab87.jpg,371789,"科技猎手,显卡,硬件,电脑,维修,电脑维修,芯片级维修,显卡维修",68733,1301,801,542,6431,422,0,0,9490
BV1Tbtjz1Ehv,114974093483921,1,193,2022,MV,VOCALOID,http://i0.hdslb.com/bfs/archive/efa807f4ac418a02255289f96f3949e9dfffe989.jpg,玛莎拉达（マサラダ）入驻bilibili了！,1754388000,52,3546941338159777,マサラダ,https://i1.hdslb.com/bfs/face/9722ff16c047da685a2dc8d7dca509d2d1dd1f6c.jpg,64570,"重音テト,音乐,VOCALOID,重音テトSV,マサラダ,ボカロ,虚拟之声创作计划",261476,2130,5470,12600,12480,6149,0,0,58467
BV18rhVzDEzV,114964463422302,1,21,2154,日常,剧情演绎,http://i1.hdslb.com/bfs/archive/c2b5759bc3da2eedc803fbf7f7b9660180a0af93.jpg,美 丽 的 代 价,1754280000,60,9130832,张八筒筒,https://i2.hdslb.com/bfs/face/683b3b97648bf13641c508b9b50a2d25b87bec69.jpg,722244,"生活记录,搞笑,张八筒,best人生,猩猩队长,抽象,情侣日常",850628,359,600,1987,5471,1072,0,0,89902
BV1wshbzmE6H,114956947162424,1,17,2078,单机游戏,沙盒类,http://i0.hdslb.com/bfs/archive/2c33a11213391a20eeb36f57fb403f6e112cb672.jpg,一口气看完圆梦镇！！,1754107531,4858,3546780297857541,沉迷游戏的島风,https://i0.hdslb.com/bfs/face/46ea40d6eed24135232ffa7310b4e60cd9831332.jpg,100310,"建筑,游戏实况,沙盒游戏,实况解说,我的世界,一口气看,像素风,合集,小镇,一口气看完",3936887,3533,705,219551,48774,1565,0,6,196464
BV1yh86zEEfQ,114945119227555,1,182,2001,影视杂谈,影视解读,http://i1.hdslb.com/bfs/archive/7834c679c9ea5b2897be66e19efa7edd5fa6e44f.jpg,用偶像剧反偶像剧！从《斗鱼》到《我们与恶的距离》，未成年男性的向下滑落！,1753930800,511,1550443541,刀疤蝶,https://i2.hdslb.com/bfs/face/afbc12e82523fb4b75cd1ac86021ea61dcb479da.jpg,157183,"安以轩,影评杂谈,我们与恶的距离2,斗鱼,蓝正龙,郭品超,狂飙,台偶,影视IP观察室",324739,312,285,4200,624,189,0,0,17965
BV1dj8yz5EiV,114946880833592,1,252,2113,仿妆cos,仿妆cos,http://i1.hdslb.com/bfs/archive/28604945c7449f067cd5bdae5dd0d693529c7510.jpg,【第五人格】红夫人蓝皮-红心皇后仿妆来咯,1754046000,254,415897343,初九Haimon,https://i2.hdslb.com/bfs/face/5755ceca1459f9028973297abda9e60f02a30c13.jpg,1336664,"仿妆,美妆,COS妆,第五人格,红夫人,神还原仿妆大会",1757212,600,1016,52622,16887,411,0,70,140869
BV1FuhjzgEj8,114967147714950,1,126,2063,人力VOCALOID,鬼畜综合,http://i1.hdslb.com/bfs/archive/8d52e0efbb5bca563b67aab84bb4f7852106fa9c.jpg,【杨某人单曲】兔子，我愿为你穿上嫁衣,1754301600,94,28348490,咆哮丶土拨鼠,https://i2.hdslb.com/bfs/face/db494c60204f01f01217f92950eccabd13592969.jpg,884927,"搞笑,鬼畜,第五人格,第五人格赛事,grood,兔子英明,tzym,2025IVL夏季赛,杨某人,跳楼机",202484,389,1103,4936,4426,7041,0,0,25485
BV1K6tnz9EVT,114975636985210,1,21,2188,日常,自我成长,http://i0.hdslb.com/bfs/archive/c51c6578d6f9434923af0cd72d61755b7f5853b6.jpg,这把真坦白局,1754389213,97,591882474,春游哥哥,https://i0.hdslb.com/bfs/face/003f16b4bf35c96134f3326e165728574a19e3e3.jpg,405922,"情侣,情感,萌妹子,高能,记录",173211,246,291,1755,6405,100,0,0,48447
BV1yj8Xz7Ego,114934985918100,1,85,2154,小剧场,剧情演绎,http://i0.hdslb.com/bfs/archive/bf71a7155f1497b88818ed5853cc10da8775979e.jpg,我嘞伸手,1753952400,210,373388923,脱缰凯Kk,https://i1.hdslb.com/bfs/face/1367615bfd41b079eae1ac1225dbefcc260acbbb.jpg,5224576,"拼好饭你变了,补贴是一时的拼好饭是一直的,点拼好饭只有0次和无数次,挑战吧！20元拼好饭吃一天",3630004,7198,3892,24492,12351,2504,0,13,274361
BV1ULtgzcENb,114969328879145,1,182,2001,影视杂谈,影视解读,http://i2.hdslb.com/bfs/archive/d99bae09c149cb82b832a08a3b13274c6f658fb1.jpg,宝藏悬疑剧！梦里杀人，醒来破案，不断反转，全程高能！,1754384938,2704,3546378898770447,竖了个三,https://i0.hdslb.com/bfs/face/47290d7864b179bec4c2c7a8d292d7a0e3b2013e.jpg,1018100,"剧情,悬疑,俄剧,推理,反转,烧脑,犯罪,影视杂谈,影视,万字拉片大赛",113150,830,211,1766,1604,133,0,0,5011
BV1chtGzZEdP,114969915952031,1,172,2064,手机游戏,单人RPG游戏,http://i0.hdslb.com/bfs/archive/d5632129f2575b6ca50a113d78a818160073a87c.jpg,萌新也能看懂的空月之歌序奏解析，完整梳理时间线【原神空月之歌序奏解析】,1754302144,1781,1876542,骚橙丶,https://i0.hdslb.com/bfs/face/88ff923b981c0f6a6db049e056ebc0cdd5f98937.jpg,607044,"原神UP主激励计划,烬寂海,挪德卡莱,莉安歌,伊涅芙,十三领主,原神,伊葵,原神高能团",198132,1779,1388,4441,8199,513,0,0,21299
BV18phWzCEV7,114953809828668,1,47,2037,同人·手书,同人动画,http://i2.hdslb.com/bfs/archive/5977893ebfad1fb0b055c5cae962d71659410994.jpg,【大鸣王潮1566】主教菲比，发发慈悲,1754056216,210,293187959,寞桀緣才,https://i2.hdslb.com/bfs/face/6b4baaf04d1ba4f5e36368c14a3315833b54e481.jpg,806972,"手书,鸣潮创作激励计划,小剧场,鸣潮",683901,6372,2188,7951,22254,2216,0,0,76993
BV1bZhgzGEZ7,114964446579210,1,253,2055,动漫杂谈,二次元绘画,http://i2.hdslb.com/bfs/archive/f9302ee04e6ac66b4b62c65426054ec79afae5f2.jpg,"出道25年，发明二次元""最出圈的人脸?""：武内崇",1754386200,914,1682714,昨夜梦中,https://i2.hdslb.com/bfs/face/5a2eb78dbed8b90c44a4a8a7feb7406791a70605.jpg,236065,"型月,FGO,fate,希耶尔,命运-冠位指定创作者激励计划 第三期,武内崇,画师,fgo,Fate/GrandOrder,FGO9周年庆",78272,316,362,2278,1004,382,0,0,4733
BV1VEtEzcECQ,114974781342729,1,171,2068,电子竞技,回合制策略游戏,http://i0.hdslb.com/bfs/archive/ace6fd9abbaffcacb1bc1dabb658b2f91692b4ec.jpg,𝑴𝒚 𝒃𝒓𝒐𝒕𝒉𝒆𝒓 𝒊𝒔 𝑺𝑩,1754388000,127,3493105034594510,十六van游戏,https://i2.hdslb.com/bfs/face/27b78acca91bd97b9ef20c7438ea042fc6c26853.jpg,548178,"搞笑,亚索,剪辑,愚蠢的欧豆豆,抽象,永恩,金铲铲,来点儿节奏！",270057,147,272,837,685,642,0,0,17453
BV1P38UzNE2s,114948407563049,1,250,2159,出行,旅游攻略,http://i2.hdslb.com/bfs/archive/2868fd63193e4ca22bb033595ab3d351440e4ede.jpg,日本这个岛，房价低到离谱，但你得住在活火山边上，你敢吗？,1754038800,1207,2948981,冷水煮乐器,https://i2.hdslb.com/bfs/face/a97526320e4c1bbea446f11d8da43321e5a080ae.jpg,1229638,"日本文化,日本,旅游,日本旅游,日本美食,生活记录,伊豆,旅行攻略UP主激励计划",2269152,5639,2350,11957,12555,3297,0,0,60328
BV1pmh8zDEHg,114958524226775,1,218,2167,喵星人,猫,http://i1.hdslb.com/bfs/archive/0d09d20b68d9965ca86646d4725cc344a3ba96fe.jpg,为什么它被称为“邪恶银渐层”?,1754135400,83,3546873832933955,瞄知道,https://i2.hdslb.com/bfs/face/1746916d848d22a6c046987264fe119ff9c1f0e2.jpg,10855,"喵星人,铲屎官,猫咪冷知识,英短,好猫,银渐层,新手养猫,养猫人,动物圈新星up主扶持计划,邪恶银渐层",818880,386,1417,4113,535,4759,0,0,29981
BV1NPtFzZE51,114980502378263,1,173,2079,桌游棋牌,其他游戏,http://i2.hdslb.com/bfs/archive/4cae2e9f398d1457eef242cb64a862862bf2ebc3.jpg,深度||星际战士这么强，为啥要听凡人调遣？,1754474400,1046,523757769,克罗罗啊,http://i1.hdslb.com/bfs/face/50f98f0b296e958c049c05835b73d44bc234bb9a.jpg,283705,"战锤40K,战锤,星际战士",45639,797,388,1068,1041,83,0,0,4285
BV1Tw82zYEFj,114947669365335,1,124,2040,社科·法律·心理,二次元线下,http://i1.hdslb.com/bfs/archive/1f030e676ada8a01ad0a97e592624ac4fc3835f1.jpg,吧唧没火之前动漫店的种类很丰富！有好多东西啊，现在感觉全是卖徽章的(つД`)去店里看了一眼返老还童年轻了十岁,1753962359,131,267063677,单易之,https://i2.hdslb.com/bfs/face/46d0cf850a56b10e328cbfe26025ee22e32dcd45.jpg,120514,"动漫,吧唧,死宅,二次元,古早,谷子,动漫店,周边,探店,bilibili次元论战",615427,872,2546,5525,994,1202,0,0,64691
BV1bXtJzdEtr,114975821534637,1,95,2102,数码,摄影摄像,http://i1.hdslb.com/bfs/archive/d38ce9fab0a86d1412069e4be414d6624f5e6cdf.jpg,用这台相机，拍出了老婆最满意的照片！大疆Osmo 360,1754401507,775,37029661,小鹿Lawrence,https://i1.hdslb.com/bfs/face/e4c9f5f6bfd8c48de684d2456e8fe3ecce8f0c6c.jpg,1794345,"评测,数码,小鹿Lawrence,像素长街,Osmo 360,摄影器材,大疆,全景相机,DJI,哔哩哔哩影像纪",363956,980,269,1403,1326,423,0,0,11524
BV1W1tnznEP5,114975318286217,1,218,2167,喵星人,猫,http://i2.hdslb.com/bfs/archive/ae3d139daf66ff621bfee7207e6a00517d7eb3d0.jpg,到底有多绝望？小猫被困天花板铁钉棺材！,1754384318,155,26321770,和猫住,https://i1.hdslb.com/bfs/face/c4199f9190d452850ce3bb10c9befebf2c987e4f.jpg,2544776,"喵星人,猫咪消防员,小猫,流浪猫,救助,田园猫,天花板,和猫住,毛茸茸训练营",191429,598,113,3689,2405,63,0,0,9946
BV1iBtJzKEL6,114976056416386,1,21,2197,日常,其他vlog,http://i0.hdslb.com/bfs/archive/59a3d4977a70152088b92eecefaef86bf69fabbc.jpg,挂壁房租房彻底踩坑，每月多花50块却用不了空调，早知道住网吧了,1754395815,633,3546587229849778,小A在上网,https://i1.hdslb.com/bfs/face/b496e9229ac889f7f398f69f46e8cf40c7d3c818.jpg,695029,"生活记录,生活,vlog,挂壁房,电子榨菜,租房,网吧,城中村,网吧大神,随手记录我的生活碎片",322524,797,960,1097,2697,216,0,0,13776
BV1Nd4ozxEBh,114977348259463,1,31,2020,翻唱,翻唱,http://i1.hdslb.com/bfs/archive/740c40734c030c332f46b866a75e6c7fb0623066.jpg,谁能想到这首歌十年后竟然又火了！,1754452500,275,37754047,咻咻满,https://i1.hdslb.com/bfs/face/1539ed33d13fcc6f085f61c634d9617814e187f0.jpg,2730103,"全能音乐挑战赛,汪苏泷,流行音乐,古风,翻唱,年轮,张碧晨",143485,512,1128,2631,5452,304,0,0,10229
BV17FhHzQECZ,114953289861963,1,17,2072,单机游戏,体育竞速游戏,http://i0.hdslb.com/bfs/archive/6d1da7db0cefef923229307cea72b50c80383559.jpg,洛山矶胡人 VS 荆州俑士,1754048239,936,27442706,南瓜面条Na,https://i2.hdslb.com/bfs/face/f3d1cc9a07b846fb9f52bd8daaac6dbc25b45a45.jpg,68851,"体育,秦始皇,娱乐,NBA2K,NBA,PK,比赛,篮球游戏,推荐宝藏游戏",688174,2331,1308,12664,2345,26385,0,0,65036
BV1w1tnznEMw,114975318215905,1,193,2017,MV,MV,http://i1.hdslb.com/bfs/archive/d314c19f1e9e8fd7e54230830314451c71a3cd91.jpg,陶喆 feat. A-Lin | 夢幻對唱K歌 〈Lonely is the Night〉 MV,1754447400,282,352091301,陶喆的音乐产房,https://i0.hdslb.com/bfs/face/fec18f33ce104cf4bed445322360cb3019053bf4.jpg,961858,"DT,华语MV,陶喆,MV,专辑,流行音乐,LonelyistheNight,Alin,陶喆新专辑StupidPopSongs,StupidPopSongs",106439,517,858,2031,4236,2009,0,0,8487
BV1S7hHzuEhK,114953373681009,1,241,2009,娱乐杂谈,娱乐评论,http://i2.hdslb.com/bfs/archive/a2817bf140c495d75002b8772bb71af77f783ce7.jpg,【娱乐简报】直男一卖，粉丝溺爱，网红一卖，内娱崩坏,1754105315,925,1527375735,RICH徐大花,https://i0.hdslb.com/bfs/face/6aac72712a65aa6a525923602e1b2812c6472a45.jpg,370365,"汪苏泷,吐槽,梓渝,旺仔小乔,吃瓜第一线,田栩宁,张碧晨,吃瓜,李明德,内娱",548903,4516,1819,2277,3477,2307,0,0,26838
BV1z3h8zLEQS,114958658439775,1,138,2156,搞笑,UP主小综艺,http://i1.hdslb.com/bfs/archive/831e26d160ce28cee7778a12a163e26b1f341262.jpg,逆天！今年上半年最离谱的小学生作业可能都在这里了！？！,1754136000,366,20892823,柠檬派奇幻漂流,https://i1.hdslb.com/bfs/face/35381f14ad45a75b4392642055a3d113e50b03f9.jpg,3066096,"石头,搞笑,作业,吐槽,石头P20 Ultra,扫地机,小学生作业,石头扫地机器人,石头扫地机",1696617,5758,455,25482,2986,767,0,0,65835
BV1afhGzJE8i,114965201558338,1,215,2207,美食记录,随拍·综合,http://i1.hdslb.com/bfs/archive/2bbbb7811470f5ca372abbe0277c7da1f54e4253.jpg,活着就行啊家人们,1754229907,73,1254039861,保安日记-贴贴猫,https://i0.hdslb.com/bfs/face/6aa21c8ece90752b2d1571f951b8cf17ee18d06c.jpg,255962,"生活记录,抽象,土味",456318,380,594,1438,7487,382,0,0,65506
BV1VmtgzuE3b,114969177825133,1,21,2028,日常,宅舞,http://i2.hdslb.com/bfs/archive/1005f5385695836e95dc98bfac135b4a77508976.jpg,爱丽丝大小姐想让你告白！,1754452800,92,31968078,粽子淞,https://i0.hdslb.com/bfs/face/bbce22e45584b7a9e48398a91a7bac5975c8aaad.jpg,1029361,"可爱,舞蹈,宅舞,cosplay,cos,绝区零爱丽丝二创,爱丽丝,辉夜大小姐想让我告白,书记舞,绝区零",350777,239,487,12431,2116,764,0,0,33576
BV1SVhMzeEdW,114961946777936,1,86,2042,特摄,动漫评论,http://i1.hdslb.com/bfs/archive/a0bb74c2895c9e420993a24e9fdf54ed5cecef8f.jpg,敌我同源这个设定为什么百试百灵？,1754180244,682,325560792,Foki伏叽,https://i0.hdslb.com/bfs/face/b8aa9f7193f6e9a562d434006ad318cd5c8f6ba8.jpg,264640,"奥特曼,动漫杂谈,特摄,娱乐,解析,假面骑士,搞笑,解说,吐槽,影视",494471,651,642,10163,1625,292,0,0,14201
BV1BEtVzREUA,114971878884862,1,253,2006,动漫杂谈,AI影视,http://i0.hdslb.com/bfs/archive/fcf0d80095208b3a0b95d989b90d7ab6aa03ff30.jpg,地狱难度猜番挑战！当动画名场面被AI重画100次之后？这谁认得出来啊！【动漫高手01】,1754388300,2607,216025,尕丶天堂,https://i1.hdslb.com/bfs/face/6c62b7cad6c3721e86990db86036979d7359232c.jpg,1602510,"二次元,搞笑,动漫,动画,天堂,联动,动漫高手",388322,11783,804,5895,9731,1316,0,0,32247
BV17ftnzrEeA,114975435723562,1,253,2001,动漫杂谈,影视解读,http://i1.hdslb.com/bfs/archive/111394749ec350512fe3a772af3aa304640dc839.jpg,以前电视上那么多，为啥现在基本没人拍儿童剧了？,1754394060,828,1405515989,The梁某人,https://i2.hdslb.com/bfs/face/20a2bea9a0568c614e1decac58f77fcb7525fa33.jpg,1263897,"童年回忆,童年,电视剧,黄誉博,儿童剧,郑伟,星际精灵蓝多多,好剧好片重刷榜",750452,2214,1690,5776,2206,433,0,0,35617
BV1Rftnz6ESz,114975435656889,1,251,2166,三农,农村生活,http://i1.hdslb.com/bfs/archive/9faeb6b0db904fd047a0b800e6474e755cf76e33.jpg,是的大家猜的没错，我要当爸爸了！！！,1754386208,426,302639431,记录生活的肆一,https://i1.hdslb.com/bfs/face/d2675636dec78680b2363dac1de862a3975edb3c.jpg,230597,"情侣,生活记录,日常,vlog,记录美好农村生活,小夫妻,农村生活",132017,559,584,1065,3836,102,0,0,6961
BV1N282zYEum,114947451327687,1,138,2083,搞笑,综合资讯,http://i0.hdslb.com/bfs/archive/f5062be04aa40c1f1b6469f8a850c2cb2f3e91ce.jpg,这应该是女孩子都有的技能吧！,1753959249,36,457718798,主持人yoyo酱,https://i2.hdslb.com/bfs/face/571c63f133b7379fbed645130450c3168a4aec5e.jpg,1759235,"小姐姐,韩剧,女生,女孩,搞笑研究所",1442910,614,1086,2714,577,943,0,0,76334
BV1RptnzKEUT,114975570007402,1,17,2066,单机游戏,单机主机类游戏,http://i0.hdslb.com/bfs/archive/e0498c5a93e3196ac7b83484e011b489cc397079.jpg,饥荒单机欧皇模拟器：制作眼球塔小阵只为用来防猪,1754388497,1458,508274771,小渔解说,https://i2.hdslb.com/bfs/face/264edf44f8b93f7c4cc2f85d9da1c9843fe4afc7.jpg,483303,"饥荒联机,饥荒,生存游戏,饥荒单机",109540,466,228,798,3284,47,0,0,9581
BV11Y4dzHEfK,114976442287475,1,22,2207,鬼畜调教,随拍·综合,http://i0.hdslb.com/bfs/archive/d8c69bc7e14910407f8a364f21c0a98289f89f84.jpg,虎哥多年后说出咬打火机的感受,1754401629,230,1298579146,虎哥二次元教父,https://i1.hdslb.com/bfs/face/9532c3e9b716c364b0af24b645b0e1a5baed1798.jpg,1262150,"抽象,好果汁,整活",266777,444,646,1047,980,729,0,0,11734
BV1KwhnzhEGv,114951981106521,1,215,2150,美食记录,美食探店,http://i2.hdslb.com/bfs/archive/a77a40f61f2f809c704f8e5de4b6d5f079affb7c.jpg,在程飞老师开的炸鸡店里吃到爽什么体验！味道真的很哇塞！,1754038854,563,1739612939,大韩同学呀,https://i2.hdslb.com/bfs/face/ad5ed2f2184036f155fbdcca560dd429b8ba1067.jpg,93699,"炸鸡,美食测评,Vlog",1002128,1914,1501,2145,1051,482,0,0,16800
BV1PJtMzSEgq,114968640881075,1,250,2152,出行,美食记录,http://i1.hdslb.com/bfs/archive/d19d8fa5e78e5a8c308d33e9918ec18d5f6ca15a.jpg,你还在点外卖吐槽预制菜？人家加拿大就没有预制菜,1754282753,113,1289012110,行走的大大大羊腿,https://i1.hdslb.com/bfs/face/79b18f823971e3838bf45db65334dc1c7a90b8bb.jpg,776226,"原创,美食,加拿大,生活记录,吐槽,外卖,随手记录我的生活碎片",1526035,4937,4371,4553,1138,2828,0,0,92678
BV1Z7tnzzEP1,114975553230831,1,172,2073,手机游戏,动作竞技游戏,http://i1.hdslb.com/bfs/archive/381b85c8841bff4d0f132736f1cd3e3c2eedebbc.jpg,9月S果然是金身水门！带大家看看火影新公告，简单氪10个648提升战力，再感受下武当花火的实战表现！,1754388346,795,38568774,鬼叔黍,https://i0.hdslb.com/bfs/face/b35d79cac0c8d78f1fbb4956bf0d778d272a9dfb.jpg,3191269,"万物皆可游戏,鬼叔黍,主播,游戏测评,格斗游戏,火影,战力,火影忍者手游",421993,2733,1269,6903,5677,1371,0,0,20849
BV1jwhhz3EaH,114958037685416,1,172,2077,手机游戏,休闲/小游戏,http://i0.hdslb.com/bfs/archive/f8f6a3b05766f9d6860dc393442dc384f9bd0f99.jpg,【伪蛋入侵2合集】你身边的蛋仔可能是伪蛋！,1754121434,2264,84049965,害怕z,https://i0.hdslb.com/bfs/face/93b14b4d9b215711be08a6672bf043d3b10808b2.jpg,258456,"搞笑,蛋仔小剧场,蛋仔派对发起人,害怕z,神奇艾比,伪蛋入侵,蛙蛙教,休闲益智,蛋仔派对",2334770,1936,1648,171278,20373,86,0,7,167181
BV1uotcz3Eki,114981223793122,1,17,2072,单机游戏,体育竞速游戏,http://i0.hdslb.com/bfs/archive/4db4e0a8889ba2653ba2bfe0502c5666ecb07957.jpg,史诗级逆转！我将2K25杰青五虎放到一队，结果意想不到！,1754474681,1485,322965409,Junior杰青,https://i1.hdslb.com/bfs/face/d253cd7049843c5a8d178e05c73b1e8db67721cb.jpg,288973,"乔丹,詹姆斯,粤语,NBA,篮球,NBA2K25,库里,王朝模式,杜兰特,哈登",48635,868,308,1983,10647,79,0,0,9814
BV1Ut4dzREKX,114976425510328,1,47,2037,同人·手书,同人动画,http://i1.hdslb.com/bfs/archive/f84400f51f8569b39f2db7778fe51ade9c4ab49a.jpg,第七十八集 普宁街道,1754401349,287,217965805,吃橙子不吐程子皮,https://i1.hdslb.com/bfs/face/4b7f7867a8532b90cd1b1d0507b1966bd77464f7.jpg,759887,"诡异,原创动画,UP！原创动画,微恐怖",207162,827,914,3924,4603,233,0,0,19250
BV1NwhnzhErS,114951981108767,1,182,2001,影视杂谈,影视解读,http://i0.hdslb.com/bfs/archive/2096f304e11b3c2a5066ba083af530ae113e4707.jpg,30多年前的“计划生育宣传片”，太超前了！,1754042400,1004,390898500,一目十影,https://i0.hdslb.com/bfs/face/986bf531f3e50a6bf67d5844f9304fc310a153e3.jpg,2078293,"电影解说,国产电影,喜剧,影评,老电影,甘泉村的风波,万字拉片大赛",1892746,6323,2019,16029,4445,4210,0,0,122592
BV1GJtjzQEVc,114973858600120,1,75,2171,动物综合,动物综合·二创,http://i2.hdslb.com/bfs/archive/a634c1cfcdc0f54d526a8fbf31fcbcdd2a6e140a.jpg,探访亚洲最大淡水水族馆！新加坡河川生态园！,1754386200,1161,240852096,爱养鱼的卓林,https://i0.hdslb.com/bfs/face/05714fe5ebf7024da7c4f3bf31c184806d677124.jpg,220269,"水族馆,海牛,南美,观赏鱼,肺鱼,新加坡河川生态园,恒河鳄",370159,850,404,7940,2290,824,0,0,12990
BV1BY8CzyEof,114947082227904,1,171,2071,电子竞技,射击游戏,http://i1.hdslb.com/bfs/archive/6706ee2a0c356b07c1e3b5afb48e5e304103f109.jpg,他转身就走了，像下定了某种决心,1753953614,564,1050482689,康有成,https://i1.hdslb.com/bfs/face/2856b2c0f3f7bca04bc4b84883533eb3db3cfef9.jpg,158044,"电子竞技,穿越火线,FPS,推荐宝藏游戏",1021148,1262,431,18147,2227,1508,0,0,73690
BV1a6hVzHEnf,114964480202926,1,47,2037,同人·手书,同人动画,http://i2.hdslb.com/bfs/archive/ce8e0af18f2f38c7921459ea5c54eb2cab9ea1b7.jpg,重生后，都有胆子和校花说话了【07】【第一季完结】,1754219089,732,654552,圆桌动漫,https://i0.hdslb.com/bfs/face/6c1421573d214809ca86aef25bdd23670e00128a.jpg,4744170,"恋爱,公孙雅柔,圆桌宇宙,瑶曦,萧凡",1315928,12163,2896,42886,22420,445,0,42,65062
BV13EtjzpEJT,114973875376106,1,243,2025,乐评盘点,音乐教学,http://i1.hdslb.com/bfs/archive/da3dc553434affef792d12a2af005c9823bdb35b.jpg,【于老师声乐解析】逐帧分析侯明昊《爱错》唱功刷新众人印象！所有你没注意的细节和难点！,1754362493,315,545372546,歌手于航,https://i2.hdslb.com/bfs/face/c2e53fd530cb7ea15fbcafc7c8b4473f576c27c8.jpg,20537,"唱功,reaction,于老师流行声乐解析,声乐教学,混声,爱错,高音,侯明昊,唱功分析,逐帧分析",145090,255,422,734,1451,256,0,0,3741
BV12thGz6EQ2,114965268667206,1,17,2069,单机游戏,即时策略游戏,http://i1.hdslb.com/bfs/archive/2200a78433b5128590a42164bcc6785a9b6a1440.jpg,红警房主已经11连胜了！他叫我如实回答，有没有作弊？,1754280000,753,1629347259,红警HBK08,https://i0.hdslb.com/bfs/face/66ab5bd4e218aeb663e13b6871b46b2894800416.jpg,2137067,"实况解说,游戏集锦,游戏解说,海战,红色警戒2,红警,红色警戒,连胜,即时战略",435799,1377,711,759,2205,149,0,0,20255
BV1QUhbzcES3,114958842993360,1,212,2150,美食侦探,美食探店,http://i2.hdslb.com/bfs/archive/0646f413c4ad811536eae4089ae82ffdbb7d6834.jpg,一个人微醺状态再战江西爆辣小炒！,1754217000,639,3032988,密子君,http://i0.hdslb.com/bfs/face/7a8d14249171e09448f4ddba1e0129584257825f.jpg,3566929,"吃货,美食圈,美食,美食vlog,探店,美食探店,密子君,美食日常,江西菜,挖掘身边的宝藏小店",339523,1030,499,1005,2762,727,0,0,15057
BV1Vut5zDE4a,114970989694036,1,228,2094,人文历史,科学科普,http://i0.hdslb.com/bfs/archive/90a08e1304656ef05c2a1dbb0b5544567895f4df.jpg,大问题：因果关系的本质是什么？,1754386500,3982,1871365234,大问题Dialectic,https://i1.hdslb.com/bfs/face/6b975209aec2c4d040501bfc965ee84607288502.jpg,687417,"科学,哲学,因果,康德,休谟,珀尔,万物研究所",94452,1032,784,5545,2889,482,0,0,4948
BV1mY8yzYESk,114946696284794,1,182,2001,影视杂谈,影视解读,http://i2.hdslb.com/bfs/archive/534127fef67869107db5a69cba1a2a9a667bcda8.jpg,对比这两部台偶，才知道现在的破镜重圆拍得有多差！,1754111100,847,6739643,话很多的小姐姐们,https://i2.hdslb.com/bfs/face/812153babfd30220e578529226017267a8c0cb48.jpg,2273394,"安以轩,下一站幸福,童年回忆,吴建豪,林志颖,刘荷娜,放羊的星星,破镜重圆,台偶,影视IP观察室",489359,1766,1308,3580,5136,1280,0,0,19616
BV1jgtEziEkH,114975066557548,1,228,2088,人文历史,社会观察,http://i0.hdslb.com/bfs/archive/1fba832fd59e71338ed4da4a5ad33da53ec1b1cd.jpg,日本青年，沦为暴徒，沉迷无差别杀人，还有未来吗？,1754380588,806,307367742,魏武挥鞭否,https://i0.hdslb.com/bfs/face/43816464594e41c2d0ce9ac43f89d94e9bc1fe8f.jpg,434940,"日本,历史,社会,人物,经济,青年,日本治安",321917,2605,2060,2727,531,1170,0,0,9950
BV19u8BzREBk,114942367762120,1,250,2158,出行,旅游记录,http://i2.hdslb.com/bfs/archive/2111111acb4d251f900bf5c852556005938add4b.jpg,links｜大西洋上只有300人的孤岛，却藏着地球最震撼的火山奇观,1753934400,1375,3816626,Linksphotograph,https://i2.hdslb.com/bfs/face/2827281d7fd11cd62d9cc355039860cd2979970b.jpg,3582437,"摄影,松下,旅行,葡萄牙,火山,大西洋,寻找100个宝藏vlogger",2232145,5990,2779,55176,64483,17168,0,31,133406
BV1uRhJzKEDb,114952064992961,1,182,2001,影视杂谈,影视解读,http://i2.hdslb.com/bfs/archive/df9993cb4e328fba34d5f37bcc261bae5ceee584.jpg,超燃电影《全民超人汉考克》，超人不一定是超人，也可能是小调皮,1754038800,550,73528331,摩斯神探,https://i2.hdslb.com/bfs/face/7a3ccfa2d021bc1212ffdd5ea637d098a1475d9f.jpg,3191629,"电影解说,超级英雄,超人,科幻,转转回收,转转",7341091,1985,1408,22350,2170,265,0,27,115518
BV1R2hgzSEFe,114964295650430,1,182,2042,影视杂谈,动漫评论,http://i2.hdslb.com/bfs/archive/715d44d205a998a65d52633f8a2edd81e8130899.jpg,【灵笼】白月魁舍命布局，马克生命跃迁，查尔斯即将迎接攻腥棋子！,1754216267,805,304815404,流心影者,http://i2.hdslb.com/bfs/face/08376a7e475c3c48d5f7b2781fe5d92c94bc0ea4.jpg,452860,"科幻,动漫,国产动画,动画种草激励计划,高燃,热血,灵笼",1410204,598,1116,8206,839,160,0,0,28444
BV1srtuzsENP,114969630936061,1,30,2016,VOCALOID·UTAU,原创音乐,http://i0.hdslb.com/bfs/archive/fa992b94b8689de13c99eb113ed47749bea7699f.jpg,【星尘原创】这首歌献给所有成为大人的孩子们——重编版,1754304900,205,3493257147321138,哆啦慢,https://i0.hdslb.com/bfs/face/2f68eea4727204711c156a87e859678f3924134e.jpg,48227,"VOCALOID,星尘,VOCALOID CHINA,原创音乐,孩子们,中文VOCALOID,大人",243461,240,584,37628,8184,917,0,0,53571
BV1y1tnznEKG,114975318349391,1,228,2081,人文历史,海外资讯,http://i1.hdslb.com/bfs/archive/87756bc9f560acbc5c83e9be46af1134dc9b1e4e.jpg,心理扭曲、祸乱全球：被公知吹爆的英国到底有多不做人？,1754386204,1496,435931665,军武志,https://i0.hdslb.com/bfs/face/684eecd680183541858b62785ab01be89bacc671.jpg,1488821,"欧洲,英国,殖民地,帝国主义,印巴,巴以",369683,1356,1488,6898,3855,483,0,0,32774
BV1uEhHzzE1e,114953356975318,1,47,2055,同人·手书,二次元绘画,http://i2.hdslb.com/bfs/archive/431b3c358f5075c51cda28f34651fa53fe83600d.jpg,【黑塔利亚联五旅行团手书】goodtime,1754049400,79,22445063,豹鱼小笼包,https://i2.hdslb.com/bfs/face/0541cae10feab3e1f392de7a141c2d048eb4ca72.jpg,7177,"黑塔利亚,王耀,手书,联五,旅行,亚瑟,动画,伊万,弗朗西斯,阿尔弗雷德",234806,314,898,39821,25624,3325,0,0,61587
BV1X4tnzYESw,114975519676213,1,249,2141,足球,体育赛事,http://i2.hdslb.com/bfs/archive/812da22e4c8d457d53a6e866c9f8eedec5a0fb06.jpg,难说再见，英超传奇孙兴慜！,1754387680,436,1488532268,英超联赛,https://i2.hdslb.com/bfs/face/6be563dbf7af7a012a2b78625e82e8a644147629.jpg,975947,"体育,热刺,英超,集锦,足球,英超联赛,孙兴慜,足球绿洲探险家",61205,187,506,883,1267,310,0,0,4330
BV1xStLzGELj,114972046658081,1,172,2064,手机游戏,单人RPG游戏,http://i1.hdslb.com/bfs/archive/f07a742e8a2dbf56631b789878f6f416fa2fb55f.jpg,[全网首发] Saber 1金0T 史瓦罗！打破质疑！见证属于吾王的奇迹！,1754361021,199,488897825,落笔皆为你呦,https://i2.hdslb.com/bfs/face/fbf23d91e07eae5debbf6229913fd76ad9220536.jpg,2420,"混沌回忆,1金0T,刻律德菈,海瑟音,星穹铁道巡星杯,银河榨菜王,巡星大学习,Saber,archer,长夜月",176370,1064,811,1078,583,1579,0,0,10861
BV1iJt3zjEkn,114970704481089,1,27,2207,综合,随拍·综合,http://i2.hdslb.com/bfs/archive/08f031149b05b1e9ce75058743d2fae7f3658caa.jpg,假如soyo的内心戏很多,1754313833,115,50934906,虾头睦子米,https://i0.hdslb.com/bfs/face/8aca966c01d57fa3ee0508dbe4ca26c305cd9c11.jpg,7642,"MyGO,Ave mujica,爱素,BanG Dream!,千早爱音,长崎素世",136950,251,577,8149,3726,2625,0,0,23267
BV1sjhLz1EWR,114965637766480,1,172,2077,手机游戏,休闲/小游戏,http://i2.hdslb.com/bfs/archive/f848f6bbfe8668978cff7b71f3f225ce6232dd77.jpg,蛋仔派对：兔仙的南瓜保镖！,1754236624,149,64621079,隐秘的兔仙,https://i2.hdslb.com/bfs/face/a557213fddae799ef9963d790ea571ce22b7ddf0.jpg,465037,"蛋仔派对南瓜入侵,隐秘的兔仙,蛋仔奇思妙想计划,蛋仔派对",1116258,292,319,14438,955,24,0,0,15025
BV1UDhbzfE2B,114958876544048,1,214,2163,田园美食,赶海捕鱼,http://i0.hdslb.com/bfs/archive/993804f27d0ea7add25f979f2654169f95bb4c39.jpg,挪威下地笼能抓到什么海鲜？挖沙贝煮火锅脆嫩鲜甜,1754133595,919,452412746,Yooupi食途,https://i2.hdslb.com/bfs/face/648dd47b0ab8f7acaa804a6ebfe393813c33f558.jpg,2275829,"挪威,海鲜,美食,生活记录,搞笑,三农,赶海,户外,地笼,赶海捕鱼那些事儿",761776,2845,826,4143,10317,634,0,0,37082
BV1RrtgzGEko,114969244861582,1,182,2001,影视杂谈,影视解读,http://i2.hdslb.com/bfs/archive/7c900925ec4a99e831ada9a223dd636311bbbda4.jpg,段奕宏演技封神，拍完这部电影后噩梦连连！真实事件改编《食人狂魔》,1754301600,1408,10119428,小片片说大片,https://i2.hdslb.com/bfs/face/949fd3f0b9fe23703c970d494edc41ae52ee32de.jpg,7698082,"悬疑,真实事件改编,惊悚,段奕宏,真实事件,食人狂魔,细伟,好剧好片重刷榜",1098912,1311,358,7068,1853,514,0,0,43610
BV1kNh8zJESj,114958993984327,1,182,2001,影视杂谈,影视解读,http://i1.hdslb.com/bfs/archive/a185bf827e46a746ffa7d57298cce12a58b0d68f.jpg,真正的国漫神作！《浪浪山小妖怪》真是无敌好看！,1754139979,405,777536,LexBurner,https://i2.hdslb.com/bfs/face/27e06996840a7cb3ee0fee52f6b4616cd6567def.jpg,5934537,"lex,浪浪山小妖怪,月圆之夜取真经,月圆之夜,lexburner",577841,316,544,3512,3844,2217,0,0,24018
BV1f9tFzWEfv,114979965569139,1,208,2207,校园学习,随拍·综合,http://i2.hdslb.com/bfs/archive/41a030e987ca5ef2e66fe76757f2f3a9eff21bdb.jpg,去美国最危险的街区问路人：你要beef吗？,1754455346,1336,4029133,邵艾伦Alan,https://i1.hdslb.com/bfs/face/3b8af04c80ddd2bc246c19f9307cd6fc1025c684.jpg,2961499,"生活记录,歪果仁,搞笑,高能,美国,恶搞,街区,记录,英语口语,随手记录我的生活碎片",115986,1763,488,1255,1906,528,0,0,5703
BV196tMzNEAX,114968422780914,1,21,2106,日常,汽车测评,http://i1.hdslb.com/bfs/archive/14849b2456bc80009466697578b983f274874ebb.png,保时捷911 质量问题?,1754279382,211,291324611,极速拍档-Jacky,http://i2.hdslb.com/bfs/face/ff911553466d3a43e1e759911c21c034f5a9fcc8.jpg,835533,小视频,249680,643,734,574,500,708,0,0,12191
BV149t7z7EvE,114975049782893,1,21,2073,日常,动作竞技游戏,http://i2.hdslb.com/bfs/archive/536c88262810a5080db31dfd133e4aa8251a704d.jpg,只看画面，你能分辨出游戏和现实吗？,1754388300,311,85649095,张子zi,https://i1.hdslb.com/bfs/face/691ab8f874eb315abc6930d10255d62d834ebb0c.jpg,492914,"游戏,CJ,ChinaJoy,体验,XR眼镜,芯片,骁龙,逛展,gaming,整点电子榨菜",564953,7180,231,2886,1235,568,0,0,17231
BV1z5t3zSEYu,114968942877818,1,172,2078,手机游戏,沙盒类,http://i0.hdslb.com/bfs/archive/6b60bbf5361cee49a281cff65e5b50fa75b8b3b5.jpg,我的世界跑酷，但是屏障2.0,1754287004,81,599674056,糖叶爱吃糖,https://i0.hdslb.com/bfs/face/01441c8e82a080811fd87a5113108feb1447bf84.jpg,15045,"沙盒游戏,我的世界,跑酷,我的世界跑酷,我的世界手机版",675117,1504,2451,3839,2038,468,0,0,39015
BV11Lt7zVEXL,114973523055614,1,253,2042,动漫杂谈,动漫评论,http://i1.hdslb.com/bfs/archive/127eb10fd7133411bebcd38250e9010d8532fb8d.jpg,现在都是谁在看“国漫”？这个问题产生的原因比它的答案更重要！【bilibili次元论战】,1754366400,1265,434177799,RS-文宣帝-星辰,https://i0.hdslb.com/bfs/face/a94a1a0ea9f815e206e34322f0454c272c7c32fd.jpg,80907,"动漫杂谈,罗小黑战记,凡人修仙传,哪吒之魔童降世,国产动画,动漫二创,浪浪山小妖怪,奶龙,国漫",120193,650,3741,1923,2204,208,0,0,4347
BV1fM4ZzjE1T,114977482476632,1,65,2071,网络游戏,射击游戏,http://i0.hdslb.com/bfs/archive/83e1f5a3127a12e2dd32ae2125aa94329cd38ac6.jpg,三角洲行动 金弹自由，版本超性价比神器！手感更好，后坐更小的先进后坐AKM改法教学！【A+】,1754451000,338,52717408,Always聪聪,https://i1.hdslb.com/bfs/face/d6573681e12901cbbf26a242102c727bac4d020a.jpg,1053183,"FPS,射击游戏,战争,电子竞技,三角洲行动,三角洲行动改枪,游戏测评,教程攻略,三角洲破壁新赛季上线",196263,270,893,4858,533,591,0,0,7856
BV1AetjzGEf8,114974043147768,1,162,2090,绘画,人文历史,http://i0.hdslb.com/bfs/archive/cd5c0315a64dc4ed4ee50b15d6301db268e4da3a.jpg,混子哥边画边讲：曲水流觞,1754364998,168,3546918961547843,混子哥边画边讲,https://i2.hdslb.com/bfs/face/effd3aa51f0d736931099eb358fc90404dc7e076.jpg,838725,"人文历史档案馆,王羲之,中国传统文化,兰亭集序,曲水流觞",137528,430,353,763,1112,252,0,0,17371
BV1HTtnzjEoN,114975938974788,4,172,2064,手机游戏,单人RPG游戏,http://i2.hdslb.com/bfs/archive/536e699ff98af0721e17080314530562727eb8b1.jpg,《原神》剧情PV-「最幸运的孩子」,1754452800,765,401742377,原神,https://i2.hdslb.com/bfs/face/853c4a846793dfbdafd8f16a40d6d8065bdb7c6f.jpg,20089069,"原神5.8,米哈游,miHoYo,原神",513710,1674,4007,13022,21782,3917,0,0,73978
BV155hAzbEUW,114941528907662,1,219,2168,汪星人,狗,http://i1.hdslb.com/bfs/archive/3967ab8d64939a979b7eb7736e21c146caa5ba38.jpg,小狗为什么烦爸爸,1754301600,58,1595633891,鱼仔是真的狗,https://i2.hdslb.com/bfs/face/c628b0118d8d12a8b360058fc3ca8a1ac9c639b9.jpg,767698,"汪星人,狗狗,萌宠,边牧,小狗,牧羊犬,爸爸,小奶狗,萌宠过暑假",588876,133,192,1831,711,886,0,0,56434
BV1LJtnzMEXS,114975536322641,1,122,2103,野生技能协会,工程机械,http://i0.hdslb.com/bfs/archive/da069e1d2e20b3b3e7fd77546f092adc86eed43b.jpg,宇树发布 | Unitree A2 星际猎影,1754387992,127,521974986,Unitree宇树科技,https://i0.hdslb.com/bfs/face/1743e687547cc74932c4fec36c675c69306978bf.jpg,539674,"跑酷,工业机器人,机器狗,智能机器人,四足,宇树",726412,1985,3275,3002,3169,4809,0,0,40284
BV1d4twzSEWq,114980888254409,1,243,2026,乐评盘点,乐评盘点,http://i2.hdslb.com/bfs/archive/b35d1dee4442c393d2b5542e6d3203888f769c1e.jpg,J-pop人最爱的一集！Spotify上最火的100首日语歌排行榜，首首破亿，《Lemon》竟然没进前十？,1754469674,9887,14577351,小小佐仓千代,https://i0.hdslb.com/bfs/face/015073c2acd9b8a289be2ed80628479fd85287c5.jpg,525504,"音乐分享官,米津玄师,日语歌,YOASOBI,Mrs. GREEN APPLE,J-pop,jpop,Ado,藤井风,夜鹿",19420,549,305,968,638,92,0,0,2071
BV1pW4oz7E6Y,114977700581597,1,172,2077,手机游戏,休闲/小游戏,http://i1.hdslb.com/bfs/archive/5b64fd7e3da3ee90ef65e005d1ef9fc5826cf673.jpg,弃桥，然后小的走下面，大的走上面,1754420734,123,1023606971,智乃ちゃん,https://i2.hdslb.com/bfs/face/7116ad09eab0e70e3a7346f3a61342f4af7bd19e.jpg,249,"原神UP主激励计划,遥遥同旅,原神",163333,1047,633,1732,1404,2686,0,0,20250
BV14ktwz6Ekm,114980653501203,1,239,2123,家居房产,家用电器,http://i2.hdslb.com/bfs/archive/779dfceb2b03c16692fd3d29dac1c64c806e50b8.jpg,喝个水就这么难吗？纯净水、矿泉水、弱碱水之争都蔓延到净水器了！,1754478175,510,13207529,Wilson学长,https://i2.hdslb.com/bfs/face/a4c3f263c13827ab4296be6afb063e24d251da5d.jpg,360036,"弱碱水,美的星河3.0净水器,美的星河3.0弱碱净水器,美的星河弱碱净水器,净水器,矿泉水,纯净水,家电,我在B站搞装修",226298,646,672,4021,1181,148,0,0,31496
BV1hXhgz1EDL,114964228476906,1,208,2084,校园学习,应试教育,http://i2.hdslb.com/bfs/archive/b14c9eafef1fa9873db8dc3f635556b10eda85f8.jpg,【不朽经典】一个厕所里的概率顶级模型，适合所有高中生食用。,1754215379,1632,3546677042481210,数栋本栋,https://i0.hdslb.com/bfs/face/134ca2b6eff0da601c56d12c63815691400f1830.jpg,145199,"数学,学习,高考数学,排列组合,概率,概率统计,压轴,学习心得,全国一卷,新高考",187625,282,279,12882,623,797,0,0,44773
BV1TntGzvEXG,114970301833149,1,254,2149,亲子,美食制作,http://i0.hdslb.com/bfs/archive/ae2e22e9ec2b132981a6164fb4e251879e29d4df.jpg,印度街头最干净的饮料，艾特你的朋友看看他想不想喝？#印度街头饮品   #模仿,1754307887,72,1179637796,慧慧饱饱呀,https://i2.hdslb.com/bfs/face/c1ca89fdc0ccf95f89a41321086b4dce1bcb27a3.jpg,283938,"街头美食,印度,饮品",531534,663,733,3754,831,615,0,0,34107
BV12i4dzJEVc,114978220675956,1,47,2037,同人·手书,同人动画,http://i0.hdslb.com/bfs/archive/30599e52c8d933fa2179b328a51268f83b431d95.jpg,【灵血修仙】第384集  破阵子就是墨仙子！,1754449200,885,1966711850,十缺废人,https://i2.hdslb.com/bfs/face/fe4583c3a241c32a80d890668e074ceaedb7f444.jpg,194836,"剧情,搞笑动画,原创动画,原创,搞笑,小说,沙雕修仙动画,沙雕修仙,最强动画小说家",68126,1498,1013,1124,6209,98,0,0,9474
BV1m1tVzTErz,114971258196669,1,231,2207,计算机技术,随拍·综合,http://i1.hdslb.com/bfs/archive/8aecffbb6101450b6ed54c672b19dce77cfa9cb4.jpg,【十万粉】我和发小的故事，李然 我知道你在看。,1754322480,682,31341757,DngGentle,https://i1.hdslb.com/bfs/face/5446b9e03005b83b61822bca0fa4b415232921b3.jpg,115023,"生活记录,UP主,自白,发小,故事,迷茫,记录,十万粉丝",79662,987,1061,2103,1291,2196,0,0,6490
BV1FotwzcEna,114980770877156,1,253,2043,动漫杂谈,动漫速读,http://i2.hdslb.com/bfs/archive/d3381dfe5f865ad8baec4c31e9ff4c160d7c37d1.jpg,【葬送的芙莉莲142话】帝国皇帝登场,1754471721,355,8615846,话漫人儿,https://i2.hdslb.com/bfs/face/63b02a8971fa3d0e5166efa0d0115d5bfbf09be9.jpg,587781,"葬送的芙丽莲漫画,魔导特务队,芙蕾斯,露缇涅,尤贝尔,伊里丝,兰托,卡诺恩,葬送的芙莉莲,芙莉莲",48206,194,258,580,790,137,0,0,3892
BV11E8Rz9EXX,114935791228234,2,65,2077,网络游戏,休闲/小游戏,http://i2.hdslb.com/bfs/archive/dac04631f8be76c6089b1fd7a80ef778aa57a770.jpg,死亡1000次后，我终于无伤通关了茶杯头所有boss！,1754042400,5300,108423490,巛麻雀灬涛,https://i1.hdslb.com/bfs/face/311f884e89c9ef3bb0bb955cdde2230eaa3c81c5.jpg,594469,"独立游戏,STEAM,游戏解说,无伤通关,怀旧游戏,动作游戏,茶杯头,推荐宝藏游戏",1685714,10763,414,36768,7173,428,0,0,79553
BV1TDhLzpEfG,114967617471881,1,176,2176,汽车生活,亲子互动,http://i0.hdslb.com/bfs/archive/7c37c5841c2c47f9d8533657856da8f55d27049d.jpg,这一刻你可明白年少有为的意义,1754267110,58,3546946497153141,理想阿煜,https://i0.hdslb.com/bfs/face/06b162110c01c4099eaefd0efe52dc1005c86d65.jpg,62731,"情感,少年,意义",621087,172,239,5289,558,38,0,0,29465
BV1UdhbzxE5y,114959027542752,1,238,2148,运动综合,其他手工,http://i2.hdslb.com/bfs/archive/10a374f72e549fc6646b2c7448959d46d765c178.jpg,我是怎么开始走上做弓的路,1754135930,34,417416987,墨墨爸做弓,https://i2.hdslb.com/bfs/face/22ec138c64dfe0cf2bb8cfd930e5fdd974762323.jpg,9266,"生活记录,手工,原创",744253,51,813,1654,9804,66,0,0,91204
BV1NCtnzQEu4,114975267885651,1,216,2063,鬼畜剧场,鬼畜综合,http://i1.hdslb.com/bfs/archive/4b19674eda784b4ad0913cfbfa23543f7af3fb92.jpg,四大门派围攻东方明珠,1754383605,268,91790758,伊介书生,https://i1.hdslb.com/bfs/face/13c550fb549a533ce01182e5699f5efedcccf75a.jpg,388245,"上海,故宫,孔子,东方明珠,广州塔,蜜雪冰城,鬼畜星探企划",642841,2239,1635,9683,4866,3489,0,0,58125
BV1mh4dzXEZU,114976459069108,1,171,2071,电子竞技,射击游戏,http://i1.hdslb.com/bfs/archive/cf00ed20fdb4cb83b6afc8c3c388381625a02788.jpg,THANK YOU S1Mon,1754453400,184,31536760,EDG电子竞技俱乐部,https://i1.hdslb.com/bfs/face/90ef04ade74b3c2fea67d219992c149572964ec8.jpg,2107217,"EDG,无畏契约,VCTCN",750751,679,7074,5269,13449,25149,0,0,39251
BV13y8CzTEtj,114947233156825,1,252,2020,仿妆cos,翻唱,http://i0.hdslb.com/bfs/archive/f99a5ea08386cb4f869c4d260b6887ea90801014.jpg,感觉身上的睡衣变成了旗袍..,1753955834,50,475928927,沾沾沾染,https://i2.hdslb.com/bfs/face/7a589c6db68acf3feec3b4aac4c316946adb09ac.jpg,22370,"唱歌,翻唱,夜上海",438611,234,1534,9974,3331,1449,0,0,89349
BV1gStMzFEUW,114968389294910,1,212,2150,美食侦探,美食探店,http://i1.hdslb.com/bfs/archive/33a21db8a8db6036a50f55951b26e84ed49375fc.jpg,邯郸.特色小吃 厨子探店¥34,1754278947,229,544336675,真探唐仁杰,https://i1.hdslb.com/bfs/face/f82b7cb6e6b9e2351bb201f668af10b66b4d0d5c.jpg,4445436,舌尖真探事务所,956134,654,1458,4813,1857,2012,0,0,99282
BV15LtjzsERL,114973976040354,1,172,2064,手机游戏,单人RPG游戏,http://i2.hdslb.com/bfs/archive/86eaabcec84886630af16333dfbfa43d3188e150.jpg,全地面六星干员 VS 澪，斩业星熊首秀！【明日方舟】,1754363876,891,12073864,-碱式碳酸咸鱼-,https://i1.hdslb.com/bfs/face/de64ffc4031f4ec3f068527a8cbc4a1ac9cc4bb7.jpg,535134,"娱乐,明日方舟,斩业星熊,澪,AT-7,墟,泰拉探索协会,明日方舟创作者应援计划",550438,2638,1167,2431,2501,502,0,0,29424
BV1tf4fzwEin,114980301117205,1,182,2001,影视杂谈,影视解读,http://i1.hdslb.com/bfs/archive/b01abecd6ca35448578b31ce856abab05400ae20.jpg,被狂喷仍有8.0高分，最爽二战坦克题材电影+最帅皮特，万字拆解《狂怒》,1754474400,4251,942755,迷影至下Filmlast,https://i2.hdslb.com/bfs/face/f67d68fb42cf550e624e5db4730388bb5c7eeb56.jpg,2085476,"二战,坦克,布拉德皮特,战争片,狂怒,盟军,纳粹,虎式坦克,谢尔曼坦克,万字拉片大赛",115774,1773,421,3638,3668,226,0,0,7475
BV1cxtMz1EQW,114968305342564,1,250,2125,出行,徒步,http://i0.hdslb.com/bfs/archive/0c05888226a63436c04cc2b50eb55c9f864bc6cc.jpg,7小时徒步,1754293391,184,409721576,茶米茶米Charmmy,https://i2.hdslb.com/bfs/face/17d06b2a7ac66c94d189f66bbccdedf9fbd459c5.jpg,1325461,"旅游,生活记录,神奇的闲鱼,户外",242040,240,702,1838,1559,259,0,0,12926
BV1hGhHzkEkc,114953423949712,1,17,2071,单机游戏,射击游戏,http://i0.hdslb.com/bfs/archive/eac61517f5712b463f08894c0e17d109e0e21dc5.jpg,挑战三角洲日服夺舍一百个！冲,1754050255,146,523494348,包子三角洲行动,https://i0.hdslb.com/bfs/face/1f85cf24c3308b335d93d71d2b01e0a4bb67ce0c.jpg,13963,"精彩集锦,FPS,电子竞技,三角洲行动,杨齐家,三角洲日服,三角洲,夺舍",521272,365,255,6261,672,201,0,0,39199
BV1SvtFziEkN,114980166833596,1,95,2123,数码,家用电器,http://i0.hdslb.com/bfs/archive/b71889ffab0be7a0d80e4804fadf997b28c22219.jpg,最奇特的大疆产品？DJI ROMO上手,1754483400,720,946974,影视飓风,https://i0.hdslb.com/bfs/face/c1733474892caa45952b2c09a89323157df7129a.jpg,11780361,"4K,科技,数码,体验,大疆,扫地机器人,扫地机,DJI,ROMO,大疆新品",253452,2586,1228,2992,4519,3055,0,0,21148
BV1YQhgzjEAy,114964245251426,1,85,2154,小剧场,剧情演绎,http://i0.hdslb.com/bfs/archive/905aa2e76919ff8df76c3cf06ccd46900d02a0e1.jpg,谁还有更好的方法？,1754215387,97,304233145,酱油白米饭原创,https://i1.hdslb.com/bfs/face/e7b6aac008ac4a6002e1266fc732308a0365c81a.jpg,1131295,搞笑小剧场,1572152,346,238,6282,769,106,0,0,30482
BV1SX4fzKEvb,114980368286987,1,137,2014,明星综合,娱乐综艺正片,http://i2.hdslb.com/bfs/archive/b5b77fb3ba60284d5fcae56c3966a31044a1d934.jpg,【TF家族练习生】《肆意夏令营》EP05,1754478000,2902,3670216,TF家族,https://i1.hdslb.com/bfs/face/1c74336b9060d40d0ccf5e8bce7c0de34526b1e3.jpg,6937946,TF家族练习生,416197,295280,3852,5778,2500,487,0,0,24464
BV1EihJzEE3s,114952266320549,1,21,2188,日常,自我成长,http://i2.hdslb.com/bfs/archive/681e661dca5c124ed9357fa248a88ffd3f8cf448.jpg,学不进去的时候，想玩手机的时候，来看看吧,1754128800,410,490340432,英语老师晓艳,https://i2.hdslb.com/bfs/face/ec941be9327acdf6c0d30d3b0aaa4390087e0efc.jpg,547652,"学习,手机,学丞,坚持,刘晓艳,学不进去,爱的100种表达方式",208093,526,293,19961,3380,1601,0,0,18528
BV14Shwz1ERb,114941797341117,1,126,2063,人力VOCALOID,鬼畜综合,http://i1.hdslb.com/bfs/archive/337e0d8dd4600ea305e5ea682f5109fe52d77fcf.jpg,“鬼畜，是不是该剧终了”,1754020500,195,29382783,爱狂三的星总,https://i0.hdslb.com/bfs/face/e9cb715dcbd3521f6a8bcd9b3e92e272544b5f5d.jpg,883057,"鬼畜,全明星,鬼畜调教,人力VOCALOID,鬼畜全明星,黄绿合战,黄绿合战10th,剧终の小曲,传统鬼畜",568657,3360,4468,18533,31001,2201,0,0,78589
BV1x9hPzDERY,114959765740629,1,193,2020,MV,翻唱,http://i1.hdslb.com/bfs/archive/a6c9de39fa83eb6a4881bdff4f338e88e16b5edf.jpg,Nina《one spot》日本版番外（city pop） cover沈佳润,1754146934,169,3546810842876797,TH彼岸花,https://i1.hdslb.com/bfs/face/ef00ce22800adf5ebd6da0e14802c9205c2913ff.jpg,10517,"音乐分享官,日本,COVER,美美桑内,Onespot,Nina,citypop,沈佳润",201973,311,688,6865,4623,1408,0,0,20089
BV1d1hJzGEz3,114951964463844,1,184,2041,预告·资讯,动漫剪辑,http://i1.hdslb.com/bfs/archive/e2071d654f6866584cb540b5566fd3d7feab60b7.jpg,四小妖想象中的大圣！,1754028037,63,479665856,电影浪浪山小妖怪,https://i2.hdslb.com/bfs/face/c60f00b237d3227749bf460442642e04f622e497.jpg,31135,"国风,电影,动画电影,喜剧,小妖怪的夏天,浪浪山,电影浪浪山小妖怪,暑期档,西游,中国奇谭",644875,197,846,3721,1041,986,0,0,39422
BV1gt4ZzeEG4,114979479029833,1,21,2197,日常,其他vlog,http://i2.hdslb.com/bfs/archive/c2e2edf1235312eb0b7b6b0ed8f2e4ca130d52c0.jpg,鲨鱼の东京工作生活日记,1754448389,2974,1815506605,O鲨鱼Oo,https://i1.hdslb.com/bfs/face/d37cb4be1a4127483c696c2a7aec8460fb6ed052.jpg,61247,"学习,生活记录,日本,东京,笔记本,太宰治,吉卜力美术馆,工作,上班,独处",30937,786,426,985,1511,46,0,0,2643
BV1hfhGzJEtc,114965201552644,1,157,2112,美妆护肤,护肤,http://i0.hdslb.com/bfs/archive/83730a9786664be7871eb6ded542bc03b89355d6.jpg,14年换头！我从18岁-32岁整容经历,1754229797,92,9882419,我是唐飞飞,https://i2.hdslb.com/bfs/face/3eb07fba585e29826cd4716e6a44af50feabc065.jpg,48310,"整容,逆袭,减肥,变美,医美,隆鼻,整形美容,鼻综合",739155,1185,5852,1441,658,2309,0,0,21334
BV1xV4RzjE8o,114977314706918,1,172,2070,手机游戏,MOBA游戏,http://i1.hdslb.com/bfs/archive/8c5aac00122513d1cbfb50e937b41d8d18f5af99.jpg,我的李信也是好起来了，KD平均下来能一局杀0.9个,1754442000,233,268941858,磊哥游戏,https://i0.hdslb.com/bfs/face/538b9090c0862782df0662b2176e726eda1c9980.jpg,2470186,"王者荣耀,王者荣耀夏日农友节",550178,1306,2332,2558,3213,1145,0,0,43236
BV19qhPzaEqu,114959749024578,1,31,2020,翻唱,翻唱,http://i2.hdslb.com/bfs/archive/3500cb6e16fa474d9f3f5b22ae9770863fa06659.jpg,今晚听夜雨,1754146658,25,689808143,流星雨4536251,https://i2.hdslb.com/bfs/face/a4a2fa661cf165b94628a6e73440f4950799669a.jpg,76693,"姐妹唱歌,听夜雨翻唱,听夜雨DJ",387786,40,161,2903,854,201,0,0,49445
BV1MnhgzBEsi,114962433383584,1,138,2152,搞笑,美食记录,http://i2.hdslb.com/bfs/archive/985307d288d2c0cfe792ea60f70710f76b98966b.jpg,回农村老家给老婆包个鱼塘！,1754188170,596,382816675,猪猪狠无敌,https://i1.hdslb.com/bfs/face/5cc4e2e034cfa84dccd1b556afcad5c2f73d3d96.jpg,24470,"生活记录,包鱼塘,记录我的美食日常,鱼塘,回家,农村,乡村,农村生活",429814,511,382,3381,1488,125,0,0,18667
BV1VXtGzCEFh,114970016682025,1,201,2082,科学科普,社会资讯,http://i2.hdslb.com/bfs/archive/ae7a94710df676b498d4fbfa9bd389f6e9335f24.jpg,网购鸡爪“缩水”，直播带货“鬼秤”何时休？,1754303337,396,439478093,中国食品报融媒体,https://i2.hdslb.com/bfs/face/41703cc47175657261e088a1efb4906da542719e.jpg,4067414,"直播带货,打假,虚假宣传,乱象",180713,427,972,809,1208,240,0,0,15583
BV19ytgzgET6,114969278417558,1,251,2166,三农,农村生活,http://i1.hdslb.com/bfs/archive/0631a76f371aacce5f10d03e2693d4e3e218e872.jpg,母牛花样搞我爹，牛角、乳房、子宫轮番上阵，我爹奋力一搏,1754299800,515,414700515,龙腾虎跃龙兽医,https://i0.hdslb.com/bfs/face/697d80194c5a980fa55b9a200ce8b8ecc41ab39a.jpg,2690070,"得物,记录美好农村生活",778533,2389,756,5827,4724,484,0,0,54844
BV18P8rzdEtC,114944414588823,1,65,2071,网络游戏,射击游戏,http://i2.hdslb.com/bfs/archive/34c1941cafa81b03fce83e84117e0b8de25a9944.jpg,全是干货！看完100%爽吃潮汐监狱！全网最细节的潮汐监狱地图全复活点思路打法详解（一） 三角洲新老手必看 速成猛攻高手！全网最干三角洲猛攻必看教学,1754013600,8168,286886971,Chris小老板,https://i1.hdslb.com/bfs/face/7996d8ac050c7d38d50ef78b00e48f924d263a49.jpg,42829,"FPS,AixLeft,三角洲行动,潮汐监狱,善战行动,猛攻,教程攻略,地图详解,思路打法,三角洲破壁新赛季上线",158818,824,434,19606,5854,4487,0,0,17077
BV11phMztELY,114961510571029,2,26,2041,音MAD,动漫剪辑,http://i2.hdslb.com/bfs/archive/dfcbd639ab1380aad7e5f3277aeab72e978863ed.jpg,【MAD】耗时三个多小时打造的视频，会有人看吗,1754173496,181,1660384962,喝岩浆的火苗,https://i0.hdslb.com/bfs/face/7bc4a90b8879dfbea314071e9c3b46a3ca745524.jpg,2535,"AMV,空条承太郎,MAD,JOJO的奇妙冒险,乔瑟夫乔斯达,飙马野郎,石之海,黄金之风,jojo",134945,1898,466,10392,10362,661,0,0,31260
BV1dmhHzUE3W,114952769773022,1,138,2154,搞笑,剧情演绎,http://i2.hdslb.com/bfs/archive/6f8b8742a25f5f16ceb25d7984301d488fa8b3ab.jpg,挑战一镜到底之歪嘴龙王再现江湖,1754040657,150,339070060,阿姣来也,https://i1.hdslb.com/bfs/face/2b0b64521dc96f8a8b19b8e7afaf9d414a764069.jpg,26708,"短剧,配音,搞笑小剧场,一镜到底",199642,248,356,1536,626,735,0,0,27001
BV1W4tgzXE4a,114969463034636,1,21,2154,日常,剧情演绎,http://i2.hdslb.com/bfs/archive/bacbede5fb1adaf113c060ee1654ce05947219eb.jpg,剪头,1754298098,113,3493085877111279,魏福一,https://i0.hdslb.com/bfs/face/e5361c44cf9b97d0374eb35d35e46d96d98271b3.jpg,176870,"搞笑,瓜子二手车",133101,169,235,1566,765,516,0,0,20166
BV1uJtGzKEgP,114970318607927,1,172,2071,手机游戏,射击游戏,http://i0.hdslb.com/bfs/archive/3776c52e11e406b5f728a710a82839d41948c4be.jpg,为了讨好玩家！某些游戏线下能卷成什么样？？？？,1754308445,235,7817472,某声悠,https://i0.hdslb.com/bfs/face/8bd5833ad8ef48311543754469d5d1a665b02de1.jpg,1399583,"游戏,CJ,西山居,游戏杂谈,电竞,解限机,解限机公测,解限机赛事,解限机赛事团,游戏鉴赏家",164193,7001,54,2726,1066,30,0,0,11511
BV1imhHzUEVv,114952769706755,1,182,2009,影视杂谈,娱乐评论,http://i0.hdslb.com/bfs/archive/0dce04204117e78979873e29026fbd64b16a91ac.jpg,13岁前乞讨，22岁当影后，39岁跌落谷底，50岁重回巅峰，她的人生比电影更精彩！,1754101800,918,34189415,low君热剧,https://i2.hdslb.com/bfs/face/fabe17ef4b344336b872e3ded46a4a4b11140e7f.jpg,2927734,"我爱你,惠英红,燕云十六声,在燕云暑期版本安家了,燕云新武器唐横刀,燕云武学宗师惠英红,怪你过分美丽,宫心计,长辈,血观音",461328,1104,872,3995,4898,470,0,0,22593
BV1ZRtnzVEFu,114975418879578,1,212,2150,美食侦探,美食探店,http://i2.hdslb.com/bfs/archive/c8fe091a4a6a976a13b36b283678c06e8e153f05.jpg,云南的菌子你好“滇”，采蘑菇的小老外品尝之后光速投降！,1754385887,961,3537122973714533,老王在中国,https://i2.hdslb.com/bfs/face/5cc0f66946ba560d0ccbd8e5bffc45ac94793cf4.jpg,3441597,"生活记录,舌尖真探事务所,采蘑菇的小老外,老外在中国,云南美食,彩云之南,美食探店,菌子",324213,2959,1657,1846,5505,722,0,0,23105
BV1iChgzQELN,114964262029404,1,257,2083,配音,综合资讯,http://i2.hdslb.com/bfs/archive/d3878a60c93095125d99b487788b129785d3141d.jpg,杀死一只鸟儿最好的办法就是#小鸟在歌唱 #朗读 #配音#冥王#【高全胜】,1754215595,42,1667342531,配音演员高全胜,https://i2.hdslb.com/bfs/face/385866824e7d6c78208ae5f222b461741fb1e0cb.jpg,1157525,"唱歌,配音,鸟儿",1130825,959,2645,18546,3233,1359,0,0,156528
BV15Whuz2Eaw,114963255398211,1,21,2186,日常,恋爱关系,http://i0.hdslb.com/bfs/archive/aa604e6451f5ea7cd933127010ddf8c1773e2996.jpg,为什么美女爱找“河童”？,1754200262,178,12473824,正宗氛围帅哥杰西卡,https://i1.hdslb.com/bfs/face/32cb94f713c81c2362df899b8d377b26b5951e3d.jpg,304357,"妹子,日本,小仙女",210249,142,221,1221,623,448,0,0,15679
BV1h3tGzrERQ,114970201228615,1,65,2071,网络游戏,射击游戏,http://i2.hdslb.com/bfs/archive/7e91735553a7f46f4fc45a5273f34d5b039d1157.jpg,换个视角看三角洲，全网找这个2号！,1754306181,125,649413109,三角洲蛋少,https://i1.hdslb.com/bfs/face/0ca00d6fb71a0f320cda2650d19caf154f276576.jpg,9299,"原创,三角洲行动,记录,三角洲破壁新赛季上线",463457,138,483,3701,573,670,0,0,38194
BV13ih3zjE39,114963758712213,1,65,2071,网络游戏,射击游戏,http://i0.hdslb.com/bfs/archive/1a3af7e24994d9a9e606a2692e9a650ed3e26dfe.jpg,【乌鲁鲁金曲】⚡我的堵桥式由我做主！⚡,1754207925,184,1885660902,永雏小满,https://i0.hdslb.com/bfs/face/42e077cf7df2c2f366179c10996a0b55085960f0.jpg,10231,"搞笑,填词,三角洲行动,乌鲁鲁,三角洲,堵桥,三角洲破壁新赛季上线",459289,2813,1361,22711,6909,16207,0,0,71794
BV1dxbQztEap,114913678791271,1,201,2090,科学科普,人文历史,http://i2.hdslb.com/bfs/archive/1f8920a469d3c5d39eacef24469f4bbd59e2f773.jpg,选3到7岁幼女为“神”，不能哭笑，脚不沾地，通过32种考验，月经初潮就要退位,1754042400,723,80900494,捕月说,https://i1.hdslb.com/bfs/face/c90a38ec3f9e90b0adc20a51ec7d7bd4ac1d8bc3.jpg,884559,"印度,都市传说,奇闻,尼泊尔,未解之谜,印度教,活女神,库玛丽,捕月说,万物研究所",4598579,2127,667,19705,1476,458,0,0,52417
BV1hrhPzfEyJ,114959631517866,1,193,2017,MV,MV,http://i2.hdslb.com/bfs/archive/ad94ea1e18c8f16bfbe98ec2f094c38023214ac9.jpg,雨一直下,1754206200,74,3546872622877434,三点半官方,https://i0.hdslb.com/bfs/face/244bb12aaccb5a61212b38dfa32927ad6c6e9a7a.jpg,100488,"萨克斯,DJ,校草,雨一直下,三角恋",935620,20089,1954,16980,9587,7729,0,0,120157
BV1JftVztELD,114971375568432,1,157,2183,美妆护肤,助眠视频·ASMR,http://i0.hdslb.com/bfs/archive/ffcd02e2a93610f1971b1666617a93da9d86a21b.jpg,ASMR｜模拟化妆它又来了！！,1754324191,853,525528347,疑似被期末逼疯助眠版,https://i2.hdslb.com/bfs/face/8b381ea06c18fb5da5a8d52d86438ef9c8483bfc.jpg,47297,"催眠,助眠,无人声,美妆,asmr,放松,触发音",61158,199,482,1563,1499,51,0,0,7305
BV1yz8kzDEti,114945857427182,1,65,2071,网络游戏,射击游戏,http://i2.hdslb.com/bfs/archive/6e377db35357daccfca39f46a8da0fe0e5fe3d9b.jpg,刘涛乌鲁鲁带妹？！,1753963200,442,532249763,永远妖妖-三角洲行动,https://i2.hdslb.com/bfs/face/534ad488a182cfb90ecb6afa72432d8ebc3f6f71.jpg,53234,"三角洲行动,三角洲欢乐剧场",1053143,1281,1363,11572,4573,439,0,0,110842
BV1UuhPzDEjZ,114959983844215,1,65,2071,网络游戏,射击游戏,http://i2.hdslb.com/bfs/archive/e3083fb3d3fe5ba2f044922fdaff647b07d4351a.jpg,救命！哈基蜂哈气啦！！,1754150329,177,3546864269920566,小杯饭堂,https://i0.hdslb.com/bfs/face/b1fb029eadd64036660172cc8dbeb89f2fdc601a.jpg,163877,"恋爱,101俱乐部,三角洲行动,爱鼠TV,三角洲鼠鼠,小杯饭堂,航天基地,小杯,三角洲破壁新赛季上线",668526,393,772,7491,1172,195,0,0,50728
BV1FghEz7ETh,114950789926503,1,138,2154,搞笑,剧情演绎,http://i2.hdslb.com/bfs/archive/9e348247cddc5d70c05cdbdd7d14b8403b4edc48.jpg,创意工坊之包浆天下～,1754010209,98,3546909580987309,弗雷尔卓德-杨辰,https://i1.hdslb.com/bfs/face/e59912641ba4cbaadb857e30085b15cf4dcc6819.jpg,254767,"创意,工坊,探店",2131252,1333,1511,9989,2895,4900,0,0,129832
BV1YxtnzPEhy,114975469279292,1,138,2154,搞笑,剧情演绎,http://i2.hdslb.com/bfs/archive/46b76d7d7b85ea37e668475214b897cae704dc11.jpg,当代父母的迂腐观念（真的是超级无敌真是呀哇哇哇哇）,1754386614,223,68439967,萧枭同学,https://i1.hdslb.com/bfs/face/048bdff2b19e39da8f1aba04a3bd595a073130c8.jpg,2829881,"搞笑,反转,父母,真实,尴尬,2025哔业大戏",306270,517,328,2157,521,149,0,0,28493
BV1pQtFzdE3t,114979982414810,1,172,2073,手机游戏,动作竞技游戏,http://i0.hdslb.com/bfs/archive/4ab9f8bc63a504e498f41bbb64ecdec98943f0a9.jpg,回顾下共计200万成本战鬼杯的历程，再氪2万提升海贼战力，聊聊作为up的思考和期望！,1754456594,1054,38568774,鬼叔黍,https://i0.hdslb.com/bfs/face/b35d79cac0c8d78f1fbb4956bf0d778d272a9dfb.jpg,3191272,"万物皆可游戏,氪金,海贼王,游戏实况,鬼叔黍,壮志雄心,战力,赏金,航海王",198842,310,679,3378,4272,1937,0,0,11646
BV1uthNztEgy,114959195310304,1,215,2152,美食记录,美食记录,http://i1.hdslb.com/bfs/archive/05a4574d843db5a5b1f68afcb7f79be11ad05edd.jpg,油炸大焖子,1754138564,156,3546878484417233,老廖很会吃,https://i2.hdslb.com/bfs/face/003eaebefa7a8355be5c3cf1661bd1b10af6a571.jpg,50635,"美食制作,吃货,生活记录,美味,Vlog,万物皆可炸,焖子,一饭封神申请出战",261442,488,448,2248,1497,332,0,0,27003
BV1tjhJzwE3r,114952551534329,1,208,2188,校园学习,自我成长,http://i0.hdslb.com/bfs/archive/137957c7b9ed6628474932f9d955303a6c02bb1a.jpg,学习的时候老是跑神怎么办？怎样让自己静下心来？,1754037113,537,1497463202,晓艳教英语,https://i2.hdslb.com/bfs/face/a88c9e1dcb223514403ee99e3f98c618853ffcfc.jpg,1210772,"正能量,学习,考试,励志,是老师，也是UP主,静心,走神,刘晓艳",405630,624,753,46160,9781,3423,0,0,60243
BV1M7tGzqEJR,114970134055496,1,171,2070,电子竞技,MOBA游戏,http://i0.hdslb.com/bfs/archive/cce46074c2ace7581c0e875bda608b9bfffc82bc.jpg,帮下路跳大守塔，我是真心的，至于兵线去哪里了，去问设计师！,1754305129,95,3546827091610313,执念v稻草人,https://i2.hdslb.com/bfs/face/6a94bdd2e813968a255950e882df8b481aa0d848.jpg,44081,"精彩集锦,英雄联盟,天青青",166729,66,123,826,1329,83,0,0,12069
BV17ZtuzkETq,114969714628029,1,251,2166,三农,农村生活,http://i0.hdslb.com/bfs/archive/7ce6522e0255fb725b17aaaca58f8c09fd61cd56.jpg,爱你，老姐......,1754308800,308,143845192,念叁叁叁,https://i1.hdslb.com/bfs/face/3e9a9ed8cf8b0c7221b3e810d9e1e8ff7e6cf7b9.jpg,265552,"用星露谷开启我的农村生活,萌宠日常",288500,444,424,2493,1387,498,0,0,49318
BV1Qx8yzMEzJ,114946578843004,1,138,2155,搞笑,语言类小剧场,http://i2.hdslb.com/bfs/archive/4af11ece2374284f9b7755a47fe03b6b231da758.jpg,《感觉车里坐满了人》,1753956000,109,3493260618106936,伤心欲茄222,https://i1.hdslb.com/bfs/face/1f0cb64d9b62da7db7e6e020b78b6872dbffe55c.jpg,3276653,"搞笑,八嘎,配音小剧场",2660280,2400,5255,18235,11807,18675,0,26,300925
BV1yPtnzEEPZ,114975771269031,1,212,2152,美食侦探,美食记录,http://i0.hdslb.com/bfs/archive/ca161288796658ab7b8e24d2359915a2960b4883.jpg,在马来西亚实现海鲜自由！大龙虾+“顶流”炸鸡，这一口好吃到跺脚！,1754392112,1896,649019192,方芳的快乐生活,https://i2.hdslb.com/bfs/face/6403112ef1655c35eebc639706114d184edb3472.jpg,1822842,"吃货,生活记录,美食侦探,马来西亚,搞笑,旅行,记录我的美食日常,龙虾",749416,11969,1630,9175,54118,1541,0,0,51912
BV1WJhLzCELY,114965537102265,1,172,2064,手机游戏,单人RPG游戏,http://i2.hdslb.com/bfs/archive/0833192832e34f90a586b553cd894b5b0d0afecd.jpg,【声优整活】我的爱丽丝终于说出了那句台词!?,1754280900,22,11253297,多多poi丶,https://i0.hdslb.com/bfs/face/966b61d56511813052cfca8b0cb2ff7426165404.jpg,3034593,"JOJO的奇妙冒险,声优整活,绝区零UP主激励计划,爱丽丝,银色战车,波鲁纳雷夫,jojo,绝区零",497519,225,1093,9325,2734,4593,0,0,75062
BV1zQhjz6EL3,114966677953114,1,65,2041,网络游戏,动漫剪辑,http://i2.hdslb.com/bfs/archive/7f1167828ae24a6e195b75b7217f0ab694be5095.jpg,“抱歉，我不会再梦见你了。”【晓蛇拉扯集锦】,1754253897,88,284867798,玩蛇の想象家,https://i2.hdslb.com/bfs/face/77567da02222f5454d0e7e752151d4d96f95518d.jpg,7125,"晓蛇,英雄主义,火影忍者手游,无敌帧",168622,120,307,2868,1545,318,0,0,16428
BV1pQtVzAE23,114971191018774,1,47,2037,同人·手书,同人动画,http://i0.hdslb.com/bfs/archive/fec892777777004f2f31ad74290db137ea478dec.jpg,尴尬的关系,1754321821,152,676618045,Jeokhwa_赤花,https://i1.hdslb.com/bfs/face/473b8120bd50fe79b0ac5ff09c8d8f7394ba437b.jpg,98341,"火柴人,原创动画,手书",326988,452,764,18065,4193,235,0,0,25900
BV139hHz1EQg,114952702724209,1,21,2201,日常,潮玩玩具,http://i1.hdslb.com/bfs/archive/3a844230fbda64449e89d9e1d637e3f6fe72365a.jpg,爆泪！20年前的拓麻歌子竟再次复活 | talk,1754046600,179,11622535,梅干鸭,https://i1.hdslb.com/bfs/face/b05e1bad8ebbcf3a54f5c4aa1114abe73cb76540.jpg,2995,"情感,玩具,可爱,童年,生活记录,把兴趣玩出名堂,古早,拓麻歌子,talk,infp",228217,624,2513,6056,3581,775,0,0,28698
BV1ANtnzUEDr,114975955883853,1,171,2068,电子竞技,回合制策略游戏,http://i2.hdslb.com/bfs/archive/07770170109b27723bb16a49d68622ad74527a6c.jpg,【神超云顶s15】三天登顶国服第一，告诉你最适合当前版本的上分思路,1754394018,95,388063772,GoDlike_神超,https://i2.hdslb.com/bfs/face/e6bcb4a3dea0f2e71bb97a42f097efb89ce29aa7.jpg,835869,"国服第一,策略游戏,英雄联盟,云顶之弈,金铲铲之战,云顶S15",167499,79,640,3293,1026,1106,0,0,6408
BV1CphKzSEw9,114960738812267,1,172,2064,手机游戏,单人RPG游戏,http://i1.hdslb.com/bfs/archive/6ac9acfc2d85bb5dc9de5f0a093de404f57798d4.jpg,注意！千万别抽斩业星熊！！！！！！！！！！！！！！！！！！我就是这样被七个遥塞满被窝的。。。。,1754192700,533,112708024,豆角豆莎,https://i1.hdslb.com/bfs/face/4cdea719cb869f0195a28f8b9fa388416faa49d7.jpg,439889,"抽卡,二次元,明日方舟,斩业星熊,遥,塔防,非酋,泰拉探索协会,明日方舟创作者应援计划",443046,2052,4915,2911,14131,1645,0,0,26646
BV1rThtzgENW,114957869914338,1,95,2104,数码,自制发明/设备,http://i2.hdslb.com/bfs/archive/23dddd87915b565a13bf99e4e08b60ee7da2d7a8.jpg,自研麻将电磁炮,1754118554,93,483290174,一个工作台_,https://i2.hdslb.com/bfs/face/5a09ee515d5b436c6d51070f86968a73a2666617.jpg,852,"DIY,麻将,发明创造",1043490,1296,1406,4108,1290,1212,0,0,55051
BV12ShpzKEwD,114954514470130,1,250,2148,出行,其他手工,http://i0.hdslb.com/bfs/archive/322f6a408f7e667a1bd2ed7916f3f75030313776.jpg,设计这个柜子的人一定是个天才！！！,1754100000,19,26077555,東君小宇,https://i1.hdslb.com/bfs/face/5e7b2c2e1ddc4f9b7b2ace556b243020a3168cf3.jpg,434641,"迪士尼,家居,高能,设计,玩具总动员,家装,巴斯光年,胡迪,旅行攻略UP主激励计划",4904810,399,1826,13095,2023,3914,0,94,175297
BV17Yh7zkEmF,114951461012611,1,243,2009,乐评盘点,娱乐评论,http://i0.hdslb.com/bfs/archive/f2a1b0f3725bfff2a68d7d53132357e0e22749fb.jpg,私信被冲烂！好，我摊牌了！旺仔小乔黑料到底有多黑？,1754020888,498,95730227,爱上大世界,https://i2.hdslb.com/bfs/face/386a559eb9434f9e893a1ac6d6ee4d90d0a47933.jpg,146249,"搞笑,演唱会,原创,吐槽,旺仔小乔,吃瓜第一线,热点,娱乐资讯,版权,网红",2945627,19286,3884,28081,14474,1455,0,97,84440
BV1zFhWzbEQ6,114954061481416,1,21,2207,日常,随拍·综合,http://i2.hdslb.com/bfs/archive/5dad3937fcd10f90127e537ab7c31741bc534196.jpg,十年来第一次出车祸，感谢好心的大姐和四位大哥危难时刻下车来解救，也感谢老祖宗保佑我俩毫发无损,1754060077,127,392971337,美食小胖带你浪,https://i2.hdslb.com/bfs/face/ee09686c01cde7fe5f58bd20efb47f8174b5b568.jpg,155185,小视频,1004622,905,1670,2181,1290,336,0,0,59645
BV1JfhnzpEaM,114953306642785,1,250,2126,出行,户外探险,http://i2.hdslb.com/bfs/archive/c927e605c34a22811614ad39ddd7f98a0ecd763a.jpg,《埃及·红海》第2集：用时两天一夜，探索资源贼好的偏僻小海湾！不仅收获好多巴掌大的海螺，还解锁了好多叫不出名字的大鱼！,1754103600,1353,1497330079,OK哥环球探海记,https://i1.hdslb.com/bfs/face/aa0720a9f930e03569ac61092d207d164ce5122f.jpg,2101540,"AI,夸克AI,埃及赶海,真的假的问夸克,渔猎,红海,赶海,夸克,潜水,海岛探索",1891631,5790,1026,23021,24931,1515,0,99,65832
BV1Ba8CzLEwG,114947099003559,1,126,2063,人力VOCALOID,鬼畜综合,http://i1.hdslb.com/bfs/archive/ce74abdd88392241f79aa23631d593ccaaa3bccc.jpg,“火车里面唱K”,1753961100,141,242014,乌贼酱,https://i1.hdslb.com/bfs/face/86f8400609470083f834ae3548b731752839706f.jpg,24559,"鬼畜,揽佬,让子弹飞,大展鸿图,姜文,汤师爷,张麻子,大展宏图,马邦德,黄绿合战10th-绿队应援",2620339,843,1597,39383,70689,11847,0,36,162605
BV1aHhNzaE9W,114959530919384,1,138,2008,搞笑,影视综合,http://i2.hdslb.com/bfs/archive/01ffed3c211f0de7adb1e2727c59653e814e472d.jpg,⚡️广 东 神 经 骑 士 RX！！⚡️【粤韵风华】,1754143482,209,3517233,牛头人太空陆战队队长,https://i0.hdslb.com/bfs/face/8331adfe3b14bf9a5004a37932dd0ce33336915e.gif,103440,"广东,搞笑,蒙面超人,幪面超人,粤语配音,广东人,假面骑士一号,假面骑士black rx,粤韵风华,搞笑研究所",177191,489,542,4680,2714,7422,0,0,16339
BV1fphszaE9e,114955370105470,1,21,2084,日常,应试教育,http://i1.hdslb.com/bfs/archive/146245ebe128edd4f9ae6067320ac6adcf5181ba.jpg,化学海龟汤，但是难度指数飙升,1754092800,350,1129950028,CYD21,https://i1.hdslb.com/bfs/face/647c92784665197d7365543a7f3823fa4a463569.jpg,55113,"化学,科学,难度,海龟",608204,1581,1520,11376,2195,11528,0,0,56492
BV1WMh3zvEyg,114963993594095,1,17,2066,单机游戏,单机主机类游戏,http://i1.hdslb.com/bfs/archive/a1b31071943330acf0e48c330c80e0d806b7ab74.jpg,我在黑神话里举办了一场拍卖会！#2,1754280000,2264,99827844,肥格Fager,https://i0.hdslb.com/bfs/face/ba0d8b0f571e145ac26f18bde71010581d0c47a1.jpg,862505,"娱乐,搞笑,单机游戏,游戏,黑神话,电子斗蛐蛐BVB,拍卖会,动作游戏,索泰,推荐宝藏游戏",708330,6216,1571,10433,5646,281,0,0,24967
BV1tY8dzAEiq,114937133272461,1,130,2017,音乐综合,MV,http://i1.hdslb.com/bfs/archive/4cfd10f0ec0512d330fae4e0c62c75b53846d8a1.jpg,奇 奇 怪 怪 的 K P O P 混 音 30.0,1754037000,533,1559933904,热的冰美式_,https://i0.hdslb.com/bfs/face/79ed8e4019c783f48d602cad44374a819a0feec8.jpg,118760,"TWICE,EXO,SEVENTEEN,KPOP,BLACKPINK,LE SSERAFIM,美美桑内,BigBang,NewJeans,KPOP回归前线",577382,4890,469,6572,2888,3780,0,0,53726
BV1bvt3zKEaY,114970872253213,1,138,2137,搞笑,武术,http://i1.hdslb.com/bfs/archive/0b4a6ca189385129f9317e5ed83318f5f5894393.jpg,攻略失败,1754316380,22,1998136608,slava_fox,https://i0.hdslb.com/bfs/face/22315ef082e6517e9f70eacb67978488cee62d94.jpg,880985,"生活记录,高能,剧情,娱乐,颜值,转场,Ai,给整活儿加点艺术",339991,193,421,8311,1218,777,0,0,67258
BV1AgtwzhES4,114981341566573,1,159,2031,时尚潮流,明星舞蹈,http://i2.hdslb.com/bfs/archive/220fa4a9f9f6fdd2ca62c15a624ee741561d30c3.jpg,rollin！彻底疯狂！💃,1754476423,88,8366990,-欣小萌-,https://i2.hdslb.com/bfs/face/60368b5e2850cc569328e8b562d90cb28ce5b2cd.jpg,5032717,"舞蹈,Rollin,欣小萌",284600,288,930,10528,10576,346,0,0,24245
BV1KstczPEQX,114979630094084,1,21,2026,日常,乐评盘点,http://i0.hdslb.com/bfs/archive/dfd1f34a4aa2a2436f9acfce1b7fd5d46525c352.jpg,拯救音痴！医生麦霸齐聚！原来有这么多被学医耽误的歌手！,1754474400,2209,208130286,大物是也,https://i0.hdslb.com/bfs/face/8a01e29bab16f51fb9c322804b4bf2508c3edbfd.jpg,2093539,"音乐分享官,唱歌,综艺,唱歌技巧,麦霸,北大,十佳歌手,医生,KTV,音痴",147530,3287,705,1226,3315,291,0,0,8787
BV14uhLznEdY,114965990084431,1,183,2002,影视剪辑,影视剪辑,http://i2.hdslb.com/bfs/archive/6caabf8c03dec86a7d09ef328b31faa437436afc.jpg,终于有国产剧只用20分钟就拍出了仙凡永别的be美学，她真的用眼神演出了爱而不得的破碎感！！,1754241942,165,1147763911,琴瑟弦弦,https://i1.hdslb.com/bfs/face/8fc0923436addd1a4e1fa6911f45ab5ee2160eb8.jpg,136073,"影视剪辑,杨洋,古装,电视剧,颜值,be美学,赵晴,剪刀手安利大赛,国产剧,演技",302592,1104,1803,1682,1881,925,0,0,7340
BV1cJtPzPEQX,114982079436128,1,47,2037,同人·手书,同人动画,http://i2.hdslb.com/bfs/archive/b3dd6cc06b306a4f887082f09a993f7a3fcff65b.jpg,【大鸣王潮1566】你也变成声骸吧,1754487444,188,293187959,寞桀緣才,https://i2.hdslb.com/bfs/face/6b4baaf04d1ba4f5e36368c14a3315833b54e481.jpg,806973,"手书,鸣潮创作激励计划,小剧场,鸣潮",185605,2655,1032,2900,8720,1251,0,0,26943
BV1sMhpzNEmQ,114952820032861,1,253,2042,动漫杂谈,动漫评论,http://i1.hdslb.com/bfs/archive/b282dfab5e3701abe3d82c1ca8a6b23e262b6caf.jpg,灵笼最狠的一集！破解攻腥计划！【灵笼2】12逐帧解析,1754042106,1313,7946432,利维坦mY,https://i2.hdslb.com/bfs/face/eafd73061a55531503353e7ecf8ff9c184d52241.jpg,1728488,"动漫杂谈,解析,白月魁,友望,灵笼 第二季,动画种草激励计划,国漫,马克,灵笼,老坦",1832876,8585,9616,17898,53658,9186,0,42,100607
BV1sftJzQEpT,114975754421688,1,171,2069,电子竞技,即时策略游戏,http://i2.hdslb.com/bfs/archive/c3c5f78017d946d292981cb6bcef823d30dfe187.jpg,《魔兽争霸3》，全员变成空中单位，谁会成为单挑之王？,1754391295,1662,7773004,公孙雅量,https://i1.hdslb.com/bfs/face/d70558af4062b54b55cceadb63662258dfac78f2.jpg,346465,"魔兽争霸3,单机游戏,娱乐,电子竞技,原创,经典游戏,魔兽,魔兽争霸,即时战略,怀旧游戏",224275,4219,1744,1030,5080,134,0,0,13395
BV15fhtzvEWT,114957232377774,1,241,2154,娱乐杂谈,剧情演绎,http://i2.hdslb.com/bfs/archive/8b20df93044830689bc5316f93ccc313f90272c7.jpg,曹操说媒：刘备这个男人能娶吗？,1754108611,242,688489329,混饭达人,https://i0.hdslb.com/bfs/face/e2f6eb40c717fcbe845078b9a5d8f0a08c77baba.jpg,617973,"刘备,情感,历史,曹操,吐槽,段子,相亲,娱乐吃瓜大会",229488,1232,620,3096,1374,3134,0,0,32668
BV13D4fzqEzz,114980384937925,1,47,2037,同人·手书,同人动画,http://i0.hdslb.com/bfs/archive/f5db0f2dd20f89bcd6bac776efaffd9c69eae6cf.jpg,恭喜老虚，外挂+1,1754474400,388,3546697831549463,药胥虚,https://i2.hdslb.com/bfs/face/ed1824e27d8d7198338dbe2aab4ede8521351bdc.jpg,255892,"原创动画,二次元,热血",31751,263,161,933,822,27,0,0,3823
BV1yVt7zyECT,114973539830436,1,21,2158,日常,旅游记录,http://i0.hdslb.com/bfs/archive/913e6ab771a3791c6a19c3ef6bed58661369d4af.jpg,我们在三次元找到了真的蒙德湖！安柏 优菈 空｜COS旅拍VLOG,1754366700,273,7967009,名羲MX,https://i2.hdslb.com/bfs/face/2837ca3216e342381f1c987c1fd8dd4c28053348.jpg,134246,"旅游,二次元,cos,优菈,空,安柏,Vlog,Cosplay,原神,二次元副本挑战者",105736,162,220,4427,1682,245,0,0,11266
BV1yLhVzBEcR,114964748638728,1,172,2064,手机游戏,单人RPG游戏,http://i0.hdslb.com/bfs/archive/c8aa841bc7951a1e1a2da876ee924e54e4552bc6.jpg,【明日方舟】松桐实战测评：职业队福音，崭新的先锋天龙人！夏活赠送干员！,1754272800,588,1683678,人好嘴甜凯尔希,https://i0.hdslb.com/bfs/face/a07e51ca13ccf7d1040b39b0bb06e169578d0365.jpg,229649,"明日方舟,二手推荐,斩业星熊,松桐,松桐测评,遥,二手手机,转转,实战测评,明日方舟创作者应援计划",378897,1132,1510,1613,947,2645,0,0,14202
BV1ZjtFzUERS,114980099725553,1,124,2088,社科·法律·心理,社会观察,http://i0.hdslb.com/bfs/archive/097e9bfbbd67008c733bd80e139453c5273bbe94.jpg,【罗翔】张三出租教材，构成侵犯著作权罪吗？,1754457446,559,517327498,罗翔说刑法,https://i1.hdslb.com/bfs/face/4e5d0a51273fe3f8fabc700b6a71bb8a38c9e21e.jpg,32160901,"知识产权,法律,普法,罗翔,侵犯著作权罪",227585,2966,278,1535,1342,226,0,0,29701
BV1W8hHzcEMc,114952970963838,1,138,2154,搞笑,剧情演绎,http://i1.hdslb.com/bfs/archive/26853126726175ddaf49118a7f43769c1e285197.jpg,做了件好事,1754043339,182,3546638173866146,李万基fit,https://i2.hdslb.com/bfs/face/6623817f465bd4b80cf1f83af334fa2d56d0983c.jpg,490266,搞笑研究所,3528179,664,1297,11971,5536,1887,0,36,208718
BV1TchnzwEkW,114951997890406,1,22,2063,鬼畜调教,鬼畜综合,http://i2.hdslb.com/bfs/archive/b4e9194b74342dee5c0e7988dc48d79ff8fa0eea.jpg,憋笑挑战！！蛋宰派对！！,1754028422,57,3546760133741060,MC贝勒,https://i2.hdslb.com/bfs/face/09d9e08063d5ae49b03235dce0fd245828ecc7d4.jpg,160701,"万恶之源,高能,歪果仁,娱乐,配音,恶作剧,男人,挑战,派对,鬼畜星探企划",3104174,3968,510,9751,2150,1651,0,0,81615
BV1CS82z8E4g,114949229647461,1,47,2037,同人·手书,同人动画,http://i0.hdslb.com/bfs/archive/d6d018c2c2330c184fb4d754fc9087fb2f93829b.jpg,耗时100天，我用Q版还原了【你的名字。】,1754015400,1509,384414474,偷鹌鹑蛋喂鹌鹑,https://i0.hdslb.com/bfs/face/f8741426d9f1c7ed82c6b0522982eab7ddef3d70.jpg,52946,"新海诚,爱情,搞笑,动画电影,治愈,手书,你的名字,电棍,一口气看完,动画短片群星计划",3207527,65656,11367,148628,225283,44143,0,5,371092
BV1LahVzoEk3,114964899568450,1,158,2114,穿搭,鞋服穿搭,http://i2.hdslb.com/bfs/archive/45c041bf14a362ae73d4f4834b5a00159ee7f881.jpg,服装盲盒！挑战给团队每人买两套衣服！,1754225726,1292,431615976,聂小倩她老板,https://i0.hdslb.com/bfs/face/d3be65d78fb1280568bd852c282669c83c116164.jpg,1420375,"服装,穿搭,团队,服饰,团队大作战,挑战,盲盒,服装开箱,解锁夏日时髦vibe",275389,10749,1109,1929,6096,195,0,0,32583
BV14dtJz9Eux,114975855083824,1,21,2082,日常,社会资讯,http://i2.hdslb.com/bfs/archive/8ee5868cdfa8e977cf8650e1b1262d8d227f261b.jpg,女生晒旅行合影 被盗图造谣“6姐妹征婚彩礼10万”  法院判了！,1754392517,178,433587902,央视频,https://i2.hdslb.com/bfs/face/2650856709fe272aa5cf9c89a053c095d7b252e4.jpg,3992265,"今日说法,网络,造谣,征婚,盗图",194643,552,1681,1146,1307,405,0,0,18791
BV1eUhgzEENJ,114964211697794,1,86,2048,特摄,特摄,http://i2.hdslb.com/bfs/archive/96feef3576755950a2a60f4b1bfad88b4e5bca7a.jpg,挑战穿手工制作13套皮套去郑州8.16特摄ONLY一天,1754214818,24,41268012,雎鸠Tiga,https://i0.hdslb.com/bfs/face/674933aacd29a4d95c76e4f5055381749045cea3.jpg,61999,"赛罗奥特曼,漫展,特摄,梦比优斯奥特曼,手工,迪迦奥特曼,cos,泽塔奥特曼,特摄剧,贝利亚奥特曼",302960,164,735,2671,643,375,0,0,37257
BV1TttjzjEFr,114974110257103,1,219,2168,汪星人,狗,http://i1.hdslb.com/bfs/archive/00c41cf2ba3397c8d3643f2ace8b194ec627e792.jpg,《宣布十一肿瘤的结果》,1754366010,362,414702734,哈仔十一,https://i2.hdslb.com/bfs/face/4c4f01fe482e61655e8f13b1bbc5a2a7346b5610.jpg,993775,"哈士奇,二哈,边牧,搞笑,可爱,伯恩山,智商,动物总动员",322200,1249,655,574,2344,122,0,0,15937
BV1Q2tMzcEeg,114968355674527,1,229,2091,设计·创意,设计艺术,http://i1.hdslb.com/bfs/archive/d9110df6a6896d969420079a6efd7910a731e0ff.jpg,这样做logo设计更标准，ai软件里的路径生成器,1754278081,26,239014279,设计研究学习院,https://i1.hdslb.com/bfs/face/ef6e41af24eda449d19c49f7373887e98eb033b7.jpg,34401,"设计,AI,平面设计,LOGO,AI教程,视觉传达,LOGO设计,AI软件",1756743,198,596,2426,524,54,0,0,27077
BV16NhtzrEv4,114957819578593,1,215,2150,美食记录,美食探店,http://i2.hdslb.com/bfs/archive/510bdabe6a15e409f274c332da539ba99fa9296a.jpg,这所大学的校外美食 堪称美食批发市场,1754117798,137,500956635,一坨小草莓不霉,https://i0.hdslb.com/bfs/face/3c5908a07fed10bb6dbde6cd4aff2f86dc2859e7.jpg,193402,"大学,校园,记录我的美食日常,Vlog",445383,353,585,9909,690,5531,0,0,40796
BV177tnzzExN,114975553098632,1,201,2042,科学科普,动漫评论,http://i0.hdslb.com/bfs/archive/4c2ad224574dab1ec317d42d73fafc4296d90387.jpg,神秘的朝鲜动画片，严格封锁不允许外传，到底讲了什么内容？,1754396100,1238,53166650,晓涵哥来了,https://i2.hdslb.com/bfs/face/3dd58950fa1789c185341815878aac345a6e88a6.jpg,857088,"历史,朝鲜,动画片",493031,1794,1576,4598,1086,676,0,0,13975
BV1hytJzwEXV,114976257739944,1,21,2088,日常,社会观察,http://i2.hdslb.com/bfs/archive/dfb43cd8c3754c23aa568da63dea8a942378e58d.jpg,200w粉博主执意送外卖，曾直播日入近万曾被网暴,1754452800,620,1567446009,滤镜粉碎机,https://i0.hdslb.com/bfs/face/8ce3100adceacec46f0e031a12404a4d17a865c5.jpg,1060297,"社会,生活记录,正能量,外卖,网红,记录,骑手,社会纪实录",154570,440,346,4996,2112,4283,0,0,6149
BV1rvtczxEYR,114981391635110,1,21,2039,日常,cosplay,http://i1.hdslb.com/bfs/archive/f8f9581417095601ab54a6dd216a003fb254eceb.jpg,重生之我在漫展当古风小生?!,1754481166,252,36416972,张恩恩NNN,https://i2.hdslb.com/bfs/face/d716ac55bed4f38f231a4a5b90a4c3d963ea3c87.jpg,919565,"金庸,CJ,古风,ChinaJoy,漫展整活,社牛,古风小生,Cosplay,二次元副本挑战者",105605,2069,108,961,633,525,0,0,7513
BV1Xjh5zdEBV,114966493399952,1,122,2198,野生技能协会,休闲玩乐,http://i0.hdslb.com/bfs/archive/28f41a6671f1d7d95d8f3c9daa51e13ee46e42a6.jpg,刘谦给美女表演“猜金桔”游戏！为什么三颗金桔总是数不完？,1754249818,209,521689911,魔术特白,https://i0.hdslb.com/bfs/face/80979713c89cab28f951cde07b08d3739f7c23c8.jpg,424400,"魔术教学,美女,刘谦,撩妹魔术",5922183,434,616,22420,1259,144,0,31,55287
BV1sE4ozDEe4,114978019349575,1,172,2073,手机游戏,动作竞技游戏,http://i2.hdslb.com/bfs/archive/2f2f7dcbb90ba5b5cc0f190eeb66d6264cd035ad.jpg,第五人格海龟汤！！我们来了！！,1754450700,339,64533070,解说张一条,https://i1.hdslb.com/bfs/face/1732e9577707ca767bd7bf58639af4b9baf689e7.jpg,61650,"第五人格,第五人格赛事,飞莎儿,2025IVL夏季赛,烤鸭,海龟汤,张一条",54224,301,256,1045,535,260,0,0,3902
BV15JtnzMExo,114975536319826,1,21,2207,日常,随拍·综合,http://i2.hdslb.com/bfs/archive/df1aab5769ae0445824100f5ec62d0003b1ca3b8.jpg,NGO的影子借“公益”之名渗透名校！,1754387783,864,510362725,赛雷话金,https://i1.hdslb.com/bfs/face/62ac5d01ea6dfe5c25b56e49d5d6cfc9818b1866.jpg,603697,"公益,大学,NGO,名校,热点观察局",373989,2850,2290,6162,10929,2259,0,0,33141
BV1uutMz4Ed3,114968489892400,1,172,2069,手机游戏,即时策略游戏,http://i1.hdslb.com/bfs/archive/3bb3affd4250d118f64022c21bd49d007d305d19.jpg,“王从天降，愤怒狰狞”,1754280083,988,255117360,错眉,https://i0.hdslb.com/bfs/face/cafe402c80f06b8bd24c14534e37ec3b266003d7.jpg,414429,"策略游戏,游戏实况,手机游戏,皇室战争,卡牌游戏",354880,811,577,1376,1068,341,0,0,22701
BV1QUhbzcEZj,114958842993467,1,138,2154,搞笑,剧情演绎,http://i0.hdslb.com/bfs/archive/fec2dce937417810cffa97a16cede1f1b87a580b.jpg,她果然吃霸总这一套,1754140200,50,317698195,-高泽宇,https://i1.hdslb.com/bfs/face/f3abae4a9af7725e4ca4c0bdf94bc91235c68db8.jpg,158570,"搞笑,短片,原创,搞笑小剧场",977833,294,596,8080,1669,1754,0,0,126331
BV1jsh3z9EaA,114964077478290,1,21,2205,日常,婚嫁,http://i2.hdslb.com/bfs/archive/2a698a6451facc5a388afde38fe8dc81e1a8c557.jpg,至少 你穿婚纱的样子我见过了,1754212865,272,440832200,阿多Adonis,https://i2.hdslb.com/bfs/face/a6ca90b3766ea57a778b1aae36f76b870386c560.jpg,246533,"生活记录,日常,婚纱,vlog,记录,恬恬,白月光,遗憾,甜妹,万种生活碰头相见",687351,218,126,32342,1152,148,0,0,29513
BV1Vz4RzbEm5,114976962384757,1,251,2082,三农,社会资讯,http://i1.hdslb.com/bfs/archive/8b5f1a7834f6dbde1ac883e894fbbf85341c40f0.jpg,详解河南大旱！影响到底多大？降雨能否缓解？【主播说三农】,1754409584,320,1343321779,央视农业,https://i1.hdslb.com/bfs/face/c9e24623ccc91cd26c2894d2a1880dc6dc6a28c4.jpg,3622220,"主播说三农,河南旱情,玉米,灌溉",270288,824,2243,1452,2745,1212,0,0,28814
BV13Ytwz2Ebn,114981089643483,1,138,2197,搞笑,其他vlog,http://i0.hdslb.com/bfs/archive/49868b468d6758f9c0126f9f520b43f32ea280a1.jpg,我们三个决定背信弃主合伙创业,1754476529,301,400507605,哈奶啤,https://i0.hdslb.com/bfs/face/58d2663c4dd0f7ccc6dadfcdd2d49933e3d9f0b5.jpg,590392,"创业,日常,北京,美团请你喝秋天的第⼀杯奶茶,美团秋奶免单攻略,秋奶明星配送⽇记,北漂,美团",132435,395,544,715,3100,57,0,0,9579
BV1gGhhzeE6i,114958255784274,1,47,2037,同人·手书,同人动画,http://i1.hdslb.com/bfs/archive/ca7a4372c8f9878102ac3758a56868c71e5f27a0.jpg,15岁自学动画爆肝5个月，尝试手绘动画二创《越狱兔 第六季》,1754131200,262,1585678426,叫南瓜皮的我,https://i1.hdslb.com/bfs/face/d1241d8de7784fdc5d090f6439690673a2634134.jpg,40472,"同人,越狱兔,学生作品,手绘动画,童年回忆,动画,爆肝,自制动画",2144254,2146,4156,67888,135215,8153,0,7,255609
BV1n582zsEnv,114947803649441,1,138,2154,搞笑,剧情演绎,http://i2.hdslb.com/bfs/archive/f977ab74162536819221c3e9f6c1b5c26fe1caea.jpg,初代同事的离职比失恋都难受,1753964595,24,543931452,古泽源,https://i0.hdslb.com/bfs/face/f4da9d1c49cf0ed138dd23997c93e596657016d1.jpg,2218956,"生活,职场,初代,搞笑小剧场,同事",1054576,136,1453,6305,1011,2423,0,0,119743
BV19rtMzeEWu,114968473115692,1,172,2071,手机游戏,射击游戏,http://i0.hdslb.com/bfs/archive/6283894837ba72239750775101a650ee1ee10d7e.jpg,被无名抓住机会，整个全装队也得压力吃满,1754279954,256,1809444890,三角洲-安澜,https://i2.hdslb.com/bfs/face/e714b2642ce045e441a21dd29e94a72d3f7f3f8e.jpg,292078,"三角洲行动,三角洲改枪推荐,单三猛攻,无名教学,幽默静步人,粑粑流无名,安澜三角洲,粑粑老祖,akm,三角洲攻略课堂",515802,452,622,2099,775,464,0,0,34016
BV1D4htz4Eda,114957920312468,1,213,2151,美食测评,美食测评,http://i0.hdslb.com/bfs/archive/8a91e256f27f604295685c1bb9a2f8d757469231.jpg,这是我做低分外卖的初衷！,1754127000,341,667242071,老戴是减肥侠,https://i2.hdslb.com/bfs/face/e0c7b2af4581f03d1aa033a2230170476f0bc7bf.jpg,14256,"吃货,生活记录,绘画,低分外卖,记录我的美食日常,辣个老板,杭州,外卖,记录",378594,455,219,672,1602,81,0,0,22185
BV1ov8CzVEJv,114947132622095,1,182,2001,影视杂谈,影视解读,http://i2.hdslb.com/bfs/archive/eab4d910a8f9cfee91a11b6ca95bd1a88d9caefa.jpg,别害怕这部电影，别错过今年最佳！《南京照相馆》就一场直击灵魂的震撼,1753954182,615,79061224,刘老师说电影,https://i1.hdslb.com/bfs/face/145226ff2d32d7c99b8ea3591ffec2f38fc9d3d3.jpg,5218311,"电影解说,南京,影评杂谈,UP热评影视剧,南京照相馆",891957,2495,2983,8123,11498,3010,0,0,41841
BV19StGzyED7,114969983063976,1,95,2098,数码,AI杂谈,http://i2.hdslb.com/bfs/archive/e793c74e87f996e81f12206cc8c51e4a93956959.jpg,【爱否】爆发前夜？AI 眼镜的“iPhone 时刻”卡在哪儿了,1754303565,1712,7458285,爱否科技FView,http://i0.hdslb.com/bfs/face/b7efecd12b932a0e9bd4d7d3a7ba769166479fff.jpg,1170807,"AI,人工智能,智能,AI眼镜,眼镜,雷鸟,爱否科技",237143,111,250,1354,929,151,0,0,18845
BV1JthLzMEsH,114965788761818,1,193,2016,MV,原创音乐,http://i1.hdslb.com/bfs/archive/42157d95f1948305b12210ca549c932950751c3d.jpg,Tim Moyo - Unit 731,1754238970,156,3546888145995789,timmoyo,https://i0.hdslb.com/bfs/face/bec31145db8a9659d94391f32bb7e7b7cc947725.jpg,12543,"Sander,timmoyo,unit731",246045,3295,545,20408,37697,1487,0,0,79960
BV1z9tuzLEkV,114969765024892,1,76,2152,美食制作,美食记录,http://i0.hdslb.com/bfs/archive/39abb9ba081d0d5c0cc28ef101a1853bfed87535.jpg,他们都笑话我可我偏偏最好笑，终于吃上麻辣小火锅了,1754299626,371,272654283,咸鱼梦想家vlog,https://i0.hdslb.com/bfs/face/567a3dfeeddcfb96ae643bc3d8f6c5e5587830e0.jpg,2532869,"生活记录,吃货,火锅,记录我的美食日常,小火锅,出租屋,Vlog",600116,2300,750,7460,2562,535,0,0,25687
BV1xnhJzbE4D,114952232766274,1,47,2050,同人·手书,漫画·动态漫,http://i2.hdslb.com/bfs/archive/93a0902efb2c501b6570e821b8feea95cc753537.jpg,每个中国人都有自己的防御塔要面对,1754032048,56,349987915,hands2,https://i1.hdslb.com/bfs/face/afd996da636a13fb03b081d2782133c59bc393fe.jpg,377584,"魔法,东北,四川,漫画,中国人,异世界,东方明珠,河南,文旅,我的原创手书",2110197,3251,10465,42671,13272,36497,0,53,219569
BV1Z38yzmEaG,114946998275369,1,138,2156,搞笑,UP主小综艺,http://i1.hdslb.com/bfs/archive/e1ebaed1347cf5c3c0b64380a6b6ec10f351c5a1.jpg,缅怀先烈，吾辈自强.,1753952255,161,302338318,李炮炮儿,https://i1.hdslb.com/bfs/face/912830c3828a5f17960a16783d8e7f9687bddd6d.jpg,2042463,"原创,爱国",3305846,12156,2692,98970,345625,1978,0,1,786971
BV1qghxz8E1g,114954850015617,1,250,2126,出行,户外探险,http://i0.hdslb.com/bfs/archive/9add7c05276d23e0dda656f2d50b07e22c963181.jpg,冒死爬上世界唯一悬崖教堂，就拍到了这？？摄影｜埃塞俄比亚｜悬崖教堂｜Abuna Yemata Guh,1754132400,478,427607291,建国JianGuo_,https://i2.hdslb.com/bfs/face/2960dc381f05139b4d4d8fc360e32bd7b356916e.jpg,383617,"人文,数码,非洲,摄影,旅游,相机,徕卡,教堂,旅行影像大赛",495318,1498,508,7597,10433,715,0,0,21378
BV1eS8Pz8ERV,114903394295584,1,253,2042,动漫杂谈,动漫评论,http://i1.hdslb.com/bfs/archive/7a878097f322e8c3c489a15e8e799056389eb558.jpg,豆瓣7.1分！《暴走恐怖故事》第二季究竟给我们带来了多少童年阴影？,1754049600,1501,90784,圣夜改,https://i1.hdslb.com/bfs/face/6abdc6e5f3ba72ab787c1e112fe5f81f9907f602.jpg,78639,"动漫杂谈,恐怖,暴走漫画,搞笑动画,童年阴影,原创动画,动画种草激励计划,七月动画种草激励,恐怖故事,经典动画,故事解说",272875,3844,491,10881,2711,606,0,0,21471
BV1DAhLzsE81,114966057257641,1,17,2071,单机游戏,射击游戏,http://i1.hdslb.com/bfs/archive/80cf2efe2c438821c368cf23feb6944f35a5f1e8.jpg,【4K·60FPS】这代战地值得预购吗？！这个视频告诉你。战地6多人模式抢鲜试玩体验（无解说）,1754246606,1753,7947131,影佑,https://i2.hdslb.com/bfs/face/868fb8bbc4ba70692e8c1ebfcd5852c5a2e0685f.jpg,498215,"FPS,射击游戏,battlefield6,游戏试玩,战地6,预购,多人模式,战地风云,Steam,推荐宝藏游戏",452672,2634,3756,1539,784,4210,0,0,7860
BV1iChgzQEdM,114964262027707,1,218,2167,喵星人,猫,http://i2.hdslb.com/bfs/archive/484fe81427b1a91cefe38944d7742231dde044fb.jpg,咪有自己的地球转场,1754215717,15,3546894760414025,坦克一斤半,https://i2.hdslb.com/bfs/face/364775b6ab19386fb9c133d501cc4dfcf9c768e3.jpg,47279,"地球,喵星人,美短",3064828,407,3180,96598,22964,29029,0,21,563664
BV14P8qzgEjF,114942820753155,1,21,2154,日常,剧情演绎,http://i1.hdslb.com/bfs/archive/2e29c56c622ac5d9add36c0bbbc33ac21131e2f1.jpg,当我扮成古风小生见女友后，她逐渐疯狂了起来！,1753952400,353,2072577982,卑鄙的老曹,https://i1.hdslb.com/bfs/face/2758cb49231da58a1ce15f091778d5801961a9fa.jpg,1266855,"女友,情侣,情感,搞笑,生活,燕云十六声,古风小生,爱的100种表达方式",3107651,4219,3370,12272,106788,5127,0,31,123175
BV1uD4fzqEBz,114980384934983,1,17,2079,单机游戏,其他游戏,http://i1.hdslb.com/bfs/archive/c575b77f64ec923b31516bfc71fec73550625ab6.jpg,人类反攻的开始！我的意识被上传到了战舰上！【克隆机器人角斗场】第三章 Clone Drone in the Danger Zone,1754461957,902,456318119,失眠的老张,https://i2.hdslb.com/bfs/face/656813a33586c3e4ff618469e3681d4c5904e38b.jpg,417583,"格斗,动作,机器人,剑术,像素风,格斗游戏,机器人角斗场,克隆机器人大乱斗,克隆机器人角斗场,推荐宝藏游戏",33569,434,172,1385,662,13,0,0,2805
BV1eQhgzjEAB,114964245256716,1,208,2084,校园学习,应试教育,http://i0.hdslb.com/bfs/archive/b2230f8bfe119b15713d340e648f411cabd6c2bc.jpg,【一数拔高】指对幂函数大综合！,1754215452,2892,14229967,一数,https://i1.hdslb.com/bfs/face/812281bada7d323c23c6e1e2e92749bd29b7d7c6.jpg,20502482,"数学,高考,学习,指对幂函数,bilibili高考季,考试资料,中考,高中,考前复习",825586,8730,1648,20526,5762,2471,0,73,94647
BV1u7hhzcEpV,114958205457438,1,250,2158,出行,旅游记录,http://i0.hdslb.com/bfs/archive/848e85877cb15154d2514018e5a8a717d5519e39.jpg,高中生挑战600元富游香港,1754123683,729,3546874103466188,泽-在路上,https://i2.hdslb.com/bfs/face/1a39846b536a40b795518fb82ff9f57714ae91e7.jpg,8453,"生活记录,高中生,香港,记录,挑战",259708,1177,1601,4118,1679,1916,0,0,22475
BV1QPh4zWEDd,114956611753003,1,138,2195,搞笑,学生vlog,http://i2.hdslb.com/bfs/archive/a58bbf53ceced5b14a3d6be0840358912421dda4.jpg,好恶趣味的女寝(￢_￢)【微唠鸽（11）】,1754099126,703,1532685193,王菜菜-_-,https://i1.hdslb.com/bfs/face/a0bbc68079bd6d57ab8b8b34c3f3879d89e240fe.jpg,115357,"高中生,搞笑,宿舍,生活记录,校园,致歉一切,唠嗑,寝室,搞笑研究所",815282,269,431,8207,1632,478,0,0,32832
BV1xEhbzQEab,114957014342733,1,17,2066,单机游戏,单机主机类游戏,http://i1.hdslb.com/bfs/archive/f2d3f9d1dd44bd8ac333cd162bc8f0049ca4f7ea.jpg,人仗虫势这一块,1754111100,309,15002163,拧不动啊真拧不动,https://i0.hdslb.com/bfs/face/512d55096f492f14722988501e7a800020320b26.jpg,1329210,"游戏实况,禁闭求生2,电子榨菜,推荐宝藏游戏",1950909,984,1567,28233,2622,6848,0,74,86687
BV1H8hJzpETv,114952333429655,1,136,2074,音游,音游舞游,http://i2.hdslb.com/bfs/archive/01447e98ba722001b4b88a230c3df4bf682a05f5.jpg,【BanG Dream!】×TV动画【我推的孩子】联动开启！,1754064000,90,171818544,BanGDream梦想协奏曲,https://i0.hdslb.com/bfs/face/419abd51d9473f2318df0d921cc7da15179d146f.jpg,1760701,"联动,邦邦,BanG Dream!,bangdream,少女乐团派对,我推的孩子",340740,6056,1394,2491,708,8581,0,0,25087
BV1v1hgznEXp,114964312360407,1,27,2068,综合,回合制策略游戏,http://i2.hdslb.com/bfs/archive/32291a48e6276625e5437d792c7c4f6fb839b2c0.jpg,盲人玩家去线下参加炉石比赛是什么体验？,1754218800,739,10276136,诺子喵呜,https://i2.hdslb.com/bfs/face/7e6846ed5619b945c888b8f8db5000469f6353ff.jpg,1971417,"正能量,游戏,炉石传说,桌游棋牌,盲人,玩家,导盲犬,卡牌游戏,无障碍",260321,645,562,1339,4724,752,0,0,12442
BV1P4hJzxEDE,114952165790847,1,212,2150,美食侦探,美食探店,http://i2.hdslb.com/bfs/archive/7d1cf6af99fbd8b45076e5f000ff3a3ab38c1521.jpg,香港富豪，随随便便吃个快餐就168.果然是国际大都市#烧腊 #美食,1754031962,196,3493298886936758,bil品鲜园烧腊快餐店,https://i2.hdslb.com/bfs/face/a80100d257e6657880cf47786037b732d536a07a.jpg,245928,"街头美食,香港,探店",1042942,1145,1613,4045,2170,1199,0,0,80854
BV1HxtMz1Ep1,114968305408407,1,161,2207,手工,随拍·综合,http://i0.hdslb.com/bfs/archive/df832f2f82a0d591713c8eed07d4b9d0476c6435.jpg,最拐弯抹角的关灯方式,1754277426,62,3546564641425884,幻想阿阳,https://i0.hdslb.com/bfs/face/ce90d69db4f361e7ff0bba0edd11e84bb35d8cba.jpg,1650,"机关,手工,装置",1392496,1622,1958,7149,4135,2050,0,0,109550
BV1jfh8zVExa,114958138345626,1,218,2167,喵星人,猫,http://i1.hdslb.com/bfs/archive/bbade95d368df4f908587fbe6c27c79a64d107b6.jpg,拍猫录：瞬间即永恒，我镜头下小猫突突经典四连拍,1754122172,39,143986403,猫太极的拍猫录,https://i2.hdslb.com/bfs/face/d58676f6aa8875754011984344715a430ec35628.jpg,43293,"喵星人,猫,谁家小猫这么可爱,田园猫",2438255,890,1739,38266,4606,14192,0,41,288047
BV1Wgh3zPEkx,114964043923940,1,76,2149,美食制作,美食制作,http://i1.hdslb.com/bfs/archive/5ab6aa636cbd3d1d8b830e2283d078cbf34d64a2.jpg,1 pizza 🍕 = 1 smile~~~1个披萨🍕= 1个微笑,1754212383,84,1600975131,女王厨房Surthycooks,https://i0.hdslb.com/bfs/face/1ab0fe198e0033bbea11968079b74bd832b4a631.jpg,1884043,"厨娘,女王,吃货,美食教程,厨艺,美食,公益,全程高能,surthycooks,一饭封神申请出战",291273,315,445,1444,3215,80,0,0,38539
BV1jptwzWEkS,114980938646889,1,138,2154,搞笑,剧情演绎,http://i0.hdslb.com/bfs/archive/6db538aae351824982e29b5d66c2056ae1b65ebb.jpg,当苏超遇到赣超,1754470145,115,594968909,叨叨傅吐槽秀,https://i2.hdslb.com/bfs/face/77ee65f1031596d0db8581d2eaa7298fe06751d7.jpg,333299,"搞笑,短片,原创",147001,416,1106,564,1103,685,0,0,13808
BV1UctwzBEw1,114981106489551,1,21,2156,日常,UP主小综艺,http://i0.hdslb.com/bfs/archive/392365aeb2947ccfbca853414f663ee2c0e563ad.jpg,《奇怪的爸妈》,1754472950,696,3546731908171869,是许木木啊,https://i0.hdslb.com/bfs/face/dd7af55fc5361c6a343356958efce19fa6326d89.jpg,1386323,"家庭,父母,爸爸",419512,3449,3084,6838,4351,1027,0,0,53720
BV1TmhVz2EAp,114964664682643,1,138,2156,搞笑,UP主小综艺,http://i2.hdslb.com/bfs/archive/bd58544a026529d88dcdd4c0a6848134653f29fa.jpg,【Reaction】2025最火热榜Top10歌曲,1754221781,386,300994119,沙雕网友咸叽叽,https://i0.hdslb.com/bfs/face/7f6eea61bc5fe858be23e585d3d7c71c61bc91e1.jpg,3979612,"奇葩,歌单,音乐,幽默,歌曲,盘点,乐评,沙雕,流行歌曲,娱乐花式reaction",523036,7665,1892,16951,5092,731,0,0,67922
BV1x6tnz9EEx,114975637051482,1,27,2055,综合,二次元绘画,http://i2.hdslb.com/bfs/archive/ee085bf24c1c47a15e04ead285765b43bada7984.jpg,将《鬼灭之刃》中的六只鬼改造成正常人的形象,1754389219,422,500140286,隔路脑,https://i2.hdslb.com/bfs/face/16c595449a41d556bd99f16881604ab5788578f0.jpg,631888,"二次元,动漫,动画种草激励计划,鬼灭之刃",681904,1777,1044,5652,2424,3252,0,0,62891
BV12dh4zmE31,114956108306837,1,164,2128,健身,健身科普,http://i0.hdslb.com/bfs/archive/b00b3ad963eb326406576fcc3c94639294c8e7f4.jpg,独家｜北美运动学博士深度分析堂主体检报告,1754100000,871,1387592680,北美运动学博士Bruce_PhD,https://i1.hdslb.com/bfs/face/7b8cce70b0937a5c158d297324612fb2d119f4e6.jpg,929006,"运动,一拳超人,马拉松,健身,励志,堂主,1000天挑战,年马计划,体检,暑期健身蜕变挑战",1360665,13284,3659,17200,29098,4053,0,65,104418
BV1QAhKzYEvv,114961225355157,1,31,2027,翻唱,音乐综合,http://i1.hdslb.com/bfs/archive/b6dc0a30b3c2ea8b10413a15c2fed570e0ed5041.jpg,【黄金裔】《八连臭火》,1754169388,97,1393728432,匹诺康尼乐师,https://i0.hdslb.com/bfs/face/1700f65477fdc106b29210d7d702a54c4aa42e0e.jpg,47481,"崩坏：星穹铁道创作者激励计划,八连臭火",565129,1098,1653,23061,2700,12344,0,0,47202
BV133hhzNExA,114958272561450,1,235,2135,篮球,篮球,http://i1.hdslb.com/bfs/archive/74a6172fba7aa7d05fc2d331194e2e23dbb954b4.jpg,哥们我校队的，我带你们赢,1754124756,129,1127791040,卷毛懂个球,https://i2.hdslb.com/bfs/face/3683d8248452bedde0b9b5d642f2bb61baea4512.jpg,216565,"体育,校园,篮球,4K超清视频计划",699133,418,494,1310,538,636,0,0,41543
BV1K6tFzPEJ3,114979848130522,1,212,2152,美食侦探,美食记录,http://i1.hdslb.com/bfs/archive/4f2788588206957c867d3ba1d15eb677cb001528.jpg,特厨溯源｜吃“松茸”长大的猪是什么味道？—藏香猪,1754453564,232,3546888255048212,特厨隋坡,https://i2.hdslb.com/bfs/face/4a6a6e459f71080664d3952957f2eafc02418b85.jpg,2441520,"美食,隋坡,特厨隋卞,记录我的美食日常,西藏",645079,2109,3066,3407,10928,1704,0,0,68641
BV1HgtwzaEDA,114981341302098,1,95,2105,数码,科技数码综合,http://i2.hdslb.com/bfs/archive/907eaf27bb4605afe1d4d7f626ce585d450c5e3f.jpg,XREAL One Pro 像一副成熟眼镜了 真的！,1754479696,679,276928941,林捂捂,https://i0.hdslb.com/bfs/face/130befe6530b010a915b2af8f8852b8a743fdbfa.jpg,1123227,"科技猎手,VisionPro,XREAL,XREAL One,XREAL One Pro,智能眼镜,PS5,AR眼镜,便携屏,Switch2",78216,77,230,2730,2464,172,0,0,9088
BV1XH4dzfE5v,114976492623145,1,21,2158,日常,旅游记录,http://i0.hdslb.com/bfs/archive/b5b7155f279113a844a7383274338f6b8d9ad232.jpg,高中生挑战300元富游上海,1754406220,505,3546874103466188,泽-在路上,https://i2.hdslb.com/bfs/face/1a39846b536a40b795518fb82ff9f57714ae91e7.jpg,8453,"高中生,上海,生活记录,挑战,学生,记录,高中",119539,497,941,975,660,822,0,0,8193
BV1Ge8zztE8x,114943256956280,1,218,2167,喵星人,猫,http://i2.hdslb.com/bfs/archive/f1e941a67aa88b97249f402a19baa46f2027dcc5.jpg,“好奇怪，你们又听不懂我说话”,1754305200,184,3494362249955414,尖尖plus,https://i2.hdslb.com/bfs/face/d7ff02808369fe8f87662b3693737f340e3ee1f5.jpg,78017,"喵星人,田园猫,萌宠UP主加更计划",395844,292,816,16306,2232,2526,0,0,53451
BV1cyhNz2E6D,114959279195480,1,161,2148,手工,其他手工,http://i1.hdslb.com/bfs/archive/ebfc3fb1e9985d338e29ebb263306a4c6c775393.jpg,哪来的西瓜，这么小,1754139576,73,10790709,梧萌,http://i0.hdslb.com/bfs/face/bb527ee8ea60a93540f1394548dc0d2ebc2b8059.jpg,639315,"西瓜,水果,我的手工真的很解压",1399033,422,596,3452,1421,525,0,0,48269
BV16e8mz8EG7,114949078715654,1,171,2064,电子竞技,单人RPG游戏,http://i1.hdslb.com/bfs/archive/0e807df1db424bf54a9517ff98da9307de93547b.jpg,上帝我求你在给我9秒 这次我一定要带你出去,1753984475,202,3493109145013039,Lsu-L苏,https://i1.hdslb.com/bfs/face/374c5f7108b5781442bc55619b70be3d140107ea.jpg,430,"FPS,超凡先锋,吃鸡",544620,387,1406,2858,592,181,0,0,34655
BV1w8tGzbEqU,114970268273620,1,176,2108,汽车生活,汽车生活,http://i0.hdslb.com/bfs/archive/bfc28af571773ab9b72bf1eb229e25b7d9d7f14a.jpg,粉丝连麦：女友上岸家里出20万买车，男生想少花，怕不如女友？#极氪007GT #帕萨特 #买车 #油车,1754362800,606,3546724748495813,超哥超车,https://i2.hdslb.com/bfs/face/4bee3bbf26fe89cb847f93cfeb1566c31da0667a.jpg,800275,"极氪007GT,帕萨特,买车,油车",94279,435,910,806,685,391,0,0,5072
BV15o8kzgEBE,114945605897623,1,247,2106,新能源车,汽车测评,http://i2.hdslb.com/bfs/archive/e0034add4d163eed26526db7c27845455ebf456c.jpg,沃尔沃全新座舱体验：安全之上，智能如何进化？,1753956000,498,25480023,花生説,https://i0.hdslb.com/bfs/face/8661e5fb4b7f0409e414197675349d32bf009876.jpg,1195765,"AI,XC70,全新沃尔沃XC70车机发布,沃尔沃全新XC90,沃尔沃,SUV,豪华,XC90,车机,智能座舱",944731,880,349,2050,3291,759,0,0,4845
BV13RhJzKE4q,114952064996335,1,182,4218,影视杂谈,钓鱼,http://i2.hdslb.com/bfs/archive/773785ebea375aa2560b0ec44b9c905e5e521d4e.jpg,鱼竿都断了，鱼线却没事！这玩意有多结实？,1754130000,63,108264176,老树怪谈,http://i2.hdslb.com/bfs/face/036019f3c89c879b643885bbcb8944dbbb5a174d.jpg,49067,"科普,涨知识",3439706,305,997,3822,1115,232,0,0,61431
BV14vtuztE6F,114967818798573,1,176,2106,汽车生活,汽车测评,http://i2.hdslb.com/bfs/archive/ffdc215a09262edef315062b4f5ae909408d8147.jpg,粉丝连麦：在美国小伙想买保时捷，但国内朋友都在玩电车，这钱花吗？ #保时捷  #仰望U9   #GTR #买车,1754301600,635,3546724748495813,超哥超车,https://i2.hdslb.com/bfs/face/4bee3bbf26fe89cb847f93cfeb1566c31da0667a.jpg,800275,"仰望U9,买车,保时捷,GTR",220907,789,981,1548,3412,450,0,0,19842
BV1QMhJzqEsj,114952635484371,1,241,2009,娱乐杂谈,娱乐评论,http://i1.hdslb.com/bfs/archive/37ac24687dc9ef724792610a4d56a0c70e1569ce.jpg,一觉醒来全世界的k-pop水平下降一万倍，我成C位了,1754046000,891,111522104,接二连珊妄想症,https://i2.hdslb.com/bfs/face/81d82aaabda80c9c1f309e05fd4b23461c7b236c.jpg,644801,"综艺,孙佳洋,男宝星球2,夸克深度搜索,选秀,舞台,爱豆,夸克,K-Pop,娱乐吃瓜大会",1015356,21069,2040,11748,17494,5800,0,0,60700
BV1WPtnzEEzR,114975771201670,1,85,2154,小剧场,剧情演绎,http://i0.hdslb.com/bfs/archive/bfa186e4edd2f83edc9935762879fd3c939130bb.jpg,尝尝有多好吃,1754391604,45,2081415485,西西里人,https://i2.hdslb.com/bfs/face/62877851d1acb631d22f23bc89a400c75a049ccc.jpg,426707,"生活记录,搞笑",293054,102,312,840,514,730,0,0,27511
BV1nYtGz4EUv,114969899238451,1,215,2149,美食记录,美食制作,http://i1.hdslb.com/bfs/archive/7101e40505a0d65e7f0f494f38aa92d169cb4afc.jpg,今年8月能不能在中国见到憨豆哥？我们拭目以待,1754301574,255,1984198637,西班牙陈挺,https://i2.hdslb.com/bfs/face/80a8d4d675bf87beba65d8b2af8f8beb63c6b641.jpg,2252603,"美食制作,外国人,记录我的美食日常,姜母鸭,闽菜,福建",640872,1217,1095,2072,1779,202,0,0,53220
BV1QRhgz5Eqv,114964413094985,1,65,2064,网络游戏,单人RPG游戏,http://i2.hdslb.com/bfs/archive/ed29c5487225bdca65a90ccd0daab57aaa3b3769.jpg,卡了一下必有大事…,1754218017,130,1617097682,梓宸爱公子,https://i2.hdslb.com/bfs/face/70bab08addd0ca74723648f78aa4d495eed064a6.jpg,1762179,"原神UP主激励计划,原神",471437,18566,688,6268,1905,325,0,0,43495
BV16ohnzXEFK,114953256181041,1,157,2111,美妆护肤,美妆,http://i0.hdslb.com/bfs/archive/a04464632b492e95efc5a9123c01e172841e380a.jpg,外公为了支持我的美甲事业,1754047861,117,22568886,杭州_张白芝,https://i0.hdslb.com/bfs/face/ae49e929d3ecec99388a2042ad95151598424c8c.jpg,799,"美甲教程,美妆,美甲,日常,普通人变美指南",582190,252,395,1545,860,215,0,0,48537
BV1nVhuzWEEQ,114963171508549,1,162,2055,绘画,二次元绘画,http://i1.hdslb.com/bfs/archive/b52e44db5b025e6fac28d6fd295216dff4090c3d.jpg,你的崩铁该换图标了,1754198910,15,628371635,椎名金鸽_,https://i2.hdslb.com/bfs/face/ff118f13ecf26f480501e6cdb3fbd1c2227e1270.jpg,9536,"绘画过程,崩坏星穹铁道,崩坏：星穹铁道创作者激励计划,图标,改图,长夜月,整活,三月七",1313680,444,1957,12638,1467,4473,0,0,119433
BV1nkhxzBEEw,114956913610629,1,212,2150,美食侦探,美食探店,http://i1.hdslb.com/bfs/archive/685de391d08305c9fe8b83cdac020cb39e0c1401.jpg,全球首富马斯克的餐厅！特斯拉！机器人上菜能好吃吗？,1754125200,402,8894411,子文又饿了,https://i2.hdslb.com/bfs/face/05954faf4210626ceae1a3eb5cacdecab5a61fe7.jpg,759036,"美食侦探,美食,美国,国外,子文又饿了,餐厅,美国美食,探店,国外美食",451494,1914,469,2626,3993,706,0,0,19645
BV1k5tVztEY8,114971862110914,1,250,2158,出行,旅游记录,http://i1.hdslb.com/bfs/archive/9c72d1d7f4dd1884c6974ac811bdeaf99f0f754b.jpg,世界尽头的旷野仙境-“法罗群岛”,1754363100,779,10804055,蓝战非OvO,https://i2.hdslb.com/bfs/face/aa18f59c33db1256bf6e881d004232a62d767cc5.jpg,1620511,"生活记录,风景,旅游,旅拍,记录,蓝战非,法罗群岛,旅行攻略UP主激励计划",932675,3861,1784,8191,22307,5089,0,79,100284
BV1a5hHz3EAD,114953340067240,1,21,2122,日常,家居展示,http://i1.hdslb.com/bfs/archive/7ab945028658fef322bcb52ca668301f7cd4bee6.jpg,漂泊半生！既然成不了家，总得有个窝吧！,1754049706,127,1142330881,世栗,https://i1.hdslb.com/bfs/face/10cfad5cf68ca4bebc166cd71b9712d76317ca47.jpg,680,"生活记录,几万买房,终于有属于自己的家了,躺平,大龄单身",622263,442,2292,1875,1228,649,0,0,30771
BV13c8Ez8E7G,114930976038737,1,65,2071,网络游戏,射击游戏,http://i0.hdslb.com/bfs/archive/a27ba3db7ad2fd8676a6d0fdd48047af3dc56aa0.jpg,你这跟挠痒痒一样的削弱，是在逗我玩么！？运营！【JOJO吃鸡#126】,1754366400,447,289629258,超絶核地雷,https://i0.hdslb.com/bfs/face/051c4760173f5e182821e1e3cd2b31a6f3faf62c.jpg,412476,"世界,空条承太郎,JOJO,DIO,JOJO吃鸡,白金之星,吃鸡,时停,星辰十字军,推荐宝藏游戏",175069,183,130,1901,726,57,0,0,11658
BV1voh5zbEPS,114965855869227,1,137,2026,明星综合,乐评盘点,http://i2.hdslb.com/bfs/archive/26c35283597e96fc7a60467639cf8028a25d3ec3.jpg,刘雨昕演唱会幕后有故事？还喊话演喜剧？,1754362800,2573,3056480,罗毅的包罗万友,https://i2.hdslb.com/bfs/face/e0671a053d314cdb77ccfe4257e5ba043ff1b112.jpg,1734,"音乐,演唱会,刘雨昕,艺术,包罗万友,艺人,视频播客,仙那度,上B站看播客",735487,10560,2644,5282,7847,4673,0,0,9173
BV163h8zLEyf,114958658444992,1,17,2078,单机游戏,沙盒类,http://i0.hdslb.com/bfs/archive/5ca5408d0e547ae624071ec970148df43a4eb814.jpg,由纯粹的垃圾mod堆叠成的奇异搞笑整合包介绍,1754130221,117,523951594,-Riaoda梨小达-,https://i1.hdslb.com/bfs/face/5579b5123613b100d1ad107bdc8336b11d9bd8ca.jpg,460,"MOD,沙盒游戏,我的世界,垃圾,沙雕,像素风",446636,263,1546,5029,542,6484,0,0,27635
BV1GuhhziE9u,114958222236434,1,171,2071,电子竞技,射击游戏,http://i1.hdslb.com/bfs/archive/a60b70f118873455ea76c1037954cc315175473b.jpg,不是你压力谁呢？,1754123351,25,3461567079254478,保护我方塔姆,https://i0.hdslb.com/bfs/face/b1a01339e7edc84f3773ecfcd45121b6a428e098.jpg,65750,"FPS,桌游棋牌,MOBA",1295945,136,794,2813,680,380,0,0,88012
BV1xrtuzWEcK,114969630741991,1,21,2183,日常,助眠视频·ASMR,http://i1.hdslb.com/bfs/archive/bbf4e21ea778ede9253f2db45b6938668bcbceed.jpg,ASMR你最喜欢哪一个声音？惊喜盲盒捞道具｜Bakery无人声助眠,1754317800,4140,477137495,Bakery不失眠,https://i2.hdslb.com/bfs/face/03a92512130dc2262c994a5bc2aa059eece81511.jpg,990383,"助眠,催眠,治愈,asmr,Bakery无人声助眠,睡眠,放松,触发音,助眠音,无人声助眠",112057,182,429,3043,1110,85,0,0,6157
BV1GPtgzBEXF,114969379081117,1,182,2001,影视杂谈,影视解读,http://i0.hdslb.com/bfs/archive/51c2fa06e99bb57f3df3c784a0c98209620af632.jpg,把前妻拍成恐怖片恶心反派！导演你这取材是真够生活化啊！,1754295604,280,145750219,电影冷知识,https://i1.hdslb.com/bfs/face/f1df42e1b2d69b29176f142a0d40f856fb60f82d.jpg,1430279,"原创,幕后,脑洞,电影,影评杂谈,细节,导演,影视IP观察室",359114,562,326,3073,630,139,0,0,39556
BV1yFtuzHEgD,114968003347954,1,17,2069,单机游戏,即时策略游戏,http://i1.hdslb.com/bfs/archive/0dd0938bdfbdb2bc6a1a773f07c9bf02924dd860.jpg,遇到玩奇迹于你的小鬼怎么办?,1754272786,37,3461573913872612,无縿,https://i2.hdslb.com/bfs/face/9ac4d298bba9bebff27fe5c57e0aff9b305d4ffa.jpg,786,"JOJO的奇妙冒险,奇迹于你,870游戏,JOJO的奇妙冒险群星之战,潮流躲雨,格斗游戏,小鬼,游戏技巧,群星之战",1020442,174,817,12777,946,675,0,0,60551
BV1HJtPzPEjf,114982079501318,1,130,2014,音乐综合,娱乐综艺正片,http://i0.hdslb.com/bfs/archive/e2921833cdc5184ef68d4911877e9b0d29cb2e2f.jpg,【NCT WISH】WISH高中学生们的🪽夏日爱宝乐园体验学习➰☀️ |  EVER WISH PICNIC ੈ✩,1754487655,2119,3546586890111682,NCTWISH,https://i1.hdslb.com/bfs/face/c527de1e8dcf2065a4203b7e069e4a521fb6bd11.jpg,348607,"NCT,NCT WISH,EVER WISH,PICNIC",28264,5759,459,1090,862,282,0,0,3244
BV17VtEzeEWj,114975100113017,1,21,2152,日常,美食记录,http://i0.hdslb.com/bfs/archive/6742b4e91c39dadf7d1aab3e9509f794ab79bd1e.jpg,当老外第一次吃巧克力威化砖看看他们会是什么反应？,1754381512,274,3546725843208792,挺嫂在西班牙,https://i0.hdslb.com/bfs/face/6996a0ed84b7f153ead852ddc889b3d87be02f74.jpg,312712,"外国人,巧克力,威化饼干",238350,485,421,1528,688,93,0,0,22060
BV1sYhxzyEv1,114956678729667,1,121,2064,GMV,单人RPG游戏,http://i1.hdslb.com/bfs/archive/7406943ff0e0c6b115a89a5b35012181598c6faf.jpg,泪目！时隔5年，原神最长的伏笔终于揭晓！班尼特，你一定是最幸运的孩子！,1754099970,163,10773628,永远的我的鸟笼Me,https://i1.hdslb.com/bfs/face/467c59cf5001a2db9f14df6d556741eb0dd86416.gif,449712,"原神UP主激励计划,手机游戏,混剪,游戏CG,MAD,GMV,剧情,米哈游,班尼特,原神",413955,5552,1441,9159,4275,3132,0,0,43840
BV1h8huzkER7,114962919918712,1,17,2077,单机游戏,休闲/小游戏,http://i1.hdslb.com/bfs/archive/81ad1f181be467b40543d466106d2324be1c0c1e.jpg,新皮肤：寒霜剑客,1754195248,418,97213827,潜艇伟伟迷,https://i0.hdslb.com/bfs/face/a2370da541bc5f6769cfcea0fcef907bebb26311.jpg,4935497,"PVZ,植物大战僵尸,植物大战僵尸杂交版,杂交版,自制游戏,杂交植物",594469,620,701,1454,940,221,0,0,38397
BV1bShPzWEe6,114959883181042,2,22,2063,鬼畜调教,鬼畜综合,http://i2.hdslb.com/bfs/archive/41e3db101e10ede156f07c293e96c8f6c32c149a.jpg,【7月】哈基米音乐排行榜#10,1754149164,1342,7810173,せきらん雲,https://i0.hdslb.com/bfs/face/72c52a1838789bcd2555b6b83f4e91dea675ed3d.jpg,34973,"人力VOCALOID,排行榜,鬼畜,鬼畜调教,音MAD,活全家,哈基米音乐排行榜,神人,哈基米,鬼畜星探企划",452760,8964,2172,8627,8281,8720,0,0,31084
BV1JehJzSEra,114952350211088,1,176,2077,汽车生活,休闲/小游戏,http://i2.hdslb.com/bfs/archive/82d1bd70309cf1c4b98da0ecd0d7f1f3c7d6bef1.jpg,我太奶团最擅长的就是搬箱子和垫箱子了,1754034507,258,3546767706556480,蛋仔派对太奶团团,https://i1.hdslb.com/bfs/face/e9377e8c8e1da91b0e8e071c1e86b2bddd834e88.jpg,74762,"必剪创作,蛋仔派对宝藏乐园地图",3651491,71,63,99218,10715,10,0,45,97680
BV1nYhJznE8Y,114952366989017,1,182,2001,影视杂谈,影视解读,http://i1.hdslb.com/bfs/archive/dc688b62549afc438664bac766a5f9931a2b37da.jpg,猛男必看榜排名第1！主角光环也抵挡不了黑道大佬的的魅力！,1754042400,773,604710494,长片短解,https://i2.hdslb.com/bfs/face/6ccceba6ec8fe60d700f9f7c2910c08d70b03fe3.jpg,2450252,"电影解说,经典电影,动画电影,二手推荐,转转,二手手机,宠物,爱宠大机密,猛男必看,好剧好片重刷榜",5628797,748,750,22256,1345,769,0,63,56276
BV1d98kz3EkA,114945438060134,1,213,2152,美食测评,美食记录,http://i2.hdslb.com/bfs/archive/091346e41ebc304dc42a0f30c504437681096b5f.jpg,四川大姐做猪膘肉，整猪去骨撒盐缝起来，常温能放15年，可生吃,1753928381,52,470990524,小食光光,http://i1.hdslb.com/bfs/face/3e46a8fd368745553ab9a86a0195947033e67ad3.jpg,172768,"美食,生活记录,四川,乡村",1612320,575,1045,1142,534,703,0,0,33986
BV1pghuzxEqP,114963137958967,1,213,2151,美食测评,美食测评,http://i2.hdslb.com/bfs/archive/90070957656da15f076ea3ba9a3b40598d8ca3c9.jpg,非洲顶级大鲍鱼，居然会爆浆，做土豪盖饭壕无人性,1754294400,287,476704454,小文哥吃吃吃,https://i2.hdslb.com/bfs/face/a70aa74915d9e1e3282312b2b6759bc4aae1ed18.jpg,4183710,"海鲜,美食制作,吃货,厨艺,美食教程,4k,舌尖真探事务所,鲍鱼,美食测评,猎奇美食",596707,1290,438,2032,2809,682,0,0,29128
BV13PtJz8Eew,114974210984875,1,138,2156,搞笑,UP主小综艺,http://i1.hdslb.com/bfs/archive/963b9b8171147e8e126cd03c48ee4678e6e2c7bf.jpg,哈哈哈哈哈答非所问英文版,1754367708,138,3461572842228424,牛小豪吖,https://i1.hdslb.com/bfs/face/e9242dde084b6c1ad20e87cf12e61eebfcec49f7.jpg,1889139,"英语,英文版,娱乐,搞笑,搞笑小剧场",893637,2993,528,12002,2434,540,0,0,44600
BV1KyhuzAEMv,114963104406729,1,136,2074,音游,音游舞游,http://i2.hdslb.com/bfs/archive/a42d805248f9c2d1bd5816e60a36ada4fa3b957b.jpg,《 杂 交 版 音 游 》7.8,1754197994,123,92930253,HL_Storia,https://i0.hdslb.com/bfs/face/c56f531ec328d0ba3431e46c39e3a1dab97abedc.jpg,181959,"音乐游戏,东北,音游,雨姐,pjsk,STORIA,杂交,带派,phigros,整点电子榨菜",924587,677,1577,28564,4071,8343,0,0,55706
BV1SW4dztEvW,114976475843752,1,138,2001,搞笑,影视解读,http://i2.hdslb.com/bfs/archive/9a1ae47e2da0325ab59a9762ac3735bb9097a972.jpg,经典回顾之流星雨帅气篮球,1754402056,223,1379165407,-超级小能猫-,https://i1.hdslb.com/bfs/face/9ba5a55b282a55ac2eb29267ad9ccab381678934.jpg,2401251,"解说,搞笑,篮球,抽象,搞笑研究所",139327,533,346,1045,622,495,0,0,11560
BV1KjtMzQETq,114968741550329,1,130,2016,音乐综合,原创音乐,http://i0.hdslb.com/bfs/archive/eb941189a24313efa4ba6d35f50703edf2ec2b99.jpg,小娃pt.2--（OfficialMusicVideo）亚细亚旷世奇才,1754287237,141,2010145557,亚细亚旷世奇才,https://i0.hdslb.com/bfs/face/57c02f89b264a290d62f88b432de9c887137f130.jpg,918438,"MV,原创音乐,4K,新世代音乐人计划原创季",1568501,35934,5124,42959,49642,4669,0,9,179657
BV1fLhnzDESp,114951628785225,1,65,2037,网络游戏,同人动画,http://i0.hdslb.com/bfs/archive/ab9c8c8f266c8cb70fafdcc5d7139ad7474e95b8.jpg,对对对！你查完分和同桌就是这样的！,1754042400,78,1072364738,一支聪慧鼠,https://i2.hdslb.com/bfs/face/110f31f132ff821e5bbc5c857349454445723e5d.jpg,142430,"沙盒游戏,我的世界,考试,洛基,猫和老鼠,时羽雨衣,萝莉摇,抽象,沙雕,查分",3891565,1350,1149,177570,22533,4047,0,26,263408
BV1CN82zhERE,114947568829831,1,228,2090,人文历史,人文历史,http://i0.hdslb.com/bfs/archive/f6928b191fc70c654763e226a35e0d6428893630.jpg,课本里的化学之父，为什么被送上断头台？【历史调研室79】,1753961091,2772,519872016,历史调研室,https://i0.hdslb.com/bfs/face/5e687a2a90670e6b8e14b4f635ec38eb99f7e5eb.jpg,6640667,"化学,历史,法国大革命,课本,拉瓦锡",2102038,15080,6103,42842,36943,4911,0,49,85341
BV1Sc4RzsEQj,114977180552271,1,21,2158,日常,旅游记录,http://i0.hdslb.com/bfs/archive/97f3c9d31c51599d0d22dd6c61fa3cd0bc2b9fc3.jpg,Dory｜去凉山火把节看了一场彝族时装秀！烟火下和陌生人跳达体舞｜吃美味的烤小猪肉、酸菜肉丝粉｜在凌晨的成都吃豌杂面！,1754413184,2222,13658829,爱喝的Dory,https://i0.hdslb.com/bfs/face/0d6cb1494f0a2c171fd5fd7c24159c8f3bfe3f2d.jpg,325487,"旅游,时装秀,成都,美食,生活记录,布拖火把节,火把节,凉山,彝族,B站超高清视频计划",43421,723,537,1243,5333,388,0,0,5436
BV1LztgzyEyR,114969060379388,1,182,2001,影视杂谈,影视解读,http://i0.hdslb.com/bfs/archive/81263eeeda379d8d2e3fa2355a02903bb3107bf7.jpg,他越活越年轻，却注定与爱人错过一生,1754301600,183,11099044,花町公馆,https://i1.hdslb.com/bfs/face/5a18d382f3f2efeaf072eff7c801ad79be76dc94.jpg,905602,"爱情,电影解说,电影,每天安利一部好片",3190977,460,722,45059,6658,1217,0,12,136656
BV1sktuzXE1L,114969681073044,1,220,2168,动物二创,狗,http://i2.hdslb.com/bfs/archive/da38b818d6d2734b6394f44dbbf99110f1957983.jpg,狗仗人势让你展示的淋漓尽致,1754298551,32,1870883193,猫后生,https://i0.hdslb.com/bfs/face/2314ea25bbc2252b8e1e342893725d19fdc3bbff.jpg,1154880,"汪星人,搞笑,动物总动员",586028,68,267,916,752,490,0,0,26892
BV14NhpzTEh1,114952786477459,1,208,2096,校园学习,AI学习,http://i2.hdslb.com/bfs/archive/a6342b3ef4dbbc1611d6e103c5d22f6af475af2b.jpg,网络热门AI鉴定16【Git源宝】,1754040574,141,38061207,Git源宝,https://i0.hdslb.com/bfs/face/6c594817691a12697888c7eb17b3147c2bfcf27b.jpg,1039280,"人工智能,科技,AI,教程,提示词反推,Veo3,小刺猬吃播,AI视频,网络热门,AI IN ALL！",1320475,358,324,8986,1876,508,0,0,43792
BV1VBhVz9EVx,114964564220468,1,176,2136,汽车生活,跑步,http://i1.hdslb.com/bfs/archive/e87681a2206934ac9e356b68a4d89645909a60e2.jpg,感谢鸿星尔克官方给提供的支持@鸿星尔克,1754220193,166,2035556081,堂主lee,https://i2.hdslb.com/bfs/face/665a151899c136218c3ba7de064ecc67090c219e.jpg,883480,"原创,生活记录,鸿星尔克,记录,暑期健身蜕变挑战",645780,646,2352,3519,15104,730,0,0,82221
BV1DVhJzPEa3,114952518047774,1,241,2009,娱乐杂谈,娱乐评论,http://i1.hdslb.com/bfs/archive/5404371c90ce820a3d42a62dde2367541e59534d.jpg,点名中央的旺仔小乔，黑料彻底大曝光，彻底凉凉的“原唱”张碧晨。小绵羊的内裤去哪了？,1754046000,1171,26376587,吃瓜郭昱麟,https://i2.hdslb.com/bfs/face/6927b2ddf58a9f9abaa147ab8a4eaa0842931fd8.jpg,986517,"综艺,汪苏泷,娱乐,吐槽,旺仔小乔,同诗剃须刀,八卦,张碧晨,明星盘点,娱乐吃瓜大会",2373758,8180,4187,11434,3932,1964,0,0,74541
BV1Sf8izCE7b,114942804038701,1,121,2066,GMV,单机主机类游戏,http://i0.hdslb.com/bfs/archive/d7ba4e0f8f3ef5c2b780d933f280d1387995c6de.jpg,[黑魂]超兽武装,1753888509,90,108699089,洋葱拖拖米,https://i2.hdslb.com/bfs/face/fba99c4ab1dae8b2be55ee5a39a4abe16f988474.jpg,415,"黑暗之魂,童年,黑暗之魂3,黑魂,超兽武装,混剪",164673,88,495,3861,5399,1544,0,0,22994
BV1sMh3zvE1b,114963993599359,1,182,2001,影视杂谈,影视解读,http://i1.hdslb.com/bfs/archive/2024b970919103e406e65fbcd321d4a8622175c2.jpg,让主角父母双亡有什么好处？我统计了100部经典高分电影，发现……,1754280000,1521,1033271681,踏雪丨Snower,https://i2.hdslb.com/bfs/face/06dd051ca940270b4ce2313f8a6a9c938e5b3b5e.jpg,4535,"高分,经典,电影,电影解说,家庭,影评杂谈,父母,主角,高分电影,影视IP观察室",928208,1882,3306,16147,9516,2439,0,0,37710
BV1C18yzsENm,114946293636867,1,250,4216,出行,骑行,http://i2.hdslb.com/bfs/archive/cb9d0a85aa7a9cc83d1eb7c819c362f2e4e71da0.jpg,震惊老夫 荒漠中的马海绿洲 看不到边的绿色 长亭暂歇看云,1754194176,1325,99530095,赵朔西行漫记,https://i1.hdslb.com/bfs/face/04e94ee63762e20354ab8ecf59d62f5969b2cc3b.jpg,738299,"旅行,行走山水间,bilibili出行奇遇记,云,长途骑行",227840,6241,11204,3223,23425,292,0,0,27826
BV1UHhHziEgd,114952987809957,1,215,2130,美食记录,健身记录,http://i1.hdslb.com/bfs/archive/ac77b312c5e51524855c6c1a9dd471d1576f66f8.jpg,凌晨三点，我看见健身室有人未眠…,1754043694,156,646889764,Nico爱肉包,https://i1.hdslb.com/bfs/face/1fbb3e1e140042dbc15e412229760cbd21f9a927.jpg,490677,"留学生,健身,vlog,老外,老外在中国",652449,804,826,3931,4595,764,0,0,90410
BV1m5tJzQEaW,114974160590398,1,250,2158,出行,旅游记录,http://i0.hdslb.com/bfs/archive/95b0806c03204989c3422eb7bd3b2ea2b03cbb01.jpg,有一种退休叫一毛不拔,1754388000,265,382986457,结巴老爹,http://i1.hdslb.com/bfs/face/19de520d83b6e17160505785cc769f88500a85e5.jpg,1353074,"生活记录,旅游,搞笑,vlog,山东,蓬莱",196437,345,331,514,1408,233,0,0,8897
BV1SAhVz2EmY,114965151292415,1,22,2063,鬼畜调教,鬼畜综合,http://i1.hdslb.com/bfs/archive/7461e233946eb68823182d21774bbb0f9a9fb7cb.jpg,“你 管 这 叫 女 神 ？”,1754236799,96,30222764,洛温阿特金森,https://i2.hdslb.com/bfs/face/8991695154e980e8986b35a78e44bf52c8173b06.jpg,1218105,"鬼畜,杖剑传说手游,杖剑传说龙之国,杖剑传说素晴联动#,素晴,为美好的世界献上祝福！,杖剑传说",164183,80,213,2441,931,163,0,0,14295
BV1rQ82zFEzV,114949280172562,1,162,2057,绘画,绘画学习,http://i1.hdslb.com/bfs/archive/1210b0f72be4416a96f696d269a07676d6a010b6.jpg,【改画】上色没效果？掐这些“点”！,1754020800,404,43873002,凡老贼,https://i0.hdslb.com/bfs/face/c055054bbaf1a87e4affcfa102d00e219a847440.jpg,170167,"零基础,板绘,上色,二次元,绘画,蔚蓝档案,绘画技巧,绘画教程,日富美,改画",506297,576,956,24592,4692,1239,0,0,72242
BV1xehtzQEqX,114957500812484,1,250,2158,出行,旅游记录,http://i2.hdslb.com/bfs/archive/b492a21b8efc0450137db68c926d3ef8dbdbba0e.jpg,80块，带伊拉克爸妈玩转开封万岁山，这简直就是中国版迪士尼，太武侠了，玩迷糊了！,1754126400,919,3537122973714533,老王在中国,https://i2.hdslb.com/bfs/face/5cc0f66946ba560d0ccbd8e5bffc45ac94793cf4.jpg,3441600,"歪果仁,旅游,生活记录,武侠,开封万岁山,记录我的美食日常,伊拉克耐热王,伊拉克,爸妈,美食探店",1627057,5605,2436,11661,19761,2837,0,0,76081
BV1M44dz4ECi,114976509463916,1,124,2080,社科·法律·心理,时政资讯,http://i0.hdslb.com/bfs/archive/c38ec3290b29fd7a2a1a6eb475f34d94eb33bef7.jpg,【剥壳】联合国送命题战绩全网可查丨实战经验绝赞大分享,1754402748,2930,346563107,波士顿圆脸,https://i2.hdslb.com/bfs/face/f8f0fc4114bb06a87481abe12faa006a383cbe6d.jpg,5178996,"社会,外交,联合国,媒体,新闻,巴以冲突,徐德智,环球资讯站",424544,3601,1037,3582,4761,540,0,0,33053
BV1Cr4Zz9E7j,114979059533865,1,21,2207,日常,随拍·综合,http://i2.hdslb.com/bfs/archive/06d7e2ba309e46befe3aa6e59fd3c56df4737384.jpg,早安！,1754441578,14,3546937055775240,Yasal_170,https://i0.hdslb.com/bfs/face/b5c4750fa3e6ee70555129f7a49b304055d321a1.jpg,1673641,,741081,2055,4018,4487,9315,770,0,0,79225
BV1pJ8CzWEfR,114945354108580,1,164,2152,健身,美食记录,http://i1.hdslb.com/bfs/archive/a116ba55129f55de2a87f1bfec170e90402f39e7.jpg,450 斤超级大体重 8 天(减 15 斤）已完成,1753927604,259,3546571150986147,肥肥哥哥已减60斤,https://i0.hdslb.com/bfs/face/87406edf7d8ced1b5ef6387798b49deb04fb0dc7.jpg,48675,"美食,减肥,减脂,记录我的美食日常,体重,夜宵,仰卧起坐,减肥记录,大基数,塑形瘦身",421347,847,1745,2420,927,398,0,0,52777
BV11UtVzNEs2,114971291754430,1,207,2089,财经商业,时政解读,http://i0.hdslb.com/bfs/archive/7682fa2a0b9da05806bd1e44f34a548396750c21.jpg,印度：大哥你是知道我的！特朗普：土匪遇见恶霸，多简单的事儿！,1754359200,827,157258960,解密狗,https://i1.hdslb.com/bfs/face/fd6b66da27969124e94dcacf35e6a17c53dca295.jpg,389018,"历史,印度,人文,美国,知识,趣味科普,特朗普,制造业,关税,青年用「财」图鉴",286205,585,519,1548,1987,104,0,0,15149
BV1FfhnzpEga,114953306577848,1,250,2197,出行,其他vlog,http://i0.hdslb.com/bfs/archive/c989888016b3c534f813cff769883551dcdd18b5.jpg,这应该是我住过服务最好的酒店了，太牛了,1754048472,264,108067091,是胡阿胡,https://i2.hdslb.com/bfs/face/47194850478df789782fc49663bf6cd793e1a2db.jpg,48714,"生活记录,记录,酒店,洛阳,HelloKitty",522847,1183,1326,19433,2528,28020,0,0,40448
BV14vh8zfERD,114958390004824,1,171,2071,电子竞技,射击游戏,http://i1.hdslb.com/bfs/archive/dfcce97ea3db38ff9335da9564898a2453f2b0ee.jpg,我们削弱了ai——三角洲行动,1754126043,12,613878426,所有游戏10一小时蛋蛋,https://i0.hdslb.com/bfs/face/b569ca7fa90055f13fc27a9bca979ab386272cd9.jpg,411,"第一视角,下饭,玩家,沙雕,三角洲",677043,295,831,12715,558,8487,0,0,52151
BV1gb8kzbENi,114945706497910,1,157,2111,美妆护肤,美妆,http://i2.hdslb.com/bfs/archive/b7e5ac81321c90adb60d8dcf8cb4d0182c2bb4fe.jpg,啥？ the best 夏天香水！？看到最后！,1753932673,135,1136220052,OliverWalsh,https://i1.hdslb.com/bfs/face/f6856c354e3c9725f102e3a3a7a75f6acad34ba0.jpg,1395846,"夏天,影视剪辑,香水",248756,134,395,14753,1268,643,0,0,24476
BV1M6h3zCEpb,114963708382275,1,138,2156,搞笑,UP主小综艺,http://i2.hdslb.com/bfs/archive/926ea6706f2a4028b66d413e4429249792e74da8.jpg,哈哈哈哈答非所问,1754207148,117,551931509,小歪很拽,https://i2.hdslb.com/bfs/face/961bf1b9c9551c209a44d3463990190c36b3cdb1.jpg,1264031,"综艺搞笑,答非所问,趣味游戏,办公室游戏,看一遍笑一遍,搞笑研究所",1890944,2381,457,23874,1877,1187,0,0,76283
BV1K6tnz9EEb,114975636985347,1,253,2043,动漫杂谈,动漫速读,http://i2.hdslb.com/bfs/archive/0847cd8fa318f52b1a057af6a1523ffc77713cf6.jpg,【柯南】侦探队请毛利拯救居民花圃，却发现园丁里藏着恶魔，破获残酷命案，西瓜带你回顾柯南原创案件《花圃破坏者的阴谋》,1754389601,858,57608186,西瓜说柯南,https://i2.hdslb.com/bfs/face/ecb0fc5d5e34e79715fea462b0fd3ed85a573c05.jpg,740905,"推理,江户川柯南,动漫杂谈,工藤新一,灰原哀,毛利兰,名侦探柯南,柯南,毛利小五郎,柯南解说",232046,591,247,1767,1382,55,0,0,7557
BV1pW81zbEU4,114948290121395,1,182,2001,影视杂谈,影视解读,http://i0.hdslb.com/bfs/archive/a6962c4b68595ff6207dbb71d457e4664febd4cb.jpg,【HP】一口气看完！盘点《哈利波特与凤凰社》原著中没有被电影还原的419个剧情细节！,1753973094,9183,477833444,唱唱反调呗,https://i2.hdslb.com/bfs/face/bb5b932a9e42c3124cde4108a9884a50ca1d8af5.jpg,450318,"赫敏,HP,邓布利多,哈利波特,斯内普,哈利波特与凤凰社,影视,罗恩,哈利波特原著,影视IP观察室",693296,5459,1052,28978,22345,1580,0,0,64806
BV1GLt5z2E9D,114970922587130,1,172,2070,手机游戏,MOBA游戏,http://i2.hdslb.com/bfs/archive/e07078a5ed6b8d9609c67a3d4c78bfba079bf1dc.jpg,想跳过晋级赛结果直接16.0顶级对抗，吓的我半个月不敢上线,1754355600,215,268941858,磊哥游戏,https://i0.hdslb.com/bfs/face/538b9090c0862782df0662b2176e726eda1c9980.jpg,2470187,"王者荣耀,王者荣耀夏日农友节",1578961,916,3312,2937,2522,1137,0,0,85844
BV1Zdh8zLEDj,114958104922297,1,65,2071,网络游戏,射击游戏,http://i1.hdslb.com/bfs/archive/8f3868647a7018d0d14c3787508d5267e88ddd61.jpg,究极大黑号，不是挂就是6套，把我们和护都打回了普坝，后面得吃3000W,1754121920,993,1280231019,老6使劲叫唤战区,https://i0.hdslb.com/bfs/face/dc2e4963632a8b9aa743599bdae211e46a8c9141.jpg,1719226,"三角洲行动,三角洲行动日常操作",1074063,1245,774,7688,1423,350,0,0,37892
BV13etFzMEL5,114980183675595,1,17,2071,单机游戏,射击游戏,http://i1.hdslb.com/bfs/archive/9b329a0dd32d87020868812536fbac68fb35b06b.jpg,大兵66也是简简单单拿捏！拯救大兵这一块，还得是哈吉杨,1754458657,906,3546742700116050,杨齐家_,https://i0.hdslb.com/bfs/face/defa8623598cd28298afa21e9f01e46593230610.jpg,1672983,"三角洲行动,三角洲鼠鼠拯救世界,三角洲破壁新赛季上线",646618,11417,1345,5209,4264,449,0,0,53152
BV1uRtgzeEKo,114968825495956,1,215,2150,美食记录,美食探店,http://i1.hdslb.com/bfs/archive/cb77577b5d36ad89898212389c818b51b47f0757.jpg,牛肉跳着就上了桌…敢跟潮汕比鲜？,1754301600,661,3546689080133740,野文不懂吃,https://i1.hdslb.com/bfs/face/c42a0eb03dc75889e6deb47526b72279c69897ff.jpg,222350,"记录我的美食日常,潮汕美食,牛肉,潮汕,汕头美食,潮汕牛肉",417568,719,890,2308,1355,1828,0,0,8678
BV1eDhGzREDd,114965017004951,1,138,2021,搞笑,演奏,http://i2.hdslb.com/bfs/archive/2a113a3cd501bf06beeebb5c3bee924951a81694.jpg,あいつら全員同窓会，但是洗衣机来唱？,1754227128,81,1159076516,非凯J,https://i2.hdslb.com/bfs/face/ff6c566af2e4bf39f37ddbcf0e459340bf54a6b4.jpg,24681,"生活记录,日语,歌曲,洗衣机演奏,あいつら全員同窓会,绝活,抽象,洗衣机,神人,整活",160764,132,722,3687,2201,3223,0,0,20403
BV1y182zAEpu,114947468035698,27,172,2076,手机游戏,女性向游戏,http://i0.hdslb.com/bfs/archive/fc5bced0d6ee6f033800e7718cc4441903ea7d24.jpg,【无限暖暖】1.8丹青屿+丹青之境 宝箱+奇想玉琚+丹青玉魄 一条龙收集,1753960052,17121,1773346,莴苣某人,https://i1.hdslb.com/bfs/face/2a973191e45f611699c85d404baee50163a6f2ec.jpg,5564253,"暖暖,手机游戏,游戏,奇想星,丹青季,宝箱,露珠,无限暖暖,无限暖暖创作者激励计划",2465886,16199,3981,21686,36539,2447,0,0,36481
BV14E4fzbELA,114978925320298,1,172,2064,手机游戏,单人RPG游戏,http://i2.hdslb.com/bfs/archive/5f189c5fe77c82e04e453d32600dd38495c2b811.jpg,【绝区零】“爱月”3蓄4紊乱，极性强击原理，爱丽丝详细攻略,1754439570,1756,3546583140403261,打游戏的老二,https://i1.hdslb.com/bfs/face/c85d48e89c2083d2405ae1f169dafcd1aa5d5976.jpg,237399,"月城柳,浮波柚叶,薇薇安,爱丽丝,角色养成,角色攻略,游戏鉴赏家,紊乱,绝区零,绝区零攻略",42505,255,519,593,1187,156,0,0,2455
BV1GRhgzLEsd,114964413159525,1,252,2039,仿妆cos,cosplay,http://i2.hdslb.com/bfs/archive/c470b058f9be708c536df6c375dff5a5e78c10b8.jpg,谁能让我社死，我就V他50！,1754272800,349,2108856,流萤Zz,https://i0.hdslb.com/bfs/face/6b50ab776df772941c92a168e8a06c7e9c3718d3.jpg,2902963,"魔兽世界,漫展整活,社死挑战,社牛,暴雪游戏2025ChinaJoy,Cosplay",2396903,395,266,14894,1942,1201,0,0,34216
BV1wGhpzaEi4,114954648686323,1,138,2154,搞笑,剧情演绎,http://i2.hdslb.com/bfs/archive/f7ea7e23b2d4221c32ebd2b0f60d5e46f97d5ed5.jpg,当公司禁止喝蜜雪■■后，我顶风作案！,1754125200,151,35888636,养胃的霖冬,https://i2.hdslb.com/bfs/face/46c1a8f12b03ddc89fc6b37d5e11e66e31d57625.jpg,833130,"搞笑,高能,脑洞,搞笑小剧场,雀巢工作室,东方明珠,沙雕,手偶剧,蜜雪冰城",1209366,771,864,25398,40920,751,0,71,107768
BV1mzhnzNEkB,114953457502932,1,252,2113,仿妆cos,仿妆cos,http://i1.hdslb.com/bfs/archive/bf6dad6b140163cb765e4ac86576364d0d5fed13.jpg,当红心皇后联动红皇后,1754125200,51,415897343,初九Haimon,https://i2.hdslb.com/bfs/face/5755ceca1459f9028973297abda9e60f02a30c13.jpg,1336666,"第五人格,红夫人,爱丽丝梦游仙境,红皇后,神还原仿妆大会",3291090,1710,2055,14861,6148,1237,0,95,200519
BV1ZdtnzkEBc,114975402104976,1,173,2079,桌游棋牌,其他游戏,http://i1.hdslb.com/bfs/archive/7a3653e5cd264d57c11a41011d0b42b05a1c24a6.jpg,如果你成为，惨遭帝皇背叛的雷霆战士？【战锤胡诌】,1754388000,1301,98684196,一碗龙虾汤,https://i0.hdslb.com/bfs/face/ba4e54c31b102e6c7153f33c77992b1411a62a51.jpg,441817,"科幻,战锤40K,游戏杂谈,搞笑,桌游棋牌,人类帝国,游戏知识,雷霆战士,统一战争,推荐宝藏游戏",131215,804,841,2348,1522,126,0,0,9301
BV1UQtMzoE1H,114968020130554,1,65,2071,网络游戏,射击游戏,http://i0.hdslb.com/bfs/archive/305fb5d04928e2dfc0546b049aa889170eed7ec7.jpg,125发腰射流PKM启动！号主给了一万发金弹 你敢起我敢用,1754273078,511,3519797,战术级子轩,https://i2.hdslb.com/bfs/face/bf735d494a76c37fd276dbcfe73e3886fbb2cfad.jpg,894369,"精彩集锦,第一视角,娱乐,三角洲行动,三角洲行动整活大赏,三角洲行动烽火地带,三角洲行动高光时刻,猛攻三角洲行动,三角洲破壁新赛季上线",333563,539,283,1826,961,222,0,0,15121
BV16ThtzgEvY,114957869908331,1,168,2001,国产原创相关,影视解读,http://i0.hdslb.com/bfs/archive/e57796ab9f61dca3d8bdc060eddbc82df5f8e984.jpg,疯狂安利！【浪浪山小妖怪】观前指南！看电影之前，你必须知道的原著细节！,1754143200,490,31261235,L另唐,https://i2.hdslb.com/bfs/face/9cdbdecc498f42498f22bffa09964271ece19c6a.jpg,1249732,"电影,动画,动画电影,小妖怪的夏天,浪浪山,浪浪山小妖怪,上美,安利,浪浪山小妖怪取经副本启动",548329,384,568,4338,1219,1576,0,0,11210
BV1wM82zbExD,114947602252984,1,215,2149,美食记录,美食制作,http://i2.hdslb.com/bfs/archive/be004f38130e587d34c63720add657607a463269.jpg,文科毕业生15.12吃一顿,1753961538,76,33903433,极品饭灵根z,https://i1.hdslb.com/bfs/face/b85167a5feb1ae3547009e6efe6029b6aca5da4b.jpg,586239,"排骨,菠萝,美食,生活记录,大学毕业生,Vlog",1105717,47803,2432,5926,4802,1664,0,0,136693
BV1KXhVzVE5K,114964614355257,1,198,2006,街舞,AI影视,http://i1.hdslb.com/bfs/archive/23bdf9d815c5748d48777fe4388a91005e092cae.jpg,我在深圳看到了机器人，路人大叫…,1754221353,55,386120474,Barbin-ili芭比,https://i2.hdslb.com/bfs/face/c1bb2ca8bbbf4042dcdf85ea9780d6222b212308.jpg,726435,"人工智能,黑科技,机器人,深圳",614283,209,681,2197,544,500,0,0,39394
BV1PP8yzWEuQ,114946746617887,1,21,2020,日常,翻唱,http://i2.hdslb.com/bfs/archive/cfcc26a907c5d7d60948273bb4e628386cd067ae.jpg,“咳咳咳，有点呛”丨《秦时理塘》主题曲《悦光》-胡烟宾（月光胡彦斌）纯真烟嗓礼堂王子吉他弹唱丨猎奇丨呼麦丨抽象丨真正的音乐,1753956000,97,269288799,陈大东瓜,https://i0.hdslb.com/bfs/face/a446be727553193687f04ba898316caa6a200b8d.jpg,304577,"音乐分享官,胡彦斌,可爱,吉他弹唱,秦时明月,qdc耳机,抽象,真正的音乐,记录,qdc",654962,638,1636,15502,28988,18822,0,0,93155
BV1Qh82zkEdN,114947283489834,1,161,2104,手工,自制发明/设备,http://i0.hdslb.com/bfs/archive/8e8d593830caffa91dc2cf122ccabab7f00c27e6.jpg,如何用3D打印机炒一盘好面,1753956554,41,144741271,有猫饼工作室,https://i1.hdslb.com/bfs/face/68bceee223a51a3959f33f4a7c2eff8ab075c919.jpg,111181,"3D打印机,创意,DIY,3D打印,Polymaker,打印失败",3072443,82,245,16806,590,463,0,0,67904
BV1kehHztEbm,114953122028009,1,138,2195,搞笑,学生vlog,http://i1.hdslb.com/bfs/archive/9f092f748bb199dad3398085f9565960dc034c69.jpg,《 当 代 高 一 牲 ？！ 》,1754106312,973,1238825086,建客8米2,https://i1.hdslb.com/bfs/face/fbd9d6ef8a4d0fdce75cad21b2f54dbc1a40c07a.jpg,378714,"生活记录,校园,高中生,搞笑,青春,传说之下,高中,记录,三角符文,万种生活碰头相见",374964,2600,942,11935,7184,652,0,0,57032
BV1hU8CzeECx,114947250001846,1,201,2153,科学科普,美食综合,http://i1.hdslb.com/bfs/archive/98104abdd3f04e02f214b45bc41495efa20bab73.jpg,【食录】为什么柳州本地螺蛳粉不臭？是谁“搞臭”了螺蛳粉？,1753956351,895,1937308559,赛博食录,https://i2.hdslb.com/bfs/face/e29ed4db04b3eb522239c91c4cb0fbe78a792fc6.jpg,2219114,"科普,美食,螺蛳粉,广西,柳州,3分钟分享一个科学知识",988968,4007,4699,8019,9702,5823,0,0,43002
BV1dhtPzREcS,114981676782769,1,65,2071,网络游戏,射击游戏,http://i1.hdslb.com/bfs/archive/6b79dd8e773ba1cc30bb36f233e0f8a718cfd19f.jpg,【老鼠人行动】潮汐监狱（野排）???w→???w,1754481462,266,403637371,老飞宇66,https://i1.hdslb.com/bfs/face/25d6b747d51cd07f6ae01a1145225f9be7fbdc5d.jpg,2555106,"三角洲行动,三角洲破壁新赛季上线",171136,2250,816,1228,1207,174,0,0,15679
BV1T6h8z4ELK,114958339807315,1,17,2073,单机游戏,动作竞技游戏,http://i0.hdslb.com/bfs/archive/993df81f291a5a164011eda711f1039a92696e0b.jpg,【速凌】怀揣哥？你这是干嘛啊？？,1754126828,466,3546875066059052,高司令-速凌电竞,https://i2.hdslb.com/bfs/face/8119a560bc06a6436665606570a7332cb0756a89.jpg,1276650,"游戏实况,FPS,永劫无间手游,速凌电竞,永劫手游张起灵,永劫手游古墓夺金,永劫无间张起灵麒麟回响,高司令,三角洲,沙雕",4833805,50373,5043,55782,17743,10193,0,8,250840
BV1pXtVzYE7R,114971174439916,1,21,2001,日常,影视解读,http://i1.hdslb.com/bfs/archive/a8d2ac3e200a5eca9a963cf8d1d9242b74286c9d.jpg,三国杀up锐评新三国145：呱，公子啊，不是我刘备害了你……,1754359200,1250,8878219,吃蛋挞的折棒,https://i1.hdslb.com/bfs/face/de18d4ff5c0b5dc4c76a56a4ffde6bee9cea6bef.jpg,661951,"三国,三国杀,三国演义,新三国,影评杂谈",338086,6174,2112,1966,11661,282,0,0,17768
BV1AVtwz8EFT,114981240573968,1,138,2154,搞笑,剧情演绎,http://i2.hdslb.com/bfs/archive/7a225d5994740049679e5a33fb9835274982a083.jpg,课代表历险记（三）！,1754474621,151,393709394,一串大福,https://i2.hdslb.com/bfs/face/e6d1cf7df22235495d25d7ae77a4aa185e5d8c7f.jpg,1555715,"校园,搞笑,原创,搞笑小剧场,来福来福,一串大福,课代表历险记,学生时代,真实,fyp",101484,917,616,1809,786,81,0,0,12731
BV1pvhWzvETq,114953944042233,1,182,2001,影视杂谈,影视解读,http://i1.hdslb.com/bfs/archive/1401c818dd5229de7020af184ad579094452bdbe.jpg,“开端”从未开始，真相就藏在开头！不怕剧透的颠覆性解读，十万字细嗦《开端》上,1754105400,13117,479820935,不善言辞的秃秃,https://i2.hdslb.com/bfs/face/93d7f42e08ef889f097de4992adf72fa5e571547.jpg,998515,"白敬亭,剧情向,推理,悬疑,影评杂谈,解读,开端,拉片,赵今麦,好剧好片重刷榜",838875,12911,2442,21764,22241,1709,0,0,43139
BV1AHtMzEEDE,114968624111267,1,28,2020,原创音乐,翻唱,http://i1.hdslb.com/bfs/archive/76701eaa4eef8f5634f83e13bd35a9114fd7e0f1.jpg,Moon Halo|翁法罗斯十二黄金裔,1754282179,122,1632696879,淬淬淬是淬,https://i0.hdslb.com/bfs/face/9865a51bcf93c2355eb1dd045c9abe5424dfc44c.jpg,37807,"崩坏,翻唱,崩坏星穹铁道,崩坏：星穹铁道创作者激励计划,翁法罗斯,翁法罗斯黄金裔全员,MoonHalo,黄金裔",353748,16188,1367,29613,7201,4621,0,0,63738
BV1zqhHzxE4m,114953155579113,1,138,2037,搞笑,同人动画,http://i0.hdslb.com/bfs/archive/3dfe7733d6f6871b6f61512816dc646e2f08a103.jpg,《究 极 超 B 界 大 战》,1754046569,429,321422126,进击的金厂长,https://i2.hdslb.com/bfs/face/339c136489ea2af91bd1d8688ba7259e958ded28.jpg,5117242,"B站,二次元,动画,动漫,搞笑,短片,搞笑小剧场,热血,战斗,鬼灭之刃",1978390,17270,35195,78283,104819,6342,0,7,219538
BV1Kbtjz1EiS,114974093478797,1,241,2154,娱乐杂谈,剧情演绎,http://i0.hdslb.com/bfs/archive/64ee87d46a233e639778b72f5a3e49290815f9f8.jpg,曹操忠臣时VS曹操魏王时,1754365652,41,688489329,混饭达人,https://i0.hdslb.com/bfs/face/e2f6eb40c717fcbe845078b9a5d8f0a08c77baba.jpg,617976,"历史,曹操,娱乐",199548,72,505,3775,764,1411,0,0,29966
BV1E4hVzcEJq,114964966676665,1,22,2063,鬼畜调教,鬼畜综合,http://i1.hdslb.com/bfs/archive/4d2fcc3ad2b6f7117c6d6c982d0d3efa64d42dea.jpg,⚡灵感菇溜大了⚡,1754279700,117,2283296,小猪P_,https://i2.hdslb.com/bfs/face/e3cd0e238b61cb1c23ffae2f7f99fcc59818cf68.jpg,664919,"鬼畜,黄绿合战,MyGO,Ave Mujica,黄绿合战10th,爱音,咕咕嘎嘎,黄绿合战10th-黄队应援",197383,372,1405,7431,4107,5778,0,0,26291
BV1PZ4RzjE7F,114976761059537,1,17,2077,单机游戏,休闲/小游戏,http://i1.hdslb.com/bfs/archive/96a805101ac3c136c93ff2254ceeba7f598dd7a6.jpg,融合植物285：更多的巨人！,1754434800,772,3546619314178489,蓝飘飘fly,https://i1.hdslb.com/bfs/face/f2bc644c3cf25590bbc7954daecf3e3a9aec5711.jpg,1504999,"植物,植物大战僵尸,娱乐,融合版,转转回收,融合植物,巨人,融合,巨人僵尸,推荐宝藏游戏",408515,2088,1767,2055,1564,440,0,0,18590
BV1o54dzeEL8,114976375182172,1,95,2100,数码,手机,http://i0.hdslb.com/bfs/archive/b7effb7b2ff094cce4f52154f3c8819c057809ff.jpg,为了用华为Pura 80，我爸买了一台问界M7？,1754472600,434,1428110495,妮可厅长,https://i2.hdslb.com/bfs/face/b25c1e79bb41667b929a2cf197b53d0ffe1e8330.jpg,170297,"科技猎手,华为,数码,问界,华为 Pura80,鸿蒙5大有不同,眼见帧实 ·B站超高清视频计划,Pura80 丝绒小直屏,直屏,鸿蒙手机",48383,508,130,1763,1719,35,0,0,11255
BV1NatjzCENs,114973992815349,1,21,2140,日常,体育资讯,http://i2.hdslb.com/bfs/archive/a9d8d717e743be91772eff8197aae7eaa271fc65.jpg,又美又飒！2025年全国田径锦标赛女子跳高比赛，邵雨琪顺利越过1米90，因试跳次数少获得冠军，成功卫冕！网友：滞空感好强！,1754364216,34,1131457022,人民日报,https://i2.hdslb.com/bfs/face/19a041ba0e78ed43b7a3eab35edfc998eaa7db8e.jpg,17010870,体育,556314,204,629,3545,570,928,0,0,68748
BV1fGh8zyEXy,114958574617870,1,228,2002,人文历史,影视剪辑,http://i1.hdslb.com/bfs/archive/892b51a87d71066c491f853161fd721b08896b16.jpg,一个普通中国日子人的苏俄革命体验游。,1754128990,1936,52238328,剑南胖达,https://i0.hdslb.com/bfs/face/30599bbd815803fabc71a86a5fcd4c122fce01ce.jpg,2394,"中国,苏联,俄罗苏,钢铁是怎样炼成的,乌克兰,十月革命,保尔柯察金,钢铁是怎样炼成",127289,237,280,3770,1317,179,0,0,15413
BV17L82z9E1d,114947786870233,1,182,2009,影视杂谈,娱乐评论,http://i2.hdslb.com/bfs/archive/098c55cce37aa1919266789605f11c4b77f702f3.jpg,年度最强综？天选综艺人！爆笑到喷饭！有没有人能救救陈星旭！《地球超新鲜》,1753964372,1088,408672114,噬元兽影视,https://i0.hdslb.com/bfs/face/2d62cf208f3f8fd10e74c77685b9849893a7d56c.jpg,520195,"孙红雷,陈赫,王玉雯,地球超新鲜,李乃文,龚俊,陈星旭,综艺解说,刘宇宁,娱乐吃瓜大会",1766703,2301,1417,14885,2699,4052,0,0,34092
BV12k82zNEQJ,114947434484904,1,138,2020,搞笑,翻唱,http://i1.hdslb.com/bfs/archive/8f6c880a68d4b456ece0a551d2fa3f344b58cad2.jpg,可能是我贱吧最合理的一集,1753969500,73,400719755,火山泥_咖啡,https://i2.hdslb.com/bfs/face/91d7a65d6bc552212f08c9ad63d453ae6f4fe21c.jpg,23013,"翻唱,填词,三角洲行动,乌鲁鲁,跳楼机,堵桥",1591492,624,2458,71437,27195,39139,0,0,163133
BV1AChNz7Epa,114959228869300,1,47,2037,同人·手书,同人动画,http://i2.hdslb.com/bfs/archive/5c0678b466f0af17442188ea4a48829de6a8c7df.jpg,千年的优香小姐，因为身边卑女太多，所以打算自己先偷跑??!!!,1754138837,94,82671873,风凡几厂一,https://i0.hdslb.com/bfs/face/8200574213b5acaaecc99e871d4c9a2eda20d901.jpg,4567,"可爱,优香,ED,小雪,手书,虽然是公会的前台小姐,明日の私に幸あれ,诺亚,碧蓝档案,蔚蓝档案二创",216331,106,338,20426,5098,1238,0,0,42371
BV1ChtGzZEVU,114969916085298,1,230,2063,软件应用,鬼畜综合,http://i1.hdslb.com/bfs/archive/42c29324cd99f2c4ee9c105f00ff0eaa168cbb33.jpg,哈基米哦南北绿多,1754301779,21,3546898109565769,哈斯音频,https://i1.hdslb.com/bfs/face/3ec5bd782e89bb95d00cc6d9a7bc1e7eae1e78d9.jpg,6415,"三角洲德穆兰,三角洲超雄老太,三角洲,老太,哈基米",417419,477,2684,18887,1502,29224,0,0,55289
BV14zt3zYEYi,114970821920464,1,201,2170,科学科普,野生动物·动物解说科普,http://i1.hdslb.com/bfs/archive/9ad50851894edcf53e25f5a3cb1a43e5c9ffc43a.jpg,鉴定咬伤粉丝的毒蛇(23)被五步蛇咬伤竟然打了银环蛇血清？,1754389800,513,25126508,世界记忆大师龙雅,https://i2.hdslb.com/bfs/face/ef459648b3357acf2efbfeae8bb1beb9bd05ecbb.jpg,2677369,"自然,知识,蛇,科普,生物,毒蛇,银环蛇,科学科普,五步蛇,网络热门鉴定",2255162,2429,4629,15315,14420,782,0,42,91009
BV14ctwzBEeQ,114981106420727,1,138,2037,搞笑,同人动画,http://i1.hdslb.com/bfs/archive/30f4518fddbb50da5baa3017db84786e76342d28.jpg,暑假时的你 VS 学校时的你,1754472777,166,321422126,进击的金厂长,https://i2.hdslb.com/bfs/face/339c136489ea2af91bd1d8688ba7259e958ded28.jpg,5117241,"动画,短片,学校,暑假,校园,搞笑,生活,搞笑动画,搞笑小剧场,学生",107673,570,315,3798,3058,116,0,0,10799
BV1qvtJzMEG9,114976022855975,1,65,2071,网络游戏,射击游戏,http://i1.hdslb.com/bfs/archive/aa29fdd36eaecde35e1c110adf38632b6f61a2c8.jpg,从“新”出发！皮特B站首播，见证不一样的征程,1754394974,159,13470007,皮特174,https://i1.hdslb.com/bfs/face/aa27f02fff29bdc92905483600972d6c507d7cf4.jpg,622973,"FPS,射击游戏,电子竞技,APEX英雄,竞技游戏,皮特,猎杀,吃鸡,steam游戏",783281,1493,9463,5754,30680,11666,0,0,47417
BV156tMzKE7R,114968422842876,1,138,2171,搞笑,动物综合·二创,http://i1.hdslb.com/bfs/archive/78f14a22eb416222203475881a63be2a468e8898.jpg,鱼天帝,1754279229,69,1402229439,大丙搞笑配音,https://i0.hdslb.com/bfs/face/6104868b601276de59976e835c95428601800cc0.jpg,364121,"搞笑视频,搞笑,配音,吐槽,搞笑配音,搞笑动物配音,这是一个悲伤的故事,看一遍笑一遍",1630580,169,653,17222,912,2357,0,0,98291
BV1t5h7zRESd,114951393908721,1,21,2131,日常,健身身材展示,http://i0.hdslb.com/bfs/archive/7a93bc41ccbc6465f290d7677c1e69fa922c77f1.jpg,退伍第十一年！祝战友们八一节快乐!老兵的决心永不变！,1754019376,26,17239951,战辉,http://i1.hdslb.com/bfs/face/5154a78828836f8ae97454b3568ea83997098df9.jpg,2477161,"美好的精神状态,军人",2227951,756,1909,10577,12810,758,0,48,335455
BV1KV8XzJEfo,114934952236858,1,17,2078,单机游戏,沙盒类,http://i0.hdslb.com/bfs/archive/c7fa25d1078873c664aec05bdd953889aa00523a.jpg,尽力了 尽力了,1754211600,314,3494361318820182,冰-C,https://i0.hdslb.com/bfs/face/6a5b0985cec56741e3b20cedf97355a3c67ef0cb.jpg,738145,"我的世界,沙盒游戏,游戏实况,实况解说,MOD,娱乐,像素风,沙雕",672894,462,231,7001,604,188,0,0,31384
BV19wtHzBE75,114975334993371,1,213,2151,美食测评,美食测评,http://i1.hdslb.com/bfs/archive/2bc87c2d16f422eb073fd864f9ba1d6a9014f7ba.jpg,复刻被网红带火的特色美食“焖子”据说吃一口味真足，真的吗,1754384882,455,382375531,馋大鑫,https://i1.hdslb.com/bfs/face/2b456ce4cfef5bc0753f89f3c18b19dbcc6fde8b.jpg,1261547,"试吃,评测,美食,记录我的美食日常,美食测评,特色美食,焖子",1673177,2638,1889,3586,1900,465,0,0,32784
BV1WctnznEf6,114975737643366,1,228,2090,人文历史,人文历史,http://i1.hdslb.com/bfs/archive/716e67ae40969c5fdfb793671bf4231f81f22bdc.jpg,从贫穷农业国，到首批发达国家，仅用20年，弗朗哥是如何带领西班牙，实现跨越式发展的,1754406000,1347,584762039,多明海,https://i2.hdslb.com/bfs/face/7be8894320351048691d993c2f73a9bced2fe884.jpg,1220151,"欧洲,西班牙,内战,经济发展,发达国家,弗朗哥",160522,536,507,2691,1867,160,0,0,8580
BV194twzSEtC,114980888251747,1,253,2042,动漫杂谈,动漫评论,http://i2.hdslb.com/bfs/archive/4058cfe532d278fb8beea79b22421d2c90bea5fb.jpg,“动物之友”荒木飞吕彦，八部JOJO究竟有多少动物惨遭毒手？（中）,1754478000,1140,7526017,真云霆,https://i1.hdslb.com/bfs/face/f574f4a20ecaa34e66d342de0462b4608a1c59e8.jpg,204000,"JOJO,空条承太郎,JOJO的奇妙冒险,动漫杂谈,DIO,荒木飞吕彦,搞笑,不灭钻石,黄金之风,石之海",26926,280,105,612,726,38,0,0,3112
BV1zg89zgEq4,114934599914065,1,21,2183,日常,助眠视频·ASMR,http://i2.hdslb.com/bfs/archive/2fe02da6b9e7fc848f868bafc016f961dd695a73.jpg,隔绝噪音3.0｜音效变换｜亲亲姐姐让你1秒回到童年夜晚｜唱小白船哄睡｜千禧梦核助眠,1753972200,699,1264927091,智能雨艇,https://i2.hdslb.com/bfs/face/649d3a16d3380de81207a78310d9b85e97cdf155.jpg,43713,"耳机,助眠,催眠,童年,怀旧,把兴趣玩出名堂,失眠,千禧,放松,梦核",123463,365,665,9313,6764,243,0,0,11157
BV1kG8UzeEKs,114948390914587,1,172,2078,手机游戏,沙盒类,http://i2.hdslb.com/bfs/archive/63d68aafe4a85837426e1e2ac9640f9ad558e8f8.jpg,迷你世界368到373集，狗蛋来了，他叫执笔乱涂鸦,1753974408,796,672687948,二狗子玩游戏本人,http://i0.hdslb.com/bfs/face/700c1a7c062bd939af79fd64e374dc847b4fc906.jpg,511279,"沙盒游戏,游戏实况,搞笑,狗蛋回归,沙雕,狗蛋,老沙,迷你世界,竞技游戏,上得物得得物",306799,2430,539,7307,3437,159,0,0,17623
BV1FetGzdE55,114969949507361,1,218,2167,喵星人,猫,http://i2.hdslb.com/bfs/archive/9a62579095bbfd36656f6b937567fd6f5ee7c456.jpg,哈基米你…还是燃尽了吗,1754302346,10,41519542,短腿小拖宝,https://i1.hdslb.com/bfs/face/4aa756d79a51aab149e4e5ae152587b439534e0f.jpg,586221,"喵星人,动物总动员,哈基米",2008290,468,2134,21208,1041,8790,0,96,157535
BV1TCh3zrEdf,114963876151658,1,65,2066,网络游戏,单机主机类游戏,http://i1.hdslb.com/bfs/archive/f642d36ef935f8f07ed763a1a632f9b83881b01e.jpg,这游戏真废嗓哇,1754209676,131,3546388231097029,菜三千,https://i1.hdslb.com/bfs/face/6783c763e8e3b331eb355041daca98cd608f80a2.jpg,88782,"搞笑,生存游戏,娱乐,联机游戏,竞技游戏,休闲,多人游戏,沙雕,休闲益智,推荐宝藏游戏",971690,976,1356,36139,4584,32245,0,51,130051
BV1bQtMzZE1w,114968020261457,1,21,2046,日常,网文解读,http://i1.hdslb.com/bfs/archive/7632d55960ec9243c0c49d294cad16beaf47c8eb.jpg,穿越者从未离开家乡……,1754273088,143,72969462,笔给你你来写_,https://i0.hdslb.com/bfs/face/8e8a57daeb8ee0b50e6fa4e66c4f18f849fc601c.jpg,1134743,"原创,小说,脑洞,曼波配音,随笔,原创剧本,笔给你你来写,沙雕段子",351072,302,1738,1556,736,168,0,0,26615
BV1C54Rz1E6g,114977230883059,1,252,2154,仿妆cos,剧情演绎,http://i2.hdslb.com/bfs/archive/431fafa5136cb0c25492d417bca01d4f99816b31.jpg,我可以接受失败，但我绝不接受没有奋斗过的自己！,1754413647,150,322480205,造梦阿瑄,https://i2.hdslb.com/bfs/face/6179ff89aa703de7a967de4e3fe4804d4988b001.jpg,803083,"生活记录,学习,唱歌,搞笑小剧场,诗朗诵,努力",826492,9578,2858,8481,13618,2462,0,58,156687
BV1xShVzLEQ5,114964715079685,1,21,2197,日常,其他vlog,http://i0.hdslb.com/bfs/archive/18167da8dddf316765db03fbf3fc2cb4922b131f.jpg,到底有什么事能阻止她看小说？,1754222390,55,125407614,大王同学的生活,https://i0.hdslb.com/bfs/face/b50d4db1a0fdb8bb5d871e9b991b3b29adab46d5.jpg,18310,"小说,破看文的,小说妹,生活vlog,独居生活,失业日记,我的生活已经next level",368900,200,1275,6037,1279,1201,0,0,37285
BV1Fnh3ztEAX,114964127948386,1,218,2167,喵星人,猫,http://i2.hdslb.com/bfs/archive/c34c4a1b6a2aa37a742c4c43c43a90be4e5952dc.jpg,有爷爷的小猫像块宝,1754214289,371,3546720564676999,曲洋的不苦小院,https://i1.hdslb.com/bfs/face/4c2bc0236bb8bd0439d4e88bfad0bfef42c4faca.jpg,79703,"爷爷,猫咪,喵星人,流浪猫,小猫,关爱流浪猫",1446905,1394,1736,31650,96637,5034,0,5,255778
BV16MhtzzELc,114957853138536,1,30,2020,VOCALOID·UTAU,翻唱,http://i0.hdslb.com/bfs/archive/2382a615d03be5ae269f82cf7196d9a75810bdd7.jpg,我们都在用力的活着（日语版1m30s）,1754125852,92,37080882,奥巴鸽咕咕咕,https://i0.hdslb.com/bfs/face/d688c3b7e619d65a9809e2ee5eadf26a844eabdc.jpg,32336,"励志,日语翻唱,搞笑,俊达萌,ずんだもん,天真的橡皮,一勺料汁,和我的保险说去吧,我还以为减速带呢",450155,192,1481,25038,9741,8871,0,0,56247
BV1UfhgzrE4U,114964429869028,1,21,2154,日常,剧情演绎,http://i2.hdslb.com/bfs/archive/1963100196eea5c44d8112e60425142e2c1b7138.jpg,属 于 猩 的,1754218326,51,9130832,张八筒筒,https://i2.hdslb.com/bfs/face/683b3b97648bf13641c508b9b50a2d25b87bec69.jpg,722247,"搞笑,原创,生活记录,张八筒,best人生,猩猩队长,情侣日常",682056,188,357,1123,1349,481,0,0,67366
BV1pt81zdEhB,114948239791666,1,172,2071,手机游戏,射击游戏,http://i2.hdslb.com/bfs/archive/81ec7ee3764032df29ae56e7198aeb2dcc6539ba.jpg,全网最专业一图无脑得吃教学,1754037300,916,35753864,TGEe_,https://i2.hdslb.com/bfs/face/03ebb90e4bdda62b2cb6f61f84dea61b74ca4e3e.jpg,50038,"原创,地铁逃生,对峙前线,得吃,搜打撤,地铁逃生周年版本,一图,教程攻略,硬核测评,和平精英",2042601,1617,1439,78443,17561,2095,0,72,71276
BV1YDhHz2EfV,114952669037044,1,138,2185,搞笑,家庭关系,http://i1.hdslb.com/bfs/archive/aac44f050bd166b32bd6b2fbb8a2f23d5089d746.jpg,如何和父母闹僵？,1754038887,189,3546559413225949,冷白喵,https://i1.hdslb.com/bfs/face/4e0f5bc0d4746f4f43ddde5bea51eb7c422887d5.jpg,709578,"家庭,搞笑,吐槽,搞笑小剧场,父母",773060,1785,2438,4411,1631,1043,0,0,36029
BV1FYtGz4Eo9,114969899175713,1,137,2111,明星综合,美妆,http://i2.hdslb.com/bfs/archive/eba5660d1c3655e6abc49d1f106b307c4fc1f18f.jpg,WONHEE's Beauty Item ASMR💖 | Current Favorite Beauty Items | ILLIT,1754302200,365,3546608109095338,ILLIT,https://i1.hdslb.com/bfs/face/9b7b678a17d401cebacc5d1a6cae816c7f20cb82.jpg,385260,ILLIT,60958,157,280,3059,941,331,0,0,11372
BV1batuz8E1V,114967919467798,1,252,2048,仿妆cos,特摄,http://i0.hdslb.com/bfs/archive/c8f541a495e193372db7f01185a85b1da52b7c49.jpg,反派黑狐让我来演一集吧(>﹏<),1754271382,21,1542285555,电子猫头鹰_,https://i0.hdslb.com/bfs/face/006d2ad2571e33d79e888c3dd0d807a8602ae837.jpg,50869,"反派,假面骑士,黑狐,特摄剧,卡面来打,长发男生,假面骑士极狐",345707,172,1138,12953,1278,4745,0,0,71076
BV1K7tgzfEp6,114969496521256,1,171,2091,电子竞技,设计艺术,http://i1.hdslb.com/bfs/archive/218739eb0631c0a88e0742a07012e682f64751a7.jpg,来不及悼念幻影坦克了，接下来登场的是“光棱坦克”！,1754295679,330,11023521,letmedream,https://i0.hdslb.com/bfs/face/4b0e143579e321d10eac6191db3f3703f626cd08.jpg,406828,"PS,PS教程,光棱坦克,隐藏图,超清科普小课堂",192158,108,810,9071,1805,1402,0,0,11057
BV1AEhPz1EMY,114959950350983,1,183,2006,影视剪辑,AI影视,http://i0.hdslb.com/bfs/archive/c5b658777fe253c4ab0d4cc36fa4b60aebb8296b.jpg,【配音视频】黑金之理想对撞：想得这么理想，注定有物理破坏甜梦一场。。。,1754149898,148,434414734,那个东爷,https://i1.hdslb.com/bfs/face/8a3881ddbac81eeb5b1dc09963a93d600eafa3bd.jpg,58368,"电影剪辑,黑金,影视剪辑,配音,理想,配音视频,AI配音,影视神仙剪刀手",438347,616,585,3393,4858,3568,0,0,26992
BV14V8CztEsV,114945152779638,1,59,2021,演奏,演奏,http://i0.hdslb.com/bfs/archive/0ab69bb2a8bd7611b4cbba0cc927a8e020466f69.jpg,梁祝是伟大的，使外国友人安静。想不到吧，小提琴可以当二胡使……也算是一种文化输出？,1753923990,32,1275343418,Yangruikee,https://i2.hdslb.com/bfs/face/0861ed56d6dd7d34911d0949a108892420f3103d.jpg,101103,"演奏挑战赛,梁祝,文化,演奏,古典音乐,二胡,留学,小提琴,独奏,文化输出",1632579,217,1397,10550,2481,1142,0,0,166769
BV1jv4fzmEdA,114978472332596,1,17,2066,单机游戏,单机主机类游戏,http://i1.hdslb.com/bfs/archive/a41c31ed5347cadba768637c498b5532f9b05aa2.jpg,mega宝可梦综合排行榜，第-3名 完全体基格尔德,1754452800,2738,343348,口袋迷ag,https://i1.hdslb.com/bfs/face/0339f625390570205b46ef4ad07f16d172a19123.jpg,1099360,"精灵宝可梦,POKEMON,宝可梦,任天堂,switch2,宝可梦朱紫,宝可梦传说ZA,超级进化,mega进化,ns2",288163,2687,2026,1747,3283,1593,0,0,15435
BV1RFtJzwEfw,114974529688203,1,241,2009,娱乐杂谈,娱乐评论,http://i1.hdslb.com/bfs/archive/aff31d614340b488eaa32dab59077caf7f5b4b2b.jpg,【吃瓜】赵露思直播爆料…被锁在酒店不让治病？否认整容，被欺骗？发点小疯，热搜全屠。,1754376183,591,1976558860,天气微凉淡淡月光,https://i1.hdslb.com/bfs/face/92f61e260415a2e7f22b4d44fa676bce2f612aed.jpg,182913,"演员,直播,微博,神奇的闲鱼,娱乐资讯,吃瓜,赵露思,银河酷娱",621236,5625,3509,1852,1253,2095,0,0,14040
BV1am8CzNEtf,114947266778880,1,17,2079,单机游戏,其他游戏,http://i2.hdslb.com/bfs/archive/034d1980b2f04dfaae36588dcb3afca637662f46.jpg,现实主题恐怖游戏，赌博是如何摧毁一个家庭的？,1754019000,4397,562197,中国BOY超级大猩猩,https://i0.hdslb.com/bfs/face/ffb50dd4e712386eb888030ebc6f4aea3a65cd8e.jpg,10535519,"恐怖,惊悚,游戏,游戏实况,steam,模拟恐怖,Pikabuu:Stop,现实,赌狗,推荐宝藏游戏",1165217,27510,3057,23270,50082,3638,0,76,81397
BV1aXhHzLEvy,114952652261560,1,215,2152,美食记录,美食记录,http://i2.hdslb.com/bfs/archive/7927e7bdd62100c4965564ca219de6b755f145f9.jpg,家庭版豪华剩宴，带上米饭辣条和大大薯片狂欢不饿的一天～,1754038575,119,1201986019,留意炫饭吖,https://i1.hdslb.com/bfs/face/f4fa26aea4b9077bb23844ceb296e8736027b2fe.jpg,1448422,"辣条,薯片,Vlog,我的养娃心得",637716,554,396,3664,948,908,0,0,65108
BV1mt4dzRE1V,114976425511022,1,21,2166,日常,农村生活,http://i2.hdslb.com/bfs/archive/440263d9862fd514904a12bbbbee94054c2d4ab2.jpg,哔站的币本不值钱，但投的人多了，它就变成肉包了,1754402286,286,441872026,健人鑫,https://i1.hdslb.com/bfs/face/b90967318b6883fd2d43c9b0ee1c7b3d2c5fc62b.jpg,473677,"治愈,风景,生活记录,出行,记录,慢生活",70434,226,340,1229,22904,118,0,0,19806
BV1LEtEzcE3Z,114974781345985,1,27,2207,综合,随拍·综合,http://i0.hdslb.com/bfs/archive/336e050d4e3cea9e3f4a12920061ed16713e8b99.jpg,鼠魂觉醒全集（20分钟）,1754383500,1195,3546625452542554,自然锦鲤-冲刺电竞,https://i1.hdslb.com/bfs/face/5cc7f4b449595363f6e03abbd1dc153508fcc69a.jpg,345894,"射击游戏,搞笑,FPS,鬼畜,猫meme,三角洲行动,鼠魂觉醒,三角洲破壁新赛季上线",1480027,313,159,55441,3251,260,0,55,46109
BV1aktJzYErN,114976207408506,1,182,2001,影视杂谈,影视解读,http://i2.hdslb.com/bfs/archive/4b4e7c5aeeac7b88637010dc3f7fc3725784c99e.jpg,【如懿传吐槽20】散点心群鬼开夜宴  顺时局庶人入冷宫,1754449200,1726,13725936,衰兰送客咸鸭蛋,https://i0.hdslb.com/bfs/face/c898a73004483c37087a28c6af2d380d8b62ea1e.jpg,202699,"搞笑,电视剧,周迅,霍建华,吐槽,影评杂谈,电子榨菜,如懿传,谷雨,影视杂谈",179832,4399,964,1243,3705,171,0,0,9190
BV1aNhbzhEFR,114957433769802,1,65,2071,网络游戏,射击游戏,http://i1.hdslb.com/bfs/archive/bcfd9ea858570b381b497332ecf36258375ddd07.jpg,换个视角看三角洲，今日大坝第一期,1754111339,135,649413109,三角洲蛋少,https://i1.hdslb.com/bfs/face/0ca00d6fb71a0f320cda2650d19caf154f276576.jpg,9299,"三角洲行动,视角,三角洲,三角洲破壁新赛季上线",1766965,859,1927,15042,2345,9097,0,0,102234
BV1ZE82zDEqy,114947686143104,1,21,2088,日常,社会观察,http://i0.hdslb.com/bfs/archive/59013bab40a6bea39744b0e869bf0e4428a5adf0.jpg,反游戏后继有人了？,1753962936,432,489618859,铁柱大导演,https://i1.hdslb.com/bfs/face/46980e2714068cb78550fafe538a37a64fda3abc.jpg,997178,"娱乐,搞笑,游戏,吐槽,搞笑小剧场,戒网瘾,抄作业,赵铁柱,割韭菜,必剪创作",1098154,5865,3984,20824,6748,3807,0,0,58313
BV1hatnzFE51,114975670603803,1,172,2037,手机游戏,同人动画,http://i2.hdslb.com/bfs/archive/704d15e6f00313b6bffba9a7b7b2bc6358cbe43a.jpg,为了伊涅芙，这下不得不用雷主了~,1754389617,67,6662072,改良大蓝猫,https://i2.hdslb.com/bfs/face/4e7559167054a8238234267c2fe5e66adaa358f6.jpg,13171,"原神UP主激励计划,美少女,二次元,MMD,挪德卡莱,伊涅芙,荧,空,纳塔,原神",141874,309,250,8982,876,293,0,0,23124
BV1cPhjzCETf,114967265151128,1,138,2156,搞笑,UP主小综艺,http://i1.hdslb.com/bfs/archive/bd40256aebfb437f4354d8fa919f2e44a870ef3d.jpg,《联合国精致演讲女士赏析4.0》：联合国颁奖？不，纯纯野鸡奖！,1754273100,260,16022714,正经的老邪,https://i2.hdslb.com/bfs/face/e2c6b5eefb0899775358c460e04fdaf5acf82dd8.jpg,1373928,"联合国,搞笑,吐槽,搞笑小剧场,联合国演讲,精致女生",748794,2245,2437,3770,15554,1376,0,0,41265
BV1cVtwz8Ewn,114981240573919,1,172,2064,手机游戏,单人RPG游戏,http://i0.hdslb.com/bfs/archive/b86aa69a6dbfc638d9efeb744f5c9ece0cc56435.jpg,是我喜欢的角色，直接上头,1754474794,591,8469526,果蝇轰,https://i1.hdslb.com/bfs/face/5ac66ad440fa2b3650d9bac1def1391d102d1378.jpg,1987925,"抽卡,搞笑,手机游戏,绝区零UP主激励计划,迟吟的浪涌,爱丽丝,欧皇,非酋,果蝇轰,绝区零",100530,1257,922,1618,6866,145,0,0,18696
BV1FNh5zNEHH,114966359185652,1,137,2018,明星综合,音乐现场,http://i1.hdslb.com/bfs/archive/45b51ee0292a9b2bd33de45ff31dbf75dd705ab8.jpg,【宋雨琦】250802 KCON LA 《没有明天》直拍 4K直拍精剪,1754249297,235,3546887695108651,CLFE0923,https://i1.hdslb.com/bfs/face/3f6205fcfa7bc01709ada38e0f072b75d0875dc9.jpg,2717,"没有明天,4K,舞台,直拍,宋雨琦,(G)I-DLE,4k直拍,4K超清直拍竞赛",524849,12801,15987,12268,16816,10172,0,0,35278
BV1588zzcEro,114943374397164,1,130,2024,音乐综合,电台·歌单,http://i2.hdslb.com/bfs/archive/4d6292d2dbef7f773fc9724371352cee0ff20448.jpg,“小时候不知道这居然是日语歌”！Sunshine Girl,1753920000,231,23285202,饿了的白熊,https://i0.hdslb.com/bfs/face/7a9aabee8887d7f95ae6b925ce4d5ffcda01a75f.jpg,392560,"电台,听歌,治愈,歌曲,歌单,日推歌单,电台新星征集令",584818,305,796,56820,4549,1643,0,0,58266
BV1p2tnzSEke,114975301506248,1,138,2188,搞笑,自我成长,http://i0.hdslb.com/bfs/archive/a810fe4b8b00128ffabe4380e62cd93654445f93.jpg,人都是怎么变得坚定且不拧巴的,1754384330,147,1511660367,西一昂叨叨版,https://i0.hdslb.com/bfs/face/294427fa81f92c09dde0675f2e114fa0bbc5aba1.jpg,484851,情感,154419,58,264,7243,946,498,0,0,16537
BV1pQhuztEqS,114963020585779,1,21,2027,日常,音乐综合,http://i1.hdslb.com/bfs/archive/fd13d4fa28d7bd804b4fe5b00d8cab8d928fac30.jpg,朋友就是知道你要恶搞还会配合你的一群人,1754196666,84,1472737499,Lucas是只猫N,https://i2.hdslb.com/bfs/face/6a1a4f7a6f3dd7ac24787ed822fc5c52528c91e8.jpg,856,"娱乐,搞笑,恶搞,配音,朋友,barbarbar,必剪创作",1270031,3074,2566,13822,3939,2521,0,0,137204
BV1GMhhzTEWU,114958239009590,1,138,2154,搞笑,剧情演绎,http://i2.hdslb.com/bfs/archive/167e3f0448ce6b8ff7878eeac49e645fd2b31a42.jpg,我奶上个月交了1000元电费,1754123820,377,1659651634,七颗猩猩QKXX,https://i1.hdslb.com/bfs/face/e48329f6999d331dcb3cb5ca7ecf2b4b1100d83d.jpg,3187895,"搞笑,原创,搞笑小剧场",3272705,1577,2467,44419,10413,2371,0,35,120635
BV1TatjzCEwV,114973992817510,1,137,2018,明星综合,音乐现场,http://i0.hdslb.com/bfs/archive/b4415a4e8bbf276b8358cd867166ca7c136041b4.jpg,250802 Kcon la ‖ 没有明天 章昊4k个人直拍,1754364838,246,37640684,Forever021Hann,https://i2.hdslb.com/bfs/face/6e2488e1893fce52fee91fa254504dcc3fe2c85a.jpg,3544,"4K,章昊,章昊没有明天个人直拍,舞台,直拍,K-Pop",148587,3905,2047,6273,8980,3919,0,0,14917
BV1kZhszBENu,114955252665964,1,138,2156,搞笑,UP主小综艺,http://i2.hdslb.com/bfs/archive/4f3b1b4189a4dcd146d71372ed52b29a07f57c31.jpg,《联合国精致演讲女生赏析2.0》：什么？竟然反转了？！不，是求锤得锤！,1754100300,346,16022714,正经的老邪,https://i2.hdslb.com/bfs/face/e2c6b5eefb0899775358c460e04fdaf5acf82dd8.jpg,1373928,"联合国,奇葩,搞笑,吐槽,搞笑小剧场,联合国演讲,精致女生",914485,1682,1389,4628,12249,1864,0,0,38468
BV1mZ81zKEcY,114947988262873,1,95,2158,数码,旅游记录,http://i2.hdslb.com/bfs/archive/89231fba982cd8d505de3fe115f46c812f2528f3.jpg,四舍五入坐航母？花这么多钱带女儿邮轮游，都玩什么？,1754021797,749,1284100140,芊芊老猫的日常,https://i0.hdslb.com/bfs/face/ea17dba77a2158d25496b883d7b1caa3f2633773.jpg,555867,"家庭,徕芬,徕芬吹风机,徕芬扫振电动牙刷,徕芬剃须刀,电动牙刷,吹风机,邮轮游,海洋光谱号",963822,1385,977,11072,5790,2044,0,0,24333
BV1iShGzxEFZ,114965100888535,1,138,2142,搞笑,体育综合,http://i1.hdslb.com/bfs/archive/c4bd7d12b3150fb96e86985e4118659b39a1cc69.jpg,铁人五项比赛！,1754228650,193,3546378519186308,三一八本人,https://i2.hdslb.com/bfs/face/f3042ec213e893123bb820cad91e372bc43bcf5d.jpg,495740,"运动,体育,比赛",806640,1428,1167,1687,1628,1573,0,0,35651
BV1wP4dzGEEv,114976693949189,1,212,2150,美食侦探,美食探店,http://i1.hdslb.com/bfs/archive/92a6a58a9240500ec2e58f1c761ad3727eae0234.jpg,日本社畜吃点啥？同事推荐の平价社畜人气寿司居酒屋，好！免除一死👋🏻,1754405569,210,15874359,大阪流浪社长,https://i0.hdslb.com/bfs/face/e056229473e236e0a9d2b0bf8719ce1192b27c0f.jpg,428123,"刺身,日本料理,日本,寿司,日本生活,大阪,探店,日本vlog,日本海鲜,假期美食特种兵",201303,318,420,1202,1054,270,0,0,18539
BV1jk81zjEWc,114947820360604,1,232,4215,科工机械,音乐资讯,http://i1.hdslb.com/bfs/archive/ab3ae5210008bcfa33daf8183e9e30d18dc457be.jpg,2025年8月1日，分享几首歌。,1754008200,100,46470268,央视军事,https://i1.hdslb.com/bfs/face/9dcc59c2e51aa7b9f178463903cbd4daab351dd2.jpg,2315133,"军事,军歌,抗战,军乐,建军节,游击队,英雄",582168,20202,3809,14935,25071,2437,0,0,153453
BV1BshVzaE8A,114964983515674,1,26,2063,音MAD,鬼畜综合,http://i1.hdslb.com/bfs/archive/debbdd4875422e319e90aa5b6cfeb5168d1c3199.jpg,【音mad】伪物,1754226492,106,628012348,捧读魔术师,https://i1.hdslb.com/bfs/face/8d698b0c3e7b2b90c11f15cb2acb55f763c8dd7f.jpg,1936,"音MAD,フォニイ,phony,模拟恐怖,曼德拉记录,模拟搞笑,伪人",1064882,1234,808,20318,5574,2020,0,0,98787
BV1Q5hgzrE5e,114962768861934,1,21,2054,日常,二次元其他,http://i0.hdslb.com/bfs/archive/a64490a7a6156d6cd20593743471bf8be7571746.jpg,【罗小黑战记2】官博补充设定整理合集,1754192985,308,13869819,一滩喵饼,https://i0.hdslb.com/bfs/face/cf9dc51745323c6d1ffb359b51df3bc8ba12b371.jpg,896,"罗小黑战记,电影罗小黑战记2,设定,补充设定,必剪创作",106764,310,409,6315,2209,707,0,0,19130
BV1ZYhbz3EiX,114957198823266,1,85,2154,小剧场,剧情演绎,http://i0.hdslb.com/bfs/archive/4e5c8b8374cfa88cf2101e591210d9d1e3e1aa74.jpg,这钱怎么越花越多啊？,1754107898,63,284700508,主持人欧文浩,https://i1.hdslb.com/bfs/face/62b2936db76d650c50f2cfe273341bec32b9da1f.jpg,1606461,"娱乐,生活记录,段子",973475,19168,209,6590,580,105,0,0,54688
BV1j64fz5EaY,114978623329789,1,171,2071,电子竞技,射击游戏,http://i1.hdslb.com/bfs/archive/07ce14efcd97a943949e520f36d4db2b1862a8b4.jpg,卧底dma第二期，被内鬼举报了嘿嘿,1754435033,633,212669589,老单喜欢当cs,https://i0.hdslb.com/bfs/face/dde53256e2313abcb3ab2656fe751ee1200d8a56.jpg,98191,"FPS,三角洲行动",185211,409,1145,1277,713,1858,0,0,7404
BV1ngtnz5Eos,114975972528821,1,124,2081,社科·法律·心理,海外资讯,http://i0.hdslb.com/bfs/archive/ee4dad3bebf9f4380cf1fb77da2647e2ff03aa51.jpg,【睡前消息935】洪森子孙要当首相 只好卖掉他信女儿,1754397532,1190,316568752,马督工,https://i1.hdslb.com/bfs/face/1c56737dfc0deffffc31c78e0cefb0c3ecf7e000.jpg,2085887,"美国,泰国,英国,社会,睡前消息,首相,国际,洪森,马督工",287817,582,173,2673,5830,487,0,0,14797
BV1KntGzvEfz,114970301827939,1,138,2182,搞笑,心理健康,http://i1.hdslb.com/bfs/archive/e9e8b039637cdda3d92f4d72c2ccb46012818116.jpg,过度思考，焦虑症？孩子不是在钻牛角尖，他只是在给自己找活路,1754307724,87,3546883385461219,猫meme小山楂,https://i1.hdslb.com/bfs/face/2c0ab4995c2dde5f5927c6d59d6b3db798ee377d.jpg,19187,"猫meme,焦虑症,过度思考,敏感型人格",217730,680,1324,14997,1619,2550,0,0,34891
BV1cthbz1Eyj,114956980722777,1,228,2090,人文历史,人文历史,http://i2.hdslb.com/bfs/archive/bc9d3360b2126eec66e53ad648f22f4135ba1abd.jpg,在古代食用油罕见百姓肚子没油水，为什么还会有炸油条这种街头小吃。,1754104567,481,2025190588,影视娱乐集结号,https://i1.hdslb.com/bfs/face/40b5127b37cf0cf0ff0eb02e8a70bfcd207b8125.jpg,45991,"美食,科普,古代,历史,炸油条,百姓,食用油",655449,2130,2130,2469,547,318,0,0,12422
BV1BX8yzSEME,114946209746237,1,17,2078,单机游戏,沙盒类,http://i2.hdslb.com/bfs/archive/f1cc610ccfd66fd8c7d1b193b14c2d05caf06044.jpg,MC最刺激极限追杀！大神Dream VS 旺仔小乔！？,1754042431,488,454644137,xiaozheng562,https://i2.hdslb.com/bfs/face/6816a76774870b960618f987fcf97f7bdab5c4e5.jpg,140222,"美女,沙盒游戏,我的世界,唱歌,猎奇,旺仔小乔,像素风,超级搞笑,dream,极限追杀",570979,1398,653,12760,2444,2643,0,0,48917
BV1h8tnzhEJu,114975687383188,1,250,2159,出行,旅游攻略,http://i1.hdslb.com/bfs/archive/df16bf4cf9068c4cb9c08c937a7883936f52a66c.jpg,内蒙古到底值不值得去一趟？【自驾体验】,1754391763,1524,644255470,杰克小兔,https://i1.hdslb.com/bfs/face/013a96a5d1dc54a152e87816776eaf88997ea5e7.jpg,1265349,"生活,生活记录,搞笑,零跑C10,城市,分享,出行,呼和浩特,内蒙古,辉腾锡勒",395777,2501,971,3407,5477,1206,0,0,13854
BV1DBtwzGEiY,114980972139257,1,28,2009,原创音乐,娱乐评论,http://i0.hdslb.com/bfs/archive/bc0099bbe7da5a3931762227beb925017415c0ef.jpg,真有人替旺仔小乔说话？我为什么改名？信息量最大的一集！,1754470718,850,3493080172857897,正义小蜘蛛,https://i0.hdslb.com/bfs/face/1a6a60d961e5dc0c067fcf26821cbe670ceb1c5f.jpg,156226,"搞笑,逆天,吐槽,旺仔小乔,网红,锐评,娱乐吃瓜大会",63698,1114,817,1225,2573,73,0,0,6551
BV1Ff8qzYEnS,114942216773587,1,28,2016,原创音乐,原创音乐,http://i0.hdslb.com/bfs/archive/f74ec4bcb402b3c627214fdd6d3b0f3f83a89dc5.jpg,英雄主义pt.2,1753977600,143,3546800493431586,在虚无中永存,https://i0.hdslb.com/bfs/face/a6ec4634b49423ce558197e59ca790563f0414cd.jpg,551389,"原创音乐,纯音乐,新世代音乐人计划原创季",541530,4405,5845,53715,22603,3706,0,55,118331
BV1Z7h8z3EiN,114958591400416,1,138,2154,搞笑,剧情演绎,http://i0.hdslb.com/bfs/archive/48e2e21f12202d8bd946f0c42fb6928d886377ea.jpg,当异校好友出现在班级门口！,1754129296,117,393709394,一串大福,https://i2.hdslb.com/bfs/face/e6d1cf7df22235495d25d7ae77a4aa185e5d8c7f.jpg,1555717,"青春,原创,校园,搞笑,搞笑小剧场,来福来福,一串大福,真实,学生时代,fyp",2806581,1092,493,21053,1672,277,0,0,80400
BV1SGtgzAEh8,114969295324730,1,171,2070,电子竞技,MOBA游戏,http://i1.hdslb.com/bfs/archive/10e170777b577b3379926d611ed071e7a128534e.jpg,学会四天上荣耀！顶级猴子打刘备思路教学！,1754292389,455,18909338,奥特曼zz国一刘备凯,https://i2.hdslb.com/bfs/face/c5e62cfe9d8b0ec7fcba4574fcf4e352d14f4b39.jpg,373272,"孙悟空,王者荣耀,王者荣耀夏日盛典,奥特曼zz,刘备猴子,猴子刘备,猴子打刘备,MOBA,王者荣耀猴子,猴子教学",1010995,493,253,7519,3120,68,0,0,30075
BV1LkhJz5EEd,114951930776157,1,254,2154,亲子,剧情演绎,http://i0.hdslb.com/bfs/archive/e12b60d59b8302cd6c4396bac6115583f7676be3.jpg,个别农村博主的套路,1754027458,87,3546640096954436,周小闹是周小闹,https://i2.hdslb.com/bfs/face/3c1e9f0e717c007cac23199fe9a704ccb3b35366.jpg,792736,"搞笑,生活记录,乡村",1783305,137,196,6625,564,156,0,0,45999
BV1m3tJz9Ezf,114974127031654,1,65,2065,网络游戏,MMORPG游戏,http://i0.hdslb.com/bfs/archive/db8098e3c1b19cd8b058e34444ddf43c0b147f86.jpg,梦幻西游小氪一万炼妖合成吸血鬼，小时候不敢玩的终于圆梦了【梦幻西游畅玩服】,1754366390,1094,3546558119283625,老芒果OL,https://i1.hdslb.com/bfs/face/00c59a8ecef3e063cad3a9b05261a516ed596acd.jpg,673168,"网易,梦幻西游",225920,1756,874,1002,7969,650,0,0,15455
BV1ghtFzgEC5,114980284336369,1,47,2037,同人·手书,同人动画,http://i1.hdslb.com/bfs/archive/26113a01e9851a97306f31fd22c79419ca953c2c.jpg,精灵科普1-3合集 宝可梦竟被说是魔兽？必须科普！,1754460211,1151,60468723,湛绫枫动漫,https://i0.hdslb.com/bfs/face/e103369770e3be9fa25561344af9b555ca0e97fc.jpg,52954,"少儿,二次元,宝可梦,原创动画,科普,动画短片,精灵科普,合集,原创动漫",207709,32,32,21254,588,6,0,0,15162
BV1HKh8zSE24,114958641794843,1,219,2168,汪星人,狗,http://i0.hdslb.com/bfs/archive/a1c0523adc4ed8a38bf2b0b8a0c6ba5a6adeaabc.jpg,今天吃 小狗版钵钵鸡~,1754129890,142,3546632234732329,-豆腐好吃吗,https://i1.hdslb.com/bfs/face/c49f1d640e487cafea188e91617baf6364642eab.jpg,150912,"吃货,博美,钵钵鸡",217583,214,354,2528,614,2391,0,0,23512
BV1nzhGzPE3E,114965419790011,1,76,2149,美食制作,美食制作,http://i2.hdslb.com/bfs/archive/738d6436651d3c3f19c68a740fc5d75bab82ba5e.jpg,把鲜橙变成冰淇淋卷的过程太上头了！你绝对想不到最后的味道有多惊喜！ | Ice Cream Rolls 【ASMR】,1754234395,521,1732349847,Ice-Cream-Rolls,https://i0.hdslb.com/bfs/face/f8b1665ecd80940af3af400e2f6fb2ed4c545924.png,855441,"Cooking,Dessert,Delicacy,Snack,Food lover,Cooking tutorial,Culinary skill,Culinary",392561,2371,443,1628,760,367,0,0,17098
BV1RstFzVEzg,114980082947257,1,172,2069,手机游戏,即时策略游戏,http://i0.hdslb.com/bfs/archive/bf36af41660b6f0719036c0db54925da8bf4a30c.jpg,不带赢不了？使用率高达百分之99的逆天炉子！,1754457353,1162,3493113414814567,高子巷,https://i1.hdslb.com/bfs/face/f4471a78f322efd8b1e1df3421c55fefd84bc367.jpg,346904,"皇室战争,高子巷,石头人,必剪创作",179690,1019,1776,1270,2353,354,0,0,18681
BV13AtJzcEy6,114974563306674,1,21,2080,日常,时政资讯,http://i2.hdslb.com/bfs/archive/b11bf85ee7e8f292840efc8a9491a675f2a845cb.jpg,纪录片《县乡治》,1754380800,4776,473837611,新华社,https://i1.hdslb.com/bfs/face/396b93a7f619882afa711879dbf2cb98a40e7367.jpg,18699197,"中国,纪录片,县乡治,新华社",82082,96,156,3327,1186,430,0,0,6713
BV1LyhHzDEvS,114952736083491,1,228,2089,人文历史,时政解读,http://i0.hdslb.com/bfs/archive/baa79fe0c5594bd5a55ae6521696fc39597ef5f6.jpg,欧洲应反思！难民问题为何难以解决，根源到底在哪？,1754215500,780,316627722,世界见闻录,https://i0.hdslb.com/bfs/face/418ca1ae96680bc7d681a842d730e2057955850f.jpg,1710840,"财经,难民,社会,欧洲,经济,国家,欧洲难民",631087,1461,1026,4319,2968,283,0,0,35523
BV1j7tnzzEAG,114975553094113,1,21,2154,日常,剧情演绎,http://i0.hdslb.com/bfs/archive/000c340f0e51e62f997014672d89abf24af9d22f.jpg,老东京omakase,1754387981,89,359201136,小付同学Chloe,https://i0.hdslb.com/bfs/face/b6ae9c7cf66fd7a39078c0244f7205d4e541a352.jpg,238179,"北京,虚拟演绎,抽象",447844,320,569,1650,1036,2673,0,0,39896
BV1eo8Mz3Ewy,114907202719600,1,17,2078,单机游戏,沙盒类,http://i1.hdslb.com/bfs/archive/e1ba5422d487b36f61e5f40acb66d96088a842e1.jpg,野猪小队-第31集-完整版,1754269200,666,11560113,小麦块,https://i0.hdslb.com/bfs/face/7b424bc6060a4fd2600c48ba25296570b4df4a4c.jpg,210315,"我的世界,Minecraft,野猪小队",1900693,403,100,41404,3730,31,0,66,40091
BV1hUtJzbELG,114976140302401,1,65,2071,网络游戏,射击游戏,http://i2.hdslb.com/bfs/archive/8d1370f4fd32b94425198d84baf030b5f74fc3bf.jpg,「宝藏月」三重专属福利 8月8日正式开启！,1754396811,91,3494376565115651,三角洲行动,https://i2.hdslb.com/bfs/face/d86e9c7dcf8c0faf25b277a38d8103832556383f.jpg,2468341,三角洲行动,1517256,39292,7710,24791,1841,20234,0,92,116698
BV12n81zhEqP,114948122417131,1,138,2070,搞笑,MOBA游戏,http://i0.hdslb.com/bfs/archive/7dbae70c2cdf6a75d63ebcf974dff48ea546cd51.jpg,当两边都只剩下最菜的那个：,1753969706,79,495695169,锤子game,https://i0.hdslb.com/bfs/face/009b1f74b7f495f5fad13b9b922f89ba03a0d775.jpg,985040,"万物皆可游戏,锤子,搞笑,游戏,豪哥,神人宿舍,真实,智哥",1426132,323,1260,5606,1533,1993,0,0,148538
BV1CahgzFEh2,114962517201994,1,214,2149,田园美食,美食制作,http://i0.hdslb.com/bfs/archive/831334efadb127cf5d3126710f3a9699453d5919.jpg,为了吃个鱼汤，修了个小猪灶台，但是到底像不像猪？,1754208000,136,1529656577,孤独美食咖,https://i2.hdslb.com/bfs/face/8f5fcf396f55e280f3fe54b4742f4973d635a2a0.jpg,908483,"美食制作,记录我的美食日常,鱼汤,乡村,乡村美食,坛子肉",1087437,639,417,1758,940,348,0,0,42112
BV17r8mzREou,114948726330736,1,126,2063,人力VOCALOID,鬼畜综合,http://i0.hdslb.com/bfs/archive/d1a75ac59decc83f242ce6538058b9f7a16da8d2.jpg,虎 哥 锐 评 旺 仔 小 乔,1753978513,92,24285551,M_SX,https://i2.hdslb.com/bfs/face/9a9b28bfdd1bb25b0130b1136152983d5da19c6b.jpg,124312,"搞笑,鬼畜,东百往事,旺仔小乔,虎哥,整活,鬼畜剧场,黄绿合战10th-黄队应援",429492,415,564,4049,714,1055,0,0,13921
BV17rhHzXEgJ,114953105180680,1,21,2186,日常,恋爱关系,http://i2.hdslb.com/bfs/archive/0bff38cf13027f0710452353eebe26ca7d34a478.jpg,相亲，这么抽象吗？！,1754045321,208,677566519,车棍儿老师在教书,https://i1.hdslb.com/bfs/face/74a2f7696f8789550b65423b393390686e28ded4.jpg,582120,"唠嗑,抽象,相亲,离谱,爱的100种表达方式",443278,2505,2962,1226,734,1304,0,0,13635
BV1434RzmEp7,114977331484654,1,215,2150,美食记录,美食探店,http://i0.hdslb.com/bfs/archive/4e8b0c1bc0a3d56ab337e5e872850b38d7bf90d9.jpg,环游中国第五站，哈尔滨，我回来了,1754449200,281,1143898753,李哥我饿了,https://i1.hdslb.com/bfs/face/563e58401423f09d84c480c68324102d0cefd3b6.jpg,2084093,"旅行,吃货,美食,种草,vlog,舌尖真探事务所,户外,环游中国,哈尔滨,探店",182615,324,637,1568,1033,1462,0,0,18919
BV1mqtnzdEeS,114975603561929,1,176,2106,汽车生活,汽车测评,http://i1.hdslb.com/bfs/archive/6306dcb3850ae32c4de15e129b6219cfbc2e2773.jpg,横跨五个省份 2000KM 只为吃这个东西？,1754390438,2945,1599697382,玩车日志CarsJournal,https://i2.hdslb.com/bfs/face/245e4cfb4a5f72b5c8212a3e29bcb1b9988cba10.jpg,336879,"小米,吃播,汽车,雷军,YU7,自驾游,广西,小米汽车,酸嘢,小米 YU7",145330,890,420,2775,6900,191,0,0,9690
BV1B6hgz9E6g,114962483649983,1,172,2071,手机游戏,射击游戏,http://i2.hdslb.com/bfs/archive/fc52875b26ca0f9da375e3343a4cca6fe337731a.jpg,0成本无限刷曼德尔砖，半天轻松赚五六块砖！卡死游戏机制薅羊毛,1754188511,155,700446872,奔小奔Plus,https://i2.hdslb.com/bfs/face/d944c3cb2cdf5fde09371384268edff622639e7f.jpg,216327,"手游,FPS,摸金游戏,三角洲行动,三角洲,三角洲破壁新赛季上线",459989,87,367,15812,736,536,0,0,17013
BV1cw4dzCE7b,114976777831889,1,21,2073,日常,动作竞技游戏,http://i0.hdslb.com/bfs/archive/a2767f2b7d5570d4cd5140b756642c4b59a68ff0.jpg,大床哥有那闲工夫怎么不出个规定统一一下给豆逻辑呢,1754406732,154,1851657327,星之雨下,https://i0.hdslb.com/bfs/face/db5965967b8780fb227909ecaf698612237e25ec.jpg,138795,"火影忍者手游,bug,必剪创作",146057,239,1225,1039,1106,1245,0,0,12984
BV1prhxzuEtq,114956930390713,4,172,2064,手机游戏,单人RPG游戏,http://i1.hdslb.com/bfs/archive/4a869ab37eb8f7cc2337f8932fa62ca724e0bcbe.jpg,《绝区零》爱丽丝角色展示 | 剑与华尔兹,1754107200,533,1636034895,绝区零,https://i0.hdslb.com/bfs/face/f013e3aacdc4e3254a476648e1cec3f39b7df097.jpg,7529952,"手游,ARPG,PC,绝区零2.1,绝区零爱丽丝,迟吟的浪涌,动作游戏,角色展示,米哈游,绝区零",2706608,20872,8834,36618,58648,16975,0,11,211877
BV1iZhEz5Efj,114952484423821,1,161,2144,手工,轻手作,http://i2.hdslb.com/bfs/archive/8f15702844ffc33dee448680928c04c5043b548b.jpg,我去！裸眼3D流麻？？厉害的要命啦！,1754193600,505,27495807,强风吹狗头,https://i0.hdslb.com/bfs/face/420201996eaaad7e86314b32d76984291369857c.jpg,314744,"手工,乙女游戏,搞笑,流麻,夏萧因,世界之外,女性向游戏,乙游,谷美,游戏手工发明家",846798,692,89,37104,3088,125,0,0,41686
BV1hgtczkEiA,114979512518730,1,182,2001,影视杂谈,影视解读,http://i1.hdslb.com/bfs/archive/88502b85924c0e6f26d9a7cae4014be9086cc785.jpg,P121 把大清第一关系户拉下马，熹妃至少用了5个职场小心机,1754450264,1384,618442764,树懒小结界,https://i0.hdslb.com/bfs/face/2e63ffb52888a12736f961b0111c83c9f51c6aa9.jpg,271148,"甄嬛传,熹妃回宫,助眠解说,电子榨菜,如懿传,哄睡,知否,女性成长,甄嬛传深度解读,万字拉片大赛",85513,1003,149,710,1833,80,0,0,5015
BV1NMhpzNEBb,114952819966305,1,219,2168,汪星人,狗,http://i0.hdslb.com/bfs/archive/5033c2e64a9f3968e115ea30c9f4a167ab4032c1.jpg,奶奶打麻将赢回来的哼唧小狗,1754040961,101,3546876607466242,酒酿小猫鱼丸,https://i1.hdslb.com/bfs/face/0461ba706c4da95affdd5cc675e99175e49d229b.jpg,22320,"狗狗,汪星人,小奶狗,奶奶,小土狗,土狗,小狗,田园犬",566732,305,1480,16223,2281,7498,0,0,87506
BV1UCtVzBExP,114971610518089,1,17,2079,单机游戏,其他游戏,http://i1.hdslb.com/bfs/archive/71be014644efebb8a82e6f52c08215e57f0b48e8.jpg,兄弟!!!你怎么在天上飞！?,1754352000,1232,22073070,空空不秃,https://i0.hdslb.com/bfs/face/5cefeda186585a96aefefc2c6bfea96b1c0a3ad0.jpg,229488,"单机游戏,娱乐,搞笑,沙雕,多人游戏,peak,夏天y",317666,845,308,9786,13261,209,0,0,26235
BV1xSh3zqEMF,114963809114511,1,213,2125,美食测评,徒步,http://i1.hdslb.com/bfs/archive/291936fa57aea1a6734f0e4ec7bd7e9ef93b570e.jpg,爬泰山遇到了小学课本上的挑山工,1754210132,428,494818687,爱健身小庞,https://i1.hdslb.com/bfs/face/bfc664245597273a58d99e66645c27ccc2d1fc4a.jpg,87938,"江西,爬山,山东",432964,1564,1694,1887,13648,443,0,0,33199
BV1bRhJzKEmE,114952065060821,1,138,2156,搞笑,UP主小综艺,http://i1.hdslb.com/bfs/archive/e71c3b6a86777cdb51c410b26037567df20a867c.jpg,哈哈哈哈食物卧底,1754029835,245,551931509,小歪很拽,https://i2.hdslb.com/bfs/face/961bf1b9c9551c209a44d3463990190c36b3cdb1.jpg,1264035,"综艺搞笑,谁是卧底食物版,趣味游戏,办公室游戏,看一遍笑一遍,搞笑研究所",685624,872,361,1818,826,345,0,0,29624
BV183hJzvEbY,114952534757175,1,21,2079,日常,其他游戏,http://i2.hdslb.com/bfs/archive/ccdc852d4201649293ec1fe02b0b4cabc97b4699.jpg,一块化石如何成为十万云玩家的神？第一个赛博宗教是怎么诞生的？Twitch Plays Pokemon（上）,1754044200,723,3546916086352000,游戏X档案,https://i1.hdslb.com/bfs/face/c281ccc4e2101897a053120b607cacdd9f413693.jpg,8631,"口袋妖怪,直播,宝可梦,单机游戏,Twitch Plays Pokemon,赤红,GB,云玩家,必剪创作,整点电子榨菜",464655,2029,735,9616,6700,1443,0,0,22846
BV1ophpz9ER6,114954732571262,1,17,2078,单机游戏,沙盒类,http://i0.hdslb.com/bfs/archive/50bc578b8c801dba29fbcaf3d536f4aea27b4361.jpg,目 害,1754100000,633,19525533,KL_qiqi_,https://i0.hdslb.com/bfs/face/c5830e1e0142e04c96be9c87d3aef2e1b5d47581.jpg,3067898,"MC,搞笑,沙盒游戏,躲猫猫,我的世界,娱乐,minecraft,联动,沙雕,推荐宝藏游戏",1039957,2148,1164,12878,5990,611,0,0,63160
BV1HYhgz8EzW,114962567660852,1,172,2070,手机游戏,MOBA游戏,http://i2.hdslb.com/bfs/archive/2a8c152fdbf14547ef01c33e854b386c97896402.jpg,朵莉亚零基础到精通！看这一个长视频就够了！,1754189701,881,298590209,益达兄弟辅助教学,https://i2.hdslb.com/bfs/face/125d2935b53d5635d8962fa2388a35ca665d6039.jpg,541053,"辅助,益达兄弟,朵莉亚,#王者荣耀夏日盛典,#朵莉亚在编人鱼公主,王者荣耀山海皮肤",228606,244,315,7287,1990,1216,0,0,15846
BV1L7tnzzEwQ,114975553096921,1,17,2066,单机游戏,单机主机类游戏,http://i0.hdslb.com/bfs/archive/3da9f1cbcb3b3feb4c2adea323cf475fc194e975.jpg,在燕云十六声无伤挑战中没有任何人受伤,1754388973,621,7349,STN工作室,https://i2.hdslb.com/bfs/face/5bc1308ef3ac8eed73ed98ad4770f960547688d3.jpg,2484857,"技术流,国产游戏,搞笑,武侠,无上挑战,燕云十六声,BOSS战,游戏日常,动作游戏,整点电子榨菜",362000,448,621,941,1145,271,0,0,14926
BV1W5hVzuERq,114964832460433,1,182,2001,影视杂谈,影视解读,http://i0.hdslb.com/bfs/archive/4d25f000757e55fa1d895d86195959b6f3eedb2f.jpg,【逆天影帝】如果能重来，凯文史派西也许不会成为那个恶人。。。,1754224340,993,3546815450319053,走人waitme,https://i2.hdslb.com/bfs/face/84c79080253e35c712d9b5c74485d77e1144746d.jpg,16961,"凯文史派西,奥斯卡,布拉德皮特,经典电影,七宗罪,影帝,好莱坞明星,美国丽人,非常嫌疑犯,影视IP观察室",314444,990,495,3271,1849,203,0,0,9524
BV12z8yzbEHd,114946629178871,1,26,2063,音MAD,鬼畜综合,http://i2.hdslb.com/bfs/archive/233e975e6ed2a44e494101c2689ed53c1e8627ce.jpg,♿PRAGMATISM -RESURRECTION-♿,1754279700,165,400121455,TxAY丶,https://i1.hdslb.com/bfs/baselabs/7d88154aa95d75d7e1fb9de3152141fa0ab27459.png,4911,"音MAD,音mad,说的道理,白复生,黄绿合战10th,电棍,Laur,Arcaea,arcaea",298837,2877,2904,13476,15753,3676,0,0,43051
BV1MVtgzaEc3,114969345526998,1,21,2088,日常,社会观察,http://i0.hdslb.com/bfs/archive/1f3927c887ffcc5927fbf1b642a0a255669f96fc.jpg,被网暴了，平台不管？……试试这个！,1754293624,145,1988929420,侃木头哦,https://i1.hdslb.com/bfs/face/e73f946a5712e9a9fd92a82bb8f6c06e234f1bd6.jpg,2166171,"成长必修课,清朗行动,网络暴力,网络安全,维护权利,网络霸凌,个人成长,12377,被网暴了",1472872,658,2990,191748,33471,4941,0,2,333842
BV1jbhVzfECm,114964866014945,1,21,2080,日常,时政资讯,http://i1.hdslb.com/bfs/archive/e804d58efb91c58a32ebce1528351721b4c4bb16.jpg,1分17秒，原声沉浸式体验武器分解结合（作者：武警山西总队 于洋、冯朵、黄彤；编辑：王智霖）,1754224922,81,1443100697,人民武警,https://i2.hdslb.com/bfs/face/2a1cfc28fc1546d58b92f064ea517a5210f4de50.jpg,1245361,武警,464981,197,780,5631,812,947,0,0,43464
BV1YqtLznEvj,114972449314591,1,65,2071,网络游戏,射击游戏,http://i0.hdslb.com/bfs/archive/73ce92f44a67588e79a07781b21c7f1f63d69f6b.jpg,士可杀不可辱吗？哈基盾！,1754364600,238,3493274574653579,白泽-三角洲行动,https://i2.hdslb.com/bfs/face/e178448a4699990d468f0f21a31174b6c7eea14c.jpg,962634,三角洲行动日常操作,531820,513,496,6803,609,186,0,0,27608
BV1dktgzrEWo,114969228088846,1,21,2093,日常,职场发展,http://i0.hdslb.com/bfs/archive/bb059e4dd799e7035d53d9fa04396e5025b861b6.jpg,如何在课上偷偷写作业？？？,1754305200,562,474257884,萧萧竹-,https://i1.hdslb.com/bfs/face/0e4f43bdab0948491609c48b6c7291332490bbd5.jpg,18894,"作业,高中生活,学习经验,必剪创作",1216916,2625,3258,33325,11986,11339,0,41,80624
BV1Q2hbzaEMV,114958926876502,1,182,2001,影视杂谈,影视解读,http://i2.hdslb.com/bfs/archive/a51c78fdddfdf7f9344655f8aac1a1bed242b0fc.jpg,【阿奇】2025年丧尸惊悚片《放飞》：病毒天灾持续六年，丧尸进化成更高等级物种,1754134198,640,151203311,阿奇讲电影,https://i2.hdslb.com/bfs/face/0a1daa330b079cfefdc148503bfc76f56b3f921d.jpg,260389,"进化,科幻,惊悚,丧尸,末日,病毒,放飞,好剧好片重刷榜",1423669,2151,884,10834,1303,636,0,0,37956
BV1BVtuzkELM,114968120794337,1,172,2037,手机游戏,同人动画,http://i2.hdslb.com/bfs/archive/2ba07175e8f43c794d4a33af2424f05db48583ee.jpg,虚一直构丨无需负世的平凡午后，你们在麦田里……,1754274786,88,2623150,秋绵_Akimeow,https://i1.hdslb.com/bfs/face/6e3060782cbaa5dfddc930d8b596826e01506252.jpg,5628,"动画,白厄,虚一直构,星穹铁道白厄,哀丽秘榭,小白，还回家吃饭吗？,麦田",298945,477,1194,28089,13036,3063,0,0,70182
BV1hXtGzCEJJ,114970016746562,1,21,2064,日常,单人RPG游戏,http://i0.hdslb.com/bfs/archive/57a0ab9fed0fb6548097bf5c5de5471a82d26661.jpg,"【索拉鉴赏官】鸣潮男女角色情度排行榜,压抑了必看,诺神王朝了！",1754303544,513,3546376981973331,理智型褚生_,https://i0.hdslb.com/bfs/face/cfb5dcb729122e7a603f92b68d255ded23a86a84.jpg,5746,"鸣潮创作激励计划,嘉贝莉娜,尤诺,奥古斯塔,千咲,鸣潮",77314,1302,523,1738,1640,1244,0,0,5919
BV1JK8kz5Ev1,114946159478311,1,215,2150,美食记录,美食探店,http://i2.hdslb.com/bfs/archive/c38722b7be4a76e1620426067471a8771b2c1ecf.jpg,凌晨跑到菜场等腰子，这碗猪杂粿能有多鲜？,1753956000,605,3546689080133740,野文不懂吃,https://i1.hdslb.com/bfs/face/c42a0eb03dc75889e6deb47526b72279c69897ff.jpg,222351,"街头小吃,街头美食,记录我的美食日常,猪杂粿,潮汕美食,探店,汕头美食",1114578,1493,1089,5360,2567,2874,0,0,16694
BV1cytEzVEBg,114974496130707,1,65,2071,网络游戏,射击游戏,http://i2.hdslb.com/bfs/archive/0e1e225f5c753c7aa683ee8d7ff0203112dfdca3.jpg,【完结】花费2100w开航天所有房卡，看看最终能赚多少？,1754371796,502,283784134,斯达瑞-乔吉,https://i1.hdslb.com/bfs/face/6a5fe528ff57e9e7e98313966a5e2628ad73328c.jpg,50697,"三角洲行动,开卡,绝密,航天基地,三角洲破壁新赛季上线",266201,480,228,2212,1044,46,0,0,8015
BV1u68zzWEmP,114943458283367,1,65,2071,网络游戏,射击游戏,http://i1.hdslb.com/bfs/archive/2dc035e01ff9ba974ff6a48f25ab5a813fb0d2d5.jpg,当你结束了糟糕的一天后打开了三角洲,1753930800,90,12705018,NinthA-,https://i0.hdslb.com/bfs/face/90fbf5732bd3bffd6a4d094acec17d30756f581e.jpg,191682,"猎奇,三角洲行动,伤感,三角洲破壁新赛季上线",1588036,455,1666,6705,1039,8197,0,0,60026
BV1ndt3zQE3e,114970570265316,1,85,2154,小剧场,剧情演绎,http://i2.hdslb.com/bfs/archive/0ed07aa4032f2b75a5bf73316959b05a1ff9a042.jpg,悬疑西游之十殿阎罗【一】,1754312245,315,3546879646238851,真-赵某人,https://i1.hdslb.com/bfs/face/feb3cc21847c80f14a31783123f943db761bf353.jpg,80922,"剧情,反转,原创,悬疑,一人分饰多角,西游,赵某人",247841,380,317,7251,940,101,0,0,27579
BV1RAtgzTEAX,114969731667270,1,47,2037,同人·手书,同人动画,http://i2.hdslb.com/bfs/archive/abecce55c12f6ea8be07cf94d09b3d4cbb8b03ff.jpg,隧夜轮回（怨灵酒店）第二十四集 有惊无险 动画 悬疑 微恐怖,1754470800,284,501642082,萧一白呀,https://i1.hdslb.com/bfs/face/753545c422513fb3bac9cbd9b4f855b3e7656f82.jpg,1143078,"诡异,悬疑,原创动画,原创,动画",148031,1153,599,2572,4020,142,0,0,14857
BV15shTzMEPS,114960336165739,1,17,2079,单机游戏,其他游戏,http://i2.hdslb.com/bfs/archive/90ecbbb3c4fa792313084632822d891f898384dc.jpg,我的好兄弟看视频不点赞被「告上法庭」!!!!!!?,1754179200,1801,84130356,夏天y,https://i0.hdslb.com/bfs/face/2139ba40f33a5977675e209a66896c4c3fe3eeb5.jpg,1512100,"我的世界,搞笑,MC,娱乐,单机游戏,多人游戏,法庭,沙雕,夏天y,推荐宝藏游戏",1101812,2143,535,46522,40847,684,0,37,90315
BV1pvhWzvEXG,114953944046809,1,250,2158,出行,旅游记录,http://i1.hdslb.com/bfs/archive/bfc931c24be78267dd7ba1698228113e8a2d7cce.jpg,入住全球最臭的三和酒店是什么体验｜解压大改造,1754058598,717,388965067,陶一杭Steven,https://i1.hdslb.com/bfs/face/a4d36a09db35aa373323f3b9c2d2d2ae8f894873.jpg,104622,"日本旅游,改造,盲盒酒店,跟着UP主看世界,日本三和酒店,日本生活,酒店,Vlog,旅游vlog,旅行VLOG",592153,2922,1165,8362,10113,1272,0,0,35863
BV1PUt3ztE48,114970385847938,1,17,2079,单机游戏,其他游戏,http://i1.hdslb.com/bfs/archive/79a53b0c9476e8ee8939fc0e0bae5d995cbdaaad.jpg,“嘘！”偷偷玩小游戏，不要被伪人妈妈发现了！,1754309142,1218,218813697,游泳的艾米,https://i0.hdslb.com/bfs/face/30d2889a3fb2e8b64cd368489322dc9223225fe3.jpg,1061574,"恐怖游戏,妈妈,一命速通,steam游戏,伪人,整点电子榨菜",190413,970,258,3065,1345,212,0,0,22534
BV1mvh8zfEzc,114958390071142,1,21,2102,日常,摄影摄像,http://i1.hdslb.com/bfs/archive/9c8db066817437f198003ad84dcb5013959a56bc.jpg,评论区摄影大赛之迟来的建军节篇，昨天剪太晚了所以没发，今天补上。,1754126066,108,3546741475379844,摄影恩哥,https://i0.hdslb.com/bfs/face/b497e49b5418b6c0cc18f5f3d80c6c08a1048d5c.jpg,681381,"摄影,风景,评论区摄影大赛,哔哩哔哩评论区摄影展,照片点评",1741787,19596,4001,10171,2627,262,0,0,153528
BV17FhHzSEjQ,114953289990541,1,219,2168,汪星人,狗,http://i0.hdslb.com/bfs/archive/bf0d305ebf18136c85e000020eee50d561129a7f.jpg,真的吓人,1754048211,36,525897538,小胖橘来也,https://i1.hdslb.com/bfs/face/83bc14f913bcf7f13fa1b376f0ed936ddeb37bd5.jpg,15818,汪星人,896948,521,1189,10655,2376,3594,0,0,132103
BV1Bih7z6E8T,114951494636270,1,95,2100,数码,手机,http://i2.hdslb.com/bfs/archive/d1a79ed9006755d8bd71a6c437baf9884b3b8072.jpg,提前看完苹果折叠屏的样子，我觉得它已经打不赢了。【X.PIN】,1754182800,486,31880257,差评硬件部,https://i1.hdslb.com/bfs/face/224f69a9c045d4c66936620e2cb3feb2054ed43b.jpg,726593,"科技猎手,三星,华为,小米,苹果,手机,iPhone,折叠屏",479913,1613,1862,2717,1448,1254,0,0,15780
BV1GhhnzrEia,114953541458950,1,126,2063,人力VOCALOID,鬼畜综合,http://i0.hdslb.com/bfs/archive/080d45807b99ddd58186626bea2c40dc934ac8da.jpg,🍬再见了，所有的唐哭🍬,1754107200,85,438684078,DJG杰哥,https://i0.hdslb.com/bfs/face/6a1ba87992508f221db602335af9f74e13c7ee22.jpg,41077,"鬼畜,MyGO!!!!!,Ave Mujica,动画种草激励计划,爱音,anno,高松灯,千早爱音",338880,3382,2296,15583,3755,11542,0,0,50178
BV1iwhJzrEAC,114952434096223,1,172,2073,手机游戏,动作竞技游戏,http://i1.hdslb.com/bfs/archive/41072964bd22e7366ee0387345c9c73c51167cc3.jpg,我拿到了第五最强的监管者！！【飞莎儿】,1754042400,425,149890182,老师好我叫飞莎儿,https://i0.hdslb.com/bfs/face/c2ef7fa377567eb1fd4e386c76e66962af554919.jpg,1015188,"搞笑,手机游戏,手游,第五人格,飞莎儿,跛脚羊,红蝶,第五人格庄园纳凉夜",690453,6083,1026,4878,1940,418,0,0,61210
BV179tuzLESa,114969764956800,1,182,2001,影视杂谈,影视解读,http://i0.hdslb.com/bfs/archive/92eae85616c7f98e3de654baa175df37a161dbfe.jpg,杨洋去油成功？！被说相貌平平？《凡人修仙传》能否成为杨洋翻身之作,1754302088,822,203337614,开心嘴炮,https://i2.hdslb.com/bfs/face/5cd3053f352bc597bac3d11b824e548108423cb2.jpg,2877766,"国产,搞笑,金晨,杨洋,凡人修仙传,伊利牌万年灵乳,韩立,凡人修仙,修仙搭子选伊利",294316,2138,1221,871,549,320,0,0,11023
BV1Ex4RzMEcT,114976912051938,1,216,2063,鬼畜剧场,鬼畜综合,http://i2.hdslb.com/bfs/archive/b7575db1e37a985328ee0501d72e385299f77670.jpg,黏巴达,1754451000,745,219370608,京西动画,https://i0.hdslb.com/bfs/face/4e6f81ccd97e61a8e106e0db12b0795761e1e73f.jpg,93600,"鬼畜,詹姆斯,NBA,湖人,电影剪辑,电影,篮球,赌圣,卢卡东契奇,鬼畜星探企划",88289,960,552,856,4371,1038,0,0,6547
BV1oAhHzUE7w,114953189130523,1,219,2168,汪星人,狗,http://i2.hdslb.com/bfs/archive/df0733e492201c696628b9d0e7e964feb5e1778a.jpg,狗狗都要出来上班了,1754046586,64,3546607914059825,牟牟刘啊-,https://i2.hdslb.com/bfs/face/1f5995eef0636b34a975a13a7e66d7ceedb18d17.jpg,135896,"萨摩耶,狗狗,汪星人",4262187,314,1651,20468,2098,9082,0,51,266433
BV1ZshpzpE4S,114954782907391,1,17,2071,单机游戏,射击游戏,http://i0.hdslb.com/bfs/archive/8f78445373d9296e0eff4b49bbb0e20557859e1e.jpg,⚡固排这一块⚡️,1754092800,487,253100586,星空钏,https://i0.hdslb.com/bfs/face/9cd9ae3564ebeca10b078772d07d5cc73ab5179e.jpg,1656,"娱乐,FPS,电子竞技,游戏集锦,三角洲行动,高燃,踩点,固排,三角洲破壁新赛季上线",134272,295,476,1205,2166,215,0,0,8907
BV1wohVz6E9f,114964631128746,1,138,2154,搞笑,剧情演绎,http://i0.hdslb.com/bfs/archive/5886ded918e88ed4d1581d427855da1f5690d0ff.jpg,看来变装也是我擅长的领域！！,1754280000,14,477676711,田一名sir,https://i1.hdslb.com/bfs/face/4e30dae85d2e529924322aa328b20ee0e98427e1.jpg,1639592,"变装,美妆,领域,翻唱的N种打开方式",553155,767,3442,2468,718,9116,0,0,58683
BV1nShtzrEAK,114957668588031,1,246,2106,改装玩车,汽车测评,http://i1.hdslb.com/bfs/archive/f6f7ba182c155331c76b48af0bfe021aed51058e.jpg,详细版拓海的刹车起飘教学来了,1754115422,178,1618470,slasheAKA阿丰哥哥,https://i0.hdslb.com/bfs/face/ce426e56b8bcef74932071be0936258688330c2e.jpg,9187,"头文字D,漂移,赛车",302727,111,576,4712,607,697,0,0,10903
BV1pehWzKEd9,114953759493043,1,138,2154,搞笑,剧情演绎,http://i2.hdslb.com/bfs/archive/5553621000e4d3f97637adf21cc2e169575136dc.jpg,我和小鸡到底发生了什么？闹掰了吗？,1754055413,208,400507605,哈奶啤,https://i0.hdslb.com/bfs/face/58d2663c4dd0f7ccc6dadfcdd2d49933e3d9f0b5.jpg,590394,"北京,生活,创业,情感,日常,搞笑小剧场,友情,工作",969701,1655,1897,2590,7552,265,0,0,50833
BV1aphtzFEzW,114957903466260,1,250,2205,出行,婚嫁,http://i0.hdslb.com/bfs/archive/a766aec585faa220b2b0a42425ab8139012b7b5a.jpg,今天是婚礼正日子！记得来看看热闹！,1754119111,77,286142707,挪威老王,https://i1.hdslb.com/bfs/face/5a7f17c444a8d32ceec07b83f0bd3045c6654c43.jpg,917680,"生活记录,婚礼,婚姻",563378,453,975,2986,27849,324,0,0,83867
BV1Y3tGzrENZ,114970201232849,1,21,2039,日常,cosplay,http://i2.hdslb.com/bfs/archive/00973807382525acd0df5d47a1cbe95d73e62f41.jpg,天选比格？社牛少东家又到漫展搞事了！,1754306975,267,36416972,张恩恩NNN,https://i2.hdslb.com/bfs/face/d716ac55bed4f38f231a4a5b90a4c3d963ea3c87.jpg,919566,"CJ,cosplay,ChinaJoy,漫展整活,社牛,燕云十六声,燕云2025CJ,少东家,二次元副本挑战者",541955,5528,174,2984,1100,765,0,0,24594
BV1uRhJzKEjE,114952064994893,1,21,2083,日常,综合资讯,http://i0.hdslb.com/bfs/archive/8a843bed81e3ae1f33e9c25785f321b3960c1b5f.jpg,我的新书发布。关于真相，关于改变，关于我,1754029501,99,3546705693772503,EvanKail埃文凯尔,https://i0.hdslb.com/bfs/face/c57feb99919a5f26ec6ebd876ad5cf0f5acee0a3.jpg,1356384,"读书,学习,真相,新书",258349,472,809,5723,12272,249,0,0,84781
BV1MfhJzYE1k,114952081773802,1,25,2037,MMD·3D,同人动画,http://i0.hdslb.com/bfs/archive/ea9f21eecead9ff9f02ac92b5627dd0d2d632c3a.jpg,【鸣潮PV】漂泊的浪子，可愿伴我短暂沉溺于此？,1754035200,127,50844167,可靠de伏特加,https://i2.hdslb.com/bfs/face/b3d7d0f2f5f6f13b7a43619ec8b9f3f9af53723d.jpg,797299,"唯美,PV,二次元,手书,原创动画,手机游戏,鸣潮创作激励计划,弗洛洛,漂泊者,鸣潮",564511,355,2128,66341,64024,5975,0,40,129932
BV1u14RzsEaL,114976626835874,1,17,2066,单机游戏,单机主机类游戏,http://i1.hdslb.com/bfs/archive/575ce008723bdcb0ab52f7ee6c4a56baec710b9c.jpg,大自然真美丽🪳🕷️🐞,1754469000,880,19512037,纪夫Junly,https://i1.hdslb.com/bfs/face/66c9b0f2d84ee09c2c4209894e09a9dfac1806fb.jpg,685230,"小游戏,搞笑,STEAM,游戏实况,单机游戏,禁闭求生2,纪夫Junly,Grounded 2,沙雕,推荐宝藏游戏",135115,856,385,3807,1387,61,0,0,9133
BV1entnzqELH,114975586717412,1,228,2090,人文历史,人文历史,http://i2.hdslb.com/bfs/archive/ab229f6c297673cac8b56603aca7974dd872286f.jpg,斗米命，人肉债：五代十国的百姓有多惨？,1754449200,849,1105349912,杜茹慧,https://i2.hdslb.com/bfs/face/28516950fa5b8839fe9c2bc9b49be3f79ceda791.jpg,287302,"历史,人文历史档案馆,燕云十六声,五代十国",47767,223,318,923,648,129,0,0,2501
BV1S5hJzYEe8,114952568380748,1,76,2149,美食制作,美食制作,http://i0.hdslb.com/bfs/archive/8b586982b40e0a90ec9fbadb3704d45658e9bc42.jpg,【迪奥の厨房】3分钟开吃，酸甜爽辣的拌面，太爽啦！,1754038089,139,13745285,丶沫小白,https://i2.hdslb.com/bfs/face/176ea8cc8f5187e0f82c9828bb1ecba9fb94ffd0.jpg,1210213,"美食制作,美食教程,黑暗料理,快手菜,上淘宝闪购搜超级星期六有惊喜,淘宝闪购超6爆款外卖只要1块9,拌面,夏日美食,懒人美食,jojo的奇妙冒险",1183364,1023,775,52235,4591,3161,0,68,121171
BV1o7h8z3ECF,114958591395187,1,184,2001,预告·资讯,影视解读,http://i1.hdslb.com/bfs/archive/cacb4a25f72af521542b812f3152fc43fed290f2.jpg,团长原型！抗战短片《松山之殇》讲述了什么？,1754129081,105,217841218,火叁轮映画,https://i1.hdslb.com/bfs/face/61f480a3ff991942fa08440136c9b7f291b7bcf7.jpg,4246,"二战,人物,历史,松山之殇,战地5,中国远征军,我的团长,松山战役",155757,117,443,3084,7620,198,0,0,46078
BV1BthLzMEUv,114965788823319,1,21,2071,日常,射击游戏,http://i2.hdslb.com/bfs/archive/cb4c92ba545531f5a44c27e95e5ffccf067c24f8.jpg,挑战在地上摆满垃圾让大哥感到莫名其妙,1754238899,126,434231007,三角洲讲师,https://i0.hdslb.com/bfs/face/2f5adee9ce14225cfbe1b26a47d8467c61c9d3a2.jpg,22025,"三角洲行动,蜂医,绝密航天,鼠鼠,跑刀,航天基地,三角洲破壁新赛季上线",1596633,372,936,8355,1367,1352,0,0,89632
BV1Z5h8zVE9N,114958557842158,1,215,2152,美食记录,美食记录,http://i0.hdslb.com/bfs/archive/8f7cb4476d91611bdce77c7de50a83959bceb16f.jpg,【小石奶凶】今天捡脂，只吃两个烤鸭卷…,1754128890,90,259713513,小石奶凶不月半,https://i0.hdslb.com/bfs/face/06483c6cc903d43639cf43069e88ab3bc860f4a6.jpg,1085019,"吃货,生活记录,Vlog",1020074,366,258,6373,521,251,0,0,42283
BV1aetVzyEfy,114971644008386,1,17,2037,单机游戏,同人动画,http://i1.hdslb.com/bfs/archive/d3c569f373e0f3aeb84976231b06f911d039bcb2.jpg,NPC...觉醒了？,1754360400,166,20669779,敲萌豹风党,https://i1.hdslb.com/bfs/face/d8a9dd00877e8b81bcb9aabbdfea6429278e8162.jpg,1891380,"单机游戏,我的世界,MC,搞笑,游戏,Minecraft,mc动画,暗区突围端游,暗区突围无限,暗区端游联动2077",436269,589,477,3327,1011,274,0,0,38521
BV19bhpzSEyv,114954665463403,1,212,2150,美食侦探,美食探店,http://i2.hdslb.com/bfs/archive/db91551f171ea51e60b8946bc2b21ca698ce830e.jpg,特厨探店 |评价两极分化的锅包肉创始店？—老厨家,1754105400,204,3546888255048212,特厨隋坡,https://i2.hdslb.com/bfs/face/4a6a6e459f71080664d3952957f2eafc02418b85.jpg,2441522,"隋坡,特厨隋卞,舌尖真探事务所,哈尔滨,美食探店",1290064,4484,2938,3464,7116,1200,0,0,98245
BV1nn4RzrEMi,114976895274296,1,17,2078,单机游戏,沙盒类,http://i2.hdslb.com/bfs/archive/58ea88b42541bb865ac22db5d732a0421ce1470d.jpg,陨石砸脸！当场尸变！史上最阴间MC生存——僵尸启示录,1754408339,994,686127,籽岷,https://i0.hdslb.com/bfs/face/7efb679569b2faeff38fa08f6f992fa1ada5e948.webp,4996682,"整合包,单机游戏,生存,籽岷,MINECRAFT,我的世界,沙盒游戏,沙雕,僵尸启示录,推荐宝藏游戏",189867,766,689,3061,4171,1373,0,0,18367
BV1bShPzWEzw,114959883179261,1,17,2064,单机游戏,单人RPG游戏,http://i1.hdslb.com/bfs/archive/dce04ecc38e20d9be7889c298615b73ca7a704fd.jpg,游客：这海盗就是园长你啊？？？？,1754190000,517,7450650,超果果mc,https://i0.hdslb.com/bfs/face/68055fd664aca68f38bdd1d816c46ad4f7b7405d.jpg,2241164,"迪士尼,超果果,过山车之星,搞笑,造乐园,海盗,园长,海盗湾,整点电子榨菜",721646,750,354,14897,14322,303,0,0,37840
BV1kHt7zuEix,114973455947064,1,65,2071,网络游戏,射击游戏,http://i2.hdslb.com/bfs/archive/b0eb59ea4384b078241d2f0c030e109a6d8eed8b.jpg,这一枪绝对能载入史册！,1754355800,13,3546856665647986,小川CS2,https://i1.hdslb.com/bfs/face/5a22576385b470c0a9e1320deb732381b339b3de.jpg,36608,"搞笑,CSGO,娱乐,射击游戏,狙击,CS,电子竞技,第一视角,FPS,cs2",836136,193,1288,16662,2597,8289,0,0,97113
BV1nDh8zUEwi,114958423558324,1,21,2154,日常,剧情演绎,http://i0.hdslb.com/bfs/archive/90d979c4ac6c8dea6eb375c9f4588e3b02932d58.jpg,《人类吸收过量盐分的话》,1754126904,130,594136614,芮予猪猪,https://i0.hdslb.com/bfs/face/3c8c2a66aab3c00fd2427a884b33196eedf22940.jpg,177887,"意想不到的结局,剧情,反转,搞笑,搞笑小剧场",4280015,1464,2468,65112,15907,6847,0,7,348617
BV1LY4RzYE2p,114977029495007,1,65,2071,网络游戏,射击游戏,http://i0.hdslb.com/bfs/archive/a08b24f53e9d2c943cf9d5abdfb939aeb0e644b3.jpg,史上噱头最足的活动来了！藏宝月活动解析！「三角洲S5赛季」,1754410650,245,11332884,Key725,https://i0.hdslb.com/bfs/face/3277f6baa9848d46fd48adecaed65301209d1dba.jpg,715865,"FPS,老Key,三角洲行动,KK日报,三角洲S5新赛季3x3速通攻略,三角洲,藏宝,新赛季,活动,三角洲破壁新赛季上线",393829,728,1530,2895,555,3999,0,0,13336
BV1Pw8yzRE9E,114946763395113,1,212,2150,美食侦探,美食探店,http://i2.hdslb.com/bfs/archive/b8a042253926c26d581740a3700ea30dd7dd6ae9.jpg,全球最便宜超市！1毛钱面包！7毛钱牛奶！到底有多便宜？,1753956480,495,406636263,HOLA小测佬,https://i0.hdslb.com/bfs/face/8d076e9dffc6457c18d050b20195aba05c9996ea.jpg,5046487,"德国,旅游,美食,旅行,4K,vlog,便利店,超市,出行,零跑汽车",7259619,39990,3211,114040,36786,6604,0,7,214222
BV1Fu4Zz2EXA,114977532810354,1,171,2071,电子竞技,射击游戏,http://i0.hdslb.com/bfs/archive/3c32f5d2f581d42a1e442123b47ff5e310ea5ff6.jpg,CS2首个一枪五杀,1754418086,81,203680252,AYCS2,https://i1.hdslb.com/bfs/face/00981afbe0562c34f53b8279670a3e0ebd1f21c8.jpg,1101300,"逆天,一枪五杀,cs2名场面,大狙一枪五杀,五杀,挂,名场面,大狙,cs2,CS2暑期征稿狂欢",516853,253,1492,5613,3554,10431,0,0,33730
BV1Pht5ziEMK,114971090355941,1,65,2071,网络游戏,射击游戏,http://i1.hdslb.com/bfs/archive/3f2f09673e2a762b97bd6bd3afa671c202f99487.jpg,剥蒜的情谊42.0,1754362800,104,12705018,NinthA-,https://i0.hdslb.com/bfs/face/90fbf5732bd3bffd6a4d094acec17d30756f581e.jpg,191682,"猎奇,二手推荐,三角洲行动,三角洲搞笑,转转,二手手机",799194,7988,377,5230,724,1087,0,0,44769
BV1eahVzoEkm,114964899629215,1,65,2070,网络游戏,MOBA游戏,http://i1.hdslb.com/bfs/archive/b719d60641991b68ca12fca3e03a578c0e6d798c.jpg,“男朋友一直嫌弃我胸小！？”,1754280000,460,239060440,冲男阿凉,https://i1.hdslb.com/bfs/face/ed5981237c5e18af1de7e620150ca940330f0a7e.jpg,1259584,"网络游戏,情感,校园,爱情,搞笑,段子,沙雕,凉哥,地狱笑话,英雄联盟电竞世界杯",514589,458,808,2028,962,608,0,0,28473
BV1zZtwzbEFZ,114980821142699,1,138,2156,搞笑,UP主小综艺,http://i1.hdslb.com/bfs/archive/d6f1672ecc33c828d7cec0be5b3e8150b71fd7e6.jpg,好像上当了,1754472297,211,226231535,智勇双全富贵君,https://i2.hdslb.com/bfs/face/f63d4962dd2dcf4d2cc9cae63cd01a2049f32dab.jpg,2203588,"美团请你喝秋天的第⼀杯奶茶,美团秋奶免单攻略,秋奶明星配送日记",474331,1689,640,4226,1545,472,0,0,30329
BV1sytuzHEPN,114969664295806,1,218,2167,喵星人,猫,http://i2.hdslb.com/bfs/archive/e6eb94f5d2f9565c2b0522653bb066bdcc11f3e2.jpg,给大壮听它自己的叫声,1754298121,51,695650376,Q大壮呀,https://i2.hdslb.com/bfs/face/c75d179112e1b16b3a97b6d02b81e17cee9bac42.jpg,353897,谁家小猫这么可爱,490772,224,452,2267,839,658,0,0,37456
BV12shHzeEem,114953021365919,1,212,2150,美食侦探,美食探店,http://i0.hdslb.com/bfs/archive/eb6a7fd0b73ecf43b7c039799232a9f210a6047b.jpg,花3388元体验百年王府盛宴，满满巴蜀文化韵味,1754215200,718,1244310984,温油辣辣U,https://i0.hdslb.com/bfs/face/4537c9f338b7f157002a571e2f73ffcd4e636a56.jpg,805610,"记录我的美食日常,双味波龙,历史与美食的碰撞,干烧罗文参,蜀王府,黑金鲍",708489,933,326,7295,2409,177,0,0,17340
BV1JZt3znEuR,114970620598000,1,251,2083,三农,综合资讯,http://i2.hdslb.com/bfs/archive/9a5a61fbbf33fc987b987cecf2b8f59721b17c2b.jpg,为啥说“菜篮子工程”是伟大的工程？【主播说三农】,1754312838,223,1343321779,央视农业,https://i1.hdslb.com/bfs/face/c9e24623ccc91cd26c2894d2a1880dc6dc6a28c4.jpg,3622223,"菜篮子工程,主播说三农,农业,蔬菜",422746,1209,2522,4477,7585,1442,0,0,60828
BV1DWtEzoELQ,114974714367327,1,47,2037,同人·手书,同人动画,http://i2.hdslb.com/bfs/archive/7b41daca8198ec21e9e95c9e6382e7799a3d4e91.jpg,【鸣潮小剧场】Wonderful U,1754375109,67,71940941,唤林和小PK,https://i2.hdslb.com/bfs/face/c0973a9a2efadbe7040d72c0491ad39aadaf642d.jpg,264257,"东方,同人,手书,弗洛洛,鸣潮小剧场,漂泊者,意难平,鸣潮2.5版本二创",294171,325,2206,26097,47583,6505,0,0,62209
BV1DXtGzkEoK,114970016613603,1,17,2078,单机游戏,沙盒类,http://i0.hdslb.com/bfs/archive/f2c4a23952301621dd7f35520d68ecc471ac2473.jpg,小熊和大熊~我们熊都很凶的哦,1754303630,1170,3546911323719740,小熊饼UwU,https://i2.hdslb.com/bfs/face/4d42209d4ffdd52ec25288efbd34cfc5eb8cc40e.jpg,79942,"实况,沙盒游戏,MC,我的世界,生存,Minecraft,整点电子榨菜",78743,690,742,2532,2577,228,0,0,16645
BV1uihnzMECf,114953558231978,1,219,2168,汪星人,狗,http://i0.hdslb.com/bfs/archive/c7cc3c342a7076a8f30f09880719d86175093108.jpg,柯基的基因也太强大了,1754052327,77,3546874009094633,浅浅视界,https://i2.hdslb.com/bfs/face/eeb60f33ac0ee754baf2a502827452c88b226af8.jpg,16882,"小短腿,柯基,基因",730347,1043,1104,6884,509,12184,0,0,25520
BV1bzt3zYEur,114970821923833,1,21,2104,日常,自制发明/设备,http://i2.hdslb.com/bfs/archive/db295f331a20730c82c6322b685e8a4919f2341c.jpg,上个月工作报告,1754316441,91,2068622664,猪坚强jqsg999,https://i0.hdslb.com/bfs/face/9c96f2865b9ba331b7318758f2d34916c6804565.jpg,1212655,"机械,自制车,大人也要玩玩具",471146,314,621,3058,1709,386,0,0,38512
BV1LjtEzaEQ2,114974731016110,1,65,2071,网络游戏,射击游戏,http://i1.hdslb.com/bfs/archive/2a5baab76b14774c3d2fb7a9cbab02c302154549.jpg,【老鼠人行动】航天基地（G3）45w→???w,1754376247,397,403637371,老飞宇66,https://i1.hdslb.com/bfs/face/25d6b747d51cd07f6ae01a1145225f9be7fbdc5d.jpg,2555111,"三角洲行动,三角洲破壁新赛季上线",608630,7773,1007,3379,2195,683,0,0,42914
BV1SUtMzfE2x,114968389229688,1,126,2063,人力VOCALOID,鬼畜综合,http://i2.hdslb.com/bfs/archive/35af97e9ba5fbad7c9e8a5cb79aa83eb18127d07.jpg,“人 命 大 如 天！”,1754366100,224,110371677,天气温云,https://i0.hdslb.com/bfs/face/c6e27bd7227849d21bd4ca7b494a539a4071cce0.jpg,472147,"周杰伦,鬼畜,黄绿合战,黄绿合战10th,谭乔,谭警官,夜曲",95573,232,292,2369,4698,193,0,0,11513
BV1LKt5zXEqQ,114971358791317,1,157,2160,美妆护肤,城市出行,http://i0.hdslb.com/bfs/archive/98f7a4c03b67d326926ddba877177553d36cd513.jpg,逛街别光只逛不买啦！顺便0元做个色彩测试！,1754324111,149,287468649,阿哈哈哈哈哈黑猫警长,https://i0.hdslb.com/bfs/face/1305fba1909b05ac6d90e0ec2f4eb5ad343998db.jpg,1510877,"生活,测试,测评,色彩,生活记录,挑战,逛街,色彩测试",230058,77,145,12029,625,2683,0,0,19042
BV1g9tczVEtk,114981190240396,1,124,2089,社科·法律·心理,时政解读,http://i2.hdslb.com/bfs/archive/fa54bcede578dfd59eaa1c57cdc906febe7a6c34.jpg,特朗普威胁印度反被无视！“东方大国”底气十足,1754474182,1098,703186600,麻薯波比呀,https://i1.hdslb.com/bfs/face/826f6c258199edc87d5722a56e8a8f963686dbba.jpg,2720275,"社会观察局,美国,印度,莫迪,美国印度,美印关系,特朗普关税战,特朗普",546936,1532,1234,5406,4738,334,0,0,39946
BV1W4tGzhEaD,114970234784728,1,252,2040,仿妆cos,二次元线下,http://i0.hdslb.com/bfs/archive/f06c911c3e226eda590133f1d49b0160854bb678.jpg,谁教你这么送桃花运的？,1754307220,176,560647,坂坂白,https://i1.hdslb.com/bfs/face/dbab0bb10936b9e822c6927b442e0859963d12c2.jpg,1076526,"非人哉,cos,坂坂白,熊喵来了,动画种草激励计划,一代人有一代人的神,非人哉熊喵来了梦幻联动,探店",438613,1189,227,6205,1036,297,0,0,21232
BV1ugtgzeE6S,114969311973321,1,137,2014,明星综合,娱乐综艺正片,http://i2.hdslb.com/bfs/archive/3f174cc170d4c0689f50825dfd02a34b81601537.jpg,【TF家族练习生】《肆意时光簿》EP05,1754305200,759,3670216,TF家族,https://i1.hdslb.com/bfs/face/1c74336b9060d40d0ccf5e8bce7c0de34526b1e3.jpg,6937953,"TF家族练习生,肆意少年突围",902886,267615,5282,13240,4459,720,0,0,40669
BV1kj4Rz5EXR,114977214107532,1,47,2037,同人·手书,同人动画,http://i2.hdslb.com/bfs/archive/75630a6274164c5baaa1250d226281abf4bb5410.jpg,第68集，穿越后我与冰块妞前往塞北偶遇剑圣之女，域外邪神为了莅临下界降下天谴之矛！,1754469000,417,1315416826,暴走三金_,https://i1.hdslb.com/bfs/face/547d829b08e143073920e9eaf241540cbc3f64a7.jpg,288727,"动画短片,原创动画,穿越,动画种草激励计划,热血",39778,268,148,1263,938,36,0,0,4359
BV1BNhAzvEBf,114941428304404,1,215,2152,美食记录,美食记录,http://i0.hdslb.com/bfs/archive/679bd070c866a7ebcbdc1cf4e8debb08732f3305.jpg,成都18一碗的猪脚饭自助，卖西班牙老外81不过分吧？,1754042400,329,1984198637,西班牙陈挺,https://i2.hdslb.com/bfs/face/80a8d4d675bf87beba65d8b2af8f8beb63c6b641.jpg,2252604,记录我的美食日常,1254772,2463,2451,6201,4482,592,0,0,99911
BV138huzkEzs,114962919853891,1,47,2037,同人·手书,同人动画,http://i2.hdslb.com/bfs/archive/89463191ec5dd044043cc37e0e7cb84ce7d84393.jpg,方源的奇妙冒险：不灭宿命,1754195043,15,183788517,大力村,https://i0.hdslb.com/bfs/face/efdd0aff6f87cceb06e529263c6e7362fd4b0bd1.jpg,10904,"大爱仙尊,宿命大战,仙工开物,#仙工开物,2025中洲炼蛊大会,jojo的奇妙冒险,古月方源",731406,211,1311,26143,9192,7138,0,0,76819
BV1oHtFzLEWC,114980049391711,1,138,2154,搞笑,剧情演绎,http://i2.hdslb.com/bfs/archive/c2953109b0f06d8af469f55e2ff9397a91705052.jpg,弗雷尔卓德之麦克阿瑟,1754456567,36,3546588595096095,麦克阿瑟MacArthur,https://i0.hdslb.com/bfs/face/4e554be985dae649662aacdaf71869b8dba36ff0.jpg,3174196,"搞笑小剧场,五星评论家,这扯不扯,弗雷尔卓德,麦克阿瑟",216593,327,752,2631,1612,5610,0,0,32674
BV1x4t5zuEFn,114971140754683,1,21,2197,日常,其他vlog,http://i0.hdslb.com/bfs/archive/8b575bd8b0d1b43aa2f9794bc5d0a64ae36c9b08.jpg,依旧凌晨一点,1754321675,166,3546899950864647,我要睡觉-1589,https://i0.hdslb.com/bfs/face/2549d9d42ff0324b76d6e7e21eb44e1bcc9df315.jpg,216577,"原创,生活记录,记录",705097,335,448,10555,1376,431,0,0,23478
BV1pVh3zwERy,114963943266590,1,253,2001,动漫杂谈,影视解读,http://i1.hdslb.com/bfs/archive/177a99d3be49dbf7a32c6806633c15dc016a9f0b.jpg,世上没有浪浪山，或者 人人都在浪浪山。,1754210691,279,1249029768,野人少女79,https://i0.hdslb.com/bfs/face/f7b1b6f2ce7b92fd435c1318191b93f31e3bfc29.jpg,574026,"治愈,浪浪山小妖怪,UP热评影视剧",1431796,80,321,21000,1230,183,0,0,24397
BV1uLhhzaERs,114958155127485,1,65,2071,网络游戏,射击游戏,http://i1.hdslb.com/bfs/archive/8ffe5d7faadc84c93b1651460decfafe001fa15f.jpg,无头无甲邪恶双喷百万撤离!,1754122809,255,391279365,花牛三角洲行动,https://i0.hdslb.com/bfs/face/73b02b53455186b49f033ab446acf0ff598a4266.jpg,38421,"射击游戏,搞笑,三角洲行动,挑战,三角洲破壁新赛季上线",878066,313,990,27946,1598,2608,0,0,25806
BV1MzhnzKEC7,114953457566174,1,138,2154,搞笑,剧情演绎,http://i0.hdslb.com/bfs/archive/f825630190f01a35829b5262a0a0d1d79b4d9b76.jpg,你偷偷跑我闺蜜家干嘛去了？,1754050846,254,10820826,小余皮得一,https://i0.hdslb.com/bfs/face/76609afcba8e4108d2a6b943637d7a2e4f55cbdf.jpg,283317,"原创,搞笑,情侣,黑色幽默,搞笑小剧场,皮得一宇宙,凯见孙琳,抽象",675193,1131,525,3694,3656,933,0,0,31765
BV1uVhJzNEtw,114952518110343,1,21,2186,日常,恋爱关系,http://i0.hdslb.com/bfs/archive/40c5905811c1b13d196645449691f09b933d9997.jpg,男人的谎言 只有男人懂,1754043600,135,1594125242,我是于事_Sh,https://i2.hdslb.com/bfs/face/fa8f97e0972d5b117c834f25cffff608f16008b3.jpg,251302,"情感,双开门霸总,这个男孩能嫁吗,于事讲男人,女生必看",848096,1490,2356,19559,3549,7538,0,0,125865
BV1qvtJzMEM1,114976022856151,1,17,2079,单机游戏,其他游戏,http://i2.hdslb.com/bfs/archive/330e4a91604e0ffceb3367027888381e54cfae56.jpg,【60重置版】卸磨杀驴！,1754396220,1197,19663740,牧濑红莉CCC,https://i0.hdslb.com/bfs/face/3ad70245ef83341fde37a424eeff16445b6909f2.jpg,88385,"搞笑,主机游戏,娱乐,单机游戏,催眠,60秒重制版,电子榨菜,沙雕,steam游戏,整点电子榨菜",81541,995,281,1195,832,72,0,0,5272
BV1vAtgzuEs8,114969731470390,1,76,2149,美食制作,美食制作,http://i2.hdslb.com/bfs/archive/90ea0d680f4f74a415aeb01579783a883bf8692c.jpg,厨师长分享现场版“蜂窝玉米”，看完讲解操作更简单,1754366400,540,290526283,美食作家王刚R,https://i1.hdslb.com/bfs/face/1463fa4ea6bffd867dc257dca87248bb1d671cde.jpg,6857344,"厨艺,美食教学,现场教学,厨师长,蜂窝玉米,我用美食搞事业",203322,996,650,1308,1464,467,0,0,13025
BV1w8tGzbEY6,114970268273348,1,21,2079,日常,其他游戏,http://i1.hdslb.com/bfs/archive/0b385b23d28e13c35d018aeadc9fa7538b1dd5d5.jpg,最 接 地 气 的 杀 手,1754307574,594,3546376524794441,萝太永不破防,https://i2.hdslb.com/bfs/face/71ed1ab4d1762b5519df89e8c47b1e1dd39dbf96.jpg,1628190,"游戏实况,娱乐,搞笑,杀手,hitman,47号,杀手世界",243960,1437,963,2354,1716,1055,0,0,18712
BV1TNhpzTESk,114952786418550,1,126,2063,人力VOCALOID,鬼畜综合,http://i1.hdslb.com/bfs/archive/f3566e9c285f3d623d6df842598a9b2ef4a4d9fc.jpg,“在哪都能挣刀乐”,1754106900,231,1398957,树深时见鹿dear,https://i0.hdslb.com/bfs/face/3492081b9cf0a59626c663537fe30f0acf53f6c5.jpg,731619,"岳云鹏,鬼畜,周润发,rap,唐探1900,王宝强",280549,309,590,5343,10211,574,0,0,24911
BV1kRtwzhEHT,114980787590486,1,212,2150,美食侦探,美食探店,http://i1.hdslb.com/bfs/archive/58de615235b86db515016656094a6ff8753ada03.jpg,为什么中国人一到这家串店就上头？兄弟局全是知心嗑！,1754474400,600,405279279,平平出击,https://i0.hdslb.com/bfs/face/87bbab304eff564ec50d999f4c163f2ab225b896.jpg,771089,"4K,吃货,烧烤,中国,平平出击,沙雕,撸串,烤串,羊肉串,探店",142036,851,413,1558,6777,225,0,0,12897
BV1arhPzfEyr,114959631523185,1,22,2063,鬼畜调教,鬼畜综合,http://i1.hdslb.com/bfs/archive/a88e5012d00b3b674fa428b87f68f3e6d9fee49f.jpg,带你回到那个夏天!,1754146732,120,5878572,核动力路灯,https://i0.hdslb.com/bfs/face/1201762ebd2205f61a8e8deaf03489c3dd5b52b2.jpg,600825,"鬼畜,挖掘机,诸葛亮,唐国强,全明星,鬼畜调教,跟着唐国强膨美团下午茶免单,司徒",588909,10989,748,16729,4533,1348,0,0,106833
BV1YThJzMEWd,114952585085223,1,238,2137,运动综合,武术,http://i0.hdslb.com/bfs/archive/e36c884ff21c9c3b81307cf5fca7a19c53267166.jpg,取经千万里，务实不悟空,1754037684,21,455051805,郭泽儒,https://i0.hdslb.com/bfs/face/e976866f862dde0ea6cac3047b6b46a4ff4f6d54.jpg,107385,"武术,功夫,抻筋拔骨,郭泽儒武术,东方美学,养生,阳刚之气,筋骨,身体开发,有亿点功夫",309148,80,370,3682,619,190,0,0,26007
BV1EhhLzKEMm,114965688097005,1,130,2024,音乐综合,电台·歌单,http://i1.hdslb.com/bfs/archive/f2d4759eacf56c869f7c4f1bfa98b163293d57c2.jpg,"循环歌单 |【我的XX在哪里】| ""你猜得到我是谁吗？【在哪里の小曲】""",1754265600,3632,550445292,peach63,https://i0.hdslb.com/bfs/face/e2cc169b562e8a06a73d9a6908f39895f72a4604.jpg,568501,"我的XX在哪里,在哪里の小曲,电台新星征集令",2005752,27,80,42334,1415,27,0,76,33023
BV1F8tgzDEGN,114969093869038,1,47,2037,同人·手书,同人动画,http://i1.hdslb.com/bfs/archive/3b90027d1ef695b31acae7aef9e20c8788ca1085.jpg,《如此光鲜亮丽，如此形状姣好》【第七届寻光小宇宙奖】“当我爱上你时，世界花团锦簇。”,1754296800,461,287030032,艾艾艾维斯Elvis,https://i1.hdslb.com/bfs/face/721b40b6e4d4147a124c280fd7fdfab4db730f6c.jpg,31060,"水仙,动画短片,原创动画,人鱼,剧情向,原创,逐帧动画,二维动画,寻光小宇宙奖",128356,143,213,11024,5315,910,0,0,17475
BV1gYhuz6EgP,114962953408051,1,21,2071,日常,射击游戏,http://i0.hdslb.com/bfs/archive/c03b376dbeeb922d4f86c5b02439f8be1f54279a.jpg,感觉你是那种人6.0,1754195539,35,1666628639,小怂弟,https://i2.hdslb.com/bfs/face/e922f4c94186a0fa905c771f051c1fe40a8df5d7.jpg,275972,三角洲行动,1118924,191,621,23849,1009,5610,0,0,42603
BV17a8CzLEyi,114947098936790,1,208,2207,校园学习,随拍·综合,http://i0.hdslb.com/bfs/archive/e99adecdf2496d2ec803e545c2391045cc78a774.jpg,穿搭要显贵,1754043300,15,1582553318,腾远高考,https://i2.hdslb.com/bfs/face/09eaa0d84654c49fcc9dd652a8c2eaeb05e44f32.jpg,204624,"高三,高考,高中生,腾远高考,高一,高中,高二",657374,2433,1565,13972,642,19691,0,0,90232
BV1szhTzZEQW,114962248830736,1,220,2171,动物二创,动物综合·二创,http://i2.hdslb.com/bfs/archive/862bef90dbb4df3c9e34adadb5bf28ba526df7a1.jpg,当你放了暑假回老家,1754184785,213,41865233,猫meme小日记,https://i2.hdslb.com/bfs/face/bab3d14f4371bd792d1603348dcec469b364b5ea.jpg,20767,猫meme,159346,144,299,1077,1084,96,0,0,12474
BV1jKt5zXEkM,114971358794929,1,17,2069,单机游戏,即时策略游戏,http://i2.hdslb.com/bfs/archive/a9f089a14596e1a6e987f32609f438ad5a90a209.jpg,红警这波超时空传送！砸死基地车，在干掉双核武器！,1754366400,650,1629347259,红警HBK08,https://i0.hdslb.com/bfs/face/66ab5bd4e218aeb663e13b6871b46b2894800416.jpg,2137068,"红警,游戏解说,实况解说,红色警戒2,搞笑,红色警戒,武器,即时战略,双核,基地",224745,768,296,512,2012,71,0,0,15048
BV1Hp8rzCEpA,114944481695480,1,183,2002,影视剪辑,影视剪辑,http://i0.hdslb.com/bfs/archive/3430ab5be3d02645b6e762358376ee5b8a79bad5.jpg,压抑的情绪如何才能得到解脱,1753913904,78,3546658845493654,烤鸡_派k,https://i1.hdslb.com/bfs/face/6e5b0e3ff2691781e5209cb412a91be60de0c6a9.jpg,1735,"剪辑,电影,影视剪辑,混剪,电影剪辑,电影美学",1127909,223,929,50551,13678,1987,0,0,117731
BV1f6hHzWEh6,114953054978372,1,157,2111,美妆护肤,美妆,http://i0.hdslb.com/bfs/archive/66d4e8b2b64f08d7edddc160af86a012d0f20f38.jpg,哇！夏天和彩色眼妆绝配！,1754128500,225,403899908,金大迪_,https://i2.hdslb.com/bfs/face/883eb7996b6d84242d5e5c5bb92ae2894b31b233.jpg,1175161,"美妆教程,日常妆,眼妆,美妆,暑假学化妆,眼影,彩色眼妆,彩色眼影",366022,556,225,15590,1508,664,0,0,23333
BV1sJgHzLEis,114896532407637,2,172,2064,手机游戏,单人RPG游戏,http://i2.hdslb.com/bfs/archive/e4bf284fa9759d9eac21a95bd0138f139cef7bb8.jpg,《重返未来：1999》×《刺客信条》联动版本特别预告片,1754452800,66,1197454103,重返未来1999,https://i2.hdslb.com/bfs/face/6a1936d5cb5b315311fedbf2d4793c4d404cac83.jpg,2785877,"手机游戏,主机游戏,刺客信条,刺客信条奥德赛,重返未来：1999,重返未来联动,重返未来刺客信条联动,刺客信条2,刺客信条联动,重返未来1999",362853,230,1411,2773,2192,1914,0,0,18723
BV1YWh8zTEfE,114958792657023,1,207,2087,财经商业,商业财经,http://i0.hdslb.com/bfs/archive/87813c1fd49c7330f882821c82ae79ce23acd099.jpg,一张图看懂洗钱！现实世界有多少漏洞？,1754132415,894,15324420,数据库kira,https://i0.hdslb.com/bfs/face/93487a9046c128bc43bd63c9e0747fa998c75be3.jpg,941743,"金融,科普,财经,洗钱,股票,反洗钱,社科人文,青年用「财」图鉴",1086035,1451,2395,35284,6853,3107,0,0,36039
BV1nvhHzoEGn,114953172290095,1,154,2029,舞蹈综合,街舞,http://i1.hdslb.com/bfs/archive/43f672a762dd02372a7e8e4f16aee2dbfb6b94b9.jpg,怎么跳到最后还来劲了#famous,1754046592,64,521665433,UU学弟,https://i2.hdslb.com/bfs/face/af520fa1334a13c8ed5726a64599636f3c711822.jpg,535624,轻舞蹈竖屏激励计划,654544,114,389,2291,1125,241,0,0,57340
BV1bhtuzcEvr,114967936240367,1,17,2078,单机游戏,沙盒类,http://i2.hdslb.com/bfs/archive/45f61362096e7bd974eefe94d92abb4b6872a3ec.jpg,你听说这里免费做装饰，然后你发来个空置域？！,1754271760,892,329678941,E恺,https://i1.hdslb.com/bfs/face/75284bd396bc0a892766ba12917958429d7e6621.jpg,71537,"我的世界,沙盒游戏,单机游戏,MC,建筑,教程,空置域,E恺,生电,原神",174906,4293,515,3813,6910,509,0,0,19668
BV1grhVzDERh,114964463361419,1,245,4216,赛车,骑行,http://i1.hdslb.com/bfs/archive/9aa6f6621a11db517660893ba8dba988f1b444da.jpg,“更离谱的是这样的表现都站不上领奖台”,1754219519,181,5321968,尽墨for车,https://i1.hdslb.com/bfs/face/3db9c7c546cd955cc1f7a1300910f9314e62a86d.jpg,1452463,"骑行,山地车,自行车,极限运动,2025年硬线速降,阿B我想玩户外",531589,499,507,3251,1691,819,0,0,26006
BV1NUh3zMEny,114963892931372,1,219,2167,汪星人,猫,http://i2.hdslb.com/bfs/archive/0cdb3dfd4d9d83a0eeb87232a562de2664d18715.jpg,陪伴是最长情的告白,1754220000,316,3546946425850423,一口一个团up主,https://i1.hdslb.com/bfs/face/33fcb94a59b9c4e52c8e95ef97176c1cf408474f.jpg,365702,"边牧,萌宠,布偶,小狗,小猫,萌宠过暑假",266304,624,731,5378,3275,1468,0,0,42076
BV17m8SzbEWn,114949430973173,1,47,2037,同人·手书,同人动画,http://i2.hdslb.com/bfs/archive/2640e8a410f1c5d7ffbefddba452e793d1c3844a.jpg,【许二木手书】二拜天地——汤群像,1753989607,169,1648246266,松野冬芽,https://i0.hdslb.com/bfs/face/5da4c1df6f9a0d247450f1381e5d4eb4b521e2da.jpg,2063,"群像,同人,手书,许二木",199525,530,538,20451,14294,1498,0,0,31339
BV1jotuzVE87,114969798511456,1,172,2064,手机游戏,单人RPG游戏,http://i0.hdslb.com/bfs/archive/cd498c09d022bf993c8fa11380a44fd790db30f7.jpg,【绝区零】爱丽丝喂饭级攻略！都可以和谁组队？效果如何？,1754362800,1399,1438375628,粥粥的终极理解,https://i2.hdslb.com/bfs/face/96cee1dd9592ebc4e3601aeffed302c5f96eb0f0.jpg,526817,"二次元,粥粥的终极理解,绝区零UP主激励计划,ZZZCHOICE,zzzchoice,教程攻略,爱丽丝,雅,米哈游,绝区零",152508,670,759,1739,2587,258,0,0,7344
BV1u8tnzhES2,114975687314378,1,256,2112,短片,护肤,http://i0.hdslb.com/bfs/archive/8339520fd3196a41f436a8a4f182dff87cfe6e70.jpg,这脸上都有啥，姊妹坐，唠嗑,1754390173,962,131739734,你的陈星越,https://i2.hdslb.com/bfs/face/f4c8c55e49414d660dadcaf2c37f312b036f65b9.jpg,668714,"唠嗑,分享,日常分享",320002,1283,1383,3434,2749,1651,0,0,40364
BV1aPtgzBEd8,114969379147110,1,215,2152,美食记录,美食记录,http://i1.hdslb.com/bfs/archive/ef07c2d51505b335d229fd919b851e8403143c38.jpg,今天吃一锅神奇的窑鸡钢琴烤肠火鸡面！,1754294722,194,419976249,大宸开饭了,https://i0.hdslb.com/bfs/face/4c7af34e8dd82b8a18a2957ca9862f6d046c3ffd.jpg,1202231,"声控,美食,创意美食,沉浸式,夜宵,美食记录,烤鸡,烤肠,火鸡面,窑鸡",396002,598,324,4023,641,514,0,0,23697
BV1uU8EztEng,114930456007333,1,65,2071,网络游戏,射击游戏,http://i1.hdslb.com/bfs/archive/d6dad4020f71731e381108723f1dc18d721f5a80.jpg,操作了一整局,1754044200,204,1078633469,伞斌一号,https://i2.hdslb.com/bfs/face/31194b7e32ffac6442387e17199873a2bc634ff9.jpg,193948,"FPS,COD,使命召唤",1171194,708,571,1800,711,125,0,0,38691
BV1hshNz8E81,114959161820485,1,254,2174,亲子,儿童才艺,http://i2.hdslb.com/bfs/archive/200f20b7c4db1fcf48d3b6d0aafbd4b629dba7b5.jpg,嗯对，法修散打！！！,1754137780,24,116727704,嘟嘟小桑麦,https://i2.hdslb.com/bfs/face/aeaa251cf29d66ce6132a0241a2c17518eee4526.jpg,1891,"搞笑,生活记录,记录",845555,1953,8738,3992,6715,1440,0,0,151150
BV1nQtFzdEpk,114979982412702,1,122,2079,野生技能协会,其他游戏,http://i2.hdslb.com/bfs/archive/9928dafd1bb548903f676ae3accc32a99cb8eaa9.jpg,恭喜你赌赢了，后续来了,1754455654,29,580207,AliveGameStudio,https://i1.hdslb.com/bfs/face/f999484dfe790f2a3ee0d953f9a04ab2b400bedf.jpg,589893,"独立游戏,游戏,游戏开发,steam,敢不敢赌一次",401150,269,1366,13183,12232,417,0,0,71505
BV1LVtjzdEhz,114973925708501,1,21,2073,日常,动作竞技游戏,http://i1.hdslb.com/bfs/archive/47f26bcd94c17971cb34bd893872ae31c9f48bd7.jpg,【秒水门要多少金币】萌新0氪0金币还能够首付吗！月卡玩家还能存26000金币！,1754363239,71,396388451,火影忍者萝卜,https://i2.hdslb.com/bfs/face/5fc195a39398781a7555423c458d952a144409d0.jpg,543402,"决斗场,玩家,新手,教程攻略,金币,水门,格斗游戏,火影忍者手游,月卡",379422,222,1815,3333,523,557,0,0,13444
BV15zh7zBEZY,114951125468619,1,75,2171,动物综合,动物综合·二创,http://i2.hdslb.com/bfs/archive/d4f2158c7307834b378dc52ba73fdb333c7b7742.jpg,俺老孙想起来了，全部都想起来了！,1754015281,28,2049544935,行者服不服,https://i0.hdslb.com/bfs/face/dc66dd9d256484b0b982e8970bca70969c926073.jpg,85346,"西游记,搞笑,MOBA",1413448,603,1056,11637,1435,3381,0,0,99528
BV1GKtgzMENZ,114969362500721,1,171,2070,电子竞技,MOBA游戏,http://i2.hdslb.com/bfs/archive/3812651dbfa02eb089c58c32d3989da89fcb0b34.jpg,屯了一年的顶级国宴，只为治好你的厌食症...😋,1754301900,168,88160614,困困君丶,https://i1.hdslb.com/bfs/face/0451880ede12cab7af87e774cad52536934b6bee.jpg,562940,"下饭,英雄联盟,娱乐,电子竞技,搞笑,第一视角,下饭操作,MOBA,沙雕,英雄联盟电竞世界杯",564141,374,160,903,2974,352,0,0,27034
BV1Hn8zzTEVD,114943676388276,1,138,2020,搞笑,翻唱,http://i1.hdslb.com/bfs/archive/8c26cceaa170a6431a0bfa18143718493eb64ab2.jpg,你绝对没听过的不为人知的旋转少女在世末舞厅听鹅妈妈童话,1753901524,276,3546767261960257,招祢子Neko,https://i1.hdslb.com/bfs/face/dcc626dd106ff89fc34519db616a0eeb5ebfa87e.jpg,7773,"串烧,VOCALOID,翻唱,日语翻唱,初音未来,不为人知的鹅妈妈童话,高速神言,wowaka,虚拟主播,vup",133761,150,930,13893,5536,915,0,0,30246
BV1K8t5zTEK3,114971040028284,1,251,2152,三农,美食记录,http://i0.hdslb.com/bfs/archive/ebeb1a0bd17ba974ba8bfb576559b2dfa4699170.jpg,这是我的来时路，最后一次骑旧电驴进村卖糖水（库存）,1754319897,708,267599661,欧大发-沙蟹哥,https://i0.hdslb.com/bfs/face/eca1f64696b89f369b7375ccd3afe38e5ecbe6d8.jpg,337710,"生活记录,摩托车,记录我的美食日常,记录",284028,821,654,869,4573,207,0,0,19543
BV1fFhHzDEWW,114953289800258,1,215,2150,美食记录,美食探店,http://i1.hdslb.com/bfs/archive/01a950a408855dcc8bc2809a29bf5cade84c8596.jpg,大碗面来了！一人一斤！再加半斤抄手！必须吃爽！,1754048613,374,8680974,干饭三健客,https://i0.hdslb.com/bfs/face/cf67c074588b1524389f371665b4f687cf6315b6.jpg,1725479,"街头美食,重庆小面,三剑客,重庆美食,健身餐",1073553,2018,1383,2050,4541,1458,0,0,41817
BV1pQt3zsEpK,114970419270209,1,17,2078,单机游戏,沙盒类,http://i0.hdslb.com/bfs/archive/3f50ba0234117243818fda03b3449baea52cb398.jpg,BTW比狼好德爷求生噩梦模式第二期：第一个月圆之夜竟然刷了这么多血尸，我的天真的是太难摆脱了，这里的生存仅仅是打吃的就非常的麻烦。,1754309492,495,1357768667,青蛙o-o,https://i2.hdslb.com/bfs/face/a312d641eb3db888096e0186cbdf3658ac92ee7d.jpg,100616,"沙盒游戏,生存游戏,游戏解说,实况解说,我的世界,德爷,BTW比狼好,噩梦模式,像素风,推荐宝藏游戏",846404,333,172,9430,1150,124,0,0,31839
BV1uStMzFEVK,114968389291559,1,257,2171,配音,动物综合·二创,http://i2.hdslb.com/bfs/archive/ed0ac8ed152e8f60ffa289a7c20c796cc260bf31.jpg,天堂啊！😭,1754278472,32,400665645,卑微鸭嘎嘎,https://i0.hdslb.com/bfs/face/18a152ffc35c44bc43eb37788d4b092b01738685.jpg,238497,"声优,可爱,配音,鸭嘎嘎,动物配音,配音小剧场",5526313,1223,3765,63108,9792,18827,0,22,375889
BV1ge8qzSE8j,114942485204353,1,228,2088,人文历史,社会观察,http://i2.hdslb.com/bfs/archive/f724b83077b1c6119630130f96a68d3d1b16d48e.jpg,存着8000枚比特币被女友扔了，他苦守垃圾站17年，现在要买下整座垃圾场,1754038800,502,17555340,辟谣的大舌头LOOONG,https://i0.hdslb.com/bfs/face/ada12a297505dd764390bbfdc6e46a68d0b73092.jpg,168626,"人文,搞笑,垃圾,挖矿,比特币,区块链,数字货币,社科,虚拟币,币圈",1858920,1325,3000,3906,548,758,0,0,53468
BV1cfh3zhEAg,114963507060135,1,228,2088,人文历史,社会观察,http://i0.hdslb.com/bfs/archive/b05a746fc51d3194cf85c7b2b636376bffd913bc.jpg,7月28日一发生就引爆舆论，特朗普还亲自下场发推，到底是怎么回事！,1754388000,873,297670584,我是大佬K,https://i0.hdslb.com/bfs/face/efe0c5cde9af3c74568d17599b9b2a071b279fb4.jpg,948694,"悬疑,真实故事,奇闻异事,真人真事,深夜故事,悬疑案件,案件解说",277419,1382,804,1823,2467,291,0,0,11235
BV1kHhLzGEqM,114965587500255,1,21,2063,日常,鬼畜综合,http://i0.hdslb.com/bfs/archive/01267c9b921f2331d1527f6a9d51e77386a373a2.jpg,穷吃菜富吃虾，有钱有势吃王八。,1754236100,86,3461565288286498,小付同学t,https://i1.hdslb.com/bfs/face/3e948382a80cb04a08af921908641f48b7241243.jpg,42200,"万恶之源,迈克尔杰克逊,搞笑,生活,影视剪辑,男神,莲花落,上头了,必剪创作",540370,350,711,6817,5158,2873,0,0,41828
BV1FStnzmEsf,114975200774850,1,249,2088,足球,社会观察,http://i0.hdslb.com/bfs/archive/4d30d169b6e4563a2602bfd19312014056187857.jpg,没有假球，只有世仇，散装江苏到底能有多散？,1754389800,478,11684621,太阳星sunstar,https://i2.hdslb.com/bfs/face/edcd0f2f12cedf723c9e5c18c5f824ecd4c50f9c.jpg,3064661,"社会观察局,南京,苏州,足球,无锡,常州,江苏,苏超,太阳星",117643,521,567,1145,962,136,0,0,10831
BV1RWh8zTEHK,114958792727743,1,239,2088,家居房产,社会观察,http://i2.hdslb.com/bfs/archive/ce4c00b3ea50e0e40d3453715ca03e87709baf4c.jpg,育儿补贴？德国每个孩子65万！已经发了50年......但是，并没卵用！,1754132266,217,676174563,洋哥在德国,https://i0.hdslb.com/bfs/face/9294eff76b7d04382908e310591f885ac0e803c4.jpg,504170,"情感,职场,家庭,德国,教育,高能,育儿补贴,海外,育儿,我的养娃日记",1616876,6570,10746,11604,5332,13672,0,86,113379
BV1HDh8zUEcT,114958423563750,1,21,2154,日常,剧情演绎,http://i0.hdslb.com/bfs/archive/8e6c0c82e7e590b60675a3f99783d0b09c338f4f.jpg,《我为你暖了一杯茶》,1754126780,110,46508980,俊鸿,https://i1.hdslb.com/bfs/face/e12c07c423ff4b9edc5577f2fb7032a9f55aef39.jpg,784204,"体育,篮球教学,篮球,野球场,必剪创作,这是我的篮球主场",883345,457,390,3511,1792,641,0,0,79035
BV1824Rz9EL2,114976610129644,1,208,2094,校园学习,科学科普,http://i1.hdslb.com/bfs/archive/b39507e457d39207476b8d77657665244f5f3604.jpg,内燃机原理（下）等离子大炮,1754404283,296,438528157,夏振东讲物理,https://i1.hdslb.com/bfs/face/b888fd064ba65f170fc722d13a2d84fc9ff4bbb3.jpg,398633,"物理实验,高能,超清科普小课堂",138722,117,108,5168,649,284,0,0,5936
BV1MmhVz2EKm,114964664688361,1,215,2152,美食记录,美食记录,http://i0.hdslb.com/bfs/archive/84dab160d28f4d4a487f781453805c625f75db6e.jpg,久违了脆脆猪尾巴,1754222010,438,1432459598,一颗榴莲树啊,https://i2.hdslb.com/bfs/face/b2caa4e3da7dd67f3fb8a22b25acb3e67e722912.jpg,437908,"记录我的美食日常,Vlog",196447,339,274,578,812,466,0,0,13356
BV1jphuz7EpZ,114963272179271,1,233,2104,极客DIY,自制发明/设备,http://i2.hdslb.com/bfs/archive/d7d9474b7ce6f35594bbab44fcb906bfed190623.jpg,太阳能自动追光系统V1，豆子的老视频1,1754200423,244,13382779,疯掉的兔子yy,http://i1.hdslb.com/bfs/face/0a9f8245eeef392d5a50fcbdfe50ba4d3891cf68.jpg,14127,"DIY,3D打印机,3D打印,太阳能,太阳能追光,发明创造,追光,一起做手工吧！",526255,604,2151,3559,4091,834,0,0,26233
BV1QRtGz3EYt,114969999840624,1,250,2111,出行,美妆,http://i1.hdslb.com/bfs/archive/0df2d9f8fe6cf22cc8bba6f274c211da4f912e0c.jpg,剪了一位平平无奇的客人…,1754303806,132,1869712375,山城小栗旬的理发日记,https://i1.hdslb.com/bfs/face/21a7acb06d7ecbd35d27213f87ea6749f9fd18e0.jpg,3842323,"原创,帅哥,山城小栗旬,记录,解锁夏日时髦vibe",1218984,1130,1051,4837,1239,1354,0,0,84870
BV1Gch4zxEMw,114956443846113,1,17,2079,单机游戏,其他游戏,http://i1.hdslb.com/bfs/archive/211bfe3490bb9a6538863c8b5163ffc745118c54.jpg,绝对猎奇的暗黑神作丨万字解说《2Dark》,1754106900,2448,3546791991576744,白钰yuki,https://i0.hdslb.com/bfs/face/44e273588dadb913e20ed5e7d6d55a154021058e.jpg,9403,"游戏解说,恐怖游戏,单机游戏,2Dark",260028,803,382,13223,4299,306,0,0,16156
BV1YWh8zTEzM,114958792658071,1,76,2149,美食制作,美食制作,http://i1.hdslb.com/bfs/archive/ac8dad7fd6de85f42e104e2673334c465035b458.jpg,邪恶美食家被米其林大厨点名啦！戈登老师你听我解释！,1754132223,90,31642139,美味羡宝王,https://i2.hdslb.com/bfs/face/59cefea633610997273eaf86e27acf4d4a235308.jpg,583813,"黑暗料理,搞笑,美食制作,大厨,美食,我在B站做美食,美食测评,Vlog",987935,442,867,7728,635,734,0,0,90556
BV14atjzCE38,114973992884056,1,65,2071,网络游戏,射击游戏,http://i0.hdslb.com/bfs/archive/5e966f6194a63a2686ef7cb7893c887139bc4245.jpg,这把我对敌方的理解也许是..满分！【CS2】,1754364169,564,507694,废物弟弟汉堡包,https://i1.hdslb.com/bfs/face/ca897a8e28787e40414f6f00ae5ae5454dcbb177.jpg,772029,"CS,搞笑,娱乐,射击游戏,CSGO,电子竞技,第一视角,FPS,CS2",144682,1718,781,1648,4938,542,0,0,11967
BV112hnz8Ent,114953709165296,1,168,2037,国产原创相关,同人动画,http://i0.hdslb.com/bfs/archive/aa3ce98044ff87e5265cad34a9a03011b5797f22.jpg,《圣体瞎魂》第二集： 铁血父子正在觉醒！,1754054716,301,3546944630688596,皮亦瞎,https://i2.hdslb.com/bfs/face/92dc75c1cfd158537daa6c7b302b277df2630e1c.jpg,12222,"原创动画,虾仁动画,希望能火",202507,208,212,10052,1436,45,0,0,23617
BV1B5t3zSE7L,114968942873798,1,21,2040,日常,二次元线下,http://i2.hdslb.com/bfs/archive/f9a3c664e2ad250406fc04e1a6b76a7914fad697.jpg,第七魂技 & 绝对领域,1754289314,329,44648324,摄影师大元,https://i2.hdslb.com/bfs/face/6fc90ef95ad0bee8601f7f4d6d32c34bd656eab3.jpg,1139919,"手游,漫展,FPS,无畏契约手游,cos,无畏契约,无畏契约端手大展台,无畏契约手游定档819,大元,chinajoy",747308,178,177,5716,2424,1301,0,0,17638
BV1hct7z9ECk,114973405742766,1,253,2042,动漫杂谈,动漫评论,http://i2.hdslb.com/bfs/archive/bc34e1241ddde62f89208c065cd4c0f62a689c30.jpg,美国漫展是属于成年人的世界- 几千人同看银幕上飞天装逼的狂欢!【bilibili 次元论战】,1754452800,779,102348,女神绫波丽,https://i0.hdslb.com/bfs/face/ee0b609fc489bd49a7744b29c95906bc386b8f24.jpg,403330,"动漫杂谈,今石洋之,留学,美国,漫展,vlog,动漫二创,扳机社,panty and stocking,bilibili次元论战",90412,768,323,1790,1565,194,0,0,5336
BV1SXhbztEX4,114958859768843,1,95,2100,数码,手机,http://i1.hdslb.com/bfs/archive/933eaa10aff27e72248ece9bb6ca811cab2cd17c.jpg,小米YU7后排控制屏拆机,1754133036,71,1915449882,涛哥爱拆机,https://i0.hdslb.com/bfs/face/11ce0552a10b7a0b1ae390bd87e83cfc445d779c.jpg,41709,"小米手机,手机,小米YU7,车后排屏,拆机,车规级",1309203,173,798,1212,591,280,0,0,19948
BV1qmhGzoE7U,114965117671498,1,21,2005,日常,短剧短片,http://i2.hdslb.com/bfs/archive/7bdc00b6d11384dca6ad400089e8363ad172b2dd.jpg,傲慢这一块，早在大白那里领教过了,1754228589,19,3546868311132258,林亿韩,https://i0.hdslb.com/bfs/face/89d58bfe612c5c5177f4f1e3e2e99877beedc3a1.jpg,213738,"短片,原创,大白",1422103,395,1033,20598,5711,2588,0,0,126474
BV1oshnzyET2,114951729451884,1,28,2016,原创音乐,原创音乐,http://i0.hdslb.com/bfs/archive/d3d50bf29fb02b4bd043dbcbc0e235d2eb4ae9b0.jpg,旺仔小乔17岁写歌很厉害吗？那看看我的,1754024345,60,1113324161,逸云穿鞋185,https://i2.hdslb.com/bfs/face/9ab1a82a69e929e46727fcb61275e86b530387de.jpg,19184,"音乐分享官,原创,原创音乐,高中生,说唱,歌曲,rap,旺仔小乔,逸云,emo",818747,936,2218,17130,8384,505,0,0,116673
BV1Yzt7zoEbH,114973254623134,1,172,2071,手机游戏,射击游戏,http://i0.hdslb.com/bfs/archive/9a382d466364e5c711cfc7837aaa1136e77aa577.jpg,扶贫最艰难的一集,1754353251,499,700516468,松下千秋77,https://i1.hdslb.com/bfs/face/1d860b1b059fbcbc09c269b8d7a7e52603b3c283.jpg,395883,"地铁逃生,臭猫扫号日记,吃鸡,和平精英,松下千秋",1105046,629,210,17784,829,37,0,0,22166
BV1uDh7zcEnu,114951075139062,1,86,2048,特摄,特摄,http://i0.hdslb.com/bfs/archive/e66ac76d9b926815dfafa84c19b7c62e65a6286b.jpg,【官方粤配】《醒狮侠》世界观影像全新演绎！,1754042400,306,1104106131,醒狮侠_官方账号,https://i0.hdslb.com/bfs/face/865fd6890ac426e314416b676da04a27c37af53b.jpg,36709,"特摄,粤语,预告,醒狮侠,陈欣,粤语配音,中国特摄,非遗文化,原创特摄",250866,1371,2415,4332,8015,7501,0,0,20098
BV1xUtVzNEsg,114971291686221,1,172,2077,手机游戏,休闲/小游戏,http://i0.hdslb.com/bfs/archive/5e7f93c7c458606a8b9b979f4b27bec73c570cb4.jpg,蛋仔派对：南瓜居然被兔仙收买了！,1754322936,131,64621079,隐秘的兔仙,https://i2.hdslb.com/bfs/face/a557213fddae799ef9963d790ea571ce22b7ddf0.jpg,465039,"蛋仔派对南瓜入侵,隐秘的兔仙,蛋仔带你看世界,蛋仔派对",1141099,179,472,34044,1410,44,0,0,32655
BV13ohHzkEEC,114952870304409,1,21,2114,日常,鞋服穿搭,http://i2.hdslb.com/bfs/archive/dfff2aa6267fb0b4e2c0e113523af767d2249914.jpg,猜猜我都能在什么地形上穿高跟,1754041988,41,451835587,奥戴丽好笨,https://i1.hdslb.com/bfs/face/771fc935df986dcfb15aaae441c9bc7cda5bfe4d.jpg,2067963,"穿搭,高跟鞋",1699284,660,2241,6044,1480,2305,0,0,119562
BV1dn82zJEgQ,114947736472957,1,138,2092,搞笑,心理杂谈,http://i2.hdslb.com/bfs/archive/198253c7de4c91a0eff049b3d445acf8022096f5.jpg,恭喜你，创造出了一个疯小孩,1753963482,99,3546883385461219,猫meme小山楂,https://i1.hdslb.com/bfs/face/2c0ab4995c2dde5f5927c6d59d6b3db798ee377d.jpg,19187,猫meme,956439,671,1193,36069,1997,3219,0,0,62090
BV1C68yzZEd7,114946612399710,1,30,2022,VOCALOID·UTAU,VOCALOID,http://i1.hdslb.com/bfs/archive/8d38da4f85a3d9b09297b1171156eb1aae6241eb.jpg,【洛天依原创】死亡公告,1753946270,152,620883622,玄云__,https://i1.hdslb.com/bfs/face/36dbbeb2d59f72638b571f4daeefd01906a3f817.jpg,3841,"歌曲,原创,VOCALOID CHINA,VOCALOID,洛天依,虚拟歌姬,Vsinger创作激励计划",162779,2569,1012,30814,9804,1945,0,0,59175
BV1Gm8CzKE4F,114947266910015,1,201,2171,科学科普,动物综合·二创,http://i1.hdslb.com/bfs/archive/c3d11ae879dfbcd52ac1c5d532f369ad71e20083.jpg,【花小烙】不小心投胎成了一头雄狮，你会过上什么样的狮生？,1753956470,384,402576555,画渣花小烙,https://i0.hdslb.com/bfs/face/64765bc5c4ce223a6d43e6b11202410708a8c297.jpg,5347966,"科普,漫画,花小烙,狮子,3分钟分享一个科学知识",1898436,2420,2574,19878,11849,860,0,66,124581
BV18yhVzUE5D,114964496980418,1,216,2063,鬼畜剧场,鬼畜综合,http://i2.hdslb.com/bfs/archive/4c5b34a8307b8cbdec1ff0f40b4aeea6077ee348.jpg,小 乔 佩 奇 刷 过 几 个 子,1754219336,196,256237759,我叫小渔人,https://i1.hdslb.com/bfs/face/590e1bbd098493c86038a94ce240bf80d627a760.jpg,1280369,"搞笑,鬼畜,旺仔小乔,你给我刷过几个子,小猪佩奇,黄绿合战10th-绿队应援",1316713,1713,1538,18512,6126,7693,0,79,93993
BV1nDh8zUEAi,114958423558258,1,21,2152,日常,美食记录,http://i2.hdslb.com/bfs/archive/8e641510130577babc911d0e0b020899972935b0.jpg,有哥哥的生活是什么体验？今天和哥哥一起去吃早茶～,1754127188,291,3546863265385240,赚到钱了就买两个鸡腿,https://i1.hdslb.com/bfs/face/5b5d9d1c1debcbb61e2ad8538c440c9c2267f9b8.jpg,183592,"早茶,生活记录,转转回收,哥哥,转转,Vlog,寻找100个宝藏vlogger",301903,319,642,1962,2430,343,0,0,13777
BV1Zht7zAEd7,114973154023230,1,47,2037,同人·手书,同人动画,http://i1.hdslb.com/bfs/archive/ec1c0cba6cd7c67d5c4f15b560cb13bd4cd64459.jpg,觉醒天赋，我的宠兽卡牌全融合了,1754388000,835,654552,圆桌动漫,https://i0.hdslb.com/bfs/face/6c1421573d214809ca86aef25bdd23670e00128a.jpg,4744178,"原创动画,圆桌宇宙,浪浪山小妖怪,月圆之夜取真经,月圆之夜,萧凡",837970,3558,700,17117,2511,137,0,0,24628
BV1MR8Cz8E3J,114947182826962,1,138,2156,搞笑,UP主小综艺,http://i1.hdslb.com/bfs/archive/b204586a036cda3b840bc6ccc59faa9a09f80bdc.jpg,理疗仪唱歌挑战,1753955136,227,437414077,哭天喊地六仙女,https://i1.hdslb.com/bfs/face/950040be2b82e59cc7c935621c3c264e46fd4a8d.jpg,448204,"理疗仪挑战,憋笑挑战,若梦,翻唱的N种打开方式",4314981,5930,7369,90719,48369,88698,0,6,402406
BV15ahVzoEoZ,114964899561749,1,176,2106,汽车生活,汽车测评,http://i1.hdslb.com/bfs/archive/113679c07bdb574a3ed52ac50c70f174e70a7b9b.jpg,JDM神车登场，七星老哥驾驶斯巴鲁翼豹WRX STI登场,1754265600,280,1745143606,争取最后的自由,https://i1.hdslb.com/bfs/face/2ae4a7fcf321673035a572fea77acc3b3d1e0211.jpg,1579063,"汽车,JDM,驾驶技巧",288145,940,719,3075,1748,1035,0,0,19561
BV12khnzAEUd,114953491055075,1,21,2028,日常,宅舞,http://i0.hdslb.com/bfs/archive/8e5065bb0a993f45caae384a54bdffee0b642537.jpg,肅聖！！蘿莉神鎮魂曲☆全力跳舞#动作捕捉 #宅舞 #踊ってみた @足太姬,1754051332,15,3546927868152512,绮罗星Penta,https://i2.hdslb.com/bfs/face/28aed83d45d221dceede415d289612dfb40ab160.jpg,15658,小视频,1753438,88,856,19337,1595,1646,0,0,147748
BV17v8CzVEqJ,114947132495516,1,21,2156,日常,UP主小综艺,http://i1.hdslb.com/bfs/archive/09b293d4be3320eb3cbe698961a4c55aa82afe31.jpg,《暑假作业》,1753954384,423,3546731908171869,是许木木啊,https://i0.hdslb.com/bfs/face/dd7af55fc5361c6a343356958efce19fa6326d89.jpg,1386346,"剪辑,自制,原创",1726186,4250,3528,25371,4824,1418,0,93,121629
BV1vJhTzrENg,114960319450783,1,183,2207,影视剪辑,随拍·综合,http://i0.hdslb.com/bfs/archive/94e34cca2bd8caf54053408f15a23970cbc09aaf.jpg,《胜利队之虎》胜利队哪个部门最危险呢？,1754179200,65,362139248,阿飞乱剪呀,https://i2.hdslb.com/bfs/face/fa4d425d984768de2418953207ae32b871db8906.jpg,12800,"周星驰,鬼畜,逃学威龙,吴孟达,曹达华,重案组之虎",1873116,498,944,8696,4889,8786,0,0,53493
BV1CShnztEdK,114953608501945,1,17,2079,单机游戏,其他游戏,http://i0.hdslb.com/bfs/archive/a55e78825021de948e99997fe720be89a3dee55d.jpg,因为我的下巴太帅了，居然帅照了镜子,1754053218,162,3546588184054354,隔壁老王沙雕加搞笑,https://i1.hdslb.com/bfs/face/8e3ad2e8ce6af73d58b0f0d91d60ac774fb5807d.jpg,78660,甜瓜游乐场,425649,801,780,14723,2677,1077,0,0,26193
BV1LyhHzDErJ,114952736082156,1,59,2021,演奏,演奏,http://i1.hdslb.com/bfs/archive/6b38c2e7fb212fa172dae636f4b6af8f2cd85453.jpg,中西合璧！法国人跳惊鸿舞？“那年杏花微雨，你说你是果郡王…”,1754125200,172,15960317,碰碰彭碰彭,https://i2.hdslb.com/bfs/face/739613f8787e7def3a54ff6e4f0d44494f6252bf.jpg,3376378,"甄嬛传,古筝,法国,中国风,合奏,街头,演奏",353569,336,270,1164,2317,232,0,0,20097
BV1eMhHzLETU,114953407171130,1,138,2207,搞笑,随拍·综合,http://i1.hdslb.com/bfs/archive/9a723a239c8d026491607431880467d9eb8eabff.jpg,讨厌就跑远挑战游戏版,1754050018,43,1493487718,小龙同学和赵老师,https://i1.hdslb.com/bfs/face/9591a6f03f35ff4b49a48781d4defac7a3f624d7.jpg,1316121,"搞笑,小龙同学和赵老师",1577709,355,492,7327,514,107,0,0,35058
BV19utczVEbg,114979596473969,1,95,2123,数码,家用电器,http://i2.hdslb.com/bfs/archive/a362b0c6b828e326216811bbc7e4939acd703792.jpg,大疆发布扫地机器人 ROMO 系列：优雅设计、实力绝尘,1754481600,234,946974,影视飓风,https://i0.hdslb.com/bfs/face/c1733474892caa45952b2c09a89323157df7129a.jpg,11780366,"数码,科技,首款,ROMO,扫地机器人,大疆,DJI,大疆新品",206424,677,1517,1664,1644,3696,0,0,13880
BV1pUhTzQEuf,114962215277600,1,47,2037,同人·手书,同人动画,http://i0.hdslb.com/bfs/archive/e6299b99b41e3b5c68a882d9acd48f3428ef10b4.jpg,原创动画｜亲爱的神明，帮我孙女找个男朋友成不？,1754184258,68,2466899,SHOUWenjia,https://i2.hdslb.com/bfs/face/c77f7d4cd8054d6428f0e89ddc4ff01ec063d5ea.jpg,7869,"动画短片,动画电影,原创动画,短片,动画,寻光小宇宙奖",230013,61,302,11453,5772,455,0,0,55397
BV1f4hVzcEqL,114964966806648,1,17,2037,单机游戏,同人动画,http://i0.hdslb.com/bfs/archive/982ccde6c785d9599dcadfdeabb83553328daa17.jpg,【PVZ小动画】钱 钱 钱 钱 钱,1754226654,111,3546619876215164,Binxie921,https://i2.hdslb.com/bfs/face/70c9e5be3642495938ff85b7c37371d0be7c169d.jpg,36980,"PVZ,植物大战僵尸,娱乐,吸金磁,缠绕海草,自制动画,矿工僵尸",268695,137,181,4645,683,81,0,0,18555
BV15MhHzjEXx,114953407307236,1,265,2071,AI音乐,射击游戏,http://i0.hdslb.com/bfs/archive/043ea249fd65dfc191ab39565dd977e433182ac5.jpg,鼠鼠今天生日，可以放过鼠鼠吗？鼠鼠会报答你的！,1754092945,93,3537118242540062,slime布丁姆,https://i2.hdslb.com/bfs/face/6fbc97634511ba16187911ca9d1b036a85322df6.jpg,35006,"三角洲行动,人机,三角洲,祝福,生日",664511,11081,3521,27038,44177,691,0,93,150077
BV1Jgtnz5EzA,114975972524416,1,172,2077,手机游戏,休闲/小游戏,http://i2.hdslb.com/bfs/archive/bc7a59bcdaa747dcff78f3b0faa7de6912163708.jpg,蛋仔UP追捕大作战：抓住主播三秒！就能获得80W宠粉奖励！居然有蛋仔坚持30秒！,1754394313,202,241199113,僵尸教授-,https://i1.hdslb.com/bfs/face/30a78bf8e40484e47e8e22a99aa8ec896b3da347.jpg,893833,"蛋仔派对新皮肤,蛋仔派对发起人,蛋仔奇思妙想计划,蛋仔派对",644568,172,331,12857,1491,28,0,0,16031
BV1BQtuz2E6M,114969781800257,1,21,2188,日常,自我成长,http://i0.hdslb.com/bfs/archive/ec669328e140268d966ef94818a17cbd0ef05ffe.jpg,敬过去痛苦的自己五杯,1754299745,104,622525113,饼旭,https://i0.hdslb.com/bfs/face/4f06d57285118adb5b7c946c4a316c74f61a16f0.jpg,149570,"生活记录,校园,人生,搞笑,吐槽,整活,记录生活搞笑瞬间",210691,243,306,1874,997,251,0,0,31021
BV1sCh8zWEc2,114958507443524,1,138,2156,搞笑,UP主小综艺,http://i2.hdslb.com/bfs/archive/66c0731088c41d5901e21fb9116724f65be0516a.jpg,我先走一个⚡️,1754129614,325,226231535,智勇双全富贵君,https://i2.hdslb.com/bfs/face/f63d4962dd2dcf4d2cc9cae63cd01a2049f32dab.jpg,2203590,"排球少年,开箱,OPPOReno14,OPPOReno14排球少年联名",2759615,2904,1143,22320,4385,1161,0,58,107059
BV1x6h8zxE5a,114958339672604,1,138,2005,搞笑,短剧短片,http://i0.hdslb.com/bfs/archive/4e544b47d7525d9a9cb47570d7a187d20871a124.jpg,弗雷尔卓德之土石方这块儿～,1754128385,266,3546909580987309,弗雷尔卓德-杨辰,https://i1.hdslb.com/bfs/face/e59912641ba4cbaadb857e30085b15cf4dcc6819.jpg,254786,"学生作品,短片,原创",661159,954,1001,2411,1536,1552,0,0,49218
BV14YtEzDEP7,114974814963090,1,76,2149,美食制作,美食制作,http://i0.hdslb.com/bfs/archive/246e4f4c283727f1edd53518deff2c9563f7940f.jpg,新手学做菜入门级教学,1754377476,453,472102908,阿蔡美食雕刻,https://i0.hdslb.com/bfs/face/b5475839b0bcee3188920df8440746ba18d9a69a.jpg,4264556,"美食制作,美食教程,厨艺",340903,536,529,1811,1914,383,0,0,30434
BV1iFtgz3Ef9,114969697916441,1,251,2149,三农,美食制作,http://i1.hdslb.com/bfs/archive/7c83e30c195b93936762916bffc661b928cef4f7.jpg,最近西瓜5毛一斤啦，搭配家乡其他水果，给兄弟做一锅冰镇水果捞。,1754298482,158,3537105403775193,林中有猪_,https://i0.hdslb.com/bfs/face/825f3738d734a23b99f92a708353518c84e09cbf.jpg,309809,"西瓜,跑山猪,记录我的美食日常,桃花李,黑猪,乡村,水果捞,生态养殖,养殖户,兄弟伙",293937,1176,975,550,689,1612,0,0,26512
BV1DZhgzGEEQ,114964446650001,1,252,2039,仿妆cos,cosplay,http://i0.hdslb.com/bfs/archive/68db4ad5b76e87096273e1b59539c2efdf2208ae.jpg,“你可以模仿一下花火受击音效吗”,1754218509,167,1337856191,困困不知道哦,https://i2.hdslb.com/bfs/face/b1cc84d6b200ec5d7ab822337ee1a1e24d7f5cdb.jpg,483998,"搞笑,读评论,花火,cos,武当花火,火影忍者手游,日向花火,Cosplay",949404,398,1226,15614,3166,1028,0,0,47083
BV1FXtnz1E8r,114975234332369,1,172,2064,手机游戏,单人RPG游戏,http://i1.hdslb.com/bfs/archive/559bfbec86b2ebc89cca0261a32ec26183354fd0.jpg,5.8幽境危战难度5攻略！6个平民阵容推荐，通关技巧讲解,1754445600,814,31922771,Leah莉娅又迟到啦,https://i2.hdslb.com/bfs/face/eb4248f80af971d230eeb95cbc95ab6e23c546e5.jpg,379976,"原神UP主激励计划,二次元,幽境危战,游戏攻略,攻略教学,圣遗物,N5,难度5,原神,原神高能团",203566,654,2643,1023,3396,628,0,0,9288
BV1dctHzuEd8,114975351772818,1,171,2070,电子竞技,MOBA游戏,http://i0.hdslb.com/bfs/archive/3c6bf5f0e17bb6c2a0637fbfa292f809875dc3f3.jpg,关羽最终奥义！藏兵术！所有英雄只有一个可以做到!苏打锋,1754384914,77,39560763,Study苏打锋,https://i0.hdslb.com/bfs/face/c0f969795d667f5ccd6ef85ef0b886190629a2f3.jpg,843261,"电子竞技,王者荣耀,苏打锋关羽,蜀国人关羽,关羽,教程攻略,MOBA,苏打锋",876346,261,960,3802,1714,3742,0,0,70268
BV1HNhNzVEJm,114959379864243,1,172,2071,手机游戏,射击游戏,http://i1.hdslb.com/bfs/archive/76c6efa98a894f5f2d2dabbb5d3d9222b6afeecb.jpg,教大家免费白嫖官方发的红【GTI中心特别支持】,1754141235,145,2063040064,不败新知缘,https://i1.hdslb.com/bfs/face/18037a47077b0f23d4a8c29fac19ade7f1f66599.jpg,13968,"三角洲行动,GTI中心特别支持,鼠鼠,跑刀,萌新攻略,大红",535011,1971,1129,22706,1807,4056,0,0,29748
BV1ZwhGztEms,114963406391911,1,65,2071,网络游戏,射击游戏,http://i1.hdslb.com/bfs/archive/65a8cb6077a3a55eecb3568b58a01c079ddf2112.jpg,零号大坝42个刷红点位，有图有真相！,1754202505,423,3546950758566307,功不唐捐的鼠鼠,https://i0.hdslb.com/bfs/face/member/noface.jpg,338,"FPS,零号大坝,三角洲摸金,教程攻略",410378,1395,1457,5930,813,1657,0,0,12863
BV1Vhh3zSEdW,114963741940796,1,124,2088,社科·法律·心理,社会观察,http://i2.hdslb.com/bfs/archive/03b7874eb2ed027cd21a82bc091f3e73e43bb543.jpg,靠白嫖能战胜消费主义吗？,1754208489,638,7226269,麦片是只小金毛,https://i1.hdslb.com/bfs/face/e6876734bc63d40eb0f39341ca04c6b613120832.jpg,584031,"辩论,消费,钱,思辨,白嫖,消费主义",174649,1046,1050,3322,3087,1041,0,0,20780
BV1YBhVzXEM9,114964564089271,1,138,2154,搞笑,剧情演绎,http://i1.hdslb.com/bfs/archive/43b29659b28a3fd1f6cdd88fed2e1c69c36e7a8f.jpg,当班里有个跑腿同学！,1754220358,94,393709394,一串大福,https://i2.hdslb.com/bfs/face/e6d1cf7df22235495d25d7ae77a4aa185e5d8c7f.jpg,1555720,"搞笑,原创,校园,搞笑小剧场,来福来福,一串大福,学生时代,真实,外卖,fyp",2244409,542,479,13584,1554,283,0,0,69288
BV1FGh8z1ERY,114958574623673,1,138,2154,搞笑,剧情演绎,http://i0.hdslb.com/bfs/archive/c246503789450e5ad9ebbbc3dc21b19e5852b305.jpg,当90后成为父母（90后真是神奇的一代呀哈哈哈哈哈）,1754129003,187,68439967,萧枭同学,https://i1.hdslb.com/bfs/face/048bdff2b19e39da8f1aba04a3bd595a073130c8.jpg,2829884,"搞笑,生活,90后,记录,真实,尴尬,父母,2025哔业大戏",526772,396,244,2286,677,190,0,0,45637
BV1gxtEzxEdT,114974697463800,1,207,2042,财经商业,动漫评论,http://i2.hdslb.com/bfs/archive/af6dbfd4cc4a958c76ba3397193ca3d973a1b6ab.jpg,【JUMP】《浪浪山的小妖怪》让我抓耳挠腮,1754374958,289,651039864,暴躁的仙人JUMP,http://i0.hdslb.com/bfs/face/c29463dfd63ee0f4d21c3b903c386257a56d56b8.jpg,2289373,"职场,科普,魔幻,知识,动画,情感,电影,浪浪山,浪浪山的小妖怪,UP热评影视剧",548486,280,654,2097,899,592,0,0,25210
BV15ntnzqEqu,114975586648466,1,124,2081,社科·法律·心理,海外资讯,http://i1.hdslb.com/bfs/archive/80d582c8d7d1ecf17461711bf508bdb1a4ff4226.jpg,一任撒三万个谎但是大数学家：我把药价削了1500%,1754388894,845,346563107,波士顿圆脸,https://i2.hdslb.com/bfs/face/f8f0fc4114bb06a87481abe12faa006a383cbe6d.jpg,5178998,"医疗,法律,数学,懂王,假新闻,MAGA,医保,环球资讯站",737050,4558,2478,3899,3113,1005,0,0,48990
BV18dhgzCEXP,114964396246413,1,228,2090,人文历史,人文历史,http://i2.hdslb.com/bfs/archive/8ba24b5f7baf6ec553f7351484b09ce5ae3b83ab.jpg,历史上有哪些传世文献没记载，而是通过考古发现的小人物？,1754301600,1867,328359509,长河飞烟,https://i2.hdslb.com/bfs/face/e3df1f0c94c2ecf2630a60521d403363e5557d88.jpg,185410,"黑夫,弘,人文历史档案馆,王钟儿,陈良绍,洪奕,惊,周闻,陈贤",639071,2547,2193,9499,6195,841,0,0,33407
BV1MxtjzmEje,114974059923130,1,215,2152,美食记录,美食记录,http://i0.hdslb.com/bfs/archive/2a891c29d7f72da2c23f26a9f329e2d2f77fff20.jpg,一场铁板与美食的碰撞,1754365466,157,1983705001,明天谁做东,https://i1.hdslb.com/bfs/face/5b2465cc10918e1b6c0683a192d53716294a31d8.jpg,604393,"办公室,美食,铁板",1327888,210,250,2853,780,381,0,0,52855
BV1ByhGzfEfB,114965084117760,1,251,2166,三农,农村生活,http://i1.hdslb.com/bfs/archive/b4bb081ffa544de82b0cd05161765571c2332074.jpg,六年，从村口等待到黄土相送，千万人牵挂的爷爷走了！,1754361000,1450,384344554,小白的奇幻旅行,https://i1.hdslb.com/bfs/face/f6a860fe7b844b4fa0d23582ef512ea8c6fe98be.jpg,174610,"生活记录,正能量,乡村,老人,农村生活,随手记录我的生活碎片",178562,368,220,2123,4110,84,0,0,7826
BV1zHh3zdE3C,114964178213883,1,252,2040,仿妆cos,二次元线下,http://i0.hdslb.com/bfs/archive/17c6c39f951b4e3714a3dbc8bdb07f3e4fb7e256.jpg,内向！不敢逛漫展，怕被美女抱着亲！,1754216614,208,632887,伢伢gagako,https://i1.hdslb.com/bfs/face/38d85946c9cd0cf159e4d646be63fad36c2486c1.jpg,2314376,"伢伢,漫展特种兵,淘小宝,淘宝闪购请你喝秋天第一杯,淘小宝ChinaJoy在线炒菜,社交悍匪淘小宝,抽象只是我的宝护色,淘宝闪购CJ请客⼆次元,采访,整活",1556272,3341,287,13405,1108,189,0,0,86652
BV1DUhbzcEhv,114958842988593,1,228,2090,人文历史,人文历史,http://i1.hdslb.com/bfs/archive/5432baac135a0996a9cba5af668daf0b9cda7b62.jpg,历史上有华夏入侵他国的记录吗？,1754133048,124,265589608,-古人云-,https://i1.hdslb.com/bfs/face/6b68c2e0dd8a5099675ba17b5afc8c20d5cd383c.jpg,1476296,"人文,李世民,华夏,历史,秦始皇,中国,汉武帝,爽文",2521364,1597,2502,67318,5676,2245,0,54,123365
BV1VUtGzjEt4,114970067012199,1,65,2071,网络游戏,射击游戏,http://i0.hdslb.com/bfs/archive/830baf36e1a437c331fdb018fd8300dbce7bc092.jpg,没有渠道服，全网畅玩！【8月7日全球公测，预下载已开启】,1754395200,68,3494362379979305,远光84,https://i2.hdslb.com/bfs/face/fdb4d361b8a5d44610caf61a770c18068381b45b.jpg,154545,"射击游戏,远光84,远光84公测8月7日",248248,199,470,578,857,337,0,0,2314
BV1TNhpzTELv,114952786418935,44,17,2079,单机游戏,其他游戏,http://i2.hdslb.com/bfs/archive/eb0fb142eae0ead82cd606fe888bace7bed9b2ca.jpg,超硬核【互动游戏】赶在人类毁灭地球前 完成终极进化,1754043278,1217,5570974,钢皇の游戏王国,https://i1.hdslb.com/bfs/face/825c999b30d48a33d016207e91dc44755dc08fb9.jpg,18050,"互动视频,进化,科幻,生存,沙盒游戏,打泥泥,互动电影,进化论,互动游戏,互动影游",439372,1209,498,15720,15943,987,0,0,28116
BV1vrtJzPEsc,114976224188194,1,244,2020,音乐教学,翻唱,http://i2.hdslb.com/bfs/archive/dbc6ce9769ab4e0430b0f85f98caa75ac62ece1b.jpg,K歌软件高分翻唱水平到底如何？【2.0】,1754398280,936,540564177,Jason-老湿,https://i0.hdslb.com/bfs/face/18b51273dd2714f34ca504c47cbbefaeb24c96f7.jpg,2638390,"唱歌,高分,翻唱,粉丝处刑,K歌,全民K歌,歌曲教学,Jason",228944,2910,561,2698,1082,218,0,0,9891
BV1Vm8mzDEzA,114948659218976,1,130,2022,音乐综合,VOCALOID,http://i1.hdslb.com/bfs/archive/2f20023de74bd35ad1fb20af892a46f3adec70db.jpg,《全 世 界 都 相 信 你》,1754042400,173,34262915,瑞典厨师,https://i2.hdslb.com/bfs/face/0050db2b55c7ca35db6461c8f15f28efc56b8d42.jpg,478451,"音乐分享官,初音未来,VOCALOID,迈克尔杰克逊,新世纪福音战士,重音テト,假面骑士,崩坏：星穹铁道,草东,绝区零",586015,1418,1022,38933,6913,1283,0,0,55240
BV1mzhnzNEDu,114953457503000,1,21,2040,日常,二次元线下,http://i0.hdslb.com/bfs/archive/fc7f5ec95362df21e4292f2c9fd3644cff43c67a.jpg,陆 二 喜 的 漫 展 v l o g 之 山 东 淄 博 ！,1754050795,345,219683419,演员陆二喜,https://i1.hdslb.com/bfs/face/2b6d1a41066b93c36eab3fb335331de6d3412473.jpg,2415580,"二次元,漫展,生活记录,动漫,记录,淄博,Vlog,随手记录我的生活碎片",143822,641,363,1954,2159,316,0,0,24208
BV11ChnzaEkc,114953675606824,1,172,2073,手机游戏,动作竞技游戏,http://i2.hdslb.com/bfs/archive/33c868af982247643946e16c1f9e67518887d146.jpg,带 土 大 冒 险 ！,1754301600,142,321563149,恶人爸爸5,https://i1.hdslb.com/bfs/face/02058813ff3882973810275f2d268e5c07a8712d.jpg,58857,"宇智波带土,火影忍者,游戏,忍战带土,火影大冒险,火影忍者手游,推荐宝藏游戏",353146,201,190,4303,724,649,0,0,18292
BV1yQhszkER1,114955319774873,1,65,2071,网络游戏,射击游戏,http://i1.hdslb.com/bfs/archive/9df2b4b7a3391866462eaabc9e9e53062ea2e808.jpg,剥蒜的情谊41.0,1754103600,70,12705018,NinthA-,https://i0.hdslb.com/bfs/face/90fbf5732bd3bffd6a4d094acec17d30756f581e.jpg,191684,"猎奇,三角洲行动,三角洲欢乐剧场,三角洲搞笑",2040601,14212,836,12111,2094,5103,0,0,104538
BV1WihxzkE3s,114956712283985,1,216,2063,鬼畜剧场,鬼畜综合,http://i1.hdslb.com/bfs/archive/ca5a733e6fcc8af37247a9f1521b1140d81b4cb0.jpg,当 韩 红 遇 到 旺 仔 小 乔,1754101075,124,7098437,天天吃八碗,https://i2.hdslb.com/bfs/face/43ea324534e97601266bcd56d0fc9b833f03d413.jpg,184346,"鬼畜,旺仔小乔,你给我刷过几个子儿,韩红,转转",747156,3385,588,6681,1911,2402,0,0,40217
BV1qfhEzCEHm,114952400543291,1,157,2013,美妆护肤,娱乐reaction,http://i1.hdslb.com/bfs/archive/f12f75c127ca330f7f3b0421378b0c77870ea22b.jpg,姐几个又来促进激素平衡了,1754125200,621,430926487,达达达布溜-,https://i1.hdslb.com/bfs/face/c3a05d91e4ed61afaba9bb33ec1ba8e207f2e378.jpg,2083715,"娱乐,高能,颜值,帅哥,搞笑小剧场,心动,真实,分享,鉴赏,粉丝投稿",1461388,20784,1365,25839,8293,3121,0,0,57128
BV1MEhhz8Eet,114958188682054,1,172,2076,手机游戏,女性向游戏,http://i2.hdslb.com/bfs/archive/148a459cad7ddf8fc98eb3d265ff4161176601e9.jpg,【微恐慎入】立志当闪暖掉san界的扛把子！,1754122886,60,383005967,可以阜吾民之财兮,https://i2.hdslb.com/bfs/face/5cf6fb05e814b04dd98470d2db03553163614e57.jpg,7859,"恐怖,闪耀暖暖,闪耀暖暖二创,闪耀暖暖六周年,闪耀暖暖玩家共创,闪耀暖暖神仙打架,胆小慎入,微恐慎入",674386,140,229,7911,1258,591,0,0,85666
BV1bphWzCESh,114953809829477,1,250,4216,出行,骑行,http://i0.hdslb.com/bfs/archive/2e6429fa74bb719a5ef02525e226e270002d05f1.jpg,骑自行车穿越北美洲 到达华盛顿,1754056256,309,510381190,湖远行官方,https://i1.hdslb.com/bfs/face/ed6cc795cc65e543485c62002f91d09e7281f4ad.jpg,320060,"生活记录,旅游",272196,477,455,3800,2467,133,0,0,33659
BV1qkhgzpEgK,114964278807489,1,17,2077,单机游戏,休闲/小游戏,http://i1.hdslb.com/bfs/archive/1235cdf78867db8d56ad74be109b76c9c2361642.jpg,电子斗蛐蛐(融合)配音版第48期，究极剑仙复仇记,1754216701,194,422533144,w7电子版,https://i1.hdslb.com/bfs/face/16dd5f9bdd43ce8390f8efce4eba0b937eef7935.jpg,120065,"植物大战僵尸,娱乐,京东苹果国补,京东苹果教育优惠,京东苹果暑期福利,ipad",1025436,243,114,8664,516,48,0,0,19433
BV1wxtMz1Ewm,114968305343425,1,213,2064,美食测评,单人RPG游戏,http://i1.hdslb.com/bfs/archive/5d0166b14d8911cd371938e6ed629685f56d78e2.jpg,明日方舟太好玩了，太有意思了，一点也不杀熟，必须玩到关服！,1754277467,316,1205045754,不信邪的斯坦,https://i0.hdslb.com/bfs/face/155d807e6142dc5e5d678146843eb1592266f1ce.jpg,520757,"二次元,策略游戏,抽卡,明日方舟,美的太太,塔防",358705,2877,2845,1615,1881,1662,0,0,32118
BV1kFhNz2EJq,114959430257669,1,183,2002,影视剪辑,影视剪辑,http://i0.hdslb.com/bfs/archive/c5aeecf22bdd395bf3860dc084f66a6abd143d9f.jpg,“东京社畜，隐居天狗，竹马带崽”,1754141733,215,28734721,一只芋头-taro,https://i1.hdslb.com/bfs/face/061909c2047b40e47dddd26a55fc6677fdb5cb60.jpg,145536,"日剧,女性向,竹马,治愈,兄弟情,驹木根葵汰,天狗的厨房,越山敬达,友情,盐野瑛久",490397,85,403,20518,1402,1304,0,0,29236
BV1pFhNz2EUo,114959430189382,1,130,2026,音乐综合,乐评盘点,http://i2.hdslb.com/bfs/archive/64eee508de73a746f6f40cb16a2bb39a3313d811.jpg,8090后当年究竟是吃了多少细糠，才看不上现在的新歌？,1754213400,1173,1021254247,八零九零音乐,https://i1.hdslb.com/bfs/face/b777b5e9ecad31a57a48110abda0bb4e269f115d.jpg,249960,"#8090后,#一代人回忆,#经典老歌",375301,1657,746,4806,909,440,0,0,5403
BV1G9hHzyE2J,114952702532182,1,76,2149,美食制作,美食制作,http://i2.hdslb.com/bfs/archive/4a50686148a5389c7b03c5c99c7918afb11a8849.jpg,全网最细成本拆解，50元老北京打卤面贵吗？,1754039138,339,258034892,碧蝉衣,https://i2.hdslb.com/bfs/face/f6dfd152ac6d5eec41209e6237d7fedc6f514fe6.jpg,220061,"美食制作,北京,美食教程,厨艺,记录我的美食日常,什刹海,打卤面,老北京打卤面",1705060,3277,3630,10874,6880,1217,0,0,46860
BV1WZt7zyE93,114974932344700,1,138,2005,搞笑,短剧短片,http://i2.hdslb.com/bfs/archive/1f441a7e2107eae7fdf10f3d550e673c2444770c.jpg,恐龙岛当保安日记.第二天,1754391600,503,3546704072674069,文导剧场,https://i1.hdslb.com/bfs/face/2ed036ed4948f89dba6ec9731a6f715764dac7b1.jpg,22462,"末日,恐龙,短片,末日生存,原创,原创故事,恐龙岛,原创短片,流量,动画短片群星计划",99064,323,364,4108,2016,158,0,0,16212
BV1PgtwzaELR,114981341238904,1,182,2009,影视杂谈,娱乐评论,http://i0.hdslb.com/bfs/archive/b9477479e9f9938c4ae3b8e1488e1047ba161fab.jpg,今年看过最好笑的综艺《地球超新鲜》,1754476285,954,34189415,low君热剧,https://i2.hdslb.com/bfs/face/fabe17ef4b344336b872e3ded46a4a4b11140e7f.jpg,2927736,"陈赫,孙红雷,王玉雯,欧阳娣娣,地球超新鲜,李乃文,龚俊,陈星旭,刘宇宁,娱乐吃瓜大会",168644,4500,1962,1614,1572,1106,0,0,7915
BV1Sit3zvEqt,114970788435448,1,21,2152,日常,美食记录,http://i2.hdslb.com/bfs/archive/464e54c0872897328d4483f5ba9dae4f01c8c392.jpg,下了大半天雨天气有点冷到巴里坤县城逛逛美食街，今天奢侈一把花138块吃个当地特色美食羊肉焖饼暖暖胃舒服了,1754315711,1065,3546387130092158,阿程的小房车之旅,https://i2.hdslb.com/bfs/face/c21c59ebf87f3495233b218b68fbcf505c57ebbf.jpg,380044,"治愈,地方特色美食,户外露营,一人一车一世界,风景在路上",257067,2812,658,906,5007,138,0,0,13964
BV1pC4ZzWE8i,114978975778910,1,242,2087,娱乐粉丝创作,商业财经,http://i2.hdslb.com/bfs/archive/38713dc89b776607b5a0e7af7914a3affdddfc76.jpg,户晨风 虎符咒持有者,1754440489,482,3546781006694901,我真的玉玉症了,https://i0.hdslb.com/bfs/face/cc515923daf9a49fba6031c54e09bca8a073935d.jpg,285678,"户晨风,抽象,娱乐吃瓜大会",211743,775,764,1541,1752,420,0,0,17249
BV1NFh8z9EV1,114958977271881,1,138,2207,搞笑,随拍·综合,http://i2.hdslb.com/bfs/archive/0f870d4b9dfeb5393ef621b85e63a3a52b1aa7dc.jpg,你给我刷过几个子是什么梗【梗指南】,1754134956,170,94510621,梗指南,https://i1.hdslb.com/bfs/face/f7506af1aa96fc4350d457db015518532a09dd45.jpg,4716132,"搞笑,幽默,魔性,科普,梗指南,旺仔小巧,你给我刷过几个子,沙雕,搞笑研究所",962244,1231,2009,4720,1130,1173,0,0,41095
BV1vKhHz2EvA,114953222626396,1,251,2152,三农,美食记录,http://i2.hdslb.com/bfs/archive/f29b82b637b867e2f4ff282fd1cd82b0cd27ff24.jpg,今天做凉草糖水进村卖，火爆！,1754048100,1130,267599661,欧大发-沙蟹哥,https://i0.hdslb.com/bfs/face/eca1f64696b89f369b7375ccd3afe38e5ecbe6d8.jpg,337711,"生活记录,美食,记录我的美食日常,乡村",766084,3298,2130,5086,28795,1560,0,0,76537
BV1sfh7zREkZ,114951175868161,1,21,2005,日常,短剧短片,http://i1.hdslb.com/bfs/archive/bb51c6cb4958509a2caf7e06c430b8f84f7420ec.jpg,【短片】后来，我决定不把鸡腿放到最后吃了,1754015966,123,240303701,Yeesa523,https://i2.hdslb.com/bfs/face/39d7d1277ddf0296b9cd26a23afff6446fb3b3d5.jpg,13388,"创意短片,人生,电影,短片,生活记录,vlog",494751,159,553,7107,3510,915,0,0,45262
BV1HNhNzVEEv,114959379864313,1,21,2154,日常,剧情演绎,http://i0.hdslb.com/bfs/archive/2a0a7952d31b9721a7add3996fb2e7ca7a0d2037.jpg,被公开处刑了,1754141303,66,3546868311132258,林亿韩,https://i0.hdslb.com/bfs/face/89d58bfe612c5c5177f4f1e3e2e99877beedc3a1.jpg,213739,"原创,剧情向,日常",571154,156,429,8656,1635,282,0,0,77052
BV1hshtzZE5A,114957937019100,1,172,2073,手机游戏,动作竞技游戏,http://i0.hdslb.com/bfs/archive/52ad4fb62416c958c0e779239951cacd09a42622.jpg,我～会～毁～了～你～,1754119265,207,194053532,无我漂佩MY,https://i2.hdslb.com/bfs/face/7d44f0676bfd193efed746cca2d04b70f145211b.jpg,791400,"火影忍者,手机游戏,游戏,娱乐,搞笑,漂泊佩恩,百战佩恩,我要上超影,抽象,火影忍者手游,黑绝",1484446,20402,1951,21546,7702,1240,0,81,90427
BV1cUtuzmEis,114969614227057,1,21,2088,日常,社会观察,http://i1.hdslb.com/bfs/archive/4e8f6268ecdf637b3eb3ec6f25690a566a113cac.jpg,10名外国先心病患儿到河南免费治疗，给异族“换心”？不关心本国儿童？存在大量误导言论！,1754297352,337,99443903,动物园巡逻员,https://i2.hdslb.com/bfs/face/47707d09df803240c50762c92d86589f9a6f125e.jpg,296026,"辟谣,必剪创作",1117061,2170,5732,4314,6827,1037,0,0,49924
BV1V181z5E57,114947853911066,1,216,2044,鬼畜剧场,动画配音,http://i1.hdslb.com/bfs/archive/d3bddf56330ca1cc655650838111defdbb3800b1.jpg,光头强戒GTA,1753965444,452,179029938,智者Prophet,https://i0.hdslb.com/bfs/face/196f2a5c9bf70136f7417d5db19ef146700fd217.jpg,11024,"光头强,GTA,游戏,搞笑配音,熊出没,整点电子榨菜",677801,2010,979,8457,4076,4086,0,0,46797
BV1zdh8zLEsP,114958104862463,1,215,2149,美食记录,美食制作,http://i1.hdslb.com/bfs/archive/7aa203df21076994505b5706cb266c2cd36b1d0e.jpg,无骨的排，还怎么啃？,1754136000,189,174890586,魔鬼厨房Neo,https://i0.hdslb.com/bfs/face/b8320ecc03c3a33e41bdf48624d50c9cf9ce02a4.jpg,2750320,"美食制作,深夜食堂,年糕,排骨,厨艺,烹饪,夜宵,Vlog,烤排,一饭封神申请出战",414374,490,424,5451,1623,1402,0,0,35122
BV1jjtEzaENC,114974731014847,1,65,2071,网络游戏,射击游戏,http://i1.hdslb.com/bfs/archive/d5c538f23d3e06c14ab8070bfcc7733621cb61d7.jpg,6w腰射流维克托9，无脑秒杀四套,1754375777,209,71159799,可爱的团长l,https://i0.hdslb.com/bfs/face/6ba7928539ffebefaf656fbf8ddd74a5d349e905.jpg,1295174,"萝莉音,御姐音,电子竞技,暗区突围2077联动,教程攻略,操作,维克托,史,暗区突围",214421,357,373,4773,747,259,0,0,14053
BV1Svtwz5ERY,114981072801513,1,21,2154,日常,剧情演绎,http://i2.hdslb.com/bfs/archive/4919d846811fe6166e7f817e678d6a52527c8a2b.jpg,接 机 往 事,1754472315,65,9130832,张八筒筒,https://i2.hdslb.com/bfs/face/683b3b97648bf13641c508b9b50a2d25b87bec69.jpg,722251,"搞笑,原创,生活记录,搞笑小剧场,张八筒,best人生,猩猩队长,情侣日常",310205,142,293,700,870,355,0,0,33232
BV1xthHzaEuu,114952920634468,1,17,2071,单机游戏,射击游戏,http://i1.hdslb.com/bfs/archive/5957e3007f1d9f0a1e7018b384a36aa847cc7f36.jpg,"三角洲:""战地，你没死啊？”",1754042576,56,284520096,喳喳呱,https://i0.hdslb.com/bfs/face/1ea71c54d1b9fefc224dce48294a34f7f5a6b17f.jpg,455773,"射击游戏,战地,搞笑,FPS,三角洲行动,三角洲,战地6,整点电子榨菜",674931,252,4805,2818,924,7911,0,0,26857
BV1hYh8zcEPE,114958356453921,1,232,2080,科工机械,时政资讯,http://i1.hdslb.com/bfs/archive/85728d150f64dd9c830046258b0d1dfd4f8392f1.jpg,热血沸腾！《向前 向前 向前》完整版来了,1754139600,5041,46470268,央视军事,https://i1.hdslb.com/bfs/face/9dcc59c2e51aa7b9f178463903cbd4daab351dd2.jpg,2315133,"正能量,中国,军歌,军事,爱国,完整版,英雄,八一,热血,建军节",196516,1174,423,4733,3911,650,0,0,23930
BV1u6h3zCEQi,114963708385472,1,21,2003,日常,影视资讯,http://i0.hdslb.com/bfs/archive/cb87c58189b6181a602881beafa43647017e1916.jpg,电影《731》定档9月18日,1754207292,16,456664753,央视新闻,https://i1.hdslb.com/bfs/face/2dc9c34444ba9f8e891fdc98e6c331fa3c02d127.jpg,21829512,电影,1614455,61428,3523,19565,40073,23366,0,25,317909
BV1TxtjzmEYX,114974059924532,1,122,2099,野生技能协会,电脑,http://i1.hdslb.com/bfs/archive/bcbff853eda7cc800bd14e164d703ec6892d15ba.jpg,渲染时？电脑发生了什么...,1754388000,199,36053608,原型机SPFX,https://i1.hdslb.com/bfs/face/aa9f37958e276f2106234a3f56fbb01df9cae61b.jpg,283063,"渲染,无影云,阿里云,3d,云电脑",449106,246,260,7061,2365,148,0,0,27935
BV1awtMzwE22,114968573839920,1,158,2114,穿搭,鞋服穿搭,http://i0.hdslb.com/bfs/archive/5e0b71ca40675c815190ed7a23aa72a60ecfb5fa.jpg,单品拯救｜妈妈的衣服也可以很时尚！,1754281441,437,361775100,怪力老陈,https://i0.hdslb.com/bfs/face/1302cf417c3f44d1b58f0ee180c8eb87f283dfbe.jpg,1493758,"日常,生活,服饰,穿搭,女装,日常穿搭,单品,衣服,穿搭技巧,趁热时髦穿",451077,799,530,3954,4894,242,0,0,47470
