bvid,aid,videos,tid,tid_v2,tname,tname_v2,pic,title,pubdate,duration,mid,name,face,uploader_follower,tags,view,danmaku,reply,favorite,coin,share,now_rank,his_rank,like
BV1MCh3zrE6p,114963876158359,1,138,2168,搞笑,狗,http://i2.hdslb.com/bfs/archive/87f68466c0f6ee258ba133367207df9fb1a72e9f.jpg,海狗以为我没资格上桌，每天偷偷给我送早饭,1754210117,210,3546922960816465,海狗一条,https://i1.hdslb.com/bfs/face/9b4ee390275f9030dc84cdc0474b4b7458f9ff72.jpg,4670,"食物,狗狗,情感,汪星人,宠物,早饭,动物总动员,海狗,宠物博主",314205,387,484,2793,1840,2291,0,0,33899
BV1rrh5zzEKT,114966224964200,1,21,2071,日常,射击游戏,http://i2.hdslb.com/bfs/archive/ede1dbdca01c54da549e43b2fb680fab75797524.jpg,MVP的步伐🤩,1754245534,24,3546657450887496,Team_Spirit,https://i0.hdslb.com/bfs/face/d1be34cfb246798cdd3a5b03413263876aca65d4.jpg,576231,小视频,456133,123,1741,1439,1670,1078,0,0,27112
BV1RThgzjE6o,114962785638634,1,228,2094,人文历史,科学科普,http://i1.hdslb.com/bfs/archive/fc3a87b02daec5f9cf083a2aafb9280db62a48af.jpg,重磅！天文照片显示在人类第一颗卫星升空之前，地球轨道上可能早已存在无数外星探测器，它们已经监视人类无数岁月,1754218800,939,267780970,灵犀档案,https://i1.hdslb.com/bfs/face/2f36efd7744fe81abb79107b0cc0860ce8b9d191.jpg,131510,"UFO,科普,宇宙,天文,二手推荐,转转,二手手机,未解之谜,费米悖论,外星探测器",279184,1186,1401,3363,825,418,0,0,6147
BV1hFhVzUEF4,114965251883409,1,172,2064,手机游戏,单人RPG游戏,http://i1.hdslb.com/bfs/archive/bb6416af4444dea79ac8af4d775d6a0e0b5b20db.jpg,而你我的朋友，你才是真正的原学家【骚橙丶】,1754230757,508,1876542,骚橙丶,https://i0.hdslb.com/bfs/face/88ff923b981c0f6a6db049e056ebc0cdd5f98937.jpg,606622,"原神UP主激励计划,渡火,烬寂海,渊上,巴窟纳瓦,原神,原神高能团",239911,453,1711,2090,743,152,0,0,13269
BV1JK8kz5Ev1,114946159478311,1,215,2150,美食记录,美食探店,http://i2.hdslb.com/bfs/archive/c38722b7be4a76e1620426067471a8771b2c1ecf.jpg,凌晨跑到菜场等腰子，这碗猪杂粿能有多鲜？,1753956000,605,3546689080133740,野文不懂吃,https://i1.hdslb.com/bfs/face/c42a0eb03dc75889e6deb47526b72279c69897ff.jpg,220898,"街头小吃,街头美食,记录我的美食日常,猪杂粿,潮汕美食,探店,汕头美食",1039193,1441,1062,5056,2444,2712,0,0,15965
BV1r9hnzREie,114953625278700,1,239,2121,家居房产,家庭装修,http://i1.hdslb.com/bfs/archive/c222db1e1a1ed86de75686d170c3dbfd342e242c.jpg,改完66个出租屋，被催爆的“实战攻略”来啦,1754053388,307,3494370441431895,kiki的假期,https://i0.hdslb.com/bfs/face/0ec8000763f05fdc0919b61a4b1df4c1aa14fdf1.jpg,205699,"出租屋改造,租房改造,房间格局",392732,234,356,20126,3961,863,0,0,33693
BV18rhVzDEzV,114964463422302,1,21,2154,日常,剧情演绎,http://i1.hdslb.com/bfs/archive/c2b5759bc3da2eedc803fbf7f7b9660180a0af93.jpg,美 丽 的 代 价,1754280000,60,9130832,张八筒筒,https://i2.hdslb.com/bfs/face/683b3b97648bf13641c508b9b50a2d25b87bec69.jpg,720856,"搞笑,生活记录,张八筒,best人生,抽象,猩猩队长,情侣日常",748638,334,563,1749,4953,979,0,0,80712
BV1K8t5zTEK3,114971040028284,1,251,2152,三农,美食记录,http://i0.hdslb.com/bfs/archive/ebeb1a0bd17ba974ba8bfb576559b2dfa4699170.jpg,这是我的来时路，最后一次骑旧电驴进村卖糖水（库存）,1754319897,708,267599661,欧大发-沙蟹哥,https://i0.hdslb.com/bfs/face/eca1f64696b89f369b7375ccd3afe38e5ecbe6d8.jpg,336785,"生活记录,摩托车,记录我的美食日常,记录",227951,713,589,740,3797,171,0,0,15861
BV1EshVzaEFQ,114964983450217,1,124,2088,社科·法律·心理,社会观察,http://i0.hdslb.com/bfs/archive/2baf83087c35cd81b3716e0ded39217eae6b10b6.jpg,越早知道越少吃亏，律师眼中的人性真相: 没有骗不到的人，只有不合适的骗局【律师老韩x姜Dora】,1754226925,1366,16385920,姜Dora在此,https://i1.hdslb.com/bfs/face/c7f41792e49f6c1977da99adf7dfbf314ac95449.jpg,1555331,"社会观察局,法律,律师,姜Dora,普法,诈骗,反诈,电诈",1028473,3607,1860,27477,21414,15597,0,87,41236
BV149t7z7Ee6,114975049782858,1,65,2078,网络游戏,沙盒类,http://i0.hdslb.com/bfs/archive/517177310629af5d7a65b958c25dbd3c30857373.jpg,当所有方块变成钻石块，该怎样生存,1754380983,356,35734399,小橙子姐姐解说,https://i1.hdslb.com/bfs/face/7af5ccb8df46b88ff13b172fabbfab94aad5eb28.jpg,2211319,"沙盒游戏,我的世界,生存,minecraft,MC宝藏模组推荐,小橙子姐姐",186991,1963,210,2575,579,30,0,0,8891
BV1zhhKz5ESY,114960856260211,1,65,2071,网络游戏,射击游戏,http://i2.hdslb.com/bfs/archive/fdda574b40aaa265563e3280835731f9a269076b.jpg,挑战不出海洋之泪不结束（五）单局两颗非心能抵海泪吗,1754194500,1086,3461572586375762,小里电竞,https://i2.hdslb.com/bfs/face/9ea49de53aec6e12c011ccdb30f0611b44e4bdf7.jpg,185796,"三角洲行动,三角洲新年爽玩攻略,三角洲新年整新活,三角洲行动建模大师,三角洲破壁新赛季上线",669002,6386,901,7288,2344,711,0,0,48430
BV1H3huzREqj,114963121183135,1,31,2020,翻唱,翻唱,http://i1.hdslb.com/bfs/archive/fd95c3c15067029f81700987fc0bc5cd3252442c.jpg,史上最难唱摇滚歌曲! 究极还原皇后乐队《Somebody to Love》,1754198247,295,1537334196,LD的声乐游乐场,https://i0.hdslb.com/bfs/face/828812002a2ea597e4773242eb2e8e1bee9ed395.jpg,519618,"欧美音乐,吉他,皇后乐队,4K,摇滚,QUEEN,波西米亚狂想曲,Bohemian Rhapsody,Hi-res,翻唱的N种打开方式",283758,1249,732,8283,15334,1315,0,0,29706
BV14NhpzTEh1,114952786477459,1,208,2096,校园学习,AI学习,http://i2.hdslb.com/bfs/archive/a6342b3ef4dbbc1611d6e103c5d22f6af475af2b.jpg,网络热门AI鉴定16【Git源宝】,1754040574,141,38061207,Git源宝,https://i0.hdslb.com/bfs/face/6c594817691a12697888c7eb17b3147c2bfcf27b.jpg,1039326,"AI,科技,人工智能,教程,提示词反推,Veo3,小刺猬吃播,AI视频,网络热门,AI IN ALL！",1214419,351,299,8270,1836,496,0,0,41571
BV1pThuztE67,114963238619676,1,216,2207,鬼畜剧场,随拍·综合,http://i2.hdslb.com/bfs/archive/3dc9765623953e03161aa3ce441db8f5eed7485f.jpg,【迪亚哥·蹲芳魂vs乔尼·大胃袋】胜利之风在我背后吹起，这回旋焖子就由你自己享用吧！,1754199871,39,290558439,灌狮子_Glion,https://i0.hdslb.com/bfs/face/18be4eb6fa916252d3b4b4a2b8a71076609880a9.jpg,18239,"JOJO的奇妙冒险,良子大胃袋,蹲芳魂,东方红,飙马野郎,jojo",308852,191,538,7069,1285,6157,0,0,32386
BV1g5hhzAEyz,114958171904831,1,253,2042,动漫杂谈,动漫评论,http://i0.hdslb.com/bfs/archive/d0bb8182e8e8c8871527479577a21769ad8e1d32.jpg,【赛马娘之最】不吃蜘蛛的傻狍子不会是巨大萝莉娘 【不只是聊动漫No.259】,1754128800,844,4746559,阿泥妹饭,https://i1.hdslb.com/bfs/face/8881e73664af11f066e096a0ce6e4c1519afb025.jpg,187513,"游戏杂谈,菱曙,待兼诗歌剧,新春好歌剧,闪耀优俊少女,优俊少女,新春乌菈菈,赛马娘,西野花,待兼福来",406308,375,272,3514,648,159,0,0,27945
BV1G3hhzNE3S,114958272566477,1,138,2154,搞笑,剧情演绎,http://i0.hdslb.com/bfs/archive/ebb5f79edd40d833961ee15bc49e8d3517fe1f09.jpg,《入类5.0》,1754132400,107,70429299,嘞是唐孃孃,https://i0.hdslb.com/bfs/face/7685255299c9892d57048aca5f960c59b6850533.jpg,1705904,"校园,高中生,原创,暑假,搞笑,娱乐,搞笑小剧场,转转回收,转转,夏令营",1046969,1228,627,4424,1211,682,0,0,87020
BV1Qh82zkEdN,114947283489834,1,161,2104,手工,自制发明/设备,http://i0.hdslb.com/bfs/archive/8e8d593830caffa91dc2cf122ccabab7f00c27e6.jpg,如何用3D打印机炒一盘好面,1753956554,41,144741271,有猫饼工作室,https://i1.hdslb.com/bfs/face/68bceee223a51a3959f33f4a7c2eff8ab075c919.jpg,111006,"3D打印,3D打印机,创意,DIY,Polymaker,打印失败",2881760,80,228,15938,542,447,0,0,64498
BV1uhhtzREzg,114957601610153,1,250,2160,出行,城市出行,http://i2.hdslb.com/bfs/archive/e8d80ad83272398d4c4c78b3146ad6495815b317.jpg,你的城市是什么颜色的-济南,1754114031,66,629683574,丸子每天吃土,https://i2.hdslb.com/bfs/face/1a7d2674f28b9f59df30f6796251a31579ac23aa.jpg,1787,"剪辑,生活记录,颜色,卡点,记录,济南,城市",288339,241,1492,13883,14966,2503,0,0,59173
BV1sHhJzZEkq,114952215989221,1,222,2171,小宠异宠,动物综合·二创,http://i2.hdslb.com/bfs/archive/9dd5eba64aa0c2c3d3c2b016467097e9e38fd36a.jpg,1000种生物混战，河虾大军灭三大天魔，六仙域残党险些再次团灭！｜【黑暗森林3】,1754042858,742,14556547,蔡武年,https://i1.hdslb.com/bfs/face/26476ff94e664738495ef2fa219459096e5ffa20.jpg,636289,"黑暗森林,福寿螺,天魔,河虾",3181769,1818,1523,43611,38003,2220,0,27,135253
BV1Xjh5zdEBV,114966493399952,1,122,2198,野生技能协会,休闲玩乐,http://i0.hdslb.com/bfs/archive/28f41a6671f1d7d95d8f3c9daa51e13ee46e42a6.jpg,刘谦给美女表演“猜金桔”游戏！为什么三颗金桔总是数不完？,1754249818,209,521689911,魔术特白,https://i0.hdslb.com/bfs/face/80979713c89cab28f951cde07b08d3739f7c23c8.jpg,423350,"美女,魔术教学,刘谦,撩妹魔术",2944699,314,508,11561,737,92,0,0,31874
BV1CS82z8E4g,114949229647461,1,47,2037,同人·手书,同人动画,http://i0.hdslb.com/bfs/archive/d6d018c2c2330c184fb4d754fc9087fb2f93829b.jpg,耗时100天，我用Q版还原了【你的名字。】,1754015400,1509,384414474,偷鹌鹑蛋喂鹌鹑,https://i0.hdslb.com/bfs/face/f8741426d9f1c7ed82c6b0522982eab7ddef3d70.jpg,52041,"动画电影,新海诚,治愈,手书,搞笑,爱情,你的名字,电棍,一口气看完,动画短片群星计划",3026835,61187,11010,140911,213578,41862,0,5,351820
BV17ChgzXE3Q,114964262165943,1,17,2066,单机游戏,单机主机类游戏,http://i1.hdslb.com/bfs/archive/3fb4375d71a7a036a7852841ffa7f6cdf308911b.jpg,当丧尸离你只有一墙之隔，请想尽办法活下去！,1754219600,1682,26240675,与山0v0,https://i2.hdslb.com/bfs/face/1dd429855a968c9d22b8ccc000a7aaabe8dbc201.jpg,4957312,"实况解说,僵尸,丧尸,游戏视频,单机游戏,生存,勇闯死人谷,steam游戏,推荐宝藏游戏",447835,1965,971,7495,10280,472,0,0,36540
BV1MttjzjEi7,114974110258388,1,172,2071,手机游戏,射击游戏,http://i2.hdslb.com/bfs/archive/22263c0ce949077276db966f17bc803de82908e0.jpg,无惧无畏，方显粑粑流无名的本色,1754367996,382,1809444890,三角洲-安澜,https://i2.hdslb.com/bfs/face/e714b2642ce045e441a21dd29e94a72d3f7f3f8e.jpg,284004,"搞笑,三角洲行动,单三猛攻,无名教学,幽默静步人,粑粑流无名,安澜三角洲,粑粑老祖,akm,三角洲攻略课堂",491439,631,936,2543,1243,963,0,0,33784
BV1iChgzQEhg,114964262030121,1,30,2063,VOCALOID·UTAU,鬼畜综合,http://i0.hdslb.com/bfs/archive/cf9f7ed9b0216347dfedeb6c1ca17381249f5b30.jpg,【高精度中字嵌字】Cherry Pop feat. 初音Miku,1754215589,143,3493091220654843,瓜子920,https://i0.hdslb.com/bfs/face/95c9253595b9f68c0bd142852dad1f5f2e6185e4.jpg,1717,"音乐分享官,DECO*27,DECO27,翻译,VOCALOID,术曲,高精度中字嵌字,中字,嵌字,Cherry Pop",145984,70,420,10386,9675,786,0,0,31983
BV1eHhNzaEcm,114959530924815,1,172,2064,手机游戏,单人RPG游戏,http://i1.hdslb.com/bfs/archive/721e2e52cdc83c4a86c756f98d4575a5b6cea025.jpg,新模组水陈 VS 方舟精英BOSS，一键水图？【明日方舟】,1754143319,366,12073864,-碱式碳酸咸鱼-,https://i1.hdslb.com/bfs/face/de64ffc4031f4ec3f068527a8cbc4a1ac9cc4bb7.jpg,533924,"娱乐,明日方舟,墟,假日威龙陈,泰拉探索协会,明日方舟创作者应援计划",925817,820,3161,2029,1027,1729,0,0,31666
BV1yEt7z3ENW,114973556610726,1,47,2037,同人·手书,同人动画,http://i0.hdslb.com/bfs/archive/719e1a7672f378eb72ac839e4f7512e9a0b79280.jpg,抡语第16集，制作时我都忍不住笑了！,1754388000,258,4323652,画师禾月,https://i1.hdslb.com/bfs/face/b737827217ef6eb6c50093d38e23a4c04f38b5a9.jpg,133983,"原创,搞笑,秦始皇,原创动画,有声漫画,抡语,画师禾月,大秦,沙雕,画师百日创作挑战",65788,127,210,923,1351,46,0,0,6753
BV1JftVztELD,114971375568432,1,157,2183,美妆护肤,助眠视频·ASMR,http://i0.hdslb.com/bfs/archive/ffcd02e2a93610f1971b1666617a93da9d86a21b.jpg,ASMR｜模拟化妆它又来了！！,1754324191,853,525528347,疑似被期末逼疯助眠版,https://i2.hdslb.com/bfs/face/8b381ea06c18fb5da5a8d52d86438ef9c8483bfc.jpg,46881,"美妆,助眠,催眠,无人声,asmr,放松,触发音",45228,170,422,1120,1237,37,0,0,5398
BV1ZhhPziE66,114960084573166,1,65,2071,网络游戏,射击游戏,http://i2.hdslb.com/bfs/archive/752983efe437f81bbb5fa5118179543a4c1b92fd.jpg,一朵玫瑰，一颗北极星。希望被洗号的舍友天天开心,1754151950,230,1584061693,无情布兰登,https://i1.hdslb.com/bfs/face/5b18a9420c377134f1afa4108de3426141cb50ed.jpg,782,"FPS,三角洲行动,海洋之泪,蚀金玫瑰,记录,雪豹,红狼,北极星,非洲之心,三角洲破壁新赛季上线",271235,360,906,2212,13701,550,0,0,27713
BV1TNhpzTELv,114952786418935,44,17,2079,单机游戏,其他游戏,http://i2.hdslb.com/bfs/archive/eb0fb142eae0ead82cd606fe888bace7bed9b2ca.jpg,超硬核【互动游戏】赶在人类毁灭地球前 完成终极进化,1754043278,1217,5570974,钢皇の游戏王国,https://i1.hdslb.com/bfs/face/825c999b30d48a33d016207e91dc44755dc08fb9.jpg,17465,"互动视频,进化,生存,沙盒游戏,科幻,打泥泥,互动游戏,进化论,互动电影,互动影游",416174,1147,484,15041,15017,932,0,0,26678
BV1NYhAzjENS,114941327575101,1,231,2099,计算机技术,电脑,http://i2.hdslb.com/bfs/archive/8391590b80d1695f9a0fa0b6595d83fc70507817.jpg,一个让我掏钱才能进桌面的软件，我要狠狠嘲笑你,1753865661,245,493998035,SYSTEM-RAMOS-ZDY,https://i2.hdslb.com/bfs/face/63ac812c28ba72004cd53cea2c90d1eaaa121ed6.jpg,82142,"黑科技,软件,数码,技术宅,吐槽,电脑,流氓软件,垃圾软件,编程开发,B站超高清视频计划",295431,959,1244,2357,827,461,0,0,8371
BV1NohLzEEkT,114967550369278,1,161,2099,手工,电脑,http://i1.hdslb.com/bfs/archive/c03c318c46ab0348bb75889b6c7f709f04e1256e.jpg,伊  涅  芙  实  机,1754280000,130,7057999,牛掰的瑶子,https://i1.hdslb.com/bfs/face/efbb1365ca8a93d32ca678bac13a150762154d9a.jpg,163342,"DIY,手机游戏,图吧装机,伊涅芙,原神伊涅芙,原神",1168184,3009,1442,11777,12601,8623,0,0,82142
BV17FhHzQECZ,114953289861963,1,17,2072,单机游戏,体育竞速游戏,http://i0.hdslb.com/bfs/archive/6d1da7db0cefef923229307cea72b50c80383559.jpg,洛山矶胡人 VS 荆州俑士,1754048239,936,27442706,南瓜面条Na,https://i2.hdslb.com/bfs/face/f3d1cc9a07b846fb9f52bd8daaac6dbc25b45a45.jpg,68279,"NBA2K,体育,PK,秦始皇,NBA,娱乐,比赛,篮球游戏,推荐宝藏游戏",625578,2158,1197,11042,2075,23893,0,0,58132
BV1QUhbzcES3,114958842993360,1,212,2150,美食侦探,美食探店,http://i2.hdslb.com/bfs/archive/0646f413c4ad811536eae4089ae82ffdbb7d6834.jpg,一个人微醺状态再战江西爆辣小炒！,1754217000,639,3032988,密子君,http://i0.hdslb.com/bfs/face/7a8d14249171e09448f4ddba1e0129584257825f.jpg,3566548,"美食,美食圈,吃货,美食vlog,探店,美食探店,密子君,美食日常,江西菜,挖掘身边的宝藏小店",307796,986,476,960,2609,660,0,0,14156
BV1a8h8zAEE6,114958725552292,1,162,2057,绘画,绘画学习,http://i1.hdslb.com/bfs/archive/2307995bb772975a8cde56fc7b583adee595c547.jpg,【调调老师小课堂】色彩灰纯对比如何调整？,1754131151,300,4291657,i调调i,https://i1.hdslb.com/bfs/face/d68d7b8886847a78e06e67f08c32ed1bc7f4c070.jpg,475221,"绘画,板绘,画画,画画教程,绘画教程,板绘教程,改图,改画",197515,303,295,9759,2144,1022,0,0,39764
BV1aQhgzjEQU,114964245253092,1,172,2079,手机游戏,其他游戏,http://i1.hdslb.com/bfs/archive/74f901eacbc3548d2ac9d090964835bd4c8a6369.jpg,饿 了 一 定 要 吃 东 西,1754215619,925,3546376524794441,萝太永不破防,https://i2.hdslb.com/bfs/face/71ed1ab4d1762b5519df89e8c47b1e1dd39dbf96.jpg,1627373,"生存,娱乐,游戏实况,搞笑,60秒,避难,60s",423936,2110,680,3546,2333,1126,0,0,28855
BV1gdhHzVE6m,114952685750447,1,138,2166,搞笑,农村生活,http://i0.hdslb.com/bfs/archive/b90ad3bf606948021e18dc2d3a49d811e3964087.jpg,我做了一个70年的天王梦,1754038992,18,667606816,毛宇鹏-抽象爷爷,https://i1.hdslb.com/bfs/face/0cfe03dbbdfb80893a2fd001c8067ad010373573.jpg,75927,"梦想,生活记录,记录",2515205,1735,3005,34447,12574,9533,0,48,273229
BV1ophpz9ER6,114954732571262,1,17,2078,单机游戏,沙盒类,http://i0.hdslb.com/bfs/archive/50bc578b8c801dba29fbcaf3d536f4aea27b4361.jpg,目 害,1754100000,633,19525533,KL_qiqi_,https://i0.hdslb.com/bfs/face/c5830e1e0142e04c96be9c87d3aef2e1b5d47581.jpg,3064905,"我的世界,MC,躲猫猫,搞笑,沙盒游戏,娱乐,minecraft,沙雕,联动,推荐宝藏游戏",942711,2116,1157,11741,5825,598,0,0,60852
BV15NtGz1EVA,114970536707206,1,176,2108,汽车生活,汽车生活,http://i1.hdslb.com/bfs/archive/d7dd3667483618c0030b14f37e8851ae93ffad4c.jpg,花70万，大家笑我买了台废铁……,1754362800,898,25150941,极速拍档,http://i0.hdslb.com/bfs/face/e9035c3a7089ce7e11d72cb0cf15fa92064b14ef.jpg,3315017,"汽车,老卫士,越野车,卫士,二手车,路虎卫士,老车,汽车文化,汽车修复",477154,4065,1133,3675,11961,863,0,0,28536
BV1ZYhbz3Evm,114957198823329,1,215,2152,美食记录,美食记录,http://i2.hdslb.com/bfs/archive/491abb9cc1a4da96b09debacea7667cbadcd24ac.jpg,天津美食吃法教程之酒后爱心面篇,1754108028,251,3546594741848906,团团的一家,https://i2.hdslb.com/bfs/face/f578dc23bbfbbfd845c7800b763f7ec872269e28.jpg,603838,"吃货,方便面,天津,这座城市真好吃",453299,1481,818,1819,1140,2104,0,0,34400
BV1AMhnz4EV9,114951645562105,1,17,2079,单机游戏,其他游戏,http://i0.hdslb.com/bfs/archive/8eca3672493cc1a4c7cd4346a6d511ef9822f204.jpg,赌博加网贷就像索命绳，勒得赌徒家破人亡！（Pikabuu：STOP）,1754042400,3990,1837617,薄海纸鱼,https://i0.hdslb.com/bfs/face/7fb6610428715ce036f7024211191d7ebeb3d5be.jpg,5446977,"单机游戏,薄海纸鱼,纸鱼,推荐宝藏游戏",294083,7186,1460,5101,6868,627,0,0,24442
BV1Ls8qzdEgV,114942518758086,1,216,2041,鬼畜剧场,动漫剪辑,http://i1.hdslb.com/bfs/archive/732e49190f10aa0f6a507a8402837331389e3c0f.jpg,韩立结婴后回到乱星海，嚣张得简直无法无天,1753883879,72,44359329,路人甲导演,https://i0.hdslb.com/bfs/face/41d9cbb745857d012c40de974690860cd9c3beb6.jpg,9778,"凡人修仙传,极阴,乱星海,风希,温天仁,玄骨,韩立,修仙搭子选伊利",724880,423,1315,3761,4214,2633,0,0,29270
BV1WMh3zvEyg,114963993594095,1,17,2066,单机游戏,单机主机类游戏,http://i1.hdslb.com/bfs/archive/a1b31071943330acf0e48c330c80e0d806b7ab74.jpg,我在黑神话里举办了一场拍卖会！#2,1754280000,2264,99827844,肥格Fager,https://i0.hdslb.com/bfs/face/ba0d8b0f571e145ac26f18bde71010581d0c47a1.jpg,862046,"单机游戏,搞笑,娱乐,游戏,黑神话,电子斗蛐蛐BVB,拍卖会,动作游戏,索泰,推荐宝藏游戏",610764,5806,1515,9192,5335,262,0,0,22985
BV1xitEzUERp,114974848521983,1,171,2070,电子竞技,MOBA游戏,http://i0.hdslb.com/bfs/archive/25d4e98586c79a7a4beaffae1749e60f1751e54d.jpg,队友想抢位置，惨遭系统制裁,1754388000,454,2119811581,峡谷混学家,https://i1.hdslb.com/bfs/face/d1cfc4a1e83f577eb4b5dd621fe4762487410978.jpg,852335,"英雄联盟,上单,娱乐,下饭,搞笑,符文战场:英雄联盟对战卡牌,石头人,lol,英雄联盟电竞世界杯",313447,661,559,1001,2805,151,0,0,22983
BV1Z38yzmEaG,114946998275369,1,138,2156,搞笑,UP主小综艺,http://i1.hdslb.com/bfs/archive/e1ebaed1347cf5c3c0b64380a6b6ec10f351c5a1.jpg,缅怀先烈，吾辈自强.,1753952255,161,302338318,李炮炮儿,https://i1.hdslb.com/bfs/face/912830c3828a5f17960a16783d8e7f9687bddd6d.jpg,2040293,"原创,爱国",3105273,11222,2549,91846,327266,1879,0,1,744149
BV1CN82zhERE,114947568829831,1,228,2090,人文历史,人文历史,http://i0.hdslb.com/bfs/archive/f6928b191fc70c654763e226a35e0d6428893630.jpg,课本里的化学之父，为什么被送上断头台？【历史调研室79】,1753961091,2772,519872016,历史调研室,https://i0.hdslb.com/bfs/face/5e687a2a90670e6b8e14b4f635ec38eb99f7e5eb.jpg,6639035,"化学,历史,法国大革命,课本,拉瓦锡",2019497,14728,5968,41270,35604,4742,0,49,82522
BV1h8tnzhEJu,114975687383188,1,250,2159,出行,旅游攻略,http://i1.hdslb.com/bfs/archive/df16bf4cf9068c4cb9c08c937a7883936f52a66c.jpg,内蒙古到底值不值得去一趟？【自驾体验】,1754391763,1524,644255470,杰克小兔,https://i1.hdslb.com/bfs/face/013a96a5d1dc54a152e87816776eaf88997ea5e7.jpg,1264343,"搞笑,生活记录,生活,零跑C10,内蒙古,出行,呼和浩特,城市,分享,辉腾锡勒",102582,1441,475,1796,2989,593,0,0,7419
BV19rtMzeEWu,114968473115692,1,172,2071,手机游戏,射击游戏,http://i0.hdslb.com/bfs/archive/6283894837ba72239750775101a650ee1ee10d7e.jpg,被无名抓住机会，整个全装队也得压力吃满,1754279954,256,1809444890,三角洲-安澜,https://i2.hdslb.com/bfs/face/e714b2642ce045e441a21dd29e94a72d3f7f3f8e.jpg,284004,"三角洲行动,三角洲改枪推荐,单三猛攻,无名教学,幽默静步人,粑粑流无名,安澜三角洲,粑粑老祖,akm,三角洲攻略课堂",449678,421,584,1886,737,421,0,0,29910
BV1v1hgznEXp,114964312360407,1,27,2068,综合,回合制策略游戏,http://i2.hdslb.com/bfs/archive/32291a48e6276625e5437d792c7c4f6fb839b2c0.jpg,盲人玩家去线下参加炉石比赛是什么体验？,1754218800,739,10276136,诺子喵呜,https://i2.hdslb.com/bfs/face/7e6846ed5619b945c888b8f8db5000469f6353ff.jpg,1970554,"正能量,游戏,炉石传说,桌游棋牌,卡牌游戏,玩家,导盲犬,盲人,无障碍",231332,574,516,1212,4160,672,0,0,11220
BV1WytuzHEZm,114969664295593,1,21,2046,日常,网文解读,http://i0.hdslb.com/bfs/archive/7301548f04680ae60c5070e25b7ef82fe8c9933f.jpg,你天庭上面有人？抱歉，我上面可没人了！,1754298217,151,72969462,笔给你你来写_,https://i0.hdslb.com/bfs/face/8e8a57daeb8ee0b50e6fa4e66c4f18f849fc601c.jpg,1130379,"脑洞,原创,小说,曼波配音,随笔,西游,原创剧本,笔给你你来写,沙雕段子",322214,325,736,1547,906,274,0,0,29523
BV1C68yzZEd7,114946612399710,1,30,2022,VOCALOID·UTAU,VOCALOID,http://i1.hdslb.com/bfs/archive/8d38da4f85a3d9b09297b1171156eb1aae6241eb.jpg,【洛天依原创】死亡公告,1753946270,152,620883622,玄云__,https://i1.hdslb.com/bfs/face/36dbbeb2d59f72638b571f4daeefd01906a3f817.jpg,3469,"歌曲,洛天依,VOCALOID,虚拟歌姬,原创,VOCALOID CHINA,Vsinger创作激励计划",139362,1588,909,27195,8531,1676,0,0,50607
BV1e5hxzoEZf,114955001004542,1,21,2207,日常,随拍·综合,http://i2.hdslb.com/bfs/archive/3a8b8ef716cf5ed0a306dcb7dc37be35816a54eb.jpg,【MrBeast 首发】让200万人第一次喝上干净的水！,1754107200,589,1027737427,MrBeast官方账号,https://i1.hdslb.com/bfs/face/d85295bc576e059c1a549d89d405f22311571898.jpg,5445693,"歪果仁,生活,公益,英文,慈善,挑战,野兽先生,MrBeast,整活,整活儿还得看歪果仁",3989902,67087,7571,90782,211486,4455,0,1,527112
BV1Evh7z3Ehs,114951444240319,1,252,2066,仿妆cos,单机主机类游戏,http://i0.hdslb.com/bfs/archive/8fa3cb9f1681ae1b13be62463868cac1f0aad4eb.jpg,梦里不知身是客,1754020163,39,3493107108678482,何存真的真,https://i2.hdslb.com/bfs/face/707f1ab45335d5834709c123fe2fb4fce300f5d2.jpg,358859,"燕云十六声,南烛公子,李煜,Cos",865643,222,990,26152,13535,3395,0,0,89895
BV1CCh8zWEUo,114958507510854,1,138,2014,搞笑,娱乐综艺正片,http://i2.hdslb.com/bfs/archive/cc076595cf4c911711bd43923648c1ae35980852.jpg,没有物质的爱情就像一盘散沙...吗【大学生恋综04】,1754130073,2231,274459325,方山厨子,https://i2.hdslb.com/bfs/face/12fb69ee89418c945d88c3e42c7f93af8901bc20.jpg,1707679,"爱情,恋爱,真人秀,校园,恋综,厨子老师,大学生,方山厨子",870712,4679,1530,4867,5737,939,0,0,50304
BV1ZRtnzVEFu,114975418879578,1,212,2150,美食侦探,美食探店,http://i2.hdslb.com/bfs/archive/c8fe091a4a6a976a13b36b283678c06e8e153f05.jpg,云南的菌子你好“滇”，采蘑菇的小老外品尝之后光速投降！,1754385887,961,3537122973714533,老王在中国,https://i2.hdslb.com/bfs/face/5cc0f66946ba560d0ccbd8e5bffc45ac94793cf4.jpg,3438611,"生活记录,舌尖真探事务所,采蘑菇的小老外,云南美食,老外在中国,彩云之南,美食探店,菌子",152189,1903,1082,992,3442,432,0,0,14418
BV1TmhVz2EAp,114964664682643,1,138,2156,搞笑,UP主小综艺,http://i2.hdslb.com/bfs/archive/bd58544a026529d88dcdd4c0a6848134653f29fa.jpg,【Reaction】2025最火热榜Top10歌曲,1754221781,386,300994119,沙雕网友咸叽叽,https://i0.hdslb.com/bfs/face/7f6eea61bc5fe858be23e585d3d7c71c61bc91e1.jpg,3974219,"奇葩,歌曲,幽默,音乐,歌单,盘点,流行歌曲,沙雕,乐评,娱乐花式reaction",457460,6886,1716,14760,4478,668,0,0,59915
BV1Uwh3zzEa6,114964329208802,1,252,2113,仿妆cos,仿妆cos,http://i2.hdslb.com/bfs/archive/9def057c312d808329b252bc77a74a17d065a191.jpg,【白西瓜】COS｜努力成为喜欢的角色第72天之弗洛洛,1754217266,126,64836364,白西瓜SY,https://i1.hdslb.com/bfs/face/a788792f295926151f98b799deb8807fb0a69bfe.jpg,870304,"化妆,仿妆,妆教,COS妆,cos,鸣潮创作激励计划,弗洛洛,妆容分享,Cosplay,鸣潮",180944,170,550,4049,6162,1093,0,0,39563
BV1GKtgzMENZ,114969362500721,1,171,2070,电子竞技,MOBA游戏,http://i2.hdslb.com/bfs/archive/3812651dbfa02eb089c58c32d3989da89fcb0b34.jpg,屯了一年的顶级国宴，只为治好你的厌食症...😋,1754301900,168,88160614,困困君丶,https://i1.hdslb.com/bfs/face/0451880ede12cab7af87e774cad52536934b6bee.jpg,562552,"第一视角,英雄联盟,搞笑,下饭,娱乐,电子竞技,下饭操作,沙雕,MOBA,英雄联盟电竞世界杯",318484,291,116,580,2240,200,0,0,17806
BV1kshKzEEDH,114960923367512,1,208,2084,校园学习,应试教育,http://i0.hdslb.com/bfs/archive/6ae77ac999fe6db883e94afbc9511452bdaad3dc.jpg,分享一个，从山沟小镇到清华的学习故事,1754186400,878,14229967,一数,https://i1.hdslb.com/bfs/face/812281bada7d323c23c6e1e2e92749bd29b7d7c6.jpg,20483283,"数学,学习,高考,bilibili高考季,考试资料,中考,高中,考前复习",794264,3582,2619,22458,13995,2412,0,62,86270
BV1PntgzoE62,114969530077104,1,254,2166,亲子,农村生活,http://i1.hdslb.com/bfs/archive/b0677d46f3344d7fcf12872ec0c1b00a71e9bb21.jpg,真心感谢每一个难得的遇见,1754296525,771,1145185706,娥哥-,https://i2.hdslb.com/bfs/face/4a62ca08839606cbecc978bb805c1a39bf2b273d.jpg,448375,"娥哥随拍,娥家班,娥哥日常,记录美好生活",320975,317,180,575,839,63,0,0,14141
BV1G9hHzyEWq,114952702532985,1,176,2106,汽车生活,汽车测评,http://i2.hdslb.com/bfs/archive/6bacacb360390cafa343e4430bb169307f5d1774.jpg,家用车真能撞赢卡车？理想i8对撞卡车事件,1754039220,114,99769189,区胖曰车,https://i1.hdslb.com/bfs/face/f0239f28f1301e17a2d0d8d6852499eddd560212.jpg,175995,"乘龙卡车,理想i8,碰撞测试,理想汽车",1523700,897,4293,1778,1523,1611,0,0,45414
BV1KjtMzQETq,114968741550329,1,130,2016,音乐综合,原创音乐,http://i0.hdslb.com/bfs/archive/eb941189a24313efa4ba6d35f50703edf2ec2b99.jpg,小娃pt.2--（OfficialMusicVideo）亚细亚旷世奇才,1754287237,141,2010145557,亚细亚旷世奇才,https://i0.hdslb.com/bfs/face/57c02f89b264a290d62f88b432de9c887137f130.jpg,912640,"原创音乐,MV,4K,新世代音乐人计划原创季",1343218,29310,4761,36400,43812,4057,0,29,151251
BV1gfhHz3Evc,114952853527262,1,252,2113,仿妆cos,仿妆cos,http://i1.hdslb.com/bfs/archive/b053d9fba5abcb7d78949f9072140b5412f73d76.jpg,「你的妻子」｜梅姬COS妆容教程｜零失败额纹的邪修画法（快夸我天才✨,1754042097,148,6272357,o小庄o,https://i2.hdslb.com/bfs/face/7f3b21362ae7969e450be591a628a90eed693dae.jpg,1420245,"美妆,仿妆,COS,化妆,妆容教程,教程,妆容,Cosplay,梅姬,神还原仿妆大会",201503,100,166,2477,1426,343,0,0,26222
BV1JL82z9E1C,114947786872805,1,242,2079,娱乐粉丝创作,其他游戏,http://i2.hdslb.com/bfs/archive/054badcceae830c19a78622dcd35983dfab369ad.jpg,夺命公司（1）,1753964477,1458,1288579476,布庞,https://i0.hdslb.com/bfs/face/478677d1cb55c07cecd8c1f0bf0526a6a421d180.jpg,306394,"搞笑,高能,小潮,小潮直播,小潮二创,小潮repo,沙雕,repo,小潮team,搞笑研究所",3272112,5417,531,86363,12542,1169,0,42,120850
BV1ZZhEz5EDA,114952484494006,1,138,2207,搞笑,随拍·综合,http://i0.hdslb.com/bfs/archive/e76326edbce2b2a0d23f29a3af4442171190946b.jpg,【断网补全计划93】外星人攻打地球，旺仔小乔攻打天庭，良子铁笼挑战赛，八岐大蛇圣经，娜种物质，理想vs东风乘龙，懂车帝，武大事件后续，成人奶嘴，育儿补贴,1754046000,547,646732586,瞎问虾猜丶,https://i2.hdslb.com/bfs/face/6507944f196a8c0f2ea81e15e328744e81d10492.jpg,1889726,"外星人,娱乐,梗,搞笑,搞笑小剧场,二手推荐,旺仔小乔,二手手机,转转",2122734,7181,2368,10413,2500,1903,0,0,108160
BV1BNhAzvEBf,114941428304404,1,215,2152,美食记录,美食记录,http://i0.hdslb.com/bfs/archive/679bd070c866a7ebcbdc1cf4e8debb08732f3305.jpg,成都18一碗的猪脚饭自助，卖西班牙老外81不过分吧？,1754042400,329,1984198637,西班牙陈挺,https://i2.hdslb.com/bfs/face/80a8d4d675bf87beba65d8b2af8f8beb63c6b641.jpg,2251249,记录我的美食日常,1186646,2419,2385,5694,4359,569,0,0,95729
BV1xUtVzNEsg,114971291686221,1,172,2077,手机游戏,休闲/小游戏,http://i0.hdslb.com/bfs/archive/5e7f93c7c458606a8b9b979f4b27bec73c570cb4.jpg,蛋仔派对：南瓜居然被兔仙收买了！,1754322936,131,64621079,隐秘的兔仙,https://i2.hdslb.com/bfs/face/a557213fddae799ef9963d790ea571ce22b7ddf0.jpg,460299,"蛋仔派对南瓜入侵,隐秘的兔仙,蛋仔带你看世界,蛋仔派对",626369,131,381,20459,839,33,0,0,19503
BV1A18yzxEdg,114946293699745,1,30,2022,VOCALOID·UTAU,VOCALOID,http://i0.hdslb.com/bfs/archive/43f213fb7e6fce1bfb2bbe17239696fa878384f7.jpg,ヒットメーカー / 夜未アガリ feat.重音テト【本家投稿】,1753956000,222,3546949311531978,夜未アガリ,https://i0.hdslb.com/bfs/face/ee018451be0859a5d9335a3bdadc3cbfa85dd16e.jpg,20946,"VOCALOID原创曲,原创曲,重音テト,VOCALOID,术力口",270848,475,1958,50766,16456,3379,0,0,85009
BV1f1hAzTENh,114940924923303,1,201,2094,科学科普,科学科普,http://i2.hdslb.com/bfs/archive/2dd6d6a6835d38fadcaa42305fd4e71404ee0558.jpg,人类为什么是自然界中的传奇耐毒王？,1753959600,195,1271916102,上将王司徒,https://i0.hdslb.com/bfs/face/1382786fbc113f7037b3bd4305166085611f737e.jpg,2275446,"科学,生物,自然,人类,科普,生命",2781491,5799,1888,14728,2635,864,0,51,148140
BV1Dot5zmEid,114972952627955,1,161,2146,手工,解压手工,http://i0.hdslb.com/bfs/archive/20a6f545779bb7a7faba7ac6135b3d296159c634.jpg,放个七彩烟花，祝我生日快乐，成功活到36岁啦！,1754348395,100,2134988818,咸鱼抗癌就靠玩,https://i1.hdslb.com/bfs/face/79abfd36cbd58ca6ffbea650df0334e5614d98f5.jpg,125407,"助眠,手工,胶带粘球,放松,粘粘球,必剪创作,我的手工真的很解压",179104,3369,1872,1061,5093,118,0,0,16421
BV1kEtLzYEg9,114972650641319,1,172,2064,手机游戏,单人RPG游戏,http://i0.hdslb.com/bfs/archive/3787ad7743c05a8a1c01ec19e93ea46e664f24ca.jpg,停云全程单通差分宇宙千面英雄V7，只有抛却理性才是（  ）的一集！,1754365500,1593,75480955,念熙阿,https://i1.hdslb.com/bfs/face/c054ef8bd21efb38f8d6cc78fd8e7135c4b996a8.jpg,979983,"游戏实况,停云,念熙,崩坏：星穹铁道创作者激励计划,全程单通,星穹开拓团,差分宇宙,千面英雄V7",117557,1135,536,1306,3168,148,0,0,12978
BV11c82zPE4N,114947619163634,1,183,2048,影视剪辑,特摄,http://i0.hdslb.com/bfs/archive/2e17b34370e334cfa326cfd095d3111f6dc644d6.jpg,“你反抗命运的样子 真的很帅”,1753961798,119,668002409,歼笼曲,https://i2.hdslb.com/bfs/face/044f860b56c4ef9c32e68ecebcbf6cc05ab8d0a8.jpg,7803,"奈克瑟斯,迪迦奥特曼,特摄剧,燃剪,圆谷",335293,204,253,22434,6766,634,0,0,39610
BV1F8tgzDE5p,114969093868897,21,85,2005,小剧场,短剧短片,http://i0.hdslb.com/bfs/archive/146de92f98c57b4eb5b2963dea99a5b252d7f932.jpg,《王者荣耀之权谋径山》,1754289535,2191,57863910,王者荣耀,https://i0.hdslb.com/bfs/face/186a321d4647bd2b1602e43b831bac89bcb7a34b.jpg,9444792,"电子竞技,王者荣耀,王者荣耀之权谋径山,MOBA",231125,405,967,5399,4454,692,0,0,13022
BV1ywh8zHEyz,114958960427299,1,17,2151,单机游戏,美食测评,http://i2.hdslb.com/bfs/archive/50c17e7b8fec896e461d97f86e516f0d0e7e0d1c.jpg,【全网首发】绫地宁宁同款大碗拉面测评！柚子社官方限定周边深度测评！,1754134679,404,3546668964252528,北见六花单推人,https://i0.hdslb.com/bfs/baselabs/d1135c48cad11be7911bab201a785efc61544a9e.png,9636,"拉面,开箱,绫地宁宁,柚子社,galgame,魔宴,周边,美食测评,千恋万花",438205,708,1318,5192,519,9648,0,0,28962
BV1Y6hPz8EZK,114959648298229,1,228,2090,人文历史,人文历史,http://i0.hdslb.com/bfs/archive/e99754a84a1238d8861364512347eca64ef1a570.jpg,张献忠：明末躁狂症患者（四川纪实｜传教士视角）,1754189400,961,629341851,照花荣,https://i0.hdslb.com/bfs/face/2ab712286077edd2e7dc5991bc37d4d21bf160e4.jpg,5146,"明朝,四川,历史,人文历史档案馆,圣教入川记,明末,回忆录,明清",311187,1073,1196,7519,3343,3466,0,0,10023
BV1HWh7zUEf5,114951360350735,1,71,2153,综艺,美食综合,http://i1.hdslb.com/bfs/archive/7967e77e3077808f1b78ea6ff7ae53e719611208.jpg,网红厨师全军覆没！街头夜宵让评委欲罢不能！【一饭封神】01（下）,1754018608,1298,7722202,成员外,https://i1.hdslb.com/bfs/face/45334dea9742ad9def1dfbc0a6aff0f74b496510.jpg,97909,"中餐,厨艺,美食,新荣记,黑白大厨,一饭封神,谢霆锋,九转大肠",974373,4841,2159,3408,1608,1058,0,0,9730
BV1twh3zzErG,114964329143939,1,171,2070,电子竞技,MOBA游戏,http://i0.hdslb.com/bfs/archive/2dc31497bd325bb30794f24a45e254bc7e610727.jpg,两亿把对抗路告诉你 诸葛亮的山海奇都到底有多丝滑！,1754216660,437,412009275,月新不多,https://i0.hdslb.com/bfs/face/1e3f883774d3e37d84e95fdc5e6abda1ce895ad0.jpg,494839,"诸葛亮,山海奇都,诸葛亮教学",626576,583,725,2512,1164,296,0,0,22179
BV1AahczuEqq,114940505493227,1,130,2024,音乐综合,电台·歌单,http://i1.hdslb.com/bfs/archive/3e1feee659253e140838c905c101247bb0cf9744.jpg,【宝藏音乐合集】“天空仍灿烂，它爱着大海”,1753860600,2166,3546735555119339,YQ圆缺,https://i2.hdslb.com/bfs/face/63867f59fb9f5fe6b0f088b07f904b16affea18b.jpg,36800,"音乐推荐,好听,歌单,音乐合集,听歌,宝藏音乐,电台新星征集令",1049812,1816,610,88271,7927,430,0,0,76970
BV1T1h3zgE9x,114963859380822,1,162,2055,绘画,二次元绘画,http://i2.hdslb.com/bfs/archive/7a2a6e7d87808b0c0490e185b500056d401f68c2.jpg,噼哩啪啦画啥呢,1754217000,158,287890286,李渔的世界,https://i2.hdslb.com/bfs/face/87855ab49fb23a1ce54606f71b28781fa872587b.jpg,515024,"板绘,原创,绘画过程,绘画,艺术,画师激励计划,人体,画画,抽象",144424,472,439,2596,3211,1080,0,0,40464
BV1aqhwz9EnR,114941663119074,1,252,2039,仿妆cos,cosplay,http://i0.hdslb.com/bfs/archive/1f1b441d77b46964bab33b0ce4f586aa4ebfac01.jpg,不外传的珍贵猫猫喂食机视角影像,1753870906,22,3493283298805939,-ooooi-,https://i1.hdslb.com/bfs/face/3e2efc3de3cae6535f0548c378f2c479b2953ecd.jpg,112869,"直播,二次元,崩坏星穹铁道,赛飞儿,Cosplay",4034817,10235,4217,161137,45300,14139,0,24,379536
BV1FztGzWEGc,114969832265002,1,76,2152,美食制作,美食记录,http://i2.hdslb.com/bfs/archive/6499bd3c88a9391d7b75e4a317bca747fed93a09.jpg,这才是正儿八经烤羊腿！生活不就是靠这些美食小碎片聚集而成的吗？列气！,1754300621,344,3461567196694763,队长0527,https://i2.hdslb.com/bfs/face/aab34fc302ea7c169ea07074beaa89de2e96e8c7.jpg,799396,"生活,美食,治愈,夏天,烧烤,吃货,冰镇啤酒烧烤,人间烟火,Vlog,B站超高清视频计划",330283,9777,654,2237,1405,627,0,0,29743
BV1yjhLz1ETc,114965637827512,5,171,2071,电子竞技,射击游戏,http://i0.hdslb.com/bfs/archive/95c20b785b00884305effbfe3d3ae89b4410e9e3.jpg,【2025IEM科隆】Spirit vs MOUZ  8月3日 总决赛,1754236645,11558,474595627,CSGO官方赛事,https://i1.hdslb.com/bfs/face/0c89136f648dbf1f1145a7af13eb06ae984de0c4.jpg,2633097,"电子竞技,游戏,CSGO,CS:GO,游戏赛事,IEM科隆,CS2赛事,CS2,IEM",476341,3618,2174,1097,817,445,0,0,4945
BV1SehnzBEox,114953574943740,1,121,2041,GMV,动漫剪辑,http://i1.hdslb.com/bfs/archive/ca83ec99d7c86726ad3cde8fb6540bd15eb3b93c.jpg,“白月魁挥刀的那一刻，世界级国漫诞生！”,1754052992,129,175333301,哇周某人,https://i2.hdslb.com/bfs/face/a7670c1831893164c62a65a2fa244f337389e748.jpg,242879,"国产动画,冉冰,白月魁,灵笼大结局,灵笼 第二季,动画种草激励计划,国漫,马克,艺画开天,灵笼",438706,2257,1309,3700,2151,542,0,0,22003
BV1jE82zQERG,114947686204485,1,21,4218,日常,钓鱼,http://i0.hdslb.com/bfs/archive/c013b0eebdac4494c2826b6d14434fbaf94fc8ae.jpg,遇到爽快的顾客我可以送你一条鱼，遇到难缠的顾客不好意思，分文不让!欢迎收看硬气钓鱼佬摆摊卖鱼!#卖鱼人,1753962706,216,3546923111811210,基尼钓鱼,https://i0.hdslb.com/bfs/face/14033a402e20c6260218928eba6851dde2afddfa.jpg,65931,"鱼,吃货,钓鱼",1119221,678,1066,3913,38391,245,0,0,88544
BV1TKhpzqENJ,114952836947370,1,250,2141,出行,体育赛事,http://i1.hdslb.com/bfs/archive/0dfd59349dde57a15e1ea0bf6e6a503bc9218efe.jpg,在香港看热刺比赛是怎样一种体验。,1754042190,436,35847683,峰哥亡命天涯,https://i2.hdslb.com/bfs/face/ae439693d6fd79a55b1b5f935ed6474ae6fba35b.jpg,2372896,"阿森纳,体育,热刺,香港,足球,球迷,峰哥,孙兴慜,香港足球盛会",406407,2150,1453,1781,3052,2447,0,0,16414
BV1H5h3zhEVd,114963926484439,1,253,2042,动漫杂谈,动漫评论,http://i1.hdslb.com/bfs/archive/15e5e9c710632bf142003a7bda26e375fa5c88bd.jpg,《阿甘妙世界》一款可以笑死成年人的儿童动画【bilibili 次元论战】,1754210552,1174,356477722,x夏言秋语x,https://i1.hdslb.com/bfs/face/62c8e4f9ababcf2f4ac7daa277cc44c83d890f24.jpg,288200,"阿甘妙世界,搞笑,经典,神作,美漫,欧美动画,童年经典,bilibili次元论战",274264,1172,901,10978,4816,412,0,0,17194
BV1rihgz4EVq,114962466871917,1,172,2063,手机游戏,鬼畜综合,http://i0.hdslb.com/bfs/archive/0c7d4ab9b62c6338161b60cb53b79e3d84f1dd91.jpg,救世PV没语音不得劲，于是我加些进去,1754188629,104,24961799,金咸鱼,https://i2.hdslb.com/bfs/face/0356ee34b4e6771f03fb02a9a3523b558c15010f.jpg,449472,"搞笑,鬼畜,崩坏：星穹铁道,崩坏：星穹铁道创作者激励计划,昔涟,抽象",900744,1303,3030,21847,15283,16418,0,0,87398
BV1srtuzsENP,114969630936061,1,30,2016,VOCALOID·UTAU,原创音乐,http://i0.hdslb.com/bfs/archive/fa992b94b8689de13c99eb113ed47749bea7699f.jpg,【星尘原创】这首歌献给所有成为大人的孩子们——重编版,1754304900,205,3493257147321138,哆啦慢,https://i0.hdslb.com/bfs/face/2f68eea4727204711c156a87e859678f3924134e.jpg,45110,"原创音乐,星尘,VOCALOID,VOCALOID CHINA,中文VOCALOID,孩子们,大人",98492,153,423,17299,4495,566,0,0,28791
BV1iEh8z6EnW,114958775880632,1,17,2079,单机游戏,其他游戏,http://i0.hdslb.com/bfs/archive/b66e030d849b6d19eee24baf9afb94fca1a99438.jpg,《 恐惧饥饿 一命速通 》,1754131945,363,44373414,csd777,https://i0.hdslb.com/bfs/face/3dabce2071cc029738c0b9bb0b43afc7421e4304.jpg,200351,"游戏,Dread Hunger",453723,248,376,3810,3116,188,0,0,30239
BV17yhGzZEep,114965084380607,1,172,2064,手机游戏,单人RPG游戏,http://i2.hdslb.com/bfs/archive/94235fa7e1e21870defc7a2d2a240e512d747be6.jpg,当我给玩逆水寒的亲姐看崩铁角色立绘并打分时（1）,1754228334,508,35411790,Hawawa丶,https://i0.hdslb.com/bfs/face/85bcbd530ec1e2632910d868e1f9f9405844a627.jpg,394,"二次元,录屏,娱乐,星穹铁道,立绘打分",229949,3216,1526,1908,670,382,0,0,14262
BV1QJhxzWEhj,114954950741527,1,17,2078,单机游戏,沙盒类,http://i0.hdslb.com/bfs/archive/e0a9f1cd42f1da62ef3da7fbf7686d604faf9474.jpg,请找出视频中的人类！,1754092800,485,680447,马里奥红叔,https://i2.hdslb.com/bfs/face/9f266d9214894cc4134b114fc8c8ce028a235421.jpg,2495025,"万物皆可游戏,沙盒游戏,单机游戏,我的世界,MINECRAFT,MC,沙雕,生存挑战,主播,打卡挑战",683153,1435,975,6693,5883,304,0,0,52217
BV1VXtGzCEFh,114970016682025,1,201,2082,科学科普,社会资讯,http://i2.hdslb.com/bfs/archive/ae7a94710df676b498d4fbfa9bd389f6e9335f24.jpg,网购鸡爪“缩水”，直播带货“鬼秤”何时休？,1754303337,396,439478093,中国食品报融媒体,https://i2.hdslb.com/bfs/face/41703cc47175657261e088a1efb4906da542719e.jpg,4066640,"直播带货,打假,虚假宣传,乱象",150573,372,879,732,1030,200,0,0,13809
BV15181z5Er1,114947853915967,1,21,2143,日常,文具手帐,http://i0.hdslb.com/bfs/archive/5ee4be705a1647fdc4f8edce0c79d508e8e2fb66.jpg,永远真诚，现在是，未来也是！,1753965237,152,72969462,笔给你你来写_,https://i0.hdslb.com/bfs/face/8e8a57daeb8ee0b50e6fa4e66c4f18f849fc601c.jpg,1130380,"原创,脑洞,doro,曼波配音,随笔,文创,笔给你你来写",813392,727,2864,7511,17204,282,0,86,182712
BV1DL8BzDE2z,114942032217839,1,28,2017,原创音乐,MV,http://i1.hdslb.com/bfs/archive/1f440db87de1dc1240fe70e01cb1f59bd8397241.jpg,“我们的拼好歌”,1754015400,244,86434237,比巴卜喂,https://i1.hdslb.com/bfs/face/6c6b1e807ffc49660b67a7280b3998b34f18004e.jpg,121684,"音乐分享官,王力宏,混音,方大同,陶喆,林俊杰,周杰伦,remix,拼好歌,华语乐坛",2361250,1300,1188,37758,35628,8098,0,38,134874
BV1cdhuzREcH,114962701751520,1,212,2150,美食侦探,美食探店,http://i2.hdslb.com/bfs/archive/0bf7d0a489b118257e98672a453407df6a5bff5b.jpg,珠海.重壳蟹 厨子探店¥628,1754191887,220,544336675,真探唐仁杰,https://i1.hdslb.com/bfs/face/f82b7cb6e6b9e2351bb201f668af10b66b4d0d5c.jpg,4443451,"美食,舌尖真探事务所,探店,美食探店",490938,630,789,1525,734,1178,0,0,34019
BV1NxtGzwEka,114970251501542,1,253,2043,动漫杂谈,动漫速读,http://i1.hdslb.com/bfs/archive/79bdc42fe1c24b49a5f0424609031e98e42c6b4c.jpg,【柯南】 两大死神因命案留宿荒郊别墅，竟然遇到无数僵尸袭击，西瓜带你回顾柯南精彩漫改案件《被僵尸包围的别墅》,1754308027,2372,57608186,西瓜说柯南,https://i2.hdslb.com/bfs/face/ecb0fc5d5e34e79715fea462b0fd3ed85a573c05.jpg,739844,"推理,工藤新一,动漫杂谈,江户川柯南,名侦探柯南,毛利兰,服部平次,柯南,柯南解说,毛利小五郎",525231,2130,564,6119,2553,176,0,0,13414
BV1pUt3z4EKG,114970385712379,1,216,2071,鬼畜剧场,射击游戏,http://i2.hdslb.com/bfs/archive/acdff94e1ee8441901b99afc06f5fde85fc10a98.jpg,这桥我堵定了！,1754309147,66,14896506,英豪小丸砸,https://i0.hdslb.com/bfs/face/64469457eb908ecccafa89f863ae791658a4a01d.jpg,57763,"三角洲行动,乌鲁鲁,三角洲,堵桥,三角洲破壁新赛季上线",502806,123,605,1649,933,1114,0,0,34978
BV11ntgzoEMF,114969530205443,1,17,2078,单机游戏,沙盒类,http://i2.hdslb.com/bfs/archive/323b2d968886b0696dbd8e40fec1693b5d7d8923.jpg,这不比手术刀好用？,1754298000,1003,19512037,纪夫Junly,https://i1.hdslb.com/bfs/face/66c9b0f2d84ee09c2c4209894e09a9dfac1806fb.jpg,683845,"搞笑,小游戏,我的世界,娱乐,游戏,Minecraft,纪夫Junly,MC宝藏模组推荐",300223,1760,661,8615,3633,126,0,0,20962
BV16NhtzrEv4,114957819578593,1,215,2150,美食记录,美食探店,http://i2.hdslb.com/bfs/archive/510bdabe6a15e409f274c332da539ba99fa9296a.jpg,这所大学的校外美食 堪称美食批发市场,1754117798,137,500956635,一坨小草莓不霉,https://i0.hdslb.com/bfs/face/3c5908a07fed10bb6dbde6cd4aff2f86dc2859e7.jpg,192299,"大学,校园,记录我的美食日常,Vlog",392832,295,475,8822,610,4902,0,0,36089
BV1oMh5zwEZS,114966392736631,1,17,2078,单机游戏,沙盒类,http://i1.hdslb.com/bfs/archive/80111136a17bf472139cfbbff90f3ff75c509342.jpg,这是“漏洞”陷阱！,1754272800,415,29252533,幕川北,https://i1.hdslb.com/bfs/face/e04019772132a134aadbada24aaccbb1bb0dea60.jpg,2585193,"万物皆可游戏,我的世界,游戏实况,搞笑,单机游戏,游戏,游戏集锦,实况解说,游戏解说,单机联机",653470,1126,664,10948,7970,243,0,0,48313
BV1P8hGzgED7,114965319060672,1,250,2158,出行,旅游记录,http://i2.hdslb.com/bfs/archive/899380be8253d73ceaa07768e4bf3eeec85e0366.jpg,7年前，杨旭在这里种下房车旅行的种子，如今梦想成真，回来还愿,1754305200,775,513305949,杨旭游记,https://i0.hdslb.com/bfs/face/b70ca845b68ce4795f6f835c58211546b883c136.jpg,1486287,"生活记录,越野,旅行,户外,露营,房车,自驾游,房车旅行,房车生活,旅行攻略UP主激励计划",109710,980,290,857,2424,406,0,0,7677
BV1A8tGzbEiA,114970268278550,1,253,2042,动漫杂谈,动漫评论,http://i1.hdslb.com/bfs/archive/1aa6e211a0e82fa21e09ffe786d3d9a82d3b3fa5.jpg,洛克斯两颗“传说果实”是什么？威胁伊姆和圣地的力量！！神之谷之前的阴谋预演！海贼王1156话细节伏笔分析！,1754308800,670,488779255,动漫作业本,https://i1.hdslb.com/bfs/face/cef5ab0106a79aa442efbc63c4d0bca29707eeb1.jpg,1613959,"海贼王,发现宝藏动漫,溪木源航海王男士,香克斯,巨人国,恶魔果实,蒂奇,路飞,艾尔巴夫,洛克斯",321435,716,842,957,939,244,0,0,12023
BV1SXhbztEX4,114958859768843,1,95,2100,数码,手机,http://i1.hdslb.com/bfs/archive/933eaa10aff27e72248ece9bb6ca811cab2cd17c.jpg,小米YU7后排控制屏拆机,1754133036,71,1915449882,涛哥爱拆机,https://i0.hdslb.com/bfs/face/11ce0552a10b7a0b1ae390bd87e83cfc445d779c.jpg,41664,"小米手机,手机,小米YU7,车后排屏,拆机,车规级",1206679,168,754,1124,545,260,0,0,18491
BV1YWh8zTEfE,114958792657023,1,207,2087,财经商业,商业财经,http://i0.hdslb.com/bfs/archive/87813c1fd49c7330f882821c82ae79ce23acd099.jpg,一张图看懂洗钱！现实世界有多少漏洞？,1754132415,894,15324420,数据库kira,https://i0.hdslb.com/bfs/face/93487a9046c128bc43bd63c9e0747fa998c75be3.jpg,940094,"财经,金融,科普,股票,洗钱,反洗钱,社科人文,青年用「财」图鉴",983615,1340,2286,30695,6031,2770,0,0,31662
BV1v4tVzJETF,114971459455757,1,17,2071,单机游戏,射击游戏,http://i2.hdslb.com/bfs/archive/38ca449e91242021c5e03ae58642984db00925aa.jpg,射击游戏能有多好玩？,1754364000,224,472733310,小布敢,https://i0.hdslb.com/bfs/face/bedafae7a71b62d2c2a2bca554ccbc7b27a8cfaa.jpg,895684,"联机游戏,FPS,游戏,游戏杂谈,无畏契约,三角洲行动,游戏推荐,暗区突围,推荐宝藏游戏",166825,4286,364,3216,2083,924,0,0,14918
BV1RWt3zCELp,114970654213707,1,172,2063,手机游戏,鬼畜综合,http://i1.hdslb.com/bfs/archive/b51916ab0c1211ae159ffc38d18bb2d88d328add.jpg,你好，请支持羽生萌萌香.exe【明日方舟】,1754313096,72,431332411,烈空哇塞,https://i1.hdslb.com/bfs/face/acc5f4ee93b4c8dea63bb55fd0a7f8562e566cb1.jpg,9998,"新皮肤,鬼畜,明日方舟,斩业星熊,羽生萌萌香,美式鬼畜,冰,墟,整活,明日方舟创作者应援计划",149117,74,227,2255,751,634,0,0,12322
BV1Qhh8zaE75,114958373297043,1,212,2142,美食侦探,体育综合,http://i2.hdslb.com/bfs/archive/f8b8188b886c2cf784cd9f47e336a5637ac4bcd2.jpg,和专业腕力运动员切磋一下，看看我现在的腕力处于什么水平,1754125968,246,3493260093819171,李维刚的日常,https://i0.hdslb.com/bfs/face/4917c09bdfd5e72f08a04d2c752de48a848a1318.jpg,3593464,"李维刚,掰手腕,腕力",556878,806,1575,1152,1413,278,0,0,40171
BV146h8zxEAx,114958339677628,1,253,2054,动漫杂谈,二次元其他,http://i0.hdslb.com/bfs/archive/b283b7d30e8ddc23bd284f516c1f66c55524bbb7.jpg,【ACG周讯】时代结束了？樱花动漫运营者被抓！B萌大战在即，比赛即将迎来最高潮！,1754125382,352,1300259363,萌娘百科,https://i2.hdslb.com/bfs/face/6b7516e653e94915c5303239daedcaa82883f486.jpg,813919,"任天堂,小岛秀夫,游戏资讯,怪物猎人,动漫杂谈,动漫吐槽,剑星,B萌,樱花动漫,B萌应援杂谈场",307336,1825,3001,3479,1578,1801,0,0,18637
BV1uRhJzKEDb,114952064992961,1,182,2001,影视杂谈,影视解读,http://i2.hdslb.com/bfs/archive/df9993cb4e328fba34d5f37bcc261bae5ceee584.jpg,超燃电影《全民超人汉考克》，超人不一定是超人，也可能是小调皮,1754038800,550,73528331,摩斯神探,https://i2.hdslb.com/bfs/face/7a3ccfa2d021bc1212ffdd5ea637d098a1475d9f.jpg,3190517,"超人,科幻,电影解说,超级英雄,转转回收,转转",7063518,1936,1364,21357,2102,251,0,27,111814
BV1rHhVzeENy,114964949965534,1,219,2168,汪星人,狗,http://i2.hdslb.com/bfs/archive/8e21531adaccce566ab0869befbdfc4c3de3c813.jpg,狗狗永远都不会忘记对他好的人,1754226642,266,3625254,烈的街头动物摄影,https://i0.hdslb.com/bfs/face/6375b27301493aff8eb3acd156cab38f21df4540.jpg,91200,"狗狗,汪星人,感动",221352,187,187,1194,1236,135,0,0,24137
BV1JshVzaENo,114964983453734,1,201,2094,科学科普,科学科普,http://i1.hdslb.com/bfs/archive/b1e89ea1894a7279d90bda4c6d77c6108ca78441.jpg,【漫士】千年后的反例：非欧几何、曲率与绝妙定理,1754226936,1947,266765166,漫士沉思录,https://i0.hdslb.com/bfs/face/726060100f7b80f3ab17889aa9fb8f380a53b9da.jpg,1166266,"几何,物理,数学,数学思维,非欧几何,万物研究所",303099,1853,1131,9285,9357,1107,0,0,23339
BV1KNhpzTE3M,114952786415325,1,21,2154,日常,剧情演绎,http://i1.hdslb.com/bfs/archive/4b8e0e18a78238a70bb9304d9f389ae60c742f53.jpg,b站让我用十秒留住观众（物理）,1754107500,288,9354231,快乐的台长,https://i0.hdslb.com/bfs/face/84f1b28f5b474e298603fc7b85eba8545dac968c.jpg,1295127,"搞笑,娱乐,高能,搞笑视频,生活,恶搞,台长,小剧场,学生,我的离谱暑假",1296890,18998,591,19827,4184,801,0,0,73066
BV163h8zLEWM,114958658437561,1,138,2156,搞笑,UP主小综艺,http://i2.hdslb.com/bfs/archive/eda337a787bbfb417e3de43a0f7c490e741839f1.jpg,《联合国精致演讲女生赏析3.0》：一个谎言总需要更多谎言掩盖。,1754130707,148,16022714,正经的老邪,https://i2.hdslb.com/bfs/face/e2c6b5eefb0899775358c460e04fdaf5acf82dd8.jpg,1371099,"联合国,搞笑,吐槽,联合国演讲,精致女生,给整活儿加点艺术",686699,499,1348,2137,8185,647,0,0,29209
BV17ZtuzkETq,114969714628029,1,251,2166,三农,农村生活,http://i0.hdslb.com/bfs/archive/7ce6522e0255fb725b17aaaca58f8c09fd61cd56.jpg,爱你，老姐......,1754308800,308,143845192,念叁叁叁,https://i1.hdslb.com/bfs/face/3e9a9ed8cf8b0c7221b3e810d9e1e8ff7e6cf7b9.jpg,255831,"用星露谷开启我的农村生活,萌宠日常",236857,410,404,2005,1184,412,0,0,40504
BV1pQhuztEqS,114963020585779,1,21,2027,日常,音乐综合,http://i1.hdslb.com/bfs/archive/fd13d4fa28d7bd804b4fe5b00d8cab8d928fac30.jpg,朋友就是知道你要恶搞还会配合你的一群人,1754196666,84,1472737499,Lucas是只猫N,https://i2.hdslb.com/bfs/face/6a1a4f7a6f3dd7ac24787ed822fc5c52528c91e8.jpg,278,"娱乐,搞笑,恶搞,配音,朋友,barbarbar,必剪创作",407682,663,910,4928,1074,871,0,0,52140
BV1cxtMz1EQW,114968305342564,1,250,2125,出行,徒步,http://i0.hdslb.com/bfs/archive/0c05888226a63436c04cc2b50eb55c9f864bc6cc.jpg,7小时徒步,1754293391,184,409721576,茶米茶米Charmmy,https://i2.hdslb.com/bfs/face/17d06b2a7ac66c94d189f66bbccdedf9fbd459c5.jpg,1325203,"生活记录,旅游,神奇的闲鱼,户外",206564,211,655,1553,1423,226,0,0,10978
BV16MhNz3EFd,114959413484881,1,228,2081,人文历史,海外资讯,http://i2.hdslb.com/bfs/archive/0f9d32bd37231c7a1665ddcf085314fc76ea5cbf.jpg,这一份协议，意味着欧洲彻底被美国经济殖民,1754141655,1375,438173577,卢克文工作室,https://i0.hdslb.com/bfs/face/a8f3ef0a71de565c059c46fa95967058d4e8e37f.jpg,4496106,"欧盟,欧洲,社会,美国,关税战,国际局势,经济,时政,特朗普",482142,1591,1052,1810,1570,230,0,0,15166
BV1fXtnzyEAQ,114975234329559,1,218,2167,喵星人,猫,http://i0.hdslb.com/bfs/archive/800b8dc6cfdd15199ced7fb0b8ef6de056ee8b92.jpg,《羊入虎口？ 虎入羊群？》,1754388000,305,263090405,猫不理咖啡,https://i2.hdslb.com/bfs/face/2f60f753ef27168acf7d2aa8c99033e663073142.jpg,1676468,"猫,铲屎官,布偶猫,#领先烘焙猫粮,#做武林猫霸抽免罪金牌,#领先烘焙粮抽黄金,猫咖,云吸猫,打工猫,萌宠过暑假",89217,239,186,699,11596,87,0,0,13182
BV1LjtEzaEQ2,114974731016110,1,65,2071,网络游戏,射击游戏,http://i1.hdslb.com/bfs/archive/2a5baab76b14774c3d2fb7a9cbab02c302154549.jpg,【老鼠人行动】航天基地（G3）45w→???w,1754376247,397,403637371,老飞宇66,https://i1.hdslb.com/bfs/face/25d6b747d51cd07f6ae01a1145225f9be7fbdc5d.jpg,2549140,"三角洲行动,三角洲破壁新赛季上线",383919,5066,889,2029,1764,503,0,0,29044
BV1EMhNz3EYe,114959413413914,1,253,2043,动漫杂谈,动漫速读,http://i0.hdslb.com/bfs/archive/f69ffdb1b3e6ebc6dd5d9649c785af819489c29f.jpg,一口气看完，文斯莫克·山治！起底女澡堂之王！盘点山治未来的四大对手！,1754186400,1799,4925207,芙芙家的洗碗君,https://i2.hdslb.com/bfs/face/6e79ced93539fd60c3f146a6c8a5df23fd16c60e.jpg,3158919,"娜美,海贼王,山治,热血,奎因,航海王,路飞,索隆,四皇,溪木源",248319,697,300,2688,1271,106,0,0,10072
BV1gvhuzuEZ5,114962869525013,1,184,2054,预告·资讯,二次元其他,http://i2.hdslb.com/bfs/archive/2add592834cccd22b20df60bdab91bf7be2969f4.jpg,经典科幻小说《群星，我的归宿》中国动画改编版预告片官宣！,1754276400,222,3546934774074072,莱博塔,https://i0.hdslb.com/bfs/face/5fe0ac0f22223ce4b29d59d47853feafc34ce3c3.jpg,5839,"预告片,原创,中国动画,科幻,群星我的归宿,动画种草激励计划,番剧,国漫,官宣,番剧预告",2202769,897,2242,21550,4670,6252,0,49,95681
BV1G9hHzyEkY,114952702531945,1,212,2008,美食侦探,影视综合,http://i2.hdslb.com/bfs/archive/2d01b8113faecfd9ecaae195df89c0bd44691abb.jpg,推荐大家都来看这部电影，我们要铭记历史，吾辈当自强！,1754039224,161,3493260093819171,李维刚的日常,https://i0.hdslb.com/bfs/face/4917c09bdfd5e72f08a04d2c752de48a848a1318.jpg,3593464,"李维刚,南京照相馆,铭记历史",1231417,2416,2486,9646,52663,1122,0,31,226490
BV1zFhWzbEQ6,114954061481416,1,21,2207,日常,随拍·综合,http://i2.hdslb.com/bfs/archive/5dad3937fcd10f90127e537ab7c31741bc534196.jpg,十年来第一次出车祸，感谢好心的大姐和四位大哥危难时刻下车来解救，也感谢老祖宗保佑我俩毫发无损,1754060077,127,392971337,美食小胖带你浪,https://i2.hdslb.com/bfs/face/ee09686c01cde7fe5f58bd20efb47f8174b5b568.jpg,155065,小视频,952737,868,1618,2000,1235,321,0,0,56070
BV1iVhxztEh8,114955017788198,1,65,2071,网络游戏,射击游戏,http://i0.hdslb.com/bfs/archive/085d4f6688c2648a12fee0d299e605acb0474d37.jpg,【老鼠人行动】航天基地（绝密）45w→750w,1754100000,292,403637371,老飞宇66,https://i1.hdslb.com/bfs/face/25d6b747d51cd07f6ae01a1145225f9be7fbdc5d.jpg,2549140,"三角洲行动,三角洲破壁新赛季上线",1000779,11651,1364,5596,3249,952,0,0,71420
BV1bphWzCESh,114953809829477,1,250,4216,出行,骑行,http://i0.hdslb.com/bfs/archive/2e6429fa74bb719a5ef02525e226e270002d05f1.jpg,骑自行车穿越北美洲 到达华盛顿,1754056256,309,510381190,湖远行官方,https://i1.hdslb.com/bfs/face/ed6cc795cc65e543485c62002f91d09e7281f4ad.jpg,319003,"旅游,生活记录",226111,428,357,2825,1980,122,0,0,28179
BV14V8rzSEFH,114944381031062,1,212,2149,美食侦探,美食制作,http://i0.hdslb.com/bfs/archive/e5dec7ee31d23b517cfb35097277541e31598e3e.jpg,原来不是全国都有...但广西人从小吃到大！,1753952400,451,20546476,元气八眉菌,https://i1.hdslb.com/bfs/face/3a852c5cafe3178ecb543db0ad5d0155227f3479.jpg,1939649,"美食教程,小吃,街头美食,甜品,夏季糖水,我在B站做美食,笑容加,电动牙刷,广西美食,usmile",1160883,2457,3670,10602,7280,2160,0,0,46158
BV1358BzpEhu,114941981952202,1,228,2090,人文历史,人文历史,http://i2.hdslb.com/bfs/archive/81bf4aea651b75cbaaa3678d841dccd8ba13a1c9.jpg,日本全员“锭”化，看看二战时期的日本有多离谱,1753878401,1453,11270116,酒痴东梦,https://i1.hdslb.com/bfs/face/bfcdcebe775f905f28fe3406c196b723fd6dd1fa.jpg,3163827,"二战,日本,usmile笑容加,抗日",1264421,2576,1541,16869,6068,1096,0,0,57835
BV1UHhHziEgd,114952987809957,1,215,2130,美食记录,健身记录,http://i1.hdslb.com/bfs/archive/ac77b312c5e51524855c6c1a9dd471d1576f66f8.jpg,凌晨三点，我看见健身室有人未眠…,1754043694,156,646889764,Nico爱肉包,https://i1.hdslb.com/bfs/face/1fbb3e1e140042dbc15e412229760cbd21f9a927.jpg,488567,"健身,留学生,vlog,老外,老外在中国",628170,794,819,3804,4482,742,0,0,87556
BV1VDhHz2EXG,114952668978941,1,21,2046,日常,网文解读,http://i0.hdslb.com/bfs/archive/687bfe3e391e383f07ab51508c1de8eb2ee7f47e.jpg,假如白素贞拜的是斗战胜佛，法海会怎么样？,1754038914,128,72969462,笔给你你来写_,https://i0.hdslb.com/bfs/face/8e8a57daeb8ee0b50e6fa4e66c4f18f849fc601c.jpg,1130380,"小说,脑洞,原创,曼波配音,白素贞,西游,随笔,原创剧本,沙雕段子",1006861,949,2607,6155,1330,832,0,0,92538
BV15chbzPE6P,114957215603801,1,205,2082,社会,社会资讯,http://i1.hdslb.com/bfs/archive/3d9f326e005fdb8270310af90038129281531fcf.jpg,【1818黄金眼】守望先锋账号被封 小伙：“男摩西”真没必要开挂,1754108067,191,354077280,1818黄金眼,https://i0.hdslb.com/bfs/face/30f3ff3f2af66abbbcc6a93c8b65e7886d33b88c.jpg,914340,"网游,网易,守望先锋,穿越火线,开挂,社会,无畏契约,生命之梭,1818黄金眼,资讯直通车",721615,3071,5083,10038,9133,58665,0,0,36128
BV1ZatMz6Esy,114968238227864,1,216,2063,鬼畜剧场,鬼畜综合,http://i1.hdslb.com/bfs/archive/a56c82390c6b88021436d5d171cd6aa8d6b2e8fc.jpg,旺仔小乔唱哭大佐《樱花树下的约定》,1754276280,199,7098437,天天吃八碗,https://i2.hdslb.com/bfs/face/43ea324534e97601266bcd56d0fc9b833f03d413.jpg,183415,"旺仔小乔,硬核劝降,你给我刷过几个子,沙雕,黄绿合战10th-黄队应援",586057,1426,1301,5630,1797,2394,0,0,36827
BV1z28KzgE5P,114906414191411,1,182,2001,影视杂谈,影视解读,http://i1.hdslb.com/bfs/archive/c182ad59c91f07a12c0cd6c2134c36ac00356f51.jpg,白捡200万美金引起的连锁反应，99% 的人都没看懂！深度解读电影《老无所依》,1753880700,2012,1119253352,顾我电影,https://i2.hdslb.com/bfs/face/03c9c018c34cd3630aba2097823ae85adbd68c56.jpg,3074242,"电影解说,杀手,悬疑,惊悚,影评杂谈,连锁反应,老无所依,深度解读,正片的一百种打开方式",1141325,1702,579,8247,3566,442,0,0,42478
BV1XUtGzLEqc,114970066947334,1,124,2081,社科·法律·心理,海外资讯,http://i1.hdslb.com/bfs/archive/d5183df9a86485e9fe432a92189ee6187c5519cb.jpg,实操打假：独家特殊渠道曝光“懂王强奸13岁幼女”？！,1754304349,1926,346563107,波士顿圆脸,https://i2.hdslb.com/bfs/face/f8f0fc4114bb06a87481abe12faa006a383cbe6d.jpg,5178323,"犯罪,法律,懂王,MAGA,萝莉岛,假新闻,民粹,环球资讯站",820532,8599,7861,8789,36894,1741,0,85,70263
BV18btnzwEh7,114975502830746,1,21,2154,日常,剧情演绎,http://i0.hdslb.com/bfs/archive/6e17317ec4199cbc69200d7e636397a6926b2884.jpg,爱 = 花 钱 ？,1754387174,60,9130832,张八筒筒,https://i2.hdslb.com/bfs/face/683b3b97648bf13641c508b9b50a2d25b87bec69.jpg,720857,"原创,生活记录,搞笑小剧场,张八筒,best人生,猩猩队长,抽象,情侣日常",367010,139,336,799,952,421,0,0,36476
BV1v1hgznEy8,114964312361880,1,171,2071,电子竞技,射击游戏,http://i1.hdslb.com/bfs/archive/2d1c726274ff80819792d3984b0f975c52ddd78b.jpg,仅需九万的无后座平民神枪#三角洲行动 #三角洲鼠鼠拯救世界 #三角洲破壁新赛季上线 #三角洲行动攻略 #老WE重聚三角洲,1754216376,71,3546761165540208,三角洲吴彦祖y,https://i0.hdslb.com/bfs/face/e91c8713ce431a96a4661e73961b743155882757.jpg,151402,"FPS,射击游戏,战争,教程攻略,三角洲,平民,三角洲破壁新赛季上线",645703,166,777,55380,2642,2079,0,0,43774
BV1RNhgzmETH,114962802413444,1,21,2207,日常,随拍·综合,http://i0.hdslb.com/bfs/archive/15f3084bead82e36a8295f50de817b1c097f185d.jpg,读评论9.95：坚果让指导版牛头去坑二爷,1754208000,92,1834271846,陈君un,https://i2.hdslb.com/bfs/face/65f841ecf609e5e56c4efe01db70be7809c5785d.jpg,624784,"植物大战僵尸,坚果,搞笑,指导版,牛头,娘化版,整点电子榨菜",1809254,877,1386,25372,1317,227,0,0,52889
BV1x9hPzDERY,114959765740629,1,193,2020,MV,翻唱,http://i1.hdslb.com/bfs/archive/a6c9de39fa83eb6a4881bdff4f338e88e16b5edf.jpg,Nina《one spot》日本版番外（city pop） cover沈佳润,1754146934,169,3546810842876797,TH彼岸花,https://i1.hdslb.com/bfs/face/ef00ce22800adf5ebd6da0e14802c9205c2913ff.jpg,9253,"音乐分享官,COVER,日本,美美桑内,Onespot,Nina,citypop,沈佳润",151131,270,581,5164,3622,1062,0,0,15144
BV17RtuzyEVx,114969815288588,1,182,2001,影视杂谈,影视解读,http://i0.hdslb.com/bfs/archive/f9545de266cc9a5e628904414d788433b7605ee4.jpg,深井求生！冷门悬疑《窨井盖》：新郎婚礼前夜意外掉入井中....,1754300261,2704,7948129,-7ero-,https://i1.hdslb.com/bfs/face/50428b929ae7e6708c5d4af38bfe4a3b51dce5f5.jpg,458634,"悬疑,冷门,电影解说,推理,7ero,可爱解说,窨井盖,万字拉片大赛",177404,2848,746,3087,6036,288,0,0,10363
BV1JV8yz7E5X,114946981566328,1,29,2020,音乐现场,翻唱,http://i0.hdslb.com/bfs/archive/5ecd5902972e0ac671e1816958c41cf6c2acde57.jpg,许嵩劝你别读博：《素研》,1753951898,192,21442590,馄饨皮茄总,https://i0.hdslb.com/bfs/face/29d3bf75ec95524532a9ce36d1232ef441889a1d.jpg,28216,"许嵩,素颜,cover,学术,博士,科研,读研,读博,PhD,翻唱的N种打开方式",712253,506,1332,14073,16510,15838,0,0,68637
BV1qZtuzkE69,114969714693817,1,173,2068,桌游棋牌,回合制策略游戏,http://i0.hdslb.com/bfs/archive/e5458fed5f5359637ca0d954a23256034b24e2f5.jpg,炉石传说：【天天素材库】 第374期,1754301636,430,10462362,天天卡牌,https://i0.hdslb.com/bfs/face/355a81531dfb772fc96509b402121a3fe8ff143b.jpg,2322481,"老中医,天天卡牌,逗鱼时刻,炉石传说,天天素材库,酒馆战棋,衣锦夜行,wtybill,炉石传说安戈洛龟途",393257,720,532,875,2623,302,0,0,16910
BV1eo86zhEdD,114944834015754,1,173,2207,桌游棋牌,随拍·综合,http://i1.hdslb.com/bfs/archive/49af627f24836a4599ec7e8898198c588318e71c.jpg,当你迷茫时，不妨听听曹操最喜欢的谋士郭嘉临终前说的话吧,1753919020,21,564751055,大魏忠臣袁本初,https://i2.hdslb.com/bfs/face/21a2a1599b0e0e1b14e5e30206e09ae12c5cfa8d.jpg,449,"郭嘉,曹操,三国杀,古人,吟诗,抽象",493830,587,1692,8276,983,28833,0,0,56729
BV1qEh8z6EYT,114958775884788,1,47,2037,同人·手书,同人动画,http://i1.hdslb.com/bfs/archive/7e4060fd53279bbf0dd75261e37f60d7d000c296.jpg,3亿3亿~~鹿野宝宝我们爱你,1754131989,34,5714152,鱼丸公公,https://i1.hdslb.com/bfs/face/915328288fa816441294366ab4deb9facbe46107.jpg,113655,"罗小黑战记,无限,罗小黑战记2,鹿野,师姐",430207,233,961,20251,15041,3663,0,0,141166
BV12F8ZzYEWH,114938592888324,1,65,2071,网络游戏,射击游戏,http://i1.hdslb.com/bfs/archive/a2d5012993cda84e7890a82e1624bb87e75f7a09.jpg,剥蒜的情谊40.0,1753844400,65,12705018,NinthA-,https://i0.hdslb.com/bfs/face/90fbf5732bd3bffd6a4d094acec17d30756f581e.jpg,188685,"猎奇,三角洲行动,三角洲搞笑,剥蒜的情谊,三角洲破壁新赛季上线",2202096,25327,1023,21083,2547,5372,0,0,137596
BV1hLhHz6EmB,114953323289514,1,176,2154,汽车生活,剧情演绎,http://i1.hdslb.com/bfs/archive/dd24006c6b597d94453317692511207e6d1e4e2b.jpg,环游王者把家归，小小侄女身后追~,1754190300,121,1194144659,车小白-,https://i2.hdslb.com/bfs/face/9cc5a0aae824ee21051aae1ecb7a17a3a7e1c460.jpg,108224,"房车,姑姑,环游世界,乌尼莫克",468297,258,307,1356,629,162,0,0,35057
BV1FbtMzCETG,114968338898025,1,172,2064,手机游戏,单人RPG游戏,http://i0.hdslb.com/bfs/archive/96490cac43f2f143a95cd584f2184d9be969c04b.jpg,【绝区零】物理异常大C，机制比肩雅？爱丽丝角色测评攻略~,1754277878,580,653768,赫箩的苹果,https://i2.hdslb.com/bfs/face/5d31c586d64c35a0f2680e82d54c23b3f0132100.jpg,1296109,"手游,二次元,爱丽丝测评,绝区零UP主激励计划,绝区零2.1,爱丽丝攻略,爱丽丝教学,动作游戏,米哈游",100665,106,627,703,941,104,0,0,6866
BV1JZt3znEuR,114970620598000,1,251,2083,三农,综合资讯,http://i2.hdslb.com/bfs/archive/9a5a61fbbf33fc987b987cecf2b8f59721b17c2b.jpg,为啥说“菜篮子工程”是伟大的工程？【主播说三农】,1754312838,223,1343321779,央视农业,https://i1.hdslb.com/bfs/face/c9e24623ccc91cd26c2894d2a1880dc6dc6a28c4.jpg,3620354,"菜篮子工程,主播说三农,蔬菜,农业",354082,871,2193,3855,6543,1254,0,0,50721
BV1m1tVzTErz,114971258196669,1,231,2207,计算机技术,随拍·综合,http://i1.hdslb.com/bfs/archive/8aecffbb6101450b6ed54c672b19dce77cfa9cb4.jpg,【十万粉】我和发小的故事，李然 我知道你在看。,1754322480,682,31341757,DngGentle,https://i1.hdslb.com/bfs/face/5446b9e03005b83b61822bca0fa4b415232921b3.jpg,114170,"UP主,生活记录,记录,发小,迷茫,故事,自白,十万粉丝",58456,744,843,1503,974,1592,0,0,4903
BV1LGtjz4ExM,114973942488965,1,95,2099,数码,电脑,http://i2.hdslb.com/bfs/archive/201804c3809fff3a0edb149e339f24d484115c86.jpg,【25年8月电脑装机配置推荐】停更20天，只为带来更劲爆的视觉冲击，初心不变，致力打造全网定制标杆！做与众不同的主机！涵盖4000-4W，超详细攻略，小白也能懂,1754365308,4701,551534193,至尊定制,https://i0.hdslb.com/bfs/face/5fbb9847719371ec3ddda7fb625cc3b15cffc258.jpg,595394,"科技猎手,装机,DIY,显卡,电脑,二次元电脑,电脑配置,主机,定制电脑,配置推荐",113840,3016,479,1948,1171,657,0,0,13244
BV1vAtgzuEs8,114969731470390,1,76,2149,美食制作,美食制作,http://i2.hdslb.com/bfs/archive/90ea0d680f4f74a415aeb01579783a883bf8692c.jpg,厨师长分享现场版“蜂窝玉米”，看完讲解操作更简单,1754366400,540,290526283,美食作家王刚R,https://i1.hdslb.com/bfs/face/1463fa4ea6bffd867dc257dca87248bb1d671cde.jpg,6857293,"厨艺,美食教学,现场教学,厨师长,蜂窝玉米,我用美食搞事业",155904,806,550,1106,1147,352,0,0,10938
BV1gHhAz9EpC,114941176579205,1,172,2064,手机游戏,单人RPG游戏,http://i1.hdslb.com/bfs/archive/3bc1d5a0c2bcffe4d223e4e7d2ece37bd426990e.jpg,《崩坏：星穹铁道》3.5版本「英雄未死之前」前瞻特别节目,1754138700,1829,1340190821,崩坏星穹铁道,https://i2.hdslb.com/bfs/face/57b6e8c16b909a49bfc8d8394d946f908cabe728.jpg,11436345,"崩坏：星穹铁道,前瞻特别节目,崩坏星穹铁道,英雄未死之前,米哈游,miHoYo",2230783,44573,13726,23238,28070,4985,0,0,134496
BV1PJtMzSEgq,114968640881075,1,250,2152,出行,美食记录,http://i1.hdslb.com/bfs/archive/d19d8fa5e78e5a8c308d33e9918ec18d5f6ca15a.jpg,你还在点外卖吐槽预制菜？人家加拿大就没有预制菜,1754282753,113,1289012110,行走的大大大羊腿,https://i1.hdslb.com/bfs/face/79b18f823971e3838bf45db65334dc1c7a90b8bb.jpg,775570,"美食,加拿大,生活记录,原创,吐槽,外卖,随手记录我的生活碎片",1294342,4145,3801,3895,946,2401,0,0,80415
BV1ERtuzyEtq,114969815291113,1,239,2185,家居房产,家庭关系,http://i0.hdslb.com/bfs/archive/67db4b30d1fb19cf15e3be677d65170c62220d21.jpg,自己先当个正常人,1754313600,407,1519547765,罗兰朵女士,https://i2.hdslb.com/bfs/face/83f5f02b8e8ecea9cc66ed6c89b4e4e236f53510.jpg,976579,"女性,家庭,教育,跟着UP主看世界,相亲,亲子,离婚,婆媳,婚姻,女性成长",84313,576,851,1029,1515,480,0,0,6798
BV1EMhAzYELy,114941596014114,1,76,2152,美食制作,美食记录,http://i1.hdslb.com/bfs/archive/78407d0aebc77e3b741d5b3d938259c200c4e1b3.jpg,小伙在北京打工挣到钱了奢侈一把吃麦当劳汉堡炸鸡，真开心,1753869721,348,272654283,咸鱼梦想家vlog,https://i0.hdslb.com/bfs/face/567a3dfeeddcfb96ae643bc3d8f6c5e5587830e0.jpg,2529148,"生活记录,记录我的美食日常,汉堡,炸鸡,麦当劳,出租屋,外卖",936041,2339,1092,16247,4722,1373,0,0,65892
BV1u68zzWEmP,114943458283367,1,65,2071,网络游戏,射击游戏,http://i1.hdslb.com/bfs/archive/2dc035e01ff9ba974ff6a48f25ab5a813fb0d2d5.jpg,当你结束了糟糕的一天后打开了三角洲,1753930800,90,12705018,NinthA-,https://i0.hdslb.com/bfs/face/90fbf5732bd3bffd6a4d094acec17d30756f581e.jpg,188685,"猎奇,三角洲行动,伤感,三角洲破壁新赛季上线",1546149,451,1630,6589,1028,8034,0,0,58418
BV12Vt7zyEG7,114973539833566,1,22,2207,鬼畜调教,随拍·综合,http://i0.hdslb.com/bfs/archive/13bedaed1d4988110f8e792542ab012428dabe6d.jpg,【FM83.0 无止境基米电台】Day3 纯净哈基米,1754365800,1328,7810173,せきらん雲,https://i0.hdslb.com/bfs/face/72c52a1838789bcd2555b6b83f4e91dea675ed3d.jpg,34184,"人力VOCALOID,鬼畜,鬼畜调教,可爱,音乐,音MAD,无止境基米电台,曼波,哈基米",34188,2676,568,945,1556,737,0,0,3845
BV1BX8yzSEME,114946209746237,1,17,2078,单机游戏,沙盒类,http://i2.hdslb.com/bfs/archive/f1cc610ccfd66fd8c7d1b193b14c2d05caf06044.jpg,MC最刺激极限追杀！大神Dream VS 旺仔小乔！？,1754042431,488,454644137,xiaozheng562,https://i2.hdslb.com/bfs/face/6816a76774870b960618f987fcf97f7bdab5c4e5.jpg,138927,"美女,沙盒游戏,我的世界,唱歌,猎奇,旺仔小乔,像素风,超级搞笑,dream,极限追杀",525785,1324,617,11741,2233,2447,0,0,45510
BV1TKhpziETj,114952836750177,1,215,2152,美食记录,美食记录,http://i2.hdslb.com/bfs/archive/76a9887983fb49d000b90edab4277f7915f8ac12.jpg,韩国女校食堂5500元自助午饭长啥样？（今儿全是限量菜）,1754213400,131,101682188,理查不会降落,https://i2.hdslb.com/bfs/face/459fcc7f8fcbe5ab0eac2ee1f39b0dc177d46b5d.jpg,1500526,"韩国,草料哥,谷雨,食堂,韩国美食,大学食堂,Vlog",1300808,893,1146,2215,1277,519,0,0,87093
BV159hWzpEAP,114955621761505,1,17,2079,单机游戏,其他游戏,http://i2.hdslb.com/bfs/archive/37e5ab125476c8e422e49aa2a13c971c3dc160ad.jpg,"必须使用""BUG""才能过关的小游戏？！",1754099700,406,344424146,八黄荷包蛋,https://i2.hdslb.com/bfs/face/418e8d799f4fe9c0a5f5215d91f1e82eb37fec18.jpg,10910,"游戏,游戏实况,单机游戏,小游戏,搞笑,Supertype,超级字符,整点电子榨菜",315892,3876,1248,4925,1994,268,0,0,30150
BV1ofhEzCEZE,114952400607365,1,17,2171,单机游戏,动物综合·二创,http://i2.hdslb.com/bfs/archive/a1280bc71174507d3dd028151c25f4c6099f583b.jpg,我是为奶奶分担家务的好猫！,1754380800,248,14576879,里昂聊游戏,https://i2.hdslb.com/bfs/face/5a5d2e7392187a3d76109619d05f7c011c724b95.jpg,1701756,"云鲸洗地机,云鲸轻集污洗地机,云鲸S3Island,云鲸AI免维护洗地机,文静,内向,整点电子榨菜",448341,625,246,7601,1678,154,0,0,19478
BV1fwhGztEBZ,114963406396717,1,76,2149,美食制作,美食制作,http://i2.hdslb.com/bfs/archive/b6997275880350f31a964b0e87c1b86e837af265.jpg,酸甜不腻 糖醋里脊,1754202463,73,11429061,夏叔厨房,https://i0.hdslb.com/bfs/face/2dfc2cbe4222e163af6d405ad4d2f728fe4d0e55.jpg,4410082,"美食制作,美食教程,夏天,美食,烹饪,厨艺,番茄,糖醋里脊,分享",304649,100,390,15452,1025,1525,0,0,31248
BV11HhJzZEFW,114952216053868,1,228,2006,人文历史,AI影视,http://i0.hdslb.com/bfs/archive/d4df3318a47e6e12eda80942fb61b1f3ddc64642.jpg,一口气看完！以郭德纲的方式打开《死亡搁浅》，爆肝33天超长完整版！,1754125200,8470,3546879598005041,替人读书的锅年糕,https://i2.hdslb.com/bfs/face/177fd020b55f780328401d1f8ed359b46d28cef6.jpg,57429,"小岛秀夫,AI,相声,单口相声,剧情向,郭德纲,index-tts,评书,死亡搁浅,推荐宝藏游戏",1399081,2231,1299,40379,26673,11813,0,67,51583
BV1do8kzuEZw,114945605834201,1,21,2112,日常,护肤,http://i0.hdslb.com/bfs/archive/84937866050d3d4d17442535097a853dc88cfecc.jpg,感恩大家对红卫的关心和厚爱！诚邀各位宝宝们来直播间！！！！,1754101800,111,3493082846726757,红卫皂业旗舰店,https://i0.hdslb.com/bfs/face/432d6d062cf8e0f1dc43297b770c70d0caed9aaf.jpg,83766,"国货,正能量,护肤,直播录像,羊脂皂,香皂,红卫",191678,109,312,2103,2742,38,0,0,31529
BV1aq8zzxEKk,114943290574290,1,17,2180,单机游戏,养生,http://i0.hdslb.com/bfs/archive/a9076e211f0a9c92c27a130d94514729f8a96c40.jpg,超重度电脑使用者的个人养生经验,1753895667,552,381287521,湿火药,https://i1.hdslb.com/bfs/face/a068e3cb11f66dfd2f52d31964e32c1305994da8.jpg,704,"健康,电脑,经验分享",197484,550,927,16699,2083,828,0,0,9317
BV1RBtJzKEse,114976056479294,1,17,2066,单机游戏,单机主机类游戏,http://i0.hdslb.com/bfs/archive/9f27dfd2c20080d34fb2e4fd33e5057d5ad13710.jpg,最强勇者背叛了人类！魔王竟然是批量生产出来的？一个人做了14年的独游《神之天平》讲了什么故事 ②,1754395714,1658,7206526,蓝二烟,https://i1.hdslb.com/bfs/face/53a7b595df5b15769c6022ec66337d1e589d2db7.jpg,705066,"独立游戏,神之天平,游戏剧情,arpg,整点电子榨菜",72562,242,207,2929,1906,53,0,0,4102
BV1WhhHz8E6x,114952954189032,1,212,2150,美食侦探,美食探店,http://i0.hdslb.com/bfs/archive/e778784ba2023b17434eab74f17ac4f1a58ad534.jpg,最贵超市vs最便宜超市！100元能买多少东西？差距多大？,1754043216,541,485704862,哇塞几张,https://i2.hdslb.com/bfs/face/5f5d85398893798626b7df9a44efbd0dd0215e21.jpg,2044996,"美食,生活,搞笑,测评,吃货,vlog,舌尖真探事务所,超市,美食测评,探店",1608319,6144,374,4954,1211,557,0,0,13602
BV1UDt7zJEsV,114975016293722,1,215,2150,美食记录,美食探店,http://i1.hdslb.com/bfs/archive/8cb507bb5c81b4d2602371eb7faa9063ef694587.jpg,特色烙锅，炒饭免费？狠狠下三大碗饭，一人三碗！,1754387100,622,8680974,干饭三健客,https://i0.hdslb.com/bfs/face/cf67c074588b1524389f371665b4f687cf6315b6.jpg,1723576,"烤肉,折耳根,三剑客,健身餐,蘸水,酸汤",328206,602,403,1380,1970,1404,0,0,15756
BV1Znh3z4E9U,114964127944540,1,17,2078,单机游戏,沙盒类,http://i1.hdslb.com/bfs/archive/1b40c0a87993f399996ec7f0a27a776e23922fbb.jpg,“挑战跑酷不踩到绿色”,1754213608,160,599112147,清烛MII,https://i0.hdslb.com/bfs/face/9b3c938d35fa410a383f236af6603d1347277cd6.jpg,52926,"无缝剪辑,我的世界,混剪,沙盒游戏,Minecraft,挑战,像素风,卡点",207121,831,656,6965,6753,443,0,0,35126
BV1GJtjzQEVc,114973858600120,1,75,2171,动物综合,动物综合·二创,http://i2.hdslb.com/bfs/archive/a634c1cfcdc0f54d526a8fbf31fcbcdd2a6e140a.jpg,探访亚洲最大淡水水族馆！新加坡河川生态园！,1754386200,1161,240852096,爱养鱼的卓林,https://i0.hdslb.com/bfs/face/05714fe5ebf7024da7c4f3bf31c184806d677124.jpg,218442,"水族馆,南美,海牛,观赏鱼,肺鱼,新加坡河川生态园,恒河鳄",136089,504,290,2826,1090,303,0,0,5439
BV1MVtgzaEym,114969345525103,1,193,2031,MV,明星舞蹈,http://i1.hdslb.com/bfs/archive/d8cae4207dcef765e47451f3c9d008d3ad90b9ab.jpg,【沈佳润NINA】'FREEZE!'Dance Practice,1754293614,182,3546924468668626,真的沈佳润Nina,https://i1.hdslb.com/bfs/face/8c5d0611477cf29ec7516640cbead8b019954aef.jpg,220359,"音乐,4K,MV,NINA,Freeze,沈佳润,KPOP回归前线",214141,285,424,1256,2042,118,0,0,18130
BV1r9hnzREDG,114953625279381,1,86,2041,特摄,动漫剪辑,http://i1.hdslb.com/bfs/archive/c19f9a71407f13355ba37d6bea81a45e81273591.jpg,【𝟖𝐊/𝐇𝐃𝐑/𝟏𝟐𝟎𝐅𝐏𝐒】太空服白月魁vs嵌合体马克太空战,1754069173,179,675872284,IM闪电,https://i1.hdslb.com/bfs/face/678d87055389a45c74bd659afd935781310029fa.jpg,125877,"白月魁,灵笼第12集,灵笼白月魁,动画种草激励计划,嵌合体马克,灵笼太空战,灵笼12集白月魁vs马克,太空战,马克,灵笼",656197,533,1981,7636,3351,3890,0,0,17606
BV1pvhWzvETq,114953944042233,1,182,2001,影视杂谈,影视解读,http://i1.hdslb.com/bfs/archive/1401c818dd5229de7020af184ad579094452bdbe.jpg,“开端”从未开始，真相就藏在开头！不怕剧透的颠覆性解读，十万字细嗦《开端》上,1754105400,13117,479820935,不善言辞的秃秃,https://i2.hdslb.com/bfs/face/93d7f42e08ef889f097de4992adf72fa5e571547.jpg,994807,"悬疑,白敬亭,剧情向,推理,影评杂谈,拉片,解读,开端,赵今麦,好剧好片重刷榜",793292,12111,2316,20889,20946,1587,0,0,41352
BV1vAtgzuEzZ,114969731469551,1,17,2071,单机游戏,射击游戏,http://i1.hdslb.com/bfs/archive/69b7adedf65b15f0ce8bfc9a410d8ec4394a5ebe.jpg,国产游戏这么整!策划你是真猛啊！？,1754302975,377,154113956,日向源,https://i2.hdslb.com/bfs/face/af84c1e8c480b7affe71d989104776f586a855b4.jpg,1377073,"射击游戏,游戏杂谈,国产游戏,腾讯,搞笑,枪战游戏,肉鸽,沙雕,动作游戏",165226,1738,77,1942,1090,16,0,0,4369
BV1hD8CzAEL7,114947166114412,1,95,2102,数码,摄影摄像,http://i1.hdslb.com/bfs/archive/d7705fa9745d00e89978a4098be2b2cccc108d96.jpg,硬刚影石？大疆OSMO 360好用吗,1753963200,798,946974,影视飓风,https://i0.hdslb.com/bfs/face/c1733474892caa45952b2c09a89323157df7129a.jpg,11776898,"科技猎手,相机,数码,摄影,4K,科技,DJI OSMO 360,DJI,大疆,全景相机",1369928,5091,3180,11797,18947,10127,0,0,73672
BV1PjtMzQEia,114968741547254,1,243,2026,乐评盘点,乐评盘点,http://i2.hdslb.com/bfs/archive/1499299ffd1bd11cc22545535cc719c2ea4628fb.jpg,歌剧老师锐评《歌手2025》第十二期（下）,1754286359,3277,379028503,铁豆钢蛋,https://i1.hdslb.com/bfs/face/569265fc866f986a85d542067c5298f954aab4fd.jpg,231521,"白举纲,reaction,者来女,alexia,歌手2025,铁豆钢蛋,抽象,beni,锐评,一起看歌手2025",234447,9733,2112,996,3355,194,0,0,8242
BV19CtMzAEKo,114968456338016,1,47,2037,同人·手书,同人动画,http://i0.hdslb.com/bfs/archive/0775e24e0ba94296fbafe89d6a183171e951a286.jpg,《虾仁仙界篇》第一集：耗时8888小时制作，一口气看到爽！,1754279635,3781,3546948315384656,虾十七_,https://i2.hdslb.com/bfs/face/b79c05d925531b40b3c0af4307564490f9b5c604.jpg,9643,"微电影,原创动画,剧情,动画,二次元,新人动画,虾仁动画,国创动画,一口气看到爽,修仙动画",67895,311,204,1988,825,44,0,0,2580
BV177huzDEtN,114963322505348,1,215,2149,美食记录,美食制作,http://i0.hdslb.com/bfs/archive/376ebe7dbfb467f81fac348b999d63bac59c1382.jpg,吃不完的大米粥做成梦龙巧克力蛋糕，糊弄小孩绰绰有余,1754215325,113,1201986019,留意炫饭吖,https://i1.hdslb.com/bfs/face/f4fa26aea4b9077bb23844ceb296e8736027b2fe.jpg,1447251,"甜品,萌娃,谷雨,Vlog,我的养娃日记",1016839,549,382,5835,823,980,0,0,78522
BV1FNh5zNEHH,114966359185652,1,137,2018,明星综合,音乐现场,http://i1.hdslb.com/bfs/archive/45b51ee0292a9b2bd33de45ff31dbf75dd705ab8.jpg,【宋雨琦】250802 KCON LA 《没有明天》直拍 4K直拍精剪,1754249297,235,3546887695108651,CLFE0923,https://i1.hdslb.com/bfs/face/3f6205fcfa7bc01709ada38e0f072b75d0875dc9.jpg,2349,"没有明天,4K,舞台,直拍,宋雨琦,(G)I-DLE,4k直拍,4K超清直拍竞赛",408835,10278,11506,10314,15306,7158,0,0,29789
BV1arhPzfEW1,114959631516157,1,65,2071,网络游戏,射击游戏,http://i2.hdslb.com/bfs/archive/1701b8ff07fd8fdf69e149b58264902b205f6e26.jpg,小蓝大紫怎么取舍？哪个到手纯哈夫币最多？物品单格价值排行一图流,1754145055,179,3546927832500833,鼠鼠博士-三角洲行动,https://i2.hdslb.com/bfs/face/dd1bace83e6d3f8ffc09dc6348ffe5fe6c5b4fbe.jpg,23880,"三角洲行动,哈夫币,鼠鼠博士,新手必看,教学攻略",549371,2448,694,12409,1604,2645,0,0,41172
BV1dVhAzFEdC,114941612922357,1,220,2171,动物二创,动物综合·二创,http://i2.hdslb.com/bfs/archive/c1e844be5c130e7bba6f4378d9758412111f88e7.jpg,那些动物们的用餐时间！,1754040600,479,43484780,蒙哥马利愛学习,https://i2.hdslb.com/bfs/face/e13340353698301f500dc66a0328d1a8e38c9e75.jpg,673577,"动物,汪星人,动物世界,喵星人,搞笑动物,可爱动物,神奇动物,萌宠日常,动物观察,萌宠过暑假",532816,913,198,4443,901,716,0,0,35661
BV1aThJzMEry,114952585087100,1,253,2042,动漫杂谈,动漫评论,http://i2.hdslb.com/bfs/archive/70771d2df8e34062e872543c7dd543c4ee45c26b.jpg,[TV2] 比出轨更恶劣的事情，是什么？2025年7月新番大爆炸（下）,1754107200,1494,213741,中二电波台,https://i0.hdslb.com/bfs/face/db0aa74aae63072afb19ad97525dbb003cfab0c1.jpg,306204,"动漫杂谈,TV2,新番,恋人不行,动画种草激励计划,明天，美食广场见,七月新番,和雨和你",239074,3370,1153,3189,3870,1475,0,0,10936
BV13fhczDEfM,114940270679309,30,172,2064,手机游戏,单人RPG游戏,http://i1.hdslb.com/bfs/archive/ff5810c4de2255fd6de4f99df754c94732d1b465.jpg,【原神5.8·悠悠度假村一条龙】全宝箱/火神瞳/任务/成就/摩拉箱一条龙全收集/悠悠度假村,1753849446,10893,484281260,提瓦特高级特工穿山甲,https://i2.hdslb.com/bfs/face/8633d84ea7630a438996a50a1f9acc2d249f4716.jpg,399095,"原神5.8,火神瞳,原神5.8版本,#原神纳塔,绘夏烈日度假村,游戏鉴赏家,原神高能团",1132867,4682,2056,18991,11359,2048,0,0,17850
BV1Yhh3zSEvC,114963742001861,1,212,2150,美食侦探,美食探店,http://i2.hdslb.com/bfs/archive/5eed00ca187d64fc3b79b6ab598e9a349474505d.jpg,街边酱多多糖醋铁板烧，配上豪华寿司饭张力拉满！,1754215200,444,6087825,小紧张的虫虫,https://i0.hdslb.com/bfs/face/946c1bfb362b53a834daa5bde15c2cb2b1e58c4d.jpg,4947005,"美食侦探,美食,美食vlog,美食探店,挖掘身边的宝藏小店",474133,650,243,2620,2361,541,0,0,21291
BV1kxtJz5ES3,114974311584724,1,130,2026,音乐综合,乐评盘点,http://i0.hdslb.com/bfs/archive/31713dde16ed7a704add8d535491f7867ada14a2.jpg,【锐评】薛之谦新歌《金斧子银斧子》！给我吓疯了！,1754369113,396,8299159,特别厉害的祁奕翔,https://i1.hdslb.com/bfs/face/23a349f7d165634d9ad807a834ff01e2e8b3c800.jpg,643461,"音乐分享官,电子音乐,薛之谦,好听,REACTION,乐评,新歌,金斧子银斧子,薛之谦新歌",157918,497,869,991,553,163,0,0,6764
BV1AQh3zKEeb,114963792269225,1,243,2009,乐评盘点,娱乐评论,http://i0.hdslb.com/bfs/archive/2e0f4c64a7c148e847c12542e6c35ddf56d20027.jpg,一个树立全美性犯罪标杆的R&B天王,1754208458,557,386435204,我是NOPEACE,https://i2.hdslb.com/bfs/face/f347784289ca1f70737a9ddb9d70cb83ce7f2dd7.jpg,67930,"犯罪,说唱,欧美音乐,社会,欧美说唱,娱乐八卦,娱乐吃瓜大会",2687028,2668,1141,27327,7528,2865,0,18,170154
BV1wMh8zEEZF,114958624954675,1,161,2183,手工,助眠视频·ASMR,http://i0.hdslb.com/bfs/archive/f46c4b651cd900bacd395b5b83908e2c264e2883.jpg,饭后你想来点什么呢？ ASMR,1754129491,71,8399798,Aismr_,https://i2.hdslb.com/bfs/face/24b362b243c9b0206be406fcc6636c34e6627a18.jpg,78929,"安眠向,催眠,创意,助眠,耳机,asmr,解压,放松,触发音,极度舒适",492180,299,298,11537,582,789,0,0,45820
BV1fA87zuEJ7,114929801692416,1,137,2015,明星综合,娱乐综合,http://i2.hdslb.com/bfs/archive/8d62be26755a71e1e9bb2105765a5b7d4dc570f0.jpg,【视频播客】《左边风很大》正式上线！短剧女王首次公开业内流量密码！,1753869691,3588,427410406,大左,https://i1.hdslb.com/bfs/face/92404e49440c1ecb3d2dd469aaa641f9b9946914.jpg,66731,"视频播客,上B站看播客",1217454,911,763,7210,1599,590,0,0,17180
BV1LftnzrEk1,114975435721593,1,86,2154,特摄,剧情演绎,http://i1.hdslb.com/bfs/archive/62c754aa315a348eaac82e77ad9ca680acdaca06.jpg,决斗！特效小哥大战六二二！,1754387109,229,3066511,特效小哥studio,https://i1.hdslb.com/bfs/face/6ec724a9cccb64d4e93dc1c25aea6608ac72abde.gif,4469967,"COS,美少女,搞笑,特摄,假面骑士,特效,龙珠,金铲铲天下无双格斗大会",149533,978,205,993,549,223,0,0,11828
BV1xdhPzJE25,114959816070343,1,172,2064,手机游戏,单人RPG游戏,http://i2.hdslb.com/bfs/archive/17271b21fef1568bbffe9bf3ba42356f6f52225e.jpg,【明日方舟】斩业星熊实战测评：实力为超大杯上，维什戴尔的时代并非不可复刻！强烈推荐抽取！,1754147815,1028,1683678,人好嘴甜凯尔希,https://i0.hdslb.com/bfs/face/a07e51ca13ccf7d1040b39b0bb06e169578d0365.jpg,228916,"明日方舟,异格星熊,斩业星熊,斩业星熊测评,遥,实战测评,墟,干员测评,泰拉探索协会,明日方舟创作者应援计划",888893,2566,6454,3129,3692,4494,0,0,23764
BV1fH8Uz4Ep6,114948491450364,1,253,2042,动漫杂谈,动漫评论,http://i1.hdslb.com/bfs/archive/5e6be636e473b9145b29de43f331949ea1247a69.jpg,路飞最爱的女人找到了，“对称法”显示不是日和便是布蕾,1754234100,254,399371786,阿金很忙,https://i2.hdslb.com/bfs/face/382acd514366887df40a8d5c5a093da939586f3f.jpg,233008,"海贼王,索隆,草帽海贼团,路飞,罗杰,雷利,女帝汉库克,罗杰海贼团,光月御田,bilibili次元论战",240623,530,1280,889,683,405,0,0,8211
BV17ftnzrEeA,114975435723562,1,253,2001,动漫杂谈,影视解读,http://i1.hdslb.com/bfs/archive/111394749ec350512fe3a772af3aa304640dc839.jpg,以前电视上那么多，为啥现在基本没人拍儿童剧了？,1754394060,828,1405515989,The梁某人,https://i2.hdslb.com/bfs/face/20a2bea9a0568c614e1decac58f77fcb7525fa33.jpg,1263104,"电视剧,童年,童年回忆,郑伟,黄誉博,儿童剧,星际精灵蓝多多,好剧好片重刷榜",201423,1223,875,2270,1207,175,0,0,13235
BV17whczfE57,114940622933266,1,215,2152,美食记录,美食记录,http://i2.hdslb.com/bfs/archive/9a0ec625a1e0fb6de3b35aaf4ade7cda10b6e395.jpg,香到飙泪！！10斤辣炒海鲜拼盘暴风吸入！！,1753877090,401,167516214,不挑食的小太子,https://i0.hdslb.com/bfs/face/c5c5b975e558dae76dab0128653b55729f081831.jpg,346628,"海鲜,吃货,美食vlog,记录我的美食日常,海鲜大餐,Vlog,波龙,章鱼足,猫眼螺",320202,627,286,1420,1059,539,0,0,14260
BV1CN82zhE9o,114947568829852,1,124,2088,社科·法律·心理,社会观察,http://i0.hdslb.com/bfs/archive/9c0c2dc4442207caec0d4610e5fc974c1c0dbdf2.jpg,旺仔小乔会有什么法律风险吗？,1753961011,189,3546584625186941,183的冯律师,https://i2.hdslb.com/bfs/face/a4c8c5f2d5aaa44932f7145010edfcca2a21ffc0.jpg,938825,"法律,律师,旺仔小乔,普法,法师,抽象,法律咨询,法学生,法律观察局",1324193,2159,3805,9645,3313,697,0,0,105277
BV1Cwh8zHEZz,114958960430877,1,168,2063,国产原创相关,鬼畜综合,http://i1.hdslb.com/bfs/archive/ae89a7e1dda3745ca53b93283847525c1791e771.jpg,“还记得这对小丑反派吗”,1754193300,161,383890510,消失的四次元口袋,https://i1.hdslb.com/bfs/face/ec8a714102548bc6c244d824638028a829dd5ae8.jpg,103561,"人力VOCALOID,童年,黄绿合战,黄绿合战10th,泪目,开心超人联盟",129689,101,376,1849,2875,177,0,0,10116
BV1uchszmEUA,114955806312566,1,171,2071,电子竞技,射击游戏,http://i2.hdslb.com/bfs/archive/162ebd4580af2b9789f4074832e86d4f7856db8d.jpg,三个被缴了枪的鼠鼠，做梦也没想到，这局居然如此美妙,1754086825,228,696950948,冰茶电竞,https://i2.hdslb.com/bfs/face/67571b1cbd53f79a258b36eefbf0cf0e3febcbd7.jpg,52597,"电子竞技,射击游戏,三角洲破壁新赛季上线",1367596,398,2507,9170,698,3023,0,0,70102
BV115tJzQEi8,114974160588112,1,21,2032,日常,国风舞蹈,http://i1.hdslb.com/bfs/archive/afef08d413a4b169b6a3876300fbaa6f85889a01.jpg,“家人们！真·沙漠蹦野迪！！跳完后竟遇到这样的事…”,1754369322,99,35579222,紫颜-小仙紫,https://i2.hdslb.com/bfs/face/e7f135eb2da6407fa1d5f63fea631e92a01876db.jpg,1663743,"4K,中国风,中国舞,淘宝闪购请你喝秋天第一杯,淘小宝ChinaJoy在线炒菜,淘宝闪购cj请客二次元,淘宝闪购立秋请客二次元,天竺少女,紫颜,我在漫展跳宅舞",265853,1345,406,5595,1976,186,0,0,22197
BV1Qx8yzMEzJ,114946578843004,1,138,2155,搞笑,语言类小剧场,http://i2.hdslb.com/bfs/archive/4af11ece2374284f9b7755a47fe03b6b231da758.jpg,《感觉车里坐满了人》,1753956000,109,3493260618106936,伤心欲茄222,https://i1.hdslb.com/bfs/face/1f0cb64d9b62da7db7e6e020b78b6872dbffe55c.jpg,3273514,"搞笑,八嘎,配音小剧场",2592214,2363,5185,17763,11502,18148,0,26,294778
BV155hAzbEUW,114941528907662,1,219,2168,汪星人,狗,http://i1.hdslb.com/bfs/archive/3967ab8d64939a979b7eb7736e21c146caa5ba38.jpg,小狗为什么烦爸爸,1754301600,58,1595633891,鱼仔是真的狗,https://i2.hdslb.com/bfs/face/c628b0118d8d12a8b360058fc3ca8a1ac9c639b9.jpg,767110,"狗狗,边牧,汪星人,萌宠,牧羊犬,小狗,爸爸,小奶狗,萌宠过暑假",475731,126,171,1501,613,740,0,0,46513
BV1EAhGzZEw9,114963389678075,1,138,2142,搞笑,体育综合,http://i1.hdslb.com/bfs/archive/9c10a4bfdb908a5c58db157220114f924dcb1d3a.jpg,创意工坊之你们要的拿去～,1754203871,79,3546909580987309,弗雷尔卓德-杨辰,https://i1.hdslb.com/bfs/face/e59912641ba4cbaadb857e30085b15cf4dcc6819.jpg,246787,"创意,创意工坊,弗雷尔卓德",1294696,570,1312,3679,1430,4644,0,0,75893
BV1hXhgz1EDL,114964228476906,1,208,2084,校园学习,应试教育,http://i2.hdslb.com/bfs/archive/b14c9eafef1fa9873db8dc3f635556b10eda85f8.jpg,【不朽经典】一个厕所里的概率顶级模型，适合所有高中生食用。,1754215379,1632,3546677042481210,数栋本栋,https://i0.hdslb.com/bfs/face/134ca2b6eff0da601c56d12c63815691400f1830.jpg,142956,"数学,学习,高考数学,排列组合,概率,概率统计,压轴,学习心得,全国一卷,新高考",144124,236,236,10197,514,657,0,0,33253
BV1pQt3zsEpK,114970419270209,1,17,2078,单机游戏,沙盒类,http://i0.hdslb.com/bfs/archive/3f50ba0234117243818fda03b3449baea52cb398.jpg,BTW比狼好德爷求生噩梦模式第二期：第一个月圆之夜竟然刷了这么多血尸，我的天真的是太难摆脱了，这里的生存仅仅是打吃的就非常的麻烦。,1754309492,495,1357768667,青蛙o-o,https://i2.hdslb.com/bfs/face/a312d641eb3db888096e0186cbdf3658ac92ee7d.jpg,98574,"生存游戏,我的世界,游戏解说,沙盒游戏,实况解说,德爷,BTW比狼好,噩梦模式,像素风,推荐宝藏游戏",598456,304,147,6830,942,102,0,0,26304
BV1jU8SzZEWJ,114949481305762,1,65,2071,网络游戏,射击游戏,http://i0.hdslb.com/bfs/archive/3dde821167bd673184aaa67dafcd24b6ddb9d09e.jpg,一秒变异！幽默静步男的正确打开方式！,1754022600,208,331514361,苏醒游戏解说,https://i0.hdslb.com/bfs/face/dd578b65eb0a8beaff6f4677c76cf9cfc0ce75b4.jpg,694096,"FPS,娱乐,搞笑,三角洲行动,夺舍,三角洲破壁新赛季上线",1036610,692,916,4115,503,1031,0,0,38204
BV1xFhuzAE2L,114961376349318,1,218,2167,喵星人,猫,http://i0.hdslb.com/bfs/archive/47b6cb5494a9aae8001c655201df9f0ab916a2c8.jpg,沉浸式清洁猫屋 yue版,1754171564,138,16301219,小伙子软软,https://i2.hdslb.com/bfs/face/99276122a13f651c730aa1e295e9faa47d8e8a2c.jpg,60265,"喵星人,我和流浪猫的故事,解压",155692,290,183,1496,25254,111,0,0,39287
BV1FetGzdE55,114969949507361,1,218,2167,喵星人,猫,http://i2.hdslb.com/bfs/archive/9a62579095bbfd36656f6b937567fd6f5ee7c456.jpg,哈基米你…还是燃尽了吗,1754302346,10,41519542,短腿小拖宝,https://i1.hdslb.com/bfs/face/4aa756d79a51aab149e4e5ae152587b439534e0f.jpg,584219,"喵星人,动物总动员,哈基米",1476993,342,1602,15740,683,6858,0,0,119540
BV1GutgzNEvg,114969395860253,1,137,2014,明星综合,娱乐综艺正片,http://i0.hdslb.com/bfs/archive/3f2969b181312eca1bd0d41da18422f2b6432d3b.jpg,【时代少年团】《小炸的暑假生活》03：暑假拍了部偶像剧,1754301600,1740,3546630773016865,时代少年团,https://i1.hdslb.com/bfs/face/cffb453787f60a1f13cd49deecc5974e2dad40ff.jpg,3404202,"时代少年团,小炸的暑假生活",940296,235021,3044,14079,15050,2122,0,0,55063
BV1nrhWzhEBM,114953876935825,1,228,2089,人文历史,时政解读,http://i2.hdslb.com/bfs/archive/e0893e23d1dc85fdff32b77a0e8dd9be29c320d5.jpg,顶级权谋还是菜鸡互啄？泰柬冲突竟是东南亚版的继承者们？,1754096400,1073,1140672573,小王Albert,https://i0.hdslb.com/bfs/face/f9bb5dc9b5dcb3c90f9662e44fca9a7506584151.jpg,4160190,"社会观察局,泰国,妙瓦底,佩通坦,泰柬冲突,柬埔寨,东南亚,洪森,电诈,洪玛奈",2049622,6389,1765,15908,20749,1768,0,80,89403
BV1zQhjz6EsR,114966677951598,1,172,2079,手机游戏,其他游戏,http://i2.hdslb.com/bfs/archive/2e98503a5dce6f21449bbd6e3dd8d516871e3f87.jpg,《虚环》PV02丨21分钟实机演示,1754272800,1258,320070259,虚环,https://i1.hdslb.com/bfs/face/03a934aefe4d871e8b4bb50c45dabd7101e12cc9.jpg,337125,"虚拟偶像,游戏,养成游戏,策略游戏,手机游戏,动作战斗,实机,V圈,虚拟主播,Vtuber",10688915,93802,32144,66037,46617,140983,0,1,279637
BV1GMtGzCEGw,114970167610465,1,65,2071,网络游戏,射击游戏,http://i2.hdslb.com/bfs/archive/d803eb6880f6ae50df1056f9db77cfc4b20d67bc.jpg,运气好罢了,1754305839,66,3546872648042732,王一七天下无敌,https://i2.hdslb.com/bfs/face/a8d7a265ac84ac66a3b0558bb53e2a78261cd2db.jpg,94276,"和平精英地铁逃生,鼠鼠大战机甲,和平精英",315516,101,86,9761,751,16,0,0,13021
BV1MahNzREwF,114959144983991,1,22,2063,鬼畜调教,鬼畜综合,http://i0.hdslb.com/bfs/archive/98f93cb69bdc14a21e256fb254d6eb7cfe3e9f49.jpg,“发给MC老玩家，并什么都不说”,1754279700,181,28284160,我叫瞬哥qaq,https://i1.hdslb.com/bfs/face/39a3498888d90307373821ed7ad933567babb4c9.jpg,707076,"我的世界,演奏,籽岷,沙盒游戏,单机游戏,Minecraft,音mad,回忆向,老玩家",220139,502,1050,11872,9588,7608,0,0,42946
BV1X5hGzJEXr,114963540614497,1,65,2073,网络游戏,动作竞技游戏,http://i2.hdslb.com/bfs/archive/7588bec3a5aa017c87f76cee1429c7aaaffab775.jpg,化美观为实用——个性动作,1754204652,131,1402139760,名红蝶香水,https://i0.hdslb.com/bfs/face/b35911a1cefb49fb9da1653ac81e36160dabadaf.jpg,288432,"第五人格,教程攻略,竞技游戏",345468,134,233,13079,5853,596,0,0,34791
BV1j48qzsEKj,114942569092887,1,182,2001,影视杂谈,影视解读,http://i1.hdslb.com/bfs/archive/8aed970f5d34ca2058e6ce3a5bf1158f765b7566.jpg,一不小心就被全球观众喜欢了45年……,1753884790,2210,927587,木鱼水心,https://i2.hdslb.com/bfs/face/e922d9dc09a2d21f1400ad0f02f75ecf1b3575c8.jpg,14309473,"木鱼水心,政治,英剧,英国,喜剧,是，大臣,汉弗莱,是，首相,一千零一部,好剧好片重刷榜",2359036,5935,2744,59462,64132,4970,0,10,141397
BV1z5t3zSEYu,114968942877818,1,172,2078,手机游戏,沙盒类,http://i0.hdslb.com/bfs/archive/6b60bbf5361cee49a281cff65e5b50fa75b8b3b5.jpg,我的世界跑酷，但是屏障2.0,1754287004,81,599674056,糖叶爱吃糖,https://i0.hdslb.com/bfs/face/01441c8e82a080811fd87a5113108feb1447bf84.jpg,14902,"沙盒游戏,我的世界,跑酷,我的世界跑酷,我的世界手机版",606536,1359,2270,3400,1845,418,0,0,35439
BV1ith3zQE5k,114964111104762,1,254,2187,亲子,人际关系,http://i0.hdslb.com/bfs/archive/2c530d89ee06638c5d449bb9f0d96ee0cdc19e69.jpg,怼人万能话术,1754213441,72,16414997,一点就炸B站号,https://i2.hdslb.com/bfs/face/515896c05bb03599c0765b28657d363098d90d40.jpg,1020818,"日常唠嗑,人际交流,自我成长,认知思维",254794,239,561,9240,903,517,0,0,30349
BV1gxb1zNEQx,114909031568246,1,228,2087,人文历史,商业财经,http://i2.hdslb.com/bfs/archive/f63d449a5eb3168a3ea4d31259a5d07342f7d43c.jpg,一次加拿大租车被坑经历，让我明白了美国中产都是怎么破产的！,1754125200,1154,3546730274491161,尖峰苏打cfz,https://i0.hdslb.com/bfs/face/48858fa59dc860e29adea078cd04a8e825554097.jpg,160050,"财经,美国,加拿大,跟着UP主看世界,出国,移民,经历,旅行攻略UP主激励计划",326045,2425,4008,4942,3644,2237,0,0,13840
BV1sMhpzNEmQ,114952820032861,1,253,2042,动漫杂谈,动漫评论,http://i1.hdslb.com/bfs/archive/b282dfab5e3701abe3d82c1ca8a6b23e262b6caf.jpg,灵笼最狠的一集！破解攻腥计划！【灵笼2】12逐帧解析,1754042106,1313,7946432,利维坦mY,https://i2.hdslb.com/bfs/face/eafd73061a55531503353e7ecf8ff9c184d52241.jpg,1727784,"动漫杂谈,解析,白月魁,友望,灵笼 第二季,动画种草激励计划,马克,国漫,灵笼,老坦",1796340,8530,9566,17697,53155,9045,0,42,99568
BV12B8gzwE6u,114925087232648,1,182,2001,影视杂谈,影视解读,http://i1.hdslb.com/bfs/archive/0bcb6f0a08d625e0a1c21b0995e2fbb2f899942c.jpg,豆瓣8.6日恐超神作《向饭沼一家谢罪》逆天改运却害得全家暴毙|TXQ FICTION第二弹,1754041200,1732,170059,AHS放映厅,https://i1.hdslb.com/bfs/face/ef4573d5576707049dda994bdbcd2922d27a1f09.jpg,194613,"都市传说,恐怖片,灵异,电影解说,惊悚,悬疑,伪纪录片,日本,向饭沼一家谢罪",664572,1827,1007,27196,4924,5169,0,0,30860
BV1ibhVzfEYJ,114964866073948,1,85,2154,小剧场,剧情演绎,http://i1.hdslb.com/bfs/archive/0d68150f6ce397a7919ecb1bd09b27f053fef3ee.jpg,《石头剪刀布赢了当皇帝》,1754224863,43,2026548816,乔乔和夫夫,https://i0.hdslb.com/bfs/face/b57ca61dabc302b80dec0ba2195628eac85fb4a4.jpg,2132281,"B站小剧场,搞笑,恋爱,情侣日常",495830,116,259,1981,544,620,0,0,64349
BV1Bht7zAE3B,114973153956948,1,20,2028,宅舞,宅舞,http://i0.hdslb.com/bfs/archive/741a766731f62ebcd0f4745cb2075e7a8a7a87af.jpg,【徐娇】未闻花名Secret Base～生日作～自唱跳【原创编舞】,1754351280,146,6870383,海獭娇娇娇,https://i2.hdslb.com/bfs/face/7b210f2e81fbec726735cb9356a5910c81da7cc0.jpg,572504,"原创编舞,未闻花名,宅舞",596625,1862,1937,2814,10575,565,0,0,34499
BV1JztGzpEE9,114969832134623,1,138,2155,搞笑,语言类小剧场,http://i2.hdslb.com/bfs/archive/95a16d3c2398340ac64b8663a3529593882f3da1.jpg,上班就是一场cosplay,1754391600,198,288387457,小小段砸,https://i1.hdslb.com/bfs/face/ac096215f656f82d552099e0ab06bc86d6bacbaf.jpg,1358236,"职场,脱口秀,搞笑小剧场,段砸,上班就是演戏,上班,工作,搞笑吐槽,Cosplay,溪木源",78634,193,306,906,1795,891,0,0,9961
BV1ZCtGzUEFs,114970050171883,1,172,2069,手机游戏,即时策略游戏,http://i0.hdslb.com/bfs/archive/1cb5bacdfe505c857bda657d658596d605ab5128.jpg,锅炉重做+觉醒锅炉正式上线！全新刑具登场！双雄的新伙伴！,1754304376,947,255117360,错眉,https://i0.hdslb.com/bfs/face/cafe402c80f06b8bd24c14534e37ec3b266003d7.jpg,413932,"策略游戏,游戏实况,手机游戏,皇室战争,卡牌游戏",143693,760,507,572,710,141,0,0,10397
BV1xBtuzxEmV,114967852358734,1,21,2083,日常,综合资讯,http://i1.hdslb.com/bfs/archive/55f991e18fb63b5b4c1e95b831780d63f268f2ae.jpg,“我的一生就是结几个好瓜，献给人民”,1754270609,1303,456664753,央视新闻,https://i1.hdslb.com/bfs/face/2dc9c34444ba9f8e891fdc98e6c331fa3c02d127.jpg,21822988,"西瓜,哈密瓜,吴明珠,8424",263181,4673,1319,3102,6852,716,0,0,65632
BV1yzhjzUEd6,114967080606076,1,27,2044,综合,动画配音,http://i1.hdslb.com/bfs/archive/140fac4ae124f08d39e24060885e994958965146.jpg,压！！！力！！！！！,1754265900,94,3493118460561869,江肥肠,https://i2.hdslb.com/bfs/face/5ad1e69ce0cfea9665b6f2b682fa989e213fa621.jpg,2126931,"配音,爆笑虫子",2006154,714,616,47118,2781,2517,0,100,77059
BV1LyhHzDEvS,114952736083491,1,228,2089,人文历史,时政解读,http://i0.hdslb.com/bfs/archive/baa79fe0c5594bd5a55ae6521696fc39597ef5f6.jpg,欧洲应反思！难民问题为何难以解决，根源到底在哪？,1754215500,780,316627722,世界见闻录,https://i0.hdslb.com/bfs/face/418ca1ae96680bc7d681a842d730e2057955850f.jpg,1709969,"社会,难民,财经,欧洲,经济,国家,欧洲难民",573025,1399,969,4144,2800,263,0,0,33408
BV1RGhWznE1Z,114954195768511,1,228,2088,人文历史,社会观察,http://i2.hdslb.com/bfs/archive/82826fc1eaf200b4ae670c970ae5ab60659f0c7d.jpg,深度解析【释永信】的举报信，大和尚包五奶，内容太炸裂,1754100000,873,486633990,我是江无情,https://i0.hdslb.com/bfs/face/bf667a09070a9345c881ec8e3e6844d8ecb043ca.jpg,2032741,"解析,人物,解说,少林寺,和尚,释永信",345759,985,616,2431,1348,484,0,0,12406
BV1a5hczDEcS,114940757216949,1,172,2064,手机游戏,单人RPG游戏,http://i2.hdslb.com/bfs/archive/95004b24c34edc671d51575b1441a07a078133af.jpg,【原神】畅玩!举目之处皆为画布!·下/纳塔5.8开图主线③/绘夏!烈日?度假村!·其二/彩彩崖/提提岛/原神5.8/纳塔5.8世界任务,1753857236,904,431073645,你的影月月,https://i0.hdslb.com/bfs/face/2e32de7b28fc491a28281a22c6ea9f5d195cbdf5.jpg,8927496,"原神5.8,原神5.8版本,绘夏!烈日?度假村！,提提岛,彩彩崖,畅玩!举目之处皆为画布!,游戏攻略,游戏鉴赏家,原神,原神高能团",687473,1347,827,3725,3040,513,0,0,12138
BV1sfh7zREkZ,114951175868161,1,21,2005,日常,短剧短片,http://i1.hdslb.com/bfs/archive/bb51c6cb4958509a2caf7e06c430b8f84f7420ec.jpg,【短片】后来，我决定不把鸡腿放到最后吃了,1754015966,123,240303701,Yeesa523,https://i2.hdslb.com/bfs/face/39d7d1277ddf0296b9cd26a23afff6446fb3b3d5.jpg,13110,"生活记录,创意短片,人生,电影,短片,vlog",426809,143,486,6202,3088,771,0,0,39468
BV18ChVzJEpf,114964513751386,1,164,2136,健身,跑步,http://i0.hdslb.com/bfs/archive/7967d746b1d13857bb9859963d530571e2ba899f.jpg,今天跑个顶的，丈母家来回45公里，走起#跑步#马拉松#,1754219514,221,702528736,大正爱跑步,https://i1.hdslb.com/bfs/face/675189395d86d5902930bc863feba6a316af736b.jpg,814437,"马拉松,跑步,长跑",200194,298,399,1024,1027,139,0,0,17273
BV1xrh8zREc7,114958322893292,1,29,2018,音乐现场,音乐现场,http://i1.hdslb.com/bfs/archive/965cc9fc833eb631de43ab01ca4fa8a1ba61efc5.jpg,朝阳公园路演，偶遇日文原唱@当山真玲🎬全过程视频,1754125633,471,393114402,北京路演计划,https://i0.hdslb.com/bfs/face/44e44ce4ff07f5194fb47d98f049601f7c98b9fe.jpg,1347,"音乐分享官,音乐现场,LIVE,日语,现场,日语现场,北京路演计划,#当山真玲,朝阳公园,偶遇明星",852592,531,1867,12330,5652,2718,0,0,86032
BV15h8qzQEwj,114942451650615,1,17,2078,单机游戏,沙盒类,http://i1.hdslb.com/bfs/archive/47efb6fdeed06aa830e7783c774d9a9b1eef22f9.jpg,千万别错过！暑假一定要游玩的宝可梦服！我的世界神奇宝贝！,1753882712,113,32135172,晓凯少爷,https://i0.hdslb.com/bfs/face/91266fac85099c3363fbe207dbeedfd535b7dfec.jpg,63597,"宝可梦,沙盒游戏,我的世界,服务器,我的世界宝可梦服务器,我的世界服务器,像素风,我的世界神奇宝贝,我的世界神奇宝贝服务器,新服开荒",450969,414,669,19275,16659,345,0,0,67599
BV1KatjzCEMH,114973992820518,1,205,2083,社会,综合资讯,http://i2.hdslb.com/bfs/archive/b1a46905b51f1f29b9c68585985c8f271e6f69a0.jpg,【1818黄金眼】就没见过比我‘非’的！600多抽的沈星回与宣传不符？,1754364058,250,354077280,1818黄金眼,https://i0.hdslb.com/bfs/face/30f3ff3f2af66abbbcc6a93c8b65e7886d33b88c.jpg,914340,"手游,抽卡,社会,氪金,恋与深空,沈星回,1818黄金眼,乙游,资讯直通车",151275,1594,2759,1293,3167,6231,0,0,7161
BV1P3hpzAE9s,114954598357507,1,250,2158,出行,旅游记录,http://i0.hdslb.com/bfs/archive/d9879d67fbb99281f17ea0d117d2738f0dde6448.jpg,全世界最贵的城市，人在香港，已经破产！,1754125200,286,389988163,马佳PopMatta,https://i1.hdslb.com/bfs/face/67c13efa4ca56ddf4af0dcb52c759a641ab6bda7.jpg,1406650,"生活记录,香港,跟着UP主看世界,贵,记录,城市",417881,2098,2140,1845,1434,1218,0,0,34090
BV17r8mzREou,114948726330736,1,126,2063,人力VOCALOID,鬼畜综合,http://i0.hdslb.com/bfs/archive/d1a75ac59decc83f242ce6538058b9f7a16da8d2.jpg,虎 哥 锐 评 旺 仔 小 乔,1753978513,92,24285551,M_SX,https://i2.hdslb.com/bfs/face/9a9b28bfdd1bb25b0130b1136152983d5da19c6b.jpg,124045,"搞笑,鬼畜,东百往事,旺仔小乔,虎哥,整活,鬼畜剧场,黄绿合战10th-黄队应援",354799,338,500,3345,590,868,0,0,11375
BV1KitEzUEjg,114974848455889,1,182,2001,影视杂谈,影视解读,http://i1.hdslb.com/bfs/archive/08e61c2cd79ee2e913ba7bb285d3e1b70a38d613.jpg,黄飞鸿这个IP是怎么走红的？70多年前的首部黄飞鸿电影到底多有料？ | 漫谈黄飞鸿电影【01】,1754388000,2819,14079696,Kimo桑,https://i0.hdslb.com/bfs/face/c3ef6a7c7ba86edb41f95cd9cd49ddbe8f79de6f.jpg,502538,"武侠,香港电影,成龙,动作电影,胡鹏,粤语残片,黄飞鸿,曹达华,关德兴,万字拉片大赛",74172,1251,326,1138,1082,74,0,0,4765
BV191hbzAE5z,114958943656193,1,172,2079,手机游戏,其他游戏,http://i2.hdslb.com/bfs/archive/80441f6900184e91d2487d027218fad033621220.jpg,【FGO棉被】学姐实战机制详解！年度必抽榜第一的含金量  含高难＆90++周回实战分析,1754134355,1296,6014992,叫我棉被,https://i1.hdslb.com/bfs/face/e9e613fd43bac62672a5e4c828a07fe155c1965a.jpg,1835069,"FGO,fate,希耶尔,迦勒底创作高能团,梅林,fgo,角色攻略,90++,杀狐,命运-冠位指定创作者激励计划",246166,1576,2258,5297,20228,1235,0,0,23286
BV19fhAztErD,114941042364514,1,182,2001,影视杂谈,影视解读,http://i2.hdslb.com/bfs/archive/1a90fc85207237a7fd0e0fc56f3586ac6254ea80.jpg,霸总的好演技VS影帝的烂演技,1754050080,1359,13245875,长颈鹿不护短,https://i2.hdslb.com/bfs/face/a34a0775ec9ef046e1a75593348fcffe5a4c0461.jpg,73766,"王子变青蛙,对比,电视剧,吐槽,演技,爱情睡醒了,翻拍,台偶,霸总,影视IP观察室",444674,2813,3438,5197,5491,1532,0,0,16558
BV1Pht5ziEMK,114971090355941,1,65,2071,网络游戏,射击游戏,http://i1.hdslb.com/bfs/archive/3f2f09673e2a762b97bd6bd3afa671c202f99487.jpg,剥蒜的情谊42.0,1754362800,104,12705018,NinthA-,https://i0.hdslb.com/bfs/face/90fbf5732bd3bffd6a4d094acec17d30756f581e.jpg,188685,"猎奇,二手推荐,三角洲行动,三角洲搞笑,二手手机,转转",433149,3783,296,2746,527,802,0,0,26474
BV1WJtMzSEpE,114968640947553,1,212,2150,美食侦探,美食探店,http://i0.hdslb.com/bfs/archive/1e64fec99f36b491e277ed5beddf5db8e5684005.jpg,来了贵州的这一口酸汤，绝对是不能错过！,1754298300,183,662658732,玲子reiko-,https://i0.hdslb.com/bfs/face/a8d629cf26aadac92df23448177860842cc8e133.jpg,1769038,"记录我的美食日常,贵州,探店",236251,112,496,1334,537,1255,0,0,23910
BV1PEhPz1E3n,114959950354681,1,256,2039,短片,cosplay,http://i2.hdslb.com/bfs/archive/31fb73707a7866e5f84c65c736bd595667d2a750.jpg,Cos汉尼拔去CJ找食材,1754211600,155,3546666904848576,汉尼扳,https://i0.hdslb.com/bfs/face/34ed1308d18d7f103960aa798d7020e1a10cfd7e.jpg,1751060,"CJ,汉尼拔,荣耀GT,拔叔教你做人,荣耀400,荣耀平板GT2Pro,荣耀平板在CJ现场成电子鸡蛋,CJ漫展",580709,18563,1942,4525,2757,1310,0,0,77115
BV1TCh3zrEdf,114963876151658,1,65,2066,网络游戏,单机主机类游戏,http://i1.hdslb.com/bfs/archive/f642d36ef935f8f07ed763a1a632f9b83881b01e.jpg,这游戏真废嗓哇,1754209676,131,3546388231097029,菜三千,https://i1.hdslb.com/bfs/face/6783c763e8e3b331eb355041daca98cd608f80a2.jpg,83631,"联机游戏,搞笑,生存游戏,娱乐,沙雕,竞技游戏,休闲,多人游戏,休闲益智,推荐宝藏游戏",824478,825,1198,31618,3854,28487,0,65,114653
BV1JEh3zZE16,114964144594640,1,17,2066,单机游戏,单机主机类游戏,http://i2.hdslb.com/bfs/archive/81bc6fabe7008d90dfd6faee22cb7965e1686baa.jpg,罪恶都市难度提高1000倍，最难的小飞机炸大楼任务,1754215200,2328,415550560,绿帽乌龟屑,https://i1.hdslb.com/bfs/face/e3845b3ad118b24b061e4ab6c118eba0210c43db.jpg,38518,"游戏实况,GTA,搞笑,难度,罪恶都市",175763,3943,771,3749,18953,262,0,0,16202
BV1kohpzhEhF,114954430583851,1,172,2070,手机游戏,MOBA游戏,http://i1.hdslb.com/bfs/archive/ce42b9fca6a0661752d050fad156db8c10e99397.jpg,玉玺这种神装就应该第一件出，为队友发俸禄,1754096400,239,268941858,磊哥游戏,https://i0.hdslb.com/bfs/face/538b9090c0862782df0662b2176e726eda1c9980.jpg,2467356,"王者荣耀,王者荣耀夏日农友节",1516931,1652,4209,3428,3066,1372,0,0,84490
BV1phhHz8EPF,114952954187731,1,30,2022,VOCALOID·UTAU,VOCALOID,http://i0.hdslb.com/bfs/archive/7ef814b3a46b4555d1e3aec905bb622e4d4521ac.jpg,【初音ミク】いますぐ輪廻（即刻轮回）【なきそ】,1754043184,123,39873100,珠紫MuRaSaKi,https://i1.hdslb.com/bfs/face/c10d5bdf351c2eca4a5b57f48a506492a6a940d1.jpg,37628,"VOCALOID,初音未来,なきそ,いますぐ輪廻",868033,2140,3798,63272,8481,11149,0,0,88850
BV1vEhNzeEjW,114959497370044,1,65,2071,网络游戏,射击游戏,http://i2.hdslb.com/bfs/archive/ee4d76b14ed2e99a1ecb9f82b0bdb74b7df253ee.jpg,渔民赶海都能摸着啥好货（第12天）,1754142941,705,896076,鉴鉴gege,https://i0.hdslb.com/bfs/face/0e2e6c9878b3ee958323269432f90e7eb4a8e470.jpg,13920,"三角洲行动,带富电竞,三角洲赶海,赶海",967634,893,492,3816,1258,892,0,0,35896
BV133hhzNExA,114958272561450,1,235,2135,篮球,篮球,http://i1.hdslb.com/bfs/archive/74a6172fba7aa7d05fc2d331194e2e23dbb954b4.jpg,哥们我校队的，我带你们赢,1754124756,129,1127791040,卷毛懂个球,https://i2.hdslb.com/bfs/face/3683d8248452bedde0b9b5d642f2bb61baea4512.jpg,216199,"校园,体育,篮球,4K超清视频计划",662989,401,484,1239,511,605,0,0,39920
BV1sh8LzGEEr,114928660780839,1,228,2090,人文历史,人文历史,http://i1.hdslb.com/bfs/archive/15b2bde4664377fdcab5a8720c173a0018efc072.jpg,亡国之君？千古词帝？说点课本上没讲的李煜,1753956000,435,3546583259941394,普普和ta的朋友们_,https://i2.hdslb.com/bfs/face/4e8812e4ba1225b401118c7e5cf4daa9038bde19.jpg,221467,"人文,历史,人文历史档案馆,普普和ta的朋友们,沉浸式课本系列,五代十国,课本,李煜,赵匡胤,南唐后主",318300,263,395,12960,3160,647,0,0,35830
BV1nzhGzPE3E,114965419790011,1,76,2149,美食制作,美食制作,http://i2.hdslb.com/bfs/archive/738d6436651d3c3f19c68a740fc5d75bab82ba5e.jpg,把鲜橙变成冰淇淋卷的过程太上头了！你绝对想不到最后的味道有多惊喜！ | Ice Cream Rolls 【ASMR】,1754234395,521,1732349847,Ice-Cream-Rolls,https://i0.hdslb.com/bfs/face/f8b1665ecd80940af3af400e2f6fb2ed4c545924.png,853194,"Cooking,Dessert,Delicacy,Snack,Cooking tutorial,Culinary,Food lover,Culinary skill",288569,1713,346,1134,571,245,0,0,12308
BV1JEh3zZENw,114964144588235,1,172,2064,手机游戏,单人RPG游戏,http://i2.hdslb.com/bfs/archive/8595c0306236b1a273576d48ff30a2cd26603421.jpg,黑三月七可能有三重命途，实现翁法罗斯的重构！,1754213892,359,551188239,企鹅带带北极熊,https://i0.hdslb.com/bfs/face/f74ed16ba54d227abe8127cd53f52b3a19940716.jpg,3059130,"手机游戏,搞笑,崩坏：星穹铁道,崩坏：星穹铁道创作者激励计划,长夜月,三月七",866401,7862,1878,9987,1976,2650,0,0,65490
BV1wHtMzEE1j,114968624105707,1,21,2071,日常,射击游戏,http://i1.hdslb.com/bfs/archive/d98b10a8228f1f268d4c5a7eb163a9fb27bdab4a.jpg,隐藏外挂，这都不学？？,1754282321,147,1256512020,制裁哥丶,https://i0.hdslb.com/bfs/face/5d5edcef1e4609f2b5ac27791c15eea79d12f6b6.jpg,244462,"外挂,游戏整活日常,逃离伪人,地铁逃生周年版本,游戏技巧,吃鸡,搞笑娱乐,游戏彩蛋,巡查员,和平精英",932484,44,27,29641,1024,105,0,0,20700
BV1AWhbzEEur,114956963940869,1,65,2071,网络游戏,射击游戏,http://i0.hdslb.com/bfs/archive/fcb45f51d3fdd608ff9367eb302d2d57249c5019.jpg,【JOJO吃鸡】米4达玩巡飞弹的，这么玩浮木怎么办！我的替身性感手枪真的很适合暗杀！,1754104161,249,37350101,棱镜星辰,https://i2.hdslb.com/bfs/face/1840cb7389d2814e6aa70bf8ffcf9e4ddac54c5f.webp,93964,"空条承太郎,JOJO的奇妙冒险,搞笑,JOJO吃鸡,沙雕,米斯达",753566,395,244,9895,959,481,0,0,50311
BV1HhtGzZEaV,114969916015676,1,158,2114,穿搭,鞋服穿搭,http://i1.hdslb.com/bfs/archive/7df96114cc637e48f61501408e20c2259e5292e6.jpg,我的时尚启蒙剧——爱情公寓,1754301899,220,327738805,六一不是猫,https://i1.hdslb.com/bfs/face/47a25ce422a25856af9fa9301c45dceda8f68440.jpg,1058057,"穿搭,服饰,品牌,普通人变美指南",208387,389,222,2441,650,126,0,0,17479
BV1CAh8zDEF9,114959010761807,1,95,2106,数码,汽车测评,http://i0.hdslb.com/bfs/archive/857996bb2e6bbbba27d64499e5b412496cda45e1.jpg,27岁 我的半辆车,1754135891,1262,276928941,林捂捂,https://i0.hdslb.com/bfs/face/130befe6530b010a915b2af8f8852b8a743fdbfa.jpg,1123342,"华为,问界M9,问界M8,小米YU7,问界M5,阿B车友俱乐部",484372,2051,1952,5887,16542,1260,0,0,30187
BV1mY8yzYESk,114946696284794,1,182,2001,影视杂谈,影视解读,http://i2.hdslb.com/bfs/archive/534127fef67869107db5a69cba1a2a9a667bcda8.jpg,对比这两部台偶，才知道现在的破镜重圆拍得有多差！,1754111100,847,6739643,话很多的小姐姐们,https://i2.hdslb.com/bfs/face/812153babfd30220e578529226017267a8c0cb48.jpg,2273351,"安以轩,林志颖,下一站幸福,吴建豪,童年回忆,放羊的星星,刘荷娜,破镜重圆,台偶,影视IP观察室",457706,1700,1263,3396,4863,1181,0,0,18668
BV1EghtzTE8i,114957769514382,1,138,2154,搞笑,剧情演绎,http://i0.hdslb.com/bfs/archive/5421a23a2cda5baf528755cda1b5528fbe649f0f.jpg,我真的需要一个完美管家！,1754128800,298,95515699,粤知一二,https://i1.hdslb.com/bfs/face/2815a3e2b85a92eb2e3b6ebcfb8754def0c54363.jpg,4607270,"短片,原创,剧情向,搞笑,郭嘉峰,搞笑小剧场,段子,粤知一二",1391689,661,469,17226,2308,548,0,75,107382
BV1fJhpzdEM3,114954564800356,1,137,2014,明星综合,娱乐综艺正片,http://i1.hdslb.com/bfs/archive/abd1d862ed4b2aaecae4e2fd8447694186f04fb8.jpg,【TF家族练习生】《肆意少年-突围》EP04,1754068546,5524,3670216,TF家族,https://i1.hdslb.com/bfs/face/1c74336b9060d40d0ccf5e8bce7c0de34526b1e3.jpg,6933283,"TF家族练习生,肆意少年突围",1575473,412231,8801,15306,6044,1407,0,0,52333
BV1Eah7zVEw1,114951544901275,1,47,2020,同人·手书,翻唱,http://i1.hdslb.com/bfs/archive/c4f7c7b7cbdbd5184956b6aa14cacf43d8e45434.jpg,-.- --- -.- --- .-. --- .-- --- -.- ..- -.. .- ... .- ..,1754042400,112,1708648214,bili_47477328786,https://i2.hdslb.com/bfs/face/d510af1f09cd0a3cb496e2e8b08d27a56c8f106d.jpg,156724,"日语,女声,翻唱,可爱,原口沙輔,ハート111,Heart111,yuri,ゆーり",1423705,185,1373,33754,7062,1923,0,0,159731
BV1cphwzNEuc,114940019021260,1,162,2055,绘画,二次元绘画,http://i2.hdslb.com/bfs/archive/729bcdae0a996c20c3c4906ca8f6c12f4b76d0ff.jpg,如果小时候的我见到现在的我一定很感动吧,1753866000,25,3493142030453463,猫和老鼠动画师John,https://i0.hdslb.com/bfs/face/9d452df35f669fd0f9225c4efadeb46025de8850.jpg,1962972,"绘画,回忆,猫和老鼠,动画师,童年,动画,艺术,画师激励计划,怀念,感动",3817277,82012,2449,74505,46691,4885,0,21,976571
BV1qbtLzdEAk,114972264765164,1,193,2017,MV,MV,http://i2.hdslb.com/bfs/archive/56489150ec4b14094fd0115fd5c9e9743591972b.jpg,【Porter Robinson & Madeon】Shelter 官方MV,1754366400,367,3546887074351496,Porter_Robinson_,https://i2.hdslb.com/bfs/face/17d948787afcd9409a9156c7fef40c31c8f27468.jpg,32083,"MV,官方,电子音乐,电音,欧美音乐,日语MV,新世代音乐人计划原创季,官方MV,Madeon,PorterRobinson",101113,266,1195,8440,8050,2018,0,0,13541
BV1DXtGzkEoK,114970016613603,1,17,2078,单机游戏,沙盒类,http://i0.hdslb.com/bfs/archive/f2c4a23952301621dd7f35520d68ecc471ac2473.jpg,小熊和大熊~我们熊都很凶的哦,1754303630,1170,3546911323719740,小熊饼UwU,https://i2.hdslb.com/bfs/face/4d42209d4ffdd52ec25288efbd34cfc5eb8cc40e.jpg,76716,"实况,生存,我的世界,MC,沙盒游戏,Minecraft,整点电子榨菜",59284,617,677,1872,2287,172,0,0,11940
BV1588zzcEro,114943374397164,1,130,2024,音乐综合,电台·歌单,http://i2.hdslb.com/bfs/archive/4d6292d2dbef7f773fc9724371352cee0ff20448.jpg,“小时候不知道这居然是日语歌”！Sunshine Girl,1753920000,231,23285202,饿了的白熊,https://i0.hdslb.com/bfs/face/7a9aabee8887d7f95ae6b925ce4d5ffcda01a75f.jpg,391982,"电台,歌曲,歌单,听歌,治愈,日推歌单,电台新星征集令",549225,290,757,53631,4212,1548,0,0,55211
BV14HhHziEgY,114952987741359,1,17,2066,单机游戏,单机主机类游戏,http://i1.hdslb.com/bfs/archive/52142dfe61a5c52719fe29372c31582f1ece8ed2.jpg,圣洁女神被人类捕获囚禁！修改过去必须付出代价？一个人做了14年的独游《神之天平》讲了什么故事 ①,1754043679,1418,7206526,蓝二烟,https://i1.hdslb.com/bfs/face/53a7b595df5b15769c6022ec66337d1e589d2db7.jpg,705066,"独立游戏,神之天平,游戏剧情,arpg,整点电子榨菜",509663,762,955,21840,7272,487,0,0,30345
BV1NCtnzQEu4,114975267885651,1,216,2063,鬼畜剧场,鬼畜综合,http://i1.hdslb.com/bfs/archive/4b19674eda784b4ad0913cfbfa23543f7af3fb92.jpg,四大门派围攻东方明珠,1754383605,268,91790758,伊介书生,https://i1.hdslb.com/bfs/face/13c550fb549a533ce01182e5699f5efedcccf75a.jpg,386877,"故宫,上海,孔子,东方明珠,广州塔,蜜雪冰城,鬼畜星探企划",185939,660,489,2475,1284,717,0,0,17442
BV1T2hVz7Efd,114964681460719,1,85,2154,小剧场,剧情演绎,http://i1.hdslb.com/bfs/archive/4cf37d85c60e4966dacbe07612178ead27146f45.jpg,真不知道我在期待什么,1754222209,55,3494355337743131,赵柯Kerr,https://i2.hdslb.com/bfs/face/27e296d4c9d0246bdc195fdde0daacd3b647efc8.jpg,41698,爱豆安利挑战,381718,475,518,741,673,284,0,0,18369
BV1NXhVzVEuY,114964614351725,1,218,2167,喵星人,猫,http://i1.hdslb.com/bfs/archive/b82cf4529270d9d3b364778fd7f814ab97fccc8d.jpg,盘点一下猫德学院的赔钱玩意,1754221055,212,508416316,本喵叫兔兔,https://i1.hdslb.com/bfs/face/dd3ca18b9504ea0db42655446efd533795811e17.jpg,2841951,"喵星人,猫德学院,缅因猫,动物总动员",1498478,783,1541,10281,138627,1288,0,16,194364
BV1TNhpzTELj,114952786418881,1,21,2039,日常,cosplay,http://i1.hdslb.com/bfs/archive/35755b04c3f04a9fdad0e40fcc976f1dd0324267.jpg,我家的机娘模型都是1:1的？！,1754107200,661,52250,视角姬,https://i2.hdslb.com/bfs/face/851025ed4bc57ad6ae82a6314e72e249fd21d604.jpg,3058366,"BW,高达,3D打印,机娘,机甲,cosplay,拓竹H2D,独角兽,模玩,拓竹",2747892,2124,1287,79174,9471,3452,0,26,107284
BV1ePhJzgEcP,114952417316809,1,17,2078,单机游戏,沙盒类,http://i0.hdslb.com/bfs/archive/a268c703fc0fc911399fefda736a398137b94be9.jpg,【MC暴力美学】天基屠龙炮x粒子,1754034922,125,495966541,ATC_rock,https://i1.hdslb.com/bfs/face/df7fed29d05e1b23c09fc19024fa9d2535bd65b3.jpg,6497,"我的世界,MC,minecraft",830317,1669,1321,43507,86586,4411,0,39,166075
BV1uutMz4Ed3,114968489892400,1,172,2069,手机游戏,即时策略游戏,http://i1.hdslb.com/bfs/archive/3bb3affd4250d118f64022c21bd49d007d305d19.jpg,“王从天降，愤怒狰狞”,1754280083,988,255117360,错眉,https://i0.hdslb.com/bfs/face/cafe402c80f06b8bd24c14534e37ec3b266003d7.jpg,413932,"策略游戏,游戏实况,手机游戏,皇室战争,卡牌游戏",312183,750,532,1230,954,291,0,0,20035
BV1JthLzMEsH,114965788761818,1,193,2016,MV,原创音乐,http://i1.hdslb.com/bfs/archive/42157d95f1948305b12210ca549c932950751c3d.jpg,Tim Moyo - Unit 731,1754238970,156,3546888145995789,timmoyo,https://i0.hdslb.com/bfs/face/bec31145db8a9659d94391f32bb7e7b7cc947725.jpg,10616,"Sander,timmoyo,unit731",189481,1472,472,15875,27746,1098,0,0,62475
BV15ut5zDETo,114970989692326,1,21,2183,日常,助眠视频·ASMR,http://i2.hdslb.com/bfs/archive/24c29e6cc3b194cfb9dfb62b4340ee3ba668cdd0.jpg,这还拿不下你！？,1754319382,1890,10349600,二呆啾,https://i2.hdslb.com/bfs/face/75f29c2a0a219a32716079570e64529f0f9c9de8.webp,575791,"高能,助眠,催眠,耳机福利,性感,女神,放松,舒服,触发音,口腔音",73006,48,291,3182,1163,53,0,0,3742
BV1x4t5zuEFn,114971140754683,1,21,2197,日常,其他vlog,http://i0.hdslb.com/bfs/archive/8b575bd8b0d1b43aa2f9794bc5d0a64ae36c9b08.jpg,依旧凌晨一点,1754321675,166,3546899950864647,我要睡觉-1589,https://i0.hdslb.com/bfs/face/2549d9d42ff0324b76d6e7e21eb44e1bcc9df315.jpg,211817,"生活记录,原创,记录",510871,303,424,8245,1174,350,0,0,18130
BV1xShVzLEQ5,114964715079685,1,21,2197,日常,其他vlog,http://i0.hdslb.com/bfs/archive/18167da8dddf316765db03fbf3fc2cb4922b131f.jpg,到底有什么事能阻止她看小说？,1754222390,55,125407614,大王同学的生活,https://i0.hdslb.com/bfs/face/b50d4db1a0fdb8bb5d871e9b991b3b29adab46d5.jpg,17852,"小说,破看文的,小说妹,生活vlog,独居生活,失业日记,我的生活已经next level",303493,170,1034,4859,1044,958,0,0,30650
BV1L4h3zpEpK,114964060703573,1,85,2154,小剧场,剧情演绎,http://i2.hdslb.com/bfs/archive/985af683d5451daaea6c5e15eb9af80495a05bdb.jpg,诬陷妈妈的人，到底是谁呢？,1754213172,268,3546565008427419,二阳咂-,https://i0.hdslb.com/bfs/face/3a435bf92b138aff08859892b5fb33e65e03f804.jpg,654476,"母亲,短片,妈妈",436506,267,336,2850,1376,123,0,0,43899
BV19u8BzREBk,114942367762120,1,250,2158,出行,旅游记录,http://i2.hdslb.com/bfs/archive/2111111acb4d251f900bf5c852556005938add4b.jpg,links｜大西洋上只有300人的孤岛，却藏着地球最震撼的火山奇观,1753934400,1375,3816626,Linksphotograph,https://i2.hdslb.com/bfs/face/2827281d7fd11cd62d9cc355039860cd2979970b.jpg,3578488,"旅行,松下,葡萄牙,摄影,大西洋,火山,寻找100个宝藏vlogger",2149244,5866,2731,52908,62420,16435,0,31,127528
BV1kFhNz2EJq,114959430257669,1,183,2002,影视剪辑,影视剪辑,http://i0.hdslb.com/bfs/archive/c5aeecf22bdd395bf3860dc084f66a6abd143d9f.jpg,“东京社畜，隐居天狗，竹马带崽”,1754141733,215,28734721,一只芋头-taro,https://i1.hdslb.com/bfs/face/061909c2047b40e47dddd26a55fc6677fdb5cb60.jpg,145302,"竹马,女性向,日剧,治愈,兄弟情,驹木根葵汰,天狗的厨房,越山敬达,友情,盐野瑛久",365809,62,328,15939,1007,913,0,0,21695
BV1g5hhzAEYx,114958171904386,1,172,2077,手机游戏,休闲/小游戏,http://i1.hdslb.com/bfs/archive/06f0463ece004e64875308a8f189a055a2399293.jpg,蛋仔派对 | 886枚彩虹币！能否拿下新赛季至臻皮肤？暴龙化石斯坦？成功拿下！【蛋仔必看系列】,1754122718,176,3493127736265152,俗爱大好蛋,https://i0.hdslb.com/bfs/face/cba34d1848939b32d49fc934c5824dedc0503921.jpg,709772,"蛋仔派对皮肤,蛋仔派对新赛季,蛋仔派对盲盒,俗爱大好蛋,蛋仔派对发起人,蛋仔派对外观,蛋仔奇思妙想计划,#蛋仔派对博物馆狂想季#,蛋仔,蛋仔派对",2331760,265,171,115991,11692,29,0,19,114692
BV1gn8BzEErY,114941914846163,1,207,2087,财经商业,商业财经,http://i2.hdslb.com/bfs/archive/58f9bb1fdf92aaa9a2f233e8c73fc53e6209b314.jpg,汇总一下，现在生娃到底能给多少？,1753874736,361,18144984,咸鱼堡的医药海滩,https://i0.hdslb.com/bfs/face/ab2354d902c326e7b4e118ceddbaf356d17b93a9.jpg,471877,"财经,医疗,上海,育儿补贴,医保,商业,生娃,补贴,生育险",748556,616,1948,4125,540,1709,0,0,20395
BV1jk81zjENh,114947820361611,1,17,2154,单机游戏,剧情演绎,http://i2.hdslb.com/bfs/archive/f8a9b6b6248e1002feb6e8ae394692d167510457.jpg,添加了最新的防沉迷系统,1753965271,160,456782283,在下乌鸦有何贵干,https://i0.hdslb.com/bfs/face/f4602cdd81f3f83bd6f41dc9c96a8c32a1824ef0.jpg,538012,"娱乐,雀巢,游戏,搞笑,雀室,矩阵零日危机全球上线,沙雕,自制游戏",444383,221,167,1610,746,130,0,0,19843
BV19StGzyEUv,114969983064011,1,172,2079,手机游戏,其他游戏,http://i1.hdslb.com/bfs/archive/084eb6ef52c2114d04297d931248c2a58baf4bbf.jpg,预算10万！挑战下海开炮！成为海贼王！,1754302994,541,75547577,下头男小柏,https://i2.hdslb.com/bfs/face/4b481c5492f67faa3fb07f7b6e013e39723198cc.jpg,2233056,"手机游戏,网络游戏,大航海时代传说,爆氪,推荐宝藏游戏",135014,199,177,3329,2284,2034,0,0,17187
BV1tqh8ztEuQ,114958306116091,1,65,2073,网络游戏,动作竞技游戏,http://i1.hdslb.com/bfs/archive/78286a949cea1ee8cb855bc3fb56fefaf7c50d78.jpg,七月初七 淮水竹亭.,1754132400,247,3546901792164649,春月cxy,https://i1.hdslb.com/bfs/face/563ed168d6277e974542e7a803642456b9c06df7.jpg,69644,"决斗场,剪辑,火影忍者手游,人间白首",476273,327,599,16828,10335,1161,0,0,39948
BV1v7htzYE1j,114957953801371,1,182,2158,影视杂谈,旅游记录,http://i1.hdslb.com/bfs/archive/3e5b250cd168fece212066b7fde994d36c35d29a.jpg,比利时卢森堡转一转,1754138700,2452,17819768,电影最TOP,http://i2.hdslb.com/bfs/face/6b2ade215ea603b495648875c925172a863d16d4.jpg,5979845,"欧洲,生活记录,卢森堡,比利时",523401,1094,443,3926,2358,285,0,0,46955
BV1LNtGz1EKH,114970536714022,1,218,2171,喵星人,动物综合·二创,http://i0.hdslb.com/bfs/archive/31afa04819f7d7fbb7414be144b40c02b79cb72b.jpg,城市猫回村以后，去抓制作猫薄荷的老鼠,1754311314,170,3493267595332476,苏豪和大强,https://i0.hdslb.com/bfs/face/9be009294b6c2e9132178b09683fddbbdc24617f.jpg,118521,"宿舍,大学,喵星人,萌宠过暑假",697938,309,181,5569,744,280,0,0,41469
BV1tCtVzBE6Z,114971610454009,1,17,2078,单机游戏,沙盒类,http://i2.hdslb.com/bfs/archive/9c44ca7cc3b97e4eb291423625a9196355f0bd86.jpg,【泰拉瑞亚】FTW霰弹枪开荒1.三发猎枪,1754364600,972,392278598,吴老师2013WUFA03,https://i2.hdslb.com/bfs/face/da700262080e1269265c64bd9fad0b5a61a751fb.jpg,268168,"TERRARIA,单机游戏,沙盒游戏,泰拉瑞亚,大师模式,像素风,传奇模式,开荒,霰弹枪,整点电子榨菜",39743,422,253,535,1786,58,0,0,5436
BV1A6hNzJEvy,114959329528456,1,28,2016,原创音乐,原创音乐,http://i1.hdslb.com/bfs/archive/112f836c924ba94344252af818343e219ca083d9.jpg,如果植物娘大战僵尸的僵王BGM是虽华写的,1754218800,128,99566843,虽华,https://i2.hdslb.com/bfs/face/03f578ef2028bbaf30e60ce8e528bf44069ef6b4.jpg,216740,"泽野弘之,纯音乐,电音,植物大战僵尸,PVZ,FLSTUDIO,游戏音乐,BGM,植物娘大战僵尸,僵王",194917,2296,855,8598,3962,430,0,0,23552
BV1S2hPzxEPr,114959849687123,1,65,2070,网络游戏,MOBA游戏,http://i2.hdslb.com/bfs/archive/c5534d2b67e5fb82628a9ecf61066d4e4baa3b5f.jpg,《智慧的英雄会让对手更加智慧》,1754149954,445,358607628,三桥qzg,https://i0.hdslb.com/bfs/face/c7ee89648420fccd55e1d4e0782f75aeab98c0c0.jpg,639254,"英雄联盟,上单,电子竞技,MOBA,大虫子,2025LPL第三赛段",928307,988,474,1583,8430,329,0,0,66541
BV1JYtJz6Egq,114976106877463,1,215,2150,美食记录,美食探店,http://i0.hdslb.com/bfs/archive/3110a22d31df08966a117ac8a6e5067961d7acca.jpg,vlog青岛好多餐,1754396543,240,1626552192,小牙一杯,https://i0.hdslb.com/bfs/face/ec6dfe41ce05a26264bdfe920ab50fb423a3d200.jpg,761299,"吃货,生活记录,记录,青岛,分享,探店,Vlog",46558,105,1076,790,550,429,0,0,6740
BV1azhwzpECo,114941646345340,1,216,2063,鬼畜剧场,鬼畜综合,http://i0.hdslb.com/bfs/archive/8c843f01ee5abe67ad24ae68a1fff0cd81d44b3a.jpg,对王之王——旺 仔 小 乔 ！,1753870531,149,38347595,风云熊,https://i2.hdslb.com/bfs/face/2ae14869758eed929301ad35a35fda7d4386a1d5.jpg,485081,"娱乐,鬼畜,搞笑,周星驰,旺仔小乔,你给我刷过几个子儿,网红,名场面,对王之王,黄绿合战10th-绿队应援",1308289,22728,2505,21821,32531,12669,0,72,134140
BV19Eh5zsEAT,114966476626686,1,27,2037,综合,同人动画,http://i2.hdslb.com/bfs/archive/a04d33f651271cdb26832236de5cc048d9687c72.jpg,《缇姆利亚》第一集 | 小潮team,1754276400,689,3546922224715867,小潮team动画,https://i1.hdslb.com/bfs/face/54e5a0feca82d061fa8e6e78d860a264cab97bf7.jpg,107682,"动漫,高能,原创,动画,搞笑,缇姆利亚,小潮院长,小潮team,杜海皇,夏日整活大赏",602267,30204,5978,31324,51361,3543,0,40,73460
BV1CB8kzHEad,114945807091783,1,17,2078,单机游戏,沙盒类,http://i2.hdslb.com/bfs/archive/1dc6fcf0c552483152b9b97172b6915fd177cbed.jpg,独居丛林湖畔 1.21.6原版生存EP1【我的世界】,1753933985,1578,406378945,芈岚雪Moranei,https://i1.hdslb.com/bfs/face/5867ff716dfcc0346057190bf2f80dcbbeaa1667.jpg,86263,"沙盒游戏,生存,我的世界,游戏实况,Minecraft,像素风,mc,推荐宝藏游戏",210008,926,522,6252,3647,324,0,0,12860
BV1FS8yzXELz,114946310473855,1,76,2149,美食制作,美食制作,http://i2.hdslb.com/bfs/archive/4a6a11169b0c1c16d73ab41b099e36c7f970dc61.jpg,真的有这么鲜嫩多汁吗？都溅到屏幕了。,1753954200,306,8960728,日食记,https://i1.hdslb.com/bfs/face/1300ff9c3e45014f54ab5bd3602790a378ce6ac4.jpg,8968029,"猫粮,一人食,美食制作,酱油蒸鸡,记录我的美食日常,网易严选鲜蒸猫粮,蒸菜,小馄饨",703017,968,508,10005,5984,2577,0,0,45171
BV1ugtgzeE6S,114969311973321,1,137,2014,明星综合,娱乐综艺正片,http://i2.hdslb.com/bfs/archive/3f174cc170d4c0689f50825dfd02a34b81601537.jpg,【TF家族练习生】《肆意时光簿》EP05,1754305200,759,3670216,TF家族,https://i1.hdslb.com/bfs/face/1c74336b9060d40d0ccf5e8bce7c0de34526b1e3.jpg,6933283,"TF家族练习生,肆意少年突围",750945,252224,5075,12246,4172,679,0,0,37896
BV13q8zzxEAX,114943290510670,1,65,2071,网络游戏,射击游戏,http://i1.hdslb.com/bfs/archive/e384b1e76ecf04014af285171994bc700ec80b31.jpg,监狱6套A大高压绞肉冲杀,1753896276,375,22045803,-YaLex-,https://i0.hdslb.com/bfs/face/963ee11f1bb81f8b44f080682205f6f7a21d267e.jpg,30579,"三角洲行动,三角洲破壁新赛季上线",349849,332,700,1874,642,2292,0,0,16541
BV1tkh3zGE6F,114963691670441,1,172,2071,手机游戏,射击游戏,http://i1.hdslb.com/bfs/archive/541e27a39a5d9a47a8c0ec92341cdd617a8b7b64.jpg,“暗区最后的干货萌新导师”,1754207466,130,2091253414,石魔不是石磨-暗区,https://i1.hdslb.com/bfs/face/5e0e26b557d28f08e8d8b5cacadfaf2b170c8c66.jpg,100895,"暗区突围可颂作者团,暗区突围高能团第一期,暗区突围",233694,5219,439,11702,963,541,0,0,26125
BV1ZUhAzNE5b,114940958475675,1,172,2064,手机游戏,单人RPG游戏,http://i2.hdslb.com/bfs/archive/0868949be6828d4f6d1d4503a283951c859f6153.jpg,【原神】流彩的踪迹/纳塔5.8开图主线④/解锁紫色颜料弹/悠悠徽章/原神5.8/纳塔5.8世界任务,1753860265,415,431073645,你的影月月,https://i0.hdslb.com/bfs/face/2e32de7b28fc491a28281a22c6ea9f5d195cbdf5.jpg,8927496,"紫色颜料,原神5.8,原神5.8版本,流彩的踪迹,悠悠徽章,游戏攻略,游戏鉴赏家,原神,原神高能团",921937,1319,588,5615,4388,978,0,0,17313
BV1Q4h8zNESk,114958692060866,1,17,2078,单机游戏,沙盒类,http://i0.hdslb.com/bfs/archive/d44497dbd34753a59d6dd764f792c5a9a337436e.jpg,你可能没听过我的名字，但你一定用过我的模组,1754130658,32,379515917,七星-7stars,https://i2.hdslb.com/bfs/face/43e4d45e86cb592d3a23487aeaca4186e769cd52.jpg,129408,"模组,我的世界,mc",3893328,165059,11698,99293,46600,10345,0,21,518343
BV1K1h3zgEbZ,114963859376323,1,138,2006,搞笑,AI影视,http://i0.hdslb.com/bfs/archive/d61bce5e2ca0c9b5c677e470c9e5f3eab6806ed7.jpg,致富经：怪物入侵别慌张，铸币大头来帮忙,1754210627,141,25329626,咪克菌,https://i2.hdslb.com/bfs/face/0042a7eaa356accba028b85592e7fd23f0763190.jpg,1066172,"搞笑,AI,咪克菌,铸币大头,鸣潮创作激励计划,弗洛洛,大傻椿,致富经,原创剧情,鸣潮",482747,810,1770,5974,7401,8177,0,0,41578
BV1SdhgzCEXp,114964396314575,1,184,2079,预告·资讯,其他游戏,http://i1.hdslb.com/bfs/archive/a25767c74b183fa5b8be8b5cc151a347b67e74f5.jpg,【STN快报第八季22】宫崎英高的童年小故事竟然是真的,1754218566,1232,7349,STN工作室,https://i2.hdslb.com/bfs/face/5bc1308ef3ac8eed73ed98ad4770f960547688d3.jpg,2484471,"游戏杂谈,游戏,英雄联盟,搞笑,魂游,三角洲行动,游戏日常,宫崎英高,影之刃零,整点电子榨菜",925652,11751,2286,10773,25869,1759,0,0,56318
BV1H4h7z2Ed5,114951528125917,1,228,2090,人文历史,人文历史,http://i0.hdslb.com/bfs/archive/d39bbcfdfa595c4620da777873fdc9b57c79c5f7.jpg,饭又冷 汤又淡 上阵还能心不乱？——日本武士的餐桌（镰仓时代篇）,1754125200,627,53737196,食事史馆,https://i2.hdslb.com/bfs/face/caa9d6afe048e20f2fc706ae43323da16c3e4241.jpg,1688462,"日本料理,日本战国,人文,历史,美食,人文历史档案馆,源赖朝,羊羹,抹茶,牡丹饼",642403,1472,1200,8329,2673,600,0,0,28133
BV1AehHzbEV3,114953122092194,1,21,2154,日常,剧情演绎,http://i1.hdslb.com/bfs/archive/e1d2353689100a1729385b9e0e368380665e5b12.jpg,咖啡店之王牌对王牌,1754045827,160,8259298,港妹妹join,https://i1.hdslb.com/bfs/face/07b99a830d07736e978148d77b733b115ab5c91a.jpg,356762,"搞笑,搞笑小剧场",1517373,3175,3100,12004,6962,9935,0,71,176606
BV1gshNz8EDn,114959161756645,1,215,2150,美食记录,美食探店,http://i0.hdslb.com/bfs/archive/9d1528d0a1cb31720e68e1a8964f4997438f2abc.jpg,一碗完全预制的面卖上了二十多，连面条都是挂面,1754150400,261,1954997940,午餐肉艺术家葛世贤,https://i0.hdslb.com/bfs/face/89bc8ba3eee0ebead5dc644983d7012caba8c13d.jpg,1351530,"生活记录,面食,吃货,舌尖真探事务所,风餐,挂面,面条,探店,Vlog",377830,206,465,747,690,153,0,0,24018
BV15EhNzeEpk,114959497305310,1,138,2078,搞笑,沙盒类,http://i0.hdslb.com/bfs/archive/405312b7efcddc5b85e5c718fe4733ebd4729d66.jpg,minecraft版的土豆炖鸡,1754143071,92,1565400464,莫提斯的厨房,https://i2.hdslb.com/bfs/face/5d7ef5f2e9c3cceca5814358368e8869f1fe4c6c.jpg,233684,"娱乐,油管,我的世界,美食,创意,法餐",254552,154,431,6324,3065,670,0,0,32445
BV1enhtzhEH3,114957987355674,1,124,2089,社科·法律·心理,时政解读,http://i2.hdslb.com/bfs/archive/5fc48b489e380f73994cdd26070ff165bf6d69e3.jpg,遍地都是隐形炸弹人，日本治安神话宣告破灭！【丰言疯话】,1754186400,798,264869770,丰言疯话,https://i1.hdslb.com/bfs/face/421ffa9afb151cdafe649f1e42f2e2797c538be6.jpg,868321,"奇闻,人物,法律,日本,人文,日本文化,社会,东亚,国际,诬告",465709,4111,3681,4807,2022,1157,0,0,21220
BV1VjtEzaE9q,114974731013443,1,235,2141,篮球,体育赛事,http://i1.hdslb.com/bfs/archive/72c798f02755b7fefe1999ddfa5d4e02aff724e0.jpg,【篮史速滑#95】超音速之子！杜兰特是如何被西雅图选中的？,1754386200,1148,443074011,西柚老黑,https://i0.hdslb.com/bfs/face/b5e676e0813b764e186cb9c6f705b5e498b00f7b.jpg,302247,"NBA,体育,篮球,杜兰特",41399,719,181,660,982,45,0,0,3292
BV1TAhpzBEKq,114952803190895,1,138,2073,搞笑,动作竞技游戏,http://i1.hdslb.com/bfs/archive/8978abe6f5fe7aaca3027e88dec6d1e13d6d8383.jpg,“原神在他面前像个新兵蛋子”,1754040887,142,266017110,二三哥哥鸭,https://i0.hdslb.com/bfs/face/a33dc74f41771e5af4084eb313f1e224a373d19f.jpg,1051651,"氪金,王者,原神",620821,900,2342,2980,516,1709,0,0,66736
BV1EChWzFEaN,114953860156104,1,183,2154,影视剪辑,剧情演绎,http://i0.hdslb.com/bfs/archive/1ae3aa574644ff55ee4ef65e9f583f2592212b12.jpg,武侠片都不敢这么拍！最烧冬瓜毁天灭地！,1754107200,308,3380239,神奇的老皮,https://i1.hdslb.com/bfs/face/e7c191e9be6764107415069b36f7d9564f149c86.gif,3812506,"小姐姐,特效,搞笑,燕云十六声,少东家,法海,沙雕,整活",444611,1616,380,2808,2494,1085,0,0,19920
BV1md81zqEqy,114948005039440,1,183,2063,影视剪辑,鬼畜综合,http://i2.hdslb.com/bfs/archive/2bfcf8daf21c29ce622537cdf494e6052babb2d5.jpg,17号选手 贪财和尚 由于他俩的《发财经》，被如来愤怒除名,1753967660,250,1766355135,阿蛋侃剧,https://i0.hdslb.com/bfs/face/ac52b81df172ffdc6354d7db6139f5f117440261.jpg,44923,"开口跪,综艺节目,鬼畜,ai歌曲,三界好声音,和尚,释永信,不一样的西游记,阿难陀,摩诃迦叶",3825576,12773,5215,46081,77117,23263,0,18,172933
BV1CBhxz3E99,114956896902359,1,182,2001,影视杂谈,影视解读,http://i2.hdslb.com/bfs/archive/d4292b4d505c6ac271debee3afc739b742f2acda.jpg,乱局！刚登基的雍正，有多难？雍正王朝的秘密！第27回,1754104027,2033,2083634390,一条闲木鱼,https://i2.hdslb.com/bfs/face/1b0e9d05e20c6fc08df34a98f24260e94167aaf2.jpg,1534380,"历史,康熙,胤禛,深度,雍正王朝,雍正,清朝,权谋,九子夺嫡",691430,5220,1130,4123,10391,344,0,0,27920
BV1xehtzQEqX,114957500812484,1,250,2158,出行,旅游记录,http://i2.hdslb.com/bfs/archive/b492a21b8efc0450137db68c926d3ef8dbdbba0e.jpg,80块，带伊拉克爸妈玩转开封万岁山，这简直就是中国版迪士尼，太武侠了，玩迷糊了！,1754126400,919,3537122973714533,老王在中国,https://i2.hdslb.com/bfs/face/5cc0f66946ba560d0ccbd8e5bffc45ac94793cf4.jpg,3438613,"武侠,旅游,歪果仁,生活记录,开封万岁山,记录我的美食日常,伊拉克耐热王,爸妈,伊拉克,美食探店",1456528,5398,2333,10124,18630,2678,0,0,70900
BV1TxtjzmEYX,114974059924532,1,122,2099,野生技能协会,电脑,http://i1.hdslb.com/bfs/archive/bcbff853eda7cc800bd14e164d703ec6892d15ba.jpg,渲染时？电脑发生了什么...,1754388000,199,36053608,原型机SPFX,https://i1.hdslb.com/bfs/face/aa9f37958e276f2106234a3f56fbb01df9cae61b.jpg,282549,"渲染,无影云,阿里云,3d,云电脑",208418,178,191,4370,2188,61,0,0,13578
BV12uhVzkEm7,114964815747506,1,218,2167,喵星人,猫,http://i2.hdslb.com/bfs/archive/f924080b91203548d59644a4eaad80d24355af19.jpg,第一次养猫，麻烦帮我看看这么撸猫对吗？,1754224106,31,3493080177052271,AppleInsights,https://i2.hdslb.com/bfs/face/45b6f156846d5470f850b445c7433bf89f6408fa.jpg,5097,"猫咪,喵星人,视频,田园猫,养猫,橘猫,必剪创作,萌宠过暑假",1013052,373,2195,18204,1530,13465,0,0,87701
BV1F2hNzLEtK,114959262420535,1,138,2207,搞笑,随拍·综合,http://i1.hdslb.com/bfs/archive/708b2199a00429febd9010152c19239475400462.jpg,感谢坚强的自己依然坚强的活着,1754139304,81,143832717,安茂元,https://i0.hdslb.com/bfs/face/751a438f52a7bb62ee3bbbdcf86c6993a271e77d.jpg,361026,搞笑,717120,390,827,8714,1647,4079,0,0,80735
BV1DWtEzoELQ,114974714367327,1,47,2037,同人·手书,同人动画,http://i2.hdslb.com/bfs/archive/7b41daca8198ec21e9e95c9e6382e7799a3d4e91.jpg,【鸣潮小剧场】Wonderful U,1754375109,67,71940941,唤林和小PK,https://i2.hdslb.com/bfs/face/c0973a9a2efadbe7040d72c0491ad39aadaf642d.jpg,262167,"手书,东方,同人,弗洛洛,鸣潮小剧场,意难平,漂泊者,鸣潮2.5版本二创",123334,223,1498,13430,27791,3580,0,0,30531
BV1iChgzQELN,114964262029404,1,257,2083,配音,综合资讯,http://i2.hdslb.com/bfs/archive/d3878a60c93095125d99b487788b129785d3141d.jpg,杀死一只鸟儿最好的办法就是#小鸟在歌唱 #朗读 #配音#冥王#【高全胜】,1754215595,42,1667342531,配音演员高全胜,https://i2.hdslb.com/bfs/face/385866824e7d6c78208ae5f222b461741fb1e0cb.jpg,1153720,"唱歌,配音,鸟儿",909213,802,2177,15241,2573,1058,0,0,128965
BV16NhAzvEbm,114941428306905,1,241,2009,娱乐杂谈,娱乐评论,http://i0.hdslb.com/bfs/archive/a3d0b5db5e45bf48b10d70cf6d099424978aacdf.jpg,【吃瓜sp104】向佐郭碧婷，最抽象的丈夫，最隐忍的妻子！,1753872383,1014,240769971,神烦XP,https://i0.hdslb.com/bfs/face/37e100b64ed8192726679b702a4836d8424b17aa.jpg,872990,"郭碧婷,向佐,门前宝地,抽象,药水哥,向太,omega,娱乐考古放大镜,无限超越班",1433248,4447,1361,4403,746,1470,0,0,27872
BV1NdhwzkET4,114941461925943,1,215,2150,美食记录,美食探店,http://i2.hdslb.com/bfs/archive/204cf4dac2e5058019f6e56d79c0311489f95fd7.jpg,东北自助盒饭 16块钱60多个菜长啥样？（草料哥在沈阳篇）,1753867812,138,101682188,理查不会降落,https://i2.hdslb.com/bfs/face/459fcc7f8fcbe5ab0eac2ee1f39b0dc177d46b5d.jpg,1500529,"东北,吃货,草料哥,舌尖真探事务所,沈阳,东北菜,探店",2118545,1587,4078,15642,2986,7965,0,53,200991
BV1ipbQz8EiH,114913510957004,1,242,2017,娱乐粉丝创作,MV,http://i0.hdslb.com/bfs/archive/72fa3481362cb1e51582196f4ca547310133fd1f.jpg,中国新女团GODDESS 出道先行曲Lip MV公开,1754042400,173,3546823543229261,Goddess_official,https://i2.hdslb.com/bfs/face/f799a8bcab6de31ceba56b480e6a40b8af892c85.jpg,4040,"原创音乐,欧美音乐,女团,MV,kpop,GODDESS女团,先行曲,cpop,goddess,内娱女团",141951,147,696,2425,1209,542,0,0,20407
BV12ztuzREVi,114969647584682,1,253,2042,动漫杂谈,动漫评论,http://i0.hdslb.com/bfs/archive/0ec5404dc1b215b7924feb9abd92f8a37e4b6ee4.jpg,从夯到垃！锐评排名查理九世30部小说！,1754297852,606,472426055,许莫灵,https://i2.hdslb.com/bfs/face/4b1d91e74e947f9b01cddeee7b4d2b3bbbc5f79a.jpg,894209,"搞笑,解说,小说,神作,动漫杂谈,盘点排行,吐槽,动画种草激励计划,查理九世,沙雕",120289,2997,739,1552,907,207,0,0,6231
BV1y1tnznEKG,114975318349391,1,228,2081,人文历史,海外资讯,http://i1.hdslb.com/bfs/archive/87756bc9f560acbc5c83e9be46af1134dc9b1e4e.jpg,心理扭曲、祸乱全球：被公知吹爆的英国到底有多不做人？,1754386204,1496,435931665,军武志,https://i0.hdslb.com/bfs/face/684eecd680183541858b62785ab01be89bacc671.jpg,1487810,"英国,欧洲,帝国主义,印巴,殖民地,巴以",178649,853,989,4100,2345,241,0,0,18145
BV1oAhHzUE7w,114953189130523,1,219,2168,汪星人,狗,http://i2.hdslb.com/bfs/archive/df0733e492201c696628b9d0e7e964feb5e1778a.jpg,狗狗都要出来上班了,1754046586,64,3546607914059825,牟牟刘啊-,https://i2.hdslb.com/bfs/face/1f5995eef0636b34a975a13a7e66d7ceedb18d17.jpg,135656,"萨摩耶,狗狗,汪星人",4045294,300,1596,18883,1997,8800,0,51,255985
BV1E4hVzcEJq,114964966676665,1,22,2063,鬼畜调教,鬼畜综合,http://i1.hdslb.com/bfs/archive/4d2fcc3ad2b6f7117c6d6c982d0d3efa64d42dea.jpg,⚡灵感菇溜大了⚡,1754279700,117,2283296,小猪P_,https://i2.hdslb.com/bfs/face/e3cd0e238b61cb1c23ffae2f7f99fcc59818cf68.jpg,664096,"鬼畜,黄绿合战,MyGO,Ave Mujica,黄绿合战10th,爱音,咕咕嘎嘎,黄绿合战10th-黄队应援",160549,343,1198,6097,3460,4896,0,0,21092
BV19EhAzdEw7,114941545813022,1,251,2164,三农,打野采摘,http://i0.hdslb.com/bfs/archive/7bc0b56f80329abd2caab329b2a8624646e92499.jpg,上班了朋友们，欢迎来到斯外逃源，超斤货比比皆是。,1753875000,781,3493297320364881,韶关渝哥,https://i0.hdslb.com/bfs/face/55cf5480ef881ff1754d42d96ef5f04ea2d074e4.jpg,365257,"斯内克,捕鱼,收获满满,赶海捕鱼那些事儿",388436,3749,1177,1992,13216,768,0,0,34750
BV1vpt3z5ELL,114970738035638,1,172,2064,手机游戏,单人RPG游戏,http://i1.hdslb.com/bfs/archive/da72c19ddbed19de9272bd476d5f73811bac3572.jpg,居合吗？是相同的招式呢.......,1754314493,88,91647207,w咸瑜,https://i0.hdslb.com/bfs/face/77f53e6552ae0d8b86d12d9dd1ead5bc0e43773b.jpg,485339,"太刀,剪辑,我们武者帅呆了喵,黑角,武者,整活,泰拉探索协会,明日方舟创作者应援计划",458687,256,941,2421,900,1104,0,0,35345
BV1R2hgzSE6u,114964295648696,1,17,2078,单机游戏,沙盒类,http://i2.hdslb.com/bfs/archive/f4e4d7a263026b29b04ede986dca07d1003fd647.jpg,谁是卧底6 ？！！！,1754269200,1134,108078209,沝沝DjKO,https://i2.hdslb.com/bfs/face/22841a628aaa7f60f767ca66b5bc83b682bfc9d6.jpg,1141911,"游戏,搞笑,单机游戏,狼人杀,我的世界,沙盒游戏,MC,minecraft,谁是卧底,推荐宝藏游戏",645082,6631,1325,8818,8160,509,0,0,54917
BV1ozhbzTEne,114957131715590,1,138,2179,搞笑,健康科普,http://i1.hdslb.com/bfs/archive/c243573bdd34d0f5e9e43da80e18fffdc1480643.jpg,葡萄还是水蜜桃？,1754106688,46,481865498,汪医生食指比较长,https://i2.hdslb.com/bfs/face/74eb7684c2fb97a5eb9462a281af07881bef10fd.jpg,149741,"水果,水蜜桃,葡萄酒",577879,293,1315,4914,4007,5407,0,0,77905
BV1LNhczoE1Q,114940790705557,1,138,2156,搞笑,UP主小综艺,http://i0.hdslb.com/bfs/archive/ac44194d70b9f9abf641896fb2c0f9d2e9d26c4f.jpg,哈哈哈哈谁是卧底,1753857558,157,551931509,小歪很拽,https://i2.hdslb.com/bfs/face/961bf1b9c9551c209a44d3463990190c36b3cdb1.jpg,1257573,"综艺搞笑,趣味游戏,谁是卧底,办公室游戏,看一遍笑一遍,搞笑研究所",5272835,1921,612,34709,2317,2117,0,55,118407
BV14Shwz1E9P,114941797341135,1,17,2079,单机游戏,其他游戏,http://i2.hdslb.com/bfs/archive/71c2af82dba885052586af4cce08e1738cc7a5bf.jpg,【时不我待】县城独立游戏生活中的吃吃喝喝！,1753872880,211,10431269,丨Mush丨,https://i2.hdslb.com/bfs/face/6c880b1d2fe2ab8be30979e413a86238e4428d0a.jpg,9863,"像素,单机游戏,独立游戏,像素游戏,锅包肉,steam游戏,生活模拟,县城,梦核,推荐宝藏游戏",275250,177,1497,9829,2831,1006,0,0,28664
BV1bRhJzKEmE,114952065060821,1,138,2156,搞笑,UP主小综艺,http://i1.hdslb.com/bfs/archive/e71c3b6a86777cdb51c410b26037567df20a867c.jpg,哈哈哈哈食物卧底,1754029835,245,551931509,小歪很拽,https://i2.hdslb.com/bfs/face/961bf1b9c9551c209a44d3463990190c36b3cdb1.jpg,1257573,"综艺搞笑,谁是卧底食物版,趣味游戏,办公室游戏,看一遍笑一遍,搞笑研究所",652562,852,356,1736,790,331,0,0,28303
BV1RWh8zTEHK,114958792727743,1,239,2088,家居房产,社会观察,http://i2.hdslb.com/bfs/archive/ce4c00b3ea50e0e40d3453715ca03e87709baf4c.jpg,育儿补贴？德国每个孩子65万！已经发了50年......但是，并没卵用！,1754132266,217,676174563,洋哥在德国,https://i0.hdslb.com/bfs/face/9294eff76b7d04382908e310591f885ac0e803c4.jpg,503383,"职场,家庭,情感,高能,教育,德国,育儿补贴,海外,育儿,我的养娃日记",1453859,5418,10207,10305,4762,12280,0,86,99272
BV1vxt3zGEgx,114970637374958,1,171,2070,电子竞技,MOBA游戏,http://i1.hdslb.com/bfs/archive/30d18bd6af4f43b6081379c473ae5e2dde4b6826.jpg,【IEM科隆 数据雷达图】绿龙新阵容首秀即夺冠！,1754312975,378,270622470,神秘猫头鹰,https://i0.hdslb.com/bfs/face/a9429bc953851082df09b15691d56bca0dc60de5.jpg,56822,"原创,电子竞技,FPS,赛事,IEM科隆,donk,数据,京介,雷达,绿龙",390229,5697,2706,3311,11639,1515,0,0,20817
BV15ntnzqEqu,114975586648466,1,124,2081,社科·法律·心理,海外资讯,http://i1.hdslb.com/bfs/archive/80d582c8d7d1ecf17461711bf508bdb1a4ff4226.jpg,一任撒三万个谎但是大数学家：我把药价削了1500%,1754388894,845,346563107,波士顿圆脸,https://i2.hdslb.com/bfs/face/f8f0fc4114bb06a87481abe12faa006a383cbe6d.jpg,5178323,"医疗,法律,数学,懂王,MAGA,假新闻,医保,环球资讯站",504367,3668,2093,3629,2414,775,0,0,37538
BV1WP8yzWEyk,114946746684096,1,172,2207,手机游戏,随拍·综合,http://i0.hdslb.com/bfs/archive/dec6be9a482bb9662341c9faa316c56cc5cdb02e.jpg,《女神异闻录5 皇家版》代表曲目《Life Will Change》2DMV公开 /初音未来×镜音铃×镜音连,1754298000,244,3546749308242173,初音未来缤纷舞台,https://i2.hdslb.com/bfs/face/408f52803ee221c7d0a057b2e15d1f42dc5bfc03.jpg,983494,"镜音铃,初音未来,镜音连,手机游戏,世界计划,初音未来：缤纷舞台,PJSK,初音未来缤纷舞台",1036955,23657,4812,15165,1796,23832,0,0,74229
BV1nT8yzHEDt,114946780235270,1,242,2018,娱乐粉丝创作,音乐现场,http://i0.hdslb.com/bfs/archive/d908df3cd59943d7c2ac187c8f8b54e1238a10bb.jpg,【洛天依×乐正绫】何年何夕，两相执手，一曲《白石溪》共沐春秋【BML2025单品】,1754107413,335,403748305,BML制作指挥部,https://i1.hdslb.com/bfs/face/924fb698bc68802a95c123c1f1ff41b3be1e9c9e.jpg,1295152,"洛天依,音乐,音乐现场,乐正绫,LIVE,白石溪,现场,BML2025",214620,363,696,5171,2270,835,0,0,18338
BV1Z7tnzzEP1,114975553230831,1,172,2073,手机游戏,动作竞技游戏,http://i1.hdslb.com/bfs/archive/381b85c8841bff4d0f132736f1cd3e3c2eedebbc.jpg,9月S果然是金身水门！带大家看看火影新公告，简单氪10个648提升战力，再感受下武当花火的实战表现！,1754388346,795,38568774,鬼叔黍,https://i0.hdslb.com/bfs/face/b35d79cac0c8d78f1fbb4956bf0d778d272a9dfb.jpg,3189211,"万物皆可游戏,鬼叔黍,格斗游戏,战力,主播,火影,游戏测评,火影忍者手游",146590,1214,1044,3613,4148,1215,0,0,9862
BV1T6h8z4ELK,114958339807315,1,17,2073,单机游戏,动作竞技游戏,http://i0.hdslb.com/bfs/archive/993df81f291a5a164011eda711f1039a92696e0b.jpg,【速凌】怀揣哥？你这是干嘛啊？？,1754126828,466,3546875066059052,高司令-速凌电竞,https://i2.hdslb.com/bfs/face/8119a560bc06a6436665606570a7332cb0756a89.jpg,1268637,"FPS,游戏实况,永劫无间手游,速凌电竞,永劫手游张起灵,永劫手游古墓夺金,永劫无间张起灵麒麟回响,三角洲,沙雕,高司令",4558031,48741,4913,52246,17152,9951,0,8,243086
BV1cfh3zhEAg,114963507060135,1,228,2088,人文历史,社会观察,http://i0.hdslb.com/bfs/archive/b05a746fc51d3194cf85c7b2b636376bffd913bc.jpg,7月28日一发生就引爆舆论，特朗普还亲自下场发推，到底是怎么回事！,1754388000,873,297670584,我是大佬K,https://i0.hdslb.com/bfs/face/efe0c5cde9af3c74568d17599b9b2a071b279fb4.jpg,948126,"真实故事,悬疑,奇闻异事,真人真事,深夜故事,悬疑案件,案件解说",109345,654,399,1271,1763,138,0,0,6507
BV1kehHztEbm,114953122028009,1,138,2195,搞笑,学生vlog,http://i1.hdslb.com/bfs/archive/9f092f748bb199dad3398085f9565960dc034c69.jpg,《 当 代 高 一 牲 ？！ 》,1754106312,973,1238825086,建客8米2,https://i1.hdslb.com/bfs/face/fbd9d6ef8a4d0fdce75cad21b2f54dbc1a40c07a.jpg,374088,"高中生,校园,青春,生活记录,搞笑,传说之下,高中,记录,三角符文,万种生活碰头相见",332984,2400,876,10355,6420,576,0,0,50433
BV1VfhxzoEem,114956460629535,1,228,2088,人文历史,社会观察,http://i2.hdslb.com/bfs/archive/a104e3a69237471042563035c03401d3ca2dfe45.jpg,【最吓人老师】在课上性侵男学生被发现，老公要求私了。。。,1754106180,523,490505561,郑郑得证,http://i2.hdslb.com/bfs/face/99f6a477d771d9c8c032fd8740539a0fa36f921e.jpg,2002683,"灾难,校园,奇闻,睡前故事,伦理,心理,事故,道德,案件,万物研究所",755878,2213,2349,5108,674,1077,0,0,22753
BV1Q6hwzQE8U,114941696742418,1,17,2079,单机游戏,其他游戏,http://i0.hdslb.com/bfs/archive/7fa9d19fceef1e929cf03c77e00577b5db967ccf.jpg,一个人开发游戏，新增《信仰射击》,1753871444,203,401334598,我真的是建筑类设计阿,https://i1.hdslb.com/bfs/face/d2b1efd37cce107d1db87f2a0721c9e283ad326d.jpg,362472,"游戏,游戏开发,第一视角,游戏日常,游戏画质",810628,519,1341,6400,8178,310,0,0,78220
BV1qZ8yzjE1S,114946427852163,1,21,2038,日常,模玩周边,http://i2.hdslb.com/bfs/archive/ea54911a5667dada5c2f86e49ddc058afc8fe9fd.jpg,恐怖视频，建议和兄弟一起看,1753943459,17,3546902215789088,过程分大神,https://i2.hdslb.com/bfs/face/9fa503aa6ca63891a5a3690d2bcdbadfcea50ffd.jpg,286,"恐怖,诡异,mygo,奶龙,千早爱音",308406,184,1756,8831,657,18528,0,0,53206
BV13th8zvEv2,114958742458070,1,216,2071,鬼畜剧场,射击游戏,http://i2.hdslb.com/bfs/archive/c1195b511893ee03d2d65e3ac60f4974f36b3999.jpg,我乌鲁鲁可不是好人！,1754131447,92,14896506,英豪小丸砸,https://i0.hdslb.com/bfs/face/64469457eb908ecccafa89f863ae791658a4a01d.jpg,57763,"三角洲行动,蜂医,三角洲鼠鼠,老WE重聚三角洲,三角洲,乌鲁鲁,三角洲破壁新赛季上线",344677,180,472,1663,1862,1379,0,0,23604
BV1eHh8zBErz,114958809434185,1,176,2077,汽车生活,休闲/小游戏,http://i0.hdslb.com/bfs/archive/472f46e1754501d31a87750f9474b4cb8beae38e.jpg,蛋仔派对：挑战不能踩到黄色！什么？嫌弃我通关慢！你行你来,1754132454,184,3546682643974706,二氧化蛋1221,https://i2.hdslb.com/bfs/face/197ac6f06c8276bac77adb58aaec714cca351ae3.jpg,174726,"必剪创作,蛋仔派对宝藏乐园地图",2068907,10,6,22064,1957,4,0,0,21156
BV1CShnztEdK,114953608501945,1,17,2079,单机游戏,其他游戏,http://i0.hdslb.com/bfs/archive/a55e78825021de948e99997fe720be89a3dee55d.jpg,因为我的下巴太帅了，居然帅照了镜子,1754053218,162,3546588184054354,隔壁老王沙雕加搞笑,https://i1.hdslb.com/bfs/face/8e3ad2e8ce6af73d58b0f0d91d60ac774fb5807d.jpg,77696,甜瓜游乐场,376173,683,686,13357,2385,968,0,0,24069
BV1xrtuzWEcK,114969630741991,1,21,2183,日常,助眠视频·ASMR,http://i1.hdslb.com/bfs/archive/bbf4e21ea778ede9253f2db45b6938668bcbceed.jpg,ASMR你最喜欢哪一个声音？惊喜盲盒捞道具｜Bakery无人声助眠,1754317800,4140,477137495,Bakery不失眠,https://i2.hdslb.com/bfs/face/03a92512130dc2262c994a5bc2aa059eece81511.jpg,989673,"助眠,催眠,治愈,asmr,Bakery无人声助眠,放松,睡眠,触发音,助眠音,无人声助眠",90037,156,399,2470,960,68,0,0,5172
BV1pW81zbEU4,114948290121395,1,182,2001,影视杂谈,影视解读,http://i0.hdslb.com/bfs/archive/a6962c4b68595ff6207dbb71d457e4664febd4cb.jpg,【HP】一口气看完！盘点《哈利波特与凤凰社》原著中没有被电影还原的419个剧情细节！,1753973094,9183,477833444,唱唱反调呗,https://i2.hdslb.com/bfs/face/bb5b932a9e42c3124cde4108a9884a50ca1d8af5.jpg,448523,"邓布利多,哈利波特,赫敏,斯内普,HP,哈利波特与凤凰社,罗恩,影视,哈利波特原著,影视IP观察室",640939,5194,1018,26906,21171,1459,0,0,59903
BV1EihJzEE3s,114952266320549,1,21,2188,日常,自我成长,http://i2.hdslb.com/bfs/archive/681e661dca5c124ed9357fa248a88ffd3f8cf448.jpg,学不进去的时候，想玩手机的时候，来看看吧,1754128800,410,490340432,英语老师晓艳,https://i2.hdslb.com/bfs/face/ec941be9327acdf6c0d30d3b0aaa4390087e0efc.jpg,543601,"学习,手机,学丞,坚持,刘晓艳,学不进去,爱的100种表达方式",157771,388,214,15434,2547,1104,0,0,14207
BV1QRhgz5Eqv,114964413094985,1,65,2064,网络游戏,单人RPG游戏,http://i2.hdslb.com/bfs/archive/ed29c5487225bdca65a90ccd0daab57aaa3b3769.jpg,卡了一下必有大事…,1754218017,130,1617097682,梓宸爱公子,https://i2.hdslb.com/bfs/face/70bab08addd0ca74723648f78aa4d495eed064a6.jpg,1760638,"原神UP主激励计划,原神",415089,16806,660,5230,1686,295,0,0,38719
BV1u5tGzzEHH,114970100502000,1,65,2071,网络游戏,射击游戏,http://i1.hdslb.com/bfs/archive/9b91f707d6f3998105eabd88eeb198934a47e66c.jpg,【老柠萌】当鼠鼠吃剩饭路上撞到单三清图姐,1754305170,595,1750151716,野生老柠萌,https://i1.hdslb.com/bfs/face/e540d8e020a20175dca0de5915e276b6cd458f90.jpg,320284,"FPS,搞笑,101俱乐部,三角洲行动,爱鼠TV,野生老柠萌,新年快乐排点,鼠鼠,跑刀,三角洲破壁新赛季上线",851253,4245,2861,8713,5876,472,0,0,43557
BV13Yhuz6EYz,114962953411057,1,138,2160,搞笑,城市出行,http://i1.hdslb.com/bfs/archive/d00f1c08177e6e733e0d96a2f3133ff025da5889.jpg,大爷的渠道一直都很硬！,1754198616,356,22089099,手艺贾,https://i0.hdslb.com/bfs/face/6192f0ae708a9c9aa6838d699b5a9134e1ada6c8.jpg,1612342,"旧货,地摊,记录,寻找100个宝藏vlogger",564400,3286,1118,1284,1203,158,0,0,37956
BV12dh4zmE31,114956108306837,1,164,2128,健身,健身科普,http://i0.hdslb.com/bfs/archive/b00b3ad963eb326406576fcc3c94639294c8e7f4.jpg,独家｜北美运动学博士深度分析堂主体检报告,1754100000,871,1387592680,北美运动学博士Bruce_PhD,https://i1.hdslb.com/bfs/face/7b8cce70b0937a5c158d297324612fb2d119f4e6.jpg,928070,"马拉松,健身,运动,一拳超人,励志,堂主,1000天挑战,年马计划,体检,暑期健身蜕变挑战",1316019,12827,3572,16611,28389,3907,0,65,100920
BV1uU8EztEng,114930456007333,1,65,2071,网络游戏,射击游戏,http://i1.hdslb.com/bfs/archive/d6dad4020f71731e381108723f1dc18d721f5a80.jpg,操作了一整局,1754044200,204,1078633469,伞斌一号,https://i2.hdslb.com/bfs/face/31194b7e32ffac6442387e17199873a2bc634ff9.jpg,193588,"使命召唤,FPS,COD",1103403,669,541,1666,662,115,0,0,36437
BV1vWh8zTEV4,114958792661031,1,257,2044,配音,动画配音,http://i1.hdslb.com/bfs/archive/c449671c5afe912192f10c1ff331aa82901dec4e.jpg,女生自学日语配音练习：Dio vs 承太郎,1754132039,131,3546737601940061,CC的啦啦啦,https://i2.hdslb.com/bfs/face/6d0e2f5b4cc5c00bf4962146d268eab93e838220.jpg,66546,"日语,DIO,日语配音,空条承太郎,JOJO的奇妙冒险,练习,配音,配音练习,日配",665281,558,1256,9817,1936,2945,0,0,77704
BV1ZYtgzmEyf,114969127423452,1,253,2042,动漫杂谈,动漫评论,http://i0.hdslb.com/bfs/archive/59ba9be0cdcbcf6579d188c446110eb089b964c5.jpg,CG级画质！全新科幻国产动画能否成功？,1754301900,455,7946432,利维坦mY,https://i2.hdslb.com/bfs/face/eafd73061a55531503353e7ecf8ff9c184d52241.jpg,1727784,"解析,科幻,动漫杂谈,群星,国产动画,动画种草激励计划,国漫,国创动画,群星，我的归宿",299319,857,618,3491,1439,859,0,0,14863
BV1Tw82zYEFj,114947669365335,1,124,2040,社科·法律·心理,二次元线下,http://i1.hdslb.com/bfs/archive/1f030e676ada8a01ad0a97e592624ac4fc3835f1.jpg,吧唧没火之前动漫店的种类很丰富！有好多东西啊，现在感觉全是卖徽章的(つД`)去店里看了一眼返老还童年轻了十岁,1753962359,131,267063677,单易之,https://i2.hdslb.com/bfs/face/46d0cf850a56b10e328cbfe26025ee22e32dcd45.jpg,120452,"死宅,二次元,动漫,吧唧,动漫店,古早,谷子,周边,探店,bilibili次元论战",584386,832,2623,5309,942,1166,0,0,61732
BV1KV8XzJEfo,114934952236858,1,17,2078,单机游戏,沙盒类,http://i0.hdslb.com/bfs/archive/c7fa25d1078873c664aec05bdd953889aa00523a.jpg,尽力了 尽力了,1754211600,314,3494361318820182,冰-C,https://i0.hdslb.com/bfs/face/6a5b0985cec56741e3b20cedf97355a3c67ef0cb.jpg,737080,"实况解说,娱乐,我的世界,游戏实况,MOD,沙盒游戏,像素风,沙雕",584281,419,204,6001,538,171,0,0,28030
BV12thGz6EQ2,114965268667206,1,17,2069,单机游戏,即时策略游戏,http://i1.hdslb.com/bfs/archive/2200a78433b5128590a42164bcc6785a9b6a1440.jpg,红警房主已经11连胜了！他叫我如实回答，有没有作弊？,1754280000,753,1629347259,红警HBK08,https://i0.hdslb.com/bfs/face/66ab5bd4e218aeb663e13b6871b46b2894800416.jpg,2136485,"红警,海战,游戏解说,红色警戒2,红色警戒,游戏集锦,实况解说,连胜,即时战略",388309,1289,676,704,2037,136,0,0,18629
BV1gfhHz3EGG,114952853528015,1,250,2150,出行,美食探店,http://i2.hdslb.com/bfs/archive/d724c8501337e6b4782f43695b88f66fbafc26ed.jpg,在亚庇从早吃到晚：逛吃4家店和夜市还玩了桨板，胃容量不够了！,1754042071,1862,649019192,方芳的快乐生活,https://i2.hdslb.com/bfs/face/6403112ef1655c35eebc639706114d184edb3472.jpg,1820909,"旅游,吃货,美食侦探,美食,生活记录,高能,显眼包,记录我的美食日常,亚庇,桨板",652539,4402,1078,5357,27632,913,0,0,39966
BV1M6h3zCEpb,114963708382275,1,138,2156,搞笑,UP主小综艺,http://i2.hdslb.com/bfs/archive/926ea6706f2a4028b66d413e4429249792e74da8.jpg,哈哈哈哈答非所问,1754207148,117,551931509,小歪很拽,https://i2.hdslb.com/bfs/face/961bf1b9c9551c209a44d3463990190c36b3cdb1.jpg,1257573,"综艺搞笑,答非所问,趣味游戏,办公室游戏,看一遍笑一遍,搞笑研究所",1578907,2213,439,19609,1660,1074,0,0,67942
BV1W1tnznERR,114975318282824,1,172,2071,手机游戏,射击游戏,http://i2.hdslb.com/bfs/archive/fa173e6fea6f609b6fb864c7a20b29667962f65c.jpg,要塞翻新！还有新天气？S14体验服爆料来了！,1754384354,419,1179443060,游戏策划117,https://i2.hdslb.com/bfs/face/f2c3dc4f523041284c214541b59e0092ed4a865d.jpg,1147718,"FPS,暗区突围手游,策划117,暗区突围S14抢先看,爆料,体验服,暗区突围",179703,2852,4297,3476,1877,6075,0,0,17709
BV1F9hnzdEC8,114953625341578,1,253,2042,动漫杂谈,动漫评论,http://i1.hdslb.com/bfs/archive/481abfdd24e163db22de810cbdf7a3a1b9463a63.jpg,【JO论战】开什么玩笑！我吉良不是最强boss吗？！为什么一直在挨揍！？？,1754053412,442,352332745,色忐忑与瑟袒特,https://i1.hdslb.com/bfs/face/1f000ce90a06dfcb945847581430b6d1f56a3f7d.jpg,11709,"JOJO的奇妙冒险,动漫杂谈,吉良吉影,瓶子君152,动画种草激励计划,银色战车,七月新番,新番吐槽,不灭钻石",1313558,1314,1757,23371,3052,566,0,0,52644
BV1bch3zgEEu,114964345920982,1,208,2092,校园学习,心理杂谈,http://i0.hdslb.com/bfs/archive/da72318846047845f9a588cc828aa4d90d7836b3.jpg,其实父母根本没有教过我们如何社交,1754217206,136,25694274,小五只会一点点,https://i0.hdslb.com/bfs/face/dac3f29feb6f36bea16d4a81eb2b423381528efc.jpg,559615,"家庭,职场,心理,社交,父母,人际关系,拒绝,大学生,原生家庭,学生UP主养成计划",104294,18,242,14425,842,341,0,0,18818
BV1qvtJzMEM1,114976022856151,1,17,2079,单机游戏,其他游戏,http://i2.hdslb.com/bfs/archive/330e4a91604e0ffceb3367027888381e54cfae56.jpg,【60重置版】卸磨杀驴！,1754396220,1197,19663740,牧濑红莉CCC,https://i0.hdslb.com/bfs/face/3ad70245ef83341fde37a424eeff16445b6909f2.jpg,87813,"单机游戏,催眠,娱乐,搞笑,主机游戏,60秒重制版,电子榨菜,沙雕,steam游戏,整点电子榨菜",35965,761,238,514,595,50,0,0,3262
BV1z6tGzQEnK,114969882530493,1,193,2020,MV,翻唱,http://i1.hdslb.com/bfs/archive/f3c12df1237028c6c1c8d87daf6f021a69b4bda9.jpg,方大同劝你别读博,1754301407,248,21442590,馄饨皮茄总,https://i0.hdslb.com/bfs/face/29d3bf75ec95524532a9ce36d1232ef441889a1d.jpg,28217,"方大同,cover,科研,三人游,博士,学术,读研,读博,PhD,翻唱的N种打开方式",76360,104,456,682,1964,1087,0,0,6897
BV1HRt3zpEcD,114970587042660,1,138,2152,搞笑,美食记录,http://i2.hdslb.com/bfs/archive/f03dbf72830e3c46247bd89cd0416b9aca7030f3.jpg,深度解析良子是否偷吃5,1754312604,289,32026774,侦探许烦烦,https://i1.hdslb.com/bfs/face/12cddd8ada95dfd639100cd9ec276ce7a57643fb.jpg,183823,"搞笑,吃喝玩乐先上闲鱼,美食测评,Vlog,良子",236007,699,597,987,906,684,0,0,13699
BV1YWh8zTEzM,114958792658071,1,76,2149,美食制作,美食制作,http://i1.hdslb.com/bfs/archive/ac8dad7fd6de85f42e104e2673334c465035b458.jpg,邪恶美食家被米其林大厨点名啦！戈登老师你听我解释！,1754132223,90,31642139,美味羡宝王,https://i2.hdslb.com/bfs/face/59cefea633610997273eaf86e27acf4d4a235308.jpg,582757,"美食制作,大厨,美食,黑暗料理,搞笑,我在B站做美食,美食测评,Vlog",918296,428,819,7232,606,697,0,0,85343
BV1fUtEzzEuz,114974445800143,1,172,2071,手机游戏,射击游戏,http://i1.hdslb.com/bfs/archive/f27913067de604801d31f32b9a0769b15327eb52.jpg,从玩家流失到平台前三，漫威争锋到底经历了什么？,1754388000,304,32985235,住B站的王王,https://i1.hdslb.com/bfs/face/0be3483cd1a86d0a7b564d40bd828e72ca23160a.jpg,214103,"游戏,漫威,电子竞技,网络游戏,射击游戏,漫威争锋,漫威争锋第3赛季,漫威争锋S3赛季浴火新生,漫威争锋S3下半赛季,游戏鉴赏家",82364,228,398,1367,1244,235,0,0,6626
BV1Kjtgz8EC5,114969513299241,1,172,2070,手机游戏,MOBA游戏,http://i2.hdslb.com/bfs/archive/e38bf9df012f007548b1644c544e83e3f18428f2.jpg,【亚某爆料时间】山海奇都系列皮肤【司马懿-九山相柳】来啦！,1754296465,212,57863910,王者荣耀,https://i0.hdslb.com/bfs/face/186a321d4647bd2b1602e43b831bac89bcb7a34b.jpg,9444794,"电子竞技,王者荣耀,司马懿相柳皮肤爆料,司马懿山海奇都新皮肤,MOBA,亚某爆料时间",919557,10766,11041,2383,2108,22912,0,0,24858
BV1vghWzQERA,114954212481990,1,17,2176,单机游戏,亲子互动,http://i0.hdslb.com/bfs/archive/29ab04151e099f3079ab0f43a4d8e4d7ecd5d249.jpg,爸爸的锅女儿背！7岁游戏UP的生日礼物都有啥？,1754107200,579,3546556791786051,龙豆卤面,https://i0.hdslb.com/bfs/face/0b11f24311260d34b35b95c25870c24295bba57c.jpg,470883,"万物皆可游戏,生活记录,主机游戏,单机游戏,PlayStation,去你家打游戏好么,PS5,Vlog",245016,2644,616,1416,2491,338,0,0,22088
BV1u28EzfE9H,114930808328322,1,17,2079,单机游戏,其他游戏,http://i1.hdslb.com/bfs/archive/070930a2ad60eff6b5dfd3cb02144c77d635ad86.jpg,【warma】种地游戏我跟你拼了！！！,1754020800,2486,106320250,warma养鸽场,https://i1.hdslb.com/bfs/face/0158d4c603801e0934bb23c8b478ccc8561d585a.jpg,1307503,"独立游戏,实况,warma,另一个肉鸽农场,休闲,种田,策略,肉鸽,沃玛",714333,2135,1327,15001,11729,1713,0,0,46411
BV15Whuz2Eaw,114963255398211,1,21,2186,日常,恋爱关系,http://i0.hdslb.com/bfs/archive/aa604e6451f5ea7cd933127010ddf8c1773e2996.jpg,为什么美女爱找“河童”？,1754200262,178,12473824,正宗氛围帅哥杰西卡,https://i1.hdslb.com/bfs/face/32cb94f713c81c2362df899b8d377b26b5951e3d.jpg,303054,"日本,妹子,小仙女",173604,120,180,1034,567,404,0,0,13960
BV1sStLzGEUm,114972046659055,1,17,2037,单机游戏,同人动画,http://i0.hdslb.com/bfs/archive/d80956d5dd54e542179b768cb75261d5bd244e0d.jpg,谁说百岁老人不能当模特,1754334528,120,15312,Days的Wing翼,http://i0.hdslb.com/bfs/face/4f7f75fc3ca8d45c95187561c31fc200ca206947.jpg,136855,"同人,AI动画,白月魁,动画MV,白老板,灵笼",274617,159,723,3712,1413,506,0,0,8073
BV1GMhhzTEWU,114958239009590,1,138,2154,搞笑,剧情演绎,http://i2.hdslb.com/bfs/archive/167e3f0448ce6b8ff7878eeac49e645fd2b31a42.jpg,我奶上个月交了1000元电费,1754123820,377,1659651634,七颗猩猩QKXX,https://i1.hdslb.com/bfs/face/e48329f6999d331dcb3cb5ca7ecf2b4b1100d83d.jpg,3184805,"搞笑,原创,搞笑小剧场",2995585,1519,2376,40953,9859,2223,0,35,112390
BV1Fbh4zTEMg,114956343187881,1,251,2149,三农,美食制作,http://i0.hdslb.com/bfs/archive/a18f94c026965548d75dd8ad9c6becf7cf9d4d6c.jpg,你知道爷爷有多喜欢吃我做的石塔菌火锅吗？,1754095100,106,3546595213707384,江川枫的生活,https://i0.hdslb.com/bfs/face/5bf17c267bfb7224daf6cc59d6ef7cd3cf31c97f.jpg,11360,"火锅,爷爷,美食,记录美好农村生活,乡村生活,Vlog,农村生活",244443,484,1035,1471,1324,77,0,0,22614
BV1h8huzkER7,114962919918712,1,17,2077,单机游戏,休闲/小游戏,http://i1.hdslb.com/bfs/archive/81ad1f181be467b40543d466106d2324be1c0c1e.jpg,新皮肤：寒霜剑客,1754195248,418,97213827,潜艇伟伟迷,https://i0.hdslb.com/bfs/face/a2370da541bc5f6769cfcea0fcef907bebb26311.jpg,4934702,"PVZ,植物大战僵尸,植物大战僵尸杂交版,杂交版,自制游戏,杂交植物",534662,595,690,1369,883,209,0,0,34991
BV1WfhPz7Ec8,114959446968848,1,65,2071,网络游戏,射击游戏,http://i2.hdslb.com/bfs/archive/db01303e867e90b427c62c71bf1c15e43beb61cc.jpg,三角洲自动假账计算V3来了！全自动计算假账头！假账配件！三角洲经济学！10分钟更新一次！三角洲行动攻略，三角洲鼠鼠偷吃模拟器更新！,1754142143,131,4201439,Orzice,https://i2.hdslb.com/bfs/face/e1c03b788b0440e84c82c118a84e9ce2e0e8c572.jpg,114683,"三角洲行动,三角洲经济学,鼠鼠偷吃模拟器,三角洲小涛查,三角洲,教程攻略,配件,图鉴,假账",374695,109,803,16945,10462,4628,0,0,22194
BV1fChWzFEPg,114953860287661,1,242,2009,娱乐粉丝创作,娱乐评论,http://i1.hdslb.com/bfs/archive/81594f7b64a45ac7f8631ae9efe43d0f8fe04885.jpg,丁真 被流量挟持的传奇一生,1754057100,591,3546781006694901,我真的玉玉症了,https://i0.hdslb.com/bfs/face/cc515923daf9a49fba6031c54e09bca8a073935d.jpg,276246,"正能量,丁真,娱乐吃瓜大会",1767688,2968,2390,27743,4344,2117,0,100,85181
BV1gjtGzMEsP,114970150835335,1,210,2148,模玩·周边,其他手工,http://i1.hdslb.com/bfs/archive/3d96d22cee7e608f0493b66887559fe7c8b7967e.jpg,三年之约，第94天，今天上称！,1754306659,325,3546873015044199,电线玩家,https://i0.hdslb.com/bfs/face/a0f26057f69a6d68272a9ee5c799a7cd6e858ab9.jpg,129465,"DIY,手工,Vlog",94613,131,194,538,2539,37,0,0,20076
BV19g8LzdESC,114928610514129,1,215,2152,美食记录,美食记录,http://i2.hdslb.com/bfs/archive/bf85feed64ef8a7bdb903905f5b218e42fba9ae2.jpg,夜宵时间到，开造,1754190000,207,26417558,铁蛋儿Tyler,https://i2.hdslb.com/bfs/face/12b8d664cb6c5fcad3ff97132b424e40a5f7f986.jpg,2909758,"吃货,美食,夜宵,炸鸡,火鸡面",253099,1604,417,4941,722,348,0,0,24699
BV1vPtgzBEFk,114969379147810,1,121,2037,GMV,同人动画,http://i2.hdslb.com/bfs/archive/c75588062055cce5b2ed2b10a4da4320679b2fe7.jpg,哇！这个可以给我吃吗~,1754293571,33,21132494,林烟不是大佬,https://i2.hdslb.com/bfs/face/46ad16ee528f3bc3b11b137da97d45983b7a5cff.jpg,167890,"手书,FGO,魔性,fate,saber,阿尔托莉雅·潘德拉贡,迦勒底创作高能团,阿尔托莉雅,fgo,命运-冠位指定创作者激励计划",260256,174,754,8519,7630,1300,0,0,43885
BV1Sf8izCE7b,114942804038701,1,121,2066,GMV,单机主机类游戏,http://i0.hdslb.com/bfs/archive/d7ba4e0f8f3ef5c2b780d933f280d1387995c6de.jpg,[黑魂]超兽武装,1753888509,90,108699089,洋葱拖拖米,https://i2.hdslb.com/bfs/face/fba99c4ab1dae8b2be55ee5a39a4abe16f988474.jpg,369,"黑暗之魂,童年,黑暗之魂3,黑魂,超兽武装,混剪",141151,81,454,3421,4755,1357,0,0,20551
BV1rTt3zsEos,114968959650853,1,253,2042,动漫杂谈,动漫评论,http://i2.hdslb.com/bfs/archive/41d95f32bb65e9f14bdb89db8a1f8f5524b4491f.jpg,一集评分滑坠！最顶级的制作+最灾难的故事收尾！自暴自弃的《章鱼P的原罪》【7月新番中期简评#1】,1754294400,670,904827,JK低手鱼太,https://i0.hdslb.com/bfs/face/e24e70bbe1134a18ae7aefaedd0b7b3e5aaa1a88.jpg,659485,"动漫杂谈,新番,章鱼P的原罪,动画种草激励计划,大今良时：嚯嚯，这都有同行的啊,竹下良平：嚯嚯，这都有同行的啊,浅野一二零：嚯嚯，这都有同行的啊,甲蛋蒜：嚯嚯，欢迎同行加入,7月新番,番声",165059,390,1336,1304,906,342,0,0,5206
BV1qLh8zkEYg,114958608107657,1,27,2040,综合,二次元线下,http://i2.hdslb.com/bfs/archive/946412b1b1ffc21950cc1bc84e17e45adf203e51.jpg,木叶村里的ktv聚会,1754129797,82,2114090017,小咩快跑丶,https://i1.hdslb.com/bfs/face/46963e13a392d1831d7e626f6c708f03e8c5dba5.jpg,697732,"火影忍者,二次元副本挑战者",991442,499,1364,19955,3547,4554,0,0,81564
BV1YuhhziEtF,114958222300221,1,182,2001,影视杂谈,影视解读,http://i0.hdslb.com/bfs/archive/f611681fb492b15217e2d092aef26d4019054c11.jpg,天啊暑期档居然找不到一对好嗑的异性恋【铁柱】,1754123901,651,1594681367,铁铁铁柱_,https://i2.hdslb.com/bfs/face/63c8f7ca199973e69d5eaf84188f5eb8a2ab7113.jpg,527317,"吐槽,UP热评影视剧,异性恋,盘点,暑期档",358247,5636,1443,1241,2009,551,0,0,12552
BV1z7hFzfE1n,114939163313671,1,65,2071,网络游戏,射击游戏,http://i2.hdslb.com/bfs/archive/6dc6b02d31a4ba386e5d2c328aadc84d9a2ef0a8.jpg,道阻且长 行则将至,1753832546,139,3546626532576209,通项式,https://i2.hdslb.com/bfs/face/70d27088b157426ab5208b5aa85fb53bcd3b4abe.jpg,3104,和平精英夏日焕新,139693,5,632,1010,1178,137,0,0,11695
BV1Hp8uzWEut,114906917505834,1,172,2064,手机游戏,单人RPG游戏,http://i1.hdslb.com/bfs/archive/c2e9e98fd1933fe2e8e255ef35fecfa17d79758f.jpg,《重返未来：1999》×《刺客信条》联动版本超级天赋秀：艾吉奥 Xtreme Talent: Ezio,1754366400,420,1197454103,重返未来1999,https://i2.hdslb.com/bfs/face/6a1936d5cb5b315311fedbf2d4793c4d404cac83.jpg,2785144,"手机游戏,主机游戏,重返未来：1999,超级天赋秀,重返未来联动,重返未来刺客信条联动,刺客信条2,艾吉奥,刺客信条联动,重返未来1999",135701,1166,1750,1351,1436,1422,0,0,12721
BV1uStMzFEVK,114968389291559,1,257,2171,配音,动物综合·二创,http://i2.hdslb.com/bfs/archive/ed0ac8ed152e8f60ffa289a7c20c796cc260bf31.jpg,天堂啊！😭,1754278472,32,400665645,卑微鸭嘎嘎,https://i0.hdslb.com/bfs/face/18a152ffc35c44bc43eb37788d4b092b01738685.jpg,227056,"可爱,声优,配音,鸭嘎嘎,动物配音,配音小剧场",3681521,951,2908,46735,6894,14423,0,25,284298
BV1djhtzPEV2,114957970639468,1,212,2152,美食侦探,美食记录,http://i2.hdslb.com/bfs/archive/d8b4148f7f345a3a2ec24775086c2c21521cc510.jpg,第一名2000元奖券，大阪烧速食比赛，看到大韩同学就知结局！,1754127900,696,8263502,橙飞一下,https://i2.hdslb.com/bfs/face/86fbb87fdf4d5ec1ba3bb7b56131d8265d36ffcd.jpg,2091317,"日本料理,街头美食,比赛,记录我的美食日常,竞速,挑战,竞技比赛,免单挑战",654064,3088,2664,969,1128,418,0,0,18930
BV1Qth8zeEaW,114958742391622,1,256,2111,短片,美妆,http://i1.hdslb.com/bfs/archive/9caae453e5c6dd2143d68fa31dc51b24f9d88a29.jpg,“你，永远可以更加美丽”,1754131356,115,3546596033693926,钢铁小牙,https://i1.hdslb.com/bfs/face/e9af90276d2d70929d59937071e99c1d70937459.jpg,21642,"服美役,消费主义,容貌焦虑",90341,42,271,2152,2962,231,0,0,9417
BV1hXtGzCEJJ,114970016746562,1,21,2064,日常,单人RPG游戏,http://i0.hdslb.com/bfs/archive/57a0ab9fed0fb6548097bf5c5de5471a82d26661.jpg,"【索拉鉴赏官】鸣潮男女角色情度排行榜,压抑了必看,诺神王朝了！",1754303544,513,3546376981973331,理智型褚生_,https://i0.hdslb.com/bfs/face/cfb5dcb729122e7a603f92b68d255ded23a86a84.jpg,5040,"鸣潮创作激励计划,嘉贝莉娜,千咲,尤诺,奥古斯塔,鸣潮",56333,969,445,1298,1340,865,0,0,4678
BV1QQtGz5Eoh,114969966480119,1,215,2149,美食记录,美食制作,http://i0.hdslb.com/bfs/archive/846395cb0e1af981e1d2b655ac2c869ec1fb7047.jpg,文科毕业生6.38吃一顿,1754302850,63,33903433,极品饭灵根z,https://i1.hdslb.com/bfs/face/b85167a5feb1ae3547009e6efe6029b6aca5da4b.jpg,583426,"生活记录,美食,大学毕业生,鸡翅,Vlog",305273,299,442,1210,963,304,0,0,32558
BV1hshNz8E81,114959161820485,1,254,2174,亲子,儿童才艺,http://i2.hdslb.com/bfs/archive/200f20b7c4db1fcf48d3b6d0aafbd4b629dba7b5.jpg,嗯对，法修散打！！！,1754137780,24,116727704,鱿鱼由于了,https://i2.hdslb.com/bfs/face/aeaa251cf29d66ce6132a0241a2c17518eee4526.jpg,1233,"搞笑,生活记录,记录",518523,1401,6143,2344,4151,825,0,0,98290
BV1c2hNzLELt,114959262417334,1,17,2079,单机游戏,其他游戏,http://i1.hdslb.com/bfs/archive/2fbca861070e51f92d11521267e6d87f6e091b68.jpg,60秒避难所：小红的气数已尽？呱呱菌游戏,1754139489,2678,10572246,水神呱呱菌-瓜瓜君,https://i0.hdslb.com/bfs/face/87eb32b76233a02e08db89b905f791df3e096b39.jpg,588993,"游戏解说,生存游戏,游戏实况,实况解说,避难所生存,60秒避难所生存,避难所,60秒,60秒避难所,推荐宝藏游戏",1420796,580,119,13334,1449,20,0,0,14602
BV1cptMzmEXS,114968674438889,1,47,2037,同人·手书,同人动画,http://i0.hdslb.com/bfs/archive/6932cd399533c8ee73f33993057ba2a6e2543315.jpg,第67集，穿越后我施展龙煌界神力秒杀神域杀手，与冰块妞前往塞北执行猎杀任务！,1754382600,449,1315416826,暴走三金_,https://i1.hdslb.com/bfs/face/547d829b08e143073920e9eaf241540cbc3f64a7.jpg,287686,"原创动画,动画种草激励计划,热血",45961,307,170,1518,1064,36,0,0,4967
BV1zkhGzcEKg,114965453212333,1,17,2077,单机游戏,休闲/小游戏,http://i0.hdslb.com/bfs/archive/86bb4a52008c1d2366f3a0483283086e20e75e5e.jpg,向日葵女王的新征程！,1754276400,296,97213827,潜艇伟伟迷,https://i0.hdslb.com/bfs/face/a2370da541bc5f6769cfcea0fcef907bebb26311.jpg,4934702,"PVZ,植物大战僵尸,植物大战僵尸杂交版,杂交版,自制游戏,杂交植物",256953,401,937,943,681,143,0,0,11840
BV1MEhhz8Eet,114958188682054,1,172,2076,手机游戏,女性向游戏,http://i2.hdslb.com/bfs/archive/148a459cad7ddf8fc98eb3d265ff4161176601e9.jpg,【微恐慎入】立志当闪暖掉san界的扛把子！,1754122886,60,383005967,可以阜吾民之财兮,https://i2.hdslb.com/bfs/face/5cf6fb05e814b04dd98470d2db03553163614e57.jpg,7618,"恐怖,闪耀暖暖,闪耀暖暖二创,闪耀暖暖六周年,闪耀暖暖玩家共创,闪耀暖暖神仙打架,胆小慎入,微恐慎入",582890,118,217,7024,1059,509,0,0,75827
BV1byhVzUEWr,114964496975149,1,124,2081,社科·法律·心理,海外资讯,http://i1.hdslb.com/bfs/archive/a4bcac96a41e204d094036092bd210f895dbde90.jpg,尹锡悦在牢里拒捕，只穿内裤满地打滚，真的吗？,1754219202,501,346563107,波士顿圆脸,https://i2.hdslb.com/bfs/face/f8f0fc4114bb06a87481abe12faa006a383cbe6d.jpg,5178323,"社会,法律,犯罪,韩国,尹锡悦,假新闻,环球资讯站",795153,2832,1579,3383,2222,1209,0,0,49496
BV1aetVzyEfy,114971644008386,1,17,2037,单机游戏,同人动画,http://i1.hdslb.com/bfs/archive/d3c569f373e0f3aeb84976231b06f911d039bcb2.jpg,NPC...觉醒了？,1754360400,166,20669779,敲萌豹风党,https://i1.hdslb.com/bfs/face/d8a9dd00877e8b81bcb9aabbdfea6429278e8162.jpg,1890569,"搞笑,我的世界,游戏,MC,单机游戏,Minecraft,mc动画,暗区突围端游,暗区突围无限,暗区端游联动2077",396510,553,457,3003,907,254,0,0,36415
BV1iDhGzRENx,114965017009060,1,25,2023,MMD·3D,AI音乐,http://i0.hdslb.com/bfs/archive/4a44a05292ac5d55d52bdb37632ba7c31e9f097c.jpg,追番完了就来听银月唱首歌吧，多看一集,1754227141,201,395381677,布鲁特福斯,https://i1.hdslb.com/bfs/face/a53f9cf5d22e122f00eda4d6ba326ec3e281b946.jpg,3562,"凡人修仙传,可爱,动漫音乐,萌,啼魂,动画种草激励计划,韩立,银月,AI视频,AI音乐",469076,553,1423,4875,9015,1125,0,0,18206
BV1HrhxzuE72,114956930386904,1,138,2071,搞笑,射击游戏,http://i2.hdslb.com/bfs/archive/471300fcf746d8a305d57b3a7494d870b8047f7b.jpg,亲子照？,1754126522,96,1098173832,宋云生-,https://i0.hdslb.com/bfs/face/fca17ec3de184b038620eca0043c57d282c58ba9.jpg,1515899,"手游,FPS,无畏契约手游,无畏契约,无畏契约端手大展台,搞笑研究所",2341340,389,249,5103,2959,1355,0,0,98955
BV1chtGzZEdP,114969915952031,1,172,2064,手机游戏,单人RPG游戏,http://i0.hdslb.com/bfs/archive/d5632129f2575b6ca50a113d78a818160073a87c.jpg,萌新也能看懂的空月之歌序奏解析，完整梳理时间线【原神空月之歌序奏解析】,1754302144,1781,1876542,骚橙丶,https://i0.hdslb.com/bfs/face/88ff923b981c0f6a6db049e056ebc0cdd5f98937.jpg,606622,"原神UP主激励计划,烬寂海,挪德卡莱,莉安歌,伊涅芙,十三领主,原神,伊葵,原神高能团",174235,1675,1300,4131,7611,488,0,0,19428
BV1LvtMzzEUj,114968271849593,1,172,2064,手机游戏,单人RPG游戏,http://i2.hdslb.com/bfs/archive/7f398c348b714621ecac249d371d22134c809b81.jpg,三人成神打进梦幻比赛前一百强！喜获千万奖金,1754280000,529,450882837,一叮当猫一,https://i0.hdslb.com/bfs/face/d1860f1dc772903037f0048c149b2b445e6bcc74.jpg,1765099,"怀旧,童年回忆杀,梦幻西游全民PK赛,梦幻西游手游,回合制,MMORPG,梦幻手游",273004,148,165,2705,2551,1052,0,0,11131
BV1TShVzLEVz,114964715019479,1,71,2009,综艺,娱乐评论,http://i1.hdslb.com/bfs/archive/de3e02a757f764020e71856ac786e89c0902bf01.jpg,恋爱？出轨？结婚？歌曲争夺？来看看七月都有哪些瓜！,1754223410,1850,8365699,郭本尼,https://i1.hdslb.com/bfs/face/3ce90cff218ea393de8487cfa38a878a1ba168a2.jpg,1201242,"汪苏泷,李惠利,梓瑜,旺仔小乔,郭本尼,田栩宁,八卦,张碧晨,娱乐考古放大镜",367455,5167,2445,2311,6946,796,0,0,16596
BV1JehJzSEra,114952350211088,1,176,2077,汽车生活,休闲/小游戏,http://i2.hdslb.com/bfs/archive/82d1bd70309cf1c4b98da0ecd0d7f1f3c7d6bef1.jpg,我太奶团最擅长的就是搬箱子和垫箱子了,1754034507,258,3546767706556480,蛋仔派对太奶团团,https://i1.hdslb.com/bfs/face/e9377e8c8e1da91b0e8e071c1e86b2bddd834e88.jpg,73714,"必剪创作,蛋仔派对宝藏乐园地图",3257769,48,50,87732,9285,8,0,45,85676
BV1uVhJzNEtw,114952518110343,1,21,2186,日常,恋爱关系,http://i0.hdslb.com/bfs/archive/40c5905811c1b13d196645449691f09b933d9997.jpg,男人的谎言 只有男人懂,1754043600,135,1594125242,我是于事_Sh,https://i2.hdslb.com/bfs/face/fa8f97e0972d5b117c834f25cffff608f16008b3.jpg,247502,"情感,双开门霸总,这个男孩能嫁吗,于事讲男人,女生必看",779995,1390,2204,17642,3211,6909,0,0,113876
BV17sh3z9E7M,114964077484957,1,172,2064,手机游戏,单人RPG游戏,http://i0.hdslb.com/bfs/archive/82556f2d9ee6a5733ecad51618b70a20d91377a2.jpg,独家解析，昔涟丹恒伏笔？星铁3.5，前瞻救世PV细节！,1754212828,351,7466789,Jerryprpr,https://i2.hdslb.com/bfs/face/3be29be17dd83dda2f5770bc8acfa73ddcc82d6b.jpg,967201,"白厄,星穹列车团,翁法罗斯,昔涟,翁法罗斯开拓之旅,崩坏星穹铁道白厄,来古士,在黎明升起时坠落,英雄未死之前,三月七",586066,4344,1781,15042,4974,3271,0,0,75062
BV1q6tGzQEjo,114969882529724,1,138,2005,搞笑,短剧短片,http://i0.hdslb.com/bfs/archive/09296edf762f06c4380741fb311adf3a4024cc1c.jpg,破镜不能重圆 和好不能如初,1754301513,123,1659651634,七颗猩猩QKXX,https://i1.hdslb.com/bfs/face/e48329f6999d331dcb3cb5ca7ecf2b4b1100d83d.jpg,3184805,"爱情,短片,原创,搞笑小剧场",879490,1407,1725,9028,4689,1243,0,0,75446
BV12ct3zbEuv,114968758328907,1,171,2070,电子竞技,MOBA游戏,http://i1.hdslb.com/bfs/archive/f6692c06d49883834efec64e8da40f1aa2f63f5c.jpg,十万个斗魂冷知识，安倍萨城邦选择不掉血，鬼鞋进对局观战，雪人撞墙加盾,1754285731,134,434873769,太农712,https://i0.hdslb.com/bfs/face/ccfef82a203b0cc5adfe9f9b3d90695dce1b42aa.jpg,31998,"冷知识,技巧,斗魂竞技场,巨像勇气,安倍萨,鬼鞋,斗魂,满血,雪人,城邦",175417,125,415,789,625,4457,0,0,10210
BV18QhMzBEXo,114961460235162,1,172,2064,手机游戏,单人RPG游戏,http://i2.hdslb.com/bfs/archive/5945401b09f0461d3cabae5b623a7f6ed451955e.jpg,【原神】谁人的残破笔记系列/隐藏道具/任务物品/悠悠度假村/原神5.8/纳塔5.8,1754173620,157,431073645,你的影月月,https://i0.hdslb.com/bfs/face/2e32de7b28fc491a28281a22c6ea9f5d195cbdf5.jpg,8927498,"原神5.8版本,悠悠度假村,谁人的残破笔记,游戏攻略,隐藏道具,游戏鉴赏家,任务物品,原神",291539,189,489,5701,994,436,0,0,11486
BV15JtnzMExo,114975536319826,1,21,2207,日常,随拍·综合,http://i2.hdslb.com/bfs/archive/df1aab5769ae0445824100f5ec62d0003b1ca3b8.jpg,NGO的影子借“公益”之名渗透名校！,1754387783,864,510362725,赛雷话金,https://i1.hdslb.com/bfs/face/62ac5d01ea6dfe5c25b56e49d5d6cfc9818b1866.jpg,598690,"公益,大学,NGO,名校,热点观察局",83795,542,569,1869,2502,460,0,0,8609
BV1jqtMzMEtS,114968255076885,1,215,2152,美食记录,美食记录,http://i2.hdslb.com/bfs/archive/9aac8e63fe88dd66cc9ede490cd10cf53fb0b5ee.jpg,破产的鸟鲁鲁请打手护航,1754277949,406,2135588458,落听-乌鲁坐飞弹,https://i1.hdslb.com/bfs/face/23f29bb7c56afdc93be9b90ed2152ce87e4c6d61.jpg,222640,"搞笑,生活记录,美食vlog,三角洲乌鲁鲁,COS乌鲁鲁,抽象,瓜子二手车,Vlog",103450,245,274,596,1427,99,0,0,14134
BV1yFtuzHE9h,114968003354177,1,22,2064,鬼畜调教,单人RPG游戏,http://i2.hdslb.com/bfs/archive/04fd0a790a09d507ee27682f23ba36312b97ca57.jpg,【星穹铁道】我叫长夜月你记住！（师承黄泉已黑化！）,1754280000,71,309266471,双马尾的麻薯,https://i2.hdslb.com/bfs/face/0e81ec5dcdc81451523cddd8070c6e7d30c8b82e.jpg,583010,"黄泉,雷电芽衣,崩坏3,崩坏：星穹铁道,星穹铁道,崩坏：星穹铁道创作者激励计划,星穹列车团,米哈游,长夜月,三月七",196521,103,361,2071,604,407,0,0,21305
BV1jB8CzGEi3,114947032028466,1,207,2094,财经商业,科学科普,http://i0.hdslb.com/bfs/archive/1bf39f9965083726edbf076f6506b8b0e1c4ccb0.jpg,那些学校里老师说很贵的东西……,1754042400,69,28760071,大瑞真机灵,https://i1.hdslb.com/bfs/face/e032f56cc8f1f077a296279f728bc27715631f3b.jpg,442683,"原创,学校,反差,3分钟分享一个科学知识",4926522,436,739,20211,573,102,0,0,25638
BV1UDhbzfE2B,114958876544048,1,214,2163,田园美食,赶海捕鱼,http://i0.hdslb.com/bfs/archive/993804f27d0ea7add25f979f2654169f95bb4c39.jpg,挪威下地笼能抓到什么海鲜？挖沙贝煮火锅脆嫩鲜甜,1754133595,919,452412746,Yooupi食途,https://i2.hdslb.com/bfs/face/648dd47b0ab8f7acaa804a6ebfe393813c33f558.jpg,2275579,"生活记录,挪威,美食,搞笑,海鲜,户外,三农,赶海,地笼,赶海捕鱼那些事儿",708518,2750,801,3784,9920,619,0,0,35656
BV14Qhwz5EKx,114941780563702,1,246,2107,改装玩车,汽车文化,http://i0.hdslb.com/bfs/archive/67e98aaac0db727b28cae98188a934dd629ddd93.jpg,泡水的巡洋舰才3万？买！修完开不坏才是真正的”巡洋舰“,1753872667,1010,1189785458,大山车改,https://i2.hdslb.com/bfs/face/7fbee9ad1e66e2aa2b253c964e36cbb1c1acaf34.jpg,89053,"战舰,汽车,丰田,巡洋舰,汽车维修,汽车知识,汽车文化,汽车翻新,汽车改装升级,汽车升级",408423,1690,920,3179,3930,859,0,0,21866
BV1V8h3znEpq,114964094258335,1,47,2207,同人·手书,随拍·综合,http://i0.hdslb.com/bfs/archive/41f576cba8f7fd4c24316ecd5e1e2888733cc80f.jpg,【重置】你的鬼畜区是什么颜色？,1754213153,68,3493136577857644,路过的White,https://i1.hdslb.com/bfs/face/083e6445aa78242f00e83404ee8e9897c4aae19a.jpg,5415,"音乐,梗,鬼畜全明星,剪辑,鬼畜,卡点,雅",227769,177,622,12092,4855,1823,0,0,47862
BV17sh3z9EPh,114964077484209,1,65,2071,网络游戏,射击游戏,http://i0.hdslb.com/bfs/archive/f857eeedb0f52deb835a4d685383846b9dc1688c.jpg,【房卡杯】屎卡vs神卡,1754212817,379,56324796,夏日瓜牛,https://i0.hdslb.com/bfs/face/76b9c90852430cc99217b2d43df4855394ff5c11.jpg,181744,"三角洲行动,售票办公室,夏日瓜牛,三角洲破壁新赛季上线",552256,1227,2231,2812,658,404,0,0,20572
BV12khnzAEUd,114953491055075,1,21,2028,日常,宅舞,http://i0.hdslb.com/bfs/archive/8e5065bb0a993f45caae384a54bdffee0b642537.jpg,肅聖！！蘿莉神鎮魂曲☆全力跳舞#动作捕捉 #宅舞 #踊ってみた @足太姬,1754051332,15,3546927868152512,绮罗星Penta,https://i2.hdslb.com/bfs/face/28aed83d45d221dceede415d289612dfb40ab160.jpg,15077,小视频,1684207,88,823,18607,1531,1599,0,0,141935
BV17FhHzSEjQ,114953289990541,1,219,2168,汪星人,狗,http://i0.hdslb.com/bfs/archive/bf0d305ebf18136c85e000020eee50d561129a7f.jpg,真的吓人,1754048211,36,525897538,小胖橘来也,https://i1.hdslb.com/bfs/face/83bc14f913bcf7f13fa1b376f0ed936ddeb37bd5.jpg,15569,汪星人,845490,495,1130,10003,2223,3338,0,0,124013
BV1xhhWzMENg,114953725942891,1,266,2016,音乐粉丝饭拍,原创音乐,http://i2.hdslb.com/bfs/archive/5d862872fd9da22ec66d6179efb797f6608804cc.jpg,旺仔小乔说我17岁写一首歌算我厉害，我：,1754054927,98,3546567309003469,Bobby-ye,https://i1.hdslb.com/bfs/face/e2d8cabaebfee5ebbbce7e98091bcc2302fdf55c.jpg,17692,"音乐,原创歌曲,高中生,原创,旺仔小乔,新世代音乐人计划原创季,编曲,小朋友,原创音乐人",1409607,382,475,34584,3110,247,0,0,63968
BV1Hp8rzCEpA,114944481695480,1,183,2002,影视剪辑,影视剪辑,http://i0.hdslb.com/bfs/archive/3430ab5be3d02645b6e762358376ee5b8a79bad5.jpg,压抑的情绪如何才能得到解脱,1753913904,78,3546658845493654,烤鸡_派k,https://i1.hdslb.com/bfs/face/6e5b0e3ff2691781e5209cb412a91be60de0c6a9.jpg,1610,"影视剪辑,混剪,电影剪辑,剪辑,电影,电影美学",1074690,215,883,48265,12755,1857,0,0,113154
BV16Mh8z7EZ4,114958624886485,1,172,2071,手机游戏,射击游戏,http://i2.hdslb.com/bfs/archive/bf22b298c705932fd985190a51cd8420e49e24e0.jpg,攒了7个赛季的大金卖了，反正没人看，卖掉组出去换住院废,1754129653,63,510242004,泡咖啡追你妹,https://i0.hdslb.com/bfs/face/479c65f7c4678eb7f214041f9c138a839a9ad364.jpg,1677,"FPS,赛季,账号,明日之后,竞技游戏,大金,暗区突围游戏日常！",289957,196,607,2095,12052,51,0,0,32989
BV1Ac8yzxERF,114946847279709,1,242,2018,娱乐粉丝创作,音乐现场,http://i0.hdslb.com/bfs/archive/a11e8502e908b4e6b1f895d023f7902f0c228943.jpg,【Ave Mujica】带着《KiLLKiSS》就此归来【BML2025单品】,1754107384,211,403748305,BML制作指挥部,https://i1.hdslb.com/bfs/face/924fb698bc68802a95c123c1f1ff41b3be1e9c9e.jpg,1295152,"音乐现场,BML,音乐,现场,Ave Mujica,BML2025,live",455218,283,896,10056,4733,4497,0,0,39982
BV1YQhgzjEAy,114964245251426,1,85,2154,小剧场,剧情演绎,http://i0.hdslb.com/bfs/archive/905aa2e76919ff8df76c3cf06ccd46900d02a0e1.jpg,谁还有更好的方法？,1754215387,97,304233145,酱油白米饭原创,https://i1.hdslb.com/bfs/face/e7b6aac008ac4a6002e1266fc732308a0365c81a.jpg,1128004,搞笑小剧场,1341203,320,238,5517,654,90,0,0,26992
BV13ptjzSETZ,114973892153377,1,182,2148,影视杂谈,其他手工,http://i1.hdslb.com/bfs/archive/b848addf21b09a6838b8f301c7905d6dd8729541.jpg,《锻刀大赛》惊现中国神器 子午鸳鸯钺！狗哥爱不释手 刀刀暴击,1754364697,909,348989367,沫子瞪片,https://i0.hdslb.com/bfs/face/a2131d38a2ea73f16ff25e61dbeb40377233f552.jpg,2274971,"锻造,解说,爆笑,纪录片,转转回收,中国兵器,转转,锻刀大赛,子午鸳鸯钺,影视IP观察室",575201,2777,841,4978,4282,506,0,0,41398
BV1LyhHzDErJ,114952736082156,1,59,2021,演奏,演奏,http://i1.hdslb.com/bfs/archive/6b38c2e7fb212fa172dae636f4b6af8f2cd85453.jpg,中西合璧！法国人跳惊鸿舞？“那年杏花微雨，你说你是果郡王…”,1754125200,172,15960317,碰碰彭碰彭,https://i2.hdslb.com/bfs/face/739613f8787e7def3a54ff6e4f0d44494f6252bf.jpg,3376037,"演奏,甄嬛传,古筝,法国,中国风,合奏,街头",317877,323,253,1081,2151,206,0,0,18488
BV1Shhtz9EKB,114957601544314,1,17,2078,单机游戏,沙盒类,http://i0.hdslb.com/bfs/archive/317f615956489b0d8dd3a34e02fedf6a992b1eaa.jpg,💥爆 爆 方 块💥,1754114490,906,860464,少年五之歌,https://i1.hdslb.com/bfs/face/55ece692c6455bc9cf1bd189cf3411b055eaeb52.jpg,2223694,"大橙子,乐高,五歌,我的世界,BADCEN,在一起玩一夏,乐高苦力怕,小橙子,乐高我的世界,乐高航海王热血登陆",282275,799,406,2948,5530,155,0,0,22108
BV1o7h8z3EMt,114958591397588,1,256,2154,短片,剧情演绎,http://i2.hdslb.com/bfs/archive/81abf4b05af47f926fb2da260d06a998cc964f9c.jpg,《治蝗》 若惩恶沦为戏码，扬善则无人问津~守善，扬善！#泽华君 #吟游诗人 #田园诗人 #惩恶扬善,1754129211,101,282645129,泽华君呀,https://i0.hdslb.com/bfs/face/794dec6e0a865f1e3214c6d18b677c4d912da533.jpg,1131804,"诗人,田园,吟游诗人,惩恶扬善",675871,291,444,4424,1439,227,0,0,47515
BV1dKhWzsEDX,114953994439742,1,162,2056,绘画,非二次元绘画,http://i0.hdslb.com/bfs/archive/d0a7d8bbea19ea7c6b3b7a4a4935f665f6948037.jpg,不随机颜色画画挑战,1754058851,33,13588917,橘里橘气的慕斯,http://i0.hdslb.com/bfs/face/adc63e933f831a9a5ecb5aad4a1336bd9c33dc06.jpg,5542,"手绘,绘画过程,绘画,画画画画画,随机颜色画画",522019,106,325,7617,2034,84,0,0,64375
BV1SehnzBEiq,114953574944369,1,17,2079,单机游戏,其他游戏,http://i0.hdslb.com/bfs/archive/1ac4554cce37d439f86cbc7be3ec881819696881.jpg,惨遭附身？被做成人棍？隐藏在明末渊虚之羽里的结局！,1754052557,1302,106590731,老孙聊游戏,https://i2.hdslb.com/bfs/face/5fbfae7892b1b04c4f8e14b9cbebfd823ce965c3.jpg,680396,"游戏杂谈,ARPG,明末渊虚之羽,渊虚之羽,动作游戏,明末,游戏剧情",945418,2587,2164,6108,3830,604,0,0,17472
BV1498CzcEqt,114947199667464,1,208,2094,校园学习,科学科普,http://i1.hdslb.com/bfs/archive/4d60c98b4487fe9d1921dd7a5240a80e8edf5e73.jpg,【干货】不小心被陨石砸中怎么办？,1753957646,129,482213447,闪电侠-flash,https://i2.hdslb.com/bfs/face/4ab72675654781bbfcd6bf237cd161a0d89ae5c4.jpg,1599186,"学习,中学,校园,校园整活王,uwant,友望除螨仪,友望吸尘器,友望红外除螨仪,友望自集尘专家,陨石,干货",1018146,2577,2030,9133,1630,3278,0,0,100086
BV13VtGzgE4R,114970117283742,1,138,2154,搞笑,剧情演绎,http://i0.hdslb.com/bfs/archive/27965738562909255ebf3dc986623500077d01c1.jpg,《你眼中的自己vs实际上》,1754306937,269,478610686,郑凯伦伦伦,https://i1.hdslb.com/bfs/face/24a1b4a4a5cb2287f9892c3f9be60f3668733e85.jpg,1523407,"搞笑,荣耀GT,荣耀400,2025ChinaJoy,荣耀平板GT2Pro,荣耀平板在CJ现场成电子鸡蛋,VS",615803,681,970,2760,768,227,0,0,59334
BV1sytuzHEPN,114969664295806,1,218,2167,喵星人,猫,http://i2.hdslb.com/bfs/archive/e6eb94f5d2f9565c2b0522653bb066bdcc11f3e2.jpg,给大壮听它自己的叫声,1754298121,51,695650376,Q大壮呀,https://i2.hdslb.com/bfs/face/c75d179112e1b16b3a97b6d02b81e17cee9bac42.jpg,353549,谁家小猫这么可爱,381479,214,411,1822,751,580,0,0,30530
BV1X5hGzJEXA,114963540614478,1,251,2152,三农,美食记录,http://i1.hdslb.com/bfs/archive/b40a80de7c116e9a2cba0153681bcb882900d2f8.jpg,第一次卤鸭货，味道还行，十多分钟全部卖完,1754204794,1311,92489589,小李在改变1,https://i0.hdslb.com/bfs/face/71ffa7ce1214a36cc756020a1c40280e2c38cc73.jpg,116512,"卤味,味道,探店",487530,2112,1900,4298,15755,1225,0,0,41461
BV1fJhpzdEp8,114954564799014,1,17,2071,单机游戏,射击游戏,http://i1.hdslb.com/bfs/archive/391ed2fc5d1e6d67083659342b2beaaede2a8fcb.jpg,这绝对是三角洲史上最离谱的一把胜者为王,1754067677,272,694972404,寂D炒范,https://i0.hdslb.com/bfs/face/830a207adaae290f7c2107de42ef61ceed9792e1.jpg,9360,"电子竞技,胜者为王,三角洲",402446,424,613,7230,560,1697,0,0,25872
BV19mtgzMENx,114969177756784,1,250,4218,出行,钓鱼,http://i0.hdslb.com/bfs/archive/b93114ddf7bb9c1b734a14a09de75932b5ba62de.jpg,荒野钓鱼求生第二季（第23天）这局该怎么破,1754298000,504,3493298161322384,小宋野钓,https://i2.hdslb.com/bfs/face/8ffce7572544d68b135ba75e1f5db1a7f3a74975.jpg,181465,"探险,户外,故事",279271,1886,1781,763,4069,96,0,0,13348
BV1gVtGzgECZ,114970117276959,1,65,2070,网络游戏,MOBA游戏,http://i2.hdslb.com/bfs/archive/b904b33459c15d49b4be2e0dd985d44cd6c05493.jpg,重铸亚连荣光，苍穹血手义不容辞！,1754305049,206,405370021,尴尬的铁根er,https://i1.hdslb.com/bfs/face/cbe228260be3e8d2b49cb2f8dde7a0a41bee1d93.jpg,5396770,"电子竞技,搞笑,王者荣耀,MOBA,亚连",1815721,1286,1390,3795,2271,545,0,0,73215
BV1Z38yzmEh6,114946998275336,1,247,2106,新能源车,汽车测评,http://i2.hdslb.com/bfs/archive/396a6fe37129f895928a16286fe2e14b3ed6ea26.jpg,爱折腾的人为何都不内耗？先出发才是生活的最优解！,1753956045,686,350632501,在下小苏,https://i1.hdslb.com/bfs/face/23214f8e9a4182ebe4cd193ee7b757e8c82f249a.jpg,1412299,"科技,汽车,小米,小米YU7,YU7,先进感生活,露营,新能源,内耗,我和青春B耶了",830413,377,261,4959,1624,752,0,0,32046
BV14shWzGEQP,114953793048219,1,138,2155,搞笑,语言类小剧场,http://i2.hdslb.com/bfs/archive/0e528a2844ce0a894d1f4ee106a8aed70267f068.jpg,二狗的现场已经颠了...,1754132400,263,391133521,一支麦二狗脱口秀,https://i1.hdslb.com/bfs/face/4b4311299343d1ff07103982803c944edd1f46a1.jpg,173405,"搞笑,脱口秀,搞笑小剧场,二狗脱口秀,一条名叫爱情的狗,二狗全球巡演,互动,脱单,交友",570803,286,299,3087,10476,1319,0,0,45053
BV1ov8CzVEJv,114947132622095,1,182,2001,影视杂谈,影视解读,http://i2.hdslb.com/bfs/archive/eab4d910a8f9cfee91a11b6ca95bd1a88d9caefa.jpg,别害怕这部电影，别错过今年最佳！《南京照相馆》就一场直击灵魂的震撼,1753954182,615,79061224,刘老师说电影,https://i1.hdslb.com/bfs/face/145226ff2d32d7c99b8ea3591ffec2f38fc9d3d3.jpg,5218102,"南京,电影解说,影评杂谈,UP热评影视剧,南京照相馆",839112,2331,2887,7649,10940,2828,0,0,39805
BV1ybhgzwEnb,114962349431899,1,184,2001,预告·资讯,影视解读,http://i1.hdslb.com/bfs/archive/b33c8dd7777a60bdb54d31564cd50b4f8824cd2f.jpg,《浪浪山小妖怪》彩蛋掉落！接黄狗大王好运,1754186371,88,479665856,电影浪浪山小妖怪,https://i2.hdslb.com/bfs/face/c60f00b237d3227749bf460442642e04f622e497.jpg,29138,"国风,动画电影,喜剧,电影,小妖怪的夏天,浪浪山,电影浪浪山小妖怪,暑期档,西游,中国奇谭",235362,188,811,893,735,4114,0,0,6671
BV1u7hhzcEpU,114958205457468,1,161,2094,手工,科学科普,http://i1.hdslb.com/bfs/archive/f445657b64405e63b7dcf58f95cd3dbcf3f2d45e.jpg,用音叉真能把玻璃震碎吗？,1754123579,161,18861359,老张没烦恼ye,https://i2.hdslb.com/bfs/face/7e4ba4706178752bfb023f92c49a54b8497d0a38.jpg,74076,"测评,科学,实验,二手推荐,把兴趣玩出名堂,转转,二手手机,玻璃,音叉",3153457,477,419,13898,544,27,0,0,14618
BV1pkhtzjECC,114957685360109,1,162,2055,绘画,二次元绘画,http://i1.hdslb.com/bfs/archive/20d59d79e04e80b0ff2d368be88c53e5f04bcf00.jpg,你可能不认识我，但你一定看过我的画。,1754115341,32,28253849,桑德兰的等待,http://i2.hdslb.com/bfs/face/168324a6bdbad8786e31ee0bc302fd0c8535904a.jpg,32076,"绘画,插画,三国杀,王者荣耀",556838,289,756,4265,682,656,0,0,71714
BV1N9hVzkEjK,114964597579385,1,172,2071,手机游戏,射击游戏,http://i2.hdslb.com/bfs/archive/80c18c1d1dca19e4500f69f743c3947d12735e1a.jpg,难言x：开局一把枪，装备全靠抢,1754220789,319,28440054,难言言x,https://i0.hdslb.com/bfs/face/590588c2e34219cc55859ef2c4046588dd4544ce.jpg,1598086,"手游,FPS,和平精英地铁逃生,吃鸡,难言x,和平精英",2521549,525,221,13238,742,106,0,0,19361
BV16m8kzLEyM,114945505105025,1,228,2088,人文历史,社会观察,http://i0.hdslb.com/bfs/archive/a31444e95af9cbbe1c7e2b6480fcfe426929ce4b.jpg,释永信：五奶和尚？挪用善款？见教皇？见伊玛目？让佛祖商业化？这或许不应是玷污佛门的娱乐大瓜……|自说自话的总裁,1753935149,1804,385805493,自说自话的总裁,https://i0.hdslb.com/bfs/face/c3d0329670bf965dd35c9f2b668600b862c46daa.jpg,2045904,"佛祖,佛门,大瓜,和尚",882014,6847,2846,6837,2275,3402,0,0,16031
BV17rhHzXEWL,114953105181466,1,138,2154,搞笑,剧情演绎,http://i0.hdslb.com/bfs/archive/de95c25335a85812537223a3278ad6af00b9c168.jpg,有些事情不是靠努力就能得到的，得靠关系,1754045357,196,478608619,大圆哥_,https://i1.hdslb.com/bfs/face/8c217c37342d64d053d5bbb716432aa73210b572.jpg,785321,"校园,生活记录,学习",906186,603,604,2089,2584,499,0,0,61019
BV1uEhHzzE1e,114953356975318,1,47,2055,同人·手书,二次元绘画,http://i2.hdslb.com/bfs/archive/431b3c358f5075c51cda28f34651fa53fe83600d.jpg,【黑塔利亚联五旅行团手书】goodtime,1754049400,79,22445063,豹鱼小笼包,https://i2.hdslb.com/bfs/face/0541cae10feab3e1f392de7a141c2d048eb4ca72.jpg,6828,"旅行,黑塔利亚,手书,联五,王耀,动画,亚瑟,弗朗西斯,阿尔弗雷德,伊万",215450,297,833,36784,23748,3073,0,0,56429
BV1axtuzeEDf,114967718139932,1,171,2070,电子竞技,MOBA游戏,http://i2.hdslb.com/bfs/archive/cc18923d2083a6ea0b810eea1c050e12624f55ef.jpg,地下刀塔《危难当头唯有责任！战车血战5局夺冠雪如意！中国DOTA杀回来了 WINGS式摇摆重现！》,1754268708,2146,56344967,杰出哥,https://i2.hdslb.com/bfs/face/7ed0e288b19463660709a65e389c1c606596ea0d.jpg,118190,"电子竞技,DOTA2,雪如意,进祥,刀塔春华正茂,XG,MOBA,战车,wings,shiro",265188,2262,1508,1401,7197,726,0,0,9819
BV1HstMzjEyF,114968657730729,1,212,2150,美食侦探,美食探店,http://i0.hdslb.com/bfs/archive/8788be8a330e588434b158772228d9a4067ab761.jpg,沈阳吃不胖挑战！失败……,1754298000,699,9567084,郑安眠,https://i0.hdslb.com/bfs/face/ab95fda9acea23a5bd5669e1917ce6a98c8da305.jpg,849532,"街头美食,披萨,烧烤,舌尖真探事务所,麻辣烫,沈阳,东北美食,探店,Vlog",272163,600,388,2785,1515,418,0,0,8233
BV1uthNztEgy,114959195310304,1,215,2152,美食记录,美食记录,http://i1.hdslb.com/bfs/archive/05a4574d843db5a5b1f68afcb7f79be11ad05edd.jpg,油炸大焖子,1754138564,156,3546878484417233,老廖很会吃,https://i2.hdslb.com/bfs/face/003eaebefa7a8355be5c3cf1661bd1b10af6a571.jpg,48869,"美食制作,生活记录,吃货,美味,Vlog,万物皆可炸,焖子,一饭封神申请出战",240740,448,423,2094,1414,303,0,0,24868
BV1BZhEz5Esd,114952484428689,1,21,2084,日常,应试教育,http://i2.hdslb.com/bfs/archive/c03d78459f7c66d90659fa4173a2fe8803c6ecd5.jpg,“离心率”一问范围就发懵？技巧在此！,1754036118,1876,14229967,一数,https://i1.hdslb.com/bfs/face/812281bada7d323c23c6e1e2e92749bd29b7d7c6.jpg,20483295,"数学,学习,高考,中考,考前复习,高中,椭圆,圆锥曲线,离心率",918039,11381,1873,23680,6298,2268,0,76,108485
BV1QH8kzAECV,114945790313626,1,254,2186,亲子,恋爱关系,http://i0.hdslb.com/bfs/archive/1c3e065c34d3687b6a0026c93a44e35b7e2fad15.jpg,我们的感情像什么？我终于明白！,1753934031,83,3493297997744733,俄罗斯夫妇在中国,https://i0.hdslb.com/bfs/face/99cea6f488b292d79f2d2b979271cba4cf50f1df.jpg,492641,"情感,恋爱,爱情,感情",881067,1480,1269,2299,754,2308,0,0,41868
BV1zHh3zdE3C,114964178213883,1,252,2040,仿妆cos,二次元线下,http://i0.hdslb.com/bfs/archive/17c6c39f951b4e3714a3dbc8bdb07f3e4fb7e256.jpg,内向！不敢逛漫展，怕被美女抱着亲！,1754216614,208,632887,伢伢gagako,https://i1.hdslb.com/bfs/face/38d85946c9cd0cf159e4d646be63fad36c2486c1.jpg,2311636,"伢伢,漫展特种兵,淘小宝,淘宝闪购请你喝秋天第一杯,淘小宝ChinaJoy在线炒菜,社交悍匪淘小宝,抽象只是我的宝护色,淘宝闪购CJ请客⼆次元,采访,整活",1284815,2743,275,10437,1005,170,0,0,59908
BV19Mhgz1Ezr,114962835971311,1,21,2159,日常,旅游攻略,http://i2.hdslb.com/bfs/archive/b8ff6cb260265e3243cb84e8a74428857ff09565.jpg,在秋叶原和17岁的女仆一起玩一玩...,1754198444,322,14402657,松浦文哉-SPWZ社長-,https://i2.hdslb.com/bfs/face/6f8923c63942dea898978fd68ea1807f8ad6e318.jpg,1470969,"女仆,日本,歪果仁,秋叶原,日本人,社死,旅行攻略,松浦,旅行攻略UP主激励计划",110995,404,348,1256,1170,335,0,0,6878
BV16Ttuz2EdF,114968187896139,1,228,2090,人文历史,人文历史,http://i0.hdslb.com/bfs/archive/ba300c282ee67658c5adb156dbe31eb651cddee0.jpg,赚钱，别来日本——日本阶级固化有多严重？,1754308800,1418,416987337,东京老萧,https://i0.hdslb.com/bfs/face/ee6bb08e005c52d0083b06bc243dc44650d70965.jpg,364466,"社会观察局,东京,日本,读空气,议员,日本移民,日本民宿,阶级固化,日本投资,日本创业",98441,844,653,1655,976,310,0,0,3213
BV1Pw8yzRE9E,114946763395113,1,212,2150,美食侦探,美食探店,http://i2.hdslb.com/bfs/archive/b8a042253926c26d581740a3700ea30dd7dd6ae9.jpg,全球最便宜超市！1毛钱面包！7毛钱牛奶！到底有多便宜？,1753956480,495,406636263,HOLA小测佬,https://i0.hdslb.com/bfs/face/8d076e9dffc6457c18d050b20195aba05c9996ea.jpg,5044728,"旅行,美食,4K,德国,旅游,vlog,出行,超市,便利店,零跑汽车",6956787,37186,3109,108138,34879,6474,0,7,200169
BV1aghJzKE17,114952618644622,1,253,2077,动漫杂谈,休闲/小游戏,http://i2.hdslb.com/bfs/archive/270b1fd1ba04f59ba58caff86e603c060df7fc2b.jpg,蛋仔派对：Ai山海经版躲藏点？合成兽藏进小新家，简直毫无破绽！,1754038015,276,318488460,游小浪Game,http://i0.hdslb.com/bfs/face/edce1a9d8b1ce6663aed43e9d7ce61cb74f11875.jpg,1489880,"蛋仔派对地图推荐,蛋仔派对发起人,蛋仔奇思妙想计划,蛋仔派对",2641148,343,101,18066,673,33,0,0,16431
BV1nqtGz9EwE,114969848911405,1,252,2039,仿妆cos,cosplay,http://i2.hdslb.com/bfs/archive/a64694e7b7a1c60df6f8e8dce79228518f914e4d.jpg,碧蓝航线 2025港区盛夏清凉节·广州站 精彩回顾,1754300920,169,233114659,碧蓝航线,https://i1.hdslb.com/bfs/face/1fd5b43d5f619e6df8c8adcf13c962a3e80ee971.jpg,3305657,"手机游戏,漫展,二次元,cosplay,清凉节,碧蓝航线漫展,2025港区盛夏清凉节,碧蓝,碧蓝航线",123289,100,275,9625,1001,552,0,0,14122
BV1EUhxzeEiL,114956846505574,1,65,2068,网络游戏,回合制策略游戏,http://i0.hdslb.com/bfs/archive/f6e55d04295aeab0d6c3f574d2525e467a1f4d37.jpg,热补后的水晶无敌公式：把把硬开7水晶！把把玩把把爽！,1754102416,296,28278455,香菇滑鸡_,https://i2.hdslb.com/bfs/face/f777409078bad09475e3f58e8a8078b0f5566091.jpg,712435,"公式,英雄联盟,电子竞技,水晶,云顶之弈,云顶S15,云顶之弈S15,教程攻略,新赛季,香菇滑鸡",279495,139,767,1054,517,728,0,0,5183
BV1eahVzoEkm,114964899629215,1,65,2070,网络游戏,MOBA游戏,http://i1.hdslb.com/bfs/archive/b719d60641991b68ca12fca3e03a578c0e6d798c.jpg,“男朋友一直嫌弃我胸小！？”,1754280000,460,239060440,冲男阿凉,https://i1.hdslb.com/bfs/face/ed5981237c5e18af1de7e620150ca940330f0a7e.jpg,1259273,"情感,爱情,网络游戏,校园,搞笑,沙雕,段子,凉哥,地狱笑话,英雄联盟电竞世界杯",426098,412,708,1751,858,516,0,0,24307
BV19ytgzgET6,114969278417558,1,251,2166,三农,农村生活,http://i1.hdslb.com/bfs/archive/0631a76f371aacce5f10d03e2693d4e3e218e872.jpg,母牛花样搞我爹，牛角、乳房、子宫轮番上阵，我爹奋力一搏,1754299800,515,414700515,龙腾虎跃龙兽医,https://i0.hdslb.com/bfs/face/697d80194c5a980fa55b9a200ce8b8ecc41ab39a.jpg,2688133,"得物,记录美好农村生活",546173,2037,627,3870,4154,312,0,0,44603
BV1tjhJzwE3r,114952551534329,1,208,2188,校园学习,自我成长,http://i0.hdslb.com/bfs/archive/137957c7b9ed6628474932f9d955303a6c02bb1a.jpg,学习的时候老是跑神怎么办？怎样让自己静下心来？,1754037113,537,1497463202,晓艳教英语,https://i2.hdslb.com/bfs/face/a88c9e1dcb223514403ee99e3f98c618853ffcfc.jpg,1205047,"励志,考试,学习,正能量,是老师，也是UP主,静心,走神,刘晓艳",369715,572,697,42452,9076,3132,0,0,54911
BV1Wx8ozoEku,114936747463820,1,25,2037,MMD·3D,同人动画,http://i2.hdslb.com/bfs/archive/a9e81a4445dc0d2eadd4301da3ffd04ef2121f92.jpg,【星穹金曲】野花香4.0至尊版震撼发布！疯癫升级！,1753875300,109,22683350,-不灵-,https://i2.hdslb.com/bfs/face/195b1e402ccf1e7a55a780bdcc7454e25800c625.gif,219387,"手机游戏,崩坏：星穹铁道,星穹铁道,MMD,野花香,崩坏：星穹铁道创作者激励计划,花火TV,因为太阳将要毁伤,不灵,米哈游",1027796,13234,1776,23581,7610,12264,0,0,106705
BV1Li8CzkEjW,114947115714608,1,21,2014,日常,娱乐综艺正片,http://i1.hdslb.com/bfs/archive/d412b6ea04690360f1e78bf22b06a1dbb9e5a500.jpg,从逛笼到吃谷，一代人有一代人的“小垃圾”【多新鲜呐 ep01 | 于谦的视频播客】,1753954030,1851,3546944530025226,于谦,https://i0.hdslb.com/bfs/face/3bd99797f7c00dba4bcb7b9ef10e381169ffd348.jpg,279608,"生活,于谦,相声,视频播客,上B站看播客",2395516,7887,4962,22742,28179,7572,0,0,80435
BV1xShwz1EBE,114941797336643,1,126,2063,人力VOCALOID,鬼畜综合,http://i1.hdslb.com/bfs/archive/6d424245f15e383fde8809f9868e00223565ea1f.jpg,上一个这么剪的播放量已经过亿了,1754020500,144,19071708,潮汕好男人,https://i0.hdslb.com/bfs/face/2a4c1b3c2d8f48a58c5f818287c90a6ea78d7907.jpg,2192281,"全明星,鬼畜,黄绿合战,敢杀我的马,黄绿合战10th,让子弹飞",450042,925,1128,10543,18711,1192,0,0,64632
BV1nGhnz9E1W,114951595296356,1,253,2001,动漫杂谈,影视解读,http://i1.hdslb.com/bfs/archive/e89edb9517a1356898e856f2532cee6f2f5f6a15.jpg,【视频播客】《鬼灭》先破着你的记录，此刻我们有《罗小黑战记2》！,1754023400,6620,1682429712,BiG的动漫播客,https://i0.hdslb.com/bfs/face/7c68d5bbd5a8e4c513e0a94c630d69585f8fc5de.jpg,87162,"播客,电影,罗小黑战记,国产动画,罗小黑,暑期档,国漫,视频播客,鬼灭之刃,罗小黑萌翻一夏",330735,963,1002,10809,2379,410,0,0,40019
BV16qhGzeEfn,114965503544889,1,65,2078,网络游戏,沙盒类,http://i2.hdslb.com/bfs/archive/8aee09c6d6365c89ee6ae2e394a7d1cb63ddaeb7.jpg,我知道你为何而来,1754234892,15,51030743,麦希刘,https://i2.hdslb.com/bfs/face/fc99641f8a69473a8d66a5940e152f92c272ab41.jpg,4196,"我的世界,沙盒游戏,像素风",1105835,501,3175,36928,2634,9331,0,72,167636
BV15B8Cz3Ess,114947031830483,1,21,2144,日常,轻手作,http://i2.hdslb.com/bfs/archive/d25f2ab79b44536d29a0cc36c5cffce2873bf056.jpg,“主播 能做个流麻墓碑吗？”,1753952982,284,86205301,汤木檀泽,https://i1.hdslb.com/bfs/face/00fe4b50aba63c39e18fe6faa44941020398e2b7.jpg,2485735,"生活记录,流麻,流麻墓碑,殡葬行业,随手记录我的生活碎片",4036530,2670,4726,33493,15903,21184,0,17,214447
BV1Vg8fz1E4S,114937754031507,1,172,2071,手机游戏,射击游戏,http://i1.hdslb.com/bfs/archive/55853fa851ed59b2be9b33b028c8e440006adeeb.jpg,只看画面，你能分辨出游戏和现实吗？,1753848000,256,85649095,张子zi,https://i1.hdslb.com/bfs/face/691ab8f874eb315abc6930d10255d62d834ebb0c.jpg,492646,"网络游戏,射击,游戏杂谈,搞笑,射击游戏,国产游戏,吐槽,矩阵零日危机全球上线,游戏推荐,游戏鉴赏家",145095,1738,284,1047,1073,414,0,0,4978
BV1Ut4dzREKX,114976425510328,1,47,2037,同人·手书,同人动画,http://i1.hdslb.com/bfs/archive/f84400f51f8569b39f2db7778fe51ade9c4ab49a.jpg,第七十八集 普宁街道,1754401349,287,217965805,吃橙子不吐程子皮,https://i1.hdslb.com/bfs/face/4b7f7867a8532b90cd1b1d0507b1966bd77464f7.jpg,758665,"诡异,原创动画,UP！原创动画,微恐怖",105868,587,729,2148,2843,151,0,0,12034
BV169hnzREW5,114953625274515,1,17,2078,单机游戏,沙盒类,http://i0.hdslb.com/bfs/archive/dfd0c453356345a2dfaf92aea4fe167607982f1d.jpg,嘘，别出声。,1754053299,24,3493273666587248,触师傅True,https://i2.hdslb.com/bfs/face/93a37c5bef183c6a71611eab88a1c5cf62d22104.jpg,3379,"我的世界,娘化,游戏,监守者,卡点,压迫感,mc,ysm,循声守卫,我的世界游戏日常！",513958,291,920,24086,921,2305,0,0,76656
BV1tbtjz1EAh,114974093549347,1,17,2077,单机游戏,休闲/小游戏,http://i2.hdslb.com/bfs/archive/90269a466b4b70afd5f0bd92a9b209fbec9bb525.jpg,觉醒后，我拿下了七杀！,1754365551,306,64116958,名游社,https://i1.hdslb.com/bfs/face/0ca11f1f7e159f848be4ef14d87042f0380f47d3.jpg,1198033,"游戏实况,娱乐,策略游戏,搞笑,联机游戏,名游社,沙雕,休闲益智,整点电子榨菜",166116,377,527,1479,1505,115,0,0,13385
BV122hpzME6U,114954480910706,2,182,2001,影视杂谈,影视解读,http://i1.hdslb.com/bfs/archive/1ae905a315672bd4f15bb47b2f117d77cfc9f83e.jpg,比咒怨还吓人！如果有一天来电显示是自己的名字，这样的电话你敢接吗？日恐三大将之一《鬼来电》；视频中一切恐怖画面均打码或重新手绘（抽象版）,1754066438,2692,20858641,冯二苟-,https://i1.hdslb.com/bfs/face/8e22aac80df2513702f9c6335a230bb6bbdeb6ea.jpg,7696,"恐怖片,日本恐怖片,童年阴影,电影解说,恐怖电影,经典日恐,鬼来电,经典恐怖片,一口气看完,万字拉片大赛",665107,2865,1959,11423,8214,1701,0,0,21618
BV1YBhVzXEM9,114964564089271,1,138,2154,搞笑,剧情演绎,http://i1.hdslb.com/bfs/archive/43b29659b28a3fd1f6cdd88fed2e1c69c36e7a8f.jpg,当班里有个跑腿同学！,1754220358,94,393709394,一串大福,https://i2.hdslb.com/bfs/face/e6d1cf7df22235495d25d7ae77a4aa185e5d8c7f.jpg,1549363,"校园,搞笑,原创,搞笑小剧场,来福来福,一串大福,外卖,真实,学生时代,fyp",1945475,487,470,12390,1431,269,0,0,63539
BV1UuhKzbEbS,114961158245519,1,252,2011,仿妆cos,娱乐饭拍&现场,http://i2.hdslb.com/bfs/archive/13a041091342d937f1272936960f8d9e12f4a672.jpg,怀着感恩之心用昵称学汉字！~143,1754169228,369,3546921668970515,leedo0804,https://i2.hdslb.com/bfs/face/c4a95072c8ec6ee9e439c7924b616b2bc807acf0.jpg,560734,"LEEDO,이도",709316,320,2136,4240,5099,1084,0,0,48298
BV1B9tuzLEEN,114969765022366,1,207,2188,财经商业,自我成长,http://i2.hdslb.com/bfs/archive/27aa93e505cc37ec106e256ad766cc63bc04618f.jpg,致敬我的粉丝咱不拧巴,1754299882,490,1343324216,老陌Ss,https://i2.hdslb.com/bfs/face/de940ab86fb7fdc690fd24d018c1602c2a8d62b0.jpg,1016186,老陌,57734,201,377,1586,1344,288,0,0,6337
BV1j7tnzzEAG,114975553094113,1,21,2154,日常,剧情演绎,http://i0.hdslb.com/bfs/archive/000c340f0e51e62f997014672d89abf24af9d22f.jpg,老东京omakase,1754387981,89,359201136,小付同学Chloe,https://i0.hdslb.com/bfs/face/b6ae9c7cf66fd7a39078c0244f7205d4e541a352.jpg,236706,"北京,虚拟演绎,抽象",227637,210,390,858,628,1439,0,0,21775
BV14zt3zYEYi,114970821920464,1,201,2170,科学科普,野生动物·动物解说科普,http://i1.hdslb.com/bfs/archive/9ad50851894edcf53e25f5a3cb1a43e5c9ffc43a.jpg,鉴定咬伤粉丝的毒蛇(23)被五步蛇咬伤竟然打了银环蛇血清？,1754389800,513,25126508,世界记忆大师龙雅,https://i2.hdslb.com/bfs/face/ef459648b3357acf2efbfeae8bb1beb9bd05ecbb.jpg,2666313,"蛇,知识,自然,生物,科普,银环蛇,毒蛇,科学科普,五步蛇,网络热门鉴定",381098,1589,2773,2467,8463,446,0,0,34861
BV1pghuzxEqP,114963137958967,1,213,2151,美食测评,美食测评,http://i2.hdslb.com/bfs/archive/90070957656da15f076ea3ba9a3b40598d8ca3c9.jpg,非洲顶级大鲍鱼，居然会爆浆，做土豪盖饭壕无人性,1754294400,287,476704454,小文哥吃吃吃,https://i2.hdslb.com/bfs/face/a70aa74915d9e1e3282312b2b6759bc4aae1ed18.jpg,4183399,"美食教程,厨艺,海鲜,吃货,美食制作,4k,舌尖真探事务所,鲍鱼,美食测评,猎奇美食",522304,997,409,1878,2499,612,0,0,26291
BV1JRtnz5EtL,114975418945602,1,17,2079,单机游戏,其他游戏,http://i2.hdslb.com/bfs/archive/a6ef3678a32478b1d457efe94e9065edc8ff0d48.jpg,一款揭露国外演艺圈隐藏黑暗面的恐怖游戏 电影试镜的背后隐藏着可怕的秘密！,1754386162,6901,733871,友利奈绪大魔王丶,https://i2.hdslb.com/bfs/face/7bf9bd36ee171fd368cc30b89ccffb840654f455.jpg,1390330,"演员,攻略解说,惊悚,电影,恐怖游戏,遗映,Dead Take,娱乐圈,演艺圈,推荐宝藏游戏",35770,195,82,925,784,40,0,0,5801
BV1WihAz5EsJ,114941361194148,1,138,2037,搞笑,同人动画,http://i2.hdslb.com/bfs/archive/21579f7ad5222cbe217415def02f35d2e1f29ed8.jpg,《暑 假 抽 象 行 为》,1753866212,168,321422126,进击的金厂长,https://i2.hdslb.com/bfs/face/339c136489ea2af91bd1d8688ba7259e958ded28.jpg,5115840,"生活,搞笑,夏天,搞笑动画,短片,原创动画,暑假,动画,搞笑小剧场,学生",3475850,13037,1169,73844,25522,492,0,13,174102
BV1RptnzKEUT,114975570007402,1,17,2066,单机游戏,单机主机类游戏,http://i0.hdslb.com/bfs/archive/e0498c5a93e3196ac7b83484e011b489cc397079.jpg,饥荒单机欧皇模拟器：制作眼球塔小阵只为用来防猪,1754388497,1458,508274771,小渔解说,https://i2.hdslb.com/bfs/face/264edf44f8b93f7c4cc2f85d9da1c9843fe4afc7.jpg,482995,"生存游戏,饥荒联机,饥荒,饥荒单机",68927,399,167,530,2536,31,0,0,7229
BV1x3hVz3EFT,114964798898504,1,168,2037,国产原创相关,同人动画,http://i1.hdslb.com/bfs/archive/f0ee2f056152a2aff0ccddab1ca7ec6bd8e34bb0.jpg,生命星球57 瘟疫！,1754267400,243,48875744,十里漫漫,https://i2.hdslb.com/bfs/face/3f3d730778883b34e49555ebb54fbecf08e3460c.jpg,270235,"科幻,二次元,科普,原创动画,动画短片,#转转,转转回收,UP！原创动画",289638,679,353,8934,3622,59,0,0,17241
BV1PdhVz3EtG,114964647910825,1,124,2080,社科·法律·心理,时政资讯,http://i1.hdslb.com/bfs/archive/727f318807a2696e155a662d4f406ed3b9909748.jpg,【睡前消息934】老朋友鹤岗，新机场晒玉米正合适,1754221732,1261,316568752,马督工,https://i1.hdslb.com/bfs/face/1c56737dfc0deffffc31c78e0cefb0c3ecf7e000.jpg,2085510,"社会观察局,社会,睡前消息,房价,经济,机场,房屋,鹤岗,基建,马督工",411700,2150,3575,3527,12074,1390,0,0,21788
BV1NEhbzQEnV,114957014272994,1,210,2037,模玩·周边,同人动画,http://i2.hdslb.com/bfs/archive/8fa34aaabc6d3330e0d9fd14e59eeca13b58effe.jpg,独家【功夫定格动画】耗时两年半 爆肝十三万张图片 全明星手办重制经典 致敬星爷！,1754105182,5343,303958346,猛男周贼帅,https://i2.hdslb.com/bfs/face/8cab73e07d2bda7194f6818727bcb261187b35a2.jpg,34418,"定格动画,功夫,格斗,动画短片群星计划",1552459,13178,5766,87787,235239,17727,0,7,235904
BV1nn4RzrEMi,114976895274296,1,17,2078,单机游戏,沙盒类,http://i2.hdslb.com/bfs/archive/58ea88b42541bb865ac22db5d732a0421ce1470d.jpg,陨石砸脸！当场尸变！史上最阴间MC生存——僵尸启示录,1754408339,994,686127,籽岷,https://i0.hdslb.com/bfs/face/7efb679569b2faeff38fa08f6f992fa1ada5e948.webp,4994724,"我的世界,生存,沙盒游戏,整合包,籽岷,单机游戏,MINECRAFT,沙雕,僵尸启示录,推荐宝藏游戏",73497,442,435,1408,1879,518,0,0,8924
BV1RAhMz3ECp,114961997110957,1,172,2064,手机游戏,单人RPG游戏,http://i0.hdslb.com/bfs/archive/2f3ec3f75818b962c3ea28e41ecfdf55172c06ae.jpg,【明日方舟】遥实战测评：实力为超大杯下，纯奶保人第一人，上可高难下可挂机！推荐抽取！,1754181102,585,1683678,人好嘴甜凯尔希,https://i0.hdslb.com/bfs/face/a07e51ca13ccf7d1040b39b0bb06e169578d0365.jpg,228916,"明日方舟,斩业星熊,遥测评,遥,实战测评,墟,干员测评,泰拉探索协会,明日方舟创作者应援计划",535678,1209,3181,1733,2127,2413,0,0,16855
BV1SH8Bz2EA8,114941965112728,1,218,2167,喵星人,猫,http://i0.hdslb.com/bfs/archive/283f0cd8c8cf7e79cbe7229aa89b654dbc35ea94.jpg,猫：我好像被做局了,1753875416,15,241771582,开朗的菠萝头大王,https://i1.hdslb.com/bfs/face/87395d8a9c04751ac4ec02b923ab11b8a83a958d.jpg,586997,"猫咪,喵星人,田园猫,橘猫,包被,菠萝头,萌宠过暑假",1854889,467,1507,10863,725,4812,0,0,167571
BV1grhVzDERh,114964463361419,1,245,4216,赛车,骑行,http://i1.hdslb.com/bfs/archive/9aa6f6621a11db517660893ba8dba988f1b444da.jpg,“更离谱的是这样的表现都站不上领奖台”,1754219519,181,5321968,尽墨for车,https://i1.hdslb.com/bfs/face/3db9c7c546cd955cc1f7a1300910f9314e62a86d.jpg,1450891,"骑行,山地车,自行车,极限运动,2025年硬线速降,阿B我想玩户外",455215,451,486,2707,1555,729,0,0,23339
BV1R2hgzSEFe,114964295650430,1,182,2042,影视杂谈,动漫评论,http://i2.hdslb.com/bfs/archive/715d44d205a998a65d52633f8a2edd81e8130899.jpg,【灵笼】白月魁舍命布局，马克生命跃迁，查尔斯即将迎接攻腥棋子！,1754216267,805,304815404,流心影者,http://i2.hdslb.com/bfs/face/08376a7e475c3c48d5f7b2781fe5d92c94bc0ea4.jpg,452606,"科幻,动漫,国产动画,动画种草激励计划,高燃,热血,灵笼",1220591,545,1003,7107,697,138,0,0,25382
BV1aNhbzhEFR,114957433769802,1,65,2071,网络游戏,射击游戏,http://i1.hdslb.com/bfs/archive/bcfd9ea858570b381b497332ecf36258375ddd07.jpg,换个视角看三角洲，今日大坝第一期,1754111339,135,649413109,三角洲蛋少,https://i1.hdslb.com/bfs/face/0ca00d6fb71a0f320cda2650d19caf154f276576.jpg,8466,"三角洲行动,视角,三角洲,三角洲破壁新赛季上线",1737097,849,1900,14517,2306,8923,0,0,100454
BV1iz81zEEYh,114947921085665,1,172,2070,手机游戏,MOBA游戏,http://i0.hdslb.com/bfs/archive/34d4224d90c36e0e1c4b32c27b358a140c54b66b.jpg,他是李白 爱上他是我的宿命,1754010000,671,3546703881833226,小轩-国服李白,https://i0.hdslb.com/bfs/face/8853429c5376c525a6f3d40bdb2dd884e2494107.jpg,23000,"李白,王者荣耀,王者荣耀萤火杯,MOBA",708058,575,619,8099,4571,497,0,0,24627
BV1DE8BzUEYP,114941931558619,1,164,2126,健身,户外探险,http://i1.hdslb.com/bfs/archive/9926f050e658c19209ff3a5a2de33c99c580d9db.jpg,解密！！世界最强的硫酸湖！到底有多危险！！据说滴上一滴，就会腐蚀掉皮肤！！,1753875052,100,592095891,硬汉形象26,https://i0.hdslb.com/bfs/face/2474783de33cace1589628384614cd62c8094413.jpg,1432991,"健身,西格玛男人,廖屹东,自律,户外",5423251,851,1327,12337,1479,304,0,0,83418
BV19RhAzcEdU,114940891369288,1,172,2064,手机游戏,单人RPG游戏,http://i0.hdslb.com/bfs/archive/fac671ac584abcbc1ed9352254f6b334f66d9895.jpg,《崩坏：星穹铁道》救世PV——「开拓者」,1754136000,107,1340190821,崩坏星穹铁道,https://i2.hdslb.com/bfs/face/57b6e8c16b909a49bfc8d8394d946f908cabe728.jpg,11436343,"崩坏：星穹铁道,米哈游,miHoYo",5946817,180838,58846,136457,266960,99592,0,1,491619
BV18hh8zaELx,114958373228080,1,172,2064,手机游戏,单人RPG游戏,http://i0.hdslb.com/bfs/archive/a1a9abac98a128dbf71c58e72c8016ad16ac3c4f.jpg,这才是明日方舟的限定池子！,1754125739,364,13221028,迷茫小树叶,https://i1.hdslb.com/bfs/face/c30a9b47677740f31a7491f2c1c513af60007220.jpg,1310340,"抽卡,手游,明日方舟,欧皇,树叶,玄学,非酋",835418,31759,5250,4587,7478,6151,0,0,56406
BV1pYtGz4E7q,114969899241661,1,76,2152,美食制作,美食记录,http://i0.hdslb.com/bfs/archive/f96599e9b7f224a2a3a9820ff649633573e1a8a5.jpg,三个巨无霸吃一个巨无霸汉堡！妥妥健身餐！,1754301734,213,3546821659986396,猪猪狠爱吃,https://i0.hdslb.com/bfs/face/1f08ec519cd34452ea061ae8289b9fd48dead326.jpg,51465,"厨艺,吃货,美食,美食制作,记录我的美食日常,巨无霸,汉堡,健身餐,Vlog",289050,379,431,891,880,477,0,0,15456
BV1E9h8z2Efm,114958457111891,1,243,2026,乐评盘点,乐评盘点,http://i1.hdslb.com/bfs/archive/02ba5dee820995cb4ffd475a70164a0f15e734d0.jpg,三登科切拉？海外影响力TOP?下一个国际巨星？王嘉尔的音乐到底有什么特别之处？详解【GOT7到Magic Man】,1754126984,1550,9083548,亦霓music,https://i1.hdslb.com/bfs/face/2c95d18e581375fe28dc9bf83a615055ed3e0463.jpg,30460,"王嘉尔,GOT7,乐评盘点,Magic Man,科切拉,88rising,电台新星征集令",330929,1857,1355,3826,6145,597,0,0,11312
BV1GRhgzLEsd,114964413159525,1,252,2039,仿妆cos,cosplay,http://i2.hdslb.com/bfs/archive/c470b058f9be708c536df6c375dff5a5e78c10b8.jpg,谁能让我社死，我就V他50！,1754272800,349,2108856,流萤Zz,https://i0.hdslb.com/bfs/face/6b50ab776df772941c92a168e8a06c7e9c3718d3.jpg,2902272,"魔兽世界,漫展整活,社死挑战,社牛,暴雪游戏2025ChinaJoy,Cosplay",1960730,374,255,12510,1789,1186,0,0,28790
BV14KhVzyETn,114965184777425,2,47,2037,同人·手书,同人动画,http://i1.hdslb.com/bfs/archive/8c26eba50041cea8e80ed079272ebe9769564092.jpg,大爱仙尊蛊真人第二卷·魔子出山·完结版，暑期一口气看完,1754231104,44038,674175128,古月秋明,https://i2.hdslb.com/bfs/face/f87d5557002a2e32d783179b30706be582e77bd7.jpg,249792,"原创动画,白凝冰,三王山,古月秋明,动画种草激励计划,蛊真人,一口气看完,古月方源",74765,600,142,3376,1709,195,0,0,5511
BV1FKhjzGEjR,114967248375374,1,243,2026,乐评盘点,乐评盘点,http://i1.hdslb.com/bfs/archive/215d0fc655015b3b7e1218368a4feeb257d4f9ff.jpg,国外声乐老师大实话锐评《歌手2025》第十二期 REACTION｜黄丽玲 林志炫 李佳薇 艾莉西亚 卫兰 白举纲 格瑞丝 者来女 BENI,1754280000,3977,7295246,JKAI杰凯,https://i2.hdslb.com/bfs/face/0f1d960ca6baad6c0f008cba48dfc6ba17c2738d.jpg,2365640,"林志炫,白举纲,乐评盘点,橘老师,Rozette,国外声乐老师,黄丽玲,REACTION,李佳薇,一起看歌手2025",477811,21702,3936,2025,6561,831,0,0,14010
BV1zqhgzdEhK,114962450089281,1,17,2079,单机游戏,其他游戏,http://i0.hdslb.com/bfs/archive/964f6ba97a09ab99473f5f55be2cf8e0a1931ba4.jpg,你被绑在了办公椅上！倒计时十分钟，逃离这栋办公楼！,1754191050,1159,1767542,笨尼尼子,https://i2.hdslb.com/bfs/face/9a00259681e96cd04c9136344b100c28374d1d65.jpg,1618840,"游戏实况,单机游戏,猎奇,恐怖,独立游戏,恐怖游戏,惊悚,Chairbound,伪人,推荐宝藏游戏",335613,1399,352,3891,5007,295,0,0,20795
BV1xh8JzZEr2,114930254614362,1,250,2150,出行,美食探店,http://i0.hdslb.com/bfs/archive/4b2a1397cb13a041d133b11f09b984658c376e6c.jpg,挑战一口气吃14种非洲街头小吃，30块钱吃到撑，非洲赶集太好玩,1754215200,817,528461028,小钟Johnny,https://i0.hdslb.com/bfs/face/8b5dcb61618876d873d9ea0320e52d86616cca6a.jpg,2686280,跟着UP主看世界,1086834,4191,1222,3842,8595,1170,0,0,36716
BV17nhuzUEKk,114963356065402,1,138,2154,搞笑,剧情演绎,http://i1.hdslb.com/bfs/archive/1ecb1c0d2ed7b4dc5bf1c2ef877d58bfada7c108.jpg,在漫展上认真工作的保安,1754211756,163,1835967,善良的诚哥,https://i0.hdslb.com/bfs/face/181e97f366b1cb2bda57b758cd8874315e41b238.jpg,1138534,"射击游戏,娱乐,漫展,日常,搞笑,生活,ChinaJoy,远光84,远光84公测8月7日,沙雕",371655,195,307,988,507,125,0,0,27566
BV1jWt3zyE7L,114970654282282,1,21,2037,日常,同人动画,http://i2.hdslb.com/bfs/archive/140ed929377c9f601c878784f3c1b92a887c9361.jpg,你也怀孕了？,1754313063,19,347377162,零度没有偷饭,https://i1.hdslb.com/bfs/face/fe072f577acc99fc48340ce54203b3f65844e258.jpg,532,"明日方舟,铃兰爸,沉稳的神职,忍冬,叫什么名字",248377,34,327,6273,642,2487,0,0,25690
BV1TxhczVE2a,114940304170974,1,184,2003,预告·资讯,影视资讯,http://i1.hdslb.com/bfs/archive/be571f01d2c2ed7920850f1246700985ade94a23.jpg,王传君：饰演《南京照相馆》的王广海 非常痛苦和挣扎,1753850219,93,385144384,中国电影报道,https://i1.hdslb.com/bfs/face/2b88ad0342e63c8146c5a82da1f17d03ae1608f7.jpg,449893,"南京,演员,电影,南京照相馆,挣扎,王传君",823928,718,2045,2606,2015,1084,0,0,54792
BV1TAhpzBEZa,114952803196120,1,228,2066,人文历史,单机主机类游戏,http://i0.hdslb.com/bfs/archive/7e9e89b7abd1d69483bc218e5a953bbb7d71e7b7.jpg,【推理海龟汤】爱的证明。无人应声的骚扰电话，平静落寞的便签落款，五位侦探能否探明？奇怪场景背后的悲伤真相,1754049600,2077,3546824214317878,Sz推理之夜,https://i1.hdslb.com/bfs/face/b669f6b6290ae9d9bc357075a889b8722dd497d3.jpg,473045,"细思极恐,原创,海龟汤,娱乐吃瓜大会",574774,4579,3282,17465,25241,3359,0,0,55600
BV1jktGznEPu,114969865687034,1,251,2166,三农,农村生活,http://i2.hdslb.com/bfs/archive/38e2ac5068ef92ae4bbc0a7a5260febd67fe117d.jpg,网红的真实收入，你根本想象不到,1754302643,36,3546811495090330,农人你三哥,https://i1.hdslb.com/bfs/face/e55d0c64e2ab88440e5d95988b6947edd44b0e50.jpg,544200,"守村人,农人你三哥,百万粉丝,网红,大实话",304569,121,403,830,1101,56,0,0,41683
BV1jsh3z9EUg,114964077485099,1,172,2073,手机游戏,动作竞技游戏,http://i1.hdslb.com/bfs/archive/f6f6437aca6608f98852eb4e152490461994a6fd.jpg,【萌黄一槽】卯月夕颜[忍界大战]全技能爆料，代表月亮消灭你！,1754212730,251,441897078,火影忍者手游情报君,https://i0.hdslb.com/bfs/face/3c975d44586143dd0eb4b121a3437bc8cc696610.jpg,2664656,"火影忍者,萌黄一槽,忍战夕颜,爆料,格斗游戏,火影忍者手游,火影手游,卯月夕颜,技能爆料",1012685,9493,6718,6296,2386,8910,0,0,47543
BV11E8Rz9EXX,114935791228234,2,65,2077,网络游戏,休闲/小游戏,http://i2.hdslb.com/bfs/archive/dac04631f8be76c6089b1fd7a80ef778aa57a770.jpg,死亡1000次后，我终于无伤通关了茶杯头所有boss！,1754042400,5300,108423490,巛麻雀灬涛,https://i1.hdslb.com/bfs/face/311f884e89c9ef3bb0bb955cdde2230eaa3c81c5.jpg,593974,"游戏解说,STEAM,独立游戏,动作游戏,无伤通关,怀旧游戏,茶杯头,推荐宝藏游戏",1492873,10003,400,32634,6693,410,0,0,70942
BV1J58qzYEfM,114942971744229,1,59,2021,演奏,演奏,http://i1.hdslb.com/bfs/archive/f07bfeb278346052b329aef0f8b94ca8d0fc53cd.jpg,手碟｜《江南》完整版,1753890821,175,28385645,Hang蝶,https://i2.hdslb.com/bfs/face/64319c4bec8e90d02d72ad0994b0520724a3af08.jpg,8754,"中国风,江南,林俊杰,手碟",473498,312,1000,18296,6250,2873,0,0,63995
BV1NUh3zMEny,114963892931372,1,219,2167,汪星人,猫,http://i2.hdslb.com/bfs/archive/0cdb3dfd4d9d83a0eeb87232a562de2664d18715.jpg,陪伴是最长情的告白,1754220000,316,3546946425850423,一口一个团up主,https://i1.hdslb.com/bfs/face/33fcb94a59b9c4e52c8e95ef97176c1cf408474f.jpg,350523,"边牧,萌宠,布偶,小狗,小猫,萌宠过暑假",226643,607,702,4078,2972,1359,0,0,37497
BV1Wyh8zXEMX,114958490667868,1,171,2070,电子竞技,MOBA游戏,http://i2.hdslb.com/bfs/archive/b8ff8401ee577e19044557dbef56a83a1990d0d2.jpg,这才是每个关羽的梦想，深入敌后，斩敌当先（“每关梦”合集）【高燃集锦175期】,1754127497,168,489296007,牧马人明眸,https://i0.hdslb.com/bfs/face/db4878d8899584639fa6054b755a1161845c3052.jpg,1122846,"电子竞技,游戏,王者荣耀,集锦,王者荣耀夏日农友节,MOBA,关羽,高燃集锦,明眸,国服关羽",2046168,650,1077,4758,4534,1413,0,0,76911
BV1sMh3zvE1b,114963993599359,1,182,2001,影视杂谈,影视解读,http://i1.hdslb.com/bfs/archive/2024b970919103e406e65fbcd321d4a8622175c2.jpg,让主角父母双亡有什么好处？我统计了100部经典高分电影，发现……,1754280000,1521,1033271681,踏雪丨Snower,https://i2.hdslb.com/bfs/face/06dd051ca940270b4ce2313f8a6a9c938e5b3b5e.jpg,3030,"电影,经典,高分,家庭,电影解说,影评杂谈,父母,高分电影,主角,影视IP观察室",329233,1039,1869,7748,4320,990,0,0,14938
BV1AHhbzSEDo,114957047827030,1,176,2107,汽车生活,汽车文化,http://i2.hdslb.com/bfs/archive/f32dc59c455eeac73ffb88b401eaf1cb3af6384e.jpg,ASP局长出马，怕不是碰到个假局长了,1754106841,447,1745143606,争取最后的自由,https://i1.hdslb.com/bfs/face/2ae4a7fcf321673035a572fea77acc3b3d1e0211.jpg,1577689,"汽车,驾驶技巧,美国警察执法,美国警察追车",281798,904,452,1205,1047,196,0,0,15697
BV1CrhNzUEZy,114959245777376,1,182,2001,影视杂谈,影视解读,http://i2.hdslb.com/bfs/archive/e5220108d6084b4ea336727a522fc6ae93ab86b0.jpg,开分8.6！劳动异化？阶级寓言？《浪浪山小妖怪》如何颠覆精英叙事,1754139137,444,479757677,晚风来ShesWanfeng,http://i2.hdslb.com/bfs/face/642fa58ff5cf6fd2f65746a6b4a4f76d4baa743b.jpg,85265,"影评,动画,浪浪山小妖怪,上美影,影视杂谈,国漫,暑期档,深度影评,中国奇谭,浪浪山小妖怪取经副本启动",251859,812,1047,3087,1992,1592,0,0,8482
BV18dhgzCEXP,114964396246413,1,228,2090,人文历史,人文历史,http://i2.hdslb.com/bfs/archive/8ba24b5f7baf6ec553f7351484b09ce5ae3b83ab.jpg,历史上有哪些传世文献没记载，而是通过考古发现的小人物？,1754301600,1867,328359509,长河飞烟,https://i2.hdslb.com/bfs/face/e3df1f0c94c2ecf2630a60521d403363e5557d88.jpg,183103,"黑夫,弘,人文历史档案馆,王钟儿,陈良绍,洪奕,惊,周闻,陈贤",414749,1960,1643,6719,4610,585,0,0,21713
BV1Hmh8zDEDm,114958524220863,1,208,2084,校园学习,应试教育,http://i0.hdslb.com/bfs/archive/8c1bba027fed24761eff821a1001973b65ba5222.jpg,一个视频彻底讲明白「最抽象」的物理量，电势能&电势,1754128463,5345,3546695694551936,一物儿,https://i2.hdslb.com/bfs/face/9ef3ea1530ae094b48f53958c2175e268ae43428.jpg,1345286,"物理,高考,高中物理,bilibili高考季,高中,电场,电势,电势能",178449,518,326,9383,1257,528,0,0,22680
BV1tfhJzYENa,114952081835046,1,138,2207,搞笑,随拍·综合,http://i1.hdslb.com/bfs/archive/a67bfe899f12b226d61e04957c4d7a15ce5f4bbf.jpg,弗雷尔卓德小品之你们要的来了～,1754029998,68,3546909580987309,弗雷尔卓德-杨辰,https://i1.hdslb.com/bfs/face/e59912641ba4cbaadb857e30085b15cf4dcc6819.jpg,246791,"鬼畜,娱乐,小剧场",3204861,1536,5721,38360,36944,31562,0,15,381414
BV1XAhKzYEv3,114961225358464,1,172,2064,手机游戏,单人RPG游戏,http://i1.hdslb.com/bfs/archive/8bf53ea116b8f3333dc675e50302b5b13d0e23f8.jpg,笑了要带萌萌香私奔.zip【明日方舟墟】,1754186400,128,1411873097,Q弹的羽Q,https://i2.hdslb.com/bfs/face/91bf6edd233dfef1b2a5ba88fec1f8300c0e0a51.jpg,60178,"明日方舟,萌萌香,斩业星熊,MEME,遥,夏活,exe,墟,整活,明日方舟创作者应援计划",235765,409,479,4708,1008,1781,0,0,26095
BV1CabXzVEQq,114914903594979,1,17,2079,单机游戏,其他游戏,http://i2.hdslb.com/bfs/archive/35238f00ff622d503a7fe0b07869593489c191ec.jpg,【散人】deltarune三角符文 第四章 豪宅诡事（P2）,1754193600,4631,168598,逍遥散人,https://i1.hdslb.com/bfs/face/8a5de2d7486251e80307d8600cbf8649eb4035fe.jpg,7302139,"娱乐,散人,逍遥散人,游戏实况,搞笑,undertale,deltarune,三角符文,推荐宝藏游戏",516156,2257,606,5514,5876,327,0,0,57050
BV1KqhTzFEm9,114962080993091,1,17,2071,单机游戏,射击游戏,http://i1.hdslb.com/bfs/archive/cf48123ac2b66983272dd7e1219499afa8621397.jpg,当三角洲行动的图标有了...动效?,1754182243,36,3461583151827714,治家长的轶风杏,https://i0.hdslb.com/bfs/face/738917dfce47fd9b3c34bb0b102ed9968ab24669.jpg,5763,"射击游戏,三角洲行动,动态图标,沙雕,图标",260342,221,317,12794,1295,533,0,0,30713
BV1VKtgzTEez,114969362306359,1,95,2101,数码,平板电脑,http://i0.hdslb.com/bfs/archive/38c6805abba4a90374d4b738fec720309058b168.jpg,「小白」2025安卓3000元平板大横评：现在好用了吗？,1754361000,917,8969156,小白测评,https://i2.hdslb.com/bfs/face/09dd0d38633d567179784ac9a0d95ac1187ea71d.jpg,4350255,"科技猎手,平板电脑,数码,3000元平板,荣耀,OPPO,小白测评,手机平板,vivo",114280,1803,1207,994,672,303,0,0,5583
BV11phMztELY,114961510571029,2,26,2041,音MAD,动漫剪辑,http://i2.hdslb.com/bfs/archive/dfcbd639ab1380aad7e5f3277aeab72e978863ed.jpg,【MAD】耗时三个多小时打造的视频，会有人看吗,1754173496,181,1660384962,喝岩浆的火苗,https://i0.hdslb.com/bfs/face/7bc4a90b8879dfbea314071e9c3b46a3ca745524.jpg,2325,"MAD,空条承太郎,JOJO的奇妙冒险,AMV,黄金之风,飙马野郎,石之海,乔瑟夫乔斯达,jojo",124114,1787,432,9294,9238,589,0,0,28044
BV1B6hgz9E6g,114962483649983,1,172,2071,手机游戏,射击游戏,http://i2.hdslb.com/bfs/archive/fc52875b26ca0f9da375e3343a4cca6fe337731a.jpg,0成本无限刷曼德尔砖，半天轻松赚五六块砖！卡死游戏机制薅羊毛,1754188511,155,700446872,奔小奔Plus,https://i2.hdslb.com/bfs/face/d944c3cb2cdf5fde09371384268edff622639e7f.jpg,215963,"手游,FPS,摸金游戏,三角洲行动,三角洲,三角洲破壁新赛季上线",402081,80,341,14106,665,490,0,0,14896
BV1oXhAzaE4w,114940841039825,1,213,2150,美食测评,美食探店,http://i0.hdslb.com/bfs/archive/465ecda6550aa7ad990bd1d826b94eda260e0b74.jpg,河南小姐姐寻味云南烧腊,1753858601,108,3493269294025264,食深烧腊,https://i1.hdslb.com/bfs/face/81e7b8fc0ef17697ae0a0b457c60f327f19b7676.jpg,339829,"云南,小姐姐,街头美食,广东,食深烧腊,舌尖真探事务所,河南,陕西,探店,广式烧腊",1862218,839,1172,2678,967,281,0,0,47241
BV15k8CzBEJ9,114947048608393,1,218,2167,喵星人,猫,http://i1.hdslb.com/bfs/archive/3f6801c397de5b268c716822873207ab94fd1135.jpg,为什么暹罗猫被称为“绝世好猫”?,1753962000,91,3546873832933955,瞄知道,https://i2.hdslb.com/bfs/face/1746916d848d22a6c046987264fe119ff9c1f0e2.jpg,9993,"铲屎官,喵星人,猫咪冷知识,绝世好猫,逻辑猫,暹罗猫,好猫,新手养猫,养猫人,动物圈新星up主扶持计划",852349,463,2181,12187,804,6321,0,0,65941
BV1vKhHz2EvA,114953222626396,1,251,2152,三农,美食记录,http://i2.hdslb.com/bfs/archive/f29b82b637b867e2f4ff282fd1cd82b0cd27ff24.jpg,今天做凉草糖水进村卖，火爆！,1754048100,1130,267599661,欧大发-沙蟹哥,https://i0.hdslb.com/bfs/face/eca1f64696b89f369b7375ccd3afe38e5ecbe6d8.jpg,336785,"美食,生活记录,记录我的美食日常,乡村",742035,3225,2073,4917,27911,1504,0,0,74115
BV1pFhNz2Eni,114959430192048,1,184,2043,预告·资讯,动漫速读,http://i1.hdslb.com/bfs/archive/fa1fc6256c6d45eaa0f83a63ac6fcca915f9bcf3.jpg,第一集 |【第一集】开局就要被祭天，这公主老娘不干了！,1754142041,534,3546673368271122,江贝塔啊,https://i0.hdslb.com/bfs/face/8bcd6436d09ddaee3a0d7706cd8c8d52127a0542.jpg,60472,"二次元,国产动画",333994,501,702,16881,3424,153,0,0,37857
BV1whtGzZETJ,114969915950346,1,21,2150,日常,美食探店,http://i1.hdslb.com/bfs/archive/5d128736b33661b130e4cdc502ce5952dbe14e12.jpg,北京人学粤语，那叫一个地道！,1754301847,1767,408422610,粤爱车,https://i0.hdslb.com/bfs/face/5b77e4ff337bd46489b8e926b44d8d8a21210cb6.jpg,198015,"粤语,北京,广州话正音字典,天工05,舌尖真探事务所,爆肚,红旗,北京人,地道,探店",130738,2760,660,1825,7243,1173,0,0,10346
BV1DGhMzNEqZ,114961963555223,1,65,2071,网络游戏,射击游戏,http://i1.hdslb.com/bfs/archive/0cf9c8824daaed9ddc62969206486a8cd1f01161.jpg,纯享版死roll局，一秒都不用剪,1754180535,95,3461570499709389,J1anB1ng,https://i0.hdslb.com/bfs/face/1480f5b3502bd281ff5108f3330aebab131c18d6.jpg,222,"精彩集锦,FPS,2025鸡斯卡星火计划,PUBG",132567,148,405,1669,555,2972,0,0,6932
BV1P4hJzxEDE,114952165790847,1,212,2150,美食侦探,美食探店,http://i2.hdslb.com/bfs/archive/7d1cf6af99fbd8b45076e5f000ff3a3ab38c1521.jpg,香港富豪，随随便便吃个快餐就168.果然是国际大都市#烧腊 #美食,1754031962,196,3493298886936758,bil品鲜园烧腊快餐店,https://i2.hdslb.com/bfs/face/a80100d257e6657880cf47786037b732d536a07a.jpg,245354,"街头美食,香港,探店",1007894,1114,1563,3847,2090,1156,0,0,77678
BV1RqtMzTEsf,114968255008494,1,47,2037,同人·手书,同人动画,http://i1.hdslb.com/bfs/archive/c79133a3750962065e63cedb9c2f25f755641f0e.jpg,【自制动画】《梦想之恶》预告PV 一个人原画爆肝8个月，全片9月份公开,1754276622,29,4957245,GYAnimation,https://i0.hdslb.com/bfs/face/87d4eb604d7d235eed158033d0181ad9d59850c7.jpg,213654,"FATE,言峰绮礼,崩坏：星穹铁道,saber,崩坏星穹铁道,星穹铁道Fate联动,因为太阳将要毁伤,翁法罗斯逐火之旅,自制动画",337941,193,764,7596,4142,2146,0,0,44376
BV1KAhpzBEZJ,114952803192328,1,47,2037,同人·手书,同人动画,http://i0.hdslb.com/bfs/archive/1d615714d5d26dca4c1a49629a70c2b7bbb32ce7.jpg,如何将《献给爱丽丝》改编成哥特病娇？,1754041582,252,306935529,孙熙然,https://i0.hdslb.com/bfs/face/f8524c3af0c0c286bf3d4d1daa9ebaf19f50b263.jpg,819631,"手书,哥特,同人,绘画,病娇,第五人格,小说家,记者,说记,第五人格庄园纳凉夜",325013,3671,625,12041,4890,1425,0,0,47386
BV1CwhNzLEPv,114959480592593,1,126,2063,人力VOCALOID,鬼畜综合,http://i0.hdslb.com/bfs/archive/788d6a621d2a926e564dea9ffbddd6fbe6a84513.jpg,不要怕在上海喝蜜雪冰城，故乡会保护你,1754142751,97,28348490,咆哮丶土拨鼠,https://i2.hdslb.com/bfs/face/db494c60204f01f01217f92950eccabd13592969.jpg,883696,"鬼畜,AI,上海,赛博山海经,防御塔,东方明珠,蜜雪冰城,黄绿合战10th-黄队应援",366376,945,1903,5304,2262,1636,0,0,28581
BV1N2h3zzEBq,114963909709441,1,138,2126,搞笑,户外探险,http://i1.hdslb.com/bfs/archive/b4059a3c2e0e0dca63d70aef3454b37fe25219ab.jpg,【打野默示录】痛饮生化水池！荒漠地图十天纯纯坐牢😮真的传奇耐饿王啊~,1754211797,1076,1379165407,-超级小能猫-,https://i1.hdslb.com/bfs/face/9ba5a55b282a55ac2eb29267ad9ccab381678934.jpg,2396820,"解说,荒野求生,高能,德爷,转转回收,艰难,转转,抽象",1508156,2420,612,22201,6091,902,0,96,53512
BV16qhGzeEoc,114965503544960,1,95,2099,数码,电脑,http://i1.hdslb.com/bfs/archive/aac0b8830db3e16d39813ed78b28db97fb5a1384.jpg,【8月电脑配置推荐】这才是正常人要的配置单，耗费一辆小米YU7，只为教你把预算都花都在刀刃上，建议收藏,1754235785,3096,597148617,船长总动员,https://i0.hdslb.com/bfs/face/08010e7b92d8f19ac8fe3fcf57252f057643b19b.jpg,374850,"装机教程,科技,装机,电脑,性价比,DIY电脑,配电脑,电脑配置推荐,装机推荐,配置推荐",201064,232,1165,3782,3293,579,0,0,8333
BV1oVhAzFEGA,114941612920956,1,21,2088,日常,社会观察,http://i1.hdslb.com/bfs/archive/3e0a4440b38ad93e9519408af40090fd2cb3b108.jpg,这个“诈骗视频”，我希望全国都能看到！,1753870007,226,3462389,川烈,https://i2.hdslb.com/bfs/face/dff114c1a5060fec5daf5f7a15052a408694b429.jpg,737428,"正能量,反诈骗,反诈骗宣传",2989136,3280,4463,38808,77771,4124,0,6,264173
BV19ktJzYERm,114976207475819,1,130,2014,音乐综合,娱乐综艺正片,http://i1.hdslb.com/bfs/archive/5b6c643c69b267b451569e6ea41cf9c32e8ecfa7.jpg,【RIIZE】Our Journey Begins: 'RIIZING LOUD' in SEOUL | RISE & REALIZE EP.74,1754398364,3980,3537106035018583,RIIZE,https://i1.hdslb.com/bfs/face/a09da03bea7876da2e58a17ab22ec2ca2c9c8911.jpg,475151,"RIIZE,RISEandREALIZE",38565,7585,713,1169,1444,448,0,0,4071
BV1cUtuzmEis,114969614227057,1,21,2088,日常,社会观察,http://i1.hdslb.com/bfs/archive/4e8f6268ecdf637b3eb3ec6f25690a566a113cac.jpg,10名外国先心病患儿到河南免费治疗，给异族“换心”？不关心本国儿童？存在大量误导言论！,1754297352,337,99443903,动物园巡逻员,https://i2.hdslb.com/bfs/face/47707d09df803240c50762c92d86589f9a6f125e.jpg,294943,"辟谣,必剪创作",885736,1720,4685,3420,5529,813,0,0,37416
BV1ufhHz3Eqw,114952853521805,1,182,2001,影视杂谈,影视解读,http://i0.hdslb.com/bfs/archive/a6a47bc6588a533caad99385357b1b06da4340b4.jpg,一夜爆火，集体破防，当年出圈的动画神作，杀回这个暑期档了！《浪浪山小妖怪》【独家探班】,1754107200,1714,10119428,小片片说大片,https://i2.hdslb.com/bfs/face/949fd3f0b9fe23703c970d494edc41ae52ee32de.jpg,7697411,"动画,幕后,小妖怪的夏天,浪浪山,浪浪山小妖怪,上美影,暑期档,浪浪山小妖怪取经副本启动",2124502,2091,3417,7951,3470,1681,0,0,49189
BV1vGhWznENw,114954195704183,1,21,2037,日常,同人动画,http://i0.hdslb.com/bfs/archive/7a5b153361b56d58893d8d91172b2755d24e3e58.jpg,“感谢你们的热爱”,1754062029,82,3546845057910803,gal小指南,https://i2.hdslb.com/bfs/face/613768ab1d9a0e0e3952c5ce234251deba4db944.jpg,14590,"剪辑,GAL,galgame,汉化组,感谢",629783,1274,2129,23091,18688,1508,0,0,127660
BV1WWh7zUEU8,114951360352828,1,22,2063,鬼畜调教,鬼畜综合,http://i0.hdslb.com/bfs/archive/524607927ae16fc2dfcb066ea9d0518204bcad3c.jpg,全都认识的可以把自己加进来了...,1754019779,84,28284160,我叫瞬哥qaq,https://i1.hdslb.com/bfs/face/39a3498888d90307373821ed7ad933567babb4c9.jpg,707076,"搞笑,人力VOCALOID,美食,生活,上淘宝闪购搜超级星期六有惊喜,淘宝闪购超6爆款外卖只要1块9,黄绿合战10th-绿队应援",495125,6698,444,17166,1819,1469,0,0,109757
BV1iShGzxEjy,114965100895300,1,21,2037,日常,同人动画,http://i2.hdslb.com/bfs/archive/971e858a84b25c2d6603cd22b148afd9eddac151.jpg,😱爱音捡了一沓钱😱,1754228423,101,3546651645970961,UV唐大头,https://i2.hdslb.com/bfs/face/f4a31b23d11128feb844907888636983794ada68.jpg,12925,"二次元,迷途之子,AVEMUJICA,MYGO",132665,151,562,6269,611,3169,0,0,15952
BV1gVtGzgErn,114970117277175,1,95,2099,数码,电脑,http://i0.hdslb.com/bfs/archive/26a8f7f2c3aaa31e5f35632b8bfe654cb4722114.jpg,两位家长给大一新生买笔记本，首选华为,1754305355,999,3546902624733812,海虹数码葛小强,https://i2.hdslb.com/bfs/face/c05f06a21556350b28c1967ded6b73483b3b471c.jpg,69760,"笔记本电脑,华为,大学生",382958,2860,6692,1690,1905,1773,0,0,11082
BV1cd8qzvEgM,114942183212603,1,193,2023,MV,AI音乐,http://i1.hdslb.com/bfs/archive/57ec30269dbe81c426264460e50e7db498951745.jpg,【AI邓丽君】美美桑内 One Spot | Cover 沈佳润,1753878619,148,174382345,唯君与共,https://i1.hdslb.com/bfs/face/bae2a50cae62cb8221be8701bdf01b6986e9072f.jpg,15597,"音乐分享官,AI,COVER,邓丽君,美美桑内,One Spot",1582549,316,620,15711,10005,2547,0,0,123743
BV1z9tuzLEyL,114969765025222,1,171,2070,电子竞技,MOBA游戏,http://i0.hdslb.com/bfs/archive/04528eac2a66b5def6c375aeb545dfa67b31cf1c.jpg,一个小件让腕豪打人像是在撒娇,1754302913,857,453999675,逍遥v浪迹峡谷,https://i0.hdslb.com/bfs/face/29475cf31016e1ba652cfb905925685701eceb76.jpg,568824,"英雄联盟,第一视角,电子竞技,搞笑,腕豪,狗头吧,MOBA,狗头,英雄联盟电竞世界杯",111092,970,231,634,4054,123,0,0,9849
BV1Ff8qzYEnS,114942216773587,1,28,2016,原创音乐,原创音乐,http://i0.hdslb.com/bfs/archive/f74ec4bcb402b3c627214fdd6d3b0f3f83a89dc5.jpg,英雄主义pt.2,1753977600,143,3546800493431586,在虚无中永存,https://i0.hdslb.com/bfs/face/a6ec4634b49423ce558197e59ca790563f0414cd.jpg,550363,"原创音乐,纯音乐,新世代音乐人计划原创季",520685,4220,5723,52318,22019,3620,0,55,115223
BV1ZBh7zuEuU,114951477923882,1,250,2158,出行,旅游记录,http://i2.hdslb.com/bfs/archive/37f7399c05fa779ebe35aee233ddf1a99c31dd6d.jpg,自驾川西四姑娘山，探访震后17年的汶川映秀镇,1754042400,2298,480670664,赖导AboutLai,https://i2.hdslb.com/bfs/face/681490e6600ee52089320ed4e5bc6cae7771b4cb.jpg,727509,"四川,秦L EV,更出色，才带感,汶川,出行,川西,自驾游,四姑娘山,映秀",668678,4227,1679,8208,25005,3840,0,0,29609
BV15LhAzZEqu,114941512128226,1,76,2149,美食制作,美食制作,http://i2.hdslb.com/bfs/archive/3e4647481fcca48c4c79321597ad7186e1603dee.jpg,十个人有九个人都不知道，把鲈鱼用开水烫一下，在淋上鸡蛋液，出锅就是酒店桌桌必点的招牌菜，鲜香滑嫩，老人小孩都爱吃,1753868630,143,3546928553921175,欧小斌美食,https://i0.hdslb.com/bfs/face/8d69f8229a0f69403d22e83b4a6a7039b47d409d.jpg,86298,"美食制作,烹饪,厨艺,家常菜,美食教程,酒店,老人,鲈鱼,小孩,Vlog",600987,362,621,20841,4918,3036,0,0,48185
BV1Ge8zztE8x,114943256956280,1,218,2167,喵星人,猫,http://i2.hdslb.com/bfs/archive/f1e941a67aa88b97249f402a19baa46f2027dcc5.jpg,“好奇怪，你们又听不懂我说话”,1754305200,184,3494362249955414,尖尖plus,https://i2.hdslb.com/bfs/face/d7ff02808369fe8f87662b3693737f340e3ee1f5.jpg,76710,"喵星人,田园猫,萌宠UP主加更计划",140549,152,479,4855,872,1008,0,0,22567
BV1MH8fzMEvj,114939515639695,1,251,2166,三农,农村生活,http://i1.hdslb.com/bfs/archive/97afd356706d1e0ecc6a5abf97f1cc75d771b37a.jpg,希望我们的改造可以带给女孩更多的光亮！,1753839642,306,409241398,佳里小做家,https://i1.hdslb.com/bfs/face/0dc6cb2e88131066c04613178dc8d5e97b745211.jpg,27596,"生活记录,手工,改造,改造厕所,女孩",2052182,1510,1607,28996,73592,396,0,53,117226
BV15EhNzeEfn,114959497304837,1,158,2002,穿搭,影视剪辑,http://i2.hdslb.com/bfs/archive/4b618ede21e0050759f65548ac8a9ebcd3c65e8e.jpg,“露出来了，然后呢”,1754142791,12,542246263,白昼小熊,https://i1.hdslb.com/bfs/face/4b26f51d6330ea2209192d490f6636e28ec0574c.jpg,1228488,"影视剪辑,日剧,翻拍,今日出门怎么穿",1746534,25,193,19831,1397,1518,0,0,86049
BV1sCh8zWEc2,114958507443524,1,138,2156,搞笑,UP主小综艺,http://i2.hdslb.com/bfs/archive/66c0731088c41d5901e21fb9116724f65be0516a.jpg,我先走一个⚡️,1754129614,325,226231535,智勇双全富贵君,https://i2.hdslb.com/bfs/face/f63d4962dd2dcf4d2cc9cae63cd01a2049f32dab.jpg,2200494,"排球少年,开箱,OPPOReno14,OPPOReno14排球少年联名",2454954,2806,1101,20016,4129,1098,0,58,96597
BV1N2h3zzEdK,114963909708493,1,171,2207,电子竞技,随拍·综合,http://i0.hdslb.com/bfs/archive/77a4bacc1f3fbc7533ffc1bc32ca1383202a8c74.jpg,这次真的是倒下了……,1754210457,112,86881329,梦求真暗区突围,https://i0.hdslb.com/bfs/face/d84594e9cf32103ec7db3253f824c3df4525f40f.jpg,802371,暗区突围2077联动,672830,908,1563,10812,12669,228,0,0,61244
BV1wxtMz1Ewm,114968305343425,1,213,2064,美食测评,单人RPG游戏,http://i1.hdslb.com/bfs/archive/5d0166b14d8911cd371938e6ed629685f56d78e2.jpg,明日方舟太好玩了，太有意思了，一点也不杀熟，必须玩到关服！,1754277467,316,1205045754,不信邪的斯坦,https://i0.hdslb.com/bfs/face/155d807e6142dc5e5d678146843eb1592266f1ce.jpg,519705,"抽卡,二次元,策略游戏,明日方舟,美的太太,塔防",264515,1845,2199,1212,1474,1327,0,0,23717
BV11Pt3z4EPi,114968791882736,1,171,2071,电子竞技,射击游戏,http://i1.hdslb.com/bfs/archive/697c90fe7e2bc169c5e4f80788c3bf6678b6879b.jpg,神之大超，他不藏了！Chopper总决赛五杀ACE！绿龙荣获2025科隆总冠军！,1754284844,338,203680252,AYCS2,https://i1.hdslb.com/bfs/face/00981afbe0562c34f53b8279670a3e0ebd1f21c8.jpg,1100777,"donk,cs2赛事名场面,大超,绿龙,五杀,spirit,mouz,cs2,chopper,CS2赛事暑期狂欢",551324,1241,2098,2841,3008,2024,0,0,28531
BV1voh5zbEPS,114965855869227,1,137,2026,明星综合,乐评盘点,http://i2.hdslb.com/bfs/archive/26c35283597e96fc7a60467639cf8028a25d3ec3.jpg,刘雨昕演唱会幕后有故事？还喊话演喜剧？,1754362800,2573,3056480,罗毅的包罗万友,https://i2.hdslb.com/bfs/face/e0671a053d314cdb77ccfe4257e5ba043ff1b112.jpg,1254,"音乐,演唱会,刘雨昕,艺术,包罗万友,视频播客,艺人,仙那度,上B站看播客",134404,7660,1991,3571,6431,2574,0,0,5350
BV17zhJzjEhF,114952299879595,1,241,2001,娱乐杂谈,影视解读,http://i2.hdslb.com/bfs/archive/36e8727fc57f1a04feff2a8e6ebe6889006124ab.jpg,【驼】剧情一般，演技更一般。不油不等于演技好啊,1754046600,563,4036386,麦驼oat,https://i0.hdslb.com/bfs/face/3957e02f56ad43e5fc18e433641080d584fbed4d.jpg,810058,"电视剧,金晨,凡人修仙传,杨洋,电视剧凡人修仙传,演技,李兰迪,张凌赫,一起二创《凡人修仙传》",671429,5012,3020,1996,3069,412,0,0,25347
BV1rdhpzwEBs,114954447358161,1,138,2156,搞笑,UP主小综艺,http://i2.hdslb.com/bfs/archive/1886b7b0835f761d70241af5a3a74e5b1ab06c17.jpg,【0帧起手】防不甚防啊！这谁防得住啊哈哈哈【第四期】,1754107200,410,265457911,老鸽子从不鸽,https://i1.hdslb.com/bfs/face/c3c3cfc03639e7eef37d5c1b6356b729e1c745ec.jpg,873729,"奇葩,搞笑,石头,万恶之源,0帧起手,石头P20 Ultra,扫地机,沙雕,石头扫地机器人,石头扫地机",3273530,1571,320,82167,3746,393,0,34,92435
BV1bShPzWEzw,114959883179261,1,17,2064,单机游戏,单人RPG游戏,http://i1.hdslb.com/bfs/archive/dce04ecc38e20d9be7889c298615b73ca7a704fd.jpg,游客：这海盗就是园长你啊？？？？,1754190000,517,7450650,超果果mc,https://i0.hdslb.com/bfs/face/68055fd664aca68f38bdd1d816c46ad4f7b7405d.jpg,2240207,"迪士尼,搞笑,超果果,过山车之星,造乐园,海盗,园长,海盗湾,整点电子榨菜",609966,728,343,12591,13369,287,0,0,34029
BV15hh3zSEFi,114963741940992,1,21,2196,日常,职业vlog,http://i0.hdslb.com/bfs/archive/0fe87e4e7af43564cc330b0b9dcba9c75b9edbe2.jpg,坚强社恐外卖员,1754214900,235,3546595893184682,基iz崽,https://i2.hdslb.com/bfs/face/79c7f3e0e7af14ff9a16d04f716a034171916f56.jpg,579701,"生活记录,外卖小哥,vlog日常,社恐,万种生活碰头相见",1030699,567,973,6263,6966,690,0,0,67681
BV1gu8ozBEBk,114936999053360,1,65,2078,网络游戏,沙盒类,http://i1.hdslb.com/bfs/archive/166f7f7c6a756eb848c67432ead786e280df9ac4.jpg,00后童年的最强沙盒神作！为什么能火到如今？,1754042400,536,174972224,不明天气状况,https://i2.hdslb.com/bfs/face/a2251a07e62430e683ac6d261459f7ea3c800b11.jpg,1351,"沙盒游戏,沙盒,单机游戏,MC,我的世界,Minecraft,像素风",75989,758,649,2139,2425,157,0,0,8135
BV1NqhtzDEEX,114957534498456,1,47,2207,同人·手书,随拍·综合,http://i0.hdslb.com/bfs/archive/b5e8a44a9a5c5a035f2b66984636f2581b9d89f9.jpg,盗墓但小哥每秒100帧,1754125200,101,1238329219,觅2,https://i1.hdslb.com/bfs/face/f38a97470c6c7b221fea749593d59c97cb5d51c9.jpg,1351325,"张起灵,鬼畜,盗墓笔记,永劫无间手游,永劫手游张起灵,永劫手游古墓夺金,永劫无间张起灵麒麟回响,高段操作Pro Max,bug,二次元副本挑战者",913935,302,554,9066,2655,3114,0,0,74213
BV1Lth3zQEQ8,114964111039414,1,243,2026,乐评盘点,乐评盘点,http://i0.hdslb.com/bfs/archive/d40a5cc56f08c183ea1b9c70df3027d46cf4abb4.jpg,ALLDAY PROJECT到底是谁？这就是慕强批的天堂！万字爆肝全网最全的ALLDAY PROJECT入坑指南，带你一口气入坑黑厂新团！,1754222400,3486,177328090,X1AOKA1God小凯,https://i1.hdslb.com/bfs/face/e5e6f9dd6cdc31fbd2b5e1c6a1610259a7de5d87.jpg,111961,"乐评盘点,赵旴灿,李荣书,文徐允,TARZZAN,Bailey Sok,K-Pop,THEBLACKLABEL,KPOP回归前线,ALLDAYPROJECT",84210,2979,351,2392,3298,434,0,0,7462
BV1jUhWzdEmz,114955672099273,1,138,2079,搞笑,其他游戏,http://i2.hdslb.com/bfs/archive/aceb3a890bd839bfee093535ef12b8f89dc96139.jpg,坏了！让他玩到真的了！,1754107500,218,170088482,炎辰大鸽子,https://i2.hdslb.com/bfs/face/4bc94099d73d6553a64950ad99e476a3a6e4e918.jpg,1890942,"游戏,高能,奇葩,恶搞,娱乐,搞笑,猎奇,吐槽,沙雕,互联网",1391013,651,946,5581,1617,1386,0,0,54669
BV1LztgzyEyR,114969060379388,1,182,2001,影视杂谈,影视解读,http://i0.hdslb.com/bfs/archive/81263eeeda379d8d2e3fa2355a02903bb3107bf7.jpg,他越活越年轻，却注定与爱人错过一生,1754301600,183,11099044,花町公馆,https://i1.hdslb.com/bfs/face/5a18d382f3f2efeaf072eff7c801ad79be76dc94.jpg,900728,"爱情,电影解说,电影,每天安利一部好片",1427502,363,570,24596,3993,769,0,59,89760
BV1ek8CzBEBa,114947048675110,1,162,2037,绘画,同人动画,http://i0.hdslb.com/bfs/archive/7215af052778b6a0084da79211f368989d6ba6e4.jpg,开 门 接 受 检 查,1753952838,32,39603093,一只毒蛇,https://i0.hdslb.com/bfs/face/a5971c8f014b400f2359e213127aadac19b6d010.jpg,81946,"火柴人,食品安全等级,画师激励计划,FSQG,柴设",1109805,504,703,48822,4503,2463,0,0,159166
BV1fFhHzDEWW,114953289800258,1,215,2150,美食记录,美食探店,http://i1.hdslb.com/bfs/archive/01a950a408855dcc8bc2809a29bf5cade84c8596.jpg,大碗面来了！一人一斤！再加半斤抄手！必须吃爽！,1754048613,374,8680974,干饭三健客,https://i0.hdslb.com/bfs/face/cf67c074588b1524389f371665b4f687cf6315b6.jpg,1723576,"街头美食,重庆小面,三剑客,重庆美食,健身餐",1031620,1995,1361,2011,4462,1410,0,0,40444
BV13RhJzKE4q,114952064996335,1,182,4218,影视杂谈,钓鱼,http://i2.hdslb.com/bfs/archive/773785ebea375aa2560b0ec44b9c905e5e521d4e.jpg,鱼竿都断了，鱼线却没事！这玩意有多结实？,1754130000,63,108264176,老树怪谈,http://i2.hdslb.com/bfs/face/036019f3c89c879b643885bbcb8944dbbb5a174d.jpg,48924,"科普,涨知识",3300774,293,960,3573,1055,227,0,0,58239
BV15LtjzsERL,114973976040354,1,172,2064,手机游戏,单人RPG游戏,http://i2.hdslb.com/bfs/archive/86eaabcec84886630af16333dfbfa43d3188e150.jpg,全地面六星干员 VS 澪，斩业星熊首秀！【明日方舟】,1754363876,891,12073864,-碱式碳酸咸鱼-,https://i1.hdslb.com/bfs/face/de64ffc4031f4ec3f068527a8cbc4a1ac9cc4bb7.jpg,533924,"娱乐,明日方舟,斩业星熊,澪,AT-7,墟,泰拉探索协会,明日方舟创作者应援计划",359736,2166,924,1673,1908,340,0,0,21853
BV1gChVzJE4P,114964513691731,1,241,2009,娱乐杂谈,娱乐评论,http://i1.hdslb.com/bfs/archive/ea449b2c5699f79fd4a7613649391bc87732a5fd.jpg,【吃瓜】赵露思八问经济公司！正式开撕…赔款、解约、协商矛盾…她的理由真能被同情吗？,1754219398,511,1976558860,天气微凉淡淡月光,https://i1.hdslb.com/bfs/face/92f61e260415a2e7f22b4d44fa676bce2f612aed.jpg,182374,"原创,矛盾,吃瓜第一线,理由,经纪公司,赵露思,银河酷娱",1683177,6707,9149,6567,6320,10970,0,0,44333
BV1aKtgzTEmW,114969362367884,1,65,2064,网络游戏,单人RPG游戏,http://i0.hdslb.com/bfs/archive/1ead4596995ff0e830fdb610f0cbfa3da799ac57.jpg,氪金玩现在的【贪婪洞窟】是一种什么体验？？,1754293915,881,3546558119283625,老芒果OL,https://i1.hdslb.com/bfs/face/00c59a8ecef3e063cad3a9b05261a516ed596acd.jpg,672440,"地下城,贪婪洞窟,贪婪洞窟2",213738,321,385,705,2458,95,0,0,9383
BV1GhhnzrEia,114953541458950,1,126,2063,人力VOCALOID,鬼畜综合,http://i0.hdslb.com/bfs/archive/080d45807b99ddd58186626bea2c40dc934ac8da.jpg,🍬再见了，所有的唐哭🍬,1754107200,85,438684078,DJG杰哥,https://i0.hdslb.com/bfs/face/6a1ba87992508f221db602335af9f74e13c7ee22.jpg,40618,"鬼畜,MyGO!!!!!,Ave Mujica,动画种草激励计划,爱音,anno,高松灯,千早爱音",290568,2865,2082,13719,3259,10250,0,0,44309
BV1S78BzJEej,114942015442793,1,47,2037,同人·手书,同人动画,http://i0.hdslb.com/bfs/archive/1c55cdfdeaf0fdde1fae90cac46dc685cccc7900.jpg,【乌合之众同人短片】傻子,1753876106,96,383128707,为了我活下去,https://i0.hdslb.com/bfs/face/9017c6baf09899d1c0143b7d56276c8cf0381d17.jpg,294682,"短片,手书,同人,乌合之众,秦小南",634134,223,1111,40059,16100,3250,0,0,104880
BV1YjhczJEh9,114940740440899,1,243,2024,乐评盘点,电台·歌单,http://i1.hdslb.com/bfs/archive/be8db6ed25d4419204905ccb2150f0cf632a929b.jpg,循环歌单|【花海DJ版】|“【纯爱の小曲】【伪恋の小曲】【迪亚哥の小曲】”,1753920000,3643,423517587,蛋某人音乐,https://i0.hdslb.com/bfs/face/3a3a15373208c19ea9c69cb91632e3b13e336711.webp,679107,"歌单,花海,循环,电台新星征集令",780030,423,680,78045,6093,598,0,0,60011
BV1egtGzGEEe,114970218009410,1,21,2197,日常,其他vlog,http://i1.hdslb.com/bfs/archive/9a523884718f818f2df142db1a2bf65167482e32.jpg,居家生活日记！紫苏梅子凉面、康复记录、做牛尾汤｜芽腿vlog223,1754306865,837,489220851,芽腿,https://i0.hdslb.com/bfs/face/9a6089bbd7239e7fc58f9f935a01e5a408b53016.jpg,401242,随手记录我的生活碎片,78411,514,373,1016,2868,108,0,0,5648
BV1H28dzWEVT,114937250713230,1,137,2014,明星综合,娱乐综艺正片,http://i0.hdslb.com/bfs/archive/2e04978feac0077106eec8098d9fe922ffdc491e.jpg,【TF家族练习生】《肆意夏令营》EP04,1753873200,2255,3670216,TF家族,https://i1.hdslb.com/bfs/face/1c74336b9060d40d0ccf5e8bce7c0de34526b1e3.jpg,6933284,TF家族练习生,1455756,410160,12444,15487,5106,888,0,0,46803
BV1EXhtzzEHW,114957299490106,1,17,2001,单机游戏,影视解读,http://i0.hdslb.com/bfs/archive/33a532665574d6c020f17ac1a9a9f6ecb2c58faf.jpg,浪浪山小妖怪你可能错过的彩蛋和细节【彩蛋艺术馆】,1754125200,295,14254182,黑椒墨鱼,https://i0.hdslb.com/bfs/face/17550b299af458ded02ed532814484054b2ded81.jpg,1662148,"小妖怪的夏天,浪浪山,浪浪山的小妖怪,浪浪山小妖怪,上海美影厂,中国奇谭",449533,409,1248,1464,542,821,0,0,11689
BV1xyt3zFEbQ,114970436048005,1,215,2151,美食记录,美食测评,http://i0.hdslb.com/bfs/archive/e970a4cc828e15efb3c549b1ca0b19afeb10d9a1.jpg,早餐实力排名,1754310396,520,3493292727601296,王小洋-已黑化,https://i0.hdslb.com/bfs/face/e33567ee9db0bad3c746a42ab7354680b75b0a06.jpg,304146,"早餐,吃喝玩乐先上闲鱼,MVP,油条,手抓饼,排名,烤冷面",518231,7434,4694,5136,1291,1112,0,0,39177
BV1dj8yz5EiV,114946880833592,1,252,2113,仿妆cos,仿妆cos,http://i1.hdslb.com/bfs/archive/28604945c7449f067cd5bdae5dd0d693529c7510.jpg,【第五人格】红夫人蓝皮-红心皇后仿妆来咯,1754046000,254,415897343,初九Haimon,https://i2.hdslb.com/bfs/face/5755ceca1459f9028973297abda9e60f02a30c13.jpg,1334325,"仿妆,美妆,COS妆,第五人格,红夫人,神还原仿妆大会",1483715,577,976,42253,15198,374,0,70,123486
BV157hNzNEG3,114959514077416,1,164,2128,健身,健身科普,http://i2.hdslb.com/bfs/archive/1c8d424446d1ea4e70072b8450e6111474cc2a59.jpg,减肥回忆录，从200-130的一年是怎么过的？,1754143240,173,305947148,黑豆减脂日记,https://i2.hdslb.com/bfs/face/b4672a74841d405927f1520f5dd21c3d739c85ee.jpg,21753,减肥,171403,147,1284,731,832,405,0,0,10043
BV1gatnzFE81,114975670539661,1,138,2154,搞笑,剧情演绎,http://i0.hdslb.com/bfs/archive/77023ad3f83953c89058162986905f6ef6cdaac8.jpg,蜿蜒的山路又会带我通往什么地方呢？,1754389714,166,484262091,郑丽芬er,https://i0.hdslb.com/bfs/face/b31a4cd9a55c60f6255e1f59266b369d7f3a1da0.jpg,1042547,"情感,一人分饰多角,家人",114275,144,331,630,733,45,0,0,13411
BV1N9hVzkEkc,114964597576860,1,228,2090,人文历史,人文历史,http://i2.hdslb.com/bfs/archive/7a96ad16b45848855b18d1080aff4fa0615377ce.jpg,德国精心策划的巴巴罗萨行动为什么会失败？【三木说31】,1754229820,1310,86588581,三木説,https://i1.hdslb.com/bfs/face/40f4143b5242c38cddc9d3c4cf68d3524d7fdfa9.jpg,719401,"历史,二战,人文历史档案馆,巴巴罗萨",603577,2704,1683,8254,2340,429,0,0,17079
BV12z8yzbEHd,114946629178871,1,26,2063,音MAD,鬼畜综合,http://i2.hdslb.com/bfs/archive/233e975e6ed2a44e494101c2689ed53c1e8627ce.jpg,♿PRAGMATISM -RESURRECTION-♿,1754279700,165,400121455,TxAY丶,https://i1.hdslb.com/bfs/baselabs/7d88154aa95d75d7e1fb9de3152141fa0ab27459.png,4369,"音MAD,音mad,说的道理,白复生,黄绿合战10th,电棍,Laur,Arcaea,arcaea",256146,2350,2668,11609,13450,3160,0,0,38245
BV1Ck8yz4EuA,114946662731118,1,85,2154,小剧场,剧情演绎,http://i1.hdslb.com/bfs/archive/5a4b25357890fa44ecf311cddb3baee4ad632577.jpg,逻辑鬼才不吃苦～,1754218800,105,1875910928,小赖同学,https://i2.hdslb.com/bfs/face/4e4afbde408988ec1ee8799c8020839f2961fefd.jpg,436209,"原创,逻辑,搞笑,日常,职场,生活,短片,搞笑小剧场,鬼才,打工人",872307,121,321,1204,518,103,0,0,30678
BV1nShtzrEAK,114957668588031,1,246,2106,改装玩车,汽车测评,http://i1.hdslb.com/bfs/archive/f6f7ba182c155331c76b48af0bfe021aed51058e.jpg,详细版拓海的刹车起飘教学来了,1754115422,178,1618470,slasheAKA阿丰哥哥,https://i0.hdslb.com/bfs/face/ce426e56b8bcef74932071be0936258688330c2e.jpg,9011,"头文字D,漂移,赛车",235644,97,513,4049,516,605,0,0,8898
BV1R3hGzHEyX,114963641277318,1,21,2207,日常,随拍·综合,http://i1.hdslb.com/bfs/archive/78c168ff7d33b549d9f867f0cce173f271ddc5cc.jpg,被陌生人反向治愈的一天！,1754206669,143,71222956,昕昕给你100元,https://i1.hdslb.com/bfs/face/fbfaee41321b6e98d14dfe8d04b02ff61166a0d5.jpg,16623,"夏天,生活记录,挑战,老人",833161,300,861,2869,19543,184,0,0,60182
BV1hDhMzuEee,114961275685392,1,172,2064,手机游戏,单人RPG游戏,http://i2.hdslb.com/bfs/archive/a935f338140d440fe77248c3966e3cd9b2023198.jpg,【原神】最后的特诺奇兹托克人/纳塔5.8开图主线⑧/渡过烬海的学者头像/渡火者的绝决/谁人的残破笔记/原神5.8/纳塔5.8世界任务,1754171066,588,431073645,你的影月月,https://i0.hdslb.com/bfs/face/2e32de7b28fc491a28281a22c6ea9f5d195cbdf5.jpg,8927498,"原神5.8版本,最后的特诺奇兹托克人,渡过烬海的学者,渡火者的绝决,游戏攻略,头像,游戏鉴赏家,原神,原神高能团",508377,1467,861,3239,1769,848,0,0,10157
BV1W4tgzXE4a,114969463034636,1,21,2154,日常,剧情演绎,http://i2.hdslb.com/bfs/archive/bacbede5fb1adaf113c060ee1654ce05947219eb.jpg,剪头,1754298098,113,3493085877111279,魏福一,https://i0.hdslb.com/bfs/face/e5361c44cf9b97d0374eb35d35e46d96d98271b3.jpg,174780,"搞笑,瓜子二手车",104720,147,218,1219,651,419,0,0,15988
BV1YnhtzhEe9,114957987351205,1,17,2077,单机游戏,休闲/小游戏,http://i0.hdslb.com/bfs/archive/8e494eb518b75f3d58af1043cff4d52bb6fd869b.jpg,十年前碰瓷pvZ 3，质量究竟如何？,1754119878,230,3546716194212512,蓝莓菌hy,https://i2.hdslb.com/bfs/face/b1aefa56b667fd68c648a9b85c6d6caa451ca97d.jpg,21561,"童年回忆,娱乐,回忆,植物大战僵尸,盗版游戏,试毒,植物大战僵尸3",814272,513,434,11966,1766,90,0,0,25270
BV1rehgzZEB9,114962550758941,1,17,2077,单机游戏,休闲/小游戏,http://i2.hdslb.com/bfs/archive/42706dd3b4eaaaa6f4d672338cdacf9e474e8356.jpg,王老菊教你阴间麻将,1754189767,4945,423895,怕上火暴王老菊,https://i1.hdslb.com/bfs/face/c707dbb7fba4c5184b587024c3ac681b3f5c7c12.jpg,2622601,"独立游戏,麻将,桌游棋牌,我在地府打麻将",499592,6110,2125,5675,16575,2116,0,0,23118
BV1F4h4zBEhF,114956359965743,1,126,2063,人力VOCALOID,鬼畜综合,http://i1.hdslb.com/bfs/archive/b207567047ade075cbf8deceb4eebfcdf21c1179.jpg,【哈基米】猛毒注意（完整版）,1754128800,88,519584099,是Ella,https://i2.hdslb.com/bfs/face/72571c356c74e8f7d4598e8d45df0d96378b3c31.jpg,11395,"可爱,手书,鬼畜,猛毒注意,哈基米,鬼畜星探企划",611656,233,1912,68408,17693,8781,0,73,130596
BV1afhGzJE8i,114965201558338,1,215,2207,美食记录,随拍·综合,http://i1.hdslb.com/bfs/archive/2bbbb7811470f5ca372abbe0277c7da1f54e4253.jpg,活着就行啊家人们,1754229907,73,1254039861,保安日记-贴贴猫,https://i0.hdslb.com/bfs/face/6aa21c8ece90752b2d1571f951b8cf17ee18d06c.jpg,255611,"生活记录,抽象,土味",407539,346,487,1270,6520,338,0,0,58912
BV1DYhEzhETv,114950605379287,1,65,2071,网络游戏,射击游戏,http://i0.hdslb.com/bfs/archive/634ae36945914734d439b4652c0c6969a9d28b27.jpg,坏了！玩了乌鲁鲁一去不复返了！,1754007288,244,65991460,绝地飞车-教主V,https://i1.hdslb.com/bfs/face/48e9e3f6dd5ac8c8996e2d005ac2f96a4d21b7ad.jpg,216182,"三角洲行动,三角洲鼠鼠拯救世界,三角洲一搏成名",1029353,391,1115,3574,596,1726,0,0,51013
BV1My8UzkE4H,114950387340042,1,171,2071,电子竞技,射击游戏,http://i1.hdslb.com/bfs/archive/d2c2e056566faecbeb94ee68e5cab9a62d5f188e.jpg,迷雾：下班了，打把游戏放松一下,1754003755,424,1050482689,康有成,https://i1.hdslb.com/bfs/face/2856b2c0f3f7bca04bc4b84883533eb3db3cfef9.jpg,152657,"电子竞技,射击游戏,穿越火线,FPS,推荐宝藏游戏",754598,545,193,4463,801,448,0,0,27070
BV1NitEzUEoH,114974848458524,1,182,2001,影视杂谈,影视解读,http://i1.hdslb.com/bfs/archive/0753dd7f8a17158275edd1ea44d33ac1642701bc.jpg,断骨塑鼻，吞虫减肥，尺度惊人的暗黑童话改编，年度必看恐怖片《丑陋的继姐》！,1754384400,2103,386869863,培根悖论唠唠嗑,https://i0.hdslb.com/bfs/face/225b8ef554ed65ac3c5e137262a252ef4b411e64.jpg,2557688,"恐怖,暗黑童话,惊悚,灰姑娘,电影解说,丑陋的继姐,万字拉片大赛",167267,1200,284,2527,1332,301,0,0,6851
BV1zshVzaEFm,114964983513509,1,17,2078,单机游戏,沙盒类,http://i2.hdslb.com/bfs/archive/01a0ba1ad24504619d5c8e5edaa4910f6b331a8b.jpg,65536个方块！我在MC生存存档中给流萤做了一幅地图画！,1754226659,66,2023223001,cy-ct,https://i0.hdslb.com/bfs/face/9e0c4da500cb3cbef4783064a0019855b71f22fc.jpg,1155,"二次元,我的世界,崩坏：星穹铁道,崩坏：星穹铁道创作者激励计划,流萤,像素风,地图画",231266,187,324,2977,7462,422,0,0,39213
BV1Vut5zDE4a,114970989694036,1,228,2094,人文历史,科学科普,http://i0.hdslb.com/bfs/archive/90a08e1304656ef05c2a1dbb0b5544567895f4df.jpg,大问题：因果关系的本质是什么？,1754386500,3982,1871365234,大问题Dialectic,https://i1.hdslb.com/bfs/face/6b975209aec2c4d040501bfc965ee84607288502.jpg,685850,"哲学,科学,康德,因果,休谟,珀尔,万物研究所",43684,593,384,3055,1722,243,0,0,2991
BV1MzhnzKEC7,114953457566174,1,138,2154,搞笑,剧情演绎,http://i0.hdslb.com/bfs/archive/f825630190f01a35829b5262a0a0d1d79b4d9b76.jpg,你偷偷跑我闺蜜家干嘛去了？,1754050846,254,10820826,小余皮得一,https://i0.hdslb.com/bfs/face/76609afcba8e4108d2a6b943637d7a2e4f55cbdf.jpg,282109,"黑色幽默,原创,搞笑,情侣,搞笑小剧场,皮得一宇宙,凯见孙琳,抽象",598130,1058,492,3226,3407,818,0,0,26943
BV16BhHzREww,114953071697393,1,47,2055,同人·手书,二次元绘画,http://i2.hdslb.com/bfs/archive/d09546b48776b04e4cef2f5818c50bba402376b6.jpg,这些原神/崩铁图将不再更新！,1754045198,63,3494365922069299,青辞川,https://i1.hdslb.com/bfs/face/0bda5aeedffb252a36e64ada139ccc89c623dddf.jpg,134574,"绘画,同人,板绘,插画,崩坏：星穹铁道,崩坏星穹铁道,米哈游,原神",1726826,241,2851,43632,55218,779,0,33,291836
BV17DhNzkEv8,114961091202198,1,121,2079,GMV,其他游戏,http://i2.hdslb.com/bfs/archive/c232294dedd552058920c39a1937235d70c0b268.jpg,【原神 |填翻】班尼特《妈妈的话》,1754181000,120,298254767,龙虾ゞ,https://i2.hdslb.com/bfs/face/20ea283603bcc4e3a6da4361df21b1eda98f93fe.jpg,275047,"原神UP主激励计划,剧情,GMV,混剪,手机游戏,二次元,填词翻唱,米哈游,班尼特,原神",145517,207,488,8720,12131,759,0,0,30546
BV1RahszxEK5,114955470769389,1,17,2066,单机游戏,单机主机类游戏,http://i0.hdslb.com/bfs/archive/95c55dfafc60b6f0edf50ab4e9c93a3efa7f015d.jpg,在宝可梦绿宝石中转生成为圣母心冠军！,1754093700,938,18624427,黑键Blackeys,https://i1.hdslb.com/bfs/face/cb775748b1f1e63319d9addd29b5f07c414bcf8d.jpg,8805,"任天堂,童年,皮卡丘,宝可梦,宝可梦AG,小遥,果然翁,裂空座,丰缘地区,整点电子榨菜",211927,706,567,2247,1829,278,0,0,12190
BV1A282zYEv4,114947451326385,1,17,2077,单机游戏,休闲/小游戏,http://i2.hdslb.com/bfs/archive/684e6b7f35fad942c2a72ef1e4ca60961198d7a3.jpg,指导新角色：头羊,1754019000,218,3546562489748303,头牛o,https://i2.hdslb.com/bfs/face/5228dc4405fa65c7b96a9278dc1a634beaabae2c.jpg,252682,"搞笑,娱乐,单机游戏,植物大战僵尸,指导版,沙雕,休闲益智,植物大战僵尸1,推荐宝藏游戏",1551187,1725,1570,13092,1792,410,0,0,42062
BV1KntGzvEBi,114970301829110,1,138,2207,搞笑,随拍·综合,http://i1.hdslb.com/bfs/archive/8e4bb6edcea34f08e7d5bb2db4065a7788b7fb79.jpg,隔壁班嘉豪 这期是我定制的,1754307862,123,219898427,赛博人物志,https://i2.hdslb.com/bfs/face/8f472f6026604ac417af398f3a3ae50386248b95.jpg,65588,"梗,隔壁班嘉豪,盘点系列,嘉豪",1878417,1176,2221,17115,1041,5816,0,51,159833
BV1tY8dzAEiq,114937133272461,1,130,2017,音乐综合,MV,http://i1.hdslb.com/bfs/archive/4cfd10f0ec0512d330fae4e0c62c75b53846d8a1.jpg,奇 奇 怪 怪 的 K P O P 混 音 30.0,1754037000,533,1559933904,热的冰美式_,https://i0.hdslb.com/bfs/face/79ed8e4019c783f48d602cad44374a819a0feec8.jpg,118455,"EXO,TWICE,KPOP,SEVENTEEN,BLACKPINK,LE SSERAFIM,美美桑内,BigBang,NewJeans,KPOP回归前线",530335,4265,435,5965,2594,3419,0,0,48689
BV1FbtMzCE4d,114968338897393,1,130,2017,音乐综合,MV,http://i1.hdslb.com/bfs/archive/7d7e71e582e7fb5c8789949774f3b1d5dff80ea9.jpg,【中日字幕/完整版】Fate/Grand Order 手游10周年主题曲「すばらしいせかい」/ 神山羊×YOSUKE from SPYAIR【正式歌词】,1754278089,243,1592191,百億_光年,https://i1.hdslb.com/bfs/face/1097af3450ab90dbbd85381c7d073c7eccdbccf7.jpg,179926,"MV,FGO,ACG音乐,SPYAIR,游戏音乐,日语MV,Fate,命运-冠位指定,Fate/GrandOrder,神山羊",62008,317,161,3817,2689,985,0,0,5557
BV1bzh3z5EDD,114963658115312,1,168,2006,国产原创相关,AI影视,http://i1.hdslb.com/bfs/archive/d8b64626fcc31f83285b71ad69819bf66862071f.jpg,我只花一天时间做出韩立结婴,1754207278,351,3546920945453709,韩胶带本尊,https://i0.hdslb.com/bfs/face/7e63e9892175bd2aa0fba36d5e7b587d5680e3ea.jpg,11644,"古风,电视剧,剪辑,动漫,韩胶带,韩立,银月,瓦卡奖VACAT征集大赛",656628,657,1183,1932,3688,952,0,0,18573
BV16e8mz8EG7,114949078715654,1,171,2064,电子竞技,单人RPG游戏,http://i1.hdslb.com/bfs/archive/0e807df1db424bf54a9517ff98da9307de93547b.jpg,上帝我求你在给我9秒 这次我一定要带你出去,1753984475,202,3493109145013039,Lsu-L苏,https://i1.hdslb.com/bfs/face/374c5f7108b5781442bc55619b70be3d140107ea.jpg,352,"FPS,超凡先锋,吃鸡",504993,371,1329,2545,517,160,0,0,31981
BV1pTtnzjE5j,114975938973791,1,228,2191,人文历史,传统玄学,http://i2.hdslb.com/bfs/archive/7801b03f011bcf999df934bcf52e02a19a3c94b3.jpg,改命奇书！如果命运是注定的，能改吗？,1754394100,1429,8096990,啊粥粥啊粥,https://i2.hdslb.com/bfs/face/79c1cf49166f6354d8814e93a4c8e1b55cfc03f2.jpg,3392333,"传统文化,文化,认知,国学,深度,了凡四训,影视,名著,阴阳五行,万物研究所",65100,444,339,1741,805,318,0,0,3705
BV1ymhnzfEiD,114953692387624,1,182,2001,影视杂谈,影视解读,http://i0.hdslb.com/bfs/archive/75da7ab7c20690b500f9214c6ccfe472c610ae79.jpg,漫威再次烂穿地心！价值观都歪了！千字赤石《钢铁之心》！,1754128800,1653,49960899,BuriedAlien,https://i0.hdslb.com/bfs/face/e41d2f3901e156f708be59a3b4f593779a9adda1.jpg,1349981,"复仇者联盟,漫威,托尼斯塔克,美国队长,钢铁侠,钢铁之心,MCU,复仇者联盟5,万字拉片大赛",1993132,16687,5038,17387,37685,6114,0,44,96274
BV18yhVzUE5D,114964496980418,1,216,2063,鬼畜剧场,鬼畜综合,http://i2.hdslb.com/bfs/archive/4c5b34a8307b8cbdec1ff0f40b4aeea6077ee348.jpg,小 乔 佩 奇 刷 过 几 个 子,1754219336,196,256237759,我叫小渔人,https://i1.hdslb.com/bfs/face/590e1bbd098493c86038a94ce240bf80d627a760.jpg,1277890,"搞笑,鬼畜,旺仔小乔,你给我刷过几个子,小猪佩奇,黄绿合战10th-绿队应援",986135,1387,1215,13876,4614,5779,0,0,72526
BV18q8ZzMEsK,114937921804177,1,31,2020,翻唱,翻唱,http://i2.hdslb.com/bfs/archive/d1ee9efd84319e132798a40ed79fb79d53d5de54.jpg,请不要带我走。,1753834084,129,510860689,-女夭忄圣-,https://i1.hdslb.com/bfs/face/0685df8a6bbb449131de7d8d0d8de36a820aed18.jpg,10549,"翻唱,动画,手绘,奥莉安多幻想曲,请不要带我走。,诗岸",1654817,298,1308,111518,31517,5469,0,15,205785
BV1DQtgziE3M,114969194726873,1,215,2149,美食记录,美食制作,http://i1.hdslb.com/bfs/archive/ee6800b75466dce2b47ece8ef452a4fbeb4bbab3.jpg,捡肥成功花39块做个无敌碳水拼盘快乐一下,1754306400,544,3494360247175408,小岳来了24,https://i1.hdslb.com/bfs/face/0b4bbbbf8626749791f879374adb42403b51437a.jpg,772128,"生活记录,美食制作,出租屋记录生活,碳水的生活有多快乐,沪漂,下班日常,打工人的快乐真的很简单",212316,405,324,1076,1183,155,0,0,6259
BV1nshLzgEAT,114965755202478,1,172,2073,手机游戏,动作竞技游戏,http://i0.hdslb.com/bfs/archive/78a6a9fa2019f9527d8e42b1b80839cd298e3f75.jpg,只用氪金忍者上段#26,1754301900,868,50001728,赵小天咯,https://i2.hdslb.com/bfs/face/08b4694637b510ee9c133ec2ba0d6b38f338d0ee.jpg,632461,"火影忍者,决斗场,搞笑,泳装黑土,泳装鼬,我要上超影,夏日黑土,格斗游戏,火影忍者手游",251872,3250,591,2274,2384,118,0,0,16838
BV1j6hJz1Eee,114952283095376,1,193,2016,MV,原创音乐,http://i0.hdslb.com/bfs/archive/8a6af0576f235682d7804ef666fc20795ce66ecd.jpg,【灵笼第二季】大结局插曲「颂赞」| 碑文之上，不留遗憾,1754034702,229,273390005,秉音创声,https://i2.hdslb.com/bfs/face/e86291ae2bbdc8f883c71cb552e93a1fe4978911.jpg,43463,"白月魁,灵笼第二季,吴莫愁,马克,国漫,杨秉音,灵笼,秉音创声",600007,901,2960,7737,5389,2778,0,0,17399
BV1mAhpzBExM,114952803321273,1,161,2145,手工,传统手工艺,http://i1.hdslb.com/bfs/archive/aba4d40e11a289a1ff2ea560739e296aeffb95ad.jpg,一把鲁班凳传承中华木工技艺，阿成手作匠心初显,1754040829,114,29373131,阿木爷爷,https://i2.hdslb.com/bfs/face/89fc28eef56ece28d706c18435d78fbbe2eaf148.jpg,524744,"传承,技艺,传统手艺,木艺,鲁班凳,我的手工真的很解压",3403015,669,1580,5378,2537,422,0,0,79074
BV1k7hVzTEfu,114964731862692,1,172,2064,手机游戏,单人RPG游戏,http://i1.hdslb.com/bfs/archive/aa492cd0ea654b25f2ae1998b7d1d9cbd8f10e6c.jpg,【星穹铁道】诡弈砂金怎么打？00红A也能轻松过！低金/低练度满星作业+全角色通关阵容推荐！混沌回忆博徒困境12层攻略作业,1754262000,1669,346120056,星穹中心,https://i0.hdslb.com/bfs/face/b8fe9cbb767babc20fefa406f8ba2060c493cfcb.jpg,203905,"作业,诡异,崩坏星穹铁道,史瓦罗,混沌回忆,博徒困境,平民,低配,阵容推荐,砂金",213636,567,3099,883,525,508,0,0,6609
BV1PNhnzbEMn,114952014663167,1,17,2207,单机游戏,随拍·综合,http://i0.hdslb.com/bfs/archive/2e1b663f9d810b0d7ac7e6b2dbd4f3ccc2e4fdd2.jpg,七月六大热梗，你都知道几个？,1754031829,195,608334401,Oi解说,https://i2.hdslb.com/bfs/face/9043fd511a4342873db9d5d156f665eb03a1d4ff.jpg,35786,"梗,解说,娱乐,搞笑,万恶之源,热梗",4069495,212,99,77771,1594,110,0,38,65506
BV1eo8Mz3Ewy,114907202719600,1,17,2078,单机游戏,沙盒类,http://i1.hdslb.com/bfs/archive/e1ba5422d487b36f61e5f40acb66d96088a842e1.jpg,野猪小队-第31集-完整版,1754269200,666,11560113,小麦块,https://i0.hdslb.com/bfs/face/7b424bc6060a4fd2600c48ba25296570b4df4a4c.jpg,208494,"我的世界,Minecraft,野猪小队",1554840,386,94,34982,3153,24,0,91,33667
BV1ZAhGzoETD,114963389615028,1,85,2154,小剧场,剧情演绎,http://i2.hdslb.com/bfs/archive/0b910d8caf226ace9613b2249014dfbbeb7a6dcb.jpg,人心中的成见是一座大山,1754202565,190,34009507,-显眼宝-,https://i1.hdslb.com/bfs/face/13b9f8b60804357d903cbfb38f69dd837a32f941.jpg,2519806,"显眼宝,反转搞笑,原创搞笑剧情",3649685,1163,1091,12127,4151,1560,0,40,114800
BV1MutMz4Eae,114968489887868,1,253,2042,动漫杂谈,动漫评论,http://i2.hdslb.com/bfs/archive/07888ed2d790a18762a5845189305a0556157aef.jpg,贞本义行和庵野决裂？他为什么不再碰EVA系列？他为什么更喜欢绫波丽？,1754301600,2330,17055002,5毒士,https://i2.hdslb.com/bfs/face/c48eef856724d053fd4cd30c14c44a0ee62d2a62.jpg,247532,"EVA,新世纪福音战士,绫波丽,#无畏契约,#磁轴键盘,#MelGeek,#EVA磁轴键盘,明日香,贞本义行,庵野秀明",74975,706,312,2380,743,182,0,0,3040
BV1fRtnzVEdF,114975418881795,1,85,2113,小剧场,仿妆cos,http://i1.hdslb.com/bfs/archive/4ff0f5693665fac9d61187708dca2ed0e7a41f93.jpg,谢谢你愿意花2分钟看完我的创作6年。,1754385931,120,474853499,李如儒也是李蠕蠕,https://i2.hdslb.com/bfs/face/8da8eac46ef637b771efeabf4b7b4b093d34dea5.jpg,2969343,"李蠕蠕,李蠕蠕也是李如儒,创作",487611,453,1449,3011,13919,301,0,0,73143
BV11Lt7zVEXL,114973523055614,1,253,2042,动漫杂谈,动漫评论,http://i1.hdslb.com/bfs/archive/127eb10fd7133411bebcd38250e9010d8532fb8d.jpg,现在都是谁在看“国漫”？这个问题产生的原因比它的答案更重要！【bilibili次元论战】,1754366400,1265,434177799,RS-文宣帝-星辰,https://i0.hdslb.com/bfs/face/a94a1a0ea9f815e206e34322f0454c272c7c32fd.jpg,80694,"罗小黑战记,凡人修仙传,动漫杂谈,哪吒之魔童降世,国产动画,动漫二创,浪浪山小妖怪,国漫,奶龙",60387,362,1450,1101,1628,100,0,0,2606
BV1Lj8yzLEUp,114946880900491,1,21,2102,日常,摄影摄像,http://i2.hdslb.com/bfs/archive/a925723de29c5d437abb838d566e9dd5d7d114c8.jpg,“我知道你为了什么而来”,1753950499,10,473925437,走心的秃驴,https://i2.hdslb.com/bfs/face/630467e57977589bee05fc68dc0f8cc6b23cc677.jpg,8146,"神,冰红茶,国窖,必剪创作",885458,529,2215,42993,7783,15579,0,0,231570
BV1jGhNzBEHZ,114959564409017,1,65,2070,网络游戏,MOBA游戏,http://i0.hdslb.com/bfs/archive/fc49b42a4fb9a87b3e3b856edec1da8483f02671.jpg,完成不可能的反杀！《柔风亚索集锦》,1754193600,174,282558920,柔风亚索,https://i2.hdslb.com/bfs/face/b3ced8df924833fcb562e6b05d3a6cc3705effd0.jpg,134839,"精彩集锦,电子竞技,英雄联盟,疾风剑豪,亚索,韩服王者",1888202,956,1489,3860,6313,3114,0,0,66720
BV1oEhnzUEUj,114951796559409,1,210,2201,模玩·周边,潮玩玩具,http://i2.hdslb.com/bfs/archive/88c68dd50f3717ff17e075a3e5068dcba246d6f5.jpg,如果妈妈是「MC十年老玩家」，那即将上小学的女儿将会收到一？？！,1754042400,313,1691347,大橙橙橙子,https://i1.hdslb.com/bfs/face/662a233cf1f685f63d9654a7f0ff47d739eee181.jpg,2671084,"乐高,我的世界,大橙子,在一块玩一夏,乐高苦力怕,乐高经典矿镐,乐高末影人塔楼,乐高我的世界,我的世界乐高,乐高航海王热血登陆",615176,1291,1296,8396,4027,704,0,0,53006
BV1Yzt7zoEbH,114973254623134,1,172,2071,手机游戏,射击游戏,http://i0.hdslb.com/bfs/archive/9a382d466364e5c711cfc7837aaa1136e77aa577.jpg,扶贫最艰难的一集,1754353251,499,700516468,松下千秋77,https://i1.hdslb.com/bfs/face/1d860b1b059fbcbc09c269b8d7a7e52603b3c283.jpg,392670,"地铁逃生,臭猫扫号日记,吃鸡,和平精英,松下千秋",528565,514,166,12656,594,29,0,0,15477
BV186hwzQEqw,114941696674533,1,172,2064,手机游戏,单人RPG游戏,http://i0.hdslb.com/bfs/archive/e0a13c4d645c9be129f166e431b6fc674f2aa488.jpg,弗洛洛的后劲非常大啊  |魔法Zc目录 鸣潮,1753871659,1904,13164144,魔法Zc目录,https://i0.hdslb.com/bfs/face/a84fa10f90f7060d0336384954ee1cde7a8e9bc6.jpg,3094928,"鸣潮创作激励计划,弗洛洛,zc,魔法Zc目录,鸣潮",450737,1527,1482,3254,1844,875,0,0,36799
BV1ZYhbz3Emw,114957198822109,1,256,2207,短片,随拍·综合,http://i2.hdslb.com/bfs/archive/fa6164b490f8fc0d003a1bc8d5b3895046f26722.jpg,挑战在家一个月不被父母发现,1754107966,71,519883222,黄家荣,https://i1.hdslb.com/bfs/face/0cebfeb5bcd7a4d38d8a6c5f2018f63202936d55.jpg,772448,"大学生放假后的现状,暑假在家的生存法则,人间真实,身法,新影力短片大赛",2619314,197,466,10224,1286,1573,0,0,101708
BV1LFtgz3Ewm,114969697848237,1,30,2023,VOCALOID·UTAU,AI音乐,http://i2.hdslb.com/bfs/archive/e7606b18bb60ce7d89f52463d1316ff4526e2225.jpg,【初音ミクAI · 重调教】Life Will Change（Project Sekai Version）【原曲PV付】,1754298574,127,10969904,浩治_CloverP,https://i2.hdslb.com/bfs/face/16326581ab2eb7b9a1535d507011ad30e96beee8.jpg,11885,"镜音连,镜音铃,VOCALOID,女神异闻录,初音ミク,pjsk,初音未来：缤纷舞台,Life will change,P5R",317298,376,906,14474,4955,6816,0,0,48650
BV1jfh8zVExa,114958138345626,1,218,2167,喵星人,猫,http://i1.hdslb.com/bfs/archive/bbade95d368df4f908587fbe6c27c79a64d107b6.jpg,拍猫录：瞬间即永恒，我镜头下小猫突突经典四连拍,1754122172,39,143986403,猫太极的拍猫录,https://i2.hdslb.com/bfs/face/d58676f6aa8875754011984344715a430ec35628.jpg,39579,"猫,喵星人,谁家小猫这么可爱,田园猫",2074488,794,1570,34612,4102,12984,0,41,259213
BV1vztJzvEAN,114976039633168,1,253,2043,动漫杂谈,动漫速读,http://i2.hdslb.com/bfs/archive/d3556370af3435a602fbf76c97f9dd470c1b84a0.jpg,火麟飞暴怒揍天羽，苗条俊菜刀砍冥王,1754395217,327,1249738739,刘成lcc,https://i2.hdslb.com/bfs/face/a01f302dc0742f3602724c32d64f6f54fa0d9b78.jpg,226450,"超兽武装,童年,童年回忆,国产动画,国漫,冥王,天羽,火麟飞",42295,402,197,559,521,68,0,0,5445
BV1JDtuz7EWb,114969597183181,1,215,2153,美食记录,美食综合,http://i0.hdslb.com/bfs/archive/7e72ea3b4ef4ac80a1dece0525700c0369ca2e0f.jpg,探秘皇帝蟹神秘部位，解锁皇帝蟹神奇美味,1754298749,736,1206156500,老郭美食,https://i2.hdslb.com/bfs/face/db65684507387777e3c9cdb7e2f9e43e01c5e021.jpg,1046521,"科普,试吃,吃货,海鲜,生物,美食,巨假真蟹,美味,皇帝蟹,一饭封神申请出战",279366,2559,1056,2511,8182,1102,0,0,24073
BV145h7zREN5,114951393904891,1,17,2078,单机游戏,沙盒类,http://i0.hdslb.com/bfs/archive/eef68581353c909645d54bd30496c35b6cfe7fd7.jpg,我被质疑为AI 耗时三年的顶级二创有多离谱？,1754033400,223,493836206,Apple苹果酱喔,https://i2.hdslb.com/bfs/face/a8abacbc4fde2346e15c01bf0a24ec94e93df3f4.jpg,477817,"我的世界,MC,Minecraft,爆肝,原神",2224306,1814,3385,100925,129988,8272,0,7,342194
BV1aHhNzaE9W,114959530919384,1,138,2008,搞笑,影视综合,http://i2.hdslb.com/bfs/archive/01ffed3c211f0de7adb1e2727c59653e814e472d.jpg,⚡️广 东 神 经 骑 士 RX！！⚡️【粤韵风华】,1754143482,209,3517233,牛头人太空陆战队队长,https://i0.hdslb.com/bfs/face/8331adfe3b14bf9a5004a37932dd0ce33336915e.gif,103041,"广东,搞笑,幪面超人,广东人,假面骑士一号,粤语配音,蒙面超人,假面骑士black rx,粤韵风华,搞笑研究所",161526,465,495,4219,2458,6628,0,0,14751
BV1m3tJz9Ezf,114974127031654,1,65,2065,网络游戏,MMORPG游戏,http://i0.hdslb.com/bfs/archive/db8098e3c1b19cd8b058e34444ddf43c0b147f86.jpg,梦幻西游小氪一万炼妖合成吸血鬼，小时候不敢玩的终于圆梦了,1754366390,1094,3546558119283625,老芒果OL,https://i1.hdslb.com/bfs/face/00c59a8ecef3e063cad3a9b05261a516ed596acd.jpg,672440,"网易,梦幻西游",177876,1507,756,880,7061,543,0,0,13491
BV147h7zXE1B,114951427461942,1,157,2113,美妆护肤,仿妆cos,http://i1.hdslb.com/bfs/archive/73bed4f45e7f8d3ee5b5cef9661c7d21fb06256a.jpg,此生无悔入华夏,1754019751,42,580312164,化妆小天才肖遥,https://i0.hdslb.com/bfs/face/bc9eafa156a480716040789e028d7af335553e70.jpg,532339,神还原仿妆大会,201044,4931,156,1918,2175,41,0,0,31856
BV1oJhEzgETL,114951024811834,1,216,2063,鬼畜剧场,鬼畜综合,http://i1.hdslb.com/bfs/archive/31747ae2f9875774fdf8f62646ea6c40b9667897.jpg,旺仔小乔，该罚！,1754013677,86,388318096,快乐阿托,https://i1.hdslb.com/bfs/face/be6aed4932c96f839f8066013b056ffb2e9eb21f.jpg,151746,"搞笑,鬼畜,旺仔小乔,听不清楚该罚,你给我刷过几个子儿,该罚,黄绿合战10th-绿队应援",647571,1053,669,8546,2222,1625,0,0,32366
BV1dj8yz5EeH,114946880833708,1,252,2154,仿妆cos,剧情演绎,http://i2.hdslb.com/bfs/archive/5b3b6f7ff3fad50df60afef157eb6e25291a68f0.jpg,花有重开日，人无再少年,1753951673,131,322480205,造梦阿瑄,https://i2.hdslb.com/bfs/face/6179ff89aa703de7a967de4e3fe4804d4988b001.jpg,768471,"搞笑,生活记录,魔术,少年,校园,搞笑小剧场",575963,15176,1927,3667,7203,859,0,0,94853
BV1WPtnzEEJr,114975771202777,1,85,2154,小剧场,剧情演绎,http://i0.hdslb.com/bfs/archive/b8160e79060c8696801e04c9ce60d7eb649deabb.jpg,陈翔六点半：你们说这是脑子的问题吗？,1754391319,212,19286458,陈翔六点半,http://i1.hdslb.com/bfs/face/aad3b1bb735d2bd4066805f2a84892644fad8e2a.jpg,3219197,"陈翔六点半,搞笑小剧场",260113,267,338,864,1185,188,0,0,12959
BV1xwh8zpEFS,114958960565567,1,138,2037,搞笑,同人动画,http://i2.hdslb.com/bfs/archive/50dde4c46edc79f77a0a7360f5922838fcd6d5ca.jpg,无生蛊界/两小时合集建议晚上无聊一个人看,1754135329,7380,10548861,末光动画,https://i0.hdslb.com/bfs/face/f53bf47750c87019d6d1e9235d9459965efe752a.jpg,18829,"剧情,原创动画,搞笑,短片,蛊界,动画种草激励计划,合集,国漫,一个人,晚上看",141816,2092,264,7382,3106,207,0,0,6947
BV1iRtEziEPw,114974647258949,1,138,2154,搞笑,剧情演绎,http://i2.hdslb.com/bfs/archive/ae4a83ef154937375f4056a3a32362a5c6231a18.jpg,弗雷尔卓德 创意工坊之你怎么说我词～,1754374122,82,3546909580987309,弗雷尔卓德-杨辰,https://i1.hdslb.com/bfs/face/e59912641ba4cbaadb857e30085b15cf4dcc6819.jpg,246794,"原创,英雄联盟,创意,搞笑,工坊,弗雷尔卓德",305521,384,871,2076,1432,2435,0,0,34594
BV1yph7zJEZH,114951310086802,1,138,2158,搞笑,旅游记录,http://i2.hdslb.com/bfs/archive/abf8c3915a4170abfc9578bea927c37ff0288ac3.jpg,火热武汉之旅 也没人告诉我太阳天没樱花啊,1754197800,277,434963477,刘大炮007,https://i2.hdslb.com/bfs/face/97bf5ba2eac969bbe56c68aab1c70bc0a1cb0a28.jpg,622584,"高能,生活记录,旅游,搞笑小剧场,武汉,抽象,记录,精神状态",1803693,1255,793,9919,1120,347,0,0,43277
BV1ehhwzZEkq,114941730230185,1,47,2037,同人·手书,同人动画,http://i1.hdslb.com/bfs/archive/fadf01ea747e48a9716544aa11e049284622958c.jpg,⚡我⚡真⚡的⚡不⚡能⚡喝⚡,1753871926,130,1980678022,3trees三棵树,https://i1.hdslb.com/bfs/face/9692ef0769a9e5be8ead85a1ef4d40b867c3682d.jpg,256177,"动画,音乐,搞笑,鬼畜,吐槽,鲜呼吸焕新居,小林,三棵树,整活,住手啊喂，三棵树真不能喝！",1384300,12706,6685,49428,12201,15676,0,58,133079
BV1eNtGz1EBs,114970536774485,1,172,2071,手机游戏,射击游戏,http://i0.hdslb.com/bfs/archive/e889b7d14965d5810e6b9b22a5275396ebc1561c.jpg,【崩坏学园2】大  展  鸿  兔,1754366400,146,133934,崩坏学园2-灵依娘desu,https://i2.hdslb.com/bfs/face/7f7a98360928ba0339881b4a4caa39af68d3618d.jpg,953314,"二次元,崩坏学园2,布洛妮娅,全新BOSS,L的肖像,银狼归来,动作游戏,幻海,miHoYo,主线更新",94853,271,926,1367,1060,861,0,0,10392
BV1iHh8zBEK9,114958809439215,1,216,2063,鬼畜剧场,鬼畜综合,http://i2.hdslb.com/bfs/archive/ce385c2c5ebb3f366dfc84814d6fe90e390f0d21.jpg,孔 明 新 说 唱,1754193300,167,15460461,可大师,https://i0.hdslb.com/bfs/face/f9d7c5b563ea98bb3516d68be6c45381c5bb9bc6.jpg,63972,"鬼畜,诸葛亮,诸葛孔明,说唱,三国演义,rap,崂山道士,鬼畜说唱",133461,176,467,2768,4726,369,0,0,15225
BV1jJtnzMEbp,114975536320645,1,17,2066,单机游戏,单机主机类游戏,http://i1.hdslb.com/bfs/archive/a2429c1a1b7102bb97e64bd8615ce62ab300d8c0.jpg,罪恶都市难度提高1000倍，传奇车神汤米,1754387888,1428,415550560,绿帽乌龟屑,https://i1.hdslb.com/bfs/face/e3845b3ad118b24b061e4ab6c118eba0210c43db.jpg,38519,"搞笑,游戏实况,GTA,罪恶都市,难度",36064,1273,296,954,4058,77,0,0,4503
BV1UdhbzxE5y,114959027542752,1,238,2148,运动综合,其他手工,http://i2.hdslb.com/bfs/archive/10a374f72e549fc6646b2c7448959d46d765c178.jpg,我是怎么开始走上做弓的路,1754135930,34,417416987,墨墨爸做弓,https://i2.hdslb.com/bfs/face/22ec138c64dfe0cf2bb8cfd930e5fdd974762323.jpg,8827,"手工,原创,生活记录",419383,38,563,949,6174,39,0,0,56609
BV1gTh4zHExf,114956645176344,1,17,2078,单机游戏,沙盒类,http://i0.hdslb.com/bfs/archive/c0557daa06b9250d709493c11910dfd88639c9cb.jpg,我建立了一个拥有真实历史的Minecraft服务器,1754100806,425,3546817622968757,SimMC故事发生器,https://i2.hdslb.com/bfs/face/7f576748c671b27c686c17021f842eb0d9895823.jpg,7130,"我的世界,沙盒游戏,服务器,史诗,历史,Simmc,像素风,新人向,Dnd",301457,325,964,15874,4047,1513,0,0,19408
BV1JB8mzoEpB,114948692776302,1,193,2020,MV,翻唱,http://i1.hdslb.com/bfs/archive/3464d2bdc09eca6426d71a7b09c32d28cf442b48.jpg,Nina《one spot》草原版 cover沈佳润,1753978001,225,3546810842876797,TH彼岸花,https://i1.hdslb.com/bfs/face/ef00ce22800adf5ebd6da0e14802c9205c2913ff.jpg,9253,"音乐分享官,COVER,翻唱,美美桑内,Onespot,草原,Nina,沈佳润",168300,373,779,4309,5205,1184,0,0,19244
BV15MhHzjEXx,114953407307236,1,265,2071,AI音乐,射击游戏,http://i0.hdslb.com/bfs/archive/043ea249fd65dfc191ab39565dd977e433182ac5.jpg,鼠鼠今天生日，可以放过鼠鼠吗？鼠鼠会报答你的！,1754092945,93,3537118242540062,slime布丁姆,https://i2.hdslb.com/bfs/face/6fbc97634511ba16187911ca9d1b036a85322df6.jpg,32773,"三角洲行动,人机,三角洲,祝福,生日",627483,10441,3330,25225,41961,644,0,93,142417
BV1aXhHzLEsv,114952652263117,1,219,2168,汪星人,狗,http://i2.hdslb.com/bfs/archive/082e05314fa28fa823b275d4c529f7f9bdfd0201.jpg,当我揭开捡来的串串小狗身世之谜,1754038509,283,514376446,小恩不是人_,https://i1.hdslb.com/bfs/face/4fb77501e0d418c1e4dff61a06bf756b9b432017.jpg,4552,"串串,汪星人,养狗的乐趣,流浪狗后续,混血狗小恩,小狗,捡狗",608791,983,924,5383,1192,1191,0,0,62243
BV1iXh5zwEoA,114965906202366,1,218,2168,喵星人,狗,http://i1.hdslb.com/bfs/archive/ce9201875c2bd3058a2a2a64ccad1a451c8aa85e.jpg,两个月不见，家里的宠物激动坏了,1754241775,535,314866867,佚村夫,https://i1.hdslb.com/bfs/face/b830d72b684c7a00f9070c947e88d54fccee6c56.jpg,433607,"喵星人,治愈,汪星人,中华田园犬,宠物,田园生活,猫狗双全,农村小院,萌宠过暑假",856066,845,572,11120,3644,156,0,0,22534
BV1z3h8zLEQS,114958658439775,1,138,2156,搞笑,UP主小综艺,http://i1.hdslb.com/bfs/archive/831e26d160ce28cee7778a12a163e26b1f341262.jpg,逆天！今年上半年最离谱的小学生作业可能都在这里了！？！,1754136000,366,20892823,柠檬派奇幻漂流,https://i1.hdslb.com/bfs/face/35381f14ad45a75b4392642055a3d113e50b03f9.jpg,3063360,"作业,石头,搞笑,吐槽,石头P20 Ultra,扫地机,小学生作业,石头扫地机器人,石头扫地机",1514298,5239,435,22615,2732,701,0,0,59632
BV1zghtzMEbB,114957769252558,1,138,2156,搞笑,UP主小综艺,http://i2.hdslb.com/bfs/archive/657df028012d16f5eafb37c2198eee4b67d5dbc7.jpg,走到哪算哪,1754118000,2512,5970160,小潮院长,https://i1.hdslb.com/bfs/face/834eb0de8d2f470bf03e4ea92831b14f3824c863.jpg,14308806,"小潮,搞笑,高能,逗比,娱乐,生活,一加Ace5至尊版,一加手机,小潮team,一加手机全面战神",5635173,63171,8781,120033,142225,5460,0,4,338321
BV1jy8mzXEig,114948625667643,1,17,2079,单机游戏,其他游戏,http://i1.hdslb.com/bfs/archive/25c64cfab1e36ae00675dea3cdc4a06644c8d26b.jpg,驯 虫 高 手,1754038800,656,546195,老番茄,http://i0.hdslb.com/bfs/face/bc5ca101313d4db223c395d64779e76eb3482d60.jpg,19836461,"高能,搞笑,老番茄,配音,斗虫公园,kabuto park,斗虫,沙雕,推荐宝藏游戏",4394164,2968,1761,57743,22428,941,0,17,141515
BV1pXtVzYE7R,114971174439916,1,21,2001,日常,影视解读,http://i1.hdslb.com/bfs/archive/a8d2ac3e200a5eca9a963cf8d1d9242b74286c9d.jpg,三国杀up锐评新三国145：呱，公子啊，不是我刘备害了你……,1754359200,1250,8878219,吃蛋挞的折棒,https://i1.hdslb.com/bfs/face/de18d4ff5c0b5dc4c76a56a4ffde6bee9cea6bef.jpg,661551,"三国演义,新三国,三国,三国杀,影评杂谈",256593,5637,1879,1815,10289,244,0,0,15541
BV1rQ82zFEzV,114949280172562,1,162,2057,绘画,绘画学习,http://i1.hdslb.com/bfs/archive/1210b0f72be4416a96f696d269a07676d6a010b6.jpg,【改画】上色没效果？掐这些“点”！,1754020800,404,43873002,凡老贼,https://i0.hdslb.com/bfs/face/c055054bbaf1a87e4affcfa102d00e219a847440.jpg,169128,"上色,板绘,零基础,绘画,二次元,蔚蓝档案,绘画教程,绘画技巧,日富美,改画",475677,553,901,23427,4495,1188,0,0,68353
BV14uhLznECX,114965990083636,1,253,2042,动漫杂谈,动漫评论,http://i2.hdslb.com/bfs/archive/4770b80b87216ca52a4e5b8fb627eb91bdfdaeed.jpg,脑洞炸裂！被观众忽视的神番？冷门佳作有多超前？！【bilibili 次元论战】,1754280000,908,216844,玩偶菌,https://i1.hdslb.com/bfs/face/dc99c34454ca4e220cc79a903b71dce8f4bb9f08.jpg,1324944,"动漫,动漫杂谈,新番,动漫二创,补番推荐,便当,番剧,七月新番,番剧解说,bilibili次元论战",125363,876,436,5286,1019,97,0,0,7064
BV1M44dz4ECi,114976509463916,1,124,2080,社科·法律·心理,时政资讯,http://i0.hdslb.com/bfs/archive/c38ec3290b29fd7a2a1a6eb475f34d94eb33bef7.jpg,【剥壳】联合国送命题战绩全网可查丨实战经验绝赞大分享,1754402748,2930,346563107,波士顿圆脸,https://i2.hdslb.com/bfs/face/f8f0fc4114bb06a87481abe12faa006a383cbe6d.jpg,5178322,"外交,社会,联合国,新闻,巴以冲突,媒体,徐德智,环球资讯站",197455,1873,688,2337,2357,267,0,0,18183
BV1ds8UzsEKR,114948525002706,1,138,2029,搞笑,街舞,http://i0.hdslb.com/bfs/archive/a1aa1ec08aee7348e5401ed1a810a34784a3361a.jpg,火过之后就会走下坡路 那往回走不就是上坡路了吗？,1753975583,20,1146388214,Aleks_Kost,https://i2.hdslb.com/bfs/face/6414e768cd99a5c51c24faf939de8f8758f36ee4.jpg,1254716,"手指舞,嘉豪天团,alekskost,轻舞蹈竖屏激励计划",2590589,593,2368,8572,5152,2968,0,73,308757
BV15MtGzCEww,114970167612517,1,138,2104,搞笑,自制发明/设备,http://i0.hdslb.com/bfs/archive/340325a601450606c69197821abf00f419caf93c.jpg,这等离子大炮也太帅了吧,1754305784,68,589209077,坤哥哥77,https://i2.hdslb.com/bfs/face/cf43c7adc0a6a4adf9d558c6d6004e393c194f92.jpg,288557,"原创,搞笑,短片",322556,111,668,2348,514,1281,0,0,14154
BV1iBh7zuEVj,114951477855517,1,65,2071,网络游戏,射击游戏,http://i0.hdslb.com/bfs/archive/464c84c4daec1003767f574cf5ab5ce1f831dcf8.jpg,M7增强后！最变态的打法！三角洲行动,1754107200,694,11703718,米尔Miru,https://i1.hdslb.com/bfs/face/9b39c80f2c33e810914b4ff7478de956c7d05961.jpg,544363,"FPS,电子竞技,射击游戏,三角洲行动,三角洲行动整活大赏,三角洲新手教学,三角洲行动烽火行动,三角洲鼠期大行动,三角洲,三角洲破壁新赛季上线",497002,916,764,2483,889,240,0,0,12854
BV1muhPzDESn,114959983844735,1,172,2070,手机游戏,MOBA游戏,http://i0.hdslb.com/bfs/archive/3a06879a4bada1b63eb7402c160eb53b88220b78.jpg,鲁班被禁后羿被抢，那朕只好拿出刘备登基了,1754182800,193,268941858,磊哥游戏,https://i0.hdslb.com/bfs/face/538b9090c0862782df0662b2176e726eda1c9980.jpg,2467357,"王者荣耀,王者荣耀夏日农友节",1144172,939,2322,2132,2075,799,0,0,73804
BV1cZh3zwEMv,114963456722333,1,17,2171,单机游戏,动物综合·二创,http://i2.hdslb.com/bfs/archive/2dea1275b7616d015faa34238f0c7d95a26d4d99.jpg,发给你玩泰拉瑞亚的朋友并什么也不说,1754203357,23,401754235,栗子乔生,https://i1.hdslb.com/bfs/face/a59d400448116c2a1833a5f456f50164f32dc249.jpg,25591,"泰拉瑞亚,整点电子榨菜",438139,337,1135,5929,690,20558,0,0,50926
BV1qfhEzCEHm,114952400543291,1,157,2013,美妆护肤,娱乐reaction,http://i1.hdslb.com/bfs/archive/f12f75c127ca330f7f3b0421378b0c77870ea22b.jpg,姐几个又来促进激素平衡了,1754125200,621,430926487,达达达布溜-,https://i1.hdslb.com/bfs/face/c3a05d91e4ed61afaba9bb33ec1ba8e207f2e378.jpg,2083081,"高能,帅哥,颜值,娱乐,搞笑小剧场,心动,分享,真实,鉴赏,粉丝投稿",1306604,19822,1318,23188,7767,2895,0,0,52900
BV13hhTzPEF5,114962148104225,1,47,2022,同人·手书,VOCALOID,http://i1.hdslb.com/bfs/archive/f895f6841f48c76e75a67cfd76f2160a9b3d093e.jpg,"这些血洗全网的爆曲，竟然都是""术力口""？！",1754183741,444,289196974,在下胡不龟,https://i1.hdslb.com/bfs/face/b48cf6aac90a9cb3114bcbaa4dc34dab4da05473.jpg,2024,"音乐,VOCALOID,科普,vocaloid,术曲,热门,术力口",149949,5195,1254,5918,1203,506,0,0,12681
BV1gxtEzxEdT,114974697463800,1,207,2042,财经商业,动漫评论,http://i2.hdslb.com/bfs/archive/af6dbfd4cc4a958c76ba3397193ca3d973a1b6ab.jpg,【JUMP】《浪浪山的小妖怪》让我抓耳挠腮,1754374958,289,651039864,暴躁的仙人JUMP,http://i0.hdslb.com/bfs/face/c29463dfd63ee0f4d21c3b903c386257a56d56b8.jpg,2289415,"动画,情感,魔幻,知识,电影,职场,科普,浪浪山,浪浪山的小妖怪,UP热评影视剧",469954,220,393,1786,649,356,0,0,20440
BV1FStnzmEsf,114975200774850,1,249,2088,足球,社会观察,http://i0.hdslb.com/bfs/archive/4d30d169b6e4563a2602bfd19312014056187857.jpg,没有假球，只有世仇，散装江苏到底能有多散？,1754389800,478,11684621,太阳星sunstar,https://i2.hdslb.com/bfs/face/edcd0f2f12cedf723c9e5c18c5f824ecd4c50f9c.jpg,3064571,"社会观察局,南京,苏州,足球,无锡,常州,江苏,苏超,太阳星",61908,367,348,755,642,80,0,0,7237
BV13ohHzkEcL,114952870305430,1,76,2152,美食制作,美食记录,http://i1.hdslb.com/bfs/archive/b2543b6e5519263a8b993ee7a83091cbf08f2b47.jpg,又是一年夏天，时间过的有点快，但好在做自己喜欢的事就不算浪费时间！列气！,1754041989,347,3461567196694763,队长0527,https://i2.hdslb.com/bfs/face/aab34fc302ea7c169ea07074beaa89de2e96e8c7.jpg,799399,"烧烤,生活记录,青春,夏天,回忆,记录,人间烟火,v lo g,徐州烧烤,B站超高清视频计划",450216,10919,849,3445,1681,760,0,0,43143
BV1kJhwzKEHu,114939985399988,1,47,2037,同人·手书,同人动画,http://i0.hdslb.com/bfs/archive/b0bd02d378e1f880de86b3e36d6e638a492ae917.jpg,『B萌远坂凛应援』FGO九周年走秀这一块,1753845205,25,306145163,种蘑菇的上单,https://i2.hdslb.com/bfs/face/8e2d840cc25968de70986695b795305ebb625d77.jpg,1430,"FGO,远坂凛,走秀,fate,迦勒底创作高能团,fgo,伊什塔尔,艾蕾,B萌角色应援计划",724819,323,477,3122,689,802,0,0,42295
BV1BthLzMEUv,114965788823319,1,21,2071,日常,射击游戏,http://i2.hdslb.com/bfs/archive/cb4c92ba545531f5a44c27e95e5ffccf067c24f8.jpg,挑战在地上摆满垃圾让大哥感到莫名其妙,1754238899,126,434231007,三角洲讲师,https://i0.hdslb.com/bfs/face/2f5adee9ce14225cfbe1b26a47d8467c61c9d3a2.jpg,20786,"三角洲行动,蜂医,绝密航天,跑刀,鼠鼠,航天基地,三角洲破壁新赛季上线",1270683,331,802,5736,1187,1059,0,0,74784
BV12shHzeEem,114953021365919,1,212,2150,美食侦探,美食探店,http://i0.hdslb.com/bfs/archive/eb6a7fd0b73ecf43b7c039799232a9f210a6047b.jpg,花3388元体验百年王府盛宴，满满巴蜀文化韵味,1754215200,718,1244310984,温油辣辣U,https://i0.hdslb.com/bfs/face/4537c9f338b7f157002a571e2f73ffcd4e636a56.jpg,803593,"记录我的美食日常,双味波龙,历史与美食的碰撞,干烧罗文参,蜀王府,黑金鲍",600391,886,306,6083,2220,159,0,0,15434
BV1TntGzvEXG,114970301833149,1,254,2149,亲子,美食制作,http://i0.hdslb.com/bfs/archive/ae2e22e9ec2b132981a6164fb4e251879e29d4df.jpg,印度街头最干净的饮料，艾特你的朋友看看他想不想喝？#印度街头饮品   #模仿,1754307887,72,1179637796,慧慧饱饱呀,https://i2.hdslb.com/bfs/face/c1ca89fdc0ccf95f89a41321086b4dce1bcb27a3.jpg,282812,"街头美食,印度,饮品",345768,466,521,2054,583,431,0,0,24794
BV1BohnzXEB1,114953256176881,1,21,2037,日常,同人动画,http://i1.hdslb.com/bfs/archive/3f08ff5779f54f67f170449ce30b8fab1a04bd23.jpg,【初投稿∥试播集∥】耗时三个月制作！初一生也要自制动画？！,1754047857,330,3546949611424400,阿未Amo,https://i2.hdslb.com/bfs/face/a7ed624ec1e8c55021a21371692d4bf70b082dad.jpg,7940,"原创,原创动画,动画,自制,试播集,初一,自制动画,学生党,oc",104781,377,793,8149,4019,369,0,0,26818
BV1m38CzfEKb,114945236733907,1,65,2064,网络游戏,单人RPG游戏,http://i0.hdslb.com/bfs/archive/4fb4600219411943d33883639857b69af06f5670.jpg,当你不审题就开始做卷子,1753925526,658,288333929,腮梨国王,https://i2.hdslb.com/bfs/face/d0f768f1631625c04021b577cc1cbe6c104a7251.jpg,1296,"二次元,娱乐,RPG,冒险游戏,生活记录,学习,阴间宝箱,沙雕,记录,原神",576687,3881,5522,6891,11007,7126,0,0,57256
BV1jVhAzFExz,114941612790683,1,182,2001,影视杂谈,影视解读,http://i2.hdslb.com/bfs/archive/a5d3740460bb15d230c4873cd53d3aa51ddc9282.jpg,只是影视寒冬？从酱园弄 看内娱大败局,1754101800,1217,831287,猪队友小Y,https://i2.hdslb.com/bfs/face/70a72c113a94a11a82933320347560a804364316.jpg,168267,"酱园弄,扑街,演技,影视杂谈,票房,姐姐妹妹站起来,电影市场,内娱,影视寒冬",317679,2302,1218,3673,11254,678,0,0,16049
BV1GdhHzVEcy,114952685755078,1,21,2078,日常,沙盒类,http://i2.hdslb.com/bfs/archive/853304f018e99f94db9956a0b719f7af25d3b3be.jpg,10年前MC堪称外挂的『光灵箭』，为何至今鲜为人知？,1754215200,121,1740338545,---MCSE---,https://i1.hdslb.com/bfs/face/2b1c3f27c623b81763ab847c9681b924046f12d5.jpg,56350,"恐怖游戏,沙盒游戏,MC,考古,独立游戏,游戏杂谈,我的世界,单机游戏,Minecraft,干货",389589,3285,824,2760,976,176,0,0,15125
BV1gHhAz9EAd,114941176580295,1,216,2063,鬼畜剧场,鬼畜综合,http://i1.hdslb.com/bfs/archive/4af966c306ae8c457de7407140a92896c2e0c0d5.jpg,【鬼畜动漫】理塘超人 戒烟公益广告,1753864732,112,608798547,哥谭市汽修职业学院,https://i0.hdslb.com/bfs/face/34fab360d775c9de0a48bd56c38789d0b145886a.jpg,168177,"鬼畜,超人,雨姐,雪豹,理塘,良子",2012185,1268,2435,37552,32889,28288,0,33,175471
BV1BEtVzREUA,114971878884862,1,253,2006,动漫杂谈,AI影视,http://i0.hdslb.com/bfs/archive/fcf0d80095208b3a0b95d989b90d7ab6aa03ff30.jpg,地狱难度猜番挑战！当动画名场面被AI重画100次之后？这谁认得出来啊！【动漫高手01】,1754388300,2607,216025,尕丶天堂,https://i1.hdslb.com/bfs/face/6c62b7cad6c3721e86990db86036979d7359232c.jpg,1601742,"天堂,二次元,搞笑,动漫,动画,联动,动漫高手",237370,8148,620,4400,7046,871,0,0,23132
BV1pw8yzREz1,114946763459251,1,162,2057,绘画,绘画学习,http://i0.hdslb.com/bfs/archive/52ec220de4bad5129a419d3b0fd3e3c9f2f9bdc7.jpg,不废话，学,1753948685,71,99026839,舒雅ya,https://i1.hdslb.com/bfs/face/78638e57bc16529355a4e52ae1fc917f3045066e.jpg,10251,"上色,金属,绘画,绘画教程,PROCREATE",1006470,3086,1046,78187,33432,4424,0,94,161542
BV1yC8yzdEWy,114946645956422,1,21,2207,日常,随拍·综合,http://i1.hdslb.com/bfs/archive/e94599655bd4f8df22e0443ec33da97a774651d1.jpg,万车寻亲，敢梦敢为，让这场爱心善举持续接力,1753954200,177,395953568,我叫四羊,https://i2.hdslb.com/bfs/face/074a584077ad39d1bf134dcafce515f58c621cbf.jpg,141351,"生活记录,公益,寻亲车贴,寻亲,#走失儿童,寻找100个宝藏vlogger",2337440,876,1191,21805,43782,592,0,57,213686
BV1CL8rzEE22,114944364316828,23,172,2064,手机游戏,单人RPG游戏,http://i1.hdslb.com/bfs/archive/28240d2c8433f03b79818b1c07d8c4c9f728d8ca.jpg,【原神】5.8纳塔 无任务版一条龙全收集 成就数169 悠悠度假村,1753912402,12934,1773346,莴苣某人,https://i1.hdslb.com/bfs/face/2a973191e45f611699c85d404baee50163a6f2ec.jpg,5563334,"原神UP主激励计划,手机游戏,游戏,原神5.8,火神瞳,宝箱,原神",470380,1217,260,3805,4107,264,0,0,5953
BV1DAhLzsE81,114966057257641,1,17,2071,单机游戏,射击游戏,http://i1.hdslb.com/bfs/archive/80cf2efe2c438821c368cf23feb6944f35a5f1e8.jpg,【4K·60FPS】这代战地值得预购吗？！这个视频告诉你。战地6多人模式抢鲜试玩体验（无解说）,1754246606,1753,7947131,影佑,https://i2.hdslb.com/bfs/face/868fb8bbc4ba70692e8c1ebfcd5852c5a2e0685f.jpg,498033,"FPS,射击游戏,battlefield6,战地风云,多人模式,游戏试玩,战地6,预购,Steam,推荐宝藏游戏",375080,2354,3368,1361,674,3481,0,0,6826
BV12dhbzxESB,114959027539834,1,17,2079,单机游戏,其他游戏,http://i0.hdslb.com/bfs/archive/acf0684d121c1330956e58f1fc749d45ff7ce784.jpg,【风笑试玩】调酒做饭藏尸体丨Saloon Simulator 试玩,1754136447,2601,2019740,逆风笑,https://i2.hdslb.com/bfs/face/8b0c0279792e643a751c636f9fa9cc04b8e8cfc1.jpg,2147708,"模拟游戏,独立游戏,逆风笑,模拟经营,Saloon Simulator,沙龙模拟器,模拟器,游戏推荐,酒馆模拟器,推荐宝藏游戏",465846,1550,1799,7212,12682,471,0,0,25276
BV1FXhuzoE6p,114962668194831,1,253,2042,动漫杂谈,动漫评论,http://i0.hdslb.com/bfs/archive/2d54ce1ad76ee75d981b82f6d210e5df24400f65.jpg,爆肝2700集动画！羊村到底有多少美食？！懒羊羊的零食究竟都是啥？,1754191189,553,523780849,粗中有细的计数板,https://i1.hdslb.com/bfs/face/65d9c437651949a76e36c2c02bdc23660f082821.jpg,499443,"美食,零食,喜羊羊,喜羊羊与灰太狼,动画,搞笑,羊村,懒羊羊,bilibili次元论战",289640,622,390,5807,3878,367,0,0,12534
BV1Sit3zvEqt,114970788435448,1,21,2152,日常,美食记录,http://i2.hdslb.com/bfs/archive/464e54c0872897328d4483f5ba9dae4f01c8c392.jpg,下了大半天雨天气有点冷到巴里坤县城逛逛美食街，今天奢侈一把花138块吃个当地特色美食羊肉焖饼暖暖胃舒服了,1754315711,1065,3546387130092158,阿程的小房车之旅,https://i2.hdslb.com/bfs/face/c21c59ebf87f3495233b218b68fbcf505c57ebbf.jpg,379636,"治愈,地方特色美食,户外露营,一人一车一世界,风景在路上",219691,2617,617,842,4606,118,0,0,12816
BV1AmhuzcEyN,114963003740044,1,176,2106,汽车生活,汽车测评,http://i0.hdslb.com/bfs/archive/01c2a8f536cad21f764950623e64aaaccd2829d0.jpg,便宜但丑！宝马5系大甩卖？,1754280300,391,70783742,几分钟义务教室,https://i2.hdslb.com/bfs/face/56946cef0cb1a80f91414a2940a40cc61e2fa3b1.jpg,1039932,"奔驰,宝马,奥迪,测评,薇姿绿标,BBA,选车,宝马5系,薇姿洗发水,阿B车友俱乐部",321437,1462,969,1066,3078,391,0,0,10309
BV1nvhHzoEGn,114953172290095,1,154,2029,舞蹈综合,街舞,http://i1.hdslb.com/bfs/archive/43f672a762dd02372a7e8e4f16aee2dbfb6b94b9.jpg,怎么跳到最后还来劲了#famous,1754046592,64,521665433,UU学弟,https://i2.hdslb.com/bfs/face/af520fa1334a13c8ed5726a64599636f3c711822.jpg,535164,轻舞蹈竖屏激励计划,554691,95,352,1974,1005,203,0,0,49434
BV1L6hJz1EUr,114952283098945,1,172,2064,手机游戏,单人RPG游戏,http://i1.hdslb.com/bfs/archive/6810d85608746f3ab75e6d692dcbe75fa07dabe1.jpg,《蔚蓝档案》特别PV【清辉遍洒，她的独奏曲】,1754190000,110,3493265644980448,蔚蓝档案,https://i1.hdslb.com/bfs/face/f2635e09fe667d4ad29229c6ed0b5f4bdea09bd1.jpg,2871323,"蔚蓝档案,蔚蓝档案二周年,日奈",900566,19524,2376,23854,22452,6215,0,0,63933
BV1oztGzHEQS,114969832066547,1,21,2186,日常,恋爱关系,http://i2.hdslb.com/bfs/archive/03ab438796aec264c596e62e05f3e60d237b9943.jpg,王洋洋总爱说肉麻话，一开始我不适应，但我现在为他骄傲。,1754300739,399,12473824,正宗氛围帅哥杰西卡,https://i1.hdslb.com/bfs/face/32cb94f713c81c2362df899b8d377b26b5951e3d.jpg,303054,"明星,爱情,生活记录",60576,65,113,1093,1050,535,0,0,6392
BV1jctHzgEea,114975351836802,1,21,2126,日常,户外探险,http://i1.hdslb.com/bfs/archive/8d32b4bf74cfc339cc62e10f79ef8bb519c573fa.jpg,流浪庇护所成型通水通电，是时候享受牛总生活了。,1754387725,877,1625060795,浪仔小牛,https://i2.hdslb.com/bfs/face/0f5c077c743dd4c1e0a8f3089becc6f4acbddc75.jpg,532353,"生活记录,庇护所,正能量,露营,户外,我的离谱暑假",216189,2355,538,987,6087,550,0,0,11224
BV1wTt3zxEZK,114968959716141,1,172,2064,手机游戏,单人RPG游戏,http://i1.hdslb.com/bfs/archive/a4ab0c7bb3910770f9cefb49f811f22edc67d67d.jpg,再次终结比赛！红A 0金0T混沌12层史瓦罗！,1754287213,184,34330543,糊涂捏不糊涂,https://i1.hdslb.com/bfs/face/23d63095f874796a7783ba07b9ce4359667ff07c.jpg,12806,"极限,卫宫士郎,二次元,崩坏星穹铁道,混沌回忆,星穹铁道Fate联动,Archer",199588,857,967,999,551,2668,0,0,12200
BV11ptGzPEdT,114970352291688,1,21,2090,日常,人文历史,http://i1.hdslb.com/bfs/archive/116dad9c71f26b579f284025a9b8801c5882ea5b.jpg,戏，真的比天大吗？,1754308567,412,11731157,平原公子,https://i2.hdslb.com/bfs/face/637edfcb1b6bda1da6b87611d93d3faf60082e75.jpg,54409,"人文历史档案馆,必剪创作",62153,115,457,857,692,126,0,0,4909
BV1c382z4EMs,114947770025719,1,138,2196,搞笑,职业vlog,http://i1.hdslb.com/bfs/archive/b736ac9b42c8f1a4e2cba9bc4af84715033454da.jpg,谁还没点副业？,1753964553,114,1343576122,城市猎人山猫,https://i1.hdslb.com/bfs/face/2a095aebee4773165c3d0b099abf0c8f33281221.jpg,1574196,"生活记录,创业,赚钱",4027921,2196,4170,25983,24449,8125,0,27,307399
BV1butMz4EWE,114968489952579,1,215,2149,美食记录,美食制作,http://i2.hdslb.com/bfs/archive/480169f507dc7cd0e94b3118301c42fc0caf7fbd.jpg,当我用Cos系列美食抗议朋友来我家蹭饭,1754280263,99,1868223528,大伟投食记官方账号,https://i0.hdslb.com/bfs/face/a3b092e622e1686d7a94bbcb823e7b277de494b8.jpg,683731,"搞笑,美食制作,厨艺,料理,cos,记录我的美食日常,Vlog",1783958,400,252,13180,634,665,0,0,66454
BV1n7h3zbEsB,114963960045038,1,251,2166,三农,农村生活,http://i1.hdslb.com/bfs/archive/466626e0724caaffb27279da97116a2bb3d9d30b.jpg,解救咪咪......,1754222400,338,143845192,念叁叁叁,https://i1.hdslb.com/bfs/face/3e9a9ed8cf8b0c7221b3e810d9e1e8ff7e6cf7b9.jpg,255837,用星露谷开启我的农村生活,208776,362,372,985,1045,576,0,0,29832
BV1aPtgzBEd8,114969379147110,1,215,2152,美食记录,美食记录,http://i1.hdslb.com/bfs/archive/ef07c2d51505b335d229fd919b851e8403143c38.jpg,今天吃一锅神奇的窑鸡钢琴烤肠火鸡面！,1754294722,194,419976249,大宸开饭了,https://i0.hdslb.com/bfs/face/4c7af34e8dd82b8a18a2957ca9862f6d046c3ffd.jpg,1199979,"美食,声控,美食记录,创意美食,沉浸式,烤肠,烤鸡,夜宵,火鸡面,窑鸡",307340,519,280,3050,534,407,0,0,18466
BV18889z4EKf,114936327966866,1,22,2063,鬼畜调教,鬼畜综合,http://i0.hdslb.com/bfs/archive/cf823f851d6cf6b72b9140b41024fa8f645463fd.jpg,上一个这么剪的已经过亿了,1754020200,152,16054375,自动鬼畜中的WZ,https://i1.hdslb.com/bfs/face/e83f7de7928cdab9c628aa7b4da1045f2803574f.jpg,1683911,"赵本山,搞笑,小沈阳,美美桑内,ONE SPOT,小品,蜜汁好听,NINA,沈佳润",905508,434,645,9557,19689,4192,0,0,96375
BV1bKhLzpEmT,114965956527560,1,130,2017,音乐综合,MV,http://i2.hdslb.com/bfs/archive/c8acc09a9f04b4913d6a502924019bd5bf368172.jpg,【中日歌词首发/完整版】FGO十周年纪念动画主题曲「美丽世界」神山羊×YOSUKE from SPYAIR,1754241632,243,15319615,Aki惊蛰,https://i1.hdslb.com/bfs/face/3ca6c1855a4e0feaf40e857bdb194adbccf3d63a.jpg,257115,"二次元,FGO,SPYAIR,Fate,fes2025,すばらしいせかい,十周年,Fate/Grand Order,神山羊,fgo十周年",242776,690,727,14106,6681,2525,0,0,17584
BV1NHhJzfE49,114952216119487,1,207,2087,财经商业,商业财经,http://i2.hdslb.com/bfs/archive/d567e3f54bbc99608e3e62f7a49d8c5598ad91a9.jpg,罗马仕现状：剩5000万库存，员工抽屉里连A4纸都被收走,1754039100,442,12638031,知危编辑部,https://i0.hdslb.com/bfs/face/9119a68543494017db53a2567d3e96734c3a6639.jpg,595211,"社会观察局,财经,充电宝,罗马仕",1604102,2189,7175,6581,1529,3855,0,0,29556
BV1hX81zzEJw,114947971421363,1,65,2071,网络游戏,射击游戏,http://i0.hdslb.com/bfs/archive/ddacd64d7d25cea5d68c916f3113bb42a285f19e.jpg,《睡前必看asmr助眠》,1754013600,205,669062951,残月手速亡,https://i2.hdslb.com/bfs/face/e9383fcf3853cd32db2cfc47e1ca5f8674da8d80.jpg,311323,"穿越火线,asmr",795742,1189,627,3849,574,1433,0,0,37631
BV1yWhMzoEce,114961560896820,1,172,2064,手机游戏,单人RPG游戏,http://i1.hdslb.com/bfs/archive/40c2723b95fe18fcec03fbfd49f59388d83091ce.jpg,X模妮芙 VS 无模组提升，这伤害合理吗？【明日方舟】,1754193600,131,13371339,樗柒ヽ,https://i0.hdslb.com/bfs/face/cf77b77f76a2fa844b02511df450383fd0182463.jpg,498238,"模组,娱乐,整活,妮芙,明日方舟创作者应援计划",347337,559,1239,974,729,236,0,0,10372
BV1H1tuzDEBJ,114969580406250,1,172,2073,手机游戏,动作竞技游戏,http://i0.hdslb.com/bfs/archive/7d3ae62f2bf7d77ec47fa9c741a5787ae5204031.jpg,9月高招S九喇嘛水门！设定、全技能表现效果参考！,1754297035,256,95845925,帕克统一忍界,https://i2.hdslb.com/bfs/face/c9cdbcc4b2db5b82a2fec668ddc44cb8444f7c26.jpg,625997,"波风水门,决斗场,金身水门,我要上超影,格斗游戏,火影忍者手游,新忍者,9月高招S,九喇嘛水门",491427,1254,2043,980,700,1036,0,0,12514
BV1f4hVzcEqL,114964966806648,1,17,2037,单机游戏,同人动画,http://i0.hdslb.com/bfs/archive/982ccde6c785d9599dcadfdeabb83553328daa17.jpg,【PVZ小动画】钱 钱 钱 钱 钱,1754226654,111,3546619876215164,Binxie921,https://i2.hdslb.com/bfs/face/70c9e5be3642495938ff85b7c37371d0be7c169d.jpg,36202,"PVZ,娱乐,植物大战僵尸,吸金磁,缠绕海草,自制动画,矿工僵尸",223656,123,164,3916,604,70,0,0,14586
BV1p3h3zYEbM,114964027148883,1,138,2171,搞笑,动物综合·二创,http://i2.hdslb.com/bfs/archive/3bd922caa5a941dcc10d07ba6ac135a0523000c1.jpg,白薯秘制鸡腿,1754211955,58,488048942,白薯的猫meme,https://i2.hdslb.com/bfs/face/0d811781e005f581138841643ba3ae081ea5b675.jpg,163358,"意想不到的结局,搞笑,猫meme,猫meme故事会,抽象,鸡腿,meme",374828,126,312,6080,511,2674,0,0,41063
BV1W5hVzuE2x,114964832459956,1,182,2001,影视杂谈,影视解读,http://i2.hdslb.com/bfs/archive/f5e4c9a4666dc200b4e16a7c072b6f912702e0bf.jpg,一部《南京照相馆》，炸出多少妖魔鬼怪！,1754224463,362,5870268,三代鹿人,https://i0.hdslb.com/bfs/face/a915d1a1ff921cd418e74c5711c91b23e2a18c11.jpg,6359141,"刘昊然,南京照相馆,申奥,王传君,高叶",2876801,9475,6537,66316,100989,5557,0,3,218312
BV17rhHzXEgJ,114953105180680,1,21,2186,日常,恋爱关系,http://i2.hdslb.com/bfs/archive/0bff38cf13027f0710452353eebe26ca7d34a478.jpg,相亲，这么抽象吗？！,1754045321,241,677566519,车棍儿老师在教书,https://i1.hdslb.com/bfs/face/74a2f7696f8789550b65423b393390686e28ded4.jpg,581599,"抽象,相亲,唠嗑,离谱,爱的100种表达方式",247289,1529,2027,634,594,873,0,0,11349
BV15ehVzxE46,114964547247168,1,85,2197,小剧场,其他vlog,http://i2.hdslb.com/bfs/archive/a16474139f2c513e6c849537966a757662e960cc.jpg,检查下学员着装,1754219950,60,2081415485,西西里人,https://i2.hdslb.com/bfs/face/62877851d1acb631d22f23bc89a400c75a049ccc.jpg,425641,"高能,搞笑,生活记录,记录",497847,114,355,1137,696,604,0,0,39222
BV1eJtuzBECF,114967785245531,1,17,2079,单机游戏,其他游戏,http://i2.hdslb.com/bfs/archive/47f8b0c748e8ad93ab22157c4971a9caefa15ea7.jpg,【IGN】《罪恶装备 -奋战-》「露西」角色预告,1754271232,119,652239032,IGN中国,https://i2.hdslb.com/bfs/face/4c9095a6fc7d6ef7bf97ee1c65767f537763c60c.jpg,1705678,"联机游戏,赛博朋克,XBOX,罪恶装备,STEAM,罪恶装备奋战,单机联机,格斗游戏,PS5,GGST",677916,771,2542,6641,1371,15369,0,0,19546
BV1kZhszBENu,114955252665964,1,138,2156,搞笑,UP主小综艺,http://i2.hdslb.com/bfs/archive/4f3b1b4189a4dcd146d71372ed52b29a07f57c31.jpg,《联合国精致演讲女生赏析2.0》：什么？竟然反转了？！不，是求锤得锤！,1754100300,346,16022714,正经的老邪,https://i2.hdslb.com/bfs/face/e2c6b5eefb0899775358c460e04fdaf5acf82dd8.jpg,1371101,"联合国,奇葩,搞笑,吐槽,搞笑小剧场,联合国演讲,精致女生",852968,1611,1359,4340,11538,1714,0,0,36607
BV1rXh8z7EM2,114958473960142,1,21,2156,日常,UP主小综艺,http://i1.hdslb.com/bfs/archive/8051d7d17ec07402606585ecfa1fd36eed4bbb76.jpg,《第七条怪谈》,1754127718,646,3546731908171869,是许木木啊,https://i0.hdslb.com/bfs/face/dd7af55fc5361c6a343356958efce19fa6326d89.jpg,1369036,"影视剪辑,剪辑,日本",3865058,6316,3780,78407,13206,6180,0,7,278481
BV1KatjzCEoX,114973992817178,1,232,2103,科工机械,工程机械,http://i1.hdslb.com/bfs/archive/3eae68b801aacc173af798bc237e44aa30e42bf8.jpg,几十万的工程马上要交付，结果电路出了问题，物业不给签字。,1754364315,953,1985127693,城阳电工电路,https://i0.hdslb.com/bfs/face/faae5daababbf652d97faedab1a25d78b654fc44.jpg,2032265,"电工电路维修,安全用电,电工知识",100890,650,353,593,712,75,0,0,7965
BV18thtzdEXB,114957567925916,1,65,2071,网络游戏,射击游戏,http://i2.hdslb.com/bfs/archive/2177d82416d51558b96bad4a311108ef6cc4d7a8.jpg,天才少年S5最新方法！有手就能成！百分百成功！,1754114144,312,46658398,鸭子lb,https://i1.hdslb.com/bfs/face/2daf34d16eee8cdc9c9543bf9b3c5a757ab951ec.jpg,11835,"战争,第一视角,电子竞技,FPS,直播录像,三角洲行动,教程攻略,吃鸡,三角洲,三角洲破壁新赛季上线",374999,337,1305,19366,2397,1111,0,0,13685
BV1xEhbzQEab,114957014342733,1,17,2066,单机游戏,单机主机类游戏,http://i1.hdslb.com/bfs/archive/f2d3f9d1dd44bd8ac333cd162bc8f0049ca4f7ea.jpg,人仗虫势这一块,1754111100,309,15002163,拧不动啊真拧不动,https://i0.hdslb.com/bfs/face/512d55096f492f14722988501e7a800020320b26.jpg,1324978,"游戏实况,禁闭求生2,电子榨菜,推荐宝藏游戏",1839100,940,1514,26551,2474,6443,0,74,82929
BV1yNtVzeE6C,114971761446335,1,17,2066,单机游戏,单机主机类游戏,http://i0.hdslb.com/bfs/archive/da7eaefc93712fbf697814e4396c426078f8e9d4.jpg,𝙠𝙚𝙣𝙨𝙝𝙞剑士 44位可招募角色的独特身世！,1754330184,2220,520339732,汪寄伦的游戏派对,https://i1.hdslb.com/bfs/face/e9cacf8321fbfef707da6085a0d411d1780b0724.jpg,5213,"剧情,steam,骨人,阿格努,角色,招募,kenshi,哔噗",30656,340,279,933,838,50,0,0,1644
BV1yQhszkER1,114955319774873,1,65,2071,网络游戏,射击游戏,http://i1.hdslb.com/bfs/archive/9df2b4b7a3391866462eaabc9e9e53062ea2e808.jpg,剥蒜的情谊41.0,1754103600,70,12705018,NinthA-,https://i0.hdslb.com/bfs/face/90fbf5732bd3bffd6a4d094acec17d30756f581e.jpg,188688,"猎奇,三角洲行动,三角洲欢乐剧场,三角洲搞笑",1874771,12820,795,10983,1910,4680,0,0,96300
BV1gYhuz6EgP,114962953408051,1,21,2071,日常,射击游戏,http://i0.hdslb.com/bfs/archive/c03b376dbeeb922d4f86c5b02439f8be1f54279a.jpg,感觉你是那种人6.0,1754195539,35,1666628639,小怂弟,https://i2.hdslb.com/bfs/face/e922f4c94186a0fa905c771f051c1fe40a8df5d7.jpg,274309,三角洲行动,1002454,179,575,20666,866,4950,0,0,37415
BV1bCh3zrEjT,114963876221964,1,182,2001,影视杂谈,影视解读,http://i1.hdslb.com/bfs/archive/825efcf97beae883333801eec27e71941fffd18d.jpg,【雍正王朝71】皇上开大会向天下人认错,1754215200,1136,70942172,貔柴,https://i2.hdslb.com/bfs/face/494eda60f33565f86892820e687d502c52b04c84.jpg,807348,"唐国强,张廷璐,逢君之恶,每日一贤,雍正王朝,雍正,好剧好片重刷榜",331481,1400,596,1102,2354,128,0,0,11259
BV1zthLzMEUM,114965788826637,1,17,2077,单机游戏,休闲/小游戏,http://i1.hdslb.com/bfs/archive/25cd7ce195867afd7dd1dd29df05879bd8a8dad4.jpg,融合植物283：超级魅惑机枪射手！,1754262000,286,3546619314178489,蓝飘飘fly,https://i1.hdslb.com/bfs/face/f2bc644c3cf25590bbc7954daecf3e3a9aec5711.jpg,1503005,"植物,植物大战僵尸,娱乐,融合版,模式,机枪,射手,融合,机枪射手,推荐宝藏游戏",660621,1446,1749,3094,2191,624,0,0,27690
BV1imhHzUEVv,114952769706755,1,182,2009,影视杂谈,娱乐评论,http://i0.hdslb.com/bfs/archive/0dce04204117e78979873e29026fbd64b16a91ac.jpg,13岁前乞讨，22岁当影后，39岁跌落谷底，50岁重回巅峰，她的人生比电影更精彩！,1754101800,918,34189415,low君热剧,https://i2.hdslb.com/bfs/face/fabe17ef4b344336b872e3ded46a4a4b11140e7f.jpg,2927618,"我爱你,惠英红,燕云十六声,在燕云暑期版本安家了,燕云新武器唐横刀,燕云武学宗师惠英红,怪你过分美丽,宫心计,长辈,血观音",405680,1035,822,3719,4643,433,0,0,21061
BV1WPtnzEEB3,114975771203362,1,253,2037,动漫杂谈,同人动画,http://i0.hdslb.com/bfs/archive/4153783d943a9183d94c1def1b06f0eb38457c60.jpg,《规则之下10》—潜龙之态。,1754391342,342,214580274,熊熊仔的沙雕动画,https://i0.hdslb.com/bfs/face/fbfaa4e56724fc64ebbf4ec22d862cb06dd0de63.jpg,461112,"烧脑动画,剧情反转,剧情动画",49229,210,266,1056,1348,52,0,0,6589
BV15o8kzgEBE,114945605897623,1,247,2106,新能源车,汽车测评,http://i2.hdslb.com/bfs/archive/e0034add4d163eed26526db7c27845455ebf456c.jpg,沃尔沃全新座舱体验：安全之上，智能如何进化？,1753956000,498,25480023,花生説,https://i0.hdslb.com/bfs/face/8661e5fb4b7f0409e414197675349d32bf009876.jpg,1195652,"AI,XC70,全新沃尔沃XC70车机发布,沃尔沃全新XC90,豪华,XC90,SUV,沃尔沃,车机,智能座舱",654663,806,300,1948,3217,726,0,0,4387
BV1fohnzXE4m,114953256241317,1,219,2167,汪星人,猫,http://i2.hdslb.com/bfs/archive/6fae3bc7497b4a3b1d0e5fc56741dc16e5923f3a.jpg,人生的旷野怎么能缺少小猫小狗呢,1754048084,217,3546946425850423,一口一个团up主,https://i1.hdslb.com/bfs/face/33fcb94a59b9c4e52c8e95ef97176c1cf408474f.jpg,350531,"边牧,人生,猫狗,汪星人,小猫,小狗,旷野,萌宠过暑假",409254,658,1500,7321,6241,2150,0,0,78591
BV1Pf8CzoEz7,114946864056894,1,130,2024,音乐综合,电台·歌单,http://i2.hdslb.com/bfs/archive/be6f815924a8a51308790ea62956fd3c7180e448.jpg,“盘点去年夏天那些爆火の音乐”,1753950524,2152,434404417,是青橘啦,https://i1.hdslb.com/bfs/face/89434e41de69f9fbafff943417d791ff57bed8bb.jpg,142778,"循环,音乐推荐,BGM,歌曲,夏天,九宫格歌单,旋律,节奏感,精选歌单,电台新星征集令",4376782,1998,697,276156,15698,870,0,5,218810
BV1ChtGzZECE,114969916085125,1,172,2069,手机游戏,即时策略游戏,http://i2.hdslb.com/bfs/archive/3a178e4b5d6c1434f07739f838dcd144d80d8a00.jpg,《炉石传说》觉醒锅炉实况测评！重做以后强度超标…,1754302201,1128,3493113414814567,高子巷,https://i1.hdslb.com/bfs/face/f4471a78f322efd8b1e1df3421c55fefd84bc367.jpg,345867,"皇室战争,高子巷,石头人,必剪创作",300425,1562,1414,1724,3123,884,0,0,28032
BV12ShpzKEwD,114954514470130,1,250,2148,出行,其他手工,http://i0.hdslb.com/bfs/archive/322f6a408f7e667a1bd2ed7916f3f75030313776.jpg,设计这个柜子的人一定是个天才！！！,1754100000,19,26077555,東君小宇,https://i1.hdslb.com/bfs/face/5e7b2c2e1ddc4f9b7b2ace556b243020a3168cf3.jpg,434588,"设计,家居,高能,迪士尼,玩具总动员,家装,巴斯光年,胡迪,旅行攻略UP主激励计划",4612821,376,1737,12331,1880,3740,0,94,165411
BV1cM82zbE9s,114947602255263,20,172,2064,手机游戏,单人RPG游戏,http://i2.hdslb.com/bfs/archive/cb01f091c78e77cbd8bd1406076753f4d459f4d2.jpg,【原神】绘夏！烈日？度假村！ (已完结)活动攻略/《拾慧铸熔》获取方式/遥遥同旅/炫音爆光/急风狙击/飞漆溅彩/原神5.8,1753961489,2028,431073645,你的影月月,https://i0.hdslb.com/bfs/face/2e32de7b28fc491a28281a22c6ea9f5d195cbdf5.jpg,8927499,"原神5.8版本,飞漆溅彩,拾慧铸熔,遥遥同旅,急风狙击,炫音爆光,游戏攻略,原神,原神高能团,绘夏！烈日？度假村！",458780,320,410,2707,1743,219,0,0,8454
BV1Q5hgzrE5e,114962768861934,1,21,2054,日常,二次元其他,http://i0.hdslb.com/bfs/archive/a64490a7a6156d6cd20593743471bf8be7571746.jpg,【罗小黑战记2】官博补充设定整理合集,1754192985,308,13869819,一滩喵饼,https://i0.hdslb.com/bfs/face/cf9dc51745323c6d1ffb359b51df3bc8ba12b371.jpg,817,"罗小黑战记,电影罗小黑战记2,设定,补充设定,必剪创作",91368,283,370,5289,1766,595,0,0,16002
BV1xnhJzbE4D,114952232766274,1,47,2050,同人·手书,漫画·动态漫,http://i2.hdslb.com/bfs/archive/93a0902efb2c501b6570e821b8feea95cc753537.jpg,每个中国人都有自己的防御塔要面对,1754032048,56,349987915,hands2,https://i1.hdslb.com/bfs/face/afd996da636a13fb03b081d2782133c59bc393fe.jpg,376952,"漫画,四川,中国人,魔法,东北,东方明珠,异世界,河南,文旅,我的原创手书",2024483,3166,10155,41215,12717,35280,0,53,211647
BV1bShPzWEe6,114959883181042,2,22,2063,鬼畜调教,鬼畜综合,http://i2.hdslb.com/bfs/archive/41e3db101e10ede156f07c293e96c8f6c32c149a.jpg,【7月】哈基米音乐排行榜#10,1754149164,1342,7810173,せきらん雲,https://i0.hdslb.com/bfs/face/72c52a1838789bcd2555b6b83f4e91dea675ed3d.jpg,34184,"鬼畜调教,人力VOCALOID,鬼畜,排行榜,音MAD,活全家,哈基米音乐排行榜,神人,哈基米,鬼畜星探企划",427180,8799,2106,8149,8051,8411,0,0,29393
BV1YTtgziEsy,114969412704216,1,17,2071,单机游戏,射击游戏,http://i1.hdslb.com/bfs/archive/5ec52f7217678c4841145e63d79d97da9d546a27.jpg,《花来士》,1754303400,35,415890389,高坂大芥末,https://i2.hdslb.com/bfs/face/60262c579be5468fdfbcd894b956a6b0a8b4f679.jpg,401520,"101俱乐部,花来,三角洲行动,三角洲欢乐剧场,坝顶狙,红狼,夺舍,三角洲,诗朗诵,绝笔诗",209473,104,249,4424,582,2747,0,0,23603
BV1BY8CzyEof,114947082227904,1,171,2071,电子竞技,射击游戏,http://i1.hdslb.com/bfs/archive/6706ee2a0c356b07c1e3b5afb48e5e304103f109.jpg,他转身就走了，像下定了某种决心,1753953614,564,1050482689,康有成,https://i1.hdslb.com/bfs/face/2856b2c0f3f7bca04bc4b84883533eb3db3cfef9.jpg,152659,"电子竞技,穿越火线,FPS,推荐宝藏游戏",959112,1228,418,16994,2067,1444,0,0,69385
BV139hHz1EQg,114952702724209,1,21,2201,日常,潮玩玩具,http://i1.hdslb.com/bfs/archive/3a844230fbda64449e89d9e1d637e3f6fe72365a.jpg,爆泪！20年前的拓麻歌子竟再次复活 | talk,1754046600,179,11622535,梅干鸭,https://i1.hdslb.com/bfs/face/b05e1bad8ebbcf3a54f5c4aa1114abe73cb76540.jpg,2650,"生活记录,玩具,可爱,童年,情感,把兴趣玩出名堂,古早,拓麻歌子,talk,infp",209514,590,2345,5578,3295,724,0,0,25769
BV1kPhtzGE7k,114957836361116,1,215,2150,美食记录,美食探店,http://i1.hdslb.com/bfs/archive/6e043b76300d8d54cbb8c379b2b0afe00b06b993.jpg,粤菜自主鲜虾吃到爽！虾饺再来五十笼！一人五十笼！,1754127000,712,8680974,干饭三健客,https://i0.hdslb.com/bfs/face/cf67c074588b1524389f371665b4f687cf6315b6.jpg,1723576,"自助餐,粤菜,川菜,三剑客,健身餐",654721,2009,756,1696,3702,1004,0,0,27405
BV1kS82z8EPy,114949229642852,1,95,2099,数码,电脑,http://i2.hdslb.com/bfs/archive/c17d22d5564fdaa729f3c94a213db062621407c7.jpg,给粉丝打造的第一台5080超级旗舰【桌面级笔记本电脑】,1753986180,164,3546857892481348,小船科技,https://i1.hdslb.com/bfs/face/b78fa097031e4c0c9edb110ff9125401114f663a.jpg,2583,"科技猎手,AMD,笔记本电脑,显卡,RTX5080,粉丝,手搓,旗舰,ITX主机,DIY组装电脑",337966,1811,1591,2539,593,1969,0,0,7137
BV1wYtGz4Evy,114969899177388,1,171,2070,电子竞技,MOBA游戏,http://i0.hdslb.com/bfs/archive/d9a9ca816d137f81863fe566d23a35114495ab6d.jpg,Rookie：他转头就走，像下定了某种决心,1754301703,63,29992385,iG电子竞技俱乐部,https://i2.hdslb.com/bfs/face/487bf0cb89b58ce6baea91d2f2a5b0fc4a2e17fb.jpg,646398,"搞笑,电子竞技,LPL,娱乐,IG,英雄联盟,TheShy,MOBA,Rookie",364389,319,741,943,1192,914,0,0,28523
BV1V6hLzFEvN,114967533591558,1,172,2079,手机游戏,其他游戏,http://i2.hdslb.com/bfs/archive/a9416266a7bc39dfd7b156b4958983727cc2c1cb.jpg,【FGO丸里瞎】史上最强福利！所长的恩情还不完！ 十周年生放送情报速览,1754265525,620,75,丸子,https://i0.hdslb.com/bfs/face/fe114e8fdf4df92a600c6dfa49d92b2d74245e28.jpg,1585271,"FGO,日服,Fate,迦勒底创作高能团,命运-冠位指定创作者激励计划 第三期,fgo,Fate/Grand Order,丸里瞎,FGO十周年,FGO9周年庆",204401,1037,1640,1331,1305,488,0,0,9774
BV1n2tjzPEFR,114973640561646,1,219,2168,汪星人,狗,http://i2.hdslb.com/bfs/archive/786b35b08155f60f8b082b5dbbeec20577c82697.jpg,小狗：说出来你可能不信，我进入二维空间了,1754359111,92,652551563,西卡观察员,https://i2.hdslb.com/bfs/face/a451caaf7e24e7612e23737c16ec62cea732ce8f.jpg,742433,"狗狗,汪星人,可爱,边牧西卡,猛男必看,毛茸茸训练营",1198023,2485,1133,4441,6450,2889,0,0,51714
BV17VtEzeEWj,114975100113017,1,21,2152,日常,美食记录,http://i0.hdslb.com/bfs/archive/6742b4e91c39dadf7d1aab3e9509f794ab79bd1e.jpg,当老外第一次吃巧克力威化砖看看他们会是什么反应？,1754381512,274,3546725843208792,挺嫂在西班牙,https://i0.hdslb.com/bfs/face/6996a0ed84b7f153ead852ddc889b3d87be02f74.jpg,311760,"巧克力,外国人,威化饼干",177389,431,379,608,584,77,0,0,17088
BV14P8qzgEjF,114942820753155,1,21,2154,日常,剧情演绎,http://i1.hdslb.com/bfs/archive/2e29c56c622ac5d9add36c0bbbc33ac21131e2f1.jpg,当我扮成古风小生见女友后，她逐渐疯狂了起来！,1753952400,353,2072577982,卑鄙的老曹,https://i1.hdslb.com/bfs/face/2758cb49231da58a1ce15f091778d5801961a9fa.jpg,1266468,"情侣,搞笑,女友,生活,情感,燕云十六声,古风小生,爱的100种表达方式",3040848,4161,3331,11891,105394,4979,0,31,120680
BV15shTzMEPS,114960336165739,1,17,2079,单机游戏,其他游戏,http://i2.hdslb.com/bfs/archive/90ecbbb3c4fa792313084632822d891f898384dc.jpg,我的好兄弟看视频不点赞被「告上法庭」!!!!!!?,1754179200,1801,84130356,夏天y,https://i0.hdslb.com/bfs/face/2139ba40f33a5977675e209a66896c4c3fe3eeb5.jpg,1509226,"单机游戏,娱乐,搞笑,我的世界,MC,多人游戏,法庭,沙雕,夏天y,推荐宝藏游戏",979992,2105,531,41499,39321,660,0,37,83529
BV17v8CzVEqJ,114947132495516,1,21,2156,日常,UP主小综艺,http://i1.hdslb.com/bfs/archive/09b293d4be3320eb3cbe698961a4c55aa82afe31.jpg,《暑假作业》,1753954384,423,3546731908171869,是许木木啊,https://i0.hdslb.com/bfs/face/dd7af55fc5361c6a343356958efce19fa6326d89.jpg,1369036,"原创,剪辑,自制",1601001,4129,3485,23566,4651,1346,0,93,116171
BV1KntGzvEfz,114970301827939,1,138,2182,搞笑,心理健康,http://i1.hdslb.com/bfs/archive/e9e8b039637cdda3d92f4d72c2ccb46012818116.jpg,过度思考，焦虑症？孩子不是在钻牛角尖，他只是在给自己找活路,1754307724,87,3546883385461219,猫meme小山楂,https://i1.hdslb.com/bfs/face/2c0ab4995c2dde5f5927c6d59d6b3db798ee377d.jpg,16226,"猫meme,焦虑症,过度思考,敏感型人格",103227,354,787,7695,817,1374,0,0,18564
BV12khnzAESB,114953491055034,1,47,2037,同人·手书,同人动画,http://i2.hdslb.com/bfs/archive/755f53393b4fbbf0cf9e04da9b345f5e3a3bb5b2.jpg,一口气看完《阴阳同命》怪谈,1754051573,3233,1827604249,牛肉丸子一000一,https://i1.hdslb.com/bfs/face/8a1dff4a8584dbb23dc00b580f8709531fc3bb32.jpg,372951,"都市传说,悬疑,恐怖,原创动画,怪谈,一口气看完,动画短片群星计划",291314,1326,460,10974,5567,463,0,0,16033
BV1UQtMzoE1H,114968020130554,1,65,2071,网络游戏,射击游戏,http://i0.hdslb.com/bfs/archive/305fb5d04928e2dfc0546b049aa889170eed7ec7.jpg,125发腰射流PKM启动！号主给了一万发金弹 你敢起我敢用,1754273078,511,3519797,战术级子轩,https://i2.hdslb.com/bfs/face/bf735d494a76c37fd276dbcfe73e3886fbb2cfad.jpg,892642,"精彩集锦,娱乐,第一视角,三角洲行动,三角洲行动整活大赏,三角洲行动烽火地带,三角洲行动高光时刻,猛攻三角洲行动,三角洲破壁新赛季上线",271926,481,247,1507,827,199,0,0,12790
BV1mPh3zMEN1,114964379533693,1,158,2114,穿搭,鞋服穿搭,http://i1.hdslb.com/bfs/archive/b64e190a80f736d94b25173bd6e2a42c325a919a.jpg,我的眼里可没有丑衣服哦,1754217450,177,327738805,六一不是猫,https://i1.hdslb.com/bfs/face/47a25ce422a25856af9fa9301c45dceda8f68440.jpg,1058057,"穿搭,服饰,女装,穿搭技巧,普通人变美指南",1029763,1264,1134,16382,2947,2343,0,66,110408
BV1MntGzvEVa,114970301830362,1,47,2037,同人·手书,同人动画,http://i2.hdslb.com/bfs/archive/7eba1a07e8ddb2de1b62b812f7eb27964209fd07.jpg,我的法宝都是规则系-第二百四十一集：镇海邪君竟想当皇帝！,1754391600,337,474417988,奇遇王小凡,https://i1.hdslb.com/bfs/face/3afdcf919adabc17374f98669b3749826b9fca66.jpg,94415,"修仙,原创动画,搞笑动画,原创,动画短片,拯救书荒系列,我的法宝都是规则系,修真界镇海邪君,魔道,汽水动画剧场",31059,94,162,520,1114,31,0,0,4340
BV12khnzAEj9,114953491057387,1,168,2042,国产原创相关,动漫评论,http://i2.hdslb.com/bfs/archive/8319ac5b33d631b50543542065adf71fac054d8c.jpg,评分第一？巅峰之作？7年前火爆中国【竞球小英雄】大结局居然是这样！（下）,1754051556,3284,31261235,L另唐,https://i2.hdslb.com/bfs/face/9cdbdecc498f42498f22bffa09964271ece19c6a.jpg,1249013,"怀旧,动画,童年回忆,国产动画,童年动画,猪猪侠,国漫,竞球小英雄,猪猪侠之竞球小英雄",3500386,19706,2375,61064,25602,1100,0,32,83645
BV179bmzXEfE,114911766122627,1,250,2158,出行,旅游记录,http://i1.hdslb.com/bfs/archive/959ceae54dd37cbb5de85ee2c15530e46ab85538.jpg,我在天上拍富士山 体验日本航空 细节惊人 维森来了,1754042400,747,92177068,维森来了,https://i1.hdslb.com/bfs/face/e03559195e5e5e10951437616d0fc9ee6bbeccce.jpg,259498,"维森来了,富士山,名古屋,特急列车,旅行攻略UP主激励计划",358534,2147,748,4275,1654,396,0,0,7930
BV1KwhnzhEGv,114951981106521,1,215,2150,美食记录,美食探店,http://i2.hdslb.com/bfs/archive/a77a40f61f2f809c704f8e5de4b6d5f079affb7c.jpg,在程飞老师开的炸鸡店里吃到爽什么体验！味道真的很哇塞！,1754038854,563,1739612939,大韩同学呀,https://i2.hdslb.com/bfs/face/ad5ed2f2184036f155fbdcca560dd429b8ba1067.jpg,93246,"炸鸡,美食测评,Vlog",935977,1836,1421,2002,1008,454,0,0,16010
BV1B3htzqE6J,114957752474646,1,65,2078,网络游戏,沙盒类,http://i2.hdslb.com/bfs/archive/10de952b7b93febee82912c0be3b1eca9d5884d3.jpg,当我无法拾取掉落物，甚至经验,1754116389,330,35734399,小橙子姐姐解说,https://i1.hdslb.com/bfs/face/7af5ccb8df46b88ff13b172fabbfab94aad5eb28.jpg,2211333,"沙盒游戏,我的世界,minecraft,小橙子姐姐,推荐宝藏游戏",1294542,3892,263,8290,871,67,0,0,26422
BV1Z7h8z3E1z,114958591400893,1,251,2166,三农,农村生活,http://i1.hdslb.com/bfs/archive/fd013f9caeadadfb6468db35b57130970d5350f9.jpg,伤心的一天......,1754136300,333,143845192,念叁叁叁,https://i1.hdslb.com/bfs/face/3e9a9ed8cf8b0c7221b3e810d9e1e8ff7e6cf7b9.jpg,255839,"用星露谷开启我的农村生活,三农,萌宠日常",282712,504,614,1627,3422,736,0,0,44057
BV1W5hVzuEFC,114964832455317,1,172,2067,手机游戏,SLG游戏,http://i2.hdslb.com/bfs/archive/394325c7540ee73c1c4bf37e9429837c18e0a4fe.jpg,运营了十年的部落冲突真的变天了吗？,1754298000,391,450882837,一叮当猫一,https://i0.hdslb.com/bfs/face/d1860f1dc772903037f0048c149b2b445e6bcc74.jpg,1765098,"试玩,手机游戏,部落冲突,策略游戏,游戏解说,部落冲突周年庆",209754,222,516,2475,2214,1084,0,0,6110
BV1arhPzfEyr,114959631523185,1,22,2063,鬼畜调教,鬼畜综合,http://i1.hdslb.com/bfs/archive/a88e5012d00b3b674fa428b87f68f3e6d9fee49f.jpg,带你回到那个夏天!,1754146732,120,5878572,核动力路灯,https://i0.hdslb.com/bfs/face/1201762ebd2205f61a8e8deaf03489c3dd5b52b2.jpg,599723,"鬼畜调教,唐国强,诸葛亮,挖掘机,鬼畜,全明星,跟着唐国强膨美团下午茶免单,司徒",471036,7170,551,12381,3290,961,0,0,80927
BV1m3hPzJE3z,114959967067679,1,17,2079,单机游戏,其他游戏,http://i1.hdslb.com/bfs/archive/44952ca86cf2d84ee4fd5a4215feaf7acb91f3c3.jpg,若成仙要30条人命，那只杀1人便可大富大贵，是否划算？【乌合之众】,1754150137,2060,25151282,弗兰力,https://i2.hdslb.com/bfs/face/1abe8d6eca244477cce30bb3758ed29f6e6e235d.jpg,1288197,"悬疑,剧情,搞笑,游戏实况,乌合之众,整点电子榨菜",1469950,1665,927,40094,9501,592,0,62,58043
BV1VphTzzEAK,114960352939107,1,173,2001,桌游棋牌,影视解读,http://i0.hdslb.com/bfs/archive/1add9c43c0a026cf90488af3c734ec5342a6f786.jpg,三国杀up锐评新三国144：孙仲谋大战张文远之诈败合肥,1754186427,1362,8878219,吃蛋挞的折棒,https://i1.hdslb.com/bfs/face/de18d4ff5c0b5dc4c76a56a4ffde6bee9cea6bef.jpg,661551,"三国,三国杀,三国演义,新三国,影评杂谈",398940,6596,1978,1952,11564,310,0,0,18880
BV1wGhpzaEi4,114954648686323,1,138,2154,搞笑,剧情演绎,http://i2.hdslb.com/bfs/archive/f7ea7e23b2d4221c32ebd2b0f60d5e46f97d5ed5.jpg,当公司禁止喝蜜雪■■后，我顶风作案！,1754125200,151,35888636,养胃的霖冬,https://i2.hdslb.com/bfs/face/46c1a8f12b03ddc89fc6b37d5e11e66e31d57625.jpg,831204,"搞笑,高能,脑洞,搞笑小剧场,雀巢工作室,沙雕,东方明珠,手偶剧,蜜雪冰城",1103162,715,823,22192,37792,701,0,71,99430
BV1g5hhzAEqN,114958171904758,13,172,2064,手机游戏,单人RPG游戏,http://i2.hdslb.com/bfs/archive/b659a93c4f21d961f523b26d6bc4cf421f66be13.jpg,【墟】AT-1至AT-8 摆完挂机 简单好抄,1754122820,1726,31009079,萧然Q,https://i2.hdslb.com/bfs/face/dca58d7a5a1cd34b8bd152c0bf8784c1555dcd30.jpg,1015148,"明日方舟,摆完挂机,游戏攻略,墟,游戏鉴赏家,泰拉探索协会,明日方舟创作者应援计划",1468613,697,1738,5827,17442,736,0,0,23864
BV1ChtGzZEVU,114969916085298,1,230,2063,软件应用,鬼畜综合,http://i1.hdslb.com/bfs/archive/42c29324cd99f2c4ee9c105f00ff0eaa168cbb33.jpg,哈基米哦南北绿多,1754301779,21,3546898109565769,哈斯音频,https://i1.hdslb.com/bfs/face/3ec5bd782e89bb95d00cc6d9a7bc1e7eae1e78d9.jpg,6239,"三角洲德穆兰,三角洲超雄老太,三角洲,老太,哈基米",343314,399,2293,15952,1128,24888,0,0,47242
BV1G9hHzyE2J,114952702532182,1,76,2149,美食制作,美食制作,http://i2.hdslb.com/bfs/archive/4a50686148a5389c7b03c5c99c7918afb11a8849.jpg,全网最细成本拆解，50元老北京打卤面贵吗？,1754039138,339,258034892,碧蝉衣,https://i2.hdslb.com/bfs/face/f6dfd152ac6d5eec41209e6237d7fedc6f514fe6.jpg,219667,"美食教程,厨艺,美食制作,北京,记录我的美食日常,打卤面,什刹海,老北京打卤面",1579922,3153,3499,10149,6556,1143,0,0,44046
BV1K28qzrE1p,114942619424621,1,65,2071,网络游戏,射击游戏,http://i0.hdslb.com/bfs/archive/f39305091bbff132d98d0ed19467279c880a7343.jpg,《洲洲飞车》行政楼⭐⭐⭐⭐1'16'23,1753885386,94,7208079,www龙,http://i0.hdslb.com/bfs/face/031b8a2e07cb1523240e78eefc5cb984fc7fa4db.jpg,5537,"行政楼,三角洲行动,零号大坝,洲洲飞车,山楂树之恋,疾风,三角洲破壁新赛季上线",972291,366,1042,6097,3849,6170,0,0,60468
BV1BshVzaE8A,114964983515674,1,26,2063,音MAD,鬼畜综合,http://i1.hdslb.com/bfs/archive/debbdd4875422e319e90aa5b6cfeb5168d1c3199.jpg,【音mad】伪物,1754226492,106,628012348,捧读魔术师,https://i1.hdslb.com/bfs/face/8d698b0c3e7b2b90c11f15cb2acb55f763c8dd7f.jpg,1172,"音MAD,フォニイ,phony,模拟恐怖,曼德拉记录,模拟搞笑,伪人",176915,266,408,7877,2862,949,0,0,25117
BV146hnzvEzx,114953507966662,1,253,2042,动漫杂谈,动漫评论,http://i2.hdslb.com/bfs/archive/4fa7e3d71ef2acd05ca74c4ee9f68edc7ad59fcf.jpg,没看懂？她死了，但人类赢了！白月魁无解的【攻腥计划】详解！《灵笼2》12集硬核解析！,1754051859,2459,70744200,天师道的白山正,https://i0.hdslb.com/bfs/face/15db596ed3fe9f5c58b66d611245b826630332d4.jpg,954491,"动漫杂谈,剧情解析,硬核,国产动画,白月魁,灵笼2,动画种草激励计划,马克,查尔斯,灵笼",1265416,8474,5548,19623,46677,4384,0,84,63472
BV1qi81znEkR,114947887532100,1,228,2090,人文历史,人文历史,http://i2.hdslb.com/bfs/archive/3e0968c7554d0e468fbab7ff02d2baae1ce12947.jpg,岳钟琪·乾隆朝：岳飞后人，又遇高宗？【乾隆往事】,1753966595,3980,11646119,正直讲史-李正Str,https://i2.hdslb.com/bfs/face/442b706db027c8ed8da9b85f9944df5dc302ceb0.jpg,2769566,"傅恒,岳钟琪,张广泗,人文历史档案馆,策楞,一平金川,清朝,岳飞,乾隆,班第",636878,7249,5894,10638,41448,921,0,0,38201
BV1K2h3zzESU,114963909713628,1,21,2155,日常,语言类小剧场,http://i1.hdslb.com/bfs/archive/de42b2d1e682d4195035f6bc52c199e1573f2e76.jpg,【海派小嗲话儿】乘客要去迪斯尼寸步难行？蹦迪宁狡辩句句在理？,1754210448,88,38157763,艺能人金广发,https://i1.hdslb.com/bfs/face/c774be5fcdb4ff21d3c1d715926a34f5914bca0d.jpg,1861876,"猎奇,北京,上海话,上海,乘客,迪斯尼,海派,离谱,网约车,搞笑研究所",343826,247,701,1548,1458,4181,0,0,15927
BV1a6hVzHEnf,114964480202926,1,47,2037,同人·手书,同人动画,http://i2.hdslb.com/bfs/archive/ce8e0af18f2f38c7921459ea5c54eb2cab9ea1b7.jpg,重生后，都有胆子和校花说话了【07】【第一季完结】,1754219089,732,654552,圆桌动漫,https://i0.hdslb.com/bfs/face/6c1421573d214809ca86aef25bdd23670e00128a.jpg,4739243,"恋爱,公孙雅柔,圆桌宇宙,瑶曦,萧凡",1135569,11756,2698,38579,21291,435,0,53,59742
BV1tCtLzjE6M,114972382202929,1,138,2155,搞笑,语言类小剧场,http://i1.hdslb.com/bfs/archive/807b983e070be382f516f9a16e6e56cc45a42c92.jpg,《真正の魔丸》,1754366400,106,3493260618106936,伤心欲茄222,https://i1.hdslb.com/bfs/face/1f0cb64d9b62da7db7e6e020b78b6872dbffe55c.jpg,3273515,"搞笑,八嘎,配音小剧场",888297,1308,1556,5205,2671,3502,0,0,102410
BV1A7h4zyEmb,114956259299239,1,201,2094,科学科普,科学科普,http://i0.hdslb.com/bfs/archive/7b424dff324a49081516dad7395c567d7cd308db.jpg,呼吸坟场：从铁肺到浓雾的生死账,1754093569,433,1208823126,大圆镜科普,https://i0.hdslb.com/bfs/face/9c34ee4b8041dd6f2139c52287c8d34a0a42f230.jpg,434971,"科学,生物,科普,健康,生命,呼吸,AIGC,每天一个健康知识",989417,995,628,12611,4122,768,0,0,101540
BV17Yh7zkEmF,114951461012611,1,243,2009,乐评盘点,娱乐评论,http://i0.hdslb.com/bfs/archive/f2a1b0f3725bfff2a68d7d53132357e0e22749fb.jpg,私信被冲烂！好，我摊牌了！旺仔小乔黑料到底有多黑？,1754020888,498,95730227,爱上大世界,https://i2.hdslb.com/bfs/face/386a559eb9434f9e893a1ac6d6ee4d90d0a47933.jpg,145636,"搞笑,演唱会,原创,吐槽,旺仔小乔,吃瓜第一线,网红,版权,热点,娱乐资讯",2717470,17863,3867,25669,13382,1352,0,97,78679
BV1mqtnzdEeS,114975603561929,1,176,2106,汽车生活,汽车测评,http://i1.hdslb.com/bfs/archive/6306dcb3850ae32c4de15e129b6219cfbc2e2773.jpg,横跨五个省份 2000KM 只为吃这个东西？,1754390438,2945,1599697382,玩车日志CarsJournal,https://i2.hdslb.com/bfs/face/245e4cfb4a5f72b5c8212a3e29bcb1b9988cba10.jpg,336691,"小米,吃播,雷军,汽车,YU7,小米汽车,自驾游,广西,酸嘢,小米 YU7",61918,466,289,2455,5659,100,0,0,7431
BV1vahVzoERr,114964899633345,1,171,2071,电子竞技,射击游戏,http://i0.hdslb.com/bfs/archive/5b66de0af4d420ab10969b83faa4b04566a15887.jpg,CF爆破4v8挑战：4名女职业vs8个lol博主！输的人跟王哥表白1分钟！,1754227800,2666,25503580,布锅锅,https://i1.hdslb.com/bfs/face/ab4607609f06096d5960eb541350a0e318ce4eaf.jpg,1823273,"穿越火线,英雄联盟,搞笑,电子竞技,FPS,比赛,CF食堂的电子榨菜,职业,游戏鉴赏家,整活",972309,23654,5479,6965,15931,2345,0,0,40010
BV1wohVz6E9f,114964631128746,1,138,2154,搞笑,剧情演绎,http://i0.hdslb.com/bfs/archive/5886ded918e88ed4d1581d427855da1f5690d0ff.jpg,看来变装也是我擅长的领域！！,1754280000,14,477676711,田一名sir,https://i1.hdslb.com/bfs/face/4e30dae85d2e529924322aa328b20ee0e98427e1.jpg,1637104,"变装,美妆,领域,翻唱的N种打开方式",450587,651,3048,2067,609,7857,0,0,49620
BV1fphszaE9e,114955370105470,1,21,2084,日常,应试教育,http://i1.hdslb.com/bfs/archive/146245ebe128edd4f9ae6067320ac6adcf5181ba.jpg,化学海龟汤，但是难度指数飙升,1754092800,350,1129950028,CYD21,https://i1.hdslb.com/bfs/face/647c92784665197d7365543a7f3823fa4a463569.jpg,54780,"科学,化学,难度,海龟",583418,1542,1461,10777,2108,10939,0,0,53729
BV1VgtGzGESN,114970217943970,1,21,2197,日常,其他vlog,http://i2.hdslb.com/bfs/archive/96c8222a3e81a82ecb8480638fa658fb1d857d4f.jpg,被好朋友包围的感觉谁懂？,1754306701,210,1317825098,一只广宇,https://i2.hdslb.com/bfs/face/8b1bf31f6340a662e3431cef4b44e9a08ec9e699.jpg,546913,"生活记录,好朋友,友情",143871,203,230,545,1813,118,0,0,14287
BV1VwhbzYEW3,114957265929710,1,182,2001,影视杂谈,影视解读,http://i0.hdslb.com/bfs/archive/8781977fae9522f3862c8f5845e8274d35a82bd6.jpg,《我叫金三顺》沉浸式剧集解析第一集：我的爱到此为止,1754108942,1030,1339783510,月光与明台,https://i1.hdslb.com/bfs/face/e4939047a15c5e7e4ae83679cce0cff2eba08f3b.jpg,8844,"韩剧,剪刀手安利大赛,我叫金三顺",241897,213,222,2708,1007,118,0,0,11085
BV1vttVzUEmY,114971442681575,1,162,2055,绘画,二次元绘画,http://i2.hdslb.com/bfs/archive/66218429cbb86b59a7f1dc3cb781f515f7581ba5.jpg,【Procreate】你有这么权威的企鹅进入马达加斯加,1754325255,62,15635155,禾几丁页,https://i1.hdslb.com/bfs/face/a9459de2e8032dfa36027a313808bf5809904cb4.jpg,5801,"绘画,绘画过程,拟人,马达加斯加的企鹅,PROCREATE,马达加斯加",221589,73,600,12272,2602,1027,0,0,42902
BV1u5tGzzEeA,114970100502282,1,124,2090,社科·法律·心理,人文历史,http://i1.hdslb.com/bfs/archive/12c57033c2d8dbe27969ecd1709ae27a63dbf503.jpg,电影731定档9月18日意味着什么？这个形势你看懂了吗？如何弘扬正确的二战历史观！,1754304859,648,289189019,戏京同志,https://i2.hdslb.com/bfs/face/2f62e073da940299514a06b0ff4d5dc00065c779.jpg,2130282,"日本,历史,电影731,世界反法西斯战争胜利80周年,哈尔滨,918,人文社科,请回答这个时代",432974,2978,1914,5300,10609,1269,0,0,31229
BV1UbtEzWEqd,114974865360009,1,27,2043,综合,动漫速读,http://i2.hdslb.com/bfs/archive/a5bf37ed20f7152a7f9a0376a245ca9a9e528f30.jpg,【上帝已死】众神下场屠杀人类？比血十字凶狠100倍？,1754388000,617,289800612,圈踢动漫,https://i0.hdslb.com/bfs/face/eb7b7339a2f62e52e41ea20838929ae809789ee6.jpg,362002,"漫画,综漫,上帝已死,漫画推荐,美漫,重口味,重口漫画,猎奇漫画解说",193046,704,1085,6272,680,195,0,0,7250
BV1JFhczcEEa,114940589377276,1,172,2064,手机游戏,单人RPG游戏,http://i1.hdslb.com/bfs/archive/161bd95497aaec7f16823a7d5a6169acbf8c0f44.jpg,【原神】畅玩!举目之处皆为画布!·上/纳塔5.8开图主线②/绘夏!烈日?度假村!·其二/浪浪湾/刺梨岩/暝导游船/原神5.8/纳塔5.8世界任务,1753854820,1562,431073645,你的影月月,https://i0.hdslb.com/bfs/face/2e32de7b28fc491a28281a22c6ea9f5d195cbdf5.jpg,8927499,"原神5.8版本,暝导游船,绘夏!烈日?度假村！,浪浪湾,刺梨岩,畅玩!举目之处皆为画布!,游戏攻略,游戏鉴赏家,原神,原神高能团",835123,3939,1363,5804,4434,809,0,0,17001
BV14ttjzjEWJ,114974110321978,1,17,2078,单机游戏,沙盒类,http://i2.hdslb.com/bfs/archive/cd9d1d0eaf62f6c121ab9bedfa7da43e615b1714.jpg,一口气看完，鱼卡嘴老年团的恐怖解密《毒药》,1754388000,3715,389407124,我的世界木鱼,https://i2.hdslb.com/bfs/face/c99f2ea3f47cf9c2ac0ba73519c715a2764ee0ba.jpg,1998312,"恐怖,游戏实况,搞笑,我的世界,毒药,木鱼,一口气看完,木鱼乐风,污妖王集团,整点电子榨菜",109648,4021,1129,6474,11937,641,0,0,18452
BV1K9hLznEFH,114967651028726,1,164,2125,健身,徒步,http://i2.hdslb.com/bfs/archive/9b5259923cc98ba5b1a53e58a7e9fd05a7499497.jpg,他，徒步绕了地球一圈，花了27年,1754267435,101,390668605,刘圣雄,https://i1.hdslb.com/bfs/face/1e25c746acb1781f9d22f07ceac70184d51c148f.jpg,86120,"地球,徒步,户外",1461225,901,1632,11256,785,1402,0,0,111881
BV1V181z5E57,114947853911066,1,216,2044,鬼畜剧场,动画配音,http://i1.hdslb.com/bfs/archive/d3bddf56330ca1cc655650838111defdbb3800b1.jpg,光头强戒GTA,1753965444,452,179029938,智者Prophet,https://i0.hdslb.com/bfs/face/196f2a5c9bf70136f7417d5db19ef146700fd217.jpg,10896,"光头强,GTA,游戏,熊出没,搞笑配音,整点电子榨菜",646558,1962,953,8142,3886,3902,0,0,44911
BV1uRtgzeEKo,114968825495956,1,215,2150,美食记录,美食探店,http://i1.hdslb.com/bfs/archive/cb77577b5d36ad89898212389c818b51b47f0757.jpg,牛肉跳着就上了桌…敢跟潮汕比鲜？,1754301600,661,3546689080133740,野文不懂吃,https://i1.hdslb.com/bfs/face/c42a0eb03dc75889e6deb47526b72279c69897ff.jpg,220899,"记录我的美食日常,潮汕美食,牛肉,潮汕,汕头美食,潮汕牛肉",243886,608,782,1778,1113,1446,0,0,7329
BV1Eft3zSEYs,114970603820875,1,21,2064,日常,单人RPG游戏,http://i0.hdslb.com/bfs/archive/65f4bc8cf81fe7a18c25f987e34d816cc4d6c692.jpg,【崩铁整活】来古士：设备中毒！毕设开始对我哈气了怎么办！！,1754312523,189,193601736,没吃药的烦烦,https://i0.hdslb.com/bfs/face/7dbd81e751295aeb7772d628381172098a10b0c1.jpg,485613,"搞笑,白厄,崩坏：星穹铁道创作者激励计划,因为太阳将要毁伤,那个女人,整活,必剪创作",364790,463,442,6166,1630,606,0,0,37317
BV1nchcz8EFV,114940572602446,1,138,2154,搞笑,剧情演绎,http://i0.hdslb.com/bfs/archive/761a604193aeca30b5d6e07dd8745c0baf6b9fc3.jpg,《女生眼中vs男生眼中》,1753856883,243,478610686,郑凯伦伦伦,https://i1.hdslb.com/bfs/face/24a1b4a4a5cb2287f9892c3f9be60f3668733e85.jpg,1523406,"男生,女生,拼好饭你变了,补贴是一时的拼好饭是一直的,点拼好饭只有0次和无数次,重要的事情值得拼一下,拼好饭6块9盲盒抽孙颖莎周边,真实,美团拼好饭",2180398,2005,1465,14388,3737,1881,0,36,198674
BV1qmhGzoE7U,114965117671498,1,21,2005,日常,短剧短片,http://i2.hdslb.com/bfs/archive/7bdc00b6d11384dca6ad400089e8363ad172b2dd.jpg,傲慢这一块，早在大白那里领教过了,1754228589,19,3546868311132258,林亿韩,https://i0.hdslb.com/bfs/face/89d58bfe612c5c5177f4f1e3e2e99877beedc3a1.jpg,207999,"短片,原创,大白",1119482,343,895,15757,4560,1938,0,0,97113
BV1dnh8zuEU4,114958759173243,1,17,2078,单机游戏,沙盒类,http://i0.hdslb.com/bfs/archive/361c42bee0253b6ca6df74f41f0b868a7bcb6981.jpg,在空岛上开恐怖生物收容所的整合包！？【空岛收容所#1】,1754133109,1325,206085081,吾乃肆玖,https://i0.hdslb.com/bfs/face/9b6818b82f6fffed51dcba2d7d14dfcac8d4ac4d.jpg,269386,"搞笑,娱乐,MOD,我的世界,生存,生物,恐怖,沙雕,收容失效,收容所",448995,2239,920,15043,5400,766,0,0,34311
BV18fhgzrEEo,114964429805620,1,95,2088,数码,社会观察,http://i2.hdslb.com/bfs/archive/ec3f499674f6cfd004ed37abe97030e4eef68c1a.jpg,我“诈骗”了别人20W，还自己报警了？,1754218351,547,9321359,FUN科技,https://i2.hdslb.com/bfs/face/ebb69f29fddc013714026fdc23997f4242e80e5c.jpg,1597808,"直播,诈骗,学生,兼职,电信诈骗,刷单,反诈,网络热门鉴定",114677,163,120,2472,2182,69,0,0,6297
BV19mtgzMEGq,114969177757335,1,228,2090,人文历史,人文历史,http://i2.hdslb.com/bfs/archive/75b7a8436104c74d1414fb470785e5430863b1e6.jpg,卫生员7次一等功:我把敌人都杀了，战友就不会受伤了！,1754293524,309,404194769,了不起De中国人,https://i2.hdslb.com/bfs/face/1b1f8ef7427502ead39a9af2498c9616c6c164ff.jpg,1594204,"神奇的闲鱼,中国军人",306085,1264,1170,2739,4022,821,0,0,28091
BV1ndt3zQE3e,114970570265316,1,85,2154,小剧场,剧情演绎,http://i2.hdslb.com/bfs/archive/0ed07aa4032f2b75a5bf73316959b05a1ff9a042.jpg,悬疑西游之十殿阎罗【一】,1754312245,315,3546879646238851,真-赵某人,https://i1.hdslb.com/bfs/face/feb3cc21847c80f14a31783123f943db761bf353.jpg,74455,"悬疑,原创,剧情,反转,西游,一人分饰多角,赵某人",93422,253,224,3051,575,45,0,0,9521
BV1FghEz7ETh,114950789926503,1,138,2154,搞笑,剧情演绎,http://i2.hdslb.com/bfs/archive/9e348247cddc5d70c05cdbdd7d14b8403b4edc48.jpg,创意工坊之包浆天下～,1754010209,98,3546909580987309,弗雷尔卓德-杨辰,https://i1.hdslb.com/bfs/face/e59912641ba4cbaadb857e30085b15cf4dcc6819.jpg,246795,"创意,工坊,探店",2019330,1296,1481,9275,2789,4777,0,0,124214
BV1k5tVztEY8,114971862110914,1,250,2158,出行,旅游记录,http://i1.hdslb.com/bfs/archive/9c72d1d7f4dd1884c6974ac811bdeaf99f0f754b.jpg,世界尽头的旷野仙境-“法罗群岛”,1754363100,779,10804055,蓝战非OvO,https://i2.hdslb.com/bfs/face/aa18f59c33db1256bf6e881d004232a62d767cc5.jpg,1614360,"生活记录,旅游,风景,旅拍,记录,蓝战非,法罗群岛,旅行攻略UP主激励计划",591827,2898,1358,5505,16217,3625,0,0,66174
BV148hAzEEEi,114941159867396,1,157,2184,美妆护肤,医疗保健综合,http://i1.hdslb.com/bfs/archive/c7266f25a03d660919de5d0eccbdd499a118c98a.jpg,爱笑的女孩，每天八颗牙齿晒太阳！,1753869635,236,1072317049,宝剑嫂的小世界,https://i1.hdslb.com/bfs/face/321f06cceb4e69d6dce812c48a06cfcb40db51c5.jpg,696419,"生活记录,日常,搞笑,生活,vlog,usmile笑容加,记录,牙齿,分享,宝剑嫂",239635,235,423,881,1182,108,0,0,15697
BV15jtjz9EFb,114973959262255,1,76,2149,美食制作,美食制作,http://i0.hdslb.com/bfs/archive/98b1379f5e7627d028913577629b05951883682f.jpg,6道美味的家常菜，丰富你的家庭餐桌。凉拌黄瓜、咖喱土豆炖排骨、番茄滑肉、流汁宽粉、烧烤蘸料、鸡蛋午餐肉煎饼,1754363743,555,689222371,万能工具人阿伟,https://i1.hdslb.com/bfs/face/8f4852b4f70d3a85ba202a36613be1de716589c1.jpg,1674173,"家常菜,美食,食谱,厨艺,烹饪,美食制作,美食教程,美味,一饭封神申请出战",39667,181,83,1561,984,129,0,0,3280
BV1Fd8qzvE4r,114942183214503,1,21,2083,日常,综合资讯,http://i0.hdslb.com/bfs/archive/ae76f0ea1ae9c1abd4cd96cfa5ff809e5d7dc6c3.jpg,物理老师讲解内燃机原理，手工制作“等离子炮”进行演示。网友：这样的课堂氛围爱了！,1753878765,37,1131457022,人民日报,https://i2.hdslb.com/bfs/face/19a041ba0e78ed43b7a3eab35edfc998eaa7db8e.jpg,17003816,"物理,课堂",4000224,1518,3845,44915,6113,13920,0,10,358655
BV1j5tnzrE1v,114975922196321,1,27,2079,综合,其他游戏,http://i0.hdslb.com/bfs/archive/44792704fc7344fd500f8549f8852eff2a89b117.jpg,《虚环》你看了吗？PV彩蛋“官方”一手讲解,1754393976,2939,401315430,星瞳_Official,https://i0.hdslb.com/bfs/face/35ce8ca063124d4dda5c211039d0eb67eae3c797.jpg,1020231,"手游,养成,虚拟偶像,动作战斗,虚环,实机视频,V圈,虚拟主播,Vtuber,虚环挖梗大赛",47423,488,351,776,1014,198,0,0,3776
BV1Zq81zmEYw,114947938062985,1,201,2184,科学科普,医疗保健综合,http://i1.hdslb.com/bfs/archive/5fb8b7d7e86bcf4a8acaec02a8353e286c53dfbc.jpg,所有人都知道他活不了，只有自己不知道,1753966659,175,291042076,水果医生,https://i1.hdslb.com/bfs/face/dc275122b2c1806083f0fbf27203ce1857437af7.jpg,2035867,"影视剪辑,生活,记录",942966,596,1749,8314,1699,1759,0,0,117842
BV1DVhJzPEa3,114952518047774,1,241,2009,娱乐杂谈,娱乐评论,http://i1.hdslb.com/bfs/archive/5404371c90ce820a3d42a62dde2367541e59534d.jpg,点名中央的旺仔小乔，黑料彻底大曝光，彻底凉凉的“原唱”张碧晨。小绵羊的内裤去哪了？,1754046000,1171,26376587,吃瓜郭昱麟,https://i2.hdslb.com/bfs/face/6927b2ddf58a9f9abaa147ab8a4eaa0842931fd8.jpg,986578,"汪苏泷,综艺,娱乐,吐槽,旺仔小乔,同诗剃须刀,八卦,张碧晨,明星盘点,娱乐吃瓜大会",2242373,7759,4012,10908,3716,1859,0,0,70705
BV1rwhtzCEZJ,114956041195432,1,65,2071,网络游戏,射击游戏,http://i0.hdslb.com/bfs/archive/84789443122598b6ff702b8ac4b592b776bd5c3d.jpg,威龙 巴别塔顶楼 aw 6个人,1754090314,106,3546779041663729,龙舌兰_三角洲行动,https://i1.hdslb.com/bfs/face/bde8e03f69b3d32fbfbdafc4a849d440ba8d709f.jpg,781,"电子竞技,剪辑,游戏,FPS,第一视角,狙击,游戏集锦,射击游戏,三角洲,三角洲破壁新赛季上线",992498,387,1245,4380,996,3045,0,0,72901
BV1twh3zzEXg,114964329142287,1,172,2079,手机游戏,其他游戏,http://i1.hdslb.com/bfs/archive/45e1c0b77fef9f8d20d43850fe3a24876a95cce0.jpg,万字梳理！龙族领主如何变成了机器女仆？【原学研究室83】,1754216531,1678,519297,星月银,https://i0.hdslb.com/bfs/face/0bedb2352502b8749dd5186f08b6d127495542b9.jpg,440329,"原神UP主激励计划,莉安歌,空月之歌,伊涅芙,机器女仆,米哈游,原神,龙族领主",70938,254,300,1523,1456,109,0,0,5186
BV1GghJzTEGw,114952618777945,1,228,2090,人文历史,人文历史,http://i0.hdslb.com/bfs/archive/378719b21e4a88c3474746b07a5dd58abb1a8100.jpg,平型关大捷有多重要？事关生与死【撒豆成兵06】,1754037975,1369,476967268,TomCat团座,https://i1.hdslb.com/bfs/face/c8bf8a7330a37588f7f0332a8f3cc8365b9907a5.jpg,686388,"中国,日本,知识,历史,八路军,抗日战争,山西,根据地,平型关,请回答这个时代",256287,1845,1521,4974,7781,527,0,0,21250
BV1p7hVzTEsi,114964731796904,1,138,2154,搞笑,剧情演绎,http://i2.hdslb.com/bfs/archive/661537373a491b1b11445e8cc326586304885c41.jpg,我承认了！,1754223228,134,475845053,呱唧菌,https://i2.hdslb.com/bfs/face/70e280e50eb75796f1041617d47a2b90420063a3.jpg,2428435,"原创,搞笑,短片,旺仔小乔",749442,1147,914,14757,2132,969,0,0,61735
BV156tMzKE7R,114968422842876,1,138,2171,搞笑,动物综合·二创,http://i1.hdslb.com/bfs/archive/78f14a22eb416222203475881a63be2a468e8898.jpg,鱼天帝,1754279229,69,1402229439,大丙搞笑配音,https://i0.hdslb.com/bfs/face/6104868b601276de59976e835c95428601800cc0.jpg,363116,"搞笑视频,搞笑,吐槽,配音,搞笑动物配音,搞笑配音,这是一个悲伤的故事,看一遍笑一遍",1157803,125,477,13935,709,1619,0,0,70580
BV1bthNztEQv,114959195376181,1,171,2063,电子竞技,鬼畜综合,http://i0.hdslb.com/bfs/archive/850396905d5fda5b720c8fde20def8764bfccfe4.jpg,🍺酒酒八十一🎵,1754138325,224,10227626,恩临,https://i2.hdslb.com/bfs/face/c5a1209b17d217cdd0d4e472939a7d3d4f0931fe.jpg,59298,"鬼畜,电子竞技,英雄联盟,搞笑,鬼畜调教,酒桶,古拉加斯,lol,人力vocaloid",206622,147,666,1609,2868,1195,0,0,17489
BV13PtJz8Eew,114974210984875,1,138,2156,搞笑,UP主小综艺,http://i1.hdslb.com/bfs/archive/963b9b8171147e8e126cd03c48ee4678e6e2c7bf.jpg,哈哈哈哈哈答非所问英文版,1754367708,138,3461572842228424,牛小豪吖,https://i1.hdslb.com/bfs/face/e9242dde084b6c1ad20e87cf12e61eebfcec49f7.jpg,1884749,"搞笑,英语,英文版,娱乐,搞笑小剧场",489289,2128,450,6371,1679,361,0,0,27702
BV14dh7zoEP8,114951276531230,1,182,2001,影视杂谈,影视解读,http://i2.hdslb.com/bfs/archive/5915271329565d87f4355fd31dc9e4f4b55caf73.jpg,休对故国思故人，如果没法和未来和解，那就让时间回到过去——《天注定》万字解析！,1754018002,1880,486260629,金阁炎上,https://i1.hdslb.com/bfs/face/4eaf5392f84c755fec7e29d5c2b9599d3439b295.jpg,8188,"国产电影,影评杂谈,万字解析,天注定,贾樟柯,影视IP观察室",356262,2215,985,9492,8872,1720,0,0,16857
BV1bxhxzJEM4,114956762615385,1,171,2070,电子竞技,MOBA游戏,http://i0.hdslb.com/bfs/archive/c7c86ba6c16612976935433cd4bed1b9c3729114.jpg,学会三天上荣耀！顶级诸葛亮炸鱼思路教学！,1754101853,272,18909338,奥特曼zz国一刘备凯,https://i2.hdslb.com/bfs/face/c5e62cfe9d8b0ec7fcba4574fcf4e352d14f4b39.jpg,372633,"电子竞技,诸葛亮,王者荣耀,诸葛亮打野教学,王者荣耀夏日盛典,奥特曼zz,诸葛亮白泽动物园园长,王者荣耀诸葛亮,诸葛亮新皮肤,国服诸葛亮",549467,404,608,9294,34442,288,0,0,48977
BV1prhxzuEtq,114956930390713,4,172,2064,手机游戏,单人RPG游戏,http://i1.hdslb.com/bfs/archive/4a869ab37eb8f7cc2337f8932fa62ca724e0bcbe.jpg,《绝区零》爱丽丝角色展示 | 剑与华尔兹,1754107200,533,1636034895,绝区零,https://i0.hdslb.com/bfs/face/f013e3aacdc4e3254a476648e1cec3f39b7df097.jpg,7528022,"ARPG,PC,手游,绝区零2.1,绝区零爱丽丝,迟吟的浪涌,动作游戏,角色展示,米哈游,绝区零",2605911,19919,8722,35744,57829,16620,0,11,208136
BV1uEhHzzE9f,114953356975406,1,256,2154,短片,剧情演绎,http://i1.hdslb.com/bfs/archive/ff604b36d92ba177573f6f6d6e10f37ef716afed.jpg,大厂面试也能走后门？总裁和我不能说的秘密……,1754107200,173,3546936751688189,毛光光_重新出发,https://i2.hdslb.com/bfs/face/c914642c5ba87c923f0725a1ac313e2bd05ed619.jpg,106004,"剧情,原创,职场,搞笑小剧场",366662,147,193,1075,653,34,0,0,37559
BV1bCh3zrELr,114963876222053,1,85,2154,小剧场,剧情演绎,http://i0.hdslb.com/bfs/archive/584349c6da4f2489b69a5ed605ca3a0b5f2370c2.jpg,陈翔六点半：比胶水还粘黏的同事,1754217300,174,19286458,陈翔六点半,http://i1.hdslb.com/bfs/face/aad3b1bb735d2bd4066805f2a84892644fad8e2a.jpg,3219197,"陈翔六点半,搞笑小剧场",559344,682,544,1550,1275,368,0,0,18723
BV1SMtJzdENt,114974227694934,1,47,2037,同人·手书,同人动画,http://i1.hdslb.com/bfs/archive/2656368db3b4b8f5a61eb57c624f1b4da6d2930a.jpg,诡宅契约 青龙寺篇（完结）一口气看完1-30集系列，花费88888小时制作完成！！！,1754368742,8609,3546748257569131,顾白渊来啦,https://i1.hdslb.com/bfs/face/bcccff851d0cb7efd2f333cc3439f33d53c62f6d.jpg,161860,"原创动画,二次元,动画,微恐",26998,345,94,1213,663,55,0,0,1824
BV1zC8BzaEPq,114943810606823,1,250,2150,出行,美食探店,http://i1.hdslb.com/bfs/archive/5347e6df00e7ce7efbd6c8344424119d817d9e37.jpg,跟着小学生连吃6家！泰国校门口的路边摊到底怎么样？,1753952400,668,14110780,凉风Kaze,https://i1.hdslb.com/bfs/face/e0cc906bb531195e9ee9f3b575effdd2b056eaea.jpg,7151902,"泰国,街头小吃,街头美食,跟着UP主看世界,路边摊,阅片无数,凉风Kaze",907528,1202,547,2253,1417,252,0,0,35484
BV1mvh8zfEzc,114958390071142,1,21,2102,日常,摄影摄像,http://i1.hdslb.com/bfs/archive/9c8db066817437f198003ad84dcb5013959a56bc.jpg,评论区摄影大赛之迟来的建军节篇，昨天剪太晚了所以没发，今天补上。,1754126066,108,3546741475379844,摄影恩哥,https://i0.hdslb.com/bfs/face/b497e49b5418b6c0cc18f5f3d80c6c08a1048d5c.jpg,678141,"风景,摄影,评论区摄影大赛,哔哩哔哩评论区摄影展,照片点评",1309509,13186,3401,7387,1923,200,0,0,122950
BV1LH82zSEMk,114947719760030,1,247,2107,新能源车,汽车文化,http://i1.hdslb.com/bfs/archive/88c8177c347dfb1a02198d07da24209619ffe887.jpg,开爽了！难以置信这是10万级能发光能漂移的电车！,1753965722,616,497525820,所长Wy,https://i0.hdslb.com/bfs/face/5137009463f59bf5ed46af3a8779d63ed6ca3304.jpg,1401966,"赛车,漂移,改装,汽车,大众ID.3,ID3GTX套件款,汽车改装,赛道,新能源车,上汽大众",900580,6273,485,6878,4797,729,0,0,42281
BV1dW8vzUExe,114924584048240,1,17,2071,单机游戏,射击游戏,http://i1.hdslb.com/bfs/archive/faa322496dd140354d0c8c9aabefa200c5bdd552.jpg,航天基地“最全”攻略~第2期-牢区全物资点位。,1753873200,349,94472174,--山顶洞人--,https://i2.hdslb.com/bfs/face/61c8675b8a93362187265bba1a339559107ada57.jpg,81525,"攻略,游戏实况,三角洲行动,#三角洲,三角洲破壁新赛季上线",917147,643,567,37825,3192,2351,0,0,53773
BV1dPhgzEE3A,114962617862962,1,138,2154,搞笑,剧情演绎,http://i2.hdslb.com/bfs/archive/075f51cfd639b9b3d66852ba33a060323c1dc767.jpg,做生意不光靠自身的实力，更多的是靠运气,1754192408,186,375312438,赵老板创业记,https://i0.hdslb.com/bfs/face/cc234df8ab000658ebb320b6818cc46dbdaf90c6.jpg,28121,"创业,正能量,西瓜,赚钱,商业思维",1519672,1120,1535,3743,4896,735,0,0,70712
BV1YuhHzyEvR,114953390392714,1,21,2083,日常,综合资讯,http://i0.hdslb.com/bfs/archive/f2c61754868b4f1bc755db293e1bdc2166bcabed.jpg,金蝉脱壳、见者好运！摄影师蹲守数小时，延时记录金蝉脱壳羽化过程,1754049689,22,1131457022,人民日报,https://i2.hdslb.com/bfs/face/19a041ba0e78ed43b7a3eab35edfc998eaa7db8e.jpg,17003816,金蝉,981064,57779,1856,15387,7030,2928,0,0,161494
BV1zQhjz6EL3,114966677953114,1,65,2041,网络游戏,动漫剪辑,http://i2.hdslb.com/bfs/archive/7f1167828ae24a6e195b75b7217f0ab694be5095.jpg,“抱歉，我不会再梦见你了。”【晓蛇拉扯集锦】,1754253897,88,284867798,玩蛇の想象家,https://i2.hdslb.com/bfs/face/77567da02222f5454d0e7e752151d4d96f95518d.jpg,6598,"晓蛇,英雄主义,火影忍者手游,无敌帧",114158,92,275,2092,1285,239,0,0,11829
BV1hghJzKE54,114952618641589,1,222,2168,小宠异宠,狗,http://i1.hdslb.com/bfs/archive/597c1f4b32d12e685e3c5990f8c56f89319d0b82.jpg,这么聪明的狗子云养太舒服了,1754298000,266,421912906,天下一场梦,https://i1.hdslb.com/bfs/face/7b24cadd4cc318c2f487797040c9e52d3d0fe46d.jpg,1749138,"搞笑视频,动物世界,汪星人,vlog,乡村户外,呆萌可爱,田园犬,动物总动员",196649,663,385,1622,1424,167,0,0,16455
BV1bf8izCEys,114942803973341,1,193,2017,MV,MV,http://i2.hdslb.com/bfs/archive/4a3fe261583ad7525b072f311538377411975b53.jpg,Laufey - Lover Girl (官方MV),1753888302,170,3493131920083673,LaufeyOfficial,https://i2.hdslb.com/bfs/face/84f01bb30185f46c4f3d795b73d39c3733d6f38a.jpg,212878,"欧美MV,欧美音乐,MV,LoverGirl,官方MV,林冰,Laufey",576366,327,660,54768,13708,4069,0,0,129302
BV1eDhGzREDd,114965017004951,1,138,2021,搞笑,演奏,http://i2.hdslb.com/bfs/archive/2a113a3cd501bf06beeebb5c3bee924951a81694.jpg,あいつら全員同窓会，但是洗衣机来唱？,1754227128,81,1159076516,非凯J,https://i2.hdslb.com/bfs/face/ff6c566af2e4bf39f37ddbcf0e459340bf54a6b4.jpg,24290,"日语,歌曲,生活记录,洗衣机演奏,あいつら全員同窓会,绝活,神人,洗衣机,抽象,整活",132242,117,607,2915,1805,2648,0,0,16023
BV1Tdh7zoEFZ,114951276463255,1,65,2071,网络游戏,射击游戏,http://i2.hdslb.com/bfs/archive/b8f3777b3ad2e24a08e45418352cc30c451f3e15.jpg,【我的洲】bro懂我的爆率！超算单元！#10,1754017685,282,325194407,文尤里,https://i2.hdslb.com/bfs/face/b6544a3402547aaea3169ca63a90d37c25033664.jpg,40795,"直播,三角洲行动,三角洲欢乐剧场,我的洲,mc",2726069,687,1313,15621,12147,6765,0,57,145257
BV1hRhgz5EVF,114964413024433,1,21,2158,日常,旅游记录,http://i1.hdslb.com/bfs/archive/919a91fa51581a78ef370d68395bab416ae01600.jpg,开着挖机游全国的路上小何被榕江交警带走了！,1754219942,686,1918776707,挖机小何vlog,https://i2.hdslb.com/bfs/face/49ed3cd1acf202dadecc5aaa27e9ac297896530b.jpg,436557,"旅游,生活记录,警察,村超,开着挖机游全国,记录,贵州,榕江",1707770,2759,1714,13287,14461,310,0,81,77832
BV165t3zSEwa,114968942877652,1,251,2162,三农,农村种植,http://i1.hdslb.com/bfs/archive/cd603fa59f6cde5c10272f3319cec5434e40585d.jpg,终于发现清道夫的作用，再也不怕清道夫了,1754287227,315,514596475,阳台种植愈呵呵,https://i1.hdslb.com/bfs/face/0ba832aea5bdaf9e7db390df7dd9975dda1a61b5.jpg,13022,"昆虫,清道夫,作用",488321,506,986,1811,1819,415,0,0,37641
BV1i5htzvErW,114957786023288,1,47,2050,同人·手书,漫画·动态漫,http://i0.hdslb.com/bfs/archive/d4a26bf6fd42620563cdf54deef44587abae1ae7.jpg,不是在你身边玩的游戏，都毫无意义……,1754132400,211,3546918179310343,ENX叉叉酱,https://i1.hdslb.com/bfs/face/2923eaae85b81110da3127bc55bd48532a6ff264.jpg,283730,"漫画,情侣,二次元,治愈,爱情,青梅竹马,恋爱,ENX叉叉酱,甜甜的恋爱,国漫觉醒时",164272,533,637,2162,852,557,0,0,23181
BV1qs8qzdEvn,114942518825811,1,161,2148,手工,其他手工,http://i0.hdslb.com/bfs/archive/5e15fe6896ac01eb2916c647577ffd61da5a5c22.jpg,尴尬的料形，这么设计没毛病吧？,1753883922,61,1323036055,寻鑫缘手艺-,https://i1.hdslb.com/bfs/face/f03e8ff1b264bbd9ce3c9035c3d6c8c6edffe728.jpg,25234,"手工,珠宝,设计,艺术,手工艺,缅甸翡翠,翡翠挂件,翡翠雕刻,翡翠定制",1840522,594,891,1525,527,87,0,0,51915
BV1gGhhzeE6i,114958255784274,1,47,2037,同人·手书,同人动画,http://i1.hdslb.com/bfs/archive/ca7a4372c8f9878102ac3758a56868c71e5f27a0.jpg,15岁自学动画爆肝5个月，尝试手绘动画二创《越狱兔 第六季》,1754131200,262,1585678426,叫南瓜皮的我,https://i1.hdslb.com/bfs/face/d1241d8de7784fdc5d090f6439690673a2634134.jpg,39224,"越狱兔,学生作品,同人,手绘动画,动画,童年回忆,爆肝,自制动画",1964836,2041,3990,63646,127003,7652,0,7,240310
BV1bnhHzTEVY,114953004522785,1,253,2042,动漫杂谈,动漫评论,http://i0.hdslb.com/bfs/archive/1908705fd5ec084177b923903d4d73cf23d0b777.jpg,把所有烂番的优点缝进一部动画！想想我都流口水！【bilibili 次元论战】,1754107200,910,30967181,潜伏今晚不在线swc,https://i2.hdslb.com/bfs/face/3b9e9ab080cb871ba8e723d2b7cea5e4d33f5911.jpg,142554,"搞笑,新番,动画,动漫杂谈,吐槽,动漫二创,补番推荐,老番推荐,bilibili次元论战",598951,1621,918,8244,1473,311,0,0,20298
BV17sh3z9E3z,114964077484755,1,232,2080,科工机械,时政资讯,http://i0.hdslb.com/bfs/archive/93519c36481dd9e9b8dfc4f43cde50010314ea12.jpg,啊？啊！解放军罕见画面首次曝光,1754212903,337,46470268,央视军事,https://i1.hdslb.com/bfs/face/9dcc59c2e51aa7b9f178463903cbd4daab351dd2.jpg,2312315,"解放军,军事,空军,正能量,无人机,中国,无侦-7,无侦-10",392227,982,716,1567,1002,624,0,0,17658
BV1mWhHzNE4T,114953038141664,1,21,2006,日常,AI影视,http://i1.hdslb.com/bfs/archive/d3f6b4a63102856cffca1fcbeb1d4a95015982e7.jpg,【梗百科】旺仔小乔是咋回事？几个子？！,1754044718,139,1544008396,梗百科,https://i1.hdslb.com/bfs/face/096ce47bce303e18d35df5343887a1ea9a9bbf8e.jpg,1913631,"演唱会,翻唱,AI,鬼畜,王者荣耀,搞笑小剧场,年轮,版权,刘华强,网红",619201,687,1627,2637,550,431,0,0,26020
BV19wtHzBE75,114975334993371,1,213,2151,美食测评,美食测评,http://i1.hdslb.com/bfs/archive/2bc87c2d16f422eb073fd864f9ba1d6a9014f7ba.jpg,复刻被网红带火的特色美食“焖子”据说吃一口味真足，真的吗,1754384882,455,382375531,馋大鑫,https://i1.hdslb.com/bfs/face/2b456ce4cfef5bc0753f89f3c18b19dbcc6fde8b.jpg,1259896,"试吃,评测,美食,记录我的美食日常,美食测评,特色美食,焖子",308470,1420,1004,808,1169,206,0,0,12316
BV1BVtuzkELM,114968120794337,1,172,2037,手机游戏,同人动画,http://i2.hdslb.com/bfs/archive/2ba07175e8f43c794d4a33af2424f05db48583ee.jpg,虚一直构丨无需负世的平凡午后，你们在麦田里……,1754274786,88,2623150,秋绵_Akimeow,https://i1.hdslb.com/bfs/face/6e3060782cbaa5dfddc930d8b596826e01506252.jpg,5315,"动画,白厄,虚一直构,星穹铁道白厄,哀丽秘榭,小白，还回家吃饭吗？,麦田",232971,391,1024,22721,10529,2490,0,0,55216
BV1r6hGzaEPF,114965402884619,1,137,2018,明星综合,音乐现场,http://i1.hdslb.com/bfs/archive/8ee00d23eb16ab5e22140349c9110b82188e09a9.jpg,250802 'NOW' 没有明天｜章昊个人直拍 ©staywithzh,1754235884,256,3546624439617989,staywithzh,https://i2.hdslb.com/bfs/face/c54a19aa0a56a47e6862dd166b863a631bc73c59.jpg,14022,"4K,zhanghao,章昊,章昊直拍",362928,8774,6329,13047,19717,9173,0,0,29367
BV16Gh8zyE8q,114958574556305,1,27,2041,综合,动漫剪辑,http://i0.hdslb.com/bfs/archive/059933621cd6b443a1fdaf41c84486316431ce27.jpg,【chiikawa×守护甜心】乌萨奇吉伊小八化身守护甜心,1754128818,90,3546735578187781,灼别林,https://i1.hdslb.com/bfs/face/3a73e2c30d0d951277d3718feb381e595d3d168c.jpg,264,"可爱,二次元,守护甜心,小八,chiikawa,吉伊卡哇,吉伊,动画种草激励计划,二创,乌萨奇",141060,85,444,7095,9659,4616,0,0,22424
BV1MChpz3Eem,114954313204155,3,247,2106,新能源车,汽车测评,http://i0.hdslb.com/bfs/archive/f1e08e45304a39b15de06698a43078cd83cf7f3e.jpg,小米辅助驾驶，差在哪？,1754063881,25202,364510642,羊驼的睡衣,https://i1.hdslb.com/bfs/face/386a93e8d7f87c9c4baa7f4e4b9c71a4acc15f48.jpg,659606,"小米,测评,汽车,小米YU7,YU7,汽车测评,智驾,辅助驾驶,阿B车友俱乐部",290999,2833,2661,1594,5874,1549,0,0,12629
BV1hshtzZE5A,114957937019100,1,172,2073,手机游戏,动作竞技游戏,http://i0.hdslb.com/bfs/archive/52ad4fb62416c958c0e779239951cacd09a42622.jpg,我～会～毁～了～你～,1754119265,207,194053532,无我漂佩MY,https://i2.hdslb.com/bfs/face/7d44f0676bfd193efed746cca2d04b70f145211b.jpg,788848,"娱乐,手机游戏,游戏,火影忍者,搞笑,漂泊佩恩,百战佩恩,我要上超影,抽象,火影忍者手游,黑绝",1371215,18952,1923,20162,7316,1175,0,81,85583
BV1zGtuzVEhy,114968137571244,1,162,2050,绘画,漫画·动态漫,http://i0.hdslb.com/bfs/archive/2ceb5f25ab2f596ef580c752f29a3b2d7633f223.jpg,愿望的坍缩：车轮再转一公里！,1754274784,80,21121176,迪子zxd日常,https://i0.hdslb.com/bfs/face/c7b4b4a1b34c5a2c82a227e057c1126c06601645.jpg,152415,"日常,画师激励计划,愿望",212418,83,328,648,726,102,0,0,20248
BV1QRtGz3EYt,114969999840624,1,250,2111,出行,美妆,http://i1.hdslb.com/bfs/archive/0df2d9f8fe6cf22cc8bba6f274c211da4f912e0c.jpg,剪了一位平平无奇的客人…,1754303806,132,1869712375,山城小栗旬的理发日记,https://i1.hdslb.com/bfs/face/21a7acb06d7ecbd35d27213f87ea6749f9fd18e0.jpg,3841332,"帅哥,原创,山城小栗旬,记录,解锁夏日时髦vibe",808558,835,746,3222,826,993,0,0,60223
BV1Gt82z1EPc,114947384216914,1,21,2207,日常,随拍·综合,http://i1.hdslb.com/bfs/archive/e483faca123f36d2f34af660108c3e1175c130c5.jpg,我和员工在工作室打了一架。。。,1754049600,470,15892313,知名相声演员BBBBB大王,https://i2.hdslb.com/bfs/face/e40bb6be0e7aa5d3f2838313bb47a59358481577.jpg,2897416,"游戏,脱口秀,搞笑,vlog,吐槽,reaction,蛋仔全明星大乱碰,蛋仔带你看世界,蛋仔派对",542703,743,438,2088,2089,685,0,0,27208
BV1UCtVzBExP,114971610518089,1,17,2079,单机游戏,其他游戏,http://i1.hdslb.com/bfs/archive/71be014644efebb8a82e6f52c08215e57f0b48e8.jpg,兄弟!!!你怎么在天上飞！?,1754352000,1232,22073070,空空不秃,https://i0.hdslb.com/bfs/face/5cefeda186585a96aefefc2c6bfea96b1c0a3ad0.jpg,225298,"单机游戏,搞笑,娱乐,多人游戏,沙雕,peak,夏天y",197390,738,287,6535,11749,171,0,0,20633
BV1M8hxzmEAJ,114956779527642,1,254,2135,亲子,篮球,http://i2.hdslb.com/bfs/archive/3d68ec0f39be7c6ce7586deff2cc18ef5c827989.jpg,用脑子拿捏弟弟 果然不费吹灰之力,1754101533,91,618528588,蔻蔻揍大飞,https://i0.hdslb.com/bfs/face/b7b07c07ffb3de6fca9b69623da26429d8901bee.jpg,37325,篮球,1114280,398,1252,2530,503,394,0,0,30572
BV1xShVzLEYW,114964715080712,1,172,2064,手机游戏,单人RPG游戏,http://i0.hdslb.com/bfs/archive/6dfbcad78ba2f6edc631fc13b5b3b5a41d6eab58.jpg,原来东国活动出超高破甲线武者了，在对面,1754222497,2155,91647207,w咸瑜,https://i0.hdslb.com/bfs/face/77f53e6552ae0d8b86d12d9dd1ead5bc0e43773b.jpg,485340,"搞笑,明日方舟,我们武者完了喵,别怕我们收割者来救你们,武者,沙雕,收割者,泰拉探索协会,明日方舟创作者应援计划",318245,2162,1010,1958,2282,335,0,0,19477
BV1Lt8zzaE1J,114943324064372,16,172,2064,手机游戏,单人RPG游戏,http://i2.hdslb.com/bfs/archive/5a6fd3d5f7634252b81066db891a2fdcc77c1233.jpg,【原神】5.8纳塔 世界任务解谜合集 悠悠度假村,1753896298,6341,1773346,莴苣某人,https://i1.hdslb.com/bfs/face/2a973191e45f611699c85d404baee50163a6f2ec.jpg,5563334,"原神UP主激励计划,游戏,手机游戏,原神5.8,悠悠度假村,任务,世界任务,魔神任务,原神,传说任务",353086,478,223,2450,2280,205,0,0,4647
BV1Z2hczZEGa,114940136396220,1,76,2149,美食制作,美食制作,http://i0.hdslb.com/bfs/archive/8800bf77040c8331c4ec0774a2233e6e61cc9e4d.jpg,15个简单有趣的小食谱～有手就会系列,1753851149,522,17495873,胡仔一人食,http://i2.hdslb.com/bfs/face/a8b58959ad0ab6186e284b824c9f5ddfc5512fdb.jpg,2051213,"美食教程,食谱",4201204,37756,2290,173657,13345,12483,0,0,337679
BV1gStMzFEUW,114968389294910,1,212,2150,美食侦探,美食探店,http://i1.hdslb.com/bfs/archive/33a21db8a8db6036a50f55951b26e84ed49375fc.jpg,邯郸.特色小吃 厨子探店¥34,1754278947,229,544336675,真探唐仁杰,https://i1.hdslb.com/bfs/face/f82b7cb6e6b9e2351bb201f668af10b66b4d0d5c.jpg,4443453,舌尖真探事务所,807680,592,1304,4037,1661,1849,0,0,86571
BV1fXtnzyEuL,114975234327710,1,253,2042,动漫杂谈,动漫评论,http://i2.hdslb.com/bfs/archive/831526b3b0e8a2f50804dfa85ae1dddd2e2351b7.jpg,只有逆天，没有人类！这部动画到底是给谁看的！真是一场酣畅淋漓的赤石啊！,1754392200,1123,49256130,不知枫叶,https://i0.hdslb.com/bfs/face/40a24491886d30a511e554539446f8d6a38cf26f.jpg,745907,"动漫,动画,搞笑,逆天,动漫杂谈,美食,名场面,动漫解说,烂番吐槽,国王排名",170471,1947,1283,1843,824,850,0,0,8478
BV1jsh3z9EaA,114964077478290,1,21,2205,日常,婚嫁,http://i2.hdslb.com/bfs/archive/2a698a6451facc5a388afde38fe8dc81e1a8c557.jpg,至少 你穿婚纱的样子我见过了,1754212865,272,440832200,阿多Adonis,https://i2.hdslb.com/bfs/face/a6ca90b3766ea57a778b1aae36f76b870386c560.jpg,245425,"日常,生活记录,婚纱,vlog,遗憾,记录,恬恬,白月光,甜妹,万种生活碰头相见",556093,196,107,26691,906,125,0,0,23929
BV1fZhuzpEm9,114962684976495,1,232,2080,科工机械,时政资讯,http://i0.hdslb.com/bfs/archive/ff649de6b0549fd48ebe1c400a56af1b2ad6363e.jpg,这不是科幻片，这是解放军的基本操作！,1754191550,316,46470268,央视军事,https://i1.hdslb.com/bfs/face/9dcc59c2e51aa7b9f178463903cbd4daab351dd2.jpg,2312314,"无人机,国产,军事,解放军,中国,机器人,机器狼,科幻片",339132,963,1506,2462,1433,1246,0,0,19778
BV1LahVzoE7t,114964899569378,1,65,2070,网络游戏,MOBA游戏,http://i2.hdslb.com/bfs/archive/83c3037d7ebf890d81dfc5277b61e25d1c5773d0.jpg,何为压迫感,1754225876,87,1711193563,南泽王者荣耀,https://i1.hdslb.com/bfs/face/aebae11f5cc3a1fc0d02d8ec3f645f8b5101120e.jpg,1257766,"王者荣耀,南泽",306125,354,610,1752,878,284,0,0,29459
BV1EthPzzEx8,114960051079988,1,17,2078,单机游戏,沙盒类,http://i1.hdslb.com/bfs/archive/6e4d8b02d303b1b5dff97f57b27ccc90e38ca217.jpg,我的世界：狙击枪每升五级进化一次，最后直接无敌了,1754182800,471,2131909,特技是我,https://i1.hdslb.com/bfs/face/a124bd9ef449970bb015f047959f715102ddfd53.jpg,30991,"第一视角,生存,狙击,沙盒游戏,我的世界,FPS,MOD,电子竞技,沙雕,像素风",947342,664,78,41488,2519,34,0,88,43310
BV1Y3tGzrENZ,114970201232849,1,21,2039,日常,cosplay,http://i2.hdslb.com/bfs/archive/00973807382525acd0df5d47a1cbe95d73e62f41.jpg,天选比格？社牛少东家又到漫展搞事了！,1754306975,267,36416972,张恩恩NNN,https://i2.hdslb.com/bfs/face/d716ac55bed4f38f231a4a5b90a4c3d963ea3c87.jpg,918850,"CJ,cosplay,ChinaJoy,漫展整活,社牛,燕云十六声,燕云2025CJ,少东家,二次元副本挑战者",390339,4631,158,2316,1043,711,0,0,20164
BV176hJz1E7L,114952283101734,1,138,2186,搞笑,恋爱关系,http://i2.hdslb.com/bfs/archive/23aaeec4eded435bb0212d1e2aa1684e604e241d.jpg,7年了，讲讲我们是怎么在一起的吧,1754107200,183,660111078,鲨姐和老王的异常,https://i0.hdslb.com/bfs/face/f62521bc3d74a6b927fb52851e5c10b91565d2fe.jpg,324499,"七夕,185大帅哥,鲨姐和老王,飞利浦肩颈按摩仪,情侣日常,七夕送礼,搞笑研究所",264990,155,352,1881,1541,741,0,0,35952
BV1H3gVzUE8A,114891063041258,1,27,2041,综合,动漫剪辑,http://i0.hdslb.com/bfs/archive/57e0dbebb1e9d400b64255a22b2563d88447cc2e.jpg,《天津小猪妖 逃离浪浪山》,1754107200,165,13199099,植物椿,https://i2.hdslb.com/bfs/face/1cf19c181f366cb741b21152f5a1b1b17ea572da.jpg,1941922,"影视剪辑,天津话,搞笑,动漫,短片",1520765,479,829,4723,5400,4051,0,0,40835
BV1W5hVzuERq,114964832460433,1,182,2001,影视杂谈,影视解读,http://i0.hdslb.com/bfs/archive/4d25f000757e55fa1d895d86195959b6f3eedb2f.jpg,【逆天影帝】如果能重来，凯文史派西也许不会成为那个恶人。。。,1754224340,993,3546815450319053,走人waitme,https://i2.hdslb.com/bfs/face/84c79080253e35c712d9b5c74485d77e1144746d.jpg,16430,"影帝,奥斯卡,经典电影,凯文史派西,七宗罪,布拉德皮特,好莱坞明星,美国丽人,非常嫌疑犯,影视IP观察室",274521,887,451,2785,1571,173,0,0,8056
BV1PCh8zsEsX,114958507577064,1,210,2201,模玩·周边,潮玩玩具,http://i2.hdslb.com/bfs/archive/b07a19f6d3399276fb332ca4520fa12532e57584.jpg,兵人领域最强工艺JND1/6小丑兵人测评,1754128584,286,236442514,肖恩阿切尔,https://i1.hdslb.com/bfs/face/33fa3c9caeed230824b1ccfb9aed21e151f6c45d.jpg,135494,"测评,小丑,模型,JND,兵人,希斯莱杰小丑",4281495,12920,2210,34003,5638,11061,0,10,225980
BV1F8tgzDEGN,114969093869038,1,47,2037,同人·手书,同人动画,http://i1.hdslb.com/bfs/archive/3b90027d1ef695b31acae7aef9e20c8788ca1085.jpg,《如此光鲜亮丽，如此形状姣好》【第七届寻光小宇宙奖】“当我爱上你时，世界花团锦簇。”,1754296800,461,287030032,艾艾艾维斯Elvis,https://i1.hdslb.com/bfs/face/721b40b6e4d4147a124c280fd7fdfab4db730f6c.jpg,30780,"动画短片,水仙,人鱼,原创,原创动画,剧情向,二维动画,逐帧动画,寻光小宇宙奖",73447,135,188,6649,3770,731,0,0,11973
BV1ZG8kzuEnD,114946092307834,1,207,2087,财经商业,商业财经,http://i2.hdslb.com/bfs/archive/c929917ce8d1541b51398e1e539dcb7bfedd1356.jpg,"什么是""金融赌场""，它背后有什么秘密？",1753954200,1550,520819684,小Lin说,https://i1.hdslb.com/bfs/face/cf895b86c955e4ce62b28b3c2bb5bbc77f9fd410.jpg,6435415,"财经,期货,索罗斯,万物皆可商业",1363574,4308,2716,26585,30268,5237,0,75,63321
BV1WNh8znEDw,114958994119091,1,24,2037,MAD·AMV,同人动画,http://i2.hdslb.com/bfs/archive/a30d714e5da60d2580fc034790724516f0af2caf.jpg,《三个愿望一次满足》,1754135252,49,20739763,维C永不加班,https://i1.hdslb.com/bfs/face/c142467b4ed4919ad2d61b404d8b4d5b32a65c0e.jpg,65375,"手书,弗洛洛,天天天国地獄国,弗洛洛二创,鸣潮,鸣潮2.5版本二创",369184,465,764,23598,11440,2789,0,0,57322
BV1d9tjztEck,114973825048552,1,65,2064,网络游戏,单人RPG游戏,http://i0.hdslb.com/bfs/archive/f72e7aa98e4ed7b69f69c1b0208fe08de49c8e8e.jpg,“来个遥，我带飞”,1754361608,160,2026700452,电阻Rr,https://i1.hdslb.com/bfs/face/eed7c6690a05f01c29fef23b388ca3fd2dd1bb7f.jpg,19662,"微电影,王者荣耀,明日方舟,斩业星熊,不归花火,遥,夏活,赶人,玛恩纳,明日方舟夏活【墟】",674321,849,3587,7344,4837,22855,0,0,38298
BV1ud81zqE4W,114948004910116,1,250,2158,出行,旅游记录,http://i2.hdslb.com/bfs/archive/712b71a2bfe24380e35dfc740f52ef95cf6a4301.jpg,我真没偷渡！船是自己漂过去的！,1754389800,729,1837252267,虎牙青年Plus,https://i1.hdslb.com/bfs/face/eb332010521dffc55e69f81a5ff5b9eba8870478.jpg,720238,"旅游,越南,广西,环游中国,边境,自驾游,瀑布,崇左,友谊关,旅行攻略UP主激励计划",71879,809,282,952,1380,237,0,0,4412
BV1Nc8yzxEJK,114946847282683,1,182,2001,影视杂谈,影视解读,http://i1.hdslb.com/bfs/archive/1a48514b112672d74b2825817f5e514e686f0358.jpg,可惜，国产剧容不下她的欲望,1753956026,959,2371377,斑鸠鸭,https://i0.hdslb.com/bfs/face/2b925e0f6e814dbca67298e83b1733dbcc4f8828.jpg,343251,"古装剧,大秦帝国,大秦帝国之纵横,宁静,经典,uwant,友望云霄太空臂,0水渍洗地机,折腰,影视IP观察室",604432,1601,717,7993,3997,616,0,0,24915
BV13P8XzxEjk,114935388444486,1,17,2074,单机游戏,音游舞游,http://i2.hdslb.com/bfs/archive/f627937fcf0a6e87d3a45f7d40a73fe156d089f7.jpg,要被吵死了！（2）,1753848000,980,3946987,小砍丶,https://i1.hdslb.com/bfs/face/16822691d65d92ff970719c6644fdb7615df5d0b.jpg,2778809,"实况,解密,搞笑,娱乐,音游,小潮院长,小砍,One hand clapping,小潮team,推荐宝藏游戏",1856004,11655,2183,35206,38305,1652,0,14,136611
BV1Tjtgz8EjT,114969513297392,1,242,2009,娱乐粉丝创作,娱乐评论,http://i1.hdslb.com/bfs/archive/d7954f94897b659e6f2834bb9c0e092c2b6c8d06.jpg,传奇热搜王赵露思 内娱彻底癫了,1754298033,514,3546781006694901,我真的玉玉症了,https://i0.hdslb.com/bfs/face/cc515923daf9a49fba6031c54e09bca8a073935d.jpg,276250,"同诗剃须刀,赵露思,娱乐吃瓜大会",606147,2451,2010,3996,3016,1186,0,0,26768
BV1ANh8znE3j,114958994049745,1,21,2194,日常,中外生活vlog,http://i1.hdslb.com/bfs/archive/4fdd60225e2452043d32e0f8158a15f2e76a63ff.jpg,没想到这么快就离开了！一个人坐13h飞机去伦敦读书,1754135499,653,130636947,塑料叉FOKU,https://i0.hdslb.com/bfs/face/b23b68a60d4330aaa04c7785594bacad3837ff11.jpg,2960033,"伦敦,英国,旅行,生活记录,搞笑,vlog,塑料叉,出行,英国留学,寻找100个宝藏vlogger",1050915,1012,1562,6854,6158,854,0,0,51721
BV16ahMzHEuL,114961745447574,8,172,2064,手机游戏,单人RPG游戏,http://i1.hdslb.com/bfs/archive/47152ec13b8df06a01d6950c575f48db2abdf4c3.jpg,【明日方舟】“墟”AT-1~8低配平民全关卡攻略！操作轻松+语音详解的愉悦攻略！《明日方舟》|魔法Zc目录,1754193600,1196,13164144,魔法Zc目录,https://i0.hdslb.com/bfs/face/a84fa10f90f7060d0336384954ee1cde7a8e9bc6.jpg,3094928,"攻略,搞笑,平民,低配,魔法Zc目录,墟,泰拉探索协会,明日方舟创作者应援计划",346033,462,1222,2767,3272,1138,0,0,22561
BV1wBtjzzEps,114973657269383,1,95,2100,数码,手机,http://i0.hdslb.com/bfs/archive/1a45a0a0111f1286ee2917e452b995c0dbef8f78.jpg,这代nova为何赢？鸿蒙系统现在怎么样 华为nova 14 Ultra详细评测,1754377200,551,178690106,搞机所,https://i2.hdslb.com/bfs/face/1d04316b1eb19a97d950a368af672421ff6224ee.jpg,2379365,"科技猎手,数码,华为,科技,手机,双卫星通信,红枫人像准出片,nova14 Ultra,nova14有意思,nova",77315,283,586,887,692,41,0,0,5297
BV1Mnt5zVEQJ,114970939361940,1,171,2070,电子竞技,MOBA游戏,http://i2.hdslb.com/bfs/archive/5d6e8871f585e8a84683a9f051fdc1528b47de5f.jpg,阿狸的最后一页！,1754317574,198,600187439,还有下次的叭,https://i2.hdslb.com/bfs/face/16257d411b4196d3853dd7647f6d847d85d2d048.jpg,15242,"可爱,英雄联盟,云顶之弈,金铲铲之战,小小格温,最后一页,感动,小小阿狸",100141,259,486,845,1435,395,0,0,6175
BV1ndtVz8Epz,114971207797345,1,172,2064,手机游戏,单人RPG游戏,http://i1.hdslb.com/bfs/archive/930d8eb524672a09e309041a8e43c718c47cecc5.jpg,【禁闭者影像捕获】丨幽冕·海拉「亡灵使者」,1754366400,72,647409444,无期迷途,https://i0.hdslb.com/bfs/face/544b4a70c3f0b4333d114c61449a36765aeb05a7.jpg,1597149,"无期迷途,禁闭者,MBCC,残锋,幽冕海拉,海拉,三周年",292090,260,1323,1538,2079,1136,0,0,9835
BV12k82zNEQJ,114947434484904,1,138,2020,搞笑,翻唱,http://i1.hdslb.com/bfs/archive/8f6c880a68d4b456ece0a551d2fa3f344b58cad2.jpg,可能是我贱吧最合理的一集,1753969500,73,400719755,火山泥_咖啡,https://i2.hdslb.com/bfs/face/91d7a65d6bc552212f08c9ad63d453ae6f4fe21c.jpg,20230,"翻唱,填词,三角洲行动,乌鲁鲁,跳楼机,堵桥",1460476,600,2357,64519,25405,36966,0,0,152701
BV1zGtuzVEtE,114968137570923,1,76,2149,美食制作,美食制作,http://i0.hdslb.com/bfs/archive/0b9d47b2eb6c603554a75692b01b46113f404ead.jpg,【相信我！这不是黑暗料理！】,1754274994,104,417298480,村驴,https://i1.hdslb.com/bfs/face/c015fec3b6a2012bcbd3143c7f752bd7caf2c8d3.jpg,2437999,"美食制作,美食教程,厨艺,家常菜,黄瓜拌油条,凉拌菜",342732,200,784,8760,670,2425,0,0,18649
BV1hYt3zqEML,114970889035660,1,201,2207,科学科普,随拍·综合,http://i1.hdslb.com/bfs/archive/d784aef12aa5023f83aff03f02909ef58de245ab.jpg,特大暴雨来了：华南华北或同日特大暴雨，川渝44度高温有望略降低,1754317144,233,547072854,中气爱,https://i0.hdslb.com/bfs/face/e5f6be30a18988ed92f677e6a47a346270172081.jpg,2623135,"暴雨,重庆,台风,广东,川渝,竹节草,高温,40度,特大暴雨,万物研究所",669720,2040,4708,1518,1774,3530,0,0,33003
BV1YuhHzyEpy,114953390393940,1,21,2151,日常,美食测评,http://i2.hdslb.com/bfs/archive/69fd72d3da4b3ee8ef64e4cae4d7f533a86aab87.jpg,商家对于人类的咬合力一无所知,1754049997,317,1151638210,搞事明天玩什么生活版,https://i1.hdslb.com/bfs/face/429602c6f42c81a74a714806eeb53b33c15f3d8d.jpg,462042,"零食,测评,生活记录,舌尖真探事务所,零食测评,磨牙零食,必剪创作",498890,1157,695,2116,861,854,0,0,32132
BV1pQtVzAE23,114971191018774,1,47,2037,同人·手书,同人动画,http://i0.hdslb.com/bfs/archive/fec892777777004f2f31ad74290db137ea478dec.jpg,尴尬的关系,1754321821,152,676618045,Jeokhwa_赤花,https://i1.hdslb.com/bfs/face/caae232b67b90373e1fb3a14a8b5f4abb2f497b9.jpg,96313,"原创动画,手书",206945,421,713,11617,3531,203,0,0,19211
BV1yFtuzHEgD,114968003347954,1,17,2069,单机游戏,即时策略游戏,http://i1.hdslb.com/bfs/archive/0dd0938bdfbdb2bc6a1a773f07c9bf02924dd860.jpg,遇到玩奇迹于你的小鬼怎么办?,1754272786,37,3461573913872612,无縿,https://i2.hdslb.com/bfs/face/9ac4d298bba9bebff27fe5c57e0aff9b305d4ffa.jpg,634,"JOJO的奇妙冒险,奇迹于你,870游戏,JOJO的奇妙冒险群星之战,潮流躲雨,游戏技巧,小鬼,格斗游戏,群星之战",851659,152,812,9242,751,553,0,0,50163
BV1Tjtgz8EW8,114969513297420,1,17,2068,单机游戏,回合制策略游戏,http://i1.hdslb.com/bfs/archive/79967eeeb6e93f8b6b1835745ef4170f3c21426d.jpg,文明六什么瞬间最破防？【第五届乔尔杯】一定有人经历过！,1754296121,990,5415414,乔尔diu,https://i0.hdslb.com/bfs/face/4d621c82f443945051902f1989797b1d806777a9.jpg,765820,"策略游戏,战争,文明6,搞笑,游戏解说,文明,比赛,乔尔,文明六,推荐宝藏游戏",182369,864,457,1310,4487,449,0,0,12533
BV163h8zLEkf,114958658444668,1,215,2150,美食记录,美食探店,http://i0.hdslb.com/bfs/archive/8b73f1d8af10bda42fced5dd55ffc78d0ddaadc2.jpg,在湖北襄阳破旧老巷子里吃牛排锅配道口烧鸡，嘎嘎香！买单还与老板来了一场“自由搏击”太感动了#襄阳美食 #牛排锅 #牛肋排 #道口烧鸡,1754131164,505,504799975,达哥在上海,https://i1.hdslb.com/bfs/face/a1e1eec29314a6f0ed7ad59bf3f573ece5db5c71.jpg,433519,"街头美食,嘎嘎香,牛排锅,烧鸡,探店,湖北美食,牛肋排,襄阳美食",958876,596,533,2984,636,375,0,0,13572
BV1ZshpzpE4S,114954782907391,1,17,2071,单机游戏,射击游戏,http://i0.hdslb.com/bfs/archive/8f78445373d9296e0eff4b49bbb0e20557859e1e.jpg,⚡固排这一块⚡️,1754092800,487,253100586,星空钏,https://i0.hdslb.com/bfs/face/9cd9ae3564ebeca10b078772d07d5cc73ab5179e.jpg,1080,"FPS,娱乐,游戏集锦,电子竞技,三角洲行动,高燃,踩点,固排,三角洲破壁新赛季上线",85399,216,347,797,1394,134,0,0,5839
BV1sftJzQEpT,114975754421688,1,171,2069,电子竞技,即时策略游戏,http://i2.hdslb.com/bfs/archive/c3c5f78017d946d292981cb6bcef823d30dfe187.jpg,《魔兽争霸3》，全员变成空中单位，谁会成为单挑之王？,1754391295,1662,7773004,公孙雅量,https://i1.hdslb.com/bfs/face/d70558af4062b54b55cceadb63662258dfac78f2.jpg,346389,"魔兽争霸,原创,娱乐,单机游戏,电子竞技,魔兽,魔兽争霸3,经典游戏,即时战略,怀旧游戏",170374,3588,1420,964,4296,115,0,0,11183
BV1Uz82zTEnr,114947535148543,1,95,2123,数码,家用电器,http://i1.hdslb.com/bfs/archive/1d93659b9b9b5edc34fd3bd674e09e4da2b3ce36.jpg,是如画壁纸，也是旗舰电视！创维A7F Pro壁纸电视深度评测,1753961813,561,941799,野生的装机宅,https://i0.hdslb.com/bfs/face/7ad319543e71c4cbca135475fb73588ac987fe6d.jpg,1005916,"评测,电视推荐,miniled电视,创维壁纸电视,京东国补,创维壁纸电视A7F Pro,创维A7F Pro,智能电视,影音设备,京东新品",511782,272,420,1077,703,184,0,0,3566
BV1HDh8zUEcT,114958423563750,1,21,2154,日常,剧情演绎,http://i0.hdslb.com/bfs/archive/8e6c0c82e7e590b60675a3f99783d0b09c338f4f.jpg,《我为你暖了一杯茶》,1754126780,110,46508980,俊鸿,https://i1.hdslb.com/bfs/face/e12c07c423ff4b9edc5577f2fb7032a9f55aef39.jpg,783461,"篮球教学,体育,篮球,野球场,必剪创作,这是我的篮球主场",813491,442,380,3214,1693,623,0,0,74366
BV127tJzSEcc,114974328362340,1,182,2001,影视杂谈,影视解读,http://i0.hdslb.com/bfs/archive/c9ba57067854a605ba3d7dc0c3973930c71c4c1e.jpg,【万字拆解】血腥实验，杀戮元年！《人类清除计划4》第一届清除夜，人命换数据，小岛变囚笼，今晚杀人只为做科研~,1754380800,2170,245069296,迷影区间,https://i1.hdslb.com/bfs/face/a4aae4a3495cd589c21ee0d79d684ac82352c62b.jpg,891893,"万字拆解,若也洗发液,MAGA,人类清除计划4,杀戮元年,The First Purge,万字拉片大赛",224692,2080,290,3617,2437,158,0,0,10479
BV1C1tuzDEhd,114969580476265,1,17,2078,单机游戏,沙盒类,http://i1.hdslb.com/bfs/archive/e043bb5a3423226ac81302d0e1a2d7a90b4eef0e.jpg,MC加载世界时的动画，你知道其中隐藏的信息吗？,1754308800,156,510473487,电迷狂热者,https://i0.hdslb.com/bfs/face/25d17ed2257b59a7caeae77692c96c7b1945405a.jpg,57003,"历史,我的世界,彩蛋,MC,Minecraft,发展史,远古版",292090,427,741,6051,1020,499,0,0,14865
BV1JQtuz2Edm,114969781736517,1,231,2098,计算机技术,AI杂谈,http://i0.hdslb.com/bfs/archive/65a3c0a2e7e06d86d17e716522d2a1ceb5debcd9.jpg,一发现就是中晚期，胃癌筛查到底难在哪？,1754300077,306,515019371,知安局,https://i2.hdslb.com/bfs/face/efe6fff64ed76452a7360060ce2abde013c57dbb.jpg,341701,"癌症,CT,AI,早筛,胃癌,阿里巴巴,体检,癌症筛查,达摩院,万物研究所",84547,146,93,3900,2090,3333,0,0,6016
BV18P8rzdEtC,114944414588823,1,65,2071,网络游戏,射击游戏,http://i2.hdslb.com/bfs/archive/34c1941cafa81b03fce83e84117e0b8de25a9944.jpg,全是干货！看完100%爽吃潮汐监狱！全网最细节的潮汐监狱地图全复活点思路打法详解（一） 三角洲新老手必看 速成猛攻高手！全网最干三角洲猛攻必看教学,1754013600,8168,286886971,Chris小老板,https://i1.hdslb.com/bfs/face/7996d8ac050c7d38d50ef78b00e48f924d263a49.jpg,42438,"FPS,AixLeft,三角洲行动,潮汐监狱,善战行动,教程攻略,猛攻,地图详解,思路打法,三角洲破壁新赛季上线",145766,778,417,18218,5524,4175,0,0,15518
BV1D58BzHEfx,114941981888436,1,65,2071,网络游戏,射击游戏,http://i0.hdslb.com/bfs/archive/71b46c454693f78c62667252ebd6691cb690a032.jpg,这两兄弟不抓去拍抗日神剧可惜了,1753875669,403,3546899659360821,添财少女三角洲行动,https://i0.hdslb.com/bfs/face/532e5d3a2c5d046012f9c84e7d85b9683cd6d8e3.jpg,27998,"搞笑,娱乐,三角洲行动,三角洲欢乐剧场,三角洲行动破壁新赛季,陪玩",1743117,2006,1392,32062,4889,6394,0,0,68302
BV1y182zAEpu,114947468035698,15,172,2076,手机游戏,女性向游戏,http://i0.hdslb.com/bfs/archive/fc5bced0d6ee6f033800e7718cc4441903ea7d24.jpg,【无限暖暖】1.8丹青屿+丹青之境 宝箱+奇想玉琚+丹青玉魄 一条龙收集,1753960052,8078,1773346,莴苣某人,https://i1.hdslb.com/bfs/face/2a973191e45f611699c85d404baee50163a6f2ec.jpg,5563333,"手机游戏,游戏,暖暖,奇想星,丹青季,宝箱,露珠,无限暖暖,无限暖暖创作者激励计划",2122990,14164,3687,20828,35176,2273,0,0,35072
BV1MrhuzNEAo,114963070851766,1,22,2063,鬼畜调教,鬼畜综合,http://i2.hdslb.com/bfs/archive/c30688e4bafe9ac4ca912890b638a028ebd5a8c0.jpg,可曾见过我的巅峰时期,1754197463,106,1299235255,欧欧比多,https://i1.hdslb.com/bfs/face/c661ec3bdac9e33113b4d256fa312b3c4514c487.jpg,16048,"决斗场,葫芦娃,搞笑,鬼畜,格斗游戏,火影忍者手游,巅峰时期",193901,152,696,5990,556,2100,0,0,18801
BV15ctgz6Ewk,114969748180838,1,47,2037,同人·手书,同人动画,http://i1.hdslb.com/bfs/archive/067a71e137d79a7f76f5f642c5dada712cf9dd96.jpg,《飞武至尊》1~9集合集！视作亲女儿的弟子反叛宗门？不说了，开挖吧！！！,1754299282,2945,3546854241340223,旺旺旺漫,https://i2.hdslb.com/bfs/face/d43d774f28a844cafa2ac9c4e31401542b9927a4.jpg,41417,"原创动画,动画短片,动画,手绘动画,国产动画,二次元原创,飞武至尊,原创手绘,手绘漫画,一口气看完系列",53490,481,173,2854,1745,58,0,0,4921
BV1p881zsEP9,114948223013471,1,21,2181,日常,两性知识,http://i2.hdslb.com/bfs/archive/e8f8c711d823dc1c5968948dd59428ca989b38e3.jpg,被女友逼成S有感,1753977728,320,478720594,少吃点布洛芬,https://i1.hdslb.com/bfs/face/abccc6cbef2dc8afddd140a5366e445065e0fe46.jpg,451491,"健康,心理,体修,了不起的她,还是算了爸,0笼T透,字母表,角色扮演,精致人生,小男孩原子弹",740735,7254,2372,9845,5846,10562,0,0,56200
BV1sBhNzDEqh,114959346376165,1,172,2064,手机游戏,单人RPG游戏,http://i2.hdslb.com/bfs/archive/72022ad6e1c395b85703462a6aa0a4ca73c199f6.jpg,【崩坏星穹铁道】刻律德菈无敌机制拐？海瑟音要不要抽？ Dot最后的希望！3.5版本前瞻直播攻略！新角色 卡池前瞻配队及抽取建议攻略 版本卡池规划,1754140768,552,27500557,梦轩dada,https://i1.hdslb.com/bfs/face/434105b91b2a2d7e00ebe8f3da4112acafe1f183.jpg,1587454,"二次元,游戏,星穹铁道,崩坏：星穹铁道创作者激励计划,刻律德菈,海瑟音,星穹铁道3.5版本,版本前瞻,版本规划",491214,1488,2338,3310,7300,1129,0,0,23767
BV1syt3zFEjK,114970436043917,1,176,2108,汽车生活,汽车生活,http://i1.hdslb.com/bfs/archive/3026b87185413995f058c91a2ed597a6f49b9783.jpg,老雅阁老当益壮，小老哥天赋异禀,1754352000,387,1745143606,争取最后的自由,https://i1.hdslb.com/bfs/face/2ae4a7fcf321673035a572fea77acc3b3d1e0211.jpg,1577689,"汽车,雅阁,驾驶技巧,美国警察执法,美国警察追车",116578,463,252,656,547,119,0,0,8141
BV13ohHzkEEC,114952870304409,1,21,2114,日常,鞋服穿搭,http://i2.hdslb.com/bfs/archive/dfff2aa6267fb0b4e2c0e113523af767d2249914.jpg,猜猜我都能在什么地形上穿高跟,1754041988,41,451835587,奥戴丽好笨,https://i1.hdslb.com/bfs/face/771fc935df986dcfb15aaae441c9bc7cda5bfe4d.jpg,2066259,"穿搭,高跟鞋",1412105,583,2011,5330,1334,1960,0,0,100866
BV1wP4dzGEEv,114976693949189,1,212,2150,美食侦探,美食探店,http://i1.hdslb.com/bfs/archive/92a6a58a9240500ec2e58f1c761ad3727eae0234.jpg,日本社畜吃点啥？同事推荐の平价社畜人气寿司居酒屋，好！免除一死👋🏻,1754405569,210,15874359,大阪流浪社长,https://i0.hdslb.com/bfs/face/e056229473e236e0a9d2b0bf8719ce1192b27c0f.jpg,426846,"寿司,刺身,日本,日本料理,日本生活,大阪,探店,日本vlog,日本海鲜,假期美食特种兵",99215,224,316,691,687,154,0,0,9871
BV1rTtuz2ExC,114968187902103,1,21,2207,日常,随拍·综合,http://i1.hdslb.com/bfs/archive/02bd9462a952a7c1e5a704a9f502316b677b4f07.jpg,UCLA计算机硕士 刺客信条如何在巴黎上学,1754280503,113,11676354,谢万宁Shawn,https://i0.hdslb.com/bfs/face/e2f6851e850a2acb5139a718b2a36a6ea7e6693c.jpg,192520,"刺客信条,法国,留学生,雷鸟V3,全网命最硬的留学生,孟加拉,UCLA,专业动作请勿模仿,硕士,寻找100个宝藏vlogger",470721,203,436,7795,3669,688,0,0,22846
BV1vnh8zuEjB,114958759104014,1,171,2070,电子竞技,MOBA游戏,http://i2.hdslb.com/bfs/archive/7846a1ffcdaf4faa7233854b71057000908618de.jpg,《看完第一波铁男能不笑的你是这个...👍》,1754132943,140,88160614,困困君丶,https://i1.hdslb.com/bfs/face/0451880ede12cab7af87e774cad52536934b6bee.jpg,562555,"第一视角,电子竞技,英雄联盟,精彩集锦,数值怪,5A连招,平A穿插普攻,铁男,MOBA,英雄联盟电竞世界杯",584507,271,321,565,1551,250,0,0,38758
BV1sT82zFENz,114947551991715,1,171,2071,电子竞技,射击游戏,http://i0.hdslb.com/bfs/archive/b515625c8678d6484f2c55a27aa0a829c376d373.jpg,大超老师再为CS贡献顶级战术——《Super Chopper》,1753960853,166,203680252,AYCS2,https://i1.hdslb.com/bfs/face/00981afbe0562c34f53b8279670a3e0ebd1f21c8.jpg,1100777,"搞笑,CS,战术,cs2赛事名场面,绿龙,大超,spirit,cs2,chopper,CS2赛事暑期狂欢",1025394,792,2932,8215,9429,26215,0,0,45454
BV1gthNztEpy,114959195314380,1,65,2037,网络游戏,同人动画,http://i2.hdslb.com/bfs/archive/ce6120fa2d2a1f1f1f84b4e88c6eb1b2e0857eba.jpg,《我的总裁怎么这么难吃》,1754138348,169,3493268906052571,XA小业专,https://i1.hdslb.com/bfs/face/67fbf0759ac8549310f7e3976f97ef896eda14eb.jpg,201948,"三角洲行动,三角洲破壁新赛季上线",571151,269,303,7743,570,198,0,0,28146
BV1bnhHzTEWr,114953004521629,1,138,2201,搞笑,潮玩玩具,http://i2.hdslb.com/bfs/archive/19bc98d855e75f9748e2de82e1e4edf987c3b145.jpg,开箱！不藏了，都是工作需要！,1754043982,164,2079933284,河马君,http://i2.hdslb.com/bfs/face/8f286dd065e0efef92b5c4602139bacfb47cd508.jpg,2506859,"玩具,可爱,开箱,搞笑小剧场,盲盒",1920269,683,423,13548,1592,858,0,0,104781
BV1Z9tEzKEoq,114974596797297,1,176,2109,汽车生活,汽车技术,http://i1.hdslb.com/bfs/archive/87d5992fa4a4412b1dab489c0195c5987f390777.jpg,亲手造一辆小米，探秘科技公司造车真实水平,1754380800,517,394609671,终极小腾,https://i0.hdslb.com/bfs/face/9fb58015e9584916246cb33af4773ad1edabeead.jpg,2421774,"小米,跑车,汽车,非正常试驾,性能真相局,工厂,性能,电动车,提车,为什么真性能车更安全",555015,714,1206,3705,6171,1820,0,0,18237
BV14ntGzvEgV,114970301894418,1,65,2070,网络游戏,MOBA游戏,http://i0.hdslb.com/bfs/archive/4edb91bce6fc2908203c7b2bfacff75d29bae2db.jpg,【赛后补习】雪如意夺冠（下）刀塔BP博弈的独特美感！莫言决赛第五把火猫究竟有多顶级？,1754308493,2260,103128201,辉耀计划,https://i0.hdslb.com/bfs/face/3369d65e9974ae74a103fed7b4c23cd836d39745.jpg,288918,"电子竞技,DOTA,DOTA2,刀塔2,刀塔,MOBA,战车,shiro",121398,1331,357,554,2931,108,0,0,4768
BV1LVtEzeEjv,114975100111885,1,172,2079,手机游戏,其他游戏,http://i1.hdslb.com/bfs/archive/d8ca94ad4665ca214ece206bae74a242d9bdb009.jpg,大失所望！奥特曼新游？不如说是半成品加氪金按钮！,1754388300,314,36336420,林虎_LinHu,https://i0.hdslb.com/bfs/face/b88c192a764f5b3737f6093a4ff613e4b7982ef4.jpg,747665,"国产游戏,迪迦,氪金,手机游戏,搞笑,奥特曼,手游,奥特曼：超时空英雄,新游试玩,整点电子榨菜",48402,173,103,1554,1433,38,0,0,4970
BV1awtMzwE22,114968573839920,1,158,2114,穿搭,鞋服穿搭,http://i0.hdslb.com/bfs/archive/5e0b71ca40675c815190ed7a23aa72a60ecfb5fa.jpg,单品拯救｜妈妈的衣服也可以很时尚！,1754281441,437,361775100,怪力老陈,https://i0.hdslb.com/bfs/face/1302cf417c3f44d1b58f0ee180c8eb87f283dfbe.jpg,1489601,"服饰,穿搭,女装,日常,生活,日常穿搭,衣服,单品,穿搭技巧,趁热时髦穿",321503,697,471,2774,4139,160,0,0,34911
BV1AJtMzSE1A,114968640883468,1,172,2064,手机游戏,单人RPG游戏,http://i1.hdslb.com/bfs/archive/88a3d1ba5c0ce9212ebeb7545ec575dc22231314.jpg,[Silver Chariot]！爱丽丝超详细攻略，最喜欢简的一集。,1754283477,1459,25048847,莫娜摸鱼专用,https://i2.hdslb.com/bfs/face/2aba2cd82169ed763144b9e994d645d90d613db2.jpg,377540,"攻略,4k,ZZZ CHOICE,简爱,爱丽丝,动作游戏,绝区零,绝区零攻略",75760,293,348,908,833,161,0,0,5544
BV1znh3z4Efj,114964127880409,1,138,2154,搞笑,剧情演绎,http://i1.hdslb.com/bfs/archive/016ba8061dc8e5d8bcc1568bf6f7c21d0bb2ed20.jpg,《打工皇帝养成记-服务员篇》,1754213859,296,485359169,邢三狗子,https://i2.hdslb.com/bfs/face/70782f5063ee85c90d422bdd28d8888a049c3ff8.jpg,2060263,"原创,剧情向,短片",2289307,778,349,16949,1579,203,0,76,76306
BV1QQtGzVE3P,114969966284073,1,171,2070,电子竞技,MOBA游戏,http://i2.hdslb.com/bfs/archive/33aaf80101399c9e50f20fd53dbc124b03ffa0c2.jpg,三路被单杀？掉线？15？优势被翻？一场对局集齐了全部逆风的要素，教你怎么完美运用进攻和防守回合，一次不死完成1拖4！,1754302660,705,360912649,小汤宝ovo,https://i1.hdslb.com/bfs/face/07c439185575fa04f7c92e80e192434ddcb182f2.jpg,94928,"英雄联盟,小汤宝,打野,职业选手,博弈论,推荐宝藏游戏",96104,339,284,569,1292,233,0,0,8950
BV1kSh8zJEMR,114958440406202,1,162,2037,绘画,同人动画,http://i0.hdslb.com/bfs/archive/772c0425d184ba7a8e5da775b421b738b5329499.jpg,当代年轻人保命法则,1754126900,34,3546869831568293,王多鱼的像素画,https://i2.hdslb.com/bfs/face/0fcf169031174a0185bb2b94bef2aa0c2056171b.jpg,1556,"王多鱼的像素画,当代年轻人,内容太过真实",981101,681,4848,16070,1800,1405,0,0,70053
BV1AihAz5EsW,114941361130856,24,172,2064,手机游戏,单人RPG游戏,http://i0.hdslb.com/bfs/archive/9bdc803037ec2e2372bcfb2b755f024a8b7867df.jpg,【原神一条龙全收集】纳塔5.8(成就数169/火神瞳49石盒56)悠悠度假村/宝箱/摩拉堆/玉帛/火之印/探索度/原神5.8一条龙,1753866689,10855,431073645,你的影月月,https://i0.hdslb.com/bfs/face/2e32de7b28fc491a28281a22c6ea9f5d195cbdf5.jpg,8927498,"原神5.8版本,纳塔5.8,悠悠度假村,5.8一条龙,游戏攻略,游戏鉴赏家,原神,原神高能团",7126144,57792,4714,74721,52007,8736,0,14,81936
BV1Lctgz6E6X,114969748182422,1,65,2071,网络游戏,射击游戏,http://i2.hdslb.com/bfs/archive/c4d2e3cb4185abf52f434ba6e1cbdd4ebae78544.jpg,一秒变异！拥有顺风耳的听力加持，夺舍成功是必然的,1754299753,200,331514361,苏醒游戏解说,https://i0.hdslb.com/bfs/face/dd578b65eb0a8beaff6f4677c76cf9cfc0ce75b4.jpg,694099,"电子竞技,第一视角,FPS,迈从,三角洲行动,迈从V9",480392,482,709,1958,1369,219,0,0,20875
BV1YNhJzzEWt,114952601864362,1,218,2167,喵星人,猫,http://i1.hdslb.com/bfs/archive/554f496f922a28b78a701166d975e91368aef856.jpg,害，没点脑子真养不了这猫！,1754125800,242,538142100,圆圆的智子,https://i0.hdslb.com/bfs/face/16d4089d378a421d33bb56f7067727be0a992d7c.jpg,546731,"原创,搞笑,霍尼韦尔猫用净化器,霍哈宝,流浪猫,美短,狸花猫,智商,捡猫,萌宠UP主加更计划",659602,962,874,11834,26795,1197,0,0,52081
BV1PX8zzLE4K,114943055627737,1,17,2078,单机游戏,沙盒类,http://i0.hdslb.com/bfs/archive/2fcf707933992570a995fa32e4a59ca68edb3eab.jpg,【十年之约】爆肝百万方块打造的科幻海货塔！,1753954200,604,35927925,炜诺,https://i0.hdslb.com/bfs/face/20b90eafc100f9690ec46f26c4f54537964aaded.jpg,428453,"我的世界,生存,沙盒游戏,Minecraft,肝帝,一辈子,像素风,爆肝,十年之约,推荐宝藏游戏",874814,2439,318,27378,10316,320,0,0,61411
BV13ih3zjE39,114963758712213,1,65,2071,网络游戏,射击游戏,http://i0.hdslb.com/bfs/archive/1a3af7e24994d9a9e606a2692e9a650ed3e26dfe.jpg,【乌鲁鲁金曲】⚡我的堵桥式由我做主！⚡,1754207925,184,1885660902,永雏小满,https://i0.hdslb.com/bfs/face/42e077cf7df2c2f366179c10996a0b55085960f0.jpg,9204,"搞笑,填词,三角洲行动,三角洲,乌鲁鲁,堵桥,三角洲破壁新赛季上线",374145,2394,1149,18402,5635,13057,0,0,57680
BV16ohnzXEFK,114953256181041,1,157,2111,美妆护肤,美妆,http://i0.hdslb.com/bfs/archive/a04464632b492e95efc5a9123c01e172841e380a.jpg,外公为了支持我的美甲事业,1754047861,117,22568886,杭州_张白芝,https://i0.hdslb.com/bfs/face/ae49e929d3ecec99388a2042ad95151598424c8c.jpg,730,"美甲教程,美妆,美甲,日常,普通人变美指南",546972,245,383,1460,809,203,0,0,46187
BV1nDh8zUEwi,114958423558324,1,21,2154,日常,剧情演绎,http://i0.hdslb.com/bfs/archive/90d979c4ac6c8dea6eb375c9f4588e3b02932d58.jpg,《人类吸收过量盐分的话》,1754126904,130,594136614,芮予猪猪,https://i0.hdslb.com/bfs/face/3c8c2a66aab3c00fd2427a884b33196eedf22940.jpg,168962,"意想不到的结局,剧情,反转,搞笑,搞笑小剧场",3816077,1343,2296,56332,14293,6260,0,8,317894
BV19QtGzVEuu,114969966286608,1,21,2064,日常,单人RPG游戏,http://i0.hdslb.com/bfs/archive/68c26ad933b79ba4229dd3f8c55c8eb1f39dbe68.jpg,崩铁高科技整理·一,1754302710,557,184419105,绝望之苦,https://i0.hdslb.com/bfs/face/7b221651eec22cd4258b418ecaed9ea3f54b05f0.jpg,16123,"迷图,崩坏:星穹铁道,帝弓,螺丝咕姆,星际和平公司,反物质军团,崩坏：星穹铁道创作者激励计划,帝皇鲁伯特,黑塔,仙舟联盟",129187,221,1771,2030,839,145,0,0,10682
BV1Md81zqEu8,114948004906204,1,247,2107,新能源车,汽车文化,http://i2.hdslb.com/bfs/archive/7282740ad93bfb951934d177203c786fac741d59.jpg,我把“奶龙”变成了车，路过的小孩都馋哭了,1753968480,481,497525820,所长Wy,https://i0.hdslb.com/bfs/face/5137009463f59bf5ed46af3a8779d63ed6ca3304.jpg,1401966,"汽车,改装,痛车,埃安UT,AION UT,新能源车,汽车改装,奶龙,汽车测评,小车",995419,9385,790,6401,4615,1578,0,0,38954
BV1gHhAz9EA8,114941176580312,1,171,2068,电子竞技,回合制策略游戏,http://i0.hdslb.com/bfs/archive/5e229d50cfa2fe544b01f281ff0906c314e6ec72.jpg,新赛季上分首选，一期看懂格温永恩九五【云顶之弈】【金铲铲之战】,1753930800,245,18343134,林小北Lindo,https://i0.hdslb.com/bfs/face/fc093c1e6784b5f51e4697c739fe70e519ba36f7.jpg,1850880,"电子竞技,云顶之弈,云顶阵容教学,金铲铲之战,云顶之弈激励计划,云顶s15,云顶之弈s15,天下无双格斗大赛,云顶s15上线,林小北",327750,79,629,3319,662,536,0,0,6483
BV1pghuzxEWd,114963137960695,1,121,2041,GMV,动漫剪辑,http://i0.hdslb.com/bfs/archive/3df4d03f19bbd44c52419c9d1e0aae8864303491.jpg,【𝟖𝐊/𝐇𝐃𝐑/𝟏𝟐𝟎𝐅𝐏𝐒】查尔斯: 天下无敌 - 马克: 天上来敌＋片尾曲《第一推动力》,1754217576,146,675872284,IM闪电,https://i1.hdslb.com/bfs/face/678d87055389a45c74bd659afd935781310029fa.jpg,125880,"白月魁,灵笼片尾曲,灵笼第12集,灵笼白月魁,第一推动力,动画种草激励计划,灵笼12集白月魁vs马克,雨燕号,马克,太空战",238579,214,768,3337,1741,997,0,0,7663
BV1qEh8z6END,114958775885280,1,85,2154,小剧场,剧情演绎,http://i2.hdslb.com/bfs/archive/3e5112cb62bd37bd1d7de75e6c7a2c6a939853f9.jpg,陈翔六点半：一出好戏，千年算计,1754132157,517,19286458,陈翔六点半,http://i1.hdslb.com/bfs/face/aad3b1bb735d2bd4066805f2a84892644fad8e2a.jpg,3219197,"陈翔六点半,搞笑小剧场",1559067,1565,599,5485,1595,175,0,0,25400
BV1KyhuzAEMv,114963104406729,1,136,2074,音游,音游舞游,http://i2.hdslb.com/bfs/archive/a42d805248f9c2d1bd5816e60a36ada4fa3b957b.jpg,《 杂 交 版 音 游 》7.8,1754197994,123,92930253,HL_Storia,https://i0.hdslb.com/bfs/face/c56f531ec328d0ba3431e46c39e3a1dab97abedc.jpg,181178,"音乐游戏,东北,音游,雨姐,pjsk,STORIA,杂交,带派,phigros,整点电子榨菜",798559,649,1496,24781,3709,7874,0,0,51038
BV1H9hFzNEkT,114940656488214,1,138,2156,搞笑,UP主小综艺,http://i1.hdslb.com/bfs/archive/99e978ed50147ac3b9bccdce88dda50c24edaa89.jpg,《 有 辐 之 人 》,1753855731,293,226231535,智勇双全富贵君,https://i2.hdslb.com/bfs/face/f63d4962dd2dcf4d2cc9cae63cd01a2049f32dab.jpg,2200494,"拼好饭你变了,补贴是一时的拼好饭是一直的,点拼好饭只有0次和无数次,重要的事情值得拼一下,拼好饭6.9元盲盒,拼好饭6块9盲盒抽孙颖莎周边,美团拼好饭",5374299,3821,999,49422,5596,1271,0,34,157937
BV14V8CztEsV,114945152779638,1,59,2021,演奏,演奏,http://i0.hdslb.com/bfs/archive/0ab69bb2a8bd7611b4cbba0cc927a8e020466f69.jpg,梁祝是伟大的，使外国友人安静。想不到吧，小提琴可以当二胡使……也算是一种文化输出？,1753923990,32,1275343418,Yangruikee,https://i2.hdslb.com/bfs/face/0861ed56d6dd7d34911d0949a108892420f3103d.jpg,98082,"演奏挑战赛,梁祝,演奏,留学,文化,小提琴,古典音乐,二胡,独奏,文化输出",1522005,205,1327,9914,2292,1053,0,0,155474
BV1HYhgz8EzW,114962567660852,1,172,2070,手机游戏,MOBA游戏,http://i2.hdslb.com/bfs/archive/2a8c152fdbf14547ef01c33e854b386c97896402.jpg,朵莉亚零基础到精通！看这一个长视频就够了！,1754189701,881,298590209,益达兄弟辅助教学,https://i2.hdslb.com/bfs/face/125d2935b53d5635d8962fa2388a35ca665d6039.jpg,540333,"辅助,益达兄弟,朵莉亚,#王者荣耀夏日盛典,#朵莉亚在编人鱼公主,王者荣耀山海皮肤",189207,229,282,6021,1766,1044,0,0,13487
BV12eh5z5EF6,114966107527968,1,172,2064,手机游戏,单人RPG游戏,http://i1.hdslb.com/bfs/archive/fe7bfc7e8efbb509c75af34e2ef16443c2e802ad.jpg,[星铁手术104]史诗级爽号！大夫化身来古士，带神礼观众们观测无尽轮回！！！,1754274600,3719,81371985,男人的承诺,https://i0.hdslb.com/bfs/face/bb9fee691230d99aa6fa013cf80a45bfe7ec91cd.jpg,374842,"崩坏：星穹铁道,星穹铁道,联合会诊,痛苦号,飞霄,崩坏：星穹铁道创作者激励计划,星穹列车团,恭梓呀,男人的承诺",118603,1040,545,892,1245,296,0,0,6693
BV1u6h3zCEQi,114963708385472,1,21,2003,日常,影视资讯,http://i0.hdslb.com/bfs/archive/cb87c58189b6181a602881beafa43647017e1916.jpg,电影《731》定档9月18日,1754207292,16,456664753,央视新闻,https://i1.hdslb.com/bfs/face/2dc9c34444ba9f8e891fdc98e6c331fa3c02d127.jpg,21822992,电影,1540807,55549,3521,18136,37435,22919,0,32,293102
BV1K7tgzfEp6,114969496521256,1,171,2091,电子竞技,设计艺术,http://i1.hdslb.com/bfs/archive/218739eb0631c0a88e0742a07012e682f64751a7.jpg,来不及悼念幻影坦克了，接下来登场的是“光棱坦克”！,1754295679,330,11023521,letmedream,https://i0.hdslb.com/bfs/face/4b0e143579e321d10eac6191db3f3703f626cd08.jpg,405959,"PS教程,PS,光棱坦克,隐藏图,超清科普小课堂",156561,75,641,6943,1311,1072,0,0,8670
BV17m8SzbEWn,114949430973173,1,47,2037,同人·手书,同人动画,http://i2.hdslb.com/bfs/archive/2640e8a410f1c5d7ffbefddba452e793d1c3844a.jpg,【许二木手书】二拜天地——汤群像,1753989607,169,1648246266,松野冬芽,https://i0.hdslb.com/bfs/face/5da4c1df6f9a0d247450f1381e5d4eb4b521e2da.jpg,1906,"群像,同人,手书,许二木",184580,502,523,19264,13591,1389,0,0,29395
BV1rytEzVEHM,114974496263161,1,228,2103,人文历史,工程机械,http://i2.hdslb.com/bfs/archive/9aed2f84935d4f10057d5161b7cce9c216613888.jpg,1.2万亿再造5个三峡，雅江水电站对中国意味着什么？,1754372103,427,26108626,赛雷三分钟,https://i1.hdslb.com/bfs/face/4eb764b8c6afc48ad1e7aaf84b0f58db3d4dbb3f.jpg,3229167,"科普,地理,三峡,雅江水电站,青藏高原,发电站,雅鲁藏布江,万物研究所",291087,1419,1382,2779,1727,487,0,0,24993
BV1BWtVzHEFc,114971560121878,1,17,2077,单机游戏,休闲/小游戏,http://i2.hdslb.com/bfs/archive/2db5cfa39905a30d0b1ffc6aa4f4abceddd76f86.jpg,融合植物284：海鲨大喷菇！,1754348400,353,3546619314178489,蓝飘飘fly,https://i1.hdslb.com/bfs/face/f2bc644c3cf25590bbc7954daecf3e3a9aec5711.jpg,1503006,"娱乐,植物,植物大战僵尸,水蘑菇,融合版,融合植物,模式,大喷菇,融合,推荐宝藏游戏",344299,1113,1683,1955,1458,392,0,0,17016
BV1hLhHz6ECN,114953323289266,1,30,2023,VOCALOID·UTAU,AI音乐,http://i1.hdslb.com/bfs/archive/d92395ec75a419bbab873a6a6f59979cf5fa101f.jpg,【AI三角洲全干员】《天真的橡皮》人生呐 能不能放过我这一次,1754048723,170,487301495,饿了自己会捡垃圾吃,https://i2.hdslb.com/bfs/face/d4e066e460b1d948bdb99d7d1001a8ffeb731eae.jpg,254460,"音乐,娱乐,游戏,翻唱,三角洲行动,蜂医,麦晓雯,三角洲欢乐剧场,三角洲,威龙",798420,1522,1242,40098,5178,1706,0,0,49935
BV1bch3zgEBF,114964345919881,1,171,2044,电子竞技,动画配音,http://i2.hdslb.com/bfs/archive/8fa9c9a1ec87aaeca69676310a3e1665206ceef6.jpg,猛虎王我跟你爆了，这一次我不逃了,1754216986,223,403920564,大厨-鲜榨配音,https://i0.hdslb.com/bfs/face/24cb275491ee6489fdf85d846ba7d7e27866601e.jpg,97822,"河南话,童年,国产动画,动画种草激励计划,大厨金铲铲,洛洛历险记,搞笑配音",122878,313,246,1395,1163,1017,0,0,13097
BV1dn82zJEgQ,114947736472957,1,138,2092,搞笑,心理杂谈,http://i2.hdslb.com/bfs/archive/198253c7de4c91a0eff049b3d445acf8022096f5.jpg,恭喜你，创造出了一个疯小孩,1753963482,99,3546883385461219,猫meme小山楂,https://i1.hdslb.com/bfs/face/2c0ab4995c2dde5f5927c6d59d6b3db798ee377d.jpg,16229,猫meme,338484,580,996,13463,1295,2779,0,0,38443
BV17gtEziEE7,114975066555514,1,212,2150,美食侦探,美食探店,http://i0.hdslb.com/bfs/archive/f872b71358c3028f799fa895aec1003ea1270849.jpg,5500韩元在韩国女校食堂能吃到什么？没有草料，但也没有肉,1754388000,979,39627524,食贫道,https://i2.hdslb.com/bfs/face/eef12b850c10b0d7a7929236abb08604955823c0.jpg,7935228,"美食,韩国,4K,大学,草料哥,大宝荐,舌尖真探事务所,食堂,记录,食贫道",745450,6517,3399,6623,9650,2618,0,0,51182
BV1HNhNzVEJm,114959379864243,1,172,2071,手机游戏,射击游戏,http://i1.hdslb.com/bfs/archive/76c6efa98a894f5f2d2dabbb5d3d9222b6afeecb.jpg,教大家免费白嫖官方发的红【GTI中心特别支持】,1754141235,145,2063040064,不败新知缘,https://i1.hdslb.com/bfs/face/18037a47077b0f23d4a8c29fac19ade7f1f66599.jpg,13776,"三角洲行动,GTI中心特别支持,鼠鼠,跑刀,萌新攻略,大红",476319,1775,1004,20154,1594,3460,0,0,25864
BV138huzkEzs,114962919853891,1,47,2037,同人·手书,同人动画,http://i2.hdslb.com/bfs/archive/89463191ec5dd044043cc37e0e7cb84ce7d84393.jpg,方源的奇妙冒险：不灭宿命,1754195043,15,183788517,大力村,https://i0.hdslb.com/bfs/face/efdd0aff6f87cceb06e529263c6e7362fd4b0bd1.jpg,10573,"大爱仙尊,宿命大战,仙工开物,#仙工开物,2025中洲炼蛊大会,jojo的奇妙冒险,古月方源",652374,187,1220,23789,8139,6538,0,0,70353
BV1Bjt3zEEMv,114968926096205,1,138,2154,搞笑,剧情演绎,http://i2.hdslb.com/bfs/archive/bc8ad84ed86de02bedb1a2290f3a9163c08224d0.jpg,《关于同事外卷这件事》,1754301600,94,1699496602,李什么闯啊,https://i1.hdslb.com/bfs/face/35c7e7548611cd51bad82e2071bfe739f23315d4.jpg,936528,"办公室,搞笑,内容过于真实",1177834,744,1568,21462,10503,11416,0,68,158789
BV1zqhHzxE4m,114953155579113,1,138,2037,搞笑,同人动画,http://i0.hdslb.com/bfs/archive/3dfe7733d6f6871b6f61512816dc646e2f08a103.jpg,《究 极 超 B 界 大 战》,1754046569,429,321422126,进击的金厂长,https://i2.hdslb.com/bfs/face/339c136489ea2af91bd1d8688ba7259e958ded28.jpg,5115841,"动画,搞笑,B站,二次元,短片,动漫,搞笑小剧场,战斗,热血,鬼灭之刃",1889561,16413,33953,74177,100518,6123,0,7,210479
BV1dxbQztEap,114913678791271,1,201,2090,科学科普,人文历史,http://i2.hdslb.com/bfs/archive/1f8920a469d3c5d39eacef24469f4bbd59e2f773.jpg,选3到7岁幼女为“神”，不能哭笑，脚不沾地，通过32种考验，月经初潮就要退位,1754042400,723,80900494,捕月说,https://i1.hdslb.com/bfs/face/c90a38ec3f9e90b0adc20a51ec7d7bd4ac1d8bc3.jpg,883831,"印度,奇闻,都市传说,尼泊尔,未解之谜,印度教,活女神,库玛丽,捕月说,万物研究所",4012966,2020,643,17939,1321,422,0,0,48474
BV1BGtuzVEso,114968137565656,1,27,2047,综合,虚拟UP主,http://i2.hdslb.com/bfs/archive/f7e67a12d3f34616fcbdec7efb4e0e988df446eb.jpg,B站首位肛周脓肿手术VUP之《指诊是不得不品的一环》（第一集）,1754275602,472,2093232,轻叹ww,https://i0.hdslb.com/bfs/face/589f24b1895893eaa8007761068229b9fef5c441.jpg,539583,"生活,虚拟UP主,搞笑小剧场,直播切片,痔疮,手术,虚拟主播,肛周脓肿,VUP,肛肠手术",382698,242,589,12312,788,817,0,0,14144
BV1uLhhzaERs,114958155127485,1,65,2071,网络游戏,射击游戏,http://i1.hdslb.com/bfs/archive/8ffe5d7faadc84c93b1651460decfafe001fa15f.jpg,无头无甲邪恶双喷百万撤离!,1754122809,255,391279365,花牛三角洲行动,https://i0.hdslb.com/bfs/face/73b02b53455186b49f033ab446acf0ff598a4266.jpg,38243,"射击游戏,搞笑,三角洲行动,挑战,三角洲破壁新赛季上线",809517,299,955,25663,1433,2438,0,0,23699
BV1vJhTzrENg,114960319450783,1,183,2207,影视剪辑,随拍·综合,http://i0.hdslb.com/bfs/archive/94e34cca2bd8caf54053408f15a23970cbc09aaf.jpg,《胜利队之虎》胜利队哪个部门最危险呢？,1754179200,65,362139248,阿飞乱剪呀,https://i2.hdslb.com/bfs/face/fa4d425d984768de2418953207ae32b871db8906.jpg,12429,"周星驰,鬼畜,逃学威龙,吴孟达,曹达华,重案组之虎",1661824,463,869,7851,4453,7924,0,0,49967
BV1jLtEzAEFH,114974747795302,1,182,2004,影视杂谈,影视正片搬运,http://i2.hdslb.com/bfs/archive/e495e40043a3f25d51c7f3a31f9a68ad5b3ee879.jpg,【雍正王朝72】万众期待的殿试大选终于开始啦！,1754388000,1228,70942172,貔柴,https://i2.hdslb.com/bfs/face/494eda60f33565f86892820e687d502c52b04c84.jpg,807347,"唐国强,张廷璐,每日一贤,雍正,雍正王朝,刘墨林,好剧好片重刷榜",166794,1258,400,1050,1751,63,0,0,7962
BV1QKhKzhEb7,114961124694042,2,17,2037,单机游戏,同人动画,http://i0.hdslb.com/bfs/archive/b9ce32a058082455f338d311108529d0c79c1939.jpg,当威龙想跟麦晓雯解锁新姿势时~【三角洲整活】,1754215200,601,927687,折腾5号,https://i0.hdslb.com/bfs/face/f20d56384071a86a7a3fb276130754707eac56cf.jpg,1591169,"搞笑,动画,买命,三角洲行动,蜂医,三角洲行动动画,邦邦玩电竞,整活,三角洲破壁新赛季上线",739787,2177,426,10315,635,300,0,0,35698
BV17RhtzMEjk,114957282705862,1,137,2014,明星综合,娱乐综艺正片,http://i2.hdslb.com/bfs/archive/7fcd7f5874f681f83db3e7dec61d7924f183df7a.jpg,【TF家族】《2025TF家族夏日运动会》DAY2,1754125200,13534,3670216,TF家族,https://i1.hdslb.com/bfs/face/1c74336b9060d40d0ccf5e8bce7c0de34526b1e3.jpg,6933284,"TF家族,夏日运动会",1603916,1229847,15238,25692,7857,1510,0,70,60141
BV1NKhpziERU,114952836746022,1,21,2064,日常,单人RPG游戏,http://i0.hdslb.com/bfs/archive/3d06fe26ca2cbe4fecbe84f96e66c4e677fd9255.jpg,学丘丘人跳舞,1754041170,26,1493683915,萩铭,https://i1.hdslb.com/bfs/face/36db6468e8bcfe4daee43f02bfb059d89c5b7374.jpg,373,"原神UP主激励计划,丘丘人随舞,原神,丘丘人",538292,261,1419,5719,2427,6659,0,0,86003
BV1C18yzsENm,114946293636867,1,250,4216,出行,骑行,http://i2.hdslb.com/bfs/archive/cb9d0a85aa7a9cc83d1eb7c819c362f2e4e71da0.jpg,震惊老夫 荒漠中的马海绿洲 看不到边的绿色 长亭暂歇看云,1754194176,1325,99530095,赵朔西行漫记,https://i1.hdslb.com/bfs/face/04e94ee63762e20354ab8ecf59d62f5969b2cc3b.jpg,737889,"旅行,行走山水间,bilibili出行奇遇记,云,长途骑行",204248,6078,9499,3080,22334,276,0,0,26259
BV1LJtnzMEXS,114975536322641,1,122,2103,野生技能协会,工程机械,http://i0.hdslb.com/bfs/archive/da069e1d2e20b3b3e7fd77546f092adc86eed43b.jpg,宇树发布 | Unitree A2 星际猎影,1754387992,127,521974986,Unitree宇树科技,https://i0.hdslb.com/bfs/face/1743e687547cc74932c4fec36c675c69306978bf.jpg,536389,"跑酷,工业机器人,机器狗,智能机器人,四足,宇树",258926,999,1616,1329,1667,1939,0,0,15890
BV1dctHzuEd8,114975351772818,1,171,2070,电子竞技,MOBA游戏,http://i0.hdslb.com/bfs/archive/3c6bf5f0e17bb6c2a0637fbfa292f809875dc3f3.jpg,关羽最终奥义！藏兵术！所有英雄只有一个可以做到!苏打锋,1754384914,77,39560763,Study苏打锋,https://i0.hdslb.com/bfs/face/c0f969795d667f5ccd6ef85ef0b886190629a2f3.jpg,841627,"电子竞技,王者荣耀,苏打锋关羽,蜀国人关羽,教程攻略,关羽,MOBA,苏打锋",217237,124,421,1144,701,1139,0,0,21032
BV16MhtzzELc,114957853138536,1,30,2020,VOCALOID·UTAU,翻唱,http://i0.hdslb.com/bfs/archive/2382a615d03be5ae269f82cf7196d9a75810bdd7.jpg,我们都在用力的活着（日语版1m30s）,1754125852,92,37080882,奥巴鸽咕咕咕,https://i0.hdslb.com/bfs/face/d688c3b7e619d65a9809e2ee5eadf26a844eabdc.jpg,32061,"日语翻唱,励志,搞笑,俊达萌,ずんだもん,天真的橡皮,一勺料汁,和我的保险说去吧,我还以为减速带呢",381757,174,1327,21577,8290,7682,0,0,47591
BV1YqtLznEbH,114972449314486,1,17,2079,单机游戏,其他游戏,http://i2.hdslb.com/bfs/archive/bf0626c0aead1b428121cc35a4e9bfa642359d8d.jpg,赌博是如何将你的一切吞噬掉的！贴近现实的戒赌游戏！,1754355600,5109,26240675,与山0v0,https://i2.hdslb.com/bfs/face/1dd429855a968c9d22b8ccc000a7aaabe8dbc201.jpg,4957315,"恐怖游戏,单机游戏,游戏实况,实况解说,实况,游戏视频,戒赌,赌博,推荐宝藏游戏",267422,7683,2030,6033,11642,683,0,0,28560
BV14Shwz1ERb,114941797341117,1,126,2063,人力VOCALOID,鬼畜综合,http://i1.hdslb.com/bfs/archive/337e0d8dd4600ea305e5ea682f5109fe52d77fcf.jpg,“鬼畜，是不是该剧终了”,1754020500,195,29382783,爱狂三的星总,https://i0.hdslb.com/bfs/face/e9cb715dcbd3521f6a8bcd9b3e92e272544b5f5d.jpg,881954,"人力VOCALOID,鬼畜全明星,全明星,鬼畜,鬼畜调教,黄绿合战,黄绿合战10th,剧终の小曲,传统鬼畜",533750,2956,4072,17333,29268,2092,0,0,73933
BV1tNhVzLEF4,114965134446325,1,27,2041,综合,动漫剪辑,http://i2.hdslb.com/bfs/archive/f2036493a7a4bec55ae3ba4cbe29f4931da481cc.jpg,退无可退何不向前放手一搏？,1754229013,16,1987097349,凡人不漫剪,https://i0.hdslb.com/bfs/face/0d4108fa2a2fed0a584ea408914c37e590ece4ed.jpg,177551,"吉良吉影,不灭钻石,杀手皇后,jojo的奇妙冒险",430459,262,1844,9883,676,1190,0,0,44303
BV1jRtuzyEdF,114969815289663,1,138,2037,搞笑,同人动画,http://i0.hdslb.com/bfs/archive/290806dd8e838c51146b9360589cf4dc558aa297.jpg,再给我…支棱起来啊！！！,1754301164,418,321422126,进击的金厂长,https://i2.hdslb.com/bfs/face/339c136489ea2af91bd1d8688ba7259e958ded28.jpg,5115841,"短片,搞笑,校园,动画,浪浪山小妖怪,学生,重点班,尖子班,普通班,浪浪山小妖怪取经副本启动",239156,885,396,4564,3301,218,0,0,22160
BV1Vm8mzDEzA,114948659218976,1,130,2022,音乐综合,VOCALOID,http://i1.hdslb.com/bfs/archive/2f20023de74bd35ad1fb20af892a46f3adec70db.jpg,《全 世 界 都 相 信 你》,1754042400,173,34262915,瑞典厨师,https://i2.hdslb.com/bfs/face/0050db2b55c7ca35db6461c8f15f28efc56b8d42.jpg,477054,"音乐分享官,初音未来,假面骑士,重音テト,VOCALOID,新世纪福音战士,迈克尔杰克逊,崩坏：星穹铁道,草东,绝区零",525082,1327,979,34389,6127,1154,0,0,49331
BV1FKhNzCEHT,114959363213954,1,138,2154,搞笑,剧情演绎,http://i2.hdslb.com/bfs/archive/fdc3539dc8cfee26071ad2c36dcb0f8b6f9b4dc8.jpg,北京人生存规则怪谈,1754141058,106,475912512,抵抗Resistance,https://i0.hdslb.com/bfs/face/12c1cd0df2ee6e6bb09b279b0553cdc9ae4af4f0.jpg,1088485,"北京,搞笑,搞笑小剧场,北京话,北京人,规则怪谈",808817,811,3330,3965,1130,1766,0,0,65666
BV1YLhWzEEQ9,114954229257331,1,171,2071,电子竞技,射击游戏,http://i2.hdslb.com/bfs/archive/6f63e471e7431e67707431dcf5f09a941cdc2692.jpg,脸都气绿了,1754062484,431,1050482689,康有成,https://i1.hdslb.com/bfs/face/2856b2c0f3f7bca04bc4b84883533eb3db3cfef9.jpg,152658,"穿越火线,FPS,电子竞技,推荐宝藏游戏",1730649,1629,1006,16176,3909,2632,0,0,108988
BV1tmhVz2Ea1,114964664753501,1,21,2006,日常,AI影视,http://i1.hdslb.com/bfs/archive/815714a0eee3d545959859e347e8dba9e70d1101.jpg,不嚎，摸到史了,1754221719,93,544826894,马邻鼠,https://i2.hdslb.com/bfs/face/332bdb5793647ceb34b3c5cb62251a3d1937556c.jpg,1838,"娱乐,AI,恶作剧,盘蛇金像,石,大金,批图,必剪创作,暗区突围",362547,148,589,3404,912,522,0,0,21913
BV1HxtMz1Ep1,114968305408407,1,161,2207,手工,随拍·综合,http://i0.hdslb.com/bfs/archive/df832f2f82a0d591713c8eed07d4b9d0476c6435.jpg,最拐弯抹角的关灯方式,1754277426,62,3546564641425884,幻想阿阳,https://i0.hdslb.com/bfs/face/ce90d69db4f361e7ff0bba0edd11e84bb35d8cba.jpg,1136,"手工,机关,装置",1267924,1480,1652,5794,3310,1611,0,0,96461
BV1oNhHz7ENq,114953239468097,1,21,2071,日常,射击游戏,http://i2.hdslb.com/bfs/archive/5eab10ee4c1554c7112dd22f2dc757dcbfc42b67.jpg,一秒都不用剪，我说的,1754047948,122,316035679,糸珂Jiang,https://i1.hdslb.com/bfs/face/454f7ecf9b024208406f1bfa53ca541bd8301b1f.jpg,185,"三角洲欢乐剧场,三角洲,必剪创作",1146633,5169,1344,3157,532,1626,0,0,42534
BV1CahgzFEh2,114962517201994,1,214,2149,田园美食,美食制作,http://i0.hdslb.com/bfs/archive/831334efadb127cf5d3126710f3a9699453d5919.jpg,为了吃个鱼汤，修了个小猪灶台，但是到底像不像猪？,1754208000,136,1529656577,孤独美食咖,https://i2.hdslb.com/bfs/face/8f5fcf396f55e280f3fe54b4742f4973d635a2a0.jpg,908179,"美食制作,记录我的美食日常,鱼汤,乡村,乡村美食,坛子肉",966882,599,383,1589,860,315,0,0,38448
BV1hdhHzVEwH,114952685817362,1,65,2071,网络游戏,射击游戏,http://i2.hdslb.com/bfs/archive/8ec3355cef7e3f81b8d5828d35e84d1ce6ea0b48.jpg,在撤离点摆出大家的头像会发生什么 3.0,1754038879,154,384352445,巴巴巴龟,https://i2.hdslb.com/bfs/face/b62b93d335ffc27b26dd9b9d909f064720072c68.jpg,45522,"FPS,皮卡丘,蹲撤离点,三角洲行动,摆图,三角洲破壁新赛季上线",622973,294,1562,2089,1965,190,0,0,47702
BV1rMh8z7ETA,114958624884954,1,21,2087,日常,商业财经,http://i2.hdslb.com/bfs/archive/f0ed9c965e1507b25f592eeb1a04fbfd68c48f53.jpg,花400万开的网吧有啥服务？开业第一天居然爆满？,1754130416,496,391992947,郝文博的奇妙日常,https://i2.hdslb.com/bfs/face/7ec224e8f3c10ae8eb975cfdb135627571bb0c65.jpg,170146,"日常,生活,生活记录,创业,电脑,电子榨菜,郝文博的奇妙日常,网吧,开网吧,寻找100个宝藏vlogger",659577,2667,3165,1482,1688,964,0,0,12377
BV1Nd8CzfEmJ,114946830503456,1,242,2018,娱乐粉丝创作,音乐现场,http://i1.hdslb.com/bfs/archive/6b28e84aee8bc750c920cfffa0eb57e28fb6d438.jpg,【yama】你的《色彩》就是我的任务目标【BML2025单品】,1754107389,191,403748305,BML制作指挥部,https://i1.hdslb.com/bfs/face/924fb698bc68802a95c123c1f1ff41b3be1e9c9e.jpg,1295152,"色彩,音乐现场,LIVE,BML,音乐,现场,BML2025,yama",498257,231,541,8350,873,704,0,0,53329
BV1wGhnz9EYD,114951595235138,1,138,2156,搞笑,UP主小综艺,http://i0.hdslb.com/bfs/archive/080ff646c5a8f451c44a9a5c78bf5b7f9fd0fc93.jpg,性情级【不要笑挑战】只有0.82%的人能忍得住不笑看到最后！！,1754128800,744,43611197,比比老师,https://i2.hdslb.com/bfs/face/376af120f5bc3d3c31840db0ff3030bc8a3725f5.jpg,1594776,"高能,搞笑,吐槽,搞笑小剧场,山葵,段子,沙雕,惩罚,不要笑,整活",748118,2798,558,10134,5007,891,0,0,35928
BV1B5t3zSE7L,114968942873798,1,21,2040,日常,二次元线下,http://i2.hdslb.com/bfs/archive/f9a3c664e2ad250406fc04e1a6b76a7914fad697.jpg,第七魂技 & 绝对领域,1754289314,329,44648324,摄影师大元,https://i2.hdslb.com/bfs/face/6fc90ef95ad0bee8601f7f4d6d32c34bd656eab3.jpg,1139793,"FPS,手游,漫展,无畏契约手游,cos,无畏契约,无畏契约端手大展台,无畏契约手游定档819,大元,chinajoy",617445,132,150,5182,2355,1258,0,0,14935
BV1aG8mzyEdL,114948977988292,1,172,2070,手机游戏,MOBA游戏,http://i0.hdslb.com/bfs/archive/985d678d3d60ddf8f580b2d7867a0789f9e5a67b.jpg,开局第一件直接憋玉玺，最快登基确定正统性,1754010000,222,268941858,磊哥游戏,https://i0.hdslb.com/bfs/face/538b9090c0862782df0662b2176e726eda1c9980.jpg,2467359,"王者荣耀,王者荣耀夏日农友节",2005910,1403,3109,3001,3111,1453,0,0,91782
BV1FmhNzyEPn,114961057582063,1,172,2064,手机游戏,单人RPG游戏,http://i0.hdslb.com/bfs/archive/1ecd695534b205f3e3d0608975925691badaf7bb.jpg,【原神】收幕!将夏夜染作缤纷!/纳塔5.8开图主线⑦/绘夏!烈日?度假村!·其四/花羽会的颜色/悠悠徽章/原神5.8/纳塔5.8世界任务,1754166883,150,431073645,你的影月月,https://i0.hdslb.com/bfs/face/2e32de7b28fc491a28281a22c6ea9f5d195cbdf5.jpg,8927497,"原神5.8版本,绘夏!烈日?度假村！,收幕!将夏夜染作缤纷!,花羽会的颜色,游戏攻略,游戏鉴赏家,原神,原神高能团",327265,202,385,999,900,93,0,0,7046
BV1c8hbz5EEj,114957165271187,1,183,2002,影视剪辑,影视剪辑,http://i1.hdslb.com/bfs/archive/6515df0b86d6b57c0f603aadeac016d8446a85cd.jpg,真的很喜欢这种结尾，这又是谁的青春呢？,1754107553,216,111578972,前前前世的陌生人,https://i2.hdslb.com/bfs/face/caa531d35eb71a06403da433b0549fe623675dfd.jpg,336044,"电影,星爷,周星驰,剪刀手安利大赛,回忆杀,大话西游之月光宝盒,唐伯虎点秋香,名场面,大话西游之大圣娶亲,B站好片有奖种草",4327559,615,1400,49406,14659,3188,0,12,207896
BV19StGzyED7,114969983063976,1,95,2098,数码,AI杂谈,http://i2.hdslb.com/bfs/archive/e793c74e87f996e81f12206cc8c51e4a93956959.jpg,【爱否】爆发前夜？AI 眼镜的“iPhone 时刻”卡在哪儿了,1754303565,1712,7458285,爱否科技FView,http://i0.hdslb.com/bfs/face/b7efecd12b932a0e9bd4d7d3a7ba769166479fff.jpg,1170710,"人工智能,AI,智能,AI眼镜,雷鸟,眼镜,爱否科技",169277,93,205,1177,878,119,0,0,12535
BV1K6h8z4E5i,114958339804060,1,65,2070,网络游戏,MOBA游戏,http://i2.hdslb.com/bfs/archive/726c4c71224bb9ba3b796fde39f69f282d35700b.jpg,人马：啊？偷野小丑不是没了吗？,1754125990,415,3949941,阳光男孩小丑熊,https://i0.hdslb.com/bfs/face/9eb62c27dd7dacc0ea57a725507c4b1f1f02bfa3.jpg,1208179,"英雄联盟,LOL,游戏,电子竞技,推荐宝藏游戏",587387,876,1035,2325,9155,519,0,0,57114
BV1FuhjzgEj8,114967147714950,1,126,2063,人力VOCALOID,鬼畜综合,http://i1.hdslb.com/bfs/archive/8d52e0efbb5bca563b67aab84bb4f7852106fa9c.jpg,【杨某人单曲】兔子，我愿为你穿上嫁衣,1754301600,94,28348490,咆哮丶土拨鼠,https://i2.hdslb.com/bfs/face/db494c60204f01f01217f92950eccabd13592969.jpg,883697,"鬼畜,搞笑,第五人格,第五人格赛事,grood,兔子英明,tzym,2025IVL夏季赛,杨某人,跳楼机",147643,302,907,3658,3347,5303,0,0,19437
BV1jahLzvEVZ,114965671315537,1,219,2168,汪星人,狗,http://i2.hdslb.com/bfs/archive/e97c65d61d015174239c83367f8204c97494a046.jpg,路边捡到的流浪狗，熊猫狗的一个多月的变化,1754237126,187,697167043,南枫织我意,https://i1.hdslb.com/bfs/face/f6b981497d08449419c6269c2ed99d943a30d036.jpg,20768,"四川,成都,流浪狗,萌宠过暑假",186835,421,419,735,800,447,0,0,11160
BV13JtjzQE3v,114973858596407,1,130,2024,音乐综合,电台·歌单,http://i0.hdslb.com/bfs/archive/d2953d58b692e218813cc87b697126b8f6cd5d59.jpg,《灵笼》第二季片尾曲「第一推动力」百万级录音棚试听,1754384400,210,3493082817366845,JLRS-jayfm,https://i2.hdslb.com/bfs/face/0da24ae60a20f0f00855a534678864d095d0e900.jpg,2007295,"电台,片尾曲,动画,第一推动力,灵笼2,录音棚,王啸坤,第二季,灵笼,电台新星征集令",60062,183,573,2495,1318,229,0,0,4351
BV1oKhGzREnf,114963423173886,1,172,2064,手机游戏,单人RPG游戏,http://i2.hdslb.com/bfs/archive/4307ef16fa3758eaa9bba2bfe65bf37b861355af.jpg,米哈游你放过我一次吧♥,1754213251,117,30911857,银河大好人,https://i1.hdslb.com/bfs/face/ab54f9a320289aa2469c4ace39a187d5e293ed84.jpg,266369,"原神UP主激励计划,搞笑,抽卡,崩坏：星穹铁道,迪卢克,欧皇,火神,非酋,原神,绝区零",257416,5614,309,1804,3255,71,0,0,17586
BV1LnhuzUEQN,114963356061430,1,138,2151,搞笑,美食测评,http://i0.hdslb.com/bfs/archive/d1357303c193678a32aacdeefddfd85c324101bc.jpg,《中国零食测评之康师傅方便面》,1754203168,752,1735813547,Nyyga-idol,https://i2.hdslb.com/bfs/face/fc965336f142e5f2da2017c0fdacaf07c2264467.jpg,18756,爱豆安利挑战,449987,3304,1965,3045,1013,1115,0,0,12431
BV1C6hAzrE3k,114941243823940,1,138,2154,搞笑,剧情演绎,http://i0.hdslb.com/bfs/archive/866f7b00ec06d3d4a0b254d2c8563b55b8fffbdb.jpg,不小心把女朋友落下了,1753864661,16,2045577567,铁骨曾曾,https://i0.hdslb.com/bfs/face/4b94912e0405be6e62ee53546498503dbaa27692.jpg,1194953,"情侣,搞笑,文静小女生,搞笑研究所",1313987,824,1059,6599,694,3122,0,0,98634
BV1qH82zSE3J,114947719828490,18,17,2066,单机游戏,单机主机类游戏,http://i1.hdslb.com/bfs/archive/b3b17a6ca1460b87f2fb9c9292beb973cf69881f.jpg,《七日杀》我将挑战在一个拥有超多且加强变大拥有特殊能力的怪物环境下生存数十天！！,1754047800,54415,32873498,林小天丿,https://i2.hdslb.com/bfs/face/a8194a0cf5ae7313f97b96e8d773593c1a06d096.jpg,387844,"游戏实况,七日杀,单机游戏,沙盒游戏,末日生存,生存游戏,林小天丿,七日杀2.0,所罗门巨兽来袭,推荐宝藏游戏",295322,2777,502,3902,4142,404,0,0,16269
BV1XWtnzvE7B,114975486119664,1,47,2037,同人·手书,同人动画,http://i1.hdslb.com/bfs/archive/e97e10734db66037a6bf81d06695217e1b8d7e02.jpg,穿越之后开网吧 第二百四十二集，觉醒任务机械牛 #原创动画 #沙雕动画 #搞笑动画 #动画短片,1754387549,372,4450838,在下张小凡,https://i2.hdslb.com/bfs/face/d4b50f5eeb8f472da71370ba0186962b770c0384.jpg,166308,"搞笑动画,动画短片,原创动画,沙雕动画,汽水动画剧场",33541,182,200,577,2180,13,0,0,5117
BV1QAhKzYEvv,114961225355157,1,31,2027,翻唱,音乐综合,http://i1.hdslb.com/bfs/archive/b6dc0a30b3c2ea8b10413a15c2fed570e0ed5041.jpg,【黄金裔】《八连臭火》,1754169388,97,1393728432,匹诺康尼乐师,https://i0.hdslb.com/bfs/face/1700f65477fdc106b29210d7d702a54c4aa42e0e.jpg,46914,"崩坏：星穹铁道创作者激励计划,八连臭火",452969,1023,1586,18281,2355,11843,0,0,42381
BV14atjzCE38,114973992884056,1,65,2071,网络游戏,射击游戏,http://i0.hdslb.com/bfs/archive/5e966f6194a63a2686ef7cb7893c887139bc4245.jpg,这把我对敌方的理解也许是..满分！【CS2】,1754364169,564,507694,废物弟弟汉堡包,https://i1.hdslb.com/bfs/face/ca897a8e28787e40414f6f00ae5ae5454dcbb177.jpg,771714,"CS,FPS,搞笑,射击游戏,第一视角,CSGO,娱乐,电子竞技,CS2",116913,1369,715,1412,4399,485,0,0,9850
BV1Bih7z6E8T,114951494636270,1,95,2100,数码,手机,http://i2.hdslb.com/bfs/archive/d1a79ed9006755d8bd71a6c437baf9884b3b8072.jpg,提前看完苹果折叠屏的样子，我觉得它已经打不赢了。【X.PIN】,1754182800,486,31880257,差评硬件部,https://i1.hdslb.com/bfs/face/224f69a9c045d4c66936620e2cb3feb2054ed43b.jpg,725764,"科技猎手,小米,苹果,华为,三星,手机,iPhone,折叠屏",386374,1309,1532,2536,1362,1090,0,0,14133
BV1rThtzgENW,114957869914338,1,95,2104,数码,自制发明/设备,http://i2.hdslb.com/bfs/archive/23dddd87915b565a13bf99e4e08b60ee7da2d7a8.jpg,自研麻将电磁炮,1754118554,93,483290174,一个工作台_,https://i2.hdslb.com/bfs/face/5a09ee515d5b436c6d51070f86968a73a2666617.jpg,768,"DIY,麻将,发明创造",1003244,1207,1352,3882,1221,1154,0,0,51806
BV1RFtJzwEfw,114974529688203,1,241,2009,娱乐杂谈,娱乐评论,http://i1.hdslb.com/bfs/archive/aff31d614340b488eaa32dab59077caf7f5b4b2b.jpg,【吃瓜】赵露思直播爆料…被锁在酒店不让治病？否认整容，被欺骗？发点小疯，热搜全屠。,1754376183,591,1976558860,天气微凉淡淡月光,https://i1.hdslb.com/bfs/face/92f61e260415a2e7f22b4d44fa676bce2f612aed.jpg,182375,"微博,直播,演员,神奇的闲鱼,娱乐资讯,吃瓜,赵露思,银河酷娱",347923,3805,2257,1111,732,1170,0,0,8123
BV1t5h7zRESd,114951393908721,1,21,2131,日常,健身身材展示,http://i0.hdslb.com/bfs/archive/7a93bc41ccbc6465f290d7677c1e69fa922c77f1.jpg,退伍第十一年！祝战友们八一节快乐!老兵的决心永不变！,1754019376,26,17239951,战辉,http://i1.hdslb.com/bfs/face/5154a78828836f8ae97454b3568ea83997098df9.jpg,2475606,"美好的精神状态,军人",2030646,725,1808,10102,12133,717,0,48,319760
BV1hGhHzkEkc,114953423949712,1,17,2071,单机游戏,射击游戏,http://i0.hdslb.com/bfs/archive/eac61517f5712b463f08894c0e17d109e0e21dc5.jpg,挑战三角洲日服夺舍一百个！冲,1754050255,146,523494348,包子三角洲行动,https://i0.hdslb.com/bfs/face/1f85cf24c3308b335d93d71d2b01e0a4bb67ce0c.jpg,13055,"电子竞技,FPS,精彩集锦,三角洲行动,杨齐家,三角洲日服,三角洲,夺舍",480608,341,242,5864,634,186,0,0,36882
BV1NGhVzrEqS,114964849368695,1,17,2077,单机游戏,休闲/小游戏,http://i0.hdslb.com/bfs/archive/e1b666e5b36a6f6c4ed646885e2d2a76e07645bd.jpg,旅行炼狱诅咒接力赛！多名up互相坑害！究竟能否顺利通关？（上）,1754272800,1347,1339833550,煎炸焖煮366,https://i1.hdslb.com/bfs/face/9f5f1acb70c681c13a3e7ce7acb2c6ec5a43beec.jpg,37717,"游戏实况,闯关,娱乐,旅行炼狱,旅行炼狱诅咒,#黑橄榄将军,#三线倭瓜,接力赛,休闲益智,整点电子榨菜",130845,934,624,2828,1553,156,0,0,6202
BV12dh4zmEGc,114956108306822,1,218,2167,喵星人,猫,http://i1.hdslb.com/bfs/archive/d6c8ffb8d3d3259394702ed7da6695e01746c792.jpg,给毛孩子们安装夏日降温房,1754092046,96,504957853,田园猫宝,https://i1.hdslb.com/bfs/face/f818acd3b8c11d9352b1f6cb649ead72764601b2.jpg,520690,"喵星人,橘猫,毛孩子",1101850,459,234,12339,1405,110,0,0,35674
BV1q7h8z3ERR,114958591336052,1,215,2152,美食记录,美食记录,http://i1.hdslb.com/bfs/archive/78069b41d7f9c0085ddcf40d84aa786e35519a6f.jpg,跟良子吃一期之16包泡面体重会有什么变化,1754129263,393,12160376,Crazy和弦,https://i2.hdslb.com/bfs/face/7b35a94fe6e3aee09737d7bc2438c4b0acce9e8a.jpg,390519,"泡面,吃货,方便面,生活记录,和弦今天吃什么,跟吃系列,记录我的美食日常,体重,Vlog",520670,1308,1151,933,1855,864,0,0,14512
BV1K2h3zzEcw,114963909708783,1,21,2001,日常,影视解读,http://i0.hdslb.com/bfs/archive/2512feee6d2301e7fce0ba9d2696a487ebdecfad.jpg,我请六国的外国朋友看了《南京照相馆》,1754210451,177,32820037,歪果仁研究协会,https://i1.hdslb.com/bfs/face/216ee0636ee87c8c4293da8b186d5f6f06eea48a.jpg,4507793,"外国人,电影,历史,南京照相馆,暑假档电影",328011,395,596,3357,8277,307,0,0,39390
BV1a5hHz3EAD,114953340067240,1,21,2122,日常,家居展示,http://i1.hdslb.com/bfs/archive/7ab945028658fef322bcb52ca668301f7cd4bee6.jpg,漂泊半生！既然成不了家，总得有个窝吧！,1754049706,127,1142330881,世栗,https://i1.hdslb.com/bfs/face/10cfad5cf68ca4bebc166cd71b9712d76317ca47.jpg,657,"生活记录,几万买房,终于有属于自己的家了,躺平,大龄单身",564390,382,2066,1692,1070,581,0,0,27085
BV1pt81zdEhB,114948239791666,1,172,2071,手机游戏,射击游戏,http://i2.hdslb.com/bfs/archive/81ec7ee3764032df29ae56e7198aeb2dcc6539ba.jpg,全网最专业一图无脑得吃教学,1754037300,916,35753864,TGEe_,https://i2.hdslb.com/bfs/face/03ebb90e4bdda62b2cb6f61f84dea61b74ca4e3e.jpg,49138,"原创,地铁逃生,对峙前线,得吃,搜打撤,地铁逃生周年版本,一图,教程攻略,硬核测评,和平精英",1856561,1485,1353,70916,16190,1962,0,72,64379
BV1xt8SzGEgg,114949917508985,1,253,2042,动漫杂谈,动漫评论,http://i0.hdslb.com/bfs/archive/40bf89c0de3ddfbe5f7b9cd934d752708d761771.jpg,从小众恋足癖到票房制造机，名导演们在动画里藏了多少秘密？动画名监督风格解析·序【动画鉴赏】【演出拉片】【bilibili 次元论战】,1754020800,1399,1712915,动画疯人院,https://i2.hdslb.com/bfs/face/8cc9e8eabd273124d6554e18eff46011bd08f373.jpg,47028,"演出,电影,动画,动漫杂谈,动漫二创,拉片,监督,导演,bilibili次元论战",1066806,1377,973,17123,9194,946,0,0,34455
BV1wjh3zcEnn,114963976951991,1,232,2080,科工机械,时政资讯,http://i2.hdslb.com/bfs/archive/45202e82a433efc7d43bd123c7e34bd2fdf04209.jpg,“第一波次火力毁伤，开始投送登陆兵力……”,1754262000,357,46470268,央视军事,https://i1.hdslb.com/bfs/face/9dcc59c2e51aa7b9f178463903cbd4daab351dd2.jpg,2312315,"正能量,军事,解放军,中国,登陆,两栖攻击舰",442068,1738,2198,3106,2660,1695,0,0,22884
BV1fLhnzDESp,114951628785225,1,65,2037,网络游戏,同人动画,http://i0.hdslb.com/bfs/archive/ab9c8c8f266c8cb70fafdcc5d7139ad7474e95b8.jpg,对对对！你查完分和同桌就是这样的！,1754042400,78,1072364738,一支聪慧鼠,https://i2.hdslb.com/bfs/face/110f31f132ff821e5bbc5c857349454445723e5d.jpg,139475,"猫和老鼠,沙盒游戏,洛基,我的世界,考试,时羽雨衣,萝莉摇,沙雕,抽象,查分",3529115,1263,1100,161562,20524,3740,0,26,242776
BV1w8tGzbEY6,114970268273348,1,21,2079,日常,其他游戏,http://i1.hdslb.com/bfs/archive/0b385b23d28e13c35d018aeadc9fa7538b1dd5d5.jpg,最 接 地 气 的 杀 手,1754307574,594,3546376524794441,萝太永不破防,https://i2.hdslb.com/bfs/face/71ed1ab4d1762b5519df89e8c47b1e1dd39dbf96.jpg,1627373,"娱乐,杀手,游戏实况,搞笑,hitman,47号,杀手世界",203503,1329,882,2115,1546,910,0,0,16457
BV1m5tJzQEr8,114974160588846,1,250,4218,出行,钓鱼,http://i2.hdslb.com/bfs/archive/ee4ee1aa214ad015ba86083dfd92d91c331796c6.jpg,黄河泥巴水里真能钓到鱼！还有更绝的黄河泥巴鸡，香！巨香！,1754366778,737,3546389998995863,探钓者序,https://i2.hdslb.com/bfs/face/7500ac8783da7ca545e0afd9fd1ce84d0a5d84d5.jpg,78270,"钓鱼,户外,户外钓鱼图鉴",60058,393,299,592,3051,56,0,0,3795
BV1mJhgzMEot,114962382982114,1,210,2038,模玩·周边,模玩周边,http://i0.hdslb.com/bfs/archive/bfb1ccc5468e6eacb5ae8a8ad3dc1e07a07fdb56.jpg,初音：这就是滑雪吗！,1754194200,61,2017611,利利那TD25,https://i0.hdslb.com/bfs/face/9da1b0869257c312e35675b44c8d03b08d8657cb.jpg,1049455,"初音,初音未来,初音ミク,滑雪,机娘,定格动画,圣斯基,手办模玩怎么玩？",619591,121,375,15294,5089,869,0,0,44890
BV1NT82zcELQ,114947552121503,1,201,2094,科学科普,科学科普,http://i1.hdslb.com/bfs/archive/90662c2fdff60610b03c0c56fa85cbebb8434f7a.jpg,被刀捅了该如何生存下来？,1753961095,211,379247856,好奇心会社,http://i0.hdslb.com/bfs/face/7120acf78b6b9e637b9f6f5f3ad5f284ef99c198.jpg,1166133,"实验,科普,科学,生物,武器,物理,燕云十六声,在燕云暑期版本安家了,燕云新武器唐横刀,器官",4638573,2838,1880,38887,2412,2551,0,70,97321
BV1a4t3zrEBD,114970687704500,1,171,2079,电子竞技,其他游戏,http://i1.hdslb.com/bfs/archive/c3e655af13c76e85f02369370dfaa41bf2e02ba9.jpg,谁捧起奖杯？谁被镶在奖杯？石油杯赛中成绩盘点！,1754315218,743,69112541,聒噪的山海君,https://i2.hdslb.com/bfs/face/a27d302eb46c631ddf469dd56fba72c03041d0f4.jpg,1238155,"FPS,LOL,电子竞技,EWC电竞世界杯,APEX,盘点,整活,电竞世界杯,山海君,EWC",238332,934,682,1235,2460,605,0,0,13659
BV1bkh3zGEMu,114963691667778,1,172,2071,手机游戏,射击游戏,http://i0.hdslb.com/bfs/archive/d2ca2c11ea83a2ffb121366bf86b1bf16de48046.jpg,你来改枪我来打！目前最好用的一把枪！,1754214047,173,1061770806,慕寒暗区突围,https://i0.hdslb.com/bfs/face/002d4a4268c3b115a635b3556845f4a692ff1b46.jpg,24686,"第一视角,FPS,射击游戏,电子竞技,你来改枪我来打,暗区突围可颂作者团,暗区推荐教学,暗区突围2077联动,暗区突围",164854,283,191,6544,2949,17,0,0,15928
BV1Pt8BzCEZ1,114942166503383,1,216,2063,鬼畜剧场,鬼畜综合,http://i0.hdslb.com/bfs/archive/dab6789e16e02fed33c9df73a979540136abbaa4.jpg,《蜜雪冰球计划》,1753878547,246,81031914,嗨刻,https://i0.hdslb.com/bfs/face/bf1927d82975c3299ca2befa3e564789e1ac805f.jpg,97517,"鬼畜,拼好饭,上海规则怪谈,上海安卓拍照,流浪地球,蜜雪冰城,鬼畜剧场,鬼畜星探企划,B站好片有奖种草,东方明珠防御塔",1866813,5835,2068,23549,14471,17923,0,90,102485
BV13ehpz7E9j,114954346761351,1,17,2071,单机游戏,射击游戏,http://i2.hdslb.com/bfs/archive/dfa69b24b50641998c9fb9a853a3d42561e6aa37.jpg,那些无法超越的天才游戏设计！（枪皮篇）,1754107200,117,129240403,燃茶哥哥在此,https://i1.hdslb.com/bfs/face/6f4fe2e98d424dacb18ff47f5c61654c1f38ffeb.jpg,1875834,"COD,我的世界,游戏,战地,单机游戏,黄金AK,龙狙,cf,cs2,手指枪",1122297,375,507,19059,653,145,0,0,37036
BV1VKtgzTEyM,114969362305225,1,47,2037,同人·手书,同人动画,http://i0.hdslb.com/bfs/archive/509bfc2c638eab393fc4c136636807cb63506024.jpg,你的钱与我有缘第十六集，只要钱到位，命都无所谓,1754302200,312,514263751,王馒头之旅,https://i1.hdslb.com/bfs/face/07b4a2e8c6b15d658240450c36a20caa2ba7d333.jpg,148008,"原创动画,沙雕动画",79064,177,126,1966,1020,31,0,0,7085
BV17CtGzSE8F,114970050237325,4,172,2064,手机游戏,单人RPG游戏,http://i2.hdslb.com/bfs/archive/12262f34be4b1a4d06ca035e900d6550eb956c1c.jpg,《绝区零》爱丽丝角色PV | 淑女的信条,1754366400,929,1636034895,绝区零,https://i0.hdslb.com/bfs/face/f013e3aacdc4e3254a476648e1cec3f39b7df097.jpg,7528021,"ARPG,PC,手游,绝区零2.1,迟吟的浪涌,动作游戏,爱丽丝,米哈游,绝区零",1280101,13713,6613,21956,43389,8540,0,28,136675
BV13VtGz3EP7,114970117473430,1,228,2090,人文历史,人文历史,http://i0.hdslb.com/bfs/archive/98f252b7c5c21f982476a21279d0614ee2c72637.jpg,诸子百家,1754305213,1178,1150791631,许右史,https://i1.hdslb.com/bfs/face/7f167d36690fa6f79141a09eed7acde2302d8a15.jpg,934021,人文历史档案馆,121104,721,535,5246,2753,305,0,0,10159
BV1VBhVz9EVx,114964564220468,1,176,2136,汽车生活,跑步,http://i1.hdslb.com/bfs/archive/e87681a2206934ac9e356b68a4d89645909a60e2.jpg,感谢鸿星尔克官方给提供的支持@鸿星尔克,1754220193,166,2035556081,堂主lee,https://i2.hdslb.com/bfs/face/665a151899c136218c3ba7de064ecc67090c219e.jpg,882152,"原创,生活记录,鸿星尔克,记录,暑期健身蜕变挑战",590843,611,2227,3177,14189,681,0,0,74376
BV1xzhTzZEUW,114962248834202,1,183,2041,影视剪辑,动漫剪辑,http://i2.hdslb.com/bfs/archive/cfbd1944b1f5a507e81d1e3280468504b031c211.jpg,⚡️ 哪 有 什 么 妖 精 ？⚡️,1754192100,86,432714872,Andalou-孟德,https://i2.hdslb.com/bfs/face/823da1bb1ffaaf24da53795f24ffb43ad107170a.webp,6252,"西游记,童年,孙悟空,混剪,天书奇谭,葫芦娃,上美影经典作品,哪吒,中国奇谭,浪浪山小妖怪取经副本启动",1158223,477,1139,23874,18622,2007,0,73,148490
BV1vehVzxEWk,114964547312228,1,183,2090,影视剪辑,人文历史,http://i2.hdslb.com/bfs/archive/00893b248d0e18de68887871ea8ca177ad411d6e.jpg,没鬼没妖，但就是聊斋《聊斋志异》原著讲述,1754291100,1308,297187,姜不够,https://i1.hdslb.com/bfs/face/f56a02d96130b0ce5db176ac4b8db2d391fafa94.jpg,88114,"聊斋志异,聊斋,人文,文学,人文历史档案馆,古典文学",220556,1144,454,2465,2210,171,0,0,7724
BV1a38mzLEFV,114949330306218,1,138,2154,搞笑,剧情演绎,http://i0.hdslb.com/bfs/archive/3282c429efc3290e4bf58e542a15015d949a25f4.jpg,那些年女主人不在家的日子,1754052600,171,639923249,大瑶同学remix,https://i2.hdslb.com/bfs/face/5e3796f6804b0035f0173b830e9aad5ad51385ca.jpg,1564397,一人分饰多角,666120,381,763,2091,3667,347,0,0,82243
BV1WihxzkE3s,114956712283985,1,216,2063,鬼畜剧场,鬼畜综合,http://i1.hdslb.com/bfs/archive/ca5a733e6fcc8af37247a9f1521b1140d81b4cb0.jpg,当 韩 红 遇 到 旺 仔 小 乔,1754101075,124,7098437,天天吃八碗,https://i2.hdslb.com/bfs/face/43ea324534e97601266bcd56d0fc9b833f03d413.jpg,183415,"鬼畜,旺仔小乔,你给我刷过几个子儿,韩红,转转",547780,1859,501,5465,1552,1899,0,0,27079
BV1gUh7zaExE,114951091915479,1,65,2071,网络游戏,射击游戏,http://i2.hdslb.com/bfs/archive/35211180899d06779c78ef9660dc048e5bacf293.jpg,但   航天基地没有懦夫！,1754014711,50,49801428,云轻柳,https://i0.hdslb.com/bfs/face/0ef5d2d241b3a25cd32723436bbe644fc3d57234.jpg,1697,"三角洲行动,三角洲欢乐剧场,基地,航天基地",1282551,345,3979,21334,8949,3414,0,0,146083
BV1yctuzDEni,114967986575380,1,229,2207,设计·创意,随拍·综合,http://i0.hdslb.com/bfs/archive/29767fd8f72c498abe90c7d5b7ce69a454597ac9.jpg,"""TETO！快使用钻头攻击足立零！"",""没热到这种地步吧喂！""——金刚重音teto与逆天星尘的奇妙历险4【术力口两句话小剧场】",1754272309,118,1907674795,绝美癫公死蟑螂,https://i1.hdslb.com/bfs/face/2a1f604a00c330a7dda688d907acfd13e892960b.jpg,13247,"星尘,重音テト,搞笑,搞笑小剧场,两句话小剧场,重音teto,术力口",135540,230,320,10774,847,808,0,0,21963
BV1L4hnz5Evj,114951712741227,1,216,2063,鬼畜剧场,鬼畜综合,http://i1.hdslb.com/bfs/archive/d90cb97a58d8ab5fba247932c43d4b6a886008ff.jpg,真·出生之家（25）旺仔小乔夺舍记 上集,1754024128,386,8034163,浅澄月,https://i1.hdslb.com/bfs/face/28abe5c53184c2705c3c29784733847e930d4487.jpg,1324308,"搞笑,全明星,鬼畜,旺仔小乔,出生之家,真出生之家,抽象,恶搞之家,孙笑川,黄绿合战10th-黄队应援",1580313,2358,2548,20042,7908,10276,0,0,92530
BV1xN8UzuE8Z,114948474734205,1,17,2079,单机游戏,其他游戏,http://i2.hdslb.com/bfs/archive/2ac161c04025349cae3bdfac886eba574e880493.jpg,夏思源小时候犯错了被他爸八连抽,1753974816,233,6797640,Bobhaobo,https://i0.hdslb.com/bfs/face/4fc1f403e59ee1727a00685a4f34280daf513075.jpg,10093,"黑暗之魂,国产,明末渊虚之羽,夏思源,长刀,类魂,明末：渊虚之羽",372368,632,2153,2612,5976,2576,0,0,16860
BV1nRt3zpEa3,114970587043226,1,253,2042,动漫杂谈,动漫评论,http://i2.hdslb.com/bfs/archive/d9101238e809990ac0cd1846177a0b716806aa03.jpg,喜羊羊和熊出没，谁更能代表国产动画？,1754366400,796,293673997,二啦不二,https://i1.hdslb.com/bfs/face/0ddccafdd0d3a7c33541bf6a917f1f3892aec5b7.jpg,149757,"动漫杂谈,喜羊羊与灰太狼,动漫二创,熊出没之重启未来,赵琳的探险日记2,羊村守护者11狂野新宇宙,熊出没,逆转时空,喜羊羊与灰太狼之羊村守护者,bilibili次元论战",186786,3350,2789,3310,5836,218,0,0,8851
BV1zrhWzhEmF,114953876998671,1,21,2166,日常,农村生活,http://i2.hdslb.com/bfs/archive/0e58d363ef3c77e1a86d9f8b88562dd5b3a85162.jpg,拍了整整一年多，来回30多次，才集齐了老家石板桥的春夏秋冬，浓缩成短短十几秒，像极了我们这短暂且忙碌的一生…,1754057008,17,3546945693943912,小蒋返乡记,https://i1.hdslb.com/bfs/face/987a5c4a075f4376227a0075d288a4599098a42b.jpg,1533,"回忆,风景,童年回忆,生活记录,治愈系风景,记录美好农村生活,乡村,四季轮回,乡愁记忆,农村老家",934727,372,2325,14450,5975,1172,0,0,91477
BV1QjhWzmE7k,114954145434560,1,21,2154,日常,剧情演绎,http://i2.hdslb.com/bfs/archive/ab255dc1069df1fdb640243175e0d3b535f17757.jpg,大学生丐帮饭堂恋综,1754193600,465,241679003,小叮当的伙伴们,https://i2.hdslb.com/bfs/face/39f559b599ae0f273a5f7457a7d67110a6dfe5a0.jpg,1379628,"帅哥,搞笑,全程高能,搞笑小剧场,恋综,二本恋综,永劫无间手游周年庆,大学生,老百姓,心动的信号",1246545,1942,1001,5975,5447,3731,0,0,41553
BV1oftnz6EyW,114975435659170,1,47,2037,同人·手书,同人动画,http://i1.hdslb.com/bfs/archive/3324da55dcbd3e1033f6f7c8d507e671d3950b3b.jpg,三月七的【天天天国地獄国】,1754386115,72,89031393,夜半三更_,https://i0.hdslb.com/bfs/face/2071ad7f1909776030410e9dfb19f702370f2f7c.jpg,28002,"手书,动画,星穹铁道,崩坏：星穹铁道创作者激励计划,天天天国地獄国,长夜月,三月七",197942,158,474,11998,5588,2310,0,0,29902
BV1FmhxzKEq5,114956863413245,1,17,2066,单机游戏,单机主机类游戏,http://i2.hdslb.com/bfs/archive/41519d45035f33c6d6a46d86b571f09fef65ba76.jpg,为什么 Steam 游戏下架风波比想像中更严重？,1754110200,560,457472779,游戏生菜,https://i1.hdslb.com/bfs/face/4e61c3c0b57ecfcb8479924022583763a7674c2a.jpg,30453,"游戏,steam,游戏生菜,G胖,Steam,Valve,推荐宝藏游戏",333340,1818,2698,3180,1320,1098,0,0,12833
BV12n81zhEqP,114948122417131,1,138,2070,搞笑,MOBA游戏,http://i0.hdslb.com/bfs/archive/7dbae70c2cdf6a75d63ebcf974dff48ea546cd51.jpg,当两边都只剩下最菜的那个：,1753969706,79,495695169,锤子game,https://i0.hdslb.com/bfs/face/009b1f74b7f495f5fad13b9b922f89ba03a0d775.jpg,984737,"万物皆可游戏,游戏,豪哥,搞笑,锤子,神人宿舍,智哥,真实",1374835,322,1266,5403,1486,1966,0,0,144234
BV1ygh3zPEei,114964043996818,1,138,2154,搞笑,剧情演绎,http://i1.hdslb.com/bfs/archive/37f52f9f532823b615dc0cb268d81b468592a619.jpg,《面试の奇妙物语》,1754212438,67,16754498,不凉少年派,https://i2.hdslb.com/bfs/face/97cbefe1224ba11a1ed69845d3ceb341063c58c2.jpg,1026710,"日和,搞笑,原创,搞笑小剧场,离谱剧情,抽象,奇怪",954306,143,252,2117,758,346,0,0,56277
BV1t98CzcELt,114947199665902,1,47,2044,同人·手书,动画配音,http://i1.hdslb.com/bfs/archive/6d07ddb5d7b32116fbd5f038cc53be181f8e11a3.jpg,法庭上禁止讨论“末日时动漫和现实的区别”啊！！！,1753955366,187,5818410,芦苇十三少,https://i0.hdslb.com/bfs/face/015fd86960cc27088750397ea9fed03b92868a5c.jpg,2954545,"搞笑,神作,逆转裁判,原创动画,生活,配音,芦苇十三少,动画种草激励计划,jojo的奇妙明显,灵笼",1067779,608,577,6923,1616,257,0,0,63899
BV18HhAz9EyH,114941176646252,1,219,2168,汪星人,狗,http://i0.hdslb.com/bfs/archive/06a24a0b1ea026880ad82827818e78267f9bf784.jpg,贵妇SPA,1754127900,185,390790215,是曼玉不是鳗鱼,https://i0.hdslb.com/bfs/face/fd6c977cd186e1e828090777fffd791b872db537.jpg,1548865,"柴犬,汪星人,spa,萌宠过暑假",445369,522,521,5769,1895,2451,0,0,41164
BV1yptJzjEGq,114974278030003,1,172,2079,手机游戏,其他游戏,http://i2.hdslb.com/bfs/archive/ad3092a74cffe27b6b3ae6635b950f53e73a118f.jpg,朋友推荐我玩FGO，我是不是得罪人了？【FGO九周年】,1754373600,561,1910020454,谁不重要i,https://i2.hdslb.com/bfs/face/d062d8c6efd378f88e106cdfb55d8b3d5cda8d01.jpg,1285834,"FATE,FGO,fate,希耶尔,兽艾蕾,命运-冠位指定创作者激励计划 第三期,fgo,GrandOrder,泳装从者,FGO9周年庆",240902,2873,1640,2379,1589,551,0,0,26099
BV13dhHz5Emj,114952685945315,1,124,2087,社科·法律·心理,商业财经,http://i0.hdslb.com/bfs/archive/f79de8f3233e9e14e8b2290e85e0ab111d563399.jpg,特朗普的对等关税，除了中国没有屈服，其他国家都已点头认栽,1754039254,584,289189019,戏京同志,https://i2.hdslb.com/bfs/face/2f62e073da940299514a06b0ff4d5dc00065c779.jpg,2130282,"日本,欧盟,财经,美国,关税大战,经济,特朗普,人文社科,请回答这个时代,对等关税",636891,842,1406,2394,699,334,0,0,16588
BV1tH8SzjE4F,114949716184347,1,130,2027,音乐综合,音乐综合,http://i2.hdslb.com/bfs/archive/b653ca373ccee92af5e33da939ea9242c9b597aa.jpg,硬 曲 盲 盒 9.0,1754006400,2050,88082801,挽风丶Sama,https://i2.hdslb.com/bfs/face/91484503b5edaa7134d6cd03c418d24acf4845a5.jpg,352479,"BGM,电台,音乐选集,小曲,卡点,盲盒,电台新星征集令",762306,1219,183,97731,6929,278,0,100,73900
BV1yctuzDEbm,114967986575985,1,17,2078,单机游戏,沙盒类,http://i2.hdslb.com/bfs/archive/acc78b078ef018529597e43ea80b9d687b47bda3.jpg,9款网易必备免费模组！0氪党福音来了！枪械天花板 魂系副本,1754272401,160,361544096,修齐Echo,https://i2.hdslb.com/bfs/face/fad6c7aa5eec1d919bee23c5f4865c6ce27a841e.jpg,149423,"我的世界模组,遗迹,枪械,模组推荐,我的世界生存,免费,网易我的世界,魂系,推荐宝藏游戏",156898,197,210,24147,1211,149,0,0,16868
BV1W5hVzuEen,114964832452969,2,20,2028,宅舞,宅舞,http://i0.hdslb.com/bfs/archive/859673b202b90cc2dbe9773b1bc361eb9d724b61.jpg,【舞台存档】活力值和内心戏百分百的mjm,1754225071,376,661440317,-藤子Fujiko-,https://i2.hdslb.com/bfs/face/59140698240f6bc6c3caf5ffb89b4c4278f8637f.jpg,5004,"偶像,cos,世界计划,pjsk,活力,舞台,mjm,mmj,桃井爱莉",1096271,3034,1357,11729,5876,1042,0,58,127505
BV1mqh8ztEnE,114958306182641,3,17,2015,单机游戏,娱乐综合,http://i1.hdslb.com/bfs/archive/3694df7979f9ca89c0b5640bb758f27da6628664.jpg,【桃黑黑】《并不十分娱乐圈》P10：混乱迷茫的年末,1754126019,12434,45107914,桃黑黑Tor,https://i1.hdslb.com/bfs/face/d06ecb2119ea2bdc320c0f189ab2ab65adc4180a.jpg,1472426,桃黑黑,321485,15758,1860,2165,7443,225,0,0,12743
BV1Ck8yz4ETH,114946662731144,1,251,2166,三农,农村生活,http://i2.hdslb.com/bfs/archive/fe99d2fa392bdce1354f42debc4013bb89b7a5db.jpg,我爸给羊手术，诊费赚了1200万，我的妈呀！我要通往极乐世界了,1753952712,569,414700515,龙腾虎跃龙兽医,https://i0.hdslb.com/bfs/face/697d80194c5a980fa55b9a200ce8b8ecc41ab39a.jpg,2688133,"生活记录,记录美好农村生活",3217330,2235,4700,23688,13784,665,0,44,160327
BV1Zht7zAEd7,114973154023230,1,47,2037,同人·手书,同人动画,http://i1.hdslb.com/bfs/archive/ec1c0cba6cd7c67d5c4f15b560cb13bd4cd64459.jpg,觉醒天赋，我的宠兽卡牌全融合了,1754388000,835,654552,圆桌动漫,https://i0.hdslb.com/bfs/face/6c1421573d214809ca86aef25bdd23670e00128a.jpg,4739246,"原创动画,圆桌宇宙,浪浪山小妖怪,月圆之夜取真经,月圆之夜,萧凡",234451,2546,598,4833,1483,75,0,0,11647
BV1nBhHzREFH,114953071631302,1,208,2084,校园学习,应试教育,http://i2.hdslb.com/bfs/archive/a08c1723cb433a4601bc85e60218d7ad41076ac2.jpg,考过的证书毕业直接变“废纸”，小心当了韭菜！,1754045172,111,25694274,小五只会一点点,https://i0.hdslb.com/bfs/face/dac3f29feb6f36bea16d4a81eb2b423381528efc.jpg,559616,"毕业,学习,考试,找工作,会计,大学生,韭菜,证书,考证",919275,294,1856,19965,643,796,0,0,45123
BV1VWh8zME6A,114958792789030,1,213,2149,美食测评,美食制作,http://i1.hdslb.com/bfs/archive/f2728962a7f9056fb52cd74b1e8b9ba75fa06d06.jpg,这碗卤肉饭卖10块钱，能不能赚？,1754213400,269,337521240,记录生活的蛋黄派,https://i0.hdslb.com/bfs/face/9ba6c7a0d3a2ebfe9db2f46219ece98e210d0269.jpg,9094695,"生活,幽默,日常,搞笑,吃货,美食,美味,沙雕,帅小伙,一饭封神申请出战",741117,2141,847,12117,11603,1085,0,0,55430
BV1xchuzaELP,114961426681389,1,59,2021,演奏,演奏,http://i1.hdslb.com/bfs/archive/1f8885aaa66f42d418a4050a0a17693249708f8d.jpg,miku miku oo ee oo,1754172237,38,22383433,馆长加速中,https://i1.hdslb.com/bfs/face/303b5c2ac65598c9f7112c96ddca0a66fdf19f9a.jpg,9642,"架子鼓,可爱,初音未来,初音ミク,大傻,fufu",271201,220,776,12316,5039,2614,0,0,65116
BV1D4htz4Eda,114957920312468,1,213,2151,美食测评,美食测评,http://i0.hdslb.com/bfs/archive/8a91e256f27f604295685c1bb9a2f8d757469231.jpg,这是我做低分外卖的初衷！,1754127000,341,667242071,老戴是减肥侠,https://i2.hdslb.com/bfs/face/e0c7b2af4581f03d1aa033a2230170476f0bc7bf.jpg,13990,"吃货,生活记录,绘画,低分外卖,记录我的美食日常,辣个老板,外卖,记录,杭州",318549,403,188,585,1402,70,0,0,18771
BV19bhpzSEyv,114954665463403,1,212,2150,美食侦探,美食探店,http://i2.hdslb.com/bfs/archive/db91551f171ea51e60b8946bc2b21ca698ce830e.jpg,特厨探店 |评价两极分化的锅包肉创始店？—老厨家,1754105400,204,3546888255048212,特厨隋坡,https://i2.hdslb.com/bfs/face/4a6a6e459f71080664d3952957f2eafc02418b85.jpg,2438991,"隋坡,特厨隋卞,舌尖真探事务所,哈尔滨,美食探店",1236745,4353,2874,3405,6964,1168,0,0,95717
BV11ChnzaEkc,114953675606824,1,172,2073,手机游戏,动作竞技游戏,http://i2.hdslb.com/bfs/archive/33c868af982247643946e16c1f9e67518887d146.jpg,带 土 大 冒 险 ！,1754301600,142,321563149,恶人爸爸5,https://i1.hdslb.com/bfs/face/02058813ff3882973810275f2d268e5c07a8712d.jpg,58232,"游戏,宇智波带土,火影忍者,忍战带土,火影大冒险,火影忍者手游,推荐宝藏游戏",232649,168,152,2886,512,436,0,0,12859
BV1qCtGzSEZr,114970050302867,1,65,2069,网络游戏,即时策略游戏,http://i2.hdslb.com/bfs/archive/48cdc26a1e7a5c384f076093c1d1097a385d736b.jpg,均费1.6！最速转锅炉！史上最折磨觉醒！满血复活！,1754304722,1111,93580378,小雾Fusion,https://i1.hdslb.com/bfs/face/5d32bcd5f4631efc3c3b6c470e6f1c8b381b32ec.jpg,508730,"手机游戏,策略游戏,游戏实况,皇室战争,卡牌游戏",176037,528,626,930,1483,714,0,0,14076
BV1oEh8z6EqH,114958775950602,1,27,2020,综合,翻唱,http://i2.hdslb.com/bfs/archive/4f3428c0c74f5ee113222eb20657e357622c5933.jpg,请不要带我走。,1754131767,24,607524075,迟幸Xing_Official,https://i0.hdslb.com/bfs/face/4be6328cae338bc706e6764384571631e66d1b90.jpg,25497,"Project Orcus,请不要带我走,迟幸,Vup,诗岸",242996,203,1942,16298,4072,1636,0,0,60744
BV1hPhLz9Er3,114966040417352,1,22,2063,鬼畜调教,鬼畜综合,http://i2.hdslb.com/bfs/archive/b0545df60172fb3c1ca6c319e774860956a01e3e.jpg,【FM83.0 无止境基米电台】Day2 电音哈基米,1754279400,1396,7810173,せきらん雲,https://i0.hdslb.com/bfs/face/72c52a1838789bcd2555b6b83f4e91dea675ed3d.jpg,34184,"电音,音乐,人力VOCALOID,鬼畜,鬼畜调教,音MAD,无止境基米电台,曼波,哈基米,鬼畜星探企划",88350,5171,879,2798,3697,2150,0,0,9100
BV1RWh8zTE1c,114958792726862,1,47,2050,同人·手书,漫画·动态漫,http://i2.hdslb.com/bfs/archive/d0c71b326218238b23e2bcec9672b0c85b0cbe39.jpg,“怎么有人在公司谈恋爱啊”,1754132080,94,3546903652337790,是DD_,https://i0.hdslb.com/bfs/face/639a04bca175060331255fd891e9d7cd49a01e14.jpg,494,"手书,恋爱,搞笑,今日宜心动,心宜,贝拉,思诺,嘉然,乃琳",124569,69,464,3254,4568,540,0,0,10552
BV1h4htz4Ehu,114957920247238,1,172,2071,手机游戏,射击游戏,http://i2.hdslb.com/bfs/archive/08c77eca65d74196edc6778e7131f4d6a5a8f22b.jpg,我阴了八个人...,1754118887,351,185713867,小绿瓶er,https://i1.hdslb.com/bfs/face/48532a7822730f8bbcba5f3ddc88fe66f6bf125f.jpg,6488,"三角洲行动,零号大坝,三角洲破壁新赛季上线",659658,500,592,2973,606,945,0,0,34126
BV1am8CzNEtf,114947266778880,1,17,2079,单机游戏,其他游戏,http://i2.hdslb.com/bfs/archive/034d1980b2f04dfaae36588dcb3afca637662f46.jpg,现实主题恐怖游戏，赌博是如何摧毁一个家庭的？,1754019000,4397,562197,中国BOY超级大猩猩,https://i0.hdslb.com/bfs/face/ffb50dd4e712386eb888030ebc6f4aea3a65cd8e.jpg,10534181,"恐怖,游戏,惊悚,游戏实况,steam,模拟恐怖,Pikabuu:Stop,现实,赌狗,推荐宝藏游戏",1103807,25820,2937,22104,47481,3385,0,76,77630
BV1mohbzREqQ,114959077874513,1,243,2026,乐评盘点,乐评盘点,http://i2.hdslb.com/bfs/archive/6e3ceb52f51022c500a766488445e8545d3e95b6.jpg,TT万妮达CAPPER帮唱顶飞了!!!黄子韬竟然忘词??!!严浩翔Rapeter的表演一言难尽…【艾德宝陪您新说唱2025第九期】,1754137744,2035,17648578,ADBABY打你屁屁,https://i1.hdslb.com/bfs/face/046492cdfac6882a6946d4a697b5bdaa51ae9c36.jpg,474139,"说唱,TT,严浩翔,adbaby,一起来看新说唱2025,中文说唱,REACTION,Rapper,万妮达,capper",642063,15353,2800,2205,3509,692,0,0,12408
BV1q78yzyEhF,114946931299871,1,215,2150,美食记录,美食探店,http://i1.hdslb.com/bfs/archive/23bf7b0d3c823b325a02ac20a2cc1207c569e714.jpg,芬兰一家飞5000公里探秘非洲《中餐厅》！第一视角暗访揽客到用餐全过程！揭秘综艺拍摄真相！,1753952446,1349,323024456,雨琪在芬兰,https://i2.hdslb.com/bfs/face/59f832f5fdb0a01391339ce842e4dae00c2f504a.jpg,2094284,"黄晓明,尹浩宇,舌尖真探事务所,沈月,探店,中餐厅,老外吃中餐,丁禹兮,翟潇闻,外国人吃中国美食",3770364,11114,8253,27139,45363,3716,0,19,127420
BV13Ph4zWEw9,114956611617047,1,212,2150,美食侦探,美食探店,http://i2.hdslb.com/bfs/archive/bdc53748f2fd1a25a423243164248c5765da70a7.jpg,在青岛住了半个月！一条视频30家青岛本地美食合集！无广无滤镜真实展示！路过青岛 为之倾倒！,1754208300,1148,107486042,花二Strange,https://i2.hdslb.com/bfs/face/20ba5c558b6fece1b9cb1bb8697e18f84c9c11f5.jpg,1385650,"美食,街头美食,青岛美食,青岛,山东,美食探店,美食攻略,挖掘身边的宝藏小店",269179,960,800,8454,4718,3316,0,0,11740
BV1z9tuzLEkV,114969765024892,1,76,2152,美食制作,美食记录,http://i0.hdslb.com/bfs/archive/39abb9ba081d0d5c0cc28ef101a1853bfed87535.jpg,他们都笑话我可我偏偏最好笑，终于吃上麻辣小火锅了,1754299626,371,272654283,咸鱼梦想家vlog,https://i0.hdslb.com/bfs/face/567a3dfeeddcfb96ae643bc3d8f6c5e5587830e0.jpg,2529152,"生活记录,火锅,吃货,记录我的美食日常,小火锅,出租屋,Vlog",458682,1759,676,5352,2139,458,0,0,20105
BV1CShnztEdU,114953608501840,1,212,2150,美食侦探,美食探店,http://i1.hdslb.com/bfs/archive/df3b7b7da5339974ba3fdd1d7f2f484ddf478848.jpg,日本人为了让你多点几串烧鸟有多拼,1754053134,313,1062138057,在日本摸鱼的小超人,https://i0.hdslb.com/bfs/face/2bd8156ed92d7427a1d43dcdb1371ea0c5924216.jpg,838604,"外国人,日本,烧鸟",1673690,1537,1397,3527,1828,521,0,0,65451
BV1sEtMznE9z,114968724838549,1,95,2100,数码,手机,http://i2.hdslb.com/bfs/archive/68af5ff55b3bbc12c2eb6038a68f09016cbdcfee.jpg,折叠机皇该有的样子！Z Fold7&Z Flip7&Watch8全面升级,1754290245,425,471303350,大狸子切切里,https://i2.hdslb.com/bfs/face/a6d51b89c93517a72949b0a469126445cd4d33bd.jpg,2634761,"三星,数码,安卓,手机,三星超轻薄折叠旗舰,三星 ZFold7,三星 Watch8,三星 ZFlip7,折叠屏,切里",201680,671,328,1696,2525,753,0,0,7640
BV1NChnzYEQK,114953675673461,1,172,2064,手机游戏,单人RPG游戏,http://i2.hdslb.com/bfs/archive/bb46c4c0b94bf197056bbf60d9ddda82eeb4e37e.jpg,3.6均衡命途仲裁官登场！星铁开服最大伏笔终于来了？,1754054208,281,3546664558135806,星铃拿铁,https://i0.hdslb.com/bfs/face/1c7e01be49a86c97c4984d472a51f7b58b0f3cf0.jpg,29596,"游戏杂谈,螺丝咕姆,均衡星神,大黑塔,昔涟,如我所书,翁法罗斯开拓之旅,来古士,长夜月,三月七",949948,820,2804,12951,3819,8751,0,0,68191
BV1qghxz8E1g,114954850015617,1,250,2126,出行,户外探险,http://i0.hdslb.com/bfs/archive/9add7c05276d23e0dda656f2d50b07e22c963181.jpg,冒死爬上世界唯一悬崖教堂，就拍到了这？？摄影｜埃塞俄比亚｜悬崖教堂｜Abuna Yemata Guh,1754132400,478,427607291,建国JianGuo_,https://i2.hdslb.com/bfs/face/2960dc381f05139b4d4d8fc360e32bd7b356916e.jpg,382908,"相机,非洲,人文,数码,旅游,摄影,徕卡,教堂,旅行影像大赛",408895,1425,483,5847,9166,665,0,0,18148
BV1AEhPz1EMY,114959950350983,1,183,2006,影视剪辑,AI影视,http://i0.hdslb.com/bfs/archive/c5b658777fe253c4ab0d4cc36fa4b60aebb8296b.jpg,【配音视频】黑金之理想对撞：想得这么理想，注定有物理破坏甜梦一场。。。,1754149898,148,434414734,那个东爷,https://i1.hdslb.com/bfs/face/8a3881ddbac81eeb5b1dc09963a93d600eafa3bd.jpg,58271,"影视剪辑,电影剪辑,黑金,配音,理想,配音视频,AI配音,影视神仙剪刀手",373276,485,512,2895,4191,2973,0,0,23671
BV1f38yzmEcN,114946998273176,1,76,2149,美食制作,美食制作,http://i0.hdslb.com/bfs/archive/f4ca786c3292a7a187a6e9aed969cb2d88549fbb.jpg,跟你们这些邪修做饭，拼了！！,1753952312,506,50660116,上班族的便当,https://i1.hdslb.com/bfs/face/7ea9421f12f55459f27fdd2f7a6892dc3d8fddcb.jpg,3287224,"美食制作,微波炉,快手菜,美食教程,记录我的美食日常,邪修做饭,邪修做菜,电饭煲,平底锅,邪修",2359522,1452,1175,73261,8917,3647,0,39,94978
BV18fhHz3Efw,114952853592115,1,183,2044,影视剪辑,动画配音,http://i1.hdslb.com/bfs/archive/9bf4933bb9051e73aa1e2245dd948d29c9d79774.jpg,津  门  浪  浪  山,1754043633,87,431233688,瑄羽猫,https://i2.hdslb.com/bfs/face/6d8a9679528499aa1ec9a772e8d0221b660ded92.jpg,1564715,"搞笑配音,天津话配音,整活,浪浪山小妖怪取经副本启动",1009620,313,825,10077,2772,5339,0,0,68092
BV1eP81zGEZc,114946360743662,1,228,2088,人文历史,社会观察,http://i1.hdslb.com/bfs/archive/541160bd0d82a83331796aa1460e6b91f9cfc723.jpg,乡村基建大溃败，毁了多少年轻人？,1753952400,794,352032267,三川纵横,https://i0.hdslb.com/bfs/face/40d179e30b2e4629688ed3006bc005cd2b3498ee.jpg,286837,"社会观察局,日本,债务危机,大学生,年轻人,家乡,应届生,基建,乡村振兴,扩大内需",298830,612,1153,4942,615,605,0,0,6211
BV1528mzHEPp,114948675997653,1,21,2183,日常,助眠视频·ASMR,http://i0.hdslb.com/bfs/archive/bf3afa2a6196e33d2bd031e68d5277ef7816cc1f.jpg,微恐ASMR｜暴雨天古堡里吸血鬼为血奴新娘化妆｜病娇｜抽血｜吸血｜剧情向情景模拟助眠｜敲击音｜触发音｜刷麦｜耳语｜双声道,1754053200,1077,1686198949,小奈别失眠,https://i1.hdslb.com/bfs/face/c1b1bc9c70d61a641455bdaf151b8907415fa947.jpg,345226,"耳语,轻语,病娇,助眠,女性向,吸血鬼,asmr,触发音,敲击音",921425,794,915,28607,7873,1010,0,0,29377
BV1AUhnzFEzS,114953692450803,1,65,2079,网络游戏,其他游戏,http://i2.hdslb.com/bfs/archive/00df36f6892d28dd010c82d734d647a07ac271ea.jpg,抗韩成功！头号追击首次比赛看点解析！,1754056800,345,235630215,国电武术馆馆长,https://i0.hdslb.com/bfs/face/1c473f95562cb50c8f94291ed6373da6281e5b64.jpg,2173209,"电竞赛事,游戏杂谈,网络游戏,电子竞技,头号追击上头杯,电竞抗韩是一辈子的事,Korol时隔十年再度成功抗韩,MOBA,EWC",956768,1302,271,5148,6219,217,0,0,21990
BV1ZwhGztEms,114963406391911,1,65,2071,网络游戏,射击游戏,http://i1.hdslb.com/bfs/archive/65a8cb6077a3a55eecb3568b58a01c079ddf2112.jpg,零号大坝42个刷红点位，有图有真相！,1754202505,423,3546950758566307,功不唐捐的鼠鼠,https://i0.hdslb.com/bfs/face/member/noface.jpg,220,"FPS,零号大坝,三角洲摸金,教程攻略",326149,1166,1241,4705,615,1253,0,0,9825
BV1Pi8kz9EbM,114945823935995,1,252,2039,仿妆cos,cosplay,http://i2.hdslb.com/bfs/archive/ccaa40649b89a28c22617efe9cc7c013044a76a4.jpg,当我放弃白幼瘦审美后……,1753934491,36,260199948,林茂茂_Lin,https://i0.hdslb.com/bfs/face/b4203490608f2bd29a79c9f8246542b0ced370fd.jpg,52732,"罗小黑战记,cos,罗小黑战记2,电影罗小黑战记2,反差,鹿野",5673807,1527,5805,45259,11892,5400,0,21,592006
BV1ZktGzJE51,114969865623003,1,161,2104,手工,自制发明/设备,http://i2.hdslb.com/bfs/archive/fc069a535ed5161ab8fc6a4df17af8abba62ebb9.jpg,玩到真的了,1754301179,113,4896879,油七桶,https://i0.hdslb.com/bfs/face/75afaf6bf16ffaaec2e9c9da0393b08ab41373fd.jpg,17872,"游戏,猎奇,搞笑,3D打印,模型,你试你也过不了第二关,别笑,沙雕,带派,游戏手工发明家",497764,170,520,2070,636,1592,0,0,14758
BV1Nbhcz3E62,114940337718932,1,138,2018,搞笑,音乐现场,http://i2.hdslb.com/bfs/archive/de1e08003b914e6c5e58e0d8e4354d907deb9e4d.jpg,当我在王心凌演唱会cos王心凌，竟然被本人看到了！,1753869600,598,1962633,Yui柯基大聪明,https://i0.hdslb.com/bfs/face/3db7d59acaf033d88ef5d31824611b09d8c2b3e7.jpg,1344837,"演唱会,LIVE,音乐现场,仿妆,王心凌,cosplay,vlog,跟上节奏嚼出自在好状态,益达,我的演出自在搭子",4368118,4072,2499,14271,5345,1699,0,90,73199
BV1Zc8BzcE7b,114942401318325,1,215,2153,美食记录,美食综合,http://i1.hdslb.com/bfs/archive/c39fad97f8980851e84c4921ece89a2fdc18fdd1.jpg,《全羊宴》,1753882180,70,300764639,潘多拉的饱嗝,https://i2.hdslb.com/bfs/face/7d8de03e4628babd585620c283ff319a42a3c266.jpg,631237,"火锅,街头小吃,泡面,零食,美食展示,宵夜吃点啥,记录我的美食日常,夜宵,夜市,美食推荐",4110227,1329,2103,68356,6330,21148,0,80,168984
BV1twh3zzEoN,114964329142636,1,17,2066,单机游戏,单机主机类游戏,http://i0.hdslb.com/bfs/archive/3949ae2737a62640a2e31c09d7ba16db807d6d11.jpg,吃人！亵渎肉体！女主被削人棍？饱受争议的黑暗游戏隐藏了什么秘密？,1754216953,1670,1769996,火焰三黄鸡ao,https://i2.hdslb.com/bfs/face/a9f2b778ace7139bb0fd9daf87ab4522f6f02055.jpg,558434,"单机游戏,克苏鲁,国产游戏,游戏剧情,剧情解说,明末,推荐宝藏游戏",764020,1086,2215,9843,3302,664,0,0,15766
BV1o4h3zpEwe,114964060838938,1,251,2166,三农,农村生活,http://i0.hdslb.com/bfs/archive/d9b4b670d3bc2065d0f82c25a8b953304d3e6d6a.jpg,在农村卖货一天能赚多少钱？,1754212653,1111,1468914255,李福贵1,https://i0.hdslb.com/bfs/face/5362e90869a67fe8d9972a4a7e70187e687c5c56.jpg,457945,"生活记录,赚钱,乡村",222163,1490,1130,2014,23153,498,0,0,34490
BV1bZhgzGEZ7,114964446579210,1,253,2055,动漫杂谈,二次元绘画,http://i2.hdslb.com/bfs/archive/f9302ee04e6ac66b4b62c65426054ec79afae5f2.jpg,"出道25年，发明二次元""最出圈的人脸?""：武内崇",1754386200,914,1682714,昨夜梦中,https://i2.hdslb.com/bfs/face/5a2eb78dbed8b90c44a4a8a7feb7406791a70605.jpg,235897,"FGO,型月,fate,希耶尔,命运-冠位指定创作者激励计划 第三期,武内崇,画师,fgo,Fate/GrandOrder,FGO9周年庆",34260,189,257,1219,601,233,0,0,2414
BV1GbhuzVEYX,114962936629968,1,30,2022,VOCALOID·UTAU,VOCALOID,http://i1.hdslb.com/bfs/archive/db959b290208fd7cf0d050919be233015c084983.jpg,即刻轮回 中文填词【重音テトSV】【なきそ】,1754195489,123,73783743,没有花香的HANA,https://i0.hdslb.com/bfs/face/d57e2b71a8aa3ddac263e2eb50ca03018762010b.jpg,160320,"重音テト,中文,填词,なきそ,いますぐ輪廻,即刻轮回,HANA,翻调,synthesizer v,虚拟之声创作计划",444225,8005,810,37731,6273,1321,0,0,51645
BV1tntGzvEnU,114970301898632,1,172,2077,手机游戏,休闲/小游戏,http://i0.hdslb.com/bfs/archive/ff7ecbaa978e52046f3fb4cad8ee5f89a039b140.jpg,把野人关进盒子里会怎么样？,1754307753,75,2051751572,搞笑小番茄,https://i2.hdslb.com/bfs/face/12f8a3ee63323eacac01bda4c15358383252436b.jpg,167296,"娱乐,搞笑,dongdong羊,蛋仔小剧场,蛋仔新赛季,野人,沙雕,纪律委员,蛋仔,蛋仔派对",213336,482,258,3778,677,85,0,0,6210
BV1LZtuzkEJ7,114969714625816,1,201,2040,科学科普,二次元线下,http://i0.hdslb.com/bfs/archive/9b620f451ecd5a16c9bc850019e7483ffe267b25.jpg,漫展把脉--总结：肾虚，抑郁，胃病！,1754299976,1638,2142394537,医者正心,https://i1.hdslb.com/bfs/face/9ae2edac55966af9136c783ac2a75b2e9872f08e.jpg,1417132,"二次元,中医,漫展,把脉,Cosplay,问诊",829801,2736,2823,7658,2622,3124,0,0,47130
BV1guhbzZEn1,114957450484919,1,47,2037,同人·手书,同人动画,http://i2.hdslb.com/bfs/archive/f6ebddc7ece7ea9ea7a1022219154fbdcff286e4.jpg,我将全身涂抹老鼠药，这时邻居遛狗进了电梯,1754111704,1257,3536995435415579,叶雪颜悬疑,https://i2.hdslb.com/bfs/face/7579c3db5d5af3db1c74d27de9b26c7aa3e07f31.jpg,196908,"恐怖,原创,惊悚,悬疑",1119492,3660,900,27349,2907,1191,0,84,85354
BV1Hp4RzgEn3,114976878499788,1,201,2094,科学科普,科学科普,http://i1.hdslb.com/bfs/archive/cdba777de76076bd9ef4bf24a893a3a88495bde7.jpg,这次广东特大暴雨，到底有多厉害，为什么会这么厉害？,1754408745,241,547072854,中气爱,https://i0.hdslb.com/bfs/face/e5f6be30a18988ed92f677e6a47a346270172081.jpg,2623137,"台风,广东,竹节草,季风槽,梅雨,极端天气,40度,特大暴雨,龙舟水,万物研究所",238988,828,2534,1199,667,1699,0,0,13575
BV1fehJzSECM,114952350337115,1,138,2203,搞笑,生活技能,http://i0.hdslb.com/bfs/archive/13a2ba16cceb7e728cfc97784396a5ef46254f65.jpg,那个去油贼强的洗发水其实是果壳的…,1754215200,696,327757321,摸鱼事务所,https://i1.hdslb.com/bfs/face/93c8bd776691b3b114b5e06f5c8dff96a28f7c82.jpg,1974874,"生活记录,果壳,头发,洗发水,周末可做的N件事儿",333530,1113,569,2083,3032,329,0,0,14443
BV1j1hWzZEmt,114953893711612,1,124,2090,社科·法律·心理,人文历史,http://i0.hdslb.com/bfs/archive/4834c17e6911c8d385d978d1348ec5a131d9889c.jpg,【蒙娜丽莎失窃案】他是如何偷走世界第一名画的？,1754125200,924,611092306,读书的Harry,https://i1.hdslb.com/bfs/face/c1511e78938fb352455e6cd4951f34262efe0b9a.jpg,319094,"科普,都市传说,历史,悬疑,奇闻,人文历史档案馆,蒙娜丽莎",4932677,722,127,42377,2279,118,0,42,39975
BV1Q2hbzaENk,114958926876192,1,31,2017,翻唱,MV,http://i2.hdslb.com/bfs/archive/77bb340d98691472481317d6a31ef96712aeaf50.jpg,【吴莫愁】｜为《灵笼第二季》献唱《颂赞》,1754134080,242,618401147,吴莫愁Momo-,https://i2.hdslb.com/bfs/face/5a86b52d5bfe1456b718b1dda6eff5ba44cb6696.jpg,24475,"白月魁,灵笼第二季,马克,吴莫愁,ost,灵笼,歌手UP计划",401296,518,1507,5926,11548,1420,0,0,23398
BV1Zp8UzdEbr,114948541781003,1,236,4219,竞技体育,攀岩,http://i1.hdslb.com/bfs/archive/1e86369d1e770f864da11b787d14c90c7a497e1e.jpg,姐真的是一种感觉，与年龄无关,1754019000,426,1109849979,Kings今天上墙没,https://i0.hdslb.com/bfs/face/3518073f43bde166609cb444bad423e10afeb993.jpg,166108,"极限运动,抱石比赛,攀岩,比赛解说,抱石,攀岩比赛,B站攀岩解说团",620978,630,496,3806,1837,895,0,0,25529
BV12WhgzvEL2,114962332647868,1,172,2207,手机游戏,随拍·综合,http://i2.hdslb.com/bfs/archive/2a00b5acf9ec2f53d05c49d7387d676eda083168.jpg,【鸣潮】光头强戒鸣潮,1754186431,415,1343820504,阿尔法的猫-,https://i0.hdslb.com/bfs/face/4685e7da58c767a4141a8dcab51b69c781be561b.jpg,129256,"鬼畜,手游,二次元,鸣潮创作激励计划,鸣潮",208232,799,969,3167,1849,4825,0,0,21656
BV17jhTzCENZ,114960420052213,1,176,2102,汽车生活,摄影摄像,http://i0.hdslb.com/bfs/archive/35f2829332d1f66038c0d50249b98024ba6b2877.jpg,挑战带相机认识陌生模特第一期（上海chinajoy）,1754190000,178,30961693,陶先生摄影博主,https://i1.hdslb.com/bfs/face/0a37e6a9aee0ffaa36cddee5570b4d311f29e32c.jpg,301845,"科技猎手,拍照,二次元,摄影,陶先生,陶先生摄影博主,2025chinajoy,街拍,数码测评,Cosplay",760113,410,483,10453,650,1010,0,0,13110
BV1jMtjzFEBA,114972113766974,1,173,2067,桌游棋牌,SLG游戏,http://i1.hdslb.com/bfs/archive/e286ac4ef617ec2c746dcef3ce232dddebb7f0fa.jpg,由蛇神之眼所编制的仪式连环【萝卜哥来也】,1754359200,1313,384054002,萝卜哥来也,https://i2.hdslb.com/bfs/face/6701f1e6c28e800acd8e37d9c38f7c996a1c94c8.jpg,18131,"童年,原创,游戏王,娱乐,桌游棋牌,游戏王 Master Duel,卡牌游戏,教程攻略,仪式,推荐宝藏游戏",25644,235,218,669,1504,142,0,0,2336
BV1N9hVzkEi1,114964597578701,1,17,2066,单机游戏,单机主机类游戏,http://i1.hdslb.com/bfs/archive/18478bde2e9149de643720a246ef1eabbd0f9ff0.jpg,【十字军之王3】布衣窃明 第三期【完结】,1754221364,1926,13817466,菠萝柚王子,https://i0.hdslb.com/bfs/face/b8f0f90a42c543ea92bf00e12a8b79003c694c46.jpg,999977,"十字军之王,娱乐解说,娱乐,明朝,策略游戏,模拟经营,明末,整点电子榨菜",264674,3705,923,4040,16876,274,0,0,24129
BV1cdh3zYEyg,114963473501047,1,251,2090,三农,人文历史,http://i0.hdslb.com/bfs/archive/3b27df18b1d3bb9bfd38981078a2044d90999bf1.jpg,这个104岁的爷爷，带给我的不止有敬佩和感动,1754203605,133,3493123130919728,我是凡人繁星,https://i2.hdslb.com/bfs/face/76cdfd193b3cb59b2261bb390979a39748b3d901.jpg,253958,"正能量,生活记录,爷爷,记录美好农村生活,抗日,乡村,感动,鬼子,抗战老兵",293589,8965,1338,6194,15487,540,0,0,66280
BV1BQtuz2E6M,114969781800257,1,21,2188,日常,自我成长,http://i0.hdslb.com/bfs/archive/ec669328e140268d966ef94818a17cbd0ef05ffe.jpg,敬过去痛苦的自己五杯,1754299745,104,622525113,饼旭,https://i0.hdslb.com/bfs/face/4f06d57285118adb5b7c946c4a316c74f61a16f0.jpg,149210,"人生,校园,生活记录,搞笑,吐槽,整活,记录生活搞笑瞬间",117791,158,215,993,637,151,0,0,17679
BV1YDhHz2EfV,114952669037044,1,138,2185,搞笑,家庭关系,http://i1.hdslb.com/bfs/archive/aac44f050bd166b32bd6b2fbb8a2f23d5089d746.jpg,如何和父母闹僵？,1754038887,189,3546559413225949,冷白喵,https://i1.hdslb.com/bfs/face/4e0f5bc0d4746f4f43ddde5bea51eb7c422887d5.jpg,708738,"家庭,搞笑,吐槽,搞笑小剧场,父母",738749,1736,2359,4048,1554,997,0,0,34338
BV1mbhxz7Et3,114956796234482,1,259,2043,AI影像,动漫速读,http://i2.hdslb.com/bfs/archive/87db016935ca37bec20f91e4e9a87f1218ce9710.jpg,韩立结婴首战，神识比拼南陇侯，7天时间，每天只睡4小时，写了百万提示词，只为道友们12分钟长篇看爽！！凡人修仙传。,1754101791,846,112174025,大唐导演,https://i2.hdslb.com/bfs/face/460d129fcdcbac031bc0ee06e2eabb97209be5ad.jpg,2970,"凡人修仙传,结婴,吕洛,南陇侯,动画种草激励计划,幕沛灵,韩立",418004,1207,903,2396,10629,462,0,0,17682
BV1zahKzCE4y,114960839482364,1,65,2071,网络游戏,射击游戏,http://i2.hdslb.com/bfs/archive/070c1b2e05672c6dfd8e15e94281a6a47da89094.jpg,致我玩这么久第一次有这样的跑刀经历，谢谢你们,1754163504,269,220277361,波奇BQQ,https://i0.hdslb.com/bfs/face/248ec119bd42cc1edffe8e9d95254ce36e864711.jpg,1904,"射击游戏,FPS,跑刀,三角洲破壁新赛季上线",532705,755,5096,8630,11520,2075,0,0,51064
BV1QVhgzVEtx,114962718721292,1,121,2064,GMV,单人RPG游戏,http://i1.hdslb.com/bfs/archive/4fa5f0961ad1f455aa87876676d6761bfe6be668.jpg,此刻，玩家们开始意识到这个游戏带着崩坏前缀的严重性,1754191917,142,34140519,做一只老鸽子,https://i0.hdslb.com/bfs/face/04e5cadfbaa764f3a0b7b400416afb747442a637.jpg,64397,"崩坏学园2,崩坏3,爱莉希雅,白厄,崩坏星穹铁道,昔涟,星穹铁道白厄,姬子,希儿",86211,104,250,4807,3206,351,0,0,9251
BV1Bmh5zvECF,114965889417715,1,219,2168,汪星人,狗,http://i1.hdslb.com/bfs/archive/4bcc8f338c37a84223c21fb73d97b745e76fdd82.jpg,天塌了,1754299800,93,3494377812920345,系嚣士啊,https://i2.hdslb.com/bfs/face/bcb480918aab2dbdbbc0130feca6a42ee46ec15e.jpg,582925,"嚣士,宠物,田园犬",289662,850,1157,1157,1382,3258,0,0,32869
BV1iShGzxEFZ,114965100888535,1,138,2142,搞笑,体育综合,http://i1.hdslb.com/bfs/archive/c4bd7d12b3150fb96e86985e4118659b39a1cc69.jpg,铁人五项比赛！,1754228650,193,3546378519186308,三一八本人,https://i2.hdslb.com/bfs/face/f3042ec213e893123bb820cad91e372bc43bcf5d.jpg,495322,"运动,体育,比赛",724646,1317,1084,1494,1453,1463,0,0,32253
BV1fGh8zyEXy,114958574617870,1,228,2002,人文历史,影视剪辑,http://i1.hdslb.com/bfs/archive/892b51a87d71066c491f853161fd721b08896b16.jpg,一个普通中国日子人的苏俄革命体验游。,1754128990,1936,52238328,剑南胖达,https://i0.hdslb.com/bfs/face/30599bbd815803fabc71a86a5fcd4c122fce01ce.jpg,1943,"苏联,中国,俄罗苏,乌克兰,十月革命,钢铁是怎样炼成的,保尔柯察金,钢铁是怎样炼成",85954,157,226,2670,962,130,0,0,10568
BV1cytEzVEBg,114974496130707,1,65,2071,网络游戏,射击游戏,http://i2.hdslb.com/bfs/archive/0e1e225f5c753c7aa683ee8d7ff0203112dfdca3.jpg,【完结】花费2100w开航天所有房卡，看看最终能赚多少？,1754371796,502,283784134,斯达瑞-乔吉,https://i1.hdslb.com/bfs/face/6a5fe528ff57e9e7e98313966a5e2628ad73328c.jpg,50118,"三角洲行动,开卡,绝密,航天基地,三角洲破壁新赛季上线",91692,361,181,924,836,30,0,0,3984
BV1JdhuzREBD,114962701812188,1,138,2171,搞笑,动物综合·二创,http://i1.hdslb.com/bfs/archive/ff3f9e63b1ce723fcd35adacfe1a9b5dcce8528c.jpg,牛：不好！我的魔丸！,1754192019,65,1402229439,大丙搞笑配音,https://i0.hdslb.com/bfs/face/6104868b601276de59976e835c95428601800cc0.jpg,363116,"搞笑视频,搞笑,吐槽,配音,搞笑配音,搞笑动物配音,这是一个悲伤的故事,看一遍笑一遍",2615809,251,771,8769,935,6525,0,0,74308
BV1CphKzSEw9,114960738812267,1,172,2064,手机游戏,单人RPG游戏,http://i1.hdslb.com/bfs/archive/6ac9acfc2d85bb5dc9de5f0a093de404f57798d4.jpg,注意！千万别抽斩业星熊！！！！！！！！！！！！！！！！！！我就是这样被七个遥塞满被窝的。。。。,1754192700,533,112708024,豆角豆莎,https://i1.hdslb.com/bfs/face/4cdea719cb869f0195a28f8b9fa388416faa49d7.jpg,439680,"二次元,抽卡,明日方舟,斩业星熊,塔防,遥,非酋,泰拉探索协会,明日方舟创作者应援计划",412296,1949,4637,2708,13317,1517,0,0,24905
BV1cihcziEhK,114940455161445,26,172,2064,手机游戏,单人RPG游戏,http://i2.hdslb.com/bfs/archive/0597ef728ff4727d205a05805b6eedf582072806.jpg,【原神】5.8纳塔 带任务版一条龙全收集 成就数169 悠悠度假村,1753852549,18029,1773346,莴苣某人,https://i1.hdslb.com/bfs/face/2a973191e45f611699c85d404baee50163a6f2ec.jpg,5563333,"原神UP主激励计划,游戏,手机游戏,原神5.8,火神瞳,悠悠度假村,观景点,任务,宝箱,原神",1780942,7927,1317,17802,13854,2251,0,0,20817
BV17wt5zxET2,114971409124724,1,124,2187,社科·法律·心理,人际关系,http://i1.hdslb.com/bfs/archive/1af2de42fdf9ca4781b207108479b28729a42b61.jpg,【纯干货】为啥情商高的人，都带点虚伪？,1754325086,750,1053088039,行长王德发,https://i1.hdslb.com/bfs/face/e3165e2b131b36558e80a7473e23ef60a68495f6.jpg,306235,"人性,职场,社会,高情商,权力,真诚,情商",38103,431,430,1925,1206,296,0,0,2851
BV1jwhhz3EaH,114958037685416,1,172,2077,手机游戏,休闲/小游戏,http://i0.hdslb.com/bfs/archive/f8f6a3b05766f9d6860dc393442dc384f9bd0f99.jpg,【伪蛋入侵2合集】你身边的蛋仔可能是伪蛋！,1754121434,2264,84049965,害怕z,https://i0.hdslb.com/bfs/face/93b14b4d9b215711be08a6672bf043d3b10808b2.jpg,255279,"搞笑,蛋仔小剧场,蛋仔派对发起人,害怕z,神奇艾比,伪蛋入侵,蛙蛙教,休闲益智,蛋仔派对",1909275,1795,1564,140848,16858,65,0,15,136188
BV1euhHzyEsR,114953390397674,1,65,2077,网络游戏,休闲/小游戏,http://i1.hdslb.com/bfs/archive/e2dadc66f78069171b7b094e04e3f87a1a1455ff.jpg,谁爱划谁划吧,1754049874,145,1410229894,W47-可爱者甚凡,https://i1.hdslb.com/bfs/face/b7854849ca09316f18adf1fb4e00c1248d22cb97.jpg,106494,"游戏,搞笑,娱乐,游戏搭子,沙雕,游戏日常,划划划,steam游戏",1163401,461,1267,21704,4162,21134,0,0,136165
BV1MnhgzBEsi,114962433383584,1,138,2152,搞笑,美食记录,http://i2.hdslb.com/bfs/archive/985307d288d2c0cfe792ea60f70710f76b98966b.jpg,回农村老家给老婆包个鱼塘！,1754188170,596,382816675,猪猪狠无敌,https://i1.hdslb.com/bfs/face/5cc4e2e034cfa84dccd1b556afcad5c2f73d3d96.jpg,23717,"生活记录,包鱼塘,记录我的美食日常,乡村,农村,鱼塘,回家,农村生活",366559,451,355,2490,1320,107,0,0,15808
BV1ffhuzQET3,114962601090814,1,228,2088,人文历史,社会观察,http://i1.hdslb.com/bfs/archive/af6b40a5d5ab5cdff5033a3dcbad32fc23e52df2.jpg,最新裁决，宗馥莉首战失利！娃哈哈家族争产之战全面梳理｜宗庆后｜宗馥莉｜杜建英,1754279100,2551,702909260,M2档案,https://i2.hdslb.com/bfs/face/1a89706f34864853ec43a42d4e8cf7707dfc7bfb.jpg,923185,"杜建英,遗产继承,家族,娃哈哈,信托,宗庆后,宗馥莉",256687,0,1558,2588,3007,1056,0,0,8404
BV1r3huzREtf,114963121242580,1,172,2071,手机游戏,射击游戏,http://i1.hdslb.com/bfs/archive/7f91f8cc902b89d5da98d593155bce24dcb42769.jpg,全网最详细<三角洲 全boss容器 排行推荐>萌新必看！！！,1754217600,1087,3546872664820321,三角洲代肝-老鱼,https://i1.hdslb.com/bfs/face/0a361fe431adbdc7d0d2478f263195ac992bbe39.jpg,33623,"BOSS,FPS,技巧,三角洲行动,三角洲行动攻略,新手,三角洲,教程攻略,容器,全网",1048430,2270,711,38474,2357,641,0,90,41039
BV1hfhGzJEtc,114965201552644,1,157,2112,美妆护肤,护肤,http://i0.hdslb.com/bfs/archive/83730a9786664be7871eb6ded542bc03b89355d6.jpg,14年换头！我从18岁-32岁整容经历,1754229797,92,9882419,我是唐飞飞,https://i2.hdslb.com/bfs/face/3eb07fba585e29826cd4716e6a44af50feabc065.jpg,48251,"整容,逆袭,减肥,变美,医美,隆鼻,整形美容,鼻综合",621988,974,4900,1197,552,1937,0,0,18117
BV1nTtnzjE5h,114975938973329,1,21,2198,日常,休闲玩乐,http://i0.hdslb.com/bfs/archive/a64fdc6ecb3e64b72facc45ba8ed97c84cfb1c89.jpg,救命！一天饮料做80多杯真干不动了，四个人都忙不过来,1754394622,603,44128829,某天的游戏小屋,https://i2.hdslb.com/bfs/face/b40ec805940bb2bd088af716f30412ad2bf5b468.jpg,673925,"武林外传,搞笑,生活记录,主机游戏,某天的游戏小屋,咖啡店,任天堂Switch,必剪创作,整点电子榨菜",101660,829,378,810,3446,127,0,0,7897
BV1g5hhzAEV8,114958171905492,1,212,2150,美食侦探,美食探店,http://i0.hdslb.com/bfs/archive/29d89b44433c2e14ff9cc841e6c79e173bfd7cd4.jpg,自助界的胖东来，出现了！,1754130000,861,506761354,快乐的苏胖,https://i1.hdslb.com/bfs/face/ca69e344486afb6391fbcdaf00ba0583425066df.jpg,863107,"街头小吃,自助餐,美食,生活记录,二手推荐,舌尖真探事务所,二手手机,转转,探店",618539,902,937,3738,2826,620,0,0,19027
BV1gUhbzwErx,114958843055114,1,161,2148,手工,其他手工,http://i2.hdslb.com/bfs/archive/1b5838420828a2da9e51c417198cf702916630d9.jpg,白银真能把毒验出来吗,1754132797,38,443448523,解忧黄金回收,https://i1.hdslb.com/bfs/face/de2793beaa924e649bcb76181c8e8b8471d2009a.jpg,153828,黄金,3242315,207,513,1121,567,63,0,0,28368
BV1KxhczVE4t,114940304166228,1,172,2073,手机游戏,动作竞技游戏,http://i1.hdslb.com/bfs/archive/5b5bc61b7afcd599622e19a67ba7a0b7eaa9e50d.jpg,给我从尸体里醒过来「博士丨超燃混剪」,1753850264,136,228488209,龙鸣2024,https://i1.hdslb.com/bfs/face/ad68bd26c614fdfee75a485edaf6cf1cde3f8ab7.jpg,1240,"混剪,第五人格,竞技游戏",240860,177,431,3529,3470,679,0,0,24996
BV14v8kzsE4k,114945907889326,1,27,2037,综合,同人动画,http://i2.hdslb.com/bfs/archive/5e59ded742faae0c0f2b73acf0346a49a8373244.jpg,【GIOGIO自制番外】篇章５ 镇魂曲的代价 其三 该回杜王町了,1753935632,274,618281877,非凡哥零容忍,https://i0.hdslb.com/bfs/face/29ee34d9d89a732f4676ae08c362668fe85eebd8.jpg,47362,"JOJO的奇妙冒险,空条承太郎,黄金之风,福葛,米斯达,乔鲁诺乔巴纳,岸边露伴一动不动,动画短片群星计划",710716,452,535,24852,8058,841,0,0,73347
BV1Jnh3z4Enx,114964127815974,1,172,2071,手机游戏,射击游戏,http://i1.hdslb.com/bfs/archive/153d20be83bfb01f3e31a66752c6ead6032c986f.jpg,让你通透整个大坝，你的无名才能愈战愈勇,1754214425,309,1809444890,三角洲-安澜,https://i2.hdslb.com/bfs/face/e714b2642ce045e441a21dd29e94a72d3f7f3f8e.jpg,284027,"电子竞技,FPS,三角洲行动,单三猛攻,零号大坝教学,无名教学,安澜三角洲行动,粑粑流无名,教程攻略,三角洲破壁新赛季上线",554831,803,1271,6535,2371,1065,0,0,49539
BV1WJhLzCELY,114965537102265,1,172,2064,手机游戏,单人RPG游戏,http://i2.hdslb.com/bfs/archive/0833192832e34f90a586b553cd894b5b0d0afecd.jpg,【声优整活】我的爱丽丝终于说出了那句台词!?,1754280900,22,11253297,多多poi丶,https://i0.hdslb.com/bfs/face/966b61d56511813052cfca8b0cb2ff7426165404.jpg,3032903,"JOJO的奇妙冒险,声优整活,绝区零UP主激励计划,波鲁纳雷夫,银色战车,爱丽丝,jojo,绝区零",437182,203,988,8094,2343,3906,0,0,67070
BV1qvtJzMEG9,114976022855975,1,65,2071,网络游戏,射击游戏,http://i1.hdslb.com/bfs/archive/aa29fdd36eaecde35e1c110adf38632b6f61a2c8.jpg,从“新”出发！皮特B站首播，见证不一样的征程,1754394974,159,13470007,皮特174,https://i1.hdslb.com/bfs/face/aa27f02fff29bdc92905483600972d6c507d7cf4.jpg,608161,"FPS,射击游戏,电子竞技,APEX英雄,吃鸡,竞技游戏,猎杀,皮特,steam游戏",451547,1180,7761,4266,22822,8768,0,0,33136
BV1V4huzyEap,114963288950195,1,121,2064,GMV,单人RPG游戏,http://i1.hdslb.com/bfs/archive/60a13f97fe52a32af6cf7a400557df89752cd5c8.jpg,牢柯提醒您，180星琼加一个特殊道具别忘了领取,1754200788,26,75032117,柯只因_崩铁牢王,https://i2.hdslb.com/bfs/face/f9532cd75defbc3c02062a798b5132147513cc51.jpg,60540,"星琼,崩坏星穹铁道,崩坏：星穹铁道创作者激励计划,兑换码",669928,70,523,46584,1183,2491,0,0,41460
BV1TwhpzuEhi,114952887077992,1,182,2001,影视杂谈,影视解读,http://i1.hdslb.com/bfs/archive/47dccf75928f030d4f9037fc8f33db0c7721cb9f.jpg,超燃电影《疯狂的麦克斯》，十年来最硬核战车电影，末世狂暴不息,1754211600,987,73528331,摩斯神探,https://i2.hdslb.com/bfs/face/7a3ccfa2d021bc1212ffdd5ea637d098a1475d9f.jpg,3190517,"石头,动作,电影解说,石头P20Ultra,扫地机,石头扫地机器人,石头扫地机",4351276,398,197,21306,1036,60,0,57,48401
BV1GuhhziE9u,114958222236434,1,171,2071,电子竞技,射击游戏,http://i1.hdslb.com/bfs/archive/a60b70f118873455ea76c1037954cc315175473b.jpg,不是你压力谁呢？,1754123351,25,3461567079254478,保护我方塔姆,https://i0.hdslb.com/bfs/face/b1a01339e7edc84f3773ecfcd45121b6a428e098.jpg,65282,"FPS,桌游棋牌,MOBA",1200104,129,747,2585,635,353,0,0,82548
BV1tDt7zJERS,114975016228285,1,76,2149,美食制作,美食制作,http://i1.hdslb.com/bfs/archive/8a05201398a3766d607568e279d875606a214eba.jpg,这么妙的小菜居然没吃过，有手就会做，传统鲁菜盐卤肚,1754388000,758,419872064,老饭骨,https://i2.hdslb.com/bfs/face/acafe3e024816f8970ce15acb1f235fc52bac14b.jpg,5202530,"厨艺,烹饪,美食教程,家常菜,美食制作,记录我的美食日常,小菜,鲁菜,卤味,Vlog",94634,428,284,1993,1236,170,0,0,6434
BV134htztEfJ,114957920377626,1,17,2078,单机游戏,沙盒类,http://i2.hdslb.com/bfs/archive/dc80efa41f9c974d2560bffd8e861c3fdeddc07e.jpg,当MC服里加入东方明珠激光塔(玩家：我只是拿安卓机拍了张照，喝了口蜜雪而已😭😭,1754139600,141,189841470,Mr_牛奶,https://i0.hdslb.com/bfs/face/2354a3c3e0bcfbc0c565504060e1eca5efeaaf4d.jpg,806192,"服务器,我的世界,整蛊,沙盒游戏,服务器恶搞,东方明珠激光塔,安卓手机,东方明珠,蜜雪冰城",946644,301,872,10555,1337,372,0,0,45990
BV1UfhgzrE4U,114964429869028,1,21,2154,日常,剧情演绎,http://i2.hdslb.com/bfs/archive/1963100196eea5c44d8112e60425142e2c1b7138.jpg,属 于 猩 的,1754218326,51,9130832,张八筒筒,https://i2.hdslb.com/bfs/face/683b3b97648bf13641c508b9b50a2d25b87bec69.jpg,720858,"生活记录,原创,搞笑,张八筒,best人生,猩猩队长,情侣日常",614657,177,349,1055,1284,454,0,0,61965
BV1bqtVzkE87,114971677560000,1,172,2064,手机游戏,单人RPG游戏,http://i2.hdslb.com/bfs/archive/2325931caa9e38b323b2dfd0a448aba1c28408a3.jpg,我没有抄袭,1754329061,566,8275417,夜神月Lwaite,https://i1.hdslb.com/bfs/face/9be6654cf6b3aeb675161279bf081a1d63fd0fd7.jpg,336889,阴阳师,151779,242,2320,537,3804,967,0,0,7148
BV1LwtGzmECa,114970503153044,1,137,2018,明星综合,音乐现场,http://i1.hdslb.com/bfs/archive/358e26b2be90f5c6fa98a3f3bc106802ad21c50a.jpg,【男宝星球2】冉冉升起的“新星”！周安信Whiplash(原唱:aespa)4K个人直拍 250804,1754311644,210,42230125,Ning_EXO,https://i1.hdslb.com/bfs/face/e112a4eef784c8148decb8d4b8fc9b3e8c4bc103.jpg,341249,"4K,aespa,BOYS ll PLANET,染色体,直拍,周安信",122362,1541,1390,2016,4136,779,0,0,8951
BV1UuhPzDEjZ,114959983844215,1,65,2071,网络游戏,射击游戏,http://i2.hdslb.com/bfs/archive/e3083fb3d3fe5ba2f044922fdaff647b07d4351a.jpg,救命！哈基蜂哈气啦！！,1754150329,177,3546864269920566,小杯饭堂,https://i0.hdslb.com/bfs/face/b1fb029eadd64036660172cc8dbeb89f2fdc601a.jpg,162803,"恋爱,101俱乐部,三角洲行动,爱鼠TV,三角洲鼠鼠,小杯饭堂,航天基地,小杯,三角洲破壁新赛季上线",620332,381,750,6773,1113,180,0,0,47459
BV1fUhAzNEhr,114940958480075,1,21,2154,日常,剧情演绎,http://i2.hdslb.com/bfs/archive/74339802ab67b77d8359b93bc47b5e429ae3b593.jpg,东北人的能量真的没人管管吗？,1753864684,192,1317825098,一只广宇,https://i2.hdslb.com/bfs/face/8b1bf31f6340a662e3431cef4b44e9a08ec9e699.jpg,546913,"拼好饭你变了,补贴是一时的拼好饭是一直的,重要的事情值得拼一下,拼好饭6.9元盲盒,点拼好饭是有0次和无数次,#拼好饭6块9盲盒抽孙颖莎周边,美团拼好饭",1834057,501,783,4289,2017,543,0,0,85387
BV17whczfEiK,114940622932571,1,95,2100,数码,手机,http://i0.hdslb.com/bfs/archive/1a99f2fa76c26e4ed1f587a6a84f5642ad547ba0.jpg,【建议收藏】手机涨价后该怎么选？2025年8月暑期手机推荐！覆盖1500~6000价位不同需求！,1753930800,1137,178690106,搞机所,https://i2.hdslb.com/bfs/face/1d04316b1eb19a97d950a368af672421ff6224ee.jpg,2379365,"科技猎手,数码,科技,八月,手机,续航天梯榜,vivoOPPOiQOO荣耀小米一加,买手机,性价比,手机推荐",500679,1027,2012,6349,3611,787,0,0,24798
BV1Y8t3zzEK7,114970855478934,1,21,2083,日常,综合资讯,http://i1.hdslb.com/bfs/archive/f4414f3bc5bfe92db83e26bf0ff7fccbcc302fdc.jpg,浪浪山的四个小妖怪，到底叫什么名字？,1754350200,165,456664753,央视新闻,https://i1.hdslb.com/bfs/face/2dc9c34444ba9f8e891fdc98e6c331fa3c02d127.jpg,21822996,"电影,浪浪山小妖怪",241273,195,655,1039,894,772,0,0,24477
BV1nkhxzBEhf,114956913609366,1,21,2196,日常,职业vlog,http://i0.hdslb.com/bfs/archive/10decb86afad3a37ca2828573ef272a1a5449e10.jpg,中专生在日本打工6年离职回国，这6年除了收入1000万日元，还收获到了很多不同人生的体验，心酸与感动共存，离开也是为了更好的再见，谢谢大家的一路支持！,1754103650,62,486122103,思乐在日本,https://i0.hdslb.com/bfs/face/7f8a4169e6dd73bdecbadbef8de61c384132d037.jpg,84655,"日本,生活记录,vlog,日本生活,努力,感动,日本打工,出国打工,打工人,随手记录我的生活碎片",623467,278,3318,3162,1108,1160,0,0,66539
BV1QMhJzqEsj,114952635484371,1,241,2009,娱乐杂谈,娱乐评论,http://i1.hdslb.com/bfs/archive/37ac24687dc9ef724792610a4d56a0c70e1569ce.jpg,一觉醒来全世界的k-pop水平下降一万倍，我成C位了,1754046000,891,111522104,接二连珊妄想症,https://i2.hdslb.com/bfs/face/81d82aaabda80c9c1f309e05fd4b23461c7b236c.jpg,643217,"综艺,孙佳洋,男宝星球2,夸克深度搜索,爱豆,舞台,夸克,选秀,K-Pop,娱乐吃瓜大会",940540,20375,1999,10945,16970,5528,0,0,58210
BV1Gch4zxEMw,114956443846113,1,17,2079,单机游戏,其他游戏,http://i1.hdslb.com/bfs/archive/211bfe3490bb9a6538863c8b5163ffc745118c54.jpg,绝对猎奇的暗黑神作丨万字解说《2Dark》,1754106900,2448,3546791991576744,白钰yuki,https://i0.hdslb.com/bfs/face/44e273588dadb913e20ed5e7d6d55a154021058e.jpg,8998,"游戏解说,恐怖游戏,单机游戏,2Dark",233814,732,354,11390,3939,261,0,0,13490
BV1TNhpzTESk,114952786418550,1,126,2063,人力VOCALOID,鬼畜综合,http://i1.hdslb.com/bfs/archive/f3566e9c285f3d623d6df842598a9b2ef4a4d9fc.jpg,“在哪都能挣刀乐”,1754106900,231,1398957,树深时见鹿dear,https://i0.hdslb.com/bfs/face/3492081b9cf0a59626c663537fe30f0acf53f6c5.jpg,730932,"鬼畜,周润发,岳云鹏,rap,唐探1900,王宝强",244330,293,560,4673,9282,516,0,0,22174
BV1eQhgzjEAB,114964245256716,1,208,2084,校园学习,应试教育,http://i0.hdslb.com/bfs/archive/b2230f8bfe119b15713d340e648f411cabd6c2bc.jpg,【一数拔高】指对幂函数大综合！,1754215452,2892,14229967,一数,https://i1.hdslb.com/bfs/face/812281bada7d323c23c6e1e2e92749bd29b7d7c6.jpg,20483305,"数学,学习,高考,指对幂函数,bilibili高考季,高中,考试资料,中考,考前复习",727229,7716,1515,18717,5066,2208,0,0,88502
BV17ft3zSEg6,114970603816356,1,172,2064,手机游戏,单人RPG游戏,http://i1.hdslb.com/bfs/archive/93c20fb726201f331ca7d56ee7b96eeb58e34b36.jpg,不是我喜欢的敌厄，直接上下0T！叠一舞也想赢😭！【3.4博徒困境】,1754313369,377,34925014,Narwalncy,https://i1.hdslb.com/bfs/face/7c8bd8bd4de7f6450112e67ad472a300293791fb.jpg,153012,"直播录像,白厄,崩坏星穹铁道,混沌回忆,崩坏：星穹铁道创作者激励计划,星穹列车团,万敌,敌厄,教程攻略,0T",110771,354,475,935,1019,220,0,0,8240
BV13BhVzXEvD,114964564020098,1,21,2039,日常,cosplay,http://i0.hdslb.com/bfs/archive/3a8f3f64ccbfd552b0621e1c24417a95e4810b9a.jpg,嘘～轮到四姨来奶你一口啦,1754222403,16,3546937055775240,Yasal_170,https://i0.hdslb.com/bfs/face/b5c4750fa3e6ee70555129f7a49b304055d321a1.jpg,1660721,"DNF手游激励计划,yasal小姐姐cos四姨,DNF手游新职业女枪手,DNF手游",1097577,4781,3408,11704,11866,1501,0,0,99784
BV1iBtJzKEL6,114976056416386,1,21,2197,日常,其他vlog,http://i0.hdslb.com/bfs/archive/59a3d4977a70152088b92eecefaef86bf69fabbc.jpg,挂壁房租房彻底踩坑，每月多花50块却用不了空调，早知道住网吧了,1754395815,633,3546587229849778,小A在上网,https://i1.hdslb.com/bfs/face/b496e9229ac889f7f398f69f46e8cf40c7d3c818.jpg,694627,"生活,生活记录,vlog,挂壁房,电子榨菜,网吧,租房,城中村,网吧大神,随手记录我的生活碎片",163251,42,630,854,2038,120,0,0,8952
BV1bch3zgEUQ,114964345920275,1,124,2088,社科·法律·心理,社会观察,http://i1.hdslb.com/bfs/archive/173acf7fe51931270c6baac44cee0e513bb12209.jpg,爱康：别指望几百块能查出所有病来！公关：不敢睁开眼……,1754217461,969,278761367,唯一讲述者,https://i2.hdslb.com/bfs/face/532a528291d743b0abf06e9aa742d51602f8dcfa.jpg,1686349,"社会观察局,生活,健康,社会,知识,日常,爱康国宾,公关,体检,张晓玲",639706,4923,3913,3403,2000,1585,0,0,27460
BV1P38UzNE2s,114948407563049,1,250,2159,出行,旅游攻略,http://i2.hdslb.com/bfs/archive/2868fd63193e4ca22bb033595ab3d351440e4ede.jpg,日本这个岛，房价低到离谱，但你得住在活火山边上，你敢吗？,1754038800,1207,2948981,冷水煮乐器,https://i2.hdslb.com/bfs/face/a97526320e4c1bbea446f11d8da43321e5a080ae.jpg,1228711,"生活记录,日本,日本美食,日本文化,旅游,日本旅游,伊豆,旅行攻略UP主激励计划",2158810,5515,2278,11408,12118,3145,0,0,58071
BV1ZZhuzpEUh,114962684971119,1,228,2089,人文历史,时政解读,http://i1.hdslb.com/bfs/archive/648ec9b9f0860387a824650b5d8cf2b8e565a498.jpg,你不知道的日本惨烈内战 1990—2025【全球权力观察02】,1754192451,1638,601367419,破壁狗,https://i1.hdslb.com/bfs/face/1b4dd33840c5aa46772b9354275c8cf1db303f97.jpg,531678,"历史,日本,人文,日本失落30年,日本首相,日本经济,国际,社科,日本公务员,请回答这个时代",313688,1271,760,5294,4973,505,0,0,13023
BV1Wzhxz6E5n,114956880059343,1,138,2171,搞笑,动物综合·二创,http://i1.hdslb.com/bfs/archive/3ea5ac6b1b1ed3603b18a0c711c9efe6de3d7433.jpg,巴基斯坦部长：中国奶茶真提神啊（黑眼圈）,1754103099,272,5816360,QuasimodoW9,https://i2.hdslb.com/bfs/face/ca524ebc8e5213ae3ca8f59795c1e94d2c90dc15.jpg,40372,"翻译,猫猫,搞笑,梗,搞笑小剧场,猫meme,口译,沙雕,MEME,巴铁",430009,835,838,2976,2311,504,0,0,20721
BV1MR8Cz8E3J,114947182826962,1,138,2156,搞笑,UP主小综艺,http://i1.hdslb.com/bfs/archive/b204586a036cda3b840bc6ccc59faa9a09f80bdc.jpg,理疗仪唱歌挑战,1753955136,227,437414077,哭天喊地六仙女,https://i1.hdslb.com/bfs/face/950040be2b82e59cc7c935621c3c264e46fd4a8d.jpg,445072,"理疗仪挑战,憋笑挑战,若梦,翻唱的N种打开方式",4002484,5659,7042,81896,45444,83745,0,6,379340
BV1y689zSEy1,114936411918973,1,159,2116,时尚潮流,珠宝首饰,http://i0.hdslb.com/bfs/archive/4a1fdf34fd4c3bee9cf4a245ff96fa5cc3a82091.jpg,从开蚌到高珠，爆改一颗珍珠要几步？,1753848000,1056,353368172,AHALOLO,https://i2.hdslb.com/bfs/face/03e81799ea2390af3f5c4b9572ad75d622f16354.jpg,1470688,"旅行,珠宝,时尚,vlog,ahalolo,珍珠,宝石,溯源,首饰,解锁夏日时髦vibe",423356,790,514,2422,2819,299,0,0,22247
BV1EhhLzKEcr,114965688098369,1,228,2043,人文历史,动漫速读,http://i0.hdslb.com/bfs/archive/81308807d2a059ccf91e9400336109c2583f9745.jpg,我咋就剩头了？如何利用规则怪谈给自己“续命”？各怀鬼胎三人行！《无头杀人事件》中回！,1754276400,1682,74161368,掺酒_Crane,https://i0.hdslb.com/bfs/face/cda096fd83d359fbb637fb92be834b51b0b06c64.jpg,373725,"读书,恐怖,悬疑,犯罪,奇闻,推理,未解之谜,谋杀,案件,规则怪谈",276155,838,316,4424,1165,213,0,0,12574
BV12RtMzRE9h,114968053685321,1,232,2103,科工机械,工程机械,http://i1.hdslb.com/bfs/archive/ef444713eb45ec68d68d9b5203a327e8644ed39a.jpg,谁是专职武装直升机的鼻祖？【Top说103】美国AH-1“眼镜蛇”武装直升机发展历程（上）,1754362800,1201,8559857,Topper-螺蛳粉斯基,https://i2.hdslb.com/bfs/face/90257f28aaf71d65e756f1b93bff56a9fa94bd33.jpg,261604,"美国,直升机,Top说,美军,越南战争,眼镜蛇,武装直升机,AH-1眼镜蛇",47309,1079,178,1209,1041,53,0,0,4149
BV1nThTzSEhm,114960185165889,1,126,2063,人力VOCALOID,鬼畜综合,http://i1.hdslb.com/bfs/archive/d4fd930692cdbc364213a835f89f6fcf98d458df.jpg,😭我们还能不能再对线，我在村妇面前求了几千年😭,1754190000,110,400630344,筱虹虹,https://i0.hdslb.com/bfs/face/98f9f17134d476573c1d843d48efe4148c7deab9.jpg,138703,"唐国强,王朗,傲娇,三国,鬼畜,诸葛亮,跟着唐国强膨美团下午茶免单,求佛,美团",191323,160,155,3478,749,487,0,0,52912
BV1tvh8zfETE,114958390005703,14,172,2064,手机游戏,单人RPG游戏,http://i1.hdslb.com/bfs/archive/fb9296f4686a1d0bfd0d4671e0fed4870d5bf60e.jpg,【明日方舟】墟 全剧情流程实况 杨颜同学,1754126652,27336,755824,杨颜同学,https://i1.hdslb.com/bfs/face/11cc68ad488abaa6cec8746eb76f71742c350c90.jpg,1173008,"剧情,录播,异格,遥,东国,杨颜,墟,星熊,泰拉探索协会,明日方舟创作者应援计划",398294,10562,2420,2251,1396,209,0,0,8008
BV1TztnzsEF8,114975653762722,1,76,2152,美食制作,美食记录,http://i1.hdslb.com/bfs/archive/dafd873243ff99c18867d0127c4acd7259d2c259.jpg,厨师长下班偷偷用边角料开小灶，做个【牛肉咖喱饭】再吃个刺身，再吃个甜品，边角料对付一天,1754390681,821,472229397,张森的日本料理,https://i0.hdslb.com/bfs/face/ac3b108b97e8a8415476ca5db05b71ea1fdf965a.jpg,280515,"厨师长偷吃,美食记录,深夜美食,整点电子榨菜",80743,412,325,831,764,236,0,0,8944
BV1ZE82zDEqy,114947686143104,1,21,2088,日常,社会观察,http://i0.hdslb.com/bfs/archive/59013bab40a6bea39744b0e869bf0e4428a5adf0.jpg,反游戏后继有人了？,1753962936,432,489618859,铁柱大导演,https://i1.hdslb.com/bfs/face/46980e2714068cb78550fafe538a37a64fda3abc.jpg,996352,"游戏,娱乐,搞笑,吐槽,搞笑小剧场,戒网瘾,抄作业,赵铁柱,割韭菜,必剪创作",973142,5687,3906,16636,6352,3660,0,0,52964
BV1vnh8zuETN,114958759103600,1,17,2079,单机游戏,其他游戏,http://i1.hdslb.com/bfs/archive/4f6e7299d58f539f6e643b0f0eda33e83705c872.jpg,种田求生！当心巨型鹿人和乌鸦人，它们会在深夜出来农家乐！,1754131688,1561,2006034,吊德斯DioDes,https://i0.hdslb.com/bfs/face/731b288e385906e0a83707a02656c8857e543056.jpg,3052486,"独立游戏,搞笑解说,小游戏,游戏视频,单机游戏,搞笑,DioDeS,沙雕,吊德斯,整点电子榨菜",966781,2207,514,31725,2803,96,0,0,29929
BV1yPtnzEEPZ,114975771269031,1,212,2152,美食侦探,美食记录,http://i0.hdslb.com/bfs/archive/ca161288796658ab7b8e24d2359915a2960b4883.jpg,在马来西亚实现海鲜自由！大龙虾+“顶流”炸鸡，这一口好吃到跺脚！,1754392112,1896,649019192,方芳的快乐生活,https://i2.hdslb.com/bfs/face/6403112ef1655c35eebc639706114d184edb3472.jpg,1820909,"马来西亚,美食侦探,旅行,搞笑,生活记录,吃货,记录我的美食日常,龙虾",273752,7241,1227,5386,31385,809,0,0,30956
BV1Ja8CzjEi4,114947099137919,1,162,2170,绘画,野生动物·动物解说科普,http://i2.hdslb.com/bfs/archive/5201cff8f5f9f47af257f459ae4fa92f8c3da67e.jpg,【鸟类手书】Harpy Hare—你也见过这羽翼,1753953698,159,351136073,大小玥玥,https://i2.hdslb.com/bfs/face/d8ae21351fe5a5aa072738ddbb703854a7c29d6a.jpg,2566,"绘画,手书,鸟类保护,自然保护,鸟类,观鸟,b站观鸟人！观鸟人！",256882,159,383,33747,18900,1755,0,0,52158
BV12zt3zYE1E,114970821986949,1,212,2150,美食侦探,美食探店,http://i2.hdslb.com/bfs/archive/0fed52e9d7dae5f280ebd853c4c744c11e3a08f3.jpg,天津60元羊肉煲自助，肥美羊排羊杂不限量畅吃！性价比爆赞！,1754315728,455,8263502,橙飞一下,https://i2.hdslb.com/bfs/face/86fbb87fdf4d5ec1ba3bb7b56131d8265d36ffcd.jpg,2091318,"美食,自助餐,舌尖真探事务所,羊杂,光盘行动,性价比,天津,羊排,羊肉,探店",462529,803,963,1793,1459,1778,0,0,19624
BV1pzhxz6Ea8,114956880052488,1,21,2082,日常,社会资讯,http://i0.hdslb.com/bfs/archive/1cfc23b4dec1f7b5fcfbe5b82a58aff850435716.jpg,抓100个老婆回家？严打短视频博主为流量不择手段,1754102875,134,433587902,央视频,https://i2.hdslb.com/bfs/face/2650856709fe272aa5cf9c89a053c095d7b252e4.jpg,3989016,"短视频,博主,流量,法治在线",262063,325,821,814,700,297,0,0,20946
BV1x6h8zxE5a,114958339672604,1,138,2005,搞笑,短剧短片,http://i0.hdslb.com/bfs/archive/4e544b47d7525d9a9cb47570d7a187d20871a124.jpg,弗雷尔卓德之土石方这块儿～,1754128385,266,3546909580987309,弗雷尔卓德-杨辰,https://i1.hdslb.com/bfs/face/e59912641ba4cbaadb857e30085b15cf4dcc6819.jpg,246799,"原创,学生作品,短片",605226,911,954,2239,1451,1456,0,0,46150
BV1f6hHzWEh6,114953054978372,1,157,2111,美妆护肤,美妆,http://i0.hdslb.com/bfs/archive/66d4e8b2b64f08d7edddc160af86a012d0f20f38.jpg,哇！夏天和彩色眼妆绝配！,1754128500,225,403899908,金大迪_,https://i2.hdslb.com/bfs/face/883eb7996b6d84242d5e5c5bb92ae2894b31b233.jpg,1174942,"眼妆,日常妆,美妆,美妆教程,暑假学化妆,眼影,彩色眼妆,彩色眼影",339541,533,204,14391,1387,603,0,0,21670
BV196tMzNEAF,114968422780461,1,253,2042,动漫杂谈,动漫评论,http://i2.hdslb.com/bfs/archive/82fba583dadd19612f41d344be839850ec9936c7.jpg,【剑风传奇】全部20+使徒盘点！谁才是最强使徒？,1754301600,1253,613639701,DIO君的假电台,https://i0.hdslb.com/bfs/face/acaab3ecd5b3d390f167931c84265a5128c62d5c.jpg,314966,"动漫杂谈,二手推荐,漫画解说,二手手机,转转,烙印勇士,漫画推荐,烙印战士,berserk,bilibili次元论战",255947,1247,752,3706,1439,278,0,0,13098
BV18MtJzoEPi,114974227825932,1,253,2043,动漫杂谈,动漫速读,http://i2.hdslb.com/bfs/archive/56d5c75058ac679c69cac09b13bf63bb213bce55.jpg,【扒】季终：回忆里的人是不能去见的，再见了戴安《瑞克和莫蒂》之回忆流放,1754367631,577,301717426,周扒片,https://i1.hdslb.com/bfs/face/80ad95a2979f0772a52695095f8c90d7e7eb8b67.jpg,1462330,"瑞克和莫蒂,科幻,回忆,动画种草激励计划,大结局",93909,139,145,961,1213,71,0,0,8709
BV1bQtMzZE1w,114968020261457,1,21,2046,日常,网文解读,http://i1.hdslb.com/bfs/archive/7632d55960ec9243c0c49d294cad16beaf47c8eb.jpg,穿越者从未离开家乡……,1754273088,143,72969462,笔给你你来写_,https://i0.hdslb.com/bfs/face/8e8a57daeb8ee0b50e6fa4e66c4f18f849fc601c.jpg,1130389,"脑洞,小说,原创,曼波配音,随笔,原创剧本,笔给你你来写,沙雕段子",300312,271,1609,1351,681,151,0,0,22283
BV1W2h8zHEeB,114958541003336,1,212,2150,美食侦探,美食探店,http://i2.hdslb.com/bfs/archive/755a25881649b5bd8ccde56e61608c9270320f73.jpg,日本超相扑尺寸饭！普通人来挑战到底能吃完吗？,1754130926,603,405279279,平平出击,https://i0.hdslb.com/bfs/face/87bbab304eff564ec50d999f4c163f2ab225b896.jpg,770408,"自助餐,日本料理,4K,吃货,烧烤,平平出击,记录我的美食日常,沙雕,挑战,探店",663131,2127,818,2954,12891,789,0,0,34995
BV1Zdh8zLEDj,114958104922297,1,65,2071,网络游戏,射击游戏,http://i1.hdslb.com/bfs/archive/8f3868647a7018d0d14c3787508d5267e88ddd61.jpg,究极大黑号，不是挂就是6套，把我们和护都打回了普坝，后面得吃3000W,1754121920,993,1280231019,老6使劲叫唤战区,https://i0.hdslb.com/bfs/face/dc2e4963632a8b9aa743599bdae211e46a8c9141.jpg,1718250,"三角洲行动,三角洲行动日常操作",1008328,1207,751,7278,1360,338,0,0,36270
BV1bhtuzcEvr,114967936240367,1,17,2078,单机游戏,沙盒类,http://i2.hdslb.com/bfs/archive/45f61362096e7bd974eefe94d92abb4b6872a3ec.jpg,你听说这里免费做装饰，然后你发来个空置域？！,1754271760,892,329678941,E恺,https://i1.hdslb.com/bfs/face/75284bd396bc0a892766ba12917958429d7e6621.jpg,70547,"建筑,我的世界,MC,单机游戏,沙盒游戏,教程,空置域,E恺,生电,原神",151872,3549,472,3295,5959,440,0,0,16866
BV1Fnh3ztEAX,114964127948386,1,218,2167,喵星人,猫,http://i2.hdslb.com/bfs/archive/c34c4a1b6a2aa37a742c4c43c43a90be4e5952dc.jpg,有爷爷的小猫像块宝,1754214289,371,3546720564676999,曲洋的不苦小院,https://i1.hdslb.com/bfs/face/4c2bc0236bb8bd0439d4e88bfad0bfef42c4faca.jpg,75724,"猫咪,喵星人,爷爷,小猫,关爱流浪猫,流浪猫",1193670,1215,1528,23331,81719,4327,0,12,218309
BV1qVtuzkEaa,114968120789526,1,21,2066,日常,单机主机类游戏,http://i0.hdslb.com/bfs/archive/0fa191e5f1e3fcc3f6b679c62aad2b8f2032bd6e.jpg,小伞你不用回来了！有古风小生陪我！,1754280000,249,8993635,一只树奈奈啊,https://i1.hdslb.com/bfs/face/c6dccdfc7812a2f3d1f9133252dd9e57910511d0.jpg,560100,"主机游戏,情侣,ChinaJoy,黑神话悟空,搞笶,2025ChinaJoy,PS5,ChinaJoy现场,CJ漫展,影之刃零",249461,370,148,2459,1117,1037,0,0,17635
BV1Z7h8z3EiN,114958591400416,1,138,2154,搞笑,剧情演绎,http://i0.hdslb.com/bfs/archive/48e2e21f12202d8bd946f0c42fb6928d886377ea.jpg,当异校好友出现在班级门口！,1754129296,117,393709394,一串大福,https://i2.hdslb.com/bfs/face/e6d1cf7df22235495d25d7ae77a4aa185e5d8c7f.jpg,1549364,"校园,搞笑,原创,青春,搞笑小剧场,来福来福,一串大福,学生时代,真实,fyp",2480712,1053,488,19165,1573,262,0,0,74986
BV1DxhxzJE7f,114956762682436,1,17,2079,单机游戏,其他游戏,http://i2.hdslb.com/bfs/archive/f17c851077a4dab75947131ad679ce94d7d7a7f7.jpg,童年爆红的爆发小火山!竟然还有隐藏真相和结局？！,1754109000,348,154113956,日向源,https://i2.hdslb.com/bfs/face/af84c1e8c480b7affe71d989104776f586a855b4.jpg,1377079,"游戏集锦,童年回忆杀,怀旧,小游戏,音乐游戏,音游,怀旧游戏,43999,游戏鉴赏家,推荐宝藏游戏",3708572,5050,628,80728,28055,499,0,26,129688
BV1x1tVzTE3v,114971258130183,1,21,2064,日常,单人RPG游戏,http://i0.hdslb.com/bfs/archive/1a0dcb7e31255c56c8beeae8efaac512a7082f52.jpg,已至极限！飞霄2金0t史瓦罗，诠释上限飞,1754322457,319,496247436,大飞的最后一舞,https://i0.hdslb.com/bfs/face/79071b6cae424f03b19775d3a6b1346fdc2d7c57.jpg,1240,"12层上半,史瓦罗,混沌回忆,飞霄,崩坏：星穹铁道创作者激励计划,知更鸟,0t,2金,必剪创作",66681,194,778,631,943,1269,0,0,4495
BV1FyhNz2Ef4,114959279197319,1,21,2064,日常,单人RPG游戏,http://i2.hdslb.com/bfs/archive/dd17176baaf6fa648d83a359b407e5f7b17f6fb7.jpg,笑了十年才敢发出来,1754139589,15,33069726,寝子ovo,https://i0.hdslb.com/bfs/face/c0d3f8cec9f4fc06d1e5fa7e7dc03214d6e99aa5.jpg,59412,"原神UP主激励计划,娱乐,恶作剧,段子",328560,81,558,6412,562,4965,0,0,54273
BV1P6hNzJEn4,114959329533153,1,65,2071,网络游戏,射击游戏,http://i0.hdslb.com/bfs/archive/d54469d702aa75fd91617ad29d7ec936464f1008.jpg,深蓝讲堂第四弹【飞盾与兔子跳】,1754140656,216,391779795,可乐急需曼妥思,https://i0.hdslb.com/bfs/face/b82b66dab160e8c845234e55aa60338952d056d8.jpg,26392,"游戏杂谈,游戏解说,FPS,教程攻略,三角洲,盾构",634496,264,734,26020,3303,3413,0,0,53580
BV1xMhpzNE8u,114952820039292,1,27,2041,综合,动漫剪辑,http://i0.hdslb.com/bfs/archive/fbbdb5bf358b4a358443f078d99756b75a97990f.jpg,我 和 你,1754040989,34,470849460,花落北城,https://i0.hdslb.com/bfs/face/d50b8b25667e330a0bca88b4ea68d1080c367e75.jpg,1429,"动漫,二次元,动画短片,剪辑,章鱼噼,卡点,伤感",639725,199,1789,31077,8256,3147,0,0,106626
BV11rh8zREkD,114958322965704,1,164,2152,健身,美食记录,http://i1.hdslb.com/bfs/archive/efbb1d81605385c271deb8189f1432539b705318.jpg,真是甜咸永动机，好吃哭了,1754125207,280,44708078,努力的橙子薄肌,https://i2.hdslb.com/bfs/face/9e8c6f9069289454b54ac1aca54e7046bfdd2e1a.jpg,605270,"吃货,永动机,Vlog",1195681,1354,1661,7282,5188,4772,0,67,146755
BV1kEhPzyErS,114959950285319,1,253,2042,动漫杂谈,动漫评论,http://i0.hdslb.com/bfs/archive/350865c6dec38af0f50bd4026478db33d4684a15.jpg,我算出了《哪吒2》捕妖队有多少人？b站第一人,1754149866,150,13279707,最上川下山,https://i0.hdslb.com/bfs/face/0dfaedc098165ff856f35ee366e6838982cf5412.jpg,2165708,"电影,哪吒2,国漫,哪吒,魔童闹海",6324436,1417,3413,30802,5899,2442,0,19,139844
BV1nDtuz7ERk,114969597186248,1,22,2063,鬼畜调教,鬼畜综合,http://i0.hdslb.com/bfs/archive/cf3d52a94bb2e4d480fbdfedaf3278bdfb8ad999.jpg,“生命就是一场斗争......”,1754366100,380,97240074,龙之王修罗,https://i0.hdslb.com/bfs/face/99e92cba7e8290e60dd296f65c867dd4d92de638.jpg,261578,"人生,鬼畜调教,谭谈交通,说唱,鬼畜,黄绿合战,人民,宋岳庭,谭警官,Life's a Struggle",93591,407,538,3601,7535,490,0,0,11320
BV1zdh8zLEsP,114958104862463,1,215,2149,美食记录,美食制作,http://i1.hdslb.com/bfs/archive/7aa203df21076994505b5706cb266c2cd36b1d0e.jpg,无骨的排，还怎么啃？,1754136000,189,174890586,魔鬼厨房Neo,https://i0.hdslb.com/bfs/face/b8320ecc03c3a33e41bdf48624d50c9cf9ce02a4.jpg,2748631,"深夜食堂,美食制作,排骨,厨艺,年糕,烹饪,夜宵,Vlog,烤排,一饭封神申请出战",378896,463,413,4739,1520,1296,0,0,31829
BV14shHzeEjY,114953021298795,1,182,2001,影视杂谈,影视解读,http://i1.hdslb.com/bfs/archive/c76fa172eab6a20d2a1bff8276003a993957d75c.jpg,丧尸末世降临！血浆爆裂，内脏横飞！万字拆解《惊变28年》,1754128800,2824,942755,迷影至下Filmlast,https://i2.hdslb.com/bfs/face/f67d68fb42cf550e624e5db4730388bb5c7eeb56.jpg,2084676,"丧尸,惊变二十八年,惊变28天,惊变28周,丧尸片,末世,丹尼博伊尔,朱迪科默,惊变28年,万字拉片大赛",583211,8793,1572,7999,6855,837,0,0,19109
BV1aXhHzLEvy,114952652261560,1,215,2152,美食记录,美食记录,http://i2.hdslb.com/bfs/archive/7927e7bdd62100c4965564ca219de6b755f145f9.jpg,家庭版豪华剩宴，带上米饭辣条和大大薯片狂欢不饿的一天～,1754038575,119,1201986019,留意炫饭吖,https://i1.hdslb.com/bfs/face/f4fa26aea4b9077bb23844ceb296e8736027b2fe.jpg,1447251,"辣条,薯片,Vlog,我的养娃心得",602653,540,392,3458,904,870,0,0,62052
BV1bgtMzdEyV,114968540289872,1,21,2064,日常,单人RPG游戏,http://i1.hdslb.com/bfs/archive/cce0ec7069a363d16bd0a970465803ec8ec4eef6.jpg,纯路人只凭一张图将代号与角色连线,1754280867,274,500140286,隔路脑,https://i2.hdslb.com/bfs/face/16c595449a41d556bd99f16881604ab5788578f0.jpg,627946,"游戏,二次元,原神",333276,5997,1789,4136,713,1479,0,0,18728
BV1bPhLz9Efi,114966040415974,1,172,2077,手机游戏,休闲/小游戏,http://i0.hdslb.com/bfs/archive/a80cc634bb1eaf81f9abdc6debe3a911ddd34f0d.jpg,蛋仔派对：线条小狗联动皮肤还不还原？魔鬼蛋新皮肤居然这么可爱！,1754270700,123,241199113,僵尸教授-,https://i1.hdslb.com/bfs/face/30a78bf8e40484e47e8e22a99aa8ec896b3da347.jpg,889540,"蛋仔派对皮肤,蛋仔派对盲盒,无敌凤凰蛋,蛋仔派对发起人,蛋仔自习室,超然竞技场,蛋仔奇思妙想计划,逃出惊魂夜,蛋仔派对",339900,459,398,14983,1954,56,0,0,18190
BV1GPtgzBEXF,114969379081117,1,182,2001,影视杂谈,影视解读,http://i0.hdslb.com/bfs/archive/51c2fa06e99bb57f3df3c784a0c98209620af632.jpg,把前妻拍成恐怖片恶心反派！导演你这取材是真够生活化啊！,1754295604,280,145750219,电影冷知识,https://i1.hdslb.com/bfs/face/f1df42e1b2d69b29176f142a0d40f856fb60f82d.jpg,1429666,"幕后,原创,脑洞,电影,影评杂谈,细节,导演,影视IP观察室",315699,545,315,2781,585,124,0,0,35335
BV1cyhNz2E6D,114959279195480,1,161,2148,手工,其他手工,http://i1.hdslb.com/bfs/archive/ebfc3fb1e9985d338e29ebb263306a4c6c775393.jpg,哪来的西瓜，这么小,1754139576,73,10790709,梧萌,http://i0.hdslb.com/bfs/face/bb527ee8ea60a93540f1394548dc0d2ebc2b8059.jpg,638797,"西瓜,水果,我的手工真的很解压",1201088,350,525,2885,1225,436,0,0,42162
BV1f6tGzDEKz,114969882400261,1,172,2077,手机游戏,休闲/小游戏,http://i1.hdslb.com/bfs/archive/db31a43120a26aa937fb45c9908be9e1e5cd888e.jpg,蛋仔派对 | 会过期！快兑换呀！8月份全新兑换码新鲜出炉！换到就是赚到！快快快！【蛋仔必看系列】,1754301251,143,3493127736265152,俗爱大好蛋,https://i0.hdslb.com/bfs/face/cba34d1848939b32d49fc934c5824dedc0503921.jpg,709779,"蛋仔派对皮肤,蛋仔派对盲盒,蛋仔派对兑换码,俗爱大好蛋,蛋仔派对发起人,蛋仔派对外观,蛋仔奇思妙想计划,#蛋仔派对博物馆狂想季#,蛋仔,蛋仔派对",377830,220,208,55670,4796,35,0,0,47684
BV1ZdtnzkEBc,114975402104976,1,173,2079,桌游棋牌,其他游戏,http://i1.hdslb.com/bfs/archive/7a3653e5cd264d57c11a41011d0b42b05a1c24a6.jpg,如果你成为，惨遭帝皇背叛的雷霆战士？【战锤胡诌】,1754388000,1301,98684196,一碗龙虾汤,https://i0.hdslb.com/bfs/face/ba4e54c31b102e6c7153f33c77992b1411a62a51.jpg,441504,"游戏杂谈,科幻,战锤40K,搞笑,桌游棋牌,人类帝国,游戏知识,雷霆战士,统一战争,推荐宝藏游戏",78207,634,650,1641,1063,76,0,0,6003
BV1YphtzFEWt,114957903462730,1,21,2154,日常,剧情演绎,http://i1.hdslb.com/bfs/archive/b16ed7a8f8410445fe9fff42c676cf9b508919a9.jpg,到不是真的虚，我只是刚好属于确实型人格,1754118551,171,1443546125,阿玉老贼,https://i2.hdslb.com/bfs/face/c03cf386a8e76ac1d3060796d343b4cc829f2f93.jpg,221490,搞笑小剧场,466169,27301,2570,6286,1873,2097,0,0,78463
BV1wUtnzEEgJ,114975217557316,1,182,2043,影视杂谈,动漫速读,http://i1.hdslb.com/bfs/archive/b10db0d7971a99b42a4e4d540107c1a11f1fb9d7.jpg,家庭暴力、校园霸凌、杀人藏尸结合能掏出神奇道具的章鱼，简直太暗黑了,1754391600,1879,604710494,长片短解,https://i2.hdslb.com/bfs/face/6ccceba6ec8fe60d700f9f7c2910c08d70b03fe3.jpg,2448520,"电影解说,动漫剧集,uwant,章鱼噼的原罪,不发臭洗地机,友望云朵2.0,校园霸凌,奇幻动画,高分动画",86009,801,553,1976,803,438,0,0,5057
BV1AHtMzEEDE,114968624111267,1,28,2020,原创音乐,翻唱,http://i1.hdslb.com/bfs/archive/76701eaa4eef8f5634f83e13bd35a9114fd7e0f1.jpg,Moon Halo|翁法罗斯十二黄金裔,1754282179,122,1632696879,淬淬淬是淬,https://i0.hdslb.com/bfs/face/9865a51bcf93c2355eb1dd045c9abe5424dfc44c.jpg,37134,"崩坏,翻唱,崩坏星穹铁道,崩坏：星穹铁道创作者激励计划,翁法罗斯,翁法罗斯黄金裔全员,MoonHalo,黄金裔",271035,11201,1104,23087,5435,3779,0,0,50642
BV1jChHzHEWP,114953088403673,1,213,2151,美食测评,美食测评,http://i1.hdslb.com/bfs/archive/d351a43b94b8ff82ac2d8e1818221854a40c92f5.jpg,700元一斤“顶奢级和牛卷”做泡面小料！太有生活了！,1754124600,976,478691043,穿毛裤的小拉泽,https://i0.hdslb.com/bfs/face/023c69a89a95db1b7991a024c0806d2ed7e58021.jpg,3561129,"吃播,美食,泡面,下饭,同诗s3剃须刀,泡面搭档,速食,泡面伴侣,火鸡面,十万个为什么-食物特辑",5494444,3976,1272,38926,8771,752,0,29,90143
BV1YS81zrEwD,114948072083710,1,162,2056,绘画,非二次元绘画,http://i1.hdslb.com/bfs/archive/e101bf5619f61c235e70a3c35afbee3dd9d60181.jpg,🤯在滑板上画动画！？,1754010000,236,3546638293403989,蒙启毅,https://i1.hdslb.com/bfs/face/6852020573f1c7b51c51c92a92a068f048ff40bf.jpg,7228,"绘画过程,绘画,手绘,原创,艺术",763194,473,590,3752,6277,279,0,0,56071
BV1Dnt5zVE7u,114970939495764,1,17,2079,单机游戏,其他游戏,http://i1.hdslb.com/bfs/archive/251212e70bb396b836727dc341bf2038b23b3925.jpg,【全熟】塔菲视角全程解读虚环喵,1754317466,1562,1265680561,永雏塔菲,https://i1.hdslb.com/bfs/face/5ddddba98f0265265662a8f7d5383e528a98412b.jpg,1327258,"养成,虚拟偶像,手游,二游,虚环,实机视频,腾讯游戏,战斗,永雏塔菲,虚环挖梗大赛",314496,1196,1304,2513,2156,3879,0,0,12160
BV1qthVz8Em9,114964882857043,1,47,2037,同人·手书,同人动画,http://i2.hdslb.com/bfs/archive/eb103100da7e1858eb0d62c02d33cec33b76e4fb.jpg,你成为了雷杰多的人间体 来到原生之初去教育土著P37,1754299800,672,1415483599,磷火动漫,https://i1.hdslb.com/bfs/face/661e0d82e5a2bb135ab6db4e0a28fc12aa272888.jpg,945365,"小说,奥特曼,磷火宇宙,原创漫画,雷杰多奥特曼,爽文推荐",668690,2399,710,22571,3706,144,0,0,27026
BV1jShAzvEtB,114940941766376,1,250,2158,出行,旅游记录,http://i0.hdslb.com/bfs/archive/c4f5d1021347c795864ef9fac63007a3dc438e56.jpg,英国博主：亚洲最大的高铁站 这也太震撼了吧,1754284800,744,1249671114,Mr有意思,https://i0.hdslb.com/bfs/face/8e73e9397a6acfc8b6c29f0d93ca388a06951851.jpg,1045936,"正能量,生活记录,重庆东站,跟着UP主看世界,老外看中国,老外在中国,中国旅游,重庆旅游,中国基建,亚洲最大高铁站",740797,3780,2962,7547,13761,1281,0,0,39852
BV1fvtgzjEcj,114969043534133,1,137,2024,明星综合,电台·歌单,http://i2.hdslb.com/bfs/archive/e96e4ae37bd2be49d4cd2eb359f9b5537add3cf7.jpg,[HANIWAJJONG] '净汉的Playlist: 夏天',1754312640,1521,692206640,SEVENTEEN,https://i2.hdslb.com/bfs/face/6e38f8bbbc91684eea8cac8b4b49f2a5da7623e2.jpg,2025123,"尹净汉,JEONGHAN,SEVENTEEN,HANIWAJJONG",77851,2195,697,3717,2716,1840,0,0,11629
BV11UtVzNEs2,114971291754430,1,207,2089,财经商业,时政解读,http://i0.hdslb.com/bfs/archive/7682fa2a0b9da05806bd1e44f34a548396750c21.jpg,印度：大哥你是知道我的！特朗普：土匪遇见恶霸，多简单的事儿！,1754359200,827,157258960,解密狗,https://i1.hdslb.com/bfs/face/fd6b66da27969124e94dcacf35e6a17c53dca295.jpg,388501,"人文,美国,印度,知识,历史,趣味科普,制造业,特朗普,关税,青年用「财」图鉴",218556,528,448,1384,1650,89,0,0,12322
BV1Je8mz8EX6,114949078650658,1,21,2156,日常,UP主小综艺,http://i1.hdslb.com/bfs/archive/8798f06ef9238b8661bcb4e1904ff9cd9bdb4d86.jpg,别笑，你也过不了第二关《下一个是谁5》03,1754017200,3080,416128940,在下哲别,https://i2.hdslb.com/bfs/face/69b09e143c9e52261e08560795555970ef2e9a80.jpg,2803611,"原创,搞笑,游戏,对决,高能,综艺,娱乐,比赛,下一个是谁,挑战",2955111,61238,10904,85575,303853,7093,0,3,275127
BV1X482zLE6a,114947400927906,1,17,2071,单机游戏,射击游戏,http://i1.hdslb.com/bfs/archive/fb40fe42758b3381215f1d7a747287903c2a24e0.jpg,跟我的汤姆逊说去吧！！！,1754040924,149,3493145360731002,二二二二狗司令,https://i0.hdslb.com/bfs/face/ed26269c4c32cede29e989f46c3b22aabcfc9c78.jpg,109209,"丧尸边境检察官,推荐宝藏游戏",1816296,254,274,3993,1458,197,0,0,38157
BV15ahVzoEoZ,114964899561749,1,176,2106,汽车生活,汽车测评,http://i1.hdslb.com/bfs/archive/113679c07bdb574a3ed52ac50c70f174e70a7b9b.jpg,JDM神车登场，七星老哥驾驶斯巴鲁翼豹WRX STI登场,1754265600,280,1745143606,争取最后的自由,https://i1.hdslb.com/bfs/face/2ae4a7fcf321673035a572fea77acc3b3d1e0211.jpg,1577688,"汽车,JDM,驾驶技巧",253729,884,688,2692,1623,937,0,0,17636
BV1jphuz7EpZ,114963272179271,1,233,2104,极客DIY,自制发明/设备,http://i2.hdslb.com/bfs/archive/d7d9474b7ce6f35594bbab44fcb906bfed190623.jpg,太阳能自动追光系统V1，豆子的老视频1,1754200423,244,13382779,疯掉的兔子yy,http://i1.hdslb.com/bfs/face/0a9f8245eeef392d5a50fcbdfe50ba4d3891cf68.jpg,13826,"DIY,3D打印机,3D打印,太阳能,太阳能追光,发明创造,追光,一起做手工吧！",250466,361,1322,1745,2191,418,0,0,12316
BV1qYtJzzEPy,114976106745448,1,137,2018,明星综合,音乐现场,http://i1.hdslb.com/bfs/archive/b8e9fc0691c8cdc63c772c9fba2c9a04daab64ca.jpg,BC221历史一日游,1754396448,1557,172392717,烤鸭集团,https://i0.hdslb.com/bfs/face/6011139e3f0465713c45bdd93b413b9492d5eae5.jpg,294928,"ONER夏日七周年游园会,岳岳,ONER,灵超,木子洋",28023,8438,349,748,2074,125,0,0,3119
BV1JfhnzpEaM,114953306642785,1,250,2126,出行,户外探险,http://i2.hdslb.com/bfs/archive/c927e605c34a22811614ad39ddd7f98a0ecd763a.jpg,《埃及·红海》第2集：用时两天一夜，探索资源贼好的偏僻小海湾！不仅收获好多巴掌大的海螺，还解锁了好多叫不出名字的大鱼！,1754103600,1353,1497330079,OK哥环球探海记,https://i1.hdslb.com/bfs/face/aa0720a9f930e03569ac61092d207d164ce5122f.jpg,2099101,"AI,夸克AI,埃及赶海,真的假的问夸克,渔猎,赶海,潜水,红海,夸克,海岛探索",1728371,5628,997,21327,24030,1439,0,99,62467
BV1bjhJzwEHj,114952551538089,1,212,2149,美食侦探,美食制作,http://i0.hdslb.com/bfs/archive/54ab48611821867a77656248bf8abbbbad51d908.jpg,当我为60岁东北阿姨密谋了一场突然的旅行，奇迹的一幕发生了…,1754038988,1999,99157282,盗月社食遇记,https://i1.hdslb.com/bfs/face/c7fb5da587c2ec6b56ad47579933fda34c000457.jpg,8226956,"美食制作,家常菜,厨艺,美食教程,快手菜,华为Pura80,#鸿蒙越用越香,#今日的饭,三姐妹",868954,2370,777,4448,12245,465,0,0,29755
BV1yLhVzBEcR,114964748638728,1,172,2064,手机游戏,单人RPG游戏,http://i0.hdslb.com/bfs/archive/c8aa841bc7951a1e1a2da876ee924e54e4552bc6.jpg,【明日方舟】松桐实战测评：职业队福音，崭新的先锋天龙人！夏活赠送干员！,1754272800,588,1683678,人好嘴甜凯尔希,https://i0.hdslb.com/bfs/face/a07e51ca13ccf7d1040b39b0bb06e169578d0365.jpg,228917,"明日方舟,二手推荐,斩业星熊,松桐,松桐测评,二手手机,转转,遥,实战测评,明日方舟创作者应援计划",312632,889,1307,1279,855,2126,0,0,11502
BV1mzhnzNEkB,114953457502932,1,252,2113,仿妆cos,仿妆cos,http://i1.hdslb.com/bfs/archive/bf6dad6b140163cb765e4ac86576364d0d5fed13.jpg,当红心皇后联动红皇后,1754125200,51,415897343,初九Haimon,https://i2.hdslb.com/bfs/face/5755ceca1459f9028973297abda9e60f02a30c13.jpg,1334326,"第五人格,红夫人,爱丽丝梦游仙境,红皇后,神还原仿妆大会",2960996,1599,1922,13102,5513,1083,0,95,184645
BV18EhWzjEeu,114954128592076,1,22,2063,鬼畜调教,鬼畜综合,http://i0.hdslb.com/bfs/archive/654caf44cad4adeb6a1a455f5799908b0ee5b3cf.jpg,希希嚷嚷，我们的城失,1754087400,61,3546376331856031,小小小小洗,https://i1.hdslb.com/bfs/face/4db4b188b67bcaa769b1287579ccbc0d0c959312.jpg,3688,"MY GO!!!,GBC,Girls Band Cry,哭泣少女乐队,［GBC］哭泣少女乐队二创",669892,28148,4957,40619,7945,47738,0,97,160740
BV1B6hgz9Erb,114962483649899,1,219,2168,汪星人,狗,http://i0.hdslb.com/bfs/archive/a24a24c0d5ca6fa514be807298ae1a03acf6166f.jpg,我才是原创汪仔小乔舞,1754188427,18,1356083753,养狗的本质c,https://i2.hdslb.com/bfs/face/5238ec8241e6e59bc45b944b293740fa38ce55c9.jpg,4349,"旺仔小乔,比熊,萌宠过暑假",942855,742,1443,37899,8976,10277,0,99,132288
BV1i2hgzSEjo,114964295588616,1,241,2009,娱乐杂谈,娱乐评论,http://i0.hdslb.com/bfs/archive/ebbec1bd384623196634ae874fb30ed45df223b0.jpg,别让2025最佳舞台被“性缘脑”毁了..韩国人怎么看雨琦章昊合作舞台？,1754215976,390,21466767,辉锅_,https://i0.hdslb.com/bfs/face/a5cf828c9ed3d56be452541f8520fcd3eab1728c.jpg,208667,"KPOP,中国,搞笑,韩国,明星,吐槽,杂谈,REACTION,爱豆,娱乐吃瓜大会",515844,1684,2467,3811,4513,548,0,0,32159
BV1KR8Cz8Exb,114947182824749,19,172,2064,手机游戏,单人RPG游戏,http://i1.hdslb.com/bfs/archive/a8e9b8f3ead04f28e665421641c74c3d73ee90f8.jpg,【原神宝箱全收集】纳塔5.8(成就数169)悠悠度假村/精准分类/路线规划/纳塔宝箱攻略/火之印获取途径/原神5.8,1753955162,8275,431073645,你的影月月,https://i0.hdslb.com/bfs/face/2e32de7b28fc491a28281a22c6ea9f5d195cbdf5.jpg,8927499,"原神5.8,原神5.8版本,纳塔宝箱,游戏攻略,隐藏宝箱,游戏鉴赏家,原神,原神高能团",821766,2715,544,10202,4517,842,0,0,13536
BV1Q2hbzaEMV,114958926876502,1,182,2001,影视杂谈,影视解读,http://i2.hdslb.com/bfs/archive/a51c78fdddfdf7f9344655f8aac1a1bed242b0fc.jpg,【阿奇】2025年丧尸惊悚片《放飞》：病毒天灾持续六年，丧尸进化成更高等级物种,1754134198,640,151203311,阿奇讲电影,https://i2.hdslb.com/bfs/face/0a1daa330b079cfefdc148503bfc76f56b3f921d.jpg,259996,"科幻,进化,丧尸,末日,惊悚,放飞,病毒,好剧好片重刷榜",1316219,2041,829,10147,1189,565,0,0,35335
BV1yz8kzDEti,114945857427182,1,65,2071,网络游戏,射击游戏,http://i2.hdslb.com/bfs/archive/6e377db35357daccfca39f46a8da0fe0e5fe3d9b.jpg,刘涛乌鲁鲁带妹？！,1753963200,442,532249763,永远妖妖-三角洲行动,https://i2.hdslb.com/bfs/face/534ad488a182cfb90ecb6afa72432d8ebc3f6f71.jpg,10729,"三角洲行动,三角洲欢乐剧场",172187,331,358,1946,1145,59,0,0,17670
BV1zQhtzgEXu,114957651876132,1,21,2197,日常,其他vlog,http://i0.hdslb.com/bfs/archive/09e7d8c900cbc5af89f3d2603058462d4ec3a1ec.jpg,挂壁房空调坏了，屋内41度像桑拿房，房东联系不上跑去网吧吹空调,1754128800,720,3546587229849778,小A在上网,https://i1.hdslb.com/bfs/face/b496e9229ac889f7f398f69f46e8cf40c7d3c818.jpg,694627,"生活记录,生活,vlog,电子榨菜,通宵,城中村,租房,网吧,网吧大神,万种生活碰头相见",438367,2238,840,1195,2853,291,0,0,17266
BV1nYhJznE8Y,114952366989017,1,182,2001,影视杂谈,影视解读,http://i1.hdslb.com/bfs/archive/dc688b62549afc438664bac766a5f9931a2b37da.jpg,猛男必看榜排名第1！主角光环也抵挡不了黑道大佬的的魅力！,1754042400,773,604710494,长片短解,https://i2.hdslb.com/bfs/face/6ccceba6ec8fe60d700f9f7c2910c08d70b03fe3.jpg,2448519,"经典电影,电影解说,动画电影,二手推荐,转转,宠物,二手手机,爱宠大机密,猛男必看,好剧好片重刷榜",5317575,718,736,21175,1272,750,0,63,53148
BV1FqtGz9EtH,114969848845576,1,21,2197,日常,其他vlog,http://i0.hdslb.com/bfs/archive/e49ddf1260517fd3b314456c442852fce69ba475.jpg,大家好久不见！给你们看看我的一天,1754300775,370,391329387,日本媳妇在山东农村,https://i0.hdslb.com/bfs/face/eb07d16f928ef2caf00dca0f825ac02f8df3360c.jpg,433285,"vlog,萌娃,日本媳妇,育儿,亲子,日本生活,宝妈,中日家庭,寻找100个宝藏vlogger",262347,1453,2124,1774,20845,427,0,0,22680
BV183hJzvEbY,114952534757175,1,21,2079,日常,其他游戏,http://i2.hdslb.com/bfs/archive/ccdc852d4201649293ec1fe02b0b4cabc97b4699.jpg,一块化石如何成为十万云玩家的神？第一个赛博宗教是怎么诞生的？Twitch Plays Pokemon（上）,1754044200,723,3546916086352000,游戏X档案,https://i1.hdslb.com/bfs/face/c281ccc4e2101897a053120b607cacdd9f413693.jpg,8213,"宝可梦,口袋妖怪,直播,单机游戏,Twitch Plays Pokemon,GB,赤红,云玩家,必剪创作,整点电子榨菜",439017,1942,709,9072,6389,1368,0,0,21409
BV17L82z9E1d,114947786870233,1,182,2009,影视杂谈,娱乐评论,http://i2.hdslb.com/bfs/archive/098c55cce37aa1919266789605f11c4b77f702f3.jpg,年度最强综？天选综艺人！爆笑到喷饭！有没有人能救救陈星旭！《地球超新鲜》,1753964372,1088,408672114,噬元兽影视,https://i0.hdslb.com/bfs/face/2d62cf208f3f8fd10e74c77685b9849893a7d56c.jpg,519892,"孙红雷,陈赫,王玉雯,地球超新鲜,李乃文,龚俊,陈星旭,综艺解说,刘宇宁,娱乐吃瓜大会",1671321,2248,1390,13898,2564,3837,0,0,32546
BV1FfhnzpEga,114953306577848,1,250,2197,出行,其他vlog,http://i0.hdslb.com/bfs/archive/c989888016b3c534f813cff769883551dcdd18b5.jpg,这应该是我住过服务最好的酒店了，太牛了,1754048472,264,108067091,是胡阿胡,https://i2.hdslb.com/bfs/face/47194850478df789782fc49663bf6cd793e1a2db.jpg,48643,"生活记录,记录,酒店,洛阳,HelloKitty",493793,1124,1282,18448,2404,26522,0,0,37947
BV1wshbzmE6H,114956947162424,1,17,2078,单机游戏,沙盒类,http://i0.hdslb.com/bfs/archive/2c33a11213391a20eeb36f57fb403f6e112cb672.jpg,一口气看完圆梦镇！！,1754107531,4858,3546780297857541,沉迷游戏的島风,https://i0.hdslb.com/bfs/face/46ea40d6eed24135232ffa7310b4e60cd9831332.jpg,97411,"我的世界,建筑,游戏实况,实况解说,沙盒游戏,一口气看,合集,像素风,小镇,一口气看完",3387570,2755,574,192977,39378,1106,0,6,168004
BV1W8hHzcEMc,114952970963838,1,138,2154,搞笑,剧情演绎,http://i1.hdslb.com/bfs/archive/26853126726175ddaf49118a7f43769c1e285197.jpg,做了件好事,1754043339,182,3546638173866146,李万基fit,https://i2.hdslb.com/bfs/face/6623817f465bd4b80cf1f83af334fa2d56d0983c.jpg,489663,搞笑研究所,3288038,640,1227,11076,5221,1790,0,36,198175
BV1Ba8CzLEwG,114947099003559,1,126,2063,人力VOCALOID,鬼畜综合,http://i1.hdslb.com/bfs/archive/ce74abdd88392241f79aa23631d593ccaaa3bccc.jpg,“火车里面唱K”,1753961100,141,242014,乌贼酱,https://i1.hdslb.com/bfs/face/86f8400609470083f834ae3548b731752839706f.jpg,24362,"鬼畜,揽佬,让子弹飞,姜文,大展鸿图,张麻子,汤师爷,大展宏图,马邦德,黄绿合战10th-绿队应援",2547110,817,1567,38226,68886,11486,0,36,157673
BV1qThWzREtB,114954044907056,1,229,2091,设计·创意,设计艺术,http://i1.hdslb.com/bfs/archive/f0a9ff89a5962239a28ef3ba0361b27e50b9edde.jpg,我给花朵加了个开关！,1754059601,16,14615865,是玉木呀,https://i0.hdslb.com/bfs/face/b375c5e72b34b598537c8c5a9d73a48ba361e2b7.jpg,130231,"插画,花卉,创意,动画,字体设计,互动,万物研究所",1248047,331,1098,22014,2513,2371,0,0,114718
BV1nPhAzKEpx,114941377910446,1,228,2090,人文历史,人文历史,http://i2.hdslb.com/bfs/archive/1960b6037723362dbc78c4e8d28246dccb2a13c7.jpg,蒋介石押注美国大选期望绝地翻盘！结果。。。【思维实验室】,1753866519,1185,14583962,思维实验室,https://i2.hdslb.com/bfs/face/a3deb7c257222e55469351488877a715804029ae.jpg,7816544,"历史,人文历史档案馆,蒋介石,罗斯福,美国大选,杜鲁门,解放战争",2250705,8903,2725,30249,16437,3547,0,45,99926
BV1PxtGzwEZL,114970251494836,1,47,2037,同人·手书,同人动画,http://i1.hdslb.com/bfs/archive/6d33108d84f5b5dae344a33f73e7f857721de470.jpg,师祖劝我向善我反手让李长老修为掉段,1754307095,162,3629946,红色社畜,https://i0.hdslb.com/bfs/face/f6e4659710fef9beec9c7addf7cf889a9b6452e6.jpg,551890,"粤语,原创动画,二次元,修仙,动漫,穿越,短剧,搞笑,动画短片群星计划",227098,138,311,5865,1139,123,0,0,26137
BV1TchnzwEkW,114951997890406,1,22,2063,鬼畜调教,鬼畜综合,http://i2.hdslb.com/bfs/archive/b4e9194b74342dee5c0e7988dc48d79ff8fa0eea.jpg,憋笑挑战！！蛋宰派对！！,1754028422,57,3546760133741060,MC贝勒,https://i2.hdslb.com/bfs/face/09d9e08063d5ae49b03235dce0fd245828ecc7d4.jpg,160282,"娱乐,歪果仁,高能,万恶之源,配音,恶作剧,挑战,男人,派对,鬼畜星探企划",2945135,3789,490,9236,1997,1523,0,0,76823
BV1pWh7zUETe,114951360349292,1,17,2037,单机游戏,同人动画,http://i0.hdslb.com/bfs/archive/c56ff9e345aec9cec23d4a459cd023fdfa3b7515.jpg,【东方MMD动画】03 夏日的⑨空调大作战,1754018701,747,383418242,不喝牛奶の光明糖,https://i2.hdslb.com/bfs/face/29c497a5aafcd00079c50e6ab02649849b7ef85f.jpg,1195,"大妖精,东方MMD,动画,琪露诺,东方PROJECT,克劳恩皮丝,蕾米莉亚,三月精,桑尼米尔克,东方同人创作节",66951,316,227,2048,1788,509,0,0,6959
BV1bvt3zKEAX,114970872253786,1,253,2043,动漫杂谈,动漫速读,http://i2.hdslb.com/bfs/archive/349b609c10ed49ad02e7c1c9deb404227b86c87e.jpg,《瑞克和莫蒂》所有主线剧情串讲！邪恶莫蒂、瑞克Prime、戴安……全平行宇宙大整理！,1754317572,1730,357261525,安迪视频,https://i0.hdslb.com/bfs/face/44be7e29670fafd734a6961668f3e130ff7e7456.jpg,1612142,"动漫杂谈,瑞克和莫蒂,完结,安迪视频,瑞克和莫蒂第八季,动画片,瑞克与莫蒂,戴安,主线剧情,邪恶莫蒂",772565,1484,1315,19942,35706,2409,0,93,50851
BV1QUhbzcEZj,114958842993467,1,138,2154,搞笑,剧情演绎,http://i0.hdslb.com/bfs/archive/fec2dce937417810cffa97a16cede1f1b87a580b.jpg,她果然吃霸总这一套,1754140200,50,317698195,-高泽宇,https://i1.hdslb.com/bfs/face/f3abae4a9af7725e4ca4c0bdf94bc91235c68db8.jpg,156286,"搞笑,短片,原创,搞笑小剧场",888218,265,565,7319,1499,1588,0,0,115774
BV1st8fzPEZo,114939717031084,1,22,2063,鬼畜调教,鬼畜综合,http://i2.hdslb.com/bfs/archive/710d9e6ced2d3b5b372d42a12dc92c520acb8907.jpg,⚡嘎！⚡,1753934100,207,2283296,小猪P_,https://i2.hdslb.com/bfs/face/e3cd0e238b61cb1c23ffae2f7f99fcc59818cf68.jpg,664096,"鬼畜,黄绿合战,MyGO,Ave Mujica,黄绿合战10th,灵感菇,爱音,咕咕嘎嘎",1241773,3338,5231,27804,25591,16609,0,88,92325
BV1ngtnz5Eos,114975972528821,1,124,2081,社科·法律·心理,海外资讯,http://i0.hdslb.com/bfs/archive/ee4dad3bebf9f4380cf1fb77da2647e2ff03aa51.jpg,【睡前消息935】洪森子孙要当首相 只好卖掉他信女儿,1754397532,1190,316568752,马督工,https://i1.hdslb.com/bfs/face/1c56737dfc0deffffc31c78e0cefb0c3ecf7e000.jpg,2085511,"美国,英国,泰国,社会,睡前消息,国际,首相,洪森,马督工",157193,391,161,2215,3461,253,0,0,9326
BV1dG86zhEp6,114943173072144,1,17,2078,单机游戏,沙盒类,http://i2.hdslb.com/bfs/archive/8881c4bdbae4e594e875df4353272b3c332ebb39.jpg,⚡艰 难 的 抉 择⚡,1754015400,724,33064694,夜车Azuya,https://i2.hdslb.com/bfs/face/ee76aff7f197a6757e59b2ad868632da2010f576.jpg,817192,"娱乐,生存,搞笑,游戏实况,我的世界,MC,单机游戏,VTuber,沙雕,推荐宝藏游戏",849452,5415,1223,18021,12319,736,0,0,71259
BV1KR8EzWE7E,114930388898039,1,138,2154,搞笑,剧情演绎,http://i0.hdslb.com/bfs/archive/028f2a3eba28745c798af059eee9f2f36125d83a.jpg,男孩子去拿快递千万要注意安全,1753866000,157,3546697410021598,-阿迪啊阿迪-,https://i1.hdslb.com/bfs/face/04937d9bc6c21dc5bd43107ac46cfac6f34c219f.jpg,476444,搞笑,1363352,635,668,2645,774,715,0,0,75397
BV1xSh3zqEMF,114963809114511,1,213,2125,美食测评,徒步,http://i1.hdslb.com/bfs/archive/291936fa57aea1a6734f0e4ec7bd7e9ef93b570e.jpg,爬泰山遇到了小学课本上的挑山工,1754210132,428,494818687,爱健身小庞,https://i1.hdslb.com/bfs/face/bfc664245597273a58d99e66645c27ccc2d1fc4a.jpg,87654,"江西,爬山,山东",387861,1446,1557,1658,12130,388,0,0,29790
BV1BE8Uz8EUC,114948592242071,1,21,2064,日常,单人RPG游戏,http://i2.hdslb.com/bfs/archive/e18956a6d7a1001bedde9de68aaa78f0d59d5580.jpg,什么叫你在现实生活里去了趟匹诺康尼？,1754006400,286,535078742,不想当五字,https://i2.hdslb.com/bfs/face/da010ba42e3389860414cfd9a50eed7b2351f536.jpg,2878,"明日方舟,星穹铁道,崩坏：星穹铁道创作者激励计划,原神,边狱巴士,绝区零",401581,1519,1793,18953,4975,9794,0,0,64087
BV1M7tGzqEJR,114970134055496,1,171,2070,电子竞技,MOBA游戏,http://i0.hdslb.com/bfs/archive/cce46074c2ace7581c0e875bda608b9bfffc82bc.jpg,帮下路跳大守塔，我是真心的，至于兵线去哪里了，去问设计师！,1754305129,95,3546827091610313,执念v稻草人,https://i2.hdslb.com/bfs/face/6a94bdd2e813968a255950e882df8b481aa0d848.jpg,43557,"精彩集锦,英雄联盟,天青青",117757,53,95,622,1116,66,0,0,9296
BV17mtjzYEaH,114973623780548,1,238,2128,运动综合,健身科普,http://i2.hdslb.com/bfs/archive/262b03410be6b72156655f4e10b3669d5c1c2f0f.jpg,百日彭于晏第三季开启，带你全国游，奖金18w，用100天的时间彻底改变！,1754358553,69,1667026531,华健盟健身华哥,https://i1.hdslb.com/bfs/face/13aad09d84f050c5a9b3cb2ce432f0da4c11163a.jpg,461217,"正能量,健身,百日硬汉计划,赚钱,挑战,暑期健身蜕变挑战",294720,139,1256,1028,637,664,0,0,16722
BV1GgtGzGEFp,114970217941853,1,65,2071,网络游戏,射击游戏,http://i1.hdslb.com/bfs/archive/28a66534c588f7329d075e66a02287dde3facc29.jpg,《使命召唤手游》新版本平衡枪械解析/上分十背包搭配/颜色自定义调节参数,1754306805,682,234379447,夜恒老师,https://i1.hdslb.com/bfs/face/71296c88d34a2ce706474a248a53c3ad974f54be.jpg,239740,使命召唤手游,57640,262,368,4747,2031,190,0,0,6251
BV1L7tnzzEwQ,114975553096921,1,17,2066,单机游戏,单机主机类游戏,http://i0.hdslb.com/bfs/archive/3da9f1cbcb3b3feb4c2adea323cf475fc194e975.jpg,在燕云十六声无伤挑战中没有任何人受伤,1754388973,621,7349,STN工作室,https://i2.hdslb.com/bfs/face/5bc1308ef3ac8eed73ed98ad4770f960547688d3.jpg,2484472,"武侠,国产游戏,技术流,搞笑,无上挑战,燕云十六声,BOSS战,动作游戏,游戏日常,整点电子榨菜",183938,358,511,746,912,197,0,0,10807
BV1XPtJzbEF2,114974210924354,1,216,2063,鬼畜剧场,鬼畜综合,http://i0.hdslb.com/bfs/archive/0b3b5b5e4167dd96df0f1bae6ada12ecccd4616e.jpg,真·出生之家（26）旺仔小乔夺舍记 下集,1754367438,388,8034163,浅澄月,https://i1.hdslb.com/bfs/face/28abe5c53184c2705c3c29784733847e930d4487.jpg,1324311,"搞笑,鬼畜,全明星,旺仔小乔,出生之家,真出生之家,抽象,恶搞之家,孙笑川,黄绿合战10th-黄队应援",212938,1338,796,2986,3065,1441,0,0,21966
BV1oztGzHE93,114969832066476,1,47,2037,同人·手书,同人动画,http://i2.hdslb.com/bfs/archive/540443f10779b702503d333f1c61f044e1f9ab24.jpg,【毛毡动画】爆肝91天，我用玩偶还原了Fate的OP,1754300639,91,1430803,中天Mifirma,https://i1.hdslb.com/bfs/face/d7aedb6cff5dddb951c190b5fb923b6027cd1849.jpg,405485,"Fate/stay night,崩坏：星穹铁道,Fate,星穹铁道Fate联动,开拓者",112243,146,290,3735,6920,338,0,0,16994
BV114hHzAErX,114952937479408,1,138,2154,搞笑,剧情演绎,http://i0.hdslb.com/bfs/archive/c8014fc2dd160ea4f4b4f3d88d2c083c76150194.jpg,课代表历险记（二）！,1754042928,239,393709394,一串大福,https://i2.hdslb.com/bfs/face/e6d1cf7df22235495d25d7ae77a4aa185e5d8c7f.jpg,1549365,"搞笑,原创,搞笑小剧场,来福来福,一串大福,课代表历险记,学生时代,朱迪,fyp",3034087,2080,1167,41898,3750,396,0,48,97662
BV1WPhTzQExA,114960285833986,1,216,2063,鬼畜剧场,鬼畜综合,http://i0.hdslb.com/bfs/archive/f7d6e2b60f59e6e0ba002961dc0c7ca95daefff0.jpg,《少林寺新方丈选拔大赛》,1754155101,375,1650750,阿游Kidding,https://i0.hdslb.com/bfs/face/8fa7e3f35d1561fb83089e7ef349e7f0585caf3b.jpg,3010,"搞笑,周星驰,鸠摩智,佛教,法海,少林寺,释永信,整活,鬼畜剧场,鬼畜星探企划",1064699,1824,891,3861,7128,2044,0,0,27828
BV1SehnzBEQp,114953574943449,1,176,2106,汽车生活,汽车测评,http://i1.hdslb.com/bfs/archive/13fa215a738033a198a1d6052d7543974c5954bf.jpg,5点分析解读理想i8撞飞卡车，到底是谁的问题？,1754103600,677,3546724748495813,超哥超车,https://i2.hdslb.com/bfs/face/4bee3bbf26fe89cb847f93cfeb1566c31da0667a.jpg,797489,"理想i8,买个der,买车,理想汽车",837306,8478,5538,3729,5213,2979,0,0,55164
BV1d78yzCEVr,114946931164585,1,228,2089,人文历史,时政解读,http://i0.hdslb.com/bfs/archive/7c487bcfcf22310e6c9d1920055e0a37bbca7343.jpg,本拉登的硬盘数据有多荒诞？！,1754019136,970,16243913,Solo审判日,https://i2.hdslb.com/bfs/face/262d0c87c5854a6e5b05a90e315c6ce9cad1ec57.jpg,456542,"反恐精英,李小龙,奥巴马,唐纳德特朗普,美国,人文历史档案馆,911事件,基地组织,本拉登,中央情报局",904294,1327,1881,10206,1431,989,0,0,26485
BV1oBtgz5EYp,114969077088585,1,256,2142,短片,体育综合,http://i1.hdslb.com/bfs/archive/1d1c46a2a26b0fd2c571bba2f665d7df760391c4.jpg,暑假打球好上头！,1754298000,300,1920908011,非自然苏打,https://i1.hdslb.com/bfs/face/ff71ef035b06f9d24b22a631d9166a967ec740b1.jpg,584518,"运动,生活,排球少年,高中生,搞笑,暑假,OPPOReno14,排球,OPPOReno14排球少年联名",888829,857,1244,7710,2742,922,0,0,49961
BV14vtuztE6F,114967818798573,1,176,2106,汽车生活,汽车测评,http://i2.hdslb.com/bfs/archive/ffdc215a09262edef315062b4f5ae909408d8147.jpg,粉丝连麦：在美国小伙想买保时捷，但国内朋友都在玩电车，这钱花吗？ #保时捷  #仰望U9   #GTR #买车,1754301600,635,3546724748495813,超哥超车,https://i2.hdslb.com/bfs/face/4bee3bbf26fe89cb847f93cfeb1566c31da0667a.jpg,797489,"仰望U9,买车,保时捷,GTR",186922,694,880,1348,3074,388,0,0,16904
BV1x6tnz9EEx,114975637051482,1,27,2055,综合,二次元绘画,http://i2.hdslb.com/bfs/archive/ee085bf24c1c47a15e04ead285765b43bada7984.jpg,将《鬼灭之刃》中的六只鬼改造成正常人的形象,1754389219,422,500140286,隔路脑,https://i2.hdslb.com/bfs/face/16c595449a41d556bd99f16881604ab5788578f0.jpg,627946,"二次元,动漫,动画种草激励计划,鬼灭之刃",115596,647,535,1306,762,627,0,0,10521
BV1JXh8z7Eck,114958473890908,1,124,2089,社科·法律·心理,时政解读,http://i1.hdslb.com/bfs/archive/98acec8928d7c783e8b5eb91b94b5062b51c6dd0.jpg,尹大统领限时返场，美韩协议忽然落锤,1754127445,938,703186600,麻薯波比呀,https://i1.hdslb.com/bfs/face/826f6c258199edc87d5722a56e8a8f963686dbba.jpg,2719536,"社会观察局,韩国,尹锡悦,尹锡悦拒捕,特朗普关税战,美韩达成贸易协议,特朗普,韩国总统,李在明",1364074,10631,1190,6645,7096,676,0,0,76465
BV1tshHzvEwL,114953021494372,1,239,2122,家居房产,家居展示,http://i2.hdslb.com/bfs/archive/09df386de8b04b73969ed8e754ed855c5ec4d25b.jpg,8月份的减肥，从刷到本视频开始,1754046574,1000,1590082082,马俐管家,https://i2.hdslb.com/bfs/face/362a2668db345d6c3986d043e1dbbab29c94d198.jpg,1767400,"生活记录,高能,uwant,友望吸尘器v400,友望自集尘吸尘器专家,解压,记录,深度清洁",8095916,27623,8649,150192,50634,25281,0,12,271288
BV1HPtnzEEqJ,114975771200932,1,228,2094,人文历史,科学科普,http://i0.hdslb.com/bfs/archive/c0502b97a0b40506c0818a65413a15c391171a18.jpg,中国第一长河，竟然不是长江、而是黑龙江？！,1754391236,603,390186534,蜀霞客,https://i0.hdslb.com/bfs/face/bbb82adf84214e26d5aba94edfb562800661ee14.jpg,291262,"探索,科普,自然,科学,地理,学习,长江,黑龙江,趣味知识,万物研究所",66736,307,339,1239,1055,184,0,0,6167
BV16ohpzhEUG,114954430582357,1,252,2207,仿妆cos,随拍·综合,http://i2.hdslb.com/bfs/archive/edcb774c4e6fba57b512ae0ce713fb436aa9535f.jpg,『自存特效化妆  矿石病的发展 魔王阿米娅手部部分试妆,1754065855,44,661074728,簌雪在这里,https://i2.hdslb.com/bfs/face/9170a54d5f2d93bd621e5669854c48fd7b2bdbdd.jpg,651,"特效,美妆,化妆,明日方舟,魔王阿米娅,Cosplay,矿石病",485358,241,1064,9581,1197,4922,0,0,86618
BV1SGtgzAEh8,114969295324730,1,171,2070,电子竞技,MOBA游戏,http://i1.hdslb.com/bfs/archive/10e170777b577b3379926d611ed071e7a128534e.jpg,学会四天上荣耀！顶级猴子打刘备思路教学！,1754292389,455,18909338,奥特曼zz国一刘备凯,https://i2.hdslb.com/bfs/face/c5e62cfe9d8b0ec7fcba4574fcf4e352d14f4b39.jpg,372634,"孙悟空,王者荣耀,王者荣耀夏日盛典,奥特曼zz,刘备猴子,猴子刘备,猴子打刘备,MOBA,王者荣耀猴子,猴子教学",893693,455,227,6758,2722,61,0,0,26125
BV1LchMzCEYK,114961812619609,1,201,2094,科学科普,科学科普,http://i2.hdslb.com/bfs/archive/bab59049db8f5eec2e7e3d2e01b59632ce43015e.jpg,饥饿的暴君：卡路里王座下的营养革命,1754178461,409,1208823126,大圆镜科普,https://i0.hdslb.com/bfs/face/9c34ee4b8041dd6f2139c52287c8d34a0a42f230.jpg,434976,"生命,健康,科普,科学,生物,营养,卡路里,AIGC,每天一个健康知识",1782259,709,1231,16188,5801,1337,0,42,133344
BV1fFhHzDEY9,114953289798683,1,241,2009,娱乐杂谈,娱乐评论,http://i0.hdslb.com/bfs/archive/1071e30e4074ab0c7c70b015e68d10d28c61ad4b.jpg,回看《我是歌手2》，22岁的邓紫棋还是太强了！,1754193600,2018,3546571700439767,T酱哟,https://i2.hdslb.com/bfs/face/ab13840f0baaa9116c8735e49c2215402e0d21c3.jpg,21823,"我是歌手,邓紫棋,综艺,现场,泡沫,舞台,歌手,音乐综艺,娱乐考古放大镜",340843,1532,721,2400,3125,542,0,0,7098
BV1nDh8zUEAi,114958423558258,1,21,2152,日常,美食记录,http://i2.hdslb.com/bfs/archive/8e641510130577babc911d0e0b020899972935b0.jpg,有哥哥的生活是什么体验？今天和哥哥一起去吃早茶～,1754127188,291,3546863265385240,赚到钱了就买两个鸡腿,https://i1.hdslb.com/bfs/face/5b5d9d1c1debcbb61e2ad8538c440c9c2267f9b8.jpg,183146,"早茶,生活记录,转转回收,哥哥,转转,Vlog,寻找100个宝藏vlogger",262019,301,588,1729,2367,303,0,0,12846
BV1SgtJzsEZ9,114974143812223,1,228,2090,人文历史,人文历史,http://i2.hdslb.com/bfs/archive/3e72cf594fd3283425c08dd9d423184f7c89c34d.jpg,英国四品官告御状，惹乾隆震怒，触发历史蝴蝶效应,1754366432,750,33397277,有点意思研究所,https://i2.hdslb.com/bfs/face/5f57be7e47d23dc8d85befa3d90ca5a9aeee272c.jpg,326612,"历史,夷狄,人文历史档案馆,御状,洪仁辉,清朝,鸦片战争,官僚,乾隆,中英贸易",40482,370,646,901,609,204,0,0,2507
BV1JHhVzeEBa,114964949894558,1,215,2108,美食记录,汽车生活,http://i1.hdslb.com/bfs/archive/2f8bc6ec4190cbb17ab96ab5910c38075b7baf8e.jpg,穷买车实录 5800元,1754226262,447,73759935,江心赋,https://i0.hdslb.com/bfs/face/e93e958d75d74116138594e9de435aed3038927b.jpg,322636,"生活记录,二手车,买车,快餐,暑假生活观察计划",363928,1172,1980,2130,2777,1594,0,0,12546
BV1kJhwzKEnq,114939985399947,1,28,2016,原创音乐,原创音乐,http://i1.hdslb.com/bfs/archive/0f39e09d93233af8eae40f546a3e7326a1a4723d.jpg,《秀英 你快点跑》——在看完《南京照相馆》后，我写了一首歌,1753845279,235,16736595,陶郑欣雨,https://i0.hdslb.com/bfs/face/34d14c630c7535b0ec63849e64d76bcacba04414.jpg,8072,"南京,说唱,原创音乐,rap,新世代音乐人计划原创季,南京照相馆,中文说唱,731,铭记历史,南京大屠杀",200653,538,602,7382,17762,1536,0,0,32991
BV1hU8CzeECx,114947250001846,1,201,2153,科学科普,美食综合,http://i1.hdslb.com/bfs/archive/98104abdd3f04e02f214b45bc41495efa20bab73.jpg,【食录】为什么柳州本地螺蛳粉不臭？是谁“搞臭”了螺蛳粉？,1753956351,895,1937308559,赛博食录,https://i2.hdslb.com/bfs/face/e29ed4db04b3eb522239c91c4cb0fbe78a792fc6.jpg,2218492,"科普,美食,螺蛳粉,广西,柳州,3分钟分享一个科学知识",954988,3931,4627,7880,9447,5616,0,0,42004
BV1EQhtzgEJu,114957651807028,1,85,2154,小剧场,剧情演绎,http://i2.hdslb.com/bfs/archive/cf4d9c4ae4d3d4418e2ecb1f90f8bb8f595cd08c.jpg,当你穿进老钱班5,1754121900,132,503058735,侯绿萝,https://i0.hdslb.com/bfs/face/b444cf0fe0f32dd7d2960ceb8b830c873a5da7c2.jpg,1477264,"娱乐,段子,小剧场",5570086,7392,3314,56665,80916,4397,0,2,602482
BV1FThjzrEC8,114967164493066,1,17,2078,单机游戏,沙盒类,http://i0.hdslb.com/bfs/archive/6aa408df7967b72af4bcc0d9c2af48d65fee3a72.jpg,新生物霸凌了所有人...,1754298000,775,298276958,Mythend,https://i2.hdslb.com/bfs/face/27144113f342ee62ac61a964cea35ba075bb6376.jpg,252881,"我的世界,小游戏,Minecraft,乐魂",1157410,2616,1846,34217,29695,3393,0,39,91031
BV1WNhuzfENN,114963188289120,1,171,2070,电子竞技,MOBA游戏,http://i0.hdslb.com/bfs/archive/1f36b5c369794aea31e41aa01de0f3b1b9361ebe.jpg,梦泪十大名场面，不会还有你没见过的吧？,1754199226,208,1767112114,史上醉,https://i1.hdslb.com/bfs/face/b29093ec238027dbcfd7d9edbaa7c021b47fe4d7.jpg,945669,"游戏,梦泪,王者",826623,414,319,12793,780,355,0,0,41396
BV1c8hbz5Ec6,114957165272158,1,65,2071,网络游戏,射击游戏,http://i1.hdslb.com/bfs/archive/d860d14d4ae4123e2eed541a2e5a420dfc458cc2.jpg,【干员周报】深蓝教官来了，在修了在修了TvT,1754107333,170,3494376565115651,三角洲行动,https://i2.hdslb.com/bfs/face/d86e9c7dcf8c0faf25b277a38d8103832556383f.jpg,2456576,三角洲行动,1014203,35924,12814,7110,1243,10234,0,0,70123
BV1aRhgz5EjK,114964413030041,1,172,2070,手机游戏,MOBA游戏,http://i1.hdslb.com/bfs/archive/b590c8ae146d37e293dd1e6b4ce5acd3ca6809ea.jpg,低分段的打野到死都觉得刷的不够快,1754218176,426,674146684,小小韩QvQ,https://i1.hdslb.com/bfs/face/526433062290f4ead91accda3a47c38d96ebc0cd.jpg,8856,"王者荣耀,马超,打野",218891,511,728,2246,1092,280,0,0,8899
BV1pSt3zdEkJ,114970368939358,1,21,2103,日常,工程机械,http://i1.hdslb.com/bfs/archive/774cdb4b321457ccd57769e1cca244ecf7661042.jpg,限时5分钟带大家做鸿蒙游戏！没人能通关！你敢试试吗？,1754309160,454,12590,epcdiy,https://i2.hdslb.com/bfs/face/f288604112016e93ca224c4c2c58980a6cd6ba25.png,820760,"华为,游戏,教程,编程,鸿蒙开发,HarmonyOS创新赛,鸿蒙5大有不同,鸿蒙一夏,鸿蒙越用越香,打砖块",165470,230,201,3788,3153,854,0,0,12117
BV19rtMzeEXd,114968473115559,1,172,2070,手机游戏,MOBA游戏,http://i0.hdslb.com/bfs/archive/6aa424d1679a96a4abc19de8c2257467dab648c6.jpg,⚡玩农的哪有不癫的，强撑着罢了⚡,1754279963,128,910774,木下结草,https://i1.hdslb.com/bfs/face/24ea4d5643380f6907365dbe5612bdd5c49a1305.jpg,528639,"搞笑,马可,娱乐,电子竞技,王者荣耀,黄龄一诺峡谷斗舞,王者农农农农舞挑战,梦泪,千年",419098,481,230,3866,3212,685,0,0,48509
BV1gthNztErV,114959195313366,1,232,2080,科工机械,时政资讯,http://i2.hdslb.com/bfs/archive/04575fa56b39e3eb8f57f63a6eb9aa71031368d2.jpg,我军潜艇兵回家后的伙食到底有多豪横？炊事班正在准备……,1754141400,477,46470268,央视军事,https://i1.hdslb.com/bfs/face/9dcc59c2e51aa7b9f178463903cbd4daab351dd2.jpg,2312315,"军事,烹饪,美食制作,厨艺,厨房,潜艇,炊事班,松鼠桂鱼,伙食,后勤保障",392074,1156,1134,2011,851,520,0,0,17738
BV16Qt3zsEYE,114970419334293,1,212,2158,美食侦探,旅游记录,http://i0.hdslb.com/bfs/archive/c1f634c51187c65f9b2037fa9079a5fde4b63321.jpg,一个人用周末24小时去如东吃虾籽烧饼和海鲜是一种怎样体验,1754310172,424,503995541,南京刘好燃,https://i2.hdslb.com/bfs/face/17f2974dc0846dab7dd54454661d5b31e6e228cc.jpg,368892,"海鲜,生活记录,旅游,宝藏小城,虾籽烧饼,记录我的美食日常,赶海,周末旅行,南通美食",50772,115,153,834,569,898,0,0,3246
BV1tohMzNEHJ,114961477013122,1,21,2014,日常,娱乐综艺正片,http://i0.hdslb.com/bfs/archive/b79200ec395284875738930182bae78c87338471.jpg,为了参加节目，他们居然把头发...《下一个是谁5》番外01,1754190000,537,147166910,雨哥到处跑,https://i2.hdslb.com/bfs/face/c54b148c789fcf43da95eb81331af6de47511553.jpg,3569068,"搞笑,高能,染发,音乐,娱乐,兄弟,颜值,节目,下一个是谁",1065923,5484,2011,15931,47780,1180,0,54,85569
BV17rhHzXESA,114953105179012,1,215,2149,美食记录,美食制作,http://i1.hdslb.com/bfs/archive/085f08cae2901080a759b3812cd8a158e8613d16.jpg,炒牛油火锅底料,1754045413,165,3546720050874607,周大签,https://i1.hdslb.com/bfs/face/b751598f79820c96e946f0fac2e4cd91441093cb.jpg,212140,爱豆安利挑战,2244221,1609,1507,2974,1122,595,0,0,57387
BV1E9tuzLEMR,114969764955742,1,201,2094,科学科普,科学科普,http://i2.hdslb.com/bfs/archive/c6040487d535f0baeff31595980dfa439e84bd53.jpg,动物的繁殖系统和排泄系统，为什么靠得这么近？,1754391600,160,1271916102,上将王司徒,https://i0.hdslb.com/bfs/face/1382786fbc113f7037b3bd4305166085611f737e.jpg,2275455,"动物,人类,科学,自然,生命,科普,系统,生物",267104,296,648,2438,605,268,0,0,17641
BV1jotuzVE87,114969798511456,1,172,2064,手机游戏,单人RPG游戏,http://i0.hdslb.com/bfs/archive/cd498c09d022bf993c8fa11380a44fd790db30f7.jpg,【绝区零】爱丽丝喂饭级攻略！都可以和谁组队？效果如何？,1754362800,1399,1438375628,粥粥的终极理解,https://i2.hdslb.com/bfs/face/96cee1dd9592ebc4e3601aeffed302c5f96eb0f0.jpg,526402,"二次元,粥粥的终极理解,绝区零UP主激励计划,ZZZCHOICE,zzzchoice,教程攻略,雅,爱丽丝,米哈游,绝区零",70025,442,422,1004,1570,142,0,0,4431
BV1yxhgzPEmS,114962315874115,1,162,2037,绘画,同人动画,http://i2.hdslb.com/bfs/archive/ed1920006982196b59083f4dbb55d57877fdf8a9.jpg,鞭尸是错的，除非…,1754185908,61,1698887557,--霖岚--,https://i1.hdslb.com/bfs/face/708c6c65a84dedb17ae33a6bf8bbb28f55007328.jpg,65722,"第五人格,鞭尸,必剪创作,第五人格庄园纳凉夜",616361,242,1012,16179,3302,4398,0,0,78924
BV1yj8Xz7Ego,114934985918100,1,85,2154,小剧场,剧情演绎,http://i0.hdslb.com/bfs/archive/bf71a7155f1497b88818ed5853cc10da8775979e.jpg,我嘞伸手,1753952400,210,373388923,脱缰凯Kk,https://i1.hdslb.com/bfs/face/1367615bfd41b079eae1ac1225dbefcc260acbbb.jpg,5218805,"拼好饭你变了,补贴是一时的拼好饭是一直的,点拼好饭只有0次和无数次,挑战吧！20元拼好饭吃一天",3101951,6787,3721,22276,11534,2283,0,13,251958
BV1w4tgzXEPb,114969462966847,1,17,2077,单机游戏,休闲/小游戏,http://i0.hdslb.com/bfs/archive/6aac88c5004c54498ff44b2b37bd4b9a474b6114.jpg,二爷与坚果的后室冒险6.0他们逃出来了？!,1754294944,65,1834271846,陈君un,https://i2.hdslb.com/bfs/face/65f841ecf609e5e56c4efe01db70be7809c5785d.jpg,624791,"植物大战僵尸,二爷,坚果,后室,整点电子榨菜",345529,417,575,5745,898,80,0,0,22195
BV1wqtjzgEfM,114973674048017,1,17,2079,单机游戏,其他游戏,http://i2.hdslb.com/bfs/archive/953e8b540c04bbe96db509f766e40414e489fcf3.jpg,恐龙岛大猎杀（下），战斗进行到白热化阶段，要知道化险为夷破局进化,1754360038,2888,3493273226185448,龙岛蛋壳,https://i2.hdslb.com/bfs/face/2389ca291eaee3b0486133845af7c25e3b0c9c9b.jpg,525955,"主机游戏,游戏解说,生存游戏,游戏实况,实况解说,游戏集锦,恐龙岛大猎杀,恐龙岛,游戏搞笑,整点电子榨菜",402477,1803,143,13804,694,17,0,0,10945
BV14VgJzrEGT,114895693553164,1,47,2037,同人·手书,同人动画,http://i1.hdslb.com/bfs/archive/7ec6e0fe6d2f2615daa491b115f8878b9d69817b.jpg,隧夜轮回（怨灵酒店）第二十三集 变态的宋志明 动画 悬疑 微恐怖,1754211600,251,501642082,萧一白呀,https://i1.hdslb.com/bfs/face/753545c422513fb3bac9cbd9b4f855b3e7656f82.jpg,1140203,"动画,恐怖动画,惊悚,悬疑,原创动画,恐怖,原创",341840,1934,1162,4941,6718,275,0,0,23643
BV1g5hhzAEbi,114958171904160,1,138,2152,搞笑,美食记录,http://i0.hdslb.com/bfs/archive/3bcd59512796fe015acca660d3aad7e7fecd836f.jpg,挑战花10块钱吃一天减脂餐,1754128959,115,1051357359,只因宝宝儿,https://i0.hdslb.com/bfs/face/388e768e96f9cda453defe6955c5f2f89344339e.jpg,830311,"拼好饭你变了,补贴是一时的拼好饭是一直的,点拼好饭只有0次和无数次,重要的事情值得拼一下,拼好饭6.9元盲盒,挑战吧！20元拼好饭吃一天,拼好饭6块9盲盒抽孙颖莎周边,美食记录,减肥餐,美团拼好饭",4124912,1764,785,11466,2491,1312,0,50,172404
BV1W4tGzhEaD,114970234784728,1,252,2040,仿妆cos,二次元线下,http://i0.hdslb.com/bfs/archive/f06c911c3e226eda590133f1d49b0160854bb678.jpg,谁教你这么送桃花运的？,1754307220,176,560647,坂坂白,https://i1.hdslb.com/bfs/face/dbab0bb10936b9e822c6927b442e0859963d12c2.jpg,1075517,"非人哉,cos,坂坂白,熊喵来了,动画种草激励计划,一代人有一代人的神,非人哉熊喵来了梦幻联动,探店",151070,275,162,2954,790,147,0,0,9132
BV1oshnzyET2,114951729451884,1,28,2016,原创音乐,原创音乐,http://i0.hdslb.com/bfs/archive/d3d50bf29fb02b4bd043dbcbc0e235d2eb4ae9b0.jpg,旺仔小乔17岁写歌很厉害吗？那看看我的,1754024345,60,1113324161,逸云穿鞋185,https://i2.hdslb.com/bfs/face/9ab1a82a69e929e46727fcb61275e86b530387de.jpg,15849,"音乐分享官,原创,原创音乐,说唱,高中生,歌曲,rap,旺仔小乔,逸云,emo",633540,836,1771,13201,6388,372,0,0,89756
BV1Gm8CzKE4F,114947266910015,1,201,2171,科学科普,动物综合·二创,http://i1.hdslb.com/bfs/archive/c3d11ae879dfbcd52ac1c5d532f369ad71e20083.jpg,【花小烙】不小心投胎成了一头雄狮，你会过上什么样的狮生？,1753956470,384,402576555,画渣花小烙,https://i0.hdslb.com/bfs/face/64765bc5c4ce223a6d43e6b11202410708a8c297.jpg,5345599,"科普,漫画,花小烙,狮子,3分钟分享一个科学知识",1815965,2378,2518,19053,11575,840,0,66,120463
BV1DytMzaEdK,114968372449205,1,21,2167,日常,猫,http://i0.hdslb.com/bfs/archive/c770089ac1b838fcb249f163d509c6afa33da383.jpg,人不要在中年时，遇到太惊艳的猫,1754278500,872,3493115625212116,啥也不是光知道吃,https://i1.hdslb.com/bfs/face/bfb9b1e63df8b1d14b6a6fe06f8fced6b680756c.jpg,46579,"情感,生活记录,原创,记录,流浪猫,无神论者,必剪创作",66391,239,336,1008,1714,188,0,0,7280
BV1sktuzXE1L,114969681073044,1,220,2168,动物二创,狗,http://i2.hdslb.com/bfs/archive/da38b818d6d2734b6394f44dbbf99110f1957983.jpg,狗仗人势让你展示的淋漓尽致,1754298551,32,1870883193,猫后生,https://i0.hdslb.com/bfs/face/2314ea25bbc2252b8e1e342893725d19fdc3bbff.jpg,1154333,"汪星人,搞笑,动物总动员",344990,59,225,662,655,362,0,0,19606
BV1k9hpzYEJN,114954397028172,1,21,2063,日常,鬼畜综合,http://i0.hdslb.com/bfs/archive/3440ef347f034b4547f917542a2e5f3946fd7056.jpg,一 生 兄 弟 情 （定时发布 up已开学）😭,1754186448,110,397907105,可悲鸡翅,https://i2.hdslb.com/bfs/face/d0bb03e9335d37c1f99759f03df496a4186f4d2e.jpg,224673,"微电影,高中生,兄弟,短片,记录,小剧场暑期新星计划",389172,573,1406,3925,4641,2906,0,0,56081
BV14YtEzDEP7,114974814963090,1,76,2149,美食制作,美食制作,http://i0.hdslb.com/bfs/archive/246e4f4c283727f1edd53518deff2c9563f7940f.jpg,新手学做菜入门级教学,1754377476,453,472102908,阿蔡美食雕刻,https://i0.hdslb.com/bfs/face/b5475839b0bcee3188920df8440746ba18d9a69a.jpg,4260349,"美食教程,厨艺,美食制作",179627,382,373,1077,1228,259,0,0,17489
BV15DhHz2Euo,114952668977450,1,17,2077,单机游戏,休闲/小游戏,http://i1.hdslb.com/bfs/archive/e70695de7420909cc22699746e93a65a3f0b33ee.jpg,最逆天的一集,1754038862,84,89014291,二战艺术家y,https://i1.hdslb.com/bfs/face/2b6c46aa25565b855a9d529fdbfa0fa8fefb1dea.jpg,400699,"单机游戏,植物大战僵尸,游戏,植物大战僵尸逆天版,推荐宝藏游戏",1767075,322,320,33543,1155,2677,0,0,61436
BV1fitGzWEVm,114969932729591,1,27,2044,综合,动画配音,http://i0.hdslb.com/bfs/archive/dda88e22a34de020b6571d82598e01e0c6859aa0.jpg,当柯南玩海龟汤（第三十九集）,1754302648,260,308693140,声物课,https://i1.hdslb.com/bfs/face/6b49f7d46e78d996cd5d3895048c8c1d9302e51b.jpg,3032755,"推理,细思极恐,名侦探柯南,声优,毛利兰,配音,动画种草激励计划,毛利小五郎,恐惧,海龟汤",357783,303,232,9398,2258,129,0,0,14005
BV1Wfhwz6ETC,114941495546047,1,201,2094,科学科普,科学科普,http://i1.hdslb.com/bfs/archive/794fb5f1844b3af385336ba2fcd4f04ebadc763c.jpg,四维空间理解不了？看不懂你打我！,1753869410,339,435061656,浮世叁千问,https://i0.hdslb.com/bfs/face/24b4d3f7e78477f088bfca1fd756cc78b018dfe3.jpg,926261,"空间,科普,3D打印,3D打印机,宇宙,爱乐酷,爱乐酷土星4U16K,高维空间,四维空间,3分钟分享一个科学知识",1384210,754,1327,18423,1803,779,0,0,58011
BV1HXt3z9Eac,114970402492464,1,252,2020,仿妆cos,翻唱,http://i1.hdslb.com/bfs/archive/272c4f3b794c61966efa05ca2e02e016e9ca954a.jpg,蓝莲哈,1754309287,90,16993069,林芷伊kiwi,https://i1.hdslb.com/bfs/face/602512a85adb8231973dfd9ddc3694c031f4a7fa.jpg,322110,"翻唱,蓝莲花,赛马娘,哈基米",761946,997,2977,6755,13920,7192,0,0,78679
BV1cW8XzkECi,114935170339864,1,17,2078,单机游戏,沙盒类,http://i0.hdslb.com/bfs/archive/30a4451585932f86ffe698d198b5a085860e79b1.jpg,一口气上不开看完他的世界全集,1754297100,2085,3546759435389280,阿落MC,https://i0.hdslb.com/bfs/face/0736dfed150aa6759cfc29eeda1ec99d369d195a.jpg,250383,"我的世界,阿落mc,他的世界",763930,280,42,29101,1581,23,0,0,24842
BV1Nht5ziE1K,114971090359121,1,172,2071,手机游戏,射击游戏,http://i1.hdslb.com/bfs/archive/6b8196112d7ecf144eddef5ee06c3633bf9bebf6.jpg,和平的空投还是太权威了！,1754319811,69,237533871,武子弈,https://i0.hdslb.com/bfs/face/1ae588a38fa7cc7a8154ff0f46d2cf57bfc3854a.jpg,1244058,"武子弈,和平精英",456703,245,236,13319,875,36,0,0,17241
BV18ttuzAEk6,114967902686934,1,247,2106,新能源车,汽车测评,http://i1.hdslb.com/bfs/archive/61ebe06743201502d1d232b6d8978dd694d32da8.jpg,【短的发布会】燃油车的下一黄金时代 上汽奥迪A5L Sportback,1754276411,303,287795639,短的发布会,https://i2.hdslb.com/bfs/face/e455079f6c4cc76b2736fdf0417513c29c127d50.jpg,2490439,"奥迪,华为乾崑,第五代EA888发动机,全新上汽奥迪A5L Sportback,上汽奥迪A5L耀目上市,上汽奥迪A5L油车首搭华为乾崑",1089424,1999,1624,5102,2145,5402,0,0,46307
BV1Kw82zYEa3,114947669365938,1,95,2100,数码,手机,http://i2.hdslb.com/bfs/archive/eb6be963b161f94fccc42db2a82117649c9ad120.jpg,试用完三星最新的折叠屏，我觉得OneUI简直神了。。。【X.PIN】,1753963351,689,31880257,差评硬件部,https://i1.hdslb.com/bfs/face/224f69a9c045d4c66936620e2cb3feb2054ed43b.jpg,725764,"评测,体验,手机,三星超轻薄折叠旗舰,三星ZFlip7,折叠屏,三星ZFold7",604294,1366,1359,1842,849,840,0,0,10310
BV1gdhHzVEUd,114952685750935,1,17,2078,单机游戏,沙盒类,http://i2.hdslb.com/bfs/archive/cee0be8a3305e270017ad308e1a7375723868aa9.jpg,我建造了一辆超级汽车来成为最快的汽车！ROBLOX,1754038992,690,485149,麟麟七解说,https://i1.hdslb.com/bfs/face/ce9023cc355621be9380d9df282b5a137897b2e5.jpg,696411,"沙盒游戏,实况解说,游戏解说,模拟游戏,游戏实况,麟麟七,休闲益智,Roblox",354929,1699,573,3537,838,123,0,0,7890
BV1Sr8UzCEHf,114950487937968,1,85,2137,小剧场,武术,http://i2.hdslb.com/bfs/archive/b07a8a1c53d271ead37fb9dc8130c91f719dc900.jpg,万里山河，有你皆安,1754005534,10,668942262,命硬的小裴本人,https://i0.hdslb.com/bfs/face/e9e8550968a5d4965f248095866a9c2bbbaed1c9.jpg,610742,"B站小剧场,正能量,旅游,风景,生活记录",786932,162,426,2480,7531,196,0,0,95917
BV1gQhJzMEBQ,114951897222503,1,130,2024,音乐综合,电台·歌单,http://i2.hdslb.com/bfs/archive/84b2538eb061eea55f7865a7f8bb00e4661cf492.jpg,盘点那些适合群像的BGM！,1754026887,102,3546796762598200,模糊绝对没有,https://i1.hdslb.com/bfs/face/c7a96cc85892070efb470f1a0e4ce0829001ab25.jpg,3744,"音乐分享官,好听,听歌,歌曲,歌单,OST,英文歌,BGM,群像,合集",364157,569,577,58681,1799,439,0,0,57868
BV1LThczxEkN,114940773926200,1,138,2037,搞笑,同人动画,http://i2.hdslb.com/bfs/archive/e729a9ba904d7482bcbdc3853f611dc54677134e.jpg,糟了..洗澡偷偷尿...呲到闺蜜脚上！,1753866000,159,352038217,圆方你说,https://i1.hdslb.com/bfs/face/2a3a88c873737952b9b29f6b78b73efb52d43a91.jpg,1464390,"奇葩,搞笑,拼好饭你变了,补贴是一时的拼好饭是一直的,点拼好饭只有0次和无数次,挑战吧！20元拼好饭吃一天,拼好饭6块9盲盒抽孙颖莎周边,合租,朋友,沙雕",1748964,1971,1360,16885,1029,1488,0,0,83918
BV1sN82zhE1g,114947568768537,1,138,2154,搞笑,剧情演绎,http://i0.hdslb.com/bfs/archive/a6c1bbbb32a122436d05bacd78add5b4216ae3ff.jpg,当英语老师突袭查手机！,1754384400,122,393709394,一串大福,https://i2.hdslb.com/bfs/face/e6d1cf7df22235495d25d7ae77a4aa185e5d8c7f.jpg,1549366,"搞笑,校园,原创,来福来福,一串大福,真实,英语老师,学生时代,fyp",201163,1032,624,1642,660,97,0,0,19674
BV1WNhEzDEby,114950840325548,1,162,2055,绘画,二次元绘画,http://i2.hdslb.com/bfs/archive/4a7c64e233dbc773b92eb601ed3f80ca32f2f748.jpg,画中画 | “我听说...”,1754010828,83,613700695,一帧画中画,https://i1.hdslb.com/bfs/face/a2bf2ff75bd5bbc058ee69f6757e31532a30ca4a.jpg,19735,"画师激励计划,谣言,眼睛,反网暴,网暴,拒绝传谣",1312008,660,1882,46600,49874,3056,0,46,233498
BV1GLt5z2E9D,114970922587130,1,172,2070,手机游戏,MOBA游戏,http://i2.hdslb.com/bfs/archive/e07078a5ed6b8d9609c67a3d4c78bfba079bf1dc.jpg,想跳过晋级赛结果直接16.0顶级对抗，吓的我半个月不敢上线,1754355600,215,268941858,磊哥游戏,https://i0.hdslb.com/bfs/face/538b9090c0862782df0662b2176e726eda1c9980.jpg,2467360,"王者荣耀,王者荣耀夏日农友节",1054460,802,3008,2340,2114,913,0,0,65296
BV1rThtzgEJ8,114957869915056,1,21,2207,日常,随拍·综合,http://i1.hdslb.com/bfs/archive/2dd6056a805c802665f6667c2cd94f3a9627f118.jpg,[b站扫盲01]手机如何发送这些骚弹幕？,1754118097,69,3546727005030792,面壁者牢波official,https://i0.hdslb.com/bfs/face/e3d00a3910a05784e182d0a0d116894444880be0.jpg,95989,"知识分享官,高级弹幕,二次元,b站扫盲计划,哔哩哔哩,知识科普,弹幕,bilibili,b站,娱乐生活记录",1269472,760562,9133,39478,12348,2899,0,0,106147
BV1NFh8z9EV1,114958977271881,1,138,2207,搞笑,随拍·综合,http://i2.hdslb.com/bfs/archive/0f870d4b9dfeb5393ef621b85e63a3a52b1aa7dc.jpg,你给我刷过几个子是什么梗【梗指南】,1754134956,170,94510621,梗指南,https://i1.hdslb.com/bfs/face/f7506af1aa96fc4350d457db015518532a09dd45.jpg,4715901,"幽默,科普,搞笑,魔性,梗指南,旺仔小巧,你给我刷过几个子,沙雕,搞笑研究所",892672,992,1958,4232,1066,1109,0,0,39150
BV1S5hJzYEe8,114952568380748,1,76,2149,美食制作,美食制作,http://i0.hdslb.com/bfs/archive/8b586982b40e0a90ec9fbadb3704d45658e9bc42.jpg,【迪奥の厨房】3分钟开吃，酸甜爽辣的拌面，太爽啦！,1754038089,139,13745285,丶沫小白,https://i2.hdslb.com/bfs/face/176ea8cc8f5187e0f82c9828bb1ecba9fb94ffd0.jpg,1207928,"快手菜,美食制作,黑暗料理,美食教程,上淘宝闪购搜超级星期六有惊喜,淘宝闪购超6爆款外卖只要1块9,夏日美食,拌面,懒人美食,jojo的奇妙冒险",1108213,996,759,49549,4309,3027,0,68,117160
BV1u8tnzhES2,114975687314378,1,256,2112,短片,护肤,http://i0.hdslb.com/bfs/archive/8339520fd3196a41f436a8a4f182dff87cfe6e70.jpg,这脸上都有啥，姊妹坐，唠嗑,1754390173,962,131739734,你的陈星越,https://i2.hdslb.com/bfs/face/f4c8c55e49414d660dadcaf2c37f312b036f65b9.jpg,667237,"唠嗑,分享,日常分享",106220,740,728,1290,1247,619,0,0,13765
BV1Pf8CzoEqR,114946864056910,1,242,2018,娱乐粉丝创作,音乐现场,http://i2.hdslb.com/bfs/archive/879c11b001446f6b957895423a8c6cca643ccb04.jpg,【TOGENASHI TOGEARI】《雑踏、僕らの街》【BML2025单品】,1754107378,217,403748305,BML制作指挥部,https://i1.hdslb.com/bfs/face/924fb698bc68802a95c123c1f1ff41b3be1e9c9e.jpg,1295153,"音乐,BML,音乐现场,LIVE,现场,TOGENASHI TOGEARI,BML2025",426634,207,1128,10565,4725,4171,0,0,49728
BV1PitEzUEti,114974848453762,1,172,2038,手机游戏,模玩周边,http://i2.hdslb.com/bfs/archive/e7f4584b868536a3eb663f1ed5581935f84f4890.jpg,第五人格COA7全图鉴展示,1754384400,382,8618005,凉哈皮,https://i1.hdslb.com/bfs/face/7a7b0e1e2be687c6373edb72df9df3269610b201.jpg,1754076,"第五人格,第五人格赛事,IVL,深渊的呼唤7,图鉴,赛事周边,凉哈皮,第五人格庄园纳凉夜",42427,315,245,535,1051,224,0,0,5458
BV11Ft3zFE1d,114968775102245,1,65,2071,网络游戏,射击游戏,http://i1.hdslb.com/bfs/archive/12cf01a74aa46a3a6c6a40c3e70596af0dcc4835.jpg,致永不服输的自己,1754284685,520,626785817,东山小红爱跑刀,https://i2.hdslb.com/bfs/face/a3cd5eea5b6d67a3db5776e2ce93c60dc1ac37b6.jpg,312239,"励志,竞速,fps,使命召唤手游,codm",171803,153,505,1002,1210,53,0,0,15149
BV1iktGznEXL,114969865751458,1,171,2068,电子竞技,回合制策略游戏,http://i0.hdslb.com/bfs/archive/a78adb872171ec523966d4f68181c1291b0e0ea4.jpg,一期看完铲铲S15开服必学12套阵容【云顶之弈】【金铲铲之战】,1754362800,191,18343134,林小北Lindo,https://i0.hdslb.com/bfs/face/fc093c1e6784b5f51e4697c739fe70e519ba36f7.jpg,1850882,"电子竞技,云顶之弈,云顶阵容教学,金铲铲之战,云顶之弈激励计划,云顶s15,云顶之弈s15,天下无双格斗大赛,云顶s15上线,林小北",282754,97,841,4116,982,1334,0,0,6665
BV1DjhgzgEhW,114962752084684,1,17,2078,单机游戏,沙盒类,http://i0.hdslb.com/bfs/archive/c463c2a69e486d383fe0d7d16709eed9ab61f8df.jpg,⚡平地隐藏房子之米奇妙妙屋⚡,1754192655,317,1358043560,橙子_WZ,https://i2.hdslb.com/bfs/face/bc528a23c5e74b541dea84f2b0d03b1d8648093d.jpg,3528,"沙盒游戏,我的世界,像素风,肝帝,红石科技,米奇妙妙屋",171029,497,467,3200,4951,1078,0,0,20700
BV1cPhjzCETf,114967265151128,1,138,2156,搞笑,UP主小综艺,http://i1.hdslb.com/bfs/archive/bd40256aebfb437f4354d8fa919f2e44a870ef3d.jpg,《联合国精致演讲女士赏析4.0》：联合国颁奖？不，纯纯野鸡奖！,1754273100,260,16022714,正经的老邪,https://i2.hdslb.com/bfs/face/e2c6b5eefb0899775358c460e04fdaf5acf82dd8.jpg,1371104,"搞笑,联合国,吐槽,搞笑小剧场,联合国演讲,精致女生",636167,2059,2217,3282,13939,1222,0,0,36959
BV131h7zeEhb,114951058361767,1,17,2077,单机游戏,休闲/小游戏,http://i0.hdslb.com/bfs/archive/8c47f7c6f1ec4265a6ddbd333f913a496e71c208.jpg,杂交版新皮肤展示,1754014183,584,97213827,潜艇伟伟迷,https://i0.hdslb.com/bfs/face/a2370da541bc5f6769cfcea0fcef907bebb26311.jpg,4934700,"PVZ,植物大战僵尸,植物大战僵尸杂交版,杂交版,自制游戏,杂交植物",668541,462,1025,1883,1086,267,0,0,46699
BV1XMhJzqEBo,114952635488414,1,138,2006,搞笑,AI影视,http://i0.hdslb.com/bfs/archive/f4ab9c80b6a56cc4d73a04945f367f51a7ff2e2a.jpg,这家伙...真的是人类么？,1754040012,439,5294454,逗比的雀巢,https://i0.hdslb.com/bfs/face/e56d8c14d3b74b4e32fbaf2ac4af119328c56c93.jpg,9584836,"搞笑,魔兽世界,高能,搞笑视频,生活,恶搞,纪录片,搞笑小剧场,魔兽世界国服20周年庆典,ai",9997381,23954,12602,183576,272448,66179,0,1,962764
BV1G5hczDEPZ,114940757149091,1,76,2149,美食制作,美食制作,http://i2.hdslb.com/bfs/archive/b6995e5fa20a9b83621dcce757c5fe04dabd0b9f.jpg,到底是谁发明的这玩意？！,1753866000,268,52190805,麟宣森,https://i0.hdslb.com/bfs/face/48178da68439bc0e56cee050c9732000f4f35b93.jpg,2289561,"意大利,美食制作,披萨,记录我的美食日常,狂星期四,必胜客,肯德基,大学生,麦当劳,达美乐",1721207,446,417,5718,5029,468,0,0,30962
BV1fohnzXEvr,114953256241811,1,138,2155,搞笑,语言类小剧场,http://i1.hdslb.com/bfs/archive/be52382e8fb654a2dacd1e50a06d3941aba352ce.jpg,《我对骨头不感兴趣》,1754107199,122,3493260618106936,伤心欲茄222,https://i1.hdslb.com/bfs/face/1f0cb64d9b62da7db7e6e020b78b6872dbffe55c.jpg,3273517,"搞笑,八嘎,转转,配音小剧场",2057911,1398,1381,7525,3473,1776,0,57,192910
BV1NwhnzhErS,114951981108767,1,182,2001,影视杂谈,影视解读,http://i0.hdslb.com/bfs/archive/2096f304e11b3c2a5066ba083af530ae113e4707.jpg,30多年前的“计划生育宣传片”，太超前了！,1754042400,1004,390898500,一目十影,https://i0.hdslb.com/bfs/face/986bf531f3e50a6bf67d5844f9304fc310a153e3.jpg,2077893,"国产电影,影评,电影解说,喜剧,老电影,甘泉村的风波,万字拉片大赛",1730053,2357,1924,14631,3975,3724,0,0,111900
BV1iehPzeEFD,114959715402126,1,172,2064,手机游戏,单人RPG游戏,http://i1.hdslb.com/bfs/archive/9563125ef638eac0b8aa0ad124a3b1a9a203d514.jpg,看到和昔涟十指相扣我39度4的高烧都退了,1754146413,631,8469526,果蝇轰,https://i1.hdslb.com/bfs/face/5ac66ad440fa2b3650d9bac1def1391d102d1378.jpg,1987445,"手机游戏,搞笑,爱莉希雅,崩坏星穹铁道,丹恒,崩坏：星穹铁道创作者激励计划,昔涟,星铁救世PV开拓者,果蝇轰,三月七",656107,5825,3942,10816,23586,799,0,0,77303
BV1ng8yzJE43,114946948011180,1,228,2090,人文历史,人文历史,http://i2.hdslb.com/bfs/archive/5acdf1ef21e38176df841e10237c0cc68d6bc5b0.jpg,在苏联出差有多危险？【神奇组织35】,1753956000,2403,23947287,小约翰可汗,https://i0.hdslb.com/bfs/face/6e40dfa4d42cf89dd59526f2e0dd1e14fb6523d8.jpg,10121188,"犯罪,人文,苏联,知识,人物,历史,组织,人文历史档案馆,世界史,探案",3427340,26826,10454,50959,120903,6689,0,4,211932
BV1uahTzYEdt,114962064219312,1,171,2071,电子竞技,射击游戏,http://i0.hdslb.com/bfs/archive/75a042e1ef40a670ebc7c64539596c63ad7fb517.jpg,逃   学   威   龙,1754182130,187,193563477,轮回丶Hui,https://i0.hdslb.com/bfs/face/acf758aa01aff3ba3fd69cbfc652242c75ff7d5a.jpg,2715,"得吃,三角洲行动,零号大坝,猛攻,跑刀,老鼠,三角洲,鼠鼠,深蓝,夺舍流",443578,431,969,6855,1252,2882,0,0,41064
BV1E5huzXEm1,114963154735043,1,171,2068,电子竞技,回合制策略游戏,http://i2.hdslb.com/bfs/archive/1349e2d6a4a94659c9aeaa8c932e3da9af6ecaf2.jpg,两套新晋T0来了，一期看懂15.1b热补后梯度排行【云顶之弈】【金铲铲之战】,1754198791,212,18343134,林小北Lindo,https://i0.hdslb.com/bfs/face/fc093c1e6784b5f51e4697c739fe70e519ba36f7.jpg,1850882,"电子竞技,云顶之弈,云顶阵容教学,金铲铲之战,云顶之弈激励计划,云顶s15,云顶之弈s15,天下无双格斗大赛,云顶s15上线,林小北",451438,182,845,3233,727,1027,0,0,7630
BV17wtGzmEpC,114970503156673,1,212,2150,美食侦探,美食探店,http://i1.hdslb.com/bfs/archive/0d999222779ef11944b2c29c921cb1805f5b2529.jpg,700块钱吃一顿和牛值不值？,1754311087,256,15282571,耶叔的四方食事,https://i1.hdslb.com/bfs/face/aa5694d17937bea569746793551e2b1ffa1749d6.jpg,695223,"日本料理,和牛,探店",150858,611,524,613,980,320,0,0,11320
BV1jghAzwEK2,114941579232450,1,17,2079,单机游戏,其他游戏,http://i1.hdslb.com/bfs/archive/1f11255416f4233535a1e4eb8774d7e911f14d10.jpg,依旧保护总统,1753869776,111,499951416,Z贤者,https://i0.hdslb.com/bfs/face/308c58814ea3e9eb3a4a2d464882e04a5409ac87.jpg,1317977,"搞笑,游戏,steam,沙雕",1908313,997,443,12490,1801,2038,0,0,117476
BV1vJhtzwEAn,114958004133041,1,21,2154,日常,剧情演绎,http://i1.hdslb.com/bfs/archive/3865de14b87d34c64ebcd7e2e6325cad490703e4.jpg,当你高考战胜30万人 终于来到了浙大…,1754120146,67,3494373119494756,itsboiJOE,https://i1.hdslb.com/bfs/face/cafb480e86c0b35a81243c9b318b171af860ebcb.jpg,4568,"校园,生活记录,宿舍,大学",1574725,773,3289,21925,5779,13487,0,0,143565
BV1RbhpzSEco,114954665462462,1,201,2151,科学科普,美食测评,http://i1.hdslb.com/bfs/archive/860d479c0a764a00fa008f5f34e918c2651fa41d.jpg,【地理与美食】袋鼠尝起来是什么味道？为什么允许吃可爱的袋鼠啊喂！,1754108100,523,111714204,胖胖地球君,https://i0.hdslb.com/bfs/face/30bdd83297610267896dbd1b92f23bddc17f273e.jpg,275470,"旅游,美食,吃货,动物,国宝,地理,澳大利亚,袋鼠,美食测评",207560,1882,1123,1357,1911,1151,0,0,8171
BV1iChgzQEdM,114964262027707,1,218,2167,喵星人,猫,http://i2.hdslb.com/bfs/archive/484fe81427b1a91cefe38944d7742231dde044fb.jpg,咪有自己的地球转场,1754215717,15,3546894760414025,坦克一斤半,https://i2.hdslb.com/bfs/face/364775b6ab19386fb9c133d501cc4dfcf9c768e3.jpg,43447,"地球,喵星人,美短",2651620,351,2812,84824,18964,25615,0,22,495030
BV1RytgzgEiV,114969278420340,1,251,2083,三农,综合资讯,http://i0.hdslb.com/bfs/archive/3b9b9ebaa7e1fe0f72e9a621209a6693d4b98748.jpg,鱼没钓到多少，家被偷了！,1754292412,534,67141499,大漠叔叔,https://i2.hdslb.com/bfs/face/a33efe2cc12b4f27e586a835ffc9d18483eab525.jpg,6168052,"钓鱼,搞笑,漠叔,西沙,三沙,海钓,户外钓鱼图鉴",590624,2878,1478,3116,13443,1083,0,0,53158
BV1d1tGz7E9E,114970033395393,1,228,2207,人文历史,随拍·综合,http://i2.hdslb.com/bfs/archive/1bab3f7f1c7d647747acaeea7b7aaff5eb5d169f.jpg,他把命当“游戏”玩？把世界变成程序的奇怪男人。,1754303765,1185,20466996,heya的万事屋,https://i0.hdslb.com/bfs/face/b56cd92f2a410190c86f832cb5784c2ee4d3f59b.jpg,108278,"诡异,怪谈,趣闻,艺术家,都市传说,恐怖,互联网天才,互联网杂谈,怪谈异闻录,万物研究所",36560,581,152,1554,857,162,0,0,2315
BV1Cyh8zXEV8,114958490734308,1,27,2041,综合,动漫剪辑,http://i0.hdslb.com/bfs/archive/a32c12996daf100a3dc4f6a64a84991305e8dcc9.jpg,如果迪奥遇见的是所有JOJO,1754182800,121,14649017,有人品没节操,https://i2.hdslb.com/bfs/face/2958cd825351b1343d4f9dd525ab15e4560bd71e.jpg,20331,"JOJO,JOJO的奇妙冒险,DIO,动画种草激励计划,承太郎",611390,389,245,13548,1033,1011,0,0,25693
BV1jChJzCEjY,114951914000459,1,17,2078,单机游戏,沙盒类,http://i0.hdslb.com/bfs/archive/f74f0590ec2b972c9c4b79c18b0b836abd2fffe2.jpg,『红石教程』基于新快照架子的老虎机,1754027115,183,521202166,fz先生123,https://i1.hdslb.com/bfs/face/0d773b49cec10e61a468b46b03cbad5eae9c9bb5.jpg,14875,"MC,红石,红石教程,我的世界,沙盒游戏,minecraft,赤石科技,抽奖机,像素风,我的世界快照",639944,33,734,16409,607,869,0,0,27590
BV1U4hAznEH2,114941126379120,1,218,2167,喵星人,猫,http://i2.hdslb.com/bfs/archive/681664bca5767f24eaa753ef127fbac28a87111c.jpg,一向叛逆的猪咪，为何铲屎官生娃后性情大变？,1754128800,191,15131634,海藻爱麻麻,https://i0.hdslb.com/bfs/face/af49632e118e898a6597da9eb85a061b2d8f1323.jpg,349734,"喵星人,a2奶粉,a2牛奶,萌猫和萌娃,a2至初,找回生命至初的微笑,猫陪孩子长大,牛奶,人类幼崽,闪闪的儿科医生3",764638,464,687,5611,781,546,0,0,88102
BV1dktgzrEWo,114969228088846,1,21,2093,日常,职场发展,http://i0.hdslb.com/bfs/archive/bb059e4dd799e7035d53d9fa04396e5025b861b6.jpg,如何在课上偷偷写作业？？？,1754305200,562,474257884,萧萧竹-,https://i1.hdslb.com/bfs/face/0e4f43bdab0948491609c48b6c7291332490bbd5.jpg,13004,"作业,高中生活,学习经验,必剪创作",673485,1667,1956,17054,6770,5948,0,0,39048
BV1QjhWzmEcC,114954145435559,1,138,2087,搞笑,商业财经,http://i1.hdslb.com/bfs/archive/387c8d0c27be905d6a1a517529f62437eed327a5.jpg,【半佛】不割韭菜，做什么保健品？,1754125200,483,37663924,硬核的半佛仙人,https://i1.hdslb.com/bfs/face/aaf33dced1941af0946f37c62f4b48fcaba9c9a2.jpg,7798909,"知识,科技,学习,健身,科普,生活,职场,营养工厂,韭菜,万物皆可商业",1278451,346,787,5460,866,1055,0,0,48531
BV1nYtGz4EUv,114969899238451,1,215,2149,美食记录,美食制作,http://i1.hdslb.com/bfs/archive/7101e40505a0d65e7f0f494f38aa92d169cb4afc.jpg,今年8月能不能在中国见到憨豆哥？我们拭目以待,1754301574,255,1984198637,西班牙陈挺,https://i2.hdslb.com/bfs/face/80a8d4d675bf87beba65d8b2af8f8beb63c6b641.jpg,2251252,"外国人,美食制作,记录我的美食日常,姜母鸭,闽菜,福建",528865,1148,999,1570,1614,186,0,0,46604
BV1rTtnzjETE,114975939038115,1,253,2042,动漫杂谈,动漫评论,http://i1.hdslb.com/bfs/archive/32f74a09577ee4f0eb33e1a316ae409d78e49bae.jpg,侦探先生，我的7月新番出轨了啊啊啊！【泛式】,1754393892,758,63231,泛式,https://i0.hdslb.com/bfs/face/2608aaa45309c77ac88fbfaa40e160b8c7892985.jpg,6427682,"搞笑,新番,泛式,吐槽,杂谈,恋人不行,章鱼噼的原罪,新吊带袜天使,拔作岛,小城日常",870720,8231,7091,32290,95659,8198,0,16,129302
BV1KKhpziEEn,114952836743619,1,182,2126,影视杂谈,户外探险,http://i0.hdslb.com/bfs/archive/8299ab4225ea044315a1bc44215f4b9254f3415b.jpg,湖南男子被困水下洞穴5天后获救，详解湖南湘西溶洞救援事件,1754049600,717,87670515,神秘园SMY,https://i0.hdslb.com/bfs/face/97df512c31b322245934bfbd23613510d2203d11.jpg,1000910,"湖南,二手推荐,湖南溶洞救援,湘西溶洞救援,洞穴,溶洞,二手手机,转转,湘西,湖南湘西",1526771,7962,3567,12899,14983,3458,0,0,87682
BV179tuzLEqS,114969764958063,1,47,2037,同人·手书,同人动画,http://i1.hdslb.com/bfs/archive/fbf7458d71707dd63eaa84f919755b6bd8d1a6b7.jpg,【罗德岛贼配军2】法⭐官⭐突⭐击⭐中,1754299719,175,12936702,克劳修斯_开尔文,https://i0.hdslb.com/bfs/face/60bf59932e24c3ff6d41556a85f6c6f804501c58.jpg,64659,"明日方舟,伺夜,斥罪,Raidian,一秒六棍,暗潮,电弧,自制动画,泰拉探索协会,明日方舟创作者应援计划",196442,320,656,7223,7666,2074,0,0,19125
BV1S7hHzuEhK,114953373681009,1,241,2009,娱乐杂谈,娱乐评论,http://i2.hdslb.com/bfs/archive/a2817bf140c495d75002b8772bb71af77f783ce7.jpg,【娱乐简报】直男一卖，粉丝溺爱，网红一卖，内娱崩坏,1754105315,925,1527375735,RICH徐大花,https://i0.hdslb.com/bfs/face/6aac72712a65aa6a525923602e1b2812c6472a45.jpg,369995,"汪苏泷,吐槽,梓渝,旺仔小乔,吃瓜第一线,田栩宁,张碧晨,吃瓜,李明德,内娱",504073,4282,1685,2132,3266,2097,0,0,25007
BV1aitVzVEpA,114971694338216,1,253,2042,动漫杂谈,动漫评论,http://i1.hdslb.com/bfs/archive/70b77093a8eda5961b3dbc7c79229bc766b2bbc6.jpg,妮雅！没了你我可怎么活啊！！！巅峰妮雅登场！！！,1754362800,1356,3493136850488160,勇者时昭,https://i0.hdslb.com/bfs/face/6ca4ec6ab67663b8cd95308c74cfc81b02822b0c.jpg,136778,"童年回忆,乐高,幻影忍者,童年动画,乐高幻影忍者",179433,1690,269,4009,1300,46,0,0,8350
BV1EktGznEMP,114969865687703,1,65,2071,网络游戏,射击游戏,http://i0.hdslb.com/bfs/archive/80b8fd8bb2dd4e485359a5dc211554d2a999fca7.jpg,【抽象78无畏契约】不选择逃跑，反而是向我靠近吗？,1754301223,330,1665135150,一个瓦瓦小镇的保安,https://i0.hdslb.com/bfs/face/a8064f058d43dfaf85c7553a43c0b0a5b0ce928b.jpg,258263,"第一视角,FPS,搞笑,一个瓦瓦小镇的保安,瓦镇保安,78,鼠鼠,VALORANT,无畏契约训练营",86521,183,171,722,871,253,0,0,7621
BV1FGh8z1ERY,114958574623673,1,138,2154,搞笑,剧情演绎,http://i0.hdslb.com/bfs/archive/c246503789450e5ad9ebbbc3dc21b19e5852b305.jpg,当90后成为父母（90后真是神奇的一代呀哈哈哈哈哈）,1754129003,187,68439967,萧枭同学,https://i1.hdslb.com/bfs/face/048bdff2b19e39da8f1aba04a3bd595a073130c8.jpg,2827064,"搞笑,生活,90后,尴尬,父母,记录,真实,2025哔业大戏",491516,378,240,2150,636,181,0,0,43231
BV1LuhGz9E9Y,114963591010927,1,171,2070,电子竞技,MOBA游戏,http://i1.hdslb.com/bfs/archive/a79dd4fa26564cd4c67540196d83a52d2514dfbb.jpg,不是我喜欢的残血，直接开大！！！,1754215200,186,262503053,佐悠-Leisurely,https://i2.hdslb.com/bfs/face/79fef1e68d835d382d582e227e05a8737515a9ce.jpg,1910494,"娱乐,诸葛亮,电子竞技,搞笑,王者荣耀,王者荣耀夏日盛典,诸葛亮峡谷小动物团长,MOBA,王者荣耀山海皮肤",733075,700,788,3787,5254,1873,0,0,54849
BV1RrtgzGEko,114969244861582,1,182,2001,影视杂谈,影视解读,http://i2.hdslb.com/bfs/archive/7c900925ec4a99e831ada9a223dd636311bbbda4.jpg,段奕宏演技封神，拍完这部电影后噩梦连连！真实事件改编《食人狂魔》,1754301600,1408,10119428,小片片说大片,https://i2.hdslb.com/bfs/face/949fd3f0b9fe23703c970d494edc41ae52ee32de.jpg,7697412,"真实事件改编,惊悚,段奕宏,悬疑,真实事件,食人狂魔,细伟,好剧好片重刷榜",970514,1142,317,6631,1631,438,0,0,39447
BV1oN8BzbE3m,114942418290083,1,250,2194,出行,中外生活vlog,http://i0.hdslb.com/bfs/archive/8b01c624a07ab27cb6a83fba4bd1a42262966b63.jpg,全世界人均收入最高国家，中国人在这工作有多爽？！,1753883710,2175,286737038,十七岁歌手想打中单,https://i2.hdslb.com/bfs/face/a18ff77617fe385f8f0c9517f969932f81b9f90e.jpg,890170,"生活记录,中国,原创,歪果仁,记录,海外,真实,电动牙刷,usmile,解锁地球另一面",1620851,12173,6006,19156,16277,9072,0,0,46807
BV1TrhuzNEoB,114963070851108,1,242,2198,娱乐粉丝创作,休闲玩乐,http://i0.hdslb.com/bfs/archive/d1d3a6a44179c2015504a33d044db05d9ef88ea9.jpg,直接变出刘谦老师！同行怎么解释！,1754197343,12,3546591434639889,销冠李老板,https://i0.hdslb.com/bfs/face/624a010be1877385b97f16db5705f9d70b6493b2.jpg,351934,"魔术,同行,刘谦",1035104,148,529,1451,610,446,0,0,43147
BV19AtgzuEU4,114969731532403,1,126,2063,人力VOCALOID,鬼畜综合,http://i1.hdslb.com/bfs/archive/9e7d987f753279046114f427adbfdcdea71d0fe2.jpg,能看得懂这些梗的都是b站老用户了吧？！,1754299187,88,19071708,潮汕好男人,https://i0.hdslb.com/bfs/face/2a4c1b3c2d8f48a58c5f818287c90a6ea78d7907.jpg,2192280,"鬼畜,全明星,洗脑,美美桑内,One Spot,NINA,蜜汁好听,沈佳润,黄绿合战10th-绿队应援",173121,2240,425,4885,2937,679,0,0,23281
BV1ictgz6ELZ,114969748248169,1,172,2071,手机游戏,射击游戏,http://i2.hdslb.com/bfs/archive/701d62262d125163b163fa6cb9c47eaea33d0682.jpg,星梦奇缘AUG助力？荣都教学！撤离点路上差点损失1000万的变卖物！,1754299957,435,222037579,虚无-和平精英,https://i1.hdslb.com/bfs/face/6c261f469a7256a9ae01fd10474c4ea3b128757e.jpg,177200,"游戏解说,地铁逃生,对峙前线,地铁教学,冰河禁区,烽火荣都,地铁逃生周年版本,虚无,高燃,和平精英",455520,119,140,13935,2117,15,0,0,22161
BV1citGzsEhK,114969932731133,1,138,2207,搞笑,随拍·综合,http://i0.hdslb.com/bfs/archive/7b51547cd7e0c70e360de73d3dfcb065243fc6f3.jpg,百万粉丝up主去CJ薅羊毛能薅到多少东西？,1754304091,553,11643866,汤姆的混乱空间,https://i2.hdslb.com/bfs/face/b843951c2a2d4e48eca7ec9d33007a9ae7d8989e.jpg,1719808,"漫展,CJ,汤姆老师,荣耀GT,荣耀400系列,荣耀400,荣耀平板GT2Pro,挑战,chinajoy,整活",184294,582,924,2527,3575,397,0,0,19918
BV15mhHzUEFM,114952769637379,1,201,2179,科学科普,健康科普,http://i2.hdslb.com/bfs/archive/3326b9db8a4cd7053dba4184a70bda711ef5c779.jpg,孕妇每天两杯奶茶导致早产，反式脂肪酸谣言何时休！,1754229600,153,35195926,大雷的食品科普日常,https://i1.hdslb.com/bfs/face/05cd2189ca9a595beb35c95d12e7ba2beeb739bf.jpg,1234070,"科普,健康,奶茶,媒体,孕妇,怀孕,万物研究所",362556,361,1094,4660,1406,575,0,0,34451
BV1Dqhpz5E4o,114954380249716,1,138,2157,搞笑,街头采访,http://i0.hdslb.com/bfs/archive/27a3b8644347f330f3a140d76900f34763ce180e.jpg,当代年轻人可真会挣钱,1754100000,252,470962000,落九川,https://i1.hdslb.com/bfs/face/c79a4d736236255643ed2ca51a8475d38a2c8bc0.jpg,2665410,"漫展,ChinaJoy,落九川,摄影师大元,芝麻租赁,芝麻租赁Chinajoy,采访,上海CJ,整活",923672,556,789,4115,1308,278,0,0,41644
BV1YNhJzzEzV,114952601864978,1,213,2151,美食测评,美食测评,http://i1.hdslb.com/bfs/archive/2240fcb20437cacb5eae77c91550b2b542815fed.jpg,曹式鸭脖变态辣，皇上驾崩了！,1754038192,426,24204802,赛亚人阿廖,https://i1.hdslb.com/bfs/face/74dadbae0d4d16fc70a4911e5bf57e2b69a090f6.jpg,449154,"曹式鸭脖,美食测评,爆辣,吃辣挑战",1836811,2926,1099,17975,3373,1574,0,0,70832
BV1Nkt3zaEst,114970452954524,1,21,2168,日常,狗,http://i0.hdslb.com/bfs/archive/0ba717ae4dbb255fb8b89cf491ab175757f820e5.jpg,爱要互相陪伴，汉堡分你一半。,1754310631,411,3546946425850423,一口一个团up主,https://i1.hdslb.com/bfs/face/33fcb94a59b9c4e52c8e95ef97176c1cf408474f.jpg,350535,"边牧,萌宠,布偶猫,小猫,小狗,日常vlog,萌宠过暑假",175935,576,498,1862,2675,1066,0,0,26932
BV1unt5zVEPK,114970939360289,1,122,2196,野生技能协会,职业vlog,http://i2.hdslb.com/bfs/archive/9f57294c3fa72f1e38000e5de361c6207b24aee2.jpg,第一次出门摆摊，免费维修小家电，竟然还挺受欢迎的,1754321006,1155,397526548,技术小杭,https://i1.hdslb.com/bfs/face/a12befc71b047f1b45ae32eeebc46cf1e40dc888.jpg,14499,"公益,维修,经验分享,小家电",756395,6531,4204,6951,58650,1156,0,0,64310
BV1cStnzmEQi,114975200777680,1,209,2098,职业职场,AI杂谈,http://i1.hdslb.com/bfs/archive/dec95a327f50d5907bc4ff32de0b4e09ef51a4ad.jpg,清华同窗10年后重逢：一个读博一个创业，谁的选择更明智？,1754389800,2113,20826656,糖果果的未来要发光,https://i2.hdslb.com/bfs/face/e01e5e4ffb27c1aeaf0636b226c89bcf9f7ae800.jpg,980740,"创业,职场,人工智能,求职,视频播客,找工作,Ai,Agent,WAIC,WAIC  2025",117263,209,108,2097,1273,1093,0,0,8228
BV1bzh3z5EeD,114963658116176,1,172,2064,手机游戏,单人RPG游戏,http://i0.hdslb.com/bfs/archive/5114b057613468406cee0210554e3ba5be968d6b.jpg,3.5昔涟真身曝光！长夜月还与神秘&贪饕星神有关？！,1754206631,268,3546664558135806,星铃拿铁,https://i0.hdslb.com/bfs/face/1c7e01be49a86c97c4984d472a51f7b58b0f3cf0.jpg,29596,"游戏杂谈,贪饕,大黑塔,昔涟,如我所书,翁法罗斯开拓之旅,来古士,迷思,长夜月,三月七",448728,759,1502,7942,2722,5851,0,0,44406
BV1H2hNzLEK7,114959262490354,1,21,2041,日常,动漫剪辑,http://i1.hdslb.com/bfs/archive/73dde6e3b191b457c6e24635e75127d625fa8ef2.jpg,【高松灯MAD/Hero】“拥抱过去，创造未来”致灯心中的小小英雄,1754139443,203,3494359938894291,早安爱时间,https://i0.hdslb.com/bfs/face/0652c6064608d3257ec30fa56d4c0c96a345a13d.jpg,243,"MAD,MV,AMV,mygo,动画种草激励计划,hero,少女乐队,高松灯,千早爱音,mujica",98708,116,658,8003,4350,2339,0,0,26044
BV1ZRhTz2EWA,114961879665290,1,172,2027,手机游戏,音乐综合,http://i0.hdslb.com/bfs/archive/07967251ba3d31f50b01e852464f3c654f4cb9f3.jpg,《明日方舟》EP - Little Wish,1754190000,251,161775300,明日方舟,https://i0.hdslb.com/bfs/face/d4005a0f9b898d8bb049caf9c6355f8e8f772a8f.jpg,6652675,明日方舟,840025,8144,7805,26007,32395,11680,0,43,80379
BV1NSh3zqEyb,114963809049173,1,76,2152,美食制作,美食记录,http://i1.hdslb.com/bfs/archive/b9d66ae93cdc6a8a31121fae23c23ff89594662a.jpg,厨师长下班用边角料做个海鲜太卷给自己开小灶【海鲜太卷】,1754209008,685,472229397,张森的日本料理,https://i0.hdslb.com/bfs/face/ac3b108b97e8a8415476ca5db05b71ea1fdf965a.jpg,280517,"深夜美食,美食记录,我用美食搞事业",239675,750,631,1342,1233,543,0,0,26294
BV1kNh8zJESj,114958993984327,1,182,2001,影视杂谈,影视解读,http://i1.hdslb.com/bfs/archive/a185bf827e46a746ffa7d57298cce12a58b0d68f.jpg,真正的国漫神作！《浪浪山小妖怪》真是无敌好看！,1754139979,405,777536,LexBurner,https://i2.hdslb.com/bfs/face/27e06996840a7cb3ee0fee52f6b4616cd6567def.jpg,5934553,"lex,浪浪山小妖怪,月圆之夜取真经,月圆之夜,lexburner",515370,308,501,3181,3610,1988,0,0,21842
BV1dthpznEZh,114954682243757,1,138,2154,搞笑,剧情演绎,http://i1.hdslb.com/bfs/archive/63da7d2224a6eab632145c85317a7c4168717fbc.jpg,魔丸踢爆了,1754125200,150,230576499,D蚱蜢,https://i0.hdslb.com/bfs/face/c8ef6f63f7a61c218789297e75f97aa010843156.jpg,543742,"LOL,COS,腕豪,金铲铲巨龙之巢回归,抽象,整活,金铲铲",416473,184,790,1902,1190,759,0,0,24242
BV1LahVzoEk3,114964899568450,1,158,2114,穿搭,鞋服穿搭,http://i2.hdslb.com/bfs/archive/45c041bf14a362ae73d4f4834b5a00159ee7f881.jpg,服装盲盒！挑战给团队每人买两套衣服！,1754225726,1292,431615976,聂小倩她老板,https://i0.hdslb.com/bfs/face/d3be65d78fb1280568bd852c282669c83c116164.jpg,1420103,"服装,团队,服饰,穿搭,团队大作战,挑战,盲盒,服装开箱,解锁夏日时髦vibe",242869,10058,1048,1785,5634,181,0,0,29704
BV1nQt3zsE2J,114970419266894,1,219,2168,汪星人,狗,http://i0.hdslb.com/bfs/archive/e55f61c238ac7df25fe0ff8b2aa0401298376854.jpg,爱吃苦瓜的小八戒永远离开了,1754309940,511,509278225,豫西小丁,http://i1.hdslb.com/bfs/face/aac093c74838f2fa54118da43a6b9419b9f62087.jpg,768864,"白菜,八戒,苦瓜,高加索",381018,3615,5069,2081,22408,1290,0,0,35486
BV1kNh8zJEa2,114958993985284,1,21,2160,日常,城市出行,http://i2.hdslb.com/bfs/archive/ded34348490970b04db99ecdf17ee491d0f84572.jpg,盲杖下的中国 | 偶遇热心小姐姐带我逛街，最后警察叔叔也送我回酒店？,1754190000,1254,344753240,夏果夏果,https://i2.hdslb.com/bfs/face/0c3bb88d93e2b5d78b5d5c1005a7429bda7894cf.jpg,429440,"中国,正能量,小姐姐,生活记录,温暖,治愈系,盲人,视障,无障碍出行,随手记录我的生活碎片",180485,253,183,711,625,40,0,0,7270
BV112tVziEMp,114971241417445,1,17,2078,单机游戏,沙盒类,http://i0.hdslb.com/bfs/archive/21ed3363ef935a4e3aa328ec9acfed9203836fd3.jpg,BOSS大乱斗！堪比“灾变”的史诗级BOSS模组！,1754322453,598,686127,籽岷,https://i0.hdslb.com/bfs/face/7efb679569b2faeff38fa08f6f992fa1ada5e948.webp,4994723,"MOD,单机游戏,BOSS,沙盒游戏,籽岷,MINECRAFT,我的世界,沙雕,游戏鉴赏家,推荐宝藏游戏",123588,316,487,1349,1283,310,0,0,12309
BV1oPtGzjEvX,114970553619064,1,215,2152,美食记录,美食记录,http://i0.hdslb.com/bfs/archive/502db0009b28bccddedad8af71629ba272567943.jpg,朋友终于想起来找我玩了,1754311868,150,646889764,Nico爱肉包,https://i1.hdslb.com/bfs/face/1fbb3e1e140042dbc15e412229760cbd21f9a927.jpg,488568,"生活记录,美食,日常,vlog,老外,记录,朋友",135429,395,401,964,1856,254,0,0,22378
BV1dMhGzWEsQ,114963607716233,2,172,2064,手机游戏,单人RPG游戏,http://i1.hdslb.com/bfs/archive/e2eb08ffb6d8487a5a63861a7797df81d3e035be.jpg,【新的时代】从此删除JT8-3 突袭 单核挂机攻略,1754205642,805,3546373951588920,低配挂机研讨会,https://i0.hdslb.com/bfs/face/b93f923e2d04f528b790878fff997181140ac85c.jpg,80876,"手机游戏,明日方舟,简单好抄,JT8-3,摆完挂机,单核,平民,低配,明日方舟创作者应援计划",271111,1075,1608,1732,649,8210,0,0,10827
BV16ThtzgEvY,114957869908331,1,168,2001,国产原创相关,影视解读,http://i0.hdslb.com/bfs/archive/e57796ab9f61dca3d8bdc060eddbc82df5f8e984.jpg,疯狂安利！【浪浪山小妖怪】观前指南！看电影之前，你必须知道的原著细节！,1754143200,490,31261235,L另唐,https://i2.hdslb.com/bfs/face/9cdbdecc498f42498f22bffa09964271ece19c6a.jpg,1249013,"动画,电影,动画电影,小妖怪的夏天,浪浪山,浪浪山小妖怪,上美,安利,浪浪山小妖怪取经副本启动",480286,332,509,4041,1026,1266,0,0,9896
BV1jY8CzyEoy,114947082159298,1,228,2090,人文历史,人文历史,http://i0.hdslb.com/bfs/archive/8788c859b3031e4674433ea9ef5d7ef80da2bd8e.jpg,流放岭南！为什么现在最富的广东，古代能当几千年流放之地？【为什么64】,1754042400,634,11684621,太阳星sunstar,https://i2.hdslb.com/bfs/face/edcd0f2f12cedf723c9e5c18c5f824ecd4c50f9c.jpg,3064571,"社会观察局,广东,uwant,友望除螨仪,友望红外除螨仪,气候,南方,螨虫,潮湿,梅雨季",609228,2053,2010,4660,1227,644,0,0,29327
BV1PUt3ztE48,114970385847938,1,17,2079,单机游戏,其他游戏,http://i1.hdslb.com/bfs/archive/79a53b0c9476e8ee8939fc0e0bae5d995cbdaaad.jpg,“嘘！”偷偷玩小游戏，不要被伪人妈妈发现了！,1754309142,1218,218813697,游泳的艾米,https://i0.hdslb.com/bfs/face/30d2889a3fb2e8b64cd368489322dc9223225fe3.jpg,1057924,"恐怖游戏,妈妈,一命速通,steam游戏,伪人,整点电子榨菜",121969,728,205,1703,1083,151,0,0,12711
BV1d6hbziEWh,114957114939663,1,215,2152,美食记录,美食记录,http://i0.hdslb.com/bfs/archive/ce454d1b85bc86ea2053fe9d29aad85c343f8c53.jpg,工地一人食，3元一斤凉面吃撑了，睡地上休息,1754106560,296,487215770,农民工川哥,https://i2.hdslb.com/bfs/face/3d05653d4b7cdabc08e7c464cc36ec3bc26284cf.jpg,962270,"美食,生活记录,记录我的美食日常,美食记录,凉面,工地,农民工,Vlog",561288,791,860,1162,3095,235,0,0,21353
BV1kNt3zdE2P,114968976428673,1,182,2001,影视杂谈,影视解读,http://i0.hdslb.com/bfs/archive/b2ae9538f75cedc41fdd1e8baa0b6fdb084b7fde.jpg,第一斧女？！有什么事请联系我的斧头吧！万字拉片拆解《珀尔》P1,1754301600,3036,84706708,小鱼陪拉片,https://i1.hdslb.com/bfs/face/3372dd6970f8df479aad6d35da42cfd32d851681.jpg,1099756,"惊悚,恐怖,悬疑,A24,万字拆解,拉片,视听语言,米娅高斯,珀尔,万字拉片大赛",448727,1216,516,12602,6850,350,0,0,19089
BV1dktgzrE52,114969228088346,1,172,2073,手机游戏,动作竞技游戏,http://i1.hdslb.com/bfs/archive/d384e8f4db2862d8a8b4539dce4f337a8dc6e14b.jpg,【萌黄速报】9月高招S波风水门[九喇嘛连结]，侠隐新忍揭晓！,1754291292,139,441897078,火影忍者手游情报君,https://i0.hdslb.com/bfs/face/3c975d44586143dd0eb4b121a3437bc8cc696610.jpg,2664657,"火影忍者,格斗游戏,火影忍者手游,火影手游",1881720,10957,13451,13757,4706,48144,0,0,81057
BV13uhhziEYp,114958222232305,1,17,2071,单机游戏,射击游戏,http://i1.hdslb.com/bfs/archive/bbdfe3665f16cda341ab6be1c7bb36f16552e438.jpg,变电站点位分享！,1754124438,125,388148204,手残の馒头,https://i2.hdslb.com/bfs/face/416a2f52b7488f59fba9d88de743fa24e0eb9434.jpg,8955,"三角洲行动,零号大坝地图理解,教程攻略",804927,256,636,19400,792,8876,0,0,36102
BV1XhtVz2EvS,114971476296963,1,65,2071,网络游戏,射击游戏,http://i0.hdslb.com/bfs/archive/1216d45592ab1057c437c5725c22bad198f0b7e5.jpg,三角洲行动 只要3万+制式卷就有满改S级武器！火力卷改枪最强优化教学！【紫色-火力】,1754364600,283,52717408,Always聪聪,https://i1.hdslb.com/bfs/face/d6573681e12901cbbf26a242102c727bac4d020a.jpg,1050953,"射击游戏,FPS,三角洲行动,三角洲行动改枪,教程攻略,三角洲,三角洲破壁新赛季上线",334482,216,705,7930,607,589,0,0,11092
BV1Seh8z8Ezb,114958406850667,1,29,2020,音乐现场,翻唱,http://i1.hdslb.com/bfs/archive/9500d8c387c3d80bf2d20e2ab79a7c306b5f24d1.jpg,蔡徐坤劝你别读博,1754126220,215,21442590,馄饨皮茄总,https://i0.hdslb.com/bfs/face/29d3bf75ec95524532a9ce36d1232ef441889a1d.jpg,28221,"蔡徐坤,cover,博士,科研,学术,读研,读博,deadman,PhD,翻唱的N种打开方式",905126,903,1831,15224,27963,13107,0,96,85348
BV1DZhgzGEEQ,114964446650001,1,252,2039,仿妆cos,cosplay,http://i0.hdslb.com/bfs/archive/68db4ad5b76e87096273e1b59539c2efdf2208ae.jpg,“你可以模仿一下花火受击音效吗”,1754218509,167,1337856191,困困不知道哦,https://i2.hdslb.com/bfs/face/b1cc84d6b200ec5d7ab822337ee1a1e24d7f5cdb.jpg,481464,"读评论,搞笑,花火,cos,武当花火,火影忍者手游,日向花火,Cosplay",877806,376,1151,14414,2973,982,0,0,43788
BV1pvhWzvEXG,114953944046809,1,250,2158,出行,旅游记录,http://i1.hdslb.com/bfs/archive/bfc931c24be78267dd7ba1698228113e8a2d7cce.jpg,入住全球最臭的三和酒店是什么体验｜解压大改造,1754058598,717,388965067,陶一杭Steven,https://i1.hdslb.com/bfs/face/a4d36a09db35aa373323f3b9c2d2d2ae8f894873.jpg,103749,"改造,日本旅游,盲盒酒店,跟着UP主看世界,日本三和酒店,酒店,日本生活,Vlog,旅游vlog,旅行VLOG",509385,2722,1103,7350,9048,1152,0,0,32466
BV1Qth8zeELe,114958742391004,1,124,2081,社科·法律·心理,海外资讯,http://i0.hdslb.com/bfs/archive/b6cddc9d3d218edf386eba8cbd08f9365482e560.jpg,友邦惊诧：统计局长因修正懂王赢学数据达90%遭解雇,1754131708,886,346563107,波士顿圆脸,https://i2.hdslb.com/bfs/face/f8f0fc4114bb06a87481abe12faa006a383cbe6d.jpg,5178323,"法律,金融,社会,懂王,赢学,经济,MAGA,环球资讯站",1115764,1411,1777,4634,4571,1829,0,0,63258
BV1wT8yzHERJ,114946780173294,1,47,2037,同人·手书,同人动画,http://i2.hdslb.com/bfs/archive/e35746a9dc301fa1192f39fde1bd47f21d77ff3f.jpg,☝🤓这对吗，童年越来越邪乎了？！,1753948983,114,13689353,久远丶酱,https://i2.hdslb.com/bfs/face/64f87a3f7d56bb909d94c04b305764a00c0c311b.jpg,727555,"原神UP主激励计划,手书,搞笑,手机游戏,二次元,伊涅芙,米哈游,原神",711098,367,1360,15657,4246,2301,0,0,75193
BV1SVhMzeEdW,114961946777936,1,86,2042,特摄,动漫评论,http://i1.hdslb.com/bfs/archive/a0bb74c2895c9e420993a24e9fdf54ed5cecef8f.jpg,敌我同源这个设定为什么百试百灵？,1754180244,682,325560792,Foki伏叽,https://i0.hdslb.com/bfs/face/b8aa9f7193f6e9a562d434006ad318cd5c8f6ba8.jpg,264186,"解说,特摄,娱乐,动漫杂谈,假面骑士,搞笑,解析,奥特曼,吐槽,影视",421248,542,551,8526,1324,230,0,0,12184
BV112hnz8EJ6,114953709164838,1,21,2158,日常,旅游记录,http://i2.hdslb.com/bfs/archive/fee558916d05ed6b18ff9fab66021d3a63cb8947.jpg,台湾女生第一次到大陆旅游 心得滔滔不绝｜住了一个月的生活体验｜旅程中的美食、美景、遇到的人都让她印象深刻｜两岸｜大陆自由行 上海 深圳 四川 重庆 香港,1754056800,1616,454433355,小杰不到一百六,https://i0.hdslb.com/bfs/face/0de6190dc2ab9ba59bb71615d7bae9c79ca0daaf.jpg,92403,"四川,台湾,重庆,旅行,旅游,上海,两岸,台湾女生,深圳,寻找100个宝藏vlogger",699916,5791,1075,2561,5250,322,0,0,22976
BV19qhPzaEqu,114959749024578,1,31,2020,翻唱,翻唱,http://i2.hdslb.com/bfs/archive/3500cb6e16fa474d9f3f5b22ae9770863fa06659.jpg,今晚听夜雨,1754146658,25,689808143,流星雨4536251,https://i2.hdslb.com/bfs/face/a4a2fa661cf165b94628a6e73440f4950799669a.jpg,75365,"姐妹唱歌,听夜雨翻唱,听夜雨DJ",301174,30,140,2093,635,134,0,0,38044
BV1DL8BzDEuV,114942032219432,1,17,2078,单机游戏,沙盒类,http://i1.hdslb.com/bfs/archive/a8d0dc94d55dd2afa79f549b7082fb94e45073a8.jpg,当100名粉丝躲猫猫！,1753920000,1673,9596327,卡慕SaMa,https://i2.hdslb.com/bfs/face/e7ba30c9d6ac409b0b07e215fc3a7e0e5d656464.jpg,2397989,"我的世界,全程高能,MC,搞笑,Minecraft,抽象,百人,卡慕,沙雕,推荐宝藏游戏",1166354,9730,1709,15153,16722,893,0,0,85372
BV1a5hHz3Epc,114953340066122,1,21,2183,日常,助眠视频·ASMR,http://i2.hdslb.com/bfs/archive/60a17cacc4a8ad0a089bbc9c71bdd18259880d77.jpg,ASMR｜100元到1万元助眠麦克风,1754049018,171,570746261,米奇-声控助眠,https://i2.hdslb.com/bfs/face/2a284043a51aeaf35bed2b1bf46e10eda745e599.jpg,371570,"催眠,助眠,asmr,麦克风,放松,舒服,解压,触发音",318207,396,310,3930,769,158,0,0,28191
BV1NMhpzNEBb,114952819966305,1,219,2168,汪星人,狗,http://i0.hdslb.com/bfs/archive/5033c2e64a9f3968e115ea30c9f4a167ab4032c1.jpg,奶奶打麻将赢回来的哼唧小狗,1754040961,101,3546876607466242,酒酿小猫鱼丸,https://i1.hdslb.com/bfs/face/0461ba706c4da95affdd5cc675e99175e49d229b.jpg,21924,"汪星人,狗狗,土狗,小狗,奶奶,田园犬,小奶狗,小土狗",456924,262,1170,13450,1925,6245,0,0,70248
BV1yNt3zdEHu,114968976432108,1,122,2096,野生技能协会,AI学习,http://i1.hdslb.com/bfs/archive/095fe0ba66349ce6f06c367583d74701b0764e8c.jpg,0代码开发AI应用，一句话生成完整App！ShellAgent 2.0使用教程：全球首个“Text 2 App”工具，靠自然语言做完全套开发工作？,1754301600,351,1814756990,Nenly同学,https://i2.hdslb.com/bfs/face/0b6183c8cb87e39284f72e1351c0ecf30ad21cf8.jpg,671448,"猫娘,AI,人工智能,教程,ShellAgent,Agent,AI绘画,AI应用,AI编程,万物研究所",90379,1186,182,2618,1163,69,0,0,3539
BV14uhLznEdY,114965990084431,1,183,2002,影视剪辑,影视剪辑,http://i2.hdslb.com/bfs/archive/6caabf8c03dec86a7d09ef328b31faa437436afc.jpg,终于有国产剧只用20分钟就拍出了仙凡永别的be美学，她真的用眼神演出了爱而不得的破碎感！！,1754241942,165,1147763911,琴瑟弦弦,https://i1.hdslb.com/bfs/face/8fc0923436addd1a4e1fa6911f45ab5ee2160eb8.jpg,136075,"影视剪辑,颜值,杨洋,电视剧,古装,be美学,赵晴,剪刀手安利大赛,演技,国产剧",253859,956,1570,1416,1637,758,0,0,6371
BV1inhuzUE8R,114963356125360,1,138,2154,搞笑,剧情演绎,http://i2.hdslb.com/bfs/archive/4272fac5e3563c348150df530c50d559f19b5155.jpg,我终究变成了一个无趣的人,1754211600,199,31012715,是老胡没错,https://i2.hdslb.com/bfs/face/c9693c98b3d0db331ead3d938f1ce0c6f1215535.jpg,2021567,"情感,幽默,人生,搞笑,生活,短片,搞笑小剧场,惊时去屑洗发水",524986,769,1199,8136,12022,3034,0,0,42306
BV1DUhbzcEhv,114958842988593,1,228,2090,人文历史,人文历史,http://i1.hdslb.com/bfs/archive/5432baac135a0996a9cba5af668daf0b9cda7b62.jpg,历史上有华夏入侵他国的记录吗？,1754133048,124,265589608,-古人云-,https://i1.hdslb.com/bfs/face/6b68c2e0dd8a5099675ba17b5afc8c20d5cd383c.jpg,1472321,"秦始皇,华夏,中国,历史,李世民,人文,汉武帝,爽文",2152509,1480,2367,57021,4968,1990,0,54,107826
BV149t7z7EvE,114975049782893,1,21,2073,日常,动作竞技游戏,http://i0.hdslb.com/bfs/archive/ff8dc5721e207be5165e5a284a231a21a73d5aad.jpg,只看画面，你能分辨出游戏和现实吗？,1754388300,311,85649095,张子zi,https://i1.hdslb.com/bfs/face/691ab8f874eb315abc6930d10255d62d834ebb0c.jpg,492647,"游戏,CJ,ChinaJoy,体验,XR眼镜,芯片,骁龙,逛展,gaming,整点电子榨菜",159670,3780,141,1573,1143,518,0,0,8967
