bvid,aid,videos,tid,tid_v2,tname,tname_v2,pic,title,pubdate,duration,mid,name,face,uploader_follower,tags,view,danmaku,reply,favorite,coin,share,now_rank,his_rank,like
BV1og8kz6EpC,114946176192417,1,157,2111,美妆护肤,美妆,http://i1.hdslb.com/bfs/archive/dbe71020a14d9d3323047d0dd9787c7ef327c79a.jpg,当我用彩色眼影盘来修容！杀疯了,1753939751,46,1928070136,弛仟_chyqan仟,https://i1.hdslb.com/bfs/face/4906f11bcdddd2346a8da9df12e27978913e95a8.jpg,5916,"美妆,化妆,欧美妆",618556,240,373,9434,1034,921,0,0,90326
BV15ehVzxE46,114964547247168,1,85,2197,小剧场,其他vlog,http://i2.hdslb.com/bfs/archive/a16474139f2c513e6c849537966a757662e960cc.jpg,检查下学员着装,1754219950,60,2081415485,西西里人,https://i2.hdslb.com/bfs/face/62877851d1acb631d22f23bc89a400c75a049ccc.jpg,426211,"高能,搞笑,生活记录,记录",523396,120,363,1191,718,626,0,0,41094
BV1CN82zhERE,114947568829831,1,228,2090,人文历史,人文历史,http://i0.hdslb.com/bfs/archive/f6928b191fc70c654763e226a35e0d6428893630.jpg,课本里的化学之父，为什么被送上断头台？【历史调研室79】,1753961091,2772,519872016,历史调研室,https://i0.hdslb.com/bfs/face/5e687a2a90670e6b8e14b4f635ec38eb99f7e5eb.jpg,6639724,"化学,历史,法国大革命,课本,拉瓦锡",2062468,14916,6034,42040,36280,4815,0,49,83896
BV179tuzLESa,114969764956800,1,182,2001,影视杂谈,影视解读,http://i0.hdslb.com/bfs/archive/92eae85616c7f98e3de654baa175df37a161dbfe.jpg,杨洋去油成功？！被说相貌平平？《凡人修仙传》能否成为杨洋翻身之作,1754302088,822,203337614,开心嘴炮,https://i2.hdslb.com/bfs/face/5cd3053f352bc597bac3d11b824e548108423cb2.jpg,2877763,"国产,杨洋,凡人修仙传,搞笑,金晨,伊利牌万年灵乳,凡人修仙,韩立,修仙搭子选伊利",256055,2000,1160,820,505,288,0,0,9997
BV12shHzeEem,114953021365919,1,212,2150,美食侦探,美食探店,http://i0.hdslb.com/bfs/archive/eb6a7fd0b73ecf43b7c039799232a9f210a6047b.jpg,花3388元体验百年王府盛宴，满满巴蜀文化韵味,1754215200,718,1244310984,温油辣辣U,https://i0.hdslb.com/bfs/face/4537c9f338b7f157002a571e2f73ffcd4e636a56.jpg,804155,"记录我的美食日常,双味波龙,历史与美食的碰撞,干烧罗文参,蜀王府,黑金鲍",640510,896,314,6493,2288,171,0,0,16150
BV1SUt7zDEYP,114973221130791,1,171,2071,电子竞技,射击游戏,http://i1.hdslb.com/bfs/archive/57e3dacee2c9377e89c577dee10f46aa48f2f1a2.jpg,这就是鼠鼠们出大货时梦寐以求的大哥嘛ᯠ  _   ̫  _ ̥ ᯄ ੭,1754352200,214,237182065,离nm大谱啊,https://i1.hdslb.com/bfs/face/86ba364771f60a077c9ee8b1cbeaf69636cf079c.webp,177,"三角洲跑刀,三角洲,好人",305502,377,995,855,787,99,0,0,20750
BV1TxtjzmEYX,114974059924532,1,122,2099,野生技能协会,电脑,http://i1.hdslb.com/bfs/archive/bcbff853eda7cc800bd14e164d703ec6892d15ba.jpg,渲染时？电脑发生了什么...,1754388000,199,36053608,原型机SPFX,https://i1.hdslb.com/bfs/face/aa9f37958e276f2106234a3f56fbb01df9cae61b.jpg,282841,"渲染,无影云,阿里云,3d,云电脑",366160,221,231,5950,2298,104,0,0,22487
BV1YuhHzyEvR,114953390392714,1,21,2083,日常,综合资讯,http://i0.hdslb.com/bfs/archive/f2c61754868b4f1bc755db293e1bdc2166bcabed.jpg,金蝉脱壳、见者好运！摄影师蹲守数小时，延时记录金蝉脱壳羽化过程,1754049689,22,1131457022,人民日报,https://i2.hdslb.com/bfs/face/19a041ba0e78ed43b7a3eab35edfc998eaa7db8e.jpg,17006389,金蝉,1061793,61181,1962,16412,7474,3152,0,0,170811
BV1bhtuzcEvr,114967936240367,1,17,2078,单机游戏,沙盒类,http://i2.hdslb.com/bfs/archive/45f61362096e7bd974eefe94d92abb4b6872a3ec.jpg,你听说这里免费做装饰，然后你发来个空置域？！,1754271760,892,329678941,E恺,https://i1.hdslb.com/bfs/face/75284bd396bc0a892766ba12917958429d7e6621.jpg,71128,"MC,我的世界,建筑,单机游戏,沙盒游戏,教程,空置域,E恺,生电,原神",165798,3974,492,3614,6526,482,0,0,18639
BV1hDhMzuEee,114961275685392,1,172,2064,手机游戏,单人RPG游戏,http://i2.hdslb.com/bfs/archive/a935f338140d440fe77248c3966e3cd9b2023198.jpg,【原神】最后的特诺奇兹托克人/纳塔5.8开图主线⑧/渡过烬海的学者头像/渡火者的绝决/谁人的残破笔记/原神5.8/纳塔5.8世界任务,1754171066,588,431073645,你的影月月,https://i0.hdslb.com/bfs/face/2e32de7b28fc491a28281a22c6ea9f5d195cbdf5.jpg,8929335,"原神5.8版本,最后的特诺奇兹托克人,渡过烬海的学者,渡火者的绝决,头像,游戏攻略,游戏鉴赏家,原神,原神高能团",529849,1508,874,3361,1846,886,0,0,10453
BV1kSh8zJEMR,114958440406202,1,162,2037,绘画,同人动画,http://i0.hdslb.com/bfs/archive/772c0425d184ba7a8e5da775b421b738b5329499.jpg,当代年轻人保命法则,1754126900,34,3546869831568293,王多鱼的像素画,https://i2.hdslb.com/bfs/face/0fcf169031174a0185bb2b94bef2aa0c2056171b.jpg,1632,"王多鱼的像素画,当代年轻人,内容太过真实",1015198,703,4933,16643,1880,1488,0,0,72529
BV1VfhxzoEem,114956460629535,1,228,2088,人文历史,社会观察,http://i2.hdslb.com/bfs/archive/a104e3a69237471042563035c03401d3ca2dfe45.jpg,【最吓人老师】在课上性侵男学生被发现，老公要求私了。。。,1754106180,523,490505561,郑郑得证,http://i2.hdslb.com/bfs/face/99f6a477d771d9c8c032fd8740539a0fa36f921e.jpg,2002949,"校园,心理,伦理,奇闻,睡前故事,灾难,案件,道德,事故,万物研究所",777814,2269,2378,5183,686,1093,0,0,23421
BV1MahNzREF7,114959144984018,1,17,2064,单机游戏,单人RPG游戏,http://i2.hdslb.com/bfs/archive/d944cb2723bffd12c907099745b7de8c57cf0c8c.jpg,《点刀看完这集轮回成应星了》,1754138082,205,511848876,我不是赤寒,https://i0.hdslb.com/bfs/face/0c89f8c6ac2bae09bf46fd77149a7a1c15bc8e16.jpg,751481,"抽卡,搞笑,崩坏：星穹铁道,镜流,崩坏：星穹铁道创作者激励计划,姬子人柱力,抽象,刃,欧皇,非酋",404393,669,920,3926,774,186,0,0,43895
BV1MR8Cz8E3J,114947182826962,1,138,2156,搞笑,UP主小综艺,http://i1.hdslb.com/bfs/archive/b204586a036cda3b840bc6ccc59faa9a09f80bdc.jpg,理疗仪唱歌挑战,1753955136,227,437414077,哭天喊地六仙女,https://i1.hdslb.com/bfs/face/950040be2b82e59cc7c935621c3c264e46fd4a8d.jpg,445979,"理疗仪挑战,憋笑挑战,若梦,翻唱的N种打开方式",4102181,5742,7145,84330,46296,85268,0,6,386382
BV1ufhHz3Eqw,114952853521805,1,182,2001,影视杂谈,影视解读,http://i0.hdslb.com/bfs/archive/a6a47bc6588a533caad99385357b1b06da4340b4.jpg,一夜爆火，集体破防，当年出圈的动画神作，杀回这个暑期档了！《浪浪山小妖怪》【独家探班】,1754107200,1714,10119428,小片片说大片,https://i2.hdslb.com/bfs/face/949fd3f0b9fe23703c970d494edc41ae52ee32de.jpg,7697758,"幕后,动画,小妖怪的夏天,浪浪山,浪浪山小妖怪,上美影,暑期档,浪浪山小妖怪取经副本启动",2224538,2180,3489,8215,3598,1755,0,0,51200
BV1vm8mzDE11,114948659286191,1,130,2024,音乐综合,电台·歌单,http://i0.hdslb.com/bfs/archive/8977b774d3d6553feb59cf9b2fdd71bbda750ec4.jpg,"循环歌单 |【几个子儿】| ""大家好 我是忘本小乔【忘本の小曲】""",1754092800,3620,550445292,peach63,https://i0.hdslb.com/bfs/face/e2cc169b562e8a06a73d9a6908f39895f72a4604.jpg,568051,"旺仔小乔,几个子儿,忘本の小曲,电台新星征集令",3116400,14,85,46683,1194,58,0,84,36804
BV1A7h4zyEmb,114956259299239,1,201,2094,科学科普,科学科普,http://i0.hdslb.com/bfs/archive/7b424dff324a49081516dad7395c567d7cd308db.jpg,呼吸坟场：从铁肺到浓雾的生死账,1754093569,433,1208823126,大圆镜科普,https://i0.hdslb.com/bfs/face/9c34ee4b8041dd6f2139c52287c8d34a0a42f230.jpg,438168,"生物,健康,科普,生命,科学,呼吸,AIGC,每天一个健康知识",1049300,1231,644,13282,4276,812,0,0,107133
BV1K9hLznEFH,114967651028726,1,164,2125,健身,徒步,http://i2.hdslb.com/bfs/archive/9b5259923cc98ba5b1a53e58a7e9fd05a7499497.jpg,他，徒步绕了地球一圈，花了27年,1754267435,101,390668605,刘圣雄,https://i1.hdslb.com/bfs/face/1e25c746acb1781f9d22f07ceac70184d51c148f.jpg,86242,"地球,徒步,户外",1592124,953,1765,12557,889,1572,0,0,120927
BV1La8zzfEWD,114943273734784,1,162,2006,绘画,AI影视,http://i0.hdslb.com/bfs/archive/d3f1fba08a70319481172f06f36b7a59f31f500e.jpg,当我种下整个太阳系，真的会收获宇宙吗？,1753895554,69,3546857626143493,战神视觉AIGC,https://i1.hdslb.com/bfs/face/c7accb7035e8ce88fccc42228d13928c9d13a81a.jpg,5942,"宇宙,治愈,助眠,asmr,asmr解压,极度放松,解压,太阳系,催眠视频,放松视频",679379,147,293,7375,556,434,0,0,19133
BV13HtjznEfk,114973908931092,1,238,4218,运动综合,钓鱼,http://i2.hdslb.com/bfs/archive/175facee82236d1f18677aa785e227c53a47c371.jpg,路亚野外探钓 又解锁新鱼种,1754364600,505,691099655,马李澳到处钓,https://i2.hdslb.com/bfs/face/4ad135d0fc183549e6346b693086e206a380e97b.jpg,231918,"钓鱼,转转回收,户外,转转,路亚,野钓",92525,547,448,541,2548,214,0,0,7732
BV1fXtnzyEAQ,114975234329559,1,218,2167,喵星人,猫,http://i0.hdslb.com/bfs/archive/800b8dc6cfdd15199ced7fb0b8ef6de056ee8b92.jpg,《羊入虎口？ 虎入羊群？》,1754388000,305,263090405,猫不理咖啡,https://i2.hdslb.com/bfs/face/2f60f753ef27168acf7d2aa8c99033e663073142.jpg,1676749,"猫,布偶猫,铲屎官,#领先烘焙猫粮,#做武林猫霸抽免罪金牌,#领先烘焙粮抽黄金,猫咖,云吸猫,打工猫,萌宠过暑假",174038,308,222,974,14551,144,0,0,20320
BV1S2hPzxEPr,114959849687123,1,65,2070,网络游戏,MOBA游戏,http://i2.hdslb.com/bfs/archive/c5534d2b67e5fb82628a9ecf61066d4e4baa3b5f.jpg,《智慧的英雄会让对手更加智慧》,1754149954,445,358607628,三桥qzg,https://i0.hdslb.com/bfs/face/c7ee89648420fccd55e1d4e0782f75aeab98c0c0.jpg,639381,"英雄联盟,上单,电子竞技,MOBA,大虫子,2025LPL第三赛段",961251,1182,479,1631,8599,340,0,0,68197
BV14Qhwz5EKx,114941780563702,1,246,2107,改装玩车,汽车文化,http://i0.hdslb.com/bfs/archive/67e98aaac0db727b28cae98188a934dd629ddd93.jpg,泡水的巡洋舰才3万？买！修完开不坏才是真正的”巡洋舰“,1753872667,1010,1189785458,大山车改,https://i2.hdslb.com/bfs/face/7fbee9ad1e66e2aa2b253c964e36cbb1c1acaf34.jpg,89269,"丰田,巡洋舰,战舰,汽车,汽车维修,汽车知识,汽车文化,汽车翻新,汽车改装升级,汽车升级",420888,1710,944,3323,4016,881,0,0,22663
BV1butMz4EWE,114968489952579,1,215,2149,美食记录,美食制作,http://i2.hdslb.com/bfs/archive/480169f507dc7cd0e94b3118301c42fc0caf7fbd.jpg,当我用Cos系列美食抗议朋友来我家蹭饭,1754280263,99,1868223528,大伟投食记官方账号,https://i0.hdslb.com/bfs/face/a3b092e622e1686d7a94bbcb823e7b277de494b8.jpg,684797,"料理,厨艺,搞笑,美食制作,cos,记录我的美食日常,Vlog",2254553,437,272,15810,781,755,0,0,74173
BV1EQhtzgEJu,114957651807028,1,85,2154,小剧场,剧情演绎,http://i2.hdslb.com/bfs/archive/cf4d9c4ae4d3d4418e2ecb1f90f8bb8f595cd08c.jpg,当你穿进老钱班5,1754121900,132,503058735,侯绿萝,https://i0.hdslb.com/bfs/face/b444cf0fe0f32dd7d2960ceb8b830c873a5da7c2.jpg,1481163,"娱乐,段子,小剧场",5844358,7667,3385,58847,84080,4544,0,2,623361
BV1xehtzQEqX,114957500812484,1,250,2158,出行,旅游记录,http://i2.hdslb.com/bfs/archive/b492a21b8efc0450137db68c926d3ef8dbdbba0e.jpg,80块，带伊拉克爸妈玩转开封万岁山，这简直就是中国版迪士尼，太武侠了，玩迷糊了！,1754126400,919,3537122973714533,老王在中国,https://i2.hdslb.com/bfs/face/5cc0f66946ba560d0ccbd8e5bffc45ac94793cf4.jpg,3439522,"旅游,生活记录,武侠,歪果仁,开封万岁山,记录我的美食日常,伊拉克耐热王,伊拉克,爸妈,美食探店",1544538,5463,2390,10974,19044,2748,0,0,73196
BV13ptjzSETZ,114973892153377,1,182,2148,影视杂谈,其他手工,http://i1.hdslb.com/bfs/archive/b848addf21b09a6838b8f301c7905d6dd8729541.jpg,《锻刀大赛》惊现中国神器 子午鸳鸯钺！狗哥爱不释手 刀刀暴击,1754364697,909,348989367,沫子瞪片,https://i0.hdslb.com/bfs/face/a2131d38a2ea73f16ff25e61dbeb40377233f552.jpg,2276715,"锻造,爆笑,解说,纪录片,转转回收,中国兵器,转转,锻刀大赛,子午鸳鸯钺,影视IP观察室",736020,3762,1003,5858,4812,644,0,0,48541
BV1tmhVz2Ea1,114964664753501,1,21,2006,日常,AI影视,http://i1.hdslb.com/bfs/archive/815714a0eee3d545959859e347e8dba9e70d1101.jpg,不嚎，摸到史了,1754221719,93,544826894,马邻鼠,https://i2.hdslb.com/bfs/face/332bdb5793647ceb34b3c5cb62251a3d1937556c.jpg,2006,"AI,娱乐,恶作剧,盘蛇金像,石,大金,批图,必剪创作,暗区突围",400388,159,620,3778,991,553,0,0,23961
BV1RptnzKEUT,114975570007402,1,17,2066,单机游戏,单机主机类游戏,http://i0.hdslb.com/bfs/archive/e0498c5a93e3196ac7b83484e011b489cc397079.jpg,饥荒单机欧皇模拟器：制作眼球塔小阵只为用来防猪,1754388497,1458,508274771,小渔解说,https://i2.hdslb.com/bfs/face/264edf44f8b93f7c4cc2f85d9da1c9843fe4afc7.jpg,483146,"饥荒,生存游戏,饥荒联机,饥荒单机",92368,436,202,692,2929,40,0,0,8604
BV1BQtuz2E6M,114969781800257,1,21,2188,日常,自我成长,http://i0.hdslb.com/bfs/archive/ec669328e140268d966ef94818a17cbd0ef05ffe.jpg,敬过去痛苦的自己五杯,1754299745,104,622525113,饼旭,https://i0.hdslb.com/bfs/face/4f06d57285118adb5b7c946c4a316c74f61a16f0.jpg,149356,"校园,搞笑,生活记录,人生,吐槽,整活,记录生活搞笑瞬间",160704,195,271,1397,799,202,0,0,23500
BV1a5hHz3EAD,114953340067240,1,21,2122,日常,家居展示,http://i1.hdslb.com/bfs/archive/7ab945028658fef322bcb52ca668301f7cd4bee6.jpg,漂泊半生！既然成不了家，总得有个窝吧！,1754049706,127,1142330881,世栗,https://i1.hdslb.com/bfs/face/10cfad5cf68ca4bebc166cd71b9712d76317ca47.jpg,662,"生活记录,几万买房,终于有属于自己的家了,躺平,大龄单身",580584,389,2130,1742,1094,602,0,0,27882
BV1cdh3zYEyg,114963473501047,1,251,2090,三农,人文历史,http://i0.hdslb.com/bfs/archive/3b27df18b1d3bb9bfd38981078a2044d90999bf1.jpg,这个104岁的爷爷，带给我的不止有敬佩和感动,1754203605,133,3493123130919728,我是凡人繁星,https://i2.hdslb.com/bfs/face/76cdfd193b3cb59b2261bb390979a39748b3d901.jpg,254121,"正能量,爷爷,生活记录,记录美好农村生活,抗日,鬼子,感动,乡村,抗战老兵",315199,10012,1419,6720,16760,575,0,0,72164
BV1JehJzSEZU,114952350210208,1,252,2030,仿妆cos,颜值·网红舞,http://i1.hdslb.com/bfs/archive/5a2d045cf85ceeff4ea81952970f5dd0fc594e49.jpg,不要在戳我了,1754033931,12,3546619639237392,我不是思南,https://i0.hdslb.com/bfs/face/b805535b6385a285de7c53507d4ce868a03673f5.jpg,31727,"火影忍者,鸣人,雏田",472669,95,301,10119,532,790,0,0,48257
BV1F8tgzDE5p,114969093868897,21,85,2005,小剧场,短剧短片,http://i0.hdslb.com/bfs/archive/146de92f98c57b4eb5b2963dea99a5b252d7f932.jpg,《王者荣耀之权谋径山》,1754289535,2191,57863910,王者荣耀,https://i0.hdslb.com/bfs/face/186a321d4647bd2b1602e43b831bac89bcb7a34b.jpg,9445445,"电子竞技,王者荣耀,王者荣耀之权谋径山,MOBA",352209,485,1125,7006,5407,967,0,0,17656
BV17a8CzLEyi,114947098936790,1,208,2207,校园学习,随拍·综合,http://i0.hdslb.com/bfs/archive/e99adecdf2496d2ec803e545c2391045cc78a774.jpg,穿搭要显贵,1754043300,15,1582553318,腾远高考,https://i2.hdslb.com/bfs/face/09eaa0d84654c49fcc9dd652a8c2eaeb05e44f32.jpg,204479,"高考,高中生,高三,腾远高考,高中,高二,高一",604541,1470,1429,12634,575,18191,0,0,82683
BV1JthLzMEsH,114965788761818,1,193,2016,MV,原创音乐,http://i1.hdslb.com/bfs/archive/42157d95f1948305b12210ca549c932950751c3d.jpg,Tim Moyo - Unit 731,1754238970,156,3546888145995789,timmoyo,https://i0.hdslb.com/bfs/face/bec31145db8a9659d94391f32bb7e7b7cc947725.jpg,11516,"Sander,timmoyo,unit731",218381,2071,509,18014,32502,1294,0,0,70632
BV1XPtJzbEF2,114974210924354,1,216,2063,鬼畜剧场,鬼畜综合,http://i0.hdslb.com/bfs/archive/0b3b5b5e4167dd96df0f1bae6ada12ecccd4616e.jpg,真·出生之家（26）旺仔小乔夺舍记 下集,1754367438,388,8034163,浅澄月,https://i1.hdslb.com/bfs/face/28abe5c53184c2705c3c29784733847e930d4487.jpg,1325590,"搞笑,全明星,鬼畜,旺仔小乔,出生之家,真出生之家,抽象,恶搞之家,孙笑川,黄绿合战10th-黄队应援",276297,1431,872,3760,3437,1719,0,0,27909
BV1yph7zJEZH,114951310086802,1,138,2158,搞笑,旅游记录,http://i2.hdslb.com/bfs/archive/abf8c3915a4170abfc9578bea927c37ff0288ac3.jpg,火热武汉之旅 也没人告诉我太阳天没樱花啊,1754197800,277,434963477,刘大炮007,https://i2.hdslb.com/bfs/face/97bf5ba2eac969bbe56c68aab1c70bc0a1cb0a28.jpg,623989,"旅游,高能,生活记录,搞笑小剧场,记录,武汉,抽象,精神状态",1953059,1298,814,10789,1211,374,0,0,46073
BV1YqtLznEvj,114972449314591,1,65,2071,网络游戏,射击游戏,http://i0.hdslb.com/bfs/archive/73ce92f44a67588e79a07781b21c7f1f63d69f6b.jpg,士可杀不可辱吗？哈基盾！,1754364600,238,3493274574653579,白泽-三角洲行动,https://i2.hdslb.com/bfs/face/e178448a4699990d468f0f21a31174b6c7eea14c.jpg,959832,三角洲行动日常操作,459689,471,417,6026,550,160,0,0,23197
BV19RhAzcEdU,114940891369288,1,172,2064,手机游戏,单人RPG游戏,http://i0.hdslb.com/bfs/archive/fac671ac584abcbc1ed9352254f6b334f66d9895.jpg,《崩坏：星穹铁道》救世PV——「开拓者」,1754136000,107,1340190821,崩坏星穹铁道,https://i2.hdslb.com/bfs/face/57b6e8c16b909a49bfc8d8394d946f908cabe728.jpg,11437448,"崩坏：星穹铁道,米哈游,miHoYo",6043710,183766,59089,137717,268949,99945,0,1,494906
BV1JXh8z7Eck,114958473890908,1,124,2089,社科·法律·心理,时政解读,http://i1.hdslb.com/bfs/archive/98acec8928d7c783e8b5eb91b94b5062b51c6dd0.jpg,尹大统领限时返场，美韩协议忽然落锤,1754127445,938,703186600,麻薯波比呀,https://i1.hdslb.com/bfs/face/826f6c258199edc87d5722a56e8a8f963686dbba.jpg,2719697,"社会观察局,韩国,尹锡悦,尹锡悦拒捕,特朗普关税战,美韩达成贸易协议,特朗普,韩国总统,李在明",1397821,10789,1199,6655,7210,690,0,0,77735
BV13th8zvEv2,114958742458070,1,216,2071,鬼畜剧场,射击游戏,http://i2.hdslb.com/bfs/archive/c1195b511893ee03d2d65e3ac60f4974f36b3999.jpg,我乌鲁鲁可不是好人！,1754131447,92,14896506,英豪小丸砸,https://i0.hdslb.com/bfs/face/64469457eb908ecccafa89f863ae791658a4a01d.jpg,58124,"三角洲行动,蜂医,三角洲鼠鼠,老WE重聚三角洲,三角洲,乌鲁鲁,三角洲破壁新赛季上线",363890,181,486,1738,1906,1442,0,0,24773
BV1m1tVzTErz,114971258196669,1,231,2207,计算机技术,随拍·综合,http://i1.hdslb.com/bfs/archive/8aecffbb6101450b6ed54c672b19dce77cfa9cb4.jpg,【十万粉】我和发小的故事，李然 我知道你在看。,1754322480,682,31341757,DngGentle,https://i1.hdslb.com/bfs/face/5446b9e03005b83b61822bca0fa4b415232921b3.jpg,114683,"生活记录,UP主,自白,迷茫,故事,发小,记录,十万粉丝",69075,848,958,1799,1138,1879,0,0,5690
BV1aHhNzaE9W,114959530919384,1,138,2008,搞笑,影视综合,http://i2.hdslb.com/bfs/archive/01ffed3c211f0de7adb1e2727c59653e814e472d.jpg,⚡️广 东 神 经 骑 士 RX！！⚡️【粤韵风华】,1754143482,209,3517233,牛头人太空陆战队队长,https://i0.hdslb.com/bfs/face/8331adfe3b14bf9a5004a37932dd0ce33336915e.gif,103212,"搞笑,广东,蒙面超人,幪面超人,粤语配音,假面骑士一号,广东人,假面骑士black rx,粤韵风华,搞笑研究所",168015,474,514,4437,2562,6980,0,0,15453
BV1eHhNzaEcm,114959530924815,1,172,2064,手机游戏,单人RPG游戏,http://i1.hdslb.com/bfs/archive/721e2e52cdc83c4a86c756f98d4575a5b6cea025.jpg,新模组水陈 VS 方舟精英BOSS，一键水图？【明日方舟】,1754143319,366,12073864,-碱式碳酸咸鱼-,https://i1.hdslb.com/bfs/face/de64ffc4031f4ec3f068527a8cbc4a1ac9cc4bb7.jpg,534532,"娱乐,明日方舟,墟,假日威龙陈,泰拉探索协会,明日方舟创作者应援计划",958536,839,3268,2087,1069,1759,0,0,32538
BV1DUhbzcEhv,114958842988593,1,228,2090,人文历史,人文历史,http://i1.hdslb.com/bfs/archive/5432baac135a0996a9cba5af668daf0b9cda7b62.jpg,历史上有华夏入侵他国的记录吗？,1754133048,124,265589608,-古人云-,https://i1.hdslb.com/bfs/face/6b68c2e0dd8a5099675ba17b5afc8c20d5cd383c.jpg,1474302,"人文,秦始皇,华夏,李世民,中国,历史,汉武帝,爽文",2365725,1539,2461,62998,5349,2126,0,54,116459
BV1tohMzNEHJ,114961477013122,1,21,2014,日常,娱乐综艺正片,http://i0.hdslb.com/bfs/archive/b79200ec395284875738930182bae78c87338471.jpg,为了参加节目，他们居然把头发...《下一个是谁5》番外01,1754190000,537,147166910,雨哥到处跑,https://i2.hdslb.com/bfs/face/c54b148c789fcf43da95eb81331af6de47511553.jpg,3569127,"兄弟,音乐,搞笑,染发,颜值,娱乐,高能,节目,下一个是谁",1090815,5569,2028,16128,48420,1197,0,53,86691
BV12B8gzwE6u,114925087232648,1,182,2001,影视杂谈,影视解读,http://i1.hdslb.com/bfs/archive/0bcb6f0a08d625e0a1c21b0995e2fbb2f899942c.jpg,豆瓣8.6日恐超神作《向饭沼一家谢罪》逆天改运却害得全家暴毙|TXQ FICTION第二弹,1754041200,1732,170059,AHS放映厅,https://i1.hdslb.com/bfs/face/ef4573d5576707049dda994bdbcd2922d27a1f09.jpg,195333,"悬疑,灵异,恐怖片,日本,惊悚,伪纪录片,电影解说,都市传说,向饭沼一家谢罪",687862,1878,1058,27647,5062,5398,0,0,31572
BV17sh3z9EPh,114964077484209,1,65,2071,网络游戏,射击游戏,http://i0.hdslb.com/bfs/archive/f857eeedb0f52deb835a4d685383846b9dc1688c.jpg,【房卡杯】屎卡vs神卡,1754212817,379,56324796,夏日瓜牛,https://i0.hdslb.com/bfs/face/76b9c90852430cc99217b2d43df4855394ff5c11.jpg,182236,"三角洲行动,售票办公室,夏日瓜牛,三角洲破壁新赛季上线",583152,1282,2295,2982,686,420,0,0,21560
BV1azhwzpECo,114941646345340,1,216,2063,鬼畜剧场,鬼畜综合,http://i0.hdslb.com/bfs/archive/8c843f01ee5abe67ad24ae68a1fff0cd81d44b3a.jpg,对王之王——旺 仔 小 乔 ！,1753870531,149,38347595,风云熊,https://i2.hdslb.com/bfs/face/2ae14869758eed929301ad35a35fda7d4386a1d5.jpg,485257,"搞笑,鬼畜,周星驰,娱乐,旺仔小乔,你给我刷过几个子儿,网红,名场面,对王之王,黄绿合战10th-绿队应援",1325528,23225,2534,22170,32998,12821,0,72,135652
BV1MrhuzNEAo,114963070851766,1,22,2063,鬼畜调教,鬼畜综合,http://i2.hdslb.com/bfs/archive/c30688e4bafe9ac4ca912890b638a028ebd5a8c0.jpg,可曾见过我的巅峰时期,1754197463,106,1299235255,欧欧比多,https://i1.hdslb.com/bfs/face/c661ec3bdac9e33113b4d256fa312b3c4514c487.jpg,16114,"搞笑,鬼畜,决斗场,葫芦娃,格斗游戏,火影忍者手游,巅峰时期",214578,163,758,6602,633,2286,0,0,20654
BV15LhAzZEqu,114941512128226,1,76,2149,美食制作,美食制作,http://i2.hdslb.com/bfs/archive/3e4647481fcca48c4c79321597ad7186e1603dee.jpg,十个人有九个人都不知道，把鲈鱼用开水烫一下，在淋上鸡蛋液，出锅就是酒店桌桌必点的招牌菜，鲜香滑嫩，老人小孩都爱吃,1753868630,143,3546928553921175,欧小斌美食,https://i0.hdslb.com/bfs/face/8d69f8229a0f69403d22e83b4a6a7039b47d409d.jpg,86771,"美食制作,烹饪,家常菜,美食教程,厨艺,酒店,鲈鱼,小孩,老人,Vlog",620129,367,644,21478,5043,3131,0,0,49718
BV1nTtnzjE5h,114975938973329,1,21,2198,日常,休闲玩乐,http://i0.hdslb.com/bfs/archive/a64fdc6ecb3e64b72facc45ba8ed97c84cfb1c89.jpg,救命！一天饮料做80多杯真干不动了，四个人都忙不过来,1754394622,603,44128829,某天的游戏小屋,https://i2.hdslb.com/bfs/face/b40ec805940bb2bd088af716f30412ad2bf5b468.jpg,674248,"主机游戏,搞笑,武林外传,生活记录,某天的游戏小屋,咖啡店,任天堂Switch,必剪创作,整点电子榨菜",183256,1129,561,1048,4510,244,0,0,10926
BV13ohHzkEcL,114952870305430,1,76,2152,美食制作,美食记录,http://i1.hdslb.com/bfs/archive/b2543b6e5519263a8b993ee7a83091cbf08f2b47.jpg,又是一年夏天，时间过的有点快，但好在做自己喜欢的事就不算浪费时间！列气！,1754041989,347,3461567196694763,队长0527,https://i2.hdslb.com/bfs/face/aab34fc302ea7c169ea07074beaa89de2e96e8c7.jpg,800414,"生活记录,烧烤,青春,夏天,回忆,记录,人间烟火,v lo g,徐州烧烤,B站超高清视频计划",459864,11154,861,3544,1698,780,0,0,44098
BV1ZAhGzoETD,114963389615028,1,85,2154,小剧场,剧情演绎,http://i2.hdslb.com/bfs/archive/0b910d8caf226ace9613b2249014dfbbeb7a6dcb.jpg,人心中的成见是一座大山,1754202565,190,34009507,-显眼宝-,https://i1.hdslb.com/bfs/face/13b9f8b60804357d903cbfb38f69dd837a32f941.jpg,2520637,"显眼宝,反转搞笑,原创搞笑剧情",3976378,1231,1167,13234,4425,1659,0,34,122664
BV1fohnzXE4m,114953256241317,1,219,2167,汪星人,猫,http://i2.hdslb.com/bfs/archive/6fae3bc7497b4a3b1d0e5fc56741dc16e5923f3a.jpg,人生的旷野怎么能缺少小猫小狗呢,1754048084,217,3546946425850423,一口一个团up主,https://i1.hdslb.com/bfs/face/33fcb94a59b9c4e52c8e95ef97176c1cf408474f.jpg,358822,"猫狗,汪星人,人生,边牧,小猫,小狗,旷野,萌宠过暑假",427705,670,1535,7816,6460,2209,0,0,81698
BV17gtEziEE7,114975066555514,1,212,2150,美食侦探,美食探店,http://i0.hdslb.com/bfs/archive/f872b71358c3028f799fa895aec1003ea1270849.jpg,5500韩元在韩国女校食堂能吃到什么？没有草料，但也没有肉,1754388000,979,39627524,食贫道,https://i2.hdslb.com/bfs/face/eef12b850c10b0d7a7929236abb08604955823c0.jpg,7938631,"韩国,大学,美食,4K,草料哥,大宝荐,舌尖真探事务所,食堂,记录,食贫道",1184604,8747,4600,8624,13286,3628,0,0,71256
BV1Mnt5zVEQJ,114970939361940,1,171,2070,电子竞技,MOBA游戏,http://i2.hdslb.com/bfs/archive/5d6e8871f585e8a84683a9f051fdc1528b47de5f.jpg,阿狸的最后一页！,1754317574,198,600187439,还有下次的叭,https://i2.hdslb.com/bfs/face/16257d411b4196d3853dd7647f6d847d85d2d048.jpg,15584,"可爱,英雄联盟,云顶之弈,金铲铲之战,小小格温,最后一页,感动,小小阿狸",126039,299,548,1055,1582,472,0,0,7860
BV1pvhWzvETq,114953944042233,1,182,2001,影视杂谈,影视解读,http://i1.hdslb.com/bfs/archive/1401c818dd5229de7020af184ad579094452bdbe.jpg,“开端”从未开始，真相就藏在开头！不怕剧透的颠覆性解读，十万字细嗦《开端》上,1754105400,13117,479820935,不善言辞的秃秃,https://i2.hdslb.com/bfs/face/93d7f42e08ef889f097de4992adf72fa5e571547.jpg,996483,"白敬亭,悬疑,剧情向,推理,影评杂谈,拉片,解读,开端,赵今麦,好剧好片重刷榜",814742,12462,2362,21254,21502,1639,0,0,42139
BV155hAzbEUW,114941528907662,1,219,2168,汪星人,狗,http://i1.hdslb.com/bfs/archive/3967ab8d64939a979b7eb7736e21c146caa5ba38.jpg,小狗为什么烦爸爸,1754301600,58,1595633891,鱼仔是真的狗,https://i2.hdslb.com/bfs/face/c628b0118d8d12a8b360058fc3ca8a1ac9c639b9.jpg,767494,"汪星人,狗狗,萌宠,边牧,小狗,牧羊犬,小奶狗,爸爸,萌宠过暑假",544756,128,189,1702,671,819,0,0,52457
BV1WNh8znEDw,114958994119091,1,24,2037,MAD·AMV,同人动画,http://i2.hdslb.com/bfs/archive/a30d714e5da60d2580fc034790724516f0af2caf.jpg,《三个愿望一次满足》,1754135252,49,20739763,维C永不加班,https://i1.hdslb.com/bfs/face/c142467b4ed4919ad2d61b404d8b4d5b32a65c0e.jpg,65635,"手书,弗洛洛,天天天国地獄国,弗洛洛二创,鸣潮,鸣潮2.5版本二创",384059,468,784,24881,11979,2910,0,0,60156
BV17FhHzQECZ,114953289861963,1,17,2072,单机游戏,体育竞速游戏,http://i0.hdslb.com/bfs/archive/6d1da7db0cefef923229307cea72b50c80383559.jpg,洛山矶胡人 VS 荆州俑士,1754048239,936,27442706,南瓜面条Na,https://i2.hdslb.com/bfs/face/f3d1cc9a07b846fb9f52bd8daaac6dbc25b45a45.jpg,68508,"PK,NBA,体育,娱乐,秦始皇,NBA2K,比赛,篮球游戏,推荐宝藏游戏",656717,2248,1233,11771,2209,25067,0,0,61201
BV1Lj8yzLEUp,114946880900491,1,21,2102,日常,摄影摄像,http://i2.hdslb.com/bfs/archive/a925723de29c5d437abb838d566e9dd5d7d114c8.jpg,“我知道你为了什么而来”,1753950499,10,473925437,走心的秃驴,https://i2.hdslb.com/bfs/face/630467e57977589bee05fc68dc0f8cc6b23cc677.jpg,8309,"神,冰红茶,国窖,必剪创作",947626,575,2299,45591,8403,16187,0,0,244265
BV1uYtnzbEyw,114975720871039,1,21,2077,日常,休闲/小游戏,http://i2.hdslb.com/bfs/archive/5264f9a59c05648043c33ab9ece7856ba022d345.jpg,【逃出惊魂夜】惊魂码头实况,1754390433,679,2095518789,大啵豆,https://i0.hdslb.com/bfs/face/4d43b6078975ab57543751143413fc96c0b8f115.jpg,49664,"游戏实况,船长,蛋仔奇思妙想计划,逃出惊魂夜,小旧帽,惊魂码头,教程攻略,惊魂夜,蛋仔,蛋仔派对",149383,466,170,7036,698,17,0,0,8374
BV1oAhHzUE7w,114953189130523,1,219,2168,汪星人,狗,http://i2.hdslb.com/bfs/archive/df0733e492201c696628b9d0e7e964feb5e1778a.jpg,狗狗都要出来上班了,1754046586,64,3546607914059825,牟牟刘啊-,https://i2.hdslb.com/bfs/face/1f5995eef0636b34a975a13a7e66d7ceedb18d17.jpg,135791,"萨摩耶,狗狗,汪星人",4193374,309,1636,19758,2065,8952,0,51,262576
BV1W1tnznEP5,114975318286217,1,218,2167,喵星人,猫,http://i2.hdslb.com/bfs/archive/ae3d139daf66ff621bfee7207e6a00517d7eb3d0.jpg,到底有多绝望？小猫被困天花板铁钉棺材！,1754384318,155,26321770,和猫住,https://i1.hdslb.com/bfs/face/c4199f9190d452850ce3bb10c9befebf2c987e4f.jpg,2544506,"喵星人,猫咪消防员,流浪猫,小猫,救助,天花板,田园猫,和猫住,毛茸茸训练营",152636,584,106,2919,2176,57,0,0,8672
BV1AehHzbEV3,114953122092194,1,21,2154,日常,剧情演绎,http://i1.hdslb.com/bfs/archive/e1d2353689100a1729385b9e0e368380665e5b12.jpg,咖啡店之王牌对王牌,1754045827,160,8259298,港妹妹join,https://i1.hdslb.com/bfs/face/07b99a830d07736e978148d77b733b115ab5c91a.jpg,357281,"搞笑,搞笑小剧场",1555802,3363,3150,12215,7096,10097,0,71,180034
BV1sjhLz1EWR,114965637766480,1,172,2077,手机游戏,休闲/小游戏,http://i2.hdslb.com/bfs/archive/f848f6bbfe8668978cff7b71f3f225ce6232dd77.jpg,蛋仔派对：兔仙的南瓜保镖！,1754236624,149,64621079,隐秘的兔仙,https://i2.hdslb.com/bfs/face/a557213fddae799ef9963d790ea571ce22b7ddf0.jpg,462835,"蛋仔派对南瓜入侵,隐秘的兔仙,蛋仔奇思妙想计划,蛋仔派对",985738,277,297,13086,868,22,0,0,13591
BV1fitGzWEVm,114969932729591,1,27,2044,综合,动画配音,http://i0.hdslb.com/bfs/archive/dda88e22a34de020b6571d82598e01e0c6859aa0.jpg,当柯南玩海龟汤（第三十九集）,1754302648,260,308693140,声物课,https://i1.hdslb.com/bfs/face/6b49f7d46e78d996cd5d3895048c8c1d9302e51b.jpg,3032983,"声优,毛利兰,推理,细思极恐,名侦探柯南,配音,动画种草激励计划,毛利小五郎,海龟汤,恐惧",388644,314,238,9993,2400,138,0,0,14908
BV1VEtEzcECQ,114974781342729,1,171,2068,电子竞技,回合制策略游戏,http://i0.hdslb.com/bfs/archive/ace6fd9abbaffcacb1bc1dabb658b2f91692b4ec.jpg,𝑴𝒚 𝒃𝒓𝒐𝒕𝒉𝒆𝒓 𝒊𝒔 𝑺𝑩,1754388000,127,3493105034594510,十六van游戏,https://i2.hdslb.com/bfs/face/27b78acca91bd97b9ef20c7438ea042fc6c26853.jpg,548040,"剪辑,搞笑,亚索,抽象,愚蠢的欧豆豆,永恩,金铲铲,来点儿节奏！",187735,121,178,616,529,459,0,0,11939
BV1nuh8zmEVK,114958675349235,1,218,2167,喵星人,猫,http://i2.hdslb.com/bfs/archive/aa89b4b604ef985f6ad73c7dc8928c7ec67d9540.jpg,被一只猫耍了,1754130452,49,10975917,首席饲养员啊,https://i0.hdslb.com/bfs/face/a0165ad9923c5d123bba57f0505a62720d05658a.jpg,126343,猫,843044,51,206,1600,556,466,0,0,22858
BV196tMzNEAF,114968422780461,1,253,2042,动漫杂谈,动漫评论,http://i2.hdslb.com/bfs/archive/82fba583dadd19612f41d344be839850ec9936c7.jpg,【剑风传奇】全部20+使徒盘点！谁才是最强使徒？,1754301600,1253,613639701,DIO君的假电台,https://i0.hdslb.com/bfs/face/acaab3ecd5b3d390f167931c84265a5128c62d5c.jpg,315179,"动漫杂谈,二手推荐,漫画推荐,烙印勇士,漫画解说,转转,烙印战士,二手手机,berserk,bilibili次元论战",290917,1355,808,4100,1546,315,0,0,14590
BV1xhhWzMENg,114953725942891,1,266,2016,音乐粉丝饭拍,原创音乐,http://i2.hdslb.com/bfs/archive/5d862872fd9da22ec66d6179efb797f6608804cc.jpg,旺仔小乔说我17岁写一首歌算我厉害，我：,1754054927,98,3546567309003469,Bobby-ye,https://i1.hdslb.com/bfs/face/e2d8cabaebfee5ebbbce7e98091bcc2302fdf55c.jpg,18031,"高中生,音乐,原创,原创歌曲,旺仔小乔,新世代音乐人计划原创季,编曲,小朋友,原创音乐人",1503567,388,489,37805,3348,251,0,0,68278
BV1NUh3zMEny,114963892931372,1,219,2167,汪星人,猫,http://i2.hdslb.com/bfs/archive/0cdb3dfd4d9d83a0eeb87232a562de2664d18715.jpg,陪伴是最长情的告白,1754220000,316,3546946425850423,一口一个团up主,https://i1.hdslb.com/bfs/face/33fcb94a59b9c4e52c8e95ef97176c1cf408474f.jpg,358824,"萌宠,边牧,布偶,小狗,小猫,萌宠过暑假",251371,619,718,4924,3135,1404,0,0,40128
BV1W8hHzcE7N,114952970962280,1,172,2064,手机游戏,单人RPG游戏,http://i2.hdslb.com/bfs/archive/2d47a364ad8049e70d2f07fb45b6bfe50685b583.jpg,想必阿夏全名叫 阿夏·阿克曼?,1754043273,214,12601234,无知de王,http://i1.hdslb.com/bfs/face/bf5201b30e1a46303e8f88156467132a94b6cf41.jpg,28356,"手机游戏,原神5.8版本,基尼奇,原神新星团,悠悠度假村,原神5.8夏活,立体机动装置,阿夏,整活,原神",558841,438,833,2961,1482,1983,0,0,32638
BV1WctnznEf6,114975737643366,1,228,2090,人文历史,人文历史,http://i1.hdslb.com/bfs/archive/716e67ae40969c5fdfb793671bf4231f81f22bdc.jpg,从贫穷农业国，到首批发达国家，仅用20年，弗朗哥是如何带领西班牙，实现跨越式发展的,1754406000,1347,584762039,多明海,https://i2.hdslb.com/bfs/face/7be8894320351048691d993c2f73a9bced2fe884.jpg,1219639,"西班牙,内战,欧洲,经济发展,发达国家,弗朗哥",115918,385,331,2149,1505,117,0,0,6695
BV1Ck8yz4EuA,114946662731118,1,85,2154,小剧场,剧情演绎,http://i1.hdslb.com/bfs/archive/5a4b25357890fa44ecf311cddb3baee4ad632577.jpg,逻辑鬼才不吃苦～,1754218800,105,1875910928,小赖同学,https://i2.hdslb.com/bfs/face/4e4afbde408988ec1ee8799c8020839f2961fefd.jpg,436354,"职场,原创,搞笑,日常,短片,逻辑,生活,搞笑小剧场,鬼才,打工人",953346,122,339,1307,543,105,0,0,32056
BV1Z7h8z3EiN,114958591400416,1,138,2154,搞笑,剧情演绎,http://i0.hdslb.com/bfs/archive/48e2e21f12202d8bd946f0c42fb6928d886377ea.jpg,当异校好友出现在班级门口！,1754129296,117,393709394,一串大福,https://i2.hdslb.com/bfs/face/e6d1cf7df22235495d25d7ae77a4aa185e5d8c7f.jpg,1551823,"校园,原创,搞笑,青春,搞笑小剧场,来福来福,一串大福,学生时代,真实,fyp",2658298,1067,490,20215,1629,266,0,0,77455
BV1WNhEzDEby,114950840325548,1,162,2055,绘画,二次元绘画,http://i2.hdslb.com/bfs/archive/4a7c64e233dbc773b92eb601ed3f80ca32f2f748.jpg,画中画 | “我听说...”,1754010828,83,613700695,一帧画中画,https://i1.hdslb.com/bfs/face/a2bf2ff75bd5bbc058ee69f6757e31532a30ca4a.jpg,20337,"画师激励计划,眼睛,谣言,反网暴,网暴,拒绝传谣",1370275,692,1949,48651,51934,3206,0,46,244008
BV1UQtMzoE1H,114968020130554,1,65,2071,网络游戏,射击游戏,http://i0.hdslb.com/bfs/archive/305fb5d04928e2dfc0546b049aa889170eed7ec7.jpg,125发腰射流PKM启动！号主给了一万发金弹 你敢起我敢用,1754273078,511,3519797,战术级子轩,https://i2.hdslb.com/bfs/face/bf735d494a76c37fd276dbcfe73e3886fbb2cfad.jpg,893215,"精彩集锦,娱乐,第一视角,三角洲行动,三角洲行动整活大赏,三角洲行动烽火地带,三角洲行动高光时刻,猛攻三角洲行动,三角洲破壁新赛季上线",306027,502,261,1710,891,212,0,0,14201
BV1AhtGzZEmr,114969915953979,1,238,4220,运动综合,户外运动,http://i2.hdslb.com/bfs/archive/a06e92d7ff6f7120c2357f298ec0373c527ec6d9.jpg,【无限滑板/知念实也】逐帧还原猫猫的滑板动作,1754301788,31,230079994,Nirvana少侠,https://i1.hdslb.com/bfs/face/6bb63c5385d4ea7d6be07e3e8d10d80991092890.jpg,30482,"滑板,知念实也cos,街头文化,无限滑板",203808,67,266,2871,960,301,0,0,33058
BV1Bjt3zEEMv,114968926096205,1,138,2154,搞笑,剧情演绎,http://i2.hdslb.com/bfs/archive/bc8ad84ed86de02bedb1a2290f3a9163c08224d0.jpg,《关于同事外卷这件事》,1754301600,94,1699496602,李什么闯啊,https://i1.hdslb.com/bfs/face/35c7e7548611cd51bad82e2071bfe739f23315d4.jpg,942079,"办公室,搞笑,内容过于真实",1527687,901,1855,30393,13316,14377,0,37,197014
BV1h4htz4Ehu,114957920247238,1,172,2071,手机游戏,射击游戏,http://i2.hdslb.com/bfs/archive/08c77eca65d74196edc6778e7131f4d6a5a8f22b.jpg,我阴了八个人...,1754118887,351,185713867,小绿瓶er,https://i1.hdslb.com/bfs/face/48532a7822730f8bbcba5f3ddc88fe66f6bf125f.jpg,6654,"三角洲行动,零号大坝,三角洲破壁新赛季上线",667937,509,601,3037,609,957,0,0,34701
BV1bShPzWEzw,114959883179261,1,17,2064,单机游戏,单人RPG游戏,http://i1.hdslb.com/bfs/archive/dce04ecc38e20d9be7889c298615b73ca7a704fd.jpg,游客：这海盗就是园长你啊？？？？,1754190000,517,7450650,超果果mc,https://i0.hdslb.com/bfs/face/68055fd664aca68f38bdd1d816c46ad4f7b7405d.jpg,2240642,"迪士尼,超果果,搞笑,过山车之星,造乐园,海盗,园长,海盗湾,整点电子榨菜",651054,736,349,13479,13716,294,0,0,35542
BV1SehnzBEiq,114953574944369,1,17,2079,单机游戏,其他游戏,http://i0.hdslb.com/bfs/archive/1ac4554cce37d439f86cbc7be3ec881819696881.jpg,惨遭附身？被做成人棍？隐藏在明末渊虚之羽里的结局！,1754052557,1302,106590731,老孙聊游戏,https://i2.hdslb.com/bfs/face/5fbfae7892b1b04c4f8e14b9cbebfd823ce965c3.jpg,680478,"游戏杂谈,ARPG,明末渊虚之羽,渊虚之羽,游戏剧情,动作游戏,明末",951442,2612,2171,6129,3854,609,0,0,17593
BV14P8qzgEjF,114942820753155,1,21,2154,日常,剧情演绎,http://i1.hdslb.com/bfs/archive/2e29c56c622ac5d9add36c0bbbc33ac21131e2f1.jpg,当我扮成古风小生见女友后，她逐渐疯狂了起来！,1753952400,353,2072577982,卑鄙的老曹,https://i1.hdslb.com/bfs/face/2758cb49231da58a1ce15f091778d5801961a9fa.jpg,1266651,"情感,情侣,生活,搞笑,女友,燕云十六声,古风小生,爱的100种表达方式",3072358,4188,3350,12059,106017,5040,0,31,121828
BV1JV8yz7E5X,114946981566328,1,29,2020,音乐现场,翻唱,http://i0.hdslb.com/bfs/archive/5ecd5902972e0ac671e1816958c41cf6c2acde57.jpg,许嵩劝你别读博：《素研》,1753951898,192,21442590,馄饨皮茄总,https://i0.hdslb.com/bfs/face/29d3bf75ec95524532a9ce36d1232ef441889a1d.jpg,29124,"许嵩,素颜,cover,学术,科研,博士,读研,读博,PhD,翻唱的N种打开方式",733473,524,1357,14412,16853,16229,0,0,70482
BV1nEh3zZEVp,114964144592067,1,215,2152,美食记录,美食记录,http://i0.hdslb.com/bfs/archive/b0411d6e160c72fe873ad09e8712aad50d4561e2.jpg,过度的分享只会招人厌烦，但那又怎样，我连这条也要分享,1754213965,79,1873791750,凉湉子的日常,https://i0.hdslb.com/bfs/face/90122b840fc723dc7a39906cbf9acee6e5e2c78c.jpg,2238125,凉湉子今天吃什么,623272,234,173,7632,521,233,0,0,36048
BV1Uwh3zzEFi,114964329209076,1,47,2037,同人·手书,同人动画,http://i2.hdslb.com/bfs/archive/0ea15c08df892031119c4d5bfad6356890d3776e.jpg,作为替身的我用算卦反手拿捏女总裁【玄算叶安】P2,1754269200,648,3546568439367998,伤心动漫-,https://i2.hdslb.com/bfs/face/4ab8b4479374f6c0147083f6d175ebb9d06e2a22.jpg,62782,"原创动画,动画,玄学,动画短片群星计划",243409,293,159,4162,501,36,0,0,15929
BV1jGtEzNEru,114975116887354,1,17,2079,单机游戏,其他游戏,http://i1.hdslb.com/bfs/archive/565cff91d8af15a634d43613d56f83f8613d7e4d.jpg,《威利号船长》用自由视角居然还能找到被关起来米老鼠,1754381146,133,1860532343,客阙,https://i2.hdslb.com/bfs/face/cf3fddec612e9d6c6f965e0ef8c35a3e31e3b589.jpg,139363,"彩蛋,威利船长,自由视角,隐藏物品",1023266,361,91,18598,596,47,0,0,20330
BV1rQ82zFEzV,114949280172562,1,162,2057,绘画,绘画学习,http://i1.hdslb.com/bfs/archive/1210b0f72be4416a96f696d269a07676d6a010b6.jpg,【改画】上色没效果？掐这些“点”！,1754020800,404,43873002,凡老贼,https://i0.hdslb.com/bfs/face/c055054bbaf1a87e4affcfa102d00e219a847440.jpg,169639,"上色,板绘,零基础,绘画,二次元,蔚蓝档案,绘画技巧,绘画教程,日富美,改画",491341,561,916,24031,4589,1204,0,0,70253
BV1JshVzaENo,114964983453734,1,201,2094,科学科普,科学科普,http://i1.hdslb.com/bfs/archive/b1e89ea1894a7279d90bda4c6d77c6108ca78441.jpg,【漫士】千年后的反例：非欧几何、曲率与绝妙定理,1754226936,1947,266765166,漫士沉思录,https://i0.hdslb.com/bfs/face/726060100f7b80f3ab17889aa9fb8f380a53b9da.jpg,1166924,"几何,物理,数学,数学思维,非欧几何,万物研究所",323269,1917,1174,9766,9678,1146,0,0,24490
BV1xFhuzAE2L,114961376349318,1,218,2167,喵星人,猫,http://i0.hdslb.com/bfs/archive/47b6cb5494a9aae8001c655201df9f0ab916a2c8.jpg,沉浸式清洁猫屋 yue版,1754171564,138,16301219,小伙子软软,https://i2.hdslb.com/bfs/face/99276122a13f651c730aa1e295e9faa47d8e8a2c.jpg,60504,"喵星人,我和流浪猫的故事,解压",166854,308,182,1633,27887,124,0,0,42631
BV1bktVzuE7e,114971627230488,1,172,2079,手机游戏,其他游戏,http://i2.hdslb.com/bfs/archive/bca23ba9c24379a156aa8a23c8654ee5442cb1bc.jpg,【FGO】超绝轮椅售后！史上最长夏活？泳装9期【BB出品☆名流夏日体验！ ～反击的迪拜～】活动攻略 高难打法 90＋＋速刷一图流,1754363100,336,75,丸子,https://i0.hdslb.com/bfs/face/fe114e8fdf4df92a600c6dfa49d92b2d74245e28.jpg,1585403,"FGO,fate,希耶尔,迦勒底创作高能团,命运-冠位指定创作者激励计划 第三期,fgo,Fate/Grand Order,命运：冠位指定,泳装9期,FGO9周年庆",116515,261,922,955,725,209,0,0,5004
BV1uVhJzNEtw,114952518110343,1,21,2186,日常,恋爱关系,http://i0.hdslb.com/bfs/archive/40c5905811c1b13d196645449691f09b933d9997.jpg,男人的谎言 只有男人懂,1754043600,135,1594125242,我是于事_Sh,https://i2.hdslb.com/bfs/face/fa8f97e0972d5b117c834f25cffff608f16008b3.jpg,249169,"情感,双开门霸总,这个男孩能嫁吗,于事讲男人,女生必看",804228,1423,2253,18391,3355,7173,0,0,118548
BV1r6hGzaEPF,114965402884619,1,137,2018,明星综合,音乐现场,http://i1.hdslb.com/bfs/archive/8ee00d23eb16ab5e22140349c9110b82188e09a9.jpg,250802 'NOW' 没有明天｜章昊个人直拍 ©staywithzh,1754235884,256,3546624439617989,staywithzh,https://i2.hdslb.com/bfs/face/c54a19aa0a56a47e6862dd166b863a631bc73c59.jpg,14125,"4K,zhanghao,章昊,章昊直拍",416987,10168,7018,13709,20227,10205,0,0,31883
BV1oKhGzREnf,114963423173886,1,172,2064,手机游戏,单人RPG游戏,http://i2.hdslb.com/bfs/archive/91514204c75bb1b01455ef19f9e922111176b427.jpg,孩子们，怕什么就来什么♥,1754213251,117,30911857,银河大好人,https://i1.hdslb.com/bfs/face/ab54f9a320289aa2469c4ace39a187d5e293ed84.jpg,266537,"原神UP主激励计划,抽卡,搞笑,崩坏：星穹铁道,迪卢克,火神,欧皇,非酋,原神,绝区零",278340,6067,317,1975,3494,72,0,0,19131
BV1RWh8zTEHK,114958792727743,1,239,2088,家居房产,社会观察,http://i2.hdslb.com/bfs/archive/ce4c00b3ea50e0e40d3453715ca03e87709baf4c.jpg,育儿补贴？德国每个孩子65万！已经发了50年......但是，并没卵用！,1754132266,217,676174563,洋哥在德国,https://i0.hdslb.com/bfs/face/9294eff76b7d04382908e310591f885ac0e803c4.jpg,503801,"情感,教育,德国,职场,高能,家庭,育儿补贴,育儿,海外,我的养娃日记",1546708,6077,10416,11007,5047,13046,0,86,107509
BV1u68zzWEmP,114943458283367,1,65,2071,网络游戏,射击游戏,http://i1.hdslb.com/bfs/archive/2dc035e01ff9ba974ff6a48f25ab5a813fb0d2d5.jpg,当你结束了糟糕的一天后打开了三角洲,1753930800,90,12705018,NinthA-,https://i0.hdslb.com/bfs/face/90fbf5732bd3bffd6a4d094acec17d30756f581e.jpg,190290,"猎奇,三角洲行动,伤感,三角洲破壁新赛季上线",1570671,455,1653,6649,1034,8121,0,0,59333
BV1QRtGz3EYt,114969999840624,1,250,2111,出行,美妆,http://i1.hdslb.com/bfs/archive/0df2d9f8fe6cf22cc8bba6f274c211da4f912e0c.jpg,剪了一位平平无奇的客人…,1754303806,132,1869712375,山城小栗旬的理发日记,https://i1.hdslb.com/bfs/face/21a7acb06d7ecbd35d27213f87ea6749f9fd18e0.jpg,3841612,"帅哥,原创,山城小栗旬,记录,解锁夏日时髦vibe",951497,922,849,3881,980,1099,0,0,68444
BV1Dnt5zVE7u,114970939495764,1,17,2079,单机游戏,其他游戏,http://i1.hdslb.com/bfs/archive/251212e70bb396b836727dc341bf2038b23b3925.jpg,【全熟】塔菲视角全程解读虚环喵,1754317466,1562,1265680561,永雏塔菲,https://i1.hdslb.com/bfs/face/5ddddba98f0265265662a8f7d5383e528a98412b.jpg,1328194,"手游,养成,虚拟偶像,二游,虚环,实机视频,腾讯游戏,战斗,永雏塔菲,虚环挖梗大赛",370095,1320,1471,2857,2348,4436,0,0,13928
BV1Tjtgz8EjT,114969513297392,1,242,2009,娱乐粉丝创作,娱乐评论,http://i1.hdslb.com/bfs/archive/d7954f94897b659e6f2834bb9c0e092c2b6c8d06.jpg,传奇热搜王赵露思 内娱彻底癫了,1754298033,514,3546781006694901,我真的玉玉症了,https://i0.hdslb.com/bfs/face/cc515923daf9a49fba6031c54e09bca8a073935d.jpg,280551,"同诗剃须刀,赵露思,娱乐吃瓜大会",734697,2803,2235,4989,3531,1418,0,0,31131
BV1PEhPz1E3n,114959950354681,1,256,2039,短片,cosplay,http://i2.hdslb.com/bfs/archive/31fb73707a7866e5f84c65c736bd595667d2a750.jpg,Cos汉尼拔去CJ找食材,1754211600,155,3546666904848576,汉尼扳,https://i0.hdslb.com/bfs/face/34ed1308d18d7f103960aa798d7020e1a10cfd7e.jpg,1751590,"CJ,汉尼拔,荣耀GT,拔叔教你做人,荣耀400,荣耀平板GT2Pro,荣耀平板在CJ现场成电子鸡蛋,CJ漫展",619846,20056,2037,4776,2894,1366,0,0,81406
BV1jGhNzBEHZ,114959564409017,1,65,2070,网络游戏,MOBA游戏,http://i0.hdslb.com/bfs/archive/fc49b42a4fb9a87b3e3b856edec1da8483f02671.jpg,完成不可能的反杀！《柔风亚索集锦》,1754193600,174,282558920,柔风亚索,https://i2.hdslb.com/bfs/face/b3ced8df924833fcb562e6b05d3a6cc3705effd0.jpg,135128,"英雄联盟,疾风剑豪,亚索,精彩集锦,电子竞技,韩服王者",1962816,986,1542,4010,6524,3235,0,0,69141
BV1Bmh5zvECF,114965889417715,1,219,2168,汪星人,狗,http://i1.hdslb.com/bfs/archive/4bcc8f338c37a84223c21fb73d97b745e76fdd82.jpg,天塌了,1754299800,93,3494377812920345,系嚣士啊,https://i2.hdslb.com/bfs/face/bcb480918aab2dbdbbc0130feca6a42ee46ec15e.jpg,583019,"嚣士,宠物,田园犬",330773,915,1249,1334,1524,3773,0,0,37180
BV1hLhHz6ECN,114953323289266,1,30,2023,VOCALOID·UTAU,AI音乐,http://i1.hdslb.com/bfs/archive/d92395ec75a419bbab873a6a6f59979cf5fa101f.jpg,【AI三角洲全干员】《天真的橡皮》人生呐 能不能放过我这一次,1754048723,170,487301495,饿了自己会捡垃圾吃,https://i2.hdslb.com/bfs/face/d4e066e460b1d948bdb99d7d1001a8ffeb731eae.jpg,254946,"翻唱,音乐,游戏,娱乐,三角洲行动,蜂医,麦晓雯,三角洲欢乐剧场,威龙,三角洲",830881,1545,1269,41514,5304,1745,0,0,51388
BV17ftnzrEeA,114975435723562,1,253,2001,动漫杂谈,影视解读,http://i1.hdslb.com/bfs/archive/111394749ec350512fe3a772af3aa304640dc839.jpg,以前电视上那么多，为啥现在基本没人拍儿童剧了？,1754394060,828,1405515989,The梁某人,https://i2.hdslb.com/bfs/face/20a2bea9a0568c614e1decac58f77fcb7525fa33.jpg,1263460,"童年,电视剧,童年回忆,黄誉博,郑伟,儿童剧,星际精灵蓝多多,好剧好片重刷榜",467165,1813,1291,3936,1732,304,0,0,25991
BV1ZdtnzkEBc,114975402104976,1,173,2079,桌游棋牌,其他游戏,http://i1.hdslb.com/bfs/archive/7a3653e5cd264d57c11a41011d0b42b05a1c24a6.jpg,如果你成为，惨遭帝皇背叛的雷霆战士？【战锤胡诌】,1754388000,1301,98684196,一碗龙虾汤,https://i0.hdslb.com/bfs/face/ba4e54c31b102e6c7153f33c77992b1411a62a51.jpg,441641,"游戏杂谈,搞笑,战锤40K,科幻,桌游棋牌,人类帝国,游戏知识,雷霆战士,统一战争,推荐宝藏游戏",110556,745,782,2090,1326,111,0,0,8015
BV1unt5zVEPK,114970939360289,1,122,2196,野生技能协会,职业vlog,http://i2.hdslb.com/bfs/archive/9f57294c3fa72f1e38000e5de361c6207b24aee2.jpg,第一次出门摆摊，免费维修小家电，竟然还挺受欢迎的,1754321006,1155,397526548,技术小杭,https://i1.hdslb.com/bfs/face/a12befc71b047f1b45ae32eeebc46cf1e40dc888.jpg,19178,"公益,维修,经验分享,小家电",1385376,8384,5728,10492,83749,1785,0,39,98583
BV1Qs4dzoELf,114976526177060,1,218,2207,喵星人,随拍·综合,http://i2.hdslb.com/bfs/archive/22eb9788b93b9ff112c04419bb767612e5cb33ec.jpg,大王请饶命，我一定举起手来,1754402691,209,335575297,在下铁头阿彪,https://i1.hdslb.com/bfs/face/f46d6e58f90e7851703e083de7809564346f1dcb.jpg,1719320,"Q&A,毛茸茸训练营",210138,209,391,5708,2455,109,0,0,12915
BV1ULtgzcENb,114969328879145,1,182,2001,影视杂谈,影视解读,http://i2.hdslb.com/bfs/archive/d99bae09c149cb82b832a08a3b13274c6f658fb1.jpg,宝藏悬疑剧！梦里杀人，醒来破案，不断反转，全程高能！,1754384938,2704,3546378898770447,竖了个三,https://i0.hdslb.com/bfs/face/47290d7864b179bec4c2c7a8d292d7a0e3b2013e.jpg,1017630,"反转,犯罪,推理,俄剧,剧情,烧脑,悬疑,影视,影视杂谈,万字拉片大赛",93534,699,171,1533,1327,105,0,0,4190
BV1MxtjzmEje,114974059923130,1,215,2152,美食记录,美食记录,http://i0.hdslb.com/bfs/archive/2a891c29d7f72da2c23f26a9f329e2d2f77fff20.jpg,一场铁板与美食的碰撞,1754365466,157,1983705001,明天谁做东,https://i1.hdslb.com/bfs/face/5b2465cc10918e1b6c0683a192d53716294a31d8.jpg,600477,"美食,办公室,铁板",820657,167,205,1659,576,234,0,0,36213
BV12WhgzvEL2,114962332647868,1,172,2207,手机游戏,随拍·综合,http://i2.hdslb.com/bfs/archive/2a00b5acf9ec2f53d05c49d7387d676eda083168.jpg,【鸣潮】光头强戒鸣潮,1754186431,415,1343820504,阿尔法的猫-,https://i0.hdslb.com/bfs/face/4685e7da58c767a4141a8dcab51b69c781be561b.jpg,129415,"鬼畜,手游,二次元,鸣潮创作激励计划,鸣潮",219488,814,1008,3289,1911,5071,0,0,22891
BV1BEtVzREUA,114971878884862,1,253,2006,动漫杂谈,AI影视,http://i0.hdslb.com/bfs/archive/fcf0d80095208b3a0b95d989b90d7ab6aa03ff30.jpg,地狱难度猜番挑战！当动画名场面被AI重画100次之后？这谁认得出来啊！【动漫高手01】,1754388300,2607,216025,尕丶天堂,https://i1.hdslb.com/bfs/face/6c62b7cad6c3721e86990db86036979d7359232c.jpg,1602163,"天堂,二次元,搞笑,动漫,动画,联动,动漫高手",339387,10616,758,5421,8836,1172,0,0,29357
BV1am8CzNEbt,114947266778924,1,219,2171,汪星人,动物综合·二创,http://i0.hdslb.com/bfs/archive/c70a726613542ab9234b361d9d68f5190b6277bd.jpg,养魔王，易如反掌,1753956173,161,40525071,面包大忍,https://i0.hdslb.com/bfs/face/1b180858d7e8657660f77c6743a59ef2ab2366aa.jpg,181578,"动物总动员,奶牛猫,比格,人类幼崽",1041031,287,449,6665,1801,3067,0,0,89662
BV1ictgz6ELZ,114969748248169,1,172,2071,手机游戏,射击游戏,http://i2.hdslb.com/bfs/archive/701d62262d125163b163fa6cb9c47eaea33d0682.jpg,星梦奇缘AUG助力？荣都教学！撤离点路上差点损失1000万的变卖物！,1754299957,435,222037579,虚无-和平精英,https://i1.hdslb.com/bfs/face/6c261f469a7256a9ae01fd10474c4ea3b128757e.jpg,178303,"游戏解说,地铁逃生,对峙前线,地铁教学,冰河禁区,烽火荣都,地铁逃生周年版本,虚无,高燃,和平精英",922688,150,144,24542,3269,18,0,0,36159
BV1a38mzLEFV,114949330306218,1,138,2154,搞笑,剧情演绎,http://i0.hdslb.com/bfs/archive/3282c429efc3290e4bf58e542a15015d949a25f4.jpg,那些年女主人不在家的日子,1754052600,171,639923249,大瑶同学remix,https://i2.hdslb.com/bfs/face/5e3796f6804b0035f0173b830e9aad5ad51385ca.jpg,1564627,一人分饰多角,684344,382,769,2127,3705,353,0,0,84262
BV1vXhGzWEuv,114965000231015,1,172,2098,手机游戏,AI杂谈,http://i1.hdslb.com/bfs/archive/2aeb84c013176875aed62408024d676afb507886.jpg,我被喂AI了,1754226854,76,85493,深蓝杰克,https://i2.hdslb.com/bfs/face/6a53e0f5c7147885ee1cf9a3c255467b35deb96c.jpg,26110,"绘画,盗图",231141,22,324,4706,1928,53,0,0,22561
BV1kZhszBENu,114955252665964,1,138,2156,搞笑,UP主小综艺,http://i2.hdslb.com/bfs/archive/4f3b1b4189a4dcd146d71372ed52b29a07f57c31.jpg,《联合国精致演讲女生赏析2.0》：什么？竟然反转了？！不，是求锤得锤！,1754100300,346,16022714,正经的老邪,https://i2.hdslb.com/bfs/face/e2c6b5eefb0899775358c460e04fdaf5acf82dd8.jpg,1372376,"联合国,奇葩,搞笑,吐槽,搞笑小剧场,联合国演讲,精致女生",882716,1646,1376,4484,11899,1779,0,0,37506
BV145h7zREN5,114951393904891,1,17,2078,单机游戏,沙盒类,http://i0.hdslb.com/bfs/archive/eef68581353c909645d54bd30496c35b6cfe7fd7.jpg,我被质疑为AI 耗时三年的顶级二创有多离谱？,1754033400,223,493836206,Apple苹果酱喔,https://i2.hdslb.com/bfs/face/a8abacbc4fde2346e15c01bf0a24ec94e93df3f4.jpg,479821,"MC,我的世界,Minecraft,爆肝,原神",2383619,1862,3444,109315,136288,8573,0,7,359624
BV1tetnzZEHQ,114975704155403,1,208,2084,校园学习,应试教育,http://i1.hdslb.com/bfs/archive/6d1c554a309432151bcc209a456a1e7ae7954c82.jpg,一个视频讲透保研的一切！流程/种类/绩点/英语/科研/夏令营/预推免/九推/保研率/信息源/跨保/外保/内保…,1754390148,1851,40427625,取景框看世界,https://i0.hdslb.com/bfs/face/0d671560a6dd7f28247b3b7501d404a5b01280ea.jpg,3964090,"英语,大学,考研,夏令营,科研,经验分享,保研,学生,绩点,学生UP主养成计划",53276,663,355,6103,6035,616,0,0,5532
BV1zdh8zLEsP,114958104862463,1,215,2149,美食记录,美食制作,http://i1.hdslb.com/bfs/archive/7aa203df21076994505b5706cb266c2cd36b1d0e.jpg,无骨的排，还怎么啃？,1754136000,189,174890586,魔鬼厨房Neo,https://i0.hdslb.com/bfs/face/b8320ecc03c3a33e41bdf48624d50c9cf9ce02a4.jpg,2749122,"深夜食堂,美食制作,厨艺,年糕,烹饪,排骨,夜宵,Vlog,烤排,一饭封神申请出战",388353,471,419,4918,1545,1306,0,0,32779
BV1kdhpzwEQ2,114954447362286,1,27,2063,综合,鬼畜综合,http://i2.hdslb.com/bfs/archive/0499e6aa72856df8b0cb3dd1e9ff7f50b3a28d63.jpg,熊の方块,1754065934,40,268120490,夏目渚禾口,https://i2.hdslb.com/bfs/face/b30e15301397b40ab016d1e83d572dfd38f093d8.jpg,25006,"俄罗斯方块,鬼畜,熊二,熊出没",739410,470,1378,12483,1087,3105,0,0,78844
BV1PZ4RzjE7F,114976761059537,1,17,2077,单机游戏,休闲/小游戏,http://i1.hdslb.com/bfs/archive/96a805101ac3c136c93ff2254ceeba7f598dd7a6.jpg,融合植物285：更多的巨人！,1754434800,772,3546619314178489,蓝飘飘fly,https://i1.hdslb.com/bfs/face/f2bc644c3cf25590bbc7954daecf3e3a9aec5711.jpg,1504034,"娱乐,植物,植物大战僵尸,融合版,转转回收,融合植物,融合,巨人,巨人僵尸,推荐宝藏游戏",301994,1940,1563,1662,1364,379,0,0,15629
BV1RWt3zCELp,114970654213707,1,172,2063,手机游戏,鬼畜综合,http://i1.hdslb.com/bfs/archive/b51916ab0c1211ae159ffc38d18bb2d88d328add.jpg,你好，请支持羽生萌萌香.exe【明日方舟】,1754313096,72,431332411,烈空哇塞,https://i1.hdslb.com/bfs/face/acc5f4ee93b4c8dea63bb55fd0a7f8562e566cb1.jpg,10265,"鬼畜,新皮肤,明日方舟,斩业星熊,羽生萌萌香,冰,美式鬼畜,墟,整活,明日方舟创作者应援计划",203053,87,268,3142,997,833,0,0,17608
BV1D34fzPEEB,114978740836438,1,47,2050,同人·手书,漫画·动态漫,http://i0.hdslb.com/bfs/archive/4490e403aab882db92c86650330c79981ef09fe3.jpg,【oc日常】第三日，你正在被安抚,1754436641,142,14500193,阿挠挠,https://i2.hdslb.com/bfs/face/5fffb42004e372134eaf40ba2aeb94fb1bc03ee3.jpg,763715,"绘画,原创,画师激励计划,OC",103565,717,1099,4907,7908,538,0,0,36255
BV1GRhgzLEsd,114964413159525,1,252,2039,仿妆cos,cosplay,http://i2.hdslb.com/bfs/archive/c470b058f9be708c536df6c375dff5a5e78c10b8.jpg,谁能让我社死，我就V他50！,1754272800,349,2108856,流萤Zz,https://i0.hdslb.com/bfs/face/6b50ab776df772941c92a168e8a06c7e9c3718d3.jpg,2902665,"魔兽世界,漫展整活,社死挑战,社牛,暴雪游戏2025ChinaJoy,Cosplay",2107243,382,255,13218,1858,1195,0,0,31059
BV1u6h3zCEQi,114963708385472,1,21,2003,日常,影视资讯,http://i0.hdslb.com/bfs/archive/cb87c58189b6181a602881beafa43647017e1916.jpg,电影《731》定档9月18日,1754207292,16,456664753,央视新闻,https://i1.hdslb.com/bfs/face/2dc9c34444ba9f8e891fdc98e6c331fa3c02d127.jpg,21825900,电影,1567860,57959,3535,18673,38287,23095,0,25,302293
BV12zt3zYE1E,114970821986949,1,212,2150,美食侦探,美食探店,http://i2.hdslb.com/bfs/archive/0fed52e9d7dae5f280ebd853c4c744c11e3a08f3.jpg,天津60元羊肉煲自助，肥美羊排羊杂不限量畅吃！性价比爆赞！,1754315728,455,8263502,橙飞一下,https://i2.hdslb.com/bfs/face/86fbb87fdf4d5ec1ba3bb7b56131d8265d36ffcd.jpg,2091480,"美食,自助餐,舌尖真探事务所,天津,光盘行动,羊排,羊杂,羊肉,性价比,探店",510183,866,1026,1894,1559,1922,0,0,20932
BV1rThtzgEJ8,114957869915056,1,21,2207,日常,随拍·综合,http://i1.hdslb.com/bfs/archive/2dd6056a805c802665f6667c2cd94f3a9627f118.jpg,[b站扫盲01]手机如何发送这些骚弹幕？,1754118097,69,3546727005030792,面壁者牢波official,https://i0.hdslb.com/bfs/face/e3d00a3910a05784e182d0a0d116894444880be0.jpg,96277,"知识分享官,高级弹幕,二次元,b站扫盲计划,哔哩哔哩,知识科普,弹幕,bilibili,b站,娱乐生活记录",1310023,783093,9568,40774,12804,2977,0,0,109693
BV1Ex8rzrEGq,114944515248047,1,138,2154,搞笑,剧情演绎,http://i2.hdslb.com/bfs/archive/49b0de48ac4358b9640e813fd0232cc1da84217a.jpg,惩治不良老师,1753914356,51,110258511,波小波Sir,https://i0.hdslb.com/bfs/face/3966293aed82844fadfea23162bca274d6589ad7.jpg,60844,"短片,原创,校园",2332849,825,1576,20798,2681,811,0,0,139420
BV1W5hVzuEFC,114964832455317,1,172,2067,手机游戏,SLG游戏,http://i2.hdslb.com/bfs/archive/394325c7540ee73c1c4bf37e9429837c18e0a4fe.jpg,运营了十年的部落冲突真的变天了吗？,1754298000,391,450882837,一叮当猫一,https://i0.hdslb.com/bfs/face/d1860f1dc772903037f0048c149b2b445e6bcc74.jpg,1765560,"策略游戏,游戏解说,试玩,手机游戏,部落冲突,部落冲突周年庆",233458,228,543,2510,2220,1090,0,0,6507
BV1QPh4zWEDd,114956611753003,1,138,2195,搞笑,学生vlog,http://i2.hdslb.com/bfs/archive/a58bbf53ceced5b14a3d6be0840358912421dda4.jpg,好恶趣味的女寝(￢_￢)【微唠鸽（11）】,1754099126,703,1532685193,王菜菜-_-,https://i1.hdslb.com/bfs/face/a0bbc68079bd6d57ab8b8b34c3f3879d89e240fe.jpg,115052,"生活记录,宿舍,高中生,校园,搞笑,致歉一切,唠嗑,寝室,搞笑研究所",763014,265,418,7795,1587,448,0,0,31007
BV1yptJzjEGq,114974278030003,1,172,2079,手机游戏,其他游戏,http://i2.hdslb.com/bfs/archive/ad3092a74cffe27b6b3ae6635b950f53e73a118f.jpg,朋友推荐我玩FGO，我是不是得罪人了？【FGO九周年】,1754373600,561,1910020454,谁不重要i,https://i2.hdslb.com/bfs/face/d062d8c6efd378f88e106cdfb55d8b3d5cda8d01.jpg,1285947,"FATE,FGO,fate,希耶尔,兽艾蕾,命运-冠位指定创作者激励计划 第三期,fgo,GrandOrder,泳装从者,FGO9周年庆",317444,5704,1911,2756,1686,645,0,0,29959
BV1ditJzqEMm,114976006148061,2,172,2064,手机游戏,单人RPG游戏,http://i2.hdslb.com/bfs/archive/42826d991e4a1842d5698397df3eca74fdccc765.jpg,【星穹铁道】海瑟音 0~6命实战详细评测：诡异的Dot女子是不会输的！光锥/遗器/配队 建议。,1754452800,2162,50111839,小琨爱小蛊,https://i1.hdslb.com/bfs/face/080862af2ad53cae818db05191968fc4d306899a.jpg,1231882,"黑天鹅,崩坏：星穹铁道,崩坏星穹铁道,卡芙卡,崩坏：星穹铁道创作者激励计划,海瑟音,英雄未死之前,米哈游,miHoYo,dot",66136,1096,956,682,1639,451,0,0,5449
BV1YjhczJEh9,114940740440899,1,243,2024,乐评盘点,电台·歌单,http://i1.hdslb.com/bfs/archive/be8db6ed25d4419204905ccb2150f0cf632a929b.jpg,循环歌单|【花海DJ版】|“【纯爱の小曲】【伪恋の小曲】【迪亚哥の小曲】”,1753920000,3643,423517587,蛋某人音乐,https://i0.hdslb.com/bfs/face/3a3a15373208c19ea9c69cb91632e3b13e336711.webp,680086,"歌单,花海,循环,电台新星征集令",817975,447,703,80785,6343,616,0,0,62189
BV1PQ8qzMEmR,114942300656266,1,254,2039,亲子,cosplay,http://i0.hdslb.com/bfs/archive/fdd7823eace0595f8e11b87cc152820a33584917.jpg,双人站位这一块,1753880556,16,833588,荒木大盗,https://i2.hdslb.com/bfs/face/6226bc09128645ee723fe494a5353f4a93853657.jpg,576810,"复古,反差,半点心,港风,站位",973004,245,1528,14513,1166,4024,0,0,97947
BV1KitEzUEjg,114974848455889,1,182,2001,影视杂谈,影视解读,http://i1.hdslb.com/bfs/archive/08e61c2cd79ee2e913ba7bb285d3e1b70a38d613.jpg,黄飞鸿这个IP是怎么走红的？70多年前的首部黄飞鸿电影到底多有料？ | 漫谈黄飞鸿电影【01】,1754388000,2819,14079696,Kimo桑,https://i0.hdslb.com/bfs/face/c3ef6a7c7ba86edb41f95cd9cd49ddbe8f79de6f.jpg,502685,"成龙,香港电影,动作电影,武侠,胡鹏,曹达华,黄飞鸿,关德兴,粤语残片,万字拉片大赛",100164,1551,378,1283,1320,88,0,0,5682
BV1TwhpzuEhi,114952887077992,1,182,2001,影视杂谈,影视解读,http://i1.hdslb.com/bfs/archive/47dccf75928f030d4f9037fc8f33db0c7721cb9f.jpg,超燃电影《疯狂的麦克斯》，十年来最硬核战车电影，末世狂暴不息,1754211600,987,73528331,摩斯神探,https://i2.hdslb.com/bfs/face/7a3ccfa2d021bc1212ffdd5ea637d098a1475d9f.jpg,3191018,"电影解说,石头,动作,石头P20Ultra,扫地机,石头扫地机器人,石头扫地机",4866647,413,199,23637,1157,64,0,41,51544
BV1q6tGzQEjo,114969882529724,1,138,2005,搞笑,短剧短片,http://i0.hdslb.com/bfs/archive/09296edf762f06c4380741fb311adf3a4024cc1c.jpg,破镜不能重圆 和好不能如初,1754301513,123,1659651634,七颗猩猩QKXX,https://i1.hdslb.com/bfs/face/e48329f6999d331dcb3cb5ca7ecf2b4b1100d83d.jpg,3186188,"爱情,短片,原创,搞笑小剧场",1089994,1550,1895,12322,5240,1403,0,0,90228
BV1UdhbzxE5y,114959027542752,1,238,2148,运动综合,其他手工,http://i2.hdslb.com/bfs/archive/10a374f72e549fc6646b2c7448959d46d765c178.jpg,我是怎么开始走上做弓的路,1754135930,34,417416987,墨墨爸做弓,https://i2.hdslb.com/bfs/face/22ec138c64dfe0cf2bb8cfd930e5fdd974762323.jpg,9053,"原创,生活记录,手工",617655,45,714,1308,8182,55,0,0,76433
BV1euhHzyEsR,114953390397674,1,65,2077,网络游戏,休闲/小游戏,http://i1.hdslb.com/bfs/archive/e2dadc66f78069171b7b094e04e3f87a1a1455ff.jpg,谁爱划谁划吧,1754049874,145,1410229894,W47-可爱者甚凡,https://i1.hdslb.com/bfs/face/b7854849ca09316f18adf1fb4e00c1248d22cb97.jpg,108273,"搞笑,游戏,娱乐,游戏搭子,游戏日常,沙雕,划划划,steam游戏",1566511,536,1411,24513,4717,23667,0,0,148502
BV11ChnzaEkc,114953675606824,1,172,2073,手机游戏,动作竞技游戏,http://i2.hdslb.com/bfs/archive/33c868af982247643946e16c1f9e67518887d146.jpg,带 土 大 冒 险 ！,1754301600,142,321563149,恶人爸爸5,https://i1.hdslb.com/bfs/face/02058813ff3882973810275f2d268e5c07a8712d.jpg,58560,"游戏,宇智波带土,火影忍者,忍战带土,火影大冒险,火影忍者手游,推荐宝藏游戏",306690,189,170,3825,628,553,0,0,15953
BV15h8qzQEwj,114942451650615,1,17,2078,单机游戏,沙盒类,http://i1.hdslb.com/bfs/archive/47efb6fdeed06aa830e7783c774d9a9b1eef22f9.jpg,千万别错过！暑假一定要游玩的宝可梦服！我的世界神奇宝贝！,1753882712,113,32135172,晓凯少爷,https://i0.hdslb.com/bfs/face/91266fac85099c3363fbe207dbeedfd535b7dfec.jpg,63740,"沙盒游戏,宝可梦,我的世界,服务器,我的世界宝可梦服务器,像素风,我的世界神奇宝贝,我的世界神奇宝贝服务器,我的世界服务器,新服开荒",474208,423,684,20016,17249,360,0,0,69970
BV1TAhpzBEZa,114952803196120,1,228,2066,人文历史,单机主机类游戏,http://i0.hdslb.com/bfs/archive/7e9e89b7abd1d69483bc218e5a953bbb7d71e7b7.jpg,【推理海龟汤】爱的证明。无人应声的骚扰电话，平静落寞的便签落款，五位侦探能否探明？奇怪场景背后的悲伤真相,1754049600,2077,3546824214317878,Sz推理之夜,https://i1.hdslb.com/bfs/face/b669f6b6290ae9d9bc357075a889b8722dd497d3.jpg,474079,"细思极恐,原创,海龟汤,娱乐吃瓜大会",588555,4626,3295,17777,25487,3438,0,0,56704
BV1SdhgzCEXp,114964396314575,1,184,2079,预告·资讯,其他游戏,http://i1.hdslb.com/bfs/archive/a25767c74b183fa5b8be8b5cc151a347b67e74f5.jpg,【STN快报第八季22】宫崎英高的童年小故事竟然是真的,1754218566,1232,7349,STN工作室,https://i2.hdslb.com/bfs/face/5bc1308ef3ac8eed73ed98ad4770f960547688d3.jpg,2484636,"游戏,游戏杂谈,搞笑,英雄联盟,魂游,三角洲行动,宫崎英高,游戏日常,影之刃零,整点电子榨菜",951290,12004,2319,10896,26267,1796,0,0,57325
BV1LnhuzUEQN,114963356061430,1,138,2151,搞笑,美食测评,http://i0.hdslb.com/bfs/archive/d1357303c193678a32aacdeefddfd85c324101bc.jpg,《中国零食测评之康师傅方便面》,1754203168,752,1735813547,Nyyga-idol,https://i2.hdslb.com/bfs/face/fc965336f142e5f2da2017c0fdacaf07c2264467.jpg,19616,爱豆安利挑战,508193,3772,2260,3607,1260,1258,0,0,14749
BV1pW81zbEU4,114948290121395,1,182,2001,影视杂谈,影视解读,http://i0.hdslb.com/bfs/archive/a6962c4b68595ff6207dbb71d457e4664febd4cb.jpg,【HP】一口气看完！盘点《哈利波特与凤凰社》原著中没有被电影还原的419个剧情细节！,1753973094,9183,477833444,唱唱反调呗,https://i2.hdslb.com/bfs/face/bb5b932a9e42c3124cde4108a9884a50ca1d8af5.jpg,449477,"斯内普,哈利波特,赫敏,HP,邓布利多,罗恩,影视,哈利波特与凤凰社,哈利波特原著,影视IP观察室",670812,5365,1035,28131,21810,1514,0,0,62879
BV1C68yzZEd7,114946612399710,1,30,2022,VOCALOID·UTAU,VOCALOID,http://i1.hdslb.com/bfs/archive/8d38da4f85a3d9b09297b1171156eb1aae6241eb.jpg,【洛天依原创】死亡公告,1753946270,152,620883622,玄云__,https://i1.hdslb.com/bfs/face/36dbbeb2d59f72638b571f4daeefd01906a3f817.jpg,3585,"洛天依,虚拟歌姬,原创,VOCALOID CHINA,VOCALOID,歌曲,Vsinger创作激励计划",149007,1909,936,28724,9047,1794,0,0,54147
BV1qZ8yzjE1S,114946427852163,1,21,2038,日常,模玩周边,http://i2.hdslb.com/bfs/archive/ea54911a5667dada5c2f86e49ddc058afc8fe9fd.jpg,恐怖视频，建议和兄弟一起看,1753943459,17,3546902215789088,过程分大神,https://i2.hdslb.com/bfs/face/9fa503aa6ca63891a5a3690d2bcdbadfcea50ffd.jpg,364,"恐怖,诡异,mygo,奶龙,千早爱音",357031,213,1973,10212,755,20632,0,0,61200
BV1j3hAzhE7A,114941629570822,1,65,2071,网络游戏,射击游戏,http://i1.hdslb.com/bfs/archive/a0bd57909c1d7f1f74fc790abbebd07dfaaa0457.jpg,如果三角洲加入更多难蚌的大红（第19期）,1753870142,92,295318852,New神小赵Prime,https://i1.hdslb.com/bfs/face/bf3e23aaf9d01df3afdedf567384ceefd1f65916.jpg,38346,"娱乐,难蚌,三角洲行动,三角洲二创,三角洲,沙雕,附魔金苹果,整活,三角洲破壁新赛季上线",901994,326,733,4685,587,338,0,0,45403
BV1YTtgziEsy,114969412704216,1,17,2071,单机游戏,射击游戏,http://i1.hdslb.com/bfs/archive/5ec52f7217678c4841145e63d79d97da9d546a27.jpg,《花来士》,1754303400,35,415890389,高坂大芥末,https://i2.hdslb.com/bfs/face/60262c579be5468fdfbcd894b956a6b0a8b4f679.jpg,401770,"101俱乐部,花来,三角洲行动,三角洲欢乐剧场,坝顶狙,诗朗诵,红狼,夺舍,三角洲,绝笔诗",247658,115,280,5263,683,3134,0,0,27682
BV1nkhxzBEhf,114956913609366,1,21,2196,日常,职业vlog,http://i0.hdslb.com/bfs/archive/10decb86afad3a37ca2828573ef272a1a5449e10.jpg,中专生在日本打工6年离职回国，这6年除了收入1000万日元，还收获到了很多不同人生的体验，心酸与感动共存，离开也是为了更好的再见，谢谢大家的一路支持！,1754103650,62,486122103,思乐在日本,https://i0.hdslb.com/bfs/face/7f8a4169e6dd73bdecbadbef8de61c384132d037.jpg,84750,"生活记录,日本,vlog,日本生活,努力,感动,日本打工,出国打工,打工人,随手记录我的生活碎片",675735,288,3465,3404,1166,1222,0,0,71756
BV18dhgzCEXP,114964396246413,1,228,2090,人文历史,人文历史,http://i2.hdslb.com/bfs/archive/8ba24b5f7baf6ec553f7351484b09ce5ae3b83ab.jpg,历史上有哪些传世文献没记载，而是通过考古发现的小人物？,1754301600,1867,328359509,长河飞烟,https://i2.hdslb.com/bfs/face/e3df1f0c94c2ecf2630a60521d403363e5557d88.jpg,184275,"黑夫,弘,人文历史档案馆,王钟儿,陈良绍,洪奕,惊,周闻,陈贤",525382,2278,1909,8205,5418,714,0,0,27439
BV1vnh8zuEjB,114958759104014,1,171,2070,电子竞技,MOBA游戏,http://i2.hdslb.com/bfs/archive/7846a1ffcdaf4faa7233854b71057000908618de.jpg,《看完第一波铁男能不笑的你是这个...👍》,1754132943,140,88160614,困困君丶,https://i1.hdslb.com/bfs/face/0451880ede12cab7af87e774cad52536934b6bee.jpg,562769,"英雄联盟,精彩集锦,第一视角,电子竞技,数值怪,5A连招,平A穿插普攻,MOBA,铁男,英雄联盟电竞世界杯",607265,275,333,602,1575,262,0,0,40003
BV1uetnzZEAk,114975704094192,1,172,2064,手机游戏,单人RPG游戏,http://i0.hdslb.com/bfs/archive/85d63b6356dd94302358e7e0cfcd6353a5c994f4.jpg,飞霄2金0T史瓦罗！小飞老矣，尚能战否？无需3Q鸟暴力拆解下城区体育生！,1754390411,240,39720180,恭梓呀,https://i0.hdslb.com/bfs/face/87fde78dda0bad634005690f28c5c21c132e426f.jpg,47549,"二次元,追击队,飞霄,崩坏：星穹铁道创作者激励计划,恭梓,巡星杯,竞速,知更鸟,长夜月,0T",77458,278,595,661,831,893,0,0,7587
BV1Ja8CzjEi4,114947099137919,1,162,2170,绘画,野生动物·动物解说科普,http://i2.hdslb.com/bfs/archive/5201cff8f5f9f47af257f459ae4fa92f8c3da67e.jpg,【鸟类手书】Harpy Hare—你也见过这羽翼,1753953698,159,351136073,大小玥玥,https://i2.hdslb.com/bfs/face/d8ae21351fe5a5aa072738ddbb703854a7c29d6a.jpg,2663,"绘画,手书,鸟类保护,自然保护,鸟类,观鸟,b站观鸟人！观鸟人！",269070,163,389,35295,19484,1801,0,0,54136
BV1CS82z8E4g,114949229647461,1,47,2037,同人·手书,同人动画,http://i0.hdslb.com/bfs/archive/d6d018c2c2330c184fb4d754fc9087fb2f93829b.jpg,耗时100天，我用Q版还原了【你的名字。】,1754015400,1509,384414474,偷鹌鹑蛋喂鹌鹑,https://i0.hdslb.com/bfs/face/f8741426d9f1c7ed82c6b0522982eab7ddef3d70.jpg,52517,"治愈,搞笑,动画电影,爱情,手书,新海诚,你的名字,电棍,一口气看完,动画短片群星计划",3122756,63595,11174,144963,219512,42992,0,5,362127
BV15WtnzvEG6,114975485990412,1,257,2207,配音,随拍·综合,http://i2.hdslb.com/bfs/archive/233783faa1ca6b7e5650fc5764b5ee2c88b60e28.jpg,729配音演员这么会玩？看我迫害付博文、兰陶倚、聂曦映、赵爽！,1754388600,887,410964,胖雪人Ozu,https://i0.hdslb.com/bfs/face/7bec7117aa7f60e6f9819a390eddfa5d0bdf899a.jpg,1475570,"配音演员,配音,配音演员迫害系列,动手吧729,729,729声工场,给整活儿加点艺术",61480,516,202,1049,662,170,0,0,6692
BV1CfhwzzEsb,114941495415663,1,17,2079,单机游戏,其他游戏,http://i1.hdslb.com/bfs/archive/5c5223a9fd64c2ad0b49d3c1082929a2786ec981.jpg,我的顾客都想敲诈我 但我绝不低头,1753868214,73,15002163,拧不动啊真拧不动,https://i0.hdslb.com/bfs/face/512d55096f492f14722988501e7a800020320b26.jpg,1326955,"VR,游戏实况,单机游戏,电子榨菜,推荐宝藏游戏",2997665,474,414,13777,1704,961,0,0,63427
BV1dj8yz5EeH,114946880833708,1,252,2154,仿妆cos,剧情演绎,http://i2.hdslb.com/bfs/archive/5b3b6f7ff3fad50df60afef157eb6e25291a68f0.jpg,花有重开日，人无再少年,1753951673,131,322480205,造梦阿瑄,https://i2.hdslb.com/bfs/face/6179ff89aa703de7a967de4e3fe4804d4988b001.jpg,779841,"校园,搞笑,生活记录,魔术,少年,搞笑小剧场",592363,15502,1942,3739,7383,874,0,0,96507
BV1Fnh3ztEAX,114964127948386,1,218,2167,喵星人,猫,http://i2.hdslb.com/bfs/archive/c34c4a1b6a2aa37a742c4c43c43a90be4e5952dc.jpg,有爷爷的小猫像块宝,1754214289,371,3546720564676999,曲洋的不苦小院,https://i1.hdslb.com/bfs/face/4c2bc0236bb8bd0439d4e88bfad0bfef42c4faca.jpg,77383,"爷爷,猫咪,喵星人,流浪猫,小猫,关爱流浪猫",1301724,1270,1605,27638,86788,4582,0,6,232714
BV1zkhGzcEKg,114965453212333,1,17,2077,单机游戏,休闲/小游戏,http://i0.hdslb.com/bfs/archive/86bb4a52008c1d2366f3a0483283086e20e75e5e.jpg,向日葵女王的新征程！,1754276400,296,97213827,潜艇伟伟迷,https://i0.hdslb.com/bfs/face/a2370da541bc5f6769cfcea0fcef907bebb26311.jpg,4935002,"PVZ,植物大战僵尸,植物大战僵尸杂交版,杂交版,自制游戏,杂交植物",278528,408,983,968,705,146,0,0,12305
BV19g8LzdESC,114928610514129,1,215,2152,美食记录,美食记录,http://i2.hdslb.com/bfs/archive/bf85feed64ef8a7bdb903905f5b218e42fba9ae2.jpg,夜宵时间到，开造,1754190000,207,26417558,铁蛋儿Tyler,https://i2.hdslb.com/bfs/face/12b8d664cb6c5fcad3ff97132b424e40a5f7f986.jpg,2910748,"美食,吃货,夜宵,炸鸡,火鸡面",268690,1662,421,5350,760,350,0,0,25711
BV14V8CztEsV,114945152779638,1,59,2021,演奏,演奏,http://i0.hdslb.com/bfs/archive/0ab69bb2a8bd7611b4cbba0cc927a8e020466f69.jpg,梁祝是伟大的，使外国友人安静。想不到吧，小提琴可以当二胡使……也算是一种文化输出？,1753923990,32,1275343418,Yangruikee,https://i2.hdslb.com/bfs/face/0861ed56d6dd7d34911d0949a108892420f3103d.jpg,99235,"演奏挑战赛,梁祝,小提琴,演奏,二胡,留学,古典音乐,文化,独奏,文化输出",1570008,208,1352,10121,2373,1080,0,0,160195
BV1r9hnzREDG,114953625279381,1,86,2041,特摄,动漫剪辑,http://i1.hdslb.com/bfs/archive/c19f9a71407f13355ba37d6bea81a45e81273591.jpg,【𝟖𝐊/𝐇𝐃𝐑/𝟏𝟐𝟎𝐅𝐏𝐒】太空服白月魁vs嵌合体马克太空战,1754069173,179,675872284,IM闪电,https://i1.hdslb.com/bfs/face/678d87055389a45c74bd659afd935781310029fa.jpg,126096,"白月魁,灵笼第12集,灵笼白月魁,动画种草激励计划,嵌合体马克,灵笼太空战,灵笼12集白月魁vs马克,太空战,马克,灵笼",679482,549,2033,7899,3470,4005,0,0,18156
BV1RQtjzfEna,114973841820728,1,172,2073,手机游戏,动作竞技游戏,http://i2.hdslb.com/bfs/archive/8e2308f0ac4a662a78d7b19c1f8ac15bd82b29af.jpg,没有一夜长大的树 也没有一步通天的路,1754361706,168,396402430,一点也不奶的奶酪,https://i1.hdslb.com/bfs/face/15328a610ee342b7fe4258fe9c0aea5f730d4981.jpg,715725,"第五人格,第五人格新星团,第五人格夏日演绎,第五人格夏日创作,竞技游戏,第五人格庄园纳凉夜",99435,117,188,932,648,51,0,0,10401
BV1LGtjz4ExM,114973942488965,1,95,2099,数码,电脑,http://i2.hdslb.com/bfs/archive/201804c3809fff3a0edb149e339f24d484115c86.jpg,【25年8月电脑装机配置推荐】停更20天，只为带来更劲爆的视觉冲击，初心不变，致力打造全网定制标杆！做与众不同的主机！涵盖4000-4W，超详细攻略，小白也能懂,1754365308,4701,551534193,至尊定制,https://i0.hdslb.com/bfs/face/5fbb9847719371ec3ddda7fb625cc3b15cffc258.jpg,595547,"科技猎手,显卡,DIY,装机,电脑,二次元电脑,电脑配置,主机,定制电脑,配置推荐",149210,3745,777,2203,1209,710,0,0,16226
BV1izhMz2E6u,114961326017384,1,171,2071,电子竞技,射击游戏,http://i2.hdslb.com/bfs/archive/9c2487b3e8d5f782ecec09c16bc87c67a455f79a.jpg,五分钟清图，史上最速下班战车！,1754191800,442,591434636,杰Sir-三角洲行动,https://i2.hdslb.com/bfs/face/3486fe4cda715eb37271b15103a1e31a4c0e31eb.jpg,371522,FPS,558229,472,217,8650,561,94,0,0,21207
BV1Hn8zzTEVD,114943676388276,1,138,2020,搞笑,翻唱,http://i1.hdslb.com/bfs/archive/8c26cceaa170a6431a0bfa18143718493eb64ab2.jpg,你绝对没听过的不为人知的旋转少女在世末舞厅听鹅妈妈童话,1753901524,276,3546767261960257,招祢子Neko,https://i1.hdslb.com/bfs/face/dcc626dd106ff89fc34519db616a0eeb5ebfa87e.jpg,7661,"VOCALOID,串烧,初音未来,翻唱,日语翻唱,不为人知的鹅妈妈童话,高速神言,wowaka,虚拟主播,vup",126102,143,910,13188,5250,863,0,0,28619
BV17VtEzeEWj,114975100113017,1,21,2152,日常,美食记录,http://i0.hdslb.com/bfs/archive/6742b4e91c39dadf7d1aab3e9509f794ab79bd1e.jpg,当老外第一次吃巧克力威化砖看看他们会是什么反应？,1754381512,274,3546725843208792,挺嫂在西班牙,https://i0.hdslb.com/bfs/face/6996a0ed84b7f153ead852ddc889b3d87be02f74.jpg,312090,"外国人,巧克力,威化饼干",204910,451,401,1071,628,84,0,0,18989
BV1yrtuzWE7Z,114969630803277,1,95,2100,数码,手机,http://i1.hdslb.com/bfs/archive/0b953d6975a371435f32d11a2a35718600cbd3ea.jpg,轻薄重回第一，三星 Z Fold7 值得买吗？,1754301869,612,483311105,先看评测,https://i2.hdslb.com/bfs/face/043200dcc7c02a68a9ce5587ba5d1ebd785b27bf.jpg,2564533,"SAMSUNG,手机,三星超轻薄折叠旗舰,三星ZFlip7,折叠屏,三星ZFold7",67853,248,345,1317,2169,96,0,0,5134
BV1st8fzPEZo,114939717031084,1,22,2063,鬼畜调教,鬼畜综合,http://i2.hdslb.com/bfs/archive/710d9e6ced2d3b5b372d42a12dc92c520acb8907.jpg,⚡嘎！⚡,1753934100,207,2283296,小猪P_,https://i2.hdslb.com/bfs/face/e3cd0e238b61cb1c23ffae2f7f99fcc59818cf68.jpg,664408,"鬼畜,黄绿合战,MyGO,Ave Mujica,黄绿合战10th,灵感菇,爱音,咕咕嘎嘎",1276827,3547,5339,28492,26417,16945,0,88,94719
BV1gUh7zaExE,114951091915479,1,65,2071,网络游戏,射击游戏,http://i2.hdslb.com/bfs/archive/35211180899d06779c78ef9660dc048e5bacf293.jpg,但   航天基地没有懦夫！,1754014711,50,49801428,云轻柳,https://i0.hdslb.com/bfs/face/0ef5d2d241b3a25cd32723436bbe644fc3d57234.jpg,1765,"三角洲行动,三角洲欢乐剧场,基地,航天基地",1307631,345,4028,21709,9146,3475,0,0,147929
BV1VgtGzGESN,114970217943970,1,21,2197,日常,其他vlog,http://i2.hdslb.com/bfs/archive/96c8222a3e81a82ecb8480638fa658fb1d857d4f.jpg,被好朋友包围的感觉谁懂？,1754306701,210,1317825098,一只广宇,https://i2.hdslb.com/bfs/face/8b1bf31f6340a662e3431cef4b44e9a08ec9e699.jpg,547188,"生活记录,好朋友,友情",159110,206,233,605,1940,130,0,0,15546
BV1eS8Pz8ERV,114903394295584,1,253,2042,动漫杂谈,动漫评论,http://i1.hdslb.com/bfs/archive/7a878097f322e8c3c489a15e8e799056389eb558.jpg,豆瓣7.1分！《暴走恐怖故事》第二季究竟给我们带来了多少童年阴影？,1754049600,1501,90784,圣夜改,https://i1.hdslb.com/bfs/face/6abdc6e5f3ba72ab787c1e112fe5f81f9907f602.jpg,78407,"恐怖,暴走漫画,童年阴影,搞笑动画,原创动画,动漫杂谈,动画种草激励计划,七月动画种草激励,经典动画,恐怖故事,故事解说",260842,3801,481,10385,2611,577,0,0,20139
BV14Shwz1EzY,114941797340383,1,138,2128,搞笑,健身科普,http://i1.hdslb.com/bfs/archive/55ef0d43cc57c00ab1c83484e373987c14c4a383.jpg,普通人穿越到良子身上如何自救？,1753873249,599,32026774,侦探许烦烦,https://i1.hdslb.com/bfs/face/12cddd8ada95dfd639100cd9ec276ce7a57643fb.jpg,184797,"搞笑,娱乐,科普,减肥,新人,脑洞,普通人,良子,夏日燃脂进行时",1383739,2608,4706,11575,3134,4111,0,0,95647
BV134htztEfJ,114957920377626,1,17,2078,单机游戏,沙盒类,http://i2.hdslb.com/bfs/archive/dc80efa41f9c974d2560bffd8e861c3fdeddc07e.jpg,当MC服里加入东方明珠激光塔(玩家：我只是拿安卓机拍了张照，喝了口蜜雪而已😭😭,1754139600,141,189841470,Mr_牛奶,https://i0.hdslb.com/bfs/face/2354a3c3e0bcfbc0c565504060e1eca5efeaaf4d.jpg,806562,"整蛊,沙盒游戏,我的世界,服务器,服务器恶搞,东方明珠激光塔,安卓手机,东方明珠,蜜雪冰城",983282,312,897,11035,1374,380,0,0,47307
BV1QUhbzcES3,114958842993360,1,212,2150,美食侦探,美食探店,http://i2.hdslb.com/bfs/archive/0646f413c4ad811536eae4089ae82ffdbb7d6834.jpg,一个人微醺状态再战江西爆辣小炒！,1754217000,639,3032988,密子君,http://i2.hdslb.com/bfs/face/7a8d14249171e09448f4ddba1e0129584257825f.jpg,3566658,"美食,吃货,美食圈,美食vlog,探店,美食探店,密子君,美食日常,江西菜,挖掘身边的宝藏小店",319307,996,488,974,2679,687,0,0,14481
BV1q5tnzrEZG,114975922258423,1,219,2168,汪星人,狗,http://i0.hdslb.com/bfs/archive/36d406730eb88ff4d96a4aa3357e7de18e2320d9.jpg,驱散阴霾的不止有彩虹，还有小猫小狗。,1754394138,329,3546946425850423,一口一个团up主,https://i1.hdslb.com/bfs/face/33fcb94a59b9c4e52c8e95ef97176c1cf408474f.jpg,358831,"边牧,小狗,小猫,萌宠过暑假",83686,433,411,847,1789,431,0,0,14868
BV1md81zqEqy,114948005039440,1,183,2063,影视剪辑,鬼畜综合,http://i2.hdslb.com/bfs/archive/2bfcf8daf21c29ce622537cdf494e6052babb2d5.jpg,17号选手 贪财和尚 由于他俩的《发财经》，被如来愤怒除名,1753967660,250,1766355135,阿蛋侃剧,https://i0.hdslb.com/bfs/face/ac52b81df172ffdc6354d7db6139f5f117440261.jpg,46477,"开口跪,鬼畜,综艺节目,ai歌曲,三界好声音,和尚,释永信,不一样的西游记,阿难陀,摩诃迦叶",3941303,13164,5330,47381,79272,24099,0,18,177297
BV1W1t3zbEA2,114970486377740,1,257,2044,配音,动画配音,http://i2.hdslb.com/bfs/archive/8079510f6de497fa9ba5323a366567810bd64244.jpg,用了很神金的声音配了祥子成神,1754310500,94,296839300,姫宮チアキ,https://i1.hdslb.com/bfs/face/bf4856829fdf8731435c88cf191f03ebf99af2fa.jpg,4818,"配音,Ave Mujica,丰川祥子,颂乐人偶,颂乐人偶#",154273,218,684,3851,688,2592,0,0,16893
BV1GPtgzBEXF,114969379081117,1,182,2001,影视杂谈,影视解读,http://i0.hdslb.com/bfs/archive/51c2fa06e99bb57f3df3c784a0c98209620af632.jpg,把前妻拍成恐怖片恶心反派！导演你这取材是真够生活化啊！,1754295604,280,145750219,电影冷知识,https://i1.hdslb.com/bfs/face/f1df42e1b2d69b29176f142a0d40f856fb60f82d.jpg,1429869,"电影,幕后,脑洞,原创,影评杂谈,细节,导演,影视IP观察室",339106,555,317,2937,605,130,0,0,37696
BV1DAhPzRE3c,114940992030208,1,138,2154,搞笑,剧情演绎,http://i2.hdslb.com/bfs/archive/f3ef1b9dc26ce2cf05474a24aeac1af769a69c88.jpg,创意工坊之东西在自己手里就是烫手 就是送～,1753861882,87,3546909580987309,弗雷尔卓德-杨辰,https://i1.hdslb.com/bfs/face/e59912641ba4cbaadb857e30085b15cf4dcc6819.jpg,250470,"创意,探店,Vlog",550129,486,755,2335,810,1315,0,0,45750
BV1NohLzEEkT,114967550369278,1,161,2099,手工,电脑,http://i1.hdslb.com/bfs/archive/c03c318c46ab0348bb75889b6c7f709f04e1256e.jpg,伊  涅  芙  实  机,1754280000,130,7057999,牛掰的瑶子,https://i1.hdslb.com/bfs/face/efbb1365ca8a93d32ca678bac13a150762154d9a.jpg,163825,"DIY,手机游戏,图吧装机,伊涅芙,原神伊涅芙,原神",1501985,5099,1701,14647,15028,10238,0,92,100587
BV1hXhgz1EDL,114964228476906,1,208,2084,校园学习,应试教育,http://i2.hdslb.com/bfs/archive/b14c9eafef1fa9873db8dc3f635556b10eda85f8.jpg,【不朽经典】一个厕所里的概率顶级模型，适合所有高中生食用。,1754215379,1632,3546677042481210,数栋本栋,https://i0.hdslb.com/bfs/face/134ca2b6eff0da601c56d12c63815691400f1830.jpg,143954,"学习,数学,高考数学,概率统计,压轴,排列组合,概率,学习心得,全国一卷,新高考",166636,255,256,11636,572,722,0,0,42156
BV179tuzLEqS,114969764958063,1,47,2037,同人·手书,同人动画,http://i1.hdslb.com/bfs/archive/fbf7458d71707dd63eaa84f919755b6bd8d1a6b7.jpg,【罗德岛贼配军2】法⭐官⭐突⭐击⭐中,1754299719,175,12936702,克劳修斯_开尔文,https://i0.hdslb.com/bfs/face/60bf59932e24c3ff6d41556a85f6c6f804501c58.jpg,64809,"明日方舟,伺夜,斥罪,Raidian,一秒六棍,暗潮,电弧,自制动画,泰拉探索协会,明日方舟创作者应援计划",204866,323,656,7496,8011,2180,0,0,19875
BV1mh4dzXEZU,114976459069108,1,171,2071,电子竞技,射击游戏,http://i1.hdslb.com/bfs/archive/cf00ed20fdb4cb83b6afc8c3c388381625a02788.jpg,THANK YOU S1Mon,1754453400,184,31536760,EDG电子竞技俱乐部,https://i1.hdslb.com/bfs/face/90ef04ade74b3c2fea67d219992c149572964ec8.jpg,2106939,"EDG,无畏契约,VCTCN",383824,417,4332,3007,7732,17267,0,0,22795
BV1HhtGzZEaV,114969916015676,1,158,2114,穿搭,鞋服穿搭,http://i1.hdslb.com/bfs/archive/7df96114cc637e48f61501408e20c2259e5292e6.jpg,我的时尚启蒙剧——爱情公寓,1754301899,220,327738805,六一不是猫,https://i1.hdslb.com/bfs/face/47a25ce422a25856af9fa9301c45dceda8f68440.jpg,1060786,"穿搭,服饰,品牌,普通人变美指南",235530,428,243,2734,715,148,0,0,19786
BV13hhTzPEF5,114962148104225,1,47,2022,同人·手书,VOCALOID,http://i1.hdslb.com/bfs/archive/f895f6841f48c76e75a67cfd76f2160a9b3d093e.jpg,"这些血洗全网的爆曲，竟然都是""术力口""？！",1754183741,444,289196974,在下胡不龟,https://i1.hdslb.com/bfs/face/b48cf6aac90a9cb3114bcbaa4dc34dab4da05473.jpg,2109,"VOCALOID,音乐,科普,vocaloid,术曲,热门,术力口",162664,6089,1298,6426,1330,544,0,0,13787
BV1tY8dzAEiq,114937133272461,1,130,2017,音乐综合,MV,http://i1.hdslb.com/bfs/archive/4cfd10f0ec0512d330fae4e0c62c75b53846d8a1.jpg,奇 奇 怪 怪 的 K P O P 混 音 30.0,1754037000,533,1559933904,热的冰美式_,https://i0.hdslb.com/bfs/face/79ed8e4019c783f48d602cad44374a819a0feec8.jpg,118585,"EXO,TWICE,KPOP,SEVENTEEN,BLACKPINK,LE SSERAFIM,美美桑内,BigBang,NewJeans,KPOP回归前线",551482,4549,453,6224,2737,3580,0,0,50766
BV1ZshpzpE4S,114954782907391,1,17,2071,单机游戏,射击游戏,http://i0.hdslb.com/bfs/archive/8f78445373d9296e0eff4b49bbb0e20557859e1e.jpg,⚡固排这一块⚡️,1754092800,487,253100586,星空钏,https://i0.hdslb.com/bfs/face/9cd9ae3564ebeca10b078772d07d5cc73ab5179e.jpg,1432,"娱乐,电子竞技,FPS,游戏集锦,三角洲行动,高燃,踩点,固排,三角洲破壁新赛季上线",110442,269,425,1031,1833,172,0,0,7451
BV1o4h3zpEwe,114964060838938,1,251,2166,三农,农村生活,http://i0.hdslb.com/bfs/archive/d9b4b670d3bc2065d0f82c25a8b953304d3e6d6a.jpg,在农村卖货一天能赚多少钱？,1754212653,1111,1468914255,李福贵1,https://i0.hdslb.com/bfs/face/5362e90869a67fe8d9972a4a7e70187e687c5c56.jpg,458228,"生活记录,赚钱,乡村",230227,1516,1155,2077,23902,519,0,0,35869
BV1My8UzkE4H,114950387340042,1,171,2071,电子竞技,射击游戏,http://i1.hdslb.com/bfs/archive/d2c2e056566faecbeb94ee68e5cab9a62d5f188e.jpg,迷雾：下班了，打把游戏放松一下,1754003755,424,1050482689,康有成,https://i1.hdslb.com/bfs/face/2856b2c0f3f7bca04bc4b84883533eb3db3cfef9.jpg,154944,"穿越火线,FPS,电子竞技,射击游戏,推荐宝藏游戏",831221,559,201,4764,848,485,0,0,29263
BV1B6hgz9Erb,114962483649899,1,219,2168,汪星人,狗,http://i0.hdslb.com/bfs/archive/a24a24c0d5ca6fa514be807298ae1a03acf6166f.jpg,我才是原创汪仔小乔舞,1754188427,18,1356083753,养狗的本质c,https://i2.hdslb.com/bfs/face/5238ec8241e6e59bc45b944b293740fa38ce55c9.jpg,5138,"旺仔小乔,比熊,萌宠过暑假",1010906,828,1528,40346,9951,11148,0,89,140506
BV1F4h4zBEhF,114956359965743,1,126,2063,人力VOCALOID,鬼畜综合,http://i1.hdslb.com/bfs/archive/b207567047ade075cbf8deceb4eebfcdf21c1179.jpg,【哈基米】猛毒注意（完整版）,1754128800,88,519584099,是Ella,https://i2.hdslb.com/bfs/face/72571c356c74e8f7d4598e8d45df0d96378b3c31.jpg,11642,"可爱,手书,鬼畜,猛毒注意,哈基米,鬼畜星探企划",646330,239,1976,70955,18675,9122,0,73,135303
BV1bQtMzZE1w,114968020261457,1,21,2046,日常,网文解读,http://i1.hdslb.com/bfs/archive/7632d55960ec9243c0c49d294cad16beaf47c8eb.jpg,穿越者从未离开家乡……,1754273088,143,72969462,笔给你你来写_,https://i0.hdslb.com/bfs/face/8e8a57daeb8ee0b50e6fa4e66c4f18f849fc601c.jpg,1132548,"原创,小说,脑洞,曼波配音,随笔,原创剧本,笔给你你来写,沙雕段子",327033,289,1684,1459,716,164,0,0,24472
BV12ct3zbEuv,114968758328907,1,171,2070,电子竞技,MOBA游戏,http://i1.hdslb.com/bfs/archive/f6692c06d49883834efec64e8da40f1aa2f63f5c.jpg,十万个斗魂冷知识，安倍萨城邦选择不掉血，鬼鞋进对局观战，雪人撞墙加盾,1754285731,134,434873769,太农712,https://i0.hdslb.com/bfs/face/ccfef82a203b0cc5adfe9f9b3d90695dce1b42aa.jpg,32097,"技巧,冷知识,斗魂竞技场,巨像勇气,安倍萨,鬼鞋,斗魂,雪人,满血,城邦",188266,133,433,848,666,4688,0,0,10892
BV1bzh3z5EDD,114963658115312,1,168,2006,国产原创相关,AI影视,http://i1.hdslb.com/bfs/archive/d8b64626fcc31f83285b71ad69819bf66862071f.jpg,我只花一天时间做出韩立结婴,1754207278,351,3546920945453709,韩胶带本尊,https://i0.hdslb.com/bfs/face/7e63e9892175bd2aa0fba36d5e7b587d5680e3ea.jpg,11776,"电视剧,剪辑,古风,动漫,韩胶带,韩立,银月,瓦卡奖VACAT征集大赛",706874,680,1235,2056,3847,1014,0,0,19782
BV1hghJzKE54,114952618641589,1,222,2168,小宠异宠,狗,http://i1.hdslb.com/bfs/archive/597c1f4b32d12e685e3c5990f8c56f89319d0b82.jpg,这么聪明的狗子云养太舒服了,1754298000,266,421912906,天下一场梦,https://i1.hdslb.com/bfs/face/7b24cadd4cc318c2f487797040c9e52d3d0fe46d.jpg,1749319,"汪星人,动物世界,搞笑视频,vlog,乡村户外,呆萌可爱,田园犬,动物总动员",215946,697,404,1754,1491,185,0,0,17573
BV1Tdh7zoEFZ,114951276463255,1,65,2071,网络游戏,射击游戏,http://i2.hdslb.com/bfs/archive/b8f3777b3ad2e24a08e45418352cc30c451f3e15.jpg,【我的洲】bro懂我的爆率！超算单元！#10,1754017685,282,325194407,文尤里,https://i2.hdslb.com/bfs/face/b6544a3402547aaea3169ca63a90d37c25033664.jpg,41214,"直播,三角洲行动,三角洲欢乐剧场,我的洲,mc",2789734,695,1331,16028,12419,6956,0,57,148556
BV1wohVz6E9f,114964631128746,1,138,2154,搞笑,剧情演绎,http://i0.hdslb.com/bfs/archive/5886ded918e88ed4d1581d427855da1f5690d0ff.jpg,看来变装也是我擅长的领域！！,1754280000,14,477676711,田一名sir,https://i1.hdslb.com/bfs/face/4e30dae85d2e529924322aa328b20ee0e98427e1.jpg,1637954,"变装,美妆,领域,翻唱的N种打开方式",487864,698,3209,2199,661,8317,0,0,52631
BV1nQt3zsE2J,114970419266894,1,219,2168,汪星人,狗,http://i0.hdslb.com/bfs/archive/e55f61c238ac7df25fe0ff8b2aa0401298376854.jpg,爱吃苦瓜的小八戒永远离开了,1754309940,511,509278225,豫西小丁,http://i1.hdslb.com/bfs/face/aac093c74838f2fa54118da43a6b9419b9f62087.jpg,768962,"苦瓜,高加索,白菜,八戒",412932,3907,5212,2258,23499,1349,0,0,37817
BV1P4hJzxEDE,114952165790847,1,212,2150,美食侦探,美食探店,http://i2.hdslb.com/bfs/archive/7d1cf6af99fbd8b45076e5f000ff3a3ab38c1521.jpg,香港富豪，随随便便吃个快餐就168.果然是国际大都市#烧腊 #美食,1754031962,196,3493298886936758,bil品鲜园烧腊快餐店,https://i2.hdslb.com/bfs/face/a80100d257e6657880cf47786037b732d536a07a.jpg,245552,"香港,街头美食,探店",1019797,1121,1587,3921,2108,1163,0,0,78848
BV1zotVzfEXg,114971392413683,1,212,2150,美食侦探,美食探店,http://i0.hdslb.com/bfs/archive/f7490ae104ed84a9a03ccc1396ea1403cea8199d.jpg,姐妹齐心，其店断金！下班与闺蜜炸场，水单赛桌长,1754386203,1074,33878413,睿哥有点小食力,https://i1.hdslb.com/bfs/face/84bc9d5d37708ebfa3c26c9abf6e4f0f47f8e948.jpg,337950,"自助餐,生活记录,海鲜,舌尖真探事务所,闺蜜,探店,北京旅游,北京美食,Vlog",61967,436,378,528,1219,132,0,0,4370
BV1cd8qzvEgM,114942183212603,1,193,2023,MV,AI音乐,http://i1.hdslb.com/bfs/archive/57ec30269dbe81c426264460e50e7db498951745.jpg,【AI邓丽君】美美桑内 One Spot | Cover 沈佳润,1753878619,148,174382345,唯君与共,https://i1.hdslb.com/bfs/face/bae2a50cae62cb8221be8701bdf01b6986e9072f.jpg,15707,"音乐分享官,AI,COVER,邓丽君,美美桑内,One Spot",1700841,331,647,16417,10466,2676,0,0,130594
BV1FfhnzpEga,114953306577848,1,250,2197,出行,其他vlog,http://i0.hdslb.com/bfs/archive/c989888016b3c534f813cff769883551dcdd18b5.jpg,这应该是我住过服务最好的酒店了，太牛了,1754048472,264,108067091,是胡阿胡,https://i2.hdslb.com/bfs/face/47194850478df789782fc49663bf6cd793e1a2db.jpg,48684,"生活记录,记录,酒店,洛阳,HelloKitty",504409,1154,1301,18803,2451,27048,0,0,38955
BV1DE8BzUEYP,114941931558619,1,164,2126,健身,户外探险,http://i1.hdslb.com/bfs/archive/9926f050e658c19209ff3a5a2de33c99c580d9db.jpg,解密！！世界最强的硫酸湖！到底有多危险！！据说滴上一滴，就会腐蚀掉皮肤！！,1753875052,100,592095891,硬汉形象26,https://i0.hdslb.com/bfs/face/2474783de33cace1589628384614cd62c8094413.jpg,1433358,"健身,西格玛男人,廖屹东,自律,户外",5450218,861,1336,12387,1513,305,0,0,84153
BV1JftVztELD,114971375568432,1,157,2183,美妆护肤,助眠视频·ASMR,http://i0.hdslb.com/bfs/archive/ffcd02e2a93610f1971b1666617a93da9d86a21b.jpg,ASMR｜模拟化妆它又来了！！,1754324191,853,525528347,疑似被期末逼疯助眠版,https://i2.hdslb.com/bfs/face/8b381ea06c18fb5da5a8d52d86438ef9c8483bfc.jpg,47041,"美妆,催眠,助眠,无人声,asmr,放松,触发音",52666,182,455,1327,1374,40,0,0,6262
BV1kHt7zuEix,114973455947064,1,65,2071,网络游戏,射击游戏,http://i2.hdslb.com/bfs/archive/b0eb59ea4384b078241d2f0c030e109a6d8eed8b.jpg,这一枪绝对能载入史册！,1754355800,13,3546856665647986,小川CS2,https://i1.hdslb.com/bfs/face/5a22576385b470c0a9e1320deb732381b339b3de.jpg,36416,"第一视角,FPS,娱乐,CS,射击游戏,CSGO,搞笑,电子竞技,狙击,cs2",633163,147,923,12528,1890,6060,0,0,74632
BV1uStMzFEVK,114968389291559,1,257,2171,配音,动物综合·二创,http://i2.hdslb.com/bfs/archive/ed0ac8ed152e8f60ffa289a7c20c796cc260bf31.jpg,天堂啊！😭,1754278472,32,400665645,卑微鸭嘎嘎,https://i0.hdslb.com/bfs/face/18a152ffc35c44bc43eb37788d4b092b01738685.jpg,233968,"可爱,声优,配音,鸭嘎嘎,动物配音,配音小剧场",4953703,1147,3497,56811,8677,16961,0,23,344160
BV1tfhJzYENa,114952081835046,1,138,2207,搞笑,随拍·综合,http://i1.hdslb.com/bfs/archive/a67bfe899f12b226d61e04957c4d7a15ce5f4bbf.jpg,弗雷尔卓德小品之你们要的来了～,1754029998,68,3546909580987309,弗雷尔卓德-杨辰,https://i1.hdslb.com/bfs/face/e59912641ba4cbaadb857e30085b15cf4dcc6819.jpg,250471,"鬼畜,娱乐,小剧场",3289281,1566,5770,39207,37613,32011,0,15,388840
BV1oftnz6EyW,114975435659170,1,47,2037,同人·手书,同人动画,http://i1.hdslb.com/bfs/archive/3324da55dcbd3e1033f6f7c8d507e671d3950b3b.jpg,三月七的【天天天国地獄国】,1754386115,72,89031393,夜半三更_,https://i0.hdslb.com/bfs/face/2071ad7f1909776030410e9dfb19f702370f2f7c.jpg,28760,"手书,动画,星穹铁道,崩坏：星穹铁道创作者激励计划,天天天国地獄国,长夜月,三月七",539016,267,874,29682,12252,5257,0,0,77286
BV1nshLzgEAT,114965755202478,1,172,2073,手机游戏,动作竞技游戏,http://i0.hdslb.com/bfs/archive/78a6a9fa2019f9527d8e42b1b80839cd298e3f75.jpg,只用氪金忍者上段#26,1754301900,868,50001728,赵小天咯,https://i2.hdslb.com/bfs/face/08b4694637b510ee9c133ec2ba0d6b38f338d0ee.jpg,632981,"火影忍者,决斗场,搞笑,泳装黑土,泳装鼬,我要上超影,夏日黑土,格斗游戏,火影忍者手游",307875,3491,606,2792,2546,126,0,0,18392
BV15B8Cz3Ess,114947031830483,1,21,2144,日常,轻手作,http://i2.hdslb.com/bfs/archive/d25f2ab79b44536d29a0cc36c5cffce2873bf056.jpg,“主播 能做个流麻墓碑吗？”,1753952982,284,86205301,汤木檀泽,https://i1.hdslb.com/bfs/face/00fe4b50aba63c39e18fe6faa44941020398e2b7.jpg,2486272,"生活记录,流麻,流麻墓碑,殡葬行业,随手记录我的生活碎片",4138066,2695,4786,34293,16176,21557,0,17,218886
BV1LuhGz9E9Y,114963591010927,1,171,2070,电子竞技,MOBA游戏,http://i1.hdslb.com/bfs/archive/a79dd4fa26564cd4c67540196d83a52d2514dfbb.jpg,不是我喜欢的残血，直接开大！！！,1754215200,186,262503053,佐悠-Leisurely,https://i2.hdslb.com/bfs/face/79fef1e68d835d382d582e227e05a8737515a9ce.jpg,1910843,"搞笑,娱乐,电子竞技,诸葛亮,王者荣耀,王者荣耀夏日盛典,诸葛亮峡谷小动物团长,MOBA,王者荣耀山海皮肤",786689,709,804,4022,5404,1979,0,0,57207
BV1WfhPz7Ec8,114959446968848,1,65,2071,网络游戏,射击游戏,http://i2.hdslb.com/bfs/archive/db01303e867e90b427c62c71bf1c15e43beb61cc.jpg,三角洲自动假账计算V3来了！全自动计算假账头！假账配件！三角洲经济学！10分钟更新一次！三角洲行动攻略，三角洲鼠鼠偷吃模拟器更新！,1754142143,131,4201439,Orzice,https://i2.hdslb.com/bfs/face/e1c03b788b0440e84c82c118a84e9ce2e0e8c572.jpg,115810,"三角洲行动,三角洲经济学,鼠鼠偷吃模拟器,三角洲小涛查,配件,教程攻略,三角洲,图鉴,假账",394709,111,818,17690,10935,4828,0,0,23173
BV1cStnzmEQi,114975200777680,1,209,2098,职业职场,AI杂谈,http://i1.hdslb.com/bfs/archive/dec95a327f50d5907bc4ff32de0b4e09ef51a4ad.jpg,清华同窗10年后重逢：一个读博一个创业，谁的选择更明智？,1754389800,2113,20826656,糖果果的未来要发光,https://i2.hdslb.com/bfs/face/e01e5e4ffb27c1aeaf0636b226c89bcf9f7ae800.jpg,980871,"人工智能,职场,创业,找工作,视频播客,求职,Ai,Agent,WAIC,WAIC  2025",421006,329,171,3015,1455,1165,0,0,10101
BV1HPtnzEEqJ,114975771200932,1,228,2094,人文历史,科学科普,http://i0.hdslb.com/bfs/archive/c0502b97a0b40506c0818a65413a15c391171a18.jpg,中国第一长河，竟然不是长江、而是黑龙江？！,1754391236,603,390186534,蜀霞客,https://i0.hdslb.com/bfs/face/bbb82adf84214e26d5aba94edfb562800661ee14.jpg,292069,"学习,地理,探索,自然,科普,科学,黑龙江,趣味知识,长江,万物研究所",116404,489,642,1942,1460,306,0,0,9831
BV15MtGzCEww,114970167612517,1,138,2104,搞笑,自制发明/设备,http://i0.hdslb.com/bfs/archive/340325a601450606c69197821abf00f419caf93c.jpg,这等离子大炮也太帅了吧,1754305784,68,589209077,坤哥哥77,https://i2.hdslb.com/bfs/face/cf43c7adc0a6a4adf9d558c6d6004e393c194f92.jpg,288763,"短片,原创,搞笑",388903,127,813,2884,602,1525,0,0,17405
BV1588zzcEro,114943374397164,1,130,2024,音乐综合,电台·歌单,http://i2.hdslb.com/bfs/archive/4d6292d2dbef7f773fc9724371352cee0ff20448.jpg,“小时候不知道这居然是日语歌”！Sunshine Girl,1753920000,231,23285202,饿了的白熊,https://i0.hdslb.com/bfs/face/7a9aabee8887d7f95ae6b925ce4d5ffcda01a75f.jpg,392221,"歌单,电台,听歌,歌曲,治愈,日推歌单,电台新星征集令",566546,293,775,55291,4371,1583,0,0,56712
BV1Pht5ziEMK,114971090355941,1,65,2071,网络游戏,射击游戏,http://i1.hdslb.com/bfs/archive/3f2f09673e2a762b97bd6bd3afa671c202f99487.jpg,剥蒜的情谊42.0,1754362800,104,12705018,NinthA-,https://i0.hdslb.com/bfs/face/90fbf5732bd3bffd6a4d094acec17d30756f581e.jpg,190291,"猎奇,二手推荐,三角洲行动,三角洲搞笑,二手手机,转转",672676,6280,344,4548,629,926,0,0,37426
BV1DL8BzDE2z,114942032217839,1,28,2017,原创音乐,MV,http://i1.hdslb.com/bfs/archive/1f440db87de1dc1240fe70e01cb1f59bd8397241.jpg,“我们的拼好歌”,1754015400,244,86434237,比巴卜喂,https://i1.hdslb.com/bfs/face/6c6b1e807ffc49660b67a7280b3998b34f18004e.jpg,121990,"音乐分享官,混音,林俊杰,周杰伦,陶喆,方大同,王力宏,remix,拼好歌,华语乐坛",2435416,1340,1212,38822,36756,8389,0,38,138357
BV1iBh7zuEVj,114951477855517,1,65,2071,网络游戏,射击游戏,http://i0.hdslb.com/bfs/archive/464c84c4daec1003767f574cf5ab5ce1f831dcf8.jpg,M7增强后！最变态的打法！三角洲行动,1754107200,694,11703718,米尔Miru,https://i1.hdslb.com/bfs/face/9b39c80f2c33e810914b4ff7478de956c7d05961.jpg,544714,"FPS,电子竞技,射击游戏,三角洲行动,三角洲行动整活大赏,三角洲新手教学,三角洲行动烽火行动,三角洲鼠期大行动,三角洲,三角洲破壁新赛季上线",521367,946,778,2627,936,249,0,0,13425
BV1nDh8zUEAi,114958423558258,1,21,2152,日常,美食记录,http://i2.hdslb.com/bfs/archive/8e641510130577babc911d0e0b020899972935b0.jpg,有哥哥的生活是什么体验？今天和哥哥一起去吃早茶～,1754127188,291,3546863265385240,赚到钱了就买两个鸡腿,https://i1.hdslb.com/bfs/face/5b5d9d1c1debcbb61e2ad8538c440c9c2267f9b8.jpg,183388,"生活记录,早茶,转转回收,哥哥,转转,Vlog,寻找100个宝藏vlogger",283550,311,613,1853,2396,325,0,0,13294
BV17r8mzREou,114948726330736,1,126,2063,人力VOCALOID,鬼畜综合,http://i0.hdslb.com/bfs/archive/d1a75ac59decc83f242ce6538058b9f7a16da8d2.jpg,虎 哥 锐 评 旺 仔 小 乔,1753978513,92,24285551,M_SX,https://i2.hdslb.com/bfs/face/9a9b28bfdd1bb25b0130b1136152983d5da19c6b.jpg,124173,"搞笑,鬼畜,东百往事,旺仔小乔,虎哥,整活,鬼畜剧场,黄绿合战10th-黄队应援",387305,375,481,3639,644,920,0,0,12398
BV17FhHzSEjQ,114953289990541,1,219,2168,汪星人,狗,http://i0.hdslb.com/bfs/archive/bf0d305ebf18136c85e000020eee50d561129a7f.jpg,真的吓人,1754048211,36,525897538,小胖橘来也,https://i1.hdslb.com/bfs/face/83bc14f913bcf7f13fa1b376f0ed936ddeb37bd5.jpg,15702,汪星人,867974,505,1162,10320,2279,3434,0,0,127736
BV1KKhpziEEn,114952836743619,1,182,2126,影视杂谈,户外探险,http://i0.hdslb.com/bfs/archive/8299ab4225ea044315a1bc44215f4b9254f3415b.jpg,湖南男子被困水下洞穴5天后获救，详解湖南湘西溶洞救援事件,1754049600,717,87670515,神秘园SMY,https://i0.hdslb.com/bfs/face/97df512c31b322245934bfbd23613510d2203d11.jpg,1001710,"湖南,二手推荐,湖南溶洞救援,湘西溶洞救援,湘西,二手手机,溶洞,转转,洞穴,湖南湘西",1552763,8115,3593,13100,15142,3486,0,0,89104
BV13ohHzkEwS,114952870305395,1,209,2161,职业职场,公共交通,http://i2.hdslb.com/bfs/archive/da4d1b0619bb7944ce32372c5ca4c53224486f47.jpg,飞机上居然还有Wi-Fi？！我该不会是最后一个知道的吧,1754041749,32,3546903994174399,软软爱出门,https://i1.hdslb.com/bfs/face/7d33ad6f748f366442c00266ade3a537bb491392.jpg,2737,"冷知识,信息差,坐飞机攻略,飞机隐藏服务,干货分享,省钱攻略,科普冷知识",332572,37,58,33955,1088,361,0,0,25569
BV1Ba8CzLEwG,114947099003559,1,126,2063,人力VOCALOID,鬼畜综合,http://i1.hdslb.com/bfs/archive/ce74abdd88392241f79aa23631d593ccaaa3bccc.jpg,“火车里面唱K”,1753961100,141,242014,乌贼酱,https://i1.hdslb.com/bfs/face/86f8400609470083f834ae3548b731752839706f.jpg,24451,"鬼畜,揽佬,汤师爷,让子弹飞,张麻子,大展鸿图,姜文,大展宏图,马邦德,黄绿合战10th-绿队应援",2591488,834,1583,38838,69756,11656,0,36,160366
BV1MEhhz8Eet,114958188682054,1,172,2076,手机游戏,女性向游戏,http://i2.hdslb.com/bfs/archive/148a459cad7ddf8fc98eb3d265ff4161176601e9.jpg,【微恐慎入】立志当闪暖掉san界的扛把子！,1754122886,60,383005967,可以阜吾民之财兮,https://i2.hdslb.com/bfs/face/5cf6fb05e814b04dd98470d2db03553163614e57.jpg,7749,"恐怖,闪耀暖暖,闪耀暖暖二创,闪耀暖暖六周年,闪耀暖暖玩家共创,闪耀暖暖神仙打架,胆小慎入,微恐慎入",630602,125,221,7452,1139,547,0,0,80640
BV1MnhgzBEsi,114962433383584,1,138,2152,搞笑,美食记录,http://i2.hdslb.com/bfs/archive/985307d288d2c0cfe792ea60f70710f76b98966b.jpg,回农村老家给老婆包个鱼塘！,1754188170,596,382816675,猪猪狠无敌,https://i1.hdslb.com/bfs/face/5cc4e2e034cfa84dccd1b556afcad5c2f73d3d96.jpg,24051,"生活记录,包鱼塘,记录我的美食日常,乡村,农村,回家,鱼塘,农村生活",403290,486,371,2972,1422,118,0,0,17240
BV1d1hJzGEz3,114951964463844,1,184,2041,预告·资讯,动漫剪辑,http://i1.hdslb.com/bfs/archive/e2071d654f6866584cb540b5566fd3d7feab60b7.jpg,四小妖想象中的大圣！,1754028037,63,479665856,电影浪浪山小妖怪,https://i2.hdslb.com/bfs/face/c60f00b237d3227749bf460442642e04f622e497.jpg,30033,"国风,喜剧,电影,动画电影,小妖怪的夏天,浪浪山,电影浪浪山小妖怪,西游,暑期档,中国奇谭",613943,194,810,3454,986,932,0,0,37290
BV1wMh8zEEZF,114958624954675,1,161,2183,手工,助眠视频·ASMR,http://i0.hdslb.com/bfs/archive/f46c4b651cd900bacd395b5b83908e2c264e2883.jpg,饭后你想来点什么呢？ ASMR,1754129491,71,8399798,Aismr_,https://i2.hdslb.com/bfs/face/24b362b243c9b0206be406fcc6636c34e6627a18.jpg,82263,"创意,催眠,耳机,安眠向,助眠,asmr,放松,解压,触发音,极度舒适",542986,313,325,12534,634,850,0,0,50341
BV1dK8BzoE2M,114942334214129,1,17,2079,单机游戏,其他游戏,http://i2.hdslb.com/bfs/archive/19be08fdd92a4cf44425a7d6c94b57c2d9b39c7d.jpg,外国人十级中文听力,1753881105,107,472419054,炭叔91,https://i0.hdslb.com/bfs/face/2c3bcc38e11a54420dd3970ee145122a691a4fc5.jpg,62743,"游戏,游戏解说,一肺速通,速通,I Wanna",187804,470,418,6817,1336,580,0,0,25616
BV1nqtGz9EwE,114969848911405,1,252,2039,仿妆cos,cosplay,http://i2.hdslb.com/bfs/archive/a64694e7b7a1c60df6f8e8dce79228518f914e4d.jpg,碧蓝航线 2025港区盛夏清凉节·广州站 精彩回顾,1754300920,169,233114659,碧蓝航线,https://i1.hdslb.com/bfs/face/1fd5b43d5f619e6df8c8adcf13c962a3e80ee971.jpg,3305836,"二次元,漫展,手机游戏,cosplay,清凉节,碧蓝航线漫展,2025港区盛夏清凉节,碧蓝,碧蓝航线",157320,111,289,10583,1055,621,0,0,16267
BV19mtgzMEGq,114969177757335,1,228,2090,人文历史,人文历史,http://i2.hdslb.com/bfs/archive/75b7a8436104c74d1414fb470785e5430863b1e6.jpg,卫生员7次一等功:我把敌人都杀了，战友就不会受伤了！,1754293524,309,404194769,了不起De中国人,https://i2.hdslb.com/bfs/face/1b1f8ef7427502ead39a9af2498c9616c6c164ff.jpg,1594398,"神奇的闲鱼,中国军人",360222,1446,1279,3119,4543,918,0,0,33775
BV1NqhtzDEEX,114957534498456,1,47,2207,同人·手书,随拍·综合,http://i0.hdslb.com/bfs/archive/b5e8a44a9a5c5a035f2b66984636f2581b9d89f9.jpg,盗墓但小哥每秒100帧,1754125200,101,1238329219,觅2,https://i1.hdslb.com/bfs/face/f38a97470c6c7b221fea749593d59c97cb5d51c9.jpg,1351486,"张起灵,盗墓笔记,鬼畜,永劫无间手游,永劫手游张起灵,永劫手游古墓夺金,永劫无间张起灵麒麟回响,高段操作Pro Max,bug,二次元副本挑战者",938080,309,560,9391,2705,3196,0,0,75981
BV1K2h3zzEcw,114963909708783,1,21,2001,日常,影视解读,http://i0.hdslb.com/bfs/archive/2512feee6d2301e7fce0ba9d2696a487ebdecfad.jpg,我请六国的外国朋友看了《南京照相馆》,1754210451,177,32820037,歪果仁研究协会,https://i1.hdslb.com/bfs/face/216ee0636ee87c8c4293da8b186d5f6f06eea48a.jpg,4508008,"外国人,电影,历史,南京照相馆,暑假档电影",349012,410,618,3703,8577,321,0,0,41526
BV1KatjzCEoX,114973992817178,1,232,2103,科工机械,工程机械,http://i1.hdslb.com/bfs/archive/3eae68b801aacc173af798bc237e44aa30e42bf8.jpg,几十万的工程马上要交付，结果电路出了问题，物业不给签字。,1754364315,953,1985127693,城阳电工电路,https://i0.hdslb.com/bfs/face/faae5daababbf652d97faedab1a25d78b654fc44.jpg,2032395,"电工电路维修,安全用电,电工知识",120028,739,392,690,809,89,0,0,9053
BV1xEhbzQEab,114957014342733,1,17,2066,单机游戏,单机主机类游戏,http://i1.hdslb.com/bfs/archive/f2d3f9d1dd44bd8ac333cd162bc8f0049ca4f7ea.jpg,人仗虫势这一块,1754111100,309,15002163,拧不动啊真拧不动,https://i0.hdslb.com/bfs/face/512d55096f492f14722988501e7a800020320b26.jpg,1326956,"游戏实况,禁闭求生2,电子榨菜,推荐宝藏游戏",1899591,955,1539,27393,2547,6652,0,74,84818
BV1JYtJz6Egq,114976106877463,1,215,2150,美食记录,美食探店,http://i0.hdslb.com/bfs/archive/3110a22d31df08966a117ac8a6e5067961d7acca.jpg,vlog青岛好多餐,1754396543,240,1626552192,小牙一杯,https://i0.hdslb.com/bfs/face/ec6dfe41ce05a26264bdfe920ab50fb423a3d200.jpg,761424,"生活记录,吃货,青岛,记录,分享,探店,Vlog",67783,137,1378,1079,696,567,0,0,9415
BV1CahgzFEh2,114962517201994,1,214,2149,田园美食,美食制作,http://i0.hdslb.com/bfs/archive/831334efadb127cf5d3126710f3a9699453d5919.jpg,为了吃个鱼汤，修了个小猪灶台，但是到底像不像猪？,1754208000,136,1529656577,孤独美食咖,https://i2.hdslb.com/bfs/face/8f5fcf396f55e280f3fe54b4742f4973d635a2a0.jpg,908274,"美食制作,记录我的美食日常,鱼汤,乡村,乡村美食,坛子肉",1007009,607,389,1648,886,324,0,0,39658
BV1DL8BzDEuV,114942032219432,1,17,2078,单机游戏,沙盒类,http://i1.hdslb.com/bfs/archive/a8d0dc94d55dd2afa79f549b7082fb94e45073a8.jpg,当100名粉丝躲猫猫！,1753920000,1673,9596327,卡慕SaMa,https://i2.hdslb.com/bfs/face/e7ba30c9d6ac409b0b07e215fc3a7e0e5d656464.jpg,2398323,"搞笑,MC,全程高能,我的世界,Minecraft,沙雕,卡慕,百人,抽象,推荐宝藏游戏",1186651,9885,1719,15368,16873,900,0,0,86237
BV1pQtVzAE23,114971191018774,1,47,2037,同人·手书,同人动画,http://i0.hdslb.com/bfs/archive/fec892777777004f2f31ad74290db137ea478dec.jpg,尴尬的关系,1754321821,152,676618045,Jeokhwa_赤花,https://i1.hdslb.com/bfs/face/473b8120bd50fe79b0ac5ff09c8d8f7394ba437b.jpg,97684,"火柴人,原创动画,手书",302082,442,738,16425,3954,228,0,0,23908
BV1QjhWzmEcC,114954145435559,1,138,2087,搞笑,商业财经,http://i1.hdslb.com/bfs/archive/387c8d0c27be905d6a1a517529f62437eed327a5.jpg,【半佛】不割韭菜，做什么保健品？,1754125200,483,37663924,硬核的半佛仙人,https://i1.hdslb.com/bfs/face/aaf33dced1941af0946f37c62f4b48fcaba9c9a2.jpg,7798849,"科普,生活,科技,健身,学习,知识,职场,营养工厂,韭菜,万物皆可商业",1320335,364,879,5794,913,1177,0,0,50765
BV1Pi8kz9EbM,114945823935995,1,252,2039,仿妆cos,cosplay,http://i2.hdslb.com/bfs/archive/ccaa40649b89a28c22617efe9cc7c013044a76a4.jpg,当我放弃白幼瘦审美后……,1753934491,36,260199948,林茂茂_Lin,https://i0.hdslb.com/bfs/face/b4203490608f2bd29a79c9f8246542b0ced370fd.jpg,53080,"罗小黑战记,cos,罗小黑战记2,电影罗小黑战记2,鹿野,反差",5802114,1549,5867,46301,12235,5504,0,21,602939
BV1gvhuzuEZ5,114962869525013,1,184,2054,预告·资讯,二次元其他,http://i2.hdslb.com/bfs/archive/2add592834cccd22b20df60bdab91bf7be2969f4.jpg,经典科幻小说《群星，我的归宿》中国动画改编版预告片官宣！,1754276400,222,3546934774074072,莱博塔,https://i0.hdslb.com/bfs/face/5fe0ac0f22223ce4b29d59d47853feafc34ce3c3.jpg,5975,"预告片,科幻,中国动画,原创,群星我的归宿,动画种草激励计划,国漫,番剧,官宣,番剧预告",2400734,922,2346,21890,4747,6340,0,42,97542
BV1GLt5z2E9D,114970922587130,1,172,2070,手机游戏,MOBA游戏,http://i2.hdslb.com/bfs/archive/e07078a5ed6b8d9609c67a3d4c78bfba079bf1dc.jpg,想跳过晋级赛结果直接16.0顶级对抗，吓的我半个月不敢上线,1754355600,215,268941858,磊哥游戏,https://i0.hdslb.com/bfs/face/538b9090c0862782df0662b2176e726eda1c9980.jpg,2468688,"王者荣耀,王者荣耀夏日农友节",1352927,874,3179,2702,2359,1049,0,0,76981
BV1eDhGzREDd,114965017004951,1,138,2021,搞笑,演奏,http://i2.hdslb.com/bfs/archive/2a113a3cd501bf06beeebb5c3bee924951a81694.jpg,あいつら全員同窓会，但是洗衣机来唱？,1754227128,81,1159076516,非凯J,https://i2.hdslb.com/bfs/face/ff6c566af2e4bf39f37ddbcf0e459340bf54a6b4.jpg,24470,"歌曲,生活记录,日语,洗衣机演奏,あいつら全員同窓会,抽象,绝活,神人,洗衣机,整活",147581,126,686,3320,2028,2947,0,0,18350
BV1WotLzqEe5,114972029883183,1,162,2055,绘画,二次元绘画,http://i2.hdslb.com/bfs/archive/dcbf717c985d4abae16666a832fd24a6ea060e41.jpg,手绘JOJO痛本合集  一次性看个爽,1754334031,30,3546640579300260,常小小歪,https://i0.hdslb.com/bfs/face/ad6c1511032b1c2cb0a3e66ec7b32c79308fd2f4.jpg,1124,"DIO,空条承太郎,JOJO的奇妙冒险,绘画,手绘,痛本,临摹",220782,138,435,7093,1061,599,0,0,38914
BV1ZatMz6Esy,114968238227864,1,216,2063,鬼畜剧场,鬼畜综合,http://i1.hdslb.com/bfs/archive/a56c82390c6b88021436d5d171cd6aa8d6b2e8fc.jpg,旺仔小乔唱哭大佐《樱花树下的约定》,1754276280,199,7098437,天天吃八碗,https://i2.hdslb.com/bfs/face/43ea324534e97601266bcd56d0fc9b833f03d413.jpg,183877,"旺仔小乔,硬核劝降,你给我刷过几个子,沙雕,黄绿合战10th-黄队应援",724700,1653,1432,6922,2134,2905,0,0,43292
BV1C54Rz1E6g,114977230883059,1,252,2154,仿妆cos,剧情演绎,http://i2.hdslb.com/bfs/archive/431fafa5136cb0c25492d417bca01d4f99816b31.jpg,我可以接受失败，但我绝不接受没有奋斗过的自己！,1754413647,150,322480205,造梦阿瑄,https://i2.hdslb.com/bfs/face/6179ff89aa703de7a967de4e3fe4804d4988b001.jpg,779863,"生活记录,学习,唱歌,搞笑小剧场,诗朗诵,努力",368325,4650,1887,3557,7716,1057,0,0,71975
BV1DjhgzgEhW,114962752084684,1,17,2078,单机游戏,沙盒类,http://i0.hdslb.com/bfs/archive/c463c2a69e486d383fe0d7d16709eed9ab61f8df.jpg,⚡平地隐藏房子之米奇妙妙屋⚡,1754192655,317,1358043560,橙子_WZ,https://i2.hdslb.com/bfs/face/bc528a23c5e74b541dea84f2b0d03b1d8648093d.jpg,3641,"沙盒游戏,我的世界,肝帝,红石科技,像素风,米奇妙妙屋",188431,519,498,3512,5355,1178,0,0,22765
BV1YWh8zTEzM,114958792658071,1,76,2149,美食制作,美食制作,http://i1.hdslb.com/bfs/archive/ac8dad7fd6de85f42e104e2673334c465035b458.jpg,邪恶美食家被米其林大厨点名啦！戈登老师你听我解释！,1754132223,90,31642139,美味羡宝王,https://i2.hdslb.com/bfs/face/59cefea633610997273eaf86e27acf4d4a235308.jpg,583245,"美食制作,大厨,美食,黑暗料理,搞笑,我在B站做美食,美食测评,Vlog",942069,434,841,7453,621,713,0,0,87164
BV1358BzpEhu,114941981952202,1,228,2090,人文历史,人文历史,http://i2.hdslb.com/bfs/archive/81bf4aea651b75cbaaa3678d841dccd8ba13a1c9.jpg,日本全员“锭”化，看看二战时期的日本有多离谱,1753878401,1453,11270116,酒痴东梦,https://i1.hdslb.com/bfs/face/bfcdcebe775f905f28fe3406c196b723fd6dd1fa.jpg,3164487,"二战,日本,usmile笑容加,抗日",1298724,2605,1553,17367,6200,1117,0,0,59071
BV149t7z7Ee6,114975049782858,1,65,2078,网络游戏,沙盒类,http://i0.hdslb.com/bfs/archive/517177310629af5d7a65b958c25dbd3c30857373.jpg,当所有方块变成钻石块，该怎样生存,1754380983,356,35734399,小橙子姐姐解说,https://i1.hdslb.com/bfs/face/7af5ccb8df46b88ff13b172fabbfab94aad5eb28.jpg,2219004,"沙盒游戏,我的世界,生存,minecraft,MC宝藏模组推荐,小橙子姐姐",2307296,4382,298,35299,2326,80,0,71,47829
BV1YqtLznEbH,114972449314486,1,17,2079,单机游戏,其他游戏,http://i2.hdslb.com/bfs/archive/bf0626c0aead1b428121cc35a4e9bfa642359d8d.jpg,赌博是如何将你的一切吞噬掉的！贴近现实的戒赌游戏！,1754355600,5109,26240675,与山0v0,https://i2.hdslb.com/bfs/face/1dd429855a968c9d22b8ccc000a7aaabe8dbc201.jpg,4958998,"实况,游戏实况,单机游戏,恐怖游戏,实况解说,游戏视频,戒赌,赌博,推荐宝藏游戏",371483,10171,2339,8017,13781,851,0,0,36730
BV1TmhVz2EAp,114964664682643,1,138,2156,搞笑,UP主小综艺,http://i2.hdslb.com/bfs/archive/bd58544a026529d88dcdd4c0a6848134653f29fa.jpg,【Reaction】2025最火热榜Top10歌曲,1754221781,386,300994119,沙雕网友咸叽叽,https://i0.hdslb.com/bfs/face/7f6eea61bc5fe858be23e585d3d7c71c61bc91e1.jpg,3976363,"幽默,奇葩,音乐,歌单,歌曲,沙雕,流行歌曲,盘点,乐评,娱乐花式reaction",487363,7248,1806,15678,4727,693,0,0,63295
BV1Dqhpz5E4o,114954380249716,1,138,2157,搞笑,街头采访,http://i0.hdslb.com/bfs/archive/27a3b8644347f330f3a140d76900f34763ce180e.jpg,当代年轻人可真会挣钱,1754100000,252,470962000,落九川,https://i1.hdslb.com/bfs/face/c79a4d736236255643ed2ca51a8475d38a2c8bc0.jpg,2665549,"漫展,ChinaJoy,落九川,摄影师大元,芝麻租赁,芝麻租赁Chinajoy,采访,上海CJ,整活",954366,562,799,4193,1335,281,0,0,42063
BV12khnzAEUd,114953491055075,1,21,2028,日常,宅舞,http://i0.hdslb.com/bfs/archive/8e5065bb0a993f45caae384a54bdffee0b642537.jpg,肅聖！！蘿莉神鎮魂曲☆全力跳舞#动作捕捉 #宅舞 #踊ってみた @足太姬,1754051332,15,3546927868152512,绮罗星Penta,https://i2.hdslb.com/bfs/face/28aed83d45d221dceede415d289612dfb40ab160.jpg,15385,小视频,1725325,88,841,19043,1574,1625,0,0,145439
BV1uU8EztEng,114930456007333,1,65,2071,网络游戏,射击游戏,http://i1.hdslb.com/bfs/archive/d6dad4020f71731e381108723f1dc18d721f5a80.jpg,操作了一整局,1754044200,204,1078633469,伞斌一号,https://i2.hdslb.com/bfs/face/31194b7e32ffac6442387e17199873a2bc634ff9.jpg,193818,"COD,使命召唤,FPS",1153446,692,558,1751,695,123,0,0,37933
BV1FztGzWEGc,114969832265002,1,76,2152,美食制作,美食记录,http://i2.hdslb.com/bfs/archive/6499bd3c88a9391d7b75e4a317bca747fed93a09.jpg,这才是正儿八经烤羊腿！生活不就是靠这些美食小碎片聚集而成的吗？列气！,1754300621,344,3461567196694763,队长0527,https://i2.hdslb.com/bfs/face/aab34fc302ea7c169ea07074beaa89de2e96e8c7.jpg,800419,"夏天,吃货,治愈,美食,生活,烧烤,冰镇啤酒烧烤,人间烟火,Vlog,B站超高清视频计划",371093,10742,704,2621,1523,689,0,0,32687
BV17RtuzyEVx,114969815288588,1,182,2001,影视杂谈,影视解读,http://i0.hdslb.com/bfs/archive/f9545de266cc9a5e628904414d788433b7605ee4.jpg,深井求生！冷门悬疑《窨井盖》：新郎婚礼前夜意外掉入井中....,1754300261,2704,7948129,-7ero-,https://i1.hdslb.com/bfs/face/50428b929ae7e6708c5d4af38bfe4a3b51dce5f5.jpg,459076,"电影解说,悬疑,冷门,推理,7ero,窨井盖,可爱解说,万字拉片大赛",194127,3040,775,3235,6285,307,0,0,10976
BV1ozhbzTEne,114957131715590,1,138,2179,搞笑,健康科普,http://i1.hdslb.com/bfs/archive/c243573bdd34d0f5e9e43da80e18fffdc1480643.jpg,葡萄还是水蜜桃？,1754106688,46,481865498,汪医生食指比较长,https://i2.hdslb.com/bfs/face/74eb7684c2fb97a5eb9462a281af07881bef10fd.jpg,150095,"水蜜桃,葡萄酒,水果",604232,343,1374,5143,4158,5809,0,0,80953
BV159hWzpEAP,114955621761505,1,17,2079,单机游戏,其他游戏,http://i2.hdslb.com/bfs/archive/37e5ab125476c8e422e49aa2a13c971c3dc160ad.jpg,"必须使用""BUG""才能过关的小游戏？！",1754099700,406,344424146,八黄荷包蛋,https://i2.hdslb.com/bfs/face/418e8d799f4fe9c0a5f5215d91f1e82eb37fec18.jpg,11621,"游戏实况,单机游戏,小游戏,搞笑,游戏,Supertype,超级字符,整点电子榨菜",335536,4017,1281,5263,2154,289,0,0,32067
BV1e5hxzoEZf,114955001004542,1,21,2207,日常,随拍·综合,http://i2.hdslb.com/bfs/archive/3a8b8ef716cf5ed0a306dcb7dc37be35816a54eb.jpg,【MrBeast 首发】让200万人第一次喝上干净的水！,1754107200,589,1027737427,MrBeast官方账号,https://i1.hdslb.com/bfs/face/d85295bc576e059c1a549d89d405f22311571898.jpg,5453712,"英文,公益,生活,歪果仁,慈善,挑战,野兽先生,MrBeast,整活,整活儿还得看歪果仁",4189445,71514,7702,96938,221377,4622,0,1,551027
BV17sh3z9E7M,114964077484957,1,172,2064,手机游戏,单人RPG游戏,http://i0.hdslb.com/bfs/archive/82556f2d9ee6a5733ecad51618b70a20d91377a2.jpg,独家解析，昔涟丹恒伏笔？星铁3.5，前瞻救世PV细节！,1754212828,351,7466789,Jerryprpr,https://i2.hdslb.com/bfs/face/3be29be17dd83dda2f5770bc8acfa73ddcc82d6b.jpg,967587,"白厄,星穹列车团,翁法罗斯,昔涟,翁法罗斯开拓之旅,崩坏星穹铁道白厄,来古士,在黎明升起时坠落,英雄未死之前,三月七",616686,4474,1816,16060,5147,3378,0,0,78267
BV15o8kzgEBE,114945605897623,1,247,2106,新能源车,汽车测评,http://i2.hdslb.com/bfs/archive/e0034add4d163eed26526db7c27845455ebf456c.jpg,沃尔沃全新座舱体验：安全之上，智能如何进化？,1753956000,498,25480023,花生説,https://i0.hdslb.com/bfs/face/8661e5fb4b7f0409e414197675349d32bf009876.jpg,1195727,"AI,XC70,全新沃尔沃XC70车机发布,沃尔沃全新XC90,XC90,SUV,沃尔沃,豪华,车机,智能座舱",819357,840,329,2010,3265,745,0,0,4652
BV1jLtEzAEFH,114974747795302,1,182,2004,影视杂谈,影视正片搬运,http://i2.hdslb.com/bfs/archive/e495e40043a3f25d51c7f3a31f9a68ad5b3ee879.jpg,【雍正王朝72】万众期待的殿试大选终于开始啦！,1754388000,1228,70942172,貔柴,https://i2.hdslb.com/bfs/face/494eda60f33565f86892820e687d502c52b04c84.jpg,807540,"唐国强,张廷璐,每日一贤,雍正,雍正王朝,刘墨林,好剧好片重刷榜",219593,1486,461,1070,2087,83,0,0,9418
BV1gVtGzgECZ,114970117276959,1,65,2070,网络游戏,MOBA游戏,http://i2.hdslb.com/bfs/archive/b904b33459c15d49b4be2e0dd985d44cd6c05493.jpg,重铸亚连荣光，苍穹血手义不容辞！,1754305049,206,405370021,尴尬的铁根er,https://i1.hdslb.com/bfs/face/cbe228260be3e8d2b49cb2f8dde7a0a41bee1d93.jpg,5397278,"电子竞技,搞笑,王者荣耀,MOBA,亚连",1961148,1329,1438,4034,2391,576,0,0,77700
BV1gHhAz9EpC,114941176579205,1,172,2064,手机游戏,单人RPG游戏,http://i1.hdslb.com/bfs/archive/3bc1d5a0c2bcffe4d223e4e7d2ece37bd426990e.jpg,《崩坏：星穹铁道》3.5版本「英雄未死之前」前瞻特别节目,1754138700,1829,1340190821,崩坏星穹铁道,https://i2.hdslb.com/bfs/face/57b6e8c16b909a49bfc8d8394d946f908cabe728.jpg,11437452,"崩坏：星穹铁道,前瞻特别节目,崩坏星穹铁道,英雄未死之前,米哈游,miHoYo",2259025,45187,13788,23463,28244,5023,0,0,135403
BV11HhJzZEFW,114952216053868,1,228,2006,人文历史,AI影视,http://i0.hdslb.com/bfs/archive/d4df3318a47e6e12eda80942fb61b1f3ddc64642.jpg,一口气看完！以郭德纲的方式打开《死亡搁浅》，爆肝33天超长完整版！,1754125200,8470,3546879598005041,替人读书的锅年糕,https://i2.hdslb.com/bfs/face/177fd020b55f780328401d1f8ed359b46d28cef6.jpg,58444,"AI,相声,小岛秀夫,郭德纲,单口相声,剧情向,index-tts,评书,死亡搁浅,推荐宝藏游戏",1482742,2337,1373,42589,27910,12491,0,67,55402
BV1HTtnzjEoN,114975938974788,4,172,2064,手机游戏,单人RPG游戏,http://i2.hdslb.com/bfs/archive/536e699ff98af0721e17080314530562727eb8b1.jpg,《原神》剧情PV-「最幸运的孩子」,1754452800,765,401742377,原神,https://i2.hdslb.com/bfs/face/853c4a846793dfbdafd8f16a40d6d8065bdb7c6f.jpg,20088556,"原神5.8,米哈游,miHoYo,原神",314297,1040,3070,8270,15007,2589,0,0,50882
BV1C3hwzrERT,114939867958650,1,21,2102,日常,摄影摄像,http://i0.hdslb.com/bfs/archive/efcd57a6fc1b03b7df859718d613d7388ca3252e.jpg,大家期待已久的封神篇终于来了，欢迎投稿好的作品会让更多人看到,1753866019,135,3546741475379844,摄影恩哥,https://i0.hdslb.com/bfs/face/b497e49b5418b6c0cc18f5f3d80c6c08a1048d5c.jpg,679477,"摄影,风景,评论区摄影大赛,哔哩哔哩评论区摄影展,神奇的闲鱼,照片点评",1314243,1084,4694,28485,1553,507,0,82,131608
BV1YNhJzzEWt,114952601864362,1,218,2167,喵星人,猫,http://i1.hdslb.com/bfs/archive/554f496f922a28b78a701166d975e91368aef856.jpg,害，没点脑子真养不了这猫！,1754125800,242,538142100,圆圆的智子,https://i0.hdslb.com/bfs/face/16d4089d378a421d33bb56f7067727be0a992d7c.jpg,547054,"原创,搞笑,霍尼韦尔猫用净化器,霍哈宝,流浪猫,美短,狸花猫,智商,捡猫,萌宠UP主加更计划",701208,978,885,13125,27603,1235,0,0,54634
BV1GWtnzvEEB,114975485988146,1,182,2001,影视杂谈,影视解读,http://i0.hdslb.com/bfs/archive/264dd16f6573b0d3fe85a8a8ce12e4777abcaa1e.jpg,纳米黑墙封死全国建筑，子弹都打不穿，人进去只剩半截身体【科幻Fans  布玛《砖墙谜攻》,1754386932,879,206840230,科幻Fans布玛,https://i1.hdslb.com/bfs/face/78c27b565e56598877a70bed015974253b14eef7.jpg,2314238,"电影解说,密室,解谜,悬疑,电影,科幻,影评杂谈,凶杀,影视IP观察室",983884,926,506,10843,1224,118,0,0,20137
BV1NXhVzVEuY,114964614351725,1,218,2167,喵星人,猫,http://i1.hdslb.com/bfs/archive/b82cf4529270d9d3b364778fd7f814ab97fccc8d.jpg,盘点一下猫德学院的赔钱玩意,1754221055,212,508416316,本喵叫兔兔,https://i1.hdslb.com/bfs/face/dd3ca18b9504ea0db42655446efd533795811e17.jpg,2842559,"喵星人,猫德学院,缅因猫,动物总动员",1576437,814,1631,10941,146906,1368,0,11,204953
BV1DptjzSEHw,114973892288403,1,182,2001,影视杂谈,影视解读,http://i2.hdslb.com/bfs/archive/05cae39fd146f438285f8f056b6d645e384002f0.jpg,2025年韩国第一神剧？男生考公失败持枪血洗教室！60分钟完整解说+深度解析《枪口彼端》,1754362581,3246,69221252,小侠夜班车,https://i2.hdslb.com/bfs/face/398dad0b1c910307efe9a1e163a7aef500116e87.jpg,1080680,"韩国,解说,韩剧,影评杂谈,枪口彼端,深度解析,万字拉片大赛",443886,4489,1122,4984,785,585,0,0,9342
BV1tshHzvEwL,114953021494372,1,239,2122,家居房产,家居展示,http://i2.hdslb.com/bfs/archive/09df386de8b04b73969ed8e754ed855c5ec4d25b.jpg,8月份的减肥，从刷到本视频开始,1754046574,1000,1590082082,马俐管家,https://i2.hdslb.com/bfs/face/362a2668db345d6c3986d043e1dbbab29c94d198.jpg,1769193,"高能,生活记录,uwant,友望吸尘器v400,友望自集尘吸尘器专家,解压,记录,深度清洁",8437135,28193,8751,156826,52299,25838,0,12,280419
BV15EtEzcEv3,114974781349668,1,168,2037,国产原创相关,同人动画,http://i1.hdslb.com/bfs/archive/888af29e353db7d6f32f70dc069bfbb14ea4230e.jpg,开局获得龙巢争霸万族《神龙小果》第一集！,1754376099,427,279946181,小果动漫x,https://i2.hdslb.com/bfs/face/209c43010f15ad97cc789bb1b82da690f9e7dd3d.jpg,131201,"原创动画,二次元,原创动漫",2307024,66,26,71297,1929,12,0,40,54029
BV1U4hAznEH2,114941126379120,1,218,2167,喵星人,猫,http://i2.hdslb.com/bfs/archive/681664bca5767f24eaa753ef127fbac28a87111c.jpg,一向叛逆的猪咪，为何铲屎官生娃后性情大变？,1754128800,191,15131634,海藻爱麻麻,https://i0.hdslb.com/bfs/face/af49632e118e898a6597da9eb85a061b2d8f1323.jpg,349876,"喵星人,a2奶粉,a2牛奶,萌猫和萌娃,a2至初,找回生命至初的微笑,猫陪孩子长大,牛奶,人类幼崽,闪闪的儿科医生3",846976,500,771,6238,848,609,0,0,96673
BV1sh8LzGEEr,114928660780839,1,228,2090,人文历史,人文历史,http://i1.hdslb.com/bfs/archive/15b2bde4664377fdcab5a8720c173a0018efc072.jpg,亡国之君？千古词帝？说点课本上没讲的李煜,1753956000,435,3546583259941394,普普和ta的朋友们_,https://i2.hdslb.com/bfs/face/4e8812e4ba1225b401118c7e5cf4daa9038bde19.jpg,222064,"历史,人文,人文历史档案馆,普普和ta的朋友们,沉浸式课本系列,赵匡胤,李煜,课本,五代十国,南唐后主",330826,269,404,13627,3290,678,0,0,37170
BV1VXtGzCEFh,114970016682025,1,201,2082,科学科普,社会资讯,http://i2.hdslb.com/bfs/archive/ae7a94710df676b498d4fbfa9bd389f6e9335f24.jpg,网购鸡爪“缩水”，直播带货“鬼秤”何时休？,1754303337,396,439478093,中国食品报融媒体,https://i2.hdslb.com/bfs/face/41703cc47175657261e088a1efb4906da542719e.jpg,4067038,"直播带货,打假,虚假宣传,乱象",166922,402,969,779,1123,221,0,0,14770
BV1jqtMzMEtS,114968255076885,1,215,2152,美食记录,美食记录,http://i2.hdslb.com/bfs/archive/9aac8e63fe88dd66cc9ede490cd10cf53fb0b5ee.jpg,破产的鸟鲁鲁请打手护航,1754277949,406,2135588458,落听-乌鲁坐飞弹,https://i1.hdslb.com/bfs/face/23f29bb7c56afdc93be9b90ed2152ce87e4c6d61.jpg,222702,"搞笑,生活记录,美食vlog,三角洲乌鲁鲁,COS乌鲁鲁,抽象,瓜子二手车,Vlog",110782,262,280,647,1503,104,0,0,15027
BV1v7htzYE1j,114957953801371,1,182,2158,影视杂谈,旅游记录,http://i1.hdslb.com/bfs/archive/3e5b250cd168fece212066b7fde994d36c35d29a.jpg,比利时卢森堡转一转,1754138700,2452,17819768,电影最TOP,http://i2.hdslb.com/bfs/face/6b2ade215ea603b495648875c925172a863d16d4.jpg,5980164,"欧洲,生活记录,卢森堡,比利时",555591,1118,451,4141,2486,296,0,0,48468
BV1ymhnzfEiD,114953692387624,1,182,2001,影视杂谈,影视解读,http://i0.hdslb.com/bfs/archive/75da7ab7c20690b500f9214c6ccfe472c610ae79.jpg,漫威再次烂穿地心！价值观都歪了！千字赤石《钢铁之心》！,1754128800,1653,49960899,BuriedAlien,https://i0.hdslb.com/bfs/face/e41d2f3901e156f708be59a3b4f593779a9adda1.jpg,1350625,"美国队长,托尼斯塔克,复仇者联盟,钢铁侠,漫威,钢铁之心,MCU,复仇者联盟5,万字拉片大赛",2049618,16970,5131,17662,38348,6271,0,44,98224
BV1q7h8z3ERR,114958591336052,1,215,2152,美食记录,美食记录,http://i1.hdslb.com/bfs/archive/78069b41d7f9c0085ddcf40d84aa786e35519a6f.jpg,跟良子吃一期之16包泡面体重会有什么变化,1754129263,393,12160376,Crazy和弦,https://i2.hdslb.com/bfs/face/7b35a94fe6e3aee09737d7bc2438c4b0acce9e8a.jpg,390601,"生活记录,吃货,泡面,方便面,和弦今天吃什么,跟吃系列,记录我的美食日常,体重,Vlog",533121,1342,1166,945,1887,876,0,0,14753
BV1citGzsEhK,114969932731133,1,138,2207,搞笑,随拍·综合,http://i0.hdslb.com/bfs/archive/7b51547cd7e0c70e360de73d3dfcb065243fc6f3.jpg,百万粉丝up主去CJ薅羊毛能薅到多少东西？,1754304091,553,11643866,汤姆的混乱空间,https://i2.hdslb.com/bfs/face/b843951c2a2d4e48eca7ec9d33007a9ae7d8989e.jpg,1720787,"漫展,CJ,汤姆老师,荣耀GT,荣耀400系列,荣耀400,荣耀平板GT2Pro,挑战,chinajoy,整活",263509,683,1166,4238,4459,506,0,0,24501
BV1TztnzsEF8,114975653762722,1,76,2152,美食制作,美食记录,http://i1.hdslb.com/bfs/archive/dafd873243ff99c18867d0127c4acd7259d2c259.jpg,厨师长下班偷偷用边角料开小灶，做个【牛肉咖喱饭】再吃个刺身，再吃个甜品，边角料对付一天,1754390681,821,472229397,张森的日本料理,https://i0.hdslb.com/bfs/face/ac3b108b97e8a8415476ca5db05b71ea1fdf965a.jpg,281755,"厨师长偷吃,美食记录,深夜美食,整点电子榨菜",118928,487,396,1119,947,294,0,0,12776
BV1Hp4RzgEn3,114976878499788,1,201,2094,科学科普,科学科普,http://i1.hdslb.com/bfs/archive/cdba777de76076bd9ef4bf24a893a3a88495bde7.jpg,这次广东特大暴雨，到底有多厉害，为什么会这么厉害？,1754408745,241,547072854,中气爱,https://i0.hdslb.com/bfs/face/e5f6be30a18988ed92f677e6a47a346270172081.jpg,2624783,"台风,广东,竹节草,季风槽,梅雨,极端天气,40度,特大暴雨,龙舟水,万物研究所",627447,1732,5559,2385,1435,6632,0,0,28683
BV1TAhpzBEKq,114952803190895,1,138,2073,搞笑,动作竞技游戏,http://i1.hdslb.com/bfs/archive/8978abe6f5fe7aaca3027e88dec6d1e13d6d8383.jpg,“原神在他面前像个新兵蛋子”,1754040887,142,266017110,二三哥哥鸭,https://i0.hdslb.com/bfs/face/a33dc74f41771e5af4084eb313f1e224a373d19f.jpg,1051756,"氪金,王者,原神",641568,914,2376,3087,535,1790,0,0,69135
BV1B6hgz9E6g,114962483649983,1,172,2071,手机游戏,射击游戏,http://i2.hdslb.com/bfs/archive/fc52875b26ca0f9da375e3343a4cca6fe337731a.jpg,0成本无限刷曼德尔砖，半天轻松赚五六块砖！卡死游戏机制薅羊毛,1754188511,155,700446872,奔小奔Plus,https://i2.hdslb.com/bfs/face/d944c3cb2cdf5fde09371384268edff622639e7f.jpg,216142,"手游,FPS,摸金游戏,三角洲行动,三角洲,三角洲破壁新赛季上线",434755,82,355,15066,698,509,0,0,16076
BV1Wyh8zXEMX,114958490667868,1,171,2070,电子竞技,MOBA游戏,http://i2.hdslb.com/bfs/archive/b8ff8401ee577e19044557dbef56a83a1990d0d2.jpg,这才是每个关羽的梦想，深入敌后，斩敌当先（“每关梦”合集）【高燃集锦175期】,1754127497,168,489296007,牧马人明眸,https://i0.hdslb.com/bfs/face/db4878d8899584639fa6054b755a1161845c3052.jpg,1123135,"游戏,电子竞技,王者荣耀,集锦,王者荣耀夏日农友节,MOBA,关羽,高燃集锦,明眸,国服关羽",2121096,654,1104,4953,4650,1460,0,0,79098
BV1PNhnzbEMn,114952014663167,1,17,2207,单机游戏,随拍·综合,http://i0.hdslb.com/bfs/archive/2e1b663f9d810b0d7ac7e6b2dbd4f3ccc2e4fdd2.jpg,七月六大热梗，你都知道几个？,1754031829,195,608334401,Oi解说,https://i2.hdslb.com/bfs/face/9043fd511a4342873db9d5d156f665eb03a1d4ff.jpg,36091,"梗,解说,娱乐,搞笑,万恶之源,热梗",4124865,225,101,79170,1625,115,0,38,66872
BV1xt8SzGEgg,114949917508985,1,253,2042,动漫杂谈,动漫评论,http://i0.hdslb.com/bfs/archive/40bf89c0de3ddfbe5f7b9cd934d752708d761771.jpg,从小众恋足癖到票房制造机，名导演们在动画里藏了多少秘密？动画名监督风格解析·序【动画鉴赏】【演出拉片】【bilibili 次元论战】,1754020800,1399,1712915,动画疯人院,https://i2.hdslb.com/bfs/face/8cc9e8eabd273124d6554e18eff46011bd08f373.jpg,47146,"动漫杂谈,动画,电影,演出,动漫二创,拉片,监督,导演,bilibili次元论战",1078778,1475,983,17321,9348,959,0,0,34980
BV1uRhJzKEjE,114952064994893,1,21,2083,日常,综合资讯,http://i0.hdslb.com/bfs/archive/8a843bed81e3ae1f33e9c25785f321b3960c1b5f.jpg,我的新书发布。关于真相，关于改变，关于我,1754029501,99,3546705693772503,EvanKail埃文凯尔,https://i0.hdslb.com/bfs/face/c57feb99919a5f26ec6ebd876ad5cf0f5acee0a3.jpg,1354302,"学习,真相,读书,新书",241379,438,775,5339,11452,237,0,0,78030
BV1Hp8uzWEut,114906917505834,1,172,2064,手机游戏,单人RPG游戏,http://i1.hdslb.com/bfs/archive/c2e9e98fd1933fe2e8e255ef35fecfa17d79758f.jpg,《重返未来：1999》×《刺客信条》联动版本超级天赋秀：艾吉奥 Xtreme Talent: Ezio,1754366400,420,1197454103,重返未来1999,https://i2.hdslb.com/bfs/face/6a1936d5cb5b315311fedbf2d4793c4d404cac83.jpg,2785447,"手机游戏,主机游戏,重返未来：1999,超级天赋秀,重返未来联动,重返未来刺客信条联动,艾吉奥,刺客信条2,刺客信条联动,重返未来1999",155471,1284,1898,1537,1574,1530,0,0,13925
BV1xh8JzZEr2,114930254614362,1,250,2150,出行,美食探店,http://i0.hdslb.com/bfs/archive/4b2a1397cb13a041d133b11f09b984658c376e6c.jpg,挑战一口气吃14种非洲街头小吃，30块钱吃到撑，非洲赶集太好玩,1754215200,817,528461028,小钟Johnny,https://i0.hdslb.com/bfs/face/8b5dcb61618876d873d9ea0320e52d86616cca6a.jpg,2686804,跟着UP主看世界,1171602,4313,1260,3989,8913,1223,0,0,38292
BV149t7z7EvE,114975049782893,1,21,2073,日常,动作竞技游戏,http://i0.hdslb.com/bfs/archive/ff8dc5721e207be5165e5a284a231a21a73d5aad.jpg,只看画面，你能分辨出游戏和现实吗？,1754388300,311,85649095,张子zi,https://i1.hdslb.com/bfs/face/691ab8f874eb315abc6930d10255d62d834ebb0c.jpg,492816,"游戏,CJ,ChinaJoy,体验,XR眼镜,骁龙,芯片,逛展,gaming,整点电子榨菜",321746,5834,195,2123,1195,553,0,0,14057
BV1h98mz2EL3,114948860611114,1,17,2078,单机游戏,沙盒类,http://i2.hdslb.com/bfs/archive/8076de414bdb69de700c4a2813066ffdc8b36ecd.jpg,这是”老六“陷阱！,1754013600,459,29252533,幕川北,https://i1.hdslb.com/bfs/face/e04019772132a134aadbada24aaccbb1bb0dea60.jpg,2586698,"万物皆可游戏,游戏实况,游戏,单机游戏,游戏集锦,我的世界,实况解说,搞笑,游戏解说,单机联机",682299,1346,737,12055,7357,305,0,0,49452
BV1jy8mzXEig,114948625667643,1,17,2079,单机游戏,其他游戏,http://i1.hdslb.com/bfs/archive/25c64cfab1e36ae00675dea3cdc4a06644c8d26b.jpg,驯 虫 高 手,1754038800,656,546195,老番茄,http://i0.hdslb.com/bfs/face/bc5ca101313d4db223c395d64779e76eb3482d60.jpg,19837171,"高能,搞笑,老番茄,配音,斗虫公园,kabuto park,斗虫,沙雕,推荐宝藏游戏",4457607,2989,1769,58821,22775,955,0,17,143563
BV1iVhAzFESp,114941612856009,1,254,2203,亲子,生活技能,http://i0.hdslb.com/bfs/archive/77d5623552def16848710b0d1a7237f03bf8be36.jpg,乘坐电梯发生故障，记得要这样做！,1753870059,102,1390813455,黄磊讲安全,https://i0.hdslb.com/bfs/face/6923bbfd4090d0fa009872000813a4d509ba6251.jpg,132863,"电梯人,安全,电梯,电梯安全,家庭安全,电梯冲顶",1414203,802,1458,4264,838,345,0,0,60317
BV1ZUhAzNE5b,114940958475675,1,172,2064,手机游戏,单人RPG游戏,http://i2.hdslb.com/bfs/archive/0868949be6828d4f6d1d4503a283951c859f6153.jpg,【原神】流彩的踪迹/纳塔5.8开图主线④/解锁紫色颜料弹/悠悠徽章/原神5.8/纳塔5.8世界任务,1753860265,415,431073645,你的影月月,https://i0.hdslb.com/bfs/face/2e32de7b28fc491a28281a22c6ea9f5d195cbdf5.jpg,8929335,"紫色颜料,原神5.8,原神5.8版本,流彩的踪迹,悠悠徽章,游戏攻略,游戏鉴赏家,原神,原神高能团",942919,1339,594,5681,4461,993,0,0,17585
BV1WytuzHEZm,114969664295593,1,21,2046,日常,网文解读,http://i0.hdslb.com/bfs/archive/7301548f04680ae60c5070e25b7ef82fe8c9933f.jpg,你天庭上面有人？抱歉，我上面可没人了！,1754298217,151,72969462,笔给你你来写_,https://i0.hdslb.com/bfs/face/8e8a57daeb8ee0b50e6fa4e66c4f18f849fc601c.jpg,1132550,"脑洞,原创,小说,曼波配音,西游,随笔,原创剧本,笔给你你来写,沙雕段子",366773,349,797,1740,1000,317,0,0,34157
BV13dhHzVEys,114952685756081,1,76,2149,美食制作,美食制作,http://i0.hdslb.com/bfs/archive/3b7db7ddcd1cfab6225b5a26a33e78ecb071c8fe.jpg,做菜的基本功翻勺和看油温 有掌握不好的兄弟姐妹们看仔细啦#美食 #热门,1754039162,164,3546573436881590,刘小欠教做菜7,https://i2.hdslb.com/bfs/face/fe6233204fc1bc79ec6575113fe762f97722de0a.jpg,373500,"美食教程,厨艺,学习",615652,333,586,7676,1067,305,0,0,33408
BV1LkhJz5Ebp,114951930774641,1,138,2178,搞笑,亲子综合,http://i2.hdslb.com/bfs/archive/6ebbf30baaf01392a4b2e2893469604530df0cef.jpg,亲家～我和你的距离只是隔了个屏幕而已～,1754027498,106,405378715,Alice-然,https://i1.hdslb.com/bfs/face/690b4f9cc421684ff8571477f3ba8b048a88c907.jpg,908345,"亲情,妈妈,生活记录",381951,623,522,1021,515,377,0,0,44500
BV177huzDEtN,114963322505348,1,215,2149,美食记录,美食制作,http://i0.hdslb.com/bfs/archive/376ebe7dbfb467f81fac348b999d63bac59c1382.jpg,吃不完的大米粥做成梦龙巧克力蛋糕，糊弄小孩绰绰有余,1754215325,113,1201986019,留意炫饭吖,https://i1.hdslb.com/bfs/face/f4fa26aea4b9077bb23844ceb296e8736027b2fe.jpg,1447483,"甜品,萌娃,谷雨,Vlog,我的养娃日记",1040611,562,395,6017,845,1003,0,0,80842
BV18EhWzjEeu,114954128592076,1,22,2063,鬼畜调教,鬼畜综合,http://i0.hdslb.com/bfs/archive/654caf44cad4adeb6a1a455f5799908b0ee5b3cf.jpg,希希嚷嚷，我们的城失,1754087400,61,3546376331856031,小小小小洗,https://i1.hdslb.com/bfs/face/4db4b188b67bcaa769b1287579ccbc0d0c959312.jpg,3877,"MY GO!!!,GBC,Girls Band Cry,哭泣少女乐队,［GBC］哭泣少女乐队二创",698170,29705,5190,42570,8430,49731,0,97,167702
BV1vPtgzBEFk,114969379147810,1,121,2037,GMV,同人动画,http://i2.hdslb.com/bfs/archive/c75588062055cce5b2ed2b10a4da4320679b2fe7.jpg,哇！这个可以给我吃吗~,1754293571,33,21132494,林烟不是大佬,https://i2.hdslb.com/bfs/face/46ad16ee528f3bc3b11b137da97d45983b7a5cff.jpg,168464,"手书,魔性,FGO,fate,saber,阿尔托莉雅·潘德拉贡,迦勒底创作高能团,阿尔托莉雅,fgo,命运-冠位指定创作者激励计划",331189,193,832,10415,9061,1558,0,0,54723
BV1TCh3zrEdf,114963876151658,1,65,2066,网络游戏,单机主机类游戏,http://i1.hdslb.com/bfs/archive/f642d36ef935f8f07ed763a1a632f9b83881b01e.jpg,这游戏真废嗓哇,1754209676,131,3546388231097029,菜三千,https://i1.hdslb.com/bfs/face/6783c763e8e3b331eb355041daca98cd608f80a2.jpg,85807,"搞笑,生存游戏,联机游戏,娱乐,休闲,竞技游戏,沙雕,休闲益智,多人游戏,推荐宝藏游戏",890028,896,1260,33746,4150,30110,0,51,121527
BV1AahczuEqq,114940505493227,1,130,2024,音乐综合,电台·歌单,http://i1.hdslb.com/bfs/archive/3e1feee659253e140838c905c101247bb0cf9744.jpg,【宝藏音乐合集】“天空仍灿烂，它爱着大海”,1753860600,2166,3546735555119339,YQ圆缺,https://i2.hdslb.com/bfs/face/63867f59fb9f5fe6b0f088b07f904b16affea18b.jpg,37093,"歌单,音乐推荐,音乐合集,好听,听歌,宝藏音乐,电台新星征集令",1119547,1895,630,92934,8385,455,0,0,81111
BV18fhHz3Efw,114952853592115,1,183,2044,影视剪辑,动画配音,http://i1.hdslb.com/bfs/archive/9bf4933bb9051e73aa1e2245dd948d29c9d79774.jpg,津  门  浪  浪  山,1754043633,87,431233688,瑄羽猫,https://i2.hdslb.com/bfs/face/6d8a9679528499aa1ec9a772e8d0221b660ded92.jpg,1565007,"搞笑配音,天津话配音,整活,浪浪山小妖怪取经副本启动",1044619,319,850,10348,2874,5525,0,0,69813
BV1NdhwzkET4,114941461925943,1,215,2150,美食记录,美食探店,http://i2.hdslb.com/bfs/archive/204cf4dac2e5058019f6e56d79c0311489f95fd7.jpg,东北自助盒饭 16块钱60多个菜长啥样？（草料哥在沈阳篇）,1753867812,138,101682188,理查不会降落,https://i2.hdslb.com/bfs/face/459fcc7f8fcbe5ab0eac2ee1f39b0dc177d46b5d.jpg,1503287,"东北,吃货,草料哥,舌尖真探事务所,东北菜,沈阳,探店",2146310,1600,4113,15852,3038,8059,0,53,203224
BV1QMhJzqEsj,114952635484371,1,241,2009,娱乐杂谈,娱乐评论,http://i1.hdslb.com/bfs/archive/37ac24687dc9ef724792610a4d56a0c70e1569ce.jpg,一觉醒来全世界的k-pop水平下降一万倍，我成C位了,1754046000,891,111522104,接二连珊妄想症,https://i2.hdslb.com/bfs/face/81d82aaabda80c9c1f309e05fd4b23461c7b236c.jpg,643924,"综艺,孙佳洋,男宝星球2,夸克深度搜索,夸克,选秀,爱豆,舞台,K-Pop,娱乐吃瓜大会",973247,20722,2025,11267,17194,5634,0,0,59249
BV1MbtEzWE1C,114974865229121,1,212,2150,美食侦探,美食探店,http://i1.hdslb.com/bfs/archive/fa8679ab215911d47f436c0ade5dfb8411d0ef06.jpg,在贵阳来一顿夺夺粉，居然还遇到了投喂,1754384700,176,662658732,玲子reiko-,https://i0.hdslb.com/bfs/face/a8d629cf26aadac92df23448177860842cc8e133.jpg,1769175,"贵阳,记录我的美食日常",129615,112,342,745,587,663,0,0,15017
BV1kNt3zdE2P,114968976428673,1,182,2001,影视杂谈,影视解读,http://i0.hdslb.com/bfs/archive/b2ae9538f75cedc41fdd1e8baa0b6fdb084b7fde.jpg,第一斧女？！有什么事请联系我的斧头吧！万字拉片拆解《珀尔》P1,1754301600,3036,84706708,小鱼陪拉片,https://i1.hdslb.com/bfs/face/3372dd6970f8df479aad6d35da42cfd32d851681.jpg,1100777,"惊悚,悬疑,恐怖,A24,万字拆解,拉片,视听语言,米娅高斯,珀尔,万字拉片大赛",621618,1327,548,17908,8036,410,0,0,24840
BV1ngtnz5Eos,114975972528821,1,124,2081,社科·法律·心理,海外资讯,http://i0.hdslb.com/bfs/archive/ee4dad3bebf9f4380cf1fb77da2647e2ff03aa51.jpg,【睡前消息935】洪森子孙要当首相 只好卖掉他信女儿,1754397532,1190,316568752,马督工,https://i1.hdslb.com/bfs/face/1c56737dfc0deffffc31c78e0cefb0c3ecf7e000.jpg,2085728,"泰国,英国,社会,美国,睡前消息,国际,首相,洪森,马督工",245316,517,169,2567,4965,396,0,0,13003
BV1aetVzyEfy,114971644008386,1,17,2037,单机游戏,同人动画,http://i1.hdslb.com/bfs/archive/d3c569f373e0f3aeb84976231b06f911d039bcb2.jpg,NPC...觉醒了？,1754360400,166,20669779,敲萌豹风党,https://i1.hdslb.com/bfs/face/d8a9dd00877e8b81bcb9aabbdfea6429278e8162.jpg,1890933,"单机游戏,搞笑,MC,我的世界,游戏,Minecraft,mc动画,暗区突围端游,暗区突围无限,暗区端游联动2077",421408,574,470,3199,969,266,0,0,37580
BV1LThczxEkN,114940773926200,1,138,2037,搞笑,同人动画,http://i2.hdslb.com/bfs/archive/e729a9ba904d7482bcbdc3853f611dc54677134e.jpg,糟了..洗澡偷偷尿...呲到闺蜜脚上！,1753866000,159,352038217,圆方你说,https://i1.hdslb.com/bfs/face/2a3a88c873737952b9b29f6b78b73efb52d43a91.jpg,1464889,"搞笑,奇葩,拼好饭你变了,补贴是一时的拼好饭是一直的,点拼好饭只有0次和无数次,挑战吧！20元拼好饭吃一天,拼好饭6块9盲盒抽孙颖莎周边,合租,沙雕,朋友",1765195,1981,1375,17140,1033,1507,0,0,84539
BV1iChgzQELN,114964262029404,1,257,2083,配音,综合资讯,http://i2.hdslb.com/bfs/archive/d3878a60c93095125d99b487788b129785d3141d.jpg,杀死一只鸟儿最好的办法就是#小鸟在歌唱 #朗读 #配音#冥王#【高全胜】,1754215595,42,1667342531,配音演员高全胜,https://i2.hdslb.com/bfs/face/385866824e7d6c78208ae5f222b461741fb1e0cb.jpg,1155029,"唱歌,配音,鸟儿",959861,838,2257,16197,2780,1135,0,0,135792
BV1qfhEzCEHm,114952400543291,1,157,2013,美妆护肤,娱乐reaction,http://i1.hdslb.com/bfs/archive/f12f75c127ca330f7f3b0421378b0c77870ea22b.jpg,姐几个又来促进激素平衡了,1754125200,621,430926487,达达达布溜-,https://i1.hdslb.com/bfs/face/c3a05d91e4ed61afaba9bb33ec1ba8e207f2e378.jpg,2083307,"高能,帅哥,娱乐,颜值,搞笑小剧场,真实,心动,分享,鉴赏,粉丝投稿",1368030,20280,1340,24217,7974,2975,0,0,54601
BV192tGz2E6T,114970083723934,1,65,2063,网络游戏,鬼畜综合,http://i0.hdslb.com/bfs/archive/52592643c32049fcbe1efc9891500dee41f1916d.jpg,【IVL】2025夏季赛，但不太正常,1754361925,117,3461571856566600,叹禾Tater,https://i0.hdslb.com/bfs/face/171fd6ae6b16002b8d3c93cb82bbbb2defa8c8ac.jpg,661,"电竞赛事,鬼畜,第五人格,第五人格赛事,IVL,ivl夏季赛,2025IVL夏季赛,网易第五人格",99013,215,645,4211,5120,1639,0,0,15099
BV1ibhVzfEYJ,114964866073948,1,85,2154,小剧场,剧情演绎,http://i1.hdslb.com/bfs/archive/0d68150f6ce397a7919ecb1bd09b27f053fef3ee.jpg,《石头剪刀布赢了当皇帝》,1754224863,43,2026548816,乔乔和夫夫,https://i0.hdslb.com/bfs/face/b57ca61dabc302b80dec0ba2195628eac85fb4a4.jpg,2132932,"B站小剧场,恋爱,搞笑,情侣日常",536211,120,277,2125,577,662,0,0,69191
BV1ds8UzsEKR,114948525002706,1,138,2029,搞笑,街舞,http://i0.hdslb.com/bfs/archive/a1aa1ec08aee7348e5401ed1a810a34784a3361a.jpg,火过之后就会走下坡路 那往回走不就是上坡路了吗？,1753975583,20,1146388214,Aleks_Kost,https://i2.hdslb.com/bfs/face/6414e768cd99a5c51c24faf939de8f8758f36ee4.jpg,1256158,"手指舞,嘉豪天团,alekskost,轻舞蹈竖屏激励计划",2645057,615,2411,8809,5275,3026,0,73,315059
BV1W5hVzuEen,114964832452969,2,20,2028,宅舞,宅舞,http://i0.hdslb.com/bfs/archive/859673b202b90cc2dbe9773b1bc361eb9d724b61.jpg,【舞台存档】活力值和内心戏百分百的mjm,1754225071,376,661440317,-藤子Fujiko-,https://i2.hdslb.com/bfs/face/59140698240f6bc6c3caf5ffb89b4c4278f8637f.jpg,5190,"偶像,cos,世界计划,pjsk,舞台,活力,mjm,mmj,桃井爱莉",1127395,3225,1411,12271,6243,1122,0,50,131596
BV1XUtGzLEqc,114970066947334,1,124,2081,社科·法律·心理,海外资讯,http://i1.hdslb.com/bfs/archive/d5183df9a86485e9fe432a92189ee6187c5519cb.jpg,实操打假：独家特殊渠道曝光“懂王强奸13岁幼女”？！,1754304349,1926,346563107,波士顿圆脸,https://i2.hdslb.com/bfs/face/f8f0fc4114bb06a87481abe12faa006a383cbe6d.jpg,5178688,"犯罪,法律,懂王,假新闻,MAGA,萝莉岛,民粹,环球资讯站",858173,8843,8047,8990,38209,1808,0,73,72508
BV1rTtnzjETE,114975939038115,1,253,2042,动漫杂谈,动漫评论,http://i1.hdslb.com/bfs/archive/32f74a09577ee4f0eb33e1a316ae409d78e49bae.jpg,侦探先生，我的7月新番出轨了啊啊啊！【泛式】,1754393892,758,63231,泛式,https://i0.hdslb.com/bfs/face/2608aaa45309c77ac88fbfaa40e160b8c7892985.jpg,6434742,"搞笑,新番,泛式,杂谈,吐槽,恋人不行,章鱼噼的原罪,新吊带袜天使,拔作岛,小城日常",1803808,19448,9086,50905,132629,11948,0,4,216935
BV1KRt7zmE6m,114975033136231,1,21,2040,日常,二次元线下,http://i0.hdslb.com/bfs/archive/1fe6e7933967aadb85b3750ca0615cebcb60e9c0.jpg,排面拉满！带声优去漫展感受神秘仪式！,1754384400,276,210291,蚀血之暗,https://i0.hdslb.com/bfs/face/cf6bd7ce511ef7e277a8825eba9a8b6d2576965c.jpg,665666,"DNF,无畏契约,漫展整活,漫展特种兵,2025chinajoy,腾讯游戏,管泽元,chinajoy,大展宏图,ChinaJoy现场",94775,168,308,899,984,48,0,0,3263
BV1fohnzXEvr,114953256241811,1,138,2155,搞笑,语言类小剧场,http://i1.hdslb.com/bfs/archive/be52382e8fb654a2dacd1e50a06d3941aba352ce.jpg,《我对骨头不感兴趣》,1754107199,122,3493260618106936,伤心欲茄222,https://i1.hdslb.com/bfs/face/1f0cb64d9b62da7db7e6e020b78b6872dbffe55c.jpg,3274958,"搞笑,转转,八嘎,配音小剧场",2130146,1425,1410,7733,3541,1814,0,57,198203
BV1aNhbzhEFR,114957433769802,1,65,2071,网络游戏,射击游戏,http://i1.hdslb.com/bfs/archive/bcfd9ea858570b381b497332ecf36258375ddd07.jpg,换个视角看三角洲，今日大坝第一期,1754111339,135,649413109,三角洲蛋少,https://i1.hdslb.com/bfs/face/0ca00d6fb71a0f320cda2650d19caf154f276576.jpg,8946,"三角洲行动,视角,三角洲,三角洲破壁新赛季上线",1754320,855,1911,14792,2324,9027,0,0,101443
BV1YptnzKEh8,114975569939746,1,59,2031,演奏,明星舞蹈,http://i2.hdslb.com/bfs/archive/3a391a80953d8c6845f8574c09a8e4b4843263cb.jpg,暗香残留,1754388073,47,385534216,段俊piano,https://i1.hdslb.com/bfs/face/f9a72b873971d4ed869a290e1cb27b5b0468afc8.jpg,1262588,"钢琴,段俊,沙宝亮,暗香,KPOP回归前线",248055,137,277,587,975,239,0,0,17169
BV1vGhWznENw,114954195704183,1,21,2037,日常,同人动画,http://i0.hdslb.com/bfs/archive/7a5b153361b56d58893d8d91172b2755d24e3e58.jpg,“感谢你们的热爱”,1754062029,82,3546845057910803,gal小指南,https://i2.hdslb.com/bfs/face/613768ab1d9a0e0e3952c5ce234251deba4db944.jpg,14828,"剪辑,GAL,galgame,汉化组,感谢",662977,1464,2165,24366,19491,1559,0,0,131953
BV1m3tJz9Ezf,114974127031654,1,65,2065,网络游戏,MMORPG游戏,http://i0.hdslb.com/bfs/archive/db8098e3c1b19cd8b058e34444ddf43c0b147f86.jpg,梦幻西游小氪一万炼妖合成吸血鬼，小时候不敢玩的终于圆梦了【梦幻西游畅玩服】,1754366390,1094,3546558119283625,老芒果OL,https://i1.hdslb.com/bfs/face/00c59a8ecef3e063cad3a9b05261a516ed596acd.jpg,672705,"网易,梦幻西游",203820,1642,821,953,7593,600,0,0,14582
BV1ov8CzVEJv,114947132622095,1,182,2001,影视杂谈,影视解读,http://i2.hdslb.com/bfs/archive/eab4d910a8f9cfee91a11b6ca95bd1a88d9caefa.jpg,别害怕这部电影，别错过今年最佳！《南京照相馆》就一场直击灵魂的震撼,1753954182,615,79061224,刘老师说电影,https://i1.hdslb.com/bfs/face/145226ff2d32d7c99b8ea3591ffec2f38fc9d3d3.jpg,5218196,"电影解说,南京,影评杂谈,UP热评影视剧,南京照相馆",862151,2379,2918,7868,11185,2909,0,0,40670
BV1KatjzCEMH,114973992820518,1,205,2083,社会,综合资讯,http://i2.hdslb.com/bfs/archive/b1a46905b51f1f29b9c68585985c8f271e6f69a0.jpg,【1818黄金眼】就没见过比我‘非’的！600多抽的沈星回与宣传不符？,1754364058,250,354077280,1818黄金眼,https://i0.hdslb.com/bfs/face/30f3ff3f2af66abbbcc6a93c8b65e7886d33b88c.jpg,914629,"手游,抽卡,氪金,社会,恋与深空,沈星回,1818黄金眼,乙游,资讯直通车",191649,1836,3327,1538,3753,7518,0,0,9280
BV1yPtnzEEPZ,114975771269031,1,212,2152,美食侦探,美食记录,http://i0.hdslb.com/bfs/archive/ca161288796658ab7b8e24d2359915a2960b4883.jpg,在马来西亚实现海鲜自由！大龙虾+“顶流”炸鸡，这一口好吃到跺脚！,1754392112,1896,649019192,方芳的快乐生活,https://i2.hdslb.com/bfs/face/6403112ef1655c35eebc639706114d184edb3472.jpg,1821697,"搞笑,马来西亚,美食侦探,旅行,吃货,生活记录,记录我的美食日常,龙虾",478595,9693,1438,7269,43121,1122,0,0,41444
BV1T9t7zEEXG,114975049913309,1,172,2071,手机游戏,射击游戏,http://i1.hdslb.com/bfs/archive/490ceb2bd2073eff7086e7eb61383362cd153a9a.jpg,免费7套出征荣都！有墨守和没墨守差距到底有多大？,1754381127,1028,222037579,虚无-和平精英,https://i1.hdslb.com/bfs/face/6c261f469a7256a9ae01fd10474c4ea3b128757e.jpg,178304,"游戏解说,地铁逃生,对峙前线,地铁教学,冰河禁区,烽火荣都,地铁逃生周年版本,高燃,虚无,和平精英",313407,350,126,11215,1246,17,0,0,15701
BV1ZRtnzVEFu,114975418879578,1,212,2150,美食侦探,美食探店,http://i2.hdslb.com/bfs/archive/c8fe091a4a6a976a13b36b283678c06e8e153f05.jpg,云南的菌子你好“滇”，采蘑菇的小老外品尝之后光速投降！,1754385887,961,3537122973714533,老王在中国,https://i2.hdslb.com/bfs/face/5cc0f66946ba560d0ccbd8e5bffc45ac94793cf4.jpg,3439524,"生活记录,舌尖真探事务所,采蘑菇的小老外,云南美食,老外在中国,彩云之南,美食探店,菌子",224055,2452,1430,1290,4470,584,0,0,18796
BV1KntgzoEHo,114969530078578,1,172,2064,手机游戏,单人RPG游戏,http://i2.hdslb.com/bfs/archive/508527e8f279d6075d28f0aa7e73dcf25e65a96a.jpg,鸣潮海墟膨胀引发众怒？大快人心，库洛做得好,1754296075,233,29769961,芦毛灰姑娘_,https://i1.hdslb.com/bfs/face/013a3d5207788786a77de90981b2da051c95edcf.jpg,26961,"鸣潮创作激励计划,鸣潮",230315,1933,9114,530,960,2398,0,0,4489
BV1cxtMz1EQW,114968305342564,1,250,2125,出行,徒步,http://i0.hdslb.com/bfs/archive/0c05888226a63436c04cc2b50eb55c9f864bc6cc.jpg,7小时徒步,1754293391,184,409721576,茶米茶米Charmmy,https://i2.hdslb.com/bfs/face/17d06b2a7ac66c94d189f66bbccdedf9fbd459c5.jpg,1325350,"生活记录,旅游,神奇的闲鱼,户外",224576,226,680,1695,1499,235,0,0,11972
BV1ng8yzJE43,114946948011180,1,228,2090,人文历史,人文历史,http://i2.hdslb.com/bfs/archive/5acdf1ef21e38176df841e10237c0cc68d6bc5b0.jpg,在苏联出差有多危险？【神奇组织35】,1753956000,2403,23947287,小约翰可汗,https://i0.hdslb.com/bfs/face/6e40dfa4d42cf89dd59526f2e0dd1e14fb6523d8.jpg,10122197,"人物,犯罪,历史,苏联,组织,人文,知识,人文历史档案馆,世界史,探案",3499480,27065,10503,51342,122143,6749,0,4,214328
BV1JZt3znEuR,114970620598000,1,251,2083,三农,综合资讯,http://i2.hdslb.com/bfs/archive/9a5a61fbbf33fc987b987cecf2b8f59721b17c2b.jpg,为啥说“菜篮子工程”是伟大的工程？【主播说三农】,1754312838,223,1343321779,央视农业,https://i1.hdslb.com/bfs/face/c9e24623ccc91cd26c2894d2a1880dc6dc6a28c4.jpg,3621270,"菜篮子工程,主播说三农,蔬菜,农业",392988,968,2383,4204,7092,1356,0,0,56432
BV1rdhpzwEBs,114954447358161,1,138,2156,搞笑,UP主小综艺,http://i2.hdslb.com/bfs/archive/1886b7b0835f761d70241af5a3a74e5b1ab06c17.jpg,【0帧起手】防不甚防啊！这谁防得住啊哈哈哈【第四期】,1754107200,410,265457911,老鸽子从不鸽,https://i1.hdslb.com/bfs/face/c3c3cfc03639e7eef37d5c1b6356b729e1c745ec.jpg,874731,"万恶之源,石头,搞笑,奇葩,0帧起手,石头P20 Ultra,沙雕,扫地机,石头扫地机器人,石头扫地机",3409559,1646,332,85748,3950,412,0,34,96819
BV15fhtzvEWT,114957232377774,1,241,2154,娱乐杂谈,剧情演绎,http://i2.hdslb.com/bfs/archive/8b20df93044830689bc5316f93ccc313f90272c7.jpg,曹操说媒：刘备这个男人能娶吗？,1754108611,242,688489329,混饭达人,https://i0.hdslb.com/bfs/face/e2f6eb40c717fcbe845078b9a5d8f0a08c77baba.jpg,617093,"刘备,曹操,情感,历史,吐槽,段子,相亲,娱乐吃瓜大会",215309,1193,600,2873,1313,2950,0,0,30844
BV1dn82zJEgQ,114947736472957,1,138,2092,搞笑,心理杂谈,http://i2.hdslb.com/bfs/archive/198253c7de4c91a0eff049b3d445acf8022096f5.jpg,恭喜你，创造出了一个疯小孩,1753963482,99,3546883385461219,猫meme小山楂,https://i1.hdslb.com/bfs/face/2c0ab4995c2dde5f5927c6d59d6b3db798ee377d.jpg,17678,猫meme,447143,623,1101,17827,1481,3043,0,0,44445
BV1LftnzrEk1,114975435721593,1,86,2154,特摄,剧情演绎,http://i1.hdslb.com/bfs/archive/62c754aa315a348eaac82e77ad9ca680acdaca06.jpg,决斗！特效小哥大战六二二！,1754387109,229,3066511,特效小哥studio,https://i1.hdslb.com/bfs/face/6ec724a9cccb64d4e93dc1c25aea6608ac72abde.gif,4470707,"COS,特效,美少女,搞笑,龙珠,假面骑士,特摄,金铲铲天下无双格斗大会",241474,1378,258,1450,835,424,0,0,17706
BV115tJzQEi8,114974160588112,1,21,2032,日常,国风舞蹈,http://i1.hdslb.com/bfs/archive/afef08d413a4b169b6a3876300fbaa6f85889a01.jpg,“家人们！真·沙漠蹦野迪！！跳完后竟遇到这样的事…”,1754369322,99,35579222,紫颜-小仙紫,https://i2.hdslb.com/bfs/face/e7f135eb2da6407fa1d5f63fea631e92a01876db.jpg,1663990,"中国风,中国舞,4K,淘宝闪购请你喝秋天第一杯,淘小宝ChinaJoy在线炒菜,淘宝闪购cj请客二次元,淘宝闪购立秋请客二次元,天竺少女,紫颜,我在漫展跳宅舞",383657,1391,477,7062,2277,251,0,0,28847
BV1LkhJz5EEd,114951930776157,1,254,2154,亲子,剧情演绎,http://i0.hdslb.com/bfs/archive/e12b60d59b8302cd6c4396bac6115583f7676be3.jpg,个别农村博主的套路,1754027458,87,3546640096954436,周小闹是周小闹,https://i2.hdslb.com/bfs/face/3c1e9f0e717c007cac23199fe9a704ccb3b35366.jpg,791240,"生活记录,搞笑,乡村",1686105,129,193,6260,539,151,0,0,43964
BV1jJtnzMEbp,114975536320645,1,17,2066,单机游戏,单机主机类游戏,http://i1.hdslb.com/bfs/archive/a2429c1a1b7102bb97e64bd8615ce62ab300d8c0.jpg,罪恶都市难度提高1000倍，传奇车神汤米,1754387888,1428,415550560,绿帽乌龟屑,https://i1.hdslb.com/bfs/face/e3845b3ad118b24b061e4ab6c118eba0210c43db.jpg,39020,"GTA,搞笑,游戏实况,罪恶都市,难度",49634,1543,335,1177,4999,103,0,0,5566
BV1nShtzrEAK,114957668588031,1,246,2106,改装玩车,汽车测评,http://i1.hdslb.com/bfs/archive/f6f7ba182c155331c76b48af0bfe021aed51058e.jpg,详细版拓海的刹车起飘教学来了,1754115422,178,1618470,slasheAKA阿丰哥哥,https://i0.hdslb.com/bfs/face/ce426e56b8bcef74932071be0936258688330c2e.jpg,9131,"赛车,头文字D,漂移",278545,107,547,4477,572,656,0,0,10179
BV12i4dzJEVc,114978220675956,1,47,2037,同人·手书,同人动画,http://i0.hdslb.com/bfs/archive/30599e52c8d933fa2179b328a51268f83b431d95.jpg,【灵血修仙】第384集  破阵子就是墨仙子！,1754449200,885,1966711850,十缺废人,https://i2.hdslb.com/bfs/face/fe4583c3a241c32a80d890668e074ceaedb7f444.jpg,194651,"剧情,搞笑动画,原创动画,搞笑,小说,原创,沙雕修仙动画,沙雕修仙,最强动画小说家",44714,1162,819,784,4554,74,0,0,6957
BV1jktGznEPu,114969865687034,1,251,2166,三农,农村生活,http://i2.hdslb.com/bfs/archive/38e2ac5068ef92ae4bbc0a7a5260febd67fe117d.jpg,网红的真实收入，你根本想象不到,1754302643,36,3546811495090330,农人你三哥,https://i1.hdslb.com/bfs/face/e55d0c64e2ab88440e5d95988b6947edd44b0e50.jpg,544567,"守村人,农人你三哥,百万粉丝,网红,大实话",373152,141,460,1042,1377,66,0,0,48644
BV1rTtuz2ExC,114968187902103,1,21,2207,日常,随拍·综合,http://i1.hdslb.com/bfs/archive/02bd9462a952a7c1e5a704a9f502316b677b4f07.jpg,UCLA计算机硕士 刺客信条如何在巴黎上学,1754280503,113,11676354,谢万宁Shawn,https://i0.hdslb.com/bfs/face/e2f6851e850a2acb5139a718b2a36a6ea7e6693c.jpg,193219,"留学生,法国,刺客信条,雷鸟V3,全网命最硬的留学生,孟加拉,UCLA,硕士,专业动作请勿模仿,寻找100个宝藏vlogger",516401,229,470,8498,4127,775,0,0,26848
BV1yctuzDEni,114967986575380,1,229,2207,设计·创意,随拍·综合,http://i0.hdslb.com/bfs/archive/29767fd8f72c498abe90c7d5b7ce69a454597ac9.jpg,"""TETO！快使用钻头攻击足立零！"",""没热到这种地步吧喂！""——金刚重音teto与逆天星尘的奇妙历险4【术力口两句话小剧场】",1754272309,118,1907674795,绝美癫公死蟑螂,https://i1.hdslb.com/bfs/face/2a1f604a00c330a7dda688d907acfd13e892960b.jpg,13923,"搞笑,重音テト,星尘,搞笑小剧场,两句话小剧场,重音teto,术力口",159793,249,343,12458,986,966,0,0,25792
BV1wshbzmE6H,114956947162424,1,17,2078,单机游戏,沙盒类,http://i0.hdslb.com/bfs/archive/2c33a11213391a20eeb36f57fb403f6e112cb672.jpg,一口气看完圆梦镇！！,1754107531,4858,3546780297857541,沉迷游戏的島风,https://i0.hdslb.com/bfs/face/46ea40d6eed24135232ffa7310b4e60cd9831332.jpg,98990,"我的世界,实况解说,建筑,沙盒游戏,游戏实况,一口气看,像素风,小镇,合集,一口气看完",3719764,3220,640,208860,44592,1331,0,6,184830
BV1UMtJzdEXQ,114974227696183,1,47,2037,同人·手书,同人动画,http://i2.hdslb.com/bfs/archive/024d6614e8ec898d3cae43bd9fb134ff43e088f3.jpg,全宗降智我不做人一口气看完大结局,1754369327,10433,3546639987903102,蝎紫蝎,https://i0.hdslb.com/bfs/face/fd36b6a0c34f82acbd8321d2d52bcc7e377fe2a3.jpg,123495,"原创动画,二次元,一口气看完,修仙动画",45303,798,163,2685,906,75,0,0,2773
BV1FuhjzgEj8,114967147714950,1,126,2063,人力VOCALOID,鬼畜综合,http://i1.hdslb.com/bfs/archive/8d52e0efbb5bca563b67aab84bb4f7852106fa9c.jpg,【杨某人单曲】兔子，我愿为你穿上嫁衣,1754301600,94,28348490,咆哮丶土拨鼠,https://i2.hdslb.com/bfs/face/db494c60204f01f01217f92950eccabd13592969.jpg,884245,"鬼畜,搞笑,第五人格,第五人格赛事,grood,兔子英明,tzym,2025IVL夏季赛,杨某人,跳楼机",177987,349,1013,4326,3959,6183,0,0,22689
BV1Yhh3zSEvC,114963742001861,1,212,2150,美食侦探,美食探店,http://i2.hdslb.com/bfs/archive/5eed00ca187d64fc3b79b6ab598e9a349474505d.jpg,街边酱多多糖醋铁板烧，配上豪华寿司饭张力拉满！,1754215200,444,6087825,小紧张的虫虫,https://i0.hdslb.com/bfs/face/946c1bfb362b53a834daa5bde15c2cb2b1e58c4d.jpg,4947037,"美食侦探,美食,美食vlog,美食探店,挖掘身边的宝藏小店",499328,661,249,2766,2453,558,0,0,22000
BV1kEhPzyErS,114959950285319,1,253,2042,动漫杂谈,动漫评论,http://i0.hdslb.com/bfs/archive/350865c6dec38af0f50bd4026478db33d4684a15.jpg,我算出了《哪吒2》捕妖队有多少人？b站第一人,1754149866,150,13279707,最上川下山,https://i0.hdslb.com/bfs/face/0dfaedc098165ff856f35ee366e6838982cf5412.jpg,2166015,"电影,哪吒2,国漫,哪吒,魔童闹海",6579994,1463,3507,31823,6095,2511,0,19,144190
BV1iwhJzrEAC,114952434096223,1,172,2073,手机游戏,动作竞技游戏,http://i1.hdslb.com/bfs/archive/41072964bd22e7366ee0387345c9c73c51167cc3.jpg,我拿到了第五最强的监管者！！【飞莎儿】,1754042400,425,149890182,老师好我叫飞莎儿,https://i0.hdslb.com/bfs/face/c2ef7fa377567eb1fd4e386c76e66962af554919.jpg,1014262,"手游,搞笑,手机游戏,第五人格,飞莎儿,跛脚羊,红蝶,第五人格庄园纳凉夜",668947,5822,1018,4727,1918,403,0,0,59521
BV1VjtEzaE9q,114974731013443,1,235,2141,篮球,体育赛事,http://i1.hdslb.com/bfs/archive/72c798f02755b7fefe1999ddfa5d4e02aff724e0.jpg,【篮史速滑#95】超音速之子！杜兰特是如何被西雅图选中的？,1754386200,1148,443074011,西柚老黑,https://i0.hdslb.com/bfs/face/b5e676e0813b764e186cb9c6f705b5e498b00f7b.jpg,302306,"NBA,体育,篮球,杜兰特",56664,813,231,747,1278,57,0,0,4150
BV1FXtnz1E8r,114975234332369,1,172,2064,手机游戏,单人RPG游戏,http://i1.hdslb.com/bfs/archive/559bfbec86b2ebc89cca0261a32ec26183354fd0.jpg,5.8幽境危战难度5攻略！6个平民阵容推荐，通关技巧讲解,1754445600,814,31922771,Leah莉娅又迟到啦,https://i2.hdslb.com/bfs/face/eb4248f80af971d230eeb95cbc95ab6e23c546e5.jpg,379751,"原神UP主激励计划,二次元,幽境危战,N5,游戏攻略,攻略教学,圣遗物,难度5,原神,原神高能团",101056,419,1616,622,1975,342,0,0,5342
BV1qghxz8E1g,114954850015617,1,250,2126,出行,户外探险,http://i0.hdslb.com/bfs/archive/9add7c05276d23e0dda656f2d50b07e22c963181.jpg,冒死爬上世界唯一悬崖教堂，就拍到了这？？摄影｜埃塞俄比亚｜悬崖教堂｜Abuna Yemata Guh,1754132400,478,427607291,建国JianGuo_,https://i2.hdslb.com/bfs/face/2960dc381f05139b4d4d8fc360e32bd7b356916e.jpg,383217,"相机,人文,摄影,数码,非洲,旅游,教堂,徕卡,旅行影像大赛",447869,1462,497,6668,9697,688,0,0,19723
BV1pVh3zwERy,114963943266590,1,253,2001,动漫杂谈,影视解读,http://i1.hdslb.com/bfs/archive/177a99d3be49dbf7a32c6806633c15dc016a9f0b.jpg,世上没有浪浪山，或者 人人都在浪浪山。,1754210691,279,1249029768,野人少女79,https://i0.hdslb.com/bfs/face/f7b1b6f2ce7b92fd435c1318191b93f31e3bfc29.jpg,573751,"治愈,浪浪山小妖怪,UP热评影视剧",1321420,70,289,18898,1108,161,0,0,21475
BV1nThTzSEhm,114960185165889,1,126,2063,人力VOCALOID,鬼畜综合,http://i1.hdslb.com/bfs/archive/d4fd930692cdbc364213a835f89f6fcf98d458df.jpg,😭我们还能不能再对线，我在村妇面前求了几千年😭,1754190000,110,400630344,筱虹虹,https://i0.hdslb.com/bfs/face/98f9f17134d476573c1d843d48efe4148c7deab9.jpg,138814,"诸葛亮,鬼畜,唐国强,傲娇,三国,王朗,跟着唐国强膨美团下午茶免单,求佛,美团",214988,174,189,3957,843,569,0,0,59631
BV1oEhnzUEUj,114951796559409,1,210,2201,模玩·周边,潮玩玩具,http://i2.hdslb.com/bfs/archive/88c68dd50f3717ff17e075a3e5068dcba246d6f5.jpg,如果妈妈是「MC十年老玩家」，那即将上小学的女儿将会收到一？？！,1754042400,313,1691347,大橙橙橙子,https://i1.hdslb.com/bfs/face/662a233cf1f685f63d9654a7f0ff47d739eee181.jpg,2672073,"我的世界,大橙子,乐高,在一块玩一夏,乐高苦力怕,乐高经典矿镐,乐高末影人塔楼,乐高我的世界,我的世界乐高,乐高航海王热血登陆",636745,1304,1313,8674,4138,726,0,0,54784
BV1p2tnzSEke,114975301506248,1,138,2188,搞笑,自我成长,http://i0.hdslb.com/bfs/archive/a810fe4b8b00128ffabe4380e62cd93654445f93.jpg,人都是怎么变得坚定且不拧巴的,1754384330,147,1511660367,西一昂叨叨版,https://i0.hdslb.com/bfs/face/294427fa81f92c09dde0675f2e114fa0bbc5aba1.jpg,484483,情感,89589,31,173,5119,642,338,0,0,11481
BV1N2h3zzEBq,114963909709441,1,138,2126,搞笑,户外探险,http://i1.hdslb.com/bfs/archive/b4059a3c2e0e0dca63d70aef3454b37fe25219ab.jpg,【打野默示录】痛饮生化水池！荒漠地图十天纯纯坐牢😮真的传奇耐饿王啊~,1754211797,1076,1379165407,-超级小能猫-,https://i1.hdslb.com/bfs/face/9ba5a55b282a55ac2eb29267ad9ccab381678934.jpg,2398594,"荒野求生,高能,解说,德爷,转转回收,艰难,转转,抽象",1692789,2495,623,24634,6538,953,0,78,57628
BV1PUt3ztE48,114970385847938,1,17,2079,单机游戏,其他游戏,http://i1.hdslb.com/bfs/archive/79a53b0c9476e8ee8939fc0e0bae5d995cbdaaad.jpg,“嘘！”偷偷玩小游戏，不要被伪人妈妈发现了！,1754309142,1218,218813697,游泳的艾米,https://i0.hdslb.com/bfs/face/30d2889a3fb2e8b64cd368489322dc9223225fe3.jpg,1059500,"恐怖游戏,妈妈,一命速通,steam游戏,伪人,整点电子榨菜",155891,830,229,2331,1194,177,0,0,17208
BV15Whuz2Eaw,114963255398211,1,21,2186,日常,恋爱关系,http://i0.hdslb.com/bfs/archive/aa604e6451f5ea7cd933127010ddf8c1773e2996.jpg,为什么美女爱找“河童”？,1754200262,178,12473824,正宗氛围帅哥杰西卡,https://i1.hdslb.com/bfs/face/32cb94f713c81c2362df899b8d377b26b5951e3d.jpg,303668,"日本,妹子,小仙女",205891,143,216,1193,607,435,0,0,15107
BV1MVtgzaEym,114969345525103,1,193,2031,MV,明星舞蹈,http://i1.hdslb.com/bfs/archive/d8cae4207dcef765e47451f3c9d008d3ad90b9ab.jpg,【沈佳润NINA】'FREEZE!'Dance Practice,1754293614,182,3546924468668626,真的沈佳润Nina,https://i1.hdslb.com/bfs/face/8c5d0611477cf29ec7516640cbead8b019954aef.jpg,221005,"MV,音乐,4K,NINA,Freeze,沈佳润,KPOP回归前线",242389,323,456,1392,2202,128,0,0,20946
BV1gVtGzgErn,114970117277175,1,95,2099,数码,电脑,http://i0.hdslb.com/bfs/archive/26a8f7f2c3aaa31e5f35632b8bfe654cb4722114.jpg,两位家长给大一新生买笔记本，首选华为,1754305355,999,3546902624733812,海虹数码葛小强,https://i2.hdslb.com/bfs/face/c05f06a21556350b28c1967ded6b73483b3b471c.jpg,70993,"笔记本电脑,华为,大学生",460584,3499,7629,2046,2270,2110,0,0,13318
BV1p3h3zYEbM,114964027148883,1,138,2171,搞笑,动物综合·二创,http://i2.hdslb.com/bfs/archive/3bd922caa5a941dcc10d07ba6ac135a0523000c1.jpg,白薯秘制鸡腿,1754211955,58,488048942,白薯的猫meme,https://i2.hdslb.com/bfs/face/0d811781e005f581138841643ba3ae081ea5b675.jpg,163785,"意想不到的结局,搞笑,猫meme,猫meme故事会,抽象,鸡腿,meme",412260,135,332,6684,550,2843,0,0,44072
BV1RNhgzmETH,114962802413444,1,21,2207,日常,随拍·综合,http://i0.hdslb.com/bfs/archive/15f3084bead82e36a8295f50de817b1c097f185d.jpg,读评论9.95：坚果让指导版牛头去坑二爷,1754208000,92,1834271846,陈君un,https://i2.hdslb.com/bfs/face/65f841ecf609e5e56c4efe01db70be7809c5785d.jpg,626058,"植物大战僵尸,坚果,搞笑,指导版,牛头,娘化版,整点电子榨菜",1979691,939,1432,27811,1433,244,0,0,56872
BV13Yhuz6EYz,114962953411057,1,138,2160,搞笑,城市出行,http://i1.hdslb.com/bfs/archive/d00f1c08177e6e733e0d96a2f3133ff025da5889.jpg,大爷的渠道一直都很硬！,1754198616,356,22089099,手艺贾,https://i0.hdslb.com/bfs/face/6192f0ae708a9c9aa6838d699b5a9134e1ada6c8.jpg,1612348,"记录,旧货,地摊,寻找100个宝藏vlogger",589742,3377,1142,1331,1250,164,0,0,39303
BV12khnzAEj9,114953491057387,1,168,2042,国产原创相关,动漫评论,http://i2.hdslb.com/bfs/archive/8319ac5b33d631b50543542065adf71fac054d8c.jpg,评分第一？巅峰之作？7年前火爆中国【竞球小英雄】大结局居然是这样！（下）,1754051556,3284,31261235,L另唐,https://i2.hdslb.com/bfs/face/9cdbdecc498f42498f22bffa09964271ece19c6a.jpg,1249315,"动画,童年回忆,怀旧,国产动画,童年动画,国漫,猪猪侠,竞球小英雄,猪猪侠之竞球小英雄",3606010,20039,2387,62508,26005,1111,0,32,85350
BV1qRtuzyEDd,114969815352595,1,27,2028,综合,宅舞,http://i1.hdslb.com/bfs/archive/040b2be47c07f81acaec7ebb4a3f2de829339552.jpg,舞台就是我的画布  【杭州烤o】,1754300249,120,171796822,鬼鬼_onioni,https://i1.hdslb.com/bfs/face/d6a202a81c0953c7027defe2d343fbc7319b6947.jpg,305117,"宅舞,cos,世界计划,东云绘名,世界计划多彩舞台,pjsk,杭州烤o",110109,31,177,3971,1968,672,0,0,21619
BV1FNh5zNEHH,114966359185652,1,137,2018,明星综合,音乐现场,http://i1.hdslb.com/bfs/archive/45b51ee0292a9b2bd33de45ff31dbf75dd705ab8.jpg,【宋雨琦】250802 KCON LA 《没有明天》直拍 4K直拍精剪,1754249297,235,3546887695108651,CLFE0923,https://i1.hdslb.com/bfs/face/3f6205fcfa7bc01709ada38e0f072b75d0875dc9.jpg,2518,"没有明天,4K,舞台,直拍,宋雨琦,(G)I-DLE,4k直拍,4K超清直拍竞赛",491267,11436,13045,11669,15990,8636,0,0,33100
BV1YBhVzXEM9,114964564089271,1,138,2154,搞笑,剧情演绎,http://i1.hdslb.com/bfs/archive/43b29659b28a3fd1f6cdd88fed2e1c69c36e7a8f.jpg,当班里有个跑腿同学！,1754220358,94,393709394,一串大福,https://i2.hdslb.com/bfs/face/e6d1cf7df22235495d25d7ae77a4aa185e5d8c7f.jpg,1551834,"原创,搞笑,校园,搞笑小剧场,来福来福,一串大福,学生时代,外卖,真实,fyp",2110379,492,478,13078,1506,275,0,0,66695
BV1nrhWzhEBM,114953876935825,1,228,2089,人文历史,时政解读,http://i2.hdslb.com/bfs/archive/e0893e23d1dc85fdff32b77a0e8dd9be29c320d5.jpg,顶级权谋还是菜鸡互啄？泰柬冲突竟是东南亚版的继承者们？,1754096400,1073,1140672573,小王Albert,https://i0.hdslb.com/bfs/face/f9bb5dc9b5dcb3c90f9662e44fca9a7506584151.jpg,4160464,"社会观察局,泰国,妙瓦底,佩通坦,泰柬冲突,东南亚,柬埔寨,洪森,电诈,洪玛奈",2101874,6447,1782,16106,21087,1812,0,80,91021
BV1c382z4EMs,114947770025719,1,138,2196,搞笑,职业vlog,http://i1.hdslb.com/bfs/archive/b736ac9b42c8f1a4e2cba9bc4af84715033454da.jpg,谁还没点副业？,1753964553,114,1343576122,城市猎人山猫,https://i1.hdslb.com/bfs/face/2a095aebee4773165c3d0b099abf0c8f33281221.jpg,1576137,"生活记录,创业,赚钱",4160762,2236,4273,27087,25133,8373,0,27,314965
BV1FqtGz9EtH,114969848845576,1,21,2197,日常,其他vlog,http://i0.hdslb.com/bfs/archive/e49ddf1260517fd3b314456c442852fce69ba475.jpg,大家好久不见！给你们看看我的一天,1754300775,370,391329387,日本媳妇在山东农村,https://i0.hdslb.com/bfs/face/eb07d16f928ef2caf00dca0f825ac02f8df3360c.jpg,433424,"vlog,萌娃,亲子,育儿,日本媳妇,日本生活,宝妈,中日家庭,寻找100个宝藏vlogger",286306,1573,2369,1884,22154,515,0,0,24211
BV1V181z5E57,114947853911066,1,216,2044,鬼畜剧场,动画配音,http://i1.hdslb.com/bfs/archive/d3bddf56330ca1cc655650838111defdbb3800b1.jpg,光头强戒GTA,1753965444,452,179029938,智者Prophet,https://i0.hdslb.com/bfs/face/196f2a5c9bf70136f7417d5db19ef146700fd217.jpg,10966,"游戏,光头强,GTA,熊出没,搞笑配音,整点电子榨菜",664669,1980,975,8318,3989,4008,0,0,46048
BV1bZhgzGEZ7,114964446579210,1,253,2055,动漫杂谈,二次元绘画,http://i2.hdslb.com/bfs/archive/f9302ee04e6ac66b4b62c65426054ec79afae5f2.jpg,"出道25年，发明二次元""最出圈的人脸?""：武内崇",1754386200,914,1682714,昨夜梦中,https://i2.hdslb.com/bfs/face/5a2eb78dbed8b90c44a4a8a7feb7406791a70605.jpg,235971,"FGO,型月,fate,希耶尔,命运-冠位指定创作者激励计划 第三期,武内崇,画师,fgo,Fate/GrandOrder,FGO9周年庆",56931,261,309,1747,830,308,0,0,3651
BV1uhhtzREzg,114957601610153,1,250,2160,出行,城市出行,http://i2.hdslb.com/bfs/archive/e8d80ad83272398d4c4c78b3146ad6495815b317.jpg,你的城市是什么颜色的-济南,1754114031,66,629683574,丸子每天吃土,https://i2.hdslb.com/bfs/face/1a7d2674f28b9f59df30f6796251a31579ac23aa.jpg,1893,"生活记录,剪辑,颜色,记录,济南,城市,卡点",304958,256,1571,14770,15658,2669,0,0,62386
BV138huzkEzs,114962919853891,1,47,2037,同人·手书,同人动画,http://i2.hdslb.com/bfs/archive/89463191ec5dd044043cc37e0e7cb84ce7d84393.jpg,方源的奇妙冒险：不灭宿命,1754195043,15,183788517,大力村,https://i0.hdslb.com/bfs/face/efdd0aff6f87cceb06e529263c6e7362fd4b0bd1.jpg,10747,"大爱仙尊,宿命大战,仙工开物,#仙工开物,2025中洲炼蛊大会,jojo的奇妙冒险,古月方源",696056,198,1269,25055,8632,6841,0,0,74065
BV1bE8BzmEER,114941931815986,1,138,2029,搞笑,街舞,http://i1.hdslb.com/bfs/archive/53ce2ac968bbc107da74e4cd39ed9b659c71c8e0.jpg,这个喷不了 人家就是做这个的#嘉豪天团,1753874960,26,1146388214,Aleks_Kost,https://i2.hdslb.com/bfs/face/6414e768cd99a5c51c24faf939de8f8758f36ee4.jpg,1256159,"手指舞,嘉豪天团,alekskost,暑期练舞日记",848422,600,1270,6144,1966,3744,0,0,123711
BV1QVhgzVEtx,114962718721292,1,121,2064,GMV,单人RPG游戏,http://i1.hdslb.com/bfs/archive/4fa5f0961ad1f455aa87876676d6761bfe6be668.jpg,此刻，玩家们开始意识到这个游戏带着崩坏前缀的严重性,1754191917,142,34140519,做一只老鸽子,https://i0.hdslb.com/bfs/face/04e5cadfbaa764f3a0b7b400416afb747442a637.jpg,64574,"崩坏学园2,崩坏3,爱莉希雅,白厄,崩坏星穹铁道,昔涟,星穹铁道白厄,姬子,希儿",100318,124,289,5840,3811,420,0,0,11117
BV1G3hhzNE3S,114958272566477,1,138,2154,搞笑,剧情演绎,http://i0.hdslb.com/bfs/archive/ebb5f79edd40d833961ee15bc49e8d3517fe1f09.jpg,《入类5.0》,1754132400,107,70429299,嘞是唐孃孃,https://i0.hdslb.com/bfs/face/7685255299c9892d57048aca5f960c59b6850533.jpg,1706318,"暑假,高中生,校园,搞笑,娱乐,原创,搞笑小剧场,转转回收,转转,夏令营",1086550,1250,638,4605,1258,699,0,0,89624
BV1TttjzjEFr,114974110257103,1,219,2168,汪星人,狗,http://i1.hdslb.com/bfs/archive/00c41cf2ba3397c8d3643f2ace8b194ec627e792.jpg,《宣布十一肿瘤的结果》,1754366010,362,414702734,哈仔十一,https://i2.hdslb.com/bfs/face/4c4f01fe482e61655e8f13b1bbc5a2a7346b5610.jpg,993729,"哈士奇,边牧,二哈,可爱,搞笑,伯恩山,动物总动员,智商",288482,1181,625,532,2196,110,0,0,14815
BV1PitEzUEti,114974848453762,1,172,2038,手机游戏,模玩周边,http://i2.hdslb.com/bfs/archive/e7f4584b868536a3eb663f1ed5581935f84f4890.jpg,第五人格COA7全图鉴展示,1754384400,382,8618005,凉哈皮,https://i1.hdslb.com/bfs/face/7a7b0e1e2be687c6373edb72df9df3269610b201.jpg,1754413,"第五人格,第五人格赛事,IVL,深渊的呼唤7,图鉴,赛事周边,凉哈皮,第五人格庄园纳凉夜",58344,390,331,699,1249,278,0,0,7640
BV1nYhJzHEUT,114952367185150,1,254,2148,亲子,其他手工,http://i1.hdslb.com/bfs/archive/2aeb06ea6b5baf935ad67904362a81929376f18b.jpg,完成了！不难，轻松拿捏！,1754042400,253,202290692,于锡明,https://i2.hdslb.com/bfs/face/9fb4d0db3e112f008a693a9fb0370ca2c0130ac2.jpg,155766,"手工,拼图,日常vlog",762515,172,149,11098,1253,48,0,0,19447
BV1vztJzvEAN,114976039633168,1,253,2043,动漫杂谈,动漫速读,http://i2.hdslb.com/bfs/archive/d3556370af3435a602fbf76c97f9dd470c1b84a0.jpg,火麟飞暴怒揍天羽，苗条俊菜刀砍冥王,1754395217,327,1249738739,刘成lcc,https://i2.hdslb.com/bfs/face/a01f302dc0742f3602724c32d64f6f54fa0d9b78.jpg,226836,"童年回忆,超兽武装,童年,国产动画,冥王,国漫,天羽,火麟飞",146226,455,232,1929,695,92,0,0,10173
BV1pt81zdEhB,114948239791666,1,172,2071,手机游戏,射击游戏,http://i2.hdslb.com/bfs/archive/81ec7ee3764032df29ae56e7198aeb2dcc6539ba.jpg,全网最专业一图无脑得吃教学,1754037300,916,35753864,TGEe_,https://i2.hdslb.com/bfs/face/03ebb90e4bdda62b2cb6f61f84dea61b74ca4e3e.jpg,49644,"原创,地铁逃生,对峙前线,得吃,搜打撤,地铁逃生周年版本,一图,教程攻略,硬核测评,和平精英",1958505,1575,1394,74889,16915,2021,0,72,68075
BV1szhTzZEQW,114962248830736,1,220,2171,动物二创,动物综合·二创,http://i2.hdslb.com/bfs/archive/862bef90dbb4df3c9e34adadb5bf28ba526df7a1.jpg,当你放了暑假回老家,1754184785,213,41865233,猫meme小日记,https://i2.hdslb.com/bfs/face/bab3d14f4371bd792d1603348dcec469b364b5ea.jpg,20752,猫meme,158710,143,294,1080,1082,95,0,0,12455
BV1kG8UzeEKs,114948390914587,1,172,2078,手机游戏,沙盒类,http://i2.hdslb.com/bfs/archive/63d68aafe4a85837426e1e2ac9640f9ad558e8f8.jpg,迷你世界368到373集，狗蛋来了，他叫执笔乱涂鸦,1753974408,796,672687948,二狗子玩游戏本人,http://i0.hdslb.com/bfs/face/700c1a7c062bd939af79fd64e374dc847b4fc906.jpg,510058,"沙盒游戏,搞笑,游戏实况,狗蛋回归,老沙,沙雕,狗蛋,竞技游戏,迷你世界,上得物得得物",286827,1453,501,6823,3119,140,0,0,15202
BV1Z38yzmEh6,114946998275336,1,247,2106,新能源车,汽车测评,http://i2.hdslb.com/bfs/archive/396a6fe37129f895928a16286fe2e14b3ed6ea26.jpg,爱折腾的人为何都不内耗？先出发才是生活的最优解！,1753956045,686,350632501,在下小苏,https://i1.hdslb.com/bfs/face/23214f8e9a4182ebe4cd193ee7b757e8c82f249a.jpg,1412334,"小米,汽车,科技,小米YU7,YU7,先进感生活,露营,新能源,内耗,我和青春B耶了",1032492,441,311,5289,1694,781,0,0,33624
BV1gStMzFEUW,114968389294910,1,212,2150,美食侦探,美食探店,http://i1.hdslb.com/bfs/archive/33a21db8a8db6036a50f55951b26e84ed49375fc.jpg,邯郸.特色小吃 厨子探店¥34,1754278947,229,544336675,真探唐仁杰,https://i1.hdslb.com/bfs/face/f82b7cb6e6b9e2351bb201f668af10b66b4d0d5c.jpg,4444007,舌尖真探事务所,850005,610,1362,4252,1726,1909,0,0,90819
BV1EthPzzEx8,114960051079988,1,17,2078,单机游戏,沙盒类,http://i1.hdslb.com/bfs/archive/6e4d8b02d303b1b5dff97f57b27ccc90e38ca217.jpg,我的世界：狙击枪每升五级进化一次，最后直接无敌了,1754182800,471,2131909,特技是我,https://i1.hdslb.com/bfs/face/a124bd9ef449970bb015f047959f715102ddfd53.jpg,31519,"我的世界,FPS,狙击,第一视角,电子竞技,生存,MOD,沙盒游戏,沙雕,像素风",1056636,698,84,45864,2779,39,0,85,48095
BV1TShVzLEVz,114964715019479,1,71,2009,综艺,娱乐评论,http://i1.hdslb.com/bfs/archive/de3e02a757f764020e71856ac786e89c0902bf01.jpg,恋爱？出轨？结婚？歌曲争夺？来看看七月都有哪些瓜！,1754223410,1850,8365699,郭本尼,https://i1.hdslb.com/bfs/face/3ce90cff218ea393de8487cfa38a878a1ba168a2.jpg,1201339,"李惠利,汪苏泷,梓瑜,旺仔小乔,郭本尼,田栩宁,八卦,张碧晨,娱乐考古放大镜",387938,5350,2536,2420,7216,836,0,0,17279
BV1pWhbzEEjb,114956964007631,1,27,2063,综合,鬼畜综合,http://i0.hdslb.com/bfs/archive/5349d12750596ae09d35f6e8fd493094fd0742c6.jpg,旺仔小乔亲口承认榜一大哥是老❤乔，老乔见面后大喊退钱！,1754193900,84,2918828,在下迪奥哒,https://i2.hdslb.com/bfs/face/941f11650231f21d65554240ba9b658291ce4f80.jpg,301692,"鬼畜,十六夜咲夜,迪奥,DIO,JOJO的奇妙冒险,二次元,旺仔小乔,动画种草激励计划,承太郎,乔鲁诺",268780,296,297,3817,764,906,0,0,19202
BV1E9tuzLEMR,114969764955742,1,201,2094,科学科普,科学科普,http://i2.hdslb.com/bfs/archive/c6040487d535f0baeff31595980dfa439e84bd53.jpg,动物的繁殖系统和排泄系统，为什么靠得这么近？,1754391600,160,1271916102,上将王司徒,https://i0.hdslb.com/bfs/face/1382786fbc113f7037b3bd4305166085611f737e.jpg,2277200,"人类,系统,科普,自然,生物,科学,生命,动物",513548,448,1018,4410,848,579,0,0,28312
BV1WihxzkE3s,114956712283985,1,216,2063,鬼畜剧场,鬼畜综合,http://i1.hdslb.com/bfs/archive/ca5a733e6fcc8af37247a9f1521b1140d81b4cb0.jpg,当 韩 红 遇 到 旺 仔 小 乔,1754101075,124,7098437,天天吃八碗,https://i2.hdslb.com/bfs/face/43ea324534e97601266bcd56d0fc9b833f03d413.jpg,183877,"鬼畜,旺仔小乔,你给我刷过几个子儿,韩红,转转",606710,2409,523,5866,1655,2059,0,0,30733
BV1SgtJzsE2t,114974143811798,1,183,2002,影视剪辑,影视剪辑,http://i2.hdslb.com/bfs/archive/1d5d0f58ff2917b343d481813938dbc18436fdd1.jpg,真的很喜欢这种结尾，这又是谁的青春呢？(第二期）,1754366473,197,111578972,前前前世的陌生人,https://i2.hdslb.com/bfs/face/caa531d35eb71a06403da433b0549fe623675dfd.jpg,336375,"星爷,周星驰,电影,剪刀手安利大赛,大话西游之月光宝盒,名场面,回忆杀,大话西游之大圣娶亲,新精武门1991,B站好片有奖种草",183835,386,140,2715,838,145,0,0,10558
BV15shTzMEPS,114960336165739,1,17,2079,单机游戏,其他游戏,http://i2.hdslb.com/bfs/archive/90ecbbb3c4fa792313084632822d891f898384dc.jpg,我的好兄弟看视频不点赞被「告上法庭」!!!!!!?,1754179200,1801,84130356,夏天y,https://i0.hdslb.com/bfs/face/2139ba40f33a5977675e209a66896c4c3fe3eeb5.jpg,1510390,"我的世界,娱乐,单机游戏,MC,搞笑,法庭,多人游戏,沙雕,夏天y,推荐宝藏游戏",1033882,2127,533,43686,40102,676,0,37,86766
BV1zthLzMEUM,114965788826637,1,17,2077,单机游戏,休闲/小游戏,http://i1.hdslb.com/bfs/archive/25cd7ce195867afd7dd1dd29df05879bd8a8dad4.jpg,融合植物283：超级魅惑机枪射手！,1754262000,286,3546619314178489,蓝飘飘fly,https://i1.hdslb.com/bfs/face/f2bc644c3cf25590bbc7954daecf3e3a9aec5711.jpg,1504038,"植物大战僵尸,娱乐,植物,融合版,射手,融合,模式,机枪,机枪射手,推荐宝藏游戏",702576,1468,1765,3161,2227,638,0,0,28615
BV1Zc8BzcE7b,114942401318325,1,215,2153,美食记录,美食综合,http://i1.hdslb.com/bfs/archive/c39fad97f8980851e84c4921ece89a2fdc18fdd1.jpg,《全羊宴》,1753882180,70,300764639,潘多拉的饱嗝,https://i2.hdslb.com/bfs/face/7d8de03e4628babd585620c283ff319a42a3c266.jpg,631565,"零食,街头小吃,火锅,泡面,美食展示,宵夜吃点啥,记录我的美食日常,夜宵,夜市,美食推荐",4446535,1775,2143,73628,6722,21603,0,80,176367
BV1hrhPzfEyJ,114959631517866,1,193,2017,MV,MV,http://i2.hdslb.com/bfs/archive/ad94ea1e18c8f16bfbe98ec2f094c38023214ac9.jpg,雨一直下,1754206200,74,3546872622877434,三点半官方,https://i0.hdslb.com/bfs/face/244bb12aaccb5a61212b38dfa32927ad6c6e9a7a.jpg,42112,"萨克斯,DJ,三角恋,校草,雨一直下",480073,12154,1093,10185,4758,3886,0,0,71227
BV1GMtGzCEGw,114970167610465,1,65,2071,网络游戏,射击游戏,http://i2.hdslb.com/bfs/archive/d803eb6880f6ae50df1056f9db77cfc4b20d67bc.jpg,运气好罢了,1754305839,66,3546872648042732,王一七天下无敌,https://i2.hdslb.com/bfs/face/a8d7a265ac84ac66a3b0558bb53e2a78261cd2db.jpg,95395,"和平精英地铁逃生,鼠鼠大战机甲,和平精英",651557,114,95,17750,1333,21,0,0,22306
BV1L4h3zpEpK,114964060703573,1,85,2154,小剧场,剧情演绎,http://i2.hdslb.com/bfs/archive/985af683d5451daaea6c5e15eb9af80495a05bdb.jpg,诬陷妈妈的人，到底是谁呢？,1754213172,268,3546565008427419,二阳咂-,https://i0.hdslb.com/bfs/face/3a435bf92b138aff08859892b5fb33e65e03f804.jpg,654816,"妈妈,母亲,短片",470656,267,341,3071,1404,128,0,0,45697
BV1KyhuzAEMv,114963104406729,1,136,2074,音游,音游舞游,http://i2.hdslb.com/bfs/archive/a42d805248f9c2d1bd5816e60a36ada4fa3b957b.jpg,《 杂 交 版 音 游 》7.8,1754197994,123,92930253,HL_Storia,https://i0.hdslb.com/bfs/face/c56f531ec328d0ba3431e46c39e3a1dab97abedc.jpg,181603,"东北,音乐游戏,音游,雨姐,pjsk,STORIA,杂交,带派,phigros,整点电子榨菜",871790,666,1540,27045,3897,8134,0,0,53794
BV1k282zaEd4,114947451260409,1,17,2077,单机游戏,休闲/小游戏,http://i1.hdslb.com/bfs/archive/deedfdf52189463c35271a17774c1d7240264e68.jpg,再次开启植物抽卡之旅，这一世又将如何呢,1754089500,579,11022243,云耀yoke,https://i0.hdslb.com/bfs/face/59fd606e8f48019168f0120f8e6c969e590549fb.jpg,860334,"单机游戏,游戏实况,植物大战僵尸,改版,随机,游戏日常,pvz,抽卡版",1356453,1704,425,20471,2461,201,0,0,33340
BV1h8huzkER7,114962919918712,1,17,2077,单机游戏,休闲/小游戏,http://i1.hdslb.com/bfs/archive/81ad1f181be467b40543d466106d2324be1c0c1e.jpg,新皮肤：寒霜剑客,1754195248,418,97213827,潜艇伟伟迷,https://i0.hdslb.com/bfs/face/a2370da541bc5f6769cfcea0fcef907bebb26311.jpg,4935002,"PVZ,植物大战僵尸,植物大战僵尸杂交版,杂交版,自制游戏,杂交植物",573575,613,696,1428,928,218,0,0,37208
BV1n2tjzPEFR,114973640561646,1,219,2168,汪星人,狗,http://i2.hdslb.com/bfs/archive/786b35b08155f60f8b082b5dbbeec20577c82697.jpg,小狗：说出来你可能不信，我进入二维空间了,1754359111,92,652551563,西卡观察员,https://i2.hdslb.com/bfs/face/a451caaf7e24e7612e23737c16ec62cea732ce8f.jpg,744786,"狗狗,汪星人,可爱,边牧西卡,猛男必看,毛茸茸训练营",1918073,4427,1419,7065,8294,3954,0,0,85053
BV1iRtEziEPw,114974647258949,1,138,2154,搞笑,剧情演绎,http://i2.hdslb.com/bfs/archive/ae4a83ef154937375f4056a3a32362a5c6231a18.jpg,弗雷尔卓德 创意工坊之你怎么说我词～,1754374122,82,3546909580987309,弗雷尔卓德-杨辰,https://i1.hdslb.com/bfs/face/e59912641ba4cbaadb857e30085b15cf4dcc6819.jpg,250482,"英雄联盟,创意,搞笑,原创,弗雷尔卓德,工坊",681039,625,1381,4270,2183,4069,0,0,71188
BV1f4hVzcEqL,114964966806648,1,17,2037,单机游戏,同人动画,http://i0.hdslb.com/bfs/archive/982ccde6c785d9599dcadfdeabb83553328daa17.jpg,【PVZ小动画】钱 钱 钱 钱 钱,1754226654,111,3546619876215164,Binxie921,https://i2.hdslb.com/bfs/face/70c9e5be3642495938ff85b7c37371d0be7c169d.jpg,36611,"娱乐,PVZ,植物大战僵尸,吸金磁,缠绕海草,自制动画,矿工僵尸",247483,128,171,4273,637,76,0,0,16664
BV1nDtuz7ERk,114969597186248,1,22,2063,鬼畜调教,鬼畜综合,http://i0.hdslb.com/bfs/archive/cf3d52a94bb2e4d480fbdfedaf3278bdfb8ad999.jpg,“生命就是一场斗争......”,1754366100,380,97240074,龙之王修罗,https://i0.hdslb.com/bfs/face/99e92cba7e8290e60dd296f65c867dd4d92de638.jpg,262019,"谭谈交通,说唱,人生,鬼畜,鬼畜调教,黄绿合战,宋岳庭,人民,谭警官,Life's a Struggle",141962,505,659,5374,10436,743,0,0,16949
BV1a6hVzHEnf,114964480202926,1,47,2037,同人·手书,同人动画,http://i2.hdslb.com/bfs/archive/ce8e0af18f2f38c7921459ea5c54eb2cab9ea1b7.jpg,重生后，都有胆子和校花说话了【07】【第一季完结】,1754219089,732,654552,圆桌动漫,https://i0.hdslb.com/bfs/face/6c1421573d214809ca86aef25bdd23670e00128a.jpg,4741947,"恋爱,公孙雅柔,圆桌宇宙,瑶曦,萧凡",1253377,11988,2776,41364,21967,443,0,45,63136
BV13etFzMEL5,114980183675595,1,17,2071,单机游戏,射击游戏,http://i1.hdslb.com/bfs/archive/9b329a0dd32d87020868812536fbac68fb35b06b.jpg,大兵66也是简简单单拿捏！拯救大兵这一块，还得是哈吉杨,1754458657,906,3546742700116050,杨齐家_,https://i0.hdslb.com/bfs/face/defa8623598cd28298afa21e9f01e46593230610.jpg,1664921,"三角洲行动,三角洲鼠鼠拯救世界,三角洲破壁新赛季上线",166855,4305,575,1637,1910,176,0,0,17554
BV1uahTzYEdt,114962064219312,1,171,2071,电子竞技,射击游戏,http://i0.hdslb.com/bfs/archive/75a042e1ef40a670ebc7c64539596c63ad7fb517.jpg,逃   学   威   龙,1754182130,187,193563477,轮回丶Hui,https://i0.hdslb.com/bfs/face/acf758aa01aff3ba3fd69cbfc652242c75ff7d5a.jpg,2997,"得吃,三角洲行动,零号大坝,跑刀,猛攻,三角洲,鼠鼠,老鼠,深蓝,夺舍流",501357,479,1051,7743,1388,3231,0,0,46597
BV1iVhxztEh8,114955017788198,1,65,2071,网络游戏,射击游戏,http://i0.hdslb.com/bfs/archive/085d4f6688c2648a12fee0d299e605acb0474d37.jpg,【老鼠人行动】航天基地（绝密）45w→750w,1754100000,292,403637371,老飞宇66,https://i1.hdslb.com/bfs/face/25d6b747d51cd07f6ae01a1145225f9be7fbdc5d.jpg,2551346,"三角洲行动,三角洲破壁新赛季上线",1028418,11932,1363,5740,3292,971,0,0,72929
BV1Je8mz8EX6,114949078650658,1,21,2156,日常,UP主小综艺,http://i1.hdslb.com/bfs/archive/8798f06ef9238b8661bcb4e1904ff9cd9bdb4d86.jpg,别笑，你也过不了第二关《下一个是谁5》03,1754017200,3080,416128940,在下哲别,https://i2.hdslb.com/bfs/face/69b09e143c9e52261e08560795555970ef2e9a80.jpg,2803836,"原创,娱乐,对决,高能,游戏,综艺,搞笑,比赛,挑战,下一个是谁",3003146,62157,10982,86308,306483,7154,0,3,277528
BV1pQtFzdE3t,114979982414810,1,172,2073,手机游戏,动作竞技游戏,http://i0.hdslb.com/bfs/archive/4ab9f8bc63a504e498f41bbb64ecdec98943f0a9.jpg,回顾下共计200万成本战鬼杯的历程，再氪2万提升海贼战力，聊聊作为up的思考和期望！,1754456594,1054,38568774,鬼叔黍,https://i0.hdslb.com/bfs/face/b35d79cac0c8d78f1fbb4956bf0d778d272a9dfb.jpg,3190208,"万物皆可游戏,海贼王,游戏实况,氪金,鬼叔黍,壮志雄心,战力,赏金,航海王",62457,182,459,2788,2806,1897,0,0,5014
BV1FXhuzoE6p,114962668194831,1,253,2042,动漫杂谈,动漫评论,http://i0.hdslb.com/bfs/archive/2d54ce1ad76ee75d981b82f6d210e5df24400f65.jpg,爆肝2700集动画！羊村到底有多少美食？！懒羊羊的零食究竟都是啥？,1754191189,553,523780849,粗中有细的计数板,https://i1.hdslb.com/bfs/face/65d9c437651949a76e36c2c02bdc23660f082821.jpg,499592,"搞笑,零食,美食,喜羊羊,喜羊羊与灰太狼,动画,懒羊羊,羊村,bilibili次元论战",311094,672,410,6409,4209,391,0,0,13537
BV1rHhVzeENy,114964949965534,1,219,2168,汪星人,狗,http://i2.hdslb.com/bfs/archive/8e21531adaccce566ab0869befbdfc4c3de3c813.jpg,狗狗永远都不会忘记对他好的人,1754226642,266,3625254,烈的街头动物摄影,https://i0.hdslb.com/bfs/face/6375b27301493aff8eb3acd156cab38f21df4540.jpg,91265,"狗狗,汪星人,感动",264680,206,202,1408,1361,147,0,0,27399
BV1R2hgzSEFe,114964295650430,1,182,2042,影视杂谈,动漫评论,http://i2.hdslb.com/bfs/archive/715d44d205a998a65d52633f8a2edd81e8130899.jpg,【灵笼】白月魁舍命布局，马克生命跃迁，查尔斯即将迎接攻腥棋子！,1754216267,805,304815404,流心影者,http://i2.hdslb.com/bfs/face/08376a7e475c3c48d5f7b2781fe5d92c94bc0ea4.jpg,452722,"科幻,动漫,国产动画,动画种草激励计划,热血,高燃,灵笼",1306087,581,1073,7494,765,152,0,0,27007
BV1WZt7zyE93,114974932344700,1,138,2005,搞笑,短剧短片,http://i2.hdslb.com/bfs/archive/1f441a7e2107eae7fdf10f3d550e673c2444770c.jpg,恐龙岛当保安日记.第二天,1754391600,503,3546704072674069,文导剧场,https://i1.hdslb.com/bfs/face/2ed036ed4948f89dba6ec9731a6f715764dac7b1.jpg,21023,"短片,末日生存,恐龙,原创,末日,恐龙岛,原创故事,原创短片,流量,动画短片群星计划",57927,262,280,2429,1618,99,0,0,8814
BV1oEbSzsEUR,114912655382188,1,251,2088,三农,社会观察,http://i0.hdslb.com/bfs/archive/5e956fc412a84bc00407ec972d21a7dc0a72a2ca.jpg,你吃过公共厕所旁的五元自助餐吗？,1754386200,148,1353065475,我是九日儿,https://i0.hdslb.com/bfs/face/ef3ea526cdfc8eee6a3a2fea64f1e15c1d3ff701.jpg,123855,"正能量,vlog,记录美好农村生活,山东,温暖,济南,好客山东,五元自助餐",176796,156,380,1199,5226,223,0,0,15109
BV1W5hVzuE2x,114964832459956,1,182,2001,影视杂谈,影视解读,http://i2.hdslb.com/bfs/archive/f5e4c9a4666dc200b4e16a7c072b6f912702e0bf.jpg,一部《南京照相馆》，炸出多少妖魔鬼怪！,1754224463,362,5870268,三代鹿人,https://i0.hdslb.com/bfs/face/a915d1a1ff921cd418e74c5711c91b23e2a18c11.jpg,6360045,"刘昊然,南京照相馆,申奥,王传君,高叶",3175277,10234,7020,73556,111026,6130,0,3,243731
BV1cphwzNEuc,114940019021260,1,162,2055,绘画,二次元绘画,http://i2.hdslb.com/bfs/archive/729bcdae0a996c20c3c4906ca8f6c12f4b76d0ff.jpg,如果小时候的我见到现在的我一定很感动吧,1753866000,25,3493142030453463,猫和老鼠动画师John,https://i0.hdslb.com/bfs/face/9d452df35f669fd0f9225c4efadeb46025de8850.jpg,1966315,"动画师,童年,动画,回忆,绘画,猫和老鼠,艺术,画师激励计划,感动,怀念",3890718,85008,2502,76196,47858,4971,0,21,994989
BV1BWtVzHEFc,114971560121878,1,17,2077,单机游戏,休闲/小游戏,http://i2.hdslb.com/bfs/archive/2db5cfa39905a30d0b1ffc6aa4f4abceddd76f86.jpg,融合植物284：海鲨大喷菇！,1754348400,353,3546619314178489,蓝飘飘fly,https://i1.hdslb.com/bfs/face/f2bc644c3cf25590bbc7954daecf3e3a9aec5711.jpg,1504038,"娱乐,植物,植物大战僵尸,水蘑菇,融合版,融合植物,融合,模式,大喷菇,推荐宝藏游戏",391634,1156,1729,2031,1540,406,0,0,18016
BV1EhhLzKEMm,114965688097005,1,130,2024,音乐综合,电台·歌单,http://i1.hdslb.com/bfs/archive/f2d4759eacf56c869f7c4f1bfa98b163293d57c2.jpg,"循环歌单 |【我的XX在哪里】| ""你猜得到我是谁吗？【在哪里の小曲】""",1754265600,3632,550445292,peach63,https://i0.hdslb.com/bfs/face/e2cc169b562e8a06a73d9a6908f39895f72a4604.jpg,568056,"我的XX在哪里,在哪里の小曲,电台新星征集令",1817438,26,76,38425,1273,25,0,83,29748
BV1xSh3zqEMF,114963809114511,1,213,2125,美食测评,徒步,http://i1.hdslb.com/bfs/archive/291936fa57aea1a6734f0e4ec7bd7e9ef93b570e.jpg,爬泰山遇到了小学课本上的挑山工,1754210132,428,494818687,爱健身小庞,https://i1.hdslb.com/bfs/face/bfc664245597273a58d99e66645c27ccc2d1fc4a.jpg,87772,"江西,爬山,山东",410416,1494,1625,1757,12685,416,0,0,31262
BV1xrh8zREc7,114958322893292,1,29,2018,音乐现场,音乐现场,http://i1.hdslb.com/bfs/archive/965cc9fc833eb631de43ab01ca4fa8a1ba61efc5.jpg,朝阳公园路演，偶遇日文原唱@当山真玲🎬全过程视频,1754125633,471,393114402,北京路演计划,https://i0.hdslb.com/bfs/face/44e44ce4ff07f5194fb47d98f049601f7c98b9fe.jpg,1448,"音乐分享官,LIVE,音乐现场,日语,4K,现场,日语现场,北京路演计划,#当山真玲,朝阳公园,偶遇明星",940189,549,1844,13053,5910,2820,0,0,92050
BV1K28qzrE1p,114942619424621,1,65,2071,网络游戏,射击游戏,http://i0.hdslb.com/bfs/archive/f39305091bbff132d98d0ed19467279c880a7343.jpg,《洲洲飞车》行政楼⭐⭐⭐⭐1'16'23,1753885386,94,7208079,www龙,http://i0.hdslb.com/bfs/face/031b8a2e07cb1523240e78eefc5cb984fc7fa4db.jpg,5587,"行政楼,三角洲行动,零号大坝,洲洲飞车,山楂树之恋,疾风,三角洲破壁新赛季上线",1001893,372,1062,6439,3953,6316,0,0,62013
BV1yWh7zUE7R,114951360418776,1,219,2168,汪星人,狗,http://i0.hdslb.com/bfs/archive/56f71bc2ce8708f509dcbdd50c3c382e960ac2f5.jpg,给小狗喂剪纸餐看看它是什么反应,1754019032,58,652551563,西卡观察员,https://i2.hdslb.com/bfs/face/a451caaf7e24e7612e23737c16ec62cea732ce8f.jpg,744786,"生活记录,汪星人,边牧西卡,萌宠过暑假",332712,337,506,1111,663,1740,0,0,23589
BV1dxbQztEap,114913678791271,1,201,2090,科学科普,人文历史,http://i2.hdslb.com/bfs/archive/1f8920a469d3c5d39eacef24469f4bbd59e2f773.jpg,选3到7岁幼女为“神”，不能哭笑，脚不沾地，通过32种考验，月经初潮就要退位,1754042400,723,80900494,捕月说,https://i1.hdslb.com/bfs/face/c90a38ec3f9e90b0adc20a51ec7d7bd4ac1d8bc3.jpg,884162,"奇闻,尼泊尔,印度,都市传说,未解之谜,印度教,活女神,库玛丽,捕月说,万物研究所",4408908,2084,659,19015,1420,443,0,0,50704
BV1gatnzFE81,114975670539661,1,138,2154,搞笑,剧情演绎,http://i0.hdslb.com/bfs/archive/77023ad3f83953c89058162986905f6ef6cdaac8.jpg,蜿蜒的山路又会带我通往什么地方呢？,1754389714,166,484262091,郑丽芬er,https://i0.hdslb.com/bfs/face/b31a4cd9a55c60f6255e1f59266b369d7f3a1da0.jpg,1043100,"情感,一人分饰多角,家人",215587,166,385,965,928,74,0,0,20785
BV1inhuzUE8R,114963356125360,1,138,2154,搞笑,剧情演绎,http://i2.hdslb.com/bfs/archive/4272fac5e3563c348150df530c50d559f19b5155.jpg,我终究变成了一个无趣的人,1754211600,199,31012715,是老胡没错,https://i2.hdslb.com/bfs/face/c9693c98b3d0db331ead3d938f1ce0c6f1215535.jpg,2021883,"幽默,人生,搞笑,生活,短片,情感,搞笑小剧场,惊时去屑洗发水",558301,792,1231,8715,12463,3154,0,0,44584
BV1cM82zbE9s,114947602255263,20,172,2064,手机游戏,单人RPG游戏,http://i2.hdslb.com/bfs/archive/cb01f091c78e77cbd8bd1406076753f4d459f4d2.jpg,【原神】绘夏！烈日？度假村！ (已完结)活动攻略/《拾慧铸熔》获取方式/遥遥同旅/炫音爆光/急风狙击/飞漆溅彩/原神5.8,1753961489,2028,431073645,你的影月月,https://i0.hdslb.com/bfs/face/2e32de7b28fc491a28281a22c6ea9f5d195cbdf5.jpg,8929335,"原神5.8版本,飞漆溅彩,拾慧铸熔,遥遥同旅,急风狙击,炫音爆光,游戏攻略,原神,原神高能团,绘夏！烈日？度假村！",481953,332,417,2733,1818,235,0,0,8672
BV14shWzGEQP,114953793048219,1,138,2155,搞笑,语言类小剧场,http://i2.hdslb.com/bfs/archive/0e528a2844ce0a894d1f4ee106a8aed70267f068.jpg,二狗的现场已经颠了...,1754132400,263,391133521,一支麦二狗脱口秀,https://i1.hdslb.com/bfs/face/4b4311299343d1ff07103982803c944edd1f46a1.jpg,174079,"脱口秀,搞笑,搞笑小剧场,二狗脱口秀,一条名叫爱情的狗,二狗全球巡演,互动,脱单,交友",619249,303,317,3321,11126,1398,0,0,48013
BV1oBtgz5EYp,114969077088585,1,256,2142,短片,体育综合,http://i1.hdslb.com/bfs/archive/1d1c46a2a26b0fd2c571bba2f665d7df760391c4.jpg,暑假打球好上头！,1754298000,300,1920908011,非自然苏打,https://i1.hdslb.com/bfs/face/ff71ef035b06f9d24b22a631d9166a967ec740b1.jpg,585248,"生活,搞笑,排球少年,高中生,运动,暑假,OPPOReno14,排球,OPPOReno14排球少年联名",1068189,939,1331,8551,3084,1077,0,0,54523
BV1xrtuzWEcK,114969630741991,1,21,2183,日常,助眠视频·ASMR,http://i1.hdslb.com/bfs/archive/bbf4e21ea778ede9253f2db45b6938668bcbceed.jpg,ASMR你最喜欢哪一个声音？惊喜盲盒捞道具｜Bakery无人声助眠,1754317800,4140,477137495,Bakery不失眠,https://i2.hdslb.com/bfs/face/03a92512130dc2262c994a5bc2aa059eece81511.jpg,989985,"助眠,催眠,治愈,asmr,Bakery无人声助眠,放松,睡眠,触发音,助眠音,无人声助眠",101240,166,412,2739,1032,76,0,0,5658
BV1Jgtnz5EzA,114975972524416,1,172,2077,手机游戏,休闲/小游戏,http://i2.hdslb.com/bfs/archive/bc7a59bcdaa747dcff78f3b0faa7de6912163708.jpg,蛋仔UP追捕大作战：抓住主播三秒！就能获得80W宠粉奖励！居然有蛋仔坚持30秒！,1754394313,202,241199113,僵尸教授-,https://i1.hdslb.com/bfs/face/30a78bf8e40484e47e8e22a99aa8ec896b3da347.jpg,892040,"蛋仔派对新皮肤,蛋仔派对发起人,蛋仔奇思妙想计划,蛋仔派对",546759,151,292,11207,1270,26,0,0,13643
BV1HYhgz8EzW,114962567660852,1,172,2070,手机游戏,MOBA游戏,http://i2.hdslb.com/bfs/archive/2a8c152fdbf14547ef01c33e854b386c97896402.jpg,朵莉亚零基础到精通！看这一个长视频就够了！,1754189701,881,298590209,益达兄弟辅助教学,https://i2.hdslb.com/bfs/face/125d2935b53d5635d8962fa2388a35ca665d6039.jpg,540720,"辅助,益达兄弟,朵莉亚,#王者荣耀夏日盛典,#朵莉亚在编人鱼公主,王者荣耀山海皮肤",211571,239,292,6775,1898,1129,0,0,14845
BV13BhVzXEvD,114964564020098,1,21,2039,日常,cosplay,http://i0.hdslb.com/bfs/archive/3a8f3f64ccbfd552b0621e1c24417a95e4810b9a.jpg,嘘～轮到四姨来奶你一口啦,1754222403,16,3546937055775240,Yasal_170,https://i0.hdslb.com/bfs/face/b5c4750fa3e6ee70555129f7a49b304055d321a1.jpg,1665414,"DNF手游激励计划,yasal小姐姐cos四姨,DNF手游新职业女枪手,DNF手游",1124174,4893,3371,11957,12016,1516,0,0,102005
BV15181z5Er1,114947853915967,1,21,2143,日常,文具手帐,http://i0.hdslb.com/bfs/archive/5ee4be705a1647fdc4f8edce0c79d508e8e2fb66.jpg,永远真诚，现在是，未来也是！,1753965237,152,72969462,笔给你你来写_,https://i0.hdslb.com/bfs/face/8e8a57daeb8ee0b50e6fa4e66c4f18f849fc601c.jpg,1132551,"原创,脑洞,doro,曼波配音,随笔,文创,笔给你你来写",841667,742,2881,7775,17543,294,0,86,188160
BV1QQtGzVE3P,114969966284073,1,171,2070,电子竞技,MOBA游戏,http://i2.hdslb.com/bfs/archive/33aaf80101399c9e50f20fd53dbc124b03ffa0c2.jpg,三路被单杀？掉线？15？优势被翻？一场对局集齐了全部逆风的要素，教你怎么完美运用进攻和防守回合，一次不死完成1拖4！,1754302660,705,360912649,小汤宝ovo,https://i1.hdslb.com/bfs/face/07c439185575fa04f7c92e80e192434ddcb182f2.jpg,95371,"英雄联盟,小汤宝,打野,职业选手,博弈论,推荐宝藏游戏",103985,359,303,610,1365,251,0,0,9719
BV1Gt82z1EPc,114947384216914,1,21,2207,日常,随拍·综合,http://i1.hdslb.com/bfs/archive/e483faca123f36d2f34af660108c3e1175c130c5.jpg,我和员工在工作室打了一架。。。,1754049600,470,15892313,知名相声演员BBBBB大王,https://i2.hdslb.com/bfs/face/e40bb6be0e7aa5d3f2838313bb47a59358481577.jpg,2897714,"搞笑,游戏,脱口秀,vlog,吐槽,reaction,蛋仔全明星大乱碰,蛋仔带你看世界,蛋仔派对",566551,755,442,2112,2133,695,0,0,27744
BV1TntGzvEXG,114970301833149,1,254,2149,亲子,美食制作,http://i0.hdslb.com/bfs/archive/ae2e22e9ec2b132981a6164fb4e251879e29d4df.jpg,印度街头最干净的饮料，艾特你的朋友看看他想不想喝？#印度街头饮品   #模仿,1754307887,72,1179637796,慧慧饱饱呀,https://i2.hdslb.com/bfs/face/c1ca89fdc0ccf95f89a41321086b4dce1bcb27a3.jpg,283333,"印度,街头美食,饮品",445547,563,620,2934,718,514,0,0,29526
BV1abt3zgEPr,114970670927751,1,28,2063,原创音乐,鬼畜综合,http://i2.hdslb.com/bfs/archive/67b10cfb4f718278b2e170676e2b9deac7acada8.jpg,哈基米登上顶点的梦该醒了 I Really Want to Stay at Your House,1754313438,100,350008700,HugoXG,https://i2.hdslb.com/bfs/face/2c4a9a844198f437dadfa5da7024019097823393.jpg,2341,"赛博朋克2077,鬼畜,曼波,哈基米,东海帝皇,赛博朋克边缘行者",195381,189,1200,9928,4659,6093,0,0,31308
BV1UbtEzWEqd,114974865360009,1,27,2043,综合,动漫速读,http://i2.hdslb.com/bfs/archive/a5bf37ed20f7152a7f9a0376a245ca9a9e528f30.jpg,【上帝已死】众神下场屠杀人类？比血十字凶狠100倍？,1754388000,617,289800612,圈踢动漫,https://i0.hdslb.com/bfs/face/eb7b7339a2f62e52e41ea20838929ae809789ee6.jpg,364929,"漫画,重口味,综漫,上帝已死,美漫,漫画推荐,重口漫画,猎奇漫画解说",501777,1344,2548,13927,1212,476,0,0,18284
BV1rDh8zUEmC,114958423628261,1,47,2037,同人·手书,同人动画,http://i2.hdslb.com/bfs/archive/5aa2e5a6327f8d5027be96a3f4adcecf1b26635b.jpg,【JOJO手书/全员向】JO护车出发喽！gogogo！,1754126598,35,3065267,Orca哒,https://i2.hdslb.com/bfs/face/5077001bd11b28ba0a782bd47fcac85d5f0c1955.jpg,112578,"JOJO,JOJO的奇妙冒险,DIO,空条徐伦,同人,空条承太郎,东方仗助,吉良吉影,动画种草激励计划,乔鲁诺",726366,428,2421,27827,5893,2778,0,0,89563
BV1VWh8zME6A,114958792789030,1,213,2149,美食测评,美食制作,http://i1.hdslb.com/bfs/archive/f2728962a7f9056fb52cd74b1e8b9ba75fa06d06.jpg,这碗卤肉饭卖10块钱，能不能赚？,1754213400,269,337521240,记录生活的蛋黄派,https://i0.hdslb.com/bfs/face/9ba6c7a0d3a2ebfe9db2f46219ece98e210d0269.jpg,9094792,"吃货,搞笑,美食,幽默,生活,日常,沙雕,美味,帅小伙,一饭封神申请出战",766714,2213,856,12551,11894,1111,0,0,56905
BV1ehhwzZEU3,114941730228334,1,255,2036,颜值·网红舞,舞蹈综合,http://i2.hdslb.com/bfs/archive/7bcca815e951182a28fcd9b60e6e814805c87cad.jpg,昔有佳人公孙氏 一舞剑器动四方,1753871836,27,3546828809177207,小凌喵ovo,https://i2.hdslb.com/bfs/face/7affde7b1514204a1f2ab935043d1963ec132573.jpg,32061,"cos,火刀,伞舞,非遗文化,公孙离,公孙离cos",558798,156,701,9937,847,997,0,0,54824
BV1JDtuz7EWb,114969597183181,1,215,2153,美食记录,美食综合,http://i0.hdslb.com/bfs/archive/7e72ea3b4ef4ac80a1dece0525700c0369ca2e0f.jpg,探秘皇帝蟹神秘部位，解锁皇帝蟹神奇美味,1754298749,736,1206156500,老郭美食,https://i2.hdslb.com/bfs/face/db65684507387777e3c9cdb7e2f9e43e01c5e021.jpg,1046643,"生物,科普,海鲜,吃货,试吃,美食,巨假真蟹,美味,皇帝蟹,一饭封神申请出战",296358,2662,1099,2611,8572,1156,0,0,25365
BV1PxtGzwEZL,114970251494836,1,47,2037,同人·手书,同人动画,http://i1.hdslb.com/bfs/archive/6d33108d84f5b5dae344a33f73e7f857721de470.jpg,师祖劝我向善我反手让李长老修为掉段,1754307095,162,3629946,红色社畜,https://i0.hdslb.com/bfs/face/f6e4659710fef9beec9c7addf7cf889a9b6452e6.jpg,552376,"二次元,搞笑,粤语,短剧,原创动画,穿越,动漫,修仙,动画短片群星计划",254133,146,318,6973,1222,135,0,0,29498
BV1AUhnzFEzS,114953692450803,1,65,2079,网络游戏,其他游戏,http://i2.hdslb.com/bfs/archive/00df36f6892d28dd010c82d734d647a07ac271ea.jpg,抗韩成功！头号追击首次比赛看点解析！,1754056800,345,235630215,国电武术馆馆长,https://i0.hdslb.com/bfs/face/1c473f95562cb50c8f94291ed6373da6281e5b64.jpg,2173082,"电竞赛事,电子竞技,网络游戏,游戏杂谈,头号追击上头杯,电竞抗韩是一辈子的事,Korol时隔十年再度成功抗韩,MOBA,EWC",957464,1304,271,5150,6219,217,0,0,21995
BV1FThjzrEC8,114967164493066,1,17,2078,单机游戏,沙盒类,http://i0.hdslb.com/bfs/archive/6aa408df7967b72af4bcc0d9c2af48d65fee3a72.jpg,新生物霸凌了所有人...,1754298000,775,298276958,Mythend,https://i2.hdslb.com/bfs/face/27144113f342ee62ac61a964cea35ba075bb6376.jpg,254461,"小游戏,我的世界,Minecraft,乐魂",1470938,3055,2130,42416,36709,4223,0,25,117779
BV1cDhTznEHb,114961862893001,1,228,2154,人文历史,剧情演绎,http://i1.hdslb.com/bfs/archive/01eadc88197ee93d3d5ea112563ed0c4aef036e9.jpg,“现在，邓布利多，还有谁会爱你…”,1754193699,162,3546837552204489,三颗虾仁,https://i0.hdslb.com/bfs/face/bbc1c11020308b4e3556d01d0aebbf24b199e25c.jpg,1364695,"霍格沃茨,GGAD,邓布利多,格林德沃,哈利波特,神奇动物在哪里,纽蒙迦德,表演",250310,224,446,9458,2813,462,0,0,34372
BV18MtJzoEPi,114974227825932,1,253,2043,动漫杂谈,动漫速读,http://i2.hdslb.com/bfs/archive/56d5c75058ac679c69cac09b13bf63bb213bce55.jpg,【扒】季终：回忆里的人是不能去见的，再见了戴安《瑞克和莫蒂》之回忆流放,1754367631,577,301717426,周扒片,https://i1.hdslb.com/bfs/face/80ad95a2979f0772a52695095f8c90d7e7eb8b67.jpg,1462459,"科幻,回忆,瑞克和莫蒂,动画种草激励计划,大结局",120827,157,155,1112,1330,90,0,0,10862
BV1LFtgz3Ewm,114969697848237,1,30,2023,VOCALOID·UTAU,AI音乐,http://i2.hdslb.com/bfs/archive/e7606b18bb60ce7d89f52463d1316ff4526e2225.jpg,【初音ミクAI · 重调教】Life Will Change（Project Sekai Version）【原曲PV付】,1754298574,127,10969904,浩治_CloverP,https://i2.hdslb.com/bfs/face/16326581ab2eb7b9a1535d507011ad30e96beee8.jpg,11998,"镜音连,镜音铃,女神异闻录,VOCALOID,初音ミク,pjsk,初音未来：缤纷舞台,Life will change,P5R",362107,412,1006,16532,5618,7618,0,0,56026
BV19wtHzBE75,114975334993371,1,213,2151,美食测评,美食测评,http://i1.hdslb.com/bfs/archive/2bc87c2d16f422eb073fd864f9ba1d6a9014f7ba.jpg,复刻被网红带火的特色美食“焖子”据说吃一口味真足，真的吗,1754384882,455,382375531,馋大鑫,https://i1.hdslb.com/bfs/face/2b456ce4cfef5bc0753f89f3c18b19dbcc6fde8b.jpg,1260519,"试吃,评测,美食,记录我的美食日常,美食测评,特色美食,焖子",684013,2066,1492,1431,1491,345,0,0,21257
BV1nQtuz2EwQ,114969781736741,1,250,2144,出行,轻手作,http://i2.hdslb.com/bfs/archive/b9193dcbb0594c68749c568159dda1371e492947.jpg,自己做窗帘o>_,1754299909,133,3546904396827291,歹毒的咸鱼-,https://i0.hdslb.com/bfs/face/9480a3d8b43c5c5c0e8bfca9f72103b5ffc79f14.jpg,57981,"家居,手工,DIY,鹤岗,躺平",92998,191,692,702,1347,88,0,0,12406
BV1wBtjzzEps,114973657269383,1,95,2100,数码,手机,http://i0.hdslb.com/bfs/archive/1a45a0a0111f1286ee2917e452b995c0dbef8f78.jpg,这代nova为何赢？鸿蒙系统现在怎么样 华为nova 14 Ultra详细评测,1754377200,551,178690106,搞机所,https://i2.hdslb.com/bfs/face/1d04316b1eb19a97d950a368af672421ff6224ee.jpg,2380362,"科技猎手,华为,科技,数码,手机,双卫星通信,红枫人像准出片,nova14 Ultra,nova14有意思,nova",83570,296,683,937,729,48,0,0,5499
BV1pghuzxEWd,114963137960695,1,121,2041,GMV,动漫剪辑,http://i0.hdslb.com/bfs/archive/3df4d03f19bbd44c52419c9d1e0aae8864303491.jpg,【𝟖𝐊/𝐇𝐃𝐑/𝟏𝟐𝟎𝐅𝐏𝐒】查尔斯: 天下无敌 - 马克: 天上来敌＋片尾曲《第一推动力》,1754217576,146,675872284,IM闪电,https://i1.hdslb.com/bfs/face/678d87055389a45c74bd659afd935781310029fa.jpg,126096,"白月魁,灵笼片尾曲,灵笼第12集,灵笼白月魁,第一推动力,动画种草激励计划,灵笼12集白月魁vs马克,雨燕号,马克,太空战",261526,234,814,3643,1901,1099,0,0,8394
BV126tFzAEzX,114979848061200,1,30,2022,VOCALOID·UTAU,VOCALOID,http://i0.hdslb.com/bfs/archive/5d419a657b105c4bc057120aed9234f5903f4174.jpg,第二周作品闪耀对决！天依不许你没有听过这些歌~,1754453378,457,36081646,洛天依,https://i1.hdslb.com/bfs/baselabs/58c04afa9a907af218bde2e32505a66df6a6eb75.png,4629723,"原创音乐,洛天依,虚拟歌手,原创歌曲,创作征集活动,Vsinger,闪耀的Producer",60135,202,475,1395,1307,120,0,0,7566
BV1QUhbzcEZj,114958842993467,1,138,2154,搞笑,剧情演绎,http://i0.hdslb.com/bfs/archive/fec2dce937417810cffa97a16cede1f1b87a580b.jpg,她果然吃霸总这一套,1754140200,50,317698195,-高泽宇,https://i1.hdslb.com/bfs/face/f3abae4a9af7725e4ca4c0bdf94bc91235c68db8.jpg,157238,"短片,原创,搞笑,搞笑小剧场",923518,281,581,7622,1579,1651,0,0,120217
BV1gxtEzxEdT,114974697463800,1,207,2042,财经商业,动漫评论,http://i2.hdslb.com/bfs/archive/af6dbfd4cc4a958c76ba3397193ca3d973a1b6ab.jpg,【JUMP】《浪浪山的小妖怪》让我抓耳挠腮,1754374958,289,651039864,暴躁的仙人JUMP,http://i0.hdslb.com/bfs/face/c29463dfd63ee0f4d21c3b903c386257a56d56b8.jpg,2289421,"动画,情感,职场,魔幻,知识,电影,科普,浪浪山,浪浪山的小妖怪,UP热评影视剧",514159,251,505,1993,787,474,0,0,24047
BV1P38UzNE2s,114948407563049,1,250,2159,出行,旅游攻略,http://i2.hdslb.com/bfs/archive/2868fd63193e4ca22bb033595ab3d351440e4ede.jpg,日本这个岛，房价低到离谱，但你得住在活火山边上，你敢吗？,1754038800,1207,2948981,冷水煮乐器,https://i2.hdslb.com/bfs/face/a97526320e4c1bbea446f11d8da43321e5a080ae.jpg,1229165,"旅游,日本,生活记录,日本旅游,日本文化,日本美食,伊豆,旅行攻略UP主激励计划",2230616,5583,2317,11699,12332,3233,0,0,59489
BV1aXhHzLEsv,114952652263117,1,219,2168,汪星人,狗,http://i2.hdslb.com/bfs/archive/082e05314fa28fa823b275d4c529f7f9bdfd0201.jpg,当我揭开捡来的串串小狗身世之谜,1754038509,283,514376446,小恩不是人_,https://i1.hdslb.com/bfs/face/4fb77501e0d418c1e4dff61a06bf756b9b432017.jpg,5104,"汪星人,串串,养狗的乐趣,流浪狗后续,混血狗小恩,小狗,捡狗",635639,1077,958,5579,1254,1252,0,0,64648
BV1jphuz7EpZ,114963272179271,1,233,2104,极客DIY,自制发明/设备,http://i2.hdslb.com/bfs/archive/d7d9474b7ce6f35594bbab44fcb906bfed190623.jpg,太阳能自动追光系统V1，豆子的老视频1,1754200423,244,13382779,疯掉的兔子yy,http://i1.hdslb.com/bfs/face/0a9f8245eeef392d5a50fcbdfe50ba4d3891cf68.jpg,14003,"3D打印,DIY,3D打印机,太阳能,太阳能追光,发明创造,追光,一起做手工吧！",442256,533,1897,2984,3462,686,0,0,21669
BV18fhgzrEEo,114964429805620,1,95,2088,数码,社会观察,http://i2.hdslb.com/bfs/archive/ec3f499674f6cfd004ed37abe97030e4eef68c1a.jpg,我“诈骗”了别人20W，还自己报警了？,1754218351,547,9321359,FUN科技,https://i2.hdslb.com/bfs/face/ebb69f29fddc013714026fdc23997f4242e80e5c.jpg,1597987,"直播,诈骗,电信诈骗,学生,兼职,刷单,反诈,网络热门鉴定",140211,178,146,2586,2197,80,0,0,7410
BV17whczfE57,114940622933266,1,215,2152,美食记录,美食记录,http://i2.hdslb.com/bfs/archive/9a0ec625a1e0fb6de3b35aaf4ade7cda10b6e395.jpg,香到飙泪！！10斤辣炒海鲜拼盘暴风吸入！！,1753877090,401,167516214,不挑食的小太子,https://i0.hdslb.com/bfs/face/c5c5b975e558dae76dab0128653b55729f081831.jpg,346802,"吃货,海鲜,美食vlog,记录我的美食日常,海鲜大餐,Vlog,波龙,章鱼足,猫眼螺",345488,634,308,1518,1078,572,0,0,15537
BV1vWh8zTEV4,114958792661031,1,257,2044,配音,动画配音,http://i1.hdslb.com/bfs/archive/c449671c5afe912192f10c1ff331aa82901dec4e.jpg,女生自学日语配音练习：Dio vs 承太郎,1754132039,131,3546737601940061,CC的啦啦啦,https://i2.hdslb.com/bfs/face/6d0e2f5b4cc5c00bf4962146d268eab93e838220.jpg,66698,"DIO,JOJO的奇妙冒险,练习,空条承太郎,日语,日语配音,配音,配音练习,日配",709144,573,1313,10383,2040,3103,0,0,81548
BV1t98CzcELt,114947199665902,1,47,2044,同人·手书,动画配音,http://i1.hdslb.com/bfs/archive/6d07ddb5d7b32116fbd5f038cc53be181f8e11a3.jpg,法庭上禁止讨论“末日时动漫和现实的区别”啊！！！,1753955366,187,5818410,芦苇十三少,https://i0.hdslb.com/bfs/face/015fd86960cc27088750397ea9fed03b92868a5c.jpg,2954706,"神作,逆转裁判,生活,搞笑,原创动画,配音,芦苇十三少,动画种草激励计划,jojo的奇妙明显,灵笼",1104156,613,586,7081,1665,263,0,0,65268
BV19rtMzeEWu,114968473115692,1,172,2071,手机游戏,射击游戏,http://i0.hdslb.com/bfs/archive/6283894837ba72239750775101a650ee1ee10d7e.jpg,被无名抓住机会，整个全装队也得压力吃满,1754279954,256,1809444890,三角洲-安澜,https://i2.hdslb.com/bfs/face/e714b2642ce045e441a21dd29e94a72d3f7f3f8e.jpg,288184,"三角洲行动,三角洲改枪推荐,单三猛攻,无名教学,幽默静步人,粑粑流无名,安澜三角洲,粑粑老祖,akm,三角洲攻略课堂",490439,439,603,2021,753,447,0,0,32200
BV1hUtJzbELG,114976140302401,1,65,2071,网络游戏,射击游戏,http://i2.hdslb.com/bfs/archive/8d1370f4fd32b94425198d84baf030b5f74fc3bf.jpg,「宝藏月」三重专属福利 8月8日正式开启！,1754396811,91,3494376565115651,三角洲行动,https://i2.hdslb.com/bfs/face/d86e9c7dcf8c0faf25b277a38d8103832556383f.jpg,2461931,三角洲行动,948119,22112,6097,9867,905,14699,0,0,59685
BV139hHz1EQg,114952702724209,1,21,2201,日常,潮玩玩具,http://i1.hdslb.com/bfs/archive/3a844230fbda64449e89d9e1d637e3f6fe72365a.jpg,爆泪！20年前的拓麻歌子竟再次复活 | talk,1754046600,179,11622535,梅干鸭,https://i1.hdslb.com/bfs/face/b05e1bad8ebbcf3a54f5c4aa1114abe73cb76540.jpg,2797,"生活记录,玩具,可爱,情感,童年,把兴趣玩出名堂,古早,拓麻歌子,talk,infp",218193,603,2409,5829,3423,751,0,0,27083
BV1YLhWzEEQ9,114954229257331,1,171,2071,电子竞技,射击游戏,http://i2.hdslb.com/bfs/archive/6f63e471e7431e67707431dcf5f09a941cdc2692.jpg,脸都气绿了,1754062484,431,1050482689,康有成,https://i1.hdslb.com/bfs/face/2856b2c0f3f7bca04bc4b84883533eb3db3cfef9.jpg,154956,"穿越火线,FPS,电子竞技,推荐宝藏游戏",1808207,1679,1026,17085,4082,2720,0,0,113064
BV1ZwhGztEms,114963406391911,1,65,2071,网络游戏,射击游戏,http://i1.hdslb.com/bfs/archive/65a8cb6077a3a55eecb3568b58a01c079ddf2112.jpg,零号大坝42个刷红点位，有图有真相！,1754202505,423,3546950758566307,功不唐捐的鼠鼠,https://i0.hdslb.com/bfs/face/member/noface.jpg,282,"FPS,零号大坝,三角洲摸金,教程攻略",385203,1335,1385,5529,749,1515,0,0,11841
BV1p7hVzTEsi,114964731796904,1,138,2154,搞笑,剧情演绎,http://i2.hdslb.com/bfs/archive/661537373a491b1b11445e8cc326586304885c41.jpg,我承认了！,1754223228,134,475845053,呱唧菌,https://i2.hdslb.com/bfs/face/70e280e50eb75796f1041617d47a2b90420063a3.jpg,2429523,"原创,搞笑,短片,旺仔小乔",860472,1191,901,17043,2302,1040,0,0,67622
BV1Vm8mzDEzA,114948659218976,1,130,2022,音乐综合,VOCALOID,http://i1.hdslb.com/bfs/archive/2f20023de74bd35ad1fb20af892a46f3adec70db.jpg,《全 世 界 都 相 信 你》,1754042400,173,34262915,瑞典厨师,https://i2.hdslb.com/bfs/face/0050db2b55c7ca35db6461c8f15f28efc56b8d42.jpg,477742,"音乐分享官,新世纪福音战士,迈克尔杰克逊,假面骑士,重音テト,初音未来,VOCALOID,崩坏：星穹铁道,草东,绝区零",560935,1377,1000,37191,6537,1216,0,0,52605
BV1aitVzVEpA,114971694338216,1,253,2042,动漫杂谈,动漫评论,http://i1.hdslb.com/bfs/archive/70b77093a8eda5961b3dbc7c79229bc766b2bbc6.jpg,妮雅！没了你我可怎么活啊！！！巅峰妮雅登场！！！,1754362800,1356,3493136850488160,勇者时昭,https://i0.hdslb.com/bfs/face/6ca4ec6ab67663b8cd95308c74cfc81b02822b0c.jpg,137167,"童年回忆,乐高,童年动画,幻影忍者,乐高幻影忍者",240148,1955,284,4849,1470,56,0,0,9794
BV1HQtFzdEsi,114979982415884,1,65,2078,网络游戏,沙盒类,http://i0.hdslb.com/bfs/archive/427a086d97d0539ea3e7de55a4668eae828469e1.jpg,《 万 泉 部 诗 人 2.0 》,1754455519,522,75480955,念熙阿,https://i1.hdslb.com/bfs/face/c054ef8bd21efb38f8d6cc78fd8e7135c4b996a8.jpg,980356,"我的世界,搞笑,沙盒游戏,minecraft,念熙,沙雕,联动,整点电子榨菜",45908,239,253,627,1530,93,0,0,6883
BV1LRtEziERg,114974647192363,1,22,2063,鬼畜调教,鬼畜综合,http://i1.hdslb.com/bfs/archive/e551d8ffc2db8eb0917203f03ce88a2b24357fac.jpg,⚡️ 办 案 大 师 ⚡️,1754384400,136,40966108,倒悬的橘子,https://i1.hdslb.com/bfs/face/440968b6694576e931ed4ec61d699029d82bcbaa.jpg,3084771,"搞笑,剪辑,空间动力双王炸,一汽大众全新揽境上市,狂飙,王骁,县委大院",245465,111,119,625,2100,44,0,0,15850
BV1AChNz7Epa,114959228869300,1,47,2037,同人·手书,同人动画,http://i2.hdslb.com/bfs/archive/5c0678b466f0af17442188ea4a48829de6a8c7df.jpg,千年的优香小姐，因为身边卑女太多，所以打算自己先偷跑??!!!,1754138837,94,82671873,风凡几厂一,https://i0.hdslb.com/bfs/face/8200574213b5acaaecc99e871d4c9a2eda20d901.jpg,4421,"手书,优香,小雪,ED,可爱,虽然是公会的前台小姐,明日の私に幸あれ,诺亚,碧蓝档案,蔚蓝档案二创",178931,101,312,18422,4743,1140,0,0,36378
BV14NhpzTEh1,114952786477459,1,208,2096,校园学习,AI学习,http://i2.hdslb.com/bfs/archive/a6342b3ef4dbbc1611d6e103c5d22f6af475af2b.jpg,网络热门AI鉴定16【Git源宝】,1754040574,141,38061207,Git源宝,https://i0.hdslb.com/bfs/face/6c594817691a12697888c7eb17b3147c2bfcf27b.jpg,1039289,"科技,AI,人工智能,教程,提示词反推,Veo3,小刺猬吃播,AI视频,网络热门,AI IN ALL！",1256377,351,315,8547,1848,503,0,0,42483
BV1Yzt7zoEbH,114973254623134,1,172,2071,手机游戏,射击游戏,http://i0.hdslb.com/bfs/archive/9a382d466364e5c711cfc7837aaa1136e77aa577.jpg,扶贫最艰难的一集,1754353251,499,700516468,松下千秋77,https://i1.hdslb.com/bfs/face/1d860b1b059fbcbc09c269b8d7a7e52603b3c283.jpg,394353,"地铁逃生,臭猫扫号日记,吃鸡,和平精英,松下千秋",922147,581,191,15984,735,33,0,0,19665
BV1enhtzhEH3,114957987355674,1,124,2089,社科·法律·心理,时政解读,http://i2.hdslb.com/bfs/archive/5fc48b489e380f73994cdd26070ff165bf6d69e3.jpg,遍地都是隐形炸弹人，日本治安神话宣告破灭！【丰言疯话】,1754186400,798,264869770,丰言疯话,https://i1.hdslb.com/bfs/face/421ffa9afb151cdafe649f1e42f2e2797c538be6.jpg,868517,"法律,人文,奇闻,人物,社会,日本文化,日本,国际,东亚,诬告",490021,4263,3821,4970,2078,1213,0,0,22147
BV11Lt7zVEXL,114973523055614,1,253,2042,动漫杂谈,动漫评论,http://i1.hdslb.com/bfs/archive/127eb10fd7133411bebcd38250e9010d8532fb8d.jpg,现在都是谁在看“国漫”？这个问题产生的原因比它的答案更重要！【bilibili次元论战】,1754366400,1265,434177799,RS-文宣帝-星辰,https://i0.hdslb.com/bfs/face/a94a1a0ea9f815e206e34322f0454c272c7c32fd.jpg,80821,"动漫杂谈,凡人修仙传,罗小黑战记,哪吒之魔童降世,国产动画,动漫二创,浪浪山小妖怪,奶龙,国漫",96070,529,2680,1638,1963,170,0,0,3657
BV1B3htzqE6J,114957752474646,1,65,2078,网络游戏,沙盒类,http://i2.hdslb.com/bfs/archive/10de952b7b93febee82912c0be3b1eca9d5884d3.jpg,当我无法拾取掉落物，甚至经验,1754116389,330,35734399,小橙子姐姐解说,https://i1.hdslb.com/bfs/face/7af5ccb8df46b88ff13b172fabbfab94aad5eb28.jpg,2219021,"沙盒游戏,我的世界,minecraft,小橙子姐姐,推荐宝藏游戏",1419260,4031,269,8876,915,69,0,0,27704
BV1H2hNzLEK7,114959262490354,1,21,2041,日常,动漫剪辑,http://i1.hdslb.com/bfs/archive/73dde6e3b191b457c6e24635e75127d625fa8ef2.jpg,【高松灯MAD/Hero】“拥抱过去，创造未来”致灯心中的小小英雄,1754139443,203,3494359938894291,早安爱时间,https://i0.hdslb.com/bfs/face/0652c6064608d3257ec30fa56d4c0c96a345a13d.jpg,287,"MV,MAD,AMV,mygo,动画种草激励计划,hero,少女乐队,高松灯,千早爱音,mujica",115770,126,754,9132,5121,2638,0,0,29492
BV1QH8kzAECV,114945790313626,1,254,2186,亲子,恋爱关系,http://i0.hdslb.com/bfs/archive/1c3e065c34d3687b6a0026c93a44e35b7e2fad15.jpg,我们的感情像什么？我终于明白！,1753934031,83,3493297997744733,俄罗斯夫妇在中国,https://i0.hdslb.com/bfs/face/99cea6f488b292d79f2d2b979271cba4cf50f1df.jpg,492883,"情感,恋爱,爱情,感情",907129,1654,1287,2361,793,2402,0,0,43057
BV1aRhgz5EjK,114964413030041,1,172,2070,手机游戏,MOBA游戏,http://i1.hdslb.com/bfs/archive/b590c8ae146d37e293dd1e6b4ce5acd3ca6809ea.jpg,低分段的打野到死都觉得刷的不够快,1754218176,426,674146684,小小韩QvQ,https://i1.hdslb.com/bfs/face/526433062290f4ead91accda3a47c38d96ebc0cd.jpg,9070,"王者荣耀,打野,马超",235924,535,780,2461,1178,311,0,0,9704
BV1FGh8z1ERY,114958574623673,1,138,2154,搞笑,剧情演绎,http://i0.hdslb.com/bfs/archive/c246503789450e5ad9ebbbc3dc21b19e5852b305.jpg,当90后成为父母（90后真是神奇的一代呀哈哈哈哈哈）,1754129003,187,68439967,萧枭同学,https://i1.hdslb.com/bfs/face/048bdff2b19e39da8f1aba04a3bd595a073130c8.jpg,2828244,"搞笑,生活,90后,尴尬,父母,记录,真实,2025哔业大戏",505831,388,242,2200,653,186,0,0,44325
BV17rhHzXESA,114953105179012,1,215,2149,美食记录,美食制作,http://i1.hdslb.com/bfs/archive/085f08cae2901080a759b3812cd8a158e8613d16.jpg,炒牛油火锅底料,1754045413,165,3546720050874607,周大签,https://i1.hdslb.com/bfs/face/b751598f79820c96e946f0fac2e4cd91441093cb.jpg,212346,爱豆安利挑战,2355444,1685,1561,3142,1186,617,0,0,60236
BV1G9hHzyEkY,114952702531945,1,212,2008,美食侦探,影视综合,http://i2.hdslb.com/bfs/archive/2d01b8113faecfd9ecaae195df89c0bd44691abb.jpg,推荐大家都来看这部电影，我们要铭记历史，吾辈当自强！,1754039224,161,3493260093819171,李维刚的日常,https://i0.hdslb.com/bfs/face/4917c09bdfd5e72f08a04d2c752de48a848a1318.jpg,3593960,"李维刚,南京照相馆,铭记历史",1247695,2449,2522,9923,53437,1131,0,31,229749
BV12k82zNEQJ,114947434484904,1,138,2020,搞笑,翻唱,http://i1.hdslb.com/bfs/archive/8f6c880a68d4b456ece0a551d2fa3f344b58cad2.jpg,可能是我贱吧最合理的一集,1753969500,73,400719755,火山泥_咖啡,https://i2.hdslb.com/bfs/face/91d7a65d6bc552212f08c9ad63d453ae6f4fe21c.jpg,21609,"填词,翻唱,三角洲行动,跳楼机,乌鲁鲁,堵桥",1532969,611,2399,68417,26286,38016,0,0,158502
BV1RFtJzwEfw,114974529688203,1,241,2009,娱乐杂谈,娱乐评论,http://i1.hdslb.com/bfs/archive/aff31d614340b488eaa32dab59077caf7f5b4b2b.jpg,【吃瓜】赵露思直播爆料…被锁在酒店不让治病？否认整容，被欺骗？发点小疯，热搜全屠。,1754376183,591,1976558860,天气微凉淡淡月光,https://i1.hdslb.com/bfs/face/92f61e260415a2e7f22b4d44fa676bce2f612aed.jpg,182635,"演员,微博,直播,神奇的闲鱼,娱乐资讯,吃瓜,赵露思,银河酷娱",498768,4859,2940,1514,1039,1662,0,0,11366
BV1jwhhz3EaH,114958037685416,1,172,2077,手机游戏,休闲/小游戏,http://i0.hdslb.com/bfs/archive/f8f6a3b05766f9d6860dc393442dc384f9bd0f99.jpg,【伪蛋入侵2合集】你身边的蛋仔可能是伪蛋！,1754121434,2264,84049965,害怕z,https://i0.hdslb.com/bfs/face/93b14b4d9b215711be08a6672bf043d3b10808b2.jpg,256951,"搞笑,蛋仔小剧场,蛋仔派对发起人,害怕z,神奇艾比,伪蛋入侵,蛙蛙教,休闲益智,蛋仔派对",2132001,1868,1614,156671,18679,75,0,9,152370
BV1Nkt3zaEst,114970452954524,1,21,2168,日常,狗,http://i0.hdslb.com/bfs/archive/0ba717ae4dbb255fb8b89cf491ab175757f820e5.jpg,爱要互相陪伴，汉堡分你一半。,1754310631,411,3546946425850423,一口一个团up主,https://i1.hdslb.com/bfs/face/33fcb94a59b9c4e52c8e95ef97176c1cf408474f.jpg,358863,"布偶猫,萌宠,边牧,小猫,小狗,日常vlog,萌宠过暑假",211475,608,541,2304,3020,1240,0,0,31625
BV1cytEzVEBg,114974496130707,1,65,2071,网络游戏,射击游戏,http://i2.hdslb.com/bfs/archive/0e1e225f5c753c7aa683ee8d7ff0203112dfdca3.jpg,【完结】花费2100w开航天所有房卡，看看最终能赚多少？,1754371796,502,283784134,斯达瑞-乔吉,https://i1.hdslb.com/bfs/face/6a5fe528ff57e9e7e98313966a5e2628ad73328c.jpg,50360,"三角洲行动,开卡,绝密,航天基地,三角洲破壁新赛季上线",188927,410,205,1702,930,36,0,0,5644
BV15JtnzMExo,114975536319826,1,21,2207,日常,随拍·综合,http://i2.hdslb.com/bfs/archive/df1aab5769ae0445824100f5ec62d0003b1ca3b8.jpg,NGO的影子借“公益”之名渗透名校！,1754387783,864,510362725,赛雷话金,https://i1.hdslb.com/bfs/face/62ac5d01ea6dfe5c25b56e49d5d6cfc9818b1866.jpg,601787,"公益,大学,名校,NGO,热点观察局",276824,1402,1762,4616,8021,1599,0,0,24335
BV1oPtGzjEvX,114970553619064,1,215,2152,美食记录,美食记录,http://i0.hdslb.com/bfs/archive/502db0009b28bccddedad8af71629ba272567943.jpg,朋友终于想起来找我玩了,1754311868,150,646889764,Nico爱肉包,https://i1.hdslb.com/bfs/face/1fbb3e1e140042dbc15e412229760cbd21f9a927.jpg,489592,"美食,日常,生活记录,vlog,老外,记录,朋友",159696,414,419,1273,2008,282,0,0,25489
BV1zghtzMEbB,114957769252558,1,138,2156,搞笑,UP主小综艺,http://i2.hdslb.com/bfs/archive/657df028012d16f5eafb37c2198eee4b67d5dbc7.jpg,走到哪算哪,1754118000,2512,5970160,小潮院长,https://i1.hdslb.com/bfs/face/834eb0de8d2f470bf03e4ea92831b14f3824c863.jpg,14311989,"搞笑,小潮,逗比,生活,高能,娱乐,一加Ace5至尊版,一加手机,小潮team,一加手机全面战神",5856130,63892,8881,122439,144502,5558,0,4,344949
BV1Nbhcz3E62,114940337718932,1,138,2018,搞笑,音乐现场,http://i2.hdslb.com/bfs/archive/de1e08003b914e6c5e58e0d8e4354d907deb9e4d.jpg,当我在王心凌演唱会cos王心凌，竟然被本人看到了！,1753869600,598,1962633,Yui柯基大聪明,https://i0.hdslb.com/bfs/face/3db7d59acaf033d88ef5d31824611b09d8c2b3e7.jpg,1345024,"仿妆,王心凌,LIVE,音乐现场,演唱会,cosplay,vlog,跟上节奏嚼出自在好状态,益达,我的演出自在搭子",4465032,4157,2540,14523,5408,1733,0,90,74239
BV1QKhKzhEb7,114961124694042,2,17,2037,单机游戏,同人动画,http://i0.hdslb.com/bfs/archive/b9ce32a058082455f338d311108529d0c79c1939.jpg,当威龙想跟麦晓雯解锁新姿势时~【三角洲整活】,1754215200,601,927687,折腾5号,https://i0.hdslb.com/bfs/face/f20d56384071a86a7a3fb276130754707eac56cf.jpg,1591236,"动画,搞笑,买命,三角洲行动,蜂医,三角洲行动动画,邦邦玩电竞,整活,三角洲破壁新赛季上线",799598,2273,436,11264,672,307,0,0,37412
BV1jRtuzyEdF,114969815289663,1,138,2037,搞笑,同人动画,http://i0.hdslb.com/bfs/archive/290806dd8e838c51146b9360589cf4dc558aa297.jpg,再给我…支棱起来啊！！！,1754301164,418,321422126,进击的金厂长,https://i2.hdslb.com/bfs/face/339c136489ea2af91bd1d8688ba7259e958ded28.jpg,5116636,"校园,短片,搞笑,动画,浪浪山小妖怪,学生,重点班,尖子班,普通班,浪浪山小妖怪取经副本启动",269067,932,409,5257,3621,237,0,0,23975
BV1Cr4Zz9E7j,114979059533865,1,21,2207,日常,随拍·综合,http://i2.hdslb.com/bfs/archive/06d7e2ba309e46befe3aa6e59fd3c56df4737384.jpg,早安！,1754441578,14,3546937055775240,Yasal_170,https://i0.hdslb.com/bfs/face/b5c4750fa3e6ee70555129f7a49b304055d321a1.jpg,1665416,,447188,456,3073,2813,6377,559,0,0,46587
BV1vEhNzeEjW,114959497370044,1,65,2071,网络游戏,射击游戏,http://i2.hdslb.com/bfs/archive/ee4d76b14ed2e99a1ecb9f82b0bdb74b7df253ee.jpg,渔民赶海都能摸着啥好货（第12天）,1754142941,705,896076,鉴鉴gege,https://i0.hdslb.com/bfs/face/0e2e6c9878b3ee958323269432f90e7eb4a8e470.jpg,14331,"三角洲行动,带富电竞,三角洲赶海,赶海",989261,957,500,3961,1296,917,0,0,36917
BV1ZG8kzuEnD,114946092307834,1,207,2087,财经商业,商业财经,http://i2.hdslb.com/bfs/archive/c929917ce8d1541b51398e1e539dcb7bfedd1356.jpg,"什么是""金融赌场""，它背后有什么秘密？",1753954200,1550,520819684,小Lin说,https://i1.hdslb.com/bfs/face/cf895b86c955e4ce62b28b3c2bb5bbc77f9fd410.jpg,6436113,"财经,期货,索罗斯,万物皆可商业",1388755,4364,2737,26778,30745,5332,0,75,64209
BV1cPhjzCETf,114967265151128,1,138,2156,搞笑,UP主小综艺,http://i1.hdslb.com/bfs/archive/bd40256aebfb437f4354d8fa919f2e44a870ef3d.jpg,《联合国精致演讲女士赏析4.0》：联合国颁奖？不，纯纯野鸡奖！,1754273100,260,16022714,正经的老邪,https://i2.hdslb.com/bfs/face/e2c6b5eefb0899775358c460e04fdaf5acf82dd8.jpg,1372379,"联合国,搞笑,吐槽,搞笑小剧场,联合国演讲,精致女生",688032,2144,2337,3488,14719,1293,0,0,38814
BV1ndt3zQE3e,114970570265316,1,85,2154,小剧场,剧情演绎,http://i2.hdslb.com/bfs/archive/0ed07aa4032f2b75a5bf73316959b05a1ff9a042.jpg,悬疑西游之十殿阎罗【一】,1754312245,315,3546879646238851,真-赵某人,https://i1.hdslb.com/bfs/face/feb3cc21847c80f14a31783123f943db761bf353.jpg,77984,"悬疑,原创,反转,剧情,一人分饰多角,西游,赵某人",188929,330,288,5718,820,77,0,0,20409
BV15zh7zBEZY,114951125468619,1,75,2171,动物综合,动物综合·二创,http://i2.hdslb.com/bfs/archive/d4f2158c7307834b378dc52ba73fdb333c7b7742.jpg,俺老孙想起来了，全部都想起来了！,1754015281,28,2049544935,行者服不服,https://i0.hdslb.com/bfs/face/dc66dd9d256484b0b982e8970bca70969c926073.jpg,85160,"西游记,搞笑,MOBA",1030848,438,751,8080,908,2196,0,0,70920
BV1xS8qzzEwj,114942250390115,1,215,2152,美食记录,美食记录,http://i1.hdslb.com/bfs/archive/1bb99c8261925e654607d4c2a81245fd3b4566f0.jpg,老外第一次做广东肠粉,1753880110,151,646889764,Nico爱肉包,https://i1.hdslb.com/bfs/face/1fbb3e1e140042dbc15e412229760cbd21f9a927.jpg,489592,"UP影剧综指南,生活记录,留学生,美食,老外,肠粉",761853,11270,1116,4206,5133,927,0,0,103741
BV1aqhwz9EnR,114941663119074,1,252,2039,仿妆cos,cosplay,http://i0.hdslb.com/bfs/archive/1f1b441d77b46964bab33b0ce4f586aa4ebfac01.jpg,不外传的珍贵猫猫喂食机视角影像,1753870906,22,3493283298805939,-ooooi-,https://i1.hdslb.com/bfs/face/3e2efc3de3cae6535f0548c378f2c479b2953ecd.jpg,114894,"直播,二次元,崩坏星穹铁道,赛飞儿,Cosplay",4125199,10825,4306,164241,47115,14468,0,24,386191
BV1Au82zZE8g,114947585479523,1,138,2154,搞笑,剧情演绎,http://i0.hdslb.com/bfs/archive/50fd26ca0031b7cc121ff1d187bab556d9dbfcfb.jpg,我的沙雕日本同学,1753961361,85,3546719866325287,东京_浪君,https://i1.hdslb.com/bfs/face/210057698965ef33b7e994de46f6e0ec4659c3b7.jpg,142139,"高能,校园,搞笑,日本,日本人,沙雕,日本高中生",518915,665,1076,11965,1235,4913,0,0,64646
BV1vpt3z5ELL,114970738035638,1,172,2064,手机游戏,单人RPG游戏,http://i1.hdslb.com/bfs/archive/da72c19ddbed19de9272bd476d5f73811bac3572.jpg,居合吗？是相同的招式呢.......,1754314493,88,91647207,w咸瑜,https://i0.hdslb.com/bfs/face/77f53e6552ae0d8b86d12d9dd1ead5bc0e43773b.jpg,485597,"剪辑,太刀,我们武者帅呆了喵,黑角,武者,整活,泰拉探索协会,明日方舟创作者应援计划",637529,322,1213,3127,989,1411,0,0,47706
BV1Wx8ozoEku,114936747463820,1,25,2037,MMD·3D,同人动画,http://i2.hdslb.com/bfs/archive/a9e81a4445dc0d2eadd4301da3ffd04ef2121f92.jpg,【星穹金曲】野花香4.0至尊版震撼发布！疯癫升级！,1753875300,109,22683350,-不灵-,https://i2.hdslb.com/bfs/face/195b1e402ccf1e7a55a780bdcc7454e25800c625.gif,219903,"手机游戏,崩坏：星穹铁道,星穹铁道,MMD,野花香,崩坏：星穹铁道创作者激励计划,花火TV,因为太阳将要毁伤,不灵,米哈游",1050748,13637,1816,24347,7816,12598,0,0,110029
BV1WZhwzgEjE,114941445019237,1,17,2078,单机游戏,沙盒类,http://i0.hdslb.com/bfs/archive/9f4eaf3d583e3cde77060f5d6ca64bbfdbcd77f7.jpg,我讨厌这份工作,1753867498,60,2032786173,MC_老村民,https://i0.hdslb.com/bfs/face/43ec2671b58ff4d4a334e777dddb1cfa59cdefc3.jpg,51645,"我的世界,minecraft,mc,meme",441595,118,143,2662,916,76,0,0,8360
BV1zQhjz6EsR,114966677951598,1,172,2079,手机游戏,其他游戏,http://i2.hdslb.com/bfs/archive/2e98503a5dce6f21449bbd6e3dd8d516871e3f87.jpg,《虚环》PV02丨21分钟实机演示,1754272800,1258,320070259,虚环,https://i1.hdslb.com/bfs/face/03a934aefe4d871e8b4bb50c45dabd7101e12cc9.jpg,342457,"游戏,虚拟偶像,手机游戏,养成游戏,策略游戏,动作战斗,实机,V圈,虚拟主播,Vtuber",11943148,106789,34027,71487,49294,147122,0,1,299003
BV1Q3hgzCEGi,114962735304248,1,21,2070,日常,MOBA游戏,http://i1.hdslb.com/bfs/archive/a6267e3fd50faa30f9fb665736c8509081fe17a5.jpg,我的辅助从来不是我的累赘,1754192317,121,454818704,王者荣耀齐鹏鹏,https://i2.hdslb.com/bfs/face/5ef332d2502814386aff625cde1bd336919f0d72.jpg,147762,"王者荣耀夏日盛典,朵莉亚在编人鱼公主,王者荣耀山海皮肤",1179835,137,445,11020,1022,264,0,0,29532
BV1dPhgzEE3A,114962617862962,1,138,2154,搞笑,剧情演绎,http://i2.hdslb.com/bfs/archive/075f51cfd639b9b3d66852ba33a060323c1dc767.jpg,做生意不光靠自身的实力，更多的是靠运气,1754192408,186,375312438,赵老板创业记,https://i0.hdslb.com/bfs/face/cc234df8ab000658ebb320b6818cc46dbdaf90c6.jpg,28732,"创业,正能量,西瓜,赚钱,商业思维",1629090,1153,1599,3993,5055,772,0,0,73164
BV1vAtgzuEzZ,114969731469551,1,17,2071,单机游戏,射击游戏,http://i1.hdslb.com/bfs/archive/69b7adedf65b15f0ce8bfc9a410d8ec4394a5ebe.jpg,国产游戏这么整!策划你是真猛啊！？,1754302975,377,154113956,日向源,https://i2.hdslb.com/bfs/face/af84c1e8c480b7affe71d989104776f586a855b4.jpg,1378424,"腾讯,射击游戏,搞笑,游戏杂谈,国产游戏,动作游戏,枪战游戏,肉鸽,沙雕",179725,1852,85,2036,1103,16,0,0,4536
BV1s2tVziEk6,114971241351714,1,17,2078,单机游戏,沙盒类,http://i2.hdslb.com/bfs/archive/628eda60eaef1932cbc03e53f0d636ff978ceb50.jpg,你可知道边境之地也有尽头？ 【MC探境者#2 深入边境】,1754359200,573,3493272888543633,冒险家岐哥,https://i0.hdslb.com/bfs/face/b53ee949c5515d83a5a9f71e6b02cacb4ee2a57b.jpg,6151,"游戏杂谈,我的世界,沙盒游戏,游戏,Minecraft,边缘之地,边境之地,整点电子榨菜",60243,312,451,2400,2217,324,0,0,4268
BV14VgJzrEGT,114895693553164,1,47,2037,同人·手书,同人动画,http://i1.hdslb.com/bfs/archive/7ec6e0fe6d2f2615daa491b115f8878b9d69817b.jpg,隧夜轮回（怨灵酒店）第二十三集 变态的宋志明 动画 悬疑 微恐怖,1754211600,251,501642082,萧一白呀,https://i1.hdslb.com/bfs/face/753545c422513fb3bac9cbd9b4f855b3e7656f82.jpg,1141303,"原创动画,恐怖,原创,动画,恐怖动画,惊悚,悬疑",361961,1982,1213,5153,6880,278,0,0,24230
BV19EhAzdEw7,114941545813022,1,251,2164,三农,打野采摘,http://i0.hdslb.com/bfs/archive/7bc0b56f80329abd2caab329b2a8624646e92499.jpg,上班了朋友们，欢迎来到斯外逃源，超斤货比比皆是。,1753875000,781,3493297320364881,韶关渝哥,https://i0.hdslb.com/bfs/face/55cf5480ef881ff1754d42d96ef5f04ea2d074e4.jpg,365442,"斯内克,捕鱼,收获满满,赶海捕鱼那些事儿",412678,3816,1205,2079,13441,797,0,0,36476
BV1Uz82zTEnr,114947535148543,1,95,2123,数码,家用电器,http://i1.hdslb.com/bfs/archive/1d93659b9b9b5edc34fd3bd674e09e4da2b3ce36.jpg,是如画壁纸，也是旗舰电视！创维A7F Pro壁纸电视深度评测,1753961813,561,941799,野生的装机宅,https://i0.hdslb.com/bfs/face/7ad319543e71c4cbca135475fb73588ac987fe6d.jpg,1005994,"评测,电视推荐,miniled电视,创维壁纸电视,京东国补,创维壁纸电视A7F Pro,创维A7F Pro,智能电视,影音设备,京东新品",632711,294,465,1228,737,203,0,0,9636
BV1dL4ZzrExj,114979344746713,1,17,2078,单机游戏,沙盒类,http://i0.hdslb.com/bfs/archive/543a23da81f7d2a14a0a9dc882b0c40c3579d1b2.jpg,我为MC添加了更多状态栏！只为折磨我的朋友…,1754449200,1503,88197128,锡德JorisSid,https://i2.hdslb.com/bfs/face/d7d65eb922b12acb45b61de639858469be69d461.jpg,284151,"娱乐,整蛊,搞笑,沙盒游戏,我的世界,折磨,我的世界MOD,沙雕,状态栏,整点电子榨菜",58043,949,588,1809,1859,134,0,0,5446
BV1MttjzjEi7,114974110258388,1,172,2071,手机游戏,射击游戏,http://i2.hdslb.com/bfs/archive/22263c0ce949077276db966f17bc803de82908e0.jpg,无惧无畏，方显粑粑流无名的本色,1754367996,382,1809444890,三角洲-安澜,https://i2.hdslb.com/bfs/face/e714b2642ce045e441a21dd29e94a72d3f7f3f8e.jpg,288187,"搞笑,三角洲行动,单三猛攻,无名教学,幽默静步人,粑粑流无名,安澜三角洲,粑粑老祖,akm,三角洲攻略课堂",973553,764,1222,5360,1544,1334,0,0,53309
BV1NMhpzNEBb,114952819966305,1,219,2168,汪星人,狗,http://i0.hdslb.com/bfs/archive/5033c2e64a9f3968e115ea30c9f4a167ab4032c1.jpg,奶奶打麻将赢回来的哼唧小狗,1754040961,101,3546876607466242,酒酿小猫鱼丸,https://i1.hdslb.com/bfs/face/0461ba706c4da95affdd5cc675e99175e49d229b.jpg,22126,"狗狗,汪星人,小狗,小土狗,奶奶,小奶狗,土狗,田园犬",516455,289,1334,15029,2081,6780,0,0,79918
BV15ptnzKE97,114975569876666,1,251,2166,三农,农村生活,http://i1.hdslb.com/bfs/archive/acb1922d11cf8c8ac6b82058ffbf94b50d70fa4e.jpg,猪到了......,1754395500,380,143845192,念叁叁叁,https://i1.hdslb.com/bfs/face/3e9a9ed8cf8b0c7221b3e810d9e1e8ff7e6cf7b9.jpg,261957,用星露谷开启我的农村生活,96643,342,353,649,687,267,0,0,16902
BV1AWhbzEEur,114956963940869,1,65,2071,网络游戏,射击游戏,http://i0.hdslb.com/bfs/archive/fcb45f51d3fdd608ff9367eb302d2d57249c5019.jpg,【JOJO吃鸡】米4达玩巡飞弹的，这么玩浮木怎么办！我的替身性感手枪真的很适合暗杀！,1754104161,249,37350101,棱镜星辰,https://i2.hdslb.com/bfs/face/1840cb7389d2814e6aa70bf8ffcf9e4ddac54c5f.webp,94493,"空条承太郎,JOJO的奇妙冒险,搞笑,JOJO吃鸡,沙雕,米斯达",786979,404,245,10314,986,510,0,0,51813
BV1nXt3z9EFG,114970402489367,1,21,2130,日常,健身记录,http://i2.hdslb.com/bfs/archive/17d28ae2ff605e6cb0b911475369fd6b6946329a.jpg,带猪健身减脂第17天,1754309198,224,475516321,涛酱不讨厌健身,https://i1.hdslb.com/bfs/face/3f44f4b6ef4633aad4b73cbd37ae72ed97b928bc.jpg,31842,"减脂,健身,训练,肌肉,肌肉猪",107192,407,1014,511,1355,2311,0,0,9141
BV1TatjzCEwV,114973992817510,1,137,2018,明星综合,音乐现场,http://i0.hdslb.com/bfs/archive/b4415a4e8bbf276b8358cd867166ca7c136041b4.jpg,250802 Kcon la ‖ 没有明天 章昊4k个人直拍,1754364838,246,37640684,Forever021Hann,https://i2.hdslb.com/bfs/face/6e2488e1893fce52fee91fa254504dcc3fe2c85a.jpg,3389,"4K,章昊,章昊没有明天个人直拍,舞台,直拍,K-Pop",91332,2879,1573,4950,7501,3078,0,0,9677
BV1KR8EzWE7E,114930388898039,1,138,2154,搞笑,剧情演绎,http://i0.hdslb.com/bfs/archive/028f2a3eba28745c798af059eee9f2f36125d83a.jpg,男孩子去拿快递千万要注意安全,1753866000,157,3546697410021598,-阿迪啊阿迪-,https://i1.hdslb.com/bfs/face/04937d9bc6c21dc5bd43107ac46cfac6f34c219f.jpg,477576,搞笑,1553290,689,729,3059,869,798,0,0,85876
BV1zQhjz6EL3,114966677953114,1,65,2041,网络游戏,动漫剪辑,http://i2.hdslb.com/bfs/archive/7f1167828ae24a6e195b75b7217f0ab694be5095.jpg,“抱歉，我不会再梦见你了。”【晓蛇拉扯集锦】,1754253897,88,284867798,玩蛇の想象家,https://i2.hdslb.com/bfs/face/77567da02222f5454d0e7e752151d4d96f95518d.jpg,6898,"晓蛇,英雄主义,火影忍者手游,无敌帧",151057,108,292,2498,1446,276,0,0,14727
BV1imhHzUEVv,114952769706755,1,182,2009,影视杂谈,娱乐评论,http://i0.hdslb.com/bfs/archive/0dce04204117e78979873e29026fbd64b16a91ac.jpg,13岁前乞讨，22岁当影后，39岁跌落谷底，50岁重回巅峰，她的人生比电影更精彩！,1754101800,918,34189415,low君热剧,https://i2.hdslb.com/bfs/face/fabe17ef4b344336b872e3ded46a4a4b11140e7f.jpg,2927670,"惠英红,我爱你,燕云十六声,在燕云暑期版本安家了,燕云新武器唐横刀,燕云武学宗师惠英红,怪你过分美丽,宫心计,长辈,血观音",431553,1072,858,3908,4761,454,0,0,21877
BV16ohnzXEFK,114953256181041,1,157,2111,美妆护肤,美妆,http://i0.hdslb.com/bfs/archive/a04464632b492e95efc5a9123c01e172841e380a.jpg,外公为了支持我的美甲事业,1754047861,117,22568886,杭州_张白芝,https://i0.hdslb.com/bfs/face/ae49e929d3ecec99388a2042ad95151598424c8c.jpg,777,"美甲,日常,美甲教程,美妆,普通人变美指南",563625,247,388,1499,831,211,0,0,47246
BV17Yh7zkEmF,114951461012611,1,243,2009,乐评盘点,娱乐评论,http://i0.hdslb.com/bfs/archive/f2a1b0f3725bfff2a68d7d53132357e0e22749fb.jpg,私信被冲烂！好，我摊牌了！旺仔小乔黑料到底有多黑？,1754020888,498,95730227,爱上大世界,https://i2.hdslb.com/bfs/face/386a559eb9434f9e893a1ac6d6ee4d90d0a47933.jpg,145960,"搞笑,原创,演唱会,吐槽,旺仔小乔,吃瓜第一线,热点,版权,网红,娱乐资讯",2841746,18673,3921,26979,13934,1410,0,97,81751
BV1whtGzZETJ,114969915950346,1,21,2150,日常,美食探店,http://i1.hdslb.com/bfs/archive/5d128736b33661b130e4cdc502ce5952dbe14e12.jpg,北京人学粤语，那叫一个地道！,1754301847,1767,408422610,粤爱车,https://i0.hdslb.com/bfs/face/5b77e4ff337bd46489b8e926b44d8d8a21210cb6.jpg,198141,"北京,粤语,广州话正音字典,天工05,舌尖真探事务所,红旗,爆肚,地道,北京人,探店",141579,2876,692,1934,7574,1248,0,0,10917
BV1HRt3zpEcD,114970587042660,1,138,2152,搞笑,美食记录,http://i2.hdslb.com/bfs/archive/f03dbf72830e3c46247bd89cd0416b9aca7030f3.jpg,深度解析良子是否偷吃5,1754312604,289,32026774,侦探许烦烦,https://i1.hdslb.com/bfs/face/12cddd8ada95dfd639100cd9ec276ce7a57643fb.jpg,184803,"搞笑,吃喝玩乐先上闲鱼,美食测评,Vlog,良子",284316,770,657,1127,999,770,0,0,15964
BV1pYtGz4E7q,114969899241661,1,76,2152,美食制作,美食记录,http://i0.hdslb.com/bfs/archive/f96599e9b7f224a2a3a9820ff649633573e1a8a5.jpg,三个巨无霸吃一个巨无霸汉堡！妥妥健身餐！,1754301734,213,3546821659986396,猪猪狠爱吃,https://i0.hdslb.com/bfs/face/1f08ec519cd34452ea061ae8289b9fd48dead326.jpg,51818,"美食制作,美食,吃货,厨艺,记录我的美食日常,巨无霸,汉堡,健身餐,Vlog",344242,442,499,1079,1016,564,0,0,18753
BV1iotuzVEhY,114969798577515,1,85,2207,小剧场,随拍·综合,http://i0.hdslb.com/bfs/archive/9ef05e2937b666a2b65a4ea48c193bd0215d95b8.jpg,第一次见这么大的烟花秀,1754300274,116,1938121503,峻宁峻宁,https://i0.hdslb.com/bfs/face/77adde11cdc36382919b3e0f699e3da482cc08c5.jpg,1111721,"生活记录,烟火,烟花",108863,7424,155,3189,778,103,0,0,8285
BV1c8hbz5Ec6,114957165272158,1,65,2071,网络游戏,射击游戏,http://i1.hdslb.com/bfs/archive/d860d14d4ae4123e2eed541a2e5a420dfc458cc2.jpg,【干员周报】深蓝教官来了，在修了在修了TvT,1754107333,170,3494376565115651,三角洲行动,https://i2.hdslb.com/bfs/face/d86e9c7dcf8c0faf25b277a38d8103832556383f.jpg,2461932,三角洲行动,1034856,37351,12967,7336,1271,10308,0,0,71762
BV1cfh3zhEAg,114963507060135,1,228,2088,人文历史,社会观察,http://i0.hdslb.com/bfs/archive/b05a746fc51d3194cf85c7b2b636376bffd913bc.jpg,7月28日一发生就引爆舆论，特朗普还亲自下场发推，到底是怎么回事！,1754388000,873,297670584,我是大佬K,https://i0.hdslb.com/bfs/face/efe0c5cde9af3c74568d17599b9b2a071b279fb4.jpg,948516,"悬疑,真实故事,奇闻异事,真人真事,深夜故事,悬疑案件,案件解说",233505,1148,698,1681,2236,249,0,0,9780
BV1wTt3zxEZK,114968959716141,1,172,2064,手机游戏,单人RPG游戏,http://i1.hdslb.com/bfs/archive/a4ab0c7bb3910770f9cefb49f811f22edc67d67d.jpg,再次终结比赛！红A 0金0T混沌12层史瓦罗！,1754287213,184,34330543,糊涂捏不糊涂,https://i1.hdslb.com/bfs/face/23d63095f874796a7783ba07b9ce4359667ff07c.jpg,12833,"卫宫士郎,二次元,极限,崩坏星穹铁道,混沌回忆,星穹铁道Fate联动,Archer",219510,954,1058,1087,570,2863,0,0,13480
BV1xV4RzjE8o,114977314706918,1,172,2070,手机游戏,MOBA游戏,http://i1.hdslb.com/bfs/archive/8c5aac00122513d1cbfb50e937b41d8d18f5af99.jpg,我的李信也是好起来了，KD平均下来能一局杀0.9个,1754442000,233,268941858,磊哥游戏,https://i0.hdslb.com/bfs/face/538b9090c0862782df0662b2176e726eda1c9980.jpg,2468694,"王者荣耀,王者荣耀夏日农友节",381330,1122,1863,1840,2448,824,0,0,33621
BV15mhHzUEFM,114952769637379,1,201,2179,科学科普,健康科普,http://i2.hdslb.com/bfs/archive/3326b9db8a4cd7053dba4184a70bda711ef5c779.jpg,孕妇每天两杯奶茶导致早产，反式脂肪酸谣言何时休！,1754229600,153,35195926,大雷的食品科普日常,https://i1.hdslb.com/bfs/face/05cd2189ca9a595beb35c95d12e7ba2beeb739bf.jpg,1234790,"健康,奶茶,科普,怀孕,孕妇,媒体,万物研究所",383820,381,1126,4967,1466,625,0,0,37089
BV1xUtVzNEsg,114971291686221,1,172,2077,手机游戏,休闲/小游戏,http://i0.hdslb.com/bfs/archive/5e7f93c7c458606a8b9b979f4b27bec73c570cb4.jpg,蛋仔派对：南瓜居然被兔仙收买了！,1754322936,131,64621079,隐秘的兔仙,https://i2.hdslb.com/bfs/face/a557213fddae799ef9963d790ea571ce22b7ddf0.jpg,462853,"蛋仔派对南瓜入侵,隐秘的兔仙,蛋仔带你看世界,蛋仔派对",1016368,164,433,30900,1258,42,0,0,29483
BV1qctczUEsk,114979948729514,1,17,2078,单机游戏,沙盒类,http://i2.hdslb.com/bfs/archive/ba778f76aa01faf250d173e03aaf5a6433df7e9a.jpg,神人玩什么都很神 1.0,1754455207,141,289475254,碧月狐,https://i1.hdslb.com/bfs/face/d29803d385b117e98eda7abed7ebcfbc92bc44ac.jpg,2715777,"万物皆可游戏,搞笑,我的世界,沙盒游戏,娱乐,抽象,沙雕,mc,meme,碧月狐",90480,595,510,885,647,72,0,0,10307
BV11WhMzoEwd,114961560902585,1,172,2071,手机游戏,射击游戏,http://i1.hdslb.com/bfs/archive/50cd14436a551c1660048b523f51f12fac6f157b.jpg,挑战用苏尔南手枪赚百万！,1754175313,468,700516468,松下千秋77,https://i1.hdslb.com/bfs/face/1d860b1b059fbcbc09c269b8d7a7e52603b3c283.jpg,394356,"地铁逃生,苏尔南手枪,和平精英,松下千秋",3108361,419,193,29150,1215,65,0,82,32655
BV16NhtzrEv4,114957819578593,1,215,2150,美食记录,美食探店,http://i2.hdslb.com/bfs/archive/510bdabe6a15e409f274c332da539ba99fa9296a.jpg,这所大学的校外美食 堪称美食批发市场,1754117798,137,500956635,一坨小草莓不霉,https://i0.hdslb.com/bfs/face/3c5908a07fed10bb6dbde6cd4aff2f86dc2859e7.jpg,192632,"大学,校园,记录我的美食日常,Vlog",409267,312,503,9210,629,5078,0,0,37611
BV1c5hnzpEyf,114951578457776,1,27,2037,综合,同人动画,http://i1.hdslb.com/bfs/archive/a85d8f5d432c3cd64a07e7880894b4d411700afa.jpg,堵桥的救赎,1754022120,201,3546625452542554,自然锦鲤-冲刺电竞,https://i1.hdslb.com/bfs/face/5cc7f4b449595363f6e03abbd1dc153508fcc69a.jpg,344477,"FPS,搞笑,射击游戏,鬼畜,猫meme,三角洲行动,冲刺电竞,自制动画,三角洲破壁新赛季上线",1862291,368,200,28985,1170,285,0,0,44627
BV1Pw82zYEUy,114947669364026,1,65,2071,网络游戏,射击游戏,http://i0.hdslb.com/bfs/archive/6a3410f3c263f991a64b1aec08ad9cf3be80fe2b.jpg,三角洲dma大面积拉闸！大量主播休息！,1753962400,188,393091539,三角洲经济学教父,https://i0.hdslb.com/bfs/face/613b938dbbfd3d4a228340e2b42d0bc1111edaed.jpg,795697,"战争,电子竞技,搞笑,游戏,硬核,直播录像,三角洲行动,沙雕,热门,主播",1034410,8374,5939,2568,841,4433,0,0,43973
BV1LchMzCEYK,114961812619609,1,201,2094,科学科普,科学科普,http://i2.hdslb.com/bfs/archive/bab59049db8f5eec2e7e3d2e01b59632ce43015e.jpg,饥饿的暴君：卡路里王座下的营养革命,1754178461,409,1208823126,大圆镜科普,https://i0.hdslb.com/bfs/face/9c34ee4b8041dd6f2139c52287c8d34a0a42f230.jpg,438180,"科普,健康,科学,生命,生物,卡路里,营养,AIGC,每天一个健康知识",1912789,752,1293,17357,6202,1457,0,42,142375
BV15MhHzjEXx,114953407307236,1,265,2071,AI音乐,射击游戏,http://i0.hdslb.com/bfs/archive/043ea249fd65dfc191ab39565dd977e433182ac5.jpg,鼠鼠今天生日，可以放过鼠鼠吗？鼠鼠会报答你的！,1754092945,93,3537118242540062,slime布丁姆,https://i2.hdslb.com/bfs/face/6fbc97634511ba16187911ca9d1b036a85322df6.jpg,34031,"三角洲行动,人机,三角洲,祝福,生日",650311,10804,3430,26253,43244,671,0,93,146989
BV1xMhpzNE8u,114952820039292,1,27,2041,综合,动漫剪辑,http://i0.hdslb.com/bfs/archive/fbbdb5bf358b4a358443f078d99756b75a97990f.jpg,我 和 你,1754040989,34,470849460,花落北城,https://i0.hdslb.com/bfs/face/d50b8b25667e330a0bca88b4ea68d1080c367e75.jpg,1511,"剪辑,二次元,动画短片,动漫,章鱼噼,伤感,卡点",681941,207,1883,33239,8876,3324,0,0,113254
BV1kshKzEEDH,114960923367512,1,208,2084,校园学习,应试教育,http://i0.hdslb.com/bfs/archive/6ae77ac999fe6db883e94afbc9511452bdaad3dc.jpg,分享一个，从山沟小镇到清华的学习故事,1754186400,878,14229967,一数,https://i1.hdslb.com/bfs/face/812281bada7d323c23c6e1e2e92749bd29b7d7c6.jpg,20493694,"高考,学习,数学,bilibili高考季,考前复习,高中,考试资料,中考",865962,3753,2713,24158,14871,2594,0,60,93443
BV1LwtHzzEup,114975335063543,1,215,2149,美食记录,美食制作,http://i1.hdslb.com/bfs/archive/313d129782192a3eec91291d5724aba822b0858a.jpg,东北老菜谱，锅塌豆腐+土豆牛肉！,1754391900,192,1916474,神奇海挪,https://i2.hdslb.com/bfs/face/e37369a80dcac0fa2b3a7f8187565e626e0a00e8.jpg,2103264,"美食制作,美食教程,家常菜,美食,美食vlog,记录我的美食日常,Vlog",219068,85,108,3588,586,29,0,0,6948
BV1y1tnznEKG,114975318349391,1,228,2081,人文历史,海外资讯,http://i1.hdslb.com/bfs/archive/87756bc9f560acbc5c83e9be46af1134dc9b1e4e.jpg,心理扭曲、祸乱全球：被公知吹爆的英国到底有多不做人？,1754386204,1496,435931665,军武志,https://i0.hdslb.com/bfs/face/684eecd680183541858b62785ab01be89bacc671.jpg,1488395,"欧洲,英国,帝国主义,印巴,殖民地,巴以",301263,1170,1306,5953,3295,392,0,0,27991
BV1nzhGzPE3E,114965419790011,1,76,2149,美食制作,美食制作,http://i2.hdslb.com/bfs/archive/738d6436651d3c3f19c68a740fc5d75bab82ba5e.jpg,把鲜橙变成冰淇淋卷的过程太上头了！你绝对想不到最后的味道有多惊喜！ | Ice Cream Rolls 【ASMR】,1754234395,521,1732349847,Ice-Cream-Rolls,https://i0.hdslb.com/bfs/face/f8b1665ecd80940af3af400e2f6fb2ed4c545924.png,854031,"Cooking,Dessert,Delicacy,Snack,Cooking tutorial,Food lover,Culinary,Culinary skill",327491,1968,397,1326,624,286,0,0,14212
BV1BVtuzkELM,114968120794337,1,172,2037,手机游戏,同人动画,http://i2.hdslb.com/bfs/archive/2ba07175e8f43c794d4a33af2424f05db48583ee.jpg,虚一直构丨无需负世的平凡午后，你们在麦田里……,1754274786,88,2623150,秋绵_Akimeow,https://i1.hdslb.com/bfs/face/6e3060782cbaa5dfddc930d8b596826e01506252.jpg,5498,"动画,白厄,虚一直构,星穹铁道白厄,哀丽秘榭,小白，还回家吃饭吗？,麦田",266244,430,1111,25580,11887,2776,0,0,62771
BV1grhVzDERh,114964463361419,1,245,4216,赛车,骑行,http://i1.hdslb.com/bfs/archive/9aa6f6621a11db517660893ba8dba988f1b444da.jpg,“更离谱的是这样的表现都站不上领奖台”,1754219519,181,5321968,尽墨for车,https://i1.hdslb.com/bfs/face/3db9c7c546cd955cc1f7a1300910f9314e62a86d.jpg,1451429,"自行车,骑行,山地车,极限运动,2025年硬线速降,阿B我想玩户外",479090,464,493,2867,1589,751,0,0,24310
BV1iChgzQEhg,114964262030121,1,30,2063,VOCALOID·UTAU,鬼畜综合,http://i0.hdslb.com/bfs/archive/cf9f7ed9b0216347dfedeb6c1ca17381249f5b30.jpg,【高精度中字嵌字】Cherry Pop feat. 初音Miku,1754215589,143,3493091220654843,瓜子920,https://i0.hdslb.com/bfs/face/95c9253595b9f68c0bd142852dad1f5f2e6185e4.jpg,1835,"音乐分享官,DECO*27,DECO27,VOCALOID,翻译,术曲,高精度中字嵌字,中字,嵌字,Cherry Pop",157682,73,445,11234,10519,851,0,0,34325
BV1LKt5zXEqQ,114971358791317,1,157,2160,美妆护肤,城市出行,http://i0.hdslb.com/bfs/archive/98f7a4c03b67d326926ddba877177553d36cd513.jpg,逛街别光只逛不买啦！顺便0元做个色彩测试！,1754324111,149,287468649,阿哈哈哈哈哈黑猫警长,https://i0.hdslb.com/bfs/face/1305fba1909b05ac6d90e0ec2f4eb5ad343998db.jpg,1510878,"生活,测评,测试,生活记录,色彩,挑战,逛街,色彩测试",202187,72,138,10676,576,2425,0,0,16934
BV1bXtJzdEtr,114975821534637,1,95,2102,数码,摄影摄像,http://i1.hdslb.com/bfs/archive/d38ce9fab0a86d1412069e4be414d6624f5e6cdf.jpg,用这台相机，拍出了老婆最满意的照片！大疆Osmo 360,1754401507,775,37029661,小鹿Lawrence,https://i1.hdslb.com/bfs/face/e4c9f5f6bfd8c48de684d2456e8fe3ecce8f0c6c.jpg,1794016,"评测,数码,小鹿Lawrence,像素长街,Osmo 360,大疆,DJI,全景相机,摄影器材,哔哩哔哩影像纪",230758,833,229,1112,1140,322,0,0,8371
BV1PehAz1En3,114941310797992,1,138,2098,搞笑,AI杂谈,http://i1.hdslb.com/bfs/archive/0706fbba1c4af64ae143a9c81c8100d026705610.jpg,这期我宣布，AI你赢了,1753865676,84,378828200,疯狂大笑总,https://i2.hdslb.com/bfs/face/c130bc3ab55f746c83a999d9a2601404bfbe75e3.jpg,2388537,"AI,人工智能,高能,搞笑,搞笑小剧场",1596332,643,286,4421,958,508,0,0,96273
BV1jjtEzaENC,114974731014847,1,65,2071,网络游戏,射击游戏,http://i1.hdslb.com/bfs/archive/d5c538f23d3e06c14ab8070bfcc7733621cb61d7.jpg,6w腰射流维克托9，无脑秒杀四套,1754375777,209,71159799,可爱的团长l,https://i0.hdslb.com/bfs/face/6ba7928539ffebefaf656fbf8ddd74a5d349e905.jpg,1294588,"御姐音,电子竞技,萝莉音,暗区突围2077联动,维克托,史,操作,教程攻略,暗区突围",152046,325,324,3532,578,187,0,0,10339
BV1ith3zQE5k,114964111104762,1,254,2187,亲子,人际关系,http://i0.hdslb.com/bfs/archive/2c530d89ee06638c5d449bb9f0d96ee0cdc19e69.jpg,怼人万能话术,1754213441,72,16414997,一点就炸B站号,https://i2.hdslb.com/bfs/face/515896c05bb03599c0765b28657d363098d90d40.jpg,1021625,"日常唠嗑,人际交流,自我成长,认知思维",272047,253,592,9977,941,548,0,0,32469
BV1QAhKzYEvv,114961225355157,1,31,2027,翻唱,音乐综合,http://i1.hdslb.com/bfs/archive/b6dc0a30b3c2ea8b10413a15c2fed570e0ed5041.jpg,【黄金裔】《八连臭火》,1754169388,97,1393728432,匹诺康尼乐师,https://i0.hdslb.com/bfs/face/1700f65477fdc106b29210d7d702a54c4aa42e0e.jpg,47221,"崩坏：星穹铁道创作者激励计划,八连臭火",524813,1059,1618,21294,2548,12064,0,0,45262
BV1sfh7zREkZ,114951175868161,1,21,2005,日常,短剧短片,http://i1.hdslb.com/bfs/archive/bb51c6cb4958509a2caf7e06c430b8f84f7420ec.jpg,【短片】后来，我决定不把鸡腿放到最后吃了,1754015966,123,240303701,Yeesa523,https://i2.hdslb.com/bfs/face/39d7d1277ddf0296b9cd26a23afff6446fb3b3d5.jpg,13253,"短片,生活记录,创意短片,人生,电影,vlog",462258,155,516,6603,3291,840,0,0,42212
BV1GuhhziE9u,114958222236434,1,171,2071,电子竞技,射击游戏,http://i1.hdslb.com/bfs/archive/a60b70f118873455ea76c1037954cc315175473b.jpg,不是你压力谁呢？,1754123351,25,3461567079254478,保护我方塔姆,https://i0.hdslb.com/bfs/face/b1a01339e7edc84f3773ecfcd45121b6a428e098.jpg,65536,"FPS,桌游棋牌,MOBA",1248980,134,769,2699,661,363,0,0,85212
BV1oEh8z6EqH,114958775950602,1,27,2020,综合,翻唱,http://i2.hdslb.com/bfs/archive/4f3428c0c74f5ee113222eb20657e357622c5933.jpg,请不要带我走。,1754131767,24,607524075,迟幸Xing_Official,https://i0.hdslb.com/bfs/face/4be6328cae338bc706e6764384571631e66d1b90.jpg,26693,"Project Orcus,请不要带我走,迟幸,Vup,诗岸",258053,209,2023,17093,4269,1743,0,0,63719
BV1K1h3zgEbZ,114963859376323,1,138,2006,搞笑,AI影视,http://i0.hdslb.com/bfs/archive/d61bce5e2ca0c9b5c677e470c9e5f3eab6806ed7.jpg,致富经：怪物入侵别慌张，铸币大头来帮忙,1754210627,141,25329626,咪克菌,https://i2.hdslb.com/bfs/face/0042a7eaa356accba028b85592e7fd23f0763190.jpg,1066286,"搞笑,AI,咪克菌,铸币大头,鸣潮创作激励计划,弗洛洛,大傻椿,致富经,原创剧情,鸣潮",491495,822,1794,6096,7523,8332,0,0,42549
BV1Cyh8zXEV8,114958490734308,1,27,2041,综合,动漫剪辑,http://i0.hdslb.com/bfs/archive/a32c12996daf100a3dc4f6a64a84991305e8dcc9.jpg,如果迪奥遇见的是所有JOJO,1754182800,121,14649017,有人品没节操,https://i2.hdslb.com/bfs/face/2958cd825351b1343d4f9dd525ab15e4560bd71e.jpg,20461,"DIO,JOJO,JOJO的奇妙冒险,动画种草激励计划,承太郎",659144,411,253,14601,1112,1094,0,0,27775
BV14Shwz1ERb,114941797341117,1,126,2063,人力VOCALOID,鬼畜综合,http://i1.hdslb.com/bfs/archive/337e0d8dd4600ea305e5ea682f5109fe52d77fcf.jpg,“鬼畜，是不是该剧终了”,1754020500,195,29382783,爱狂三的星总,https://i0.hdslb.com/bfs/face/e9cb715dcbd3521f6a8bcd9b3e92e272544b5f5d.jpg,882491,"全明星,人力VOCALOID,鬼畜调教,鬼畜全明星,鬼畜,黄绿合战,黄绿合战10th,剧终の小曲,传统鬼畜",549598,3183,4233,17850,30001,2146,0,0,75850
BV15ntEzfEFE,114974680683497,1,138,2154,搞笑,剧情演绎,http://i2.hdslb.com/bfs/archive/92d7f4226dcb62060a4d1c5797bf38064c23e305.jpg,《 当 代 准 高 三 现 状 ！！！》,1754390280,234,378881292,老段生,https://i0.hdslb.com/bfs/face/3b41bd42a900f641dfc6f14a44194fa5a90636af.jpg,709940,"爆笑,搞笑,高三,帅哥,搞笑小剧场,真实,高中,学生",181740,928,1639,4301,4784,684,0,0,20960
BV127tJzSEcc,114974328362340,1,182,2001,影视杂谈,影视解读,http://i0.hdslb.com/bfs/archive/c9ba57067854a605ba3d7dc0c3973930c71c4c1e.jpg,【万字拆解】血腥实验，杀戮元年！《人类清除计划4》第一届清除夜，人命换数据，小岛变囚笼，今晚杀人只为做科研~,1754380800,2170,245069296,迷影区间,https://i1.hdslb.com/bfs/face/a4aae4a3495cd589c21ee0d79d684ac82352c62b.jpg,892933,"万字拆解,若也洗发液,MAGA,人类清除计划4,杀戮元年,The First Purge,万字拉片大赛",312348,2519,353,4325,3004,208,0,0,13395
BV1wP4dzGEEv,114976693949189,1,212,2150,美食侦探,美食探店,http://i1.hdslb.com/bfs/archive/92a6a58a9240500ec2e58f1c761ad3727eae0234.jpg,日本社畜吃点啥？同事推荐の平价社畜人气寿司居酒屋，好！免除一死👋🏻,1754405569,210,15874359,大阪流浪社长,https://i0.hdslb.com/bfs/face/e056229473e236e0a9d2b0bf8719ce1192b27c0f.jpg,427349,"刺身,日本,日本料理,寿司,大阪,日本生活,探店,日本vlog,日本海鲜,假期美食特种兵",161425,281,398,1011,904,224,0,0,15291
BV16ohpzhEUG,114954430582357,1,252,2207,仿妆cos,随拍·综合,http://i2.hdslb.com/bfs/archive/edcb774c4e6fba57b512ae0ce713fb436aa9535f.jpg,『自存特效化妆  矿石病的发展 魔王阿米娅手部部分试妆,1754065855,44,661074728,簌雪在这里,https://i2.hdslb.com/bfs/face/9170a54d5f2d93bd621e5669854c48fd7b2bdbdd.jpg,741,"化妆,美妆,特效,明日方舟,魔王阿米娅,Cosplay,矿石病",549252,266,1205,10414,1320,5329,0,0,94980
BV1iktGznEXL,114969865751458,1,171,2068,电子竞技,回合制策略游戏,http://i0.hdslb.com/bfs/archive/a78adb872171ec523966d4f68181c1291b0e0ea4.jpg,一期看完铲铲S15开服必学12套阵容【云顶之弈】【金铲铲之战】,1754362800,191,18343134,林小北Lindo,https://i0.hdslb.com/bfs/face/fc093c1e6784b5f51e4697c739fe70e519ba36f7.jpg,1851297,"电子竞技,云顶之弈,云顶阵容教学,金铲铲之战,云顶之弈激励计划,云顶s15,云顶之弈s15,天下无双格斗大赛,云顶s15上线,林小北",359435,114,992,5012,1186,1541,0,0,7925
BV1xthHzaEuu,114952920634468,1,17,2071,单机游戏,射击游戏,http://i1.hdslb.com/bfs/archive/5957e3007f1d9f0a1e7018b384a36aa847cc7f36.jpg,"三角洲:""战地，你没死啊？”",1754042576,56,284520096,喳喳呱,https://i0.hdslb.com/bfs/face/1ea71c54d1b9fefc224dce48294a34f7f5a6b17f.jpg,455697,"FPS,射击游戏,战地,搞笑,三角洲行动,三角洲,战地6,整点电子榨菜",643247,239,4648,2692,870,7563,0,0,25475
BV1Hp8rzCEpA,114944481695480,1,183,2002,影视剪辑,影视剪辑,http://i0.hdslb.com/bfs/archive/3430ab5be3d02645b6e762358376ee5b8a79bad5.jpg,压抑的情绪如何才能得到解脱,1753913904,78,3546658845493654,烤鸡_派k,https://i1.hdslb.com/bfs/face/6e5b0e3ff2691781e5209cb412a91be60de0c6a9.jpg,1681,"混剪,电影剪辑,剪辑,电影,影视剪辑,电影美学",1103189,224,903,49386,13189,1929,0,0,115394
BV16Gh8zyE8q,114958574556305,1,27,2041,综合,动漫剪辑,http://i0.hdslb.com/bfs/archive/059933621cd6b443a1fdaf41c84486316431ce27.jpg,【chiikawa×守护甜心】乌萨奇吉伊小八化身守护甜心,1754128818,90,3546735578187781,灼别林,https://i1.hdslb.com/bfs/face/3a73e2c30d0d951277d3718feb381e595d3d168c.jpg,275,"小八,可爱,守护甜心,二次元,chiikawa,吉伊卡哇,吉伊,动画种草激励计划,二创,乌萨奇",148419,87,462,7405,10087,4823,0,0,23563
BV18mtJzFEzd,114976157077437,1,138,2154,搞笑,剧情演绎,http://i2.hdslb.com/bfs/archive/633578d8c8b9239ffbb33f85b793cc304e515629.jpg,与时间赛跑的人,1754397472,185,1548805549,甜蜜老张,https://i1.hdslb.com/bfs/face/8e1b3812f8c0c20b5d2ef1bb3a332077b5c951bc.jpg,1473424,搞笑研究所,191621,221,205,1463,649,260,0,0,16787
BV1z3h8zLEQS,114958658439775,1,138,2156,搞笑,UP主小综艺,http://i1.hdslb.com/bfs/archive/831e26d160ce28cee7778a12a163e26b1f341262.jpg,逆天！今年上半年最离谱的小学生作业可能都在这里了！？！,1754136000,366,20892823,柠檬派奇幻漂流,https://i1.hdslb.com/bfs/face/35381f14ad45a75b4392642055a3d113e50b03f9.jpg,3064131,"石头,作业,搞笑,吐槽,石头P20 Ultra,扫地机,小学生作业,石头扫地机器人,石头扫地机",1594869,5492,447,23861,2860,730,0,0,62437
BV1UCtVzBExP,114971610518089,1,17,2079,单机游戏,其他游戏,http://i1.hdslb.com/bfs/archive/71be014644efebb8a82e6f52c08215e57f0b48e8.jpg,兄弟!!!你怎么在天上飞！?,1754352000,1232,22073070,空空不秃,https://i0.hdslb.com/bfs/face/5cefeda186585a96aefefc2c6bfea96b1c0a3ad0.jpg,227831,"单机游戏,娱乐,搞笑,多人游戏,沙雕,peak,夏天y",283856,804,298,9081,12717,194,0,0,24549
BV1KntGzvEfz,114970301827939,1,138,2182,搞笑,心理健康,http://i1.hdslb.com/bfs/archive/e9e8b039637cdda3d92f4d72c2ccb46012818116.jpg,过度思考，焦虑症？孩子不是在钻牛角尖，他只是在给自己找活路,1754307724,87,3546883385461219,猫meme小山楂,https://i1.hdslb.com/bfs/face/2c0ab4995c2dde5f5927c6d59d6b3db798ee377d.jpg,17679,"猫meme,焦虑症,过度思考,敏感型人格",154755,550,1093,10936,1201,1943,0,0,26581
BV1D4htz4Eda,114957920312468,1,213,2151,美食测评,美食测评,http://i0.hdslb.com/bfs/archive/8a91e256f27f604295685c1bb9a2f8d757469231.jpg,这是我做低分外卖的初衷！,1754127000,341,667242071,老戴是减肥侠,https://i2.hdslb.com/bfs/face/e0c7b2af4581f03d1aa033a2230170476f0bc7bf.jpg,14092,"绘画,生活记录,吃货,低分外卖,记录我的美食日常,辣个老板,杭州,记录,外卖",340661,417,199,619,1481,75,0,0,20887
BV1NHhJzfE49,114952216119487,1,207,2087,财经商业,商业财经,http://i2.hdslb.com/bfs/archive/d567e3f54bbc99608e3e62f7a49d8c5598ad91a9.jpg,罗马仕现状：剩5000万库存，员工抽屉里连A4纸都被收走,1754039100,442,12638031,知危编辑部,https://i0.hdslb.com/bfs/face/9119a68543494017db53a2567d3e96734c3a6639.jpg,595535,"社会观察局,财经,充电宝,罗马仕",1635912,2228,7255,6669,1560,3938,0,0,30125
BV1X482zLE6a,114947400927906,1,17,2071,单机游戏,射击游戏,http://i1.hdslb.com/bfs/archive/fb40fe42758b3381215f1d7a747287903c2a24e0.jpg,跟我的汤姆逊说去吧！！！,1754040924,149,3493145360731002,二二二二狗司令,https://i0.hdslb.com/bfs/face/ed26269c4c32cede29e989f46c3b22aabcfc9c78.jpg,109546,"丧尸边境检察官,推荐宝藏游戏",1956715,271,289,4254,1590,209,0,0,40758
BV1V8h3znEpq,114964094258335,1,47,2207,同人·手书,随拍·综合,http://i0.hdslb.com/bfs/archive/41f576cba8f7fd4c24316ecd5e1e2888733cc80f.jpg,【重置】你的鬼畜区是什么颜色？,1754213153,68,3493136577857644,路过的White,https://i1.hdslb.com/bfs/face/083e6445aa78242f00e83404ee8e9897c4aae19a.jpg,5732,"鬼畜全明星,音乐,梗,鬼畜,剪辑,卡点,雅",362764,246,886,18798,7698,2759,0,0,73918
BV1iShGzxEFZ,114965100888535,1,138,2142,搞笑,体育综合,http://i1.hdslb.com/bfs/archive/c4bd7d12b3150fb96e86985e4118659b39a1cc69.jpg,铁人五项比赛！,1754228650,193,3546378519186308,三一八本人,https://i2.hdslb.com/bfs/face/f3042ec213e893123bb820cad91e372bc43bcf5d.jpg,495467,"体育,运动,比赛",761498,1372,1131,1584,1538,1508,0,0,33703
BV1fFhHzDEWW,114953289800258,1,215,2150,美食记录,美食探店,http://i1.hdslb.com/bfs/archive/01a950a408855dcc8bc2809a29bf5cade84c8596.jpg,大碗面来了！一人一斤！再加半斤抄手！必须吃爽！,1754048613,374,8680974,干饭三健客,https://i0.hdslb.com/bfs/face/cf67c074588b1524389f371665b4f687cf6315b6.jpg,1724184,"街头美食,重庆小面,三剑客,重庆美食,健身餐",1043037,1999,1367,2021,4483,1415,0,0,40836
BV1pUt3z4EKG,114970385712379,1,216,2071,鬼畜剧场,射击游戏,http://i2.hdslb.com/bfs/archive/acdff94e1ee8441901b99afc06f5fde85fc10a98.jpg,这桥我堵定了！,1754309147,66,14896506,英豪小丸砸,https://i0.hdslb.com/bfs/face/64469457eb908ecccafa89f863ae791658a4a01d.jpg,58126,"三角洲行动,乌鲁鲁,三角洲,堵桥,三角洲破壁新赛季上线",571352,138,649,1916,1032,1291,0,0,39626
BV1AHtMzEEDE,114968624111267,1,28,2020,原创音乐,翻唱,http://i1.hdslb.com/bfs/archive/76701eaa4eef8f5634f83e13bd35a9114fd7e0f1.jpg,Moon Halo|翁法罗斯十二黄金裔,1754282179,122,1632696879,淬淬淬是淬,https://i0.hdslb.com/bfs/face/9865a51bcf93c2355eb1dd045c9abe5424dfc44c.jpg,37460,"翻唱,崩坏,崩坏星穹铁道,崩坏：星穹铁道创作者激励计划,翁法罗斯,翁法罗斯黄金裔全员,MoonHalo,黄金裔",315098,13921,1248,26854,6418,4221,0,0,57937
BV1A18yzxEdg,114946293699745,1,30,2022,VOCALOID·UTAU,VOCALOID,http://i0.hdslb.com/bfs/archive/43f213fb7e6fce1bfb2bbe17239696fa878384f7.jpg,ヒットメーカー / 夜未アガリ feat.重音テト【本家投稿】,1753956000,222,3546949311531978,夜未アガリ,https://i0.hdslb.com/bfs/face/ee018451be0859a5d9335a3bdadc3cbfa85dd16e.jpg,21979,"原创曲,重音テト,VOCALOID,VOCALOID原创曲,术力口",280045,487,1983,52021,16795,3437,0,0,87373
BV19qhPzaEqu,114959749024578,1,31,2020,翻唱,翻唱,http://i2.hdslb.com/bfs/archive/3500cb6e16fa474d9f3f5b22ae9770863fa06659.jpg,今晚听夜雨,1754146658,25,689808143,流星雨4536251,https://i2.hdslb.com/bfs/face/a4a2fa661cf165b94628a6e73440f4950799669a.jpg,75884,"姐妹唱歌,听夜雨翻唱,听夜雨DJ",336911,35,147,2420,720,158,0,0,42705
BV1jfh8zVExa,114958138345626,1,218,2167,喵星人,猫,http://i1.hdslb.com/bfs/archive/bbade95d368df4f908587fbe6c27c79a64d107b6.jpg,拍猫录：瞬间即永恒，我镜头下小猫突突经典四连拍,1754122172,39,143986403,猫太极的拍猫录,https://i2.hdslb.com/bfs/face/d58676f6aa8875754011984344715a430ec35628.jpg,41729,"猫,喵星人,谁家小猫这么可爱,田园猫",2359103,857,1691,36885,4420,13736,0,41,278838
BV1Vut5zDEkJ,114970989694770,1,17,2055,单机游戏,二次元绘画,http://i1.hdslb.com/bfs/archive/775eca82ed85fd587d4b0c0f562595978e85f032.jpg,5年不见，兽娘为Steam玩家献上最后礼物——动态头像壁纸、个人资料卡,1754318163,120,85816940,混沌之神虚妄喵,https://i2.hdslb.com/bfs/face/8a4aa2d756796bf1a6aadc384e713c90d0e5da3d.jpg,217556,"单机游戏,猫娘,二次元,RPG,国产游戏,独立游戏,steam,兽娘秘境,我在B站做游戏,叛逆神魂",113100,122,427,3900,2236,321,0,0,11166
BV15NtHzqEgS,114975368615399,1,138,2157,搞笑,街头采访,http://i0.hdslb.com/bfs/archive/daa11a41e26b2c8d25e72863c1a4a0eb1f3947d0.jpg,《谁 输 谁 社 死》,1754386424,259,632887,伢伢gagako,https://i1.hdslb.com/bfs/face/38d85946c9cd0cf159e4d646be63fad36c2486c1.jpg,2312903,"搞笑,伢伢,胡桃,cos,永劫无间,社死,永劫无间开启电竞版苏超杯,苏超,整活,搞笑研究所",558246,664,267,3473,643,95,0,0,20215
BV1hfhGzJEtc,114965201552644,1,157,2112,美妆护肤,护肤,http://i0.hdslb.com/bfs/archive/83730a9786664be7871eb6ded542bc03b89355d6.jpg,14年换头！我从18岁-32岁整容经历,1754229797,92,9882419,我是唐飞飞,https://i2.hdslb.com/bfs/face/3eb07fba585e29826cd4716e6a44af50feabc065.jpg,48279,"逆袭,减肥,整容,变美,医美,隆鼻,整形美容,鼻综合",683371,1106,5480,1325,602,2105,0,0,19730
BV1t5h7zRESd,114951393908721,1,21,2131,日常,健身身材展示,http://i0.hdslb.com/bfs/archive/7a93bc41ccbc6465f290d7677c1e69fa922c77f1.jpg,退伍第十一年！祝战友们八一节快乐!老兵的决心永不变！,1754019376,26,17239951,战辉,http://i1.hdslb.com/bfs/face/5154a78828836f8ae97454b3568ea83997098df9.jpg,2476173,"美好的精神状态,军人",2059690,728,1831,10243,12280,722,0,48,322826
BV1MatnzFECS,114975670537951,1,17,2066,单机游戏,单机主机类游戏,http://i2.hdslb.com/bfs/archive/96a216d9fa5462c263b8c411449280bf327bd14c.jpg,这游戏虫子有多离谱？,1754445600,554,29252533,幕川北,https://i1.hdslb.com/bfs/face/e04019772132a134aadbada24aaccbb1bb0dea60.jpg,2586707,"单机游戏,游戏,游戏解说,游戏实况,游戏集锦,搞笑,实况解说,禁闭求生,禁闭求生2,沙雕",99375,393,264,1491,628,44,0,0,7511
BV1o7h8z3ECF,114958591395187,1,184,2001,预告·资讯,影视解读,http://i1.hdslb.com/bfs/archive/cacb4a25f72af521542b812f3152fc43fed290f2.jpg,团长原型！抗战短片《松山之殇》讲述了什么？,1754129081,105,217841218,火叁轮映画,https://i1.hdslb.com/bfs/face/61f480a3ff991942fa08440136c9b7f291b7bcf7.jpg,3680,"人物,历史,二战,松山之殇,我的团长,中国远征军,战地5,松山战役",135126,92,406,2409,6410,167,0,0,38501
BV1bphWzCESh,114953809829477,1,250,4216,出行,骑行,http://i0.hdslb.com/bfs/archive/2e6429fa74bb719a5ef02525e226e270002d05f1.jpg,骑自行车穿越北美洲 到达华盛顿,1754056256,309,510381190,湖远行官方,https://i1.hdslb.com/bfs/face/ed6cc795cc65e543485c62002f91d09e7281f4ad.jpg,319497,"旅游,生活记录",246018,447,394,3294,2199,127,0,0,30525
BV1RjhtzPEyT,114957970640098,1,65,2078,网络游戏,沙盒类,http://i2.hdslb.com/bfs/archive/e6627799c5f833da87f28df625b033f948811abe.jpg,“一期视频学会—最好的动作优化！”网易我的世界kid动作优化超详细教程！ #我的世界,1754119810,194,1020796818,MC小韩,https://i0.hdslb.com/bfs/face/b5f1af99ab504b8b2271ec6d0bb79f9ecfb629b4.jpg,33840,"沙盒游戏,我的世界,像素风",330636,107,272,31975,2290,480,0,0,23365
BV1oShAzeEEA,114940941699712,1,17,2071,单机游戏,射击游戏,http://i1.hdslb.com/bfs/archive/09643c2995d26690f6c5f153067c1c6ffb60c9bf.jpg,反省后重新做了一个射击游戏,1753873200,246,33824345,M木糖M,https://i2.hdslb.com/bfs/face/34e3407a54be61f44456f2d81101df30c2c5bdbd.jpg,2995866,"脑洞,自制,射击游戏,娱乐,UE5,暗区突围S13必出大金了,暗区突围2077联动,沙雕",3290365,1502,605,40341,5443,1156,0,34,117878
BV1jChJzCEjY,114951914000459,1,17,2078,单机游戏,沙盒类,http://i0.hdslb.com/bfs/archive/f74f0590ec2b972c9c4b79c18b0b836abd2fffe2.jpg,『红石教程』基于新快照架子的老虎机,1754027115,183,521202166,fz先生123,https://i1.hdslb.com/bfs/face/0d773b49cec10e61a468b46b03cbad5eae9c9bb5.jpg,14917,"红石教程,沙盒游戏,MC,我的世界,红石,minecraft,赤石科技,像素风,抽奖机,我的世界快照",659990,33,739,16783,626,884,0,0,28375
BV1s4hHzAEni,114952937408536,1,76,2149,美食制作,美食制作,http://i2.hdslb.com/bfs/archive/f820eead2e7d5f2aa18dbb6dcb395b0c6eef14a9.jpg,200%还原光头强的烧烤，这可是我最馋的一集了！！,1754043404,264,3546575624210944,二次元的食光机,https://i1.hdslb.com/bfs/face/473bd3905567891dad12d63baba700303debb888.jpg,2436,"光头强,烧烤,美食制作,记录我的美食日常,熊出没,烤串,动漫美食,动漫还原,复刻美食",1061654,444,452,7691,3064,245,0,0,19021
BV1sWhJz4EL6,114952132101654,1,17,2071,单机游戏,射击游戏,http://i1.hdslb.com/bfs/archive/676c5751ed1f77d03098c8227bbf71a9bf8fa3b5.jpg,因为我的下巴太帅了......,1754030391,98,3546912590399903,吃地球の胡喵,https://i2.hdslb.com/bfs/face/3639443625fafd80ce23c0546be74ac63e048976.jpg,20869,"搞笑,娱乐,游戏杂谈,暗区出金联盟,暗区突围高能团第一期,暗区突围2077联动,沙雕,暗区突围,暗区整活专题",290432,199,210,10910,1495,413,0,0,19278
BV1Zht7zAEd7,114973154023230,1,47,2037,同人·手书,同人动画,http://i1.hdslb.com/bfs/archive/ec1c0cba6cd7c67d5c4f15b560cb13bd4cd64459.jpg,觉醒天赋，我的宠兽卡牌全融合了,1754388000,835,654552,圆桌动漫,https://i0.hdslb.com/bfs/face/6c1421573d214809ca86aef25bdd23670e00128a.jpg,4741952,"原创动画,圆桌宇宙,浪浪山小妖怪,月圆之夜取真经,月圆之夜,萧凡",689994,3262,666,14265,2219,117,0,0,21328
BV1nqhHzxEUv,114953155515579,1,17,2079,单机游戏,其他游戏,http://i0.hdslb.com/bfs/archive/25579732b2d2adf139382ac3633503eb952b20f8.jpg,我玩武侠的二十年......,1754046493,467,13817466,菠萝柚王子,https://i0.hdslb.com/bfs/face/b8f0f90a42c543ea92bf00e12a8b79003c694c46.jpg,1000192,"武侠,BW,单机游戏,生活记录,来BW当然要拍vlog",278332,733,812,1632,3125,188,0,0,11766
BV1zGtuzVEtE,114968137570923,1,76,2149,美食制作,美食制作,http://i0.hdslb.com/bfs/archive/0b9d47b2eb6c603554a75692b01b46113f404ead.jpg,【相信我！这不是黑暗料理！】,1754274994,104,417298480,村驴,https://i1.hdslb.com/bfs/face/c015fec3b6a2012bcbd3143c7f752bd7caf2c8d3.jpg,2438478,"厨艺,家常菜,美食制作,美食教程,黄瓜拌油条,凉拌菜",356425,207,806,9036,692,2515,0,0,19337
BV12n81zhEqP,114948122417131,1,138,2070,搞笑,MOBA游戏,http://i0.hdslb.com/bfs/archive/7dbae70c2cdf6a75d63ebcf974dff48ea546cd51.jpg,当两边都只剩下最菜的那个：,1753969706,79,495695169,锤子game,https://i0.hdslb.com/bfs/face/009b1f74b7f495f5fad13b9b922f89ba03a0d775.jpg,984878,"万物皆可游戏,锤子,游戏,豪哥,搞笑,神人宿舍,真实,智哥",1394935,322,1276,5500,1509,1974,0,0,146070
BV17ChgzXE3Q,114964262165943,1,17,2066,单机游戏,单机主机类游戏,http://i1.hdslb.com/bfs/archive/3fb4375d71a7a036a7852841ffa7f6cdf308911b.jpg,当丧尸离你只有一墙之隔，请想尽办法活下去！,1754219600,1682,26240675,与山0v0,https://i2.hdslb.com/bfs/face/1dd429855a968c9d22b8ccc000a7aaabe8dbc201.jpg,4958997,"生存,丧尸,单机游戏,僵尸,实况解说,游戏视频,勇闯死人谷,steam游戏,推荐宝藏游戏",467267,2006,978,7677,10566,488,0,0,37649
BV1EshVzaEFQ,114964983450217,1,124,2088,社科·法律·心理,社会观察,http://i0.hdslb.com/bfs/archive/2baf83087c35cd81b3716e0ded39217eae6b10b6.jpg,越早知道越少吃亏，律师眼中的人性真相: 没有骗不到的人，只有不合适的骗局【律师老韩x姜Dora】,1754226925,1366,16385920,姜Dora在此,https://i1.hdslb.com/bfs/face/c7f41792e49f6c1977da99adf7dfbf314ac95449.jpg,1558227,"社会观察局,法律,律师,姜Dora,普法,诈骗,反诈,电诈",1176285,3930,2015,30628,23782,17572,0,70,46496
BV1SehnzBEQp,114953574943449,1,176,2106,汽车生活,汽车测评,http://i1.hdslb.com/bfs/archive/13fa215a738033a198a1d6052d7543974c5954bf.jpg,5点分析解读理想i8撞飞卡车，到底是谁的问题？,1754103600,677,3546724748495813,超哥超车,https://i2.hdslb.com/bfs/face/4bee3bbf26fe89cb847f93cfeb1566c31da0667a.jpg,798713,"理想i8,买个der,买车,理想汽车",853440,8601,5610,3800,5304,3012,0,0,56242
BV1ChtGzZECE,114969916085125,1,172,2069,手机游戏,即时策略游戏,http://i2.hdslb.com/bfs/archive/3a178e4b5d6c1434f07739f838dcd144d80d8a00.jpg,《炉石传说》觉醒锅炉实况测评！重做以后强度超标…,1754302201,1128,3493113414814567,高子巷,https://i1.hdslb.com/bfs/face/f4471a78f322efd8b1e1df3421c55fefd84bc367.jpg,346323,"皇室战争,高子巷,石头人,必剪创作",321343,1610,1453,1814,3252,936,0,0,29508
BV1GMtGzCE9E,114970167608577,1,47,2050,同人·手书,漫画·动态漫,http://i2.hdslb.com/bfs/archive/f07567de97c444ffd295bdbf4f055c13b8fd472a.jpg,三角洲行动｜双鬼拍门 你再看看你的后面呢？,1754305570,25,54983407,阿桀阿阿阿,https://i1.hdslb.com/bfs/face/68a4b2bc5c7c8aef5c47d35ddbb76e250df71997.jpg,16569,"动画,漫画,手书,同人,盾狗,三角洲行动,蜂医,三角洲,双鬼拍门",207062,93,635,5206,565,576,0,0,22112
BV17rhHzXEgJ,114953105180680,1,21,2186,日常,恋爱关系,http://i2.hdslb.com/bfs/archive/0bff38cf13027f0710452353eebe26ca7d34a478.jpg,相亲，这么抽象吗？！,1754045321,208,677566519,车棍儿老师在教书,https://i1.hdslb.com/bfs/face/74a2f7696f8789550b65423b393390686e28ded4.jpg,581903,"唠嗑,抽象,相亲,离谱,爱的100种表达方式",355875,2177,2755,995,679,1122,0,0,12644
BV1RBtJzKEse,114976056479294,1,17,2066,单机游戏,单机主机类游戏,http://i0.hdslb.com/bfs/archive/9f27dfd2c20080d34fb2e4fd33e5057d5ad13710.jpg,最强勇者背叛了人类！魔王竟然是批量生产出来的？一个人做了14年的独游《神之天平》讲了什么故事 ②,1754395714,1658,7206526,蓝二烟,https://i1.hdslb.com/bfs/face/53a7b595df5b15769c6022ec66337d1e589d2db7.jpg,705665,"独立游戏,神之天平,游戏剧情,arpg,整点电子榨菜",141756,381,322,4696,2962,89,0,0,6792
BV1dN8BztE7n,114942418096053,1,161,2147,手工,DIY玩具,http://i1.hdslb.com/bfs/archive/b7ed881d7d90a346f1b7f8e7367f89d6a8e31869.jpg,时光看似属于我们，又不属于我们,1753882325,39,18217935,哇卡卡西干杯,https://i0.hdslb.com/bfs/face/e75290047b30eba1b6cf680b1c9552b7343abbeb.jpg,34462,"键盘,手工,手绘,程小时,键帽,diy,时光代理人,我的手工真的很解压",1244392,567,11192,3669,1772,127,0,0,55641
BV1tH8SzjE4F,114949716184347,1,130,2027,音乐综合,音乐综合,http://i2.hdslb.com/bfs/archive/b653ca373ccee92af5e33da939ea9242c9b597aa.jpg,硬 曲 盲 盒 9.0,1754006400,2050,88082801,挽风丶Sama,https://i2.hdslb.com/bfs/face/91484503b5edaa7134d6cd03c418d24acf4845a5.jpg,353059,"BGM,电台,音乐选集,卡点,小曲,盲盒,电台新星征集令",809705,1273,197,102569,7315,288,0,100,78031
BV1fttMzVE9E,114968288561293,1,85,2154,小剧场,剧情演绎,http://i1.hdslb.com/bfs/archive/9650b904d725f450bbfc514e13513c49613bcdf3.jpg,自私者的辩白,1754277040,128,548752139,苟酉goyo,https://i2.hdslb.com/bfs/face/f6de1ab15e78324c01faf5721fa12127616208bf.jpg,262105,"生活,情感,情侣,原创,投稿翻拍,真实,记录,投稿,评论区,爱情那些难题",451517,575,674,760,514,550,0,0,33694
BV1WihAz5EsJ,114941361194148,1,138,2037,搞笑,同人动画,http://i2.hdslb.com/bfs/archive/21579f7ad5222cbe217415def02f35d2e1f29ed8.jpg,《暑 假 抽 象 行 为》,1753866212,168,321422126,进击的金厂长,https://i2.hdslb.com/bfs/face/339c136489ea2af91bd1d8688ba7259e958ded28.jpg,5116636,"夏天,生活,暑假,动画,搞笑,短片,搞笑动画,原创动画,搞笑小剧场,学生",3989747,13208,1188,81670,26791,509,0,13,184003
BV1Z9tEzKEoq,114974596797297,1,176,2109,汽车生活,汽车技术,http://i1.hdslb.com/bfs/archive/87d5992fa4a4412b1dab489c0195c5987f390777.jpg,亲手造一辆小米，探秘科技公司造车真实水平,1754380800,517,394609671,终极小腾,https://i0.hdslb.com/bfs/face/9fb58015e9584916246cb33af4773ad1edabeead.jpg,2424682,"汽车,跑车,小米,非正常试驾,性能真相局,工厂,电动车,性能,提车,为什么真性能车更安全",972776,1329,1958,7538,9310,2721,0,0,30981
BV1yj8Xz7Ego,114934985918100,1,85,2154,小剧场,剧情演绎,http://i0.hdslb.com/bfs/archive/bf71a7155f1497b88818ed5853cc10da8775979e.jpg,我嘞伸手,1753952400,210,373388923,,,5221643,"拼好饭你变了,补贴是一时的拼好饭是一直的,点拼好饭只有0次和无数次,挑战吧！20元拼好饭吃一天",3442613,7031,3824,23675,12010,2412,0,13,266606
BV1eo86zhEdD,114944834015754,1,173,2207,桌游棋牌,随拍·综合,http://i1.hdslb.com/bfs/archive/49af627f24836a4599ec7e8898198c588318e71c.jpg,当你迷茫时，不妨听听曹操最喜欢的谋士郭嘉临终前说的话吧,1753919020,21,564751055,大魏忠臣袁本初,https://i2.hdslb.com/bfs/face/21a2a1599b0e0e1b14e5e30206e09ae12c5cfa8d.jpg,471,"郭嘉,曹操,三国杀,古人,吟诗,抽象",521863,1074,1790,8802,1044,30344,0,0,60410
BV1NitEzUEoH,114974848458524,1,182,2001,影视杂谈,影视解读,http://i1.hdslb.com/bfs/archive/0753dd7f8a17158275edd1ea44d33ac1642701bc.jpg,断骨塑鼻，吞虫减肥，尺度惊人的暗黑童话改编，年度必看恐怖片《丑陋的继姐》！,1754384400,2103,386869863,培根悖论唠唠嗑,https://i0.hdslb.com/bfs/face/225b8ef554ed65ac3c5e137262a252ef4b411e64.jpg,2558015,"灰姑娘,恐怖,惊悚,暗黑童话,电影解说,丑陋的继姐,万字拉片大赛",296084,1499,390,3302,1760,435,0,0,10564
BV13VtGz3EP7,114970117473430,1,228,2090,人文历史,人文历史,http://i0.hdslb.com/bfs/archive/98f252b7c5c21f982476a21279d0614ee2c72637.jpg,诸子百家,1754305213,1178,1150791631,许右史,https://i1.hdslb.com/bfs/face/7f167d36690fa6f79141a09eed7acde2302d8a15.jpg,934123,人文历史档案馆,133380,780,563,5728,2963,335,0,0,11253
BV1DGhMzNEqZ,114961963555223,1,65,2071,网络游戏,射击游戏,http://i1.hdslb.com/bfs/archive/0cf9c8824daaed9ddc62969206486a8cd1f01161.jpg,纯享版死roll局，一秒都不用剪,1754180535,95,3461570499709389,J1anB1ng,https://i0.hdslb.com/bfs/face/1480f5b3502bd281ff5108f3330aebab131c18d6.jpg,262,"FPS,精彩集锦,2025鸡斯卡星火计划,PUBG",148925,156,424,1952,631,3313,0,0,8385
BV13ih3zjE39,114963758712213,1,65,2071,网络游戏,射击游戏,http://i0.hdslb.com/bfs/archive/1a3af7e24994d9a9e606a2692e9a650ed3e26dfe.jpg,【乌鲁鲁金曲】⚡我的堵桥式由我做主！⚡,1754207925,184,1885660902,永雏小满,https://i0.hdslb.com/bfs/face/42e077cf7df2c2f366179c10996a0b55085960f0.jpg,9607,"填词,搞笑,三角洲行动,乌鲁鲁,三角洲,堵桥,三角洲破壁新赛季上线",416380,2616,1245,20488,6218,14621,0,0,64670
BV1f1hAzTENh,114940924923303,1,201,2094,科学科普,科学科普,http://i2.hdslb.com/bfs/archive/2dd6d6a6835d38fadcaa42305fd4e71404ee0558.jpg,人类为什么是自然界中的传奇耐毒王？,1753959600,195,1271916102,上将王司徒,https://i0.hdslb.com/bfs/face/1382786fbc113f7037b3bd4305166085611f737e.jpg,2277200,"生物,自然,人类,科普,生命,科学",2829278,5973,1903,14993,2707,880,0,51,150380
BV1hshtzZE5A,114957937019100,1,172,2073,手机游戏,动作竞技游戏,http://i0.hdslb.com/bfs/archive/52ad4fb62416c958c0e779239951cacd09a42622.jpg,我～会～毁～了～你～,1754119265,207,194053532,无我漂佩MY,https://i2.hdslb.com/bfs/face/7d44f0676bfd193efed746cca2d04b70f145211b.jpg,790051,"搞笑,火影忍者,手机游戏,娱乐,游戏,漂泊佩恩,百战佩恩,我要上超影,抽象,火影忍者手游,黑绝",1432946,19742,1935,20897,7508,1202,0,81,88140
BV1cf8zz3Enn,114942988520147,1,59,2021,演奏,演奏,http://i0.hdslb.com/bfs/archive/dee95987a55ee77195c248e3aba9b189f58af362.jpg,幸运星フンフンフン♪だよ、らき☆すた,1753891062,93,195812729,裙边樱,https://i2.hdslb.com/bfs/face/5290eeebd6a7966b8ffda037fdf57b57d395bad8.jpg,47160,"幸运星,动漫音乐,泉此方,钢琴,cosplay",224817,436,2216,6611,2465,687,0,0,58033
BV1arhPzfEW1,114959631516157,1,65,2071,网络游戏,射击游戏,http://i2.hdslb.com/bfs/archive/1701b8ff07fd8fdf69e149b58264902b205f6e26.jpg,小蓝大紫怎么取舍？哪个到手纯哈夫币最多？物品单格价值排行一图流,1754145055,179,3546927832500833,鼠鼠博士-三角洲行动,https://i2.hdslb.com/bfs/face/2be1baf0c553d602c092122bf7d22b0c4e6e4b69.jpg,24878,"三角洲行动,哈夫币,鼠鼠博士,新手必看,教学攻略",570463,2524,716,12933,1678,2766,0,0,42883
BV1FYtGz4Eo9,114969899175713,1,137,2111,明星综合,美妆,http://i2.hdslb.com/bfs/archive/eba5660d1c3655e6abc49d1f106b307c4fc1f18f.jpg,WONHEE's Beauty Item ASMR💖 | Current Favorite Beauty Items | ILLIT,1754302200,365,3546608109095338,ILLIT,https://i1.hdslb.com/bfs/face/9b7b678a17d401cebacc5d1a6cae816c7f20cb82.jpg,384706,ILLIT,51900,132,256,2628,841,268,0,0,9747
BV1NSh3zqEyb,114963809049173,1,76,2152,美食制作,美食记录,http://i1.hdslb.com/bfs/archive/b9d66ae93cdc6a8a31121fae23c23ff89594662a.jpg,厨师长下班用边角料做个海鲜太卷给自己开小灶【海鲜太卷】,1754209008,685,472229397,张森的日本料理,https://i0.hdslb.com/bfs/face/ac3b108b97e8a8415476ca5db05b71ea1fdf965a.jpg,281759,"美食记录,深夜美食,我用美食搞事业",247500,758,637,1386,1263,553,0,0,27139
BV1Vp8yz3EhC,114946545354201,1,21,2037,日常,同人动画,http://i1.hdslb.com/bfs/archive/98e4c503f48f163d8af4a6170cd9e4805cf7d9ae.jpg,【原创/熊出没】缠,1753945389,73,3494351556577635,小布大蛇不吃茄blythe,https://i0.hdslb.com/bfs/face/a3e420211b70b9c18fa6718dc68c2b02ef67b3fe.jpg,3116,"动画,光头强,黑暗,恐怖,熊出没,中式恐怖",200606,1127,435,8605,535,349,0,0,26051
BV1M6h3zCEpb,114963708382275,1,138,2156,搞笑,UP主小综艺,http://i2.hdslb.com/bfs/archive/926ea6706f2a4028b66d413e4429249792e74da8.jpg,哈哈哈哈答非所问,1754207148,117,551931509,小歪很拽,https://i2.hdslb.com/bfs/face/961bf1b9c9551c209a44d3463990190c36b3cdb1.jpg,1259963,"综艺搞笑,答非所问,趣味游戏,办公室游戏,看一遍笑一遍,搞笑研究所",1728404,2272,449,21653,1752,1105,0,0,71425
BV1zFhWzbEQ6,114954061481416,1,21,2207,日常,随拍·综合,http://i2.hdslb.com/bfs/archive/5dad3937fcd10f90127e537ab7c31741bc534196.jpg,十年来第一次出车祸，感谢好心的大姐和四位大哥危难时刻下车来解救，也感谢老祖宗保佑我俩毫发无损,1754060077,127,392971337,美食小胖带你浪,https://i2.hdslb.com/bfs/face/ee09686c01cde7fe5f58bd20efb47f8174b5b568.jpg,155130,小视频,978709,894,1648,2112,1261,325,0,0,57987
BV1AetjzGEf8,114974043147768,1,162,2090,绘画,人文历史,http://i0.hdslb.com/bfs/archive/cd5c0315a64dc4ed4ee50b15d6301db268e4da3a.jpg,混子哥边画边讲：曲水流觞,1754364998,168,3546918961547843,混子哥边画边讲,https://i2.hdslb.com/bfs/face/effd3aa51f0d736931099eb358fc90404dc7e076.jpg,834505,"人文历史档案馆,王羲之,中国传统文化,兰亭集序,曲水流觞",107317,364,292,613,902,197,0,0,13621
BV1H1tuzDEBJ,114969580406250,1,172,2073,手机游戏,动作竞技游戏,http://i0.hdslb.com/bfs/archive/7d3ae62f2bf7d77ec47fa9c741a5787ae5204031.jpg,9月高招S九喇嘛水门！设定、全技能表现效果参考！,1754297035,256,95845925,帕克统一忍界,https://i2.hdslb.com/bfs/face/c9cdbcc4b2db5b82a2fec668ddc44cb8444f7c26.jpg,626277,"波风水门,决斗场,金身水门,我要上超影,格斗游戏,火影忍者手游,新忍者,9月高招S,九喇嘛水门",543866,1345,2135,1081,778,1096,0,0,13934
BV1SUtMzfE2x,114968389229688,1,126,2063,人力VOCALOID,鬼畜综合,http://i2.hdslb.com/bfs/archive/35af97e9ba5fbad7c9e8a5cb79aa83eb18127d07.jpg,“人 命 大 如 天！”,1754366100,224,110371677,天气温云,https://i0.hdslb.com/bfs/face/c6e27bd7227849d21bd4ca7b494a539a4071cce0.jpg,471905,"周杰伦,鬼畜,黄绿合战,黄绿合战10th,谭乔,谭警官,夜曲",85280,224,279,2094,4208,178,0,0,10254
BV1DxhxzJE7f,114956762682436,1,17,2079,单机游戏,其他游戏,http://i2.hdslb.com/bfs/archive/f17c851077a4dab75947131ad679ce94d7d7a7f7.jpg,童年爆红的爆发小火山!竟然还有隐藏真相和结局？！,1754109000,348,154113956,日向源,https://i2.hdslb.com/bfs/face/af84c1e8c480b7affe71d989104776f586a855b4.jpg,1378425,"小游戏,怀旧,游戏集锦,音乐游戏,童年回忆杀,音游,怀旧游戏,43999,游戏鉴赏家,推荐宝藏游戏",4144741,5192,648,88930,29871,512,0,26,140029
BV1d9tjztEck,114973825048552,1,65,2064,网络游戏,单人RPG游戏,http://i0.hdslb.com/bfs/archive/f72e7aa98e4ed7b69f69c1b0208fe08de49c8e8e.jpg,“来个遥，我带飞”,1754361608,160,2026700452,电阻Rr,https://i1.hdslb.com/bfs/face/eed7c6690a05f01c29fef23b388ca3fd2dd1bb7f.jpg,19863,"微电影,王者荣耀,明日方舟,斩业星熊,不归花火,夏活,遥,赶人,玛恩纳,明日方舟夏活【墟】",865960,986,4543,9140,6148,27303,0,0,48266
BV1P6hNzJEn4,114959329533153,1,65,2071,网络游戏,射击游戏,http://i0.hdslb.com/bfs/archive/d54469d702aa75fd91617ad29d7ec936464f1008.jpg,深蓝讲堂第四弹【飞盾与兔子跳】,1754140656,216,391779795,可乐急需曼妥思,https://i0.hdslb.com/bfs/face/b82b66dab160e8c845234e55aa60338952d056d8.jpg,27302,"游戏杂谈,游戏解说,FPS,教程攻略,三角洲,盾构",689117,280,762,28353,3511,3618,0,0,57385
BV1gTh4zHExf,114956645176344,1,17,2078,单机游戏,沙盒类,http://i0.hdslb.com/bfs/archive/c0557daa06b9250d709493c11910dfd88639c9cb.jpg,我建立了一个拥有真实历史的Minecraft服务器,1754100806,425,3546817622968757,SimMC故事发生器,https://i2.hdslb.com/bfs/face/7f576748c671b27c686c17021f842eb0d9895823.jpg,7858,"我的世界,沙盒游戏,史诗,历史,服务器,Simmc,像素风,新人向,Dnd",332790,353,1039,17454,4427,1677,0,0,21677
BV1jghAzwEK2,114941579232450,1,17,2079,单机游戏,其他游戏,http://i1.hdslb.com/bfs/archive/1f11255416f4233535a1e4eb8774d7e911f14d10.jpg,依旧保护总统,1753869776,111,499951416,Z贤者,https://i0.hdslb.com/bfs/face/308c58814ea3e9eb3a4a2d464882e04a5409ac87.jpg,1319330,"搞笑,游戏,steam,沙雕",1953364,1007,450,12873,1871,2083,0,0,119575
BV1F2hNzLEtK,114959262420535,1,138,2207,搞笑,随拍·综合,http://i1.hdslb.com/bfs/archive/708b2199a00429febd9010152c19239475400462.jpg,感谢坚强的自己依然坚强的活着,1754139304,81,143832717,安茂元,https://i0.hdslb.com/bfs/face/751a438f52a7bb62ee3bbbdcf86c6993a271e77d.jpg,361295,搞笑,770636,399,851,9921,1770,4209,0,0,84602
BV1Ff8qzYEnS,114942216773587,1,28,2016,原创音乐,原创音乐,http://i0.hdslb.com/bfs/archive/f74ec4bcb402b3c627214fdd6d3b0f3f83a89dc5.jpg,英雄主义pt.2,1753977600,143,3546800493431586,在虚无中永存,https://i0.hdslb.com/bfs/face/a6ec4634b49423ce558197e59ca790563f0414cd.jpg,550818,"原创音乐,纯音乐,新世代音乐人计划原创季",530188,4323,5784,52980,22277,3648,0,55,116635
BV1muhPzDESn,114959983844735,1,172,2070,手机游戏,MOBA游戏,http://i0.hdslb.com/bfs/archive/3a06879a4bada1b63eb7402c160eb53b88220b78.jpg,鲁班被禁后羿被抢，那朕只好拿出刘备登基了,1754182800,193,268941858,磊哥游戏,https://i0.hdslb.com/bfs/face/538b9090c0862782df0662b2176e726eda1c9980.jpg,2468694,"王者荣耀,王者荣耀夏日农友节",1180727,948,2346,2187,2105,810,0,0,75207
BV1GhhnzrEia,114953541458950,1,126,2063,人力VOCALOID,鬼畜综合,http://i0.hdslb.com/bfs/archive/080d45807b99ddd58186626bea2c40dc934ac8da.jpg,🍬再见了，所有的唐哭🍬,1754107200,85,438684078,DJG杰哥,https://i0.hdslb.com/bfs/face/6a1ba87992508f221db602335af9f74e13c7ee22.jpg,40817,"鬼畜,MyGO!!!!!,Ave Mujica,动画种草激励计划,爱音,anno,高松灯,千早爱音",311393,3131,2165,14595,3472,10872,0,0,47171
BV1pPtnzEEGi,114975771198872,1,247,2108,新能源车,汽车生活,http://i1.hdslb.com/bfs/archive/9261aff8e1668c124c50c1ebc42dc325855dea44.jpg,【雷军】12分钟 小米YU7能充多少电？,1754391380,67,646730844,雷军,https://i0.hdslb.com/bfs/face/5d26a50ea0a23493a94d72e578e4f73e60af4aad.jpg,5706918,"雷军,小米,和雷军一起聊车,充电",355434,327,1697,578,506,312,0,0,16516
BV1wqtjzgEfM,114973674048017,1,17,2079,单机游戏,其他游戏,http://i2.hdslb.com/bfs/archive/953e8b540c04bbe96db509f766e40414e489fcf3.jpg,恐龙岛大猎杀（下），战斗进行到白热化阶段，要知道化险为夷破局进化,1754360038,2888,3493273226185448,龙岛蛋壳,https://i2.hdslb.com/bfs/face/2389ca291eaee3b0486133845af7c25e3b0c9c9b.jpg,527738,"主机游戏,游戏集锦,游戏解说,实况解说,生存游戏,游戏实况,恐龙岛大猎杀,游戏搞笑,恐龙岛,整点电子榨菜",629888,2013,147,17637,965,20,0,0,15333
BV1LjtEzaEQ2,114974731016110,1,65,2071,网络游戏,射击游戏,http://i1.hdslb.com/bfs/archive/2a5baab76b14774c3d2fb7a9cbab02c302154549.jpg,【老鼠人行动】航天基地（G3）45w→???w,1754376247,397,403637371,老飞宇66,https://i1.hdslb.com/bfs/face/25d6b747d51cd07f6ae01a1145225f9be7fbdc5d.jpg,2551347,"三角洲行动,三角洲破壁新赛季上线",513710,6670,957,2922,2012,602,0,0,36247
BV1nDh8zUEwi,114958423558324,1,21,2154,日常,剧情演绎,http://i0.hdslb.com/bfs/archive/90d979c4ac6c8dea6eb375c9f4588e3b02932d58.jpg,《人类吸收过量盐分的话》,1754126904,130,594136614,芮予猪猪,https://i0.hdslb.com/bfs/face/3c8c2a66aab3c00fd2427a884b33196eedf22940.jpg,172841,"意想不到的结局,剧情,反转,搞笑,搞笑小剧场",4041865,1397,2368,59995,15026,6538,0,7,331899
BV1Q4h8zNESk,114958692060866,1,17,2078,单机游戏,沙盒类,http://i0.hdslb.com/bfs/archive/d44497dbd34753a59d6dd764f792c5a9a337436e.jpg,你可能没听过我的名字，但你一定用过我的模组,1754130658,32,379515917,七星-7stars,https://i2.hdslb.com/bfs/face/43e4d45e86cb592d3a23487aeaca4186e769cd52.jpg,136225,"模组,我的世界,mc",4069153,173402,12134,104236,49529,10769,0,21,540361
BV1ge8qzSE8j,114942485204353,1,228,2088,人文历史,社会观察,http://i2.hdslb.com/bfs/archive/f724b83077b1c6119630130f96a68d3d1b16d48e.jpg,存着8000枚比特币被女友扔了，他苦守垃圾站17年，现在要买下整座垃圾场,1754038800,502,17555340,辟谣的大舌头LOOONG,https://i0.hdslb.com/bfs/face/ada12a297505dd764390bbfdc6e46a68d0b73092.jpg,168535,"搞笑,人文,挖矿,比特币,垃圾,区块链,数字货币,社科,虚拟币,币圈",1776496,1242,2860,3691,512,662,0,0,51465
BV12a8kzxEnA,114945874202444,1,216,2063,鬼畜剧场,鬼畜综合,http://i0.hdslb.com/bfs/archive/9b453ab6d6c555a7781f7b69810c060affd727e9.jpg,柯 以 敏 锐 评 旺 仔 小 乔,1753934956,80,7098437,天天吃八碗,https://i2.hdslb.com/bfs/face/43ea324534e97601266bcd56d0fc9b833f03d413.jpg,183879,"鬼畜,旺仔小乔,你给我刷过几个子儿,柯以敏,黄绿合战10th-绿队应援",1039897,824,1342,13265,6432,7500,0,0,96365
BV1JK8kz5Ev1,114946159478311,1,215,2150,美食记录,美食探店,http://i2.hdslb.com/bfs/archive/c38722b7be4a76e1620426067471a8771b2c1ecf.jpg,凌晨跑到菜场等腰子，这碗猪杂粿能有多鲜？,1753956000,605,3546689080133740,野文不懂吃,https://i1.hdslb.com/bfs/face/c42a0eb03dc75889e6deb47526b72279c69897ff.jpg,221356,"街头美食,街头小吃,记录我的美食日常,猪杂粿,潮汕美食,探店,汕头美食",1064451,1459,1074,5145,2478,2762,0,0,16222
BV1Nc8yzxEJK,114946847282683,1,182,2001,影视杂谈,影视解读,http://i1.hdslb.com/bfs/archive/1a48514b112672d74b2825817f5e514e686f0358.jpg,可惜，国产剧容不下她的欲望,1753956026,959,2371377,斑鸠鸭,https://i0.hdslb.com/bfs/face/2b925e0f6e814dbca67298e83b1733dbcc4f8828.jpg,343387,"大秦帝国之纵横,经典,大秦帝国,古装剧,宁静,uwant,友望云霄太空臂,0水渍洗地机,折腰,影视IP观察室",629287,1631,736,8239,4081,638,0,0,25783
BV1sMh3zvE1b,114963993599359,1,182,2001,影视杂谈,影视解读,http://i1.hdslb.com/bfs/archive/2024b970919103e406e65fbcd321d4a8622175c2.jpg,让主角父母双亡有什么好处？我统计了100部经典高分电影，发现……,1754280000,1521,1033271681,踏雪丨Snower,https://i2.hdslb.com/bfs/face/06dd051ca940270b4ce2313f8a6a9c938e5b3b5e.jpg,3840,"高分,经典,电影,家庭,电影解说,影评杂谈,主角,父母,高分电影,影视IP观察室",688810,1495,2760,12450,7311,1769,0,0,27535
BV1wT8yzHE8c,114946780173672,1,65,2078,网络游戏,沙盒类,http://i0.hdslb.com/bfs/archive/d28f8d4a98ad64c7b9e814fd26dd72522d297319.jpg,当我在MC里生存一百万天...,1753948860,323,35734399,小橙子姐姐解说,https://i1.hdslb.com/bfs/face/7af5ccb8df46b88ff13b172fabbfab94aad5eb28.jpg,2219030,"沙盒游戏,我的世界,minecraft,小橙子姐姐",684142,4216,245,23658,2031,66,0,0,47870
BV1hshNz8E81,114959161820485,1,254,2174,亲子,儿童才艺,http://i2.hdslb.com/bfs/archive/200f20b7c4db1fcf48d3b6d0aafbd4b629dba7b5.jpg,嗯对，法修散打！！！,1754137780,24,116727704,嘟嘟小桑麦,https://i2.hdslb.com/bfs/face/aeaa251cf29d66ce6132a0241a2c17518eee4526.jpg,1422,"生活记录,搞笑,记录",656972,1582,7160,2900,5020,1027,0,0,118280
BV1hyt7zWE2z,114973204288995,1,172,2064,手机游戏,单人RPG游戏,http://i0.hdslb.com/bfs/archive/e4e13f04cbca6fa507a017973c2791b08aa44d5f.jpg,【明日方舟】我弟弟第一次玩明日方舟！他的欧气比我更逆天吗？,1754352266,265,3493258720184761,时晏Giulio,https://i1.hdslb.com/bfs/face/8e0501acf096b4cc2872d4e2f1997349d34b24a4.jpg,280964,"搞笑,外国人,抽卡,游戏,手机游戏,明日方舟,德国人玩明日方舟,夏活,星熊,明日方舟创作者应援计划",78084,289,388,604,694,158,0,0,6603
BV1iFtgz3Ef9,114969697916441,1,251,2149,三农,美食制作,http://i1.hdslb.com/bfs/archive/7c83e30c195b93936762916bffc661b928cef4f7.jpg,最近西瓜5毛一斤啦，搭配家乡其他水果，给兄弟做一锅冰镇水果捞。,1754298482,158,3537105403775193,林中有猪_,https://i0.hdslb.com/bfs/face/825f3738d734a23b99f92a708353518c84e09cbf.jpg,309670,"西瓜,跑山猪,记录我的美食日常,桃花李,黑猪,乡村,水果捞,生态养殖,养殖户,兄弟伙",266943,1077,887,513,645,1459,0,0,24059
BV1FbtMzCETG,114968338898025,1,172,2064,手机游戏,单人RPG游戏,http://i0.hdslb.com/bfs/archive/96490cac43f2f143a95cd584f2184d9be969c04b.jpg,【绝区零】物理异常大C，机制比肩雅？爱丽丝角色测评攻略~,1754277878,580,653768,赫箩的苹果,https://i2.hdslb.com/bfs/face/5d31c586d64c35a0f2680e82d54c23b3f0132100.jpg,1296115,"二次元,手游,爱丽丝测评,绝区零UP主激励计划,绝区零2.1,爱丽丝攻略,爱丽丝教学,动作游戏,米哈游",109878,108,646,732,1042,112,0,0,7150
BV1yctuzDEbm,114967986575985,1,17,2078,单机游戏,沙盒类,http://i2.hdslb.com/bfs/archive/acc78b078ef018529597e43ea80b9d687b47bda3.jpg,9款网易必备免费模组！0氪党福音来了！枪械天花板 魂系副本,1754272401,160,361544096,修齐Echo,https://i2.hdslb.com/bfs/face/fad6c7aa5eec1d919bee23c5f4865c6ce27a841e.jpg,149756,"我的世界模组,枪械,遗迹,模组推荐,我的世界生存,免费,网易我的世界,魂系,推荐宝藏游戏",178652,198,213,27401,1375,160,0,0,19156
BV1JdhuzREBD,114962701812188,1,138,2171,搞笑,动物综合·二创,http://i1.hdslb.com/bfs/archive/ff3f9e63b1ce723fcd35adacfe1a9b5dcce8528c.jpg,牛：不好！我的魔丸！,1754192019,65,1402229439,大丙搞笑配音,https://i0.hdslb.com/bfs/face/6104868b601276de59976e835c95428601800cc0.jpg,363530,"搞笑视频,搞笑,配音,吐槽,这是一个悲伤的故事,搞笑动物配音,搞笑配音,看一遍笑一遍",2660533,256,783,8958,958,6641,0,0,75402
BV1zGtuzVEhy,114968137571244,1,162,2050,绘画,漫画·动态漫,http://i0.hdslb.com/bfs/archive/2ceb5f25ab2f596ef580c752f29a3b2d7633f223.jpg,愿望的坍缩：车轮再转一公里！,1754274784,80,21121176,迪子zxd日常,https://i0.hdslb.com/bfs/face/c7b4b4a1b34c5a2c82a227e057c1126c06601645.jpg,152613,"日常,画师激励计划,愿望",245373,96,356,722,859,114,0,0,22733
BV1zDhjz3EeT,114966694731258,1,17,2078,单机游戏,沙盒类,http://i0.hdslb.com/bfs/archive/7ebe44188cffb79c26d8a6b170a0a6c889112443.jpg,当MC所有生物都只有0.1滴血！包括玩家！如何生存下去？,1754267400,415,34657253,一个小立丶,https://i2.hdslb.com/bfs/face/7437d5ec3791bd158e3ed868edeac9ee658f6815.jpg,1119583,"游戏,我的世界,沙盒游戏,游戏解说,实况解说,幸运方块,搞笑,一个小立丶,推荐宝藏游戏",1311462,257,51,21425,1649,11,0,0,22928
BV1wnhPz5EEp,114959933573177,1,253,2043,动漫杂谈,动漫速读,http://i0.hdslb.com/bfs/archive/3e23547d6db6f7d3e6dcd934c0e70c18cfc166c8.jpg,《柯南》女人酷爱收集钟表，最后竟被钟表杀害！,1754149733,314,1524554405,他说电影,https://i2.hdslb.com/bfs/face/2950bba5a5ac3a779db2aafaa2a1ed9855b08fc5.jpg,1445266,"原创,动漫杂谈,名侦探柯南,搞笑,柯南,动漫解说",2482288,721,405,14856,1015,164,0,0,33624
BV1kFhNz2EJq,114959430257669,1,183,2002,影视剪辑,影视剪辑,http://i0.hdslb.com/bfs/archive/c5aeecf22bdd395bf3860dc084f66a6abd143d9f.jpg,“东京社畜，隐居天狗，竹马带崽”,1754141733,215,28734721,一只芋头-taro,https://i1.hdslb.com/bfs/face/061909c2047b40e47dddd26a55fc6677fdb5cb60.jpg,145454,"日剧,兄弟情,女性向,竹马,治愈,驹木根葵汰,天狗的厨房,越山敬达,友情,盐野瑛久",441776,76,365,18606,1210,1121,0,0,26014
BV1qLh8zkEYg,114958608107657,1,27,2040,综合,二次元线下,http://i2.hdslb.com/bfs/archive/946412b1b1ffc21950cc1bc84e17e45adf203e51.jpg,木叶村里的ktv聚会,1754129797,82,2114090017,小咩快跑丶,https://i1.hdslb.com/bfs/face/46963e13a392d1831d7e626f6c708f03e8c5dba5.jpg,698614,"火影忍者,二次元副本挑战者",1048506,546,1400,21672,3714,4765,0,0,85262
BV1BZhEz5Esd,114952484428689,1,21,2084,日常,应试教育,http://i2.hdslb.com/bfs/archive/c03d78459f7c66d90659fa4173a2fe8803c6ecd5.jpg,“离心率”一问范围就发懵？技巧在此！,1754036118,1876,14229967,一数,https://i1.hdslb.com/bfs/face/812281bada7d323c23c6e1e2e92749bd29b7d7c6.jpg,20493708,"高考,数学,学习,高中,椭圆,中考,圆锥曲线,考前复习,离心率",944777,11725,1910,24155,6471,2318,0,76,110127
BV1cW8XzkECi,114935170339864,1,17,2078,单机游戏,沙盒类,http://i0.hdslb.com/bfs/archive/30a4451585932f86ffe698d198b5a085860e79b1.jpg,一口气上不开看完他的世界全集,1754297100,2085,3546759435389280,阿落MC,https://i0.hdslb.com/bfs/face/0736dfed150aa6759cfc29eeda1ec99d369d195a.jpg,250983,"我的世界,阿落mc,他的世界",873996,311,45,31290,1722,26,0,0,27051
BV1oztGzHEQS,114969832066547,1,21,2186,日常,恋爱关系,http://i2.hdslb.com/bfs/archive/03ab438796aec264c596e62e05f3e60d237b9943.jpg,王洋洋总爱说肉麻话，一开始我不适应，但我现在为他骄傲。,1754300739,399,12473824,正宗氛围帅哥杰西卡,https://i1.hdslb.com/bfs/face/32cb94f713c81c2362df899b8d377b26b5951e3d.jpg,303669,"生活记录,明星,爱情",82484,72,130,1304,1232,647,0,0,7871
BV1Kjtgz8E6G,114969513299353,1,17,2088,单机游戏,社会观察,http://i0.hdslb.com/bfs/archive/9071b60663250b08f0ff17b0d2fdac46f0cf3bca.jpg,黄油末日！澳大利亚女权联名起诉 steam，连夜下架数百款游戏,1754295881,472,329360018,布鲁Sir_,https://i2.hdslb.com/bfs/face/2bbc0eaf86f1dfc583ccdd77f1787541b1d98c56.jpg,652103,"Collective shout,政治正确,LGBT,游戏圈,Steam,valve,Visa,Mastercard,极端女拳,整点电子榨菜",494613,3132,3578,3025,575,3959,0,0,13732
BV1Xjh5zdEBV,114966493399952,1,122,2198,野生技能协会,休闲玩乐,http://i0.hdslb.com/bfs/archive/28f41a6671f1d7d95d8f3c9daa51e13ee46e42a6.jpg,刘谦给美女表演“猜金桔”游戏！为什么三颗金桔总是数不完？,1754249818,209,521689911,魔术特白,https://i0.hdslb.com/bfs/face/80979713c89cab28f951cde07b08d3739f7c23c8.jpg,423884,"魔术教学,美女,刘谦,撩妹魔术",3924638,398,573,14937,972,131,0,99,43620
BV1pQhuztEqS,114963020585779,1,21,2027,日常,音乐综合,http://i1.hdslb.com/bfs/archive/fd13d4fa28d7bd804b4fe5b00d8cab8d928fac30.jpg,朋友就是知道你要恶搞还会配合你的一群人,1754196666,84,1472737499,Lucas是只猫N,https://i2.hdslb.com/bfs/face/6a1a4f7a6f3dd7ac24787ed822fc5c52528c91e8.jpg,745,"恶搞,娱乐,搞笑,配音,朋友,barbarbar,必剪创作",1152638,2779,2294,12189,3453,2102,0,0,124289
BV1LahVzoEk3,114964899568450,1,158,2114,穿搭,鞋服穿搭,http://i2.hdslb.com/bfs/archive/45c041bf14a362ae73d4f4834b5a00159ee7f881.jpg,服装盲盒！挑战给团队每人买两套衣服！,1754225726,1292,431615976,聂小倩她老板,https://i0.hdslb.com/bfs/face/d3be65d78fb1280568bd852c282669c83c116164.jpg,1420201,"团队,服饰,服装,穿搭,团队大作战,挑战,盲盒,服装开箱,解锁夏日时髦vibe",256559,10313,1074,1839,5839,185,0,0,30863
BV1LyhHzDEvS,114952736083491,1,228,2089,人文历史,时政解读,http://i0.hdslb.com/bfs/archive/baa79fe0c5594bd5a55ae6521696fc39597ef5f6.jpg,欧洲应反思！难民问题为何难以解决，根源到底在哪？,1754215500,780,316627722,世界见闻录,https://i0.hdslb.com/bfs/face/418ca1ae96680bc7d681a842d730e2057955850f.jpg,1710301,"社会,难民,欧洲,财经,经济,国家,欧洲难民",601701,1436,996,4233,2885,276,0,0,34453
BV1gUhbzwErx,114958843055114,1,161,2148,手工,其他手工,http://i2.hdslb.com/bfs/archive/1b5838420828a2da9e51c417198cf702916630d9.jpg,白银真能把毒验出来吗,1754132797,38,443448523,解忧黄金回收,https://i1.hdslb.com/bfs/face/de2793beaa924e649bcb76181c8e8b8471d2009a.jpg,153878,黄金,3387295,218,528,1179,601,66,0,0,30096
BV1axtuzeEDf,114967718139932,1,171,2070,电子竞技,MOBA游戏,http://i2.hdslb.com/bfs/archive/cc18923d2083a6ea0b810eea1c050e12624f55ef.jpg,地下刀塔《危难当头唯有责任！战车血战5局夺冠雪如意！中国DOTA杀回来了 WINGS式摇摆重现！》,1754268708,2146,56344967,杰出哥,https://i2.hdslb.com/bfs/face/7ed0e288b19463660709a65e389c1c606596ea0d.jpg,118243,"电子竞技,DOTA2,雪如意,进祥,刀塔春华正茂,XG,MOBA,战车,wings,shiro",276196,2313,1535,1430,7408,753,0,0,10109
BV163h8zLEyf,114958658444992,1,17,2078,单机游戏,沙盒类,http://i0.hdslb.com/bfs/archive/5ca5408d0e547ae624071ec970148df43a4eb814.jpg,由纯粹的垃圾mod堆叠成的奇异搞笑整合包介绍,1754130221,117,523951594,-Riaoda梨小达-,https://i1.hdslb.com/bfs/face/5579b5123613b100d1ad107bdc8336b11d9bd8ca.jpg,393,"沙盒游戏,我的世界,MOD,沙雕,像素风,垃圾",426529,253,1499,4810,514,6158,0,0,26552
BV1Ge8zztE8x,114943256956280,1,218,2167,喵星人,猫,http://i2.hdslb.com/bfs/archive/f1e941a67aa88b97249f402a19baa46f2027dcc5.jpg,“好奇怪，你们又听不懂我说话”,1754305200,184,3494362249955414,尖尖plus,https://i2.hdslb.com/bfs/face/d7ff02808369fe8f87662b3693737f340e3ee1f5.jpg,77504,"喵星人,田园猫,萌宠UP主加更计划",294229,233,671,12037,1592,1726,0,0,39536
BV1jWt3zyE7L,114970654282282,1,21,2037,日常,同人动画,http://i2.hdslb.com/bfs/archive/140ed929377c9f601c878784f3c1b92a887c9361.jpg,你也怀孕了？,1754313063,19,347377162,零度没有偷饭,https://i1.hdslb.com/bfs/face/fe072f577acc99fc48340ce54203b3f65844e258.jpg,591,"明日方舟,铃兰爸,沉稳的神职,忍冬,叫什么名字",375195,39,485,8743,863,3337,0,0,39073
BV1Evh7z3Ehs,114951444240319,1,252,2066,仿妆cos,单机主机类游戏,http://i0.hdslb.com/bfs/archive/8fa3cb9f1681ae1b13be62463868cac1f0aad4eb.jpg,梦里不知身是客,1754020163,39,3493107108678482,何存真的真,https://i2.hdslb.com/bfs/face/707f1ab45335d5834709c123fe2fb4fce300f5d2.jpg,359381,"燕云十六声,南烛公子,李煜,Cos",885411,227,1028,27011,13949,3494,0,0,92724
BV1eJtuzBECF,114967785245531,1,17,2079,单机游戏,其他游戏,http://i2.hdslb.com/bfs/archive/47f8b0c748e8ad93ab22157c4971a9caefa15ea7.jpg,【IGN】《罪恶装备 -奋战-》「露西」角色预告,1754271232,119,652239032,IGN中国,https://i2.hdslb.com/bfs/face/4c9095a6fc7d6ef7bf97ee1c65767f537763c60c.jpg,1705963,"XBOX,STEAM,联机游戏,赛博朋克,罪恶装备,罪恶装备奋战,格斗游戏,单机联机,PS5,GGST",719762,871,2707,7035,1458,16269,0,0,20832
BV1B5t3zSE7L,114968942873798,1,21,2040,日常,二次元线下,http://i2.hdslb.com/bfs/archive/f9a3c664e2ad250406fc04e1a6b76a7914fad697.jpg,第七魂技 & 绝对领域,1754289314,329,44648324,摄影师大元,https://i2.hdslb.com/bfs/face/6fc90ef95ad0bee8601f7f4d6d32c34bd656eab3.jpg,1139859,"漫展,手游,FPS,无畏契约手游,cos,无畏契约,无畏契约端手大展台,无畏契约手游定档819,大元,chinajoy",685123,164,165,5497,2398,1287,0,0,16316
BV1bjhJzwEHj,114952551538089,1,212,2149,美食侦探,美食制作,http://i0.hdslb.com/bfs/archive/54ab48611821867a77656248bf8abbbbad51d908.jpg,当我为60岁东北阿姨密谋了一场突然的旅行，奇迹的一幕发生了…,1754038988,1999,99157282,盗月社食遇记,https://i1.hdslb.com/bfs/face/c7fb5da587c2ec6b56ad47579933fda34c000457.jpg,8227100,"美食教程,美食制作,家常菜,厨艺,快手菜,华为Pura80,#鸿蒙越用越香,#今日的饭,三姐妹",1884830,2514,855,5368,13004,577,0,0,36651
BV1dj8yz5EiV,114946880833592,1,252,2113,仿妆cos,仿妆cos,http://i1.hdslb.com/bfs/archive/28604945c7449f067cd5bdae5dd0d693529c7510.jpg,【第五人格】红夫人蓝皮-红心皇后仿妆来咯,1754046000,254,415897343,初九Haimon,https://i2.hdslb.com/bfs/face/5755ceca1459f9028973297abda9e60f02a30c13.jpg,1335325,"仿妆,美妆,COS妆,第五人格,红夫人,神还原仿妆大会",1615190,584,987,47831,15952,387,0,70,131368
BV13RhJzKE4q,114952064996335,1,182,4218,影视杂谈,钓鱼,http://i2.hdslb.com/bfs/archive/773785ebea375aa2560b0ec44b9c905e5e521d4e.jpg,鱼竿都断了，鱼线却没事！这玩意有多结实？,1754130000,63,108264176,老树怪谈,http://i2.hdslb.com/bfs/face/036019f3c89c879b643885bbcb8944dbbb5a174d.jpg,48997,"科普,涨知识",3375005,297,981,3704,1079,230,0,0,59863
BV1W4tGzhEaD,114970234784728,1,252,2040,仿妆cos,二次元线下,http://i0.hdslb.com/bfs/archive/f06c911c3e226eda590133f1d49b0160854bb678.jpg,谁教你这么送桃花运的？,1754307220,176,560647,坂坂白,https://i1.hdslb.com/bfs/face/dbab0bb10936b9e822c6927b442e0859963d12c2.jpg,1076208,"非人哉,cos,坂坂白,熊喵来了,动画种草激励计划,一代人有一代人的神,非人哉熊喵来了梦幻联动,探店",388254,989,213,5476,978,266,0,0,19064
BV1z9tuzLEkV,114969765024892,1,76,2152,美食制作,美食记录,http://i0.hdslb.com/bfs/archive/39abb9ba081d0d5c0cc28ef101a1853bfed87535.jpg,他们都笑话我可我偏偏最好笑，终于吃上麻辣小火锅了,1754299626,371,272654283,咸鱼梦想家vlog,https://i0.hdslb.com/bfs/face/567a3dfeeddcfb96ae643bc3d8f6c5e5587830e0.jpg,2530439,"吃货,生活记录,火锅,记录我的美食日常,小火锅,出租屋,Vlog",515090,1952,709,6181,2349,490,0,0,22244
BV1nRt3zpEa3,114970587043226,1,253,2042,动漫杂谈,动漫评论,http://i2.hdslb.com/bfs/archive/d9101238e809990ac0cd1846177a0b716806aa03.jpg,喜羊羊和熊出没，谁更能代表国产动画？,1754366400,796,293673997,二啦不二,https://i1.hdslb.com/bfs/face/0ddccafdd0d3a7c33541bf6a917f1f3892aec5b7.jpg,150269,"动漫杂谈,喜羊羊与灰太狼,动漫二创,熊出没之重启未来,赵琳的探险日记2,羊村守护者11狂野新宇宙,熊出没,逆转时空,喜羊羊与灰太狼之羊村守护者,bilibili次元论战",421791,4326,3256,8000,8457,270,0,0,15380
BV1sEtMznE9z,114968724838549,1,95,2100,数码,手机,http://i2.hdslb.com/bfs/archive/68af5ff55b3bbc12c2eb6038a68f09016cbdcfee.jpg,折叠机皇该有的样子！Z Fold7&Z Flip7&Watch8全面升级,1754290245,425,471303350,大狸子切切里,https://i2.hdslb.com/bfs/face/a6d51b89c93517a72949b0a469126445cd4d33bd.jpg,2634866,"安卓,数码,三星,手机,三星超轻薄折叠旗舰,三星 ZFold7,三星 Watch8,三星 ZFlip7,折叠屏,切里",297686,735,385,2816,4609,1306,0,0,9520
BV15LtjzsERL,114973976040354,1,172,2064,手机游戏,单人RPG游戏,http://i2.hdslb.com/bfs/archive/86eaabcec84886630af16333dfbfa43d3188e150.jpg,全地面六星干员 VS 澪，斩业星熊首秀！【明日方舟】,1754363876,891,12073864,-碱式碳酸咸鱼-,https://i1.hdslb.com/bfs/face/de64ffc4031f4ec3f068527a8cbc4a1ac9cc4bb7.jpg,534536,"娱乐,明日方舟,斩业星熊,AT-7,澪,墟,泰拉探索协会,明日方舟创作者应援计划",474852,2446,1082,2156,2281,435,0,0,26515
BV1X5hGzJEXA,114963540614478,1,251,2152,三农,美食记录,http://i1.hdslb.com/bfs/archive/b40a80de7c116e9a2cba0153681bcb882900d2f8.jpg,第一次卤鸭货，味道还行，十多分钟全部卖完,1754204794,1311,92489589,小李在改变1,https://i0.hdslb.com/bfs/face/71ffa7ce1214a36cc756020a1c40280e2c38cc73.jpg,116922,"味道,卤味,探店",499610,2167,1929,4394,16128,1248,0,0,42545
BV1G7hAz4E5f,114941562456142,1,76,2149,美食制作,美食制作,http://i2.hdslb.com/bfs/archive/00c0adea3ab61613668a8825ad9cf3cc502e9af9.jpg,饺子皮还能做成口袋饼 再把伙计面塞进去不一样的口感 大家快去试试！！,1753869280,37,2007288208,房纠纠,https://i1.hdslb.com/bfs/face/b0e625348fe70b4228a681ffe45367fae89c9107.jpg,171747,"饺子,火鸡面的神仙吃法,火鸡面口袋版,美味,Vlog,饺子皮新吃法",994136,24949,9232,6107,849,576,0,0,36309
BV1FKhNzCEHT,114959363213954,1,138,2154,搞笑,剧情演绎,http://i2.hdslb.com/bfs/archive/fdc3539dc8cfee26071ad2c36dcb0f8b6f9b4dc8.jpg,北京人生存规则怪谈,1754141058,106,475912512,抵抗Resistance,https://i0.hdslb.com/bfs/face/12c1cd0df2ee6e6bb09b279b0553cdc9ae4af4f0.jpg,1089179,"北京,搞笑,搞笑小剧场,北京人,北京话,规则怪谈",848748,842,3436,4148,1173,1833,0,0,68737
BV1wGhnz9EYD,114951595235138,1,138,2156,搞笑,UP主小综艺,http://i0.hdslb.com/bfs/archive/080ff646c5a8f451c44a9a5c78bf5b7f9fd0fc93.jpg,性情级【不要笑挑战】只有0.82%的人能忍得住不笑看到最后！！,1754128800,744,43611197,比比老师,https://i2.hdslb.com/bfs/face/376af120f5bc3d3c31840db0ff3030bc8a3725f5.jpg,1595183,"高能,搞笑,吐槽,搞笑小剧场,段子,山葵,不要笑,惩罚,沙雕,整活",784613,2830,561,10649,5138,910,0,0,36852
BV1j7tnzzEAG,114975553094113,1,21,2154,日常,剧情演绎,http://i0.hdslb.com/bfs/archive/000c340f0e51e62f997014672d89abf24af9d22f.jpg,老东京omakase,1754387981,89,359201136,小付同学Chloe,https://i0.hdslb.com/bfs/face/b6ae9c7cf66fd7a39078c0244f7205d4e541a352.jpg,237359,"北京,虚拟演绎,抽象",337613,266,471,1284,812,2020,0,0,30533
BV1GbhuzVEYX,114962936629968,1,30,2022,VOCALOID·UTAU,VOCALOID,http://i1.hdslb.com/bfs/archive/db959b290208fd7cf0d050919be233015c084983.jpg,即刻轮回 中文填词【重音テトSV】【なきそ】,1754195489,123,73783743,没有花香的HANA,https://i0.hdslb.com/bfs/face/d57e2b71a8aa3ddac263e2eb50ca03018762010b.jpg,160654,"填词,重音テト,中文,なきそ,いますぐ輪廻,即刻轮回,HANA,翻调,synthesizer v,虚拟之声创作计划",497378,8943,845,41644,6849,1414,0,0,56232
BV1wHtMzEE1j,114968624105707,1,21,2071,日常,射击游戏,http://i1.hdslb.com/bfs/archive/d98b10a8228f1f268d4c5a7eb163a9fb27bdab4a.jpg,隐藏外挂，这都不学？？,1754282321,147,1256512020,制裁哥丶,https://i0.hdslb.com/bfs/face/5d5edcef1e4609f2b5ac27791c15eea79d12f6b6.jpg,244891,"外挂,游戏整活日常,逃离伪人,地铁逃生周年版本,吃鸡,游戏技巧,游戏彩蛋,搞笑娱乐,巡查员,和平精英",1067976,46,28,32991,1157,117,0,0,23242
BV1ehhwzZEkq,114941730230185,1,47,2037,同人·手书,同人动画,http://i1.hdslb.com/bfs/archive/fadf01ea747e48a9716544aa11e049284622958c.jpg,⚡我⚡真⚡的⚡不⚡能⚡喝⚡,1753871926,130,1980678022,3trees三棵树,https://i1.hdslb.com/bfs/face/9692ef0769a9e5be8ead85a1ef4d40b867c3682d.jpg,256527,"鬼畜,搞笑,音乐,动画,吐槽,鲜呼吸焕新居,小林,三棵树,整活,住手啊喂，三棵树真不能喝！",1403965,12825,6769,50046,12450,15733,0,58,134719
BV1Y6hPz8EZK,114959648298229,1,228,2090,人文历史,人文历史,http://i0.hdslb.com/bfs/archive/e99754a84a1238d8861364512347eca64ef1a570.jpg,张献忠：明末躁狂症患者（四川纪实｜传教士视角）,1754189400,961,629341851,照花荣,https://i0.hdslb.com/bfs/face/2ab712286077edd2e7dc5991bc37d4d21bf160e4.jpg,5448,"四川,明朝,历史,人文历史档案馆,圣教入川记,明末,回忆录,明清",328328,1131,1225,7912,3537,3666,0,0,10567
BV1ZktGzJE51,114969865623003,1,161,2104,手工,自制发明/设备,http://i2.hdslb.com/bfs/archive/fc069a535ed5161ab8fc6a4df17af8abba62ebb9.jpg,玩到真的了,1754301179,113,4896879,油七桶,https://i0.hdslb.com/bfs/face/75afaf6bf16ffaaec2e9c9da0393b08ab41373fd.jpg,17974,"3D打印,猎奇,搞笑,游戏,模型,你试你也过不了第二关,别笑,沙雕,带派,游戏手工发明家",597562,194,590,2494,768,1848,0,0,18434
BV1P3hpzAE9s,114954598357507,1,250,2158,出行,旅游记录,http://i0.hdslb.com/bfs/archive/d9879d67fbb99281f17ea0d117d2738f0dde6448.jpg,全世界最贵的城市，人在香港，已经破产！,1754125200,286,389988163,马佳PopMatta,https://i1.hdslb.com/bfs/face/67c13efa4ca56ddf4af0dcb52c759a641ab6bda7.jpg,1406753,"生活记录,香港,跟着UP主看世界,贵,记录,城市",433816,2123,2178,1882,1479,1250,0,0,35405
BV1xyt3zFEbQ,114970436048005,1,215,2151,美食记录,美食测评,http://i0.hdslb.com/bfs/archive/e970a4cc828e15efb3c549b1ca0b19afeb10d9a1.jpg,早餐实力排名,1754310396,520,3493292727601296,王小洋-已黑化,https://i0.hdslb.com/bfs/face/e33567ee9db0bad3c746a42ab7354680b75b0a06.jpg,305526,"早餐,吃喝玩乐先上闲鱼,排名,油条,MVP,手抓饼,烤冷面",592993,9737,5314,5802,1451,1249,0,0,44998
BV1xzhTzZEUW,114962248834202,1,183,2041,影视剪辑,动漫剪辑,http://i2.hdslb.com/bfs/archive/cfbd1944b1f5a507e81d1e3280468504b031c211.jpg,⚡️ 哪 有 什 么 妖 精 ？⚡️,1754192100,86,432714872,Andalou-孟德,https://i2.hdslb.com/bfs/face/823da1bb1ffaaf24da53795f24ffb43ad107170a.webp,6755,"孙悟空,葫芦娃,天书奇谭,西游记,混剪,童年,上美影经典作品,哪吒,中国奇谭,浪浪山小妖怪取经副本启动",1297687,562,1222,26230,20444,2273,0,66,159433
BV1cw4dzCE7b,114976777831889,1,21,2073,日常,动作竞技游戏,http://i0.hdslb.com/bfs/archive/a2767f2b7d5570d4cd5140b756642c4b59a68ff0.jpg,大床哥有那闲工夫怎么不出个规定统一一下给豆逻辑呢,1754406732,154,1851657327,星之雨下,https://i0.hdslb.com/bfs/face/db5965967b8780fb227909ecaf698612237e25ec.jpg,138137,"火影忍者手游,bug,必剪创作",111569,215,1059,787,866,1003,0,0,9618
BV1yz8kzDEti,114945857427182,1,65,2071,网络游戏,射击游戏,http://i2.hdslb.com/bfs/archive/6e377db35357daccfca39f46a8da0fe0e5fe3d9b.jpg,刘涛乌鲁鲁带妹？！,1753963200,442,532249763,永远妖妖-三角洲行动,https://i2.hdslb.com/bfs/face/534ad488a182cfb90ecb6afa72432d8ebc3f6f71.jpg,41907,"三角洲行动,三角洲欢乐剧场",882650,978,1162,9284,3777,330,0,0,90671
BV1nGhnz9E1W,114951595296356,1,253,2001,动漫杂谈,影视解读,http://i1.hdslb.com/bfs/archive/e89edb9517a1356898e856f2532cee6f2f5f6a15.jpg,【视频播客】《鬼灭》先破着你的记录，此刻我们有《罗小黑战记2》！,1754023400,6620,1682429712,BiG的动漫播客,https://i0.hdslb.com/bfs/face/7c68d5bbd5a8e4c513e0a94c630d69585f8fc5de.jpg,87346,"罗小黑战记,播客,电影,国产动画,视频播客,罗小黑,国漫,暑期档,鬼灭之刃,罗小黑萌翻一夏",360982,973,1021,11604,2475,424,0,0,42108
BV1sftJzQEpT,114975754421688,1,171,2069,电子竞技,即时策略游戏,http://i2.hdslb.com/bfs/archive/c3c5f78017d946d292981cb6bcef823d30dfe187.jpg,《魔兽争霸3》，全员变成空中单位，谁会成为单挑之王？,1754391295,1662,7773004,公孙雅量,https://i1.hdslb.com/bfs/face/d70558af4062b54b55cceadb63662258dfac78f2.jpg,346429,"原创,单机游戏,魔兽争霸3,经典游戏,娱乐,魔兽,魔兽争霸,电子竞技,怀旧游戏,即时战略",201505,3944,1637,1010,4799,125,0,0,12477
BV1KwhnzhEGv,114951981106521,1,215,2150,美食记录,美食探店,http://i2.hdslb.com/bfs/archive/a77a40f61f2f809c704f8e5de4b6d5f079affb7c.jpg,在程飞老师开的炸鸡店里吃到爽什么体验！味道真的很哇塞！,1754038854,563,1739612939,大韩同学呀,https://i2.hdslb.com/bfs/face/ad5ed2f2184036f155fbdcca560dd429b8ba1067.jpg,93411,"炸鸡,美食测评,Vlog",959204,1874,1458,2037,1026,462,0,0,16273
BV146hnzvEzx,114953507966662,1,253,2042,动漫杂谈,动漫评论,http://i2.hdslb.com/bfs/archive/4fa7e3d71ef2acd05ca74c4ee9f68edc7ad59fcf.jpg,没看懂？她死了，但人类赢了！白月魁无解的【攻腥计划】详解！《灵笼2》12集硬核解析！,1754051859,2459,70744200,天师道的白山正,https://i0.hdslb.com/bfs/face/15db596ed3fe9f5c58b66d611245b826630332d4.jpg,954733,"硬核,动漫杂谈,剧情解析,国产动画,白月魁,灵笼2,动画种草激励计划,查尔斯,马克,灵笼",1288987,8533,5611,19910,47252,4468,0,84,64308
BV1LwtGzmECa,114970503153044,1,137,2018,明星综合,音乐现场,http://i1.hdslb.com/bfs/archive/358e26b2be90f5c6fa98a3f3bc106802ad21c50a.jpg,【男宝星球2】冉冉升起的“新星”！周安信Whiplash(原唱:aespa)4K个人直拍 250804,1754311644,210,42230125,Ning_EXO,https://i1.hdslb.com/bfs/face/e112a4eef784c8148decb8d4b8fc9b3e8c4bc103.jpg,341348,"4K,aespa,BOYS ll PLANET,染色体,直拍,周安信",131582,1600,1444,2105,4301,834,0,0,9417
BV12dh4zmEGc,114956108306822,1,218,2167,喵星人,猫,http://i1.hdslb.com/bfs/archive/d6c8ffb8d3d3259394702ed7da6695e01746c792.jpg,给毛孩子们安装夏日降温房,1754092046,96,504957853,田园猫宝,https://i1.hdslb.com/bfs/face/f818acd3b8c11d9352b1f6cb649ead72764601b2.jpg,521237,"喵星人,橘猫,毛孩子",1167683,469,239,13581,1439,112,0,0,37666
BV1Jnh3z4Enx,114964127815974,1,172,2071,手机游戏,射击游戏,http://i1.hdslb.com/bfs/archive/153d20be83bfb01f3e31a66752c6ead6032c986f.jpg,让你通透整个大坝，你的无名才能愈战愈勇,1754214425,309,1809444890,三角洲-安澜,https://i2.hdslb.com/bfs/face/e714b2642ce045e441a21dd29e94a72d3f7f3f8e.jpg,288194,"FPS,电子竞技,三角洲行动,单三猛攻,零号大坝教学,无名教学,安澜三角洲行动,粑粑流无名,教程攻略,三角洲破壁新赛季上线",586876,814,1291,7019,2481,1105,0,0,52232
BV1L4hnz5Evj,114951712741227,1,216,2063,鬼畜剧场,鬼畜综合,http://i1.hdslb.com/bfs/archive/d90cb97a58d8ab5fba247932c43d4b6a886008ff.jpg,真·出生之家（25）旺仔小乔夺舍记 上集,1754024128,386,8034163,浅澄月,https://i1.hdslb.com/bfs/face/28abe5c53184c2705c3c29784733847e930d4487.jpg,1325602,"鬼畜,全明星,搞笑,旺仔小乔,出生之家,真出生之家,恶搞之家,抽象,孙笑川,黄绿合战10th-黄队应援",1612098,2377,2583,20407,8025,10492,0,0,93937
BV1onhnz7EVK,114951779780679,1,162,2057,绘画,绘画学习,http://i0.hdslb.com/bfs/archive/7006428f0869393dda569e9b4f106d46b7cd7683.jpg,记得喝水,1754025100,88,99026839,舒雅ya,https://i1.hdslb.com/bfs/face/78638e57bc16529355a4e52ae1fc917f3045066e.jpg,10739,"绘画,教程,绘画技巧,PROCREATE",254064,156,259,35752,6341,1672,0,0,42761
BV1dKhWzsEDX,114953994439742,1,162,2056,绘画,非二次元绘画,http://i0.hdslb.com/bfs/archive/d0a7d8bbea19ea7c6b3b7a4a4935f665f6948037.jpg,不随机颜色画画挑战,1754058851,33,13588917,橘里橘气的慕斯,http://i0.hdslb.com/bfs/face/adc63e933f831a9a5ecb5aad4a1336bd9c33dc06.jpg,5782,"绘画过程,绘画,手绘,画画画画画,随机颜色画画",552833,113,325,8086,2194,86,0,0,68141
BV1BY8CzyEof,114947082227904,1,171,2071,电子竞技,射击游戏,http://i1.hdslb.com/bfs/archive/6706ee2a0c356b07c1e3b5afb48e5e304103f109.jpg,他转身就走了，像下定了某种决心,1753953614,564,1050482689,康有成,https://i1.hdslb.com/bfs/face/2856b2c0f3f7bca04bc4b84883533eb3db3cfef9.jpg,154964,"FPS,电子竞技,穿越火线,推荐宝藏游戏",992293,1248,424,17606,2142,1468,0,0,71616
BV1sStLzGEUm,114972046659055,1,17,2037,单机游戏,同人动画,http://i0.hdslb.com/bfs/archive/d80956d5dd54e542179b768cb75261d5bd244e0d.jpg,谁说百岁老人不能当模特,1754334528,120,15312,Days的Wing翼,http://i0.hdslb.com/bfs/face/4f7f75fc3ca8d45c95187561c31fc200ca206947.jpg,137054,"同人,AI动画,白月魁,动画MV,白老板,灵笼",346696,276,845,4457,1727,632,0,0,9869
BV15EhNzeEpk,114959497305310,1,138,2078,搞笑,沙盒类,http://i0.hdslb.com/bfs/archive/405312b7efcddc5b85e5c718fe4733ebd4729d66.jpg,minecraft版的土豆炖鸡,1754143071,92,1565400464,莫提斯的厨房,https://i2.hdslb.com/bfs/face/5d7ef5f2e9c3cceca5814358368e8869f1fe4c6c.jpg,234154,"油管,我的世界,美食,创意,娱乐,法餐",270065,161,443,6766,3147,687,0,0,34291
BV1pvhWzvEXG,114953944046809,1,250,2158,出行,旅游记录,http://i1.hdslb.com/bfs/archive/bfc931c24be78267dd7ba1698228113e8a2d7cce.jpg,入住全球最臭的三和酒店是什么体验｜解压大改造,1754058598,717,388965067,陶一杭Steven,https://i1.hdslb.com/bfs/face/a4d36a09db35aa373323f3b9c2d2d2ae8f894873.jpg,104089,"日本旅游,改造,盲盒酒店,跟着UP主看世界,日本三和酒店,酒店,日本生活,Vlog,旅游vlog,旅行VLOG",537977,2815,1130,7699,9462,1196,0,0,33745
BV1qs8qzdEvn,114942518825811,1,161,2148,手工,其他手工,http://i0.hdslb.com/bfs/archive/5e15fe6896ac01eb2916c647577ffd61da5a5c22.jpg,尴尬的料形，这么设计没毛病吧？,1753883922,61,1323036055,寻鑫缘手艺-,https://i1.hdslb.com/bfs/face/f03e8ff1b264bbd9ce3c9035c3d6c8c6edffe728.jpg,25284,"设计,珠宝,手工,艺术,手工艺,缅甸翡翠,翡翠挂件,翡翠雕刻,翡翠定制",1913895,613,916,1611,564,91,0,0,54299
BV1HNhNzVEJm,114959379864243,1,172,2071,手机游戏,射击游戏,http://i1.hdslb.com/bfs/archive/76c6efa98a894f5f2d2dabbb5d3d9222b6afeecb.jpg,教大家免费白嫖官方发的红【GTI中心特别支持】,1754141235,145,2063040064,不败新知缘,https://i1.hdslb.com/bfs/face/18037a47077b0f23d4a8c29fac19ade7f1f66599.jpg,13852,"三角洲行动,GTI中心特别支持,跑刀,鼠鼠,萌新攻略,大红",499171,1837,1042,21372,1708,3621,0,0,27459
BV18889z4EKf,114936327966866,1,22,2063,鬼畜调教,鬼畜综合,http://i0.hdslb.com/bfs/archive/cf823f851d6cf6b72b9140b41024fa8f645463fd.jpg,上一个这么剪的已经过亿了,1754020200,152,16054375,自动鬼畜中的WZ,https://i1.hdslb.com/bfs/face/e83f7de7928cdab9c628aa7b4da1045f2803574f.jpg,1683980,"小沈阳,赵本山,搞笑,美美桑内,ONE SPOT,小品,蜜汁好听,NINA,沈佳润",929519,439,664,9823,20216,4331,0,0,99265
BV1sMhpzNEmQ,114952820032861,1,253,2042,动漫杂谈,动漫评论,http://i1.hdslb.com/bfs/archive/b282dfab5e3701abe3d82c1ca8a6b23e262b6caf.jpg,灵笼最狠的一集！破解攻腥计划！【灵笼2】12逐帧解析,1754042106,1313,7946432,利维坦mY,https://i2.hdslb.com/bfs/face/eafd73061a55531503353e7ecf8ff9c184d52241.jpg,1728109,"解析,动漫杂谈,白月魁,友望,灵笼 第二季,动画种草激励计划,国漫,马克,灵笼,老坦",1813656,8547,9586,17793,53365,9111,0,42,100067
BV1cDtuzEERL,114969597317294,1,65,2071,网络游戏,射击游戏,http://i1.hdslb.com/bfs/archive/0fbdb2e697bbd29ca111b3ec16c1db6032066788.jpg,最强“反外挂”游戏,1754297039,37,90119987,花圣不是花生,https://i2.hdslb.com/bfs/face/bab6001f89b0c5080955b6d7a188b255c04cd422.jpg,77806,"FPS,游戏,电子竞技,生死狙击",1222950,290,1445,6038,532,7269,0,0,77611
BV1Md81zqEu8,114948004906204,1,247,2107,新能源车,汽车文化,http://i2.hdslb.com/bfs/archive/7282740ad93bfb951934d177203c786fac741d59.jpg,我把“奶龙”变成了车，路过的小孩都馋哭了,1753968480,481,497525820,所长Wy,https://i0.hdslb.com/bfs/face/5137009463f59bf5ed46af3a8779d63ed6ca3304.jpg,1402229,"汽车,痛车,改装,埃安UT,AION UT,汽车改装,奶龙,小车,汽车测评,新能源车",996433,9385,792,6410,4618,1578,0,0,38970
BV1AmhuzcEyN,114963003740044,1,176,2106,汽车生活,汽车测评,http://i0.hdslb.com/bfs/archive/01c2a8f536cad21f764950623e64aaaccd2829d0.jpg,便宜但丑！宝马5系大甩卖？,1754280300,391,70783742,几分钟义务教室,https://i2.hdslb.com/bfs/face/56946cef0cb1a80f91414a2940a40cc61e2fa3b1.jpg,1040223,"奥迪,测评,奔驰,宝马,薇姿绿标,选车,BBA,宝马5系,薇姿洗发水,阿B车友俱乐部",339115,1519,1030,1089,3192,405,0,0,10778
BV1yVt7zyECT,114973539830436,1,21,2158,日常,旅游记录,http://i0.hdslb.com/bfs/archive/913e6ab771a3791c6a19c3ef6bed58661369d4af.jpg,我们在三次元找到了真的蒙德湖！安柏 优菈 空｜COS旅拍VLOG,1754366700,273,7967009,名羲MX,https://i2.hdslb.com/bfs/face/2837ca3216e342381f1c987c1fd8dd4c28053348.jpg,133993,"旅游,二次元,cos,优菈,安柏,空,Vlog,Cosplay,原神,二次元副本挑战者",87432,141,186,3569,1285,185,0,0,8200
BV1QQtGz5Eoh,114969966480119,1,215,2149,美食记录,美食制作,http://i0.hdslb.com/bfs/archive/846395cb0e1af981e1d2b655ac2c869ec1fb7047.jpg,文科毕业生6.38吃一顿,1754302850,63,33903433,极品饭灵根z,https://i1.hdslb.com/bfs/face/b85167a5feb1ae3547009e6efe6029b6aca5da4b.jpg,584296,"美食,生活记录,大学毕业生,鸡翅,Vlog",336003,927,468,1316,1034,327,0,0,35974
BV1KntGzvEBi,114970301829110,1,138,2207,搞笑,随拍·综合,http://i1.hdslb.com/bfs/archive/8e4bb6edcea34f08e7d5bb2db4065a7788b7fb79.jpg,隔壁班嘉豪 这期是我定制的,1754307862,123,219898427,赛博人物志,https://i2.hdslb.com/bfs/face/8f472f6026604ac417af398f3a3ae50386248b95.jpg,73546,"梗,隔壁班嘉豪,盘点系列,嘉豪",2322988,1429,2738,20724,1327,7217,0,32,192771
BV1kehHztEbm,114953122028009,1,138,2195,搞笑,学生vlog,http://i1.hdslb.com/bfs/archive/9f092f748bb199dad3398085f9565960dc034c69.jpg,《 当 代 高 一 牲 ？！ 》,1754106312,973,1238825086,建客8米2,https://i1.hdslb.com/bfs/face/fbd9d6ef8a4d0fdce75cad21b2f54dbc1a40c07a.jpg,376689,"校园,生活记录,搞笑,青春,高中生,传说之下,高中,记录,三角符文,万种生活碰头相见",355041,2523,917,11236,6875,612,0,0,54078
BV1h3tGzrERQ,114970201228615,1,65,2071,网络游戏,射击游戏,http://i2.hdslb.com/bfs/archive/7e91735553a7f46f4fc45a5273f34d5b039d1157.jpg,换个视角看三角洲，全网找这个2号！,1754306181,125,649413109,三角洲蛋少,https://i1.hdslb.com/bfs/face/0ca00d6fb71a0f320cda2650d19caf154f276576.jpg,8946,"原创,三角洲行动,记录,三角洲破壁新赛季上线",434943,131,454,3419,541,611,0,0,35475
BV1uRtgzeEKo,114968825495956,1,215,2150,美食记录,美食探店,http://i1.hdslb.com/bfs/archive/cb77577b5d36ad89898212389c818b51b47f0757.jpg,牛肉跳着就上了桌…敢跟潮汕比鲜？,1754301600,661,3546689080133740,野文不懂吃,https://i1.hdslb.com/bfs/face/c42a0eb03dc75889e6deb47526b72279c69897ff.jpg,221356,"记录我的美食日常,潮汕美食,牛肉,潮汕,汕头美食,潮汕牛肉",291432,658,829,1949,1194,1586,0,0,7868
BV1nBhHzREFH,114953071631302,1,208,2084,校园学习,应试教育,http://i2.hdslb.com/bfs/archive/a08c1723cb433a4601bc85e60218d7ad41076ac2.jpg,考过的证书毕业直接变“废纸”，小心当了韭菜！,1754045172,111,25694274,小五只会一点点,https://i0.hdslb.com/bfs/face/dac3f29feb6f36bea16d4a81eb2b423381528efc.jpg,560136,"毕业,考试,学习,韭菜,证书,大学生,会计,找工作,考证",961967,305,1928,20787,674,847,0,0,47001
BV1T1h3zgE9x,114963859380822,1,162,2055,绘画,二次元绘画,http://i2.hdslb.com/bfs/archive/7a2a6e7d87808b0c0490e185b500056d401f68c2.jpg,噼哩啪啦画啥呢,1754217000,158,287890286,李渔的世界,https://i2.hdslb.com/bfs/face/87855ab49fb23a1ce54606f71b28781fa872587b.jpg,515756,"板绘,绘画过程,绘画,原创,艺术,画师激励计划,画画,抽象,人体",156394,480,446,2836,3377,1124,0,0,44014
BV1pghuzxEqP,114963137958967,1,213,2151,美食测评,美食测评,http://i2.hdslb.com/bfs/archive/90070957656da15f076ea3ba9a3b40598d8ca3c9.jpg,非洲顶级大鲍鱼，居然会爆浆，做土豪盖饭壕无人性,1754294400,287,476704454,小文哥吃吃吃,https://i2.hdslb.com/bfs/face/a70aa74915d9e1e3282312b2b6759bc4aae1ed18.jpg,4183518,"美食制作,吃货,美食教程,厨艺,海鲜,4k,舌尖真探事务所,鲍鱼,美食测评,猎奇美食",553352,1217,420,1944,2610,640,0,0,27509
BV1EhhLzKEcr,114965688098369,1,228,2043,人文历史,动漫速读,http://i0.hdslb.com/bfs/archive/81308807d2a059ccf91e9400336109c2583f9745.jpg,我咋就剩头了？如何利用规则怪谈给自己“续命”？各怀鬼胎三人行！《无头杀人事件》中回！,1754276400,1682,74161368,掺酒_Crane,https://i0.hdslb.com/bfs/face/cda096fd83d359fbb637fb92be834b51b0b06c64.jpg,374102,"推理,读书,犯罪,奇闻,恐怖,悬疑,未解之谜,谋杀,案件,规则怪谈",287829,891,332,4639,1277,231,0,0,13322
BV1yFtuzHEgD,114968003347954,1,17,2069,单机游戏,即时策略游戏,http://i1.hdslb.com/bfs/archive/0dd0938bdfbdb2bc6a1a773f07c9bf02924dd860.jpg,遇到玩奇迹于你的小鬼怎么办?,1754272786,37,3461573913872612,无縿,https://i2.hdslb.com/bfs/face/9ac4d298bba9bebff27fe5c57e0aff9b305d4ffa.jpg,733,"JOJO的奇妙冒险,奇迹于你,870游戏,JOJO的奇妙冒险群星之战,潮流躲雨,小鬼,格斗游戏,游戏技巧,群星之战",970456,164,889,11413,900,642,0,0,57547
BV1ZE82zDEqy,114947686143104,1,21,2088,日常,社会观察,http://i0.hdslb.com/bfs/archive/59013bab40a6bea39744b0e869bf0e4428a5adf0.jpg,反游戏后继有人了？,1753962936,432,489618859,铁柱大导演,https://i1.hdslb.com/bfs/face/46980e2714068cb78550fafe538a37a64fda3abc.jpg,996682,"搞笑,娱乐,游戏,吐槽,搞笑小剧场,赵铁柱,抄作业,戒网瘾,割韭菜,必剪创作",1044813,5757,3935,19419,6573,3724,0,0,56078
BV1rihgz4EVq,114962466871917,1,172,2063,手机游戏,鬼畜综合,http://i0.hdslb.com/bfs/archive/0c7d4ab9b62c6338161b60cb53b79e3d84f1dd91.jpg,救世PV没语音不得劲，于是我加些进去,1754188629,104,24961799,金咸鱼,https://i2.hdslb.com/bfs/face/0356ee34b4e6771f03fb02a9a3523b558c15010f.jpg,449834,"搞笑,鬼畜,崩坏：星穹铁道,崩坏：星穹铁道创作者激励计划,昔涟,抽象",934652,1347,3100,22845,15851,16961,0,0,91196
BV1g5hhzAEbi,114958171904160,1,138,2152,搞笑,美食记录,http://i0.hdslb.com/bfs/archive/3bcd59512796fe015acca660d3aad7e7fecd836f.jpg,挑战花10块钱吃一天减脂餐,1754128959,115,1051357359,只因宝宝儿,https://i0.hdslb.com/bfs/face/388e768e96f9cda453defe6955c5f2f89344339e.jpg,830523,"拼好饭你变了,补贴是一时的拼好饭是一直的,点拼好饭只有0次和无数次,重要的事情值得拼一下,拼好饭6.9元盲盒,挑战吧！20元拼好饭吃一天,拼好饭6块9盲盒抽孙颖莎周边,减肥餐,美食记录,美团拼好饭",4146043,1773,796,11576,2511,1324,0,50,173412
BV1kxtJz5EDi,114974311584698,1,65,2071,网络游戏,射击游戏,http://i0.hdslb.com/bfs/archive/2af34b2f04b10c9ce1472aab990c2ef8c74abf89.jpg,【跑刀趣事】吔？！海洋之泪？！,1754369090,239,5408366,库库_sama,https://i2.hdslb.com/bfs/face/2c6fc2b14976e62bd925d85129ce87cbacb4a96d.jpg,650420,"粥,第一人称,迈从,三角洲行动,迈从V9,迈从V9PRO,三角洲,主播,游戏耳机,三角洲破壁新赛季上线",181300,176,250,594,532,316,0,0,9308
BV1ophpz9ER6,114954732571262,1,17,2078,单机游戏,沙盒类,http://i0.hdslb.com/bfs/archive/50bc578b8c801dba29fbcaf3d536f4aea27b4361.jpg,目 害,1754100000,633,19525533,KL_qiqi_,https://i0.hdslb.com/bfs/face/c5830e1e0142e04c96be9c87d3aef2e1b5d47581.jpg,3065795,"沙盒游戏,躲猫猫,娱乐,我的世界,搞笑,MC,minecraft,联动,沙雕,推荐宝藏游戏",967830,2129,1163,12016,5887,607,0,0,61820
BV1AM82zbEzU,114947602257068,1,47,2079,同人·手书,其他游戏,http://i0.hdslb.com/bfs/archive/bc980ad94429cb35c5c5f60f8680cd6bb16c9641.jpg,谁会在微机课开公司啊！！,1754020800,143,3493090000111868,蒜偷小狗八,https://i2.hdslb.com/bfs/face/377e472d6ac646227ae0c415a8f8e1f0ad839e10.jpg,1987202,"原创动画,模拟经营,校园,小鼻嘎,挂机游戏,游戏推荐,放置游戏,steam游戏,推荐宝藏游戏,我的动物公司",2792242,231,213,50259,1799,91,0,0,53451
BV1c8hbz5EEj,114957165271187,1,183,2002,影视剪辑,影视剪辑,http://i1.hdslb.com/bfs/archive/6515df0b86d6b57c0f603aadeac016d8446a85cd.jpg,真的很喜欢这种结尾，这又是谁的青春呢？,1754107553,216,111578972,前前前世的陌生人,https://i2.hdslb.com/bfs/face/caa531d35eb71a06403da433b0549fe623675dfd.jpg,336376,"电影,星爷,周星驰,剪刀手安利大赛,名场面,回忆杀,大话西游之月光宝盒,唐伯虎点秋香,大话西游之大圣娶亲,B站好片有奖种草",4687003,642,1478,52823,15903,3469,0,12,221797
BV19u8BzREBk,114942367762120,1,250,2158,出行,旅游记录,http://i2.hdslb.com/bfs/archive/2111111acb4d251f900bf5c852556005938add4b.jpg,links｜大西洋上只有300人的孤岛，却藏着地球最震撼的火山奇观,1753934400,1375,3816626,Linksphotograph,https://i2.hdslb.com/bfs/face/2827281d7fd11cd62d9cc355039860cd2979970b.jpg,3580102,"旅行,松下,摄影,葡萄牙,大西洋,火山,寻找100个宝藏vlogger",2182616,5926,2748,53848,63337,16734,0,31,129812
BV1MfhJzYE1k,114952081773802,1,25,2037,MMD·3D,同人动画,http://i0.hdslb.com/bfs/archive/ea9f21eecead9ff9f02ac92b5627dd0d2d632c3a.jpg,【鸣潮PV】漂泊的浪子，可愿伴我短暂沉溺于此？,1754035200,127,50844167,可靠de伏特加,https://i2.hdslb.com/bfs/face/b3d7d0f2f5f6f13b7a43619ec8b9f3f9af53723d.jpg,797227,"原创动画,PV,手书,手机游戏,唯美,二次元,鸣潮创作激励计划,弗洛洛,漂泊者,鸣潮",558862,355,2112,65851,63498,5892,0,40,128871
BV1f38yzmEcN,114946998273176,1,76,2149,美食制作,美食制作,http://i0.hdslb.com/bfs/archive/f4ca786c3292a7a187a6e9aed969cb2d88549fbb.jpg,跟你们这些邪修做饭，拼了！！,1753952312,506,50660116,上班族的便当,https://i1.hdslb.com/bfs/face/7ea9421f12f55459f27fdd2f7a6892dc3d8fddcb.jpg,3287360,"美食教程,美食制作,快手菜,微波炉,记录我的美食日常,邪修做饭,邪修做菜,平底锅,电饭煲,邪修",2388852,1461,1182,74359,9123,3674,0,39,96188
BV1jv4fzmEdA,114978472332596,1,17,2066,单机游戏,单机主机类游戏,http://i1.hdslb.com/bfs/archive/a41c31ed5347cadba768637c498b5532f9b05aa2.jpg,mega宝可梦综合排行榜，第-3名 完全体基格尔德,1754452800,2738,343348,口袋迷ag,https://i1.hdslb.com/bfs/face/0339f625390570205b46ef4ad07f16d172a19123.jpg,1098964,"宝可梦,POKEMON,精灵宝可梦,任天堂,switch2,宝可梦朱紫,宝可梦传说ZA,超级进化,mega进化,ns2",162487,1488,1521,1189,2424,1148,0,0,10198
BV1Y8t3zzEK7,114970855478934,1,21,2083,日常,综合资讯,http://i1.hdslb.com/bfs/archive/f4414f3bc5bfe92db83e26bf0ff7fccbcc302fdc.jpg,浪浪山的四个小妖怪，到底叫什么名字？,1754350200,165,456664753,央视新闻,https://i1.hdslb.com/bfs/face/2dc9c34444ba9f8e891fdc98e6c331fa3c02d127.jpg,21825916,"电影,浪浪山小妖怪",315885,234,796,1300,1104,970,0,0,31323
BV15k8CzBEJ9,114947048608393,1,218,2167,喵星人,猫,http://i1.hdslb.com/bfs/archive/3f6801c397de5b268c716822873207ab94fd1135.jpg,为什么暹罗猫被称为“绝世好猫”?,1753962000,91,3546873832933955,瞄知道,https://i2.hdslb.com/bfs/face/1746916d848d22a6c046987264fe119ff9c1f0e2.jpg,10498,"喵星人,铲屎官,猫咪冷知识,绝世好猫,逻辑猫,暹罗猫,好猫,新手养猫,养猫人,动物圈新星up主扶持计划",889854,473,2259,12718,855,6558,0,0,68629
BV1rytEzVEHM,114974496263161,1,228,2103,人文历史,工程机械,http://i2.hdslb.com/bfs/archive/9aed2f84935d4f10057d5161b7cce9c216613888.jpg,1.2万亿再造5个三峡，雅江水电站对中国意味着什么？,1754372103,427,26108626,赛雷三分钟,https://i1.hdslb.com/bfs/face/4eb764b8c6afc48ad1e7aaf84b0f58db3d4dbb3f.jpg,3230269,"三峡,地理,科普,雅江水电站,发电站,青藏高原,雅鲁藏布江,万物研究所",387103,1753,1795,3231,2132,654,0,0,33311
BV1H5h3zhEVd,114963926484439,1,253,2042,动漫杂谈,动漫评论,http://i1.hdslb.com/bfs/archive/15e5e9c710632bf142003a7bda26e375fa5c88bd.jpg,《阿甘妙世界》一款可以笑死成年人的儿童动画【bilibili 次元论战】,1754210552,1174,356477722,x夏言秋语x,https://i1.hdslb.com/bfs/face/62c8e4f9ababcf2f4ac7daa277cc44c83d890f24.jpg,288700,"经典,阿甘妙世界,神作,搞笑,美漫,欧美动画,童年经典,bilibili次元论战",293684,1228,945,11766,5095,444,0,0,18477
BV1HXt3z9Eac,114970402492464,1,252,2020,仿妆cos,翻唱,http://i1.hdslb.com/bfs/archive/272c4f3b794c61966efa05ca2e02e016e9ca954a.jpg,蓝莲哈,1754309287,90,16993069,林芷伊kiwi,https://i1.hdslb.com/bfs/face/602512a85adb8231973dfd9ddc3694c031f4a7fa.jpg,324550,"翻唱,蓝莲花,赛马娘,哈基米",897957,1069,3326,7860,16336,8301,0,0,92502
BV1PP8yzWEuQ,114946746617887,1,21,2020,日常,翻唱,http://i2.hdslb.com/bfs/archive/cfcc26a907c5d7d60948273bb4e628386cd067ae.jpg,“咳咳咳，有点呛”丨《秦时理塘》主题曲《悦光》-胡烟宾（月光胡彦斌）纯真烟嗓礼堂王子吉他弹唱丨猎奇丨呼麦丨抽象丨真正的音乐,1753956000,97,269288799,陈大东瓜,https://i0.hdslb.com/bfs/face/a446be727553193687f04ba898316caa6a200b8d.jpg,304317,"音乐分享官,可爱,胡彦斌,秦时明月,吉他弹唱,qdc耳机,抽象,记录,真正的音乐,qdc",638115,630,1605,15180,28337,18416,0,0,90901
BV1wYtGz4Evy,114969899177388,1,171,2070,电子竞技,MOBA游戏,http://i0.hdslb.com/bfs/archive/d9a9ca816d137f81863fe566d23a35114495ab6d.jpg,Rookie：他转头就走，像下定了某种决心,1754301703,63,29992385,iG电子竞技俱乐部,https://i2.hdslb.com/bfs/face/487bf0cb89b58ce6baea91d2f2a5b0fc4a2e17fb.jpg,646510,"IG,电子竞技,搞笑,娱乐,LPL,英雄联盟,TheShy,MOBA,Rookie",427913,354,837,1077,1367,997,0,0,32819
BV18yhVzUE5D,114964496980418,1,216,2063,鬼畜剧场,鬼畜综合,http://i2.hdslb.com/bfs/archive/4c5b34a8307b8cbdec1ff0f40b4aeea6077ee348.jpg,小 乔 佩 奇 刷 过 几 个 子,1754219336,196,256237759,我叫小渔人,https://i1.hdslb.com/bfs/face/590e1bbd098493c86038a94ce240bf80d627a760.jpg,1279067,"搞笑,鬼畜,旺仔小乔,你给我刷过几个子,小猪佩奇,黄绿合战10th-绿队应援",1148228,1543,1327,15939,5277,6591,0,86,82922
BV183hJzvEbY,114952534757175,1,21,2079,日常,其他游戏,http://i2.hdslb.com/bfs/archive/ccdc852d4201649293ec1fe02b0b4cabc97b4699.jpg,一块化石如何成为十万云玩家的神？第一个赛博宗教是怎么诞生的？Twitch Plays Pokemon（上）,1754044200,723,3546916086352000,游戏X档案,https://i1.hdslb.com/bfs/face/c281ccc4e2101897a053120b607cacdd9f413693.jpg,8459,"宝可梦,口袋妖怪,直播,单机游戏,Twitch Plays Pokemon,GB,赤红,云玩家,必剪创作,整点电子榨菜",454243,1996,723,9403,6572,1408,0,0,22220
BV16e8mz8EG7,114949078715654,1,171,2064,电子竞技,单人RPG游戏,http://i1.hdslb.com/bfs/archive/0e807df1db424bf54a9517ff98da9307de93547b.jpg,上帝我求你在给我9秒 这次我一定要带你出去,1753984475,202,3493109145013039,Lsu-L苏,https://i1.hdslb.com/bfs/face/374c5f7108b5781442bc55619b70be3d140107ea.jpg,392,"FPS,超凡先锋,吃鸡",532139,381,1382,2739,554,171,0,0,33721
BV1dctHzuEd8,114975351772818,1,171,2070,电子竞技,MOBA游戏,http://i0.hdslb.com/bfs/archive/3c6bf5f0e17bb6c2a0637fbfa292f809875dc3f3.jpg,关羽最终奥义！藏兵术！所有英雄只有一个可以做到!苏打锋,1754384914,77,39560763,Study苏打锋,https://i0.hdslb.com/bfs/face/c0f969795d667f5ccd6ef85ef0b886190629a2f3.jpg,842556,"电子竞技,王者荣耀,苏打锋关羽,蜀国人关羽,MOBA,教程攻略,关羽,苏打锋",687454,210,786,3001,1364,2850,0,0,56902
BV1W4tgzXE4a,114969463034636,1,21,2154,日常,剧情演绎,http://i2.hdslb.com/bfs/archive/bacbede5fb1adaf113c060ee1654ce05947219eb.jpg,剪头,1754298098,113,3493085877111279,魏福一,https://i0.hdslb.com/bfs/face/e5361c44cf9b97d0374eb35d35e46d96d98271b3.jpg,175643,"搞笑,瓜子二手车",117538,154,223,1372,692,463,0,0,17917
BV1pWh7zUETe,114951360349292,1,17,2037,单机游戏,同人动画,http://i0.hdslb.com/bfs/archive/c56ff9e345aec9cec23d4a459cd023fdfa3b7515.jpg,【东方MMD动画】03 夏日的⑨空调大作战,1754018701,747,383418242,不喝牛奶の光明糖,https://i2.hdslb.com/bfs/face/29c497a5aafcd00079c50e6ab02649849b7ef85f.jpg,1352,"东方PROJECT,大妖精,东方MMD,琪露诺,动画,克劳恩皮丝,三月精,蕾米莉亚,桑尼米尔克,东方同人创作节",88128,332,244,2365,2007,589,0,0,8585
BV1eHh8zBErz,114958809434185,1,176,2077,汽车生活,休闲/小游戏,http://i0.hdslb.com/bfs/archive/472f46e1754501d31a87750f9474b4cb8beae38e.jpg,蛋仔派对：挑战不能踩到黄色！什么？嫌弃我通关慢！你行你来,1754132454,184,3546682643974706,二氧化蛋1221,https://i2.hdslb.com/bfs/face/197ac6f06c8276bac77adb58aaec714cca351ae3.jpg,175411,"必剪创作,蛋仔派对宝藏乐园地图",2251637,13,6,23844,2148,7,0,0,23028
BV13VtGzgE4R,114970117283742,1,138,2154,搞笑,剧情演绎,http://i0.hdslb.com/bfs/archive/27965738562909255ebf3dc986623500077d01c1.jpg,《你眼中的自己vs实际上》,1754306937,269,478610686,郑凯伦伦伦,https://i1.hdslb.com/bfs/face/24a1b4a4a5cb2287f9892c3f9be60f3668733e85.jpg,1524801,"搞笑,荣耀GT,荣耀400,2025ChinaJoy,荣耀平板GT2Pro,荣耀平板在CJ现场成电子鸡蛋,VS",853212,741,1064,4661,907,280,0,0,71027
BV1JEh3zZENw,114964144588235,1,172,2064,手机游戏,单人RPG游戏,http://i2.hdslb.com/bfs/archive/8595c0306236b1a273576d48ff30a2cd26603421.jpg,黑三月七可能有三重命途，实现翁法罗斯的重构！,1754213892,359,551188239,企鹅带带北极熊,https://i0.hdslb.com/bfs/face/f74ed16ba54d227abe8127cd53f52b3a19940716.jpg,3059567,"手机游戏,搞笑,崩坏：星穹铁道,崩坏：星穹铁道创作者激励计划,长夜月,三月七",892493,8062,1903,10361,2012,2688,0,0,67203
BV1Q5hgzrE5e,114962768861934,1,21,2054,日常,二次元其他,http://i0.hdslb.com/bfs/archive/a64490a7a6156d6cd20593743471bf8be7571746.jpg,【罗小黑战记2】官博补充设定整理合集,1754192985,308,13869819,一滩喵饼,https://i0.hdslb.com/bfs/face/cf9dc51745323c6d1ffb359b51df3bc8ba12b371.jpg,855,"罗小黑战记,电影罗小黑战记2,设定,补充设定,必剪创作",98783,295,394,5782,1951,647,0,0,17511
BV1fChWzFEPg,114953860287661,1,242,2009,娱乐粉丝创作,娱乐评论,http://i1.hdslb.com/bfs/archive/81594f7b64a45ac7f8631ae9efe43d0f8fe04885.jpg,丁真 被流量挟持的传奇一生,1754057100,591,3546781006694901,我真的玉玉症了,https://i0.hdslb.com/bfs/face/cc515923daf9a49fba6031c54e09bca8a073935d.jpg,280584,"正能量,丁真,娱乐吃瓜大会",1838100,3042,2500,28806,4533,2187,0,100,88211
BV1kEtLzYEg9,114972650641319,1,172,2064,手机游戏,单人RPG游戏,http://i0.hdslb.com/bfs/archive/3787ad7743c05a8a1c01ec19e93ea46e664f24ca.jpg,停云全程单通差分宇宙千面英雄V7，只有抛却理性才是（  ）的一集！,1754365500,1593,75480955,念熙阿,https://i1.hdslb.com/bfs/face/c054ef8bd21efb38f8d6cc78fd8e7135c4b996a8.jpg,980357,"游戏实况,停云,念熙,崩坏：星穹铁道创作者激励计划,全程单通,星穹开拓团,差分宇宙,千面英雄V7",148698,1270,556,1509,3449,172,0,0,15909
BV14zt3zYEYi,114970821920464,1,201,2170,科学科普,野生动物·动物解说科普,http://i1.hdslb.com/bfs/archive/9ad50851894edcf53e25f5a3cb1a43e5c9ffc43a.jpg,鉴定咬伤粉丝的毒蛇(23)被五步蛇咬伤竟然打了银环蛇血清？,1754389800,513,25126508,世界记忆大师龙雅,https://i2.hdslb.com/bfs/face/ef459648b3357acf2efbfeae8bb1beb9bd05ecbb.jpg,2672091,"生物,知识,科普,自然,蛇,银环蛇,毒蛇,科学科普,五步蛇,网络热门鉴定",1386227,2057,3764,9811,11501,626,0,0,64817
BV13PtJz8Eew,114974210984875,1,138,2156,搞笑,UP主小综艺,http://i1.hdslb.com/bfs/archive/963b9b8171147e8e126cd03c48ee4678e6e2c7bf.jpg,哈哈哈哈哈答非所问英文版,1754367708,138,3461572842228424,牛小豪吖,https://i1.hdslb.com/bfs/face/e9242dde084b6c1ad20e87cf12e61eebfcec49f7.jpg,1886653,"搞笑,英语,英文版,娱乐,搞笑小剧场",716109,2514,484,9731,2042,451,0,0,35452
BV1AihAz5EsW,114941361130856,24,172,2064,手机游戏,单人RPG游戏,http://i0.hdslb.com/bfs/archive/9bdc803037ec2e2372bcfb2b755f024a8b7867df.jpg,【原神一条龙全收集】纳塔5.8(成就数169/火神瞳49石盒56)悠悠度假村/宝箱/摩拉堆/玉帛/火之印/探索度/原神5.8一条龙,1753866689,10855,431073645,你的影月月,https://i0.hdslb.com/bfs/face/2e32de7b28fc491a28281a22c6ea9f5d195cbdf5.jpg,8929346,"原神5.8版本,纳塔5.8,悠悠度假村,5.8一条龙,游戏攻略,游戏鉴赏家,原神,原神高能团",7325389,59282,4763,75751,52987,8907,0,14,83211
BV1vAtgzuEs8,114969731470390,1,76,2149,美食制作,美食制作,http://i2.hdslb.com/bfs/archive/90ea0d680f4f74a415aeb01579783a883bf8692c.jpg,厨师长分享现场版“蜂窝玉米”，看完讲解操作更简单,1754366400,540,290526283,美食作家王刚R,https://i1.hdslb.com/bfs/face/1463fa4ea6bffd867dc257dca87248bb1d671cde.jpg,6857297,"厨艺,美食教学,现场教学,厨师长,蜂窝玉米,我用美食搞事业",176499,884,589,1196,1298,400,0,0,11862
BV1BE8Uz8EUC,114948592242071,1,21,2064,日常,单人RPG游戏,http://i2.hdslb.com/bfs/archive/e18956a6d7a1001bedde9de68aaa78f0d59d5580.jpg,什么叫你在现实生活里去了趟匹诺康尼？,1754006400,286,535078742,不想当五字,https://i2.hdslb.com/bfs/face/da010ba42e3389860414cfd9a50eed7b2351f536.jpg,2943,"明日方舟,星穹铁道,崩坏：星穹铁道创作者激励计划,原神,边狱巴士,绝区零",410242,1545,1819,19314,5060,9945,0,0,65437
BV1yLhVzBEcR,114964748638728,1,172,2064,手机游戏,单人RPG游戏,http://i0.hdslb.com/bfs/archive/c8aa841bc7951a1e1a2da876ee924e54e4552bc6.jpg,【明日方舟】松桐实战测评：职业队福音，崭新的先锋天龙人！夏活赠送干员！,1754272800,588,1683678,人好嘴甜凯尔希,https://i0.hdslb.com/bfs/face/a07e51ca13ccf7d1040b39b0bb06e169578d0365.jpg,229325,"明日方舟,二手推荐,斩业星熊,松桐,松桐测评,遥,转转,二手手机,实战测评,明日方舟创作者应援计划",352324,966,1433,1468,907,2427,0,0,13112
BV14vtuztE6F,114967818798573,1,176,2106,汽车生活,汽车测评,http://i2.hdslb.com/bfs/archive/ffdc215a09262edef315062b4f5ae909408d8147.jpg,粉丝连麦：在美国小伙想买保时捷，但国内朋友都在玩电车，这钱花吗？ #保时捷  #仰望U9   #GTR #买车,1754301600,635,3546724748495813,超哥超车,https://i2.hdslb.com/bfs/face/4bee3bbf26fe89cb847f93cfeb1566c31da0667a.jpg,798714,"仰望U9,买车,保时捷,GTR",207749,747,940,1471,3287,433,0,0,18702
BV1EBhHzREfw,114953071625591,1,85,2154,小剧场,剧情演绎,http://i0.hdslb.com/bfs/archive/d99b4c1ecf74d9717b33791622b75a250bf5d21c.jpg,假如每5分钟人类就会灭绝一次，那么一千万次轮回之后,1754044921,177,351251536,雄十一浪,https://i1.hdslb.com/bfs/face/027acd337fd2bf9cb8e1f65858f5fd5ce50637e9.jpg,830782,"末日,悬疑,创意,科幻,搞笑小剧场",861445,699,1015,8239,778,237,0,0,54164
BV1fRtnzVEdF,114975418881795,1,85,2113,小剧场,仿妆cos,http://i1.hdslb.com/bfs/archive/4ff0f5693665fac9d61187708dca2ed0e7a41f93.jpg,谢谢你愿意花2分钟看完我的创作6年。,1754385931,120,474853499,李如儒也是李蠕蠕,https://i2.hdslb.com/bfs/face/8da8eac46ef637b771efeabf4b7b4b093d34dea5.jpg,2972612,"李蠕蠕,李蠕蠕也是李如儒,创作",918019,674,1866,4822,18447,446,0,0,123168
BV1fQtEzqEpE,114974613575433,1,241,2009,娱乐杂谈,娱乐评论,http://i1.hdslb.com/bfs/archive/f43104befa571ada5091abfef6e6a33a70637ef1.jpg,【驱魔女王】赵露思到底在控诉什么？,1754373417,693,2124601063,伊凡Irfan,https://i1.hdslb.com/bfs/face/23efb841e64944c20113c5c9fd3d0d3a680a482d.jpg,68109,"抑郁症,吃瓜第一线,解约,驱魔,炒作,抓马,恋人,赵露思,银河酷娱,网暴",138942,890,968,680,742,602,0,0,3737
BV1HKh8zSE24,114958641794843,1,219,2168,汪星人,狗,http://i0.hdslb.com/bfs/archive/a1c0523adc4ed8a38bf2b0b8a0c6ba5a6adeaabc.jpg,今天吃 小狗版钵钵鸡~,1754129890,142,3546632234732329,-豆腐好吃吗,https://i1.hdslb.com/bfs/face/c49f1d640e487cafea188e91617baf6364642eab.jpg,150470,"博美,吃货,钵钵鸡",203084,194,328,2329,560,2123,0,0,21943
BV1qthVz8Em9,114964882857043,1,47,2037,同人·手书,同人动画,http://i2.hdslb.com/bfs/archive/eb103100da7e1858eb0d62c02d33cec33b76e4fb.jpg,你成为了雷杰多的人间体 来到原生之初去教育土著P37,1754299800,672,1415483599,磷火动漫,https://i1.hdslb.com/bfs/face/661e0d82e5a2bb135ab6db4e0a28fc12aa272888.jpg,946059,"小说,奥特曼,磷火宇宙,原创漫画,雷杰多奥特曼,爽文推荐",784486,2464,732,25525,4009,151,0,0,29904
BV1vxt3zGEgx,114970637374958,1,171,2070,电子竞技,MOBA游戏,http://i1.hdslb.com/bfs/archive/30d18bd6af4f43b6081379c473ae5e2dde4b6826.jpg,【IEM科隆 数据雷达图】绿龙新阵容首秀即夺冠！,1754312975,378,270622470,神秘猫头鹰,https://i0.hdslb.com/bfs/face/a9429bc953851082df09b15691d56bca0dc60de5.jpg,57055,"FPS,原创,电子竞技,赛事,IEM科隆,donk,绿龙,雷达,数据,京介",418328,5903,2812,3451,11923,1563,0,0,21642
BV1qvtJzMEgB,114976022856098,1,65,2071,网络游戏,射击游戏,http://i1.hdslb.com/bfs/archive/b6d8fc875d92ec0d2db9c586ec65c02039dc766c.jpg,CJ最酷的展台，瓦手展台到底多好玩？！,1754398886,267,235630215,国电武术馆馆长,https://i0.hdslb.com/bfs/face/1c473f95562cb50c8f94291ed6373da6281e5b64.jpg,2173082,"手游,电子竞技,游戏杂谈,FPS,无畏契约手游,无畏契约,无畏契约端手大展台,无畏契约手游定档819,Chinajoy,推荐宝藏游戏",179055,263,46,4349,4346,984,0,0,8338
BV1iXh5zwEoA,114965906202366,1,218,2168,喵星人,狗,http://i1.hdslb.com/bfs/archive/ce9201875c2bd3058a2a2a64ccad1a451c8aa85e.jpg,两个月不见，家里的宠物激动坏了,1754241775,535,314866867,佚村夫,https://i1.hdslb.com/bfs/face/b830d72b684c7a00f9070c947e88d54fccee6c56.jpg,433943,"治愈,喵星人,汪星人,田园生活,中华田园犬,宠物,猫狗双全,农村小院,萌宠过暑假",928748,854,581,12072,3727,168,0,0,23895
BV1TchnzwEkW,114951997890406,1,22,2063,鬼畜调教,鬼畜综合,http://i2.hdslb.com/bfs/archive/b4e9194b74342dee5c0e7988dc48d79ff8fa0eea.jpg,憋笑挑战！！蛋宰派对！！,1754028422,57,3546760133741060,MC贝勒,https://i2.hdslb.com/bfs/face/09d9e08063d5ae49b03235dce0fd245828ecc7d4.jpg,160492,"歪果仁,娱乐,万恶之源,高能,配音,恶作剧,派对,挑战,男人,鬼畜星探企划",3034067,3890,498,9488,2086,1582,0,0,79303
BV1XAhKzYEv3,114961225358464,1,172,2064,手机游戏,单人RPG游戏,http://i1.hdslb.com/bfs/archive/8bf53ea116b8f3333dc675e50302b5b13d0e23f8.jpg,笑了要带萌萌香私奔.zip【明日方舟墟】,1754186400,128,1411873097,Q弹的羽Q,https://i2.hdslb.com/bfs/face/91bf6edd233dfef1b2a5ba88fec1f8300c0e0a51.jpg,60299,"明日方舟,萌萌香,斩业星熊,遥,MEME,夏活,exe,墟,整活,明日方舟创作者应援计划",249549,414,486,4979,1048,1834,0,0,27643
BV1tNhVzLEF4,114965134446325,1,27,2041,综合,动漫剪辑,http://i2.hdslb.com/bfs/archive/f2036493a7a4bec55ae3ba4cbe29f4931da481cc.jpg,退无可退何不向前放手一搏？,1754229013,16,1987097349,凡人不漫剪,https://i0.hdslb.com/bfs/face/0d4108fa2a2fed0a584ea408914c37e590ece4ed.jpg,178010,"吉良吉影,不灭钻石,杀手皇后,jojo的奇妙冒险",502718,283,2040,11262,790,1385,0,0,50893
BV1pXtVzYE7R,114971174439916,1,21,2001,日常,影视解读,http://i1.hdslb.com/bfs/archive/a8d2ac3e200a5eca9a963cf8d1d9242b74286c9d.jpg,三国杀up锐评新三国145：呱，公子啊，不是我刘备害了你……,1754359200,1250,8878219,吃蛋挞的折棒,https://i1.hdslb.com/bfs/face/de18d4ff5c0b5dc4c76a56a4ffde6bee9cea6bef.jpg,661717,"三国,三国杀,三国演义,新三国,影评杂谈",304137,5994,2030,1924,11147,273,0,0,16879
BV1S78BzJEej,114942015442793,1,47,2037,同人·手书,同人动画,http://i0.hdslb.com/bfs/archive/1c55cdfdeaf0fdde1fae90cac46dc685cccc7900.jpg,【乌合之众同人短片】傻子,1753876106,96,383128707,为了我活下去,https://i0.hdslb.com/bfs/face/9017c6baf09899d1c0143b7d56276c8cf0381d17.jpg,295021,"短片,手书,同人,乌合之众,秦小南",650230,223,1116,41157,16397,3301,0,0,106709
BV1BshVzaE8A,114964983515674,1,26,2063,音MAD,鬼畜综合,http://i1.hdslb.com/bfs/archive/debbdd4875422e319e90aa5b6cfeb5168d1c3199.jpg,【音mad】伪物,1754226492,106,628012348,捧读魔术师,https://i1.hdslb.com/bfs/face/8d698b0c3e7b2b90c11f15cb2acb55f763c8dd7f.jpg,1565,"音MAD,フォニイ,phony,模拟恐怖,曼德拉记录,模拟搞笑,伪人",701402,742,614,14770,4562,1556,0,0,66787
BV1gthNztEpy,114959195314380,1,65,2037,网络游戏,同人动画,http://i2.hdslb.com/bfs/archive/ce6120fa2d2a1f1f1f84b4e88c6eb1b2e0857eba.jpg,《我的总裁怎么这么难吃》,1754138348,169,3493268906052571,XA小业专,https://i1.hdslb.com/bfs/face/67fbf0759ac8549310f7e3976f97ef896eda14eb.jpg,202613,"三角洲行动,三角洲破壁新赛季上线",608434,279,316,8183,603,205,0,0,30000
BV1qvtJzMEM1,114976022856151,1,17,2079,单机游戏,其他游戏,http://i2.hdslb.com/bfs/archive/330e4a91604e0ffceb3367027888381e54cfae56.jpg,【60重置版】卸磨杀驴！,1754396220,1197,19663740,牧濑红莉CCC,https://i0.hdslb.com/bfs/face/3ad70245ef83341fde37a424eeff16445b6909f2.jpg,88114,"催眠,搞笑,娱乐,单机游戏,主机游戏,60秒重制版,电子榨菜,沙雕,steam游戏,整点电子榨菜",67484,890,265,1018,754,64,0,0,4596
BV1KR8Cz8Exb,114947182824749,19,172,2064,手机游戏,单人RPG游戏,http://i1.hdslb.com/bfs/archive/a8e9b8f3ead04f28e665421641c74c3d73ee90f8.jpg,【原神宝箱全收集】纳塔5.8(成就数169)悠悠度假村/精准分类/路线规划/纳塔宝箱攻略/火之印获取途径/原神5.8,1753955162,8275,431073645,你的影月月,https://i0.hdslb.com/bfs/face/2e32de7b28fc491a28281a22c6ea9f5d195cbdf5.jpg,8929347,"原神5.8,原神5.8版本,纳塔宝箱,游戏攻略,隐藏宝箱,游戏鉴赏家,原神,原神高能团",863176,2828,558,10601,4704,865,0,0,13952
BV1EMhAzYELy,114941596014114,1,76,2152,美食制作,美食记录,http://i1.hdslb.com/bfs/archive/78407d0aebc77e3b741d5b3d938259c200c4e1b3.jpg,小伙在北京打工挣到钱了奢侈一把吃麦当劳汉堡炸鸡，真开心,1753869721,348,272654283,咸鱼梦想家vlog,https://i0.hdslb.com/bfs/face/567a3dfeeddcfb96ae643bc3d8f6c5e5587830e0.jpg,2530441,"生活记录,记录我的美食日常,外卖,麦当劳,炸鸡,汉堡,出租屋",958676,2366,1103,16750,4847,1395,0,0,67514
BV1fGh8zyEXy,114958574617870,1,228,2002,人文历史,影视剪辑,http://i1.hdslb.com/bfs/archive/892b51a87d71066c491f853161fd721b08896b16.jpg,一个普通中国日子人的苏俄革命体验游。,1754128990,1936,52238328,剑南胖达,https://i0.hdslb.com/bfs/face/30599bbd815803fabc71a86a5fcd4c122fce01ce.jpg,2223,"苏联,中国,俄罗苏,乌克兰,十月革命,钢铁是怎样炼成的,保尔柯察金,钢铁是怎样炼成",114903,218,266,3441,1212,167,0,0,13996
BV1C1tuzDEhd,114969580476265,1,17,2078,单机游戏,沙盒类,http://i1.hdslb.com/bfs/archive/e043bb5a3423226ac81302d0e1a2d7a90b4eef0e.jpg,MC加载世界时的动画，你知道其中隐藏的信息吗？,1754308800,156,510473487,电迷狂热者,https://i0.hdslb.com/bfs/face/25d17ed2257b59a7caeae77692c96c7b1945405a.jpg,57314,"MC,历史,彩蛋,我的世界,Minecraft,发展史,远古版",354565,477,802,7238,1198,562,0,0,17232
BV13AtJzcEy6,114974563306674,1,21,2080,日常,时政资讯,http://i2.hdslb.com/bfs/archive/b11bf85ee7e8f292840efc8a9491a675f2a845cb.jpg,纪录片《县乡治》,1754380800,4776,473837611,新华社,https://i1.hdslb.com/bfs/face/396b93a7f619882afa711879dbf2cb98a40e7367.jpg,18696167,"中国,纪录片,县乡治,新华社",70305,65,122,2512,872,318,0,0,5856
BV1Hmh8zDEDm,114958524220863,1,208,2084,校园学习,应试教育,http://i0.hdslb.com/bfs/archive/8c1bba027fed24761eff821a1001973b65ba5222.jpg,一个视频彻底讲明白「最抽象」的物理量，电势能&电势,1754128463,5345,3546695694551936,一物儿,https://i2.hdslb.com/bfs/face/9ef3ea1530ae094b48f53958c2175e268ae43428.jpg,1347602,"高考,物理,高中物理,bilibili高考季,高中,电场,电势,电势能",188214,579,340,9844,1325,556,0,0,23777
BV1434RzmEJb,114977331484233,1,17,2078,单机游戏,沙盒类,http://i0.hdslb.com/bfs/archive/f977e6417dda332274fb3ad2cb78ed37c94a1485.jpg,超级困难生存???!被虐昏了!!!「天门接力畸变1」,1754438400,2037,84130356,夏天y,https://i0.hdslb.com/bfs/face/2139ba40f33a5977675e209a66896c4c3fe3eeb5.jpg,1510394,"沙盒游戏,MC,我的世界,单机游戏,惊变生存,像素风,多人游戏,沙雕,夏天y,推荐宝藏游戏",243884,1938,814,11666,29204,276,0,0,46464
BV1R2hgzSE6u,114964295648696,1,17,2078,单机游戏,沙盒类,http://i2.hdslb.com/bfs/archive/f4e4d7a263026b29b04ede986dca07d1003fd647.jpg,谁是卧底6 ？！！！,1754269200,1134,108078209,沝沝DjKO,https://i2.hdslb.com/bfs/face/22841a628aaa7f60f767ca66b5bc83b682bfc9d6.jpg,1142107,"沙盒游戏,狼人杀,游戏,MC,我的世界,搞笑,单机游戏,minecraft,谁是卧底,推荐宝藏游戏",687734,7111,1352,9164,8419,535,0,0,56816
BV1H3gVzUE8A,114891063041258,1,27,2041,综合,动漫剪辑,http://i0.hdslb.com/bfs/archive/57e0dbebb1e9d400b64255a22b2563d88447cc2e.jpg,《天津小猪妖 逃离浪浪山》,1754107200,165,13199099,植物椿,https://i2.hdslb.com/bfs/face/1cf19c181f366cb741b21152f5a1b1b17ea572da.jpg,1942048,"天津话,搞笑,动漫,短片,影视剪辑",1604730,497,855,4962,5541,4273,0,0,42637
BV1T6h8z4ELK,114958339807315,1,17,2073,单机游戏,动作竞技游戏,http://i0.hdslb.com/bfs/archive/993df81f291a5a164011eda711f1039a92696e0b.jpg,【速凌】怀揣哥？你这是干嘛啊？？,1754126828,466,3546875066059052,高司令-速凌电竞,https://i2.hdslb.com/bfs/face/8119a560bc06a6436665606570a7332cb0756a89.jpg,1272535,"游戏实况,FPS,永劫无间手游,速凌电竞,永劫手游张起灵,永劫手游古墓夺金,永劫无间张起灵麒麟回响,三角洲,沙雕,高司令",4723208,49580,4982,54314,17475,10079,0,8,247380
BV1NT82zcELQ,114947552121503,1,201,2094,科学科普,科学科普,http://i1.hdslb.com/bfs/archive/90662c2fdff60610b03c0c56fa85cbebb8434f7a.jpg,被刀捅了该如何生存下来？,1753961095,211,379247856,好奇心会社,http://i0.hdslb.com/bfs/face/7120acf78b6b9e637b9f6f5f3ad5f284ef99c198.jpg,1166494,"武器,物理,生物,科普,科学,实验,燕云十六声,在燕云暑期版本安家了,燕云新武器唐横刀,器官",5061471,2878,1900,40890,2522,2597,0,70,100203
BV1WJhLzCELY,114965537102265,1,172,2064,手机游戏,单人RPG游戏,http://i2.hdslb.com/bfs/archive/0833192832e34f90a586b553cd894b5b0d0afecd.jpg,【声优整活】我的爱丽丝终于说出了那句台词!?,1754280900,22,11253297,多多poi丶,https://i0.hdslb.com/bfs/face/966b61d56511813052cfca8b0cb2ff7426165404.jpg,3033263,"JOJO的奇妙冒险,声优整活,绝区零UP主激励计划,银色战车,爱丽丝,波鲁纳雷夫,jojo,绝区零",469033,218,1045,8745,2536,4219,0,0,71489
BV1Znh3z4E9U,114964127944540,1,17,2078,单机游戏,沙盒类,http://i1.hdslb.com/bfs/archive/1b40c0a87993f399996ec7f0a27a776e23922fbb.jpg,“挑战跑酷不踩到绿色”,1754213608,160,599112147,清烛MII,https://i0.hdslb.com/bfs/face/9b3c938d35fa410a383f236af6603d1347277cd6.jpg,53390,"我的世界,无缝剪辑,混剪,沙盒游戏,Minecraft,挑战,卡点,像素风",224922,885,678,7892,7438,476,0,0,37948
BV1Cq4dzUEmj,114978271004135,1,17,2078,单机游戏,沙盒类,http://i1.hdslb.com/bfs/archive/c331be805a91c9cb92ae12b2e3601af6f9a31a8f.jpg,铜矿产物再更新 我的世界 1.21.9新版本介绍 25W32A,1754429495,543,686127,籽岷,https://i0.hdslb.com/bfs/face/7efb679569b2faeff38fa08f6f992fa1ada5e948.webp,4995761,"单机游戏,沙盒游戏,MINECRAFT,我的世界,籽岷,1.21.9,25W32A,新版本,介绍,推荐宝藏游戏",140374,661,957,1167,1564,1073,0,0,13508
BV13ehpz7E9j,114954346761351,1,17,2071,单机游戏,射击游戏,http://i2.hdslb.com/bfs/archive/dfa69b24b50641998c9fb9a853a3d42561e6aa37.jpg,那些无法超越的天才游戏设计！（枪皮篇）,1754107200,117,129240403,燃茶哥哥在此,https://i1.hdslb.com/bfs/face/6f4fe2e98d424dacb18ff47f5c61654c1f38ffeb.jpg,1876001,"战地,我的世界,单机游戏,COD,游戏,黄金AK,龙狙,cf,cs2,手指枪",1173981,403,538,19807,672,153,0,0,38583
BV1Vut5zDE4a,114970989694036,1,228,2094,人文历史,科学科普,http://i0.hdslb.com/bfs/archive/90a08e1304656ef05c2a1dbb0b5544567895f4df.jpg,大问题：因果关系的本质是什么？,1754386500,3982,1871365234,大问题Dialectic,https://i1.hdslb.com/bfs/face/6b975209aec2c4d040501bfc965ee84607288502.jpg,686841,"科学,哲学,因果,康德,休谟,珀尔,万物研究所",77218,856,680,4606,2418,398,0,0,4164
BV1fwhGztEBZ,114963406396717,1,76,2149,美食制作,美食制作,http://i2.hdslb.com/bfs/archive/b6997275880350f31a964b0e87c1b86e837af265.jpg,酸甜不腻 糖醋里脊,1754202463,73,11429061,夏叔厨房,https://i0.hdslb.com/bfs/face/2dfc2cbe4222e163af6d405ad4d2f728fe4d0e55.jpg,4411147,"美食教程,美食制作,厨艺,夏天,美食,烹饪,番茄,分享,糖醋里脊",318577,100,398,16178,1072,1586,0,0,32503
BV1RstFzVEzg,114980082947257,1,172,2069,手机游戏,即时策略游戏,http://i0.hdslb.com/bfs/archive/bf36af41660b6f0719036c0db54925da8bf4a30c.jpg,不带赢不了？使用率高达百分之99的逆天炉子！,1754457353,1162,3493113414814567,高子巷,https://i1.hdslb.com/bfs/face/f4471a78f322efd8b1e1df3421c55fefd84bc367.jpg,346324,"皇室战争,高子巷,石头人,必剪创作",77154,699,1227,725,1229,165,0,0,9702
BV1hLhHz6EmB,114953323289514,1,176,2154,汽车生活,剧情演绎,http://i1.hdslb.com/bfs/archive/dd24006c6b597d94453317692511207e6d1e4e2b.jpg,环游王者把家归，小小侄女身后追~,1754190300,121,1194144659,车小白-,https://i2.hdslb.com/bfs/face/9cc5a0aae824ee21051aae1ecb7a17a3a7e1c460.jpg,108568,"乌尼莫克,房车,姑姑,环游世界",492156,268,314,1447,657,167,0,0,36298
BV1yxhgzPEmS,114962315874115,1,162,2037,绘画,同人动画,http://i2.hdslb.com/bfs/archive/ed1920006982196b59083f4dbb55d57877fdf8a9.jpg,鞭尸是错的，除非…,1754185908,61,1698887557,--霖岚--,https://i1.hdslb.com/bfs/face/708c6c65a84dedb17ae33a6bf8bbb28f55007328.jpg,65858,"第五人格,鞭尸,必剪创作,第五人格庄园纳凉夜",647418,246,1049,16814,3427,4552,0,0,82431
BV1A8tGzbEiA,114970268278550,1,253,2042,动漫杂谈,动漫评论,http://i1.hdslb.com/bfs/archive/1aa6e211a0e82fa21e09ffe786d3d9a82d3b3fa5.jpg,洛克斯两颗“传说果实”是什么？威胁伊姆和圣地的力量！！神之谷之前的阴谋预演！海贼王1156话细节伏笔分析！,1754308800,670,488779255,动漫作业本,https://i1.hdslb.com/bfs/face/cef5ab0106a79aa442efbc63c4d0bca29707eeb1.jpg,1614041,"海贼王,发现宝藏动漫,溪木源航海王男士,香克斯,恶魔果实,路飞,蒂奇,巨人国,艾尔巴夫,洛克斯",373926,761,915,1079,997,266,0,0,13588
BV1hX81zzEJw,114947971421363,1,65,2071,网络游戏,射击游戏,http://i0.hdslb.com/bfs/archive/ddacd64d7d25cea5d68c916f3113bb42a285f19e.jpg,《睡前必看asmr助眠》,1754013600,205,669062951,残月手速亡,https://i2.hdslb.com/bfs/face/e9383fcf3853cd32db2cfc47e1ca5f8674da8d80.jpg,311440,"穿越火线,asmr",823636,1227,646,3940,592,1470,0,0,38637
BV1XJ8kzeExs,114945739982077,1,138,2154,搞笑,剧情演绎,http://i1.hdslb.com/bfs/archive/fee2cd9bd30867e904464e6ac1ce6a1259566cdb.jpg,谋事在人成事在天,1753934447,150,375312438,赵老板创业记,https://i0.hdslb.com/bfs/face/cc234df8ab000658ebb320b6818cc46dbdaf90c6.jpg,28732,"原创,创业,正能量,短片",414335,299,364,1637,1172,180,0,0,29092
BV1mqtnzdEeS,114975603561929,1,176,2106,汽车生活,汽车测评,http://i1.hdslb.com/bfs/archive/6306dcb3850ae32c4de15e129b6219cfbc2e2773.jpg,横跨五个省份 2000KM 只为吃这个东西？,1754390438,2945,1599697382,玩车日志CarsJournal,https://i2.hdslb.com/bfs/face/245e4cfb4a5f72b5c8212a3e29bcb1b9988cba10.jpg,336761,"雷军,吃播,汽车,小米,YU7,小米汽车,广西,自驾游,酸嘢,小米 YU7",75137,686,363,2609,6228,140,0,0,8240
BV1d78yzCEVr,114946931164585,1,228,2089,人文历史,时政解读,http://i0.hdslb.com/bfs/archive/7c487bcfcf22310e6c9d1920055e0a37bbca7343.jpg,本拉登的硬盘数据有多荒诞？！,1754019136,970,16243913,Solo审判日,https://i2.hdslb.com/bfs/face/262d0c87c5854a6e5b05a90e315c6ce9cad1ec57.jpg,456649,"李小龙,反恐精英,奥巴马,美国,唐纳德特朗普,人文历史档案馆,本拉登,911事件,基地组织,中央情报局",931628,1393,1940,10402,1463,1033,0,0,27155
BV1N9hVzkEjK,114964597579385,1,172,2071,手机游戏,射击游戏,http://i2.hdslb.com/bfs/archive/80c18c1d1dca19e4500f69f743c3947d12735e1a.jpg,难言x：开局一把枪，装备全靠抢,1754220789,319,28440054,难言言x,https://i0.hdslb.com/bfs/face/590588c2e34219cc55859ef2c4046588dd4544ce.jpg,1599526,"手游,FPS,和平精英地铁逃生,吃鸡,难言x,和平精英",2779867,554,231,14414,817,111,0,0,21056
BV1x4t5zuEFn,114971140754683,1,21,2197,日常,其他vlog,http://i0.hdslb.com/bfs/archive/8b575bd8b0d1b43aa2f9794bc5d0a64ae36c9b08.jpg,依旧凌晨一点,1754321675,166,3546899950864647,我要睡觉-1589,https://i0.hdslb.com/bfs/face/2549d9d42ff0324b76d6e7e21eb44e1bcc9df315.jpg,213833,"原创,生活记录,记录",621532,322,440,9417,1309,391,0,0,21249
BV1Qh82zkEdN,114947283489834,1,161,2104,手工,自制发明/设备,http://i0.hdslb.com/bfs/archive/8e8d593830caffa91dc2cf122ccabab7f00c27e6.jpg,如何用3D打印机炒一盘好面,1753956554,41,144741271,有猫饼工作室,https://i1.hdslb.com/bfs/face/68bceee223a51a3959f33f4a7c2eff8ab075c919.jpg,111125,"3D打印,3D打印机,创意,DIY,Polymaker,打印失败",2990928,81,237,16452,567,459,0,0,66512
BV1DAhLzsE81,114966057257641,1,17,2071,单机游戏,射击游戏,http://i1.hdslb.com/bfs/archive/80cf2efe2c438821c368cf23feb6944f35a5f1e8.jpg,【4K·60FPS】这代战地值得预购吗？！这个视频告诉你。战地6多人模式抢鲜试玩体验（无解说）,1754246606,1753,7947131,影佑,https://i2.hdslb.com/bfs/face/868fb8bbc4ba70692e8c1ebfcd5852c5a2e0685f.jpg,498141,"射击游戏,FPS,battlefield6,战地风云,多人模式,预购,游戏试玩,战地6,Steam,推荐宝藏游戏",417589,2514,3602,1469,730,3880,0,0,7398
BV1LVtEzeEjv,114975100111885,1,172,2079,手机游戏,其他游戏,http://i1.hdslb.com/bfs/archive/d8ca94ad4665ca214ece206bae74a242d9bdb009.jpg,大失所望！奥特曼新游？不如说是半成品加氪金按钮！,1754388300,314,36336420,林虎_LinHu,https://i0.hdslb.com/bfs/face/b88c192a764f5b3737f6093a4ff613e4b7982ef4.jpg,747783,"搞笑,手机游戏,奥特曼,手游,氪金,迪迦,国产游戏,奥特曼：超时空英雄,新游试玩,整点电子榨菜",73942,222,146,1854,1574,61,0,0,6730
BV1Q6hwzQE8U,114941696742418,1,17,2079,单机游戏,其他游戏,http://i0.hdslb.com/bfs/archive/7fa9d19fceef1e929cf03c77e00577b5db967ccf.jpg,一个人开发游戏，新增《信仰射击》,1753871444,203,401334598,我真的是建筑类设计阿,https://i1.hdslb.com/bfs/face/d2b1efd37cce107d1db87f2a0721c9e283ad326d.jpg,363480,"游戏开发,第一视角,游戏,游戏画质,游戏日常",827459,529,1360,6549,8382,314,0,0,79681
BV1pw8yzREz1,114946763459251,1,162,2057,绘画,绘画学习,http://i0.hdslb.com/bfs/archive/52ec220de4bad5129a419d3b0fd3e3c9f2f9bdc7.jpg,不废话，学,1753948685,71,99026839,舒雅ya,https://i1.hdslb.com/bfs/face/78638e57bc16529355a4e52ae1fc917f3045066e.jpg,10739,"上色,金属,绘画,PROCREATE,绘画教程",1042689,3498,1094,80588,34644,4567,0,94,167198
BV1bch3zgEUQ,114964345920275,1,124,2088,社科·法律·心理,社会观察,http://i1.hdslb.com/bfs/archive/173acf7fe51931270c6baac44cee0e513bb12209.jpg,爱康：别指望几百块能查出所有病来！公关：不敢睁开眼……,1754217461,969,278761367,唯一讲述者,https://i2.hdslb.com/bfs/face/532a528291d743b0abf06e9aa742d51602f8dcfa.jpg,1687234,"社会观察局,日常,社会,健康,生活,知识,爱康国宾,体检,公关,张晓玲",656778,5026,3999,3425,2037,1617,0,0,27941
BV1JB8mzoEpB,114948692776302,1,193,2020,MV,翻唱,http://i1.hdslb.com/bfs/archive/3464d2bdc09eca6426d71a7b09c32d28cf442b48.jpg,Nina《one spot》草原版 cover沈佳润,1753978001,225,3546810842876797,TH彼岸花,https://i1.hdslb.com/bfs/face/ef00ce22800adf5ebd6da0e14802c9205c2913ff.jpg,9768,"音乐分享官,翻唱,COVER,美美桑内,Onespot,草原,Nina,沈佳润",175616,380,791,4522,5403,1276,0,0,20273
BV1hdhHzVEwH,114952685817362,1,65,2071,网络游戏,射击游戏,http://i2.hdslb.com/bfs/archive/8ec3355cef7e3f81b8d5828d35e84d1ce6ea0b48.jpg,在撤离点摆出大家的头像会发生什么 3.0,1754038879,154,384352445,巴巴巴龟,https://i2.hdslb.com/bfs/face/b62b93d335ffc27b26dd9b9d909f064720072c68.jpg,45599,"FPS,皮卡丘,蹲撤离点,三角洲行动,摆图,三角洲破壁新赛季上线",636231,299,1592,2147,2000,192,0,0,49000
BV1uchszmEUA,114955806312566,1,171,2071,电子竞技,射击游戏,http://i2.hdslb.com/bfs/archive/162ebd4580af2b9789f4074832e86d4f7856db8d.jpg,三个被缴了枪的鼠鼠，做梦也没想到，这局居然如此美妙,1754086825,228,696950948,冰茶电竞,https://i2.hdslb.com/bfs/face/67571b1cbd53f79a258b36eefbf0cf0e3febcbd7.jpg,52710,"电子竞技,射击游戏,三角洲破壁新赛季上线",1423955,408,2598,9601,734,3137,0,0,73143
BV19rtMzeEXd,114968473115559,1,172,2070,手机游戏,MOBA游戏,http://i0.hdslb.com/bfs/archive/6aa424d1679a96a4abc19de8c2257467dab648c6.jpg,⚡玩农的哪有不癫的，强撑着罢了⚡,1754279963,128,910774,木下结草,https://i1.hdslb.com/bfs/face/24ea4d5643380f6907365dbe5612bdd5c49a1305.jpg,528747,"马可,搞笑,电子竞技,娱乐,王者荣耀,黄龄一诺峡谷斗舞,王者农农农农舞挑战,梦泪,千年",465395,518,243,4100,3231,705,0,0,49927
BV1tqh8ztEuQ,114958306116091,1,65,2073,网络游戏,动作竞技游戏,http://i1.hdslb.com/bfs/archive/78286a949cea1ee8cb855bc3fb56fefaf7c50d78.jpg,七月初七 淮水竹亭.,1754132400,247,3546901792164649,春月cxy,https://i1.hdslb.com/bfs/face/563ed168d6277e974542e7a803642456b9c06df7.jpg,70341,"剪辑,决斗场,火影忍者手游,人间白首",548389,346,641,19372,11662,1349,0,0,44751
BV1dnh8zuEU4,114958759173243,1,17,2078,单机游戏,沙盒类,http://i0.hdslb.com/bfs/archive/361c42bee0253b6ca6df74f41f0b868a7bcb6981.jpg,在空岛上开恐怖生物收容所的整合包！？【空岛收容所#1】,1754133109,1325,206085081,吾乃肆玖,https://i0.hdslb.com/bfs/face/9b6818b82f6fffed51dcba2d7d14dfcac8d4ac4d.jpg,269915,"娱乐,恐怖,生物,搞笑,生存,我的世界,MOD,收容失效,沙雕,收容所",465061,2267,929,15427,5478,782,0,0,35110
BV1vnh8zuETN,114958759103600,1,17,2079,单机游戏,其他游戏,http://i1.hdslb.com/bfs/archive/4f6e7299d58f539f6e643b0f0eda33e83705c872.jpg,种田求生！当心巨型鹿人和乌鸦人，它们会在深夜出来农家乐！,1754131688,1561,2006034,吊德斯DioDes,https://i0.hdslb.com/bfs/face/731b288e385906e0a83707a02656c8857e543056.jpg,3053614,"单机游戏,小游戏,独立游戏,游戏视频,搞笑解说,搞笑,DioDeS,沙雕,吊德斯,整点电子榨菜",1026268,2257,542,33087,2942,101,0,0,31240
BV1s1huzaEGZ,114963087690707,1,65,2016,网络游戏,原创音乐,http://i1.hdslb.com/bfs/archive/13a2517c7b1789128a3a6315cb35c64333b95be8.jpg,以防你不知道新活动的主界面曲和某个歌很搭,1754197748,86,299375311,SkyF_,https://i1.hdslb.com/bfs/face/854937d8035ef5f7256622ba51d62420666a2d64.jpg,1054,"音乐,混曲,Mashup,明日方舟,艺术,塞壬唱片,揽佬,大展鸿图,冰",201630,4995,828,5681,1123,11617,0,0,26554
BV1vrtJzPEsc,114976224188194,1,244,2020,音乐教学,翻唱,http://i2.hdslb.com/bfs/archive/dbc6ce9769ab4e0430b0f85f98caa75ac62ece1b.jpg,K歌软件高分翻唱水平到底如何？【2.0】,1754398280,936,540564177,Jason-老湿,https://i0.hdslb.com/bfs/face/18b51273dd2714f34ca504c47cbbefaeb24c96f7.jpg,2637626,"高分,唱歌,翻唱,粉丝处刑,K歌,全民K歌,歌曲教学,Jason",158034,2020,453,1893,808,151,0,0,7411
BV1qThWzREtB,114954044907056,1,229,2091,设计·创意,设计艺术,http://i1.hdslb.com/bfs/archive/f0a9ff89a5962239a28ef3ba0361b27e50b9edde.jpg,我给花朵加了个开关！,1754059601,16,14615865,是玉木呀,https://i0.hdslb.com/bfs/face/b375c5e72b34b598537c8c5a9d73a48ba361e2b7.jpg,130341,"创意,花卉,动画,插画,互动,字体设计,万物研究所",1328329,351,1142,23329,2680,2518,0,0,121761
BV17ZtuzkETq,114969714628029,1,251,2166,三农,农村生活,http://i0.hdslb.com/bfs/archive/7ce6522e0255fb725b17aaaca58f8c09fd61cd56.jpg,爱你，老姐......,1754308800,308,143845192,念叁叁叁,https://i1.hdslb.com/bfs/face/3e9a9ed8cf8b0c7221b3e810d9e1e8ff7e6cf7b9.jpg,261971,"用星露谷开启我的农村生活,萌宠日常",273904,434,418,2352,1311,466,0,0,46733
BV1sHhJzZEkq,114952215989221,1,222,2171,小宠异宠,动物综合·二创,http://i2.hdslb.com/bfs/archive/9dd5eba64aa0c2c3d3c2b016467097e9e38fd36a.jpg,1000种生物混战，河虾大军灭三大天魔，六仙域残党险些再次团灭！｜【黑暗森林3】,1754042858,742,14556547,蔡武年,https://i1.hdslb.com/bfs/face/26476ff94e664738495ef2fa219459096e5ffa20.jpg,637704,"黑暗森林,福寿螺,天魔,河虾",3533373,1845,1543,46446,38762,2261,0,27,139870
BV1v4tVzJETF,114971459455757,1,17,2071,单机游戏,射击游戏,http://i2.hdslb.com/bfs/archive/38ca449e91242021c5e03ae58642984db00925aa.jpg,射击游戏能有多好玩？,1754364000,224,472733310,小布敢,https://i0.hdslb.com/bfs/face/bedafae7a71b62d2c2a2bca554ccbc7b27a8cfaa.jpg,895829,"游戏杂谈,联机游戏,FPS,游戏,无畏契约,三角洲行动,游戏推荐,暗区突围,推荐宝藏游戏",170189,4417,377,3229,2086,929,0,0,15061
BV1am8CzNEtf,114947266778880,1,17,2079,单机游戏,其他游戏,http://i2.hdslb.com/bfs/archive/034d1980b2f04dfaae36588dcb3afca637662f46.jpg,现实主题恐怖游戏，赌博是如何摧毁一个家庭的？,1754019000,4397,562197,中国BOY超级大猩猩,https://i0.hdslb.com/bfs/face/ffb50dd4e712386eb888030ebc6f4aea3a65cd8e.jpg,10534957,"游戏实况,惊悚,游戏,恐怖,steam,模拟恐怖,Pikabuu:Stop,现实,赌狗,推荐宝藏游戏",1128900,26532,2981,22532,48500,3483,0,76,79083
BV1Ut4dzREKX,114976425510328,1,47,2037,同人·手书,同人动画,http://i1.hdslb.com/bfs/archive/f84400f51f8569b39f2db7778fe51ade9c4ab49a.jpg,第七十八集 普宁街道,1754401349,287,217965805,吃橙子不吐程子皮,https://i1.hdslb.com/bfs/face/4b7f7867a8532b90cd1b1d0507b1966bd77464f7.jpg,759227,"诡异,原创动画,UP！原创动画,微恐怖",175026,774,862,3410,4064,215,0,0,17253
BV1LvtMzzEUj,114968271849593,1,172,2064,手机游戏,单人RPG游戏,http://i2.hdslb.com/bfs/archive/7f398c348b714621ecac249d371d22134c809b81.jpg,三人成神打进梦幻比赛前一百强！喜获千万奖金,1754280000,529,450882837,一叮当猫一,https://i0.hdslb.com/bfs/face/d1860f1dc772903037f0048c149b2b445e6bcc74.jpg,1765562,"童年回忆杀,怀旧,梦幻西游全民PK赛,MMORPG,回合制,梦幻西游手游,梦幻手游",281109,149,174,2712,2572,1052,0,0,11251
BV1LyhHzDEkz,114952736082015,1,250,2126,出行,户外探险,http://i0.hdslb.com/bfs/archive/5be3a9ac91f7b61c3e4b5a9ed7b44fbe86229655.jpg,上个世纪的食物保存至今，夜间探索辽宁鞍山一座荒废的娱乐中心，热闹非凡的一晚,1754044200,1245,297136,孙探长笔记,https://i1.hdslb.com/bfs/face/41b5349307024ec68509088f3bc1774989bf7c73.jpg,698953,"美食,探索,东北,娱乐,辽宁,鞍山,户外",348104,4124,962,6224,4191,1014,0,0,17648
BV1qEh8z6EYT,114958775884788,1,47,2037,同人·手书,同人动画,http://i1.hdslb.com/bfs/archive/7e4060fd53279bbf0dd75261e37f60d7d000c296.jpg,3亿3亿~~鹿野宝宝我们爱你,1754131989,34,5714152,鱼丸公公,https://i1.hdslb.com/bfs/face/915328288fa816441294366ab4deb9facbe46107.jpg,113918,"无限,罗小黑战记,罗小黑战记2,鹿野,师姐",448857,242,975,20927,15461,3751,0,0,146102
BV1Bht7zAE3B,114973153956948,1,20,2028,宅舞,宅舞,http://i0.hdslb.com/bfs/archive/741a766731f62ebcd0f4745cb2075e7a8a7a87af.jpg,【徐娇】未闻花名Secret Base～生日作～自唱跳【原创编舞】,1754351280,146,6870383,海獭娇娇娇,https://i2.hdslb.com/bfs/face/7b210f2e81fbec726735cb9356a5910c81da7cc0.jpg,573461,"未闻花名,宅舞,原创编舞",799787,2503,2208,3906,12527,685,0,0,43420
BV1fXtnzyEuL,114975234327710,1,253,2042,动漫杂谈,动漫评论,http://i2.hdslb.com/bfs/archive/831526b3b0e8a2f50804dfa85ae1dddd2e2351b7.jpg,只有逆天，没有人类！这部动画到底是给谁看的！真是一场酣畅淋漓的赤石啊！,1754392200,1123,49256130,不知枫叶,https://i0.hdslb.com/bfs/face/40a24491886d30a511e554539446f8d6a38cf26f.jpg,747534,"动画,动漫,逆天,动漫杂谈,美食,搞笑,动漫解说,名场面,烂番吐槽,国王排名",571291,6878,3593,4540,1974,2966,0,0,22291
BV1WPtnzEEJr,114975771202777,1,85,2154,小剧场,剧情演绎,http://i0.hdslb.com/bfs/archive/b8160e79060c8696801e04c9ce60d7eb649deabb.jpg,陈翔六点半：你们说这是脑子的问题吗？,1754391319,212,19286458,陈翔六点半,http://i1.hdslb.com/bfs/face/aad3b1bb735d2bd4066805f2a84892644fad8e2a.jpg,3219996,"陈翔六点半,搞笑小剧场",345746,327,380,1039,1469,259,0,0,17420
BV1ZvtJzMEzk,114976022926974,1,71,2198,综艺,休闲玩乐,http://i2.hdslb.com/bfs/archive/4a803cf7ded903fb654dd38dd6a8dd06539e34c1.jpg,我叫柯蓝，是附近有名的名蒸蛋（6）,1754449200,1282,3913194,高斯Goh,https://i0.hdslb.com/bfs/face/d4c65b5c6be3f9d845c15401173f98b130728851.jpg,5185441,"生活,推理,犯罪现场,日常,搞笑,聚会,抽象,沙雕,小潮team,整点电子榨菜",615203,21111,3021,20553,34460,1246,0,89,78366
BV1LahVzoE7t,114964899569378,1,65,2070,网络游戏,MOBA游戏,http://i2.hdslb.com/bfs/archive/83c3037d7ebf890d81dfc5277b61e25d1c5773d0.jpg,何为压迫感,1754225876,87,1711193563,南泽王者荣耀,https://i1.hdslb.com/bfs/face/aebae11f5cc3a1fc0d02d8ec3f645f8b5101120e.jpg,1258059,"王者荣耀,南泽",332649,360,642,1887,915,295,0,0,31405
BV1xShwz1EcN,114941797338808,1,171,2070,电子竞技,MOBA游戏,http://i1.hdslb.com/bfs/archive/1298101fe1c2b23286d5f54dd31e1db10e365490.jpg,盖伦：这剑姬要是没开挂我直接吃一吨！！,1753872953,170,88160614,困困君丶,https://i1.hdslb.com/bfs/face/0451880ede12cab7af87e774cad52536934b6bee.jpg,562771,"精彩集锦,第一视角,上单,LOL,英雄联盟,电子竞技,无双剑姬,操作,青钢影,英雄联盟电竞世界杯",407323,243,177,675,5755,175,0,0,24973
BV1hYt3zqEML,114970889035660,1,201,2207,科学科普,随拍·综合,http://i1.hdslb.com/bfs/archive/d784aef12aa5023f83aff03f02909ef58de245ab.jpg,特大暴雨来了：华南华北或同日特大暴雨，川渝44度高温有望略降低,1754317144,233,547072854,中气爱,https://i0.hdslb.com/bfs/face/e5f6be30a18988ed92f677e6a47a346270172081.jpg,2624792,"台风,暴雨,重庆,广东,川渝,竹节草,高温,40度,特大暴雨,万物研究所",695062,2074,4809,1537,1813,3599,0,0,33709
BV1k5tVztEY8,114971862110914,1,250,2158,出行,旅游记录,http://i1.hdslb.com/bfs/archive/9c72d1d7f4dd1884c6974ac811bdeaf99f0f754b.jpg,世界尽头的旷野仙境-“法罗群岛”,1754363100,779,10804055,蓝战非OvO,https://i2.hdslb.com/bfs/face/aa18f59c33db1256bf6e881d004232a62d767cc5.jpg,1617741,"风景,旅游,生活记录,旅拍,记录,蓝战非,法罗群岛,旅行攻略UP主激励计划",777659,3378,1574,6991,19447,4365,0,0,84282
BV1YNhJzzEzV,114952601864978,1,213,2151,美食测评,美食测评,http://i1.hdslb.com/bfs/archive/2240fcb20437cacb5eae77c91550b2b542815fed.jpg,曹式鸭脖变态辣，皇上驾崩了！,1754038192,426,24204802,赛亚人阿廖,https://i1.hdslb.com/bfs/face/74dadbae0d4d16fc70a4911e5bf57e2b69a090f6.jpg,449515,"曹式鸭脖,美食测评,爆辣,吃辣挑战",1918540,2954,1114,18649,3433,1596,0,0,72117
BV1C2t3zZEMh,114970469665501,1,193,2016,MV,原创音乐,http://i1.hdslb.com/bfs/archive/8a91174985d53a306471d410ca3116fec7115168.jpg,三角洲破壁者行动《In The Summer》【电音Remix】,1754310433,145,2036131,KiraraMagic,https://i1.hdslb.com/bfs/face/18b39493ff7e1315093a75708bd775c55470a226.jpg,311885,"电音,三角洲",127156,117,562,6704,1196,847,0,0,13380
BV1ZYhbz3EiX,114957198823266,1,85,2154,小剧场,剧情演绎,http://i0.hdslb.com/bfs/archive/4e5c8b8374cfa88cf2101e591210d9d1e3e1aa74.jpg,这钱怎么越花越多啊？,1754107898,63,284700508,主持人欧文浩,https://i1.hdslb.com/bfs/face/62b2936db76d650c50f2cfe273341bec32b9da1f.jpg,1606193,"生活记录,娱乐,段子",920960,18102,200,6158,544,103,0,0,51894
BV1JEh3zZE16,114964144594640,1,17,2066,单机游戏,单机主机类游戏,http://i2.hdslb.com/bfs/archive/81bc6fabe7008d90dfd6faee22cb7965e1686baa.jpg,罪恶都市难度提高1000倍，最难的小飞机炸大楼任务,1754215200,2328,415550560,绿帽乌龟屑,https://i1.hdslb.com/bfs/face/e3845b3ad118b24b061e4ab6c118eba0210c43db.jpg,39020,"GTA,搞笑,游戏实况,罪恶都市,难度",192439,4151,787,4024,20192,282,0,0,17886
BV1AJtMzSE1A,114968640883468,1,172,2064,手机游戏,单人RPG游戏,http://i1.hdslb.com/bfs/archive/88a3d1ba5c0ce9212ebeb7545ec575dc22231314.jpg,[Silver Chariot]！爱丽丝超详细攻略，最喜欢简的一集。,1754283477,1459,25048847,莫娜摸鱼专用,https://i2.hdslb.com/bfs/face/2aba2cd82169ed763144b9e994d645d90d613db2.jpg,377583,"攻略,4k,ZZZ CHOICE,动作游戏,爱丽丝,简爱,绝区零,绝区零攻略",82368,310,369,993,897,176,0,0,5979
BV1mvh8zfEzc,114958390071142,1,21,2102,日常,摄影摄像,http://i1.hdslb.com/bfs/archive/9c8db066817437f198003ad84dcb5013959a56bc.jpg,评论区摄影大赛之迟来的建军节篇，昨天剪太晚了所以没发，今天补上。,1754126066,108,3546741475379844,摄影恩哥,https://i0.hdslb.com/bfs/face/b497e49b5418b6c0cc18f5f3d80c6c08a1048d5c.jpg,679488,"风景,摄影,评论区摄影大赛,哔哩哔哩评论区摄影展,照片点评",1503836,16028,3664,9002,2225,224,0,0,137061
BV1xchuzaELP,114961426681389,1,59,2021,演奏,演奏,http://i1.hdslb.com/bfs/archive/1f8885aaa66f42d418a4050a0a17693249708f8d.jpg,miku miku oo ee oo,1754172237,38,22383433,馆长加速中,https://i1.hdslb.com/bfs/face/303b5c2ac65598c9f7112c96ddca0a66fdf19f9a.jpg,11050,"架子鼓,可爱,初音未来,初音ミク,大傻,fufu",314663,299,911,15025,5751,2972,0,0,77044
BV1dztgzCEim,114969060312703,1,65,2071,网络游戏,射击游戏,http://i1.hdslb.com/bfs/archive/eab22c08dbf16eddcd37e46b98af4e3ac6512c7c.jpg,是时候，去做真英雄了｜《远光84》预下载开启！8月7日双端全球公测！,1754359200,82,3494362379979305,远光84,https://i2.hdslb.com/bfs/face/fdb4d361b8a5d44610caf61a770c18068381b45b.jpg,152289,"射击游戏,远光84,远光84公测8月7日",1565589,354,901,1565,2300,435,0,0,5247
BV18rhVzDEzV,114964463422302,1,21,2154,日常,剧情演绎,http://i1.hdslb.com/bfs/archive/c2b5759bc3da2eedc803fbf7f7b9660180a0af93.jpg,美 丽 的 代 价,1754280000,60,9130832,张八筒筒,https://i2.hdslb.com/bfs/face/683b3b97648bf13641c508b9b50a2d25b87bec69.jpg,721432,"生活记录,搞笑,张八筒,best人生,抽象,猩猩队长,情侣日常",792760,343,582,1860,5195,1012,0,0,84827
BV112hnz8EJ6,114953709164838,1,21,2158,日常,旅游记录,http://i2.hdslb.com/bfs/archive/fee558916d05ed6b18ff9fab66021d3a63cb8947.jpg,台湾女生第一次到大陆旅游 心得滔滔不绝｜住了一个月的生活体验｜旅程中的美食、美景、遇到的人都让她印象深刻｜两岸｜大陆自由行 上海 深圳 四川 重庆 香港,1754056800,1616,454433355,小杰不到一百六,https://i0.hdslb.com/bfs/face/0de6190dc2ab9ba59bb71615d7bae9c79ca0daaf.jpg,92641,"台湾,旅行,旅游,两岸,上海,四川,重庆,台湾女生,深圳,寻找100个宝藏vlogger",720768,5905,1104,2621,5332,328,0,0,23501
BV1J58qzYEfM,114942971744229,1,59,2021,演奏,演奏,http://i1.hdslb.com/bfs/archive/f07bfeb278346052b329aef0f8b94ca8d0fc53cd.jpg,手碟｜《江南》完整版,1753890821,175,28385645,Hang蝶,https://i2.hdslb.com/bfs/face/64319c4bec8e90d02d72ad0994b0520724a3af08.jpg,9418,"江南,林俊杰,中国风,手碟",561260,384,1087,21117,7094,3285,0,0,74291
BV1nPhAzKEpx,114941377910446,1,228,2090,人文历史,人文历史,http://i2.hdslb.com/bfs/archive/1960b6037723362dbc78c4e8d28246dccb2a13c7.jpg,蒋介石押注美国大选期望绝地翻盘！结果。。。【思维实验室】,1753866519,1185,14583962,思维实验室,https://i2.hdslb.com/bfs/face/a3deb7c257222e55469351488877a715804029ae.jpg,7817632,"历史,人文历史档案馆,杜鲁门,罗斯福,蒋介石,解放战争,美国大选",2274158,8959,2729,30495,16604,3592,0,45,100757
BV1nn4RzrEMi,114976895274296,1,17,2078,单机游戏,沙盒类,http://i2.hdslb.com/bfs/archive/58ea88b42541bb865ac22db5d732a0421ce1470d.jpg,陨石砸脸！当场尸变！史上最阴间MC生存——僵尸启示录,1754408339,994,686127,籽岷,https://i0.hdslb.com/bfs/face/7efb679569b2faeff38fa08f6f992fa1ada5e948.webp,4995762,"我的世界,生存,MINECRAFT,籽岷,沙盒游戏,单机游戏,整合包,沙雕,僵尸启示录,推荐宝藏游戏",150954,707,616,2576,3464,1064,0,0,15697
BV176hJz1E7L,114952283101734,1,138,2186,搞笑,恋爱关系,http://i2.hdslb.com/bfs/archive/23aaeec4eded435bb0212d1e2aa1684e604e241d.jpg,7年了，讲讲我们是怎么在一起的吧,1754107200,183,660111078,鲨姐和老王的异常,https://i0.hdslb.com/bfs/face/f62521bc3d74a6b927fb52851e5c10b91565d2fe.jpg,324588,"七夕,185大帅哥,鲨姐和老王,飞利浦肩颈按摩仪,情侣日常,七夕送礼,搞笑研究所",288533,160,359,1942,1577,759,0,0,37010
BV1Nht5ziE1K,114971090359121,1,172,2071,手机游戏,射击游戏,http://i1.hdslb.com/bfs/archive/6b8196112d7ecf144eddef5ee06c3633bf9bebf6.jpg,和平的空投还是太权威了！,1754319811,69,237533871,武子弈,https://i0.hdslb.com/bfs/face/1ae588a38fa7cc7a8154ff0f46d2cf57bfc3854a.jpg,1246075,"武子弈,和平精英",731195,262,248,19350,1187,38,0,0,24015
BV16p4RzgEAf,114976878563112,1,17,2079,单机游戏,其他游戏,http://i2.hdslb.com/bfs/archive/a3a0891035cf1756661f38fae8b3e1aedaea44d9.jpg,恐龙岛大猎杀（下），江湖团周年庆火热开启，团建活动精彩不断,1754408675,2387,3493273226185448,龙岛蛋壳,https://i2.hdslb.com/bfs/face/2389ca291eaee3b0486133845af7c25e3b0c9c9b.jpg,527741,"主机游戏,游戏实况,生存游戏,游戏集锦,游戏解说,实况解说,恐龙岛大猎杀,恐龙岛,游戏搞笑,推荐宝藏游戏",358055,960,122,13792,771,16,0,0,11071
BV17RhtzMEjk,114957282705862,1,137,2014,明星综合,娱乐综艺正片,http://i2.hdslb.com/bfs/archive/7fcd7f5874f681f83db3e7dec61d7924f183df7a.jpg,【TF家族】《2025TF家族夏日运动会》DAY2,1754125200,13534,3670216,TF家族,https://i1.hdslb.com/bfs/face/1c74336b9060d40d0ccf5e8bce7c0de34526b1e3.jpg,6935338,"TF家族,夏日运动会",1664432,1248463,15269,26160,7969,1528,0,70,61050
BV1ZYtgzmEyf,114969127423452,1,253,2042,动漫杂谈,动漫评论,http://i0.hdslb.com/bfs/archive/59ba9be0cdcbcf6579d188c446110eb089b964c5.jpg,CG级画质！全新科幻国产动画能否成功？,1754301900,455,7946432,利维坦mY,https://i2.hdslb.com/bfs/face/eafd73061a55531503353e7ecf8ff9c184d52241.jpg,1728110,"动漫杂谈,群星,科幻,解析,国产动画,动画种草激励计划,国漫,国创动画,群星，我的归宿",326552,939,658,3589,1467,882,0,0,15810
BV1ZhhPziE66,114960084573166,1,65,2071,网络游戏,射击游戏,http://i2.hdslb.com/bfs/archive/752983efe437f81bbb5fa5118179543a4c1b92fd.jpg,一朵玫瑰，一颗北极星。希望被洗号的舍友天天开心,1754151950,230,1584061693,无情布兰登,https://i1.hdslb.com/bfs/face/5b18a9420c377134f1afa4108de3426141cb50ed.jpg,1029,"FPS,三角洲行动,海洋之泪,蚀金玫瑰,记录,北极星,雪豹,红狼,非洲之心,三角洲破壁新赛季上线",332099,421,1063,2942,17403,653,0,0,33052
BV15DhHz2Euo,114952668977450,1,17,2077,单机游戏,休闲/小游戏,http://i1.hdslb.com/bfs/archive/e70695de7420909cc22699746e93a65a3f0b33ee.jpg,最逆天的一集,1754038862,84,89014291,二战艺术家y,https://i1.hdslb.com/bfs/face/2b6c46aa25565b855a9d529fdbfa0fa8fefb1dea.jpg,402379,"单机游戏,植物大战僵尸,游戏,植物大战僵尸逆天版,推荐宝藏游戏",1827417,335,324,34105,1179,2718,0,0,62638
BV1ac4RzsE7Z,114977180488965,1,21,2158,日常,旅游记录,http://i0.hdslb.com/bfs/archive/f142fc41df91ac5165402822f09d1847a0cfbd85.jpg,俄罗斯二哥一家中国行正式开始 北京高楼大厦看懵了？,1754453400,514,542507083,贝加尔阿楠,https://i1.hdslb.com/bfs/face/ba79fa31cb3a4bb6efea1fc308afdce44e69ab52.jpg,841772,"北京,生活记录,歪果仁,俄罗斯,中国高铁,豆汁,高楼,中国行,外国媳妇,寻找100个宝藏vlogger",70775,865,429,616,4136,37,0,0,7794
BV1uutMz4Ed3,114968489892400,1,172,2069,手机游戏,即时策略游戏,http://i1.hdslb.com/bfs/archive/3bb3affd4250d118f64022c21bd49d007d305d19.jpg,“王从天降，愤怒狰狞”,1754280083,988,255117360,错眉,https://i0.hdslb.com/bfs/face/cafe402c80f06b8bd24c14534e37ec3b266003d7.jpg,414206,"手机游戏,策略游戏,游戏实况,皇室战争,卡牌游戏",337241,789,566,1307,1012,314,0,0,21611
BV1dVhAzFEdC,114941612922357,1,220,2171,动物二创,动物综合·二创,http://i2.hdslb.com/bfs/archive/c1e844be5c130e7bba6f4378d9758412111f88e7.jpg,那些动物们的用餐时间！,1754040600,479,43484780,蒙哥马利愛学习,https://i2.hdslb.com/bfs/face/e13340353698301f500dc66a0328d1a8e38c9e75.jpg,673840,"喵星人,汪星人,动物世界,动物,可爱动物,神奇动物,搞笑动物,萌宠日常,动物观察,萌宠过暑假",579798,942,207,4746,935,744,0,0,38584
BV1R74ZzgEb8,114979327970770,12,172,2064,手机游戏,单人RPG游戏,http://i2.hdslb.com/bfs/archive/0129d1886954c7e719318ff1f5fd898821660418.jpg,【崩铁】海瑟音综合测评：dot队新成员！武器对比+技能解读+强度展示+星魂提升！！只需等待！！,1754452800,3113,43222001,卡特亚,https://i2.hdslb.com/bfs/face/a86d2a1570f968a7aa57f7d014f7826780900372.jpg,3271333,"卡芙卡,崩坏：星穹铁道创作者激励计划,海瑟音,海瑟音强度,海瑟音测评,海瑟音dot队,海瑟音综合测评",191707,1638,1502,1436,2379,977,0,0,15003
BV1CShnztEdU,114953608501840,1,212,2150,美食侦探,美食探店,http://i1.hdslb.com/bfs/archive/df3b7b7da5339974ba3fdd1d7f2f484ddf478848.jpg,日本人为了让你多点几串烧鸟有多拼,1754053134,313,1062138057,在日本摸鱼的小超人,https://i0.hdslb.com/bfs/face/2bd8156ed92d7427a1d43dcdb1371ea0c5924216.jpg,838815,"日本,外国人,烧鸟",1719762,1560,1411,3585,1862,529,0,0,66420
BV1uRhJzKEDb,114952064992961,1,182,2001,影视杂谈,影视解读,http://i2.hdslb.com/bfs/archive/df9993cb4e328fba34d5f37bcc261bae5ceee584.jpg,超燃电影《全民超人汉考克》，超人不一定是超人，也可能是小调皮,1754038800,550,73528331,摩斯神探,https://i2.hdslb.com/bfs/face/7a3ccfa2d021bc1212ffdd5ea637d098a1475d9f.jpg,3191021,"电影解说,超级英雄,超人,科幻,转转回收,转转",7229191,1962,1389,21855,2142,259,0,27,113914
BV1KV8XzJEfo,114934952236858,1,17,2078,单机游戏,沙盒类,http://i0.hdslb.com/bfs/archive/c7fa25d1078873c664aec05bdd953889aa00523a.jpg,尽力了 尽力了,1754211600,314,3494361318820182,冰-C,https://i0.hdslb.com/bfs/face/6a5b0985cec56741e3b20cedf97355a3c67ef0cb.jpg,737650,"沙盒游戏,娱乐,游戏实况,MOD,实况解说,我的世界,沙雕,像素风",631081,445,222,6408,575,183,0,0,29938
BV1528mzHEPp,114948675997653,1,21,2183,日常,助眠视频·ASMR,http://i0.hdslb.com/bfs/archive/bf3afa2a6196e33d2bd031e68d5277ef7816cc1f.jpg,微恐ASMR｜暴雨天古堡里吸血鬼为血奴新娘化妆｜病娇｜抽血｜吸血｜剧情向情景模拟助眠｜敲击音｜触发音｜刷麦｜耳语｜双声道,1754053200,1077,1686198949,小奈别失眠,https://i1.hdslb.com/bfs/face/c1b1bc9c70d61a641455bdaf151b8907415fa947.jpg,345611,"女性向,吸血鬼,耳语,助眠,轻语,病娇,asmr,触发音,敲击音",957218,805,920,29231,8013,1047,0,0,30069
BV12thGz6EQ2,114965268667206,1,17,2069,单机游戏,即时策略游戏,http://i1.hdslb.com/bfs/archive/2200a78433b5128590a42164bcc6785a9b6a1440.jpg,红警房主已经11连胜了！他叫我如实回答，有没有作弊？,1754280000,753,1629347259,红警HBK08,https://i0.hdslb.com/bfs/face/66ab5bd4e218aeb663e13b6871b46b2894800416.jpg,2136735,"游戏解说,红色警戒,实况解说,海战,红色警戒2,游戏集锦,红警,连胜,即时战略",414518,1342,697,743,2130,144,0,0,19535
BV1ugtgzeE6S,114969311973321,1,137,2014,明星综合,娱乐综艺正片,http://i2.hdslb.com/bfs/archive/3f174cc170d4c0689f50825dfd02a34b81601537.jpg,【TF家族练习生】《肆意时光簿》EP05,1754305200,759,3670216,TF家族,https://i1.hdslb.com/bfs/face/1c74336b9060d40d0ccf5e8bce7c0de34526b1e3.jpg,6935337,"TF家族练习生,肆意少年突围",827855,261194,5138,12833,4317,700,0,0,39379
BV1Pw8yzRE9E,114946763395113,1,212,2150,美食侦探,美食探店,http://i2.hdslb.com/bfs/archive/b8a042253926c26d581740a3700ea30dd7dd6ae9.jpg,全球最便宜超市！1毛钱面包！7毛钱牛奶！到底有多便宜？,1753956480,495,406636263,HOLA小测佬,https://i0.hdslb.com/bfs/face/8d076e9dffc6457c18d050b20195aba05c9996ea.jpg,5045284,"旅行,旅游,德国,4K,美食,vlog,超市,出行,便利店,零跑汽车",7063620,37810,3075,110087,35486,6501,0,7,203488
BV18btnzwEh7,114975502830746,1,21,2154,日常,剧情演绎,http://i0.hdslb.com/bfs/archive/6e17317ec4199cbc69200d7e636397a6926b2884.jpg,爱 = 花 钱 ？,1754387174,60,9130832,张八筒筒,https://i2.hdslb.com/bfs/face/683b3b97648bf13641c508b9b50a2d25b87bec69.jpg,721432,"原创,生活记录,搞笑小剧场,张八筒,best人生,抽象,猩猩队长,情侣日常",464125,161,386,950,1101,489,0,0,45003
BV1Eft3zSEYs,114970603820875,1,21,2064,日常,单人RPG游戏,http://i0.hdslb.com/bfs/archive/65f4bc8cf81fe7a18c25f987e34d816cc4d6c692.jpg,【崩铁整活】来古士：设备中毒！毕设开始对我哈气了怎么办！！,1754312523,189,193601736,没吃药的烦烦,https://i0.hdslb.com/bfs/face/7dbd81e751295aeb7772d628381172098a10b0c1.jpg,486473,"搞笑,白厄,崩坏：星穹铁道创作者激励计划,因为太阳将要毁伤,那个女人,整活,必剪创作",473534,510,467,7996,1824,718,0,0,45766
BV1qbtLzdEAk,114972264765164,1,193,2017,MV,MV,http://i2.hdslb.com/bfs/archive/56489150ec4b14094fd0115fd5c9e9743591972b.jpg,【Porter Robinson & Madeon】Shelter 官方MV,1754366400,367,3546887074351496,Porter_Robinson_,https://i2.hdslb.com/bfs/face/17d948787afcd9409a9156c7fef40c31c8f27468.jpg,34636,"官方,欧美音乐,MV,电音,电子音乐,日语MV,新世代音乐人计划原创季,官方MV,Madeon,PorterRobinson",193757,414,1654,15238,12823,3144,0,0,24996
BV1a5hHz3Epc,114953340066122,1,21,2183,日常,助眠视频·ASMR,http://i2.hdslb.com/bfs/archive/60a17cacc4a8ad0a089bbc9c71bdd18259880d77.jpg,ASMR｜100元到1万元助眠麦克风,1754049018,171,570746261,米奇-声控助眠,https://i2.hdslb.com/bfs/face/2a284043a51aeaf35bed2b1bf46e10eda745e599.jpg,372233,"催眠,助眠,asmr,放松,麦克风,舒服,解压,触发音",325876,399,317,3991,782,160,0,0,28730
BV19bhpzSEyv,114954665463403,1,212,2150,美食侦探,美食探店,http://i2.hdslb.com/bfs/archive/db91551f171ea51e60b8946bc2b21ca698ce830e.jpg,特厨探店 |评价两极分化的锅包肉创始店？—老厨家,1754105400,204,3546888255048212,特厨隋坡,https://i2.hdslb.com/bfs/face/4a6a6e459f71080664d3952957f2eafc02418b85.jpg,2439782,"隋坡,特厨隋卞,舌尖真探事务所,哈尔滨,美食探店",1263203,4413,2908,3424,7045,1184,0,0,96937
BV1JfhnzpEaM,114953306642785,1,250,2126,出行,户外探险,http://i2.hdslb.com/bfs/archive/c927e605c34a22811614ad39ddd7f98a0ecd763a.jpg,《埃及·红海》第2集：用时两天一夜，探索资源贼好的偏僻小海湾！不仅收获好多巴掌大的海螺，还解锁了好多叫不出名字的大鱼！,1754103600,1353,1497330079,OK哥环球探海记,https://i1.hdslb.com/bfs/face/aa0720a9f930e03569ac61092d207d164ce5122f.jpg,2100193,"AI,夸克AI,埃及赶海,真的假的问夸克,红海,夸克,潜水,渔猎,赶海,海岛探索",1811367,5700,1012,22169,24450,1476,0,99,64165
BV1QMhJzqEbA,114952635484216,1,24,2041,MAD·AMV,动漫剪辑,http://i2.hdslb.com/bfs/archive/c9a69c04787c5acc83dc3d4d2a217411e18a2b41.jpg,神人哈基洛,1754049600,33,74184546,在下老酷,https://i0.hdslb.com/bfs/face/aff61c97696dd0a316906baf4200aa184e82c9df.jpg,103359,"JOJO,JOJO的奇妙冒险,动画种草激励计划,杰洛,飙马野郎,SBR,乔尼,哈基米",656999,4703,2415,23666,5175,25529,0,0,81301
BV1o7h8z3EMt,114958591397588,1,256,2154,短片,剧情演绎,http://i2.hdslb.com/bfs/archive/81abf4b05af47f926fb2da260d06a998cc964f9c.jpg,《治蝗》 若惩恶沦为戏码，扬善则无人问津~守善，扬善！#泽华君 #吟游诗人 #田园诗人 #惩恶扬善,1754129211,101,282645129,泽华君呀,https://i0.hdslb.com/bfs/face/794dec6e0a865f1e3214c6d18b677c4d912da533.jpg,1132493,"诗人,田园,吟游诗人,惩恶扬善",699288,297,458,4664,1477,232,0,0,49254
BV1pTtnzjE5j,114975938973791,1,228,2191,人文历史,传统玄学,http://i2.hdslb.com/bfs/archive/7801b03f011bcf999df934bcf52e02a19a3c94b3.jpg,改命奇书！如果命运是注定的，能改吗？,1754394100,1429,8096990,啊粥粥啊粥,https://i2.hdslb.com/bfs/face/79c1cf49166f6354d8814e93a4c8e1b55cfc03f2.jpg,3392517,"传统文化,文化,深度,国学,影视,认知,了凡四训,名著,阴阳五行,万物研究所",95924,581,451,2467,1200,492,0,0,4984
BV1D58BzHEfx,114941981888436,1,65,2071,网络游戏,射击游戏,http://i0.hdslb.com/bfs/archive/71b46c454693f78c62667252ebd6691cb690a032.jpg,这两兄弟不抓去拍抗日神剧可惜了,1753875669,403,3546899659360821,添财少女三角洲行动,https://i0.hdslb.com/bfs/face/532e5d3a2c5d046012f9c84e7d85b9683cd6d8e3.jpg,28516,"娱乐,搞笑,三角洲行动,三角洲欢乐剧场,三角洲行动破壁新赛季,陪玩",1783232,2018,1408,33022,4969,6455,0,0,69454
BV1BthLzMEUv,114965788823319,1,21,2071,日常,射击游戏,http://i2.hdslb.com/bfs/archive/cb4c92ba545531f5a44c27e95e5ffccf067c24f8.jpg,挑战在地上摆满垃圾让大哥感到莫名其妙,1754238899,126,434231007,三角洲讲师,https://i0.hdslb.com/bfs/face/2f5adee9ce14225cfbe1b26a47d8467c61c9d3a2.jpg,21442,"三角洲行动,蜂医,绝密航天,跑刀,鼠鼠,航天基地,三角洲破壁新赛季上线",1467284,355,871,7208,1282,1219,0,0,83660
BV1fphszaE9e,114955370105470,1,21,2084,日常,应试教育,http://i1.hdslb.com/bfs/archive/146245ebe128edd4f9ae6067320ac6adcf5181ba.jpg,化学海龟汤，但是难度指数飙升,1754092800,350,1129950028,CYD21,https://i1.hdslb.com/bfs/face/647c92784665197d7365543a7f3823fa4a463569.jpg,54960,"科学,化学,难度,海龟",595681,1564,1491,11070,2152,11202,0,0,54982
BV1Sc4RzsEQj,114977180552271,1,21,2158,日常,旅游记录,http://i0.hdslb.com/bfs/archive/97f3c9d31c51599d0d22dd6c61fa3cd0bc2b9fc3.jpg,Dory｜去凉山火把节看了一场彝族时装秀！烟火下和陌生人跳达体舞｜吃美味的烤小猪肉、酸菜肉丝粉｜在凌晨的成都吃豌杂面！,1754413184,2222,13658829,爱喝的Dory,https://i0.hdslb.com/bfs/face/0d6cb1494f0a2c171fd5fd7c24159c8f3bfe3f2d.jpg,325386,"美食,旅游,时装秀,生活记录,成都,布拖火把节,彝族,火把节,凉山,B站超高清视频计划",26410,465,425,800,3083,198,0,0,3392
BV1EAhGzZEw9,114963389678075,1,138,2142,搞笑,体育综合,http://i1.hdslb.com/bfs/archive/9c10a4bfdb908a5c58db157220114f924dcb1d3a.jpg,创意工坊之你们要的拿去～,1754203871,79,3546909580987309,弗雷尔卓德-杨辰,https://i1.hdslb.com/bfs/face/e59912641ba4cbaadb857e30085b15cf4dcc6819.jpg,250500,"创意,创意工坊,弗雷尔卓德",1375373,588,1343,3879,1499,4857,0,0,79776
BV1voh5zbEPS,114965855869227,1,137,2026,明星综合,乐评盘点,http://i2.hdslb.com/bfs/archive/26c35283597e96fc7a60467639cf8028a25d3ec3.jpg,刘雨昕演唱会幕后有故事？还喊话演喜剧？,1754362800,2573,3056480,罗毅的包罗万友,https://i2.hdslb.com/bfs/face/e0671a053d314cdb77ccfe4257e5ba043ff1b112.jpg,1536,"音乐,演唱会,刘雨昕,艺术,包罗万友,视频播客,艺人,仙那度,上B站看播客",536065,9727,2396,4809,7263,3877,0,0,7927
BV1VXhHzLEgU,114952652201652,1,138,2154,搞笑,剧情演绎,http://i0.hdslb.com/bfs/archive/d1dcfb5f0b96fe0286bd2395ce54c47f3b74470f.jpg,父子颠倒,1754038544,107,498957850,勇敢哥特,https://i1.hdslb.com/bfs/face/58bc68640266eb21c60d1fb0dcb0bb2a709b7551.jpg,1440260,"勇敢哥特,泪点低的人别看,父子日常,家庭搞笑",579626,292,268,4881,802,744,0,0,55316
BV1JztGzpEE9,114969832134623,1,138,2155,搞笑,语言类小剧场,http://i2.hdslb.com/bfs/archive/95a16d3c2398340ac64b8663a3529593882f3da1.jpg,上班就是一场cosplay,1754391600,198,288387457,小小段砸,https://i1.hdslb.com/bfs/face/ac096215f656f82d552099e0ab06bc86d6bacbaf.jpg,1358427,"脱口秀,职场,搞笑小剧场,段砸,上班就是演戏,上班,搞笑吐槽,工作,Cosplay,溪木源",124104,234,391,1486,2384,1246,0,0,13777
BV1fu8kz3EQF,114946192971355,1,161,2148,手工,其他手工,http://i2.hdslb.com/bfs/archive/d22e4e2b2b76319f8a6b97bf15a5eb04b44494ce.jpg,看出来啥没有？宝,1753939947,101,3546892833130862,仔仔捏捏乐,https://i2.hdslb.com/bfs/face/4e50f1756f6e0daaa5865bf930e28b88b63aa01d.jpg,27181,"创作灵感,我的手工真的很解压",586131,787,1744,4578,1570,13538,0,0,41495
BV19StGzyEUv,114969983064011,1,172,2079,手机游戏,其他游戏,http://i1.hdslb.com/bfs/archive/084eb6ef52c2114d04297d931248c2a58baf4bbf.jpg,预算10万！挑战下海开炮！成为海贼王！,1754302994,541,75547577,下头男小柏,https://i2.hdslb.com/bfs/face/4b481c5492f67faa3fb07f7b6e013e39723198cc.jpg,2233127,"网络游戏,手机游戏,大航海时代传说,爆氪,推荐宝藏游戏",143585,200,177,3348,2298,2035,0,0,17292
BV1hytJzwEXV,114976257739944,1,21,2088,日常,社会观察,http://i2.hdslb.com/bfs/archive/dfb43cd8c3754c23aa568da63dea8a942378e58d.jpg,200w粉博主执意送外卖，曾直播日入近万曾被网暴,1754452800,620,1567446009,滤镜粉碎机,https://i0.hdslb.com/bfs/face/8ce3100adceacec46f0e031a12404a4d17a865c5.jpg,1060136,"社会,正能量,生活记录,外卖,记录,网红,骑手,社会纪实录",48426,216,137,2170,1419,1108,0,0,2982
BV1FetGzdE55,114969949507361,1,218,2167,喵星人,猫,http://i2.hdslb.com/bfs/archive/9a62579095bbfd36656f6b937567fd6f5ee7c456.jpg,哈基米你…还是燃尽了吗,1754302346,10,41519542,短腿小拖宝,https://i1.hdslb.com/bfs/face/4aa756d79a51aab149e4e5ae152587b439534e0f.jpg,585583,"喵星人,动物总动员,哈基米",1886818,429,1979,19597,935,8120,0,0,147884
BV1jotuzVE87,114969798511456,1,172,2064,手机游戏,单人RPG游戏,http://i0.hdslb.com/bfs/archive/cd498c09d022bf993c8fa11380a44fd790db30f7.jpg,【绝区零】爱丽丝喂饭级攻略！都可以和谁组队？效果如何？,1754362800,1399,1438375628,粥粥的终极理解,https://i2.hdslb.com/bfs/face/96cee1dd9592ebc4e3601aeffed302c5f96eb0f0.jpg,526629,"二次元,粥粥的终极理解,绝区零UP主激励计划,ZZZCHOICE,zzzchoice,爱丽丝,雅,教程攻略,米哈游,绝区零",119976,587,602,1455,2145,215,0,0,6251
BV1Lctgz6E6X,114969748182422,1,65,2071,网络游戏,射击游戏,http://i2.hdslb.com/bfs/archive/c4d2e3cb4185abf52f434ba6e1cbdd4ebae78544.jpg,一秒变异！拥有顺风耳的听力加持，夺舍成功是必然的,1754299753,200,331514361,苏醒游戏解说,https://i0.hdslb.com/bfs/face/dd578b65eb0a8beaff6f4677c76cf9cfc0ce75b4.jpg,696716,"第一视角,FPS,电子竞技,迈从,三角洲行动,迈从V9",563203,511,747,2240,1463,246,0,0,23280
BV1R3hGzHEyX,114963641277318,1,21,2207,日常,随拍·综合,http://i1.hdslb.com/bfs/archive/78c168ff7d33b549d9f867f0cce173f271ddc5cc.jpg,被陌生人反向治愈的一天！,1754206669,143,71222956,昕昕给你100元,https://i1.hdslb.com/bfs/face/fbfaee41321b6e98d14dfe8d04b02ff61166a0d5.jpg,16709,"生活记录,夏天,老人,挑战",859555,312,878,2919,19739,187,0,0,61035
BV1ANtnzUEDr,114975955883853,1,171,2068,电子竞技,回合制策略游戏,http://i2.hdslb.com/bfs/archive/07770170109b27723bb16a49d68622ad74527a6c.jpg,【神超云顶s15】三天登顶国服第一，告诉你最适合当前版本的上分思路,1754394018,95,388063772,GoDlike_神超,https://i2.hdslb.com/bfs/face/e6bcb4a3dea0f2e71bb97a42f097efb89ce29aa7.jpg,835325,"策略游戏,英雄联盟,国服第一,云顶之弈,金铲铲之战,云顶S15",113363,64,539,2387,813,818,0,0,4579
BV1HotVzfE5T,114971392350084,1,65,2071,网络游戏,射击游戏,http://i2.hdslb.com/bfs/archive/0612faf73f9aec32baa8764e4e0788ffa65ff8fe.jpg,方舟小伙玩了三角洲后，直呼这个游戏毁了我的人生？！,1754377200,576,443371067,精神小伙缸铁虾,http://i2.hdslb.com/bfs/face/fee62fb1eada803dd79fc0330a9da266c2386503.jpg,19146,"FPS,二次元,搞笑,娱乐,游戏实况,射击游戏,明日方舟,三角洲,抽象,三角洲破壁新赛季上线",90646,319,295,2519,817,37,0,0,4786
BV1arhPzfEyr,114959631523185,1,22,2063,鬼畜调教,鬼畜综合,http://i1.hdslb.com/bfs/archive/a88e5012d00b3b674fa428b87f68f3e6d9fee49f.jpg,带你回到那个夏天!,1754146732,120,5878572,核动力路灯,https://i0.hdslb.com/bfs/face/1201762ebd2205f61a8e8deaf03489c3dd5b52b2.jpg,600225,"唐国强,全明星,鬼畜,挖掘机,诸葛亮,鬼畜调教,跟着唐国强膨美团下午茶免单,司徒",530536,9023,627,14335,3853,1117,0,0,90699
BV1K6tnz9EEb,114975636985347,1,253,2043,动漫杂谈,动漫速读,http://i2.hdslb.com/bfs/archive/0847cd8fa318f52b1a057af6a1523ffc77713cf6.jpg,【柯南】侦探队请毛利拯救居民花圃，却发现园丁里藏着恶魔，破获残酷命案，西瓜带你回顾柯南原创案件《花圃破坏者的阴谋》,1754389601,858,57608186,西瓜说柯南,https://i2.hdslb.com/bfs/face/ecb0fc5d5e34e79715fea462b0fd3ed85a573c05.jpg,740361,"江户川柯南,毛利兰,名侦探柯南,动漫杂谈,灰原哀,工藤新一,推理,柯南解说,毛利小五郎,柯南",174473,561,236,1466,1243,50,0,0,6649
BV1574dzYEmM,114976274584679,1,172,2064,手机游戏,单人RPG游戏,http://i2.hdslb.com/bfs/archive/3ca44b73d673564698ddada41ac7e5d882222d29.jpg,全网首发！让阿夏和班尼特再次相遇！,1754398949,1059,449776054,伊甸之伊,https://i1.hdslb.com/bfs/face/dfdcbc224ee65fc000acb0b267cd5f0d9eb871bf.jpg,202183,"原神UP主激励计划,娱乐,二次元,RPG,冒险游戏,教程攻略,纳塔,bug,原神",108178,1384,453,1177,1467,248,0,0,9191
BV12ShpzKEwD,114954514470130,1,250,2148,出行,其他手工,http://i0.hdslb.com/bfs/archive/322f6a408f7e667a1bd2ed7916f3f75030313776.jpg,设计这个柜子的人一定是个天才！！！,1754100000,19,26077555,東君小宇,https://i1.hdslb.com/bfs/face/5e7b2c2e1ddc4f9b7b2ace556b243020a3168cf3.jpg,434608,"设计,高能,家居,玩具总动员,迪士尼,巴斯光年,家装,胡迪,旅行攻略UP主激励计划",4784648,391,1788,12800,1965,3846,0,94,171552
BV1Wgh3zPEkx,114964043923940,1,76,2149,美食制作,美食制作,http://i1.hdslb.com/bfs/archive/5ab6aa636cbd3d1d8b830e2283d078cbf34d64a2.jpg,1 pizza 🍕 = 1 smile~~~1个披萨🍕= 1个微笑,1754212383,84,1600975131,女王厨房Surthycooks,https://i0.hdslb.com/bfs/face/1ab0fe198e0033bbea11968079b74bd832b4a631.jpg,1883261,"全程高能,厨艺,美食,公益,美食教程,厨娘,女王,吃货,surthycooks,一饭封神申请出战",257139,304,417,1313,3024,74,0,0,35410
BV1Kjtgz8EC5,114969513299241,1,172,2070,手机游戏,MOBA游戏,http://i2.hdslb.com/bfs/archive/e38bf9df012f007548b1644c544e83e3f18428f2.jpg,【亚某爆料时间】山海奇都系列皮肤【司马懿-九山相柳】来啦！,1754296465,212,57863910,王者荣耀,https://i0.hdslb.com/bfs/face/186a321d4647bd2b1602e43b831bac89bcb7a34b.jpg,9445450,"电子竞技,王者荣耀,司马懿相柳皮肤爆料,司马懿山海奇都新皮肤,MOBA,亚某爆料时间",939986,10977,11158,2403,2128,23045,0,0,25074
BV19Eh5zsEAT,114966476626686,1,27,2037,综合,同人动画,http://i2.hdslb.com/bfs/archive/a04d33f651271cdb26832236de5cc048d9687c72.jpg,《缇姆利亚》第一集 | 小潮team,1754276400,689,3546922224715867,小潮team动画,https://i1.hdslb.com/bfs/face/54e5a0feca82d061fa8e6e78d860a264cab97bf7.jpg,111671,"搞笑,高能,动漫,动画,原创,缇姆利亚,小潮院长,小潮team,杜海皇,夏日整活大赏",655665,33656,6174,33629,54233,3738,0,34,78820
BV1uJtGzKEgP,114970318607927,1,172,2071,手机游戏,射击游戏,http://i0.hdslb.com/bfs/archive/3776c52e11e406b5f728a710a82839d41948c4be.jpg,为了讨好玩家！某些游戏线下能卷成什么样？？？？,1754308445,235,7817472,某声悠,https://i0.hdslb.com/bfs/face/8bd5833ad8ef48311543754469d5d1a665b02de1.jpg,1399430,"游戏,CJ,西山居,游戏杂谈,电竞,解限机,解限机公测,解限机赛事,解限机赛事团,游戏鉴赏家",143606,5873,50,2390,1057,27,0,0,9287
BV1ByhGzfEfB,114965084117760,1,251,2166,三农,农村生活,http://i1.hdslb.com/bfs/archive/b4bb081ffa544de82b0cd05161765571c2332074.jpg,六年，从村口等待到黄土相送，千万人牵挂的爷爷走了！,1754361000,1450,384344554,小白的奇幻旅行,https://i1.hdslb.com/bfs/face/f6a860fe7b844b4fa0d23582ef512ea8c6fe98be.jpg,174130,"生活记录,正能量,老人,乡村,农村生活,随手记录我的生活碎片",132901,276,175,1486,2783,65,0,0,5551
BV1498CzcEqt,114947199667464,1,208,2094,校园学习,科学科普,http://i1.hdslb.com/bfs/archive/4d60c98b4487fe9d1921dd7a5240a80e8edf5e73.jpg,【干货】不小心被陨石砸中怎么办？,1753957646,129,482213447,闪电侠-flash,https://i2.hdslb.com/bfs/face/4ab72675654781bbfcd6bf237cd161a0d89ae5c4.jpg,1599770,"学习,中学,校园,校园整活王,uwant,友望除螨仪,友望吸尘器,友望红外除螨仪,友望自集尘专家,干货,陨石",1038558,2609,2058,9414,1679,3354,0,0,102013
BV1awtMzwE22,114968573839920,1,158,2114,穿搭,鞋服穿搭,http://i0.hdslb.com/bfs/archive/5e0b71ca40675c815190ed7a23aa72a60ecfb5fa.jpg,单品拯救｜妈妈的衣服也可以很时尚！,1754281441,437,361775100,怪力老陈,https://i0.hdslb.com/bfs/face/1302cf417c3f44d1b58f0ee180c8eb87f283dfbe.jpg,1491396,"女装,穿搭,服饰,生活,日常,日常穿搭,衣服,单品,穿搭技巧,趁热时髦穿",377064,732,491,3281,4465,188,0,0,40219
BV1rMh8z7ETA,114958624884954,1,21,2087,日常,商业财经,http://i2.hdslb.com/bfs/archive/f0ed9c965e1507b25f592eeb1a04fbfd68c48f53.jpg,花400万开的网吧有啥服务？开业第一天居然爆满？,1754130416,496,391992947,郝文博的奇妙日常,https://i2.hdslb.com/bfs/face/7ec224e8f3c10ae8eb975cfdb135627571bb0c65.jpg,170394,"日常,创业,生活,生活记录,电脑,电子榨菜,郝文博的奇妙日常,网吧,开网吧,寻找100个宝藏vlogger",706143,2909,3420,1618,1859,1073,0,0,13348
BV1Vz4RzbEm5,114976962384757,1,251,2082,三农,社会资讯,http://i1.hdslb.com/bfs/archive/8b5f1a7834f6dbde1ac883e894fbbf85341c40f0.jpg,详解河南大旱！影响到底多大？降雨能否缓解？【主播说三农】,1754409584,320,1343321779,央视农业,https://i1.hdslb.com/bfs/face/c9e24623ccc91cd26c2894d2a1880dc6dc6a28c4.jpg,3621271,"主播说三农,河南旱情,玉米,灌溉",218982,658,1972,1241,2155,985,0,0,22862
BV1rXh8z7EM2,114958473960142,1,21,2156,日常,UP主小综艺,http://i1.hdslb.com/bfs/archive/8051d7d17ec07402606585ecfa1fd36eed4bbb76.jpg,《第七条怪谈》,1754127718,646,3546731908171869,是许木木啊,https://i0.hdslb.com/bfs/face/dd7af55fc5361c6a343356958efce19fa6326d89.jpg,1375749,"日本,影视剪辑,剪辑",4058924,6436,3841,82391,13647,6344,0,7,286620
BV14dtJz9Eux,114975855083824,1,21,2082,日常,社会资讯,http://i2.hdslb.com/bfs/archive/8ee5868cdfa8e977cf8650e1b1262d8d227f261b.jpg,女生晒旅行合影 被盗图造谣“6姐妹征婚彩礼10万”  法院判了！,1754392517,178,433587902,央视频,https://i2.hdslb.com/bfs/face/2650856709fe272aa5cf9c89a053c095d7b252e4.jpg,3990329,"今日说法,网络,征婚,盗图,造谣",105572,300,997,685,680,234,0,0,9454
BV1x6h8zxE5a,114958339672604,1,138,2005,搞笑,短剧短片,http://i0.hdslb.com/bfs/archive/4e544b47d7525d9a9cb47570d7a187d20871a124.jpg,弗雷尔卓德之土石方这块儿～,1754128385,266,3546909580987309,弗雷尔卓德-杨辰,https://i1.hdslb.com/bfs/face/e59912641ba4cbaadb857e30085b15cf4dcc6819.jpg,250501,"短片,原创,学生作品",632961,933,979,2326,1490,1499,0,0,47726
BV1CShnztEdK,114953608501945,1,17,2079,单机游戏,其他游戏,http://i0.hdslb.com/bfs/archive/a55e78825021de948e99997fe720be89a3dee55d.jpg,因为我的下巴太帅了，居然帅照了镜子,1754053218,162,3546588184054354,隔壁老王沙雕加搞笑,https://i1.hdslb.com/bfs/face/8e3ad2e8ce6af73d58b0f0d91d60ac774fb5807d.jpg,78139,甜瓜游乐场,399589,730,730,13948,2531,1011,0,0,25052
BV1Seh8z8Ezb,114958406850667,1,29,2020,音乐现场,翻唱,http://i1.hdslb.com/bfs/archive/9500d8c387c3d80bf2d20e2ab79a7c306b5f24d1.jpg,蔡徐坤劝你别读博,1754126220,215,21442590,馄饨皮茄总,https://i0.hdslb.com/bfs/face/29d3bf75ec95524532a9ce36d1232ef441889a1d.jpg,29132,"蔡徐坤,cover,博士,科研,学术,读研,读博,deadman,PhD,翻唱的N种打开方式",970338,945,1923,16332,29677,13983,0,96,92238
BV18hh8zaELx,114958373228080,1,172,2064,手机游戏,单人RPG游戏,http://i0.hdslb.com/bfs/archive/a1a9abac98a128dbf71c58e72c8016ad16ac3c4f.jpg,这才是明日方舟的限定池子！,1754125739,364,13221028,迷茫小树叶,https://i1.hdslb.com/bfs/face/c30a9b47677740f31a7491f2c1c513af60007220.jpg,1310880,"抽卡,手游,明日方舟,玄学,树叶,欧皇,非酋",853650,32810,5313,4675,7593,6226,0,0,57420
BV1y182zAEpu,114947468035698,22,172,2076,手机游戏,女性向游戏,http://i0.hdslb.com/bfs/archive/fc5bced0d6ee6f033800e7718cc4441903ea7d24.jpg,【无限暖暖】1.8丹青屿+丹青之境 宝箱+奇想玉琚+丹青玉魄 一条龙收集,1753960052,14220,1773346,莴苣某人,https://i1.hdslb.com/bfs/face/2a973191e45f611699c85d404baee50163a6f2ec.jpg,5563766,"暖暖,游戏,手机游戏,奇想星,丹青季,宝箱,露珠,无限暖暖,无限暖暖创作者激励计划",2243980,14617,3773,21189,35699,2344,0,0,35626
BV1Eah7zVEw1,114951544901275,1,47,2020,同人·手书,翻唱,http://i1.hdslb.com/bfs/archive/c4f7c7b7cbdbd5184956b6aa14cacf43d8e45434.jpg,-.- --- -.- --- .-. --- .-- --- -.- ..- -.. .- ... .- ..,1754042400,112,1708648214,bili_47477328786,https://i2.hdslb.com/bfs/face/d510af1f09cd0a3cb496e2e8b08d27a56c8f106d.jpg,157896,"翻唱,女声,可爱,日语,原口沙輔,ハート111,Heart111,yuri,ゆーり",1492506,195,1405,35323,7409,2024,0,0,165210
BV1zqhHzxE4m,114953155579113,1,138,2037,搞笑,同人动画,http://i0.hdslb.com/bfs/archive/3dfe7733d6f6871b6f61512816dc646e2f08a103.jpg,《究 极 超 B 界 大 战》,1754046569,429,321422126,进击的金厂长,https://i2.hdslb.com/bfs/face/339c136489ea2af91bd1d8688ba7259e958ded28.jpg,5116636,"二次元,动画,B站,短片,动漫,搞笑,搞笑小剧场,战斗,热血,鬼灭之刃",1935520,16758,34427,76370,102472,6226,0,7,214679
BV1guhbzZEn1,114957450484919,1,47,2037,同人·手书,同人动画,http://i2.hdslb.com/bfs/archive/f6ebddc7ece7ea9ea7a1022219154fbdcff286e4.jpg,我将全身涂抹老鼠药，这时邻居遛狗进了电梯,1754111704,1257,3536995435415579,叶雪颜悬疑,https://i2.hdslb.com/bfs/face/7579c3db5d5af3db1c74d27de9b26c7aa3e07f31.jpg,198398,"惊悚,悬疑,恐怖,原创",1169979,3761,930,28461,3051,1238,0,84,88990
BV1oVhAzFEGA,114941612920956,1,21,2088,日常,社会观察,http://i1.hdslb.com/bfs/archive/3e0a4440b38ad93e9519408af40090fd2cb3b108.jpg,这个“诈骗视频”，我希望全国都能看到！,1753870007,226,3462389,川烈,https://i2.hdslb.com/bfs/face/dff114c1a5060fec5daf5f7a15052a408694b429.jpg,737964,"正能量,反诈骗,反诈骗宣传",3058129,3349,4578,39771,79245,4217,0,6,269899
BV1oMh5zwEZS,114966392736631,1,17,2078,单机游戏,沙盒类,http://i1.hdslb.com/bfs/archive/80111136a17bf472139cfbbff90f3ff75c509342.jpg,这是“漏洞”陷阱！,1754272800,415,29252533,幕川北,https://i1.hdslb.com/bfs/face/e04019772132a134aadbada24aaccbb1bb0dea60.jpg,2586711,"万物皆可游戏,游戏,单机游戏,实况解说,游戏实况,游戏解说,搞笑,我的世界,游戏集锦,单机联机",713703,1163,675,11588,8320,262,0,0,51478
BV1aQhgzjEQU,114964245253092,1,172,2079,手机游戏,其他游戏,http://i1.hdslb.com/bfs/archive/74f901eacbc3548d2ac9d090964835bd4c8a6369.jpg,饿 了 一 定 要 吃 东 西,1754215619,925,3546376524794441,萝太永不破防,https://i2.hdslb.com/bfs/face/71ed1ab4d1762b5519df89e8c47b1e1dd39dbf96.jpg,1627765,"生存,娱乐,游戏实况,搞笑,避难,60秒,60s",444227,2158,687,3649,2389,1152,0,0,29724
BV18PhLz9EY4,114966040413557,1,47,2037,同人·手书,同人动画,http://i2.hdslb.com/bfs/archive/17ce5943605d9e48eb51e85e340f3dd19c01ce42.jpg,[多多理财/手书/描改]いますぐ輪廻（即刻轮回）,1754242714,123,1759997607,在空白处的地方写,https://i0.hdslb.com/bfs/face/1b7db4d3f04622ea957f698ce3069380c49b42fb.jpg,1450,"同人,手书,いますぐ輪廻,莫妮卡,多多理财,描改",112493,123,429,6711,4041,1144,0,0,16228
BV1VDhHz2EXG,114952668978941,1,21,2046,日常,网文解读,http://i0.hdslb.com/bfs/archive/687bfe3e391e383f07ab51508c1de8eb2ee7f47e.jpg,假如白素贞拜的是斗战胜佛，法海会怎么样？,1754038914,128,72969462,笔给你你来写_,https://i0.hdslb.com/bfs/face/8e8a57daeb8ee0b50e6fa4e66c4f18f849fc601c.jpg,1132556,"原创,脑洞,小说,曼波配音,随笔,西游,白素贞,原创剧本,沙雕段子",1047674,977,2672,6401,1371,868,0,0,95980
BV1vJhtzwEAn,114958004133041,1,21,2154,日常,剧情演绎,http://i1.hdslb.com/bfs/archive/3865de14b87d34c64ebcd7e2e6325cad490703e4.jpg,当你高考战胜30万人 终于来到了浙大…,1754120146,67,3494373119494756,itsboiJOE,https://i1.hdslb.com/bfs/face/cafb480e86c0b35a81243c9b318b171af860ebcb.jpg,4770,"校园,生活记录,宿舍,大学",1605996,787,3359,22575,5968,13853,0,0,147351
BV1dktgzrEWo,114969228088846,1,21,2093,日常,职场发展,http://i0.hdslb.com/bfs/archive/bb059e4dd799e7035d53d9fa04396e5025b861b6.jpg,如何在课上偷偷写作业？？？,1754305200,562,474257884,萧萧竹-,https://i1.hdslb.com/bfs/face/0e4f43bdab0948491609c48b6c7291332490bbd5.jpg,15719,"作业,高中生活,学习经验,必剪创作",970766,2108,2608,24654,9131,8493,0,90,58596
BV1N7hbzpESP,114957031049411,1,21,2071,日常,射击游戏,http://i1.hdslb.com/bfs/archive/98965846dcdcc5d39018bfd2ee6d1fc44ed2b5a5.jpg,三角洲所有角色炸撤离点教学,1754105428,59,1666628639,小怂弟,https://i2.hdslb.com/bfs/face/e922f4c94186a0fa905c771f051c1fe40a8df5d7.jpg,275138,三角洲行动,920899,276,980,46011,2389,14666,0,0,66530
BV1jChHzHEWP,114953088403673,1,213,2151,美食测评,美食测评,http://i1.hdslb.com/bfs/archive/d351a43b94b8ff82ac2d8e1818221854a40c92f5.jpg,700元一斤“顶奢级和牛卷”做泡面小料！太有生活了！,1754124600,976,478691043,穿毛裤的小拉泽,https://i0.hdslb.com/bfs/face/023c69a89a95db1b7991a024c0806d2ed7e58021.jpg,3561856,"泡面,美食,下饭,吃播,同诗s3剃须刀,泡面搭档,速食,泡面伴侣,火鸡面,十万个为什么-食物特辑",5616730,4046,1282,39766,9055,775,0,29,92334
BV1434RzmEp7,114977331484654,1,215,2150,美食记录,美食探店,http://i0.hdslb.com/bfs/archive/4e8b0c1bc0a3d56ab337e5e872850b38d7bf90d9.jpg,环游中国第五站，哈尔滨，我回来了,1754449200,281,1143898753,李哥我饿了,https://i1.hdslb.com/bfs/face/563e58401423f09d84c480c68324102d0cefd3b6.jpg,2083650,"种草,吃货,美食,旅行,vlog,舌尖真探事务所,环游中国,哈尔滨,户外,探店",112305,250,472,939,680,868,0,0,11899
BV1VBhVz9EVx,114964564220468,1,176,2136,汽车生活,跑步,http://i1.hdslb.com/bfs/archive/e87681a2206934ac9e356b68a4d89645909a60e2.jpg,感谢鸿星尔克官方给提供的支持@鸿星尔克,1754220193,166,2035556081,堂主lee,https://i2.hdslb.com/bfs/face/665a151899c136218c3ba7de064ecc67090c219e.jpg,882754,"原创,生活记录,记录,鸿星尔克,暑期健身蜕变挑战",619950,624,2293,3345,14575,702,0,0,78281
BV1chtGzZEdP,114969915952031,1,172,2064,手机游戏,单人RPG游戏,http://i0.hdslb.com/bfs/archive/d5632129f2575b6ca50a113d78a818160073a87c.jpg,萌新也能看懂的空月之歌序奏解析，完整梳理时间线【原神空月之歌序奏解析】,1754302144,1781,1876542,骚橙丶,https://i0.hdslb.com/bfs/face/88ff923b981c0f6a6db049e056ebc0cdd5f98937.jpg,606833,"原神UP主激励计划,烬寂海,挪德卡莱,莉安歌,伊涅芙,十三领主,原神,伊葵,原神高能团",188891,1748,1386,4319,7935,506,0,0,20564
BV1VKtgzTEez,114969362306359,1,95,2101,数码,平板电脑,http://i0.hdslb.com/bfs/archive/38c6805abba4a90374d4b738fec720309058b168.jpg,「小白」2025安卓3000元平板大横评：现在好用了吗？,1754361000,917,8969156,小白测评,https://i2.hdslb.com/bfs/face/09dd0d38633d567179784ac9a0d95ac1187ea71d.jpg,4350374,"科技猎手,平板电脑,数码,3000元平板,小白测评,荣耀,OPPO,手机平板,vivo",138355,1953,1365,1118,789,358,0,0,6200
BV1f6tGzDEKz,114969882400261,1,172,2077,手机游戏,休闲/小游戏,http://i1.hdslb.com/bfs/archive/db31a43120a26aa937fb45c9908be9e1e5cd888e.jpg,蛋仔派对 | 会过期！快兑换呀！8月份全新兑换码新鲜出炉！换到就是赚到！快快快！【蛋仔必看系列】,1754301251,143,3493127736265152,俗爱大好蛋,https://i0.hdslb.com/bfs/face/cba34d1848939b32d49fc934c5824dedc0503921.jpg,714039,"蛋仔派对皮肤,蛋仔派对盲盒,蛋仔派对兑换码,俗爱大好蛋,蛋仔派对发起人,蛋仔派对外观,蛋仔奇思妙想计划,#蛋仔派对博物馆狂想季#,蛋仔,蛋仔派对",543152,240,235,75913,6559,45,0,0,65361
BV1GAtJzcE4B,114974563304810,1,201,2170,科学科普,野生动物·动物解说科普,http://i0.hdslb.com/bfs/archive/144b2b8f8567751a7ae94236d3488ffd5da73a65.jpg,为什么渔民捞到翻车鱼会赶紧扔掉？,1754372870,208,290014343,李论科学,https://i2.hdslb.com/bfs/face/5a4d8acc0d11fd75ae74ace3ab90fad3ab70c9a5.jpg,1423957,"鱼,进化,人类,地球,科普,渔民,智力",817802,426,546,1521,721,200,0,0,45181
BV1xShwz1EBE,114941797336643,1,126,2063,人力VOCALOID,鬼畜综合,http://i1.hdslb.com/bfs/archive/6d424245f15e383fde8809f9868e00223565ea1f.jpg,上一个这么剪的播放量已经过亿了,1754020500,144,19071708,潮汕好男人,https://i0.hdslb.com/bfs/face/2a4c1b3c2d8f48a58c5f818287c90a6ea78d7907.jpg,2192936,"鬼畜,全明星,黄绿合战,敢杀我的马,黄绿合战10th,让子弹飞",467177,948,1130,10846,19099,1219,0,0,66176
BV14YtEzDEP7,114974814963090,1,76,2149,美食制作,美食制作,http://i0.hdslb.com/bfs/archive/246e4f4c283727f1edd53518deff2c9563f7940f.jpg,新手学做菜入门级教学,1754377476,453,472102908,阿蔡美食雕刻,https://i0.hdslb.com/bfs/face/b5475839b0bcee3188920df8440746ba18d9a69a.jpg,4261938,"美食制作,美食教程,厨艺",281925,468,447,1502,1606,314,0,0,25333
BV1m3hPzJE3z,114959967067679,1,17,2079,单机游戏,其他游戏,http://i1.hdslb.com/bfs/archive/44952ca86cf2d84ee4fd5a4215feaf7acb91f3c3.jpg,若成仙要30条人命，那只杀1人便可大富大贵，是否划算？【乌合之众】,1754150137,2060,25151282,弗兰力,https://i2.hdslb.com/bfs/face/1abe8d6eca244477cce30bb3758ed29f6e6e235d.jpg,1289034,"悬疑,剧情,搞笑,游戏实况,乌合之众,整点电子榨菜",1632592,1682,940,44687,10125,627,0,62,62734
BV1jShAzvEtB,114940941766376,1,250,2158,出行,旅游记录,http://i0.hdslb.com/bfs/archive/c4f5d1021347c795864ef9fac63007a3dc438e56.jpg,英国博主：亚洲最大的高铁站 这也太震撼了吧,1754284800,744,1249671114,Mr有意思,https://i0.hdslb.com/bfs/face/8e73e9397a6acfc8b6c29f0d93ca388a06951851.jpg,1047337,"正能量,生活记录,重庆东站,跟着UP主看世界,中国旅游,老外在中国,老外看中国,重庆旅游,中国基建,亚洲最大高铁站",882414,4227,3023,9654,15973,1445,0,0,46627
BV1W5hVzuERq,114964832460433,1,182,2001,影视杂谈,影视解读,http://i0.hdslb.com/bfs/archive/4d25f000757e55fa1d895d86195959b6f3eedb2f.jpg,【逆天影帝】如果能重来，凯文史派西也许不会成为那个恶人。。。,1754224340,993,3546815450319053,走人waitme,https://i2.hdslb.com/bfs/face/84c79080253e35c712d9b5c74485d77e1144746d.jpg,16676,"凯文史派西,经典电影,影帝,奥斯卡,七宗罪,布拉德皮特,美国丽人,好莱坞明星,非常嫌疑犯,影视IP观察室",294074,939,476,3005,1690,186,0,0,8743
BV1Sr8UzCEHf,114950487937968,1,85,2137,小剧场,武术,http://i2.hdslb.com/bfs/archive/b07a8a1c53d271ead37fb9dc8130c91f719dc900.jpg,万里山河，有你皆安,1754005534,10,668942262,命硬的小裴本人,https://i0.hdslb.com/bfs/face/e9e8550968a5d4965f248095866a9c2bbbaed1c9.jpg,611294,"B站小剧场,旅游,风景,生活记录,正能量",820689,162,451,2603,7857,204,0,0,99602
BV1w8tGzbEY6,114970268273348,1,21,2079,日常,其他游戏,http://i1.hdslb.com/bfs/archive/0b385b23d28e13c35d018aeadc9fa7538b1dd5d5.jpg,最 接 地 气 的 杀 手,1754307574,594,3546376524794441,萝太永不破防,https://i2.hdslb.com/bfs/face/71ed1ab4d1762b5519df89e8c47b1e1dd39dbf96.jpg,1627765,"搞笑,游戏实况,杀手,娱乐,hitman,47号,杀手世界",227951,1392,930,2260,1645,989,0,0,17835
BV1WMh3zvEyg,114963993594095,1,17,2066,单机游戏,单机主机类游戏,http://i1.hdslb.com/bfs/archive/a1b31071943330acf0e48c330c80e0d806b7ab74.jpg,我在黑神话里举办了一场拍卖会！#2,1754280000,2264,99827844,肥格Fager,https://i0.hdslb.com/bfs/face/ba0d8b0f571e145ac26f18bde71010581d0c47a1.jpg,862248,"游戏,搞笑,娱乐,单机游戏,黑神话,电子斗蛐蛐BVB,拍卖会,动作游戏,索泰,推荐宝藏游戏",653173,6077,1554,9523,5488,277,0,0,23814
BV1DChwzSEPP,114941864514667,1,47,2041,同人·手书,动漫剪辑,http://i2.hdslb.com/bfs/archive/f8eb75b82f6c68ce08311c3e4a47598d5e06e3f9.jpg,“我现在能看到的，是你的死去的模样”,1753873805,196,35648383,小羊肖恩max,https://i1.hdslb.com/bfs/face/2a583c46fe4d3ead98e7c7cb13bc71200630a8c8.jpg,30966,"火影忍者,MAD,哔哩哔哩创作星引力,佐助,鼬,燃向,兄弟战",588562,340,885,16961,6407,1035,0,0,72110
BV1NCtnzQEu4,114975267885651,1,216,2063,鬼畜剧场,鬼畜综合,http://i1.hdslb.com/bfs/archive/4b19674eda784b4ad0913cfbfa23543f7af3fb92.jpg,四大门派围攻东方明珠,1754383605,268,91790758,伊介书生,https://i1.hdslb.com/bfs/face/13c550fb549a533ce01182e5699f5efedcccf75a.jpg,387707,"故宫,上海,孔子,东方明珠,广州塔,蜜雪冰城,鬼畜星探企划",489865,1745,1210,7105,3491,2420,0,0,44797
BV1M8hxzmEAJ,114956779527642,1,254,2135,亲子,篮球,http://i2.hdslb.com/bfs/archive/3d68ec0f39be7c6ce7586deff2cc18ef5c827989.jpg,用脑子拿捏弟弟 果然不费吹灰之力,1754101533,91,618528588,蔻蔻揍大飞,https://i0.hdslb.com/bfs/face/b7b07c07ffb3de6fca9b69623da26429d8901bee.jpg,37367,篮球,1138647,406,1299,2603,525,405,0,0,31307
BV1rwhtzCEZJ,114956041195432,1,65,2071,网络游戏,射击游戏,http://i0.hdslb.com/bfs/archive/84789443122598b6ff702b8ac4b592b776bd5c3d.jpg,威龙 巴别塔顶楼 aw 6个人,1754090314,106,3546779041663729,龙舌兰_三角洲行动,https://i1.hdslb.com/bfs/face/bde8e03f69b3d32fbfbdafc4a849d440ba8d709f.jpg,841,"FPS,狙击,第一视角,游戏集锦,射击游戏,游戏,剪辑,电子竞技,三角洲,三角洲破壁新赛季上线",1010495,392,1264,4492,1023,3098,0,0,74275
BV1WPtnzEEB3,114975771203362,1,253,2037,动漫杂谈,同人动画,http://i0.hdslb.com/bfs/archive/4153783d943a9183d94c1def1b06f0eb38457c60.jpg,《规则之下10》—潜龙之态。,1754391342,342,214580274,熊熊仔的沙雕动画,https://i0.hdslb.com/bfs/face/fbfaa4e56724fc64ebbf4ec22d862cb06dd0de63.jpg,461289,"剧情动画,烧脑动画,剧情反转",60817,228,305,1279,1529,60,0,0,7697
BV1GS81zrE1L,114948072018540,1,172,2071,手机游戏,射击游戏,http://i2.hdslb.com/bfs/archive/e3aaf9f9eedabe1615dfb19cdd07277a384cffe9.jpg,卧底三级失效了！意外触发人脉天赋！,1753968591,117,237533871,武子弈,https://i0.hdslb.com/bfs/face/1ae588a38fa7cc7a8154ff0f46d2cf57bfc3854a.jpg,1246076,"地铁逃生,和平精英异变危机,武子弈,和平精英",1535481,402,510,25158,6665,121,0,0,51083
BV1BthVz8ELu,114964882856608,1,17,2078,单机游戏,沙盒类,http://i2.hdslb.com/bfs/archive/fffc5943c546dbc23696e8cb3ef288f7e3bb91a9.jpg,【我的世界|后室】爆肝后室！！3.7平方米的level0？自制后室速通,1754225089,128,384505691,妥协本人,https://i2.hdslb.com/bfs/face/eb4806df7e68dc176fbd7af4a955b85cbb07f8ad.jpg,972,"我的世界,后室,爆肝",215595,254,416,1952,2692,88,0,0,23650
BV1pkhtzjECC,114957685360109,1,162,2055,绘画,二次元绘画,http://i1.hdslb.com/bfs/archive/20d59d79e04e80b0ff2d368be88c53e5f04bcf00.jpg,你可能不认识我，但你一定看过我的画。,1754115341,32,28253849,桑德兰的等待,http://i2.hdslb.com/bfs/face/168324a6bdbad8786e31ee0bc302fd0c8535904a.jpg,34053,"三国杀,绘画,插画,王者荣耀",584169,335,802,4520,727,685,0,0,74943
BV1NEhbzQEnV,114957014272994,1,210,2037,模玩·周边,同人动画,http://i2.hdslb.com/bfs/archive/8fa34aaabc6d3330e0d9fd14e59eeca13b58effe.jpg,独家【功夫定格动画】耗时两年半 爆肝十三万张图片 全明星手办重制经典 致敬星爷！,1754105182,5343,303958346,猛男周贼帅,https://i2.hdslb.com/bfs/face/8cab73e07d2bda7194f6818727bcb261187b35a2.jpg,35236,"定格动画,功夫,格斗,动画短片群星计划",1635128,13483,5882,92640,244979,18445,0,7,249334
BV1jE82zQERG,114947686204485,1,21,4218,日常,钓鱼,http://i0.hdslb.com/bfs/archive/c013b0eebdac4494c2826b6d14434fbaf94fc8ae.jpg,遇到爽快的顾客我可以送你一条鱼，遇到难缠的顾客不好意思，分文不让!欢迎收看硬气钓鱼佬摆摊卖鱼!#卖鱼人,1753962706,216,3546923111811210,基尼钓鱼,https://i0.hdslb.com/bfs/face/14033a402e20c6260218928eba6851dde2afddfa.jpg,66525,"鱼,吃货,钓鱼",1138633,684,1076,4002,38860,248,0,0,89694
BV1SGtgzAEh8,114969295324730,1,171,2070,电子竞技,MOBA游戏,http://i1.hdslb.com/bfs/archive/10e170777b577b3379926d611ed071e7a128534e.jpg,学会四天上荣耀！顶级猴子打刘备思路教学！,1754292389,455,18909338,奥特曼zz国一刘备凯,https://i2.hdslb.com/bfs/face/c5e62cfe9d8b0ec7fcba4574fcf4e352d14f4b39.jpg,372974,"孙悟空,王者荣耀,王者荣耀夏日盛典,奥特曼zz,刘备猴子,猴子刘备,猴子打刘备,MOBA,王者荣耀猴子,猴子教学",969944,471,245,7294,2919,66,0,0,28267
BV1bqtVzkE87,114971677560000,1,172,2064,手机游戏,单人RPG游戏,http://i2.hdslb.com/bfs/archive/2325931caa9e38b323b2dfd0a448aba1c28408a3.jpg,我没有抄袭,1754329061,566,8275417,夜神月Lwaite,https://i1.hdslb.com/bfs/face/9be6654cf6b3aeb675161279bf081a1d63fd0fd7.jpg,336931,阴阳师,186928,272,2601,593,4264,1077,0,0,8089
BV13JtjzQE3v,114973858596407,1,130,2024,音乐综合,电台·歌单,http://i0.hdslb.com/bfs/archive/d2953d58b692e218813cc87b697126b8f6cd5d59.jpg,《灵笼》第二季片尾曲「第一推动力」百万级录音棚试听,1754384400,210,3493082817366845,JLRS-jayfm,https://i2.hdslb.com/bfs/face/0da24ae60a20f0f00855a534678864d095d0e900.jpg,2008539,"动画,电台,片尾曲,第一推动力,灵笼2,录音棚,王啸坤,第二季,灵笼,电台新星征集令",103143,239,830,3776,2133,381,0,0,6721
BV1YuhHzyEpy,114953390393940,1,21,2151,日常,美食测评,http://i2.hdslb.com/bfs/archive/69fd72d3da4b3ee8ef64e4cae4d7f533a86aab87.jpg,商家对于人类的咬合力一无所知,1754049997,317,1151638210,搞事明天玩什么生活版,https://i1.hdslb.com/bfs/face/429602c6f42c81a74a714806eeb53b33c15f3d8d.jpg,462469,"测评,生活记录,零食,舌尖真探事务所,零食测评,磨牙零食,必剪创作",512322,1177,709,2196,890,883,0,0,32965
BV1K6tFzPEJ3,114979848130522,1,212,2152,美食侦探,美食记录,http://i1.hdslb.com/bfs/archive/4f2788588206957c867d3ba1d15eb677cb001528.jpg,特厨溯源｜吃“松茸”长大的猪是什么味道？—藏香猪,1754453564,232,3546888255048212,特厨隋坡,https://i2.hdslb.com/bfs/face/4a6a6e459f71080664d3952957f2eafc02418b85.jpg,2439783,"美食,隋坡,特厨隋卞,记录我的美食日常,西藏",368012,1471,2142,2377,6901,1081,0,0,41374
BV1JNhNzVEdE,114959379861289,1,21,2152,日常,美食记录,http://i2.hdslb.com/bfs/archive/db9afc8352e91537819f4e6752bffc89ace3e4f9.jpg,摆摊卖盐焗鹌鹑蛋休息几天差点被偷家了,1754141144,171,3546913290849217,蔡同学盐焗鹌鹑蛋,https://i1.hdslb.com/bfs/face/94c45320168df68bedf32da39cebb5eca075c523.jpg,11826,"街头美食,街头小吃,路边摊,盐焗鹌鹑蛋,我用美食搞事业",926144,91,459,510,646,121,0,0,23161
BV1gu8ozBEBk,114936999053360,1,65,2078,网络游戏,沙盒类,http://i1.hdslb.com/bfs/archive/166f7f7c6a756eb848c67432ead786e280df9ac4.jpg,00后童年的最强沙盒神作！为什么能火到如今？,1754042400,536,174972224,不明天气状况,https://i2.hdslb.com/bfs/face/a2251a07e62430e683ac6d261459f7ea3c800b11.jpg,1542,"单机游戏,我的世界,MC,沙盒游戏,沙盒,Minecraft,像素风",83804,857,703,2468,2904,178,0,0,9040
BV1mAhpzBExM,114952803321273,1,161,2145,手工,传统手工艺,http://i1.hdslb.com/bfs/archive/aba4d40e11a289a1ff2ea560739e296aeffb95ad.jpg,一把鲁班凳传承中华木工技艺，阿成手作匠心初显,1754040829,114,29373131,阿木爷爷,https://i2.hdslb.com/bfs/face/89fc28eef56ece28d706c18435d78fbbe2eaf148.jpg,525200,"传承,技艺,传统手艺,木艺,鲁班凳,我的手工真的很解压",3534066,688,1650,5716,2679,447,0,0,82960
BV1yEt7z3ENW,114973556610726,1,47,2037,同人·手书,同人动画,http://i0.hdslb.com/bfs/archive/719e1a7672f378eb72ac839e4f7512e9a0b79280.jpg,抡语第16集，制作时我都忍不住笑了！,1754388000,258,4323652,画师禾月,https://i1.hdslb.com/bfs/face/b737827217ef6eb6c50093d38e23a4c04f38b5a9.jpg,135625,"原创动画,原创,搞笑,有声漫画,秦始皇,抡语,画师禾月,沙雕,大秦,画师百日创作挑战",126490,168,252,2492,1600,65,0,0,11729
BV1SH8Bz2EA8,114941965112728,1,218,2167,喵星人,猫,http://i0.hdslb.com/bfs/archive/283f0cd8c8cf7e79cbe7229aa89b654dbc35ea94.jpg,猫：我好像被做局了,1753875416,15,241771582,开朗的菠萝头大王,https://i1.hdslb.com/bfs/face/87395d8a9c04751ac4ec02b923ab11b8a83a958d.jpg,587732,"猫咪,喵星人,田园猫,橘猫,包被,菠萝头,萌宠过暑假",1903328,481,1528,11392,749,4969,0,0,172070
BV1pThuztE67,114963238619676,1,216,2207,鬼畜剧场,随拍·综合,http://i2.hdslb.com/bfs/archive/3dc9765623953e03161aa3ce441db8f5eed7485f.jpg,【迪亚哥·蹲芳魂vs乔尼·大胃袋】胜利之风在我背后吹起，这回旋焖子就由你自己享用吧！,1754199871,39,290558439,灌狮子_Glion,https://i0.hdslb.com/bfs/face/18be4eb6fa916252d3b4b4a2b8a71076609880a9.jpg,18352,"JOJO的奇妙冒险,良子大胃袋,蹲芳魂,东方红,飙马野郎,jojo",336767,198,584,7558,1460,6607,0,0,35204
BV1vttVzUEmY,114971442681575,1,162,2055,绘画,二次元绘画,http://i2.hdslb.com/bfs/archive/66218429cbb86b59a7f1dc3cb781f515f7581ba5.jpg,【Procreate】你有这么权威的企鹅进入马达加斯加,1754325255,62,15635155,禾几丁页,https://i1.hdslb.com/bfs/face/a9459de2e8032dfa36027a313808bf5809904cb4.jpg,6666,"绘画过程,拟人,绘画,马达加斯加,马达加斯加的企鹅,PROCREATE",331271,95,732,16340,3426,1428,0,0,62145
BV1wxtMz1Ewm,114968305343425,1,213,2064,美食测评,单人RPG游戏,http://i1.hdslb.com/bfs/archive/5d0166b14d8911cd371938e6ed629685f56d78e2.jpg,明日方舟太好玩了，太有意思了，一点也不杀熟，必须玩到关服！,1754277467,316,1205045754,不信邪的斯坦,https://i0.hdslb.com/bfs/face/155d807e6142dc5e5d678146843eb1592266f1ce.jpg,520158,"策略游戏,抽卡,二次元,明日方舟,美的太太,塔防",308030,2363,2478,1376,1662,1488,0,0,28187
BV17mtjzYEaH,114973623780548,1,238,2128,运动综合,健身科普,http://i2.hdslb.com/bfs/archive/262b03410be6b72156655f4e10b3669d5c1c2f0f.jpg,百日彭于晏第三季开启，带你全国游，奖金18w，用100天的时间彻底改变！,1754358553,69,1667026531,华健盟健身华哥,https://i1.hdslb.com/bfs/face/13aad09d84f050c5a9b3cb2ce432f0da4c11163a.jpg,461704,"正能量,健身,百日硬汉计划,赚钱,挑战,暑期健身蜕变挑战",380415,158,1560,1346,823,858,0,0,21334
BV1cAhNz1E62,114959463876620,1,21,2006,日常,AI影视,http://i2.hdslb.com/bfs/archive/0afbe16af587a7b27fec3a96b303ff17ec057487.jpg,如果让良子把“也”都换成“这一块”,1754142253,49,25592707,双层吉士汉堡-_,https://i1.hdslb.com/bfs/face/773f7a7e5fbafe8e70bc796f42cf5a7f095b3daf.jpg,3323,"古风,搞笑,肥胖,大胃袋,良子本人胃袋这一块,味真足,味真族,糖尿病,良子,这一块",553405,314,2116,14493,3509,30634,0,0,53291
BV1sCh8zWEc2,114958507443524,1,138,2156,搞笑,UP主小综艺,http://i2.hdslb.com/bfs/archive/66c0731088c41d5901e21fb9116724f65be0516a.jpg,我先走一个⚡️,1754129614,325,226231535,智勇双全富贵君,https://i2.hdslb.com/bfs/face/f63d4962dd2dcf4d2cc9cae63cd01a2049f32dab.jpg,2201499,"排球少年,开箱,OPPOReno14,OPPOReno14排球少年联名",2539434,2817,1111,20722,4197,1108,0,58,97894
BV1XWtnzvE7B,114975486119664,1,47,2037,同人·手书,同人动画,http://i1.hdslb.com/bfs/archive/e97e10734db66037a6bf81d06695217e1b8d7e02.jpg,穿越之后开网吧 第二百四十二集，觉醒任务机械牛 #原创动画 #沙雕动画 #搞笑动画 #动画短片,1754387549,372,4450838,在下张小凡,https://i2.hdslb.com/bfs/face/d4b50f5eeb8f472da71370ba0186962b770c0384.jpg,166366,"搞笑动画,动画短片,原创动画,沙雕动画,汽水动画剧场",38583,185,210,674,2410,18,0,0,5617
BV1wM82zbExD,114947602252984,1,215,2149,美食记录,美食制作,http://i2.hdslb.com/bfs/archive/be004f38130e587d34c63720add657607a463269.jpg,文科毕业生15.12吃一顿,1753961538,76,33903433,极品饭灵根z,https://i1.hdslb.com/bfs/face/b85167a5feb1ae3547009e6efe6029b6aca5da4b.jpg,584298,"美食,生活记录,排骨,菠萝,大学毕业生,Vlog",1063246,46772,2400,5766,4704,1619,0,0,133421
BV1ZRhTz2EWA,114961879665290,1,172,2027,手机游戏,音乐综合,http://i0.hdslb.com/bfs/archive/07967251ba3d31f50b01e852464f3c654f4cb9f3.jpg,《明日方舟》EP - Little Wish,1754190000,251,161775300,明日方舟,https://i0.hdslb.com/bfs/face/d4005a0f9b898d8bb049caf9c6355f8e8f772a8f.jpg,6653809,明日方舟,884349,8621,8065,27132,33598,12161,0,39,82965
BV1iChgzQEdM,114964262027707,1,218,2167,喵星人,猫,http://i2.hdslb.com/bfs/archive/484fe81427b1a91cefe38944d7742231dde044fb.jpg,咪有自己的地球转场,1754215717,15,3546894760414025,坦克一斤半,https://i2.hdslb.com/bfs/face/364775b6ab19386fb9c133d501cc4dfcf9c768e3.jpg,45621,"喵星人,地球,美短",2892951,387,2990,91374,20887,27297,0,21,533575
BV1gdhHzVEqP,114952685752135,1,76,2149,美食制作,美食制作,http://i1.hdslb.com/bfs/archive/cc9af53bb601a4223df0cfc0dfe0263224de949d.jpg,挑战给动物做“人类同款”午餐，看它们干饭的样子也太治愈了吧！【Nick DiGiovanni】,1754128800,1429,3546752877594842,Nick_DiGiovanni,https://i2.hdslb.com/bfs/face/86dc101912bf3c032259022fcc6d89a549148a35.jpg,256015,"美食制作,厨艺,动物,Nick DiGiovanni,记录我的美食日常,美食挑战,动物保护",865466,805,140,26268,2290,165,0,0,26544
BV16qhGzeEoc,114965503544960,1,95,2099,数码,电脑,http://i1.hdslb.com/bfs/archive/aac0b8830db3e16d39813ed78b28db97fb5a1384.jpg,【8月电脑配置推荐】这才是正常人要的配置单，耗费一辆小米YU7，只为教你把预算都花都在刀刃上，建议收藏,1754235785,3096,597148617,船长总动员,https://i0.hdslb.com/bfs/face/08010e7b92d8f19ac8fe3fcf57252f057643b19b.jpg,374969,"科技,装机,装机教程,电脑,DIY电脑,配电脑,性价比,电脑配置推荐,装机推荐,配置推荐",223526,240,1323,3921,3340,635,0,0,8934
BV1uLhhzaERs,114958155127485,1,65,2071,网络游戏,射击游戏,http://i1.hdslb.com/bfs/archive/8ffe5d7faadc84c93b1651460decfafe001fa15f.jpg,无头无甲邪恶双喷百万撤离!,1754122809,255,391279365,花牛三角洲行动,https://i0.hdslb.com/bfs/face/73b02b53455186b49f033ab446acf0ff598a4266.jpg,38334,"射击游戏,搞笑,三角洲行动,挑战,三角洲破壁新赛季上线",844431,306,973,26818,1514,2524,0,0,24765
BV15EhNzeEfn,114959497304837,1,158,2002,穿搭,影视剪辑,http://i2.hdslb.com/bfs/archive/4b618ede21e0050759f65548ac8a9ebcd3c65e8e.jpg,“露出来了，然后呢”,1754142791,12,542246263,白昼小熊,https://i1.hdslb.com/bfs/face/4b26f51d6330ea2209192d490f6636e28ec0574c.jpg,1230252,"影视剪辑,日剧,翻拍,今日出门怎么穿",2063340,25,198,22468,1633,1736,0,0,100104
BV1gjtGzMEsP,114970150835335,1,210,2148,模玩·周边,其他手工,http://i1.hdslb.com/bfs/archive/3d96d22cee7e608f0493b66887559fe7c8b7967e.jpg,三年之约，第94天，今天上称！,1754306659,325,3546873015044199,电线玩家,https://i0.hdslb.com/bfs/face/a0f26057f69a6d68272a9ee5c799a7cd6e858ab9.jpg,130024,"手工,DIY,Vlog",102697,144,211,592,2751,42,0,0,21710
BV1syt3zFEjK,114970436043917,1,176,2108,汽车生活,汽车生活,http://i1.hdslb.com/bfs/archive/3026b87185413995f058c91a2ed597a6f49b9783.jpg,老雅阁老当益壮，小老哥天赋异禀,1754352000,387,1745143606,争取最后的自由,https://i1.hdslb.com/bfs/face/2ae4a7fcf321673035a572fea77acc3b3d1e0211.jpg,1578300,"汽车,雅阁,驾驶技巧,美国警察执法,美国警察追车",142300,493,257,722,594,123,0,0,9281
BV1km8dzXEBP,114936898458841,1,21,2154,日常,剧情演绎,http://i1.hdslb.com/bfs/archive/b1f44f7077a9a7605fa2581b12d71efbb185a76d.jpg,谁说要沉浸式体验上海病娇女友？,1753867200,113,279866,千葉球球,https://i2.hdslb.com/bfs/face/20c1acb4d6e502a1d31ed25664717af9821413dd.jpg,869437,"日语,病娇,上海话,4K,搞笑小剧场,破碎感,沪语,抽象",1224073,641,1295,13811,1721,4424,0,0,65223
BV1hRhgz5EVF,114964413024433,1,21,2158,日常,旅游记录,http://i1.hdslb.com/bfs/archive/919a91fa51581a78ef370d68395bab416ae01600.jpg,开着挖机游全国的路上小何被榕江交警带走了！,1754219942,686,1918776707,挖机小何vlog,https://i2.hdslb.com/bfs/face/49ed3cd1acf202dadecc5aaa27e9ac297896530b.jpg,437594,"警察,旅游,生活记录,村超,开着挖机游全国,记录,贵州,榕江",1851532,2928,1827,14349,15600,350,0,64,84921
BV1CN82zhE9o,114947568829852,1,124,2088,社科·法律·心理,社会观察,http://i0.hdslb.com/bfs/archive/9c0c2dc4442207caec0d4610e5fc974c1c0dbdf2.jpg,旺仔小乔会有什么法律风险吗？,1753961011,189,3546584625186941,183的冯律师,https://i2.hdslb.com/bfs/face/a4c8c5f2d5aaa44932f7145010edfcca2a21ffc0.jpg,954235,"法律,律师,旺仔小乔,抽象,法师,普法,法律咨询,法学生,法律观察局",1368451,2192,3854,10117,3387,708,0,0,107499
BV1Fu4Zz2EXA,114977532810354,1,171,2071,电子竞技,射击游戏,http://i0.hdslb.com/bfs/archive/3c32f5d2f581d42a1e442123b47ff5e310ea5ff6.jpg,CS2首个一枪五杀,1754418086,81,203680252,AYCS2,https://i1.hdslb.com/bfs/face/00981afbe0562c34f53b8279670a3e0ebd1f21c8.jpg,1101047,"逆天,一枪五杀,cs2名场面,大狙一枪五杀,挂,五杀,名场面,大狙,cs2,CS2暑期征稿狂欢",383594,194,1255,3814,2654,8133,0,0,24421
BV1oshnzyET2,114951729451884,1,28,2016,原创音乐,原创音乐,http://i0.hdslb.com/bfs/archive/d3d50bf29fb02b4bd043dbcbc0e235d2eb4ae9b0.jpg,旺仔小乔17岁写歌很厉害吗？那看看我的,1754024345,60,1113324161,逸云穿鞋185,https://i2.hdslb.com/bfs/face/9ab1a82a69e929e46727fcb61275e86b530387de.jpg,17833,"音乐分享官,原创音乐,说唱,原创,歌曲,高中生,rap,旺仔小乔,逸云,emo",733754,886,1993,15424,7496,454,0,0,103825
BV1CwhNzLEPv,114959480592593,1,126,2063,人力VOCALOID,鬼畜综合,http://i0.hdslb.com/bfs/archive/788d6a621d2a926e564dea9ffbddd6fbe6a84513.jpg,不要怕在上海喝蜜雪冰城，故乡会保护你,1754142751,97,28348490,咆哮丶土拨鼠,https://i2.hdslb.com/bfs/face/db494c60204f01f01217f92950eccabd13592969.jpg,884250,"AI,上海,鬼畜,赛博山海经,东方明珠,防御塔,蜜雪冰城,黄绿合战10th-黄队应援",385396,959,1970,5536,2366,1705,0,0,29633
BV156tMzKE7R,114968422842876,1,138,2171,搞笑,动物综合·二创,http://i1.hdslb.com/bfs/archive/78f14a22eb416222203475881a63be2a468e8898.jpg,鱼天帝,1754279229,69,1402229439,大丙搞笑配音,https://i0.hdslb.com/bfs/face/6104868b601276de59976e835c95428601800cc0.jpg,363531,"搞笑,搞笑视频,吐槽,配音,搞笑动物配音,这是一个悲伤的故事,搞笑配音,看一遍笑一遍",1325280,139,534,15206,789,1854,0,0,80187
BV1F8tgzDEGN,114969093869038,1,47,2037,同人·手书,同人动画,http://i1.hdslb.com/bfs/archive/3b90027d1ef695b31acae7aef9e20c8788ca1085.jpg,《如此光鲜亮丽，如此形状姣好》【第七届寻光小宇宙奖】“当我爱上你时，世界花团锦簇。”,1754296800,461,287030032,艾艾艾维斯Elvis,https://i1.hdslb.com/bfs/face/721b40b6e4d4147a124c280fd7fdfab4db730f6c.jpg,30906,"水仙,原创动画,剧情向,动画短片,人鱼,原创,逐帧动画,二维动画,寻光小宇宙奖",95669,143,210,8472,4564,841,0,0,14607
BV1b2hVz7ESA,114964681528368,1,182,2001,影视杂谈,影视解读,http://i1.hdslb.com/bfs/archive/a9fd74caab9fd52ca7430cd07623d7c5d8303b8d.jpg,石永菊江大量出没注意！《寻找石永菊江》官方读本参考答案，真相竟是日版XXXX？！,1754407500,1211,170059,AHS放映厅,https://i1.hdslb.com/bfs/face/ef4573d5576707049dda994bdbcd2922d27a1f09.jpg,195341,"惊悚,悬疑,都市传说,恐怖片,电影解说,灵异,日本,伪纪录片,寻找石永菊江,万字拉片大赛",47194,116,156,1200,925,187,0,0,2384
BV15ahVzoEoZ,114964899561749,1,176,2106,汽车生活,汽车测评,http://i1.hdslb.com/bfs/archive/113679c07bdb574a3ed52ac50c70f174e70a7b9b.jpg,JDM神车登场，七星老哥驾驶斯巴鲁翼豹WRX STI登场,1754265600,280,1745143606,争取最后的自由,https://i1.hdslb.com/bfs/face/2ae4a7fcf321673035a572fea77acc3b3d1e0211.jpg,1578300,"汽车,JDM,驾驶技巧",273115,918,702,2928,1687,989,0,0,18589
BV1ofhEzCEZE,114952400607365,1,17,2171,单机游戏,动物综合·二创,http://i2.hdslb.com/bfs/archive/a1280bc71174507d3dd028151c25f4c6099f583b.jpg,我是为奶奶分担家务的好猫！,1754380800,248,14576879,里昂聊游戏,https://i2.hdslb.com/bfs/face/5a5d2e7392187a3d76109619d05f7c011c724b95.jpg,1705985,"云鲸洗地机,云鲸轻集污洗地机,云鲸S3Island,云鲸AI免维护洗地机,内向,文静,整点电子榨菜",1618601,910,302,26479,2543,258,0,0,44300
BV1fUhAzNEhr,114940958480075,1,21,2154,日常,剧情演绎,http://i2.hdslb.com/bfs/archive/74339802ab67b77d8359b93bc47b5e429ae3b593.jpg,东北人的能量真的没人管管吗？,1753864684,192,1317825098,一只广宇,https://i2.hdslb.com/bfs/face/8b1bf31f6340a662e3431cef4b44e9a08ec9e699.jpg,547190,"拼好饭你变了,补贴是一时的拼好饭是一直的,重要的事情值得拼一下,拼好饭6.9元盲盒,点拼好饭是有0次和无数次,#拼好饭6块9盲盒抽孙颖莎周边,美团拼好饭",1848965,504,798,4346,2060,549,0,0,86211
BV1zHh3zdE3C,114964178213883,1,252,2040,仿妆cos,二次元线下,http://i0.hdslb.com/bfs/archive/17c6c39f951b4e3714a3dbc8bdb07f3e4fb7e256.jpg,内向！不敢逛漫展，怕被美女抱着亲！,1754216614,208,632887,伢伢gagako,https://i1.hdslb.com/bfs/face/38d85946c9cd0cf159e4d646be63fad36c2486c1.jpg,2312905,"伢伢,漫展特种兵,淘小宝,淘宝闪购请你喝秋天第一杯,淘小宝ChinaJoy在线炒菜,社交悍匪淘小宝,抽象只是我的宝护色,淘宝闪购CJ请客⼆次元,采访,整活",1439929,2957,280,11769,1045,174,0,0,68385
BV1oRtuzyEyc,114969815420216,1,65,2071,网络游戏,射击游戏,http://i2.hdslb.com/bfs/archive/74eb5d0917d34d903028058f8e8f691ee8749792.jpg,给我7分钟让你爱上绝密航天跑刀77！,1754300530,478,3546897845324636,汉跑跑三角洲行动,https://i2.hdslb.com/bfs/face/93f7c38cd7e4ab5cfdc8e715103ea4e7888462d5.jpg,21027,"FPS,航天,三角洲行动,绝密航天,航天跑刀,教程攻略",576970,567,566,4095,575,1225,0,0,38138
BV1W2h8zHEeB,114958541003336,1,212,2150,美食侦探,美食探店,http://i2.hdslb.com/bfs/archive/755a25881649b5bd8ccde56e61608c9270320f73.jpg,日本超相扑尺寸饭！普通人来挑战到底能吃完吗？,1754130926,603,405279279,平平出击,https://i0.hdslb.com/bfs/face/87bbab304eff564ec50d999f4c163f2ab225b896.jpg,770594,"烧烤,吃货,4K,日本料理,自助餐,平平出击,记录我的美食日常,沙雕,挑战,探店",677893,2137,826,2988,13074,797,0,0,35444
BV1DFtLz1Emn,114972583532479,1,47,2037,同人·手书,同人动画,http://i1.hdslb.com/bfs/archive/fd05168d272f6f4f517b11174bb86c6e100bad1c.jpg,【三角洲/红狼&深蓝】那你再看看你前面呢（,1754342623,20,1632841095,巨日地板,https://i0.hdslb.com/bfs/face/50d9eb192a99ed8c22944f2f67ee2b8375572457.jpg,2385,"同人,动画短片,三角洲行动,深蓝,红狼,meme,三角洲破壁新赛季上线",329182,82,396,7242,582,582,0,0,21612
BV1aXhHzLEvy,114952652261560,1,215,2152,美食记录,美食记录,http://i2.hdslb.com/bfs/archive/7927e7bdd62100c4965564ca219de6b755f145f9.jpg,家庭版豪华剩宴，带上米饭辣条和大大薯片狂欢不饿的一天～,1754038575,119,1201986019,留意炫饭吖,https://i1.hdslb.com/bfs/face/f4fa26aea4b9077bb23844ceb296e8736027b2fe.jpg,1447484,"辣条,薯片,Vlog,我的养娃心得",611778,543,396,3509,910,880,0,0,62897
BV14ttjzjEWJ,114974110321978,1,17,2078,单机游戏,沙盒类,http://i2.hdslb.com/bfs/archive/cd9d1d0eaf62f6c121ab9bedfa7da43e615b1714.jpg,一口气看完，鱼卡嘴老年团的恐怖解密《毒药》,1754388000,3715,389407124,我的世界木鱼,https://i2.hdslb.com/bfs/face/c99f2ea3f47cf9c2ac0ba73519c715a2764ee0ba.jpg,2001261,"游戏实况,搞笑,恐怖,我的世界,木鱼,毒药,一口气看完,木鱼乐风,污妖王集团,整点电子榨菜",226668,7530,1428,12733,18049,933,0,0,31531
BV1oHhnz2EiH,114951830118348,1,21,2154,日常,剧情演绎,http://i1.hdslb.com/bfs/archive/a3e75ed1e05cc83563661336f221a90903c5895d.jpg,弗雷尔卓德大龙卓别林默剧这一块,1754027167,66,3546915536898295,弗雷尔卓德创始人,https://i1.hdslb.com/bfs/face/66bdebf1ef359f7022f2c82ce5867b763db12fe0.jpg,31072,"经典,电影,喜剧",881583,452,2063,13869,7597,11773,0,0,138931
BV1AEhPz1EMY,114959950350983,1,183,2006,影视剪辑,AI影视,http://i0.hdslb.com/bfs/archive/c5b658777fe253c4ab0d4cc36fa4b60aebb8296b.jpg,【配音视频】黑金之理想对撞：想得这么理想，注定有物理破坏甜梦一场。。。,1754149898,148,434414734,那个东爷,https://i1.hdslb.com/bfs/face/8a3881ddbac81eeb5b1dc09963a93d600eafa3bd.jpg,58331,"影视剪辑,电影剪辑,黑金,配音,理想,配音视频,AI配音,影视神仙剪刀手",410431,583,547,3195,4538,3320,0,0,25568
BV1nw4dzCEuj,114976777899009,1,17,2079,单机游戏,其他游戏,http://i1.hdslb.com/bfs/archive/c3fa2acd879c6ffb87a35924eb4008cf150738d0.jpg,恐龙岛大猎杀（上），江湖团周年庆火热开启，团建活动精彩不断,1754407226,3676,3493273226185448,龙岛蛋壳,https://i2.hdslb.com/bfs/face/2389ca291eaee3b0486133845af7c25e3b0c9c9b.jpg,527753,"主机游戏,游戏集锦,生存游戏,游戏解说,实况解说,游戏实况,恐龙岛大猎杀,游戏搞笑,恐龙岛,整点电子榨菜",332502,3318,199,17187,1504,40,0,0,15010
BV1obhsztE9R,114955571437290,1,22,2063,鬼畜调教,鬼畜综合,http://i1.hdslb.com/bfs/archive/ea43eda7cbf56a67f4fdb1136d6537dde50931fc.jpg,死基 Main Titles,1754091000,68,15171160,korlaz,https://i1.hdslb.com/bfs/face/5441317616263ed0a8babecfdc22566f9b4708eb.jpg,2161,"鬼畜,影视音乐,音mad,私人音乐,私人笑声,死寂,哈基米,黄绿合战10th-绿队应援",142328,230,1645,10961,2182,5703,0,0,23613
BV1Gm8CzKE4F,114947266910015,1,201,2171,科学科普,动物综合·二创,http://i1.hdslb.com/bfs/archive/c3d11ae879dfbcd52ac1c5d532f369ad71e20083.jpg,【花小烙】不小心投胎成了一头雄狮，你会过上什么样的狮生？,1753956470,384,402576555,画渣花小烙,https://i0.hdslb.com/bfs/face/64765bc5c4ce223a6d43e6b11202410708a8c297.jpg,5346710,"科普,漫画,花小烙,狮子,3分钟分享一个科学知识",1859377,2399,2537,19455,11729,853,0,66,122735
BV1gGhhzeE6i,114958255784274,1,47,2037,同人·手书,同人动画,http://i1.hdslb.com/bfs/archive/ca7a4372c8f9878102ac3758a56868c71e5f27a0.jpg,15岁自学动画爆肝5个月，尝试手绘动画二创《越狱兔 第六季》,1754131200,262,1585678426,叫南瓜皮的我,https://i1.hdslb.com/bfs/face/d1241d8de7784fdc5d090f6439690673a2634134.jpg,39878,"学生作品,越狱兔,手绘动画,同人,动画,童年回忆,爆肝,自制动画",2061251,2088,4067,65871,131096,7881,0,7,248162
BV11ptGzPEdT,114970352291688,1,21,2090,日常,人文历史,http://i1.hdslb.com/bfs/archive/116dad9c71f26b579f284025a9b8801c5882ea5b.jpg,戏，真的比天大吗？,1754308567,412,11731157,平原公子,https://i2.hdslb.com/bfs/face/637edfcb1b6bda1da6b87611d93d3faf60082e75.jpg,54887,"人文历史档案馆,必剪创作",80426,160,544,1026,797,145,0,0,6308
BV1nRt3zpEzS,114970587043367,1,251,2171,三农,动物综合·二创,http://i0.hdslb.com/bfs/archive/20dfd47739f3770f764cb01c6175039280fad5ab.jpg,上哪说理去！,1754312462,66,3493082429393058,老刘baby鹿乡一哥,https://i0.hdslb.com/bfs/face/6df686fe3fe1fec617868cd28900d8027615e3ac.jpg,22048,"生活记录,鹿产品,滋补",209063,237,305,590,1002,34,0,0,37291
BV1nG8GzZEbH,114926530138278,1,200,2032,国风舞蹈,国风舞蹈,http://i0.hdslb.com/bfs/archive/ccd16c29218f589869cca190bc266847012592b6.jpg,“让我看看这俩塑料袋能变出个啥”,1753866000,15,20380391,谷雨长青-,https://i2.hdslb.com/bfs/face/4a95a92baa1ca75551e8d1de1b84746c5079f6a3.jpg,161099,"水袖,舞蹈,古典舞,轻舞蹈竖屏激励计划",557555,114,270,14134,3237,796,0,0,140310
BV1bKhLzpEmT,114965956527560,1,130,2017,音乐综合,MV,http://i2.hdslb.com/bfs/archive/c8acc09a9f04b4913d6a502924019bd5bf368172.jpg,【中日歌词首发/完整版】FGO十周年纪念动画主题曲「美丽世界」神山羊×YOSUKE from SPYAIR,1754241632,243,15319615,Aki惊蛰,https://i1.hdslb.com/bfs/face/3ca6c1855a4e0feaf40e857bdb194adbccf3d63a.jpg,257246,"FGO,SPYAIR,二次元,Fate,fes2025,すばらしいせかい,十周年,Fate/Grand Order,神山羊,fgo十周年",259879,729,777,15323,7172,2675,0,0,19266
BV1PCh8zsEsX,114958507577064,1,210,2201,模玩·周边,潮玩玩具,http://i2.hdslb.com/bfs/archive/b07a19f6d3399276fb332ca4520fa12532e57584.jpg,兵人领域最强工艺JND1/6小丑兵人测评,1754128584,286,236442514,肖恩阿切尔,https://i1.hdslb.com/bfs/face/33fa3c9caeed230824b1ccfb9aed21e151f6c45d.jpg,135831,"测评,小丑,模型,JND,兵人,希斯莱杰小丑",4477086,13308,2292,35185,5859,11396,0,9,233303
BV114hHzAErX,114952937479408,1,138,2154,搞笑,剧情演绎,http://i0.hdslb.com/bfs/archive/c8014fc2dd160ea4f4b4f3d88d2c083c76150194.jpg,课代表历险记（二）！,1754042928,239,393709394,一串大福,https://i2.hdslb.com/bfs/face/e6d1cf7df22235495d25d7ae77a4aa185e5d8c7f.jpg,1551858,"原创,搞笑,搞笑小剧场,来福来福,一串大福,课代表历险记,学生时代,朱迪,fyp",3159011,2131,1181,43071,3830,399,0,48,99762
BV1YnhtzhEe9,114957987351205,1,17,2077,单机游戏,休闲/小游戏,http://i0.hdslb.com/bfs/archive/8e494eb518b75f3d58af1043cff4d52bb6fd869b.jpg,十年前碰瓷pvZ 3，质量究竟如何？,1754119878,230,3546716194212512,蓝莓菌hy,https://i2.hdslb.com/bfs/face/b1aefa56b667fd68c648a9b85c6d6caa451ca97d.jpg,21675,"植物大战僵尸,娱乐,回忆,童年回忆,盗版游戏,试毒,植物大战僵尸3",857755,531,451,12710,1894,91,0,0,26444
BV1hGhHzkEkc,114953423949712,1,17,2071,单机游戏,射击游戏,http://i0.hdslb.com/bfs/archive/eac61517f5712b463f08894c0e17d109e0e21dc5.jpg,挑战三角洲日服夺舍一百个！冲,1754050255,146,523494348,包子三角洲行动,https://i0.hdslb.com/bfs/face/1f85cf24c3308b335d93d71d2b01e0a4bb67ce0c.jpg,13497,"电子竞技,精彩集锦,FPS,三角洲行动,杨齐家,三角洲日服,夺舍,三角洲",505156,352,251,6081,658,194,0,0,38116
BV1bch3zgEEu,114964345920982,1,208,2092,校园学习,心理杂谈,http://i0.hdslb.com/bfs/archive/da72318846047845f9a588cc828aa4d90d7836b3.jpg,其实父母根本没有教过我们如何社交,1754217206,136,25694274,小五只会一点点,https://i0.hdslb.com/bfs/face/dac3f29feb6f36bea16d4a81eb2b423381528efc.jpg,560138,"职场,家庭,心理,社交,大学生,父母,人际关系,拒绝,原生家庭,学生UP主养成计划",114419,22,260,15931,968,386,0,0,20815
BV1srtuzsENP,114969630936061,1,30,2016,VOCALOID·UTAU,原创音乐,http://i0.hdslb.com/bfs/archive/fa992b94b8689de13c99eb113ed47749bea7699f.jpg,【星尘原创】这首歌献给所有成为大人的孩子们——重编版,1754304900,205,3493257147321138,哆啦慢,https://i0.hdslb.com/bfs/face/2f68eea4727204711c156a87e859678f3924134e.jpg,46673,"原创音乐,VOCALOID,VOCALOID CHINA,星尘,大人,孩子们,中文VOCALOID",185444,193,487,29437,6274,700,0,0,42377
BV1f6hHzWEh6,114953054978372,1,157,2111,美妆护肤,美妆,http://i0.hdslb.com/bfs/archive/66d4e8b2b64f08d7edddc160af86a012d0f20f38.jpg,哇！夏天和彩色眼妆绝配！,1754128500,225,403899908,金大迪_,https://i2.hdslb.com/bfs/face/883eb7996b6d84242d5e5c5bb92ae2894b31b233.jpg,1175055,"美妆,美妆教程,日常妆,眼妆,暑假学化妆,眼影,彩色眼妆,彩色眼影",351689,544,212,14926,1432,631,0,0,22473
BV1eahVzoEkm,114964899629215,1,65,2070,网络游戏,MOBA游戏,http://i1.hdslb.com/bfs/archive/b719d60641991b68ca12fca3e03a578c0e6d798c.jpg,“男朋友一直嫌弃我胸小！？”,1754280000,460,239060440,冲男阿凉,https://i1.hdslb.com/bfs/face/ed5981237c5e18af1de7e620150ca940330f0a7e.jpg,1259569,"情感,校园,搞笑,网络游戏,爱情,沙雕,段子,凉哥,地狱笑话,英雄联盟电竞世界杯",494759,446,781,1972,930,582,0,0,27355
BV1cZh3zwEMv,114963456722333,1,17,2171,单机游戏,动物综合·二创,http://i2.hdslb.com/bfs/archive/2dea1275b7616d015faa34238f0c7d95a26d4d99.jpg,发给你玩泰拉瑞亚的朋友并什么也不说,1754203357,23,401754235,栗子乔生,https://i1.hdslb.com/bfs/face/a59d400448116c2a1833a5f456f50164f32dc249.jpg,25631,"泰拉瑞亚,整点电子榨菜",476703,354,1210,6334,728,21755,0,0,54640
BV1yNtVzeECF,114971761446195,1,17,2038,单机游戏,模玩周边,http://i1.hdslb.com/bfs/archive/35aa89388189161ce7448beca3824f364ece5745.jpg,开包日版mega卡盒，为了mega沙奈朵,1754366400,1550,343348,口袋迷ag,https://i1.hdslb.com/bfs/face/0339f625390570205b46ef4ad07f16d172a19123.jpg,1098965,"POKEMON,任天堂,精灵宝可梦,宝可梦,桌游棋牌,宝可梦集换式卡片游戏,ptcg,宝可梦卡牌,ptcgp",97825,729,438,507,1395,423,0,0,5195
BV1rTt3zsEos,114968959650853,1,253,2042,动漫杂谈,动漫评论,http://i2.hdslb.com/bfs/archive/41d95f32bb65e9f14bdb89db8a1f8f5524b4491f.jpg,一集评分滑坠！最顶级的制作+最灾难的故事收尾！自暴自弃的《章鱼P的原罪》【7月新番中期简评#1】,1754294400,670,904827,JK低手鱼太,https://i0.hdslb.com/bfs/face/e24e70bbe1134a18ae7aefaedd0b7b3e5aaa1a88.jpg,659537,"新番,动漫杂谈,章鱼P的原罪,动画种草激励计划,大今良时：嚯嚯，这都有同行的啊,竹下良平：嚯嚯，这都有同行的啊,浅野一二零：嚯嚯，这都有同行的啊,甲蛋蒜：嚯嚯，欢迎同行加入,7月新番,番声",175736,406,1452,1356,938,354,0,0,5409
BV1F78UzcE3k,114948608886180,1,85,2005,小剧场,短剧短片,http://i0.hdslb.com/bfs/archive/bcabb4168acd0c9f9598bde0e7e2d793046237b0.jpg,“猫鼠游戏”,1753976954,306,86973647,记住周淮,https://i2.hdslb.com/bfs/face/eced9fbed8ac4bb80227c2ee61aef26b78ef92e2.jpg,821809,"B站小剧场,原创,剧情向",1715501,5496,999,18405,1015,1276,0,0,38773
BV1WPhTzQExA,114960285833986,1,216,2063,鬼畜剧场,鬼畜综合,http://i0.hdslb.com/bfs/archive/f7d6e2b60f59e6e0ba002961dc0c7ca95daefff0.jpg,《少林寺新方丈选拔大赛》,1754155101,375,1650750,阿游Kidding,https://i0.hdslb.com/bfs/face/8fa7e3f35d1561fb83089e7ef349e7f0585caf3b.jpg,3122,"周星驰,搞笑,佛教,少林寺,鸠摩智,法海,释永信,整活,鬼畜剧场,鬼畜星探企划",1185364,1951,899,4290,7902,2279,0,0,30210
BV1sktuzXE1L,114969681073044,1,220,2168,动物二创,狗,http://i2.hdslb.com/bfs/archive/da38b818d6d2734b6394f44dbbf99110f1957983.jpg,狗仗人势让你展示的淋漓尽致,1754298551,32,1870883193,猫后生,https://i0.hdslb.com/bfs/face/2314ea25bbc2252b8e1e342893725d19fdc3bbff.jpg,1154634,"汪星人,搞笑,动物总动员",532380,66,254,854,722,451,0,0,24935
BV112hnz8Ent,114953709165296,1,168,2037,国产原创相关,同人动画,http://i0.hdslb.com/bfs/archive/aa3ce98044ff87e5265cad34a9a03011b5797f22.jpg,《圣体瞎魂》第二集： 铁血父子正在觉醒！,1754054716,301,3546944630688596,皮亦瞎,https://i2.hdslb.com/bfs/face/92dc75c1cfd158537daa6c7b302b277df2630e1c.jpg,11618,"原创动画,虾仁动画,希望能火",191420,199,202,9569,1355,45,0,0,22219
BV1Ls8qzdEgV,114942518758086,1,216,2041,鬼畜剧场,动漫剪辑,http://i1.hdslb.com/bfs/archive/732e49190f10aa0f6a507a8402837331389e3c0f.jpg,韩立结婴后回到乱星海，嚣张得简直无法无天,1753883879,72,44359329,路人甲导演,https://i0.hdslb.com/bfs/face/41d9cbb745857d012c40de974690860cd9c3beb6.jpg,9869,"凡人修仙传,极阴,乱星海,风希,温天仁,玄骨,韩立,修仙搭子选伊利",808367,463,1442,4050,4613,2913,0,0,31421
BV1GMhhzTEWU,114958239009590,1,138,2154,搞笑,剧情演绎,http://i2.hdslb.com/bfs/archive/167e3f0448ce6b8ff7878eeac49e645fd2b31a42.jpg,我奶上个月交了1000元电费,1754123820,377,1659651634,七颗猩猩QKXX,https://i1.hdslb.com/bfs/face/e48329f6999d331dcb3cb5ca7ecf2b4b1100d83d.jpg,3186204,"搞笑,原创,搞笑小剧场",3127773,1547,2427,42384,10099,2289,0,35,116139
BV1ek8CzBEBa,114947048675110,1,162,2037,绘画,同人动画,http://i0.hdslb.com/bfs/archive/7215af052778b6a0084da79211f368989d6ba6e4.jpg,开 门 接 受 检 查,1753952838,32,39603093,一只毒蛇,https://i0.hdslb.com/bfs/face/a5971c8f014b400f2359e213127aadac19b6d010.jpg,82287,"火柴人,食品安全等级,画师激励计划,FSQG,柴设",1182910,512,722,51519,4730,2567,0,0,166482
BV1JRtnz5EtL,114975418945602,1,17,2079,单机游戏,其他游戏,http://i2.hdslb.com/bfs/archive/a6ef3678a32478b1d457efe94e9065edc8ff0d48.jpg,一款揭露国外演艺圈隐藏黑暗面的恐怖游戏 电影试镜的背后隐藏着可怕的秘密！,1754386162,6901,733871,友利奈绪大魔王丶,https://i2.hdslb.com/bfs/face/7bf9bd36ee171fd368cc30b89ccffb840654f455.jpg,1390538,"恐怖游戏,演员,攻略解说,惊悚,电影,遗映,Dead Take,演艺圈,娱乐圈,推荐宝藏游戏",52155,249,101,1408,1041,59,0,0,9190
BV1phhHz8EPF,114952954187731,1,30,2022,VOCALOID·UTAU,VOCALOID,http://i0.hdslb.com/bfs/archive/7ef814b3a46b4555d1e3aec905bb622e4d4521ac.jpg,【初音ミク】いますぐ輪廻（即刻轮回）【なきそ】,1754043184,123,39873100,珠紫MuRaSaKi,https://i1.hdslb.com/bfs/face/c10d5bdf351c2eca4a5b57f48a506492a6a940d1.jpg,37973,"初音未来,VOCALOID,なきそ,いますぐ輪廻",933895,2867,4009,66444,9039,11674,0,0,93012
BV1WP8yzWEyk,114946746684096,1,172,2207,手机游戏,随拍·综合,http://i0.hdslb.com/bfs/archive/dec6be9a482bb9662341c9faa316c56cc5cdb02e.jpg,《女神异闻录5 皇家版》代表曲目《Life Will Change》2DMV公开 /初音未来×镜音铃×镜音连,1754298000,244,3546749308242173,初音未来缤纷舞台,https://i2.hdslb.com/bfs/face/408f52803ee221c7d0a057b2e15d1f42dc5bfc03.jpg,984473,"镜音铃,手机游戏,镜音连,初音未来,世界计划,初音未来：缤纷舞台,PJSK,初音未来缤纷舞台",1078466,24747,4921,15786,1944,24828,0,89,76474
BV1KNhpzTE3M,114952786415325,1,21,2154,日常,剧情演绎,http://i1.hdslb.com/bfs/archive/4b8e0e18a78238a70bb9304d9f389ae60c742f53.jpg,b站让我用十秒留住观众（物理）,1754107500,288,9354231,快乐的台长,https://i0.hdslb.com/bfs/face/84f1b28f5b474e298603fc7b85eba8545dac968c.jpg,1295736,"生活,搞笑视频,娱乐,搞笑,恶搞,高能,学生,小剧场,台长,我的离谱暑假",1334029,19778,609,20551,4297,830,0,0,75527
BV1tkh3zGE6F,114963691670441,1,172,2071,手机游戏,射击游戏,http://i1.hdslb.com/bfs/archive/541e27a39a5d9a47a8c0ec92341cdd617a8b7b64.jpg,“暗区最后的干货萌新导师”,1754207466,130,2091253414,石魔不是石磨-暗区,https://i1.hdslb.com/bfs/face/5e0e26b557d28f08e8d8b5cacadfaf2b170c8c66.jpg,101631,"暗区突围可颂作者团,暗区突围高能团第一期,暗区突围",265729,5591,455,12922,1076,571,0,0,28321
BV15NtGz1EVA,114970536707206,1,176,2108,汽车生活,汽车生活,http://i1.hdslb.com/bfs/archive/d7dd3667483618c0030b14f37e8851ae93ffad4c.jpg,花70万，大家笑我买了台废铁……,1754362800,898,25150941,极速拍档,http://i0.hdslb.com/bfs/face/e9035c3a7089ce7e11d72cb0cf15fa92064b14ef.jpg,3315285,"汽车,老卫士,二手车,卫士,路虎卫士,越野车,汽车文化,老车,汽车修复",559853,4523,1236,4092,13348,991,0,0,31891
BV1EihJzEE3s,114952266320549,1,21,2188,日常,自我成长,http://i2.hdslb.com/bfs/archive/681e661dca5c124ed9357fa248a88ffd3f8cf448.jpg,学不进去的时候，想玩手机的时候，来看看吧,1754128800,410,490340432,英语老师晓艳,https://i2.hdslb.com/bfs/face/ec941be9327acdf6c0d30d3b0aaa4390087e0efc.jpg,545510,"学习,手机,学丞,坚持,刘晓艳,学不进去,爱的100种表达方式",180418,457,259,17385,2934,1369,0,0,16053
BV1tbtjz1EAh,114974093549347,1,17,2077,单机游戏,休闲/小游戏,http://i2.hdslb.com/bfs/archive/90269a466b4b70afd5f0bd92a9b209fbec9bb525.jpg,觉醒后，我拿下了七杀！,1754365551,306,64116958,名游社,https://i1.hdslb.com/bfs/face/0ca11f1f7e159f848be4ef14d87042f0380f47d3.jpg,1198725,"联机游戏,娱乐,策略游戏,游戏实况,搞笑,名游社,休闲益智,沙雕,整点电子榨菜",225029,413,545,1776,1644,128,0,0,16464
BV1DZhgzGEEQ,114964446650001,1,252,2039,仿妆cos,cosplay,http://i0.hdslb.com/bfs/archive/68db4ad5b76e87096273e1b59539c2efdf2208ae.jpg,“你可以模仿一下花火受击音效吗”,1754218509,167,1337856191,困困不知道哦,https://i2.hdslb.com/bfs/face/b1cc84d6b200ec5d7ab822337ee1a1e24d7f5cdb.jpg,482691,"搞笑,读评论,花火,cos,武当花火,火影忍者手游,日向花火,Cosplay",916618,387,1188,15063,3093,1007,0,0,45485
BV1LyhHzDErJ,114952736082156,1,59,2021,演奏,演奏,http://i1.hdslb.com/bfs/archive/6b38c2e7fb212fa172dae636f4b6af8f2cd85453.jpg,中西合璧！法国人跳惊鸿舞？“那年杏花微雨，你说你是果郡王…”,1754125200,172,15960317,碰碰彭碰彭,https://i2.hdslb.com/bfs/face/739613f8787e7def3a54ff6e4f0d44494f6252bf.jpg,3376211,"法国,中国风,合奏,街头,演奏,甄嬛传,古筝",344910,335,266,1134,2254,225,0,0,19675
BV1N282zYEum,114947451327687,1,138,2083,搞笑,综合资讯,http://i0.hdslb.com/bfs/archive/f5062be04aa40c1f1b6469f8a850c2cb2f3e91ce.jpg,这应该是女孩子都有的技能吧！,1753959249,36,457718798,主持人yoyo酱,https://i2.hdslb.com/bfs/face/571c63f133b7379fbed645130450c3168a4aec5e.jpg,1758993,"小姐姐,韩剧,女生,女孩,搞笑研究所",1390637,599,1058,2615,565,913,0,0,74227
BV1N2h3zzEdK,114963909708493,1,171,2207,电子竞技,随拍·综合,http://i0.hdslb.com/bfs/archive/77a4bacc1f3fbc7533ffc1bc32ca1383202a8c74.jpg,这次真的是倒下了……,1754210457,112,86881329,梦求真暗区突围,https://i0.hdslb.com/bfs/face/d84594e9cf32103ec7db3253f824c3df4525f40f.jpg,803310,暗区突围2077联动,728652,944,1607,11810,13321,237,0,0,64705
BV11Pt3z4EPi,114968791882736,1,171,2071,电子竞技,射击游戏,http://i1.hdslb.com/bfs/archive/697c90fe7e2bc169c5e4f80788c3bf6678b6879b.jpg,神之大超，他不藏了！Chopper总决赛五杀ACE！绿龙荣获2025科隆总冠军！,1754284844,338,203680252,AYCS2,https://i1.hdslb.com/bfs/face/00981afbe0562c34f53b8279670a3e0ebd1f21c8.jpg,1101049,"donk,cs2赛事名场面,五杀,大超,绿龙,spirit,mouz,cs2,chopper,CS2赛事暑期狂欢",588686,1274,2145,2974,3075,2115,0,0,30523
BV1BNhAzvEBf,114941428304404,1,215,2152,美食记录,美食记录,http://i0.hdslb.com/bfs/archive/679bd070c866a7ebcbdc1cf4e8debb08732f3305.jpg,成都18一碗的猪脚饭自助，卖西班牙老外81不过分吧？,1754042400,329,1984198637,西班牙陈挺,https://i2.hdslb.com/bfs/face/80a8d4d675bf87beba65d8b2af8f8beb63c6b641.jpg,2251627,记录我的美食日常,1208892,2433,2405,5876,4390,577,0,0,96986
BV1zMtnz1E9B,114975989369918,1,21,2071,日常,射击游戏,http://i0.hdslb.com/bfs/archive/04d1648218b1fb50f4dd41e192945581c92024ce.jpg,暗区突围又将迎来超大更新！队友可增援！热成像免费！暗区突围超牛逼！,1754394673,323,498987983,纯真的向死酱,https://i2.hdslb.com/bfs/face/b4fdd30e92973d85ff67a783d336f12097f00c60.jpg,1065426,"搞笑,暗区高能团第一期,爆料,教程攻略,整活,必剪创作,暗区突围",168465,1125,1198,1355,657,1417,0,0,11342
BV1xShVzLEQ5,114964715079685,1,21,2197,日常,其他vlog,http://i0.hdslb.com/bfs/archive/18167da8dddf316765db03fbf3fc2cb4922b131f.jpg,到底有什么事能阻止她看小说？,1754222390,55,125407614,大王同学的生活,https://i0.hdslb.com/bfs/face/b50d4db1a0fdb8bb5d871e9b991b3b29adab46d5.jpg,18078,"小说,破看文的,小说妹,生活vlog,独居生活,失业日记,我的生活已经next level",332504,180,1137,5422,1149,1045,0,0,33481
BV1x9hPzDERY,114959765740629,1,193,2020,MV,翻唱,http://i1.hdslb.com/bfs/archive/a6c9de39fa83eb6a4881bdff4f338e88e16b5edf.jpg,Nina《one spot》日本版番外（city pop） cover沈佳润,1754146934,169,3546810842876797,TH彼岸花,https://i1.hdslb.com/bfs/face/ef00ce22800adf5ebd6da0e14802c9205c2913ff.jpg,9770,"音乐分享官,COVER,日本,美美桑内,Onespot,Nina,citypop,沈佳润",172813,291,616,5882,3983,1219,0,0,17286
BV1uDh7zcEqb,114951075137595,1,138,2178,搞笑,亲子综合,http://i1.hdslb.com/bfs/archive/2a00b2d763730b472f6fc834d541d8de8b6f0ba8.jpg,再一次当女儿们的画板,1754014354,43,455876411,TheRock_Johnson,http://i2.hdslb.com/bfs/face/4de05f3d8abf7b7172eda2808eb62617fb820bf1.jpg,3013230,"短片,原创,女儿",1396243,1147,2324,9173,2687,2422,0,0,168631
BV1aM81zzEjs,114946377523103,1,121,2037,GMV,同人动画,http://i0.hdslb.com/bfs/archive/e13003e0ece268dee3573e3d81d572821873b390.jpg,这下没刀子了，我保留了最原始的味道,1754202600,62,87298499,忆梦生寒,https://i2.hdslb.com/bfs/face/bc779106de115ea27e5adb5137d8e8fda45fbc28.jpg,20273,"大厨懒羊羊,崩坏：星穹铁道创作者激励计划",115076,231,475,10594,885,1501,0,0,28096
BV1yQhszkER1,114955319774873,1,65,2071,网络游戏,射击游戏,http://i1.hdslb.com/bfs/archive/9df2b4b7a3391866462eaabc9e9e53062ea2e808.jpg,剥蒜的情谊41.0,1754103600,70,12705018,NinthA-,https://i0.hdslb.com/bfs/face/90fbf5732bd3bffd6a4d094acec17d30756f581e.jpg,190298,"猎奇,三角洲行动,三角洲欢乐剧场,三角洲搞笑",1973357,13688,820,11655,1995,4891,0,0,101091
BV1ChhHz8EY1,114952954256519,1,31,2022,翻唱,VOCALOID,http://i1.hdslb.com/bfs/archive/a93cbe4766b00ad01c0c1ae13e9d9f50bc943bca.jpg,チェリーポップ /covered by しぐれうい,1754043100,141,2601367,時雨羽衣Official,https://i1.hdslb.com/bfs/face/6fdd55db4dab958980f43eecc41c4ac330f72ae3.jpg,856046,"DECO*27,チェリーポップ,しぐれうい,Cherry Pop,时雨羽衣",347388,1585,857,16724,5262,2443,0,0,59198
BV1gdhHzVE6m,114952685750447,1,138,2166,搞笑,农村生活,http://i0.hdslb.com/bfs/archive/b90ad3bf606948021e18dc2d3a49d811e3964087.jpg,我做了一个70年的天王梦,1754038992,18,667606816,毛宇鹏-抽象爷爷,https://i1.hdslb.com/bfs/face/0cfe03dbbdfb80893a2fd001c8067ad010373573.jpg,76309,"生活记录,梦想,记录",2603407,1780,3078,35462,13073,9734,0,48,281455
BV1gthNztErV,114959195313366,1,232,2080,科工机械,时政资讯,http://i2.hdslb.com/bfs/archive/04575fa56b39e3eb8f57f63a6eb9aa71031368d2.jpg,我军潜艇兵回家后的伙食到底有多豪横？炊事班正在准备……,1754141400,477,46470268,央视军事,https://i1.hdslb.com/bfs/face/9dcc59c2e51aa7b9f178463903cbd4daab351dd2.jpg,2313524,"烹饪,厨房,美食制作,军事,厨艺,潜艇,伙食,松鼠桂鱼,炊事班,后勤保障",406594,1179,1151,2134,901,530,0,0,18381
BV12dh4zmE31,114956108306837,1,164,2128,健身,健身科普,http://i0.hdslb.com/bfs/archive/b00b3ad963eb326406576fcc3c94639294c8e7f4.jpg,独家｜北美运动学博士深度分析堂主体检报告,1754100000,871,1387592680,北美运动学博士Bruce_PhD,https://i1.hdslb.com/bfs/face/7b8cce70b0937a5c158d297324612fb2d119f4e6.jpg,928507,"运动,励志,一拳超人,健身,马拉松,堂主,1000天挑战,年马计划,体检,暑期健身蜕变挑战",1336217,13052,3601,16870,28722,3980,0,65,102476
BV1afhGzJE8i,114965201558338,1,215,2207,美食记录,随拍·综合,http://i1.hdslb.com/bfs/archive/2bbbb7811470f5ca372abbe0277c7da1f54e4253.jpg,活着就行啊家人们,1754229907,73,1254039861,保安日记-贴贴猫,https://i0.hdslb.com/bfs/face/6aa21c8ece90752b2d1571f951b8cf17ee18d06c.jpg,255801,"生活记录,抽象,土味",428941,359,545,1360,6959,356,0,0,61956
BV14uhLznEdY,114965990084431,1,183,2002,影视剪辑,影视剪辑,http://i2.hdslb.com/bfs/archive/6caabf8c03dec86a7d09ef328b31faa437436afc.jpg,终于有国产剧只用20分钟就拍出了仙凡永别的be美学，她真的用眼神演出了爱而不得的破碎感！！,1754241942,165,1147763911,琴瑟弦弦,https://i1.hdslb.com/bfs/face/8fc0923436addd1a4e1fa6911f45ab5ee2160eb8.jpg,136080,"影视剪辑,杨洋,古装,电视剧,颜值,be美学,赵晴,剪刀手安利大赛,国产剧,演技",277014,994,1695,1537,1744,825,0,0,6819
BV1vJhTzrENg,114960319450783,1,183,2207,影视剪辑,随拍·综合,http://i0.hdslb.com/bfs/archive/94e34cca2bd8caf54053408f15a23970cbc09aaf.jpg,《胜利队之虎》胜利队哪个部门最危险呢？,1754179200,65,362139248,阿飞乱剪呀,https://i2.hdslb.com/bfs/face/fa4d425d984768de2418953207ae32b871db8906.jpg,12626,"吴孟达,周星驰,鬼畜,逃学威龙,曹达华,重案组之虎",1784572,483,904,8314,4684,8398,0,0,51903
BV1pQt3zsEpK,114970419270209,1,17,2078,单机游戏,沙盒类,http://i0.hdslb.com/bfs/archive/3f50ba0234117243818fda03b3449baea52cb398.jpg,BTW比狼好德爷求生噩梦模式第二期：第一个月圆之夜竟然刷了这么多血尸，我的天真的是太难摆脱了，这里的生存仅仅是打吃的就非常的麻烦。,1754309492,495,1357768667,青蛙o-o,https://i2.hdslb.com/bfs/face/a312d641eb3db888096e0186cbdf3658ac92ee7d.jpg,99701,"我的世界,游戏解说,实况解说,沙盒游戏,生存游戏,德爷,BTW比狼好,噩梦模式,像素风,推荐宝藏游戏",766504,321,166,8523,1069,114,0,0,29733
BV1ygh3zPEei,114964043996818,1,138,2154,搞笑,剧情演绎,http://i1.hdslb.com/bfs/archive/37f52f9f532823b615dc0cb268d81b468592a619.jpg,《面试の奇妙物语》,1754212438,67,16754498,不凉少年派,https://i2.hdslb.com/bfs/face/97cbefe1224ba11a1ed69845d3ceb341063c58c2.jpg,1026859,"日和,搞笑,原创,搞笑小剧场,离谱剧情,抽象,奇怪",1022001,152,259,2294,812,366,0,0,59493
BV1bhhtz9Eio,114957601478830,1,243,2024,乐评盘点,电台·歌单,http://i0.hdslb.com/bfs/archive/5cc26a3189f3dbdfe5bd51eed50e8ca7b937cbfd.jpg,循环歌单|【SARAVIA FUNK】|“【xx在哪里の小曲】我们的敌人在哪里？”,1754179200,3709,423517587,蛋某人音乐,https://i0.hdslb.com/bfs/face/3a3a15373208c19ea9c69cb91632e3b13e336711.webp,680099,"歌单,循环,SARAVIA FUNK,电台新星征集令",1147352,74,240,52887,1713,25,0,92,37540
BV112hpzMEQC,114954480913957,1,257,2169,配音,小宠异宠,http://i0.hdslb.com/bfs/archive/cd4d3eafd626b1ab6ec1bec9b254bdc8367ca3e0.jpg,绿茶vs傲娇④,1754096420,31,400665645,卑微鸭嘎嘎,https://i0.hdslb.com/bfs/face/18a152ffc35c44bc43eb37788d4b092b01738685.jpg,234020,"可爱,声优,配音,鸭嘎嘎,动物配音,配音小剧场",481827,167,656,12594,735,1041,0,0,45916
BV1QjhWzmE7k,114954145434560,1,21,2154,日常,剧情演绎,http://i2.hdslb.com/bfs/archive/ab255dc1069df1fdb640243175e0d3b535f17757.jpg,大学生丐帮饭堂恋综,1754193600,465,241679003,小叮当的伙伴们,https://i2.hdslb.com/bfs/face/39f559b599ae0f273a5f7457a7d67110a6dfe5a0.jpg,1379978,"搞笑,帅哥,全程高能,搞笑小剧场,恋综,二本恋综,永劫无间手游周年庆,大学生,老百姓,心动的信号",1331279,2087,1029,6295,5634,3967,0,0,43609
BV1LZtuzkEJ7,114969714625816,1,201,2040,科学科普,二次元线下,http://i0.hdslb.com/bfs/archive/9b620f451ecd5a16c9bc850019e7483ffe267b25.jpg,漫展把脉--总结：肾虚，抑郁，胃病！,1754299976,1638,2142394537,医者正心,https://i1.hdslb.com/bfs/face/9ae2edac55966af9136c783ac2a75b2e9872f08e.jpg,1419822,"中医,漫展,二次元,把脉,Cosplay,问诊",1047182,3795,3564,9818,3364,3993,0,0,58984
BV1NxtGzwEka,114970251501542,1,253,2043,动漫杂谈,动漫速读,http://i1.hdslb.com/bfs/archive/79bdc42fe1c24b49a5f0424609031e98e42c6b4c.jpg,【柯南】 两大死神因命案留宿荒郊别墅，竟然遇到无数僵尸袭击，西瓜带你回顾柯南精彩漫改案件《被僵尸包围的别墅》,1754308027,2372,57608186,西瓜说柯南,https://i2.hdslb.com/bfs/face/ecb0fc5d5e34e79715fea462b0fd3ed85a573c05.jpg,740361,"江户川柯南,名侦探柯南,毛利兰,推理,工藤新一,动漫杂谈,柯南解说,柯南,服部平次,毛利小五郎",1317387,2217,587,12823,3018,193,0,0,19584
BV1ndtVz8Epz,114971207797345,1,172,2064,手机游戏,单人RPG游戏,http://i1.hdslb.com/bfs/archive/930d8eb524672a09e309041a8e43c718c47cecc5.jpg,【禁闭者影像捕获】丨幽冕·海拉「亡灵使者」,1754366400,72,647409444,无期迷途,https://i0.hdslb.com/bfs/face/544b4a70c3f0b4333d114c61449a36765aeb05a7.jpg,1597471,"无期迷途,禁闭者,MBCC,残锋,幽冕海拉,海拉,三周年",304762,283,1401,1640,2256,1202,0,0,10540
BV1jsh3z9EaA,114964077478290,1,21,2205,日常,婚嫁,http://i2.hdslb.com/bfs/archive/2a698a6451facc5a388afde38fe8dc81e1a8c557.jpg,至少 你穿婚纱的样子我见过了,1754212865,272,440832200,阿多Adonis,https://i2.hdslb.com/bfs/face/a6ca90b3766ea57a778b1aae36f76b870386c560.jpg,245957,"婚纱,日常,生活记录,vlog,白月光,记录,恬恬,遗憾,甜妹,万种生活碰头相见",629623,208,119,29525,1045,136,0,0,26842
BV1batuz8E1V,114967919467798,1,252,2048,仿妆cos,特摄,http://i0.hdslb.com/bfs/archive/c8f541a495e193372db7f01185a85b1da52b7c49.jpg,反派黑狐让我来演一集吧(>﹏<),1754271382,21,1542285555,电子猫头鹰_,https://i0.hdslb.com/bfs/face/006d2ad2571e33d79e888c3dd0d807a8602ae837.jpg,48807,"假面骑士,反派,黑狐,特摄剧,卡面来打,长发男生,假面骑士极狐",264654,139,982,10476,1040,3854,0,0,57355
BV1RrtgzGEko,114969244861582,1,182,2001,影视杂谈,影视解读,http://i2.hdslb.com/bfs/archive/7c900925ec4a99e831ada9a223dd636311bbbda4.jpg,段奕宏演技封神，拍完这部电影后噩梦连连！真实事件改编《食人狂魔》,1754301600,1408,10119428,小片片说大片,https://i2.hdslb.com/bfs/face/949fd3f0b9fe23703c970d494edc41ae52ee32de.jpg,7697756,"悬疑,惊悚,真实事件改编,段奕宏,食人狂魔,真实事件,细伟,好剧好片重刷榜",1028666,1231,341,6815,1745,470,0,0,41193
BV1NX4RzSE8H,114976542952304,1,17,2066,单机游戏,单机主机类游戏,http://i2.hdslb.com/bfs/archive/57ae98caf1f73a0cd204dec98206b9d33cc00cf2.jpg,当我们变得比「毛毛虫」 还小？！！！,1754442000,1375,108078209,沝沝DjKO,https://i2.hdslb.com/bfs/face/22841a628aaa7f60f767ca66b5bc83b682bfc9d6.jpg,1142107,"游戏,多人,实况解说,昆虫,搞笑,沙盒游戏,steam,禁闭求生2,Ground2,推荐宝藏游戏",84389,105,129,1289,604,29,0,0,5200
BV1vnt3z1ERp,114970754812539,1,172,2077,手机游戏,休闲/小游戏,http://i1.hdslb.com/bfs/archive/a740e2567b1edde27ea5f2d40cb4e29c295bbe3b.jpg,【线条小狗】逃出惊魂夜联动外观展示,1754359200,117,1306451842,网易蛋仔派对,https://i1.hdslb.com/bfs/face/685cc9cfefd57e80dee275155ef5b66b02143c19.jpg,3191407,"竞技,手机游戏,游戏,休闲,蛋仔派对",477527,566,538,20984,603,380,0,0,19742
BV1CabXzVEQq,114914903594979,1,17,2079,单机游戏,其他游戏,http://i2.hdslb.com/bfs/archive/35238f00ff622d503a7fe0b07869593489c191ec.jpg,【散人】deltarune三角符文 第四章 豪宅诡事（P2）,1754193600,4631,168598,逍遥散人,https://i1.hdslb.com/bfs/face/8a5de2d7486251e80307d8600cbf8649eb4035fe.jpg,7302870,"游戏实况,娱乐,搞笑,逍遥散人,散人,undertale,deltarune,三角符文,推荐宝藏游戏",553903,2291,615,5756,6193,345,0,0,59766
BV1pkhtzjEPb,114957685361751,1,21,2111,日常,美妆,http://i1.hdslb.com/bfs/archive/b2316aa55db7865ce66bcfbdf9c0e5ae4ceb9d23.jpg,白云下面马儿跑，还吃草～,1754115370,23,518863547,小野驹_,https://i2.hdslb.com/bfs/face/2307c1ae70d6aad57f1444ac2f6517706a02511a.jpg,268415,小视频,258925,180,810,2121,681,7058,0,0,29192
BV14atjzCE38,114973992884056,1,65,2071,网络游戏,射击游戏,http://i0.hdslb.com/bfs/archive/5e966f6194a63a2686ef7cb7893c887139bc4245.jpg,这把我对敌方的理解也许是..满分！【CS2】,1754364169,564,507694,废物弟弟汉堡包,https://i1.hdslb.com/bfs/face/ca897a8e28787e40414f6f00ae5ae5454dcbb177.jpg,771924,"CSGO,电子竞技,射击游戏,CS,搞笑,FPS,第一视角,娱乐,CS2",135116,1595,751,1558,4739,525,0,0,11135
BV1bvt3zKEAX,114970872253786,1,253,2043,动漫杂谈,动漫速读,http://i2.hdslb.com/bfs/archive/349b609c10ed49ad02e7c1c9deb404227b86c87e.jpg,《瑞克和莫蒂》所有主线剧情串讲！邪恶莫蒂、瑞克Prime、戴安……全平行宇宙大整理！,1754317572,1730,357261525,安迪视频,https://i0.hdslb.com/bfs/face/44be7e29670fafd734a6961668f3e130ff7e7456.jpg,1612616,"完结,动漫杂谈,瑞克和莫蒂,安迪视频,瑞克和莫蒂第八季,主线剧情,动画片,瑞克与莫蒂,戴安,邪恶莫蒂",906981,1591,1392,22602,39200,2699,0,69,57186
BV1V4huzyEap,114963288950195,1,121,2064,GMV,单人RPG游戏,http://i1.hdslb.com/bfs/archive/60a13f97fe52a32af6cf7a400557df89752cd5c8.jpg,牢柯提醒您，180星琼加一个特殊道具别忘了领取,1754200788,26,75032117,柯只因_崩铁牢王,https://i2.hdslb.com/bfs/face/f9532cd75defbc3c02062a798b5132147513cc51.jpg,60639,"星琼,崩坏星穹铁道,崩坏：星穹铁道创作者激励计划,兑换码",706389,71,547,48889,1299,2640,0,0,43983
BV1NFh8z9EV1,114958977271881,1,138,2207,搞笑,随拍·综合,http://i2.hdslb.com/bfs/archive/0f870d4b9dfeb5393ef621b85e63a3a52b1aa7dc.jpg,你给我刷过几个子是什么梗【梗指南】,1754134956,170,94510621,梗指南,https://i1.hdslb.com/bfs/face/f7506af1aa96fc4350d457db015518532a09dd45.jpg,4716004,"搞笑,科普,魔性,幽默,梗指南,旺仔小巧,你给我刷过几个子,沙雕,搞笑研究所",933867,1207,1968,4554,1094,1136,0,0,40225
BV19AtgzuEU4,114969731532403,1,126,2063,人力VOCALOID,鬼畜综合,http://i1.hdslb.com/bfs/archive/ebf070e832e4a758b0316d22275ccb2cc1fca525.jpg,全认识的可以把自己加进去了,1754299187,88,19071708,潮汕好男人,https://i0.hdslb.com/bfs/face/2a4c1b3c2d8f48a58c5f818287c90a6ea78d7907.jpg,2192936,"鬼畜,全明星,洗脑,美美桑内,One Spot,蜜汁好听,NINA,沈佳润,黄绿合战10th-绿队应援",203566,3414,486,5834,3318,792,0,0,26902
BV1jU8SzZEWJ,114949481305762,1,65,2071,网络游戏,射击游戏,http://i0.hdslb.com/bfs/archive/3dde821167bd673184aaa67dafcd24b6ddb9d09e.jpg,一秒变异！幽默静步男的正确打开方式！,1754022600,208,331514361,苏醒游戏解说,https://i0.hdslb.com/bfs/face/dd578b65eb0a8beaff6f4677c76cf9cfc0ce75b4.jpg,696719,"娱乐,搞笑,FPS,三角洲行动,夺舍,三角洲破壁新赛季上线",1075215,706,942,4240,523,1061,0,0,39171
BV1mJhgzMEot,114962382982114,1,210,2038,模玩·周边,模玩周边,http://i0.hdslb.com/bfs/archive/bfb1ccc5468e6eacb5ae8a8ad3dc1e07a07fdb56.jpg,初音：这就是滑雪吗！,1754194200,61,2017611,利利那TD25,https://i0.hdslb.com/bfs/face/9da1b0869257c312e35675b44c8d03b08d8657cb.jpg,1049741,"初音未来,初音ミク,滑雪,机娘,初音,定格动画,圣斯基,手办模玩怎么玩？",684668,127,388,16864,5501,931,0,0,48654
BV1p881zsEP9,114948223013471,1,21,2181,日常,两性知识,http://i2.hdslb.com/bfs/archive/e8f8c711d823dc1c5968948dd59428ca989b38e3.jpg,被女友逼成S有感,1753977728,320,478720594,少吃点布洛芬,https://i1.hdslb.com/bfs/face/abccc6cbef2dc8afddd140a5366e445065e0fe46.jpg,453140,"心理,健康,体修,了不起的她,还是算了爸,0笼T透,字母表,角色扮演,精致人生,小男孩原子弹",752017,7455,2394,10016,5970,10796,0,0,57187
BV1HL8zz6EyG,114943726716189,1,250,2122,出行,家居展示,http://i2.hdslb.com/bfs/archive/fae0e34b789558b8a90934c4fab8cff208e95cb6.jpg,“邀你看花开瞬间 会很幸运哦～”,1753925400,150,3494364072380525,风景旅行收藏家,https://i2.hdslb.com/bfs/face/ace12fc4e32a46bc07aa82b15b705ed0cfeec5e8.jpg,1433376,"治愈,植物,风景,瞬间,记录,幸运,花,美好,花开",300051,9525,290,13663,3151,2457,0,0,66411
BV1ffhuzQET3,114962601090814,1,228,2088,人文历史,社会观察,http://i1.hdslb.com/bfs/archive/af6b40a5d5ab5cdff5033a3dcbad32fc23e52df2.jpg,最新裁决，宗馥莉首战失利！娃哈哈家族争产之战全面梳理｜宗庆后｜宗馥莉｜杜建英,1754279100,2551,702909260,M2档案,https://i2.hdslb.com/bfs/face/1a89706f34864853ec43a42d4e8cf7707dfc7bfb.jpg,923600,"杜建英,家族,娃哈哈,遗产继承,信托,宗庆后,宗馥莉",318760,0,1609,2857,3180,1119,0,0,8975
BV1cUtuzmEis,114969614227057,1,21,2088,日常,社会观察,http://i1.hdslb.com/bfs/archive/4e8f6268ecdf637b3eb3ec6f25690a566a113cac.jpg,10名外国先心病患儿到河南免费治疗，给异族“换心”？不关心本国儿童？存在大量误导言论！,1754297352,337,99443903,动物园巡逻员,https://i2.hdslb.com/bfs/face/47707d09df803240c50762c92d86589f9a6f125e.jpg,295686,"辟谣,必剪创作",1055147,2038,5443,4070,6379,974,0,0,46156
BV1kxtJz5ES3,114974311584724,1,130,2026,音乐综合,乐评盘点,http://i0.hdslb.com/bfs/archive/31713dde16ed7a704add8d535491f7867ada14a2.jpg,【锐评】薛之谦新歌《金斧子银斧子》！给我吓疯了！,1754369113,396,8299159,特别厉害的祁奕翔,https://i1.hdslb.com/bfs/face/23a349f7d165634d9ad807a834ff01e2e8b3c800.jpg,643879,"音乐分享官,好听,薛之谦,电子音乐,乐评,新歌,REACTION,金斧子银斧子,薛之谦新歌",212694,598,1021,1278,682,200,0,0,8471
BV1nvhHzoEGn,114953172290095,1,154,2029,舞蹈综合,街舞,http://i1.hdslb.com/bfs/archive/43f672a762dd02372a7e8e4f16aee2dbfb6b94b9.jpg,怎么跳到最后还来劲了#famous,1754046592,64,521665433,UU学弟,https://i2.hdslb.com/bfs/face/af520fa1334a13c8ed5726a64599636f3c711822.jpg,535356,轻舞蹈竖屏激励计划,593335,108,367,2087,1040,213,0,0,52257
BV1Fbh4zTEMg,114956343187881,1,251,2149,三农,美食制作,http://i0.hdslb.com/bfs/archive/a18f94c026965548d75dd8ad9c6becf7cf9d4d6c.jpg,你知道爷爷有多喜欢吃我做的石塔菌火锅吗？,1754095100,106,3546595213707384,江川枫的生活,https://i0.hdslb.com/bfs/face/5bf17c267bfb7224daf6cc59d6ef7cd3cf31c97f.jpg,11410,"美食,火锅,爷爷,记录美好农村生活,乡村生活,Vlog,农村生活",252892,494,1054,1516,1353,79,0,0,23218
BV1u8tnzhES2,114975687314378,1,256,2112,短片,护肤,http://i0.hdslb.com/bfs/archive/8339520fd3196a41f436a8a4f182dff87cfe6e70.jpg,这脸上都有啥，姊妹坐，唠嗑,1754390173,962,131739734,你的陈星越,https://i2.hdslb.com/bfs/face/f4c8c55e49414d660dadcaf2c37f312b036f65b9.jpg,667957,"唠嗑,分享,日常分享",234599,1050,1150,2538,2074,1141,0,0,29853
BV1M44dz4ECi,114976509463916,1,124,2080,社科·法律·心理,时政资讯,http://i0.hdslb.com/bfs/archive/c38ec3290b29fd7a2a1a6eb475f34d94eb33bef7.jpg,【剥壳】联合国送命题战绩全网可查丨实战经验绝赞大分享,1754402748,2930,346563107,波士顿圆脸,https://i2.hdslb.com/bfs/face/f8f0fc4114bb06a87481abe12faa006a383cbe6d.jpg,5178687,"社会,外交,联合国,媒体,新闻,巴以冲突,徐德智,环球资讯站",336132,2986,901,3071,3826,437,0,0,27539
BV1Gch4zxEMw,114956443846113,1,17,2079,单机游戏,其他游戏,http://i1.hdslb.com/bfs/archive/211bfe3490bb9a6538863c8b5163ffc745118c54.jpg,绝对猎奇的暗黑神作丨万字解说《2Dark》,1754106900,2448,3546791991576744,白钰yuki,https://i0.hdslb.com/bfs/face/44e273588dadb913e20ed5e7d6d55a154021058e.jpg,9214,"单机游戏,游戏解说,恐怖游戏,2Dark",248393,763,366,12449,4104,283,0,0,15066
BV1QzhszDEbt,114955185553880,1,138,2040,搞笑,二次元线下,http://i1.hdslb.com/bfs/archive/33efc229cd517847ad7a62058c2594518c38d4ed.jpg,还有什么要我做的嘛？人脉这一块,1754132400,273,108331200,_张天琪,https://i0.hdslb.com/bfs/face/8ebbf4fc358baf9ded623dc113ca92cc431843de.jpg,1348291,"芝麻租赁Chinajoy,日常vlog,cj漫展,主打就一个宠粉",1449247,805,592,15201,1123,157,0,0,65790
BV1UBtFzeEgE,114980200387825,1,17,2079,单机游戏,其他游戏,http://i0.hdslb.com/bfs/archive/eea085ad614571a94b7060937375213f38ed1655.jpg,【散人】deltarune三角符文 连续boss战 眼花缭乱精彩刺激（P3）,1754459379,4279,168598,逍遥散人,https://i1.hdslb.com/bfs/face/8a5de2d7486251e80307d8600cbf8649eb4035fe.jpg,7302870,"娱乐,搞笑,逍遥散人,游戏实况,散人,undertale,deltarune,三角符文,推荐宝藏游戏",31018,711,232,783,1459,46,0,0,4126
BV1fJhpzdEM3,114954564800356,1,137,2014,明星综合,娱乐综艺正片,http://i1.hdslb.com/bfs/archive/abd1d862ed4b2aaecae4e2fd8447694186f04fb8.jpg,【TF家族练习生】《肆意少年-突围》EP04,1754068546,5524,3670216,TF家族,https://i1.hdslb.com/bfs/face/1c74336b9060d40d0ccf5e8bce7c0de34526b1e3.jpg,6935337,"TF家族练习生,肆意少年突围",1618365,421051,8811,15502,6118,1426,0,0,52863
BV17ft3zSE75,114970603816487,1,172,2077,手机游戏,休闲/小游戏,http://i1.hdslb.com/bfs/archive/afdcd465a82b2335a929658b21e9cc6c11bfd4cb.jpg,蛋仔派对神奇艾比：送给粉丝三只神兽 阿罗斯和枫洛可 而且是彩光！,1754312409,415,37886038,罗修大美丽,https://i1.hdslb.com/bfs/face/be474f8f0e7a49321b635440346742c0e0ee2b90.jpg,256505,"游戏解说,蛋仔派对发起人,蛋仔奇思妙想计划,神奇艾比,派对,主播,粉丝,艾比,蛋仔,彩光",214388,224,631,5354,951,11,0,0,5736
BV13Ph4zWEw9,114956611617047,1,212,2150,美食侦探,美食探店,http://i2.hdslb.com/bfs/archive/bdc53748f2fd1a25a423243164248c5765da70a7.jpg,在青岛住了半个月！一条视频30家青岛本地美食合集！无广无滤镜真实展示！路过青岛 为之倾倒！,1754208300,1148,107486042,花二Strange,https://i2.hdslb.com/bfs/face/20ba5c558b6fece1b9cb1bb8697e18f84c9c11f5.jpg,1385769,"美食,街头美食,青岛美食,青岛,山东,美食探店,美食攻略,挖掘身边的宝藏小店",279631,992,821,8677,4846,3450,0,0,12037
BV1A282zYEv4,114947451326385,1,17,2077,单机游戏,休闲/小游戏,http://i2.hdslb.com/bfs/archive/684e6b7f35fad942c2a72ef1e4ca60961198d7a3.jpg,指导新角色：头羊,1754019000,218,3546562489748303,头牛o,https://i2.hdslb.com/bfs/face/5228dc4405fa65c7b96a9278dc1a634beaabae2c.jpg,253499,"植物大战僵尸,娱乐,搞笑,单机游戏,指导版,休闲益智,沙雕,植物大战僵尸1,推荐宝藏游戏",1614843,1752,1590,13518,1839,413,0,0,42870
BV1UHhHziEgd,114952987809957,1,215,2130,美食记录,健身记录,http://i1.hdslb.com/bfs/archive/ac77b312c5e51524855c6c1a9dd471d1576f66f8.jpg,凌晨三点，我看见健身室有人未眠…,1754043694,156,646889764,Nico爱肉包,https://i1.hdslb.com/bfs/face/1fbb3e1e140042dbc15e412229760cbd21f9a927.jpg,489600,"健身,留学生,vlog,老外,老外在中国",641199,798,825,3872,4534,753,0,0,89097
BV1wUtnzEEgJ,114975217557316,1,182,2043,影视杂谈,动漫速读,http://i1.hdslb.com/bfs/archive/b10db0d7971a99b42a4e4d540107c1a11f1fb9d7.jpg,家庭暴力、校园霸凌、杀人藏尸结合能掏出神奇道具的章鱼，简直太暗黑了,1754391600,1879,604710494,长片短解,https://i2.hdslb.com/bfs/face/6ccceba6ec8fe60d700f9f7c2910c08d70b03fe3.jpg,2449256,"电影解说,动漫剧集,uwant,章鱼噼的原罪,不发臭洗地机,友望云朵2.0,校园霸凌,奇幻动画,高分动画",217518,1599,993,4992,1864,1128,0,0,13358
BV1bgtMzdEyV,114968540289872,1,21,2064,日常,单人RPG游戏,http://i1.hdslb.com/bfs/archive/cce0ec7069a363d16bd0a970465803ec8ec4eef6.jpg,纯路人只凭一张图将代号与角色连线,1754280867,274,500140286,隔路脑,https://i2.hdslb.com/bfs/face/16c595449a41d556bd99f16881604ab5788578f0.jpg,629753,"游戏,二次元,原神",374216,6886,1882,4554,769,1644,0,0,21298
BV1fV8yzjECC,114946981500921,1,21,2092,日常,心理杂谈,http://i2.hdslb.com/bfs/archive/0c37233f1dc99529fdd25644128d3d68ccf9d045.jpg,当约P青年遇上恨嫁女孩,1754384100,555,9448580,NOV姐姐,https://i2.hdslb.com/bfs/face/220dc8a23512be0d82f0a0af5395efe2c720851f.jpg,929383,"恋爱,爱情,是时候自己做决定,挚真关系,两性,心理分析,男女关系,亲密关系,婚姻,深度思考",194245,441,942,2925,839,608,0,0,4601
BV1fatJzgEow,114976123589703,1,241,2009,娱乐杂谈,娱乐评论,http://i0.hdslb.com/bfs/archive/b9ccdda61933ae9b5d68d4a3d290c7c39ac37c4e.jpg,手撕公司，直播大倒苦水，热搜女王带着她的八百个热搜回来了【赵露思解约风波】,1754396602,486,15472350,降B_大调,https://i0.hdslb.com/bfs/face/5ce1b571e472dc8eff86574a3711def50a78f92a.jpg,296628,"娱乐,吃瓜第一线,赵露思解约,赵露思,银河酷娱,明星解约",302495,3702,1919,1009,1707,867,0,0,9606
BV1cyhNz2E6D,114959279195480,1,161,2148,手工,其他手工,http://i1.hdslb.com/bfs/archive/ebfc3fb1e9985d338e29ebb263306a4c6c775393.jpg,哪来的西瓜，这么小,1754139576,73,10790709,梧萌,http://i0.hdslb.com/bfs/face/bb527ee8ea60a93540f1394548dc0d2ebc2b8059.jpg,639128,"西瓜,水果,我的手工真的很解压",1318083,399,569,3272,1331,490,0,0,46088
BV18ttuzAEk6,114967902686934,1,247,2106,新能源车,汽车测评,http://i1.hdslb.com/bfs/archive/61ebe06743201502d1d232b6d8978dd694d32da8.jpg,【短的发布会】燃油车的下一黄金时代 上汽奥迪A5L Sportback,1754276411,303,287795639,短的发布会,https://i2.hdslb.com/bfs/face/e455079f6c4cc76b2736fdf0417513c29c127d50.jpg,2491160,"奥迪,华为乾崑,第五代EA888发动机,全新上汽奥迪A5L Sportback,上汽奥迪A5L耀目上市,上汽奥迪A5L油车首搭华为乾崑",1376364,2236,1841,6078,2351,5988,0,0,56547
BV1EghtzTE8i,114957769514382,1,138,2154,搞笑,剧情演绎,http://i0.hdslb.com/bfs/archive/5421a23a2cda5baf528755cda1b5528fbe649f0f.jpg,我真的需要一个完美管家！,1754128800,298,95515699,粤知一二,https://i1.hdslb.com/bfs/face/2815a3e2b85a92eb2e3b6ebcfb8754def0c54363.jpg,4607859,"搞笑,原创,剧情向,短片,郭嘉峰,搞笑小剧场,段子,粤知一二",1444654,671,475,18087,2417,559,0,75,110546
BV1EjhuzHEEm,114963339283177,1,65,2155,网络游戏,语言类小剧场,http://i2.hdslb.com/bfs/archive/47fa2bdf37a9390bdde99b4b6e4e8bacc7240bc7.jpg,八分钟一口气有感情地朗读反ba圣经,1754201700,485,1826305804,狂气萝莉爷,https://i1.hdslb.com/bfs/face/9c0e37b96cf2dc18ff9c5a6af490d5af6a1b0956.jpg,14960,"配音,蔚蓝档案,blue archive,反ba圣经,圣经,抽象,朗读,原神,碧蓝档案,学生UP主养成计划",145990,699,3413,6352,600,13429,0,0,14531
BV1iJt3zjEkn,114970704481089,1,27,2207,综合,随拍·综合,http://i2.hdslb.com/bfs/archive/08f031149b05b1e9ce75058743d2fae7f3658caa.jpg,假如soyo的内心戏很多,1754313833,115,50934906,虾头睦子米,https://i0.hdslb.com/bfs/face/8aca966c01d57fa3ee0508dbe4ca26c305cd9c11.jpg,7330,"MyGO,Ave mujica,爱素,BanG Dream!,千早爱音,长崎素世",103086,210,474,6476,2762,2040,0,0,18125
BV1KAhpzBEZJ,114952803192328,1,47,2037,同人·手书,同人动画,http://i0.hdslb.com/bfs/archive/1d615714d5d26dca4c1a49629a70c2b7bbb32ce7.jpg,如何将《献给爱丽丝》改编成哥特病娇？,1754041582,252,306935529,孙熙然,https://i0.hdslb.com/bfs/face/f8524c3af0c0c286bf3d4d1daa9ebaf19f50b263.jpg,820188,"病娇,绘画,哥特,手书,同人,第五人格,小说家,记者,说记,第五人格庄园纳凉夜",373071,4126,662,13455,5471,1631,0,0,53336
BV1dktgzrE52,114969228088346,1,172,2073,手机游戏,动作竞技游戏,http://i1.hdslb.com/bfs/archive/d384e8f4db2862d8a8b4539dce4f337a8dc6e14b.jpg,【萌黄速报】9月高招S波风水门[九喇嘛连结]，侠隐新忍揭晓！,1754291292,139,441897078,火影忍者手游情报君,https://i0.hdslb.com/bfs/face/3c975d44586143dd0eb4b121a3437bc8cc696610.jpg,2665616,"火影忍者,格斗游戏,火影忍者手游,火影手游",1994033,11928,13694,14619,4909,48744,0,86,84179
BV1uEhHzzE1e,114953356975318,1,47,2055,同人·手书,二次元绘画,http://i2.hdslb.com/bfs/archive/431b3c358f5075c51cda28f34651fa53fe83600d.jpg,【黑塔利亚联五旅行团手书】goodtime,1754049400,79,22445063,豹鱼小笼包,https://i2.hdslb.com/bfs/face/0541cae10feab3e1f392de7a141c2d048eb4ca72.jpg,7017,"王耀,联五,手书,动画,亚瑟,黑塔利亚,旅行,伊万,阿尔弗雷德,弗朗西斯",224785,306,862,38279,24700,3199,0,0,59104
BV16NhAzvEbm,114941428306905,1,241,2009,娱乐杂谈,娱乐评论,http://i0.hdslb.com/bfs/archive/a3d0b5db5e45bf48b10d70cf6d099424978aacdf.jpg,【吃瓜sp104】向佐郭碧婷，最抽象的丈夫，最隐忍的妻子！,1753872383,1014,240769971,神烦XP,https://i0.hdslb.com/bfs/face/37e100b64ed8192726679b702a4836d8424b17aa.jpg,873049,"郭碧婷,向佐,门前宝地,抽象,药水哥,向太,omega,娱乐考古放大镜,无限超越班",1461696,4531,1377,4487,765,1500,0,0,28305
BV1XMhJzqEBo,114952635488414,1,138,2006,搞笑,AI影视,http://i0.hdslb.com/bfs/archive/f4ab9c80b6a56cc4d73a04945f367f51a7ff2e2a.jpg,这家伙...真的是人类么？,1754040012,439,5294454,逗比的雀巢,https://i0.hdslb.com/bfs/face/e56d8c14d3b74b4e32fbaf2ac4af119328c56c93.jpg,9589617,"高能,恶搞,魔兽世界,搞笑,搞笑视频,生活,纪录片,搞笑小剧场,魔兽世界国服20周年庆典,ai",10273268,24523,12831,188411,278536,68233,0,1,986000
BV1LNtGz1EKH,114970536714022,1,218,2171,喵星人,动物综合·二创,http://i0.hdslb.com/bfs/archive/31afa04819f7d7fbb7414be144b40c02b79cb72b.jpg,城市猫回村以后，去抓制作猫薄荷的老鼠,1754311314,170,3493267595332476,苏豪和大强,https://i0.hdslb.com/bfs/face/9be009294b6c2e9132178b09683fddbbdc24617f.jpg,119860,"喵星人,宿舍,大学,萌宠过暑假",1033193,390,218,8482,982,401,0,0,55408
BV1TKhpziETj,114952836750177,1,215,2152,美食记录,美食记录,http://i2.hdslb.com/bfs/archive/76a9887983fb49d000b90edab4277f7915f8ac12.jpg,韩国女校食堂5500元自助午饭长啥样？（今儿全是限量菜）,1754213400,131,101682188,理查不会降落,https://i2.hdslb.com/bfs/face/459fcc7f8fcbe5ab0eac2ee1f39b0dc177d46b5d.jpg,1503306,"韩国,草料哥,食堂,韩国美食,谷雨,大学食堂,Vlog",1359716,916,1187,2313,1344,555,0,0,90501
BV1qmhGzoE7U,114965117671498,1,21,2005,日常,短剧短片,http://i2.hdslb.com/bfs/archive/7bdc00b6d11384dca6ad400089e8363ad172b2dd.jpg,傲慢这一块，早在大白那里领教过了,1754228589,19,3546868311132258,林亿韩,https://i0.hdslb.com/bfs/face/89d58bfe612c5c5177f4f1e3e2e99877beedc3a1.jpg,210507,"短片,原创,大白",1256191,367,917,17817,5029,2172,0,0,109201
BV1Uwh3zzEa6,114964329208802,1,252,2113,仿妆cos,仿妆cos,http://i2.hdslb.com/bfs/archive/9def057c312d808329b252bc77a74a17d065a191.jpg,【白西瓜】COS｜努力成为喜欢的角色第72天之弗洛洛,1754217266,126,64836364,白西瓜SY,https://i1.hdslb.com/bfs/face/a788792f295926151f98b799deb8807fb0a69bfe.jpg,870428,"仿妆,化妆,妆教,COS妆,cos,鸣潮创作激励计划,弗洛洛,妆容分享,Cosplay,鸣潮",188669,175,573,4217,6372,1127,0,0,41294
BV15ntnzqEqu,114975586648466,1,124,2081,社科·法律·心理,海外资讯,http://i1.hdslb.com/bfs/archive/80d582c8d7d1ecf17461711bf508bdb1a4ff4226.jpg,一任撒三万个谎但是大数学家：我把药价削了1500%,1754388894,845,346563107,波士顿圆脸,https://i2.hdslb.com/bfs/face/f8f0fc4114bb06a87481abe12faa006a383cbe6d.jpg,5178687,"医疗,数学,法律,懂王,假新闻,MAGA,医保,环球资讯站",658459,4267,2381,3821,2864,922,0,0,44978
BV1bnhHzTEWr,114953004521629,1,138,2201,搞笑,潮玩玩具,http://i2.hdslb.com/bfs/archive/19bc98d855e75f9748e2de82e1e4edf987c3b145.jpg,开箱！不藏了，都是工作需要！,1754043982,164,2079933284,河马君,http://i2.hdslb.com/bfs/face/8f286dd065e0efef92b5c4602139bacfb47cd508.jpg,2507329,"可爱,开箱,玩具,搞笑小剧场,盲盒",1977040,692,429,14033,1624,875,0,0,107535
BV11UtVzNEs2,114971291754430,1,207,2089,财经商业,时政解读,http://i0.hdslb.com/bfs/archive/7682fa2a0b9da05806bd1e44f34a548396750c21.jpg,印度：大哥你是知道我的！特朗普：土匪遇见恶霸，多简单的事儿！,1754359200,827,157258960,解密狗,https://i1.hdslb.com/bfs/face/fd6b66da27969124e94dcacf35e6a17c53dca295.jpg,388834,"知识,历史,人文,美国,印度,趣味科普,特朗普,制造业,关税,青年用「财」图鉴",265205,585,497,1502,1866,100,0,0,14167
BV1K8t5zTEK3,114971040028284,1,251,2152,三农,美食记录,http://i0.hdslb.com/bfs/archive/ebeb1a0bd17ba974ba8bfb576559b2dfa4699170.jpg,这是我的来时路，最后一次骑旧电驴进村卖糖水（库存）,1754319897,708,267599661,欧大发-沙蟹哥,https://i0.hdslb.com/bfs/face/eca1f64696b89f369b7375ccd3afe38e5ecbe6d8.jpg,337138,"摩托车,生活记录,记录我的美食日常,记录",255837,766,625,800,4190,188,0,0,17628
BV13ohHzkEEC,114952870304409,1,21,2114,日常,鞋服穿搭,http://i2.hdslb.com/bfs/archive/dfff2aa6267fb0b4e2c0e113523af767d2249914.jpg,猜猜我都能在什么地形上穿高跟,1754041988,41,451835587,奥戴丽好笨,https://i1.hdslb.com/bfs/face/771fc935df986dcfb15aaae441c9bc7cda5bfe4d.jpg,2066832,"高跟鞋,穿搭",1475120,599,2062,5521,1370,2040,0,0,105191
BV1TNhpzTELj,114952786418881,1,21,2039,日常,cosplay,http://i1.hdslb.com/bfs/archive/35755b04c3f04a9fdad0e40fcc976f1dd0324267.jpg,我家的机娘模型都是1:1的？！,1754107200,661,52250,视角姬,https://i2.hdslb.com/bfs/face/851025ed4bc57ad6ae82a6314e72e249fd21d604.jpg,3058831,"3D打印,高达,BW,机娘,机甲,cosplay,拓竹H2D,独角兽,模玩,拓竹",2782322,2148,1300,79954,9683,3510,0,26,108690
BV1qCtGzSEZr,114970050302867,1,65,2069,网络游戏,即时策略游戏,http://i2.hdslb.com/bfs/archive/48cdc26a1e7a5c384f076093c1d1097a385d736b.jpg,均费1.6！最速转锅炉！史上最折磨觉醒！满血复活！,1754304722,1111,93580378,小雾Fusion,https://i1.hdslb.com/bfs/face/5d32bcd5f4631efc3c3b6c470e6f1c8b381b32ec.jpg,508839,"策略游戏,游戏实况,手机游戏,皇室战争,卡牌游戏",189767,546,661,999,1560,768,0,0,15076
BV1FStnzmEsf,114975200774850,1,249,2088,足球,社会观察,http://i0.hdslb.com/bfs/archive/4d30d169b6e4563a2602bfd19312014056187857.jpg,没有假球，只有世仇，散装江苏到底能有多散？,1754389800,478,11684621,太阳星sunstar,https://i2.hdslb.com/bfs/face/edcd0f2f12cedf723c9e5c18c5f824ecd4c50f9c.jpg,3064593,"社会观察局,苏州,南京,足球,常州,江苏,无锡,苏超,太阳星",95547,473,453,976,843,112,0,0,9513
BV14vh8zfERD,114958390004824,1,171,2071,电子竞技,射击游戏,http://i1.hdslb.com/bfs/archive/dfcce97ea3db38ff9335da9564898a2453f2b0ee.jpg,我们削弱了ai——三角洲行动,1754126043,12,613878426,所有游戏10一小时蛋蛋,https://i0.hdslb.com/bfs/face/b569ca7fa90055f13fc27a9bca979ab386272cd9.jpg,383,"下饭,第一视角,玩家,沙雕,三角洲",635689,279,793,11942,521,7904,0,0,49006
BV1odtnzkEtF,114975402100793,1,172,2064,手机游戏,单人RPG游戏,http://i2.hdslb.com/bfs/archive/2d6ca654ada05b022a829947d3041281b51d23b1.jpg,《崩坏：星穹铁道》走近星穹——「海瑟音：骑士肚里能撑船」,1754452800,552,1340190821,崩坏星穹铁道,https://i2.hdslb.com/bfs/face/57b6e8c16b909a49bfc8d8394d946f908cabe728.jpg,11437461,"崩坏：星穹铁道,崩坏星穹铁道,走近星穹,海瑟音,崩坏星穹铁道海瑟音,英雄未死之前,米哈游,miHoYo",653282,9271,5490,8012,11192,4723,0,0,73028
BV1sYhxzyEv1,114956678729667,1,121,2064,GMV,单人RPG游戏,http://i1.hdslb.com/bfs/archive/7406943ff0e0c6b115a89a5b35012181598c6faf.jpg,泪目！时隔5年，原神最长的伏笔终于揭晓！班尼特，你一定是最幸运的孩子！,1754099970,163,10773628,永远的我的鸟笼Me,https://i1.hdslb.com/bfs/face/467c59cf5001a2db9f14df6d556741eb0dd86416.gif,449644,"原神UP主激励计划,游戏CG,MAD,剧情,手机游戏,混剪,GMV,米哈游,班尼特,原神",397923,5444,1404,8933,4166,3078,0,0,43013
BV1jY8CzyEoy,114947082159298,1,228,2090,人文历史,人文历史,http://i0.hdslb.com/bfs/archive/8788c859b3031e4674433ea9ef5d7ef80da2bd8e.jpg,流放岭南！为什么现在最富的广东，古代能当几千年流放之地？【为什么64】,1754042400,634,11684621,太阳星sunstar,https://i2.hdslb.com/bfs/face/edcd0f2f12cedf723c9e5c18c5f824ecd4c50f9c.jpg,3064593,"社会观察局,广东,uwant,友望除螨仪,友望红外除螨仪,南方,气候,螨虫,潮湿,梅雨季",653303,2112,2104,4813,1265,677,0,0,30371
BV14v8kzsE4k,114945907889326,1,27,2037,综合,同人动画,http://i2.hdslb.com/bfs/archive/5e59ded742faae0c0f2b73acf0346a49a8373244.jpg,【GIOGIO自制番外】篇章５ 镇魂曲的代价 其三 该回杜王町了,1753935632,274,618281877,非凡哥零容忍,https://i0.hdslb.com/bfs/face/29ee34d9d89a732f4676ae08c362668fe85eebd8.jpg,47595,"JOJO的奇妙冒险,空条承太郎,乔鲁诺乔巴纳,米斯达,黄金之风,福葛,岸边露伴一动不动,动画短片群星计划",727113,453,542,25367,8223,859,0,0,74927
BV1M7tGzqEJR,114970134055496,1,171,2070,电子竞技,MOBA游戏,http://i0.hdslb.com/bfs/archive/cce46074c2ace7581c0e875bda608b9bfffc82bc.jpg,帮下路跳大守塔，我是真心的，至于兵线去哪里了，去问设计师！,1754305129,95,3546827091610313,执念v稻草人,https://i2.hdslb.com/bfs/face/6a94bdd2e813968a255950e882df8b481aa0d848.jpg,43823,"英雄联盟,精彩集锦,天青青",145167,62,107,734,1230,73,0,0,10769
BV1ZZhEz5EDA,114952484494006,1,138,2207,搞笑,随拍·综合,http://i0.hdslb.com/bfs/archive/e76326edbce2b2a0d23f29a3af4442171190946b.jpg,【断网补全计划93】外星人攻打地球，旺仔小乔攻打天庭，良子铁笼挑战赛，八岐大蛇圣经，娜种物质，理想vs东风乘龙，懂车帝，武大事件后续，成人奶嘴，育儿补贴,1754046000,547,646732586,瞎问虾猜丶,https://i2.hdslb.com/bfs/face/6507944f196a8c0f2ea81e15e328744e81d10492.jpg,1891439,"外星人,搞笑,娱乐,梗,搞笑小剧场,二手推荐,旺仔小乔,二手手机,转转",2204865,7415,2459,10922,2614,1981,0,0,112899
BV1RytgzgEiV,114969278420340,1,251,2083,三农,综合资讯,http://i0.hdslb.com/bfs/archive/3b9b9ebaa7e1fe0f72e9a621209a6693d4b98748.jpg,鱼没钓到多少，家被偷了！,1754292412,534,67141499,大漠叔叔,https://i2.hdslb.com/bfs/face/a33efe2cc12b4f27e586a835ffc9d18483eab525.jpg,6168345,"搞笑,钓鱼,漠叔,西沙,三沙,海钓,户外钓鱼图鉴",633883,3001,1537,3256,14207,1143,0,0,56059
BV19ytgzgET6,114969278417558,1,251,2166,三农,农村生活,http://i1.hdslb.com/bfs/archive/0631a76f371aacce5f10d03e2693d4e3e218e872.jpg,母牛花样搞我爹，牛角、乳房、子宫轮番上阵，我爹奋力一搏,1754299800,515,414700515,龙腾虎跃龙兽医,https://i0.hdslb.com/bfs/face/697d80194c5a980fa55b9a200ce8b8ecc41ab39a.jpg,2688785,"得物,记录美好农村生活",678286,2261,723,4872,4529,427,0,0,50237
BV11E8Rz9EXX,114935791228234,2,65,2077,网络游戏,休闲/小游戏,http://i2.hdslb.com/bfs/archive/dac04631f8be76c6089b1fd7a80ef778aa57a770.jpg,死亡1000次后，我终于无伤通关了茶杯头所有boss！,1754042400,5300,108423490,巛麻雀灬涛,https://i1.hdslb.com/bfs/face/311f884e89c9ef3bb0bb955cdde2230eaa3c81c5.jpg,594264,"STEAM,游戏解说,独立游戏,无伤通关,动作游戏,怀旧游戏,茶杯头,推荐宝藏游戏",1596478,10713,412,35058,6969,421,0,0,77733
BV1zrhWzhEmF,114953876998671,1,21,2166,日常,农村生活,http://i2.hdslb.com/bfs/archive/0e58d363ef3c77e1a86d9f8b88562dd5b3a85162.jpg,拍了整整一年多，来回30多次，才集齐了老家石板桥的春夏秋冬，浓缩成短短十几秒，像极了我们这短暂且忙碌的一生…,1754057008,17,3546945693943912,小蒋返乡记,https://i1.hdslb.com/bfs/face/987a5c4a075f4376227a0075d288a4599098a42b.jpg,1655,"童年回忆,回忆,生活记录,风景,治愈系风景,记录美好农村生活,乡村,四季轮回,乡愁记忆,农村老家",1019383,388,2436,15695,6479,1259,0,0,99181
BV1mPh3zMEN1,114964379533693,1,158,2114,穿搭,鞋服穿搭,http://i1.hdslb.com/bfs/archive/b64e190a80f736d94b25173bd6e2a42c325a919a.jpg,我的眼里可没有丑衣服哦,1754217450,177,327738805,六一不是猫,https://i1.hdslb.com/bfs/face/47a25ce422a25856af9fa9301c45dceda8f68440.jpg,1060811,"穿搭,服饰,女装,穿搭技巧,普通人变美指南",1105269,1328,1206,17612,3170,2541,0,52,117087
BV1Z7tnzzEP1,114975553230831,1,172,2073,手机游戏,动作竞技游戏,http://i1.hdslb.com/bfs/archive/381b85c8841bff4d0f132736f1cd3e3c2eedebbc.jpg,9月S果然是金身水门！带大家看看火影新公告，简单氪10个648提升战力，再感受下武当花火的实战表现！,1754388346,795,38568774,鬼叔黍,https://i0.hdslb.com/bfs/face/b35d79cac0c8d78f1fbb4956bf0d778d272a9dfb.jpg,3190213,"万物皆可游戏,鬼叔黍,格斗游戏,游戏测评,火影,主播,战力,火影忍者手游",342737,2457,1192,6148,5226,1324,0,0,17140
BV1DXtGzkEoK,114970016613603,1,17,2078,单机游戏,沙盒类,http://i0.hdslb.com/bfs/archive/f2c4a23952301621dd7f35520d68ecc471ac2473.jpg,小熊和大熊~我们熊都很凶的哦,1754303630,1170,3546911323719740,小熊饼UwU,https://i2.hdslb.com/bfs/face/4d42209d4ffdd52ec25288efbd34cfc5eb8cc40e.jpg,78004,"沙盒游戏,MC,实况,我的世界,生存,Minecraft,整点电子榨菜",69675,657,709,2180,2434,201,0,0,14020
BV1bch3zgEBF,114964345919881,1,171,2044,电子竞技,动画配音,http://i2.hdslb.com/bfs/archive/8fa9c9a1ec87aaeca69676310a3e1665206ceef6.jpg,猛虎王我跟你爆了，这一次我不逃了,1754216986,223,403920564,大厨-鲜榨配音,https://i0.hdslb.com/bfs/face/24cb275491ee6489fdf85d846ba7d7e27866601e.jpg,99073,"童年,河南话,国产动画,动画种草激励计划,大厨金铲铲,洛洛历险记,搞笑配音",140202,326,261,1607,1262,1144,0,0,15545
BV1yzhjzUEd6,114967080606076,1,27,2044,综合,动画配音,http://i1.hdslb.com/bfs/archive/140fac4ae124f08d39e24060885e994958965146.jpg,压！！！力！！！！！,1754265900,94,3493118460561869,江肥肠,https://i2.hdslb.com/bfs/face/5ad1e69ce0cfea9665b6f2b682fa989e213fa621.jpg,2128948,"配音,爆笑虫子",2178224,751,627,51140,3023,2624,0,85,82451
BV1znh3z4Efj,114964127880409,1,138,2154,搞笑,剧情演绎,http://i1.hdslb.com/bfs/archive/016ba8061dc8e5d8bcc1568bf6f7c21d0bb2ed20.jpg,《打工皇帝养成记-服务员篇》,1754213859,296,485359169,邢三狗子,https://i2.hdslb.com/bfs/face/70782f5063ee85c90d422bdd28d8888a049c3ff8.jpg,2061136,"剧情向,短片,原创",2620301,813,351,19013,1691,211,0,53,80748
BV1Qx8yzMEzJ,114946578843004,1,138,2155,搞笑,语言类小剧场,http://i2.hdslb.com/bfs/archive/4af11ece2374284f9b7755a47fe03b6b231da758.jpg,《感觉车里坐满了人》,1753956000,109,3493260618106936,伤心欲茄222,https://i1.hdslb.com/bfs/face/1f0cb64d9b62da7db7e6e020b78b6872dbffe55c.jpg,3274976,"搞笑,八嘎,配音小剧场",2618376,2376,5224,17961,11622,18333,0,26,297187
BV1a4t3zrEBD,114970687704500,1,171,2079,电子竞技,其他游戏,http://i1.hdslb.com/bfs/archive/c3e655af13c76e85f02369370dfaa41bf2e02ba9.jpg,谁捧起奖杯？谁被镶在奖杯？石油杯赛中成绩盘点！,1754315218,743,69112541,聒噪的山海君,https://i2.hdslb.com/bfs/face/a27d302eb46c631ddf469dd56fba72c03041d0f4.jpg,1238168,"FPS,电子竞技,LOL,EWC电竞世界杯,盘点,APEX,整活,电竞世界杯,山海君,EWC",256997,982,732,1300,2607,634,0,0,14408
BV1BohnzXEB1,114953256176881,1,21,2037,日常,同人动画,http://i1.hdslb.com/bfs/archive/3f08ff5779f54f67f170449ce30b8fab1a04bd23.jpg,【初投稿∥试播集∥】耗时三个月制作！初一生也要自制动画？！,1754047857,330,3546949611424400,阿未Amo,https://i2.hdslb.com/bfs/face/a7ed624ec1e8c55021a21371692d4bf70b082dad.jpg,8484,"动画,自制,原创,原创动画,初一,自制动画,学生党,试播集,oc",111364,393,815,8613,4282,397,0,0,28586
BV1d6hbziEWh,114957114939663,1,215,2152,美食记录,美食记录,http://i0.hdslb.com/bfs/archive/ce454d1b85bc86ea2053fe9d29aad85c343f8c53.jpg,工地一人食，3元一斤凉面吃撑了，睡地上休息,1754106560,296,487215770,农民工川哥,https://i2.hdslb.com/bfs/face/3d05653d4b7cdabc08e7c464cc36ec3bc26284cf.jpg,962474,"生活记录,美食,记录我的美食日常,美食记录,凉面,工地,农民工,Vlog",577306,818,879,1183,3207,239,0,0,21866
BV1w4tgzXEPb,114969462966847,1,17,2077,单机游戏,休闲/小游戏,http://i0.hdslb.com/bfs/archive/6aac88c5004c54498ff44b2b37bd4b9a474b6114.jpg,二爷与坚果的后室冒险6.0他们逃出来了？!,1754294944,65,1834271846,陈君un,https://i2.hdslb.com/bfs/face/65f841ecf609e5e56c4efe01db70be7809c5785d.jpg,626063,"坚果,植物大战僵尸,二爷,后室,整点电子榨菜",391370,447,624,6456,987,89,0,0,24791
BV1Nd8CzfEmJ,114946830503456,1,242,2018,娱乐粉丝创作,音乐现场,http://i1.hdslb.com/bfs/archive/6b28e84aee8bc750c920cfffa0eb57e28fb6d438.jpg,【yama】你的《色彩》就是我的任务目标【BML2025单品】,1754107389,191,403748305,BML制作指挥部,https://i1.hdslb.com/bfs/face/924fb698bc68802a95c123c1f1ff41b3be1e9c9e.jpg,1295263,"色彩,音乐,BML,音乐现场,LIVE,现场,BML2025,yama",499247,231,541,8364,883,706,0,0,53450
BV1UbtEzWE1e,114974865360598,1,17,2078,单机游戏,沙盒类,http://i2.hdslb.com/bfs/archive/81e4ef7a3075be49a0d4d146f5c4e2891004d9b8.jpg,当我穿越到了现代侏罗纪，我该如何在虫灾之下极限生存100天 Ep2,1754378212,1626,1451195327,折木Them,https://i2.hdslb.com/bfs/face/4dc8622df9f159ff6ba4425b5a313aa34c421c2a.jpg,206886,"我的世界,剧情,侏罗纪,极限生存,虫灾,推荐宝藏游戏",115200,198,74,4701,683,13,0,0,5297
BV1E5huzXEm1,114963154735043,1,171,2068,电子竞技,回合制策略游戏,http://i2.hdslb.com/bfs/archive/1349e2d6a4a94659c9aeaa8c932e3da9af6ecaf2.jpg,两套新晋T0来了，一期看懂15.1b热补后梯度排行【云顶之弈】【金铲铲之战】,1754198791,212,18343134,林小北Lindo,https://i0.hdslb.com/bfs/face/fc093c1e6784b5f51e4697c739fe70e519ba36f7.jpg,1851298,"电子竞技,云顶之弈,云顶阵容教学,金铲铲之战,云顶之弈激励计划,云顶s15,云顶之弈s15,天下无双格斗大赛,云顶s15上线,林小北",480903,189,861,3394,759,1058,0,0,8136
BV1G9hHzyEWq,114952702532985,1,176,2106,汽车生活,汽车测评,http://i2.hdslb.com/bfs/archive/6bacacb360390cafa343e4430bb169307f5d1774.jpg,家用车真能撞赢卡车？理想i8对撞卡车事件,1754039220,114,99769189,区胖曰车,https://i1.hdslb.com/bfs/face/f0239f28f1301e17a2d0d8d6852499eddd560212.jpg,176097,"乘龙卡车,理想i8,碰撞测试,理想汽车",1542639,910,4325,1803,1540,1622,0,0,45874
BV1pSt3zdEkJ,114970368939358,1,21,2103,日常,工程机械,http://i1.hdslb.com/bfs/archive/774cdb4b321457ccd57769e1cca244ecf7661042.jpg,限时5分钟带大家做鸿蒙游戏！没人能通关！你敢试试吗？,1754309160,454,12590,epcdiy,https://i2.hdslb.com/bfs/face/f288604112016e93ca224c4c2c58980a6cd6ba25.png,820809,"华为,游戏,编程,教程,鸿蒙开发,HarmonyOS创新赛,鸿蒙5大有不同,鸿蒙一夏,鸿蒙越用越香,打砖块",203372,238,209,3889,3169,856,0,0,13396
BV1PntgzoE62,114969530077104,1,254,2166,亲子,农村生活,http://i1.hdslb.com/bfs/archive/b0677d46f3344d7fcf12872ec0c1b00a71e9bb21.jpg,真心感谢每一个难得的遇见,1754296525,771,1145185706,娥哥-,https://i2.hdslb.com/bfs/face/4a62ca08839606cbecc978bb805c1a39bf2b273d.jpg,448686,"娥哥随拍,娥家班,娥哥日常,记录美好生活",333457,335,194,626,888,70,0,0,15023
BV1uHhAz9E9s,114941176581423,1,21,2083,日常,综合资讯,http://i1.hdslb.com/bfs/archive/1ed95e6128a8dbc19067781a4daac98c2273f93f.jpg,一本书讲述“捐赠二战相册”事件始末,1753863312,190,3546705693772503,EvanKail埃文凯尔,https://i0.hdslb.com/bfs/face/c57feb99919a5f26ec6ebd876ad5cf0f5acee0a3.jpg,1354313,"二战,人文,读书,相册,事件",400881,473,465,11386,8592,262,0,0,123244
BV1Shhtz9EKB,114957601544314,1,17,2078,单机游戏,沙盒类,http://i0.hdslb.com/bfs/archive/317f615956489b0d8dd3a34e02fedf6a992b1eaa.jpg,💥爆 爆 方 块💥,1754114490,906,860464,少年五之歌,https://i1.hdslb.com/bfs/face/55ece692c6455bc9cf1bd189cf3411b055eaeb52.jpg,2224147,"我的世界,大橙子,乐高,五歌,BADCEN,在一起玩一夏,乐高苦力怕,小橙子,乐高我的世界,乐高航海王热血登陆",327943,812,412,3115,5623,167,0,0,23293
BV1XhtVz2EvS,114971476296963,1,65,2071,网络游戏,射击游戏,http://i0.hdslb.com/bfs/archive/1216d45592ab1057c437c5725c22bad198f0b7e5.jpg,三角洲行动 只要3万+制式卷就有满改S级武器！火力卷改枪最强优化教学！【紫色-火力】,1754364600,283,52717408,Always聪聪,https://i1.hdslb.com/bfs/face/d6573681e12901cbbf26a242102c727bac4d020a.jpg,1052058,"射击游戏,FPS,三角洲行动,三角洲行动改枪,三角洲,教程攻略,三角洲破壁新赛季上线",463162,247,817,12901,997,751,0,0,16391
BV1Vhh3zSEdW,114963741940796,1,124,2088,社科·法律·心理,社会观察,http://i2.hdslb.com/bfs/archive/03b7874eb2ed027cd21a82bc091f3e73e43bb543.jpg,靠白嫖能战胜消费主义吗？,1754208489,638,7226269,麦片是只小金毛,https://i1.hdslb.com/bfs/face/e6876734bc63d40eb0f39341ca04c6b613120832.jpg,576059,"辩论,消费,钱,思辨,白嫖,消费主义",166109,1016,995,3182,2920,993,0,0,19788
BV1jUhWzdEmz,114955672099273,1,138,2079,搞笑,其他游戏,http://i2.hdslb.com/bfs/archive/aceb3a890bd839bfee093535ef12b8f89dc96139.jpg,坏了！让他玩到真的了！,1754107500,218,170088482,炎辰大鸽子,https://i2.hdslb.com/bfs/face/4bc94099d73d6553a64950ad99e476a3a6e4e918.jpg,1891231,"奇葩,恶搞,娱乐,高能,搞笑,游戏,猎奇,吐槽,互联网,沙雕",1411915,659,953,5684,1661,1412,0,0,55579
BV1qvtJzMEG9,114976022855975,1,65,2071,网络游戏,射击游戏,http://i1.hdslb.com/bfs/archive/aa29fdd36eaecde35e1c110adf38632b6f61a2c8.jpg,从“新”出发！皮特B站首播，见证不一样的征程,1754394974,159,13470007,皮特174,https://i1.hdslb.com/bfs/face/aa27f02fff29bdc92905483600972d6c507d7cf4.jpg,617512,"FPS,射击游戏,电子竞技,APEX英雄,吃鸡,猎杀,竞技游戏,皮特,steam游戏",685155,1389,8995,5318,28191,11052,0,0,43576
BV1eDhHz2E79,114952669044145,1,172,2071,手机游戏,射击游戏,http://i2.hdslb.com/bfs/archive/5fb49f5ff3b4f899988de97ec6226bd042782a31.jpg,海底大逃亡，极限求生上演惊天手速怪,1754038827,218,235982660,小五哥哥九方骏,https://i2.hdslb.com/bfs/face/6a8eb2373e82c1cc927553286b501315c54aecc7.jpg,760633,"九方骏,和平精英夏日焕新,九方电竞,小五哥哥",911678,745,357,20069,2271,1391,0,0,41460
BV1TNhpzTESk,114952786418550,1,126,2063,人力VOCALOID,鬼畜综合,http://i1.hdslb.com/bfs/archive/f3566e9c285f3d623d6df842598a9b2ef4a4d9fc.jpg,“在哪都能挣刀乐”,1754106900,231,1398957,树深时见鹿dear,https://i0.hdslb.com/bfs/face/3492081b9cf0a59626c663537fe30f0acf53f6c5.jpg,731201,"周润发,岳云鹏,鬼畜,rap,唐探1900,王宝强",262860,299,574,5013,9725,551,0,0,23560
BV1Y3tGzrENZ,114970201232849,1,21,2039,日常,cosplay,http://i2.hdslb.com/bfs/archive/00973807382525acd0df5d47a1cbe95d73e62f41.jpg,天选比格？社牛少东家又到漫展搞事了！,1754306975,267,36416972,张恩恩NNN,https://i2.hdslb.com/bfs/face/d716ac55bed4f38f231a4a5b90a4c3d963ea3c87.jpg,919175,"CJ,cosplay,ChinaJoy,漫展整活,社牛,燕云十六声,燕云2025CJ,少东家,二次元副本挑战者",522186,5339,166,2825,1087,746,0,0,23679
BV17ehbzrE5Q,114957182111433,1,21,2103,日常,工程机械,http://i2.hdslb.com/bfs/archive/a7190a041b1f6401227b85aee706a78aaffb55ea.jpg,动态视频｜如果空间站从你眼前飞过，你会看到什么？,1754107836,59,407054668,亿点点不一样,https://i1.hdslb.com/bfs/face/9a2c23800387d9c871f3b5dd3620dc1c3c50d2f9.jpg,4968748,"科普,科技,空间站,对比,太空,科学,速度,航天,科普再来亿点点",2334646,1869,3038,17912,29295,1886,0,40,274285
BV1LH82zSEMk,114947719760030,1,247,2107,新能源车,汽车文化,http://i1.hdslb.com/bfs/archive/88c8177c347dfb1a02198d07da24209619ffe887.jpg,开爽了！难以置信这是10万级能发光能漂移的电车！,1753965722,616,497525820,所长Wy,https://i0.hdslb.com/bfs/face/5137009463f59bf5ed46af3a8779d63ed6ca3304.jpg,1402228,"汽车,赛车,改装,漂移,大众ID.3,ID3GTX套件款,赛道,新能源车,汽车改装,上汽大众",901093,6276,485,6874,4801,729,0,0,42292
BV1dW8vzUExe,114924584048240,1,17,2071,单机游戏,射击游戏,http://i1.hdslb.com/bfs/archive/faa322496dd140354d0c8c9aabefa200c5bdd552.jpg,航天基地“最全”攻略~第2期-牢区全物资点位。,1753873200,349,94472174,--山顶洞人--,https://i2.hdslb.com/bfs/face/61c8675b8a93362187265bba1a339559107ada57.jpg,82129,"攻略,游戏实况,三角洲行动,#三角洲,三角洲破壁新赛季上线",951135,658,582,38750,3270,2436,0,0,55607
BV1Wfhwz6ETC,114941495546047,1,201,2094,科学科普,科学科普,http://i1.hdslb.com/bfs/archive/794fb5f1844b3af385336ba2fcd4f04ebadc763c.jpg,四维空间理解不了？看不懂你打我！,1753869410,339,435061656,浮世叁千问,https://i0.hdslb.com/bfs/face/24b4d3f7e78477f088bfca1fd756cc78b018dfe3.jpg,926637,"空间,宇宙,3D打印机,科普,3D打印,爱乐酷,爱乐酷土星4U16K,四维空间,高维空间,3分钟分享一个科学知识",1463484,793,1351,19097,1875,806,0,0,59887
BV1tDt7zJERS,114975016228285,1,76,2149,美食制作,美食制作,http://i1.hdslb.com/bfs/archive/8a05201398a3766d607568e279d875606a214eba.jpg,这么妙的小菜居然没吃过，有手就会做，传统鲁菜盐卤肚,1754388000,758,419872064,老饭骨,https://i2.hdslb.com/bfs/face/acafe3e024816f8970ce15acb1f235fc52bac14b.jpg,5203431,"美食教程,厨艺,美食制作,家常菜,烹饪,记录我的美食日常,小菜,鲁菜,卤味,Vlog",123725,496,321,2448,1448,216,0,0,7484
BV1bf8izCEys,114942803973341,1,193,2017,MV,MV,http://i2.hdslb.com/bfs/archive/4a3fe261583ad7525b072f311538377411975b53.jpg,Laufey - Lover Girl (官方MV),1753888302,170,3493131920083673,LaufeyOfficial,https://i2.hdslb.com/bfs/face/84f01bb30185f46c4f3d795b73d39c3733d6f38a.jpg,213630,"欧美MV,欧美音乐,MV,LoverGirl,官方MV,林冰,Laufey",592752,329,678,56233,14071,4135,0,0,132577
BV1iShGzxEjy,114965100895300,1,21,2037,日常,同人动画,http://i2.hdslb.com/bfs/archive/971e858a84b25c2d6603cd22b148afd9eddac151.jpg,😱爱音捡了一沓钱😱,1754228423,101,3546651645970961,UV唐大头,https://i2.hdslb.com/bfs/face/f4a31b23d11128feb844907888636983794ada68.jpg,12997,"二次元,迷途之子,AVEMUJICA,MYGO",148140,164,626,7006,664,3655,0,0,18122
BV17wtGzmEpC,114970503156673,1,212,2150,美食侦探,美食探店,http://i1.hdslb.com/bfs/archive/0d999222779ef11944b2c29c921cb1805f5b2529.jpg,700块钱吃一顿和牛值不值？,1754311087,256,15282571,耶叔的四方食事,https://i1.hdslb.com/bfs/face/aa5694d17937bea569746793551e2b1ffa1749d6.jpg,695261,"日本料理,和牛,探店",166019,649,544,669,1067,350,0,0,12466
BV1pUhTzQEuf,114962215277600,1,47,2037,同人·手书,同人动画,http://i0.hdslb.com/bfs/archive/e6299b99b41e3b5c68a882d9acd48f3428ef10b4.jpg,原创动画｜亲爱的神明，帮我孙女找个男朋友成不？,1754184258,68,2466899,SHOUWenjia,https://i2.hdslb.com/bfs/face/c77f7d4cd8054d6428f0e89ddc4ff01ec063d5ea.jpg,6448,"原创动画,短片,动画,动画短片,动画电影,寻光小宇宙奖",140219,41,254,7660,3828,267,0,0,36312
BV1NKhpziERU,114952836746022,1,21,2064,日常,单人RPG游戏,http://i0.hdslb.com/bfs/archive/3d06fe26ca2cbe4fecbe84f96e66c4e677fd9255.jpg,学丘丘人跳舞,1754041170,26,1493683915,萩铭,https://i1.hdslb.com/bfs/face/36db6468e8bcfe4daee43f02bfb059d89c5b7374.jpg,413,"原神UP主激励计划,丘丘人随舞,原神,丘丘人",564384,272,1470,5988,2529,6882,0,0,89897
BV1MxhczVEsQ,114940304168865,1,17,2078,单机游戏,沙盒类,http://i0.hdslb.com/bfs/archive/53e1e8072052ba6fe7320d58f12cf97052082177.jpg,挖掘疲劳255+虚弱255+中毒255+极限模式+网易手机版通关我的世界,1753924737,1064,3546930854496967,窃窃思羽_,https://i1.hdslb.com/bfs/face/c3380c164b38694d45546f98a4946b29c7ad2f34.jpg,7202,"游戏,沙盒游戏,我的世界,MC,Minecraft,速通,挑战",1003468,1637,1096,15451,9790,325,0,0,60080
BV1Yt8dziENj,114937183605505,1,218,2055,喵星人,二次元绘画,http://i1.hdslb.com/bfs/archive/074b41aabafdf3e3f2325d4d3e099009770b1606.jpg,仙之基米兮列如麻,1753871400,35,287890286,李渔的世界,https://i2.hdslb.com/bfs/face/87855ab49fb23a1ce54606f71b28781fa872587b.jpg,515759,"板绘,希特猫,画师激励计划,猫meme,野哈飞舞,画画,板绘过程,呕吐猫,哈基米",1690377,593,1697,37911,4792,8841,0,59,228862
BV1q78yzyEhF,114946931299871,1,215,2150,美食记录,美食探店,http://i1.hdslb.com/bfs/archive/23bf7b0d3c823b325a02ac20a2cc1207c569e714.jpg,芬兰一家飞5000公里探秘非洲《中餐厅》！第一视角暗访揽客到用餐全过程！揭秘综艺拍摄真相！,1753952446,1349,323024456,雨琪在芬兰,https://i2.hdslb.com/bfs/face/59f832f5fdb0a01391339ce842e4dae00c2f504a.jpg,2094522,"黄晓明,尹浩宇,舌尖真探事务所,沈月,探店,中餐厅,老外吃中餐,丁禹兮,翟潇闻,外国人吃中国美食",3815962,11173,8302,27400,45748,3752,0,19,128792
BV1KhhAzUEzq,114941143221995,1,59,2021,演奏,演奏,http://i0.hdslb.com/bfs/archive/62bb3ca3912be1236fa656bc29296112f4da9e7b.jpg,万物都可Bbox之 《知了合成器》,1753863365,25,20564108,是删青啊,https://i2.hdslb.com/bfs/face/90e8ba25d1d5cb923b711ad3b29a5dcd40c3ccce.jpg,516008,"全能音乐挑战赛,搞笑,夏天,电音,卡点,抽象,沙雕,bbox,删青,知了猴",3928000,63745,6519,57206,19128,51456,0,24,399834
BV19j86zZEG5,114944934679981,1,172,2071,手机游戏,射击游戏,http://i1.hdslb.com/bfs/archive/c521c297b86749e48005120ead164c46ca1a6bf6.jpg,扶贫这么久以来最痛苦的一个号！,1753920923,478,700516468,松下千秋77,https://i1.hdslb.com/bfs/face/1d860b1b059fbcbc09c269b8d7a7e52603b3c283.jpg,394360,"地铁逃生,臭猫扫号日记,和平精英,松下千秋",4562942,893,330,39579,1760,155,0,63,48486
BV1LztgzyEyR,114969060379388,1,182,2001,影视杂谈,影视解读,http://i0.hdslb.com/bfs/archive/81263eeeda379d8d2e3fa2355a02903bb3107bf7.jpg,他越活越年轻，却注定与爱人错过一生,1754301600,183,11099044,花町公馆,https://i1.hdslb.com/bfs/face/5a18d382f3f2efeaf072eff7c801ad79be76dc94.jpg,903577,"爱情,电影解说,电影,每天安利一部好片",2754399,414,652,38447,5567,1016,0,27,118581
BV1zhhKz5ESY,114960856260211,1,65,2071,网络游戏,射击游戏,http://i2.hdslb.com/bfs/archive/fdda574b40aaa265563e3280835731f9a269076b.jpg,挑战不出海洋之泪不结束（五）单局两颗非心能抵海泪吗,1754194500,1086,3461572586375762,小里电竞,https://i2.hdslb.com/bfs/face/9ea49de53aec6e12c011ccdb30f0611b44e4bdf7.jpg,186490,"三角洲行动,三角洲新年爽玩攻略,三角洲新年整新活,三角洲行动建模大师,三角洲破壁新赛季上线",707151,7076,937,7708,2468,738,0,0,50568
BV1dmhHzUE3W,114952769773022,1,138,2154,搞笑,剧情演绎,http://i2.hdslb.com/bfs/archive/6f8b8742a25f5f16ceb25d7984301d488fa8b3ab.jpg,挑战一镜到底之歪嘴龙王再现江湖,1754040657,150,339070060,阿姣来也,https://i1.hdslb.com/bfs/face/2b0b64521dc96f8a8b19b8e7afaf9d414a764069.jpg,26229,"短剧,配音,搞笑小剧场,一镜到底",186743,234,338,1411,585,677,0,0,25131
BV1S7hHzuEhK,114953373681009,1,241,2009,娱乐杂谈,娱乐评论,http://i2.hdslb.com/bfs/archive/a2817bf140c495d75002b8772bb71af77f783ce7.jpg,【娱乐简报】直男一卖，粉丝溺爱，网红一卖，内娱崩坏,1754105315,925,1527375735,RICH徐大花,https://i0.hdslb.com/bfs/face/6aac72712a65aa6a525923602e1b2812c6472a45.jpg,370172,"汪苏泷,吐槽,梓渝,旺仔小乔,吃瓜第一线,田栩宁,张碧晨,吃瓜,李明德,内娱",525657,4388,1752,2202,3371,2197,0,0,25839
BV1UfhgzrE4U,114964429869028,1,21,2154,日常,剧情演绎,http://i2.hdslb.com/bfs/archive/1963100196eea5c44d8112e60425142e2c1b7138.jpg,属 于 猩 的,1754218326,51,9130832,张八筒筒,https://i2.hdslb.com/bfs/face/683b3b97648bf13641c508b9b50a2d25b87bec69.jpg,721433,"搞笑,原创,生活记录,张八筒,best人生,猩猩队长,情侣日常",647593,182,352,1098,1312,467,0,0,64774
BV1RWh8zTEyr,114958792726873,1,172,2207,手机游戏,随拍·综合,http://i0.hdslb.com/bfs/archive/4dbd89ec456a66bcce745e59a256e856ec2736ba.jpg,星穹铁道——决战上海滩,1754132092,225,691153472,饼干我真是yyds,https://i2.hdslb.com/bfs/face/65241172229d998f8e291f1bad1f96f7b87ca87b.jpg,2878,"游戏,上海,鬼畜,崩坏：星穹铁道,崩坏：星穹铁道创作者激励计划",167318,6764,345,3854,1360,1243,0,0,11107
BV1xitEzUERp,114974848521983,1,171,2070,电子竞技,MOBA游戏,http://i0.hdslb.com/bfs/archive/25d4e98586c79a7a4beaffae1749e60f1751e54d.jpg,队友想抢位置，惨遭系统制裁,1754388000,454,2119811581,峡谷混学家,https://i1.hdslb.com/bfs/face/d1cfc4a1e83f577eb4b5dd621fe4762487410978.jpg,852544,"英雄联盟,上单,娱乐,搞笑,下饭,符文战场:英雄联盟对战卡牌,石头人,lol,英雄联盟电竞世界杯",407274,761,708,1069,3220,189,0,0,28173
BV1DWtEzoELQ,114974714367327,1,47,2037,同人·手书,同人动画,http://i2.hdslb.com/bfs/archive/7b41daca8198ec21e9e95c9e6382e7799a3d4e91.jpg,【鸣潮小剧场】Wonderful U,1754375109,67,71940941,唤林和小PK,https://i2.hdslb.com/bfs/face/c0973a9a2efadbe7040d72c0491ad39aadaf642d.jpg,263329,"东方,同人,手书,弗洛洛,鸣潮小剧场,漂泊者,意难平,鸣潮2.5版本二创",212924,280,1859,20369,38795,5224,0,0,48893
BV1Zq81zmEYw,114947938062985,1,201,2184,科学科普,医疗保健综合,http://i1.hdslb.com/bfs/archive/5fb8b7d7e86bcf4a8acaec02a8353e286c53dfbc.jpg,所有人都知道他活不了，只有自己不知道,1753966659,175,291042076,水果医生,https://i1.hdslb.com/bfs/face/dc275122b2c1806083f0fbf27203ce1857437af7.jpg,2036371,"生活,影视剪辑,记录",974796,606,1795,8505,1731,1798,0,0,120951
BV1gChVzJE4P,114964513691731,1,241,2009,娱乐杂谈,娱乐评论,http://i1.hdslb.com/bfs/archive/ea449b2c5699f79fd4a7613649391bc87732a5fd.jpg,【吃瓜】赵露思八问经济公司！正式开撕…赔款、解约、协商矛盾…她的理由真能被同情吗？,1754219398,511,1976558860,天气微凉淡淡月光,https://i1.hdslb.com/bfs/face/92f61e260415a2e7f22b4d44fa676bce2f612aed.jpg,182637,"原创,矛盾,吃瓜第一线,理由,经纪公司,赵露思,银河酷娱",1789266,6980,9462,6970,6653,11642,0,0,46688
BV1Bih7z6E8T,114951494636270,1,95,2100,数码,手机,http://i2.hdslb.com/bfs/archive/d1a79ed9006755d8bd71a6c437baf9884b3b8072.jpg,提前看完苹果折叠屏的样子，我觉得它已经打不赢了。【X.PIN】,1754182800,486,31880257,差评硬件部,https://i1.hdslb.com/bfs/face/224f69a9c045d4c66936620e2cb3feb2054ed43b.jpg,726240,"科技猎手,华为,苹果,三星,小米,手机,iPhone,折叠屏",449095,1506,1793,2660,1417,1201,0,0,15277
BV17v8CzVEqJ,114947132495516,1,21,2156,日常,UP主小综艺,http://i1.hdslb.com/bfs/archive/09b293d4be3320eb3cbe698961a4c55aa82afe31.jpg,《暑假作业》,1753954384,423,3546731908171869,是许木木啊,https://i0.hdslb.com/bfs/face/dd7af55fc5361c6a343356958efce19fa6326d89.jpg,1375778,"剪辑,自制,原创",1658719,4169,3501,24375,4722,1368,0,93,118392
BV1FRtnz5EgT,114975418880976,1,65,2070,网络游戏,MOBA游戏,http://i0.hdslb.com/bfs/archive/2cd7fbdc3a647bc813bf266c05905e77ef4f3006.jpg,有趣...是值得我使出真伤的对手！,1754385905,253,3546799094631194,爱丽速子LightSpeed,https://i2.hdslb.com/bfs/face/9ea7f7998ab8bb02c34bed1aa3aa376643d49f8b.jpg,159548,"电子竞技,娱乐,搞笑,王者荣耀,MOBA",141233,241,291,703,622,39,0,0,13603
BV1QxtnzPEic,114975469342396,1,172,2064,手机游戏,单人RPG游戏,http://i2.hdslb.com/bfs/archive/2bb4edb00ebce530f4f416b79d54ec61ff8dde03.jpg,【明日方舟】被萌萌香抡晕前幻想出的啥比小视频,1754386653,80,194240114,磁悬浮呆毛,https://i2.hdslb.com/bfs/face/9395bf8a5c2f55a69838d2106a4f508a45134dea.jpg,197577,"明日方舟,萌萌香,斩业星熊,羽生萌萌香,遥,exe,meme,墟,泰拉探索协会,明日方舟创作者应援计划",158907,159,292,1959,511,570,0,0,12541
BV1NChnzYEQK,114953675673461,1,172,2064,手机游戏,单人RPG游戏,http://i2.hdslb.com/bfs/archive/bb46c4c0b94bf197056bbf60d9ddda82eeb4e37e.jpg,3.6均衡命途仲裁官登场！星铁开服最大伏笔终于来了？,1754054208,281,3546664558135806,星铃拿铁,https://i0.hdslb.com/bfs/face/1c7e01be49a86c97c4984d472a51f7b58b0f3cf0.jpg,30428,"游戏杂谈,螺丝咕姆,均衡星神,大黑塔,昔涟,如我所书,翁法罗斯开拓之旅,来古士,长夜月,三月七",1126747,920,2896,15335,4306,10080,0,0,81771
BV1YphtzFEWt,114957903462730,1,21,2154,日常,剧情演绎,http://i1.hdslb.com/bfs/archive/b16ed7a8f8410445fe9fff42c676cf9b508919a9.jpg,到不是真的虚，我只是刚好属于确实型人格,1754118551,171,1443546125,阿玉老贼,https://i2.hdslb.com/bfs/face/c03cf386a8e76ac1d3060796d343b4cc829f2f93.jpg,228132,搞笑小剧场,487781,28712,2622,6581,1959,2215,0,0,82238
BV1E4hVzcEJq,114964966676665,1,22,2063,鬼畜调教,鬼畜综合,http://i1.hdslb.com/bfs/archive/4d2fcc3ad2b6f7117c6d6c982d0d3efa64d42dea.jpg,⚡灵感菇溜大了⚡,1754279700,117,2283296,小猪P_,https://i2.hdslb.com/bfs/face/e3cd0e238b61cb1c23ffae2f7f99fcc59818cf68.jpg,664415,"鬼畜,黄绿合战,MyGO,Ave Mujica,黄绿合战10th,爱音,咕咕嘎嘎,黄绿合战10th-黄队应援",174700,356,1277,6635,3720,5301,0,0,23093
BV1a4h8zNERS,114958691992909,1,47,2037,同人·手书,同人动画,http://i1.hdslb.com/bfs/archive/184522746a50c8d7fdafaa47556e18efa98884f6.jpg,来去跑刀,1754130573,32,11295439,是子童和梓潼吖,https://i1.hdslb.com/bfs/face/d0c8ed13d73b50ce28b5baa1bfe91bcfca0783c4.jpg,10185,"萌宠,搞笑,动画短片,FPS,动画,可爱,三角洲行动,碎星行动,卡通,三角洲破壁新赛季上线",372524,67,478,14019,1741,2354,0,0,38806
BV1m5tJzQEr8,114974160588846,1,250,4218,出行,钓鱼,http://i2.hdslb.com/bfs/archive/ee4ee1aa214ad015ba86083dfd92d91c331796c6.jpg,黄河泥巴水里真能钓到鱼！还有更绝的黄河泥巴鸡，香！巨香！,1754366778,737,3546389998995863,探钓者序,https://i2.hdslb.com/bfs/face/7500ac8783da7ca545e0afd9fd1ce84d0a5d84d5.jpg,78669,"钓鱼,户外,户外钓鱼图鉴",134592,498,355,1361,3873,75,0,0,5545
BV1Tw82zYEFj,114947669365335,1,124,2040,社科·法律·心理,二次元线下,http://i1.hdslb.com/bfs/archive/1f030e676ada8a01ad0a97e592624ac4fc3835f1.jpg,吧唧没火之前动漫店的种类很丰富！有好多东西啊，现在感觉全是卖徽章的(つД`)去店里看了一眼返老还童年轻了十岁,1753962359,131,267063677,单易之,https://i2.hdslb.com/bfs/face/46d0cf850a56b10e328cbfe26025ee22e32dcd45.jpg,120485,"死宅,二次元,动漫,吧唧,古早,周边,动漫店,谷子,探店,bilibili次元论战",606532,858,2520,5459,982,1188,0,0,63733
BV1bA8zzUEST,114943592503172,1,162,2152,绘画,美食记录,http://i1.hdslb.com/bfs/archive/cb862ab891166295b0944a717970d59d61e679af.jpg,印度汽水，但是猫和老鼠音效,1753900406,62,341084698,八重熊二,https://i1.hdslb.com/bfs/face/bde958b1891cdaf7f328d80e7549e29e881c0137.jpg,1074,"搞笑,猫和老鼠,印度美食,印度小吃,杰瑞,汤姆,整活",366373,122,315,4429,757,1692,0,0,25883
BV17nhuzUEKk,114963356065402,1,138,2154,搞笑,剧情演绎,http://i1.hdslb.com/bfs/archive/1ecb1c0d2ed7b4dc5bf1c2ef877d58bfada7c108.jpg,在漫展上认真工作的保安,1754211756,163,1835967,善良的诚哥,https://i0.hdslb.com/bfs/face/181e97f366b1cb2bda57b758cd8874315e41b238.jpg,1138652,"生活,搞笑,日常,漫展,射击游戏,娱乐,ChinaJoy,远光84,远光84公测8月7日,沙雕",390206,196,311,1012,522,130,0,0,28789
BV12z8yzbEHd,114946629178871,1,26,2063,音MAD,鬼畜综合,http://i2.hdslb.com/bfs/archive/233e975e6ed2a44e494101c2689ed53c1e8627ce.jpg,♿PRAGMATISM -RESURRECTION-♿,1754279700,165,400121455,TxAY丶,https://i1.hdslb.com/bfs/baselabs/7d88154aa95d75d7e1fb9de3152141fa0ab27459.png,4680,"音MAD,音mad,说的道理,白复生,黄绿合战10th,电棍,Laur,Arcaea,arcaea",282051,2796,2828,12729,14851,3469,0,0,41230
BV1GKtgzMENZ,114969362500721,1,171,2070,电子竞技,MOBA游戏,http://i2.hdslb.com/bfs/archive/3812651dbfa02eb089c58c32d3989da89fcb0b34.jpg,屯了一年的顶级国宴，只为治好你的厌食症...😋,1754301900,168,88160614,困困君丶,https://i1.hdslb.com/bfs/face/0451880ede12cab7af87e774cad52536934b6bee.jpg,562771,"英雄联盟,第一视角,娱乐,下饭,搞笑,电子竞技,下饭操作,MOBA,沙雕,英雄联盟电竞世界杯",470716,338,150,757,2710,291,0,0,23455
BV1cptMzmEXS,114968674438889,1,47,2037,同人·手书,同人动画,http://i0.hdslb.com/bfs/archive/6932cd399533c8ee73f33993057ba2a6e2543315.jpg,第67集，穿越后我施展龙煌界神力秒杀神域杀手，与冰块妞前往塞北执行猎杀任务！,1754382600,449,1315416826,暴走三金_,https://i1.hdslb.com/bfs/face/547d829b08e143073920e9eaf241540cbc3f64a7.jpg,288163,"原创动画,动画种草激励计划,热血",60668,337,181,1931,1216,47,0,0,5654
BV1K7tgzfEp6,114969496521256,1,171,2091,电子竞技,设计艺术,http://i1.hdslb.com/bfs/archive/218739eb0631c0a88e0742a07012e682f64751a7.jpg,来不及悼念幻影坦克了，接下来登场的是“光棱坦克”！,1754295679,330,11023521,letmedream,https://i0.hdslb.com/bfs/face/4b0e143579e321d10eac6191db3f3703f626cd08.jpg,406347,"PS教程,PS,光棱坦克,隐藏图,超清科普小课堂",173961,86,701,7845,1525,1242,0,0,9725
BV157hNzNEG3,114959514077416,1,164,2128,健身,健身科普,http://i2.hdslb.com/bfs/archive/1c8d424446d1ea4e70072b8450e6111474cc2a59.jpg,减肥回忆录，从200-130的一年是怎么过的？,1754143240,173,305947148,黑豆减脂日记,https://i2.hdslb.com/bfs/face/b4672a74841d405927f1520f5dd21c3d739c85ee.jpg,21797,减肥,185736,162,1425,787,889,425,0,0,10809
BV1MVtgzaEc3,114969345526998,1,21,2088,日常,社会观察,http://i0.hdslb.com/bfs/archive/1f3927c887ffcc5927fbf1b642a0a255669f96fc.jpg,被网暴了，平台不管？……试试这个！,1754293624,145,1988929420,侃木头哦,https://i1.hdslb.com/bfs/face/e73f946a5712e9a9fd92a82bb8f6c06e234f1bd6.jpg,2165009,"成长必修课,清朗行动,网络暴力,网络安全,维护权利,网络霸凌,个人成长,12377,被网暴了",1335332,448,2702,178554,29659,4351,0,2,312218
BV1bzh3z5EeD,114963658116176,1,172,2064,手机游戏,单人RPG游戏,http://i0.hdslb.com/bfs/archive/5114b057613468406cee0210554e3ba5be968d6b.jpg,3.5昔涟真身曝光！长夜月还与神秘&贪饕星神有关？！,1754206631,268,3546664558135806,星铃拿铁,https://i0.hdslb.com/bfs/face/1c7e01be49a86c97c4984d472a51f7b58b0f3cf0.jpg,30428,"游戏杂谈,贪饕,大黑塔,昔涟,如我所书,翁法罗斯开拓之旅,来古士,迷思,长夜月,三月七",475903,780,1546,8416,2822,6130,0,0,47111
BV16MhtzzELc,114957853138536,1,30,2020,VOCALOID·UTAU,翻唱,http://i0.hdslb.com/bfs/archive/2382a615d03be5ae269f82cf7196d9a75810bdd7.jpg,我们都在用力的活着（日语版1m30s）,1754125852,92,37080882,奥巴鸽咕咕咕,https://i0.hdslb.com/bfs/face/d688c3b7e619d65a9809e2ee5eadf26a844eabdc.jpg,32204,"励志,日语翻唱,搞笑,俊达萌,ずんだもん,天真的橡皮,一勺料汁,和我的保险说去吧,我还以为减速带呢",413358,180,1394,23190,8922,8224,0,0,51531
BV1YWh8zTEfE,114958792657023,1,207,2087,财经商业,商业财经,http://i0.hdslb.com/bfs/archive/87813c1fd49c7330f882821c82ae79ce23acd099.jpg,一张图看懂洗钱！现实世界有多少漏洞？,1754132415,894,15324420,数据库kira,https://i0.hdslb.com/bfs/face/93487a9046c128bc43bd63c9e0747fa998c75be3.jpg,940900,"科普,财经,金融,股票,洗钱,反洗钱,社科人文,青年用「财」图鉴",1034184,1400,2350,32801,6401,2949,0,0,33654
BV1kHhLzGEqM,114965587500255,1,21,2063,日常,鬼畜综合,http://i0.hdslb.com/bfs/archive/01267c9b921f2331d1527f6a9d51e77386a373a2.jpg,穷吃菜富吃虾，有钱有势吃王八。,1754236100,86,3461565288286498,小付同学t,https://i1.hdslb.com/bfs/face/3e948382a80cb04a08af921908641f48b7241243.jpg,40964,"生活,万恶之源,影视剪辑,迈克尔杰克逊,搞笑,男神,莲花落,上头了,必剪创作",272899,227,444,3110,3350,1442,0,0,18307
BV1J3h8zjEHJ,114958658571402,1,138,2154,搞笑,剧情演绎,http://i1.hdslb.com/bfs/archive/4180d1030aa6463bc39a1517282a54139d00c544.jpg,《关于室友暑假去兼职这件事》,1754190000,139,3546585206098746,张天翊yi,https://i0.hdslb.com/bfs/face/593e0a72e89625e2ebe193c39386d9e975743d22.jpg,347997,"蓝翔,唐国强,搞笑,美团神券,跟着唐国强膨美团下午茶免单,美团,美团会员",1351531,336,424,5780,803,906,0,0,70889
BV1h8tnzhEJu,114975687383188,1,250,2159,出行,旅游攻略,http://i1.hdslb.com/bfs/archive/df16bf4cf9068c4cb9c08c937a7883936f52a66c.jpg,内蒙古到底值不值得去一趟？【自驾体验】,1754391763,1524,644255470,杰克小兔,https://i1.hdslb.com/bfs/face/013a96a5d1dc54a152e87816776eaf88997ea5e7.jpg,1264793,"生活,生活记录,搞笑,零跑C10,城市,分享,内蒙古,出行,呼和浩特,辉腾锡勒",310968,2119,759,2877,4364,901,0,0,11162
BV1vehVzxEWk,114964547312228,1,183,2090,影视剪辑,人文历史,http://i2.hdslb.com/bfs/archive/00893b248d0e18de68887871ea8ca177ad411d6e.jpg,没鬼没妖，但就是聊斋《聊斋志异》原著讲述,1754291100,1308,297187,姜不够,https://i1.hdslb.com/bfs/face/f56a02d96130b0ce5db176ac4b8db2d391fafa94.jpg,89280,"文学,聊斋志异,聊斋,人文,人文历史档案馆,古典文学",269381,1294,552,2998,2598,210,0,0,9201
BV1eQhgzjEAB,114964245256716,1,208,2084,校园学习,应试教育,http://i0.hdslb.com/bfs/archive/b2230f8bfe119b15713d340e648f411cabd6c2bc.jpg,【一数拔高】指对幂函数大综合！,1754215452,2892,14229967,一数,https://i1.hdslb.com/bfs/face/812281bada7d323c23c6e1e2e92749bd29b7d7c6.jpg,20493773,"学习,高考,数学,指对幂函数,bilibili高考季,中考,考前复习,高中,考试资料",779877,8258,1571,19708,5415,2361,0,73,92014
BV1Sit3zvEqt,114970788435448,1,21,2152,日常,美食记录,http://i2.hdslb.com/bfs/archive/464e54c0872897328d4483f5ba9dae4f01c8c392.jpg,下了大半天雨天气有点冷到巴里坤县城逛逛美食街，今天奢侈一把花138块吃个当地特色美食羊肉焖饼暖暖胃舒服了,1754315711,1065,3546387130092158,阿程的小房车之旅,https://i2.hdslb.com/bfs/face/c21c59ebf87f3495233b218b68fbcf505c57ebbf.jpg,379764,"治愈,地方特色美食,户外露营,一人一车一世界,风景在路上",236035,2711,636,867,4746,124,0,0,13291
BV1bjtgz8EcR,114969513366844,1,161,2183,手工,助眠视频·ASMR,http://i2.hdslb.com/bfs/archive/d46104593820fbb77078c7f72cac0eee10b0fd14.jpg,你想随身携带哪本书呢？ASMR,1754295668,65,8399798,Aismr_,https://i2.hdslb.com/bfs/face/24b362b243c9b0206be406fcc6636c34e6627a18.jpg,82320,"助眠,治愈,催眠,asmr,解压,放松,记录,触发音,极度舒适",369577,184,300,6683,571,529,0,0,36994
BV1NwhnzhErS,114951981108767,1,182,2001,影视杂谈,影视解读,http://i0.hdslb.com/bfs/archive/2096f304e11b3c2a5066ba083af530ae113e4707.jpg,30多年前的“计划生育宣传片”，太超前了！,1754042400,1004,390898500,一目十影,https://i0.hdslb.com/bfs/face/986bf531f3e50a6bf67d5844f9304fc310a153e3.jpg,2078127,"电影解说,影评,国产电影,喜剧,老电影,甘泉村的风波,万字拉片大赛",1815433,2420,1965,15279,4199,3974,0,0,116909
BV1u5tGzzEHH,114970100502000,1,65,2071,网络游戏,射击游戏,http://i1.hdslb.com/bfs/archive/9b91f707d6f3998105eabd88eeb198934a47e66c.jpg,【老柠萌】当鼠鼠吃剩饭路上撞到单三清图姐,1754305170,595,1750151716,野生老柠萌,https://i1.hdslb.com/bfs/face/e540d8e020a20175dca0de5915e276b6cd458f90.jpg,324530,"搞笑,FPS,101俱乐部,三角洲行动,爱鼠TV,野生老柠萌,新年快乐排点,跑刀,鼠鼠,三角洲破壁新赛季上线",1005745,4634,3058,10338,6427,533,0,0,49182
BV1L7tnzzEwQ,114975553096921,1,17,2066,单机游戏,单机主机类游戏,http://i0.hdslb.com/bfs/archive/3da9f1cbcb3b3feb4c2adea323cf475fc194e975.jpg,在燕云十六声无伤挑战中没有任何人受伤,1754388973,621,7349,STN工作室,https://i2.hdslb.com/bfs/face/5bc1308ef3ac8eed73ed98ad4770f960547688d3.jpg,2484637,"国产游戏,技术流,搞笑,武侠,无上挑战,燕云十六声,动作游戏,游戏日常,BOSS战,整点电子榨菜",323930,427,583,890,1058,245,0,0,13865
BV1EUhxzeEiL,114956846505574,1,65,2068,网络游戏,回合制策略游戏,http://i0.hdslb.com/bfs/archive/f6e55d04295aeab0d6c3f574d2525e467a1f4d37.jpg,热补后的水晶无敌公式：把把硬开7水晶！把把玩把把爽！,1754102416,296,28278455,香菇滑鸡_,https://i2.hdslb.com/bfs/face/f777409078bad09475e3f58e8a8078b0f5566091.jpg,712549,"水晶,公式,电子竞技,英雄联盟,云顶之弈,云顶S15,云顶之弈S15,教程攻略,新赛季,香菇滑鸡",305667,147,796,1117,532,774,0,0,5497
BV1aPtgzBEd8,114969379147110,1,215,2152,美食记录,美食记录,http://i1.hdslb.com/bfs/archive/ef07c2d51505b335d229fd919b851e8403143c38.jpg,今天吃一锅神奇的窑鸡钢琴烤肠火鸡面！,1754294722,194,419976249,大宸开饭了,https://i0.hdslb.com/bfs/face/4c7af34e8dd82b8a18a2957ca9862f6d046c3ffd.jpg,1200512,"美食,声控,夜宵,沉浸式,美食记录,烤鸡,创意美食,烤肠,火鸡面,窑鸡",341538,555,293,3346,568,431,0,0,20001
BV1Ud81zqEZQ,114948005044197,1,171,2207,电子竞技,随拍·综合,http://i1.hdslb.com/bfs/archive/87125ef318ae6ec3c94910be98db4a2df00b1051.jpg,惩戒关羽终于拯救了队友！苏打锋,1753970880,196,39560763,Study苏打锋,https://i0.hdslb.com/bfs/face/c0f969795d667f5ccd6ef85ef0b886190629a2f3.jpg,842559,"电子竞技,NBA,鬼畜,王者荣耀,惩戒关羽,苏打锋关羽,蜀国人关羽,关羽,MOBA,苏打锋",1158917,463,638,5153,3187,931,0,0,71137
BV122hpzME6U,114954480910706,2,182,2001,影视杂谈,影视解读,http://i1.hdslb.com/bfs/archive/1ae905a315672bd4f15bb47b2f117d77cfc9f83e.jpg,比咒怨还吓人！如果有一天来电显示是自己的名字，这样的电话你敢接吗？日恐三大将之一《鬼来电》；视频中一切恐怖画面均打码或重新手绘（抽象版）,1754066438,2692,20858641,冯二苟-,https://i1.hdslb.com/bfs/face/8e22aac80df2513702f9c6335a230bb6bbdeb6ea.jpg,7995,"电影解说,恐怖片,童年阴影,恐怖电影,日本恐怖片,经典日恐,经典恐怖片,鬼来电,一口气看完,万字拉片大赛",670924,2890,1981,11408,8326,1722,0,0,21779
BV1do8kzuEZw,114945605834201,1,21,2112,日常,护肤,http://i0.hdslb.com/bfs/archive/84937866050d3d4d17442535097a853dc88cfecc.jpg,感恩大家对红卫的关心和厚爱！诚邀各位宝宝们来直播间！！！！,1754101800,111,3493082846726757,红卫皂业旗舰店,https://i0.hdslb.com/bfs/face/432d6d062cf8e0f1dc43297b770c70d0caed9aaf.jpg,84067,"正能量,国货,护肤,直播录像,羊脂皂,香皂,红卫",211451,115,358,2225,2889,43,0,0,33370
BV1GJtjzQEVc,114973858600120,1,75,2171,动物综合,动物综合·二创,http://i2.hdslb.com/bfs/archive/a634c1cfcdc0f54d526a8fbf31fcbcdd2a6e140a.jpg,探访亚洲最大淡水水族馆！新加坡河川生态园！,1754386200,1161,240852096,爱养鱼的卓林,https://i0.hdslb.com/bfs/face/05714fe5ebf7024da7c4f3bf31c184806d677124.jpg,219426,"水族馆,海牛,南美,观赏鱼,肺鱼,新加坡河川生态园,恒河鳄",291579,720,356,6350,1778,571,0,0,10300
BV16BhHzREww,114953071697393,1,47,2055,同人·手书,二次元绘画,http://i2.hdslb.com/bfs/archive/d09546b48776b04e4cef2f5818c50bba402376b6.jpg,这些原神/崩铁图将不再更新！,1754045198,63,3494365922069299,青辞川,https://i1.hdslb.com/bfs/face/0bda5aeedffb252a36e64ada139ccc89c623dddf.jpg,135436,"同人,插画,板绘,绘画,崩坏：星穹铁道,崩坏星穹铁道,米哈游,原神",1762126,246,2887,44871,56246,793,0,33,296941
BV1xnhJzbE4D,114952232766274,1,47,2050,同人·手书,漫画·动态漫,http://i2.hdslb.com/bfs/archive/93a0902efb2c501b6570e821b8feea95cc753537.jpg,每个中国人都有自己的防御塔要面对,1754032048,56,349987915,hands2,https://i1.hdslb.com/bfs/face/afd996da636a13fb03b081d2782133c59bc393fe.jpg,377240,"魔法,中国人,东北,四川,漫画,东方明珠,河南,异世界,文旅,我的原创手书",2079911,3224,10326,42182,13087,36085,0,53,216950
BV1L6hJz1EUr,114952283098945,1,172,2064,手机游戏,单人RPG游戏,http://i1.hdslb.com/bfs/archive/6810d85608746f3ab75e6d692dcbe75fa07dabe1.jpg,《蔚蓝档案》特别PV【清辉遍洒，她的独奏曲】,1754190000,110,3493265644980448,蔚蓝档案,https://i1.hdslb.com/bfs/face/f2635e09fe667d4ad29229c6ed0b5f4bdea09bd1.jpg,2872724,"蔚蓝档案,蔚蓝档案二周年,日奈",915841,20215,2433,24478,22972,6329,0,0,65169
BV1k9hpzYEJN,114954397028172,1,21,2063,日常,鬼畜综合,http://i0.hdslb.com/bfs/archive/3440ef347f034b4547f917542a2e5f3946fd7056.jpg,一 生 兄 弟 情 （定时发布 up已开学）😭,1754186448,110,397907105,可悲鸡翅,https://i2.hdslb.com/bfs/face/d0bb03e9335d37c1f99759f03df496a4186f4d2e.jpg,225422,"兄弟,短片,微电影,高中生,记录,小剧场暑期新星计划",408733,735,1430,4164,4778,3054,0,0,59129
BV1LEtEzcE3Z,114974781345985,1,27,2207,综合,随拍·综合,http://i0.hdslb.com/bfs/archive/336e050d4e3cea9e3f4a12920061ed16713e8b99.jpg,鼠魂觉醒全集（20分钟）,1754383500,1195,3546625452542554,自然锦鲤-冲刺电竞,https://i1.hdslb.com/bfs/face/5cc7f4b449595363f6e03abbd1dc153508fcc69a.jpg,344491,"FPS,鬼畜,搞笑,射击游戏,猫meme,三角洲行动,鼠魂觉醒,三角洲破壁新赛季上线",1223929,274,148,46552,2634,212,0,82,38583
BV1QrhszJEnK,114955168782421,1,21,2169,日常,小宠异宠,http://i1.hdslb.com/bfs/archive/c6da32a3ad24d79a8fa5c5aff3dca8af335121c1.jpg,因为是龙所以很会搜集财宝也很好理解吧😌,1754107380,257,426992830,神圣小鸟推特酱,https://i1.hdslb.com/bfs/face/225fb0928346f815c49e3e8ee1b878707c6def5a.jpg,60306,"鹦鹉,搞笑,萌宠,可爱,治愈,牡丹鹦鹉,鸟,毛茸茸,萌宠日常,必剪创作,萌宠过暑假",229289,162,556,3858,1675,2877,0,0,24520
BV1D84ZzwEU2,114979462189196,1,252,2040,仿妆cos,二次元线下,http://i2.hdslb.com/bfs/archive/0f18cb5c460a3233f1df11c93d2453ac7e8531d6.jpg,就拿这个考验干部？,1754448900,150,305956876,腥味猫罐,https://i1.hdslb.com/bfs/face/7553481382a5a338e2f6a6e153a22505e0face03.jpg,1920097,"二次元,ChinaJoy,cos,腥味猫罐,TCL屏宇宙,外设,TCL,China Joy有哪些想要分享的？",197844,144,361,3469,2737,281,0,0,16956
BV1Z38yzmEaG,114946998275369,1,138,2156,搞笑,UP主小综艺,http://i1.hdslb.com/bfs/archive/e1ebaed1347cf5c3c0b64380a6b6ec10f351c5a1.jpg,缅怀先烈，吾辈自强.,1753952255,161,302338318,李炮炮儿,https://i1.hdslb.com/bfs/face/912830c3828a5f17960a16783d8e7f9687bddd6d.jpg,2041218,"原创,爱国",3174364,11633,2594,95299,333897,1928,0,1,759672
BV15o8MzGE4N,114907202848170,1,17,2078,单机游戏,沙盒类,http://i2.hdslb.com/bfs/archive/c77c737147efa7bc04387c523bd537a7f4b58794.jpg,野猪小队-第32集-完整版,1754355600,627,11560113,小麦块,https://i0.hdslb.com/bfs/face/7b424bc6060a4fd2600c48ba25296570b4df4a4c.jpg,209395,"我的世界,Minecraft,野猪小队",1072142,323,81,12625,677,22,0,0,12583
BV165t3zSEwa,114968942877652,1,251,2162,三农,农村种植,http://i1.hdslb.com/bfs/archive/cd603fa59f6cde5c10272f3319cec5434e40585d.jpg,终于发现清道夫的作用，再也不怕清道夫了,1754287227,315,514596475,阳台种植愈呵呵,https://i1.hdslb.com/bfs/face/0ba832aea5bdaf9e7db390df7dd9975dda1a61b5.jpg,13442,"昆虫,清道夫,作用",896245,697,1348,2762,2887,636,0,0,61621
BV1tCtLzjE6M,114972382202929,1,138,2155,搞笑,语言类小剧场,http://i1.hdslb.com/bfs/archive/807b983e070be382f516f9a16e6e56cc45a42c92.jpg,《真正の魔丸》,1754366400,106,3493260618106936,伤心欲茄222,https://i1.hdslb.com/bfs/face/1f0cb64d9b62da7db7e6e020b78b6872dbffe55c.jpg,3274977,"搞笑,八嘎,配音小剧场",1218169,1583,1929,7444,3089,4723,0,0,132939
BV1mzhnzNEkB,114953457502932,1,252,2113,仿妆cos,仿妆cos,http://i1.hdslb.com/bfs/archive/bf6dad6b140163cb765e4ac86576364d0d5fed13.jpg,当红心皇后联动红皇后,1754125200,51,415897343,初九Haimon,https://i2.hdslb.com/bfs/face/5755ceca1459f9028973297abda9e60f02a30c13.jpg,1335336,"第五人格,红夫人,爱丽丝梦游仙境,红皇后,神还原仿妆大会",3102301,1641,1972,13864,5745,1142,0,95,190213
BV1ePhJzgEcP,114952417316809,1,17,2078,单机游戏,沙盒类,http://i0.hdslb.com/bfs/archive/a268c703fc0fc911399fefda736a398137b94be9.jpg,【MC暴力美学】天基屠龙炮x粒子,1754034922,125,495966541,ATC_rock,https://i1.hdslb.com/bfs/face/df7fed29d05e1b23c09fc19024fa9d2535bd65b3.jpg,6709,"MC,我的世界,minecraft",856958,1715,1356,45049,89687,4600,0,39,171736
BV1sytuzHEPN,114969664295806,1,218,2167,喵星人,猫,http://i2.hdslb.com/bfs/archive/e6eb94f5d2f9565c2b0522653bb066bdcc11f3e2.jpg,给大壮听它自己的叫声,1754298121,51,695650376,Q大壮呀,https://i2.hdslb.com/bfs/face/c75d179112e1b16b3a97b6d02b81e17cee9bac42.jpg,353780,谁家小猫这么可爱,455555,216,444,2093,798,631,0,0,34922
BV1W1tnznERR,114975318282824,1,172,2071,手机游戏,射击游戏,http://i2.hdslb.com/bfs/archive/fa173e6fea6f609b6fb864c7a20b29667962f65c.jpg,要塞翻新！还有新天气？S14体验服爆料来了！,1754384354,419,1179443060,游戏策划117,https://i2.hdslb.com/bfs/face/f2c3dc4f523041284c214541b59e0092ed4a865d.jpg,1150806,"FPS,暗区突围手游,策划117,暗区突围S14抢先看,体验服,爆料,暗区突围",460965,3729,5334,15033,3766,7968,0,0,36550
BV1eNtGz1EBs,114970536774485,1,172,2071,手机游戏,射击游戏,http://i0.hdslb.com/bfs/archive/e889b7d14965d5810e6b9b22a5275396ebc1561c.jpg,【崩坏学园2】大  展  鸿  兔,1754366400,146,133934,崩坏学园2-灵依娘desu,https://i2.hdslb.com/bfs/face/7f7a98360928ba0339881b4a4caa39af68d3618d.jpg,953456,"布洛妮娅,二次元,崩坏学园2,全新BOSS,L的肖像,银狼归来,动作游戏,幻海,miHoYo,主线更新",107905,305,1021,1540,1128,924,0,0,11791
BV1aktJzYErN,114976207408506,1,182,2001,影视杂谈,影视解读,http://i2.hdslb.com/bfs/archive/4b4e7c5aeeac7b88637010dc3f7fc3725784c99e.jpg,【如懿传吐槽20】散点心群鬼开夜宴  顺时局庶人入冷宫,1754449200,1726,13725936,衰兰送客咸鸭蛋,https://i0.hdslb.com/bfs/face/c898a73004483c37087a28c6af2d380d8b62ea1e.jpg,202351,"电视剧,霍建华,周迅,搞笑,吐槽,影评杂谈,电子榨菜,谷雨,如懿传,影视杂谈",67962,2772,752,838,2391,103,0,0,5158
BV1G9hHzyE2J,114952702532182,1,76,2149,美食制作,美食制作,http://i2.hdslb.com/bfs/archive/4a50686148a5389c7b03c5c99c7918afb11a8849.jpg,全网最细成本拆解，50元老北京打卤面贵吗？,1754039138,339,258034892,碧蝉衣,https://i2.hdslb.com/bfs/face/f6dfd152ac6d5eec41209e6237d7fedc6f514fe6.jpg,219826,"厨艺,北京,美食制作,美食教程,记录我的美食日常,什刹海,打卤面,老北京打卤面",1638215,3216,3569,10454,6700,1181,0,0,45475
BV1ZYhbz3Emw,114957198822109,1,256,2207,短片,随拍·综合,http://i2.hdslb.com/bfs/archive/fa6164b490f8fc0d003a1bc8d5b3895046f26722.jpg,挑战在家一个月不被父母发现,1754107966,71,519883222,黄家荣,https://i1.hdslb.com/bfs/face/0cebfeb5bcd7a4d38d8a6c5f2018f63202936d55.jpg,773804,"大学生放假后的现状,暑假在家的生存法则,人间真实,身法,新影力短片大赛",2823001,209,475,11153,1346,1613,0,0,106126
BV1N9hVzkEkc,114964597576860,1,228,2090,人文历史,人文历史,http://i2.hdslb.com/bfs/archive/7a96ad16b45848855b18d1080aff4fa0615377ce.jpg,德国精心策划的巴巴罗萨行动为什么会失败？【三木说31】,1754229820,1310,86588581,三木説,https://i1.hdslb.com/bfs/face/40f4143b5242c38cddc9d3c4cf68d3524d7fdfa9.jpg,720006,"二战,历史,人文历史档案馆,巴巴罗萨",655611,2828,1636,8824,2485,466,0,0,18586
BV1FKhjzGEjR,114967248375374,1,243,2026,乐评盘点,乐评盘点,http://i1.hdslb.com/bfs/archive/215d0fc655015b3b7e1218368a4feeb257d4f9ff.jpg,国外声乐老师大实话锐评《歌手2025》第十二期 REACTION｜黄丽玲 林志炫 李佳薇 艾莉西亚 卫兰 白举纲 格瑞丝 者来女 BENI,1754280000,3977,7295246,JKAI杰凯,https://i2.hdslb.com/bfs/face/0f1d960ca6baad6c0f008cba48dfc6ba17c2738d.jpg,2365723,"白举纲,林志炫,乐评盘点,橘老师,Rozette,国外声乐老师,REACTION,李佳薇,黄丽玲,一起看歌手2025",502161,22078,4022,2041,6702,851,0,0,14416
BV1MzhnzKEC7,114953457566174,1,138,2154,搞笑,剧情演绎,http://i0.hdslb.com/bfs/archive/f825630190f01a35829b5262a0a0d1d79b4d9b76.jpg,你偷偷跑我闺蜜家干嘛去了？,1754050846,254,10820826,小余皮得一,https://i0.hdslb.com/bfs/face/76609afcba8e4108d2a6b943637d7a2e4f55cbdf.jpg,282836,"搞笑,原创,情侣,黑色幽默,搞笑小剧场,皮得一宇宙,凯见孙琳,抽象",644346,1106,512,3504,3544,891,0,0,29805
BV1eo8Mz3Ewy,114907202719600,1,17,2078,单机游戏,沙盒类,http://i1.hdslb.com/bfs/archive/e1ba5422d487b36f61e5f40acb66d96088a842e1.jpg,野猪小队-第31集-完整版,1754269200,666,11560113,小麦块,https://i0.hdslb.com/bfs/face/7b424bc6060a4fd2600c48ba25296570b4df4a4c.jpg,209395,"我的世界,Minecraft,野猪小队",1712831,398,97,37800,3452,30,0,80,36536
BV1wjh3zcEnn,114963976951991,1,232,2080,科工机械,时政资讯,http://i2.hdslb.com/bfs/archive/45202e82a433efc7d43bd123c7e34bd2fdf04209.jpg,“第一波次火力毁伤，开始投送登陆兵力……”,1754262000,357,46470268,央视军事,https://i1.hdslb.com/bfs/face/9dcc59c2e51aa7b9f178463903cbd4daab351dd2.jpg,2313525,"军事,解放军,中国,正能量,登陆,两栖攻击舰",460597,1796,2266,3205,2771,1754,0,0,23758
BV1GB4RzFEk3,114977046268718,1,17,2066,单机游戏,单机主机类游戏,http://i1.hdslb.com/bfs/archive/fc89f1b641337f23c7018c4f5c4d9d252c9244e3.jpg,我巨物恐惧症犯了，你别过来啊！！？,1754438400,871,680447,马里奥红叔,https://i2.hdslb.com/bfs/face/9f266d9214894cc4134b114fc8c8ce028a235421.jpg,2495341,"娱乐,联机游戏,搞笑,游戏视频,禁闭求生2,主播,沙雕,推荐宝藏游戏",194684,571,276,3346,4660,157,0,0,20348
BV1j5tnzrE1v,114975922196321,1,27,2079,综合,其他游戏,http://i0.hdslb.com/bfs/archive/44792704fc7344fd500f8549f8852eff2a89b117.jpg,《虚环》你看了吗？PV彩蛋“官方”一手讲解,1754393976,2939,401315430,星瞳_Official,https://i0.hdslb.com/bfs/face/35ce8ca063124d4dda5c211039d0eb67eae3c797.jpg,1020891,"虚拟偶像,养成,手游,动作战斗,虚环,实机视频,V圈,虚拟主播,Vtuber,虚环挖梗大赛",139832,884,578,1701,1350,362,0,0,7273
BV1Q2hbzaEMV,114958926876502,1,182,2001,影视杂谈,影视解读,http://i2.hdslb.com/bfs/archive/a51c78fdddfdf7f9344655f8aac1a1bed242b0fc.jpg,【阿奇】2025年丧尸惊悚片《放飞》：病毒天灾持续六年，丧尸进化成更高等级物种,1754134198,640,151203311,阿奇讲电影,https://i2.hdslb.com/bfs/face/0a1daa330b079cfefdc148503bfc76f56b3f921d.jpg,260173,"丧尸,末日,进化,科幻,惊悚,病毒,放飞,好剧好片重刷榜",1372949,2092,861,10513,1239,602,0,0,36815
BV11ntgzoEMF,114969530205443,1,17,2078,单机游戏,沙盒类,http://i2.hdslb.com/bfs/archive/323b2d968886b0696dbd8e40fec1693b5d7d8923.jpg,这不比手术刀好用？,1754298000,1003,19512037,纪夫Junly,https://i1.hdslb.com/bfs/face/66c9b0f2d84ee09c2c4209894e09a9dfac1806fb.jpg,684501,"娱乐,搞笑,游戏,我的世界,小游戏,Minecraft,纪夫Junly,MC宝藏模组推荐",368560,1808,684,10298,3846,131,0,0,23297
BV1qYtJzzEPy,114976106745448,1,137,2018,明星综合,音乐现场,http://i1.hdslb.com/bfs/archive/b8e9fc0691c8cdc63c772c9fba2c9a04daab64ca.jpg,BC221历史一日游,1754396448,1557,172392717,烤鸭集团,https://i0.hdslb.com/bfs/face/6011139e3f0465713c45bdd93b413b9492d5eae5.jpg,295153,"ONER夏日七周年游园会,岳岳,ONER,木子洋,灵超",37154,9385,389,901,2379,144,0,0,3704
BV1yC8yzdEWy,114946645956422,1,21,2207,日常,随拍·综合,http://i1.hdslb.com/bfs/archive/e94599655bd4f8df22e0443ec33da97a774651d1.jpg,万车寻亲，敢梦敢为，让这场爱心善举持续接力,1753954200,177,395953568,我叫四羊,https://i2.hdslb.com/bfs/face/074a584077ad39d1bf134dcafce515f58c621cbf.jpg,141736,"生活记录,公益,寻亲车贴,寻亲,#走失儿童,寻找100个宝藏vlogger",2533901,943,1265,24332,47309,643,0,57,230170
BV1nYtGz4EUv,114969899238451,1,215,2149,美食记录,美食制作,http://i1.hdslb.com/bfs/archive/7101e40505a0d65e7f0f494f38aa92d169cb4afc.jpg,今年8月能不能在中国见到憨豆哥？我们拭目以待,1754301574,255,1984198637,西班牙陈挺,https://i2.hdslb.com/bfs/face/80a8d4d675bf87beba65d8b2af8f8beb63c6b641.jpg,2251627,"美食制作,外国人,记录我的美食日常,姜母鸭,闽菜,福建",585129,1181,1058,1850,1698,194,0,0,49619
BV19StGzyED7,114969983063976,1,95,2098,数码,AI杂谈,http://i2.hdslb.com/bfs/archive/e793c74e87f996e81f12206cc8c51e4a93956959.jpg,【爱否】爆发前夜？AI 眼镜的“iPhone 时刻”卡在哪儿了,1754303565,1712,7458285,爱否科技FView,http://i0.hdslb.com/bfs/face/b7efecd12b932a0e9bd4d7d3a7ba769166479fff.jpg,1170748,"人工智能,智能,AI,AI眼镜,眼镜,雷鸟,爱否科技",173209,99,216,1201,898,134,0,0,12605
BV13uhhziEYp,114958222232305,1,17,2071,单机游戏,射击游戏,http://i1.hdslb.com/bfs/archive/bbdfe3665f16cda341ab6be1c7bb36f16552e438.jpg,变电站点位分享！,1754124438,125,388148204,手残の馒头,https://i2.hdslb.com/bfs/face/416a2f52b7488f59fba9d88de743fa24e0eb9434.jpg,9076,"三角洲行动,零号大坝地图理解,教程攻略",819910,262,643,19756,818,9029,0,0,36742
BV1fFhHzDEY9,114953289798683,1,241,2009,娱乐杂谈,娱乐评论,http://i0.hdslb.com/bfs/archive/1071e30e4074ab0c7c70b015e68d10d28c61ad4b.jpg,回看《我是歌手2》，22岁的邓紫棋还是太强了！,1754193600,2018,3546571700439767,T酱哟,https://i2.hdslb.com/bfs/face/ab13840f0baaa9116c8735e49c2215402e0d21c3.jpg,21887,"邓紫棋,我是歌手,综艺,现场,泡沫,舞台,歌手,音乐综艺,娱乐考古放大镜",391018,1618,773,2771,3390,589,0,0,7854
BV1r3huzREtf,114963121242580,1,172,2071,手机游戏,射击游戏,http://i1.hdslb.com/bfs/archive/7f91f8cc902b89d5da98d593155bce24dcb42769.jpg,全网最详细<三角洲 全boss容器 排行推荐>萌新必看！！！,1754217600,1087,3546872664820321,三角洲代肝-老鱼,https://i1.hdslb.com/bfs/face/0a361fe431adbdc7d0d2478f263195ac992bbe39.jpg,33951,"FPS,技巧,BOSS,三角洲行动,三角洲行动攻略,教程攻略,三角洲,新手,容器,全网",1126473,2373,746,41045,2569,687,0,78,44053
BV1FyhNz2Ef4,114959279197319,1,21,2064,日常,单人RPG游戏,http://i2.hdslb.com/bfs/archive/dd17176baaf6fa648d83a359b407e5f7b17f6fb7.jpg,笑了十年才敢发出来,1754139589,15,33069726,寝子ovo,https://i0.hdslb.com/bfs/face/c0d3f8cec9f4fc06d1e5fa7e7dc03214d6e99aa5.jpg,59471,"原神UP主激励计划,娱乐,恶作剧,段子",353730,87,586,6914,598,5272,0,0,58214
BV1u5tGzzEeA,114970100502282,1,124,2090,社科·法律·心理,人文历史,http://i1.hdslb.com/bfs/archive/12c57033c2d8dbe27969ecd1709ae27a63dbf503.jpg,电影731定档9月18日意味着什么？这个形势你看懂了吗？如何弘扬正确的二战历史观！,1754304859,648,289189019,戏京同志,https://i2.hdslb.com/bfs/face/2f62e073da940299514a06b0ff4d5dc00065c779.jpg,2130680,"日本,历史,电影731,世界反法西斯战争胜利80周年,918,哈尔滨,人文社科,请回答这个时代",645914,3345,2066,9559,12446,1440,0,0,39852
BV1AF4ZzXEvN,114977566363462,1,21,2154,日常,剧情演绎,http://i2.hdslb.com/bfs/archive/b64969902e5a7db79c9d9f6a675ffa74ca6a2921.jpg,我叫水牛,1754419156,150,3546899950864647,我要睡觉-1589,https://i0.hdslb.com/bfs/face/2549d9d42ff0324b76d6e7e21eb44e1bcc9df315.jpg,213849,"生活记录,动物,牛",341023,197,300,6790,1185,177,0,0,17630
BV1Li8CzkEjW,114947115714608,1,21,2014,日常,娱乐综艺正片,http://i1.hdslb.com/bfs/archive/d412b6ea04690360f1e78bf22b06a1dbb9e5a500.jpg,从逛笼到吃谷，一代人有一代人的“小垃圾”【多新鲜呐 ep01 | 于谦的视频播客】,1753954030,1851,3546944530025226,于谦,https://i0.hdslb.com/bfs/face/3bd99797f7c00dba4bcb7b9ef10e381169ffd348.jpg,281363,"于谦,相声,生活,视频播客,上B站看播客",2419332,7940,4990,22931,28420,7652,0,0,81220
BV1QJhxzWEhj,114954950741527,1,17,2078,单机游戏,沙盒类,http://i0.hdslb.com/bfs/archive/e0a9f1cd42f1da62ef3da7fbf7686d604faf9474.jpg,请找出视频中的人类！,1754092800,485,680447,马里奥红叔,https://i2.hdslb.com/bfs/face/9f266d9214894cc4134b114fc8c8ce028a235421.jpg,2495342,"万物皆可游戏,MC,单机游戏,我的世界,沙盒游戏,MINECRAFT,主播,生存挑战,沙雕,打卡挑战",727656,1468,979,6848,6040,313,0,0,53421
BV17m8SzbEWn,114949430973173,1,47,2037,同人·手书,同人动画,http://i2.hdslb.com/bfs/archive/2640e8a410f1c5d7ffbefddba452e793d1c3844a.jpg,【许二木手书】二拜天地——汤群像,1753989607,169,1648246266,松野冬芽,https://i0.hdslb.com/bfs/face/5da4c1df6f9a0d247450f1381e5d4eb4b521e2da.jpg,1992,"群像,同人,手书,许二木",192049,517,530,19832,13979,1447,0,0,30336
BV1UDt7zJEsV,114975016293722,1,215,2150,美食记录,美食探店,http://i1.hdslb.com/bfs/archive/8cb507bb5c81b4d2602371eb7faa9063ef694587.jpg,特色烙锅，炒饭免费？狠狠下三大碗饭，一人三碗！,1754387100,622,8680974,干饭三健客,https://i0.hdslb.com/bfs/face/cf67c074588b1524389f371665b4f687cf6315b6.jpg,1724187,"烤肉,折耳根,三剑客,健身餐,蘸水,酸汤",414243,687,474,1506,2361,1644,0,0,18823
BV1TztnzsEWF,114975653761865,1,76,2149,美食制作,美食制作,http://i1.hdslb.com/bfs/archive/1d33dab1535c3242e8e315b51576b2f2404d6bf6.jpg,《半夜饿疾自救指南》不开火把家里物资通通变小吃,1754389511,192,3546570674932451,茄猫的罐头,https://i2.hdslb.com/bfs/face/5a7adbd2cd769623efb5cd1c1076a72b658e9972.jpg,643598,"懒人食谱,美食制作,美食教程,厨艺,空气炸锅美食,不开火料理,邪修料理,自制零食,微波炉料理,我用美食搞事业",185310,55,97,11446,1106,256,0,0,9220
BV1TrhuzNEoB,114963070851108,1,242,2198,娱乐粉丝创作,休闲玩乐,http://i0.hdslb.com/bfs/archive/d1d3a6a44179c2015504a33d044db05d9ef88ea9.jpg,直接变出刘谦老师！同行怎么解释！,1754197343,12,3546591434639889,销冠李老板,https://i0.hdslb.com/bfs/face/624a010be1877385b97f16db5705f9d70b6493b2.jpg,352024,"魔术,同行,刘谦",1115131,154,551,1519,625,458,0,0,45450
BV1QRhgz5Eqv,114964413094985,1,65,2064,网络游戏,单人RPG游戏,http://i2.hdslb.com/bfs/archive/ed29c5487225bdca65a90ccd0daab57aaa3b3769.jpg,卡了一下必有大事…,1754218017,130,1617097682,梓宸爱公子,https://i2.hdslb.com/bfs/face/70bab08addd0ca74723648f78aa4d495eed064a6.jpg,1761440,"原神UP主激励计划,原神",446308,17879,672,5804,1805,311,0,0,41606
BV1Pt8BzCEZ1,114942166503383,1,216,2063,鬼畜剧场,鬼畜综合,http://i0.hdslb.com/bfs/archive/dab6789e16e02fed33c9df73a979540136abbaa4.jpg,《蜜雪冰球计划》,1753878547,246,81031914,嗨刻,https://i0.hdslb.com/bfs/face/bf1927d82975c3299ca2befa3e564789e1ac805f.jpg,97587,"鬼畜,拼好饭,上海规则怪谈,上海安卓拍照,流浪地球,蜜雪冰城,鬼畜剧场,鬼畜星探企划,B站好片有奖种草,东方明珠防御塔",1885285,5902,2083,23825,14643,18096,0,90,103513
BV17L82z9E1d,114947786870233,1,182,2009,影视杂谈,娱乐评论,http://i2.hdslb.com/bfs/archive/098c55cce37aa1919266789605f11c4b77f702f3.jpg,年度最强综？天选综艺人！爆笑到喷饭！有没有人能救救陈星旭！《地球超新鲜》,1753964372,1088,408672114,噬元兽影视,https://i0.hdslb.com/bfs/face/2d62cf208f3f8fd10e74c77685b9849893a7d56c.jpg,520027,"孙红雷,陈赫,王玉雯,地球超新鲜,李乃文,龚俊,陈星旭,综艺解说,刘宇宁,娱乐吃瓜大会",1712283,2270,1399,14347,2619,3912,0,0,33208
BV1m38CzfEKb,114945236733907,1,65,2064,网络游戏,单人RPG游戏,http://i0.hdslb.com/bfs/archive/4fb4600219411943d33883639857b69af06f5670.jpg,当你不审题就开始做卷子,1753925526,658,288333929,腮梨国王,https://i2.hdslb.com/bfs/face/d0f768f1631625c04021b577cc1cbe6c104a7251.jpg,1390,"RPG,娱乐,生活记录,学习,冒险游戏,二次元,阴间宝箱,沙雕,记录,原神",618659,4142,5780,7399,11931,7651,0,0,61253
BV1v1hgznEy8,114964312361880,1,171,2071,电子竞技,射击游戏,http://i1.hdslb.com/bfs/archive/2d1c726274ff80819792d3984b0f975c52ddd78b.jpg,仅需九万的无后座平民神枪#三角洲行动 #三角洲鼠鼠拯救世界 #三角洲破壁新赛季上线 #三角洲行动攻略 #老WE重聚三角洲,1754216376,71,3546761165540208,三角洲吴彦祖y,https://i0.hdslb.com/bfs/face/e91c8713ce431a96a4661e73961b743155882757.jpg,152077,"射击游戏,FPS,战争,教程攻略,平民,三角洲,三角洲破壁新赛季上线",688209,168,801,58550,2824,2179,0,0,46444
BV1zC8BzaEPq,114943810606823,1,250,2150,出行,美食探店,http://i1.hdslb.com/bfs/archive/5347e6df00e7ce7efbd6c8344424119d817d9e37.jpg,跟着小学生连吃6家！泰国校门口的路边摊到底怎么样？,1753952400,668,14110780,凉风Kaze,https://i1.hdslb.com/bfs/face/e0cc906bb531195e9ee9f3b575effdd2b056eaea.jpg,7151775,"街头美食,街头小吃,泰国,跟着UP主看世界,路边摊,阅片无数,凉风Kaze",953316,1228,564,2338,1444,271,0,0,37195
BV1gd8mzLEG8,114948776657966,1,59,2021,演奏,演奏,http://i2.hdslb.com/bfs/archive/712e4d7ca2fc71ec2465cc225f1cce651063a925.jpg,两根饼干打出千本樱,1753979455,87,1836899949,淩喵,https://i0.hdslb.com/bfs/face/fada56ba345e3f452061efcf192471a24b0bd1c0.jpg,4930,"饼干,PENBEAT,节奏,千本樱,抽象,pb",206734,365,713,1843,1756,445,0,0,24005
BV1gYhuz6EgP,114962953408051,1,21,2071,日常,射击游戏,http://i0.hdslb.com/bfs/archive/c03b376dbeeb922d4f86c5b02439f8be1f54279a.jpg,感觉你是那种人6.0,1754195539,35,1666628639,小怂弟,https://i2.hdslb.com/bfs/face/e922f4c94186a0fa905c771f051c1fe40a8df5d7.jpg,275140,三角洲行动,1054690,185,600,22088,930,5225,0,0,39699
BV19Yhwz4EkL,114941713517218,1,21,2177,日常,亲子教育,http://i1.hdslb.com/bfs/archive/f1a0e94086e5e1213b905927590fa2de61c900ba.jpg,暑假作业里的“毒”，你现在还在“吸”！,1753871629,146,1988929420,侃木头哦,https://i1.hdslb.com/bfs/face/e73f946a5712e9a9fd92a82bb8f6c06e234f1bd6.jpg,2165010,"有毒的关系,亲子教育,中国式关系,个人成长,毒友谊,我的养娃心得",740359,648,1181,5114,1181,543,0,0,93112
BV19ktJzYERm,114976207475819,1,130,2014,音乐综合,娱乐综艺正片,http://i1.hdslb.com/bfs/archive/5b6c643c69b267b451569e6ea41cf9c32e8ecfa7.jpg,【RIIZE】Our Journey Begins: 'RIIZING LOUD' in SEOUL | RISE & REALIZE EP.74,1754398364,3980,3537106035018583,RIIZE,https://i1.hdslb.com/bfs/face/a09da03bea7876da2e58a17ab22ec2ca2c9c8911.jpg,475839,"RIIZE,RISEandREALIZE",56773,10026,787,1515,1726,521,0,0,5163
BV1PJtMzSEgq,114968640881075,1,250,2152,出行,美食记录,http://i1.hdslb.com/bfs/archive/d19d8fa5e78e5a8c308d33e9918ec18d5f6ca15a.jpg,你还在点外卖吐槽预制菜？人家加拿大就没有预制菜,1754282753,113,1289012110,行走的大大大羊腿,https://i1.hdslb.com/bfs/face/79b18f823971e3838bf45db65334dc1c7a90b8bb.jpg,775844,"原创,加拿大,生活记录,美食,吐槽,外卖,随手记录我的生活碎片",1420848,4574,4133,4233,1066,2618,0,0,86814
BV1H3huzREqj,114963121183135,1,31,2020,翻唱,翻唱,http://i1.hdslb.com/bfs/archive/fd95c3c15067029f81700987fc0bc5cd3252442c.jpg,史上最难唱摇滚歌曲! 究极还原皇后乐队《Somebody to Love》,1754198247,295,1537334196,LD的声乐游乐场,https://i0.hdslb.com/bfs/face/828812002a2ea597e4773242eb2e8e1bee9ed395.jpg,520090,"摇滚,吉他,欧美音乐,4K,皇后乐队,波西米亚狂想曲,QUEEN,Bohemian Rhapsody,Hi-res,翻唱的N种打开方式",308313,1350,782,8991,16348,1410,0,0,32291
BV1ACtnzQEex,114975267882356,1,95,2099,数码,电脑,http://i1.hdslb.com/bfs/archive/aca3a3b1cfa18c5c34e14ebec0cf446d6aa24f72.jpg,想偷台笔记本的欲望达到顶峰！,1754391600,316,245007619,孟令曦,https://i1.hdslb.com/bfs/face/dd54a730797b6daf68423b19b024e7f1821e3620.jpg,61780,"科技猎手,处理器,AIPC,笔记本,高通,骁龙,ARM,Chinajoy",67383,111,28,1596,1026,408,0,0,3786
BV1WNhuzfENN,114963188289120,1,171,2070,电子竞技,MOBA游戏,http://i0.hdslb.com/bfs/archive/1f36b5c369794aea31e41aa01de0f3b1b9361ebe.jpg,梦泪十大名场面，不会还有你没见过的吧？,1754199226,208,1767112114,史上醉,https://i1.hdslb.com/bfs/face/b29093ec238027dbcfd7d9edbaa7c021b47fe4d7.jpg,946029,"游戏,王者,梦泪",898688,418,330,13924,838,371,0,0,43958
BV1Z7h8z3E1z,114958591400893,1,251,2166,三农,农村生活,http://i1.hdslb.com/bfs/archive/fd013f9caeadadfb6468db35b57130970d5350f9.jpg,伤心的一天......,1754136300,333,143845192,念叁叁叁,https://i1.hdslb.com/bfs/face/3e9a9ed8cf8b0c7221b3e810d9e1e8ff7e6cf7b9.jpg,261996,"用星露谷开启我的农村生活,三农,萌宠日常",291994,515,620,1683,3593,747,0,0,45398
BV1ZBh7zuEuU,114951477923882,1,250,2158,出行,旅游记录,http://i2.hdslb.com/bfs/archive/37f7399c05fa779ebe35aee233ddf1a99c31dd6d.jpg,自驾川西四姑娘山，探访震后17年的汶川映秀镇,1754042400,2298,480670664,赖导AboutLai,https://i2.hdslb.com/bfs/face/681490e6600ee52089320ed4e5bc6cae7771b4cb.jpg,728128,"四川,秦L EV,更出色，才带感,四姑娘山,川西,汶川,自驾游,出行,映秀",692418,4280,1700,8387,25376,3964,0,0,30539
BV1KjtMzQETq,114968741550329,1,130,2016,音乐综合,原创音乐,http://i0.hdslb.com/bfs/archive/eb941189a24313efa4ba6d35f50703edf2ec2b99.jpg,小娃pt.2--（OfficialMusicVideo）亚细亚旷世奇才,1754287237,141,2010145557,亚细亚旷世奇才,https://i0.hdslb.com/bfs/face/57c02f89b264a290d62f88b432de9c887137f130.jpg,914958,"原创音乐,MV,4K,新世代音乐人计划原创季",1458173,32388,4856,39601,46310,4307,0,18,162323
BV1j48qzsEKj,114942569092887,1,182,2001,影视杂谈,影视解读,http://i1.hdslb.com/bfs/archive/8aed970f5d34ca2058e6ce3a5bf1158f765b7566.jpg,一不小心就被全球观众喜欢了45年……,1753884790,2210,927587,木鱼水心,https://i2.hdslb.com/bfs/face/e922d9dc09a2d21f1400ad0f02f75ecf1b3575c8.jpg,14310109,"英剧,政治,木鱼水心,英国,喜剧,是，大臣,汉弗莱,是，首相,一千零一部,好剧好片重刷榜",2389096,5952,2756,60149,64502,4990,0,10,142774
BV1x6tnz9EEx,114975637051482,1,27,2055,综合,二次元绘画,http://i2.hdslb.com/bfs/archive/ee085bf24c1c47a15e04ead285765b43bada7984.jpg,将《鬼灭之刃》中的六只鬼改造成正常人的形象,1754389219,422,500140286,隔路脑,https://i2.hdslb.com/bfs/face/16c595449a41d556bd99f16881604ab5788578f0.jpg,629754,"二次元,动漫,动画种草激励计划,鬼灭之刃",415172,1208,803,3462,1595,1913,0,0,37672
BV14WtGzYEXn,114970335449889,1,171,2070,电子竞技,MOBA游戏,http://i2.hdslb.com/bfs/archive/b4e7274594bdc240964bce38eca3312be3c0d69a.jpg,“新赛季弈星精讲教学！5分钟锻炼你的内心！！”,1754308398,628,3461563532970274,余77ovo,https://i1.hdslb.com/bfs/face/cc57de5a8ee66eab2f970cc09fc799e35f56149b.jpg,108658,"王者荣耀,王者荣耀夏日盛典,101俱乐部,教程攻略,MOBA,内心,干货教学,弈星,弈星教学,王者荣耀山海皮肤",65560,350,325,2284,658,106,0,0,3351
BV1S5hJzYEe8,114952568380748,1,76,2149,美食制作,美食制作,http://i0.hdslb.com/bfs/archive/8b586982b40e0a90ec9fbadb3704d45658e9bc42.jpg,【迪奥の厨房】3分钟开吃，酸甜爽辣的拌面，太爽啦！,1754038089,139,13745285,丶沫小白,https://i2.hdslb.com/bfs/face/176ea8cc8f5187e0f82c9828bb1ecba9fb94ffd0.jpg,1208846,"快手菜,美食制作,黑暗料理,美食教程,上淘宝闪购搜超级星期六有惊喜,淘宝闪购超6爆款外卖只要1块9,拌面,夏日美食,懒人美食,jojo的奇妙冒险",1144786,1006,767,50791,4451,3070,0,68,118828
BV1vKhHz2EvA,114953222626396,1,251,2152,三农,美食记录,http://i2.hdslb.com/bfs/archive/f29b82b637b867e2f4ff282fd1cd82b0cd27ff24.jpg,今天做凉草糖水进村卖，火爆！,1754048100,1130,267599661,欧大发-沙蟹哥,https://i0.hdslb.com/bfs/face/eca1f64696b89f369b7375ccd3afe38e5ecbe6d8.jpg,337138,"生活记录,美食,记录我的美食日常,乡村",751971,3260,2094,4997,28287,1530,0,0,75124
BV1FghEz7ETh,114950789926503,1,138,2154,搞笑,剧情演绎,http://i2.hdslb.com/bfs/archive/9e348247cddc5d70c05cdbdd7d14b8403b4edc48.jpg,创意工坊之包浆天下～,1754010209,98,3546909580987309,弗雷尔卓德-杨辰,https://i1.hdslb.com/bfs/face/e59912641ba4cbaadb857e30085b15cf4dcc6819.jpg,250511,"创意,工坊,探店",2081145,1318,1492,9611,2848,4846,0,0,127286
BV17CtGzSE8F,114970050237325,4,172,2064,手机游戏,单人RPG游戏,http://i2.hdslb.com/bfs/archive/12262f34be4b1a4d06ca035e900d6550eb956c1c.jpg,《绝区零》爱丽丝角色PV | 淑女的信条,1754366400,929,1636034895,绝区零,https://i0.hdslb.com/bfs/face/f013e3aacdc4e3254a476648e1cec3f39b7df097.jpg,7528896,"手游,ARPG,PC,绝区零2.1,迟吟的浪涌,动作游戏,爱丽丝,米哈游,绝区零",1494812,15827,7231,24370,46040,9055,0,17,149763
BV177tnzzExN,114975553098632,1,201,2042,科学科普,动漫评论,http://i0.hdslb.com/bfs/archive/4c2ad224574dab1ec317d42d73fafc4296d90387.jpg,神秘的朝鲜动画片，严格封锁不允许外传，到底讲了什么内容？,1754396100,1238,53166650,晓涵哥来了,https://i2.hdslb.com/bfs/face/3dd58950fa1789c185341815878aac345a6e88a6.jpg,856538,"朝鲜,历史,动画片",299171,1157,1045,2927,714,408,0,0,8374
BV1Pf8CzoEz7,114946864056894,1,130,2024,音乐综合,电台·歌单,http://i2.hdslb.com/bfs/archive/be6f815924a8a51308790ea62956fd3c7180e448.jpg,“盘点去年夏天那些爆火の音乐”,1753950524,2152,434404417,是青橘啦,https://i1.hdslb.com/bfs/face/89434e41de69f9fbafff943417d791ff57bed8bb.jpg,143066,"BGM,循环,夏天,音乐推荐,歌曲,九宫格歌单,旋律,节奏感,精选歌单,电台新星征集令",4508294,2029,705,282008,16097,879,0,5,223687
BV1GutgzNEvg,114969395860253,1,137,2014,明星综合,娱乐综艺正片,http://i0.hdslb.com/bfs/archive/3f2969b181312eca1bd0d41da18422f2b6432d3b.jpg,【时代少年团】《小炸的暑假生活》03：暑假拍了部偶像剧,1754301600,1740,3546630773016865,时代少年团,https://i1.hdslb.com/bfs/face/cffb453787f60a1f13cd49deecc5974e2dad40ff.jpg,3405908,"时代少年团,小炸的暑假生活",1022170,245777,3106,15174,15585,2195,0,0,57678
BV1UuhPzDEjZ,114959983844215,1,65,2071,网络游戏,射击游戏,http://i2.hdslb.com/bfs/archive/e3083fb3d3fe5ba2f044922fdaff647b07d4351a.jpg,救命！哈基蜂哈气啦！！,1754150329,177,3546864269920566,小杯饭堂,https://i0.hdslb.com/bfs/face/b1fb029eadd64036660172cc8dbeb89f2fdc601a.jpg,163466,"恋爱,101俱乐部,三角洲行动,爱鼠TV,三角洲鼠鼠,小杯饭堂,航天基地,小杯,三角洲破壁新赛季上线",650845,386,763,7323,1159,189,0,0,49602
BV1HrhxzuE72,114956930386904,1,138,2071,搞笑,射击游戏,http://i2.hdslb.com/bfs/archive/471300fcf746d8a305d57b3a7494d870b8047f7b.jpg,亲子照？,1754126522,96,1098173832,宋云生-,https://i0.hdslb.com/bfs/face/fca17ec3de184b038620eca0043c57d282c58ba9.jpg,1516005,"FPS,手游,无畏契约手游,无畏契约,无畏契约端手大展台,搞笑研究所",2445729,407,259,5245,2998,1366,0,0,102429
BV1gHhAz9EAd,114941176580295,1,216,2063,鬼畜剧场,鬼畜综合,http://i1.hdslb.com/bfs/archive/4af966c306ae8c457de7407140a92896c2e0c0d5.jpg,【鬼畜动漫】理塘超人 戒烟公益广告,1753864732,112,608798547,哥谭市汽修职业学院,https://i0.hdslb.com/bfs/face/34fab360d775c9de0a48bd56c38789d0b145886a.jpg,168434,"超人,鬼畜,雨姐,雪豹,理塘,良子",2028688,1271,2450,37837,33090,28500,0,33,176932
BV1Dot5zmEid,114972952627955,1,161,2146,手工,解压手工,http://i0.hdslb.com/bfs/archive/20a6f545779bb7a7faba7ac6135b3d296159c634.jpg,放个七彩烟花，祝我生日快乐，成功活到36岁啦！,1754348395,100,2134988818,咸鱼抗癌就靠玩,https://i1.hdslb.com/bfs/face/79abfd36cbd58ca6ffbea650df0334e5614d98f5.jpg,126290,"手工,助眠,胶带粘球,放松,粘粘球,必剪创作,我的手工真的很解压",386297,8807,2211,1796,6483,235,0,0,34500
BV1j1hWzZEmt,114953893711612,1,124,2090,社科·法律·心理,人文历史,http://i0.hdslb.com/bfs/archive/4834c17e6911c8d385d978d1348ec5a131d9889c.jpg,【蒙娜丽莎失窃案】他是如何偷走世界第一名画的？,1754125200,924,611092306,读书的Harry,https://i1.hdslb.com/bfs/face/c1511e78938fb352455e6cd4951f34262efe0b9a.jpg,319725,"历史,悬疑,都市传说,科普,奇闻,人文历史档案馆,蒙娜丽莎",5041847,798,133,43610,2385,126,0,42,41406
BV11rh8zREkD,114958322965704,1,164,2152,健身,美食记录,http://i1.hdslb.com/bfs/archive/efbb1d81605385c271deb8189f1432539b705318.jpg,真是甜咸永动机，好吃哭了,1754125207,280,44708078,努力的橙子薄肌,https://i2.hdslb.com/bfs/face/9e8c6f9069289454b54ac1aca54e7046bfdd2e1a.jpg,605590,"吃货,永动机,Vlog",1217199,1368,1689,7368,5242,4838,0,67,148861
BV1nYhJznE8Y,114952366989017,1,182,2001,影视杂谈,影视解读,http://i1.hdslb.com/bfs/archive/dc688b62549afc438664bac766a5f9931a2b37da.jpg,猛男必看榜排名第1！主角光环也抵挡不了黑道大佬的的魅力！,1754042400,773,604710494,长片短解,https://i2.hdslb.com/bfs/face/6ccceba6ec8fe60d700f9f7c2910c08d70b03fe3.jpg,2449259,"电影解说,动画电影,经典电影,二手推荐,转转,宠物,二手手机,爱宠大机密,猛男必看,好剧好片重刷榜",5478910,736,747,21763,1297,759,0,63,54767
BV1JehJzSEra,114952350211088,1,176,2077,汽车生活,休闲/小游戏,http://i2.hdslb.com/bfs/archive/82d1bd70309cf1c4b98da0ecd0d7f1f3c7d6bef1.jpg,我太奶团最擅长的就是搬箱子和垫箱子了,1754034507,258,3546767706556480,蛋仔派对太奶团团,https://i1.hdslb.com/bfs/face/e9377e8c8e1da91b0e8e071c1e86b2bddd834e88.jpg,74344,"必剪创作,蛋仔派对宝藏乐园地图",3500094,59,54,94745,10133,10,0,45,92985
BV1n7h3zbEsB,114963960045038,1,251,2166,三农,农村生活,http://i1.hdslb.com/bfs/archive/466626e0724caaffb27279da97116a2bb3d9d30b.jpg,解救咪咪......,1754222400,338,143845192,念叁叁叁,https://i1.hdslb.com/bfs/face/3e9a9ed8cf8b0c7221b3e810d9e1e8ff7e6cf7b9.jpg,261996,用星露谷开启我的农村生活,235102,389,394,1117,1136,647,0,0,32594
BV1wGhpzaEi4,114954648686323,1,138,2154,搞笑,剧情演绎,http://i2.hdslb.com/bfs/archive/f7ea7e23b2d4221c32ebd2b0f60d5e46f97d5ed5.jpg,当公司禁止喝蜜雪■■后，我顶风作案！,1754125200,151,35888636,养胃的霖冬,https://i2.hdslb.com/bfs/face/46c1a8f12b03ddc89fc6b37d5e11e66e31d57625.jpg,832116,"搞笑,脑洞,高能,搞笑小剧场,雀巢工作室,东方明珠,沙雕,手偶剧,蜜雪冰城",1147838,743,840,23598,39227,724,0,71,103188
BV1vahVzoERr,114964899633345,1,171,2071,电子竞技,射击游戏,http://i0.hdslb.com/bfs/archive/5b66de0af4d420ab10969b83faa4b04566a15887.jpg,CF爆破4v8挑战：4名女职业vs8个lol博主！输的人跟王哥表白1分钟！,1754227800,2666,25503580,布锅锅,https://i1.hdslb.com/bfs/face/ab4607609f06096d5960eb541350a0e318ce4eaf.jpg,1823484,"搞笑,英雄联盟,穿越火线,FPS,电子竞技,比赛,CF食堂的电子榨菜,职业,游戏鉴赏家,整活",1000957,24198,5548,7093,16187,2388,0,0,40712
BV19QtGzVEuu,114969966286608,1,21,2064,日常,单人RPG游戏,http://i0.hdslb.com/bfs/archive/68c26ad933b79ba4229dd3f8c55c8eb1f39dbe68.jpg,崩铁高科技整理·一,1754302710,557,184419105,绝望之苦,https://i0.hdslb.com/bfs/face/7b221651eec22cd4258b418ecaed9ea3f54b05f0.jpg,16254,"迷图,崩坏:星穹铁道,帝弓,螺丝咕姆,星际和平公司,反物质军团,崩坏：星穹铁道创作者激励计划,帝皇鲁伯特,黑塔,仙舟联盟",143558,241,1799,2287,873,149,0,0,11991
BV1LJtnzMEXS,114975536322641,1,122,2103,野生技能协会,工程机械,http://i0.hdslb.com/bfs/archive/da069e1d2e20b3b3e7fd77546f092adc86eed43b.jpg,宇树发布 | Unitree A2 星际猎影,1754387992,127,521974986,Unitree宇树科技,https://i0.hdslb.com/bfs/face/1743e687547cc74932c4fec36c675c69306978bf.jpg,538249,"跑酷,工业机器人,机器狗,智能机器人,四足,宇树",525785,1639,2625,2316,2619,3809,0,0,29769
BV1iBtJzKEL6,114976056416386,1,21,2197,日常,其他vlog,http://i0.hdslb.com/bfs/archive/59a3d4977a70152088b92eecefaef86bf69fabbc.jpg,挂壁房租房彻底踩坑，每月多花50块却用不了空调，早知道住网吧了,1754395815,633,3546587229849778,小A在上网,https://i1.hdslb.com/bfs/face/b496e9229ac889f7f398f69f46e8cf40c7d3c818.jpg,694796,"生活,生活记录,vlog,挂壁房,电子榨菜,租房,网吧,城中村,网吧大神,随手记录我的生活碎片",242127,524,816,979,2401,170,0,0,11584
BV1PX8zzLE4K,114943055627737,1,17,2078,单机游戏,沙盒类,http://i0.hdslb.com/bfs/archive/2fcf707933992570a995fa32e4a59ca68edb3eab.jpg,【十年之约】爆肝百万方块打造的科幻海货塔！,1753954200,604,35927925,炜诺,https://i0.hdslb.com/bfs/face/20b90eafc100f9690ec46f26c4f54537964aaded.jpg,429338,"我的世界,沙盒游戏,生存,Minecraft,像素风,爆肝,肝帝,十年之约,一辈子,推荐宝藏游戏",940583,2478,320,29333,10748,328,0,0,63951
BV1tntGzvEnU,114970301898632,1,172,2077,手机游戏,休闲/小游戏,http://i0.hdslb.com/bfs/archive/ff7ecbaa978e52046f3fb4cad8ee5f89a039b140.jpg,把野人关进盒子里会怎么样？,1754307753,75,2051751572,搞笑小番茄,https://i2.hdslb.com/bfs/face/12f8a3ee63323eacac01bda4c15358383252436b.jpg,168472,"娱乐,搞笑,dongdong羊,蛋仔小剧场,蛋仔新赛季,纪律委员,沙雕,野人,蛋仔,蛋仔派对",264064,589,302,4572,811,106,0,0,7521
BV1MahNzREwF,114959144983991,1,22,2063,鬼畜调教,鬼畜综合,http://i0.hdslb.com/bfs/archive/98f93cb69bdc14a21e256fb254d6eb7cfe3e9f49.jpg,“发给MC老玩家，并什么都不说”,1754279700,181,28284160,我叫瞬哥qaq,https://i1.hdslb.com/bfs/face/39a3498888d90307373821ed7ad933567babb4c9.jpg,707494,"我的世界,单机游戏,籽岷,演奏,沙盒游戏,Minecraft,音mad,回忆向,老玩家",242974,553,1141,13788,10823,7795,0,0,50208
BV1i5htzvErW,114957786023288,1,47,2050,同人·手书,漫画·动态漫,http://i0.hdslb.com/bfs/archive/d4a26bf6fd42620563cdf54deef44587abae1ae7.jpg,不是在你身边玩的游戏，都毫无意义……,1754132400,211,3546918179310343,ENX叉叉酱,https://i1.hdslb.com/bfs/face/2923eaae85b81110da3127bc55bd48532a6ff264.jpg,288346,"爱情,漫画,青梅竹马,恋爱,情侣,二次元,治愈,ENX叉叉酱,甜甜的恋爱,国漫觉醒时",177241,566,655,2377,910,578,0,0,25198
BV1C6hAzrE3k,114941243823940,1,138,2154,搞笑,剧情演绎,http://i0.hdslb.com/bfs/archive/866f7b00ec06d3d4a0b254d2c8563b55b8fffbdb.jpg,不小心把女朋友落下了,1753864661,16,2045577567,铁骨曾曾,https://i0.hdslb.com/bfs/face/4b94912e0405be6e62ee53546498503dbaa27692.jpg,1195252,"情侣,搞笑,文静小女生,搞笑研究所",1368752,852,1079,6840,721,3237,0,0,102174
BV1HstMzjEyF,114968657730729,1,212,2150,美食侦探,美食探店,http://i0.hdslb.com/bfs/archive/8788be8a330e588434b158772228d9a4067ab761.jpg,沈阳吃不胖挑战！失败……,1754298000,699,9567084,郑安眠,https://i0.hdslb.com/bfs/face/ab95fda9acea23a5bd5669e1917ce6a98c8da305.jpg,849981,"街头美食,烧烤,披萨,舌尖真探事务所,沈阳,麻辣烫,东北美食,探店,Vlog",343601,605,403,3372,1608,440,0,0,9068
BV1DVhJzPEa3,114952518047774,1,241,2009,娱乐杂谈,娱乐评论,http://i1.hdslb.com/bfs/archive/5404371c90ce820a3d42a62dde2367541e59534d.jpg,点名中央的旺仔小乔，黑料彻底大曝光，彻底凉凉的“原唱”张碧晨。小绵羊的内裤去哪了？,1754046000,1171,26376587,吃瓜郭昱麟,https://i2.hdslb.com/bfs/face/6927b2ddf58a9f9abaa147ab8a4eaa0842931fd8.jpg,986521,"汪苏泷,娱乐,综艺,吐槽,旺仔小乔,同诗剃须刀,八卦,张碧晨,明星盘点,娱乐吃瓜大会",2324027,8032,4126,11234,3866,1926,0,0,73116
BV1jctHzgEea,114975351836802,1,21,2126,日常,户外探险,http://i1.hdslb.com/bfs/archive/8d32b4bf74cfc339cc62e10f79ef8bb519c573fa.jpg,流浪庇护所成型通水通电，是时候享受牛总生活了。,1754387725,877,1625060795,浪仔小牛,https://i2.hdslb.com/bfs/face/0f5c077c743dd4c1e0a8f3089becc6f4acbddc75.jpg,532916,"生活记录,庇护所,正能量,露营,户外,我的离谱暑假",499710,2899,651,1347,7516,748,0,0,15369
BV1sN82zhE1g,114947568768537,1,138,2154,搞笑,剧情演绎,http://i0.hdslb.com/bfs/archive/a6c1bbbb32a122436d05bacd78add5b4216ae3ff.jpg,当英语老师突袭查手机！,1754384400,122,393709394,一串大福,https://i2.hdslb.com/bfs/face/e6d1cf7df22235495d25d7ae77a4aa185e5d8c7f.jpg,1551866,"原创,搞笑,校园,来福来福,一串大福,英语老师,学生时代,真实,fyp",520635,1331,760,3689,1023,182,0,0,39650
BV1yPt3z4EoM,114968791882145,1,21,2039,日常,cosplay,http://i2.hdslb.com/bfs/archive/77f546867e84cf32073e68253ce0985beec43de7.jpg,不是东北不追星，而是东北全明星,1754284741,85,3546847507384674,呸呸之神屁钉版,https://i0.hdslb.com/bfs/face/d0052415de466a695797cf2c6e557acfd1696e75.jpg,14985,"孙策,沈星回,白厄,Cosplay,ooc致歉",268285,115,208,5600,570,948,0,0,36113
BV1W8hHzcEMc,114952970963838,1,138,2154,搞笑,剧情演绎,http://i1.hdslb.com/bfs/archive/26853126726175ddaf49118a7f43769c1e285197.jpg,做了件好事,1754043339,182,3546638173866146,李万基fit,https://i2.hdslb.com/bfs/face/6623817f465bd4b80cf1f83af334fa2d56d0983c.jpg,489872,搞笑研究所,3414096,651,1260,11434,5375,1844,0,36,203262
BV1ChtGzZEVU,114969916085298,1,230,2063,软件应用,鬼畜综合,http://i1.hdslb.com/bfs/archive/42c29324cd99f2c4ee9c105f00ff0eaa168cbb33.jpg,哈基米哦南北绿多,1754301779,21,3546898109565769,哈斯音频,https://i1.hdslb.com/bfs/face/3ec5bd782e89bb95d00cc6d9a7bc1e7eae1e78d9.jpg,6310,"三角洲德穆兰,三角洲超雄老太,三角洲,老太,哈基米",377209,440,2482,17327,1284,26988,0,0,51221
BV1xBtuzxEmV,114967852358734,1,21,2083,日常,综合资讯,http://i1.hdslb.com/bfs/archive/55f991e18fb63b5b4c1e95b831780d63f268f2ae.jpg,“我的一生就是结几个好瓜，献给人民”,1754270609,1303,456664753,央视新闻,https://i1.hdslb.com/bfs/face/2dc9c34444ba9f8e891fdc98e6c331fa3c02d127.jpg,21825938,"西瓜,哈密瓜,吴明珠,8424",285708,5552,1392,3527,7434,760,0,0,70640
BV1pFhNz2Eni,114959430192048,1,184,2043,预告·资讯,动漫速读,http://i1.hdslb.com/bfs/archive/fa1fc6256c6d45eaa0f83a63ac6fcca915f9bcf3.jpg,第一集 |【第一集】开局就要被祭天，这公主老娘不干了！,1754142041,534,3546673368271122,江贝塔啊,https://i0.hdslb.com/bfs/face/8bcd6436d09ddaee3a0d7706cd8c8d52127a0542.jpg,61245,"二次元,国产动画",347804,522,726,17743,3535,164,0,0,39610
BV12uhVzkEm7,114964815747506,1,218,2167,喵星人,猫,http://i2.hdslb.com/bfs/archive/f924080b91203548d59644a4eaad80d24355af19.jpg,第一次养猫，麻烦帮我看看这么撸猫对吗？,1754224106,31,3493080177052271,AppleInsights,https://i2.hdslb.com/bfs/face/45b6f156846d5470f850b445c7433bf89f6408fa.jpg,5206,"视频,猫咪,喵星人,田园猫,养猫,橘猫,必剪创作,萌宠过暑假",1037813,380,2234,19360,1560,13633,0,0,89420
BV1tjhJzwE3r,114952551534329,1,208,2188,校园学习,自我成长,http://i0.hdslb.com/bfs/archive/137957c7b9ed6628474932f9d955303a6c02bb1a.jpg,学习的时候老是跑神怎么办？怎样让自己静下心来？,1754037113,537,1497463202,晓艳教英语,https://i2.hdslb.com/bfs/face/a88c9e1dcb223514403ee99e3f98c618853ffcfc.jpg,1207480,"励志,考试,学习,正能量,是老师，也是UP主,静心,走神,刘晓艳",384124,589,723,43831,9359,3246,0,0,56956
BV1HxtMz1Ep1,114968305408407,1,161,2207,手工,随拍·综合,http://i0.hdslb.com/bfs/archive/df832f2f82a0d591713c8eed07d4b9d0476c6435.jpg,最拐弯抹角的关灯方式,1754277426,62,3546564641425884,幻想阿阳,https://i0.hdslb.com/bfs/face/ce90d69db4f361e7ff0bba0edd11e84bb35d8cba.jpg,1425,"手工,机关,装置",1344120,1558,1829,6572,3808,1868,0,0,104208
BV1NYhAzjEGY,114941327575735,1,21,2188,日常,自我成长,http://i0.hdslb.com/bfs/archive/ca2e4d545d2575f1a3493cd1cd27b51a260b6a2c.jpg,我就是要告诉这个该死的世界 这把我必须赢！,1753866049,248,1790040146,叫俺旭儿,https://i2.hdslb.com/bfs/face/ab2d522e8673398bb55ef22a7e43fe20c2db7001.jpg,1362434,"情感,爱情,生活记录",535269,1675,3890,14968,7529,899,0,0,82617
BV1c2hNzLELt,114959262417334,1,17,2079,单机游戏,其他游戏,http://i1.hdslb.com/bfs/archive/2fbca861070e51f92d11521267e6d87f6e091b68.jpg,60秒避难所：小红的气数已尽？呱呱菌游戏,1754139489,2678,10572246,水神呱呱菌-瓜瓜君,https://i0.hdslb.com/bfs/face/87eb32b76233a02e08db89b905f791df3e096b39.jpg,589549,"实况解说,游戏实况,生存游戏,游戏解说,避难所生存,60秒避难所生存,60秒,避难所,60秒避难所,推荐宝藏游戏",1604174,592,119,14961,1582,20,0,0,16329
BV15hh3zSEFi,114963741940992,1,21,2196,日常,职业vlog,http://i0.hdslb.com/bfs/archive/0fe87e4e7af43564cc330b0b9dcba9c75b9edbe2.jpg,坚强社恐外卖员,1754214900,235,3546595893184682,基iz崽,https://i2.hdslb.com/bfs/face/79c7f3e0e7af14ff9a16d04f716a034171916f56.jpg,582387,"生活记录,外卖小哥,vlog日常,社恐,万种生活碰头相见",1080820,584,1009,6596,7307,739,0,0,71973
BV1fLhnzDESp,114951628785225,1,65,2037,网络游戏,同人动画,http://i0.hdslb.com/bfs/archive/ab9c8c8f266c8cb70fafdcc5d7139ad7474e95b8.jpg,对对对！你查完分和同桌就是这样的！,1754042400,78,1072364738,一支聪慧鼠,https://i2.hdslb.com/bfs/face/110f31f132ff821e5bbc5c857349454445723e5d.jpg,141075,"猫和老鼠,考试,我的世界,洛基,沙盒游戏,时羽雨衣,萝莉摇,抽象,沙雕,查分",3749402,1312,1127,170509,21598,3883,0,26,254037
BV1oyhHzDE2n,114952736218657,1,138,2154,搞笑,剧情演绎,http://i0.hdslb.com/bfs/archive/7158d9d5415d791132d95ab389d0c053e3124d9c.jpg,等你半天了,1754039736,155,592107356,房东的肥四四,https://i2.hdslb.com/bfs/face/43b096e1f65f27470b0992d8986e24def9bdd6e6.jpg,775242,"短片,原创,学生作品",677599,468,421,6076,1295,385,0,0,57849
BV1WJtMzSEpE,114968640947553,1,212,2150,美食侦探,美食探店,http://i0.hdslb.com/bfs/archive/1e64fec99f36b491e277ed5beddf5db8e5684005.jpg,来了贵州的这一口酸汤，绝对是不能错过！,1754298300,183,662658732,玲子reiko-,https://i0.hdslb.com/bfs/face/a8d629cf26aadac92df23448177860842cc8e133.jpg,1769176,"记录我的美食日常,贵州,探店",254215,116,528,1400,572,1312,0,0,25489
BV1VUtGzjEt4,114970067012199,1,65,2071,网络游戏,射击游戏,http://i0.hdslb.com/bfs/archive/830baf36e1a437c331fdb018fd8300dbce7bc092.jpg,没有渠道服，全网畅玩！【8月7日全球公测，预下载已开启】,1754395200,68,3494362379979305,远光84,https://i2.hdslb.com/bfs/face/fdb4d361b8a5d44610caf61a770c18068381b45b.jpg,152305,"射击游戏,远光84,远光84公测8月7日",229238,193,431,565,842,296,0,0,2189
BV1AQh3zKEeb,114963792269225,1,243,2009,乐评盘点,娱乐评论,http://i0.hdslb.com/bfs/archive/2e0f4c64a7c148e847c12542e6c35ddf56d20027.jpg,一个树立全美性犯罪标杆的R&B天王,1754208458,557,386435204,我是NOPEACE,https://i2.hdslb.com/bfs/face/f347784289ca1f70737a9ddb9d70cb83ce7f2dd7.jpg,69129,"社会,欧美音乐,说唱,犯罪,娱乐八卦,欧美说唱,娱乐吃瓜大会",2826158,3207,1197,28604,7901,3033,0,13,178249
BV1YQhgzjEAy,114964245251426,1,85,2154,小剧场,剧情演绎,http://i0.hdslb.com/bfs/archive/905aa2e76919ff8df76c3cf06ccd46900d02a0e1.jpg,谁还有更好的方法？,1754215387,97,304233145,酱油白米饭原创,https://i1.hdslb.com/bfs/face/e7b6aac008ac4a6002e1266fc732308a0365c81a.jpg,1129351,搞笑小剧场,1464580,332,224,5958,728,98,0,0,28903
BV1VgtGzGE4G,114970217944671,1,27,2036,综合,舞蹈综合,http://i1.hdslb.com/bfs/archive/3b5882a7bb85897b0b8dffbf7ed757df511ce2e1.jpg,答应我拍了不要发给别人好吗,1754306456,21,488178291,小野莉乃,https://i0.hdslb.com/bfs/face/4a57cfc8f368e3cd67904980a1b5d8cc70de3980.jpg,578711,"萝莉,电子竞技,妮姬,cosplay,胜利女神nikke,nikke cos,户外舞蹈,啦啦队长,啦啦队舞蹈,二次元副本挑战者",381234,26,322,35129,984,858,0,0,71782
BV1zahKzCE4y,114960839482364,1,65,2071,网络游戏,射击游戏,http://i2.hdslb.com/bfs/archive/070c1b2e05672c6dfd8e15e94281a6a47da89094.jpg,致我玩这么久第一次有这样的跑刀经历，谢谢你们,1754163504,269,220277361,波奇BQQ,https://i0.hdslb.com/bfs/face/248ec119bd42cc1edffe8e9d95254ce36e864711.jpg,2014,"FPS,射击游戏,跑刀,三角洲破壁新赛季上线",556759,772,5192,9061,12105,2153,0,0,53670
BV1prhxzuEtq,114956930390713,4,172,2064,手机游戏,单人RPG游戏,http://i1.hdslb.com/bfs/archive/4a869ab37eb8f7cc2337f8932fa62ca724e0bcbe.jpg,《绝区零》爱丽丝角色展示 | 剑与华尔兹,1754107200,533,1636034895,绝区零,https://i0.hdslb.com/bfs/face/f013e3aacdc4e3254a476648e1cec3f39b7df097.jpg,7528896,"PC,ARPG,手游,绝区零2.1,绝区零爱丽丝,迟吟的浪涌,动作游戏,角色展示,米哈游,绝区零",2669245,20576,8779,36258,58324,16806,0,11,210483
BV1G5hczDEPZ,114940757149091,1,76,2149,美食制作,美食制作,http://i2.hdslb.com/bfs/archive/b6995e5fa20a9b83621dcce757c5fe04dabd0b9f.jpg,到底是谁发明的这玩意？！,1753866000,268,52190805,麟宣森,https://i0.hdslb.com/bfs/face/48178da68439bc0e56cee050c9732000f4f35b93.jpg,2289573,"披萨,美食制作,意大利,记录我的美食日常,狂星期四,肯德基,必胜客,麦当劳,大学生,达美乐",1783120,451,420,5812,5067,473,0,0,31499
BV1PmtFzbEN6,114979764246530,1,172,2064,手机游戏,单人RPG游戏,http://i1.hdslb.com/bfs/archive/4425bea35b775f74c8fc0624ef398a8a0360203c.jpg,哪些重量级干员可以在一圈内击杀三船光平？【明日方舟】,1754452921,546,12073864,-碱式碳酸咸鱼-,https://i1.hdslb.com/bfs/face/de64ffc4031f4ec3f068527a8cbc4a1ac9cc4bb7.jpg,534539,"娱乐,明日方舟,三船光平,墟,AT-8,泰拉探索协会,明日方舟创作者应援计划",177230,936,600,745,843,119,0,0,11027
BV1fUtEzzEuz,114974445800143,1,172,2071,手机游戏,射击游戏,http://i1.hdslb.com/bfs/archive/f27913067de604801d31f32b9a0769b15327eb52.jpg,从玩家流失到平台前三，漫威争锋到底经历了什么？,1754388000,304,32985235,住B站的王王,https://i1.hdslb.com/bfs/face/0be3483cd1a86d0a7b564d40bd828e72ca23160a.jpg,214130,"漫威,电子竞技,射击游戏,游戏,网络游戏,漫威争锋,漫威争锋第3赛季,漫威争锋S3赛季浴火新生,漫威争锋S3下半赛季,游戏鉴赏家",110273,322,542,1472,1263,262,0,0,9707
BV125h7zREfY,114951393969533,1,215,2149,美食记录,美食制作,http://i2.hdslb.com/bfs/archive/af24e342fff59cd6e678f0296fc10607f6b8dc21.jpg,粗粮的正确打开方式！,1754019348,180,1983705001,明天谁做东,https://i1.hdslb.com/bfs/face/5b2465cc10918e1b6c0683a192d53716294a31d8.jpg,600520,"奇葩,美食制作,粗粮",454847,223,218,1573,796,206,0,0,40303
BV1g5hhzAEV8,114958171905492,1,212,2150,美食侦探,美食探店,http://i2.hdslb.com/bfs/archive/41378c7b3a60c6182ae5d7060857f31cdf55cf9c.jpg,我很少用震撼来形容一家自助（2）,1754130000,861,506761354,快乐的苏胖,https://i1.hdslb.com/bfs/face/ca69e344486afb6391fbcdaf00ba0583425066df.jpg,863151,"美食,自助餐,生活记录,街头小吃,二手推荐,舌尖真探事务所,二手手机,转转,探店",631465,906,942,3777,2873,632,0,0,19256
BV1bthNztEQv,114959195376181,1,171,2063,电子竞技,鬼畜综合,http://i0.hdslb.com/bfs/archive/850396905d5fda5b720c8fde20def8764bfccfe4.jpg,🍺酒酒八十一🎵,1754138325,224,10227626,恩临,https://i2.hdslb.com/bfs/face/c5a1209b17d217cdd0d4e472939a7d3d4f0931fe.jpg,59364,"鬼畜调教,电子竞技,英雄联盟,搞笑,鬼畜,酒桶,古拉加斯,lol,人力vocaloid",220123,155,688,1716,3000,1274,0,0,18547
BV1RqtMzTEsf,114968255008494,1,47,2037,同人·手书,同人动画,http://i1.hdslb.com/bfs/archive/c79133a3750962065e63cedb9c2f25f755641f0e.jpg,【自制动画】《梦想之恶》预告PV 一个人原画爆肝8个月，全片9月份公开,1754276622,29,4957245,GYAnimation,https://i0.hdslb.com/bfs/face/87d4eb604d7d235eed158033d0181ad9d59850c7.jpg,214047,"言峰绮礼,FATE,崩坏：星穹铁道,saber,崩坏星穹铁道,星穹铁道Fate联动,因为太阳将要毁伤,翁法罗斯逐火之旅,自制动画",369302,209,826,8248,4479,2334,0,0,48052
BV1eBtJzKESp,114976056413601,1,47,2050,同人·手书,漫画·动态漫,http://i0.hdslb.com/bfs/archive/3173ca4bb9724e626cb1b5e168a71eaef2ac0dcc.jpg,她是谁？明明是我先来的……,1754395585,85,3546918179310343,ENX叉叉酱,https://i1.hdslb.com/bfs/face/2923eaae85b81110da3127bc55bd48532a6ff264.jpg,288346,"情侣,纯爱,二次元,青梅竹马,漫画,爱情,恋爱,ENX叉叉酱,甜甜的恋爱,国漫觉醒时",236763,153,673,3763,720,477,0,0,31235
BV1nVhuzWEEQ,114963171508549,1,162,2055,绘画,二次元绘画,http://i1.hdslb.com/bfs/archive/b52e44db5b025e6fac28d6fd295216dff4090c3d.jpg,你的崩铁该换图标了,1754198910,15,628371635,椎名金鸽_,https://i2.hdslb.com/bfs/face/ff118f13ecf26f480501e6cdb3fbd1c2227e1270.jpg,9358,"绘画过程,崩坏星穹铁道,崩坏：星穹铁道创作者激励计划,图标,改图,长夜月,整活,三月七",1195527,421,1850,11475,1366,4211,0,0,109845
BV1j9hxzcEWM,114956527738589,1,172,2064,手机游戏,单人RPG游戏,http://i1.hdslb.com/bfs/archive/bfab7e43fa5fb0388329891bec5240db0a188f39.jpg,【原神代肝】沉默是金！沉默的老板给了大订单!!!悠悠度假村全收集一条龙！同时也可接5.8海岛全包提瓦特全包,1754097662,54,3546650207324484,绝区零代肝托管,https://i0.hdslb.com/bfs/face/a1eedd45196f6e8158040dc9d60f10a8b301fb9e.jpg,8214,"RPG,二次元,海岛全包,提瓦特全包,绝区零UP主激励计划,悠悠度假村,悠悠度假村全收集一条龙,活动,代肝,原神",582357,159,686,787,653,67,0,0,23464
BV1Cjt7zkE88,114973573383556,1,17,2079,单机游戏,其他游戏,http://i0.hdslb.com/bfs/archive/da9b2be748fa754382ba925dedb712ce3286c46d.jpg,恐龙岛大猎杀（上），战斗进化到白热化阶段，要知道化险为夷破局进化,1754358797,3660,3493273226185448,龙岛蛋壳,https://i2.hdslb.com/bfs/face/2389ca291eaee3b0486133845af7c25e3b0c9c9b.jpg,527759,"实况解说,游戏解说,游戏集锦,生存游戏,游戏实况,主机游戏,恐龙岛大猎杀,恐龙岛,游戏搞笑,推荐宝藏游戏",397088,2392,89,11550,598,16,0,0,10721
BV1Ck8yz4ETH,114946662731144,1,251,2166,三农,农村生活,http://i2.hdslb.com/bfs/archive/fe99d2fa392bdce1354f42debc4013bb89b7a5db.jpg,我爸给羊手术，诊费赚了1200万，我的妈呀！我要通往极乐世界了,1753952712,569,414700515,龙腾虎跃龙兽医,https://i0.hdslb.com/bfs/face/697d80194c5a980fa55b9a200ce8b8ecc41ab39a.jpg,2688792,"生活记录,记录美好农村生活",3330752,2251,4717,24893,13973,668,0,44,163291
BV1Fd8qzvE4r,114942183214503,1,21,2083,日常,综合资讯,http://i0.hdslb.com/bfs/archive/ae76f0ea1ae9c1abd4cd96cfa5ff809e5d7dc6c3.jpg,物理老师讲解内燃机原理，手工制作“等离子炮”进行演示。网友：这样的课堂氛围爱了！,1753878765,37,1131457022,人民日报,https://i2.hdslb.com/bfs/face/19a041ba0e78ed43b7a3eab35edfc998eaa7db8e.jpg,17006409,"物理,课堂",4048604,1542,3842,45503,6217,14065,0,10,362305
BV1BX8yzSEME,114946209746237,1,17,2078,单机游戏,沙盒类,http://i2.hdslb.com/bfs/archive/f1cc610ccfd66fd8c7d1b193b14c2d05caf06044.jpg,MC最刺激极限追杀！大神Dream VS 旺仔小乔！？,1754042431,488,454644137,xiaozheng562,https://i2.hdslb.com/bfs/face/6816a76774870b960618f987fcf97f7bdab5c4e5.jpg,139592,"美女,猎奇,沙盒游戏,唱歌,我的世界,旺仔小乔,超级搞笑,像素风,dream,极限追杀",549099,1358,635,12239,2353,2548,0,0,47198
BV1a8h8zAEE6,114958725552292,1,162,2057,绘画,绘画学习,http://i1.hdslb.com/bfs/archive/2307995bb772975a8cde56fc7b583adee595c547.jpg,【调调老师小课堂】色彩灰纯对比如何调整？,1754131151,300,4291657,i调调i,https://i1.hdslb.com/bfs/face/d68d7b8886847a78e06e67f08c32ed1bc7f4c070.jpg,475650,"绘画,板绘,板绘教程,绘画教程,画画教程,画画,改图,改画",204977,313,299,10167,2219,1065,0,0,41507
BV1rThtzgENW,114957869914338,1,95,2104,数码,自制发明/设备,http://i2.hdslb.com/bfs/archive/23dddd87915b565a13bf99e4e08b60ee7da2d7a8.jpg,自研麻将电磁炮,1754118554,93,483290174,一个工作台_,https://i2.hdslb.com/bfs/face/5a09ee515d5b436c6d51070f86968a73a2666617.jpg,808,"麻将,DIY,发明创造",1020725,1239,1378,3959,1251,1174,0,0,53187
BV18HhAz9EyH,114941176646252,1,219,2168,汪星人,狗,http://i0.hdslb.com/bfs/archive/06a24a0b1ea026880ad82827818e78267f9bf784.jpg,贵妇SPA,1754127900,185,390790215,是曼玉不是鳗鱼,https://i0.hdslb.com/bfs/face/fd6c977cd186e1e828090777fffd791b872db537.jpg,1549262,"柴犬,汪星人,spa,萌宠过暑假",475671,539,534,6396,1958,2508,0,0,43268
BV1z5t3zSEYu,114968942877818,1,172,2078,手机游戏,沙盒类,http://i0.hdslb.com/bfs/archive/6b60bbf5361cee49a281cff65e5b50fa75b8b3b5.jpg,我的世界跑酷，但是屏障2.0,1754287004,81,599674056,糖叶爱吃糖,https://i0.hdslb.com/bfs/face/01441c8e82a080811fd87a5113108feb1447bf84.jpg,14986,"我的世界,跑酷,沙盒游戏,我的世界跑酷,我的世界手机版",648224,1458,2360,3696,1970,443,0,0,37658
BV1ud81zqE4W,114948004910116,1,250,2158,出行,旅游记录,http://i2.hdslb.com/bfs/archive/712b71a2bfe24380e35dfc740f52ef95cf6a4301.jpg,我真没偷渡！船是自己漂过去的！,1754389800,729,1837252267,虎牙青年Plus,https://i1.hdslb.com/bfs/face/eb332010521dffc55e69f81a5ff5b9eba8870478.jpg,721301,"旅游,越南,环游中国,自驾游,瀑布,广西,边境,崇左,友谊关,旅行攻略UP主激励计划",252711,1322,424,2032,1949,426,0,0,9443
BV1HDh8zUEcT,114958423563750,1,21,2154,日常,剧情演绎,http://i0.hdslb.com/bfs/archive/8e6c0c82e7e590b60675a3f99783d0b09c338f4f.jpg,《我为你暖了一杯茶》,1754126780,110,46508980,俊鸿,https://i1.hdslb.com/bfs/face/e12c07c423ff4b9edc5577f2fb7032a9f55aef39.jpg,783782,"篮球教学,体育,篮球,野球场,必剪创作,这是我的篮球主场",845989,446,383,3356,1750,632,0,0,76556
